time,open,high,low,close,volume
2023-06-10 08:00:00+00:00,13.89,14.0,13.82,13.92,2557.4058
2023-06-10 10:00:00+00:00,13.92,14.0,13.83,14.0,1054.7232
2023-06-10 12:00:00+00:00,14.0,14.0,13.77,13.93,2353.9548
2023-06-10 14:00:00+00:00,13.92,13.99,13.74,13.99,1377.0418
2023-06-10 16:00:00+00:00,13.96,14.26,13.8,14.09,5569.7026
2023-06-10 18:00:00+00:00,14.09,14.09,13.86,14.01,1330.7459
2023-06-10 20:00:00+00:00,13.99,14.58,13.91,14.15,4627.1875
2023-06-10 22:00:00+00:00,14.19,14.29,14.15,14.25,615.3211
2023-06-11 00:00:00+00:00,14.24,14.3,14.16,14.27,605.9962
2023-06-11 02:00:00+00:00,14.27,14.36,14.21,14.26,140.4814
2023-06-11 04:00:00+00:00,14.26,14.38,14.15,14.38,694.9652
2023-06-11 06:00:00+00:00,14.37,14.4,14.29,14.29,133.6487
2023-06-11 08:00:00+00:00,14.3,14.55,14.03,14.06,4836.4462
2023-06-11 10:00:00+00:00,14.08,14.19,14.06,14.15,483.9047
2023-06-11 12:00:00+00:00,14.14,14.17,13.99,13.99,1373.2899
2023-06-11 14:00:00+00:00,13.99,14.04,13.9,13.93,955.1947
2023-06-11 16:00:00+00:00,13.91,14.14,13.91,14.11,226.3237
2023-06-11 18:00:00+00:00,14.1,14.21,14.09,14.19,278.8799
2023-06-11 20:00:00+00:00,14.2,14.23,14.07,14.07,389.0427
2023-06-11 22:00:00+00:00,14.1,14.12,13.9,13.99,432.75
2023-06-12 00:00:00+00:00,13.99,14.07,13.93,13.97,530.5587
2023-06-12 02:00:00+00:00,13.97,14.0,13.68,13.89,1851.4243
2023-06-12 04:00:00+00:00,13.86,13.93,13.82,13.82,342.9115
2023-06-12 06:00:00+00:00,13.86,13.93,13.76,13.76,748.2099
2023-06-12 08:00:00+00:00,13.74,13.95,13.72,13.91,1107.1271
2023-06-12 10:00:00+00:00,13.91,13.98,13.85,13.86,1941.4176
2023-06-12 12:00:00+00:00,13.89,14.14,13.87,13.93,1944.3511
2023-06-12 14:00:00+00:00,13.97,14.04,13.93,13.93,451.7254
2023-06-12 16:00:00+00:00,13.92,13.96,13.8,13.9,707.8225
2023-06-12 18:00:00+00:00,13.89,13.91,13.83,13.89,325.3826
2023-06-12 20:00:00+00:00,13.89,14.06,13.88,14.01,579.5196
2023-06-12 22:00:00+00:00,14.02,14.12,13.98,14.01,633.5143
2023-06-13 00:00:00+00:00,13.98,14.08,13.91,14.07,180.1638
2023-06-13 02:00:00+00:00,14.04,14.24,14.01,14.11,452.6597
2023-06-13 04:00:00+00:00,14.11,14.21,13.95,14.09,481.7024
2023-06-13 06:00:00+00:00,14.1,14.15,14.05,14.11,464.0793
2023-06-13 08:00:00+00:00,14.08,14.18,14.05,14.1,389.8105
2023-06-13 10:00:00+00:00,14.08,14.09,13.93,14.04,3029.0326
2023-06-13 12:00:00+00:00,14.05,14.2,13.84,13.95,5896.7814
2023-06-13 14:00:00+00:00,13.92,13.95,13.69,13.71,544.0992
2023-06-13 16:00:00+00:00,13.71,13.85,13.65,13.8,885.3318
2023-06-13 18:00:00+00:00,13.79,13.85,13.65,13.71,3069.0498
2023-06-13 20:00:00+00:00,13.71,13.78,13.69,13.75,1074.3716
2023-06-13 22:00:00+00:00,13.77,13.78,13.72,13.77,378.9857
2023-06-14 00:00:00+00:00,13.79,13.86,13.77,13.86,208.2082
2023-06-14 02:00:00+00:00,13.85,13.87,13.81,13.83,134.3921
2023-06-14 04:00:00+00:00,13.85,13.95,13.73,13.75,2630.9896
2023-06-14 06:00:00+00:00,13.74,13.85,13.68,13.79,4125.5153
2023-06-14 08:00:00+00:00,13.77,14.14,13.75,13.97,2777.6632
2023-06-14 10:00:00+00:00,13.97,13.98,13.74,13.8,2755.8557
2023-06-14 12:00:00+00:00,13.83,14.2,13.79,13.89,4396.5827
2023-06-14 14:00:00+00:00,13.94,14.06,13.82,13.82,2149.2777
2023-06-14 16:00:00+00:00,13.84,13.9,13.71,13.83,2395.9494
2023-06-14 18:00:00+00:00,13.83,14.0,13.46,13.77,2502.6585
2023-06-14 20:00:00+00:00,13.75,13.75,12.93,13.3,9352.7812
2023-06-14 22:00:00+00:00,13.25,13.38,13.12,13.23,677.8148
2023-06-15 00:00:00+00:00,13.22,13.32,13.19,13.21,413.6224
2023-06-15 02:00:00+00:00,13.21,13.31,13.18,13.28,540.8067
2023-06-15 04:00:00+00:00,13.27,13.36,13.16,13.19,1919.8257
2023-06-15 06:00:00+00:00,13.2,13.31,13.0,13.07,2696.4569
2023-06-15 08:00:00+00:00,13.1,13.19,12.9,12.98,2260.9298
2023-06-15 10:00:00+00:00,12.99,13.05,12.79,12.97,4296.9731
2023-06-15 12:00:00+00:00,12.98,13.02,12.83,12.99,1676.1827
2023-06-15 14:00:00+00:00,12.98,13.0,12.91,12.91,404.4842
2023-06-15 16:00:00+00:00,12.93,12.99,12.9,12.99,1066.736
2023-06-15 18:00:00+00:00,13.03,13.22,12.95,13.21,1228.0709
2023-06-15 20:00:00+00:00,13.21,13.32,13.13,13.23,1128.6843
2023-06-15 22:00:00+00:00,13.24,13.28,13.15,13.2,1050.9451
2023-06-16 00:00:00+00:00,13.19,13.22,13.13,13.21,371.8527
2023-06-16 02:00:00+00:00,13.2,13.29,13.2,13.25,335.9324
2023-06-16 04:00:00+00:00,13.25,13.27,13.17,13.22,410.8578
2023-06-16 06:00:00+00:00,13.23,13.25,13.21,13.23,198.8824
2023-06-16 08:00:00+00:00,13.21,13.68,13.2,13.31,2885.6438
2023-06-16 10:00:00+00:00,13.34,13.39,13.14,13.24,1693.8756
2023-06-16 12:00:00+00:00,13.24,13.43,13.24,13.3,700.1138
2023-06-16 14:00:00+00:00,13.3,13.58,13.15,13.49,1077.6155
2023-06-16 16:00:00+00:00,13.52,13.56,13.4,13.54,1254.8858
2023-06-16 18:00:00+00:00,13.53,13.6,13.46,13.54,2849.1163
2023-06-16 20:00:00+00:00,13.52,13.63,13.47,13.54,793.3891
2023-06-16 22:00:00+00:00,13.55,13.67,13.47,13.63,315.0929
2023-06-17 00:00:00+00:00,13.63,13.63,13.49,13.5,718.5672
2023-06-17 02:00:00+00:00,13.5,13.63,13.5,13.63,72.0338
2023-06-17 04:00:00+00:00,13.63,13.91,13.6,13.86,1341.0428
2023-06-17 06:00:00+00:00,13.88,14.03,13.83,13.88,2268.3604
2023-06-17 08:00:00+00:00,13.88,13.91,13.86,13.9,227.9217
2023-06-17 10:00:00+00:00,13.87,13.95,13.87,13.89,344.5724
2023-06-17 12:00:00+00:00,13.88,13.89,13.81,13.86,336.9257
2023-06-17 14:00:00+00:00,13.86,13.87,13.72,13.8,704.1043
2023-06-17 16:00:00+00:00,13.78,13.8,13.72,13.72,620.2746
2023-06-17 18:00:00+00:00,13.72,13.77,13.71,13.75,942.0206
2023-06-17 20:00:00+00:00,13.75,13.79,13.73,13.77,284.5298
2023-06-17 22:00:00+00:00,13.77,13.8,13.66,13.67,936.9408
2023-06-18 00:00:00+00:00,13.68,13.73,13.6,13.71,745.2697
2023-06-18 02:00:00+00:00,13.72,13.8,13.7,13.79,342.8128
2023-06-18 04:00:00+00:00,13.81,13.87,13.76,13.76,282.1035
2023-06-18 06:00:00+00:00,13.79,13.83,13.75,13.78,462.8326
2023-06-18 08:00:00+00:00,13.78,13.8,13.72,13.79,200.2448
2023-06-18 10:00:00+00:00,13.82,14.09,13.8,14.03,1799.9328
2023-06-18 12:00:00+00:00,14.03,14.23,14.0,14.1,5360.2427
2023-06-18 14:00:00+00:00,14.1,14.1,13.89,13.92,2539.6565
2023-06-18 16:00:00+00:00,13.93,13.97,13.86,13.92,564.8462
2023-06-18 18:00:00+00:00,13.91,14.28,13.9,14.04,2028.9518
2023-06-18 20:00:00+00:00,14.04,14.05,13.73,13.92,1379.367
2023-06-18 22:00:00+00:00,13.91,13.95,13.73,13.79,1125.1069
2023-06-19 00:00:00+00:00,13.78,13.96,13.75,13.95,648.5834
2023-06-19 02:00:00+00:00,13.96,14.0,13.8,13.8,442.9198
2023-06-19 04:00:00+00:00,13.81,13.87,13.75,13.84,960.9068
2023-06-19 06:00:00+00:00,13.84,13.91,13.81,13.84,1301.0877
2023-06-19 08:00:00+00:00,13.86,13.86,13.7,13.75,1298.247
2023-06-19 10:00:00+00:00,13.74,13.77,13.71,13.74,866.0812
2023-06-19 12:00:00+00:00,13.75,13.84,13.74,13.76,2105.9255
2023-06-19 14:00:00+00:00,13.75,13.78,13.6,13.7,2801.0431
2023-06-19 16:00:00+00:00,13.7,13.78,13.6,13.75,1011.7831
2023-06-19 18:00:00+00:00,13.75,13.92,13.63,13.76,1649.3385
2023-06-19 20:00:00+00:00,13.76,13.83,13.7,13.72,640.9479
2023-06-19 22:00:00+00:00,13.73,13.81,13.71,13.74,316.2362
2023-06-20 00:00:00+00:00,13.75,13.83,13.74,13.74,326.2107
2023-06-20 02:00:00+00:00,13.75,13.79,13.75,13.77,163.3352
2023-06-20 04:00:00+00:00,13.77,13.83,13.74,13.74,455.0117
2023-06-20 06:00:00+00:00,13.74,13.76,13.67,13.71,584.0872
2023-06-20 08:00:00+00:00,13.69,13.69,13.59,13.67,303.1958
2023-06-20 10:00:00+00:00,13.67,13.76,13.65,13.71,686.5484
2023-06-20 12:00:00+00:00,13.71,13.72,13.48,13.52,1678.681
2023-06-20 14:00:00+00:00,13.5,13.61,13.38,13.59,1599.1321
2023-06-20 16:00:00+00:00,13.59,13.85,13.57,13.81,915.2923
2023-06-20 18:00:00+00:00,13.83,14.0,13.78,13.99,2033.4135
2023-06-20 20:00:00+00:00,13.99,14.07,13.94,13.95,1466.1304
2023-06-20 22:00:00+00:00,13.93,14.02,13.93,14.01,263.9766
2023-06-21 00:00:00+00:00,14.01,14.27,14.0,14.17,1864.9734
2023-06-21 02:00:00+00:00,14.17,14.18,14.14,14.18,349.3924
2023-06-21 04:00:00+00:00,14.17,14.25,14.08,14.25,850.8972
2023-06-21 06:00:00+00:00,14.25,14.26,14.17,14.22,1443.4523
2023-06-21 08:00:00+00:00,14.21,14.23,14.1,14.21,1613.919
2023-06-21 10:00:00+00:00,14.22,14.24,14.06,14.18,1293.6037
2023-06-21 12:00:00+00:00,14.18,14.24,14.05,14.18,1083.1968
2023-06-21 14:00:00+00:00,14.16,14.33,14.1,14.25,1880.4158
2023-06-21 16:00:00+00:00,14.23,14.6,14.22,14.33,7929.0019
2023-06-21 18:00:00+00:00,14.37,14.53,14.31,14.41,1646.742
2023-06-21 20:00:00+00:00,14.41,14.46,14.29,14.36,977.3104
2023-06-21 22:00:00+00:00,14.36,14.48,14.36,14.43,388.8573
2023-06-22 00:00:00+00:00,14.42,14.73,14.39,14.72,1324.5172
2023-06-22 02:00:00+00:00,14.72,14.75,14.66,14.69,1342.7925
2023-06-22 04:00:00+00:00,14.7,14.77,14.65,14.65,1558.3344
2023-06-22 06:00:00+00:00,14.65,14.82,14.52,14.72,906.9067
2023-06-22 08:00:00+00:00,14.69,14.75,14.63,14.7,529.3029
2023-06-22 10:00:00+00:00,14.71,14.74,14.23,14.31,2447.5307
2023-06-22 12:00:00+00:00,14.31,14.64,14.31,14.45,1575.2505
2023-06-22 14:00:00+00:00,14.44,14.57,14.26,14.33,2409.4491
2023-06-22 16:00:00+00:00,14.34,14.56,14.34,14.49,552.4291
2023-06-22 18:00:00+00:00,14.5,14.61,14.35,14.45,1595.0424
2023-06-22 20:00:00+00:00,14.45,14.6,14.41,14.47,929.1212
2023-06-22 22:00:00+00:00,14.47,14.5,14.31,14.31,802.8957
2023-06-23 00:00:00+00:00,14.33,14.44,14.31,14.35,659.8155
2023-06-23 02:00:00+00:00,14.35,14.41,14.27,14.39,644.4538
2023-06-23 04:00:00+00:00,14.39,14.49,14.37,14.48,790.8204
2023-06-23 06:00:00+00:00,14.49,14.56,14.39,14.46,1096.1906
2023-06-23 08:00:00+00:00,14.46,14.48,14.36,14.42,489.1155
2023-06-23 10:00:00+00:00,14.45,14.51,14.32,14.5,518.0386
2023-06-23 12:00:00+00:00,14.48,14.53,14.27,14.35,1236.1253
2023-06-23 14:00:00+00:00,14.34,14.78,14.31,14.73,1693.1554
2023-06-23 16:00:00+00:00,14.74,14.87,14.62,14.77,2197.8846
2023-06-23 18:00:00+00:00,14.8,14.87,14.62,14.73,1264.8042
2023-06-23 20:00:00+00:00,14.73,14.8,14.58,14.64,1025.5806
2023-06-23 22:00:00+00:00,14.64,14.75,14.57,14.72,695.3305
2023-06-24 00:00:00+00:00,14.7,14.88,14.58,14.72,1239.4168
2023-06-24 02:00:00+00:00,14.72,14.86,14.72,14.78,435.9081
2023-06-24 04:00:00+00:00,14.79,14.84,14.76,14.77,344.9789
2023-06-24 06:00:00+00:00,14.8,14.95,14.69,14.72,1760.017
2023-06-24 08:00:00+00:00,14.72,14.88,14.71,14.75,1870.7006
2023-06-24 10:00:00+00:00,14.76,14.81,14.74,14.79,441.3689
2023-06-24 12:00:00+00:00,14.81,14.87,14.74,14.74,432.7775
2023-06-24 14:00:00+00:00,14.77,14.84,14.54,14.7,1666.8544
2023-06-24 16:00:00+00:00,14.7,14.92,14.6,14.67,2367.7321
2023-06-24 18:00:00+00:00,14.66,15.12,14.63,14.71,3198.7112
2023-06-24 20:00:00+00:00,14.7,14.88,14.41,14.59,1921.2187
2023-06-24 22:00:00+00:00,14.62,14.76,14.61,14.71,234.42
2023-06-25 00:00:00+00:00,14.74,14.84,14.71,14.8,1097.9094
2023-06-25 02:00:00+00:00,14.83,15.1,14.83,15.09,1797.0515
2023-06-25 04:00:00+00:00,15.09,15.51,15.07,15.23,3489.8051
2023-06-25 06:00:00+00:00,15.26,15.4,15.21,15.33,1207.0819
2023-06-25 08:00:00+00:00,15.34,15.47,15.33,15.36,1675.9961
2023-06-25 10:00:00+00:00,15.36,15.68,15.19,15.51,5905.7382
2023-06-25 12:00:00+00:00,15.52,15.8,15.39,15.6,5408.32
2023-06-25 14:00:00+00:00,15.6,15.84,15.19,15.48,8013.9334
2023-06-25 16:00:00+00:00,15.49,15.6,15.34,15.57,1035.3721
2023-06-25 18:00:00+00:00,15.55,15.65,15.37,15.52,844.2937
2023-06-25 20:00:00+00:00,15.53,15.81,15.41,15.62,3307.0445
2023-06-25 22:00:00+00:00,15.64,15.77,15.5,15.54,2763.0961
2023-06-26 00:00:00+00:00,15.55,15.58,15.3,15.33,1559.724
2023-06-26 02:00:00+00:00,15.36,15.44,15.28,15.37,884.3797
2023-06-26 04:00:00+00:00,15.38,16.21,15.29,15.7,16102.0664
2023-06-26 06:00:00+00:00,15.73,15.73,15.22,15.36,4908.69
2023-06-26 08:00:00+00:00,15.36,15.44,15.15,15.32,2949.5383
2023-06-26 10:00:00+00:00,15.31,15.33,15.13,15.26,3898.6753
2023-06-26 12:00:00+00:00,15.26,15.75,15.26,15.74,2738.1175
2023-06-26 14:00:00+00:00,15.73,15.78,15.49,15.58,1599.9302
2023-06-26 16:00:00+00:00,15.56,15.62,15.04,15.22,3575.1995
2023-06-26 18:00:00+00:00,15.23,15.34,15.2,15.34,380.4765
2023-06-26 20:00:00+00:00,15.32,15.37,15.11,15.13,853.6084
2023-06-26 22:00:00+00:00,15.13,15.37,15.1,15.22,681.1602
2023-06-27 00:00:00+00:00,15.23,15.41,15.18,15.35,734.4435
2023-06-27 02:00:00+00:00,15.35,15.49,15.33,15.49,341.5398
2023-06-27 04:00:00+00:00,15.46,15.46,15.3,15.3,284.8128
2023-06-27 06:00:00+00:00,15.31,15.5,15.18,15.27,1930.7178
2023-06-27 08:00:00+00:00,15.27,15.31,15.11,15.17,957.5591
2023-06-27 10:00:00+00:00,15.17,15.3,15.16,15.24,1521.5831
2023-06-27 12:00:00+00:00,15.25,15.29,15.12,15.19,1629.6504
2023-06-27 14:00:00+00:00,15.2,15.29,15.02,15.02,1861.4763
2023-06-27 16:00:00+00:00,15.02,15.29,15.02,15.24,1650.9772
2023-06-27 18:00:00+00:00,15.24,15.29,15.13,15.14,692.1611
2023-06-27 20:00:00+00:00,15.13,15.16,15.08,15.11,320.783
2023-06-27 22:00:00+00:00,15.15,15.15,15.05,15.11,200.0955
2023-06-28 00:00:00+00:00,15.09,15.09,14.58,14.8,6484.1635
2023-06-28 02:00:00+00:00,14.82,14.83,14.72,14.77,393.22
2023-06-28 04:00:00+00:00,14.77,14.82,14.67,14.72,544.9327
2023-06-28 06:00:00+00:00,14.7,14.7,14.34,14.42,1206.6854
2023-06-28 08:00:00+00:00,14.41,14.53,14.33,14.49,2572.3193
2023-06-28 10:00:00+00:00,14.5,14.59,14.46,14.5,1780.5553
2023-06-28 12:00:00+00:00,14.5,14.5,14.2,14.31,2726.0425
2023-06-28 14:00:00+00:00,14.33,14.45,14.32,14.43,687.2268
2023-06-28 16:00:00+00:00,14.43,14.43,14.16,14.2,1531.1693
2023-06-28 18:00:00+00:00,14.2,14.29,13.86,14.03,2872.5913
2023-06-28 20:00:00+00:00,14.03,14.29,14.0,14.09,1511.976
2023-06-28 22:00:00+00:00,14.07,14.14,14.04,14.06,413.7083
2023-06-29 00:00:00+00:00,14.07,14.13,14.04,14.08,515.2549
2023-06-29 02:00:00+00:00,14.06,14.12,14.06,14.07,409.6273
2023-06-29 04:00:00+00:00,14.09,14.14,14.06,14.06,334.32
2023-06-29 06:00:00+00:00,14.07,14.11,14.03,14.1,3969.4827
2023-06-29 08:00:00+00:00,14.07,14.27,14.0,14.11,1667.3612
2023-06-29 10:00:00+00:00,14.09,14.37,14.04,14.15,3663.423
2023-06-29 12:00:00+00:00,14.15,14.29,14.1,14.22,2793.6362
2023-06-29 14:00:00+00:00,14.22,14.27,13.99,14.02,1810.8493
2023-06-29 16:00:00+00:00,14.04,14.12,13.96,14.0,727.6445
2023-06-29 18:00:00+00:00,13.99,14.24,13.99,14.19,3386.4198
2023-06-29 20:00:00+00:00,14.2,14.26,14.0,14.12,840.9336
2023-06-29 22:00:00+00:00,14.1,14.14,14.05,14.07,314.0958
2023-06-30 00:00:00+00:00,14.07,14.15,13.86,13.95,1477.0467
2023-06-30 02:00:00+00:00,13.93,14.32,13.93,14.28,1385.9276
2023-06-30 04:00:00+00:00,14.29,14.45,14.24,14.27,1713.9317
2023-06-30 06:00:00+00:00,14.32,14.34,14.22,14.33,938.9959
2023-06-30 08:00:00+00:00,14.31,14.43,14.29,14.33,947.1199
2023-06-30 10:00:00+00:00,14.33,14.55,14.33,14.48,2928.1309
2023-06-30 12:00:00+00:00,14.48,14.51,13.75,13.92,9228.1601
2023-06-30 14:00:00+00:00,13.92,14.06,13.67,13.88,6511.7659
2023-06-30 16:00:00+00:00,13.89,14.47,13.81,14.37,4009.0187
2023-06-30 18:00:00+00:00,14.42,14.46,14.21,14.24,1264.5307
2023-06-30 20:00:00+00:00,14.23,14.32,14.14,14.32,1018.6873
2023-06-30 22:00:00+00:00,14.3,14.37,14.27,14.33,465.0566
2023-07-01 00:00:00+00:00,14.33,14.38,14.17,14.34,986.5112
2023-07-01 02:00:00+00:00,14.34,14.35,14.13,14.21,631.668
2023-07-01 04:00:00+00:00,14.15,14.2,14.03,14.11,2140.2063
2023-07-01 06:00:00+00:00,14.13,14.27,14.13,14.27,868.445
2023-07-01 08:00:00+00:00,14.22,14.32,14.11,14.16,1225.8904
2023-07-01 10:00:00+00:00,14.17,14.23,14.11,14.23,459.6198
2023-07-01 12:00:00+00:00,14.21,14.34,14.2,14.27,664.6414
2023-07-01 14:00:00+00:00,14.28,14.34,14.22,14.27,1217.6973
2023-07-01 16:00:00+00:00,14.25,14.32,14.2,14.25,1399.7112
2023-07-01 18:00:00+00:00,14.25,14.31,14.24,14.29,597.3225
2023-07-01 20:00:00+00:00,14.29,14.31,14.26,14.28,394.0598
2023-07-01 22:00:00+00:00,14.29,14.34,14.26,14.31,918.7878
2023-07-02 00:00:00+00:00,14.31,14.34,14.16,14.17,914.6287
2023-07-02 02:00:00+00:00,14.16,14.32,14.04,14.06,2831.0017
2023-07-02 04:00:00+00:00,14.09,14.22,14.05,14.15,745.1362
2023-07-02 06:00:00+00:00,14.12,14.16,14.1,14.14,325.3857
2023-07-02 08:00:00+00:00,14.14,14.3,14.09,14.15,930.1288
2023-07-02 10:00:00+00:00,14.15,14.27,14.13,14.26,375.5156
2023-07-02 12:00:00+00:00,14.26,14.32,14.15,14.18,747.6861
2023-07-02 14:00:00+00:00,14.18,14.44,14.14,14.32,1690.7085
2023-07-02 16:00:00+00:00,14.3,14.45,14.21,14.21,1169.8673
2023-07-02 18:00:00+00:00,14.21,14.37,14.2,14.32,1543.879
2023-07-02 20:00:00+00:00,14.33,14.33,14.21,14.3,465.695
2023-07-02 22:00:00+00:00,14.34,14.5,14.3,14.42,1266.6886
2023-07-03 00:00:00+00:00,14.38,14.5,14.37,14.48,1457.0191
2023-07-03 02:00:00+00:00,14.48,14.64,14.46,14.6,1501.9526
2023-07-03 04:00:00+00:00,14.59,14.64,14.58,14.6,2286.9595
2023-07-03 06:00:00+00:00,14.61,14.64,14.56,14.59,2193.51
2023-07-03 08:00:00+00:00,14.59,14.7,14.56,14.58,1919.5029
2023-07-03 10:00:00+00:00,14.57,14.65,14.56,14.61,439.4728
2023-07-03 12:00:00+00:00,14.6,14.85,14.5,14.74,3317.0702
2023-07-03 14:00:00+00:00,14.76,14.97,14.69,14.77,4307.9636
2023-07-03 16:00:00+00:00,14.77,14.95,14.67,14.8,1489.9135
2023-07-03 18:00:00+00:00,14.81,15.0,14.7,14.82,2832.5001
2023-07-03 20:00:00+00:00,14.84,14.84,14.7,14.73,566.6414
2023-07-03 22:00:00+00:00,14.75,14.87,14.74,14.87,551.3952
2023-07-04 00:00:00+00:00,14.87,14.88,14.72,14.73,748.0394
2023-07-04 02:00:00+00:00,14.75,14.85,14.69,14.84,912.5605
2023-07-04 04:00:00+00:00,14.83,14.86,14.67,14.79,1130.3309
2023-07-04 06:00:00+00:00,14.77,14.82,14.71,14.74,736.8613
2023-07-04 08:00:00+00:00,14.73,14.9,14.71,14.83,1113.362
2023-07-04 10:00:00+00:00,14.86,15.52,14.77,15.12,6922.4895
2023-07-04 12:00:00+00:00,15.16,19.66,15.16,18.06,367592.5102
2023-07-04 14:00:00+00:00,18.06,18.75,17.32,17.9,83208.4755
2023-07-04 16:00:00+00:00,17.9,17.94,16.58,16.78,59607.5805
2023-07-04 18:00:00+00:00,16.78,18.0,16.65,16.89,30775.4712
2023-07-04 20:00:00+00:00,16.87,16.95,16.24,16.53,17793.3408
2023-07-04 22:00:00+00:00,16.55,16.56,16.19,16.28,7260.3514
2023-07-05 00:00:00+00:00,16.26,17.18,16.26,16.37,15660.9317
2023-07-05 02:00:00+00:00,16.37,17.62,16.17,17.14,17426.9168
2023-07-05 04:00:00+00:00,17.14,17.33,16.42,16.57,14963.5135
2023-07-05 06:00:00+00:00,16.57,16.67,16.17,16.57,9311.3743
2023-07-05 08:00:00+00:00,16.55,16.98,16.21,16.31,10872.0232
2023-07-05 10:00:00+00:00,16.3,16.95,16.03,16.54,16115.7907
2023-07-05 12:00:00+00:00,16.53,16.57,16.06,16.08,8674.0433
2023-07-05 14:00:00+00:00,16.08,16.12,15.62,15.76,10593.7952
2023-07-05 16:00:00+00:00,15.75,15.98,15.53,15.64,8158.5343
2023-07-05 18:00:00+00:00,15.65,15.81,15.59,15.63,2933.7983
2023-07-05 20:00:00+00:00,15.63,15.77,15.61,15.7,1784.9547
2023-07-05 22:00:00+00:00,15.7,15.8,15.6,15.73,2462.7515
2023-07-06 00:00:00+00:00,15.71,15.73,15.5,15.63,2130.701
2023-07-06 02:00:00+00:00,15.62,15.72,15.53,15.59,1322.8389
2023-07-06 04:00:00+00:00,15.59,15.68,15.48,15.67,1542.2883
2023-07-06 06:00:00+00:00,15.65,15.81,15.62,15.74,2224.5873
2023-07-06 08:00:00+00:00,15.74,16.05,15.68,15.77,5266.5823
2023-07-06 10:00:00+00:00,15.77,15.9,15.55,15.57,2504.7005
2023-07-06 12:00:00+00:00,15.58,15.61,15.32,15.33,2298.0038
2023-07-06 14:00:00+00:00,15.33,15.37,14.89,15.3,5412.8866
2023-07-06 16:00:00+00:00,15.32,15.52,15.17,15.29,1136.7167
2023-07-06 18:00:00+00:00,15.31,15.41,15.21,15.21,1266.7785
2023-07-06 20:00:00+00:00,15.21,15.25,14.96,15.01,2307.1045
2023-07-06 22:00:00+00:00,15.01,15.05,14.51,14.53,3498.5745
2023-07-07 00:00:00+00:00,14.53,14.65,14.38,14.62,3630.1549
2023-07-07 02:00:00+00:00,14.63,14.69,14.5,14.65,1641.1727
2023-07-07 04:00:00+00:00,14.66,15.03,14.54,14.58,4103.2289
2023-07-07 06:00:00+00:00,14.57,14.64,14.39,14.41,2862.7572
2023-07-07 08:00:00+00:00,14.41,14.45,14.16,14.4,6364.3391
2023-07-07 10:00:00+00:00,14.4,14.52,14.32,14.41,2164.6448
2023-07-07 12:00:00+00:00,14.44,14.61,14.34,14.52,1883.9739
2023-07-07 14:00:00+00:00,14.52,14.54,14.4,14.46,1343.0228
2023-07-07 16:00:00+00:00,14.46,14.53,14.4,14.46,1667.4143
2023-07-07 18:00:00+00:00,14.47,14.5,14.4,14.48,597.6851
2023-07-07 20:00:00+00:00,14.46,14.55,14.44,14.49,460.3903
2023-07-07 22:00:00+00:00,14.49,14.54,14.34,14.37,1704.2343
2023-07-08 00:00:00+00:00,14.36,14.51,14.33,14.49,513.699
2023-07-08 02:00:00+00:00,14.49,14.5,14.38,14.38,869.6805
2023-07-08 04:00:00+00:00,14.38,14.39,14.31,14.37,523.5607
2023-07-08 06:00:00+00:00,14.39,14.8,14.35,14.66,4586.5809
2023-07-08 08:00:00+00:00,14.65,14.98,14.56,14.95,4375.5795
2023-07-08 10:00:00+00:00,14.94,14.97,14.68,14.75,2755.0612
2023-07-08 12:00:00+00:00,14.73,15.07,14.7,14.82,2531.3581
2023-07-08 14:00:00+00:00,14.8,15.36,14.71,14.99,6256.8775
2023-07-08 16:00:00+00:00,15.0,15.05,14.84,14.93,1565.2403
2023-07-08 18:00:00+00:00,14.91,14.95,14.59,14.59,3530.8268
2023-07-08 20:00:00+00:00,14.61,14.66,14.55,14.66,1032.7206
2023-07-08 22:00:00+00:00,14.66,14.97,14.66,14.81,774.9394
2023-07-09 00:00:00+00:00,14.8,14.95,14.76,14.91,720.0778
2023-07-09 02:00:00+00:00,14.94,14.98,14.69,14.76,2324.8989
2023-07-09 04:00:00+00:00,14.73,14.75,14.66,14.7,669.807
2023-07-09 06:00:00+00:00,14.71,14.81,14.62,14.77,1164.7458
2023-07-09 08:00:00+00:00,14.76,15.25,14.75,14.9,2901.9206
2023-07-09 10:00:00+00:00,14.91,14.95,14.81,14.84,1139.308
2023-07-09 12:00:00+00:00,14.82,15.12,14.81,14.83,2292.2138
2023-07-09 14:00:00+00:00,14.83,15.16,14.74,15.02,3481.2489
2023-07-09 16:00:00+00:00,15.0,15.1,14.8,14.89,1640.6489
2023-07-09 18:00:00+00:00,14.9,15.08,14.87,14.93,1157.6054
2023-07-09 20:00:00+00:00,14.92,14.94,14.81,14.9,905.0009
2023-07-09 22:00:00+00:00,14.88,14.89,14.7,14.7,1410.3058
2023-07-10 00:00:00+00:00,14.7,14.71,14.37,14.44,3295.8304
2023-07-10 02:00:00+00:00,14.43,14.65,14.36,14.5,1738.7061
2023-07-10 04:00:00+00:00,14.5,14.56,14.4,14.42,1756.8204
2023-07-10 06:00:00+00:00,14.41,14.49,14.35,14.39,1365.9059
2023-07-10 08:00:00+00:00,14.39,14.45,14.3,14.39,1716.7615
2023-07-10 10:00:00+00:00,14.39,14.41,14.32,14.37,1418.0095
2023-07-10 12:00:00+00:00,14.38,15.0,14.37,14.64,5903.3271
2023-07-10 14:00:00+00:00,14.68,15.46,14.63,15.13,13699.9909
2023-07-10 16:00:00+00:00,15.13,15.31,15.1,15.17,4220.361
2023-07-10 18:00:00+00:00,15.18,15.26,14.9,15.25,4174.7514
2023-07-10 20:00:00+00:00,15.25,15.3,14.91,15.0,3891.008
2023-07-10 22:00:00+00:00,14.96,14.97,14.73,14.77,4953.8433
2023-07-11 00:00:00+00:00,14.82,14.82,14.61,14.8,2672.7645
2023-07-11 02:00:00+00:00,14.79,14.85,14.78,14.85,357.7426
2023-07-11 04:00:00+00:00,14.84,14.96,14.83,14.84,1449.4706
2023-07-11 06:00:00+00:00,14.88,14.93,14.79,14.89,2266.2077
2023-07-11 08:00:00+00:00,14.89,14.95,14.75,14.77,2196.0342
2023-07-11 10:00:00+00:00,14.76,14.76,14.59,14.65,2739.7479
2023-07-11 12:00:00+00:00,14.64,14.74,14.57,14.59,3836.8009
2023-07-11 14:00:00+00:00,14.59,14.65,14.4,14.5,4882.8799
2023-07-11 16:00:00+00:00,14.5,14.61,14.36,14.51,2186.4567
2023-07-11 18:00:00+00:00,14.48,14.52,14.24,14.41,3658.4874
2023-07-11 20:00:00+00:00,14.43,14.52,14.4,14.48,2705.5561
2023-07-11 22:00:00+00:00,14.49,14.55,14.45,14.54,515.2298
2023-07-12 00:00:00+00:00,14.55,14.61,14.54,14.58,706.6197
2023-07-12 02:00:00+00:00,14.58,14.63,14.51,14.52,506.5344
2023-07-12 04:00:00+00:00,14.51,14.52,14.45,14.47,685.9423
2023-07-12 06:00:00+00:00,14.47,14.51,14.28,14.44,3358.5294
2023-07-12 08:00:00+00:00,14.45,14.53,14.4,14.46,1364.6343
2023-07-12 10:00:00+00:00,14.45,14.46,14.28,14.36,1785.7887
2023-07-12 12:00:00+00:00,14.36,14.48,14.25,14.47,3032.3879
2023-07-12 14:00:00+00:00,14.46,14.57,14.31,14.36,1871.6075
2023-07-12 16:00:00+00:00,14.34,14.39,14.24,14.35,1065.2663
2023-07-12 18:00:00+00:00,14.33,14.6,14.14,14.2,3836.122
2023-07-12 20:00:00+00:00,14.19,14.36,14.13,14.23,2204.2348
2023-07-12 22:00:00+00:00,14.25,14.3,14.2,14.28,748.9939
2023-07-13 00:00:00+00:00,14.3,14.31,14.11,14.24,796.7618
2023-07-13 02:00:00+00:00,14.23,14.28,14.19,14.19,567.7172
2023-07-13 04:00:00+00:00,14.21,14.29,14.17,14.24,484.9956
2023-07-13 06:00:00+00:00,14.25,14.48,14.21,14.34,3033.7775
2023-07-13 08:00:00+00:00,14.33,14.5,14.27,14.46,874.4501
2023-07-13 10:00:00+00:00,14.46,14.5,14.42,14.45,646.3576
2023-07-13 12:00:00+00:00,14.47,14.6,14.4,14.5,1693.001
2023-07-13 14:00:00+00:00,14.5,14.84,14.41,14.62,2868.6496
2023-07-13 16:00:00+00:00,14.64,15.01,14.64,15.0,3808.7008
2023-07-13 18:00:00+00:00,14.99,15.19,14.89,15.08,4883.5431
2023-07-13 20:00:00+00:00,15.08,15.21,14.83,15.15,3832.2401
2023-07-13 22:00:00+00:00,15.15,15.16,15.02,15.11,2696.7436
2023-07-14 00:00:00+00:00,15.13,15.19,15.05,15.1,2331.9105
2023-07-14 02:00:00+00:00,15.14,15.2,15.05,15.07,1400.7432
2023-07-14 04:00:00+00:00,15.05,15.11,15.02,15.11,790.2616
2023-07-14 06:00:00+00:00,15.12,15.12,14.9,14.92,854.9773
2023-07-14 08:00:00+00:00,14.9,15.02,14.9,15.0,2407.3058
2023-07-14 10:00:00+00:00,14.99,15.03,14.94,15.03,796.3591
2023-07-14 12:00:00+00:00,15.03,15.1,14.95,15.08,967.1
2023-07-14 14:00:00+00:00,15.07,15.26,15.04,15.15,2019.8153
2023-07-14 16:00:00+00:00,15.16,15.41,14.85,14.88,3812.134
2023-07-14 18:00:00+00:00,14.85,14.88,14.39,14.52,3920.5793
2023-07-14 20:00:00+00:00,14.48,14.52,14.3,14.5,4271.6116
2023-07-14 22:00:00+00:00,14.5,14.6,14.4,14.59,1468.2757
2023-07-15 00:00:00+00:00,14.62,14.62,14.49,14.51,630.3151
2023-07-15 02:00:00+00:00,14.5,14.54,14.35,14.39,2241.956
2023-07-15 04:00:00+00:00,14.4,14.44,14.37,14.43,311.9734
2023-07-15 06:00:00+00:00,14.43,14.73,14.43,14.66,1444.5928
2023-07-15 08:00:00+00:00,14.66,14.78,14.6,14.76,1095.8868
2023-07-15 10:00:00+00:00,14.77,14.79,14.65,14.7,1403.7156
2023-07-15 12:00:00+00:00,14.7,14.83,14.6,14.8,2162.8191
2023-07-15 14:00:00+00:00,14.76,14.82,14.63,14.68,958.7178
2023-07-15 16:00:00+00:00,14.68,14.78,14.58,14.58,1581.0375
2023-07-15 18:00:00+00:00,14.59,14.78,14.58,14.69,1042.824
2023-07-15 20:00:00+00:00,14.67,14.7,14.58,14.66,884.0153
2023-07-15 22:00:00+00:00,14.62,14.65,14.58,14.63,94.3092
2023-07-16 00:00:00+00:00,14.66,14.77,14.63,14.68,539.644
2023-07-16 02:00:00+00:00,14.68,14.68,14.54,14.62,432.3116
2023-07-16 04:00:00+00:00,14.64,14.73,14.6,14.66,377.4761
2023-07-16 06:00:00+00:00,14.66,14.77,14.59,14.62,1204.9275
2023-07-16 08:00:00+00:00,14.6,14.89,14.58,14.79,2368.3179
2023-07-16 10:00:00+00:00,14.78,14.83,14.66,14.69,3996.1211
2023-07-16 12:00:00+00:00,14.68,14.94,14.21,14.45,14231.6278
2023-07-16 14:00:00+00:00,14.45,14.53,14.42,14.44,1887.7538
2023-07-16 16:00:00+00:00,14.43,14.48,14.35,14.46,1160.3542
2023-07-16 18:00:00+00:00,14.46,14.46,14.23,14.29,3199.2761
2023-07-16 20:00:00+00:00,14.29,14.31,14.21,14.21,1269.3915
2023-07-16 22:00:00+00:00,14.23,14.32,14.13,14.2,1887.2249
2023-07-17 00:00:00+00:00,14.18,14.3,14.06,14.2,1546.3806
2023-07-17 02:00:00+00:00,14.21,14.45,14.21,14.29,1323.0153
2023-07-17 04:00:00+00:00,14.28,14.52,14.28,14.33,1263.2718
2023-07-17 06:00:00+00:00,14.32,14.38,14.23,14.32,1505.2242
2023-07-17 08:00:00+00:00,14.31,14.59,14.16,14.18,2211.4494
2023-07-17 10:00:00+00:00,14.17,14.33,14.01,14.23,1235.8008
2023-07-17 12:00:00+00:00,14.21,14.42,14.13,14.4,2321.6435
2023-07-17 14:00:00+00:00,14.41,14.47,14.22,14.28,527.955
2023-07-17 16:00:00+00:00,14.28,14.34,14.07,14.2,943.1656
2023-07-17 18:00:00+00:00,14.17,14.24,14.01,14.19,1259.2116
2023-07-17 20:00:00+00:00,14.17,14.24,14.02,14.23,1142.1356
2023-07-17 22:00:00+00:00,14.23,14.27,14.21,14.24,363.6969
2023-07-18 00:00:00+00:00,14.25,14.38,14.22,14.28,597.323
2023-07-18 02:00:00+00:00,14.23,14.36,14.16,14.18,531.3008
2023-07-18 04:00:00+00:00,14.18,14.2,14.07,14.1,510.7989
2023-07-18 06:00:00+00:00,14.11,14.12,13.91,14.04,2078.426
2023-07-18 08:00:00+00:00,14.04,14.26,13.87,14.12,1215.0151
2023-07-18 10:00:00+00:00,14.1,14.25,14.03,14.06,388.7166
2023-07-18 12:00:00+00:00,14.04,14.07,13.86,13.93,1192.2254
2023-07-18 14:00:00+00:00,13.96,14.05,13.93,14.0,847.7198
2023-07-18 16:00:00+00:00,14.0,14.07,13.81,13.88,1187.0087
2023-07-18 18:00:00+00:00,13.9,14.13,13.9,14.03,1302.7611
2023-07-18 20:00:00+00:00,14.04,14.11,14.01,14.06,395.1092
2023-07-18 22:00:00+00:00,14.09,14.15,14.02,14.06,718.2401
2023-07-19 00:00:00+00:00,14.06,14.17,14.01,14.13,371.2678
2023-07-19 02:00:00+00:00,14.13,14.2,14.06,14.12,454.7147
2023-07-19 04:00:00+00:00,14.14,14.31,14.13,14.23,1695.1825
2023-07-19 06:00:00+00:00,14.23,14.25,14.09,14.12,469.7377
2023-07-19 08:00:00+00:00,14.09,14.13,13.97,14.09,870.2408
2023-07-19 10:00:00+00:00,14.08,14.24,14.08,14.2,542.5038
2023-07-19 12:00:00+00:00,14.2,14.29,14.09,14.21,390.7694
2023-07-19 14:00:00+00:00,14.22,14.23,14.02,14.06,469.526
2023-07-19 16:00:00+00:00,14.06,14.17,14.01,14.13,392.7433
2023-07-19 18:00:00+00:00,14.14,14.17,14.11,14.13,293.4279
2023-07-19 20:00:00+00:00,14.13,14.22,13.99,14.09,596.3709
2023-07-19 22:00:00+00:00,14.09,14.22,13.94,14.03,2909.985
2023-07-20 00:00:00+00:00,14.02,14.07,13.98,14.01,287.5022
2023-07-20 02:00:00+00:00,14.0,14.07,13.95,13.98,525.694
2023-07-20 04:00:00+00:00,13.95,14.06,13.92,14.06,234.0614
2023-07-20 06:00:00+00:00,14.06,14.14,14.02,14.12,835.5038
2023-07-20 08:00:00+00:00,14.1,14.26,14.08,14.19,1715.715
2023-07-20 10:00:00+00:00,14.21,14.35,14.19,14.27,2030.8647
2023-07-20 12:00:00+00:00,14.28,14.37,14.19,14.35,1138.4381
2023-07-20 14:00:00+00:00,14.36,14.39,13.9,14.03,3282.7225
2023-07-20 16:00:00+00:00,14.04,14.1,14.0,14.04,392.4115
2023-07-20 18:00:00+00:00,14.03,14.23,13.99,14.15,440.9537
2023-07-20 20:00:00+00:00,14.15,14.25,14.05,14.24,1130.175
2023-07-20 22:00:00+00:00,14.22,14.22,14.08,14.11,517.9319
2023-07-21 00:00:00+00:00,14.13,14.2,14.07,14.2,288.3355
2023-07-21 02:00:00+00:00,14.19,14.45,14.19,14.24,1635.5977
2023-07-21 04:00:00+00:00,14.24,14.28,14.17,14.2,320.1844
2023-07-21 06:00:00+00:00,14.19,14.29,14.16,14.17,540.222
2023-07-21 08:00:00+00:00,14.19,14.23,14.05,14.06,495.818
2023-07-21 10:00:00+00:00,14.06,14.24,14.06,14.11,1551.097
2023-07-21 12:00:00+00:00,14.14,14.25,14.13,14.16,200.9175
2023-07-21 14:00:00+00:00,14.17,14.29,14.17,14.23,287.4044
2023-07-21 16:00:00+00:00,14.21,14.36,14.15,14.33,792.7973
2023-07-21 18:00:00+00:00,14.33,14.45,14.21,14.27,1182.9404
2023-07-21 20:00:00+00:00,14.26,14.43,14.25,14.34,1131.4801
2023-07-21 22:00:00+00:00,14.34,14.49,14.22,14.28,823.9324
2023-07-22 00:00:00+00:00,14.27,14.39,14.24,14.32,1762.9629
2023-07-22 02:00:00+00:00,14.3,14.43,14.21,14.37,2043.7726
2023-07-22 04:00:00+00:00,14.38,14.45,14.3,14.34,740.7006
2023-07-22 06:00:00+00:00,14.33,14.35,14.26,14.33,599.5703
2023-07-22 08:00:00+00:00,14.29,14.35,14.22,14.22,787.2976
2023-07-22 10:00:00+00:00,14.22,14.3,14.11,14.2,843.5962
2023-07-22 12:00:00+00:00,14.17,14.22,14.12,14.17,598.9848
2023-07-22 14:00:00+00:00,14.18,14.53,14.07,14.11,6248.5374
2023-07-22 16:00:00+00:00,14.11,14.22,14.05,14.14,1400.2103
2023-07-22 18:00:00+00:00,14.11,14.11,14.02,14.06,833.4154
2023-07-22 20:00:00+00:00,14.07,14.09,14.04,14.04,423.8623
2023-07-22 22:00:00+00:00,14.04,14.07,13.9,14.02,3081.3892
2023-07-23 00:00:00+00:00,14.02,14.08,13.9,14.05,589.4257
2023-07-23 02:00:00+00:00,14.03,14.13,14.03,14.08,406.3708
2023-07-23 04:00:00+00:00,14.11,14.16,14.04,14.1,745.178
2023-07-23 06:00:00+00:00,14.1,14.14,14.05,14.1,750.1249
2023-07-23 08:00:00+00:00,14.08,14.14,14.05,14.08,535.9027
2023-07-23 10:00:00+00:00,14.11,14.12,14.05,14.06,143.5032
2023-07-23 12:00:00+00:00,14.06,14.13,14.05,14.1,431.8413
2023-07-23 14:00:00+00:00,14.09,14.14,14.08,14.08,236.4694
2023-07-23 16:00:00+00:00,14.08,14.38,14.08,14.3,643.763
2023-07-23 18:00:00+00:00,14.29,14.4,14.17,14.27,2286.2843
2023-07-23 20:00:00+00:00,14.26,14.33,14.23,14.25,1363.6352
2023-07-23 22:00:00+00:00,14.26,14.27,14.21,14.25,374.6606
2023-07-24 00:00:00+00:00,14.24,14.3,14.15,14.2,439.5925
2023-07-24 02:00:00+00:00,14.2,14.2,14.11,14.11,124.3871
2023-07-24 04:00:00+00:00,14.11,14.2,13.96,14.08,608.6499
2023-07-24 06:00:00+00:00,14.1,14.16,14.06,14.12,632.5235
2023-07-24 08:00:00+00:00,14.11,14.14,13.9,13.9,2413.2995
2023-07-24 10:00:00+00:00,13.9,14.15,13.86,13.92,1923.6405
2023-07-24 12:00:00+00:00,13.91,14.09,13.82,13.97,1539.4443
2023-07-24 14:00:00+00:00,13.97,13.99,13.8,13.91,1208.2795
2023-07-24 16:00:00+00:00,13.92,13.99,13.81,13.89,349.1337
2023-07-24 18:00:00+00:00,13.9,14.05,13.8,13.92,1349.3963
2023-07-24 20:00:00+00:00,13.94,14.01,13.86,13.91,834.2149
2023-07-24 22:00:00+00:00,13.94,14.08,13.94,14.03,387.7162
2023-07-25 00:00:00+00:00,14.05,14.05,13.86,13.87,375.814
2023-07-25 02:00:00+00:00,13.89,13.98,13.89,13.93,183.0263
2023-07-25 04:00:00+00:00,13.93,13.93,13.86,13.89,188.9421
2023-07-25 06:00:00+00:00,13.89,13.91,13.83,13.84,283.971
2023-07-25 08:00:00+00:00,13.85,13.93,13.75,13.81,2414.5591
2023-07-25 10:00:00+00:00,13.8,14.13,13.78,13.91,5449.4268
2023-07-25 12:00:00+00:00,13.91,14.13,13.88,14.0,4855.3058
2023-07-25 14:00:00+00:00,14.05,14.11,13.92,13.99,651.4935
2023-07-25 16:00:00+00:00,13.99,14.0,13.77,13.84,2179.6697
2023-07-25 18:00:00+00:00,13.84,13.86,13.8,13.81,640.6267
2023-07-25 20:00:00+00:00,13.81,13.83,13.67,13.77,1941.4399
2023-07-25 22:00:00+00:00,13.76,13.8,13.75,13.78,743.4736
2023-07-26 00:00:00+00:00,13.77,13.81,13.61,13.64,874.3865
2023-07-26 02:00:00+00:00,13.66,13.75,13.63,13.71,295.8173
2023-07-26 04:00:00+00:00,13.69,13.71,13.6,13.66,1159.0426
2023-07-26 06:00:00+00:00,13.66,13.7,13.61,13.65,357.1429
2023-07-26 08:00:00+00:00,13.64,13.73,13.6,13.69,1092.3691
2023-07-26 10:00:00+00:00,13.7,13.79,13.69,13.69,633.2033
2023-07-26 12:00:00+00:00,13.69,13.81,13.69,13.75,821.8388
2023-07-26 14:00:00+00:00,13.79,14.04,13.77,13.98,2599.0061
2023-07-26 16:00:00+00:00,13.97,14.32,13.82,14.2,10230.5406
2023-07-26 18:00:00+00:00,14.2,14.37,14.07,14.09,3675.8744
2023-07-26 20:00:00+00:00,14.11,14.27,14.08,14.13,1857.7256
2023-07-26 22:00:00+00:00,14.12,14.15,14.03,14.08,1232.0137
2023-07-27 00:00:00+00:00,14.06,14.1,13.92,14.01,996.6939
2023-07-27 02:00:00+00:00,14.0,14.32,13.99,14.31,1751.4795
2023-07-27 04:00:00+00:00,14.29,14.48,14.25,14.25,1971.9717
2023-07-27 06:00:00+00:00,14.25,14.69,14.19,14.52,7671.0423
2023-07-27 08:00:00+00:00,14.53,14.81,14.5,14.63,4696.9092
2023-07-27 10:00:00+00:00,14.65,14.75,14.54,14.61,2133.575
2023-07-27 12:00:00+00:00,14.59,14.71,14.42,14.55,4638.0978
2023-07-27 14:00:00+00:00,14.54,14.61,14.31,14.34,4192.1893
2023-07-27 16:00:00+00:00,14.35,14.36,14.31,14.34,844.0408
2023-07-27 18:00:00+00:00,14.31,14.34,14.22,14.28,2034.807
2023-07-27 20:00:00+00:00,14.3,14.33,14.13,14.32,757.8613
2023-07-27 22:00:00+00:00,14.33,14.33,13.85,13.9,6537.395
2023-07-28 00:00:00+00:00,13.89,13.98,13.83,13.94,1536.7942
2023-07-28 02:00:00+00:00,13.92,13.92,13.82,13.87,1342.0368
2023-07-28 04:00:00+00:00,13.87,13.89,13.83,13.83,976.9443
2023-07-28 06:00:00+00:00,13.84,13.92,13.83,13.87,982.8262
2023-07-28 08:00:00+00:00,13.86,13.94,13.74,13.94,1409.5561
2023-07-28 10:00:00+00:00,13.95,13.98,13.92,13.94,873.9328
2023-07-28 12:00:00+00:00,13.94,13.98,13.86,13.91,899.334
2023-07-28 14:00:00+00:00,13.91,14.07,13.89,14.0,1508.0877
2023-07-28 16:00:00+00:00,14.01,14.13,13.94,13.95,1547.1475
2023-07-28 18:00:00+00:00,13.95,14.03,13.95,14.01,723.4942
2023-07-28 20:00:00+00:00,14.01,14.03,13.91,13.98,1422.3248
2023-07-28 22:00:00+00:00,13.98,13.99,13.87,13.98,1252.086
2023-07-29 00:00:00+00:00,13.98,14.01,13.94,14.01,953.3691
2023-07-29 02:00:00+00:00,14.01,14.02,13.98,14.01,467.3613
2023-07-29 04:00:00+00:00,14.01,14.04,14.0,14.0,685.9661
2023-07-29 06:00:00+00:00,14.01,14.03,13.99,14.0,642.6092
2023-07-29 08:00:00+00:00,14.0,14.03,13.94,13.96,556.9976
2023-07-29 10:00:00+00:00,13.97,14.01,13.95,13.95,486.0855
2023-07-29 12:00:00+00:00,13.95,14.21,13.92,14.06,1607.6817
2023-07-29 14:00:00+00:00,14.06,14.14,14.04,14.07,1007.9338
2023-07-29 16:00:00+00:00,14.06,14.11,14.0,14.06,544.5037
2023-07-29 18:00:00+00:00,14.08,14.12,14.02,14.07,652.6732
2023-07-29 20:00:00+00:00,14.06,14.1,14.01,14.06,1048.5818
2023-07-29 22:00:00+00:00,14.08,14.15,14.04,14.07,784.0876
2023-07-30 00:00:00+00:00,14.07,14.14,14.03,14.05,314.199
2023-07-30 02:00:00+00:00,14.05,14.09,13.98,13.99,552.363
2023-07-30 04:00:00+00:00,13.99,14.05,13.97,13.98,1833.9607
2023-07-30 06:00:00+00:00,14.0,14.0,13.95,13.98,721.468
2023-07-30 08:00:00+00:00,13.97,14.05,13.89,13.92,1978.1629
2023-07-30 10:00:00+00:00,13.94,13.96,13.81,13.9,1557.7928
2023-07-30 12:00:00+00:00,13.9,14.25,13.67,13.8,11482.1992
2023-07-30 14:00:00+00:00,13.8,13.93,13.65,13.75,11511.6849
2023-07-30 16:00:00+00:00,13.75,13.86,13.15,13.42,25253.6138
2023-07-30 18:00:00+00:00,13.41,13.6,13.22,13.27,9676.7354
2023-07-30 20:00:00+00:00,13.26,13.39,12.96,13.06,11362.2376
2023-07-30 22:00:00+00:00,13.06,13.26,12.87,13.11,10758.9164
2023-07-31 00:00:00+00:00,13.11,13.24,12.95,13.06,7041.151
2023-07-31 02:00:00+00:00,13.07,13.13,12.98,13.13,2787.4731
2023-07-31 04:00:00+00:00,13.12,13.14,12.98,13.04,2244.2625
2023-07-31 06:00:00+00:00,13.05,13.08,12.98,13.01,3251.5835
2023-07-31 08:00:00+00:00,13.01,13.14,12.95,13.08,3911.7748
2023-07-31 10:00:00+00:00,13.06,13.14,13.01,13.08,5343.7835
2023-07-31 12:00:00+00:00,13.09,13.1,12.9,12.93,3118.9068
2023-07-31 14:00:00+00:00,12.93,12.96,12.72,12.87,8700.715
2023-07-31 16:00:00+00:00,12.86,12.97,12.81,12.97,2438.8554
2023-07-31 18:00:00+00:00,12.97,13.47,12.92,13.24,25398.5239
2023-07-31 20:00:00+00:00,13.25,13.26,13.04,13.19,6354.6495
2023-07-31 22:00:00+00:00,13.2,13.44,13.16,13.35,4954.3611
2023-08-01 00:00:00+00:00,13.36,13.44,12.94,13.07,6887.0555
2023-08-01 02:00:00+00:00,13.09,13.1,12.45,12.8,5636.6661
2023-08-01 04:00:00+00:00,12.79,12.81,12.64,12.71,3382.0266
2023-08-01 06:00:00+00:00,12.7,12.84,12.64,12.81,2205.4029
2023-08-01 08:00:00+00:00,12.81,12.92,12.73,12.77,4422.016
2023-08-01 10:00:00+00:00,12.76,12.86,12.71,12.81,1571.8584
2023-08-01 12:00:00+00:00,12.81,12.86,12.71,12.76,2921.2792
2023-08-01 14:00:00+00:00,12.77,12.78,12.58,12.78,2899.1102
2023-08-01 16:00:00+00:00,12.79,12.9,12.76,12.81,1766.9828
2023-08-01 18:00:00+00:00,12.81,12.91,12.71,12.8,2422.5727
2023-08-01 20:00:00+00:00,12.8,12.82,12.76,12.79,1753.8723
2023-08-01 22:00:00+00:00,12.79,12.98,12.78,12.97,2688.2956
2023-08-02 00:00:00+00:00,12.98,13.0,12.93,12.93,1395.5889
2023-08-02 02:00:00+00:00,12.92,12.92,12.85,12.85,1338.591
2023-08-02 04:00:00+00:00,12.85,12.89,12.77,12.8,740.8226
2023-08-02 06:00:00+00:00,12.8,12.86,12.72,12.76,1094.6001
2023-08-02 08:00:00+00:00,12.72,12.82,12.69,12.8,1478.7527
2023-08-02 10:00:00+00:00,12.78,12.99,12.7,12.91,2576.5741
2023-08-02 12:00:00+00:00,12.9,13.08,12.79,12.95,5646.4245
2023-08-02 14:00:00+00:00,12.96,13.1,12.8,12.89,3695.9316
2023-08-02 16:00:00+00:00,12.87,13.08,12.75,12.9,3513.8204
2023-08-02 18:00:00+00:00,12.83,12.87,12.74,12.83,1140.7963
2023-08-02 20:00:00+00:00,12.81,12.84,12.75,12.82,667.6224
2023-08-02 22:00:00+00:00,12.81,12.88,12.77,12.82,477.9624
2023-08-03 00:00:00+00:00,12.82,12.88,12.8,12.88,434.3139
2023-08-03 02:00:00+00:00,12.86,12.9,12.74,12.82,1158.7949
2023-08-03 04:00:00+00:00,12.82,12.88,12.72,12.75,600.8902
2023-08-03 06:00:00+00:00,12.77,12.78,12.36,12.43,9890.2331
2023-08-03 08:00:00+00:00,12.44,12.49,12.33,12.43,2830.4173
2023-08-03 10:00:00+00:00,12.44,12.52,12.43,12.49,1720.8475
2023-08-03 12:00:00+00:00,12.49,12.53,12.42,12.46,1184.615
2023-08-03 14:00:00+00:00,12.43,12.55,12.43,12.47,994.7603
2023-08-03 16:00:00+00:00,12.47,12.59,12.43,12.48,1837.3881
2023-08-03 18:00:00+00:00,12.48,12.48,12.42,12.45,1096.1841
2023-08-03 20:00:00+00:00,12.46,12.55,12.41,12.46,1896.1808
2023-08-03 22:00:00+00:00,12.47,12.5,12.39,12.42,1033.8784
2023-08-04 00:00:00+00:00,12.44,12.52,12.42,12.46,1032.3378
2023-08-04 02:00:00+00:00,12.46,12.48,12.42,12.45,580.1597
2023-08-04 04:00:00+00:00,12.46,12.46,12.37,12.38,558.7098
2023-08-04 06:00:00+00:00,12.4,12.44,12.34,12.39,983.1815
2023-08-04 08:00:00+00:00,12.38,12.39,12.3,12.34,1440.3271
2023-08-04 10:00:00+00:00,12.34,12.46,12.25,12.29,2456.797
2023-08-04 12:00:00+00:00,12.29,13.7,12.29,12.95,41291.9074
2023-08-04 14:00:00+00:00,12.97,13.21,12.9,13.14,16426.7232
2023-08-04 16:00:00+00:00,13.13,13.14,12.65,12.79,14613.4785
2023-08-04 18:00:00+00:00,12.78,12.84,12.61,12.67,2236.2294
2023-08-04 20:00:00+00:00,12.67,12.9,12.67,12.74,2279.7789
2023-08-04 22:00:00+00:00,12.73,13.01,12.68,12.91,1876.1706
2023-08-05 00:00:00+00:00,12.92,13.08,12.88,12.91,1893.0864
2023-08-05 02:00:00+00:00,12.92,13.04,12.77,12.83,1853.6272
2023-08-05 04:00:00+00:00,12.85,12.91,12.71,12.84,1788.9398
2023-08-05 06:00:00+00:00,12.86,13.07,12.79,12.86,5519.2901
2023-08-05 08:00:00+00:00,12.85,12.95,12.76,12.85,1789.2351
2023-08-05 10:00:00+00:00,12.84,13.14,12.76,12.84,6394.2937
2023-08-05 12:00:00+00:00,12.83,12.97,12.78,12.79,2584.5607
2023-08-05 14:00:00+00:00,12.81,12.84,12.55,12.64,5985.3276
2023-08-05 16:00:00+00:00,12.62,12.66,12.59,12.66,1118.3896
2023-08-05 18:00:00+00:00,12.66,12.7,12.58,12.65,651.6441
2023-08-05 20:00:00+00:00,12.64,13.09,12.63,12.89,4419.7331
2023-08-05 22:00:00+00:00,12.87,12.9,12.8,12.88,1077.4048
2023-08-06 00:00:00+00:00,12.86,12.89,12.71,12.76,2014.1111
2023-08-06 02:00:00+00:00,12.77,12.91,12.77,12.89,935.0974
2023-08-06 04:00:00+00:00,12.89,12.89,12.6,12.76,7035.4175
2023-08-06 06:00:00+00:00,12.76,12.81,12.68,12.75,2144.489
2023-08-06 08:00:00+00:00,12.75,12.85,12.72,12.78,1364.6634
2023-08-06 10:00:00+00:00,12.78,12.84,12.73,12.83,719.517
2023-08-06 12:00:00+00:00,12.84,12.86,12.72,12.76,1845.6335
2023-08-06 14:00:00+00:00,12.75,12.79,12.52,12.72,2231.6058
2023-08-06 16:00:00+00:00,12.74,12.85,12.71,12.79,1325.473
2023-08-06 18:00:00+00:00,12.79,12.85,12.75,12.83,996.9054
2023-08-06 20:00:00+00:00,12.84,12.88,12.76,12.81,1067.538
2023-08-06 22:00:00+00:00,12.81,12.83,12.77,12.79,660.469
2023-08-07 00:00:00+00:00,12.79,13.07,12.79,12.91,1291.7094
2023-08-07 02:00:00+00:00,12.92,13.0,12.9,12.94,734.4025
2023-08-07 04:00:00+00:00,12.94,12.96,12.88,12.9,522.9604
2023-08-07 06:00:00+00:00,12.89,12.9,12.76,12.77,1626.6608
2023-08-07 08:00:00+00:00,12.77,12.83,12.64,12.69,2909.9748
2023-08-07 10:00:00+00:00,12.69,12.72,12.63,12.7,1033.0988
2023-08-07 12:00:00+00:00,12.7,12.77,12.6,12.65,3462.2972
2023-08-07 14:00:00+00:00,12.65,12.65,12.49,12.5,2368.7594
2023-08-07 16:00:00+00:00,12.5,12.65,12.33,12.55,7385.6061
2023-08-07 18:00:00+00:00,12.52,12.67,12.52,12.66,960.8954
2023-08-07 20:00:00+00:00,12.65,12.74,12.62,12.71,366.5739
2023-08-07 22:00:00+00:00,12.73,12.8,12.65,12.68,972.8289
2023-08-08 00:00:00+00:00,12.69,12.69,12.5,12.51,2580.6609
2023-08-08 02:00:00+00:00,12.52,12.52,12.42,12.49,821.4996
2023-08-08 04:00:00+00:00,12.51,12.58,12.41,12.5,2015.9959
2023-08-08 06:00:00+00:00,12.5,12.55,12.49,12.51,1087.8474
2023-08-08 08:00:00+00:00,12.51,12.61,12.5,12.56,2807.8966
2023-08-08 10:00:00+00:00,12.55,12.66,12.55,12.62,996.3944
2023-08-08 12:00:00+00:00,12.6,12.68,12.54,12.6,5749.0153
2023-08-08 14:00:00+00:00,12.62,12.65,12.46,12.53,4308.5249
2023-08-08 16:00:00+00:00,12.54,12.98,12.53,12.76,6299.2191
2023-08-08 18:00:00+00:00,12.74,12.83,12.65,12.77,807.2492
2023-08-08 20:00:00+00:00,12.79,12.99,12.71,12.77,4725.3541
2023-08-08 22:00:00+00:00,12.77,12.79,12.71,12.76,803.057
2023-08-09 00:00:00+00:00,12.77,12.82,12.71,12.72,738.3487
2023-08-09 02:00:00+00:00,12.75,12.8,12.64,12.71,835.8601
2023-08-09 04:00:00+00:00,12.73,12.82,12.67,12.76,1312.449
2023-08-09 06:00:00+00:00,12.74,12.87,12.66,12.74,1486.5826
2023-08-09 08:00:00+00:00,12.74,12.78,12.69,12.74,1629.1588
2023-08-09 10:00:00+00:00,12.74,12.78,12.66,12.74,1212.1313
2023-08-09 12:00:00+00:00,12.75,12.78,12.49,12.62,11919.8377
2023-08-09 14:00:00+00:00,12.6,12.63,12.58,12.62,961.7229
2023-08-09 16:00:00+00:00,12.61,12.68,12.51,12.55,2100.4289
2023-08-09 18:00:00+00:00,12.55,12.57,12.44,12.5,2330.2603
2023-08-09 20:00:00+00:00,12.51,12.63,12.5,12.56,870.1111
2023-08-09 22:00:00+00:00,12.58,12.58,12.48,12.58,624.7949
2023-08-10 00:00:00+00:00,12.59,12.6,12.55,12.6,592.0623
2023-08-10 02:00:00+00:00,12.59,12.69,12.58,12.6,478.299
2023-08-10 04:00:00+00:00,12.61,12.61,12.53,12.57,398.9967
2023-08-10 06:00:00+00:00,12.56,12.59,12.53,12.55,579.9122
2023-08-10 08:00:00+00:00,12.53,12.76,12.53,12.73,3608.9182
2023-08-10 10:00:00+00:00,12.72,12.88,12.58,12.68,1689.6159
2023-08-10 12:00:00+00:00,12.7,12.95,12.66,12.76,5982.9902
2023-08-10 14:00:00+00:00,12.77,12.77,12.61,12.63,1684.1625
2023-08-10 16:00:00+00:00,12.63,12.65,12.56,12.6,692.1682
2023-08-10 18:00:00+00:00,12.6,12.69,12.51,12.61,871.1842
2023-08-10 20:00:00+00:00,12.61,12.74,12.58,12.62,1795.1334
2023-08-10 22:00:00+00:00,12.66,12.67,12.61,12.65,304.002
2023-08-11 00:00:00+00:00,12.68,12.69,12.62,12.69,475.8377
2023-08-11 02:00:00+00:00,12.67,12.69,12.6,12.69,369.8964
2023-08-11 04:00:00+00:00,12.7,12.77,12.69,12.7,424.4857
2023-08-11 06:00:00+00:00,12.7,12.81,12.69,12.74,1695.5718
2023-08-11 08:00:00+00:00,12.73,12.89,12.7,12.76,1630.3231
2023-08-11 10:00:00+00:00,12.79,12.89,12.73,12.78,1231.6297
2023-08-11 12:00:00+00:00,12.79,12.91,12.74,12.81,2598.7928
2023-08-11 14:00:00+00:00,12.82,12.89,12.7,12.7,1493.2574
2023-08-11 16:00:00+00:00,12.71,12.81,12.67,12.7,1802.5435
2023-08-11 18:00:00+00:00,12.69,12.75,12.68,12.75,518.9241
2023-08-11 20:00:00+00:00,12.76,12.97,12.7,12.77,2970.7133
2023-08-11 22:00:00+00:00,12.75,12.79,12.7,12.76,623.0085
2023-08-12 00:00:00+00:00,12.76,13.0,12.72,12.96,5525.3602
2023-08-12 02:00:00+00:00,12.95,13.0,12.79,12.86,2659.8906
2023-08-12 04:00:00+00:00,12.86,12.86,12.78,12.78,820.6233
2023-08-12 06:00:00+00:00,12.8,12.92,12.78,12.81,930.568
2023-08-12 08:00:00+00:00,12.81,13.01,12.8,12.93,1839.5831
2023-08-12 10:00:00+00:00,12.95,13.08,12.8,12.86,3646.2764
2023-08-12 12:00:00+00:00,12.85,12.97,12.82,12.83,1308.6765
2023-08-12 14:00:00+00:00,12.84,13.16,12.79,12.91,3904.7506
2023-08-12 16:00:00+00:00,12.92,13.12,12.89,12.99,1800.6965
2023-08-12 18:00:00+00:00,13.0,13.02,12.85,12.91,1580.0728
2023-08-12 20:00:00+00:00,12.92,13.16,12.85,13.02,2228.5523
2023-08-12 22:00:00+00:00,13.02,13.11,12.92,12.97,2291.2123
2023-08-13 00:00:00+00:00,12.96,13.13,12.95,13.02,1453.44
2023-08-13 02:00:00+00:00,13.02,13.1,12.95,13.1,2039.4218
2023-08-13 04:00:00+00:00,13.11,13.29,13.01,13.1,4557.3029
2023-08-13 06:00:00+00:00,13.11,13.2,13.0,13.16,2502.9623
2023-08-13 08:00:00+00:00,13.16,13.3,13.1,13.17,2623.5828
2023-08-13 10:00:00+00:00,13.17,13.44,13.07,13.38,8206.4833
2023-08-13 12:00:00+00:00,13.38,13.66,13.23,13.45,17838.8256
2023-08-13 14:00:00+00:00,13.44,13.85,13.44,13.69,15489.5631
2023-08-13 16:00:00+00:00,13.69,13.69,13.38,13.39,5536.4792
2023-08-13 18:00:00+00:00,13.41,13.66,13.27,13.61,9626.0604
2023-08-13 20:00:00+00:00,13.6,13.62,13.42,13.52,2328.788
2023-08-13 22:00:00+00:00,13.51,13.65,13.34,13.36,4491.0781
2023-08-14 00:00:00+00:00,13.38,13.65,13.33,13.55,4605.3999
2023-08-14 02:00:00+00:00,13.56,13.72,13.41,13.59,3684.1223
2023-08-14 04:00:00+00:00,13.6,13.6,13.4,13.5,2630.2023
2023-08-14 06:00:00+00:00,13.5,13.59,13.38,13.55,3606.1877
2023-08-14 08:00:00+00:00,13.52,13.57,13.37,13.39,2350.8361
2023-08-14 10:00:00+00:00,13.39,13.47,13.27,13.33,2860.432
2023-08-14 12:00:00+00:00,13.33,13.33,13.1,13.24,6138.4882
2023-08-14 14:00:00+00:00,13.24,13.44,13.24,13.43,3070.1917
2023-08-14 16:00:00+00:00,13.42,13.44,13.27,13.28,2303.2414
2023-08-14 18:00:00+00:00,13.29,13.29,13.2,13.23,2864.4297
2023-08-14 20:00:00+00:00,13.23,13.29,13.15,13.28,1730.8262
2023-08-14 22:00:00+00:00,13.29,13.37,13.26,13.34,979.974
2023-08-15 00:00:00+00:00,13.33,13.4,13.25,13.28,960.1956
2023-08-15 02:00:00+00:00,13.28,13.34,13.24,13.28,1080.5821
2023-08-15 04:00:00+00:00,13.28,13.39,13.15,13.16,1581.5479
2023-08-15 06:00:00+00:00,13.17,13.32,13.08,13.12,3682.4124
2023-08-15 08:00:00+00:00,13.16,13.22,13.11,13.13,1309.6466
2023-08-15 10:00:00+00:00,13.14,13.15,13.0,13.05,2074.5093
2023-08-15 12:00:00+00:00,13.05,13.07,13.01,13.04,1368.639
2023-08-15 14:00:00+00:00,13.04,13.11,13.0,13.02,1374.3686
2023-08-15 16:00:00+00:00,13.02,13.32,12.97,13.26,7631.4687
2023-08-15 18:00:00+00:00,13.26,13.26,12.53,12.71,8613.4437
2023-08-15 20:00:00+00:00,12.69,12.86,12.64,12.67,3242.3172
2023-08-15 22:00:00+00:00,12.72,12.83,12.65,12.77,1290.785
2023-08-16 00:00:00+00:00,12.77,12.84,12.7,12.73,874.114
2023-08-16 02:00:00+00:00,12.76,12.78,12.46,12.48,5243.4318
2023-08-16 04:00:00+00:00,12.49,12.53,12.39,12.46,3920.8955
2023-08-16 06:00:00+00:00,12.41,12.49,12.35,12.46,2810.4642
2023-08-16 08:00:00+00:00,12.45,12.45,12.29,12.3,2681.4494
2023-08-16 10:00:00+00:00,12.31,12.38,12.3,12.35,1292.5148
2023-08-16 12:00:00+00:00,12.33,12.41,11.97,12.11,10328.972
2023-08-16 14:00:00+00:00,12.09,12.17,12.07,12.1,2535.1718
2023-08-16 16:00:00+00:00,12.11,12.13,11.94,12.06,5817.0797
2023-08-16 18:00:00+00:00,12.06,12.17,12.05,12.08,802.5401
2023-08-16 20:00:00+00:00,12.06,12.07,11.58,11.71,5766.5867
2023-08-16 22:00:00+00:00,11.71,11.85,11.71,11.79,1875.2128
2023-08-17 00:00:00+00:00,11.79,11.91,11.58,11.74,2221.1232
2023-08-17 02:00:00+00:00,11.75,11.88,11.75,11.83,606.1165
2023-08-17 04:00:00+00:00,11.85,12.13,11.82,11.96,1341.2574
2023-08-17 06:00:00+00:00,11.96,12.27,11.86,12.07,5496.0117
2023-08-17 08:00:00+00:00,12.14,12.17,11.9,12.03,3336.6185
2023-08-17 10:00:00+00:00,12.05,12.13,11.89,12.01,2239.2727
2023-08-17 12:00:00+00:00,12.01,12.11,11.97,12.0,840.8244
2023-08-17 14:00:00+00:00,12.0,12.02,11.64,11.7,2830.5181
2023-08-17 16:00:00+00:00,11.67,11.85,11.58,11.8,1869.5673
2023-08-17 18:00:00+00:00,11.81,11.84,11.71,11.73,1314.8914
2023-08-17 20:00:00+00:00,11.71,11.88,10.52,10.77,11119.0176
2023-08-17 22:00:00+00:00,10.77,11.18,10.54,10.9,18346.0938
2023-08-18 00:00:00+00:00,10.89,11.0,10.88,10.94,2283.2268
2023-08-18 02:00:00+00:00,10.93,11.0,10.82,10.93,1305.5527
2023-08-18 04:00:00+00:00,10.91,11.0,10.83,10.92,1984.5648
2023-08-18 06:00:00+00:00,10.92,11.02,10.92,11.0,1013.3818
2023-08-18 08:00:00+00:00,10.99,11.18,10.98,11.07,1953.9433
2023-08-18 10:00:00+00:00,11.06,11.11,10.99,11.11,1532.4116
2023-08-18 12:00:00+00:00,11.06,11.2,10.91,11.03,5396.5748
2023-08-18 14:00:00+00:00,11.02,11.07,10.95,10.99,2053.1763
2023-08-18 16:00:00+00:00,10.99,11.05,10.85,11.02,1638.9763
2023-08-18 18:00:00+00:00,11.01,11.2,10.97,11.04,1973.7234
2023-08-18 20:00:00+00:00,11.03,11.11,10.99,11.02,1867.7545
2023-08-18 22:00:00+00:00,11.02,11.08,11.0,11.07,502.5029
2023-08-19 00:00:00+00:00,11.06,11.15,11.06,11.08,277.035
2023-08-19 02:00:00+00:00,11.08,11.12,11.05,11.09,624.2
2023-08-19 04:00:00+00:00,11.09,11.21,11.06,11.15,1800.4718
2023-08-19 06:00:00+00:00,11.1,11.2,11.1,11.18,779.4655
2023-08-19 08:00:00+00:00,11.18,11.3,11.1,11.2,4264.8977
2023-08-19 10:00:00+00:00,11.17,11.41,11.16,11.29,3984.2153
2023-08-19 12:00:00+00:00,11.29,11.4,11.2,11.25,3124.5817
2023-08-19 14:00:00+00:00,11.23,11.29,11.12,11.29,1958.4821
2023-08-19 16:00:00+00:00,11.28,11.49,11.25,11.44,5335.4253
2023-08-19 18:00:00+00:00,11.44,11.48,11.24,11.35,3052.6755
2023-08-19 20:00:00+00:00,11.35,11.37,11.26,11.32,784.042
2023-08-19 22:00:00+00:00,11.32,11.48,11.28,11.41,1266.1744
2023-08-20 00:00:00+00:00,11.38,11.46,11.37,11.44,1306.4521
2023-08-20 02:00:00+00:00,11.44,11.52,11.42,11.44,493.0607
2023-08-20 04:00:00+00:00,11.5,11.54,11.4,11.44,907.3979
2023-08-20 06:00:00+00:00,11.44,11.56,11.37,11.43,736.872
2023-08-20 08:00:00+00:00,11.46,11.65,11.42,11.51,2446.7906
2023-08-20 10:00:00+00:00,11.5,11.64,11.46,11.51,1051.3718
2023-08-20 12:00:00+00:00,11.46,11.51,11.43,11.5,718.744
2023-08-20 14:00:00+00:00,11.46,11.48,11.23,11.29,4255.2711
2023-08-20 16:00:00+00:00,11.28,11.3,11.22,11.29,1988.2045
2023-08-20 18:00:00+00:00,11.26,11.32,11.17,11.26,1187.5557
2023-08-20 20:00:00+00:00,11.26,11.38,11.22,11.29,1563.9045
2023-08-20 22:00:00+00:00,11.3,11.34,11.23,11.27,999.0282
2023-08-21 00:00:00+00:00,11.26,11.32,11.23,11.26,571.7059
2023-08-21 02:00:00+00:00,11.28,11.3,11.2,11.22,797.6414
2023-08-21 04:00:00+00:00,11.24,11.4,11.24,11.3,1888.6372
2023-08-21 06:00:00+00:00,11.3,11.32,11.22,11.29,441.7234
2023-08-21 08:00:00+00:00,11.25,11.25,11.07,11.07,2583.5117
2023-08-21 10:00:00+00:00,11.07,11.15,10.97,11.15,1975.8394
2023-08-21 12:00:00+00:00,11.15,11.2,10.96,11.09,1384.182
2023-08-21 14:00:00+00:00,11.12,11.13,10.83,10.95,2788.3858
2023-08-21 16:00:00+00:00,10.95,11.0,10.92,10.97,483.6713
2023-08-21 18:00:00+00:00,10.97,11.11,10.92,11.07,954.9797
2023-08-21 20:00:00+00:00,11.06,11.13,11.03,11.09,420.0767
2023-08-21 22:00:00+00:00,11.1,11.13,11.02,11.05,276.4649
2023-08-22 00:00:00+00:00,11.04,11.06,10.98,11.0,273.0859
2023-08-22 02:00:00+00:00,11.02,11.03,10.94,10.99,677.3575
2023-08-22 04:00:00+00:00,10.99,11.01,10.92,10.95,614.4163
2023-08-22 06:00:00+00:00,10.95,10.98,10.83,10.95,2478.8507
2023-08-22 08:00:00+00:00,10.96,11.0,10.95,10.98,1217.5803
2023-08-22 10:00:00+00:00,10.98,10.98,10.87,10.93,571.6731
2023-08-22 12:00:00+00:00,10.93,10.94,10.78,10.8,1178.779
2023-08-22 14:00:00+00:00,10.79,10.84,10.75,10.78,1541.7488
2023-08-22 16:00:00+00:00,10.74,10.83,10.62,10.69,3881.7268
2023-08-22 18:00:00+00:00,10.62,10.76,10.51,10.63,3920.7877
2023-08-22 20:00:00+00:00,10.63,10.69,10.46,10.56,3107.1335
2023-08-22 22:00:00+00:00,10.57,10.86,10.57,10.84,2118.3733
2023-08-23 00:00:00+00:00,10.84,10.93,10.8,10.9,1793.1401
2023-08-23 02:00:00+00:00,10.89,11.0,10.76,10.84,2106.501
2023-08-23 04:00:00+00:00,10.86,10.92,10.82,10.87,622.9629
2023-08-23 06:00:00+00:00,10.88,10.98,10.86,10.9,773.9515
2023-08-23 08:00:00+00:00,10.91,10.93,10.79,10.82,2844.7148
2023-08-23 10:00:00+00:00,10.84,10.84,10.74,10.77,1846.3058
2023-08-23 12:00:00+00:00,10.76,10.82,10.68,10.8,1105.3916
2023-08-23 14:00:00+00:00,10.81,10.86,10.7,10.86,1319.3131
2023-08-23 16:00:00+00:00,10.87,11.27,10.87,11.1,4794.2443
2023-08-23 18:00:00+00:00,11.1,11.21,10.95,11.07,2896.3993
2023-08-23 20:00:00+00:00,11.08,11.14,10.94,10.98,1461.4755
2023-08-23 22:00:00+00:00,10.96,11.12,10.94,11.01,1507.0753
2023-08-24 00:00:00+00:00,11.04,11.07,10.96,10.98,781.2461
2023-08-24 02:00:00+00:00,10.97,11.08,10.9,10.96,2128.2297
2023-08-24 04:00:00+00:00,10.97,10.98,10.92,10.97,368.6938
2023-08-24 06:00:00+00:00,10.97,10.97,10.91,10.93,1024.9839
2023-08-24 08:00:00+00:00,10.95,11.0,10.95,10.97,905.8507
2023-08-24 10:00:00+00:00,10.96,11.04,10.94,10.95,1067.2915
2023-08-24 12:00:00+00:00,10.95,10.95,10.8,10.87,2304.1005
2023-08-24 14:00:00+00:00,10.87,10.88,10.68,10.68,3867.9892
2023-08-24 16:00:00+00:00,10.68,10.76,10.64,10.69,2249.8107
2023-08-24 18:00:00+00:00,10.69,10.79,10.66,10.75,1145.6257
2023-08-24 20:00:00+00:00,10.75,10.86,10.63,10.7,5032.5883
2023-08-24 22:00:00+00:00,10.7,10.8,10.69,10.79,1347.5906
2023-08-25 00:00:00+00:00,10.78,10.79,10.71,10.75,481.7159
2023-08-25 02:00:00+00:00,10.77,10.82,10.57,10.6,1677.6798
2023-08-25 04:00:00+00:00,10.61,10.68,10.56,10.64,1328.6957
2023-08-25 06:00:00+00:00,10.62,10.68,10.56,10.64,539.0411
2023-08-25 08:00:00+00:00,10.64,10.68,10.59,10.64,782.2479
2023-08-25 10:00:00+00:00,10.64,10.76,10.64,10.67,420.8955
2023-08-25 12:00:00+00:00,10.67,10.72,10.64,10.64,447.4894
2023-08-25 14:00:00+00:00,10.63,10.74,10.54,10.66,2906.7416
2023-08-25 16:00:00+00:00,10.66,10.84,10.62,10.8,3586.5582
2023-08-25 18:00:00+00:00,10.79,12.22,10.76,11.62,67352.0786
2023-08-25 20:00:00+00:00,11.65,11.7,11.09,11.23,40319.1209
2023-08-25 22:00:00+00:00,11.21,11.22,11.0,11.14,6815.5157
2023-08-26 00:00:00+00:00,11.13,11.15,11.02,11.1,1908.9839
2023-08-26 02:00:00+00:00,11.13,11.18,11.09,11.09,1054.4278
2023-08-26 04:00:00+00:00,11.11,11.13,10.99,11.02,2067.0289
2023-08-26 06:00:00+00:00,11.0,11.01,10.9,10.99,3006.7306
2023-08-26 08:00:00+00:00,10.99,11.13,10.91,11.01,2940.1669
2023-08-26 10:00:00+00:00,11.0,11.03,10.9,11.01,3465.7556
2023-08-26 12:00:00+00:00,11.0,11.01,10.92,10.95,830.8108
2023-08-26 14:00:00+00:00,10.95,11.08,10.95,10.99,1958.262
2023-08-26 16:00:00+00:00,10.98,11.07,10.93,10.98,1880.898
2023-08-26 18:00:00+00:00,10.96,10.96,10.73,10.8,4931.1515
2023-08-26 20:00:00+00:00,10.81,10.88,10.78,10.87,1348.6407
2023-08-26 22:00:00+00:00,10.87,10.88,10.81,10.81,343.2109
2023-08-27 00:00:00+00:00,10.82,10.86,10.78,10.82,261.9407
2023-08-27 02:00:00+00:00,10.81,10.81,10.77,10.78,179.4434
2023-08-27 04:00:00+00:00,10.78,10.82,10.75,10.81,1339.6039
2023-08-27 06:00:00+00:00,10.82,10.84,10.8,10.84,411.6005
2023-08-27 08:00:00+00:00,10.82,10.86,10.79,10.8,799.5958
2023-08-27 10:00:00+00:00,10.82,11.02,10.8,10.93,3836.7145
2023-08-27 12:00:00+00:00,10.95,11.1,10.9,10.94,4108.4615
2023-08-27 14:00:00+00:00,10.94,11.1,10.87,10.91,4387.1367
2023-08-27 16:00:00+00:00,10.94,11.02,10.83,10.87,2763.3949
2023-08-27 18:00:00+00:00,10.86,10.86,10.72,10.74,6282.621
2023-08-27 20:00:00+00:00,10.74,10.81,10.68,10.68,3489.561
2023-08-27 22:00:00+00:00,10.68,10.78,10.66,10.72,1658.5252
2023-08-28 00:00:00+00:00,10.71,10.77,10.6,10.62,2452.2461
2023-08-28 02:00:00+00:00,10.62,10.65,10.59,10.61,517.2043
2023-08-28 04:00:00+00:00,10.61,10.63,10.5,10.54,1861.9994
2023-08-28 06:00:00+00:00,10.54,10.57,10.41,10.46,3357.6482
2023-08-28 08:00:00+00:00,10.46,10.48,10.39,10.44,1593.0581
2023-08-28 10:00:00+00:00,10.44,10.54,10.42,10.54,837.1998
2023-08-28 12:00:00+00:00,10.52,10.76,10.52,10.6,3153.6434
2023-08-28 14:00:00+00:00,10.61,10.82,10.61,10.76,6220.7628
2023-08-28 16:00:00+00:00,10.78,10.91,10.7,10.81,2001.4649
2023-08-28 18:00:00+00:00,10.81,10.97,10.69,10.78,4009.4146
2023-08-28 20:00:00+00:00,10.76,10.77,10.48,10.61,7597.6503
2023-08-28 22:00:00+00:00,10.62,10.68,10.62,10.65,966.1862
2023-08-29 00:00:00+00:00,10.65,10.66,10.6,10.65,192.0755
2023-08-29 02:00:00+00:00,10.61,10.61,10.53,10.55,547.7569
2023-08-29 04:00:00+00:00,10.55,10.58,10.55,10.56,310.1822
2023-08-29 06:00:00+00:00,10.57,10.57,10.5,10.5,1068.3421
2023-08-29 08:00:00+00:00,10.5,10.61,10.45,10.48,1638.4727
2023-08-29 10:00:00+00:00,10.49,10.59,10.4,10.45,1194.8723
2023-08-29 12:00:00+00:00,10.44,10.5,10.32,10.41,3818.5187
2023-08-29 14:00:00+00:00,10.41,10.96,10.41,10.78,5567.8395
2023-08-29 16:00:00+00:00,10.82,11.1,10.81,10.97,6919.5529
2023-08-29 18:00:00+00:00,11.01,11.4,10.88,10.98,15571.0192
2023-08-29 20:00:00+00:00,10.98,11.01,10.87,10.95,1510.8499
2023-08-29 22:00:00+00:00,10.96,10.98,10.85,10.92,1491.4538
2023-08-30 00:00:00+00:00,10.92,10.96,10.75,10.84,2701.6487
2023-08-30 02:00:00+00:00,10.84,10.87,10.76,10.81,608.5334
2023-08-30 04:00:00+00:00,10.8,10.82,10.76,10.77,631.6638
2023-08-30 06:00:00+00:00,10.79,10.84,10.76,10.84,980.3278
2023-08-30 08:00:00+00:00,10.84,10.88,10.82,10.87,748.4292
2023-08-30 10:00:00+00:00,10.84,10.96,10.83,10.92,954.6222
2023-08-30 12:00:00+00:00,10.9,10.95,10.82,10.84,1065.3153
2023-08-30 14:00:00+00:00,10.86,11.13,10.68,10.99,8129.2056
2023-08-30 16:00:00+00:00,10.98,10.98,10.8,10.88,3276.0857
2023-08-30 18:00:00+00:00,10.88,11.09,10.83,11.03,3542.394
2023-08-30 20:00:00+00:00,11.03,11.13,11.0,11.08,1526.2286
2023-08-30 22:00:00+00:00,11.05,11.08,10.99,11.06,736.9186
2023-08-31 00:00:00+00:00,11.06,11.07,10.94,11.02,575.278
2023-08-31 02:00:00+00:00,11.03,11.08,11.0,11.07,1850.7522
2023-08-31 04:00:00+00:00,11.05,11.09,10.85,11.0,4878.7033
2023-08-31 06:00:00+00:00,11.0,11.04,10.92,10.94,2305.4279
2023-08-31 08:00:00+00:00,10.94,11.07,10.92,10.95,2584.554
2023-08-31 10:00:00+00:00,10.95,11.15,10.95,11.09,2173.2054
2023-08-31 12:00:00+00:00,11.05,11.09,10.95,11.01,2803.0695
2023-08-31 14:00:00+00:00,10.99,11.13,10.85,10.86,3338.466
2023-08-31 16:00:00+00:00,10.86,10.88,10.51,10.66,5328.3527
2023-08-31 18:00:00+00:00,10.69,10.83,10.62,10.78,3575.5467
2023-08-31 20:00:00+00:00,10.78,10.86,10.59,10.73,3156.3568
2023-08-31 22:00:00+00:00,10.71,12.51,10.68,11.86,139847.9373
2023-09-01 00:00:00+00:00,11.9,12.79,11.72,12.11,78116.6752
2023-09-01 02:00:00+00:00,12.11,12.14,11.7,11.83,18991.5114
2023-09-01 04:00:00+00:00,11.84,12.16,11.55,11.8,30347.3476
2023-09-01 06:00:00+00:00,11.83,11.9,11.61,11.87,17129.6265
2023-09-01 08:00:00+00:00,11.87,11.97,11.27,11.31,30089.97
2023-09-01 10:00:00+00:00,11.3,11.44,11.3,11.38,6642.3941
2023-09-01 12:00:00+00:00,11.38,11.39,11.11,11.17,13750.137
2023-09-01 14:00:00+00:00,11.16,11.18,11.02,11.09,6522.5081
2023-09-01 16:00:00+00:00,11.09,11.13,10.87,10.92,7996.1021
2023-09-01 18:00:00+00:00,10.91,10.94,10.76,10.9,9867.593
2023-09-01 20:00:00+00:00,10.89,10.98,10.87,10.92,2405.5509
2023-09-01 22:00:00+00:00,10.91,10.91,10.79,10.86,3351.0573
2023-09-02 00:00:00+00:00,10.86,11.18,10.82,11.12,7182.0242
2023-09-02 02:00:00+00:00,11.11,11.15,11.05,11.05,1967.4614
2023-09-02 04:00:00+00:00,11.08,11.18,11.01,11.02,2981.9518
2023-09-02 06:00:00+00:00,11.03,11.5,10.97,11.12,9155.4176
2023-09-02 08:00:00+00:00,11.13,11.68,11.04,11.34,26342.9679
2023-09-02 10:00:00+00:00,11.31,11.34,11.16,11.25,7549.3518
2023-09-02 12:00:00+00:00,11.27,11.48,11.24,11.4,7080.0145
2023-09-02 14:00:00+00:00,11.4,11.43,11.22,11.23,4966.6225
2023-09-02 16:00:00+00:00,11.26,11.26,11.05,11.05,8767.0634
2023-09-02 18:00:00+00:00,11.06,11.23,11.01,11.15,3992.0563
2023-09-02 20:00:00+00:00,11.16,11.3,11.13,11.3,2255.6381
2023-09-02 22:00:00+00:00,11.3,11.32,11.15,11.15,2423.2061
2023-09-03 00:00:00+00:00,11.16,11.29,11.14,11.21,2273.4905
2023-09-03 02:00:00+00:00,11.21,11.32,11.16,11.28,1028.7425
2023-09-03 04:00:00+00:00,11.28,11.38,11.21,11.28,2018.5419
2023-09-03 06:00:00+00:00,11.28,11.35,11.26,11.32,963.8393
2023-09-03 08:00:00+00:00,11.31,11.31,11.16,11.2,3581.9519
2023-09-03 10:00:00+00:00,11.2,11.21,11.12,11.13,2957.3985
2023-09-03 12:00:00+00:00,11.13,11.16,10.83,10.94,9033.7634
2023-09-03 14:00:00+00:00,10.97,10.99,10.83,10.89,6139.571
2023-09-03 16:00:00+00:00,10.89,10.93,10.76,10.93,5476.799
2023-09-03 18:00:00+00:00,10.91,11.03,10.91,10.97,3067.8085
2023-09-03 20:00:00+00:00,10.97,11.0,10.93,10.95,1919.3721
2023-09-03 22:00:00+00:00,10.95,10.98,10.81,10.9,2585.6601
2023-09-04 00:00:00+00:00,10.9,10.93,10.77,10.85,1260.1897
2023-09-04 02:00:00+00:00,10.86,11.05,10.86,10.9,2880.9186
2023-09-04 04:00:00+00:00,10.9,10.94,10.88,10.89,1779.1227
2023-09-04 06:00:00+00:00,10.89,10.95,10.78,10.85,3918.1598
2023-09-04 08:00:00+00:00,10.85,10.95,10.85,10.87,1095.054
2023-09-04 10:00:00+00:00,10.87,10.88,10.81,10.85,1992.0658
2023-09-04 12:00:00+00:00,10.86,11.2,10.75,11.03,17065.8414
2023-09-04 14:00:00+00:00,11.04,11.34,10.87,10.99,6571.8838
2023-09-04 16:00:00+00:00,10.98,12.52,10.97,11.48,80789.1943
2023-09-04 18:00:00+00:00,11.48,11.79,11.43,11.56,15434.6278
2023-09-04 20:00:00+00:00,11.56,12.3,11.46,11.66,69595.5336
2023-09-04 22:00:00+00:00,11.65,12.18,11.53,11.84,27945.698
2023-09-05 00:00:00+00:00,11.85,12.03,11.47,11.56,15929.1493
2023-09-05 02:00:00+00:00,11.56,11.89,11.46,11.6,7688.3468
2023-09-05 04:00:00+00:00,11.59,12.0,11.55,11.71,16088.0822
2023-09-05 06:00:00+00:00,11.72,11.76,11.18,11.32,20689.3459
2023-09-05 08:00:00+00:00,11.3,11.36,11.27,11.32,2498.9192
2023-09-05 10:00:00+00:00,11.32,11.38,11.15,11.25,5917.4833
2023-09-05 12:00:00+00:00,11.25,11.26,11.15,11.2,3109.6676
2023-09-05 14:00:00+00:00,11.19,11.37,11.1,11.31,7985.1377
2023-09-05 16:00:00+00:00,11.31,11.35,11.16,11.22,7842.0111
2023-09-05 18:00:00+00:00,11.24,11.37,11.19,11.28,6133.0908
2023-09-05 20:00:00+00:00,11.27,11.32,10.86,11.1,16281.4257
2023-09-05 22:00:00+00:00,11.1,11.11,10.96,11.07,5245.9058
2023-09-06 00:00:00+00:00,11.07,11.16,10.99,11.02,4320.3662
2023-09-06 02:00:00+00:00,11.01,11.2,10.99,11.18,2750.3337
2023-09-06 04:00:00+00:00,11.17,11.17,11.06,11.09,2060.4673
2023-09-06 06:00:00+00:00,11.09,11.19,11.05,11.07,3524.4305
2023-09-06 08:00:00+00:00,11.08,11.18,10.99,11.05,4834.6283
2023-09-06 10:00:00+00:00,11.07,11.12,11.01,11.05,3934.5156
2023-09-06 12:00:00+00:00,11.03,11.05,10.89,10.97,5999.1707
2023-09-06 14:00:00+00:00,10.95,11.04,10.89,10.96,3990.0191
2023-09-06 16:00:00+00:00,10.96,11.0,10.58,10.95,11318.486
2023-09-06 18:00:00+00:00,10.95,11.04,10.81,10.93,4964.1295
2023-09-06 20:00:00+00:00,10.9,10.97,10.81,10.87,3567.2657
2023-09-06 22:00:00+00:00,10.86,10.96,10.83,10.91,1888.6394
2023-09-07 00:00:00+00:00,10.91,10.92,10.86,10.91,753.453
2023-09-07 02:00:00+00:00,10.9,10.93,10.78,10.84,4135.8884
2023-09-07 04:00:00+00:00,10.87,10.96,10.87,10.94,1876.0282
2023-09-07 06:00:00+00:00,10.92,11.02,10.91,11.0,1892.155
2023-09-07 08:00:00+00:00,10.98,10.98,10.84,10.9,3159.9911
2023-09-07 10:00:00+00:00,10.91,10.99,10.84,10.9,1760.5328
2023-09-07 12:00:00+00:00,10.9,11.05,10.85,11.02,3081.534
2023-09-07 14:00:00+00:00,10.99,11.08,10.87,11.05,5374.5786
2023-09-07 16:00:00+00:00,11.02,11.22,11.01,11.11,6119.3905
2023-09-07 18:00:00+00:00,11.12,11.15,11.06,11.1,1301.6298
2023-09-07 20:00:00+00:00,11.09,11.4,11.09,11.22,7411.6198
2023-09-07 22:00:00+00:00,11.22,11.3,11.12,11.16,2983.673
2023-09-08 00:00:00+00:00,11.16,11.23,11.09,11.09,2042.5467
2023-09-08 02:00:00+00:00,11.1,11.12,11.04,11.09,1433.6464
2023-09-08 04:00:00+00:00,11.07,11.68,11.07,11.39,31505.2262
2023-09-08 06:00:00+00:00,11.4,11.56,11.34,11.47,10987.5391
2023-09-08 08:00:00+00:00,11.44,11.8,11.29,11.61,43837.7126
2023-09-08 10:00:00+00:00,11.61,11.75,11.24,11.67,19859.4352
2023-09-08 12:00:00+00:00,11.69,11.95,11.49,11.57,19716.706
2023-09-08 14:00:00+00:00,11.58,11.77,11.42,11.62,9484.7689
2023-09-08 16:00:00+00:00,11.62,11.94,11.52,11.58,12260.2249
2023-09-08 18:00:00+00:00,11.58,11.8,11.55,11.74,6778.9123
2023-09-08 20:00:00+00:00,11.75,11.82,11.57,11.67,6426.5973
2023-09-08 22:00:00+00:00,11.68,11.81,11.67,11.7,2595.6724
2023-09-09 00:00:00+00:00,11.7,11.97,11.62,11.7,13211.3652
2023-09-09 02:00:00+00:00,11.69,11.7,11.53,11.57,4260.0701
2023-09-09 04:00:00+00:00,11.55,11.57,11.4,11.43,4335.4777
2023-09-09 06:00:00+00:00,11.43,11.54,11.41,11.51,2626.5983
2023-09-09 08:00:00+00:00,11.52,11.52,11.38,11.4,4565.9643
2023-09-09 10:00:00+00:00,11.41,11.45,11.25,11.4,6569.5483
2023-09-09 12:00:00+00:00,11.4,11.42,11.24,11.33,3695.5795
2023-09-09 14:00:00+00:00,11.32,11.48,11.29,11.4,3449.832
2023-09-09 16:00:00+00:00,11.42,11.49,11.38,11.43,1878.2862
2023-09-09 18:00:00+00:00,11.41,11.42,11.31,11.36,2460.6799
2023-09-09 20:00:00+00:00,11.36,11.37,11.3,11.31,960.5992
2023-09-09 22:00:00+00:00,11.31,11.33,11.27,11.32,1917.0431
2023-09-10 00:00:00+00:00,11.32,11.4,11.16,11.31,3584.3261
2023-09-10 02:00:00+00:00,11.3,11.36,11.27,11.31,918.0588
2023-09-10 04:00:00+00:00,11.31,11.31,11.05,11.19,3299.6194
2023-09-10 06:00:00+00:00,11.19,11.29,11.1,11.15,2191.5953
2023-09-10 08:00:00+00:00,11.15,11.2,11.11,11.17,1275.918
2023-09-10 10:00:00+00:00,11.16,11.25,11.06,11.09,3178.6989
2023-09-10 12:00:00+00:00,11.09,11.14,11.05,11.09,2041.7939
2023-09-10 14:00:00+00:00,11.1,11.12,10.8,10.93,10649.3462
2023-09-10 16:00:00+00:00,10.91,10.92,10.76,10.83,7198.6336
2023-09-10 18:00:00+00:00,10.85,11.05,10.83,10.85,3171.0398
2023-09-10 20:00:00+00:00,10.88,10.98,10.87,10.94,1744.7435
2023-09-10 22:00:00+00:00,10.94,10.98,10.84,10.84,1224.4682
2023-09-11 00:00:00+00:00,10.83,10.84,10.67,10.68,6680.2459
2023-09-11 02:00:00+00:00,10.68,10.75,10.65,10.75,1304.9148
2023-09-11 04:00:00+00:00,10.74,10.85,10.72,10.76,2658.1274
2023-09-11 06:00:00+00:00,10.77,10.84,10.76,10.84,1948.5699
2023-09-11 08:00:00+00:00,10.83,10.85,10.56,10.59,6239.3995
2023-09-11 10:00:00+00:00,10.6,10.66,10.43,10.47,5468.3049
2023-09-11 12:00:00+00:00,10.47,10.54,10.4,10.46,3204.3579
2023-09-11 14:00:00+00:00,10.46,10.47,10.28,10.4,7270.2623
2023-09-11 16:00:00+00:00,10.4,10.41,10.27,10.36,2548.9552
2023-09-11 18:00:00+00:00,10.37,10.53,10.25,10.32,4913.9179
2023-09-11 20:00:00+00:00,10.33,10.43,10.27,10.33,3463.085
2023-09-11 22:00:00+00:00,10.33,10.43,10.33,10.4,889.4354
2023-09-12 00:00:00+00:00,10.41,10.48,10.4,10.42,339.1353
2023-09-12 02:00:00+00:00,10.44,10.7,10.41,10.66,1134.7404
2023-09-12 04:00:00+00:00,10.67,10.69,10.44,10.49,2122.3087
2023-09-12 06:00:00+00:00,10.51,10.54,10.43,10.47,1552.0356
2023-09-12 08:00:00+00:00,10.48,10.72,10.46,10.7,2786.4561
2023-09-12 10:00:00+00:00,10.7,10.9,10.62,10.8,4785.7109
2023-09-12 12:00:00+00:00,10.81,10.82,10.65,10.76,1687.3757
2023-09-12 14:00:00+00:00,10.76,10.79,10.65,10.73,1773.1027
2023-09-12 16:00:00+00:00,10.73,10.83,10.62,10.67,1323.5859
2023-09-12 18:00:00+00:00,10.65,10.66,10.52,10.59,2470.5965
2023-09-12 20:00:00+00:00,10.59,10.7,10.58,10.68,1756.7329
2023-09-12 22:00:00+00:00,10.66,10.66,10.58,10.58,145.7288
2023-09-13 00:00:00+00:00,10.58,10.59,10.52,10.56,1076.8118
2023-09-13 02:00:00+00:00,10.56,10.57,10.49,10.5,1055.5897
2023-09-13 04:00:00+00:00,10.48,10.54,10.37,10.42,802.1334
2023-09-13 06:00:00+00:00,10.41,10.62,10.4,10.48,1383.675
2023-09-13 08:00:00+00:00,10.49,10.59,10.46,10.58,634.7747
2023-09-13 10:00:00+00:00,10.57,10.57,10.49,10.53,804.1935
2023-09-13 12:00:00+00:00,10.53,10.74,10.42,10.49,3652.8703
2023-09-13 14:00:00+00:00,10.51,10.65,10.49,10.59,1112.4086
2023-09-13 16:00:00+00:00,10.6,10.63,10.52,10.54,1353.9886
2023-09-13 18:00:00+00:00,10.53,10.58,10.49,10.54,1920.8801
2023-09-13 20:00:00+00:00,10.54,10.59,10.52,10.57,717.1989
2023-09-13 22:00:00+00:00,10.56,10.76,10.56,10.66,2922.0709
2023-09-14 00:00:00+00:00,10.69,10.86,10.66,10.77,572.324
2023-09-14 02:00:00+00:00,10.77,10.82,10.74,10.77,263.2212
2023-09-14 04:00:00+00:00,10.77,10.78,10.7,10.72,782.0954
2023-09-14 06:00:00+00:00,10.7,10.81,10.7,10.75,1342.2532
2023-09-14 08:00:00+00:00,10.74,10.83,10.7,10.74,752.0442
2023-09-14 10:00:00+00:00,10.75,10.87,10.74,10.8,1493.2153
2023-09-14 12:00:00+00:00,10.82,10.83,10.69,10.73,2578.3399
2023-09-14 14:00:00+00:00,10.71,10.74,10.65,10.67,3222.2344
2023-09-14 16:00:00+00:00,10.69,10.76,10.49,10.76,5910.1785
2023-09-14 18:00:00+00:00,10.76,10.87,10.65,10.74,4138.9905
2023-09-14 20:00:00+00:00,10.76,10.78,10.66,10.67,1190.7761
2023-09-14 22:00:00+00:00,10.67,10.78,10.67,10.75,645.4289
2023-09-15 00:00:00+00:00,10.76,10.79,10.68,10.74,1196.6605
2023-09-15 02:00:00+00:00,10.76,10.8,10.75,10.79,558.3938
2023-09-15 04:00:00+00:00,10.79,10.93,10.78,10.79,1353.4003
2023-09-15 06:00:00+00:00,10.79,10.87,10.7,10.78,1002.5292
2023-09-15 08:00:00+00:00,10.8,10.87,10.72,10.79,2468.6245
2023-09-15 10:00:00+00:00,10.78,10.88,10.77,10.81,1020.1
2023-09-15 12:00:00+00:00,10.79,11.03,10.78,10.89,3624.132
2023-09-15 14:00:00+00:00,10.9,12.29,10.84,12.2,78614.0139
2023-09-15 16:00:00+00:00,12.18,12.91,11.66,12.38,152706.3042
2023-09-15 18:00:00+00:00,12.38,12.85,11.84,11.92,118733.4936
2023-09-15 20:00:00+00:00,11.94,12.48,11.94,12.06,36364.589
2023-09-15 22:00:00+00:00,12.06,12.28,12.0,12.11,13822.1518
2023-09-16 00:00:00+00:00,12.13,12.5,12.1,12.15,13885.3385
2023-09-16 02:00:00+00:00,12.15,12.23,11.86,11.86,20887.6053
2023-09-16 04:00:00+00:00,11.88,12.49,11.78,12.39,26947.6785
2023-09-16 06:00:00+00:00,12.4,12.5,12.13,12.2,23605.8119
2023-09-16 08:00:00+00:00,12.2,12.37,12.03,12.08,13932.5433
2023-09-16 10:00:00+00:00,12.05,12.38,12.04,12.11,15992.0966
2023-09-16 12:00:00+00:00,12.11,12.33,11.99,12.18,16049.1339
2023-09-16 14:00:00+00:00,12.17,16.24,12.13,14.19,655371.7097
2023-09-16 16:00:00+00:00,14.19,14.82,13.84,14.1,131355.2155
2023-09-16 18:00:00+00:00,14.1,14.88,14.03,14.25,68698.6382
2023-09-16 20:00:00+00:00,14.28,14.61,14.07,14.34,43703.2841
2023-09-16 22:00:00+00:00,14.34,15.4,14.28,15.06,74625.922
2023-09-17 00:00:00+00:00,15.05,15.5,14.28,15.23,76628.9855
2023-09-17 02:00:00+00:00,15.23,16.43,14.55,14.73,90166.01
2023-09-17 04:00:00+00:00,14.73,14.94,13.41,13.55,61707.1209
2023-09-17 06:00:00+00:00,13.55,14.45,13.47,13.54,68425.1135
2023-09-17 08:00:00+00:00,13.55,13.74,13.11,13.43,44389.4089
2023-09-17 10:00:00+00:00,13.43,14.08,12.91,12.97,60338.9457
2023-09-17 12:00:00+00:00,12.92,13.28,12.72,12.85,39800.2986
2023-09-17 14:00:00+00:00,12.81,13.03,12.56,13.03,24275.0625
2023-09-17 16:00:00+00:00,13.01,13.06,12.51,12.63,15881.9401
2023-09-17 18:00:00+00:00,12.62,12.69,12.5,12.5,8420.7881
2023-09-17 20:00:00+00:00,12.5,12.79,12.37,12.51,10582.1748
2023-09-17 22:00:00+00:00,12.51,12.51,12.32,12.39,6258.1285
2023-09-18 00:00:00+00:00,12.4,12.48,12.15,12.28,7806.6037
2023-09-18 02:00:00+00:00,12.28,12.64,12.25,12.63,7120.4929
2023-09-18 04:00:00+00:00,12.59,12.73,12.37,12.49,8415.3938
2023-09-18 06:00:00+00:00,12.48,12.52,12.16,12.25,10887.3134
2023-09-18 08:00:00+00:00,12.26,12.4,12.11,12.29,12582.7752
2023-09-18 10:00:00+00:00,12.28,12.78,12.23,12.63,20416.2966
2023-09-18 12:00:00+00:00,12.62,12.76,12.44,12.52,8365.8244
2023-09-18 14:00:00+00:00,12.56,12.71,12.27,12.32,11822.1888
2023-09-18 16:00:00+00:00,12.33,12.49,12.14,12.16,12495.2734
2023-09-18 18:00:00+00:00,12.16,12.26,12.0,12.21,8269.2018
2023-09-18 20:00:00+00:00,12.18,12.35,12.15,12.23,6580.5812
2023-09-18 22:00:00+00:00,12.24,12.29,12.18,12.2,2288.7277
2023-09-19 00:00:00+00:00,12.19,12.48,12.18,12.34,9107.9033
2023-09-19 02:00:00+00:00,12.35,12.6,12.31,12.51,5361.171
2023-09-19 04:00:00+00:00,12.51,12.76,12.49,12.67,8467.9326
2023-09-19 06:00:00+00:00,12.68,12.7,12.51,12.58,4142.2393
2023-09-19 08:00:00+00:00,12.58,12.61,12.3,12.37,8061.4238
2023-09-19 10:00:00+00:00,12.37,12.5,12.25,12.37,12323.5297
2023-09-19 12:00:00+00:00,12.35,12.38,12.13,12.16,10991.5755
2023-09-19 14:00:00+00:00,12.16,12.34,12.14,12.25,5867.4746
2023-09-19 16:00:00+00:00,12.24,12.37,12.21,12.23,4956.2708
2023-09-19 18:00:00+00:00,12.23,12.29,12.2,12.22,3169.6845
2023-09-19 20:00:00+00:00,12.22,12.23,12.13,12.17,2954.201
2023-09-19 22:00:00+00:00,12.15,12.38,12.12,12.31,5796.5604
2023-09-20 00:00:00+00:00,12.3,12.39,12.27,12.35,2296.213
2023-09-20 02:00:00+00:00,12.36,12.41,12.18,12.19,3498.3461
2023-09-20 04:00:00+00:00,12.18,12.32,12.16,12.17,2952.6726
2023-09-20 06:00:00+00:00,12.18,12.45,12.14,12.28,6971.4017
2023-09-20 08:00:00+00:00,12.28,12.57,12.15,12.23,7816.4873
2023-09-20 10:00:00+00:00,12.23,12.29,12.19,12.22,3273.8362
2023-09-20 12:00:00+00:00,12.22,12.32,11.88,12.12,18245.7035
2023-09-20 14:00:00+00:00,12.12,12.17,12.0,12.04,4889.7751
2023-09-20 16:00:00+00:00,12.04,12.1,11.95,12.03,4236.4913
2023-09-20 18:00:00+00:00,12.0,12.16,11.91,11.99,4013.9788
2023-09-20 20:00:00+00:00,11.99,12.12,11.98,12.11,2510.2032
2023-09-20 22:00:00+00:00,12.06,12.12,12.03,12.08,576.6615
2023-09-21 00:00:00+00:00,12.05,12.07,11.83,11.96,2658.2617
2023-09-21 02:00:00+00:00,11.95,11.98,11.87,11.97,2301.9854
2023-09-21 04:00:00+00:00,11.97,11.98,11.81,11.9,6571.2053
2023-09-21 06:00:00+00:00,11.9,12.18,11.74,11.96,12038.0669
2023-09-21 08:00:00+00:00,11.95,12.16,11.88,11.93,5192.4102
2023-09-21 10:00:00+00:00,11.91,12.05,11.82,11.87,3685.8506
2023-09-21 12:00:00+00:00,11.86,11.96,11.69,11.76,4765.3225
2023-09-21 14:00:00+00:00,11.76,11.83,11.69,11.81,4128.1575
2023-09-21 16:00:00+00:00,11.8,11.95,11.75,11.84,5200.9176
2023-09-21 18:00:00+00:00,11.84,11.98,11.76,11.87,3446.5484
2023-09-21 20:00:00+00:00,11.87,11.91,11.62,11.68,5387.3871
2023-09-21 22:00:00+00:00,11.7,11.7,11.56,11.59,1597.6338
2023-09-22 00:00:00+00:00,11.58,11.61,11.41,11.52,4249.4328
2023-09-22 02:00:00+00:00,11.52,11.59,11.45,11.56,2738.0705
2023-09-22 04:00:00+00:00,11.56,11.64,11.56,11.63,2043.8777
2023-09-22 06:00:00+00:00,11.64,11.66,11.49,11.55,2453.9014
2023-09-22 08:00:00+00:00,11.54,11.58,11.44,11.55,4663.9317
2023-09-22 10:00:00+00:00,11.55,11.76,11.53,11.75,2602.7837
2023-09-22 12:00:00+00:00,11.76,11.78,11.57,11.68,4241.7552
2023-09-22 14:00:00+00:00,11.68,11.8,11.62,11.68,3311.6819
2023-09-22 16:00:00+00:00,11.68,11.68,11.47,11.54,5367.969
2023-09-22 18:00:00+00:00,11.55,11.57,11.48,11.53,2534.963
2023-09-22 20:00:00+00:00,11.53,11.63,11.51,11.54,3669.2042
2023-09-22 22:00:00+00:00,11.56,11.61,11.54,11.59,836.1163
2023-09-23 00:00:00+00:00,11.59,11.76,11.59,11.63,2124.7816
2023-09-23 02:00:00+00:00,11.63,11.63,11.52,11.54,1387.7808
2023-09-23 04:00:00+00:00,11.54,11.57,11.48,11.55,864.601
2023-09-23 06:00:00+00:00,11.56,11.58,11.52,11.56,750.8286
2023-09-23 08:00:00+00:00,11.56,11.63,11.48,11.55,2258.5331
2023-09-23 10:00:00+00:00,11.56,11.78,11.52,11.64,3495.6057
2023-09-23 12:00:00+00:00,11.64,11.7,11.54,11.55,2555.0952
2023-09-23 14:00:00+00:00,11.56,11.69,11.51,11.56,7150.807
2023-09-23 16:00:00+00:00,11.56,11.69,11.32,11.42,11755.0138
2023-09-23 18:00:00+00:00,11.42,11.47,11.39,11.45,2630.2442
2023-09-23 20:00:00+00:00,11.44,11.45,11.36,11.41,2623.6598
2023-09-23 22:00:00+00:00,11.38,11.46,11.37,11.42,1313.2458
2023-09-24 00:00:00+00:00,11.42,11.8,11.33,11.62,15948.6314
2023-09-24 02:00:00+00:00,11.63,11.92,11.62,11.79,5754.7311
2023-09-24 04:00:00+00:00,11.81,11.87,11.73,11.87,2520.8861
2023-09-24 06:00:00+00:00,11.86,12.8,11.72,12.27,45533.4708
2023-09-24 08:00:00+00:00,12.27,12.6,12.01,12.6,30103.2273
2023-09-24 10:00:00+00:00,12.61,15.0,12.48,14.44,347774.5524
2023-09-24 12:00:00+00:00,14.47,14.53,13.03,13.16,113052.3506
2023-09-24 14:00:00+00:00,13.16,13.45,12.73,12.75,51350.0952
2023-09-24 16:00:00+00:00,12.75,14.02,12.61,13.12,110415.9706
2023-09-24 18:00:00+00:00,13.12,14.55,13.01,13.57,157896.6499
2023-09-24 20:00:00+00:00,13.59,13.84,13.23,13.33,66294.9564
2023-09-24 22:00:00+00:00,13.36,13.78,13.16,13.25,27049.3171
2023-09-25 00:00:00+00:00,13.25,13.77,13.14,13.46,30552.6936
2023-09-25 02:00:00+00:00,13.46,13.68,12.83,12.85,23250.1373
2023-09-25 04:00:00+00:00,12.85,12.95,12.54,12.61,22601.631
2023-09-25 06:00:00+00:00,12.6,13.11,12.38,12.38,25663.994
2023-09-25 08:00:00+00:00,12.39,12.47,12.15,12.17,15809.9943
2023-09-25 10:00:00+00:00,12.18,12.44,12.17,12.39,7733.8897
2023-09-25 12:00:00+00:00,12.38,12.58,12.28,12.39,14896.2805
2023-09-25 14:00:00+00:00,12.39,12.47,12.27,12.41,6013.1604
2023-09-25 16:00:00+00:00,12.41,12.54,12.41,12.52,5644.3189
2023-09-25 18:00:00+00:00,12.51,12.59,12.28,12.39,10466.6268
2023-09-25 20:00:00+00:00,12.39,12.42,12.15,12.17,10367.6487
2023-09-25 22:00:00+00:00,12.17,12.33,12.17,12.28,5131.1049
2023-09-26 00:00:00+00:00,12.27,12.36,12.16,12.3,5074.243
2023-09-26 02:00:00+00:00,12.27,12.38,12.22,12.35,5214.9178
2023-09-26 04:00:00+00:00,12.36,12.7,12.35,12.54,9625.9427
2023-09-26 06:00:00+00:00,12.55,12.56,12.27,12.3,7332.4039
2023-09-26 08:00:00+00:00,12.29,12.39,12.19,12.39,5452.1784
2023-09-26 10:00:00+00:00,12.38,12.65,12.25,12.51,7946.2831
2023-09-26 12:00:00+00:00,12.51,12.79,12.25,12.53,15908.7895
2023-09-26 14:00:00+00:00,12.55,12.74,12.38,12.4,9626.6088
2023-09-26 16:00:00+00:00,12.41,12.64,12.36,12.56,6432.3836
2023-09-26 18:00:00+00:00,12.55,12.7,12.46,12.51,5571.746
2023-09-26 20:00:00+00:00,12.51,13.75,12.46,13.31,46579.8283
2023-09-26 22:00:00+00:00,13.32,13.8,13.0,13.43,39669.805
2023-09-27 00:00:00+00:00,13.47,14.0,13.32,13.5,27937.9949
2023-09-27 02:00:00+00:00,13.5,14.07,13.4,13.62,35828.5607
2023-09-27 04:00:00+00:00,13.62,14.0,13.31,13.45,26737.2979
2023-09-27 06:00:00+00:00,13.42,13.82,13.15,13.55,20984.4707
2023-09-27 08:00:00+00:00,13.54,14.12,13.43,13.55,38636.8466
2023-09-27 10:00:00+00:00,13.56,13.61,13.15,13.22,19743.4927
2023-09-27 12:00:00+00:00,13.22,13.25,12.85,12.93,16289.7017
2023-09-27 14:00:00+00:00,12.93,13.13,12.7,13.11,10198.6419
2023-09-27 16:00:00+00:00,13.1,13.1,12.74,12.85,8405.0797
2023-09-27 18:00:00+00:00,12.84,12.96,12.76,12.81,4375.3679
2023-09-27 20:00:00+00:00,12.81,13.06,12.76,13.02,7797.9778
2023-09-27 22:00:00+00:00,13.03,13.03,12.89,12.99,3505.5725
2023-09-28 00:00:00+00:00,13.0,13.14,12.9,13.0,4166.2441
2023-09-28 02:00:00+00:00,13.01,13.27,12.83,12.85,8637.9723
2023-09-28 04:00:00+00:00,12.86,13.14,12.8,13.12,6366.3721
2023-09-28 06:00:00+00:00,13.12,13.69,12.99,13.08,14127.8953
2023-09-28 08:00:00+00:00,13.09,13.13,12.9,13.07,6141.7397
2023-09-28 10:00:00+00:00,13.08,13.3,12.98,13.05,5644.5231
2023-09-28 12:00:00+00:00,13.04,13.08,12.9,12.94,6090.3633
2023-09-28 14:00:00+00:00,12.96,13.04,12.84,12.95,5935.2904
2023-09-28 16:00:00+00:00,12.98,13.18,12.96,13.14,5048.8407
2023-09-28 18:00:00+00:00,13.14,13.14,12.89,12.95,4069.529
2023-09-28 20:00:00+00:00,12.95,13.0,12.81,12.9,4320.0337
2023-09-28 22:00:00+00:00,12.92,12.93,12.84,12.88,2250.9103
2023-09-29 00:00:00+00:00,12.89,12.94,12.82,12.91,3288.0472
2023-09-29 02:00:00+00:00,12.91,12.97,12.81,12.91,2764.1452
2023-09-29 04:00:00+00:00,12.89,12.89,12.73,12.76,3400.4863
2023-09-29 06:00:00+00:00,12.77,13.05,12.74,12.97,3211.2355
2023-09-29 08:00:00+00:00,12.98,13.04,12.82,12.87,4767.8699
2023-09-29 10:00:00+00:00,12.87,12.9,12.78,12.81,1498.348
2023-09-29 12:00:00+00:00,12.81,12.83,12.66,12.67,4344.7284
2023-09-29 14:00:00+00:00,12.66,12.7,12.52,12.59,6631.8609
2023-09-29 16:00:00+00:00,12.59,12.61,12.13,12.36,15086.3158
2023-09-29 18:00:00+00:00,12.36,12.43,12.34,12.39,2704.301
2023-09-29 20:00:00+00:00,12.39,12.55,12.36,12.53,3334.1145
2023-09-29 22:00:00+00:00,12.51,12.55,12.44,12.51,1529.2137
2023-09-30 00:00:00+00:00,12.52,12.59,12.42,12.42,2767.7898
2023-09-30 02:00:00+00:00,12.42,12.49,12.3,12.34,4551.3105
2023-09-30 04:00:00+00:00,12.34,12.75,12.3,12.46,3434.2749
2023-09-30 06:00:00+00:00,12.47,12.52,12.34,12.37,3222.2133
2023-09-30 08:00:00+00:00,12.37,12.46,12.32,12.43,3057.829
2023-09-30 10:00:00+00:00,12.43,12.53,12.43,12.49,2400.175
2023-09-30 12:00:00+00:00,12.48,12.79,12.45,12.78,7794.3299
2023-09-30 14:00:00+00:00,12.76,13.0,12.55,12.57,9220.6857
2023-09-30 16:00:00+00:00,12.6,12.74,12.54,12.74,2180.4073
2023-09-30 18:00:00+00:00,12.74,13.15,12.69,13.06,24208.4301
2023-09-30 20:00:00+00:00,13.04,13.13,12.75,12.78,12514.4689
2023-09-30 22:00:00+00:00,12.77,13.01,12.73,12.78,4067.2356
2023-10-01 00:00:00+00:00,12.79,12.91,12.71,12.75,3192.7367
2023-10-01 02:00:00+00:00,12.75,12.77,12.59,12.74,2751.0009
2023-10-01 04:00:00+00:00,12.72,12.82,12.62,12.67,4335.985
2023-10-01 06:00:00+00:00,12.67,12.76,12.61,12.67,3529.0944
2023-10-01 08:00:00+00:00,12.66,12.86,12.63,12.82,4051.7836
2023-10-01 10:00:00+00:00,12.81,12.9,12.76,12.83,4057.4569
2023-10-01 12:00:00+00:00,12.82,12.84,12.74,12.79,4149.0342
2023-10-01 14:00:00+00:00,12.78,12.78,12.55,12.69,8083.3191
2023-10-01 16:00:00+00:00,12.68,12.7,12.48,12.52,4569.9048
2023-10-01 18:00:00+00:00,12.52,12.7,12.46,12.56,3323.1531
2023-10-01 20:00:00+00:00,12.57,12.69,12.56,12.63,2590.8689
2023-10-01 22:00:00+00:00,12.63,12.9,12.52,12.84,10149.0566
2023-10-02 00:00:00+00:00,12.85,13.37,12.83,12.94,9884.9778
2023-10-02 02:00:00+00:00,12.94,12.99,12.77,12.87,2971.2151
2023-10-02 04:00:00+00:00,12.87,12.88,12.67,12.77,3258.1558
2023-10-02 06:00:00+00:00,12.77,12.89,12.69,12.81,3760.2844
2023-10-02 08:00:00+00:00,12.83,13.15,12.79,13.02,7263.1955
2023-10-02 10:00:00+00:00,13.0,13.23,12.9,12.95,6663.1329
2023-10-02 12:00:00+00:00,12.95,12.96,12.7,12.78,7881.4826
2023-10-02 14:00:00+00:00,12.79,12.79,12.5,12.53,7933.2408
2023-10-02 16:00:00+00:00,12.53,12.69,12.5,12.68,5277.5057
2023-10-02 18:00:00+00:00,12.67,12.75,12.33,12.51,6406.5363
2023-10-02 20:00:00+00:00,12.51,12.51,12.29,12.36,2817.3477
2023-10-02 22:00:00+00:00,12.38,12.47,12.35,12.43,1949.0094
2023-10-03 00:00:00+00:00,12.43,12.63,12.4,12.59,3386.6698
2023-10-03 02:00:00+00:00,12.57,12.63,12.46,12.5,2114.8286
2023-10-03 04:00:00+00:00,12.5,12.51,12.42,12.43,969.8771
2023-10-03 06:00:00+00:00,12.44,12.48,12.36,12.4,2142.0818
2023-10-03 08:00:00+00:00,12.41,12.47,12.35,12.39,2431.8286
2023-10-03 10:00:00+00:00,12.39,12.42,12.25,12.35,2391.5717
2023-10-03 12:00:00+00:00,12.35,12.37,12.22,12.32,3804.1427
2023-10-03 14:00:00+00:00,12.32,12.45,12.25,12.3,4711.2883
2023-10-03 16:00:00+00:00,12.31,12.51,12.26,12.47,5238.9276
2023-10-03 18:00:00+00:00,12.46,12.58,12.41,12.42,4200.8421
2023-10-03 20:00:00+00:00,12.44,12.49,12.31,12.43,2135.6144
2023-10-03 22:00:00+00:00,12.43,12.45,12.31,12.36,2082.0505
2023-10-04 00:00:00+00:00,12.35,12.36,11.92,12.05,8785.7992
2023-10-04 02:00:00+00:00,12.04,12.13,12.01,12.04,4140.0533
2023-10-04 04:00:00+00:00,12.04,12.08,11.96,12.07,4532.9346
2023-10-04 06:00:00+00:00,12.06,12.29,11.85,12.17,6725.3479
2023-10-04 08:00:00+00:00,12.17,12.52,12.0,12.43,11203.3402
2023-10-04 10:00:00+00:00,12.42,12.6,12.29,12.32,4077.5724
2023-10-04 12:00:00+00:00,12.34,12.45,12.18,12.2,3867.9331
2023-10-04 14:00:00+00:00,12.19,12.38,12.08,12.18,5524.2931
2023-10-04 16:00:00+00:00,12.18,12.41,12.15,12.31,2045.2678
2023-10-04 18:00:00+00:00,12.31,12.55,12.23,12.38,3692.5743
2023-10-04 20:00:00+00:00,12.38,12.6,12.34,12.39,3196.4818
2023-10-04 22:00:00+00:00,12.37,12.41,12.35,12.37,708.6508
2023-10-05 00:00:00+00:00,12.35,12.4,12.28,12.29,1493.8098
2023-10-05 02:00:00+00:00,12.3,12.33,12.27,12.32,595.8237
2023-10-05 04:00:00+00:00,12.32,12.55,12.31,12.45,1571.2051
2023-10-05 06:00:00+00:00,12.46,12.6,12.37,12.42,4498.0737
2023-10-05 08:00:00+00:00,12.43,12.72,12.38,12.44,10574.664
2023-10-05 10:00:00+00:00,12.43,12.59,12.41,12.44,1392.4475
2023-10-05 12:00:00+00:00,12.44,12.6,12.36,12.5,3165.9517
2023-10-05 14:00:00+00:00,12.5,12.57,12.35,12.38,2858.7452
2023-10-05 16:00:00+00:00,12.4,12.4,12.19,12.24,4378.5616
2023-10-05 18:00:00+00:00,12.23,12.41,12.16,12.2,3525.3995
2023-10-05 20:00:00+00:00,12.21,12.26,12.17,12.23,1035.7462
2023-10-05 22:00:00+00:00,12.23,12.26,12.18,12.22,941.8206
2023-10-06 00:00:00+00:00,12.23,12.4,12.2,12.37,1032.1984
2023-10-06 02:00:00+00:00,12.36,12.59,12.33,12.46,3459.6558
2023-10-06 04:00:00+00:00,12.46,12.55,12.41,12.41,1513.9577
2023-10-06 06:00:00+00:00,12.43,12.43,12.27,12.31,2348.1493
2023-10-06 08:00:00+00:00,12.34,12.39,12.3,12.32,1029.2344
2023-10-06 10:00:00+00:00,12.32,12.37,12.28,12.34,1328.6799
2023-10-06 12:00:00+00:00,12.35,12.51,12.28,12.36,3787.6578
2023-10-06 14:00:00+00:00,12.36,12.52,12.33,12.47,2003.3203
2023-10-06 16:00:00+00:00,12.46,12.71,12.4,12.5,8422.6826
2023-10-06 18:00:00+00:00,12.5,12.56,12.34,12.48,6046.3729
2023-10-06 20:00:00+00:00,12.49,12.59,12.44,12.52,1946.3599
2023-10-06 22:00:00+00:00,12.52,12.59,12.45,12.48,1427.0546
2023-10-07 00:00:00+00:00,12.48,12.55,12.39,12.44,4446.6662
2023-10-07 02:00:00+00:00,12.44,12.5,12.36,12.38,1190.7396
2023-10-07 04:00:00+00:00,12.39,12.42,12.34,12.36,1926.9273
2023-10-07 06:00:00+00:00,12.35,12.4,12.3,12.3,1717.5929
2023-10-07 08:00:00+00:00,12.33,12.56,12.3,12.44,2851.6049
2023-10-07 10:00:00+00:00,12.44,12.44,12.31,12.33,3405.8802
2023-10-07 12:00:00+00:00,12.33,12.49,12.32,12.46,3182.1533
2023-10-07 14:00:00+00:00,12.46,12.5,12.36,12.45,3545.536
2023-10-07 16:00:00+00:00,12.45,12.5,12.36,12.42,3773.7922
2023-10-07 18:00:00+00:00,12.41,12.47,12.12,12.23,6524.8409
2023-10-07 20:00:00+00:00,12.22,12.29,12.18,12.27,2033.8273
2023-10-07 22:00:00+00:00,12.27,12.29,12.19,12.26,849.5447
2023-10-08 00:00:00+00:00,12.24,12.26,12.17,12.22,1106.7733
2023-10-08 02:00:00+00:00,12.23,12.25,12.17,12.21,550.9042
2023-10-08 04:00:00+00:00,12.21,12.22,12.08,12.14,1821.5893
2023-10-08 06:00:00+00:00,12.14,12.18,12.03,12.11,3568.8315
2023-10-08 08:00:00+00:00,12.12,12.36,12.09,12.13,5808.8216
2023-10-08 10:00:00+00:00,12.14,12.18,12.05,12.13,1953.2508
2023-10-08 12:00:00+00:00,12.13,12.2,12.1,12.2,1246.9597
2023-10-08 14:00:00+00:00,12.19,12.28,12.14,12.24,2634.7298
2023-10-08 16:00:00+00:00,12.24,12.24,12.11,12.19,3093.4167
2023-10-08 18:00:00+00:00,12.18,12.2,11.98,12.2,4477.1114
2023-10-08 20:00:00+00:00,12.2,12.21,12.06,12.1,2475.6124
2023-10-08 22:00:00+00:00,12.1,12.1,11.99,12.08,1699.1065
2023-10-09 00:00:00+00:00,12.08,12.08,11.9,11.96,3939.1785
2023-10-09 02:00:00+00:00,11.97,12.0,11.93,12.0,565.0283
2023-10-09 04:00:00+00:00,12.0,12.06,11.98,11.98,1050.4387
2023-10-09 06:00:00+00:00,11.99,12.0,11.67,11.85,7619.325
2023-10-09 08:00:00+00:00,11.84,11.92,11.5,11.54,5913.7845
2023-10-09 10:00:00+00:00,11.54,11.6,11.42,11.51,6876.365
2023-10-09 12:00:00+00:00,11.51,11.68,11.45,11.56,5769.1847
2023-10-09 14:00:00+00:00,11.57,11.65,11.48,11.58,1608.9323
2023-10-09 16:00:00+00:00,11.56,11.56,11.2,11.46,7001.0983
2023-10-09 18:00:00+00:00,11.45,11.55,11.37,11.45,4940.0981
2023-10-09 20:00:00+00:00,11.45,11.52,11.41,11.43,1102.6464
2023-10-09 22:00:00+00:00,11.43,11.43,11.35,11.4,870.4345
2023-10-10 00:00:00+00:00,11.41,11.43,11.26,11.28,2360.899
2023-10-10 02:00:00+00:00,11.27,11.52,11.21,11.34,3722.3526
2023-10-10 04:00:00+00:00,11.33,11.36,11.25,11.3,1414.2035
2023-10-10 06:00:00+00:00,11.3,11.36,11.28,11.34,756.3251
2023-10-10 08:00:00+00:00,11.35,11.48,11.3,11.43,2271.5527
2023-10-10 10:00:00+00:00,11.44,11.52,11.32,11.48,2576.0958
2023-10-10 12:00:00+00:00,11.47,11.8,11.3,11.63,11612.3511
2023-10-10 14:00:00+00:00,11.62,11.86,11.52,11.55,5837.0463
2023-10-10 16:00:00+00:00,11.55,11.81,11.55,11.74,9206.0912
2023-10-10 18:00:00+00:00,11.74,11.74,11.5,11.57,3710.3936
2023-10-10 20:00:00+00:00,11.57,11.65,11.45,11.51,3962.7366
2023-10-10 22:00:00+00:00,11.51,11.58,11.5,11.51,1095.6017
2023-10-11 00:00:00+00:00,11.54,11.55,11.45,11.47,1738.3671
2023-10-11 02:00:00+00:00,11.47,11.48,11.24,11.37,2856.6079
2023-10-11 04:00:00+00:00,11.39,11.6,11.36,11.51,4237.862
2023-10-11 06:00:00+00:00,11.51,11.53,11.33,11.33,2765.9636
2023-10-11 08:00:00+00:00,11.34,11.78,11.34,11.67,8033.1754
2023-10-11 10:00:00+00:00,11.68,12.65,11.67,11.92,57940.6925
2023-10-11 12:00:00+00:00,11.92,12.2,11.76,12.03,16081.0549
2023-10-11 14:00:00+00:00,12.02,12.32,11.81,11.95,21961.6878
2023-10-11 16:00:00+00:00,11.96,12.09,11.75,11.85,11333.5879
2023-10-11 18:00:00+00:00,11.84,12.27,11.76,12.14,10786.5656
2023-10-11 20:00:00+00:00,12.14,12.48,12.04,12.12,22476.3326
2023-10-11 22:00:00+00:00,12.14,12.24,11.96,12.03,8263.689
2023-10-12 00:00:00+00:00,12.03,12.06,11.9,11.93,3777.1399
2023-10-12 02:00:00+00:00,11.92,12.06,11.85,11.9,2366.5587
2023-10-12 04:00:00+00:00,11.89,11.99,11.64,11.78,6288.9563
2023-10-12 06:00:00+00:00,11.78,11.82,11.55,11.62,7614.7684
2023-10-12 08:00:00+00:00,11.63,11.7,11.37,11.37,5812.8066
2023-10-12 10:00:00+00:00,11.37,11.49,11.32,11.44,4469.1894
2023-10-12 12:00:00+00:00,11.43,11.48,11.38,11.42,2243.3825
2023-10-12 14:00:00+00:00,11.42,11.48,11.29,11.36,5235.5073
2023-10-12 16:00:00+00:00,11.36,11.39,11.26,11.33,4734.5829
2023-10-12 18:00:00+00:00,11.34,11.51,11.27,11.4,3331.1039
2023-10-12 20:00:00+00:00,11.4,11.45,11.32,11.45,971.3403
2023-10-12 22:00:00+00:00,11.44,11.46,11.35,11.41,956.0211
2023-10-13 00:00:00+00:00,11.41,11.44,11.33,11.4,4476.1758
2023-10-13 02:00:00+00:00,11.4,11.44,11.32,11.36,512.456
2023-10-13 04:00:00+00:00,11.37,11.37,11.3,11.32,1388.5894
2023-10-13 06:00:00+00:00,11.32,11.47,11.25,11.39,4254.7257
2023-10-13 08:00:00+00:00,11.4,11.61,11.28,11.46,5983.681
2023-10-13 10:00:00+00:00,11.45,11.88,11.45,11.74,9941.8546
2023-10-13 12:00:00+00:00,11.74,11.94,11.64,11.79,10495.5257
2023-10-13 14:00:00+00:00,11.8,11.98,11.78,11.94,7503.4573
2023-10-13 16:00:00+00:00,11.94,13.0,11.73,12.49,120867.7338
2023-10-13 18:00:00+00:00,12.51,13.99,12.49,13.02,143781.5812
2023-10-13 20:00:00+00:00,13.01,13.3,12.92,12.99,42628.8522
2023-10-13 22:00:00+00:00,13.0,13.17,12.77,12.98,13517.2819
2023-10-14 00:00:00+00:00,12.96,12.98,12.7,12.93,7587.0738
2023-10-14 02:00:00+00:00,12.92,13.38,12.8,13.13,27939.4947
2023-10-14 04:00:00+00:00,13.13,13.84,13.09,13.14,42451.5625
2023-10-14 06:00:00+00:00,13.14,13.35,12.8,13.08,44946.9605
2023-10-14 08:00:00+00:00,13.07,13.15,12.89,13.01,26354.6572
2023-10-14 10:00:00+00:00,13.0,13.5,12.95,13.06,34402.6552
2023-10-14 12:00:00+00:00,13.06,13.71,13.05,13.14,84919.3386
2023-10-14 14:00:00+00:00,13.16,13.27,12.99,13.04,23906.9012
2023-10-14 16:00:00+00:00,13.04,13.12,12.32,12.38,43361.2517
2023-10-14 18:00:00+00:00,12.38,12.52,12.2,12.38,15505.4843
2023-10-14 20:00:00+00:00,12.38,12.48,12.25,12.38,11666.2031
2023-10-14 22:00:00+00:00,12.38,12.45,12.29,12.32,3872.7671
2023-10-15 00:00:00+00:00,12.32,12.38,12.22,12.34,5167.1744
2023-10-15 02:00:00+00:00,12.34,12.48,12.31,12.44,5014.3637
2023-10-15 04:00:00+00:00,12.45,12.58,12.37,12.47,6035.0387
2023-10-15 06:00:00+00:00,12.47,12.76,12.35,12.63,9051.3935
2023-10-15 08:00:00+00:00,12.62,12.82,12.48,12.76,17561.8841
2023-10-15 10:00:00+00:00,12.75,12.75,12.6,12.63,4738.3574
2023-10-15 12:00:00+00:00,12.65,12.77,12.2,12.33,19238.5472
2023-10-15 14:00:00+00:00,12.33,12.62,12.32,12.48,10332.2967
2023-10-15 16:00:00+00:00,12.47,12.69,12.46,12.51,6145.0805
2023-10-15 18:00:00+00:00,12.52,12.7,12.5,12.56,4923.9932
2023-10-15 20:00:00+00:00,12.53,12.55,12.32,12.44,7038.5469
2023-10-15 22:00:00+00:00,12.44,12.55,12.39,12.47,2476.9687
2023-10-16 00:00:00+00:00,12.47,12.67,12.46,12.59,3680.8118
2023-10-16 02:00:00+00:00,12.59,12.63,12.5,12.58,2645.9545
2023-10-16 04:00:00+00:00,12.58,12.77,12.47,12.62,4297.6769
2023-10-16 06:00:00+00:00,12.63,12.87,12.55,12.75,7874.6605
2023-10-16 08:00:00+00:00,12.76,12.79,12.46,12.49,6092.4045
2023-10-16 10:00:00+00:00,12.5,12.57,12.44,12.52,3156.6643
2023-10-16 12:00:00+00:00,12.52,12.74,12.36,12.41,12650.3887
2023-10-16 14:00:00+00:00,12.41,12.52,12.38,12.41,4513.0272
2023-10-16 16:00:00+00:00,12.41,12.45,12.37,12.39,2526.8078
2023-10-16 18:00:00+00:00,12.39,12.55,12.32,12.45,5773.7044
2023-10-16 20:00:00+00:00,12.45,12.74,12.45,12.57,19113.9679
2023-10-16 22:00:00+00:00,12.58,12.65,12.55,12.61,2441.65
2023-10-17 00:00:00+00:00,12.59,12.64,12.52,12.63,1556.1612
2023-10-17 02:00:00+00:00,12.63,12.64,12.58,12.59,755.4663
2023-10-17 04:00:00+00:00,12.6,12.66,12.51,12.56,1831.2015
2023-10-17 06:00:00+00:00,12.57,12.61,12.24,12.44,9997.7299
2023-10-17 08:00:00+00:00,12.44,12.45,12.32,12.39,2232.484
2023-10-17 10:00:00+00:00,12.4,12.53,12.35,12.46,4576.5983
2023-10-17 12:00:00+00:00,12.47,12.49,12.25,12.37,8884.273
2023-10-17 14:00:00+00:00,12.37,12.42,12.26,12.32,4465.727
2023-10-17 16:00:00+00:00,12.31,12.38,12.2,12.28,4958.8685
2023-10-17 18:00:00+00:00,12.28,12.37,12.2,12.26,3779.7217
2023-10-17 20:00:00+00:00,12.28,12.31,12.21,12.26,1791.3561
2023-10-17 22:00:00+00:00,12.28,12.34,12.26,12.26,564.8141
2023-10-18 00:00:00+00:00,12.26,12.4,12.2,12.29,3237.0112
2023-10-18 02:00:00+00:00,12.26,12.27,12.08,12.21,4088.4056
2023-10-18 04:00:00+00:00,12.22,12.45,12.18,12.45,4769.1368
2023-10-18 06:00:00+00:00,12.45,12.5,12.16,12.19,7240.8111
2023-10-18 08:00:00+00:00,12.2,12.28,12.17,12.19,1251.7425
2023-10-18 10:00:00+00:00,12.19,12.28,12.18,12.22,1913.7784
2023-10-18 12:00:00+00:00,12.2,12.26,12.04,12.07,3423.2006
2023-10-18 14:00:00+00:00,12.07,12.33,11.93,12.1,10637.5489
2023-10-18 16:00:00+00:00,12.09,12.19,12.05,12.09,1741.1429
2023-10-18 18:00:00+00:00,12.09,12.31,12.06,12.07,8456.6792
2023-10-18 20:00:00+00:00,12.07,12.2,12.01,12.09,3236.7895
2023-10-18 22:00:00+00:00,12.1,12.22,11.97,12.03,4307.8319
2023-10-19 00:00:00+00:00,12.04,12.11,11.95,12.01,1688.8375
2023-10-19 02:00:00+00:00,12.01,12.07,11.95,11.98,1260.3544
2023-10-19 04:00:00+00:00,11.98,11.98,11.82,11.94,3343.6053
2023-10-19 06:00:00+00:00,11.93,11.96,11.82,11.84,2903.8197
2023-10-19 08:00:00+00:00,11.84,11.86,11.79,11.85,2010.9338
2023-10-19 10:00:00+00:00,11.83,11.91,11.79,11.91,2380.169
2023-10-19 12:00:00+00:00,11.9,11.9,11.6,11.79,10859.8514
2023-10-19 14:00:00+00:00,11.79,11.87,11.71,11.84,3589.6992
2023-10-19 16:00:00+00:00,11.84,11.97,11.77,11.81,3391.6685
2023-10-19 18:00:00+00:00,11.81,11.85,11.77,11.78,994.4629
2023-10-19 20:00:00+00:00,11.77,11.87,11.75,11.84,2964.3142
2023-10-19 22:00:00+00:00,11.83,11.91,11.75,11.8,1950.7239
2023-10-20 00:00:00+00:00,11.81,11.81,11.72,11.78,1185.8279
2023-10-20 02:00:00+00:00,11.76,11.98,11.74,11.97,2057.2436
2023-10-20 04:00:00+00:00,11.98,12.1,11.88,11.94,3579.0274
2023-10-20 06:00:00+00:00,11.93,12.09,11.88,11.95,5176.2507
2023-10-20 08:00:00+00:00,11.96,12.16,11.92,12.11,4403.7649
2023-10-20 10:00:00+00:00,12.1,12.18,11.94,11.97,6432.9552
2023-10-20 12:00:00+00:00,11.97,12.03,11.79,11.88,6425.0873
2023-10-20 14:00:00+00:00,11.89,12.09,11.78,11.99,6829.3923
2023-10-20 16:00:00+00:00,11.98,12.31,11.81,12.09,10143.2929
2023-10-20 18:00:00+00:00,12.1,12.12,11.96,12.0,2741.5089
2023-10-20 20:00:00+00:00,12.03,12.06,11.95,12.01,1740.1878
2023-10-20 22:00:00+00:00,12.01,12.06,11.99,12.01,1769.7078
2023-10-21 00:00:00+00:00,12.0,12.12,11.99,12.08,1519.7952
2023-10-21 02:00:00+00:00,12.08,12.08,12.0,12.04,817.7091
2023-10-21 04:00:00+00:00,12.03,12.11,11.99,12.04,2005.0234
2023-10-21 06:00:00+00:00,12.05,12.23,12.03,12.18,3771.2683
2023-10-21 08:00:00+00:00,12.18,12.22,12.09,12.17,2267.5453
2023-10-21 10:00:00+00:00,12.17,12.2,12.08,12.19,2964.2394
2023-10-21 12:00:00+00:00,12.18,12.19,12.1,12.14,1835.0266
2023-10-21 14:00:00+00:00,12.13,12.24,12.12,12.2,3162.2868
2023-10-21 16:00:00+00:00,12.21,12.38,12.19,12.31,4862.3964
2023-10-21 18:00:00+00:00,12.34,12.42,12.25,12.35,3627.9305
2023-10-21 20:00:00+00:00,12.33,12.35,12.24,12.3,1543.7442
2023-10-21 22:00:00+00:00,12.29,12.33,12.27,12.31,671.9158
2023-10-22 00:00:00+00:00,12.31,12.37,12.23,12.33,1465.5799
2023-10-22 02:00:00+00:00,12.32,12.32,12.15,12.23,2004.3856
2023-10-22 04:00:00+00:00,12.23,12.33,12.22,12.33,934.8229
2023-10-22 06:00:00+00:00,12.33,12.37,12.11,12.22,1958.0255
2023-10-22 08:00:00+00:00,12.2,12.26,12.15,12.21,2270.0061
2023-10-22 10:00:00+00:00,12.21,12.21,12.13,12.13,656.5152
2023-10-22 12:00:00+00:00,12.12,12.21,12.11,12.2,1127.4293
2023-10-22 14:00:00+00:00,12.2,12.23,12.11,12.16,1460.7512
2023-10-22 16:00:00+00:00,12.16,12.24,12.11,12.24,1699.6493
2023-10-22 18:00:00+00:00,12.24,12.24,12.14,12.16,1098.7972
2023-10-22 20:00:00+00:00,12.17,12.2,12.12,12.14,1611.3235
2023-10-22 22:00:00+00:00,12.14,12.24,12.09,12.24,2598.3262
2023-10-23 00:00:00+00:00,12.24,12.41,12.21,12.3,5454.9339
2023-10-23 02:00:00+00:00,12.32,12.41,12.29,12.35,5180.8251
2023-10-23 04:00:00+00:00,12.38,12.5,12.33,12.41,5688.2039
2023-10-23 06:00:00+00:00,12.43,12.49,12.21,12.26,3079.8423
2023-10-23 08:00:00+00:00,12.27,12.35,12.2,12.23,2272.7579
2023-10-23 10:00:00+00:00,12.24,12.73,12.21,12.53,9163.1998
2023-10-23 12:00:00+00:00,12.53,12.77,12.43,12.56,16844.2678
2023-10-23 14:00:00+00:00,12.56,12.8,12.55,12.67,7664.276
2023-10-23 16:00:00+00:00,12.65,12.93,12.57,12.86,12262.7928
2023-10-23 18:00:00+00:00,12.87,13.3,12.82,13.03,24271.2133
2023-10-23 20:00:00+00:00,13.02,13.05,12.81,12.94,5239.7997
2023-10-23 22:00:00+00:00,12.93,13.3,12.89,13.08,10249.4948
2023-10-24 00:00:00+00:00,13.08,13.26,13.03,13.17,5829.4755
2023-10-24 02:00:00+00:00,13.18,13.45,13.13,13.13,6430.4034
2023-10-24 04:00:00+00:00,13.14,13.49,13.12,13.24,6935.9832
2023-10-24 06:00:00+00:00,13.21,13.68,13.02,13.56,19980.5784
2023-10-24 08:00:00+00:00,13.56,13.64,13.31,13.5,13472.3064
2023-10-24 10:00:00+00:00,13.5,13.99,13.41,13.91,15383.5518
2023-10-24 12:00:00+00:00,13.92,13.93,13.5,13.73,12624.4595
2023-10-24 14:00:00+00:00,13.73,13.96,13.0,13.14,20835.4019
2023-10-24 16:00:00+00:00,13.14,13.37,13.1,13.22,5462.6449
2023-10-24 18:00:00+00:00,13.22,13.3,13.08,13.27,5688.6087
2023-10-24 20:00:00+00:00,13.24,13.42,13.05,13.25,4692.376
2023-10-24 22:00:00+00:00,13.28,13.32,13.2,13.28,1040.4127
2023-10-25 00:00:00+00:00,13.26,13.5,13.21,13.38,3463.9922
2023-10-25 02:00:00+00:00,13.37,13.38,13.18,13.22,2147.1844
2023-10-25 04:00:00+00:00,13.21,13.36,13.16,13.29,4195.6029
2023-10-25 06:00:00+00:00,13.27,13.56,13.24,13.28,9148.1322
2023-10-25 08:00:00+00:00,13.28,13.5,13.12,13.36,5975.7266
2023-10-25 10:00:00+00:00,13.36,13.71,13.34,13.69,11123.9404
2023-10-25 12:00:00+00:00,13.67,13.95,13.54,13.64,14424.7099
2023-10-25 14:00:00+00:00,13.66,13.81,13.54,13.63,8298.5165
2023-10-25 16:00:00+00:00,13.63,13.7,13.5,13.58,5587.2406
2023-10-25 18:00:00+00:00,13.54,13.74,13.48,13.65,5965.6288
2023-10-25 20:00:00+00:00,13.67,14.56,13.67,14.13,59817.6327
2023-10-25 22:00:00+00:00,14.13,14.22,13.98,14.04,5633.8952
2023-10-26 00:00:00+00:00,14.05,14.2,13.91,14.06,3994.8403
2023-10-26 02:00:00+00:00,14.07,14.39,13.99,14.34,4854.7198
2023-10-26 04:00:00+00:00,14.36,14.36,14.08,14.14,8091.7166
2023-10-26 06:00:00+00:00,14.11,14.14,13.72,13.92,21067.6879
2023-10-26 08:00:00+00:00,13.92,14.14,13.74,13.79,9003.5903
2023-10-26 10:00:00+00:00,13.79,13.9,13.45,13.57,11411.7176
2023-10-26 12:00:00+00:00,13.57,13.76,13.45,13.45,5831.7003
2023-10-26 14:00:00+00:00,13.45,13.58,12.92,13.09,18684.1806
2023-10-26 16:00:00+00:00,13.08,13.17,12.91,13.15,9109.1296
2023-10-26 18:00:00+00:00,13.15,13.43,13.14,13.28,6543.4517
2023-10-26 20:00:00+00:00,13.25,13.32,13.19,13.32,2456.3683
2023-10-26 22:00:00+00:00,13.32,13.45,13.32,13.36,5452.825
2023-10-27 00:00:00+00:00,13.38,13.41,13.03,13.03,7257.9271
2023-10-27 02:00:00+00:00,13.03,13.24,13.03,13.23,1386.4293
2023-10-27 04:00:00+00:00,13.2,13.3,13.07,13.21,2616.653
2023-10-27 06:00:00+00:00,13.19,13.34,13.1,13.13,3817.3767
2023-10-27 08:00:00+00:00,13.13,13.29,13.09,13.29,2038.2533
2023-10-27 10:00:00+00:00,13.28,13.5,13.19,13.35,9542.1533
2023-10-27 12:00:00+00:00,13.35,13.64,13.35,13.59,8990.814
2023-10-27 14:00:00+00:00,13.6,13.6,13.37,13.44,3743.9916
2023-10-27 16:00:00+00:00,13.44,13.55,13.11,13.27,5038.8335
2023-10-27 18:00:00+00:00,13.28,13.47,13.16,13.42,2978.0612
2023-10-27 20:00:00+00:00,13.43,13.63,13.33,13.53,6334.1317
2023-10-27 22:00:00+00:00,13.55,13.6,13.48,13.59,1932.9342
2023-10-28 00:00:00+00:00,13.58,13.58,13.47,13.52,1267.309
2023-10-28 02:00:00+00:00,13.53,13.65,13.52,13.59,2240.9169
2023-10-28 04:00:00+00:00,13.59,13.6,13.49,13.53,1277.4014
2023-10-28 06:00:00+00:00,13.52,13.52,13.4,13.48,6176.3851
2023-10-28 08:00:00+00:00,13.51,13.53,13.4,13.48,3358.2799
2023-10-28 10:00:00+00:00,13.48,13.6,13.46,13.47,4334.7463
2023-10-28 12:00:00+00:00,13.47,13.6,13.44,13.5,2676.7338
2023-10-28 14:00:00+00:00,13.5,13.68,13.44,13.57,2942.6979
2023-10-28 16:00:00+00:00,13.58,13.61,13.5,13.6,1194.3044
2023-10-28 18:00:00+00:00,13.57,13.6,13.47,13.55,4940.7171
2023-10-28 20:00:00+00:00,13.54,13.59,13.48,13.57,1894.5355
2023-10-28 22:00:00+00:00,13.56,13.61,13.55,13.58,1807.0517
2023-10-29 00:00:00+00:00,13.57,13.61,13.41,13.44,1614.2075
2023-10-29 02:00:00+00:00,13.41,13.46,13.35,13.4,2076.6662
2023-10-29 04:00:00+00:00,13.39,13.47,13.36,13.41,1485.0015
2023-10-29 06:00:00+00:00,13.41,13.47,13.39,13.45,1305.6151
2023-10-29 08:00:00+00:00,13.45,13.53,13.4,13.5,3728.6172
2023-10-29 10:00:00+00:00,13.49,13.62,13.46,13.54,3517.0271
2023-10-29 12:00:00+00:00,13.54,13.6,13.45,13.52,3606.0242
2023-10-29 14:00:00+00:00,13.52,13.63,13.49,13.59,3846.2141
2023-10-29 16:00:00+00:00,13.59,13.74,13.52,13.61,4738.0732
2023-10-29 18:00:00+00:00,13.61,13.76,13.52,13.61,6820.0667
2023-10-29 20:00:00+00:00,13.61,13.63,13.56,13.56,1124.203
2023-10-29 22:00:00+00:00,13.57,13.7,13.55,13.58,1262.5552
2023-10-30 00:00:00+00:00,13.58,13.73,13.58,13.62,1571.1208
2023-10-30 02:00:00+00:00,13.61,13.67,13.52,13.54,2440.0103
2023-10-30 04:00:00+00:00,13.55,13.61,13.46,13.51,2165.6228
2023-10-30 06:00:00+00:00,13.5,13.52,13.33,13.44,4655.7472
2023-10-30 08:00:00+00:00,13.44,13.69,13.43,13.57,3729.7626
2023-10-30 10:00:00+00:00,13.59,13.92,13.43,13.82,8975.0501
2023-10-30 12:00:00+00:00,13.79,13.98,13.63,13.83,10303.1299
2023-10-30 14:00:00+00:00,13.83,14.08,13.82,14.06,10093.9586
2023-10-30 16:00:00+00:00,14.06,14.68,14.0,14.15,35809.2872
2023-10-30 18:00:00+00:00,14.15,14.25,14.06,14.17,4893.9184
2023-10-30 20:00:00+00:00,14.17,14.39,13.99,14.21,7906.3214
2023-10-30 22:00:00+00:00,14.21,14.36,14.12,14.3,2172.8989
2023-10-31 00:00:00+00:00,14.3,14.36,14.11,14.21,2599.8996
2023-10-31 02:00:00+00:00,14.22,14.24,13.67,13.95,14755.9073
2023-10-31 04:00:00+00:00,13.96,14.08,13.81,13.94,3316.8865
2023-10-31 06:00:00+00:00,13.94,13.97,13.66,13.79,5392.3706
2023-10-31 08:00:00+00:00,13.79,14.08,13.67,14.04,7641.8658
2023-10-31 10:00:00+00:00,14.01,14.07,13.83,13.94,4366.6283
2023-10-31 12:00:00+00:00,13.92,14.04,13.68,13.82,11191.9359
2023-10-31 14:00:00+00:00,13.82,13.96,13.75,13.76,8305.282
2023-10-31 16:00:00+00:00,13.77,13.85,13.7,13.81,4888.6856
2023-10-31 18:00:00+00:00,13.78,13.97,13.77,13.83,3563.1249
2023-10-31 20:00:00+00:00,13.81,13.9,13.69,13.74,3648.9567
2023-10-31 22:00:00+00:00,13.74,13.89,13.73,13.84,1722.0286
2023-11-01 00:00:00+00:00,13.84,14.03,13.77,13.89,4775.4355
2023-11-01 02:00:00+00:00,13.89,14.09,13.85,13.98,1775.1943
2023-11-01 04:00:00+00:00,13.98,14.5,13.93,14.22,22422.9567
2023-11-01 06:00:00+00:00,14.22,14.9,14.15,14.54,27951.8038
2023-11-01 08:00:00+00:00,14.54,14.61,14.26,14.26,12410.6082
2023-11-01 10:00:00+00:00,14.28,14.34,13.74,14.1,13188.7282
2023-11-01 12:00:00+00:00,14.12,14.27,13.88,13.93,9948.205
2023-11-01 14:00:00+00:00,13.95,14.1,13.81,13.91,6462.4689
2023-11-01 16:00:00+00:00,13.92,14.0,13.64,13.88,12342.9722
2023-11-01 18:00:00+00:00,13.89,14.29,13.88,14.18,8475.2034
2023-11-01 20:00:00+00:00,14.19,14.52,14.19,14.41,8895.1881
2023-11-01 22:00:00+00:00,14.44,14.48,14.18,14.27,4161.9125
2023-11-02 00:00:00+00:00,14.27,14.45,14.24,14.35,2187.9515
2023-11-02 02:00:00+00:00,14.35,14.57,14.3,14.37,2959.55
2023-11-02 04:00:00+00:00,14.38,14.43,14.12,14.15,3985.076
2023-11-02 06:00:00+00:00,14.15,14.23,14.08,14.23,3294.0973
2023-11-02 08:00:00+00:00,14.24,14.31,14.1,14.19,7034.7689
2023-11-02 10:00:00+00:00,14.16,14.29,14.11,14.23,2825.0844
2023-11-02 12:00:00+00:00,14.19,14.25,13.97,14.12,4387.1278
2023-11-02 14:00:00+00:00,14.11,14.13,13.81,13.82,4641.7968
2023-11-02 16:00:00+00:00,13.82,13.93,13.66,13.89,5032.8073
2023-11-02 18:00:00+00:00,13.89,13.98,13.84,13.93,2410.1008
2023-11-02 20:00:00+00:00,13.94,14.14,13.9,13.93,5441.9701
2023-11-02 22:00:00+00:00,13.93,13.95,13.78,13.86,3217.5832
2023-11-03 00:00:00+00:00,13.87,13.9,13.7,13.73,3559.5057
2023-11-03 02:00:00+00:00,13.73,13.79,13.72,13.73,1166.5054
2023-11-03 04:00:00+00:00,13.73,13.73,13.5,13.71,5993.8272
2023-11-03 06:00:00+00:00,13.71,13.76,13.62,13.65,2780.3235
2023-11-03 08:00:00+00:00,13.63,13.66,13.52,13.55,3161.5691
2023-11-03 10:00:00+00:00,13.55,13.75,13.5,13.74,3722.6764
2023-11-03 12:00:00+00:00,13.74,13.91,13.66,13.9,4608.2597
2023-11-03 14:00:00+00:00,13.9,13.95,13.76,13.8,6616.2675
2023-11-03 16:00:00+00:00,13.83,13.89,13.7,13.77,3769.0901
2023-11-03 18:00:00+00:00,13.76,14.03,13.72,14.02,6549.735
2023-11-03 20:00:00+00:00,14.01,14.21,14.01,14.08,5380.1227
2023-11-03 22:00:00+00:00,14.09,14.18,14.06,14.18,1140.9774
2023-11-04 00:00:00+00:00,14.16,14.19,14.04,14.13,2126.4024
2023-11-04 02:00:00+00:00,14.11,14.13,13.91,13.94,4787.1635
2023-11-04 04:00:00+00:00,13.96,13.98,13.81,13.96,3489.3633
2023-11-04 06:00:00+00:00,13.97,14.6,13.96,14.36,23592.9337
2023-11-04 08:00:00+00:00,14.33,14.7,14.3,14.56,12166.2449
2023-11-04 10:00:00+00:00,14.56,14.99,14.53,14.93,16634.3002
2023-11-04 12:00:00+00:00,14.93,15.34,14.85,15.12,23950.93
2023-11-04 14:00:00+00:00,15.14,15.28,14.42,14.65,26585.0885
2023-11-04 16:00:00+00:00,14.65,14.85,14.42,14.85,9410.1664
2023-11-04 18:00:00+00:00,14.84,14.85,14.42,14.51,7576.6309
2023-11-04 20:00:00+00:00,14.52,14.74,14.49,14.71,6226.9815
2023-11-04 22:00:00+00:00,14.71,14.8,14.69,14.75,1893.0525
2023-11-05 00:00:00+00:00,14.76,14.78,14.63,14.75,3024.1075
2023-11-05 02:00:00+00:00,14.75,14.95,14.68,14.93,2355.2625
2023-11-05 04:00:00+00:00,14.92,14.93,14.74,14.76,3461.0179
2023-11-05 06:00:00+00:00,14.76,14.79,14.55,14.75,7326.4978
2023-11-05 08:00:00+00:00,14.75,14.98,14.7,14.82,5565.1997
2023-11-05 10:00:00+00:00,14.84,15.23,14.72,14.99,10565.7185
2023-11-05 12:00:00+00:00,14.99,15.59,14.93,15.12,23708.7434
2023-11-05 14:00:00+00:00,15.12,15.96,15.1,15.96,39464.2639
2023-11-05 16:00:00+00:00,15.97,16.15,15.6,15.66,33909.8285
2023-11-05 18:00:00+00:00,15.66,15.83,15.28,15.76,21290.7471
2023-11-05 20:00:00+00:00,15.72,16.05,15.5,15.58,20566.8462
2023-11-05 22:00:00+00:00,15.56,15.95,15.45,15.55,8349.3442
2023-11-06 00:00:00+00:00,15.54,15.76,15.48,15.58,4578.4717
2023-11-06 02:00:00+00:00,15.58,15.67,15.48,15.6,2424.0175
2023-11-06 04:00:00+00:00,15.6,15.79,15.09,15.6,12513.2869
2023-11-06 06:00:00+00:00,15.6,16.88,15.47,16.19,55453.8415
2023-11-06 08:00:00+00:00,16.25,16.46,15.99,16.21,25131.2219
2023-11-06 10:00:00+00:00,16.21,16.3,15.93,15.96,11451.6813
2023-11-06 12:00:00+00:00,15.95,16.07,15.62,15.8,13615.8031
2023-11-06 14:00:00+00:00,15.79,15.85,15.56,15.84,9140.3932
2023-11-06 16:00:00+00:00,15.84,15.91,15.39,15.59,12018.5176
2023-11-06 18:00:00+00:00,15.56,15.74,15.29,15.49,11692.0856
2023-11-06 20:00:00+00:00,15.52,15.55,15.33,15.48,6386.8125
2023-11-06 22:00:00+00:00,15.49,15.66,15.43,15.55,3169.8966
2023-11-07 00:00:00+00:00,15.56,15.66,15.4,15.44,3184.1475
2023-11-07 02:00:00+00:00,15.44,15.5,15.27,15.5,2492.2874
2023-11-07 04:00:00+00:00,15.49,15.63,15.45,15.62,2950.8992
2023-11-07 06:00:00+00:00,15.58,15.87,15.53,15.82,6407.5883
2023-11-07 08:00:00+00:00,15.8,15.87,15.43,15.46,7516.1213
2023-11-07 10:00:00+00:00,15.44,15.48,15.28,15.38,5099.6047
2023-11-07 12:00:00+00:00,15.35,15.55,15.18,15.4,5337.6356
2023-11-07 14:00:00+00:00,15.42,15.44,15.07,15.08,7133.2454
2023-11-07 16:00:00+00:00,15.09,15.47,15.09,15.29,6167.6878
2023-11-07 18:00:00+00:00,15.3,15.5,15.3,15.45,5177.4381
2023-11-07 20:00:00+00:00,15.41,15.66,15.35,15.45,6261.23
2023-11-07 22:00:00+00:00,15.45,15.53,15.28,15.39,3159.6542
2023-11-08 00:00:00+00:00,15.4,15.86,15.3,15.76,4390.7946
2023-11-08 02:00:00+00:00,15.77,15.9,15.68,15.9,4001.2058
2023-11-08 04:00:00+00:00,15.85,16.35,15.76,16.27,14526.5005
2023-11-08 06:00:00+00:00,16.28,16.34,16.1,16.28,11574.4625
2023-11-08 08:00:00+00:00,16.26,16.41,16.08,16.19,6403.9034
2023-11-08 10:00:00+00:00,16.17,16.19,15.9,16.02,6978.9206
2023-11-08 12:00:00+00:00,16.04,16.21,15.95,16.21,5374.8741
2023-11-08 14:00:00+00:00,16.21,16.23,15.85,16.06,5375.8562
2023-11-08 16:00:00+00:00,16.05,16.13,15.86,16.03,5796.2043
2023-11-08 18:00:00+00:00,16.03,16.18,15.95,16.11,4564.9526
2023-11-08 20:00:00+00:00,16.1,16.16,15.89,15.9,5573.1499
2023-11-08 22:00:00+00:00,15.89,16.14,15.89,16.03,2359.4523
2023-11-09 00:00:00+00:00,16.03,16.16,15.99,16.14,2826.9694
2023-11-09 02:00:00+00:00,16.12,16.24,16.08,16.1,2090.8236
2023-11-09 04:00:00+00:00,16.1,16.25,16.05,16.08,5666.2223
2023-11-09 06:00:00+00:00,16.08,16.14,16.01,16.03,6701.4688
2023-11-09 08:00:00+00:00,16.03,16.12,15.94,16.04,7995.7092
2023-11-09 10:00:00+00:00,16.04,16.17,15.92,16.03,4559.7401
2023-11-09 12:00:00+00:00,16.02,16.21,15.94,16.1,6973.6704
2023-11-09 14:00:00+00:00,16.11,16.54,16.09,16.43,15376.0938
2023-11-09 16:00:00+00:00,16.41,16.43,15.3,15.72,25604.3225
2023-11-09 18:00:00+00:00,15.75,15.79,15.34,15.55,5272.3586
2023-11-09 20:00:00+00:00,15.51,15.74,15.36,15.69,5777.2442
2023-11-09 22:00:00+00:00,15.68,16.4,15.68,16.15,4165.6555
2023-11-10 00:00:00+00:00,16.15,16.24,15.9,16.11,2612.5853
2023-11-10 02:00:00+00:00,16.11,16.12,15.91,15.98,4107.0954
2023-11-10 04:00:00+00:00,15.94,16.2,15.89,16.08,5185.2054
2023-11-10 06:00:00+00:00,16.08,16.1,15.63,15.87,6143.5824
2023-11-10 08:00:00+00:00,15.84,15.87,15.56,15.85,2341.7629
2023-11-10 10:00:00+00:00,15.84,16.07,15.78,16.0,6603.0914
2023-11-10 12:00:00+00:00,16.0,16.07,15.85,15.87,4661.2405
2023-11-10 14:00:00+00:00,15.87,15.91,15.63,15.74,7686.6541
2023-11-10 16:00:00+00:00,15.74,16.11,15.74,15.92,9031.8588
2023-11-10 18:00:00+00:00,15.89,16.38,15.88,16.29,11948.2291
2023-11-10 20:00:00+00:00,16.29,16.44,16.24,16.44,6496.9821
2023-11-10 22:00:00+00:00,16.41,16.42,16.26,16.3,4028.292
2023-11-11 00:00:00+00:00,16.32,16.38,15.93,15.99,5610.2019
2023-11-11 02:00:00+00:00,15.99,16.57,15.99,16.15,6094.286
2023-11-11 04:00:00+00:00,16.15,16.32,15.96,16.29,4397.0522
2023-11-11 06:00:00+00:00,16.29,16.32,16.12,16.16,1545.2375
2023-11-11 08:00:00+00:00,16.17,16.57,16.05,16.28,10475.2031
2023-11-11 10:00:00+00:00,16.3,16.49,16.16,16.2,6780.594
2023-11-11 12:00:00+00:00,16.19,16.34,16.16,16.23,3363.4166
2023-11-11 14:00:00+00:00,16.23,16.5,16.2,16.41,4669.1781
2023-11-11 16:00:00+00:00,16.4,16.7,16.34,16.5,10288.9339
2023-11-11 18:00:00+00:00,16.51,16.93,16.49,16.69,14480.2826
2023-11-11 20:00:00+00:00,16.65,17.19,16.61,17.0,15184.4694
2023-11-11 22:00:00+00:00,17.0,17.32,16.83,17.24,11101.8713
2023-11-12 00:00:00+00:00,17.23,17.35,16.57,16.87,12125.2875
2023-11-12 02:00:00+00:00,16.87,17.05,16.6,17.03,3548.63
2023-11-12 04:00:00+00:00,17.03,17.11,16.38,16.73,11754.953
2023-11-12 06:00:00+00:00,16.74,16.92,16.65,16.91,3632.6061
2023-11-12 08:00:00+00:00,16.93,16.94,16.46,16.72,11987.058
2023-11-12 10:00:00+00:00,16.72,17.4,16.66,17.13,22588.3047
2023-11-12 12:00:00+00:00,17.13,18.87,16.91,17.94,112731.5069
2023-11-12 14:00:00+00:00,17.96,18.04,17.36,17.6,25713.9496
2023-11-12 16:00:00+00:00,17.61,18.01,17.2,17.31,25781.0603
2023-11-12 18:00:00+00:00,17.31,18.39,17.14,17.84,40867.1672
2023-11-12 20:00:00+00:00,17.86,18.06,17.38,17.59,16048.6076
2023-11-12 22:00:00+00:00,17.59,17.59,17.04,17.17,8687.4868
2023-11-13 00:00:00+00:00,17.2,17.51,17.03,17.46,7493.4076
2023-11-13 02:00:00+00:00,17.44,17.46,16.84,16.89,6404.7922
2023-11-13 04:00:00+00:00,16.89,16.99,16.74,16.96,4249.6084
2023-11-13 06:00:00+00:00,16.92,16.93,16.41,16.92,10736.1761
2023-11-13 08:00:00+00:00,16.89,16.94,16.7,16.91,4364.0888
2023-11-13 10:00:00+00:00,16.91,16.93,16.42,16.54,10842.7102
2023-11-13 12:00:00+00:00,16.53,16.69,16.39,16.67,7003.3671
2023-11-13 14:00:00+00:00,16.68,16.88,16.36,16.81,7565.1646
2023-11-13 16:00:00+00:00,16.79,16.88,16.41,16.55,5870.0355
2023-11-13 18:00:00+00:00,16.53,16.76,16.48,16.62,2492.9951
2023-11-13 20:00:00+00:00,16.62,16.63,15.98,16.17,8672.7338
2023-11-13 22:00:00+00:00,16.17,16.37,16.02,16.06,4225.3876
2023-11-14 00:00:00+00:00,16.03,16.08,15.6,15.63,13387.2927
2023-11-14 02:00:00+00:00,15.64,15.8,15.63,15.77,2907.1999
2023-11-14 04:00:00+00:00,15.78,15.98,15.62,15.98,3928.4653
2023-11-14 06:00:00+00:00,15.96,16.05,15.85,15.96,4882.2013
2023-11-14 08:00:00+00:00,15.96,16.01,15.67,15.69,4201.5347
2023-11-14 10:00:00+00:00,15.69,15.7,15.3,15.39,9850.0904
2023-11-14 12:00:00+00:00,15.38,15.68,15.33,15.59,4171.4941
2023-11-14 14:00:00+00:00,15.57,15.81,15.45,15.62,6521.477
2023-11-14 16:00:00+00:00,15.6,15.77,15.59,15.64,4944.1849
2023-11-14 18:00:00+00:00,15.64,15.71,15.05,15.15,8235.6577
2023-11-14 20:00:00+00:00,15.15,15.24,15.1,15.24,10670.4797
2023-11-14 22:00:00+00:00,15.24,15.38,15.15,15.33,3689.8914
2023-11-15 00:00:00+00:00,15.35,15.63,15.34,15.37,6233.352
2023-11-15 02:00:00+00:00,15.35,15.5,15.32,15.44,1958.2902
2023-11-15 04:00:00+00:00,15.44,15.57,15.28,15.45,4609.5147
2023-11-15 06:00:00+00:00,15.44,15.6,15.41,15.53,3609.8066
2023-11-15 08:00:00+00:00,15.54,15.67,15.46,15.49,4307.0247
2023-11-15 10:00:00+00:00,15.45,15.94,15.43,15.79,7762.745
2023-11-15 12:00:00+00:00,15.79,15.83,15.52,15.72,4348.8547
2023-11-15 14:00:00+00:00,15.72,15.75,15.59,15.7,2046.176
2023-11-15 16:00:00+00:00,15.71,15.89,15.65,15.82,7069.9741
2023-11-15 18:00:00+00:00,15.82,16.09,15.81,16.03,9050.332
2023-11-15 20:00:00+00:00,16.02,16.1,15.79,15.88,8051.1768
2023-11-15 22:00:00+00:00,15.87,15.98,15.82,15.87,4252.2121
2023-11-16 00:00:00+00:00,15.89,16.02,15.75,15.84,6262.9651
2023-11-16 02:00:00+00:00,15.83,15.91,15.68,15.85,3756.9544
2023-11-16 04:00:00+00:00,15.85,15.89,15.76,15.85,1863.7983
2023-11-16 06:00:00+00:00,15.89,15.99,15.8,15.88,2298.5784
2023-11-16 08:00:00+00:00,15.88,16.0,15.68,15.72,5988.6816
2023-11-16 10:00:00+00:00,15.72,16.6,15.71,16.2,22087.3946
2023-11-16 12:00:00+00:00,16.19,16.34,15.82,16.15,15305.6653
2023-11-16 14:00:00+00:00,16.15,16.41,15.86,15.9,14533.2433
2023-11-16 16:00:00+00:00,15.9,16.5,15.84,16.15,19365.3735
2023-11-16 18:00:00+00:00,16.12,16.36,15.56,15.86,11226.1589
2023-11-16 20:00:00+00:00,15.84,15.89,15.59,15.66,6582.9215
2023-11-16 22:00:00+00:00,15.66,15.88,15.63,15.77,2444.3628
2023-11-17 00:00:00+00:00,15.78,16.17,15.74,16.13,5157.7189
2023-11-17 02:00:00+00:00,16.13,16.14,15.96,15.98,3401.5796
2023-11-17 04:00:00+00:00,15.98,16.31,15.89,16.22,7088.0532
2023-11-17 06:00:00+00:00,16.25,16.29,15.97,15.99,4404.2346
2023-11-17 08:00:00+00:00,15.97,15.98,15.68,15.68,7047.3873
2023-11-17 10:00:00+00:00,15.68,15.77,15.38,15.51,19257.5036
2023-11-17 12:00:00+00:00,15.49,15.59,15.25,15.35,5810.4585
2023-11-17 14:00:00+00:00,15.34,15.42,14.91,15.02,8476.9449
2023-11-17 16:00:00+00:00,15.03,15.28,14.92,15.22,5910.8963
2023-11-17 18:00:00+00:00,15.24,15.8,15.11,15.3,7989.2198
2023-11-17 20:00:00+00:00,15.31,15.57,15.23,15.29,3035.4076
2023-11-17 22:00:00+00:00,15.31,15.41,15.3,15.35,1605.8605
2023-11-18 00:00:00+00:00,15.36,15.67,15.28,15.35,2899.3319
2023-11-18 02:00:00+00:00,15.33,15.44,15.11,15.13,2227.6361
2023-11-18 04:00:00+00:00,15.13,15.19,14.81,14.88,4277.355
2023-11-18 06:00:00+00:00,14.87,14.94,14.61,14.86,4395.6792
2023-11-18 08:00:00+00:00,14.86,14.96,14.81,14.83,3511.1005
2023-11-18 10:00:00+00:00,14.84,14.99,14.8,14.84,3350.4089
2023-11-18 12:00:00+00:00,14.86,14.96,14.77,14.88,2381.8257
2023-11-18 14:00:00+00:00,14.9,15.05,14.71,15.01,10100.0788
2023-11-18 16:00:00+00:00,15.01,15.19,14.94,14.99,4662.948
2023-11-18 18:00:00+00:00,14.99,15.09,14.94,15.03,1304.5375
2023-11-18 20:00:00+00:00,15.03,15.05,14.96,14.96,588.2711
2023-11-18 22:00:00+00:00,14.98,15.0,14.88,14.96,1239.2638
2023-11-19 00:00:00+00:00,14.98,15.01,14.72,14.93,5511.7449
2023-11-19 02:00:00+00:00,14.92,15.03,14.81,15.0,1715.4999
2023-11-19 04:00:00+00:00,15.0,15.06,14.95,15.03,956.302
2023-11-19 06:00:00+00:00,15.02,15.21,15.01,15.15,1244.8355
2023-11-19 08:00:00+00:00,15.14,15.26,14.99,15.17,5944.9049
2023-11-19 10:00:00+00:00,15.2,15.29,14.96,15.04,3542.5184
2023-11-19 12:00:00+00:00,15.05,15.18,14.94,15.1,1976.6363
2023-11-19 14:00:00+00:00,15.07,15.56,15.05,15.15,4724.7269
2023-11-19 16:00:00+00:00,15.17,15.6,15.04,15.27,7615.3637
2023-11-19 18:00:00+00:00,15.27,15.51,15.21,15.38,9944.4873
2023-11-19 20:00:00+00:00,15.37,15.58,15.27,15.49,7609.2288
2023-11-19 22:00:00+00:00,15.5,15.74,15.5,15.56,4457.2643
2023-11-20 00:00:00+00:00,15.56,15.66,15.53,15.58,2266.4085
2023-11-20 02:00:00+00:00,15.58,15.61,15.37,15.46,2282.1724
2023-11-20 04:00:00+00:00,15.46,15.49,15.31,15.37,3838.5931
2023-11-20 06:00:00+00:00,15.37,15.46,15.3,15.46,2193.2473
2023-11-20 08:00:00+00:00,15.46,15.65,15.42,15.63,1858.3024
2023-11-20 10:00:00+00:00,15.64,16.04,15.62,15.76,4969.3179
2023-11-20 12:00:00+00:00,15.78,15.85,15.51,15.66,5443.6265
2023-11-20 14:00:00+00:00,15.66,15.89,15.53,15.83,3955.1235
2023-11-20 16:00:00+00:00,15.85,16.39,15.59,16.01,10248.5283
2023-11-20 18:00:00+00:00,16.06,16.19,15.79,15.97,6383.8805
2023-11-20 20:00:00+00:00,15.95,16.07,15.65,15.77,4309.6773
2023-11-20 22:00:00+00:00,15.8,15.89,15.76,15.77,1581.5783
2023-11-21 00:00:00+00:00,15.77,16.06,15.74,16.03,1922.8528
2023-11-21 02:00:00+00:00,16.03,16.06,15.8,15.84,1537.2349
2023-11-21 04:00:00+00:00,15.83,15.98,15.72,15.73,2464.7063
2023-11-21 06:00:00+00:00,15.73,15.83,15.56,15.61,2414.2093
2023-11-21 08:00:00+00:00,15.61,15.75,15.45,15.61,3204.1476
2023-11-21 10:00:00+00:00,15.61,16.59,15.5,16.13,18934.1272
2023-11-21 12:00:00+00:00,16.14,16.25,15.98,16.08,5561.2186
2023-11-21 14:00:00+00:00,16.07,16.2,15.59,15.97,11920.7045
2023-11-21 16:00:00+00:00,15.97,17.17,15.97,16.35,42727.0342
2023-11-21 18:00:00+00:00,16.34,16.36,15.4,15.63,26007.9134
2023-11-21 20:00:00+00:00,15.62,16.32,15.62,15.68,9466.9019
2023-11-21 22:00:00+00:00,15.71,15.75,15.03,15.05,8911.1225
2023-11-22 00:00:00+00:00,15.02,15.38,15.0,15.32,3285.7558
2023-11-22 02:00:00+00:00,15.33,15.43,15.25,15.39,4465.1129
2023-11-22 04:00:00+00:00,15.4,16.03,15.32,15.6,5891.1374
2023-11-22 06:00:00+00:00,15.62,16.27,15.61,15.67,12217.1512
2023-11-22 08:00:00+00:00,15.68,15.88,15.67,15.73,5618.5337
2023-11-22 10:00:00+00:00,15.72,15.82,15.57,15.65,3616.7572
2023-11-22 12:00:00+00:00,15.65,15.8,15.63,15.77,2150.6933
2023-11-22 14:00:00+00:00,15.77,15.98,15.53,15.87,4298.2452
2023-11-22 16:00:00+00:00,15.86,16.2,15.77,15.89,6101.356
2023-11-22 18:00:00+00:00,15.89,16.26,15.86,16.15,3926.3419
2023-11-22 20:00:00+00:00,16.15,16.2,15.96,16.0,2571.8365
2023-11-22 22:00:00+00:00,16.0,16.03,15.79,15.9,6941.6426
2023-11-23 00:00:00+00:00,15.9,16.03,15.87,15.92,2214.1799
2023-11-23 02:00:00+00:00,15.92,15.93,15.79,15.86,1896.9334
2023-11-23 04:00:00+00:00,15.86,15.89,15.67,15.78,3745.2361
2023-11-23 06:00:00+00:00,15.77,15.8,15.67,15.73,1641.7628
2023-11-23 08:00:00+00:00,15.74,16.27,15.7,16.19,7758.7334
2023-11-23 10:00:00+00:00,16.2,16.65,16.16,16.43,26146.0918
2023-11-23 12:00:00+00:00,16.42,16.42,16.04,16.04,6529.7692
2023-11-23 14:00:00+00:00,16.07,16.49,16.01,16.14,5761.0539
2023-11-23 16:00:00+00:00,16.15,16.35,16.1,16.23,2677.1167
2023-11-23 18:00:00+00:00,16.23,16.32,16.03,16.09,5476.9601
2023-11-23 20:00:00+00:00,16.09,16.23,16.02,16.16,3151.5006
2023-11-23 22:00:00+00:00,16.16,16.26,16.13,16.22,2395.2389
2023-11-24 00:00:00+00:00,16.23,16.35,16.16,16.26,1151.4351
2023-11-24 02:00:00+00:00,16.26,16.41,16.23,16.38,1355.3395
2023-11-24 04:00:00+00:00,16.37,16.55,16.36,16.43,2902.5268
2023-11-24 06:00:00+00:00,16.44,16.44,16.23,16.35,2648.1268
2023-11-24 08:00:00+00:00,16.36,16.46,16.29,16.33,5100.1929
2023-11-24 10:00:00+00:00,16.33,16.38,16.17,16.23,5514.0647
2023-11-24 12:00:00+00:00,16.22,16.3,16.17,16.23,3861.0541
2023-11-24 14:00:00+00:00,16.24,16.37,16.17,16.28,2609.2275
2023-11-24 16:00:00+00:00,16.29,16.38,16.11,16.22,3967.654
2023-11-24 18:00:00+00:00,16.22,16.37,16.11,16.16,3396.5899
2023-11-24 20:00:00+00:00,16.16,16.37,16.14,16.18,3215.4687
2023-11-24 22:00:00+00:00,16.18,16.28,16.07,16.22,2316.9349
2023-11-25 00:00:00+00:00,16.21,16.33,16.08,16.31,1794.1067
2023-11-25 02:00:00+00:00,16.33,16.41,16.28,16.38,1174.3505
2023-11-25 04:00:00+00:00,16.39,16.43,16.33,16.37,1403.8315
2023-11-25 06:00:00+00:00,16.36,16.4,16.14,16.29,6121.9673
2023-11-25 08:00:00+00:00,16.29,16.36,16.13,16.2,4150.4009
2023-11-25 10:00:00+00:00,16.18,16.2,15.99,16.04,3116.3464
2023-11-25 12:00:00+00:00,16.04,16.18,16.0,16.15,3430.9839
2023-11-25 14:00:00+00:00,16.14,16.15,15.96,16.05,3624.9655
2023-11-25 16:00:00+00:00,16.05,16.1,15.79,15.98,4278.1827
2023-11-25 18:00:00+00:00,15.98,15.98,15.69,15.93,6145.0976
2023-11-25 20:00:00+00:00,15.91,15.96,15.87,15.9,2648.6816
2023-11-25 22:00:00+00:00,15.9,15.93,15.72,15.83,6676.8011
2023-11-26 00:00:00+00:00,15.86,15.97,15.78,15.87,3854.1564
2023-11-26 02:00:00+00:00,15.87,16.03,15.84,16.01,2378.1642
2023-11-26 04:00:00+00:00,16.01,16.02,15.89,15.95,3393.3075
2023-11-26 06:00:00+00:00,15.92,15.97,15.84,15.96,3772.7803
2023-11-26 08:00:00+00:00,15.96,15.99,15.86,15.92,4193.8955
2023-11-26 10:00:00+00:00,15.92,15.93,15.82,15.85,2585.7253
2023-11-26 12:00:00+00:00,15.85,16.25,15.8,16.11,9928.4556
2023-11-26 14:00:00+00:00,16.09,16.37,15.91,16.08,15104.1678
2023-11-26 16:00:00+00:00,16.08,16.21,15.79,15.84,11230.9408
2023-11-26 18:00:00+00:00,15.84,15.96,15.74,15.88,4649.9527
2023-11-26 20:00:00+00:00,15.88,16.49,15.88,16.11,7702.44
2023-11-26 22:00:00+00:00,16.11,16.22,15.94,15.95,3319.5564
2023-11-27 00:00:00+00:00,15.95,16.22,15.93,16.0,5119.8806
2023-11-27 02:00:00+00:00,16.0,16.11,15.9,15.96,2179.1312
2023-11-27 04:00:00+00:00,15.96,16.17,15.93,16.06,2387.7852
2023-11-27 06:00:00+00:00,16.06,16.36,15.64,15.83,13373.6555
2023-11-27 08:00:00+00:00,15.83,16.01,15.75,15.9,4199.4159
2023-11-27 10:00:00+00:00,15.87,15.9,15.5,15.61,5858.5677
2023-11-27 12:00:00+00:00,15.59,15.62,15.39,15.54,4521.8018
2023-11-27 14:00:00+00:00,15.53,15.59,15.35,15.43,3242.6931
2023-11-27 16:00:00+00:00,15.42,15.66,15.37,15.5,4755.8553
2023-11-27 18:00:00+00:00,15.5,15.6,15.37,15.49,3638.4584
2023-11-27 20:00:00+00:00,15.52,15.78,15.33,15.5,4577.963
2023-11-27 22:00:00+00:00,15.49,15.79,15.37,15.69,5485.426
2023-11-28 00:00:00+00:00,15.69,15.77,15.52,15.53,1700.7604
2023-11-28 02:00:00+00:00,15.53,15.63,15.49,15.63,823.6018
2023-11-28 04:00:00+00:00,15.62,15.65,15.32,15.36,1372.4211
2023-11-28 06:00:00+00:00,15.35,15.49,15.3,15.38,2426.9326
2023-11-28 08:00:00+00:00,15.36,15.41,15.27,15.31,3093.0308
2023-11-28 10:00:00+00:00,15.31,15.37,15.23,15.36,3187.7446
2023-11-28 12:00:00+00:00,15.36,15.46,15.2,15.41,5076.5103
2023-11-28 14:00:00+00:00,15.41,15.41,15.34,15.41,1833.5349
2023-11-28 16:00:00+00:00,15.41,15.74,15.36,15.53,7523.6655
2023-11-28 18:00:00+00:00,15.56,15.7,15.41,15.6,4865.4422
2023-11-28 20:00:00+00:00,15.6,15.77,15.45,15.72,5240.2175
2023-11-28 22:00:00+00:00,15.73,16.04,15.69,15.89,5974.9187
2023-11-29 00:00:00+00:00,15.89,15.9,15.62,15.64,2214.1426
2023-11-29 02:00:00+00:00,15.63,15.71,15.61,15.68,490.0893
2023-11-29 04:00:00+00:00,15.7,15.8,15.64,15.71,1010.0365
2023-11-29 06:00:00+00:00,15.7,16.04,15.67,15.83,3651.8503
2023-11-29 08:00:00+00:00,15.83,16.26,15.81,15.97,6504.376
2023-11-29 10:00:00+00:00,15.97,15.98,15.65,15.71,4035.0862
2023-11-29 12:00:00+00:00,15.71,15.88,15.68,15.83,2139.0746
2023-11-29 14:00:00+00:00,15.8,15.88,15.5,15.51,5522.3606
2023-11-29 16:00:00+00:00,15.52,15.6,15.41,15.56,2493.3494
2023-11-29 18:00:00+00:00,15.58,15.67,15.53,15.58,1015.4815
2023-11-29 20:00:00+00:00,15.58,15.59,15.43,15.53,1805.3564
2023-11-29 22:00:00+00:00,15.53,15.57,15.42,15.42,1229.735
2023-11-30 00:00:00+00:00,15.43,15.68,15.43,15.6,3245.3653
2023-11-30 02:00:00+00:00,15.62,15.73,15.59,15.7,558.1169
2023-11-30 04:00:00+00:00,15.71,15.78,15.61,15.68,1047.7457
2023-11-30 06:00:00+00:00,15.69,15.78,15.62,15.63,1543.5318
2023-11-30 08:00:00+00:00,15.64,15.66,15.51,15.57,1941.0197
2023-11-30 10:00:00+00:00,15.56,15.83,15.56,15.82,1061.7754
2023-11-30 12:00:00+00:00,15.83,15.91,15.68,15.76,2254.7477
2023-11-30 14:00:00+00:00,15.75,15.8,15.51,15.77,3394.1858
2023-11-30 16:00:00+00:00,15.76,15.78,15.63,15.71,1792.9879
2023-11-30 18:00:00+00:00,15.71,15.98,15.6,15.78,8146.5002
2023-11-30 20:00:00+00:00,15.77,15.91,15.62,15.77,6050.874
2023-11-30 22:00:00+00:00,15.77,15.81,15.7,15.81,1532.9651
2023-12-01 00:00:00+00:00,15.8,15.84,15.64,15.82,2948.3807
2023-12-01 02:00:00+00:00,15.83,15.87,15.75,15.84,1558.931
2023-12-01 04:00:00+00:00,15.84,15.99,15.83,15.86,2951.0647
2023-12-01 06:00:00+00:00,15.88,16.2,15.83,15.91,3052.5172
2023-12-01 08:00:00+00:00,15.93,16.1,15.85,16.07,2688.3426
2023-12-01 10:00:00+00:00,16.05,16.14,15.86,15.97,3479.0628
2023-12-01 12:00:00+00:00,15.99,16.06,15.79,15.99,3766.4508
2023-12-01 14:00:00+00:00,15.99,16.09,15.93,16.03,2795.8959
2023-12-01 16:00:00+00:00,16.03,17.65,16.0,17.23,81913.9625
2023-12-01 18:00:00+00:00,17.23,17.5,17.15,17.36,19335.8087
2023-12-01 20:00:00+00:00,17.36,22.33,17.34,20.21,274264.2628
2023-12-01 22:00:00+00:00,20.2,21.3,20.0,20.47,132197.1957
2023-12-02 00:00:00+00:00,20.44,21.28,19.9,20.87,75074.0202
2023-12-02 02:00:00+00:00,20.86,23.9,20.61,22.84,130369.1546
2023-12-02 04:00:00+00:00,22.84,25.76,22.5,23.66,263446.1934
2023-12-02 06:00:00+00:00,23.64,25.59,23.08,24.59,156796.4044
2023-12-02 08:00:00+00:00,24.59,24.6,23.09,23.68,104154.5509
2023-12-02 10:00:00+00:00,23.68,23.72,22.4,22.77,64279.0188
2023-12-02 12:00:00+00:00,22.8,23.0,21.32,21.64,80097.8055
2023-12-02 14:00:00+00:00,21.65,22.94,21.42,22.45,102296.3298
2023-12-02 16:00:00+00:00,22.45,22.45,21.6,21.89,56752.5115
2023-12-02 18:00:00+00:00,21.86,22.28,21.69,21.82,36819.9285
2023-12-02 20:00:00+00:00,21.84,21.9,21.16,21.26,31533.4514
2023-12-02 22:00:00+00:00,21.26,21.42,20.47,20.54,34284.0796
2023-12-03 00:00:00+00:00,20.54,20.96,20.32,20.81,24238.0556
2023-12-03 02:00:00+00:00,20.81,21.22,20.52,21.13,21333.5103
2023-12-03 04:00:00+00:00,21.08,21.73,21.0,21.13,29786.6617
2023-12-03 06:00:00+00:00,21.13,21.51,20.81,21.45,20357.792
2023-12-03 08:00:00+00:00,21.47,22.44,21.47,21.9,35064.0065
2023-12-03 10:00:00+00:00,21.91,22.09,21.41,21.6,19956.56
2023-12-03 12:00:00+00:00,21.61,21.66,20.99,21.02,22291.3549
2023-12-03 14:00:00+00:00,21.02,21.14,20.82,20.9,11637.3021
2023-12-03 16:00:00+00:00,20.85,20.97,20.48,20.53,11178.3369
2023-12-03 18:00:00+00:00,20.51,20.91,19.84,19.91,23329.6072
2023-12-03 20:00:00+00:00,19.91,20.32,19.71,20.07,11506.2035
2023-12-03 22:00:00+00:00,20.07,20.27,19.86,19.92,9517.3935
2023-12-04 00:00:00+00:00,19.96,20.82,19.92,20.57,10711.5764
2023-12-04 02:00:00+00:00,20.57,20.82,20.25,20.3,8489.6136
2023-12-04 04:00:00+00:00,20.31,20.55,19.86,20.28,15775.6354
2023-12-04 06:00:00+00:00,20.28,21.1,20.06,20.28,21495.4749
2023-12-04 08:00:00+00:00,20.29,20.72,20.25,20.4,8877.4763
2023-12-04 10:00:00+00:00,20.37,20.59,19.11,19.34,31793.1656
2023-12-04 12:00:00+00:00,19.33,19.68,19.18,19.36,15002.9663
2023-12-04 14:00:00+00:00,19.38,19.45,19.05,19.2,8946.0767
2023-12-04 16:00:00+00:00,19.23,19.47,19.17,19.35,6204.5375
2023-12-04 18:00:00+00:00,19.34,19.34,19.17,19.29,5073.3976
2023-12-04 20:00:00+00:00,19.29,19.48,19.22,19.44,3910.6072
2023-12-04 22:00:00+00:00,19.44,19.96,19.34,19.76,6673.557
2023-12-05 00:00:00+00:00,19.76,20.15,19.56,19.8,7972.0916
2023-12-05 02:00:00+00:00,19.75,19.86,19.4,19.68,5950.9183
2023-12-05 04:00:00+00:00,19.69,19.76,19.58,19.71,3762.9842
2023-12-05 06:00:00+00:00,19.71,19.83,19.0,19.3,11039.4403
2023-12-05 08:00:00+00:00,19.3,19.44,19.1,19.23,3358.9936
2023-12-05 10:00:00+00:00,19.25,19.25,18.94,19.06,4741.068
2023-12-05 12:00:00+00:00,19.07,19.34,18.91,19.09,9225.4947
2023-12-05 14:00:00+00:00,19.09,19.57,19.04,19.47,7143.463
2023-12-05 16:00:00+00:00,19.43,19.54,19.1,19.41,13369.0414
2023-12-05 18:00:00+00:00,19.41,19.45,19.06,19.1,13997.764
2023-12-05 20:00:00+00:00,19.1,19.57,19.06,19.38,6680.9582
2023-12-05 22:00:00+00:00,19.36,19.54,19.15,19.15,6107.2973
2023-12-06 00:00:00+00:00,19.18,19.39,19.12,19.27,3697.9072
2023-12-06 02:00:00+00:00,19.28,19.35,19.19,19.26,3179.6983
2023-12-06 04:00:00+00:00,19.26,19.38,19.05,19.07,4505.178
2023-12-06 06:00:00+00:00,19.07,19.1,18.81,19.04,6531.9935
2023-12-06 08:00:00+00:00,19.03,19.31,19.03,19.08,5333.6291
2023-12-06 10:00:00+00:00,19.11,19.35,18.86,18.97,6479.6665
2023-12-06 12:00:00+00:00,18.97,19.47,18.9,18.98,9210.004
2023-12-06 14:00:00+00:00,18.98,19.19,18.89,19.13,6818.9881
2023-12-06 16:00:00+00:00,19.14,19.4,19.05,19.1,4492.5531
2023-12-06 18:00:00+00:00,19.1,19.25,18.77,18.86,12168.9626
2023-12-06 20:00:00+00:00,18.89,19.23,18.82,18.97,8237.1932
2023-12-06 22:00:00+00:00,19.0,19.17,18.63,18.87,5909.1593
2023-12-07 00:00:00+00:00,18.89,19.07,18.7,19.01,5983.4279
2023-12-07 02:00:00+00:00,19.04,19.08,18.88,19.08,1209.7589
2023-12-07 04:00:00+00:00,19.07,19.25,19.04,19.22,3171.5492
2023-12-07 06:00:00+00:00,19.21,19.74,19.14,19.56,9857.5892
2023-12-07 08:00:00+00:00,19.57,19.63,18.99,19.15,6122.8141
2023-12-07 10:00:00+00:00,19.14,19.16,18.97,19.05,3932.3376
2023-12-07 12:00:00+00:00,19.05,19.15,18.87,19.02,4317.5895
2023-12-07 14:00:00+00:00,19.03,19.48,18.96,19.28,6659.0294
2023-12-07 16:00:00+00:00,19.29,19.61,19.26,19.43,7219.6457
2023-12-07 18:00:00+00:00,19.43,21.18,19.23,20.29,41747.1776
2023-12-07 20:00:00+00:00,20.29,22.0,19.9,20.23,80543.8074
2023-12-07 22:00:00+00:00,20.23,20.8,19.86,20.23,12291.0608
2023-12-08 00:00:00+00:00,20.21,20.25,19.91,20.19,5367.7446
2023-12-08 02:00:00+00:00,20.2,20.23,19.63,19.72,11927.044
2023-12-08 04:00:00+00:00,19.73,19.91,19.56,19.59,9374.995
2023-12-08 06:00:00+00:00,19.61,19.69,19.2,19.23,7294.9357
2023-12-08 08:00:00+00:00,19.23,19.4,19.16,19.36,3310.2338
2023-12-08 10:00:00+00:00,19.36,19.6,19.31,19.52,3706.1886
2023-12-08 12:00:00+00:00,19.51,19.53,19.07,19.14,8267.5734
2023-12-08 14:00:00+00:00,19.16,19.43,19.05,19.26,8353.6524
2023-12-08 16:00:00+00:00,19.29,19.29,19.06,19.15,6008.2305
2023-12-08 18:00:00+00:00,19.15,19.49,19.12,19.43,8096.796
2023-12-08 20:00:00+00:00,19.43,19.91,19.4,19.61,8617.7645
2023-12-08 22:00:00+00:00,19.62,19.64,19.44,19.54,2726.8859
2023-12-09 00:00:00+00:00,19.54,19.75,19.5,19.64,4004.1647
2023-12-09 02:00:00+00:00,19.65,20.1,19.64,19.83,6253.664
2023-12-09 04:00:00+00:00,19.81,20.06,19.74,19.81,3976.6809
2023-12-09 06:00:00+00:00,19.8,20.11,19.8,19.9,3452.5731
2023-12-09 08:00:00+00:00,19.9,20.0,19.35,19.43,7780.4442
2023-12-09 10:00:00+00:00,19.41,20.44,19.39,20.19,31982.7537
2023-12-09 12:00:00+00:00,20.14,20.65,19.87,20.34,13138.4759
2023-12-09 14:00:00+00:00,20.24,20.3,19.54,19.81,8241.0066
2023-12-09 16:00:00+00:00,19.82,20.13,19.61,20.03,6401.6252
2023-12-09 18:00:00+00:00,20.03,20.2,19.83,20.13,3090.5083
2023-12-09 20:00:00+00:00,20.15,20.29,19.88,19.94,4205.7458
2023-12-09 22:00:00+00:00,19.94,20.55,19.77,19.86,7873.7396
2023-12-10 00:00:00+00:00,19.85,20.22,19.81,20.17,2422.5703
2023-12-10 02:00:00+00:00,20.17,20.22,19.97,20.07,2005.6063
2023-12-10 04:00:00+00:00,20.11,20.2,20.01,20.16,1489.5567
2023-12-10 06:00:00+00:00,20.16,20.49,20.04,20.27,4573.3146
2023-12-10 08:00:00+00:00,20.27,20.56,19.7,19.91,12863.7647
2023-12-10 10:00:00+00:00,19.89,19.9,19.6,19.67,9308.5587
2023-12-10 12:00:00+00:00,19.65,19.82,19.61,19.78,6903.981
2023-12-10 14:00:00+00:00,19.77,19.96,19.62,19.85,4262.3105
2023-12-10 16:00:00+00:00,19.85,19.9,19.46,19.55,6670.0977
2023-12-10 18:00:00+00:00,19.56,19.66,19.49,19.66,3109.7326
2023-12-10 20:00:00+00:00,19.65,19.8,19.58,19.69,4685.8891
2023-12-10 22:00:00+00:00,19.69,19.73,19.48,19.67,1855.413
2023-12-11 00:00:00+00:00,19.66,19.69,19.4,19.54,4580.4294
2023-12-11 02:00:00+00:00,19.52,19.52,18.18,18.54,20058.3177
2023-12-11 04:00:00+00:00,18.54,18.79,18.46,18.62,5505.2824
2023-12-11 06:00:00+00:00,18.59,18.89,18.3,18.71,7836.3274
2023-12-11 08:00:00+00:00,18.72,18.93,18.56,18.72,4796.2234
2023-12-11 10:00:00+00:00,18.73,18.98,18.25,18.81,17030.2305
2023-12-11 12:00:00+00:00,18.82,18.83,18.5,18.66,6988.803
2023-12-11 14:00:00+00:00,18.67,18.87,18.25,18.42,6917.3337
2023-12-11 16:00:00+00:00,18.43,18.48,18.07,18.13,3845.7061
2023-12-11 18:00:00+00:00,18.13,18.14,17.77,17.98,5955.1373
2023-12-11 20:00:00+00:00,17.98,18.29,17.85,18.27,3062.4745
2023-12-11 22:00:00+00:00,18.27,18.41,18.2,18.36,1677.1076
2023-12-12 00:00:00+00:00,18.36,18.54,18.25,18.51,5269.9759
2023-12-12 02:00:00+00:00,18.51,18.7,18.49,18.58,2246.6553
2023-12-12 04:00:00+00:00,18.58,18.63,18.37,18.54,2539.639
2023-12-12 06:00:00+00:00,18.57,18.69,18.38,18.63,6530.2541
2023-12-12 08:00:00+00:00,18.65,18.68,18.38,18.39,3083.0898
2023-12-12 10:00:00+00:00,18.38,18.42,18.01,18.02,7237.787
2023-12-12 12:00:00+00:00,18.02,18.03,17.72,17.91,9708.7491
2023-12-12 14:00:00+00:00,17.91,17.97,17.4,17.72,12937.5838
2023-12-12 16:00:00+00:00,17.72,17.85,17.5,17.55,4497.5555
2023-12-12 18:00:00+00:00,17.57,17.97,17.54,17.9,5083.4995
2023-12-12 20:00:00+00:00,17.9,17.98,17.63,17.67,5713.4156
2023-12-12 22:00:00+00:00,17.66,18.48,17.66,18.21,9243.1924
2023-12-13 00:00:00+00:00,18.18,18.5,17.69,17.7,5590.0395
2023-12-13 02:00:00+00:00,17.7,17.74,17.27,17.4,7959.9885
2023-12-13 04:00:00+00:00,17.36,17.6,17.31,17.52,3264.8752
2023-12-13 06:00:00+00:00,17.52,17.61,17.22,17.48,3703.2548
2023-12-13 08:00:00+00:00,17.45,17.65,17.43,17.63,2475.118
2023-12-13 10:00:00+00:00,17.63,17.66,17.4,17.42,3682.2015
2023-12-13 12:00:00+00:00,17.42,17.84,17.4,17.76,5008.2134
2023-12-13 14:00:00+00:00,17.76,18.17,17.57,18.03,10157.4063
2023-12-13 16:00:00+00:00,17.99,18.14,17.85,18.01,7708.1011
2023-12-13 18:00:00+00:00,17.96,18.44,17.92,18.28,8178.1641
2023-12-13 20:00:00+00:00,18.32,19.12,18.27,18.78,10777.5698
2023-12-13 22:00:00+00:00,18.77,19.0,18.59,18.88,8558.8089
2023-12-14 00:00:00+00:00,18.9,19.0,18.68,18.79,3560.926
2023-12-14 02:00:00+00:00,18.79,18.93,18.59,18.59,1846.3952
2023-12-14 04:00:00+00:00,18.59,18.76,18.53,18.6,1883.3086
2023-12-14 06:00:00+00:00,18.59,18.72,18.54,18.6,1838.0795
2023-12-14 08:00:00+00:00,18.62,18.77,18.61,18.77,2486.3404
2023-12-14 10:00:00+00:00,18.74,18.98,18.7,18.94,3002.449
2023-12-14 12:00:00+00:00,18.94,18.95,18.01,18.42,9541.7772
2023-12-14 14:00:00+00:00,18.47,18.54,18.32,18.37,3679.7813
2023-12-14 16:00:00+00:00,18.37,18.88,18.36,18.65,4088.7302
2023-12-14 18:00:00+00:00,18.68,18.91,18.6,18.75,2667.8749
2023-12-14 20:00:00+00:00,18.71,18.76,18.6,18.71,3291.0122
2023-12-14 22:00:00+00:00,18.71,19.35,18.7,19.11,8370.4237
2023-12-15 00:00:00+00:00,19.09,19.21,18.98,19.02,3626.2928
2023-12-15 02:00:00+00:00,19.01,19.03,18.7,18.78,2733.6609
2023-12-15 04:00:00+00:00,18.8,18.8,18.42,18.47,3841.1526
2023-12-15 06:00:00+00:00,18.47,18.6,18.36,18.42,3796.8484
2023-12-15 08:00:00+00:00,18.4,18.59,18.31,18.43,3026.0314
2023-12-15 10:00:00+00:00,18.43,18.46,18.35,18.41,2293.5146
2023-12-15 12:00:00+00:00,18.41,18.41,18.03,18.17,5663.41
2023-12-15 14:00:00+00:00,18.14,18.19,17.79,17.88,5952.8123
2023-12-15 16:00:00+00:00,17.87,18.06,17.66,17.93,5878.2483
2023-12-15 18:00:00+00:00,17.93,18.12,17.86,18.12,5000.2852
2023-12-15 20:00:00+00:00,18.11,18.13,17.71,17.85,4088.2141
2023-12-15 22:00:00+00:00,17.88,17.89,17.48,17.52,7248.7202
2023-12-16 00:00:00+00:00,17.52,17.78,17.32,17.7,4856.9935
2023-12-16 02:00:00+00:00,17.69,17.88,17.69,17.84,1170.8977
2023-12-16 04:00:00+00:00,17.84,17.99,17.79,17.92,1324.7493
2023-12-16 06:00:00+00:00,17.91,17.95,17.82,17.85,1640.6186
2023-12-16 08:00:00+00:00,17.87,18.08,17.78,18.02,2301.09
2023-12-16 10:00:00+00:00,18.04,18.34,17.93,18.11,2681.8329
2023-12-16 12:00:00+00:00,18.11,18.29,18.03,18.13,3126.7476
2023-12-16 14:00:00+00:00,18.13,18.33,18.07,18.29,3243.8386
2023-12-16 16:00:00+00:00,18.3,18.33,18.15,18.27,3882.7381
2023-12-16 18:00:00+00:00,18.25,18.4,17.92,17.97,4293.5368
2023-12-16 20:00:00+00:00,17.95,18.18,17.89,17.92,1945.6637
2023-12-16 22:00:00+00:00,17.92,18.07,17.86,18.03,2564.5784
2023-12-17 00:00:00+00:00,18.03,18.32,17.89,18.15,5126.7765
2023-12-17 02:00:00+00:00,18.2,18.27,18.06,18.08,2428.3871
2023-12-17 04:00:00+00:00,18.13,18.13,17.78,17.84,1825.6591
2023-12-17 06:00:00+00:00,17.84,17.91,17.7,17.79,2938.9466
2023-12-17 08:00:00+00:00,17.8,18.14,17.79,18.02,3252.438
2023-12-17 10:00:00+00:00,18.02,18.03,17.84,18.0,2232.5677
2023-12-17 12:00:00+00:00,17.99,18.07,17.69,17.81,3793.1541
2023-12-17 14:00:00+00:00,17.81,18.1,17.66,18.1,2708.178
2023-12-17 16:00:00+00:00,18.09,18.26,18.0,18.06,3978.5071
2023-12-17 18:00:00+00:00,18.06,18.21,17.95,18.12,1605.8892
2023-12-17 20:00:00+00:00,18.12,18.2,17.76,17.92,3708.4877
2023-12-17 22:00:00+00:00,17.92,18.0,17.57,17.68,3893.2127
2023-12-18 00:00:00+00:00,17.68,17.83,17.41,17.43,3861.0652
2023-12-18 02:00:00+00:00,17.43,17.48,17.31,17.38,2113.8531
2023-12-18 04:00:00+00:00,17.37,17.39,17.12,17.15,3709.2711
2023-12-18 06:00:00+00:00,17.15,17.48,17.15,17.34,3210.8915
2023-12-18 08:00:00+00:00,17.34,17.41,16.89,17.02,4006.013
2023-12-18 10:00:00+00:00,17.01,17.04,16.66,16.98,5351.9437
2023-12-18 12:00:00+00:00,16.98,17.2,16.75,17.19,2221.0262
2023-12-18 14:00:00+00:00,17.16,17.33,17.15,17.23,1819.0455
2023-12-18 16:00:00+00:00,17.24,17.25,16.93,17.07,9059.6501
2023-12-18 18:00:00+00:00,17.1,17.26,17.05,17.15,2342.6932
2023-12-18 20:00:00+00:00,17.13,17.83,17.09,17.58,5435.432
2023-12-18 22:00:00+00:00,17.58,17.72,17.45,17.59,3643.5731
2023-12-19 00:00:00+00:00,17.59,17.82,17.46,17.77,2904.5097
2023-12-19 02:00:00+00:00,17.77,17.84,17.72,17.78,1098.9082
2023-12-19 04:00:00+00:00,17.78,18.36,17.66,17.97,8639.986
2023-12-19 06:00:00+00:00,18.0,18.23,17.93,17.97,3588.358
2023-12-19 08:00:00+00:00,17.97,18.17,17.94,17.99,2125.4932
2023-12-19 10:00:00+00:00,17.99,18.9,17.94,18.17,14222.8447
2023-12-19 12:00:00+00:00,18.16,18.41,17.94,18.18,4376.5044
2023-12-19 14:00:00+00:00,18.13,18.18,17.66,17.86,6765.8591
2023-12-19 16:00:00+00:00,17.86,17.89,17.36,17.49,6655.2442
2023-12-19 18:00:00+00:00,17.48,17.75,17.42,17.74,2524.6073
2023-12-19 20:00:00+00:00,17.74,18.29,17.69,17.99,4401.249
2023-12-19 22:00:00+00:00,17.99,18.0,17.68,17.95,3781.5424
2023-12-20 00:00:00+00:00,17.95,18.41,17.82,17.86,3076.6278
2023-12-20 02:00:00+00:00,17.9,18.04,17.84,18.01,1212.5471
2023-12-20 04:00:00+00:00,18.01,18.15,17.9,18.01,3931.5026
2023-12-20 06:00:00+00:00,18.01,18.14,17.9,18.14,4338.6954
2023-12-20 08:00:00+00:00,18.14,18.66,18.06,18.65,9747.5089
2023-12-20 10:00:00+00:00,18.66,18.92,18.28,18.35,12083.3742
2023-12-20 12:00:00+00:00,18.35,18.55,18.28,18.53,2286.9733
2023-12-20 14:00:00+00:00,18.53,18.69,18.39,18.57,4211.0023
2023-12-20 16:00:00+00:00,18.61,18.76,18.46,18.58,4250.3173
2023-12-20 18:00:00+00:00,18.58,18.78,18.48,18.51,3947.0124
2023-12-20 20:00:00+00:00,18.5,18.75,18.29,18.4,4089.4164
2023-12-20 22:00:00+00:00,18.41,18.54,18.35,18.52,780.076
2023-12-21 00:00:00+00:00,18.5,18.53,18.28,18.32,1129.3392
2023-12-21 02:00:00+00:00,18.29,18.4,18.17,18.34,2756.7385
2023-12-21 04:00:00+00:00,18.36,18.6,18.33,18.37,1507.1821
2023-12-21 06:00:00+00:00,18.37,18.66,18.32,18.6,3648.2745
2023-12-21 08:00:00+00:00,18.6,18.75,18.46,18.57,3009.9207
2023-12-21 10:00:00+00:00,18.57,19.08,18.54,18.92,10098.749
2023-12-21 12:00:00+00:00,18.93,19.14,18.85,18.85,5666.1641
2023-12-21 14:00:00+00:00,18.86,19.3,18.6,18.75,20034.6303
2023-12-21 16:00:00+00:00,18.75,19.54,18.71,19.11,11874.9002
2023-12-21 18:00:00+00:00,19.09,19.41,18.97,19.29,6963.3806
2023-12-21 20:00:00+00:00,19.29,19.29,18.91,19.08,3361.4086
2023-12-21 22:00:00+00:00,19.06,19.34,19.05,19.18,4751.1347
2023-12-22 00:00:00+00:00,19.19,19.96,19.15,19.71,9329.9687
2023-12-22 02:00:00+00:00,19.71,19.81,19.26,19.6,4244.7316
2023-12-22 04:00:00+00:00,19.6,19.78,19.4,19.53,1788.2174
2023-12-22 06:00:00+00:00,19.53,19.76,19.25,19.34,5402.8251
2023-12-22 08:00:00+00:00,19.34,19.91,19.24,19.5,6027.8985
2023-12-22 10:00:00+00:00,19.5,19.71,19.4,19.57,3804.3838
2023-12-22 12:00:00+00:00,19.57,20.22,19.36,19.84,10227.5835
2023-12-22 14:00:00+00:00,19.84,22.39,19.75,20.92,81286.7791
2023-12-22 16:00:00+00:00,20.92,21.2,20.53,20.8,14761.966
2023-12-22 18:00:00+00:00,20.8,21.0,20.35,20.53,9015.0364
2023-12-22 20:00:00+00:00,20.53,20.6,20.13,20.26,6380.4363
2023-12-22 22:00:00+00:00,20.26,20.85,20.25,20.48,9633.0071
2023-12-23 00:00:00+00:00,20.49,20.5,19.9,19.9,5200.4719
2023-12-23 02:00:00+00:00,19.9,20.0,19.72,19.73,2736.9947
2023-12-23 04:00:00+00:00,19.74,19.85,19.67,19.8,2015.039
2023-12-23 06:00:00+00:00,19.8,19.81,19.65,19.72,1884.8527
2023-12-23 08:00:00+00:00,19.72,20.63,19.69,20.01,15806.5382
2023-12-23 10:00:00+00:00,20.0,20.23,19.84,20.06,4374.5096
2023-12-23 12:00:00+00:00,20.03,20.78,19.99,20.25,6782.5096
2023-12-23 14:00:00+00:00,20.28,20.72,20.09,20.28,4380.2108
2023-12-23 16:00:00+00:00,20.27,22.0,20.23,21.87,24136.5016
2023-12-23 18:00:00+00:00,21.87,22.58,21.29,21.8,44076.0768
2023-12-23 20:00:00+00:00,21.8,22.27,21.42,21.58,11857.2406
2023-12-23 22:00:00+00:00,21.57,22.6,21.4,21.58,16556.443
2023-12-24 00:00:00+00:00,21.58,21.72,21.19,21.61,9222.9013
2023-12-24 02:00:00+00:00,21.62,21.73,21.44,21.68,3238.0252
2023-12-24 04:00:00+00:00,21.67,21.96,21.66,21.78,4322.386
2023-12-24 06:00:00+00:00,21.79,22.73,21.41,22.63,13869.37
2023-12-24 08:00:00+00:00,22.63,27.5,22.26,26.81,142678.327
2023-12-24 10:00:00+00:00,26.79,33.59,25.8,30.92,433111.0174
2023-12-24 12:00:00+00:00,30.98,37.4,30.31,35.74,377047.2845
2023-12-24 14:00:00+00:00,35.72,35.76,31.0,32.02,189541.3377
2023-12-24 16:00:00+00:00,32.02,32.04,28.16,29.2,102680.8872
2023-12-24 18:00:00+00:00,29.21,32.0,28.63,30.11,105526.7757
2023-12-24 20:00:00+00:00,30.11,30.93,29.03,29.2,49555.8383
2023-12-24 22:00:00+00:00,29.18,29.65,27.0,29.03,62914.3328
2023-12-25 00:00:00+00:00,29.04,31.8,28.12,28.54,62467.2452
2023-12-25 02:00:00+00:00,28.54,29.02,27.66,28.96,26312.6753
2023-12-25 04:00:00+00:00,28.97,30.5,28.34,29.97,48615.0674
2023-12-25 06:00:00+00:00,29.97,35.6,29.96,33.72,213596.1732
2023-12-25 08:00:00+00:00,33.72,33.73,30.0,30.1,105038.4709
2023-12-25 10:00:00+00:00,30.07,30.98,28.0,28.26,68526.7732
2023-12-25 12:00:00+00:00,28.25,30.3,27.26,29.24,46498.2756
2023-12-25 14:00:00+00:00,29.25,30.0,28.48,28.78,24624.2607
2023-12-25 16:00:00+00:00,28.74,30.86,28.35,29.04,36703.6081
2023-12-25 18:00:00+00:00,29.02,29.49,28.48,28.57,13050.086
2023-12-25 20:00:00+00:00,28.58,28.84,28.09,28.53,14603.0863
2023-12-25 22:00:00+00:00,28.53,29.68,28.19,29.31,22043.3465
2023-12-26 00:00:00+00:00,29.32,29.67,28.15,28.17,12890.4144
2023-12-26 02:00:00+00:00,28.23,29.03,27.84,28.91,20115.575
2023-12-26 04:00:00+00:00,28.91,29.15,27.06,27.64,24032.3219
2023-12-26 06:00:00+00:00,27.62,28.71,27.16,28.14,19783.4135
2023-12-26 08:00:00+00:00,28.13,28.17,26.47,27.01,24677.4335
2023-12-26 10:00:00+00:00,27.02,27.17,26.66,26.71,11175.0304
2023-12-26 12:00:00+00:00,26.71,27.96,26.28,26.82,35492.9429
2023-12-26 14:00:00+00:00,26.81,27.22,26.23,26.25,12813.8667
2023-12-26 16:00:00+00:00,26.25,26.89,24.33,24.9,56112.4336
2023-12-26 18:00:00+00:00,24.95,25.93,24.73,25.59,17620.4306
2023-12-26 20:00:00+00:00,25.6,25.86,25.44,25.67,6700.05
2023-12-26 22:00:00+00:00,25.67,25.85,24.88,25.48,13452.1525
2023-12-27 00:00:00+00:00,25.48,25.48,24.78,24.81,8607.6551
2023-12-27 02:00:00+00:00,24.84,24.87,24.39,24.51,8670.8792
2023-12-27 04:00:00+00:00,24.5,24.98,24.5,24.88,4704.4477
2023-12-27 06:00:00+00:00,24.88,24.95,24.49,24.79,6174.0043
2023-12-27 08:00:00+00:00,24.81,25.0,24.49,24.67,11293.8075
2023-12-27 10:00:00+00:00,24.63,25.0,24.2,24.84,17733.2543
2023-12-27 12:00:00+00:00,24.84,24.89,23.79,24.35,19077.1154
2023-12-27 14:00:00+00:00,24.36,24.54,23.75,24.13,16065.5635
2023-12-27 16:00:00+00:00,24.13,24.51,23.91,24.41,7185.8944
2023-12-27 18:00:00+00:00,24.39,24.54,24.05,24.34,4337.715
2023-12-27 20:00:00+00:00,24.35,24.79,24.31,24.68,6755.4651
2023-12-27 22:00:00+00:00,24.67,24.98,24.55,24.9,3474.1781
2023-12-28 00:00:00+00:00,24.9,27.33,24.74,26.02,34545.4986
2023-12-28 02:00:00+00:00,26.0,27.25,25.79,25.92,18534.4009
2023-12-28 04:00:00+00:00,25.92,26.06,25.42,25.46,6044.91
2023-12-28 06:00:00+00:00,25.5,25.92,24.77,25.06,16074.8835
2023-12-28 08:00:00+00:00,25.06,25.26,24.68,25.05,7907.9735
2023-12-28 10:00:00+00:00,25.03,25.05,23.88,24.65,7890.5361
2023-12-28 12:00:00+00:00,24.67,24.8,24.1,24.29,6694.9534
2023-12-28 14:00:00+00:00,24.29,24.33,23.55,23.75,11739.9619
2023-12-28 16:00:00+00:00,23.73,23.83,23.25,23.32,10619.5542
2023-12-28 18:00:00+00:00,23.3,23.65,23.27,23.54,5481.3521
2023-12-28 20:00:00+00:00,23.58,23.77,23.29,23.59,4998.9763
2023-12-28 22:00:00+00:00,23.58,24.48,23.46,24.16,8271.4697
2023-12-29 00:00:00+00:00,24.21,24.58,23.41,23.58,5328.6913
2023-12-29 02:00:00+00:00,23.54,23.93,23.48,23.88,1833.2257
2023-12-29 04:00:00+00:00,23.89,24.54,23.75,23.96,3765.9951
2023-12-29 06:00:00+00:00,23.96,24.91,23.91,24.05,9318.3961
2023-12-29 08:00:00+00:00,24.04,26.8,24.01,25.37,35100.3625
2023-12-29 10:00:00+00:00,25.32,26.48,25.17,26.04,20171.8982
2023-12-29 12:00:00+00:00,26.01,26.57,25.53,26.15,12571.6551
2023-12-29 14:00:00+00:00,26.12,26.27,25.01,25.53,10440.5053
2023-12-29 16:00:00+00:00,25.49,27.65,24.86,27.02,71540.5683
2023-12-29 18:00:00+00:00,27.02,30.99,26.85,28.15,148752.7132
2023-12-29 20:00:00+00:00,28.1,28.75,27.26,27.51,34051.0896
2023-12-29 22:00:00+00:00,27.51,29.5,27.16,28.5,40113.8732
2023-12-30 00:00:00+00:00,28.55,28.69,27.3,27.74,19590.3019
2023-12-30 02:00:00+00:00,27.75,27.84,26.9,27.74,13205.6113
2023-12-30 04:00:00+00:00,27.72,28.08,27.1,27.52,13040.4206
2023-12-30 06:00:00+00:00,27.52,31.38,27.36,30.33,64177.83
2023-12-30 08:00:00+00:00,30.32,31.81,27.63,28.11,98783.0319
2023-12-30 10:00:00+00:00,28.11,28.33,27.55,27.59,16585.2326
2023-12-30 12:00:00+00:00,27.59,30.0,27.46,29.01,58389.6775
2023-12-30 14:00:00+00:00,29.01,29.33,28.09,28.56,14190.9279
2023-12-30 16:00:00+00:00,28.59,28.91,27.76,27.98,12262.9322
2023-12-30 18:00:00+00:00,28.03,28.74,27.42,27.53,15350.3754
2023-12-30 20:00:00+00:00,27.53,27.91,27.26,27.57,8988.1804
2023-12-30 22:00:00+00:00,27.57,27.66,27.02,27.11,9313.8737
2023-12-31 00:00:00+00:00,27.11,27.28,26.7,26.94,12101.0766
2023-12-31 02:00:00+00:00,26.95,27.04,26.57,26.79,3507.2693
2023-12-31 04:00:00+00:00,26.85,27.38,26.77,27.35,3578.2543
2023-12-31 06:00:00+00:00,27.35,27.41,27.05,27.14,5029.157
2023-12-31 08:00:00+00:00,27.17,27.76,26.65,26.88,11910.3293
2023-12-31 10:00:00+00:00,26.88,27.23,26.58,26.76,7891.8844
2023-12-31 12:00:00+00:00,26.76,26.96,26.42,26.63,7376.0483
2023-12-31 14:00:00+00:00,26.63,26.9,26.27,26.4,7172.9875
2023-12-31 16:00:00+00:00,26.4,26.94,26.27,26.39,7602.5091
2023-12-31 18:00:00+00:00,26.39,26.67,26.22,26.27,7500.2209
2023-12-31 20:00:00+00:00,26.24,33.0,25.92,31.0,139515.4255
2023-12-31 22:00:00+00:00,31.0,37.2,30.79,32.32,279669.3935
2024-01-01 00:00:00+00:00,32.31,38.89,32.26,34.88,161435.899
2024-01-01 02:00:00+00:00,34.88,36.0,33.11,33.11,55819.2478
2024-01-01 04:00:00+00:00,33.16,35.77,33.0,34.58,55225.2646
2024-01-01 06:00:00+00:00,34.51,40.66,34.08,39.97,174889.791
2024-01-01 08:00:00+00:00,39.95,40.49,35.85,39.31,122700.977
2024-01-01 10:00:00+00:00,39.36,39.41,35.57,35.74,82193.8062
2024-01-01 12:00:00+00:00,35.72,35.91,33.83,33.95,61822.7808
2024-01-01 14:00:00+00:00,33.98,34.98,32.34,32.59,67143.28
2024-01-01 16:00:00+00:00,32.59,33.29,31.63,32.33,48805.8763
2024-01-01 18:00:00+00:00,32.33,33.0,31.51,32.65,29385.6831
2024-01-01 20:00:00+00:00,32.59,33.45,31.63,32.03,33077.4805
2024-01-01 22:00:00+00:00,32.01,32.5,31.18,31.98,16245.8144
2024-01-02 00:00:00+00:00,31.98,33.03,31.43,32.77,22120.5833
2024-01-02 02:00:00+00:00,32.77,33.85,32.58,33.62,15626.1096
2024-01-02 04:00:00+00:00,33.63,33.65,32.39,32.41,10345.3448
2024-01-02 06:00:00+00:00,32.46,34.27,32.46,34.07,16427.1903
2024-01-02 08:00:00+00:00,34.1,35.41,33.74,34.08,34098.9354
2024-01-02 10:00:00+00:00,34.08,34.39,32.91,33.47,24379.2889
2024-01-02 12:00:00+00:00,33.53,34.86,33.31,33.77,20602.0841
2024-01-02 14:00:00+00:00,33.8,33.84,31.95,32.57,17240.6412
2024-01-02 16:00:00+00:00,32.6,33.12,32.1,32.47,13536.6218
2024-01-02 18:00:00+00:00,32.53,35.3,32.42,34.53,60685.473
2024-01-02 20:00:00+00:00,34.56,34.94,33.57,33.85,18619.5317
2024-01-02 22:00:00+00:00,33.79,34.6,33.57,34.16,9306.3891
2024-01-03 00:00:00+00:00,34.2,34.55,33.58,33.91,7201.931
2024-01-03 02:00:00+00:00,33.9,34.0,33.24,33.35,5510.9908
2024-01-03 04:00:00+00:00,33.35,33.54,32.75,33.12,10056.1335
2024-01-03 06:00:00+00:00,33.11,33.81,32.91,33.02,14028.3811
2024-01-03 08:00:00+00:00,33.02,33.23,32.6,32.71,8078.86
2024-01-03 10:00:00+00:00,32.67,32.74,30.02,30.58,29083.5775
2024-01-03 12:00:00+00:00,30.53,30.85,26.5,29.73,56244.2122
2024-01-03 14:00:00+00:00,29.74,29.75,28.6,29.34,18695.5944
2024-01-03 16:00:00+00:00,29.31,30.47,28.49,28.68,16315.3461
2024-01-03 18:00:00+00:00,28.75,28.99,28.08,28.52,8587.8297
2024-01-03 20:00:00+00:00,28.52,29.53,28.52,29.38,11774.3095
2024-01-03 22:00:00+00:00,29.38,29.6,28.5,28.68,8700.4293
2024-01-04 00:00:00+00:00,28.67,28.86,28.11,28.37,6891.6694
2024-01-04 02:00:00+00:00,28.37,29.5,28.36,29.3,7946.0975
2024-01-04 04:00:00+00:00,29.3,29.31,28.96,29.1,3187.2903
2024-01-04 06:00:00+00:00,29.1,29.8,28.38,28.45,7793.1511
2024-01-04 08:00:00+00:00,28.43,29.09,28.2,28.86,6881.8944
2024-01-04 10:00:00+00:00,28.86,29.43,28.3,29.16,5997.6102
2024-01-04 12:00:00+00:00,29.19,30.6,29.11,29.89,21153.1533
2024-01-04 14:00:00+00:00,29.94,32.44,29.94,31.31,27793.7533
2024-01-04 16:00:00+00:00,31.31,32.32,31.31,31.92,11859.1982
2024-01-04 18:00:00+00:00,31.86,33.9,31.86,32.42,27115.5519
2024-01-04 20:00:00+00:00,32.41,33.11,31.59,32.12,14212.0352
2024-01-04 22:00:00+00:00,32.13,32.66,31.58,31.8,8764.835
2024-01-05 00:00:00+00:00,31.83,31.99,30.12,30.82,7780.517
2024-01-05 02:00:00+00:00,30.83,31.2,30.22,30.66,7888.3059
2024-01-05 04:00:00+00:00,30.66,30.91,30.36,30.65,3544.0708
2024-01-05 06:00:00+00:00,30.65,32.79,30.37,31.98,22877.7373
2024-01-05 08:00:00+00:00,31.98,33.44,31.43,31.68,49863.0891
2024-01-05 10:00:00+00:00,31.68,32.56,30.48,31.03,16780.6289
2024-01-05 12:00:00+00:00,31.07,31.07,30.09,30.59,12631.1387
2024-01-05 14:00:00+00:00,30.56,30.72,29.53,29.78,10388.0037
2024-01-05 16:00:00+00:00,29.74,30.1,29.12,29.53,11819.1224
2024-01-05 18:00:00+00:00,29.53,29.67,29.16,29.49,5402.3303
2024-01-05 20:00:00+00:00,29.48,30.44,29.33,30.24,8413.4072
2024-01-05 22:00:00+00:00,30.26,30.55,29.92,30.36,3998.8027
2024-01-06 00:00:00+00:00,30.32,30.4,29.71,29.87,5208.3449
2024-01-06 02:00:00+00:00,29.92,30.07,29.72,29.8,1253.799
2024-01-06 04:00:00+00:00,29.79,29.84,29.2,29.34,2966.7769
2024-01-06 06:00:00+00:00,29.33,29.56,28.63,28.98,8568.8219
2024-01-06 08:00:00+00:00,28.98,29.31,28.79,29.21,3131.551
2024-01-06 10:00:00+00:00,29.2,29.31,28.75,29.09,7650.4036
2024-01-06 12:00:00+00:00,29.09,29.12,28.75,28.8,4960.9952
2024-01-06 14:00:00+00:00,28.82,30.46,28.82,29.98,9793.1742
2024-01-06 16:00:00+00:00,29.92,30.18,29.15,29.35,7411.353
2024-01-06 18:00:00+00:00,29.35,29.36,28.83,28.96,4841.7131
2024-01-06 20:00:00+00:00,28.98,29.15,28.7,29.11,3833.7258
2024-01-06 22:00:00+00:00,29.09,29.6,28.77,29.02,6595.9229
2024-01-07 00:00:00+00:00,29.0,29.36,28.74,29.07,3732.698
2024-01-07 02:00:00+00:00,29.08,29.62,28.94,29.35,5835.2786
2024-01-07 04:00:00+00:00,29.35,29.9,29.34,29.78,4103.4332
2024-01-07 06:00:00+00:00,29.81,29.98,29.48,29.64,2919.2578
2024-01-07 08:00:00+00:00,29.61,29.66,28.73,28.82,6929.3464
2024-01-07 10:00:00+00:00,28.82,29.06,28.78,28.96,2245.629
2024-01-07 12:00:00+00:00,28.96,29.03,28.71,28.88,2470.1859
2024-01-07 14:00:00+00:00,28.89,28.95,27.78,27.91,10375.428
2024-01-07 16:00:00+00:00,27.91,28.06,27.51,27.7,7721.4403
2024-01-07 18:00:00+00:00,27.73,27.88,27.44,27.58,4323.982
2024-01-07 20:00:00+00:00,27.62,27.67,27.1,27.33,4208.2104
2024-01-07 22:00:00+00:00,27.33,27.33,26.62,27.0,6471.3431
2024-01-08 00:00:00+00:00,26.99,27.13,26.59,26.74,5068.5999
2024-01-08 02:00:00+00:00,26.74,26.92,25.7,25.83,11351.8321
2024-01-08 04:00:00+00:00,25.86,26.08,25.56,26.01,8256.3044
2024-01-08 06:00:00+00:00,26.01,26.35,25.68,26.16,6085.748
2024-01-08 08:00:00+00:00,26.16,26.41,25.96,26.02,4183.2555
2024-01-08 10:00:00+00:00,26.07,26.76,25.92,26.69,7247.6648
2024-01-08 12:00:00+00:00,26.71,27.26,26.7,27.11,6006.6638
2024-01-08 14:00:00+00:00,27.08,27.31,26.77,26.83,7588.9711
2024-01-08 16:00:00+00:00,26.83,27.25,26.62,27.22,4311.2681
2024-01-08 18:00:00+00:00,27.26,27.65,27.17,27.65,5778.7985
2024-01-08 20:00:00+00:00,27.64,28.15,27.29,27.56,10143.2804
2024-01-08 22:00:00+00:00,27.58,28.41,27.51,27.81,5687.1695
2024-01-09 00:00:00+00:00,27.84,27.87,27.06,27.56,6446.211
2024-01-09 02:00:00+00:00,27.58,28.18,27.42,27.95,2851.0365
2024-01-09 04:00:00+00:00,27.88,27.88,27.29,27.45,2773.8086
2024-01-09 06:00:00+00:00,27.43,27.52,27.06,27.35,4770.9776
2024-01-09 08:00:00+00:00,27.31,27.35,26.16,26.24,7460.5495
2024-01-09 10:00:00+00:00,26.22,26.64,25.74,26.0,9207.11
2024-01-09 12:00:00+00:00,26.0,26.38,25.38,25.81,12787.9951
2024-01-09 14:00:00+00:00,25.82,25.98,25.27,25.45,5633.0778
2024-01-09 16:00:00+00:00,25.51,26.32,25.12,25.77,11443.3251
2024-01-09 18:00:00+00:00,25.68,25.86,25.13,25.48,4921.1627
2024-01-09 20:00:00+00:00,25.49,26.39,24.89,25.65,13220.1867
2024-01-09 22:00:00+00:00,25.63,26.15,25.61,25.98,2836.4864
2024-01-10 00:00:00+00:00,25.92,26.7,25.86,26.24,4635.5396
2024-01-10 02:00:00+00:00,26.24,26.34,25.65,25.82,5595.8011
2024-01-10 04:00:00+00:00,25.82,26.09,25.73,25.82,2202.6499
2024-01-10 06:00:00+00:00,25.81,25.85,25.46,25.51,2245.0725
2024-01-10 08:00:00+00:00,25.51,26.32,25.3,26.15,5118.0625
2024-01-10 10:00:00+00:00,26.13,27.21,25.96,26.27,8071.4407
2024-01-10 12:00:00+00:00,26.26,27.02,25.48,26.07,10577.5363
2024-01-10 14:00:00+00:00,25.94,27.36,25.9,27.2,13077.4015
2024-01-10 16:00:00+00:00,27.22,27.48,26.76,27.13,7469.8754
2024-01-10 18:00:00+00:00,27.12,27.71,26.91,27.7,4332.8776
2024-01-10 20:00:00+00:00,27.7,28.51,27.02,28.47,9660.4887
2024-01-10 22:00:00+00:00,28.51,28.89,28.2,28.41,13375.8683
2024-01-11 00:00:00+00:00,28.48,29.08,28.11,28.74,7163.8767
2024-01-11 02:00:00+00:00,28.69,29.5,28.64,28.88,4902.4207
2024-01-11 04:00:00+00:00,28.84,29.61,28.58,29.47,6701.7021
2024-01-11 06:00:00+00:00,29.46,31.85,28.57,29.2,28766.3148
2024-01-11 08:00:00+00:00,29.22,30.47,29.03,30.1,44743.4113
2024-01-11 10:00:00+00:00,30.06,31.58,29.58,30.65,45460.7945
2024-01-11 12:00:00+00:00,30.68,31.56,29.95,30.16,16730.6855
2024-01-11 14:00:00+00:00,30.16,31.23,29.07,29.72,23514.3056
2024-01-11 16:00:00+00:00,29.73,30.3,29.1,29.28,27851.7284
2024-01-11 18:00:00+00:00,29.26,29.59,28.66,29.2,12079.1715
2024-01-11 20:00:00+00:00,29.2,29.37,28.6,28.7,5447.0616
2024-01-11 22:00:00+00:00,28.7,29.03,28.55,28.8,3994.3193
2024-01-12 00:00:00+00:00,28.76,28.81,28.33,28.52,3111.0975
2024-01-12 02:00:00+00:00,28.51,28.76,28.42,28.52,1411.7521
2024-01-12 04:00:00+00:00,28.51,28.99,28.32,28.92,3228.1893
2024-01-12 06:00:00+00:00,28.91,29.29,28.51,28.76,4561.42
2024-01-12 08:00:00+00:00,28.73,29.12,28.48,28.82,4490.5136
2024-01-12 10:00:00+00:00,28.82,29.38,28.68,29.17,2727.1399
2024-01-12 12:00:00+00:00,29.19,29.45,28.88,29.26,3553.3045
2024-01-12 14:00:00+00:00,29.24,29.49,28.45,28.56,7027.4311
2024-01-12 16:00:00+00:00,28.56,29.46,27.62,28.24,14055.6498
2024-01-12 18:00:00+00:00,28.25,28.33,27.56,27.72,4902.6076
2024-01-12 20:00:00+00:00,27.73,28.27,27.18,27.61,7130.4934
2024-01-12 22:00:00+00:00,27.6,27.85,26.68,27.75,7677.9547
2024-01-13 00:00:00+00:00,27.79,27.89,27.06,27.47,3558.8235
2024-01-13 02:00:00+00:00,27.5,28.13,27.44,27.83,3043.5455
2024-01-13 04:00:00+00:00,27.82,28.16,27.74,28.05,1646.2711
2024-01-13 06:00:00+00:00,28.07,28.57,28.0,28.2,2661.8317
2024-01-13 08:00:00+00:00,28.16,28.58,28.04,28.26,3616.8005
2024-01-13 10:00:00+00:00,28.26,28.36,27.5,27.76,3467.7365
2024-01-13 12:00:00+00:00,27.75,27.96,27.54,27.55,1664.6587
2024-01-13 14:00:00+00:00,27.58,27.93,27.51,27.92,3504.9453
2024-01-13 16:00:00+00:00,27.93,29.43,27.61,28.42,14488.7242
2024-01-13 18:00:00+00:00,28.43,29.0,28.22,28.39,4490.5883
2024-01-13 20:00:00+00:00,28.34,28.54,28.1,28.31,2678.0289
2024-01-13 22:00:00+00:00,28.32,28.34,28.02,28.17,2205.1024
2024-01-14 00:00:00+00:00,28.16,28.38,27.87,28.17,1470.8008
2024-01-14 02:00:00+00:00,28.16,28.27,27.9,27.92,1050.1171
2024-01-14 04:00:00+00:00,27.92,28.21,27.78,28.11,1184.8628
2024-01-14 06:00:00+00:00,28.12,28.45,28.07,28.2,1481.097
2024-01-14 08:00:00+00:00,28.19,28.25,27.92,28.2,1626.9523
2024-01-14 10:00:00+00:00,28.22,28.44,27.61,27.73,3803.3124
2024-01-14 12:00:00+00:00,27.69,27.98,27.03,27.54,8852.8719
2024-01-14 14:00:00+00:00,27.54,27.56,27.03,27.37,8283.5951
2024-01-14 16:00:00+00:00,27.37,27.74,27.11,27.42,5120.83
2024-01-14 18:00:00+00:00,27.43,27.45,26.64,26.68,4429.6981
2024-01-14 20:00:00+00:00,26.7,27.08,26.51,27.0,3357.7674
2024-01-14 22:00:00+00:00,27.06,27.11,26.29,26.34,3034.7574
2024-01-15 00:00:00+00:00,26.37,26.96,26.34,26.95,2039.2957
2024-01-15 02:00:00+00:00,26.91,27.09,26.8,26.95,937.2251
2024-01-15 04:00:00+00:00,26.89,27.36,26.88,27.2,2534.8294
2024-01-15 06:00:00+00:00,27.21,27.44,26.99,27.1,2208.166
2024-01-15 08:00:00+00:00,27.1,27.21,26.82,27.04,2901.5966
2024-01-15 10:00:00+00:00,27.05,27.07,26.79,26.94,2695.9222
2024-01-15 12:00:00+00:00,26.91,27.02,26.69,26.98,2934.0721
2024-01-15 14:00:00+00:00,26.97,27.03,26.27,26.38,5780.5399
2024-01-15 16:00:00+00:00,26.39,27.08,26.32,26.85,3296.4059
2024-01-15 18:00:00+00:00,26.87,27.18,26.74,26.76,3476.2295
2024-01-15 20:00:00+00:00,26.81,26.87,26.62,26.7,1494.5252
2024-01-15 22:00:00+00:00,26.66,26.66,25.75,25.92,8861.1581
2024-01-16 00:00:00+00:00,25.89,26.06,25.89,25.98,1220.5015
2024-01-16 02:00:00+00:00,25.98,26.24,25.9,26.15,1309.9162
2024-01-16 04:00:00+00:00,26.15,26.16,25.98,26.08,3327.0246
2024-01-16 06:00:00+00:00,26.07,26.75,26.04,26.61,8118.2696
2024-01-16 08:00:00+00:00,26.66,28.58,26.5,27.14,36715.1655
2024-01-16 10:00:00+00:00,27.11,27.77,26.39,26.56,15796.3717
2024-01-16 12:00:00+00:00,26.55,26.93,26.5,26.58,3310.2334
2024-01-16 14:00:00+00:00,26.53,27.47,26.15,27.31,4890.2513
2024-01-16 16:00:00+00:00,27.3,27.98,26.96,27.1,12085.0686
2024-01-16 18:00:00+00:00,27.0,27.42,26.65,26.86,8713.5263
2024-01-16 20:00:00+00:00,26.83,27.45,26.73,27.45,6043.9333
2024-01-16 22:00:00+00:00,27.39,27.58,27.07,27.09,2386.1995
2024-01-17 00:00:00+00:00,27.12,27.48,27.08,27.2,1847.4973
2024-01-17 02:00:00+00:00,27.2,27.56,27.16,27.45,1826.9548
2024-01-17 04:00:00+00:00,27.44,27.47,26.94,27.0,1276.7857
2024-01-17 06:00:00+00:00,27.0,27.09,26.3,26.34,4418.2685
2024-01-17 08:00:00+00:00,26.39,26.6,25.93,25.93,9514.7353
2024-01-17 10:00:00+00:00,25.95,26.2,25.43,26.03,14986.7749
2024-01-17 12:00:00+00:00,26.03,26.16,25.88,25.88,2687.6236
2024-01-17 14:00:00+00:00,25.89,26.17,25.65,25.69,4278.2996
2024-01-17 16:00:00+00:00,25.68,25.76,25.26,25.59,4806.3252
2024-01-17 18:00:00+00:00,25.54,25.82,25.47,25.56,8220.5297
2024-01-17 20:00:00+00:00,25.56,25.9,25.55,25.71,3738.0689
2024-01-17 22:00:00+00:00,25.74,25.79,25.54,25.66,1904.4699
2024-01-18 00:00:00+00:00,25.68,25.88,25.28,25.3,3949.0077
2024-01-18 02:00:00+00:00,25.35,25.46,25.22,25.29,1501.8809
2024-01-18 04:00:00+00:00,25.26,25.38,25.12,25.29,3121.5794
2024-01-18 06:00:00+00:00,25.29,25.4,25.18,25.36,1985.9337
2024-01-18 08:00:00+00:00,25.36,25.43,25.04,25.05,3148.0153
2024-01-18 10:00:00+00:00,25.05,25.19,24.73,24.82,7303.0096
2024-01-18 12:00:00+00:00,24.83,24.84,24.34,24.57,5050.7296
2024-01-18 14:00:00+00:00,24.57,25.02,24.51,24.82,3020.0308
2024-01-18 16:00:00+00:00,24.8,24.8,23.92,24.01,6627.3953
2024-01-18 18:00:00+00:00,23.99,24.1,23.26,23.35,11037.787
2024-01-18 20:00:00+00:00,23.34,23.83,23.33,23.7,5768.0824
2024-01-18 22:00:00+00:00,23.68,24.05,23.57,23.86,3933.5
2024-01-19 00:00:00+00:00,23.89,23.95,23.45,23.83,3391.5848
2024-01-19 02:00:00+00:00,23.79,23.93,23.22,23.53,3765.1859
2024-01-19 04:00:00+00:00,23.52,23.96,23.47,23.8,1842.7947
2024-01-19 06:00:00+00:00,23.79,24.19,23.73,24.04,4817.4648
2024-01-19 08:00:00+00:00,24.03,24.24,23.85,23.94,5466.1465
2024-01-19 10:00:00+00:00,23.93,24.24,23.86,24.17,3440.6785
2024-01-19 12:00:00+00:00,24.19,24.26,23.88,24.02,3901.3615
2024-01-19 14:00:00+00:00,24.03,24.04,23.55,23.81,3175.096
2024-01-19 16:00:00+00:00,23.81,23.85,22.96,23.68,8867.689
2024-01-19 18:00:00+00:00,23.69,26.81,23.59,24.78,45500.4706
2024-01-19 20:00:00+00:00,24.75,25.11,24.4,24.48,10388.0681
2024-01-19 22:00:00+00:00,24.49,25.0,24.42,24.67,3009.6351
2024-01-20 00:00:00+00:00,24.67,24.92,24.61,24.89,1678.3185
2024-01-20 02:00:00+00:00,24.9,24.94,24.69,24.82,1262.4673
2024-01-20 04:00:00+00:00,24.83,24.91,24.54,24.63,1800.1478
2024-01-20 06:00:00+00:00,24.64,24.74,24.44,24.44,2463.6108
2024-01-20 08:00:00+00:00,24.44,24.72,24.24,24.28,4723.8799
2024-01-20 10:00:00+00:00,24.3,25.38,24.29,24.8,8060.3368
2024-01-20 12:00:00+00:00,24.78,25.19,24.64,25.14,4356.1713
2024-01-20 14:00:00+00:00,25.15,25.2,24.76,25.12,4749.041
2024-01-20 16:00:00+00:00,25.12,25.35,24.91,25.2,3709.2787
2024-01-20 18:00:00+00:00,25.18,25.36,24.9,25.12,3133.1714
2024-01-20 20:00:00+00:00,25.13,25.55,24.99,25.1,3435.7118
2024-01-20 22:00:00+00:00,25.13,25.2,24.8,25.02,2582.8221
2024-01-21 00:00:00+00:00,25.02,25.1,24.85,25.03,834.4998
2024-01-21 02:00:00+00:00,25.0,25.19,25.0,25.09,1102.2864
2024-01-21 04:00:00+00:00,25.06,25.08,24.92,24.97,527.8033
2024-01-21 06:00:00+00:00,24.97,25.02,24.74,24.96,2043.7123
2024-01-21 08:00:00+00:00,24.93,25.01,24.72,24.95,1894.71
2024-01-21 10:00:00+00:00,24.94,25.15,24.85,24.93,2738.1344
2024-01-21 12:00:00+00:00,24.9,25.32,24.84,25.3,3081.9351
2024-01-21 14:00:00+00:00,25.28,25.5,25.09,25.17,3274.3329
2024-01-21 16:00:00+00:00,25.17,25.44,24.84,25.33,5930.8065
2024-01-21 18:00:00+00:00,25.34,25.85,25.19,25.28,4435.9192
2024-01-21 20:00:00+00:00,25.28,25.3,25.0,25.12,1199.4791
2024-01-21 22:00:00+00:00,25.09,25.09,24.66,24.73,2515.7921
2024-01-22 00:00:00+00:00,24.72,24.93,24.61,24.75,2455.66
2024-01-22 02:00:00+00:00,24.75,24.9,24.56,24.78,1459.1224
2024-01-22 04:00:00+00:00,24.77,24.92,24.33,24.59,2014.2792
2024-01-22 06:00:00+00:00,24.59,24.7,24.34,24.34,2239.2997
2024-01-22 08:00:00+00:00,24.36,24.36,23.84,23.92,5183.3736
2024-01-22 10:00:00+00:00,23.92,24.02,23.66,23.87,3834.0358
2024-01-22 12:00:00+00:00,23.84,25.75,23.67,24.21,33444.1903
2024-01-22 14:00:00+00:00,24.21,24.27,23.27,23.67,13386.4935
2024-01-22 16:00:00+00:00,23.67,23.83,23.21,23.51,5130.8916
2024-01-22 18:00:00+00:00,23.54,23.7,23.0,23.3,4896.3876
2024-01-22 20:00:00+00:00,23.3,23.57,23.29,23.44,3495.8827
2024-01-22 22:00:00+00:00,23.44,23.55,22.75,22.8,6960.7267
2024-01-23 00:00:00+00:00,22.78,23.06,22.76,23.03,3508.9287
2024-01-23 02:00:00+00:00,23.02,23.28,22.97,23.09,1088.1563
2024-01-23 04:00:00+00:00,23.07,23.34,23.07,23.33,1048.5505
2024-01-23 06:00:00+00:00,23.32,23.34,22.78,22.9,2241.3107
2024-01-23 08:00:00+00:00,22.91,23.01,21.73,21.78,12638.7811
2024-01-23 10:00:00+00:00,21.78,22.32,21.51,21.76,11164.166
2024-01-23 12:00:00+00:00,21.76,21.93,21.5,21.58,7175.1478
2024-01-23 14:00:00+00:00,21.59,22.1,21.23,22.05,7336.7004
2024-01-23 16:00:00+00:00,22.05,22.09,21.59,21.72,8249.9624
2024-01-23 18:00:00+00:00,21.74,21.86,21.5,21.55,2762.1855
2024-01-23 20:00:00+00:00,21.55,21.66,21.25,21.43,3248.0382
2024-01-23 22:00:00+00:00,21.43,22.13,21.4,22.12,4623.6164
2024-01-24 00:00:00+00:00,22.11,23.38,21.55,21.66,6497.4045
2024-01-24 02:00:00+00:00,21.65,21.88,21.57,21.64,1684.8521
2024-01-24 04:00:00+00:00,21.65,22.04,21.64,21.85,1768.7101
2024-01-24 06:00:00+00:00,21.88,22.35,21.79,22.35,3039.2963
2024-01-24 08:00:00+00:00,22.32,22.7,22.25,22.51,4843.7017
2024-01-24 10:00:00+00:00,22.53,22.76,22.42,22.59,4084.3348
2024-01-24 12:00:00+00:00,22.59,22.78,22.43,22.46,3241.2987
2024-01-24 14:00:00+00:00,22.45,22.5,22.2,22.38,5458.6009
2024-01-24 16:00:00+00:00,22.38,22.58,22.3,22.43,1721.5512
2024-01-24 18:00:00+00:00,22.42,22.45,22.05,22.18,3732.4465
2024-01-24 20:00:00+00:00,22.16,22.31,21.86,22.03,2199.6576
2024-01-24 22:00:00+00:00,22.03,22.75,22.03,22.58,3089.8704
2024-01-25 00:00:00+00:00,22.57,22.74,22.4,22.62,1784.409
2024-01-25 02:00:00+00:00,22.64,22.66,22.15,22.23,1670.3554
2024-01-25 04:00:00+00:00,22.22,22.27,22.01,22.01,1175.7024
2024-01-25 06:00:00+00:00,22.03,22.25,22.01,22.16,2222.755
2024-01-25 08:00:00+00:00,22.17,22.24,21.79,21.8,4371.6283
2024-01-25 10:00:00+00:00,21.8,22.02,21.68,21.83,4865.1581
2024-01-25 12:00:00+00:00,21.81,21.94,21.43,21.54,5605.0431
2024-01-25 14:00:00+00:00,21.54,21.6,21.24,21.35,5361.7211
2024-01-25 16:00:00+00:00,21.34,21.6,21.28,21.57,2924.4768
2024-01-25 18:00:00+00:00,21.57,21.84,21.55,21.81,4021.025
2024-01-25 20:00:00+00:00,21.81,21.94,21.69,21.88,1277.1478
2024-01-25 22:00:00+00:00,21.89,22.12,21.82,22.02,1949.9863
2024-01-26 00:00:00+00:00,22.0,22.12,21.78,22.12,1049.4844
2024-01-26 02:00:00+00:00,22.1,22.27,21.98,22.08,2250.3093
2024-01-26 04:00:00+00:00,22.1,22.28,21.98,22.09,1355.2291
2024-01-26 06:00:00+00:00,22.1,22.14,21.93,21.99,2221.5111
2024-01-26 08:00:00+00:00,22.0,22.34,21.94,22.09,2178.8019
2024-01-26 10:00:00+00:00,22.15,22.95,22.09,22.83,5756.0369
2024-01-26 12:00:00+00:00,22.85,23.28,22.48,22.54,9570.5091
2024-01-26 14:00:00+00:00,22.54,23.09,22.45,22.95,6858.8071
2024-01-26 16:00:00+00:00,22.89,24.04,22.74,23.29,20508.5604
2024-01-26 18:00:00+00:00,23.29,24.0,23.23,23.57,15948.9064
2024-01-26 20:00:00+00:00,23.58,23.95,22.98,23.2,9535.1838
2024-01-26 22:00:00+00:00,23.19,23.46,23.15,23.24,3574.4525
2024-01-27 00:00:00+00:00,23.24,23.44,23.15,23.37,2617.3893
2024-01-27 02:00:00+00:00,23.35,23.42,23.12,23.28,1862.7448
2024-01-27 04:00:00+00:00,23.29,23.38,22.82,22.97,2488.3556
2024-01-27 06:00:00+00:00,22.94,23.04,22.81,22.94,1564.4739
2024-01-27 08:00:00+00:00,22.94,23.09,22.82,22.99,1407.2519
2024-01-27 10:00:00+00:00,22.99,24.84,22.82,24.18,44433.582
2024-01-27 12:00:00+00:00,24.14,24.58,23.62,23.72,18812.3403
2024-01-27 14:00:00+00:00,23.72,23.99,23.57,23.84,4422.7584
2024-01-27 16:00:00+00:00,23.81,24.04,23.66,23.77,4606.008
2024-01-27 18:00:00+00:00,23.8,24.54,23.73,24.02,7472.6429
2024-01-27 20:00:00+00:00,24.02,24.34,23.91,24.16,4106.9303
2024-01-27 22:00:00+00:00,24.18,24.42,24.01,24.27,2980.6963
2024-01-28 00:00:00+00:00,24.22,25.03,24.13,24.19,10196.831
2024-01-28 02:00:00+00:00,24.21,24.3,24.1,24.23,1330.0024
2024-01-28 04:00:00+00:00,24.21,24.27,23.98,24.01,4492.257
2024-01-28 06:00:00+00:00,24.01,24.3,23.9,23.94,2057.87
2024-01-28 08:00:00+00:00,23.91,24.11,23.76,23.97,3052.382
2024-01-28 10:00:00+00:00,24.04,24.11,23.51,23.76,5715.7026
2024-01-28 12:00:00+00:00,23.73,23.76,23.25,23.41,4737.5826
2024-01-28 14:00:00+00:00,23.45,23.59,23.29,23.49,1513.9275
2024-01-28 16:00:00+00:00,23.44,23.77,23.43,23.48,2199.5238
2024-01-28 18:00:00+00:00,23.47,23.53,23.06,23.11,2223.8116
2024-01-28 20:00:00+00:00,23.1,23.27,22.98,23.17,2764.5337
2024-01-28 22:00:00+00:00,23.2,23.4,22.91,23.11,4511.4854
2024-01-29 00:00:00+00:00,23.11,23.44,22.98,23.36,1357.9918
2024-01-29 02:00:00+00:00,23.36,23.58,23.32,23.49,576.5536
2024-01-29 04:00:00+00:00,23.49,23.57,23.34,23.42,329.105
2024-01-29 06:00:00+00:00,23.43,23.66,23.3,23.34,1229.7275
2024-01-29 08:00:00+00:00,23.34,23.75,23.3,23.72,3099.6712
2024-01-29 10:00:00+00:00,23.7,23.79,23.6,23.61,1373.1879
2024-01-29 12:00:00+00:00,23.61,26.55,23.6,23.91,64681.3566
2024-01-29 14:00:00+00:00,23.91,24.02,23.55,23.68,14675.4387
2024-01-29 16:00:00+00:00,23.76,24.38,23.56,24.31,7528.4142
2024-01-29 18:00:00+00:00,24.36,25.01,24.21,24.38,12496.6797
2024-01-29 20:00:00+00:00,24.38,24.93,24.33,24.52,4384.9327
2024-01-29 22:00:00+00:00,24.53,24.71,24.38,24.44,1772.0234
2024-01-30 00:00:00+00:00,24.44,25.12,24.32,24.88,3418.5929
2024-01-30 02:00:00+00:00,24.86,25.12,24.63,24.67,2735.5647
2024-01-30 04:00:00+00:00,24.65,24.99,24.5,24.61,3602.1166
2024-01-30 06:00:00+00:00,24.58,24.64,24.29,24.37,2689.999
2024-01-30 08:00:00+00:00,24.36,24.7,24.3,24.3,3517.9578
2024-01-30 10:00:00+00:00,24.33,24.54,24.3,24.4,2392.2447
2024-01-30 12:00:00+00:00,24.44,24.61,24.05,24.5,3519.0978
2024-01-30 14:00:00+00:00,24.5,24.63,24.13,24.52,3819.3772
2024-01-30 16:00:00+00:00,24.56,24.92,24.48,24.64,3635.768
2024-01-30 18:00:00+00:00,24.68,24.73,24.49,24.53,1772.3668
2024-01-30 20:00:00+00:00,24.54,24.76,24.46,24.57,3514.0901
2024-01-30 22:00:00+00:00,24.6,24.6,23.94,24.04,3156.8969
2024-01-31 00:00:00+00:00,24.04,24.13,23.74,23.82,2008.0384
2024-01-31 02:00:00+00:00,23.85,24.02,23.71,23.95,1068.9193
2024-01-31 04:00:00+00:00,23.93,24.07,23.8,23.93,1732.9167
2024-01-31 06:00:00+00:00,23.93,24.03,23.83,23.93,1770.7059
2024-01-31 08:00:00+00:00,23.93,23.95,23.57,23.63,1632.244
2024-01-31 10:00:00+00:00,23.65,23.71,23.23,23.45,2047.9644
2024-01-31 12:00:00+00:00,23.47,23.57,23.18,23.22,3579.5886
2024-01-31 14:00:00+00:00,23.22,23.41,22.75,23.27,6522.4528
2024-01-31 16:00:00+00:00,23.24,23.47,23.14,23.47,2106.8555
2024-01-31 18:00:00+00:00,23.47,23.51,23.14,23.38,2563.2453
2024-01-31 20:00:00+00:00,23.34,23.4,22.75,22.84,2527.7134
2024-01-31 22:00:00+00:00,22.85,22.97,22.64,22.93,1209.9202
2024-02-01 00:00:00+00:00,22.91,23.0,22.0,22.24,6955.9772
2024-02-01 02:00:00+00:00,22.24,22.49,22.24,22.38,1108.8788
2024-02-01 04:00:00+00:00,22.38,22.4,22.12,22.18,2498.5679
2024-02-01 06:00:00+00:00,22.16,22.38,22.1,22.31,1853.2285
2024-02-01 08:00:00+00:00,22.26,22.36,22.17,22.27,644.4409
2024-02-01 10:00:00+00:00,22.27,22.41,22.21,22.23,1410.9094
2024-02-01 12:00:00+00:00,22.23,22.45,22.21,22.39,1098.4975
2024-02-01 14:00:00+00:00,22.4,22.73,22.35,22.5,1372.2619
2024-02-01 16:00:00+00:00,22.5,22.57,22.27,22.51,2148.8907
2024-02-01 18:00:00+00:00,22.51,22.58,22.3,22.47,1458.7663
2024-02-01 20:00:00+00:00,22.5,22.66,22.35,22.63,1419.1208
2024-02-01 22:00:00+00:00,22.63,22.67,22.44,22.6,1142.1099
2024-02-02 00:00:00+00:00,22.57,22.99,22.51,22.64,2140.0998
2024-02-02 02:00:00+00:00,22.63,22.81,22.57,22.81,591.5519
2024-02-02 04:00:00+00:00,22.77,22.81,22.59,22.67,566.51
2024-02-02 06:00:00+00:00,22.68,23.15,22.63,22.73,2891.8469
2024-02-02 08:00:00+00:00,22.74,22.74,22.23,22.23,2558.1981
2024-02-02 10:00:00+00:00,22.26,22.51,22.18,22.38,1564.5308
2024-02-02 12:00:00+00:00,22.42,23.03,22.32,22.67,6753.0317
2024-02-02 14:00:00+00:00,22.66,22.99,22.36,22.9,4143.3707
2024-02-02 16:00:00+00:00,22.95,23.21,22.62,22.76,4087.6062
2024-02-02 18:00:00+00:00,22.76,22.97,22.55,22.67,1714.8389
2024-02-02 20:00:00+00:00,22.69,22.75,22.56,22.66,1095.9024
2024-02-02 22:00:00+00:00,22.69,22.97,22.64,22.75,1312.3836
2024-02-03 00:00:00+00:00,22.74,23.08,22.73,22.94,1154.6245
2024-02-03 02:00:00+00:00,22.91,23.11,22.81,22.85,830.8335
2024-02-03 04:00:00+00:00,22.87,22.99,22.79,22.94,656.8132
2024-02-03 06:00:00+00:00,22.93,23.16,22.83,22.9,1431.6726
2024-02-03 08:00:00+00:00,22.93,22.94,22.74,22.88,920.2692
2024-02-03 10:00:00+00:00,22.87,22.94,22.66,22.94,1732.4363
2024-02-03 12:00:00+00:00,22.92,23.18,22.86,23.02,2438.4098
2024-02-03 14:00:00+00:00,22.99,23.18,22.71,22.81,3739.7776
2024-02-03 16:00:00+00:00,22.8,22.95,22.61,22.82,3770.2362
2024-02-03 18:00:00+00:00,22.81,22.86,22.56,22.69,2151.9822
2024-02-03 20:00:00+00:00,22.69,22.73,22.48,22.59,2425.0802
2024-02-03 22:00:00+00:00,22.55,22.58,22.37,22.46,1857.1536
2024-02-04 00:00:00+00:00,22.46,22.5,22.34,22.48,1894.1791
2024-02-04 02:00:00+00:00,22.47,22.52,22.38,22.41,327.4775
2024-02-04 04:00:00+00:00,22.41,22.45,22.26,22.31,1343.2811
2024-02-04 06:00:00+00:00,22.26,22.4,22.19,22.23,1664.7574
2024-02-04 08:00:00+00:00,22.26,22.82,22.2,22.63,4537.8946
2024-02-04 10:00:00+00:00,22.64,23.31,22.62,22.78,6578.1969
2024-02-04 12:00:00+00:00,22.83,22.94,22.65,22.67,1115.6283
2024-02-04 14:00:00+00:00,22.68,22.81,22.55,22.68,2761.9826
2024-02-04 16:00:00+00:00,22.7,24.53,22.52,23.22,33402.5791
2024-02-04 18:00:00+00:00,23.23,24.9,23.22,23.67,66399.8307
2024-02-04 20:00:00+00:00,23.67,24.58,23.55,24.24,30949.0346
2024-02-04 22:00:00+00:00,24.23,24.7,23.94,24.54,18000.2392
2024-02-05 00:00:00+00:00,24.54,25.78,24.51,24.78,31441.4184
2024-02-05 02:00:00+00:00,24.79,25.15,24.25,24.57,10904.1391
2024-02-05 04:00:00+00:00,24.57,24.75,24.1,24.65,11913.371
2024-02-05 06:00:00+00:00,24.67,24.67,24.11,24.16,11411.0605
2024-02-05 08:00:00+00:00,24.16,24.25,23.93,23.99,6033.5087
2024-02-05 10:00:00+00:00,24.0,24.2,23.8,23.98,6344.965
2024-02-05 12:00:00+00:00,23.98,24.39,23.85,23.98,9101.516
2024-02-05 14:00:00+00:00,23.98,24.0,23.42,23.43,5624.9128
2024-02-05 16:00:00+00:00,23.46,24.37,23.43,23.77,12760.6338
2024-02-05 18:00:00+00:00,23.79,24.07,23.7,23.79,3581.2134
2024-02-05 20:00:00+00:00,23.77,23.83,23.49,23.53,3010.5186
2024-02-05 22:00:00+00:00,23.5,23.64,23.38,23.58,4410.1978
2024-02-06 00:00:00+00:00,23.54,23.96,23.52,23.81,4756.2732
2024-02-06 02:00:00+00:00,23.81,24.18,23.5,23.56,3147.0859
2024-02-06 04:00:00+00:00,23.57,23.68,23.26,23.41,4253.9444
2024-02-06 06:00:00+00:00,23.38,23.47,23.21,23.37,1991.1893
2024-02-06 08:00:00+00:00,23.36,23.64,23.17,23.26,3178.4669
2024-02-06 10:00:00+00:00,23.26,23.26,22.88,22.95,3697.5029
2024-02-06 12:00:00+00:00,22.95,23.12,22.81,23.0,4120.6928
2024-02-06 14:00:00+00:00,23.01,23.06,22.88,23.05,1182.9059
2024-02-06 16:00:00+00:00,23.05,23.48,23.0,23.29,4545.6156
2024-02-06 18:00:00+00:00,23.27,23.35,23.09,23.32,2222.534
2024-02-06 20:00:00+00:00,23.31,23.31,23.02,23.15,3342.0623
2024-02-06 22:00:00+00:00,23.14,23.3,23.03,23.06,1245.4378
2024-02-07 00:00:00+00:00,23.06,23.21,23.03,23.13,383.6832
2024-02-07 02:00:00+00:00,23.1,23.24,22.98,23.0,1308.2611
2024-02-07 04:00:00+00:00,22.97,22.98,22.79,22.92,1511.8068
2024-02-07 06:00:00+00:00,22.88,23.01,22.8,22.93,945.2829
2024-02-07 08:00:00+00:00,22.93,23.1,22.91,23.05,966.7775
2024-02-07 10:00:00+00:00,23.01,23.01,22.75,22.82,1451.3158
2024-02-07 12:00:00+00:00,22.82,23.07,22.74,22.95,2846.946
2024-02-07 14:00:00+00:00,22.95,23.01,22.76,22.91,2575.082
2024-02-07 16:00:00+00:00,22.9,23.47,22.86,23.29,2718.9021
2024-02-07 18:00:00+00:00,23.32,23.45,23.27,23.32,1142.0081
2024-02-07 20:00:00+00:00,23.32,23.76,23.32,23.6,3041.5673
2024-02-07 22:00:00+00:00,23.61,23.61,23.39,23.47,1104.4355
2024-02-08 00:00:00+00:00,23.47,23.66,23.44,23.54,1193.6111
2024-02-08 02:00:00+00:00,23.55,23.63,23.5,23.56,754.1305
2024-02-08 04:00:00+00:00,23.56,23.7,23.47,23.65,1291.1939
2024-02-08 06:00:00+00:00,23.66,23.75,23.47,23.54,1402.3631
2024-02-08 08:00:00+00:00,23.54,23.88,23.52,23.72,2707.4825
2024-02-08 10:00:00+00:00,23.72,23.94,23.71,23.91,1846.9663
2024-02-08 12:00:00+00:00,23.91,24.28,23.68,24.06,5310.9174
2024-02-08 14:00:00+00:00,24.08,24.17,23.9,23.94,2818.3478
2024-02-08 16:00:00+00:00,23.98,24.03,23.51,23.65,3873.5987
2024-02-08 18:00:00+00:00,23.65,24.45,23.58,24.12,5981.0222
2024-02-08 20:00:00+00:00,24.14,24.38,24.14,24.25,2196.9614
2024-02-08 22:00:00+00:00,24.26,24.35,24.05,24.12,1902.116
2024-02-09 00:00:00+00:00,24.13,24.22,24.02,24.11,1230.4828
2024-02-09 02:00:00+00:00,24.15,24.36,24.1,24.18,731.2932
2024-02-09 04:00:00+00:00,24.21,24.31,24.08,24.14,965.7039
2024-02-09 06:00:00+00:00,24.15,24.16,23.95,24.08,2396.7874
2024-02-09 08:00:00+00:00,24.09,24.8,23.97,24.7,10784.2712
2024-02-09 10:00:00+00:00,24.7,24.89,24.42,24.8,5464.5655
2024-02-09 12:00:00+00:00,24.78,25.62,24.75,25.43,12640.3757
2024-02-09 14:00:00+00:00,25.41,25.62,24.72,24.95,11364.0704
2024-02-09 16:00:00+00:00,24.96,25.56,24.92,25.34,8049.0308
2024-02-09 18:00:00+00:00,25.34,27.2,25.34,25.73,44471.0306
2024-02-09 20:00:00+00:00,25.77,26.39,25.38,26.32,10385.2118
2024-02-09 22:00:00+00:00,26.26,27.0,25.94,25.98,16780.4487
2024-02-10 00:00:00+00:00,25.98,26.45,25.92,26.21,2646.4864
2024-02-10 02:00:00+00:00,26.17,26.65,26.16,26.53,2097.5723
2024-02-10 04:00:00+00:00,26.53,26.88,26.48,26.63,4487.2759
2024-02-10 06:00:00+00:00,26.62,26.99,26.09,26.13,7257.9242
2024-02-10 08:00:00+00:00,26.13,26.17,25.78,25.94,4708.5989
2024-02-10 10:00:00+00:00,25.97,26.05,25.03,25.73,6929.1907
2024-02-10 12:00:00+00:00,25.74,25.88,25.6,25.64,2863.9724
2024-02-10 14:00:00+00:00,25.64,25.68,25.4,25.53,4217.4019
2024-02-10 16:00:00+00:00,25.53,25.8,25.27,25.3,4381.6564
2024-02-10 18:00:00+00:00,25.32,25.47,25.2,25.29,4827.2363
2024-02-10 20:00:00+00:00,25.28,25.76,25.13,25.59,5814.3813
2024-02-10 22:00:00+00:00,25.58,25.59,25.33,25.38,2636.3016
2024-02-11 00:00:00+00:00,25.37,25.81,25.32,25.8,3133.7132
2024-02-11 02:00:00+00:00,25.8,25.98,25.61,25.98,1314.2159
2024-02-11 04:00:00+00:00,26.0,26.13,25.91,26.03,1897.9129
2024-02-11 06:00:00+00:00,26.04,26.23,25.88,25.99,2483.7891
2024-02-11 08:00:00+00:00,25.98,26.08,25.71,25.76,2954.1009
2024-02-11 10:00:00+00:00,25.76,25.83,25.58,25.78,1928.5627
2024-02-11 12:00:00+00:00,25.78,26.04,25.61,25.62,2432.7196
2024-02-11 14:00:00+00:00,25.61,25.7,25.48,25.56,867.2629
2024-02-11 16:00:00+00:00,25.55,25.58,25.42,25.57,3452.2221
2024-02-11 18:00:00+00:00,25.57,25.99,25.46,25.67,3125.6837
2024-02-11 20:00:00+00:00,25.67,25.85,25.26,25.35,2286.793
2024-02-11 22:00:00+00:00,25.38,25.53,25.31,25.44,1731.339
2024-02-12 00:00:00+00:00,25.44,25.85,25.38,25.65,1995.7853
2024-02-12 02:00:00+00:00,25.64,25.97,25.55,25.9,2643.0486
2024-02-12 04:00:00+00:00,25.89,25.91,24.99,25.5,2953.051
2024-02-12 06:00:00+00:00,25.47,25.51,25.15,25.48,2195.3881
2024-02-12 08:00:00+00:00,25.46,25.46,24.98,25.09,3224.693
2024-02-12 10:00:00+00:00,25.07,25.2,24.9,25.09,3032.2835
2024-02-12 12:00:00+00:00,25.08,25.12,24.95,25.1,1308.8316
2024-02-12 14:00:00+00:00,25.1,26.1,25.06,25.92,4083.5942
2024-02-12 16:00:00+00:00,25.9,26.66,25.7,26.4,4939.1268
2024-02-12 18:00:00+00:00,26.43,26.67,26.27,26.35,4972.993
2024-02-12 20:00:00+00:00,26.36,26.55,25.91,26.35,6301.4786
2024-02-12 22:00:00+00:00,26.35,26.63,26.32,26.57,1404.1252
2024-02-13 00:00:00+00:00,26.62,26.64,26.42,26.53,1988.8869
2024-02-13 02:00:00+00:00,26.49,26.53,26.25,26.32,1086.7346
2024-02-13 04:00:00+00:00,26.32,26.5,26.31,26.43,1215.306
2024-02-13 06:00:00+00:00,26.43,26.53,26.27,26.35,1309.3627
2024-02-13 08:00:00+00:00,26.35,26.57,26.31,26.49,2208.8807
2024-02-13 10:00:00+00:00,26.49,26.53,26.15,26.38,2832.04
2024-02-13 12:00:00+00:00,26.41,26.56,25.68,25.94,5507.7148
2024-02-13 14:00:00+00:00,25.94,26.2,25.38,25.55,10510.4786
2024-02-13 16:00:00+00:00,25.55,25.7,25.3,25.44,3527.366
2024-02-13 18:00:00+00:00,25.44,25.66,25.42,25.5,2395.383
2024-02-13 20:00:00+00:00,25.47,25.76,25.4,25.67,3174.8601
2024-02-13 22:00:00+00:00,25.67,25.69,25.49,25.62,1771.7795
2024-02-14 00:00:00+00:00,25.64,25.69,25.32,25.38,1851.0485
2024-02-14 02:00:00+00:00,25.38,25.61,25.35,25.61,975.6475
2024-02-14 04:00:00+00:00,25.59,25.66,25.45,25.56,1280.4094
2024-02-14 06:00:00+00:00,25.52,25.8,25.42,25.74,4284.5995
2024-02-14 08:00:00+00:00,25.74,26.65,25.64,26.47,8410.992
2024-02-14 10:00:00+00:00,26.52,26.63,26.24,26.56,5422.5097
2024-02-14 12:00:00+00:00,26.55,27.3,26.35,27.22,9025.4269
2024-02-14 14:00:00+00:00,27.22,28.0,26.7,27.17,19633.9712
2024-02-14 16:00:00+00:00,27.14,27.89,26.72,27.05,13838.2263
2024-02-14 18:00:00+00:00,27.05,27.43,26.94,27.15,3888.2112
2024-02-14 20:00:00+00:00,27.13,27.33,26.74,27.26,4886.533
2024-02-14 22:00:00+00:00,27.26,27.53,27.11,27.26,3459.8957
2024-02-15 00:00:00+00:00,27.27,27.66,27.16,27.42,3179.4949
2024-02-15 02:00:00+00:00,27.4,27.75,27.34,27.71,1911.3316
2024-02-15 04:00:00+00:00,27.71,27.85,27.12,27.17,3039.961
2024-02-15 06:00:00+00:00,27.17,27.64,27.02,27.04,7188.2908
2024-02-15 08:00:00+00:00,27.08,27.38,27.02,27.35,2049.7574
2024-02-15 10:00:00+00:00,27.35,27.41,27.04,27.2,3767.4722
2024-02-15 12:00:00+00:00,27.24,27.34,26.88,27.05,4282.4166
2024-02-15 14:00:00+00:00,27.05,27.32,26.75,26.87,6183.5021
2024-02-15 16:00:00+00:00,26.89,26.92,26.5,26.63,4628.0483
2024-02-15 18:00:00+00:00,26.63,26.93,26.58,26.88,2233.3718
2024-02-15 20:00:00+00:00,26.84,26.93,26.36,26.48,3586.5163
2024-02-15 22:00:00+00:00,26.48,26.93,26.43,26.85,2227.6407
2024-02-16 00:00:00+00:00,26.88,26.99,26.66,26.97,2315.8355
2024-02-16 02:00:00+00:00,26.98,27.01,26.73,26.89,2222.6112
2024-02-16 04:00:00+00:00,26.85,26.96,26.74,26.94,1804.4822
2024-02-16 06:00:00+00:00,26.93,26.99,26.66,26.74,2959.1006
2024-02-16 08:00:00+00:00,26.72,26.93,26.56,26.78,2961.4351
2024-02-16 10:00:00+00:00,26.81,27.06,26.72,26.97,3220.5497
2024-02-16 12:00:00+00:00,26.93,27.29,26.88,27.02,3594.3737
2024-02-16 14:00:00+00:00,26.99,27.16,25.77,26.28,11281.7224
2024-02-16 16:00:00+00:00,26.29,26.57,25.98,26.18,5380.1145
2024-02-16 18:00:00+00:00,26.18,26.34,25.95,26.15,4400.0613
2024-02-16 20:00:00+00:00,26.14,26.47,26.01,26.47,2855.3452
2024-02-16 22:00:00+00:00,26.47,26.59,26.29,26.56,2893.0801
2024-02-17 00:00:00+00:00,26.59,26.85,26.42,26.47,3695.5171
2024-02-17 02:00:00+00:00,26.47,26.59,26.27,26.58,1202.0524
2024-02-17 04:00:00+00:00,26.58,26.79,26.51,26.61,1758.196
2024-02-17 06:00:00+00:00,26.65,27.13,26.55,26.94,5484.4714
2024-02-17 08:00:00+00:00,26.95,27.17,26.03,26.27,10766.525
2024-02-17 10:00:00+00:00,26.27,26.41,26.12,26.27,3653.1388
2024-02-17 12:00:00+00:00,26.26,26.42,25.94,26.06,2713.2259
2024-02-17 14:00:00+00:00,26.06,26.12,25.54,26.02,5006.9589
2024-02-17 16:00:00+00:00,26.02,26.26,25.79,26.24,3919.305
2024-02-17 18:00:00+00:00,26.24,26.73,26.13,26.53,7274.6538
2024-02-17 20:00:00+00:00,26.53,27.36,26.45,26.91,10163.9575
2024-02-17 22:00:00+00:00,26.91,27.04,26.69,26.92,2582.2825
2024-02-18 00:00:00+00:00,26.92,27.14,26.71,26.71,2324.0526
2024-02-18 02:00:00+00:00,26.73,26.88,26.51,26.7,2028.7376
2024-02-18 04:00:00+00:00,26.72,26.91,26.63,26.77,1775.5734
2024-02-18 06:00:00+00:00,26.8,26.91,26.53,26.87,2506.8411
2024-02-18 08:00:00+00:00,26.87,27.08,26.81,26.96,2299.3655
2024-02-18 10:00:00+00:00,26.96,27.05,26.82,27.01,1834.9313
2024-02-18 12:00:00+00:00,27.02,27.05,26.79,26.95,1778.3093
2024-02-18 14:00:00+00:00,26.94,27.16,26.85,27.05,2583.5136
2024-02-18 16:00:00+00:00,27.06,27.2,26.92,27.14,1995.5022
2024-02-18 18:00:00+00:00,27.11,27.84,26.95,27.67,9592.8894
2024-02-18 20:00:00+00:00,27.65,27.74,27.18,27.5,4528.4342
2024-02-18 22:00:00+00:00,27.55,27.65,27.37,27.58,2638.8932
2024-02-19 00:00:00+00:00,27.61,28.0,27.4,27.58,3616.2726
2024-02-19 02:00:00+00:00,27.6,28.44,27.5,27.88,6315.7946
2024-02-19 04:00:00+00:00,27.88,28.15,27.68,28.13,3114.0422
2024-02-19 06:00:00+00:00,28.13,28.46,28.09,28.37,3457.2746
2024-02-19 08:00:00+00:00,28.37,28.5,27.47,27.81,5842.7022
2024-02-19 10:00:00+00:00,27.81,28.49,27.62,28.08,9285.205
2024-02-19 12:00:00+00:00,28.08,28.11,27.7,27.74,4337.8667
2024-02-19 14:00:00+00:00,27.7,28.25,27.57,27.99,5570.7613
2024-02-19 16:00:00+00:00,27.99,28.32,27.65,28.03,4780.8607
2024-02-19 18:00:00+00:00,28.03,28.32,27.96,28.21,3735.1281
2024-02-19 20:00:00+00:00,28.17,28.86,28.04,28.67,8954.5207
2024-02-19 22:00:00+00:00,28.67,28.86,28.39,28.45,2802.4341
2024-02-20 00:00:00+00:00,28.45,28.55,27.89,28.13,3463.4092
2024-02-20 02:00:00+00:00,28.16,28.53,28.09,28.13,1871.104
2024-02-20 04:00:00+00:00,28.11,28.51,28.0,28.36,1961.0901
2024-02-20 06:00:00+00:00,28.39,28.62,27.89,27.99,4473.2424
2024-02-20 08:00:00+00:00,27.99,28.06,27.23,27.45,5691.1022
2024-02-20 10:00:00+00:00,27.45,27.85,27.42,27.56,4742.74
2024-02-20 12:00:00+00:00,27.56,27.74,27.25,27.7,3552.9039
2024-02-20 14:00:00+00:00,27.7,27.8,26.06,26.52,12293.3572
2024-02-20 16:00:00+00:00,26.52,26.74,26.15,26.48,3818.4767
2024-02-20 18:00:00+00:00,26.44,26.94,26.4,26.88,2362.401
2024-02-20 20:00:00+00:00,26.88,27.36,26.81,27.34,3537.8159
2024-02-20 22:00:00+00:00,27.31,27.55,27.09,27.18,1744.2764
2024-02-21 00:00:00+00:00,27.22,27.31,26.93,27.05,2328.4723
2024-02-21 02:00:00+00:00,27.05,27.24,26.95,27.24,1688.7799
2024-02-21 04:00:00+00:00,27.2,27.25,26.92,26.92,764.1753
2024-02-21 06:00:00+00:00,26.95,26.95,26.2,26.25,4375.0064
2024-02-21 08:00:00+00:00,26.28,26.55,25.84,25.88,5090.7334
2024-02-21 10:00:00+00:00,25.86,26.18,25.65,25.98,3309.4354
2024-02-21 12:00:00+00:00,25.96,26.4,25.7,25.99,1752.2435
2024-02-21 14:00:00+00:00,25.99,26.13,25.39,25.83,5428.7071
2024-02-21 16:00:00+00:00,25.86,26.06,25.59,25.64,2158.6186
2024-02-21 18:00:00+00:00,25.63,26.47,25.44,25.76,4071.6799
2024-02-21 20:00:00+00:00,25.79,26.04,25.57,26.03,3186.5086
2024-02-21 22:00:00+00:00,26.0,26.72,25.9,26.25,4721.0783
2024-02-22 00:00:00+00:00,26.24,26.35,25.6,25.65,1147.8354
2024-02-22 02:00:00+00:00,25.64,25.84,25.5,25.81,4063.8347
2024-02-22 04:00:00+00:00,25.81,25.87,25.66,25.79,1199.4894
2024-02-22 06:00:00+00:00,25.79,27.11,25.75,26.54,5072.4928
2024-02-22 08:00:00+00:00,26.5,27.14,26.47,27.09,6029.8287
2024-02-22 10:00:00+00:00,27.13,27.37,26.77,27.05,3915.0519
2024-02-22 12:00:00+00:00,27.05,27.37,26.57,26.78,6046.3153
2024-02-22 14:00:00+00:00,26.77,27.2,26.6,27.01,4436.5764
2024-02-22 16:00:00+00:00,27.01,31.7,27.0,30.26,127858.6606
2024-02-22 18:00:00+00:00,30.26,32.61,29.76,31.2,49936.9379
2024-02-22 20:00:00+00:00,31.2,32.76,30.41,30.94,41415.0574
2024-02-22 22:00:00+00:00,30.94,31.64,30.52,30.66,13324.9945
2024-02-23 00:00:00+00:00,30.67,31.78,30.56,30.83,13473.8873
2024-02-23 02:00:00+00:00,30.83,32.6,30.5,30.59,19002.4124
2024-02-23 04:00:00+00:00,30.57,30.86,29.87,30.34,13596.4948
2024-02-23 06:00:00+00:00,30.34,31.27,29.97,29.97,16383.3366
2024-02-23 08:00:00+00:00,29.97,30.89,29.67,29.9,17413.0066
2024-02-23 10:00:00+00:00,29.9,33.38,29.83,32.32,55633.2305
2024-02-23 12:00:00+00:00,32.32,37.54,31.34,33.87,264506.3251
2024-02-23 14:00:00+00:00,33.87,34.72,31.91,33.23,128362.1946
2024-02-23 16:00:00+00:00,33.28,33.33,30.81,30.9,47584.278
2024-02-23 18:00:00+00:00,30.93,31.47,30.7,30.9,13139.9962
2024-02-23 20:00:00+00:00,30.93,30.94,30.11,30.64,11747.5165
2024-02-23 22:00:00+00:00,30.68,30.69,30.0,30.22,7813.5373
2024-02-24 00:00:00+00:00,30.26,31.09,29.8,29.8,9175.7813
2024-02-24 02:00:00+00:00,29.81,30.56,29.75,30.28,5686.9142
2024-02-24 04:00:00+00:00,30.33,30.87,30.07,30.57,6598.0441
2024-02-24 06:00:00+00:00,30.56,30.65,29.96,30.26,6480.2178
2024-02-24 08:00:00+00:00,30.24,30.45,29.66,30.3,10450.4291
2024-02-24 10:00:00+00:00,30.29,30.94,30.14,30.2,12458.7041
2024-02-24 12:00:00+00:00,30.17,30.91,30.04,30.72,7725.0413
2024-02-24 14:00:00+00:00,30.67,31.24,30.0,30.27,13204.2905
2024-02-24 16:00:00+00:00,30.23,30.74,29.75,30.09,12046.3851
2024-02-24 18:00:00+00:00,30.1,30.22,29.26,30.08,14300.6111
2024-02-24 20:00:00+00:00,30.07,30.07,29.25,29.44,7392.5297
2024-02-24 22:00:00+00:00,29.45,29.71,29.27,29.6,3497.61
2024-02-25 00:00:00+00:00,29.57,29.9,29.33,29.9,2710.6663
2024-02-25 02:00:00+00:00,29.9,30.13,29.54,30.03,4537.4566
2024-02-25 04:00:00+00:00,30.02,30.09,29.63,29.97,2555.3294
2024-02-25 06:00:00+00:00,29.93,30.31,29.67,29.97,5716.9755
2024-02-25 08:00:00+00:00,29.97,31.52,29.81,30.6,18585.9433
2024-02-25 10:00:00+00:00,30.57,31.27,30.35,31.15,5766.2436
2024-02-25 12:00:00+00:00,31.12,31.36,30.52,30.9,7504.6475
2024-02-25 14:00:00+00:00,30.89,31.62,30.56,30.78,9059.1905
2024-02-25 16:00:00+00:00,30.78,30.85,30.41,30.52,5664.0186
2024-02-25 18:00:00+00:00,30.52,30.55,30.2,30.36,7454.6285
2024-02-25 20:00:00+00:00,30.39,30.65,29.98,30.39,5824.5385
2024-02-25 22:00:00+00:00,30.36,30.38,29.65,30.01,10973.3432
2024-02-26 00:00:00+00:00,30.02,30.24,29.84,29.95,2140.6641
2024-02-26 02:00:00+00:00,29.92,30.01,29.72,29.91,2756.0748
2024-02-26 04:00:00+00:00,29.88,29.94,29.54,29.73,4552.7066
2024-02-26 06:00:00+00:00,29.74,29.79,29.37,29.4,3651.3542
2024-02-26 08:00:00+00:00,29.42,29.61,27.49,28.83,19213.3134
2024-02-26 10:00:00+00:00,28.8,29.49,28.67,28.99,12270.5011
2024-02-26 12:00:00+00:00,28.96,29.16,28.57,28.83,6221.4026
2024-02-26 14:00:00+00:00,28.85,30.03,28.85,29.4,11688.7214
2024-02-26 16:00:00+00:00,29.4,30.19,29.33,29.99,10754.0499
2024-02-26 18:00:00+00:00,29.99,30.02,29.45,29.88,5906.8
2024-02-26 20:00:00+00:00,29.88,29.98,29.49,29.6,5186.2758
2024-02-26 22:00:00+00:00,29.56,29.85,29.47,29.57,2779.1367
2024-02-27 00:00:00+00:00,29.59,29.96,29.48,29.88,2354.7123
2024-02-27 02:00:00+00:00,29.91,30.24,29.57,29.64,5588.0749
2024-02-27 04:00:00+00:00,29.64,29.83,29.47,29.78,2692.7657
2024-02-27 06:00:00+00:00,29.78,29.93,29.49,29.65,3391.6743
2024-02-27 08:00:00+00:00,29.66,29.95,29.66,29.93,3089.4945
2024-02-27 10:00:00+00:00,29.93,30.25,29.79,29.99,6105.4554
2024-02-27 12:00:00+00:00,29.99,30.05,29.48,29.61,6041.5497
2024-02-27 14:00:00+00:00,29.61,29.82,29.06,29.08,5295.5396
2024-02-27 16:00:00+00:00,29.14,29.33,28.41,28.83,8796.1217
2024-02-27 18:00:00+00:00,28.87,29.11,28.64,28.88,5942.9031
2024-02-27 20:00:00+00:00,28.9,29.09,28.69,29.06,5428.9685
2024-02-27 22:00:00+00:00,29.03,29.04,28.55,28.86,4346.8645
2024-02-28 00:00:00+00:00,28.86,29.23,28.64,28.87,4064.5884
2024-02-28 02:00:00+00:00,28.88,29.13,28.83,29.07,1710.3088
2024-02-28 04:00:00+00:00,29.07,29.42,28.95,29.21,3524.994
2024-02-28 06:00:00+00:00,29.21,30.06,29.16,29.65,6826.785
2024-02-28 08:00:00+00:00,29.65,29.96,29.39,29.93,5594.9325
2024-02-28 10:00:00+00:00,29.97,30.94,29.73,30.13,17616.8184
2024-02-28 12:00:00+00:00,30.11,30.17,29.57,30.09,10066.4917
2024-02-28 14:00:00+00:00,30.12,30.33,29.75,30.06,7720.4199
2024-02-28 16:00:00+00:00,30.06,31.81,27.4,30.02,31251.7577
2024-02-28 18:00:00+00:00,30.05,30.24,27.5,29.1,18247.0219
2024-02-28 20:00:00+00:00,29.09,29.52,28.98,29.41,6693.9104
2024-02-28 22:00:00+00:00,29.41,29.78,29.31,29.66,4743.3962
2024-02-29 00:00:00+00:00,29.67,30.45,29.65,30.21,4805.0224
2024-02-29 02:00:00+00:00,30.15,30.59,29.65,30.05,5223.9835
2024-02-29 04:00:00+00:00,30.06,30.4,29.92,30.35,2894.3238
2024-02-29 06:00:00+00:00,30.32,30.79,30.23,30.76,4305.1419
2024-02-29 08:00:00+00:00,30.79,30.93,30.45,30.6,5634.4832
2024-02-29 10:00:00+00:00,30.59,30.74,30.32,30.57,3316.3008
2024-02-29 12:00:00+00:00,30.57,31.31,30.25,31.15,7226.1088
2024-02-29 14:00:00+00:00,31.17,31.5,30.59,31.19,7486.1187
2024-02-29 16:00:00+00:00,31.19,31.35,30.3,30.55,11463.8454
2024-02-29 18:00:00+00:00,30.59,30.93,30.26,30.66,4683.684
2024-02-29 20:00:00+00:00,30.66,30.86,29.81,30.21,7408.8526
2024-02-29 22:00:00+00:00,30.19,30.19,29.18,29.96,4707.5513
2024-03-01 00:00:00+00:00,29.95,30.81,29.95,30.8,4207.8071
2024-03-01 02:00:00+00:00,30.8,30.85,30.17,30.41,4452.343
2024-03-01 04:00:00+00:00,30.44,30.76,30.34,30.47,2806.3132
2024-03-01 06:00:00+00:00,30.46,30.61,30.0,30.07,4991.354
2024-03-01 08:00:00+00:00,30.07,30.55,30.0,30.41,2888.2904
2024-03-01 10:00:00+00:00,30.41,31.5,30.13,31.02,18649.615
2024-03-01 12:00:00+00:00,30.95,31.67,30.9,31.22,9959.1853
2024-03-01 14:00:00+00:00,31.2,31.27,30.75,30.87,5717.8458
2024-03-01 16:00:00+00:00,30.87,31.38,30.79,31.32,3232.6821
2024-03-01 18:00:00+00:00,31.32,31.59,31.12,31.31,3122.949
2024-03-01 20:00:00+00:00,31.31,32.85,31.15,32.18,16268.5475
2024-03-01 22:00:00+00:00,32.15,32.85,32.07,32.23,4986.3568
2024-03-02 00:00:00+00:00,32.21,32.3,31.56,32.07,5501.5905
2024-03-02 02:00:00+00:00,32.08,32.31,32.02,32.24,1486.725
2024-03-02 04:00:00+00:00,32.3,32.42,32.04,32.25,2170.4759
2024-03-02 06:00:00+00:00,32.24,32.6,32.16,32.46,3895.4157
2024-03-02 08:00:00+00:00,32.46,32.54,31.8,32.01,6747.6047
2024-03-02 10:00:00+00:00,32.05,32.22,31.67,31.81,4649.5398
2024-03-02 12:00:00+00:00,31.83,32.33,31.8,32.17,2602.1601
2024-03-02 14:00:00+00:00,32.16,32.17,31.41,31.68,9875.6866
2024-03-02 16:00:00+00:00,31.68,32.28,31.63,32.08,4769.7228
2024-03-02 18:00:00+00:00,32.08,32.44,32.05,32.34,2957.1454
2024-03-02 20:00:00+00:00,32.34,32.47,31.81,32.35,8016.0962
2024-03-02 22:00:00+00:00,32.36,33.0,32.2,32.87,6547.7142
2024-03-03 00:00:00+00:00,32.8,32.95,32.51,32.77,5135.1008
2024-03-03 02:00:00+00:00,32.77,33.07,32.51,32.99,2378.7603
2024-03-03 04:00:00+00:00,32.96,33.5,32.8,32.96,6473.7356
2024-03-03 06:00:00+00:00,32.96,32.99,31.43,32.12,10624.4125
2024-03-03 08:00:00+00:00,32.12,32.83,31.26,32.56,13200.044
2024-03-03 10:00:00+00:00,32.56,33.31,32.13,32.57,5186.9001
2024-03-03 12:00:00+00:00,32.59,33.98,32.49,32.82,26194.3418
2024-03-03 14:00:00+00:00,32.86,33.05,32.36,32.77,5694.1618
2024-03-03 16:00:00+00:00,32.78,33.09,32.55,32.88,3556.8877
2024-03-03 18:00:00+00:00,32.88,33.9,32.72,33.64,8254.3617
2024-03-03 20:00:00+00:00,33.66,33.7,32.89,33.55,6590.3627
2024-03-03 22:00:00+00:00,33.58,33.98,33.4,33.88,5639.3491
2024-03-04 00:00:00+00:00,33.85,34.12,33.32,33.51,7582.6426
2024-03-04 02:00:00+00:00,33.5,33.5,32.97,33.05,3927.4407
2024-03-04 04:00:00+00:00,33.05,34.04,33.0,33.95,5798.3639
2024-03-04 06:00:00+00:00,33.95,34.14,33.39,34.01,5385.836
2024-03-04 08:00:00+00:00,34.05,34.93,34.0,34.57,10266.6858
2024-03-04 10:00:00+00:00,34.56,34.95,33.79,34.46,12250.5608
2024-03-04 12:00:00+00:00,34.46,35.0,34.33,34.73,8059.6436
2024-03-04 14:00:00+00:00,34.77,35.0,34.41,34.75,8052.8764
2024-03-04 16:00:00+00:00,34.75,34.92,33.52,33.61,15031.0011
2024-03-04 18:00:00+00:00,33.58,34.3,33.42,33.6,14815.4646
2024-03-04 20:00:00+00:00,33.64,34.1,33.25,33.88,8585.8825
2024-03-04 22:00:00+00:00,33.83,33.87,33.18,33.21,7182.2998
2024-03-05 00:00:00+00:00,33.25,33.51,32.76,33.39,10001.2613
2024-03-05 02:00:00+00:00,33.39,33.41,32.52,33.07,8611.3566
2024-03-05 04:00:00+00:00,33.04,33.36,32.19,33.27,10352.1363
2024-03-05 06:00:00+00:00,33.27,33.58,33.05,33.08,6411.0774
2024-03-05 08:00:00+00:00,33.08,33.43,32.84,33.15,6570.7302
2024-03-05 10:00:00+00:00,33.12,33.28,32.48,33.07,9749.7889
2024-03-05 12:00:00+00:00,33.1,33.24,32.33,32.39,10233.8845
2024-03-05 14:00:00+00:00,32.39,32.6,31.71,32.05,16510.4364
2024-03-05 16:00:00+00:00,32.1,32.31,30.49,31.48,19920.0248
2024-03-05 18:00:00+00:00,31.48,31.56,28.51,28.93,16794.1399
2024-03-05 20:00:00+00:00,28.9,29.99,28.64,29.77,17163.7109
2024-03-05 22:00:00+00:00,29.79,31.04,29.68,30.54,15558.6847
2024-03-06 00:00:00+00:00,30.5,30.75,29.74,29.77,6129.3525
2024-03-06 02:00:00+00:00,29.81,30.18,29.43,30.0,3104.0562
2024-03-06 04:00:00+00:00,29.98,32.0,29.94,31.55,9561.5853
2024-03-06 06:00:00+00:00,31.55,32.1,31.21,31.84,6251.493
2024-03-06 08:00:00+00:00,31.84,32.07,31.16,31.22,5245.4878
2024-03-06 10:00:00+00:00,31.22,32.02,31.19,31.69,4098.6308
2024-03-06 12:00:00+00:00,31.71,31.92,30.68,31.08,9178.6648
2024-03-06 14:00:00+00:00,31.14,31.34,30.24,30.84,7180.2227
2024-03-06 16:00:00+00:00,30.8,31.17,30.65,31.15,5059.6813
2024-03-06 18:00:00+00:00,31.13,31.52,30.85,31.34,6053.9765
2024-03-06 20:00:00+00:00,31.34,32.16,31.0,31.66,8663.6035
2024-03-06 22:00:00+00:00,31.71,31.97,30.98,31.58,6263.456
2024-03-07 00:00:00+00:00,31.58,31.86,31.11,31.68,4908.0325
2024-03-07 02:00:00+00:00,31.68,31.88,31.06,31.15,3540.2556
2024-03-07 04:00:00+00:00,31.11,33.53,30.99,31.8,23451.3783
2024-03-07 06:00:00+00:00,31.82,33.53,31.5,32.5,22711.7018
2024-03-07 08:00:00+00:00,32.49,33.0,32.12,32.45,8282.3358
2024-03-07 10:00:00+00:00,32.45,32.73,32.14,32.28,4328.5628
2024-03-07 12:00:00+00:00,32.28,32.43,32.0,32.37,2953.0972
2024-03-07 14:00:00+00:00,32.34,32.64,32.11,32.42,8086.4285
2024-03-07 16:00:00+00:00,32.43,32.68,32.35,32.64,3694.5125
2024-03-07 18:00:00+00:00,32.64,32.9,32.48,32.89,4022.0504
2024-03-07 20:00:00+00:00,32.88,33.45,32.8,33.2,5083.8097
2024-03-07 22:00:00+00:00,33.2,33.35,32.88,33.31,3331.7605
2024-03-08 00:00:00+00:00,33.32,33.85,33.03,33.03,4653.8727
2024-03-08 02:00:00+00:00,33.05,33.61,32.68,33.03,4690.9767
2024-03-08 04:00:00+00:00,33.03,33.59,32.67,33.04,6477.4885
2024-03-08 06:00:00+00:00,33.05,33.72,32.77,33.02,5792.4931
2024-03-08 08:00:00+00:00,33.05,34.07,32.94,33.73,7093.2168
2024-03-08 10:00:00+00:00,33.73,34.44,33.61,34.04,9611.1873
2024-03-08 12:00:00+00:00,34.02,34.49,33.59,34.11,7683.7885
2024-03-08 14:00:00+00:00,34.09,34.33,33.09,33.21,12526.4453
2024-03-08 16:00:00+00:00,33.21,34.89,32.66,34.48,20224.344
2024-03-08 18:00:00+00:00,34.48,34.85,33.99,34.66,9941.7636
2024-03-08 20:00:00+00:00,34.66,35.76,34.12,35.55,12785.6123
2024-03-08 22:00:00+00:00,35.53,35.69,34.59,35.04,13432.8772
2024-03-09 00:00:00+00:00,35.04,35.7,34.8,35.06,6460.1276
2024-03-09 02:00:00+00:00,35.06,35.59,34.86,35.49,3236.6356
2024-03-09 04:00:00+00:00,35.46,36.2,35.37,35.52,8125.7236
2024-03-09 06:00:00+00:00,35.5,35.81,35.4,35.67,4512.6024
2024-03-09 08:00:00+00:00,35.67,35.76,35.32,35.5,6338.2506
2024-03-09 10:00:00+00:00,35.5,35.5,34.8,35.26,4321.8542
2024-03-09 12:00:00+00:00,35.26,35.44,35.0,35.4,4375.3515
2024-03-09 14:00:00+00:00,35.4,35.5,35.01,35.39,3754.6121
2024-03-09 16:00:00+00:00,35.41,36.24,34.92,35.26,11967.8416
2024-03-09 18:00:00+00:00,35.26,36.19,35.22,35.62,5965.8871
2024-03-09 20:00:00+00:00,35.62,36.87,35.54,36.24,12799.4605
2024-03-09 22:00:00+00:00,36.24,37.0,35.98,36.27,8416.6028
2024-03-10 00:00:00+00:00,36.25,36.65,36.02,36.15,4659.0814
2024-03-10 02:00:00+00:00,36.2,36.97,35.97,36.57,4382.2755
2024-03-10 04:00:00+00:00,36.57,36.98,36.4,36.64,2259.9044
2024-03-10 06:00:00+00:00,36.64,37.03,36.47,36.99,2191.096
2024-03-10 08:00:00+00:00,37.0,37.43,36.53,36.67,7136.2307
2024-03-10 10:00:00+00:00,36.68,37.38,36.47,36.49,7126.6808
2024-03-10 12:00:00+00:00,36.54,36.65,35.4,35.63,8292.4885
2024-03-10 14:00:00+00:00,35.63,35.66,34.78,35.07,10242.7138
2024-03-10 16:00:00+00:00,35.07,35.78,34.99,35.48,3926.0959
2024-03-10 18:00:00+00:00,35.48,35.78,34.8,35.08,6439.9616
2024-03-10 20:00:00+00:00,35.04,35.13,34.44,34.64,6804.6786
2024-03-10 22:00:00+00:00,34.68,34.88,34.0,34.84,5458.0011
2024-03-11 00:00:00+00:00,34.87,34.94,33.43,34.03,5358.8962
2024-03-11 02:00:00+00:00,34.03,34.5,33.89,34.44,2454.649
2024-03-11 04:00:00+00:00,34.49,34.7,34.37,34.43,1492.9827
2024-03-11 06:00:00+00:00,34.43,35.2,34.25,35.14,4898.2526
2024-03-11 08:00:00+00:00,35.17,35.84,35.1,35.78,4227.7177
2024-03-11 10:00:00+00:00,35.78,35.96,35.32,35.39,6979.031
2024-03-11 12:00:00+00:00,35.42,36.31,35.34,35.75,5965.7895
2024-03-11 14:00:00+00:00,35.76,36.29,35.72,36.01,5390.6213
2024-03-11 16:00:00+00:00,36.01,37.53,35.62,36.87,10957.5195
2024-03-11 18:00:00+00:00,36.83,37.85,36.73,37.08,9330.977
2024-03-11 20:00:00+00:00,37.07,37.53,36.97,37.3,5263.5134
2024-03-11 22:00:00+00:00,37.31,38.2,37.26,37.89,5849.1275
2024-03-12 00:00:00+00:00,37.89,39.13,37.76,38.68,12644.4178
2024-03-12 02:00:00+00:00,38.7,38.84,37.46,38.05,10505.0128
2024-03-12 04:00:00+00:00,38.03,38.72,37.8,38.66,5936.5056
2024-03-12 06:00:00+00:00,38.66,41.9,37.5,38.28,80635.1539
2024-03-12 08:00:00+00:00,38.28,38.81,37.41,38.19,18585.4222
2024-03-12 10:00:00+00:00,38.19,38.93,38.13,38.73,8183.0704
2024-03-12 12:00:00+00:00,38.76,39.33,37.6,38.06,15033.8731
2024-03-12 14:00:00+00:00,38.11,38.39,37.61,38.04,8347.3474
2024-03-12 16:00:00+00:00,38.03,38.12,35.42,36.91,21787.9472
2024-03-12 18:00:00+00:00,36.92,37.89,36.8,37.43,6689.7553
2024-03-12 20:00:00+00:00,37.47,38.42,36.48,37.77,22578.7684
2024-03-12 22:00:00+00:00,37.77,38.64,37.68,38.6,4988.8156
2024-03-13 00:00:00+00:00,38.55,39.24,38.23,39.22,8146.7612
2024-03-13 02:00:00+00:00,39.17,39.73,39.04,39.3,4329.0065
2024-03-13 04:00:00+00:00,39.32,39.67,38.87,39.59,3474.3197
2024-03-13 06:00:00+00:00,39.56,39.74,39.16,39.3,5391.4134
2024-03-13 08:00:00+00:00,39.29,39.85,38.68,39.11,13323.7839
2024-03-13 10:00:00+00:00,39.07,39.23,38.7,39.23,5453.7824
2024-03-13 12:00:00+00:00,39.23,39.55,37.72,38.07,9699.3053
2024-03-13 14:00:00+00:00,38.07,38.33,37.54,37.86,5619.2564
2024-03-13 16:00:00+00:00,37.86,39.27,37.8,39.08,9506.1439
2024-03-13 18:00:00+00:00,39.08,40.15,39.01,39.88,11406.2249
2024-03-13 20:00:00+00:00,39.87,40.6,39.41,40.06,16299.8278
2024-03-13 22:00:00+00:00,40.1,41.0,39.97,40.44,9215.0633
2024-03-14 00:00:00+00:00,40.44,40.7,39.95,40.42,7587.4229
2024-03-14 02:00:00+00:00,40.4,40.66,39.5,39.72,7394.3411
2024-03-14 04:00:00+00:00,39.72,40.21,38.86,40.1,10369.2136
2024-03-14 06:00:00+00:00,40.13,40.7,39.64,39.91,8318.9452
2024-03-14 08:00:00+00:00,39.95,40.62,39.74,40.03,4916.1626
2024-03-14 10:00:00+00:00,40.07,40.21,39.14,39.3,9950.8955
2024-03-14 12:00:00+00:00,39.31,39.72,38.0,38.22,7177.9702
2024-03-14 14:00:00+00:00,38.21,39.85,38.16,38.81,15387.8025
2024-03-14 16:00:00+00:00,38.81,40.18,38.69,39.36,9344.4553
2024-03-14 18:00:00+00:00,39.35,39.42,37.56,38.03,9479.3691
2024-03-14 20:00:00+00:00,37.95,39.43,37.79,39.39,7841.5803
2024-03-14 22:00:00+00:00,39.4,39.76,38.98,39.71,5303.295
2024-03-15 00:00:00+00:00,39.71,40.32,39.45,39.59,7006.0906
2024-03-15 02:00:00+00:00,39.55,39.78,36.95,38.01,32305.5973
2024-03-15 04:00:00+00:00,37.96,39.24,37.38,38.14,15807.8147
2024-03-15 06:00:00+00:00,38.14,39.5,37.31,38.38,12930.6284
2024-03-15 08:00:00+00:00,38.46,39.29,36.24,37.57,19699.8051
2024-03-15 10:00:00+00:00,37.54,37.95,36.48,37.04,8329.5158
2024-03-15 12:00:00+00:00,37.02,38.04,36.78,37.65,6779.8205
2024-03-15 14:00:00+00:00,37.65,38.31,37.35,37.77,6679.0786
2024-03-15 16:00:00+00:00,37.75,38.4,37.43,37.92,5062.2768
2024-03-15 18:00:00+00:00,37.98,39.28,37.69,37.94,7720.9043
2024-03-15 20:00:00+00:00,37.98,38.38,37.02,37.83,7648.3096
2024-03-15 22:00:00+00:00,37.8,38.89,37.63,38.57,5903.8041
2024-03-16 00:00:00+00:00,38.58,39.4,38.16,38.28,5509.4804
2024-03-16 02:00:00+00:00,38.28,38.95,38.27,38.79,4897.7966
2024-03-16 04:00:00+00:00,38.78,39.02,38.0,38.52,3777.889
2024-03-16 06:00:00+00:00,38.53,39.28,38.08,38.9,5091.8651
2024-03-16 08:00:00+00:00,38.9,39.17,38.42,38.63,3202.7978
2024-03-16 10:00:00+00:00,38.64,38.7,37.65,37.86,4168.571
2024-03-16 12:00:00+00:00,37.86,37.93,36.41,36.42,7959.2838
2024-03-16 14:00:00+00:00,36.45,37.05,36.25,36.92,5111.4462
2024-03-16 16:00:00+00:00,36.92,37.14,33.83,35.68,20475.4488
2024-03-16 18:00:00+00:00,35.67,36.44,34.64,35.16,16157.7246
2024-03-16 20:00:00+00:00,35.16,36.15,34.85,35.1,9783.9907
2024-03-16 22:00:00+00:00,35.1,35.19,34.24,34.74,5316.6748
2024-03-17 00:00:00+00:00,34.71,35.27,34.04,34.71,4821.3575
2024-03-17 02:00:00+00:00,34.71,35.35,34.61,35.24,3442.9312
2024-03-17 04:00:00+00:00,35.24,35.3,34.35,34.6,2579.2013
2024-03-17 06:00:00+00:00,34.6,34.85,33.27,33.93,6459.2542
2024-03-17 08:00:00+00:00,33.93,35.56,33.91,34.9,6186.6526
2024-03-17 10:00:00+00:00,34.93,35.8,34.88,35.16,5615.3687
2024-03-17 12:00:00+00:00,35.16,35.44,34.4,35.33,3997.2375
2024-03-17 14:00:00+00:00,35.28,36.7,35.14,36.09,7796.1335
2024-03-17 16:00:00+00:00,36.09,36.71,35.32,36.58,9358.7857
2024-03-17 18:00:00+00:00,36.51,36.6,36.06,36.49,4010.6078
2024-03-17 20:00:00+00:00,36.49,36.53,35.84,36.2,4643.5944
2024-03-17 22:00:00+00:00,36.2,36.89,35.8,36.04,7581.3646
2024-03-18 00:00:00+00:00,36.04,37.0,35.1,36.49,10328.6199
2024-03-18 02:00:00+00:00,36.5,36.77,35.95,36.48,3996.6476
2024-03-18 04:00:00+00:00,36.48,37.08,36.34,37.07,3067.8006
2024-03-18 06:00:00+00:00,37.04,37.26,36.53,36.53,2854.0636
2024-03-18 08:00:00+00:00,36.53,36.75,35.47,35.54,6670.0824
2024-03-18 10:00:00+00:00,35.56,35.87,35.37,35.6,3486.4334
2024-03-18 12:00:00+00:00,35.6,36.8,35.38,35.77,11863.6408
2024-03-18 14:00:00+00:00,35.77,36.03,34.67,35.21,8747.8347
2024-03-18 16:00:00+00:00,35.21,35.78,34.44,34.7,7187.2924
2024-03-18 18:00:00+00:00,34.74,35.3,33.89,34.16,7468.963
2024-03-18 20:00:00+00:00,34.16,34.89,34.13,34.7,2690.7022
2024-03-18 22:00:00+00:00,34.72,34.91,34.11,34.42,4734.9453
2024-03-19 00:00:00+00:00,34.48,34.71,31.5,32.26,27033.675
2024-03-19 02:00:00+00:00,32.32,32.59,31.43,32.03,8554.1171
2024-03-19 04:00:00+00:00,32.06,32.08,31.32,31.51,7076.9504
2024-03-19 06:00:00+00:00,31.5,31.63,30.51,31.29,11580.2613
2024-03-19 08:00:00+00:00,31.31,31.41,30.12,31.17,10727.38
2024-03-19 10:00:00+00:00,31.11,31.17,30.05,30.72,6247.429
2024-03-19 12:00:00+00:00,30.73,31.17,30.32,31.08,12828.9977
2024-03-19 14:00:00+00:00,31.13,32.01,30.58,31.83,10049.4575
2024-03-19 16:00:00+00:00,31.87,32.38,31.53,32.15,7000.5815
2024-03-19 18:00:00+00:00,32.15,32.38,31.62,32.05,3233.3586
2024-03-19 20:00:00+00:00,32.09,32.11,30.7,31.13,5875.9347
2024-03-19 22:00:00+00:00,31.08,31.23,28.97,29.47,14898.4913
2024-03-20 00:00:00+00:00,29.47,30.21,28.67,28.93,30795.6527
2024-03-20 02:00:00+00:00,28.93,29.93,28.72,28.84,7241.5753
2024-03-20 04:00:00+00:00,28.86,29.04,27.73,28.13,27405.2603
2024-03-20 06:00:00+00:00,28.15,28.98,28.02,28.58,13742.2844
2024-03-20 08:00:00+00:00,28.6,29.28,28.53,28.82,10927.1627
2024-03-20 10:00:00+00:00,28.82,29.32,28.72,29.28,4560.0593
2024-03-20 12:00:00+00:00,29.28,29.82,29.13,29.3,8885.1137
2024-03-20 14:00:00+00:00,29.3,29.84,28.93,29.03,5746.813
2024-03-20 16:00:00+00:00,29.03,29.59,28.14,29.22,9954.5016
2024-03-20 18:00:00+00:00,29.21,30.64,29.12,30.31,10046.2649
2024-03-20 20:00:00+00:00,30.33,31.72,30.28,31.55,9947.0035
2024-03-20 22:00:00+00:00,31.55,31.99,31.31,31.43,7059.1467
2024-03-21 00:00:00+00:00,31.45,31.49,31.12,31.42,5469.7573
2024-03-21 02:00:00+00:00,31.37,31.66,31.12,31.26,3158.4033
2024-03-21 04:00:00+00:00,31.29,31.44,30.72,31.14,3925.3088
2024-03-21 06:00:00+00:00,31.17,31.61,30.97,31.35,3541.4329
2024-03-21 08:00:00+00:00,31.35,31.95,31.14,31.63,5258.6137
2024-03-21 10:00:00+00:00,31.63,31.99,31.5,31.52,3028.8925
2024-03-21 12:00:00+00:00,31.53,31.95,31.37,31.49,1975.5332
2024-03-21 14:00:00+00:00,31.46,31.74,31.0,31.33,3927.3515
2024-03-21 16:00:00+00:00,31.35,31.73,30.89,30.89,4904.3805
2024-03-21 18:00:00+00:00,30.9,31.16,30.51,30.88,4829.8805
2024-03-21 20:00:00+00:00,30.88,31.3,30.63,31.09,6086.4506
2024-03-21 22:00:00+00:00,31.06,31.25,30.85,31.06,1311.9934
2024-03-22 00:00:00+00:00,31.06,31.29,30.7,30.73,4744.7981
2024-03-22 02:00:00+00:00,30.71,31.58,30.62,31.52,2429.4143
2024-03-22 04:00:00+00:00,31.51,31.95,31.35,31.92,3141.4792
2024-03-22 06:00:00+00:00,31.91,32.19,31.81,32.04,4562.7195
2024-03-22 08:00:00+00:00,32.04,32.24,31.66,32.02,5508.8028
2024-03-22 10:00:00+00:00,32.02,32.92,31.66,32.08,28302.5089
2024-03-22 12:00:00+00:00,32.08,32.41,31.46,31.5,10989.7498
2024-03-22 14:00:00+00:00,31.47,31.88,30.69,31.77,9545.6736
2024-03-22 16:00:00+00:00,31.71,32.13,31.17,31.93,8903.3317
2024-03-22 18:00:00+00:00,31.94,32.42,31.74,32.42,7097.9015
2024-03-22 20:00:00+00:00,32.37,32.75,31.66,31.89,10882.9068
2024-03-22 22:00:00+00:00,31.91,32.66,31.63,32.46,6575.7103
2024-03-23 00:00:00+00:00,32.43,33.71,32.4,33.36,12739.822
2024-03-23 02:00:00+00:00,33.32,33.54,32.81,33.03,6138.3376
2024-03-23 04:00:00+00:00,33.03,33.76,33.01,33.72,5318.8069
2024-03-23 06:00:00+00:00,33.71,33.98,33.32,33.95,8294.284
2024-03-23 08:00:00+00:00,33.95,34.88,33.5,34.2,18098.7267
2024-03-23 10:00:00+00:00,34.2,34.65,34.05,34.11,9853.4711
2024-03-23 12:00:00+00:00,34.09,34.31,33.8,33.9,9435.7689
2024-03-23 14:00:00+00:00,33.9,34.39,33.81,34.05,7390.8201
2024-03-23 16:00:00+00:00,34.05,34.53,33.97,34.39,5978.5302
2024-03-23 18:00:00+00:00,34.42,34.51,34.19,34.29,3997.4662
2024-03-23 20:00:00+00:00,34.29,34.76,34.23,34.58,6963.6689
2024-03-23 22:00:00+00:00,34.6,35.17,34.31,34.34,11146.4345
2024-03-24 00:00:00+00:00,34.36,34.88,34.17,34.79,6520.704
2024-03-24 02:00:00+00:00,34.79,35.29,34.32,34.44,6160.502
2024-03-24 04:00:00+00:00,34.42,34.99,33.98,34.02,21952.5437
2024-03-24 06:00:00+00:00,34.02,34.08,33.39,33.69,6823.9624
2024-03-24 08:00:00+00:00,33.72,34.21,33.66,33.8,3410.2087
2024-03-24 10:00:00+00:00,33.8,34.06,33.74,33.87,2301.7531
2024-03-24 12:00:00+00:00,33.84,34.19,33.75,33.91,3079.9116
2024-03-24 14:00:00+00:00,33.91,34.16,33.75,33.83,4219.566
2024-03-24 16:00:00+00:00,33.85,33.92,33.38,33.59,2488.2602
2024-03-24 18:00:00+00:00,33.62,34.01,33.58,33.95,2379.6931
2024-03-24 20:00:00+00:00,33.96,34.34,33.79,34.09,2340.3417
2024-03-24 22:00:00+00:00,34.11,34.6,34.03,34.5,4328.8006
2024-03-25 00:00:00+00:00,34.51,34.77,34.27,34.44,3097.6635
2024-03-25 02:00:00+00:00,34.4,34.85,34.4,34.78,1522.5521
2024-03-25 04:00:00+00:00,34.82,35.29,34.78,35.0,2968.5231
2024-03-25 06:00:00+00:00,35.0,35.06,34.34,34.4,2349.7121
2024-03-25 08:00:00+00:00,34.4,34.98,34.36,34.88,1610.7111
2024-03-25 10:00:00+00:00,34.88,35.17,34.32,34.37,2412.0116
2024-03-25 12:00:00+00:00,34.41,34.79,34.32,34.73,1304.0105
2024-03-25 14:00:00+00:00,34.79,35.5,34.6,35.33,5992.5382
2024-03-25 16:00:00+00:00,35.34,36.26,35.21,35.66,4332.0195
2024-03-25 18:00:00+00:00,35.68,36.21,35.6,35.85,4150.1609
2024-03-25 20:00:00+00:00,35.85,35.89,35.16,35.29,2731.2763
2024-03-25 22:00:00+00:00,35.32,35.7,35.24,35.39,2840.0718
2024-03-26 00:00:00+00:00,35.42,35.91,35.37,35.89,2065.1974
2024-03-26 02:00:00+00:00,35.89,36.0,35.72,35.94,3108.5791
2024-03-26 04:00:00+00:00,35.89,35.95,35.54,35.81,2967.0601
2024-03-26 06:00:00+00:00,35.81,36.14,35.45,35.51,4689.1746
2024-03-26 08:00:00+00:00,35.47,35.85,35.41,35.81,2339.4526
2024-03-26 10:00:00+00:00,35.78,35.85,34.96,35.28,7893.6179
2024-03-26 12:00:00+00:00,35.28,35.45,34.98,35.01,3303.5964
2024-03-26 14:00:00+00:00,35.01,35.12,34.27,34.6,6058.4506
2024-03-26 16:00:00+00:00,34.6,34.76,34.08,34.5,4571.9712
2024-03-26 18:00:00+00:00,34.52,34.69,34.23,34.28,2340.1754
2024-03-26 20:00:00+00:00,34.28,34.59,34.05,34.33,5310.1078
2024-03-26 22:00:00+00:00,34.33,34.46,34.04,34.4,2868.0069
2024-03-27 00:00:00+00:00,34.4,34.68,34.12,34.4,2467.5393
2024-03-27 02:00:00+00:00,34.39,34.6,34.26,34.44,2391.4201
2024-03-27 04:00:00+00:00,34.45,34.52,34.18,34.39,1666.9891
2024-03-27 06:00:00+00:00,34.38,34.55,33.75,33.92,3775.1283
2024-03-27 08:00:00+00:00,33.88,34.21,33.78,34.01,3306.8243
2024-03-27 10:00:00+00:00,34.02,34.45,33.87,34.4,2701.2585
2024-03-27 12:00:00+00:00,34.44,35.0,34.0,34.18,3948.6623
2024-03-27 14:00:00+00:00,34.19,34.49,33.56,33.9,6445.0614
2024-03-27 16:00:00+00:00,33.94,34.16,33.27,33.58,6407.679
2024-03-27 18:00:00+00:00,33.58,33.7,32.64,33.08,8393.0466
2024-03-27 20:00:00+00:00,33.04,33.24,32.95,33.06,3215.1297
2024-03-27 22:00:00+00:00,33.06,33.15,32.71,33.07,3725.3387
2024-03-28 00:00:00+00:00,33.07,33.33,32.67,32.79,4616.9996
2024-03-28 02:00:00+00:00,32.79,33.75,32.58,33.05,5631.7193
2024-03-28 04:00:00+00:00,33.05,33.53,33.04,33.45,2192.3689
2024-03-28 06:00:00+00:00,33.45,33.81,33.4,33.73,2992.7569
2024-03-28 08:00:00+00:00,33.78,34.53,33.52,33.93,13348.7229
2024-03-28 10:00:00+00:00,33.93,34.22,33.64,34.16,3855.0151
2024-03-28 12:00:00+00:00,34.19,34.43,33.69,34.23,3021.1547
2024-03-28 14:00:00+00:00,34.21,34.5,33.94,34.43,3470.2091
2024-03-28 16:00:00+00:00,34.39,34.6,34.04,34.5,7300.3879
2024-03-28 18:00:00+00:00,34.48,34.62,34.13,34.5,2676.366
2024-03-28 20:00:00+00:00,34.5,34.62,34.25,34.37,2628.2934
2024-03-28 22:00:00+00:00,34.39,34.55,34.11,34.52,2656.4692
2024-03-29 00:00:00+00:00,34.52,34.69,34.14,34.48,2300.805
2024-03-29 02:00:00+00:00,34.48,34.69,34.1,34.28,2522.7389
2024-03-29 04:00:00+00:00,34.24,34.39,33.86,34.11,1685.4287
2024-03-29 06:00:00+00:00,34.08,34.24,33.27,33.3,4214.5493
2024-03-29 08:00:00+00:00,33.29,34.12,33.27,34.05,5143.489
2024-03-29 10:00:00+00:00,34.03,34.3,33.93,34.11,3607.4935
2024-03-29 12:00:00+00:00,34.15,34.22,33.7,34.0,2938.5985
2024-03-29 14:00:00+00:00,34.04,34.47,33.74,33.84,4969.2351
2024-03-29 16:00:00+00:00,33.87,34.13,33.69,33.8,2879.2368
2024-03-29 18:00:00+00:00,33.77,33.92,33.66,33.84,2005.84
2024-03-29 20:00:00+00:00,33.84,33.93,33.63,33.75,2212.3328
2024-03-29 22:00:00+00:00,33.71,34.47,33.66,34.31,4232.6213
2024-03-30 00:00:00+00:00,34.35,34.88,34.08,34.79,4420.9676
2024-03-30 02:00:00+00:00,34.79,34.95,34.59,34.71,3889.2545
2024-03-30 04:00:00+00:00,34.71,35.0,34.65,35.0,2006.3408
2024-03-30 06:00:00+00:00,35.0,35.57,34.64,35.05,9053.1831
2024-03-30 08:00:00+00:00,35.05,35.42,35.02,35.21,3824.6094
2024-03-30 10:00:00+00:00,35.18,35.84,35.15,35.68,4867.0457
2024-03-30 12:00:00+00:00,35.72,36.0,34.83,35.0,12771.4131
2024-03-30 14:00:00+00:00,34.93,35.1,34.58,34.85,5710.6279
2024-03-30 16:00:00+00:00,34.85,35.04,34.68,34.91,2918.5701
2024-03-30 18:00:00+00:00,34.87,35.04,34.59,34.92,2985.5525
2024-03-30 20:00:00+00:00,34.92,35.01,34.43,34.62,3951.7518
2024-03-30 22:00:00+00:00,34.59,34.73,34.22,34.37,4947.3371
2024-03-31 00:00:00+00:00,34.39,35.0,34.33,34.49,5898.1929
2024-03-31 02:00:00+00:00,34.52,34.73,34.43,34.58,2334.3014
2024-03-31 04:00:00+00:00,34.58,35.3,34.4,35.3,2612.3467
2024-03-31 06:00:00+00:00,35.3,35.63,35.03,35.51,4852.938
2024-03-31 08:00:00+00:00,35.56,35.62,35.14,35.18,2809.5574
2024-03-31 10:00:00+00:00,35.16,35.57,35.13,35.43,2237.7192
2024-03-31 12:00:00+00:00,35.43,35.7,35.36,35.47,2835.1404
2024-03-31 14:00:00+00:00,35.48,35.55,35.21,35.44,2814.8788
2024-03-31 16:00:00+00:00,35.44,35.87,35.35,35.78,2862.2274
2024-03-31 18:00:00+00:00,35.78,35.97,35.65,35.81,2632.3663
2024-03-31 20:00:00+00:00,35.81,36.11,35.19,35.32,6719.0429
2024-03-31 22:00:00+00:00,35.31,35.69,35.27,35.68,3412.9976
2024-04-01 00:00:00+00:00,35.66,35.72,35.16,35.38,6083.7177
2024-04-01 02:00:00+00:00,35.37,35.43,35.13,35.29,1913.1887
2024-04-01 04:00:00+00:00,35.27,35.39,33.67,33.87,4830.91
2024-04-01 06:00:00+00:00,33.86,34.35,33.67,34.2,6297.8205
2024-04-01 08:00:00+00:00,34.2,34.24,33.66,33.66,4480.4066
2024-04-01 10:00:00+00:00,33.7,33.97,33.59,33.67,2933.6175
2024-04-01 12:00:00+00:00,33.64,34.25,33.6,34.23,2853.1484
2024-04-01 14:00:00+00:00,34.23,34.33,32.91,32.91,5450.2141
2024-04-01 16:00:00+00:00,32.92,33.39,32.56,32.87,3851.6134
2024-04-01 18:00:00+00:00,32.86,33.53,32.59,33.42,3847.3503
2024-04-01 20:00:00+00:00,33.46,33.65,33.36,33.48,1626.4249
2024-04-01 22:00:00+00:00,33.48,33.85,33.47,33.79,1599.3322
2024-04-02 00:00:00+00:00,33.76,33.87,33.19,33.37,1737.2414
2024-04-02 02:00:00+00:00,33.37,33.37,31.39,31.78,12338.1594
2024-04-02 04:00:00+00:00,31.81,32.03,31.35,31.82,5635.2466
2024-04-02 06:00:00+00:00,31.82,32.13,31.57,31.65,4134.7974
2024-04-02 08:00:00+00:00,31.62,31.75,30.5,30.96,8383.7158
2024-04-02 10:00:00+00:00,30.95,30.96,29.27,30.19,16259.8033
2024-04-02 12:00:00+00:00,30.19,30.66,29.69,30.24,8996.5562
2024-04-02 14:00:00+00:00,30.23,30.95,30.0,30.11,8455.3142
2024-04-02 16:00:00+00:00,30.11,30.31,29.66,30.02,7451.6885
2024-04-02 18:00:00+00:00,29.99,31.16,29.84,30.44,12945.8654
2024-04-02 20:00:00+00:00,30.44,30.7,29.75,29.81,13075.5839
2024-04-02 22:00:00+00:00,29.81,30.22,29.76,29.86,3417.102
2024-04-03 00:00:00+00:00,29.86,30.18,28.93,30.06,6170.8875
2024-04-03 02:00:00+00:00,30.06,30.23,29.96,30.07,3910.3529
2024-04-03 04:00:00+00:00,30.09,30.3,29.86,29.93,3713.5066
2024-04-03 06:00:00+00:00,29.93,30.28,29.84,29.87,3269.5465
2024-04-03 08:00:00+00:00,29.85,30.42,29.77,30.33,4757.44
2024-04-03 10:00:00+00:00,30.32,30.33,29.73,29.76,2893.8116
2024-04-03 12:00:00+00:00,29.78,29.84,29.01,29.35,8713.6578
2024-04-03 14:00:00+00:00,29.39,29.96,29.38,29.51,7591.3685
2024-04-03 16:00:00+00:00,29.51,29.77,29.1,29.28,4459.6422
2024-04-03 18:00:00+00:00,29.3,29.46,28.97,29.24,4055.9436
2024-04-03 20:00:00+00:00,29.22,29.46,28.94,29.33,4038.8155
2024-04-03 22:00:00+00:00,29.33,29.53,29.15,29.25,2910.3884
2024-04-04 00:00:00+00:00,29.21,30.02,29.18,29.59,2698.2823
2024-04-04 02:00:00+00:00,29.59,29.9,29.1,29.18,4662.2094
2024-04-04 04:00:00+00:00,29.18,29.44,28.92,29.35,4077.8181
2024-04-04 06:00:00+00:00,29.32,29.83,29.29,29.79,2725.3225
2024-04-04 08:00:00+00:00,29.75,30.15,29.62,29.96,2410.0385
2024-04-04 10:00:00+00:00,29.96,30.41,29.84,30.28,4709.7406
2024-04-04 12:00:00+00:00,30.26,30.95,30.25,30.94,7064.6981
2024-04-04 14:00:00+00:00,30.93,31.09,30.62,30.73,8735.0534
2024-04-04 16:00:00+00:00,30.73,31.06,30.6,31.02,3550.8317
2024-04-04 18:00:00+00:00,31.01,31.13,30.5,30.56,3549.7239
2024-04-04 20:00:00+00:00,30.54,30.61,30.03,30.23,3938.3827
2024-04-04 22:00:00+00:00,30.25,30.44,30.09,30.33,2303.5085
2024-04-05 00:00:00+00:00,30.37,30.46,29.99,30.14,3531.946
2024-04-05 02:00:00+00:00,30.14,30.16,29.46,30.01,3179.5941
2024-04-05 04:00:00+00:00,30.0,30.17,29.54,29.75,7202.7721
2024-04-05 06:00:00+00:00,29.75,29.94,29.6,29.81,2065.5718
2024-04-05 08:00:00+00:00,29.81,30.13,29.54,29.6,2830.5932
2024-04-05 10:00:00+00:00,29.61,29.77,29.38,29.54,3200.4358
2024-04-05 12:00:00+00:00,29.5,30.0,29.23,29.88,3231.3464
2024-04-05 14:00:00+00:00,29.88,30.32,29.81,30.32,1940.1616
2024-04-05 16:00:00+00:00,30.26,30.41,30.0,30.13,1540.8467
2024-04-05 18:00:00+00:00,30.12,30.35,30.0,30.12,1949.1457
2024-04-05 20:00:00+00:00,30.12,30.3,29.94,29.97,1794.1135
2024-04-05 22:00:00+00:00,29.99,30.07,29.8,29.86,1268.7243
2024-04-06 00:00:00+00:00,29.86,30.15,29.75,30.0,2048.2858
2024-04-06 02:00:00+00:00,30.04,30.29,29.94,30.18,1562.5403
2024-04-06 04:00:00+00:00,30.18,30.89,30.13,30.32,3244.4139
2024-04-06 06:00:00+00:00,30.34,30.52,30.28,30.47,1580.9448
2024-04-06 08:00:00+00:00,30.5,30.61,30.33,30.42,2781.7146
2024-04-06 10:00:00+00:00,30.42,30.55,30.33,30.35,2031.0675
2024-04-06 12:00:00+00:00,30.35,30.45,30.22,30.26,1985.5274
2024-04-06 14:00:00+00:00,30.29,30.43,30.2,30.28,1640.393
2024-04-06 16:00:00+00:00,30.31,30.49,30.28,30.39,2115.695
2024-04-06 18:00:00+00:00,30.39,30.48,30.16,30.27,1421.8665
2024-04-06 20:00:00+00:00,30.27,30.38,30.16,30.25,1615.8777
2024-04-06 22:00:00+00:00,30.26,30.83,30.23,30.46,3276.956
2024-04-07 00:00:00+00:00,30.48,30.9,30.37,30.81,2543.3647
2024-04-07 02:00:00+00:00,30.81,30.98,30.64,30.91,2251.4439
2024-04-07 04:00:00+00:00,30.9,31.05,30.74,31.01,2131.4602
2024-04-07 06:00:00+00:00,30.98,31.15,30.78,30.94,2168.5205
2024-04-07 08:00:00+00:00,30.9,32.08,30.83,31.17,31346.4811
2024-04-07 10:00:00+00:00,31.14,31.4,31.1,31.22,4417.2678
2024-04-07 12:00:00+00:00,31.24,31.35,31.05,31.17,6073.3056
2024-04-07 14:00:00+00:00,31.18,31.35,30.94,31.04,4881.5824
2024-04-07 16:00:00+00:00,31.06,31.42,31.01,31.1,7251.035
2024-04-07 18:00:00+00:00,31.1,31.97,30.98,31.76,18769.0956
2024-04-07 20:00:00+00:00,31.76,48.4,31.53,44.35,563305.5661
2024-04-07 22:00:00+00:00,44.28,45.88,38.15,39.0,197627.2375
2024-04-08 00:00:00+00:00,39.01,43.54,38.98,39.15,149259.6817
2024-04-08 02:00:00+00:00,39.16,40.29,38.4,39.11,44984.4868
2024-04-08 04:00:00+00:00,39.11,42.5,38.97,40.41,71591.5332
2024-04-08 06:00:00+00:00,40.44,40.62,38.5,38.79,43567.277
2024-04-08 08:00:00+00:00,38.76,39.39,37.68,38.17,34777.0586
2024-04-08 10:00:00+00:00,38.17,38.49,36.79,37.66,27573.3584
2024-04-08 12:00:00+00:00,37.66,38.0,36.3,36.3,28709.4452
2024-04-08 14:00:00+00:00,36.32,37.4,36.08,36.17,26874.2058
2024-04-08 16:00:00+00:00,36.17,37.1,34.69,35.54,26101.7776
2024-04-08 18:00:00+00:00,35.54,36.27,35.49,35.63,11356.1594
2024-04-08 20:00:00+00:00,35.63,38.96,35.19,36.54,69341.3648
2024-04-08 22:00:00+00:00,36.54,37.12,36.05,36.08,15903.5097
2024-04-09 00:00:00+00:00,36.1,36.78,35.98,36.54,6921.3749
2024-04-09 02:00:00+00:00,36.49,37.3,36.38,36.93,7911.223
2024-04-09 04:00:00+00:00,36.98,37.43,36.3,37.1,9517.9942
2024-04-09 06:00:00+00:00,37.1,37.46,36.06,37.23,15719.3699
2024-04-09 08:00:00+00:00,37.16,37.29,35.74,36.16,23746.6889
2024-04-09 10:00:00+00:00,36.16,36.42,35.98,36.26,4159.9167
2024-04-09 12:00:00+00:00,36.22,36.31,35.3,35.32,7232.1769
2024-04-09 14:00:00+00:00,35.32,35.71,33.39,35.58,26064.7926
2024-04-09 16:00:00+00:00,35.54,39.25,35.44,36.59,63131.8561
2024-04-09 18:00:00+00:00,36.6,37.17,35.84,36.36,17557.1363
2024-04-09 20:00:00+00:00,36.33,36.33,35.51,35.6,7568.383
2024-04-09 22:00:00+00:00,35.64,35.7,34.78,35.03,7962.4071
2024-04-10 00:00:00+00:00,35.04,37.0,35.0,35.96,22379.0322
2024-04-10 02:00:00+00:00,35.95,36.43,34.9,35.25,9957.9114
2024-04-10 04:00:00+00:00,35.23,35.94,35.14,35.47,5309.1908
2024-04-10 06:00:00+00:00,35.47,38.88,35.41,37.64,44907.237
2024-04-10 08:00:00+00:00,37.67,41.3,36.8,39.79,126035.7229
2024-04-10 10:00:00+00:00,39.78,39.98,38.26,39.12,35468.7536
2024-04-10 12:00:00+00:00,39.13,39.29,37.25,37.83,28564.9865
2024-04-10 14:00:00+00:00,37.81,39.11,37.14,38.48,26402.1883
2024-04-10 16:00:00+00:00,38.44,38.51,37.25,37.88,15342.5921
2024-04-10 18:00:00+00:00,37.89,37.91,36.74,37.12,12249.5488
2024-04-10 20:00:00+00:00,37.12,38.59,37.1,38.17,17172.5505
2024-04-10 22:00:00+00:00,38.14,38.87,37.78,37.84,9720.0301
2024-04-11 00:00:00+00:00,37.89,38.66,37.89,38.36,9482.618
2024-04-11 02:00:00+00:00,38.4,39.82,38.28,39.14,10422.5647
2024-04-11 04:00:00+00:00,39.15,39.83,38.66,38.79,11506.476
2024-04-11 06:00:00+00:00,38.8,39.06,37.56,37.72,12313.6645
2024-04-11 08:00:00+00:00,37.77,37.97,36.62,36.87,13097.3546
2024-04-11 10:00:00+00:00,36.88,37.06,35.82,35.96,11681.1243
2024-04-11 12:00:00+00:00,36.0,36.99,36.0,36.28,8490.6494
2024-04-11 14:00:00+00:00,36.3,36.3,35.54,35.73,6139.948
2024-04-11 16:00:00+00:00,35.73,35.81,35.11,35.52,5352.6893
2024-04-11 18:00:00+00:00,35.5,35.54,35.18,35.37,5547.256
2024-04-11 20:00:00+00:00,35.36,35.92,35.22,35.32,5125.0486
2024-04-11 22:00:00+00:00,35.36,35.67,35.27,35.6,2024.0098
2024-04-12 00:00:00+00:00,35.6,35.73,35.5,35.73,2047.4382
2024-04-12 02:00:00+00:00,35.73,35.91,35.44,35.52,3890.075
2024-04-12 04:00:00+00:00,35.54,35.87,35.5,35.71,4113.5776
2024-04-12 06:00:00+00:00,35.71,35.75,35.1,35.12,4314.1957
2024-04-12 08:00:00+00:00,35.18,35.33,35.04,35.11,6049.7809
2024-04-12 10:00:00+00:00,35.15,36.5,34.93,36.06,13980.4274
2024-04-12 12:00:00+00:00,36.05,37.4,34.9,35.48,30703.2576
2024-04-12 14:00:00+00:00,35.53,36.49,34.73,36.42,16285.5571
2024-04-12 16:00:00+00:00,36.4,36.8,33.6,33.67,21398.7292
2024-04-12 18:00:00+00:00,33.67,33.88,29.33,30.92,31739.4292
2024-04-12 20:00:00+00:00,30.84,31.76,30.74,30.97,10013.4607
2024-04-12 22:00:00+00:00,30.94,31.05,30.44,30.7,6146.5478
2024-04-13 00:00:00+00:00,30.67,30.74,29.54,29.59,6398.312
2024-04-13 02:00:00+00:00,29.55,30.24,29.5,30.2,6325.9242
2024-04-13 04:00:00+00:00,30.14,30.62,29.97,30.35,2127.254
2024-04-13 06:00:00+00:00,30.36,30.65,30.26,30.43,4077.0031
2024-04-13 08:00:00+00:00,30.43,30.49,30.17,30.43,4666.9294
2024-04-13 10:00:00+00:00,30.43,31.06,30.24,30.8,5472.4625
2024-04-13 12:00:00+00:00,30.75,31.19,30.62,30.93,3841.968
2024-04-13 14:00:00+00:00,30.93,30.93,29.94,30.14,8350.1123
2024-04-13 16:00:00+00:00,30.13,30.19,28.25,28.52,14220.0712
2024-04-13 18:00:00+00:00,28.53,29.07,27.07,27.21,14550.0387
2024-04-13 20:00:00+00:00,27.19,27.53,24.07,25.43,41782.3469
2024-04-13 22:00:00+00:00,25.42,26.82,24.95,26.49,13657.4569
2024-04-14 00:00:00+00:00,26.47,26.62,25.33,26.0,7359.6475
2024-04-14 02:00:00+00:00,26.03,26.23,25.26,25.95,5479.8848
2024-04-14 04:00:00+00:00,25.91,27.07,25.87,26.94,12806.5165
2024-04-14 06:00:00+00:00,26.95,27.56,26.82,27.51,5036.6086
2024-04-14 08:00:00+00:00,27.54,27.73,26.9,27.22,5352.871
2024-04-14 10:00:00+00:00,27.21,27.25,26.05,26.27,10488.2472
2024-04-14 12:00:00+00:00,26.26,26.95,26.21,26.32,6761.4723
2024-04-14 14:00:00+00:00,26.34,26.79,26.0,26.52,7912.5095
2024-04-14 16:00:00+00:00,26.51,27.25,26.05,26.54,11338.1961
2024-04-14 18:00:00+00:00,26.52,27.22,26.41,27.07,7730.4231
2024-04-14 20:00:00+00:00,27.05,27.72,26.95,27.56,12814.7266
2024-04-14 22:00:00+00:00,27.63,28.8,27.61,28.55,8199.5006
2024-04-15 00:00:00+00:00,28.58,28.59,27.79,27.95,4589.3428
2024-04-15 02:00:00+00:00,27.95,28.15,27.64,27.97,2499.6973
2024-04-15 04:00:00+00:00,28.01,28.39,27.68,28.36,1693.4457
2024-04-15 06:00:00+00:00,28.36,29.1,28.29,28.82,6193.2526
2024-04-15 08:00:00+00:00,28.82,28.92,28.5,28.75,3971.0873
2024-04-15 10:00:00+00:00,28.71,29.09,28.17,28.4,6126.3906
2024-04-15 12:00:00+00:00,28.37,28.54,27.87,27.94,5764.5311
2024-04-15 14:00:00+00:00,27.95,28.12,26.94,27.26,9065.1121
2024-04-15 16:00:00+00:00,27.2,27.41,26.46,26.56,5931.5109
2024-04-15 18:00:00+00:00,26.62,26.75,25.53,26.43,12771.2947
2024-04-15 20:00:00+00:00,26.42,26.52,25.65,26.19,6472.4425
2024-04-15 22:00:00+00:00,26.16,26.5,25.99,26.26,2556.8545
2024-04-16 00:00:00+00:00,26.26,26.51,25.85,26.05,2167.0133
2024-04-16 02:00:00+00:00,26.05,26.4,25.77,26.0,2318.4189
2024-04-16 04:00:00+00:00,26.02,26.16,25.23,25.88,5086.3037
2024-04-16 06:00:00+00:00,25.88,26.63,25.83,26.6,5813.2251
2024-04-16 08:00:00+00:00,26.55,26.62,26.09,26.12,6688.5229
2024-04-16 10:00:00+00:00,26.17,26.25,25.26,26.23,6156.966
2024-04-16 12:00:00+00:00,26.17,26.23,25.23,25.51,4826.807
2024-04-16 14:00:00+00:00,25.51,25.84,24.85,25.05,6537.419
2024-04-16 16:00:00+00:00,25.08,26.28,24.98,25.74,11477.7321
2024-04-16 18:00:00+00:00,25.69,26.0,25.56,25.72,2525.9463
2024-04-16 20:00:00+00:00,25.66,26.38,25.59,26.29,3302.0158
2024-04-16 22:00:00+00:00,26.27,26.28,26.07,26.16,1900.9073
2024-04-17 00:00:00+00:00,26.17,26.41,25.87,26.01,3097.0523
2024-04-17 02:00:00+00:00,26.0,26.14,25.74,25.96,782.7507
2024-04-17 04:00:00+00:00,25.92,26.45,25.8,26.04,1915.5361
2024-04-17 06:00:00+00:00,26.08,26.29,25.86,26.07,1911.7328
2024-04-17 08:00:00+00:00,26.05,26.43,25.99,26.13,6505.4262
2024-04-17 10:00:00+00:00,26.13,26.34,25.66,25.7,4375.2454
2024-04-17 12:00:00+00:00,25.75,25.95,25.35,25.75,3755.6427
2024-04-17 14:00:00+00:00,25.74,25.76,24.8,24.94,6577.9988
2024-04-17 16:00:00+00:00,24.92,25.56,24.65,25.56,6632.2052
2024-04-17 18:00:00+00:00,25.56,26.16,25.39,25.59,4558.8542
2024-04-17 20:00:00+00:00,25.55,25.75,25.22,25.62,2354.8335
2024-04-17 22:00:00+00:00,25.61,25.68,25.15,25.26,2479.4043
2024-04-18 00:00:00+00:00,25.26,25.72,24.83,25.57,7412.0017
2024-04-18 02:00:00+00:00,25.54,26.04,25.52,25.84,2237.5698
2024-04-18 04:00:00+00:00,25.82,25.97,25.56,25.57,2368.4774
2024-04-18 06:00:00+00:00,25.59,25.73,25.14,25.27,2986.8114
2024-04-18 08:00:00+00:00,25.2,25.53,25.06,25.45,3693.1828
2024-04-18 10:00:00+00:00,25.43,25.98,25.11,25.82,4193.9646
2024-04-18 12:00:00+00:00,25.86,25.98,25.5,25.81,5403.1104
2024-04-18 14:00:00+00:00,25.82,26.4,25.78,26.19,5663.2428
2024-04-18 16:00:00+00:00,26.19,26.36,25.58,25.66,3530.3627
2024-04-18 18:00:00+00:00,25.62,26.04,25.48,25.99,2776.1391
2024-04-18 20:00:00+00:00,26.03,26.18,25.91,25.96,1893.2008
2024-04-18 22:00:00+00:00,25.98,26.14,25.7,25.77,3128.5892
2024-04-19 00:00:00+00:00,25.77,25.88,24.59,24.63,5829.8613
2024-04-19 02:00:00+00:00,24.66,25.13,24.0,25.02,5707.7374
2024-04-19 04:00:00+00:00,24.99,25.43,24.8,25.01,4515.2858
2024-04-19 06:00:00+00:00,25.03,26.27,24.82,26.04,11536.2083
2024-04-19 08:00:00+00:00,26.05,26.41,25.9,26.23,4901.7935
2024-04-19 10:00:00+00:00,26.17,26.41,26.0,26.26,3850.5805
2024-04-19 12:00:00+00:00,26.29,26.45,26.14,26.38,4684.4843
2024-04-19 14:00:00+00:00,26.43,26.49,25.98,26.37,2861.6044
2024-04-19 16:00:00+00:00,26.36,26.5,25.94,26.41,2599.0123
2024-04-19 18:00:00+00:00,26.41,26.58,26.15,26.48,2361.8663
2024-04-19 20:00:00+00:00,26.47,26.5,26.15,26.32,3118.6153
2024-04-19 22:00:00+00:00,26.35,26.48,25.63,26.1,2797.2107
2024-04-20 00:00:00+00:00,26.06,26.33,25.74,26.25,5161.0664
2024-04-20 02:00:00+00:00,26.28,26.35,26.13,26.32,2763.1419
2024-04-20 04:00:00+00:00,26.31,26.44,26.21,26.37,2873.8347
2024-04-20 06:00:00+00:00,26.37,26.4,26.24,26.38,1966.3624
2024-04-20 08:00:00+00:00,26.38,26.4,25.94,26.15,2797.263
2024-04-20 10:00:00+00:00,26.12,26.7,26.06,26.4,6670.4771
2024-04-20 12:00:00+00:00,26.4,26.96,26.35,26.84,3991.1474
2024-04-20 14:00:00+00:00,26.85,27.4,26.74,27.27,4537.3963
2024-04-20 16:00:00+00:00,27.32,28.19,27.22,28.06,7705.0808
2024-04-20 18:00:00+00:00,28.02,28.25,27.83,28.11,7183.8201
2024-04-20 20:00:00+00:00,28.12,28.55,27.97,28.37,7745.2406
2024-04-20 22:00:00+00:00,28.37,28.58,28.18,28.42,3185.7614
2024-04-21 00:00:00+00:00,28.42,28.5,28.2,28.5,3331.5935
2024-04-21 02:00:00+00:00,28.5,28.81,28.37,28.68,3747.0495
2024-04-21 04:00:00+00:00,28.67,28.77,28.5,28.6,2203.3617
2024-04-21 06:00:00+00:00,28.6,28.73,28.34,28.54,3912.9488
2024-04-21 08:00:00+00:00,28.54,28.74,28.35,28.5,3320.7139
2024-04-21 10:00:00+00:00,28.46,28.91,28.46,28.83,3255.3114
2024-04-21 12:00:00+00:00,28.82,28.98,28.35,28.41,3994.6918
2024-04-21 14:00:00+00:00,28.45,29.0,28.37,28.64,5436.6892
2024-04-21 16:00:00+00:00,28.65,28.96,28.26,28.58,4983.5913
2024-04-21 18:00:00+00:00,28.55,29.06,28.37,28.96,9570.3549
2024-04-21 20:00:00+00:00,28.93,29.15,28.6,28.79,10960.6064
2024-04-21 22:00:00+00:00,28.82,29.62,28.69,29.27,15605.7898
2024-04-22 00:00:00+00:00,29.27,29.33,28.35,28.41,12970.2653
2024-04-22 02:00:00+00:00,28.41,28.9,28.23,28.62,5634.0115
2024-04-22 04:00:00+00:00,28.66,28.84,28.37,28.73,6778.4942
2024-04-22 06:00:00+00:00,28.75,29.1,28.55,28.91,9469.0322
2024-04-22 08:00:00+00:00,28.91,29.67,28.6,29.03,27427.8601
2024-04-22 10:00:00+00:00,29.03,29.37,28.77,29.1,13355.449
2024-04-22 12:00:00+00:00,29.1,29.2,28.74,28.79,10595.2927
2024-04-22 14:00:00+00:00,28.82,28.9,28.38,28.63,7778.2717
2024-04-22 16:00:00+00:00,28.59,28.79,28.37,28.68,5980.3905
2024-04-22 18:00:00+00:00,28.68,28.68,28.21,28.32,5848.9885
2024-04-22 20:00:00+00:00,28.33,28.62,28.2,28.29,3343.8873
2024-04-22 22:00:00+00:00,28.27,28.45,28.14,28.14,3676.814
2024-04-23 00:00:00+00:00,28.14,28.42,28.06,28.11,3059.2243
2024-04-23 02:00:00+00:00,28.11,28.25,27.88,27.9,2698.5171
2024-04-23 04:00:00+00:00,27.9,27.99,27.43,27.58,7052.3288
2024-04-23 06:00:00+00:00,27.58,27.69,27.15,27.3,4816.2771
2024-04-23 08:00:00+00:00,27.3,27.59,27.21,27.51,3329.2603
2024-04-23 10:00:00+00:00,27.52,27.82,27.44,27.54,4879.3204
2024-04-23 12:00:00+00:00,27.58,27.81,27.47,27.8,2875.4596
2024-04-23 14:00:00+00:00,27.81,28.05,27.76,27.81,3916.0466
2024-04-23 16:00:00+00:00,27.84,27.97,27.69,27.82,3851.3245
2024-04-23 18:00:00+00:00,27.82,27.86,27.62,27.73,2551.1643
2024-04-23 20:00:00+00:00,27.75,27.75,27.27,27.32,6548.2005
2024-04-23 22:00:00+00:00,27.36,27.44,27.05,27.29,6125.3791
2024-04-24 00:00:00+00:00,27.26,27.41,26.91,26.96,15791.2457
2024-04-24 02:00:00+00:00,26.96,26.99,26.68,26.71,3678.9808
2024-04-24 04:00:00+00:00,26.7,27.13,26.68,26.93,4555.5821
2024-04-24 06:00:00+00:00,26.93,26.95,26.47,26.58,5049.5545
2024-04-24 08:00:00+00:00,26.57,26.83,26.53,26.66,5809.4744
2024-04-24 10:00:00+00:00,26.69,27.02,26.65,27.0,2067.4794
2024-04-24 12:00:00+00:00,27.0,27.08,26.57,26.61,5407.8686
2024-04-24 14:00:00+00:00,26.61,26.78,25.86,25.94,6310.8522
2024-04-24 16:00:00+00:00,25.95,26.26,25.77,26.15,2859.8458
2024-04-24 18:00:00+00:00,26.15,26.19,25.68,25.98,2860.5297
2024-04-24 20:00:00+00:00,25.98,26.02,25.74,26.0,1802.533
2024-04-24 22:00:00+00:00,26.01,26.02,25.37,25.6,4897.3616
2024-04-25 00:00:00+00:00,25.59,25.97,25.55,25.55,2474.364
2024-04-25 02:00:00+00:00,25.55,25.6,25.33,25.37,4937.654
2024-04-25 04:00:00+00:00,25.37,25.77,25.16,25.5,3923.4638
2024-04-25 06:00:00+00:00,25.47,25.85,25.3,25.45,8583.6166
2024-04-25 08:00:00+00:00,25.45,25.99,25.29,25.37,7269.4632
2024-04-25 10:00:00+00:00,25.33,25.36,24.81,25.16,8480.2775
2024-04-25 12:00:00+00:00,25.16,25.52,24.78,25.32,9577.581
2024-04-25 14:00:00+00:00,25.31,25.86,25.27,25.82,4884.6282
2024-04-25 16:00:00+00:00,25.85,26.07,25.75,26.0,4107.1631
2024-04-25 18:00:00+00:00,26.01,26.25,25.92,26.11,1850.1746
2024-04-25 20:00:00+00:00,26.14,26.39,26.04,26.23,2174.2246
2024-04-25 22:00:00+00:00,26.26,26.26,25.88,25.91,2880.4337
2024-04-26 00:00:00+00:00,25.94,26.05,25.36,25.72,5087.0407
2024-04-26 02:00:00+00:00,25.72,25.95,25.68,25.75,1721.2084
2024-04-26 04:00:00+00:00,25.76,25.9,25.6,25.85,2380.8962
2024-04-26 06:00:00+00:00,25.81,25.91,25.44,25.6,1260.7704
2024-04-26 08:00:00+00:00,25.6,25.7,25.35,25.47,1491.9944
2024-04-26 10:00:00+00:00,25.5,25.57,25.24,25.29,3651.4691
2024-04-26 12:00:00+00:00,25.28,25.44,24.85,25.41,4474.9629
2024-04-26 14:00:00+00:00,25.39,25.68,24.91,25.27,3827.9965
2024-04-26 16:00:00+00:00,25.22,25.41,25.11,25.36,2604.3782
2024-04-26 18:00:00+00:00,25.4,25.6,25.35,25.39,1812.8703
2024-04-26 20:00:00+00:00,25.42,25.67,25.37,25.64,1678.4129
2024-04-26 22:00:00+00:00,25.62,25.65,25.27,25.36,1038.2085
2024-04-27 00:00:00+00:00,25.36,25.55,24.8,25.0,3899.8896
2024-04-27 02:00:00+00:00,25.0,25.38,24.9,25.32,1072.4454
2024-04-27 04:00:00+00:00,25.33,25.46,25.17,25.3,1353.7514
2024-04-27 06:00:00+00:00,25.3,25.37,25.03,25.12,2402.9908
2024-04-27 08:00:00+00:00,25.09,25.22,24.89,25.18,2744.9191
2024-04-27 10:00:00+00:00,25.18,25.29,24.87,24.91,3910.9106
2024-04-27 12:00:00+00:00,24.87,25.1,24.84,25.07,3414.1571
2024-04-27 14:00:00+00:00,25.07,25.19,24.88,24.96,1965.3551
2024-04-27 16:00:00+00:00,24.94,25.71,24.86,25.57,5466.8039
2024-04-27 18:00:00+00:00,25.6,25.79,25.18,25.73,5897.2671
2024-04-27 20:00:00+00:00,25.74,25.79,25.51,25.55,1820.566
2024-04-27 22:00:00+00:00,25.58,25.73,25.56,25.65,1054.8357
2024-04-28 00:00:00+00:00,25.63,26.08,25.61,25.88,2939.3959
2024-04-28 02:00:00+00:00,25.9,26.21,25.88,26.01,1304.4253
2024-04-28 04:00:00+00:00,26.01,26.08,25.84,25.87,3979.9338
2024-04-28 06:00:00+00:00,25.88,26.08,25.8,25.82,2388.6392
2024-04-28 08:00:00+00:00,25.82,25.88,25.55,25.58,2380.3798
2024-04-28 10:00:00+00:00,25.58,25.66,25.34,25.37,2854.1697
2024-04-28 12:00:00+00:00,25.37,25.56,25.2,25.47,3143.5992
2024-04-28 14:00:00+00:00,25.47,25.53,25.33,25.38,3137.9475
2024-04-28 16:00:00+00:00,25.35,25.69,25.32,25.58,2139.8608
2024-04-28 18:00:00+00:00,25.62,25.75,25.5,25.6,1879.1266
2024-04-28 20:00:00+00:00,25.57,25.66,25.53,25.54,1603.9214
2024-04-28 22:00:00+00:00,25.56,25.64,25.12,25.3,3102.1577
2024-04-29 00:00:00+00:00,25.29,25.6,25.22,25.51,2808.5946
2024-04-29 02:00:00+00:00,25.53,25.55,24.91,24.99,3113.877
2024-04-29 04:00:00+00:00,24.99,25.16,24.9,25.05,2981.1892
2024-04-29 06:00:00+00:00,25.05,25.07,24.62,24.65,5079.4061
2024-04-29 08:00:00+00:00,24.65,24.69,24.37,24.52,3250.6042
2024-04-29 10:00:00+00:00,24.52,24.62,24.26,24.27,2037.2872
2024-04-29 12:00:00+00:00,24.29,24.72,24.2,24.34,4793.3323
2024-04-29 14:00:00+00:00,24.34,24.76,24.28,24.68,2034.5246
2024-04-29 16:00:00+00:00,24.68,24.79,24.48,24.73,3130.0628
2024-04-29 18:00:00+00:00,24.73,24.83,24.47,24.66,2196.8009
2024-04-29 20:00:00+00:00,24.67,24.93,24.55,24.68,4839.9046
2024-04-29 22:00:00+00:00,24.7,25.3,24.66,25.17,2607.276
2024-04-30 00:00:00+00:00,25.17,25.51,25.13,25.2,3519.3895
2024-04-30 02:00:00+00:00,25.2,25.37,24.98,25.22,2936.9655
2024-04-30 04:00:00+00:00,25.22,25.35,25.02,25.16,1622.5249
2024-04-30 06:00:00+00:00,25.16,25.39,25.11,25.27,2533.5956
2024-04-30 08:00:00+00:00,25.27,25.27,24.13,24.17,7391.3473
2024-04-30 10:00:00+00:00,24.15,24.17,23.45,23.48,6589.6684
2024-04-30 12:00:00+00:00,23.48,23.54,22.92,23.02,8695.1404
2024-04-30 14:00:00+00:00,22.99,23.25,22.76,22.85,9253.6882
2024-04-30 16:00:00+00:00,22.85,22.96,22.44,22.73,8748.4754
2024-04-30 18:00:00+00:00,22.73,22.84,22.41,22.45,4701.846
2024-04-30 20:00:00+00:00,22.47,22.9,22.47,22.88,4963.8473
2024-04-30 22:00:00+00:00,22.86,23.21,22.78,23.08,5149.0257
2024-05-01 00:00:00+00:00,23.03,23.24,22.81,23.24,6128.8001
2024-05-01 02:00:00+00:00,23.23,23.36,22.89,23.3,5865.2436
2024-05-01 04:00:00+00:00,23.3,23.48,23.18,23.3,2334.1454
2024-05-01 06:00:00+00:00,23.28,23.37,22.19,22.37,5961.1492
2024-05-01 08:00:00+00:00,22.37,22.61,22.01,22.46,8882.8232
2024-05-01 10:00:00+00:00,22.46,22.92,22.38,22.88,5810.5573
2024-05-01 12:00:00+00:00,22.88,23.23,22.71,22.77,10803.749
2024-05-01 14:00:00+00:00,22.77,22.81,22.31,22.36,7522.5353
2024-05-01 16:00:00+00:00,22.37,22.65,22.2,22.59,5606.6282
2024-05-01 18:00:00+00:00,22.59,23.43,22.49,22.61,13605.5903
2024-05-01 20:00:00+00:00,22.6,23.06,22.54,22.94,3794.8174
2024-05-01 22:00:00+00:00,22.96,23.28,22.94,23.15,3509.8613
2024-05-02 00:00:00+00:00,23.14,23.28,22.38,22.49,5213.6837
2024-05-02 02:00:00+00:00,22.47,22.76,22.47,22.66,3181.9993
2024-05-02 04:00:00+00:00,22.67,22.76,22.5,22.62,3528.0501
2024-05-02 06:00:00+00:00,22.62,22.87,22.53,22.8,3273.7073
2024-05-02 08:00:00+00:00,22.8,22.99,22.75,22.98,3928.4525
2024-05-02 10:00:00+00:00,22.96,23.46,22.9,23.41,4790.771
2024-05-02 12:00:00+00:00,23.41,23.85,23.35,23.51,11321.7057
2024-05-02 14:00:00+00:00,23.53,23.9,23.36,23.87,6307.0855
2024-05-02 16:00:00+00:00,23.85,23.9,23.65,23.72,7308.0878
2024-05-02 18:00:00+00:00,23.74,23.92,23.53,23.84,6082.5703
2024-05-02 20:00:00+00:00,23.82,24.14,23.73,24.03,5818.4058
2024-05-02 22:00:00+00:00,24.03,24.3,23.88,23.94,6621.0821
2024-05-03 00:00:00+00:00,23.93,24.28,23.88,24.16,7128.1702
2024-05-03 02:00:00+00:00,24.16,24.47,24.04,24.27,7531.9739
2024-05-03 04:00:00+00:00,24.26,24.45,24.08,24.15,6836.2665
2024-05-03 06:00:00+00:00,24.17,24.25,23.88,24.12,6841.3431
2024-05-03 08:00:00+00:00,24.14,24.37,23.95,24.09,10721.1713
2024-05-03 10:00:00+00:00,24.1,24.13,23.6,23.77,7077.2115
2024-05-03 12:00:00+00:00,23.77,24.49,23.64,24.44,11690.904
2024-05-03 14:00:00+00:00,24.45,24.67,24.32,24.51,8719.9036
2024-05-03 16:00:00+00:00,24.51,24.82,24.35,24.82,5921.0017
2024-05-03 18:00:00+00:00,24.82,25.07,24.7,24.79,7700.6751
2024-05-03 20:00:00+00:00,24.78,24.95,24.6,24.72,8452.9954
2024-05-03 22:00:00+00:00,24.71,24.76,24.52,24.52,4501.9828
2024-05-04 00:00:00+00:00,24.54,24.73,24.4,24.49,7089.8741
2024-05-04 02:00:00+00:00,24.48,24.55,24.36,24.5,3519.0069
2024-05-04 04:00:00+00:00,24.52,24.62,24.45,24.51,3615.0137
2024-05-04 06:00:00+00:00,24.52,24.57,24.36,24.41,3563.626
2024-05-04 08:00:00+00:00,24.41,24.61,24.39,24.43,4524.5967
2024-05-04 10:00:00+00:00,24.41,24.89,24.37,24.6,7102.6633
2024-05-04 12:00:00+00:00,24.63,24.92,24.52,24.6,4959.1774
2024-05-04 14:00:00+00:00,24.6,24.82,24.51,24.76,7293.8479
2024-05-04 16:00:00+00:00,24.78,24.94,24.65,24.89,6895.127
2024-05-04 18:00:00+00:00,24.89,25.08,24.73,24.93,8701.796
2024-05-04 20:00:00+00:00,24.92,25.21,24.77,24.99,7942.263
2024-05-04 22:00:00+00:00,24.98,25.15,24.82,24.97,5461.6221
2024-05-05 00:00:00+00:00,24.96,25.15,24.44,24.6,5137.9426
2024-05-05 02:00:00+00:00,24.6,24.68,24.46,24.53,3301.9398
2024-05-05 04:00:00+00:00,24.52,24.62,24.43,24.52,2594.8173
2024-05-05 06:00:00+00:00,24.5,24.89,24.48,24.71,3817.7023
2024-05-05 08:00:00+00:00,24.71,25.21,24.71,24.98,7075.9555
2024-05-05 10:00:00+00:00,24.98,25.07,24.79,24.87,5389.0359
2024-05-05 12:00:00+00:00,24.89,25.08,24.74,25.07,5000.8354
2024-05-05 14:00:00+00:00,25.08,25.46,24.94,25.35,6815.2669
2024-05-05 16:00:00+00:00,25.36,25.65,25.22,25.5,7284.6784
2024-05-05 18:00:00+00:00,25.49,25.52,25.09,25.12,6730.3915
2024-05-05 20:00:00+00:00,25.12,25.17,24.97,25.03,4372.0621
2024-05-05 22:00:00+00:00,25.02,25.08,24.84,24.98,5637.4514
2024-05-06 00:00:00+00:00,24.98,25.16,24.91,24.93,3966.0833
2024-05-06 02:00:00+00:00,24.93,25.0,24.72,24.79,5704.3471
2024-05-06 04:00:00+00:00,24.79,25.13,24.7,25.13,4965.1601
2024-05-06 06:00:00+00:00,25.12,25.33,25.1,25.29,5515.0601
2024-05-06 08:00:00+00:00,25.27,25.61,25.17,25.53,7820.1468
2024-05-06 10:00:00+00:00,25.53,25.61,24.96,25.15,6366.8031
2024-05-06 12:00:00+00:00,25.16,25.31,24.57,24.89,6984.8897
2024-05-06 14:00:00+00:00,24.9,24.98,24.44,24.75,6986.4906
2024-05-06 16:00:00+00:00,24.75,24.85,24.45,24.57,6765.0959
2024-05-06 18:00:00+00:00,24.58,24.71,24.48,24.64,5009.1266
2024-05-06 20:00:00+00:00,24.64,24.83,24.6,24.77,4633.3059
2024-05-06 22:00:00+00:00,24.77,24.91,24.47,24.6,4991.822
2024-05-07 00:00:00+00:00,24.63,24.95,24.42,24.86,4300.0781
2024-05-07 02:00:00+00:00,24.86,24.95,24.41,24.5,3951.8748
2024-05-07 04:00:00+00:00,24.5,24.8,24.45,24.7,5592.3021
2024-05-07 06:00:00+00:00,24.67,24.81,24.51,24.69,3877.9707
2024-05-07 08:00:00+00:00,24.69,25.5,24.63,25.15,7361.4858
2024-05-07 10:00:00+00:00,25.18,25.53,25.13,25.17,7297.0447
2024-05-07 12:00:00+00:00,25.17,25.47,25.11,25.18,8142.1644
2024-05-07 14:00:00+00:00,25.18,25.59,25.12,25.34,5050.5459
2024-05-07 16:00:00+00:00,25.32,25.47,25.17,25.25,5363.4813
2024-05-07 18:00:00+00:00,25.25,25.33,24.99,25.24,6826.4296
2024-05-07 20:00:00+00:00,25.26,25.3,24.78,24.87,5363.6989
2024-05-07 22:00:00+00:00,24.85,24.94,24.38,24.42,4268.5894
2024-05-08 00:00:00+00:00,24.42,24.47,24.24,24.3,5007.1072
2024-05-08 02:00:00+00:00,24.29,24.4,24.24,24.34,2437.3213
2024-05-08 04:00:00+00:00,24.35,24.36,24.03,24.15,4387.5177
2024-05-08 06:00:00+00:00,24.16,24.21,23.81,23.87,3655.2787
2024-05-08 08:00:00+00:00,23.86,24.01,23.75,23.91,4275.194
2024-05-08 10:00:00+00:00,23.9,24.04,23.75,23.78,4843.6126
2024-05-08 12:00:00+00:00,23.77,23.91,23.54,23.86,8135.0149
2024-05-08 14:00:00+00:00,23.86,24.22,23.78,24.04,8574.7882
2024-05-08 16:00:00+00:00,24.04,24.53,24.0,24.31,8072.7915
2024-05-08 18:00:00+00:00,24.32,24.76,24.24,24.35,11897.0358
2024-05-08 20:00:00+00:00,24.34,24.46,23.77,23.91,7318.1773
2024-05-08 22:00:00+00:00,23.89,24.12,23.75,23.9,4698.0941
2024-05-09 00:00:00+00:00,23.91,24.12,23.8,24.06,2598.3574
2024-05-09 02:00:00+00:00,24.06,24.19,23.97,24.09,3716.5385
2024-05-09 04:00:00+00:00,24.09,24.16,23.96,24.07,3728.4488
2024-05-09 06:00:00+00:00,24.08,24.3,23.86,23.94,5579.563
2024-05-09 08:00:00+00:00,23.94,24.03,23.64,23.74,5216.0466
2024-05-09 10:00:00+00:00,23.72,23.75,23.28,23.5,8991.1858
2024-05-09 12:00:00+00:00,23.52,23.7,23.28,23.4,4941.7098
2024-05-09 14:00:00+00:00,23.4,23.86,23.31,23.7,6031.3434
2024-05-09 16:00:00+00:00,23.7,24.12,23.63,23.72,7152.6315
2024-05-09 18:00:00+00:00,23.72,24.04,23.65,24.03,5017.2977
2024-05-09 20:00:00+00:00,24.04,24.36,23.94,24.2,5559.0253
2024-05-09 22:00:00+00:00,24.21,24.67,24.21,24.46,4710.9824
2024-05-10 00:00:00+00:00,24.47,24.66,24.4,24.6,4185.1862
2024-05-10 02:00:00+00:00,24.6,24.75,24.51,24.66,3664.1119
2024-05-10 04:00:00+00:00,24.66,25.01,24.63,24.77,4827.5074
2024-05-10 06:00:00+00:00,24.77,25.1,24.71,25.06,4855.7187
2024-05-10 08:00:00+00:00,25.08,25.19,24.91,24.96,6760.014
2024-05-10 10:00:00+00:00,24.95,25.17,24.86,24.99,5424.7291
2024-05-10 12:00:00+00:00,24.99,25.14,24.65,24.73,6586.364
2024-05-10 14:00:00+00:00,24.74,24.74,23.62,23.68,12699.906
2024-05-10 16:00:00+00:00,23.69,23.85,23.34,23.52,5921.9567
2024-05-10 18:00:00+00:00,23.53,23.75,23.45,23.5,3221.1762
2024-05-10 20:00:00+00:00,23.5,23.64,23.33,23.53,2978.017
2024-05-10 22:00:00+00:00,23.51,23.65,23.42,23.6,2433.1795
2024-05-11 00:00:00+00:00,23.62,24.07,23.59,24.02,3272.0649
2024-05-11 02:00:00+00:00,24.05,24.15,23.95,24.05,2532.4126
2024-05-11 04:00:00+00:00,24.04,24.12,23.73,23.74,2997.7096
2024-05-11 06:00:00+00:00,23.74,23.95,23.74,23.84,2551.9589
2024-05-11 08:00:00+00:00,23.87,23.97,23.67,23.77,3026.3349
2024-05-11 10:00:00+00:00,23.79,23.84,23.68,23.78,2561.6389
2024-05-11 12:00:00+00:00,23.77,24.04,23.71,23.89,3572.7372
2024-05-11 14:00:00+00:00,23.9,24.19,23.74,23.98,3008.2924
2024-05-11 16:00:00+00:00,23.95,24.09,23.81,23.86,3290.7084
2024-05-11 18:00:00+00:00,23.84,23.95,23.73,23.73,2361.0301
2024-05-11 20:00:00+00:00,23.73,23.76,23.5,23.55,3043.6146
2024-05-11 22:00:00+00:00,23.55,23.55,23.35,23.4,2851.6554
2024-05-12 00:00:00+00:00,23.4,23.55,23.35,23.49,2639.289
2024-05-12 02:00:00+00:00,23.49,23.7,23.43,23.66,3000.6898
2024-05-12 04:00:00+00:00,23.66,23.79,23.58,23.74,1649.8058
2024-05-12 06:00:00+00:00,23.72,23.75,23.46,23.57,3312.9758
2024-05-12 08:00:00+00:00,23.57,23.65,23.42,23.48,2580.6026
2024-05-12 10:00:00+00:00,23.47,23.63,23.44,23.61,2250.4739
2024-05-12 12:00:00+00:00,23.61,23.88,23.54,23.84,2633.8482
2024-05-12 14:00:00+00:00,23.84,23.9,23.63,23.83,3813.3785
2024-05-12 16:00:00+00:00,23.83,24.12,23.79,23.83,5284.1364
2024-05-12 18:00:00+00:00,23.86,24.02,23.68,23.8,3005.5467
2024-05-12 20:00:00+00:00,23.79,23.91,23.51,23.67,3964.6193
2024-05-12 22:00:00+00:00,23.67,23.78,23.53,23.59,2566.1756
2024-05-13 00:00:00+00:00,23.59,23.67,23.18,23.26,3142.0349
2024-05-13 02:00:00+00:00,23.25,23.26,22.58,22.77,6324.3431
2024-05-13 04:00:00+00:00,22.77,22.79,22.58,22.6,2544.134
2024-05-13 06:00:00+00:00,22.6,23.44,22.58,23.41,4381.8913
2024-05-13 08:00:00+00:00,23.41,23.78,23.41,23.73,3539.6879
2024-05-13 10:00:00+00:00,23.72,23.74,23.34,23.4,3474.6054
2024-05-13 12:00:00+00:00,23.4,23.51,23.05,23.32,5062.1325
2024-05-13 14:00:00+00:00,23.33,23.6,23.31,23.5,2264.074
2024-05-13 16:00:00+00:00,23.49,23.77,23.31,23.43,3764.8084
2024-05-13 18:00:00+00:00,23.44,23.45,23.05,23.27,4207.6349
2024-05-13 20:00:00+00:00,23.27,23.34,22.84,23.11,5196.8571
2024-05-13 22:00:00+00:00,23.12,23.18,22.91,23.01,2127.7994
2024-05-14 00:00:00+00:00,23.01,23.23,22.91,23.08,3170.5939
2024-05-14 02:00:00+00:00,23.06,23.32,23.01,23.18,3919.9372
2024-05-14 04:00:00+00:00,23.18,23.29,23.12,23.15,1417.1184
2024-05-14 06:00:00+00:00,23.13,23.15,22.62,22.9,8715.7426
2024-05-14 08:00:00+00:00,22.9,22.99,22.59,22.59,6111.6283
2024-05-14 10:00:00+00:00,22.62,22.74,22.51,22.52,6892.5245
2024-05-14 12:00:00+00:00,22.52,22.63,22.19,22.2,5067.1374
2024-05-14 14:00:00+00:00,22.2,22.46,21.77,22.17,10726.0257
2024-05-14 16:00:00+00:00,22.16,22.23,22.0,22.2,4261.8406
2024-05-14 18:00:00+00:00,22.2,22.65,22.14,22.48,7196.5257
2024-05-14 20:00:00+00:00,22.48,22.66,22.4,22.43,3434.2887
2024-05-14 22:00:00+00:00,22.44,22.64,22.22,22.31,3582.7658
2024-05-15 00:00:00+00:00,22.3,22.48,22.18,22.45,2587.4152
2024-05-15 02:00:00+00:00,22.45,22.55,22.33,22.46,2221.8443
2024-05-15 04:00:00+00:00,22.44,22.63,22.37,22.44,2020.6537
2024-05-15 06:00:00+00:00,22.46,22.68,22.4,22.64,2520.9954
2024-05-15 08:00:00+00:00,22.62,22.9,22.32,22.73,8399.7139
2024-05-15 10:00:00+00:00,22.73,22.79,22.28,22.38,3929.5246
2024-05-15 12:00:00+00:00,22.38,23.63,22.15,23.21,17165.2315
2024-05-15 14:00:00+00:00,23.21,23.97,23.14,23.95,10191.8475
2024-05-15 16:00:00+00:00,23.95,24.19,23.54,24.01,12789.9085
2024-05-15 18:00:00+00:00,24.0,24.39,23.9,24.24,9437.0161
2024-05-15 20:00:00+00:00,24.25,24.55,24.18,24.24,7312.1176
2024-05-15 22:00:00+00:00,24.25,24.71,24.21,24.52,6825.6872
2024-05-16 00:00:00+00:00,24.53,24.86,24.48,24.66,5381.683
2024-05-16 02:00:00+00:00,24.66,24.97,24.46,24.76,4890.7532
2024-05-16 04:00:00+00:00,24.74,24.86,24.55,24.69,3542.8469
2024-05-16 06:00:00+00:00,24.67,24.83,24.6,24.79,3140.0798
2024-05-16 08:00:00+00:00,24.79,24.96,24.65,24.81,4176.7638
2024-05-16 10:00:00+00:00,24.83,24.95,24.48,24.65,6580.6705
2024-05-16 12:00:00+00:00,24.64,24.87,23.96,24.28,9582.2133
2024-05-16 14:00:00+00:00,24.28,24.32,23.56,23.83,7844.6744
2024-05-16 16:00:00+00:00,23.83,24.22,23.73,23.98,8293.0611
2024-05-16 18:00:00+00:00,23.97,24.07,23.76,23.98,5331.2406
2024-05-16 20:00:00+00:00,23.99,24.3,23.85,24.17,5895.0623
2024-05-16 22:00:00+00:00,24.19,24.38,24.0,24.26,4072.9534
2024-05-17 00:00:00+00:00,24.26,24.47,24.14,24.18,4300.4965
2024-05-17 02:00:00+00:00,24.18,24.61,24.18,24.57,4072.4294
2024-05-17 04:00:00+00:00,24.57,24.57,23.99,24.17,8733.8901
2024-05-17 06:00:00+00:00,24.18,24.7,24.08,24.53,7094.5381
2024-05-17 08:00:00+00:00,24.52,24.63,24.29,24.43,4656.6837
2024-05-17 10:00:00+00:00,24.43,24.52,24.39,24.48,2227.948
2024-05-17 12:00:00+00:00,24.47,25.06,24.45,24.91,6471.1966
2024-05-17 14:00:00+00:00,24.88,25.4,24.68,25.11,10360.4242
2024-05-17 16:00:00+00:00,25.12,25.34,25.04,25.19,4528.1366
2024-05-17 18:00:00+00:00,25.16,25.27,24.8,25.07,5247.9726
2024-05-17 20:00:00+00:00,25.07,25.35,24.95,25.1,5265.9102
2024-05-17 22:00:00+00:00,25.1,25.26,24.84,24.88,5386.7031
2024-05-18 00:00:00+00:00,24.89,25.02,24.83,24.99,2445.7537
2024-05-18 02:00:00+00:00,24.99,25.4,24.97,25.3,2627.8747
2024-05-18 04:00:00+00:00,25.29,25.52,25.05,25.2,6374.9001
2024-05-18 06:00:00+00:00,25.18,25.42,25.09,25.26,3644.9902
2024-05-18 08:00:00+00:00,25.26,25.68,25.07,25.34,6927.2294
2024-05-18 10:00:00+00:00,25.32,25.6,25.19,25.25,4130.9304
2024-05-18 12:00:00+00:00,25.23,25.27,24.85,24.94,3818.9403
2024-05-18 14:00:00+00:00,24.94,24.97,24.72,24.88,3015.3758
2024-05-18 16:00:00+00:00,24.87,25.23,24.84,25.19,3683.8464
2024-05-18 18:00:00+00:00,25.19,25.36,24.9,25.17,3812.3744
2024-05-18 20:00:00+00:00,25.17,25.26,24.98,25.11,2402.9359
2024-05-18 22:00:00+00:00,25.09,25.29,24.98,25.2,2341.134
2024-05-19 00:00:00+00:00,25.22,25.35,25.06,25.21,2465.5163
2024-05-19 02:00:00+00:00,25.21,25.45,25.13,25.23,2098.8046
2024-05-19 04:00:00+00:00,25.26,25.39,25.02,25.09,2360.5534
2024-05-19 06:00:00+00:00,25.1,25.19,24.85,25.08,2667.1599
2024-05-19 08:00:00+00:00,25.09,25.12,24.81,24.95,2886.5662
2024-05-19 10:00:00+00:00,24.94,25.06,24.74,24.94,2629.3827
2024-05-19 12:00:00+00:00,24.96,25.26,24.49,24.68,6423.4261
2024-05-19 14:00:00+00:00,24.68,25.52,24.51,24.66,31779.8012
2024-05-19 16:00:00+00:00,24.67,24.78,24.14,24.24,20596.8224
2024-05-19 18:00:00+00:00,24.25,24.35,23.72,23.74,10926.4788
2024-05-19 20:00:00+00:00,23.75,23.92,23.4,23.49,10850.5962
2024-05-19 22:00:00+00:00,23.48,23.62,23.34,23.51,4866.5044
2024-05-20 00:00:00+00:00,23.52,23.54,23.03,23.33,4831.5464
2024-05-20 02:00:00+00:00,23.33,23.74,23.27,23.51,3396.7767
2024-05-20 04:00:00+00:00,23.52,23.95,23.41,23.84,4406.2201
2024-05-20 06:00:00+00:00,23.84,23.86,23.4,23.61,3596.3868
2024-05-20 08:00:00+00:00,23.61,23.65,23.4,23.42,4639.6983
2024-05-20 10:00:00+00:00,23.41,23.58,23.23,23.27,5102.1763
2024-05-20 12:00:00+00:00,23.28,23.41,23.08,23.17,7263.2396
2024-05-20 14:00:00+00:00,23.17,23.48,22.95,23.43,6340.8216
2024-05-20 16:00:00+00:00,23.45,23.87,23.4,23.76,7570.4192
2024-05-20 18:00:00+00:00,23.76,25.06,23.76,24.95,12981.1301
2024-05-20 20:00:00+00:00,24.93,25.5,24.82,25.31,17379.219
2024-05-20 22:00:00+00:00,25.31,25.79,25.17,25.63,10401.5726
2024-05-21 00:00:00+00:00,25.64,25.83,25.23,25.47,8733.0832
2024-05-21 02:00:00+00:00,25.47,26.2,25.4,25.71,13133.2609
2024-05-21 04:00:00+00:00,25.73,25.83,25.54,25.66,5570.7083
2024-05-21 06:00:00+00:00,25.66,25.84,25.6,25.79,3201.7834
2024-05-21 08:00:00+00:00,25.78,26.02,25.68,26.01,5000.7455
2024-05-21 10:00:00+00:00,26.01,26.45,25.92,26.3,7484.6927
2024-05-21 12:00:00+00:00,26.3,26.48,26.05,26.17,6920.3244
2024-05-21 14:00:00+00:00,26.17,26.54,26.1,26.11,7321.9661
2024-05-21 16:00:00+00:00,26.11,26.44,25.85,26.0,9311.4998
2024-05-21 18:00:00+00:00,26.0,26.12,25.44,25.67,7666.3148
2024-05-21 20:00:00+00:00,25.68,26.08,25.64,25.89,4957.3985
2024-05-21 22:00:00+00:00,25.89,26.19,25.84,25.98,2436.4426
2024-05-22 00:00:00+00:00,25.98,26.1,25.81,25.88,2506.3114
2024-05-22 02:00:00+00:00,25.9,25.96,25.74,25.87,2030.7598
2024-05-22 04:00:00+00:00,25.89,25.89,25.37,25.8,3003.2655
2024-05-22 06:00:00+00:00,25.81,25.93,25.64,25.79,3507.0371
2024-05-22 08:00:00+00:00,25.78,26.05,25.67,25.81,5199.9743
2024-05-22 10:00:00+00:00,25.81,26.05,25.53,25.54,4797.5859
2024-05-22 12:00:00+00:00,25.54,25.98,25.36,25.56,7395.4107
2024-05-22 14:00:00+00:00,25.56,26.37,25.45,26.01,6029.654
2024-05-22 16:00:00+00:00,26.0,26.4,25.93,25.99,5136.7607
2024-05-22 18:00:00+00:00,25.97,26.09,25.81,25.95,4029.5206
2024-05-22 20:00:00+00:00,25.95,26.13,25.67,26.03,3508.3671
2024-05-22 22:00:00+00:00,26.03,26.05,25.5,25.57,3022.8379
2024-05-23 00:00:00+00:00,25.58,25.79,25.5,25.58,1884.3365
2024-05-23 02:00:00+00:00,25.6,25.99,25.52,25.91,4062.5786
2024-05-23 04:00:00+00:00,25.91,26.42,25.89,26.22,6643.9449
2024-05-23 06:00:00+00:00,26.22,26.61,26.01,26.34,5654.4531
2024-05-23 08:00:00+00:00,26.34,26.54,26.0,26.17,7758.4334
2024-05-23 10:00:00+00:00,26.17,26.7,26.0,26.56,10856.2775
2024-05-23 12:00:00+00:00,26.56,26.85,25.83,25.94,12639.3942
2024-05-23 14:00:00+00:00,25.91,26.79,25.71,26.29,14978.5508
2024-05-23 16:00:00+00:00,26.29,34.3,25.78,27.52,276300.2901
2024-05-23 18:00:00+00:00,27.54,28.39,26.21,26.78,78484.0366
2024-05-23 20:00:00+00:00,26.78,27.45,25.69,26.71,38965.0489
2024-05-23 22:00:00+00:00,26.71,26.75,26.01,26.24,9145.1851
2024-05-24 00:00:00+00:00,26.24,26.35,25.72,25.91,12138.1484
2024-05-24 02:00:00+00:00,25.91,26.39,25.91,26.11,6490.8263
2024-05-24 04:00:00+00:00,26.12,26.22,25.23,25.23,11451.305
2024-05-24 06:00:00+00:00,25.23,25.33,24.72,25.03,9854.5267
2024-05-24 08:00:00+00:00,25.04,25.27,24.46,25.03,14342.7731
2024-05-24 10:00:00+00:00,25.03,25.35,25.02,25.27,5768.1983
2024-05-24 12:00:00+00:00,25.28,25.54,25.07,25.23,5842.6711
2024-05-24 14:00:00+00:00,25.24,25.42,25.09,25.15,5564.7615
2024-05-24 16:00:00+00:00,25.14,26.16,24.62,26.0,17803.4591
2024-05-24 18:00:00+00:00,26.0,26.11,25.28,25.39,15204.1311
2024-05-24 20:00:00+00:00,25.41,25.61,25.38,25.61,3440.0654
2024-05-24 22:00:00+00:00,25.61,25.77,25.34,25.72,3866.476
2024-05-25 00:00:00+00:00,25.75,25.89,25.68,25.75,1857.7709
2024-05-25 02:00:00+00:00,25.77,26.04,25.68,25.94,1311.0101
2024-05-25 04:00:00+00:00,25.96,26.1,25.86,26.1,1662.6306
2024-05-25 06:00:00+00:00,26.1,26.11,25.86,26.0,2838.3807
2024-05-25 08:00:00+00:00,25.97,26.08,25.95,26.01,1887.8252
2024-05-25 10:00:00+00:00,26.04,26.36,26.01,26.14,5203.8413
2024-05-25 12:00:00+00:00,26.14,26.17,25.71,25.76,5866.8408
2024-05-25 14:00:00+00:00,25.76,26.06,25.74,25.99,3548.1963
2024-05-25 16:00:00+00:00,26.01,26.4,25.99,26.14,7049.6925
2024-05-25 18:00:00+00:00,26.14,26.29,26.07,26.19,3027.7577
2024-05-25 20:00:00+00:00,26.19,26.51,26.09,26.49,6232.5233
2024-05-25 22:00:00+00:00,26.5,26.86,26.46,26.59,7559.0446
2024-05-26 00:00:00+00:00,26.59,27.09,26.5,26.66,7348.2837
2024-05-26 02:00:00+00:00,26.63,26.69,26.41,26.56,2236.0762
2024-05-26 04:00:00+00:00,26.54,27.53,26.51,26.79,15928.9315
2024-05-26 06:00:00+00:00,26.81,27.01,26.4,26.45,9083.8626
2024-05-26 08:00:00+00:00,26.43,26.54,26.26,26.3,3605.1472
2024-05-26 10:00:00+00:00,26.3,26.45,26.0,26.29,10660.1645
2024-05-26 12:00:00+00:00,26.29,26.35,26.08,26.11,4161.4154
2024-05-26 14:00:00+00:00,26.08,26.5,26.05,26.1,5272.1812
2024-05-26 16:00:00+00:00,26.1,26.27,25.95,26.23,4206.3987
2024-05-26 18:00:00+00:00,26.24,26.27,26.0,26.11,1931.7564
2024-05-26 20:00:00+00:00,26.11,26.17,25.83,25.94,4310.817
2024-05-26 22:00:00+00:00,25.97,26.08,25.88,25.98,1335.9774
2024-05-27 00:00:00+00:00,25.97,26.26,25.94,26.26,2636.4529
2024-05-27 02:00:00+00:00,26.24,26.7,26.24,26.6,3295.5893
2024-05-27 04:00:00+00:00,26.58,26.65,26.24,26.4,1648.8867
2024-05-27 06:00:00+00:00,26.4,26.43,26.14,26.2,1309.6235
2024-05-27 08:00:00+00:00,26.2,26.37,26.16,26.27,1542.6658
2024-05-27 10:00:00+00:00,26.3,26.36,25.98,26.07,3791.5509
2024-05-27 12:00:00+00:00,26.07,26.41,26.07,26.37,4779.1662
2024-05-27 14:00:00+00:00,26.38,26.62,26.28,26.5,5262.6587
2024-05-27 16:00:00+00:00,26.51,26.59,26.35,26.52,5478.6014
2024-05-27 18:00:00+00:00,26.54,26.56,25.88,25.94,4789.8594
2024-05-27 20:00:00+00:00,25.97,26.42,25.96,26.29,3432.6402
2024-05-27 22:00:00+00:00,26.29,26.36,26.12,26.12,1358.5345
2024-05-28 00:00:00+00:00,26.15,26.19,25.8,25.85,2577.5613
2024-05-28 02:00:00+00:00,25.83,26.07,25.71,25.81,2941.2268
2024-05-28 04:00:00+00:00,25.79,25.92,25.31,25.92,3391.1989
2024-05-28 06:00:00+00:00,25.89,26.03,25.79,25.91,1434.2181
2024-05-28 08:00:00+00:00,25.92,25.97,25.65,25.77,3700.084
2024-05-28 10:00:00+00:00,25.75,25.87,25.56,25.7,6653.5211
2024-05-28 12:00:00+00:00,25.71,25.76,25.33,25.41,3958.3022
2024-05-28 14:00:00+00:00,25.41,25.58,25.2,25.47,2458.7835
2024-05-28 16:00:00+00:00,25.49,25.55,25.25,25.41,1276.2465
2024-05-28 18:00:00+00:00,25.41,25.53,25.15,25.5,3627.0078
2024-05-28 20:00:00+00:00,25.52,26.02,25.46,25.79,5510.5311
2024-05-28 22:00:00+00:00,25.76,26.06,25.75,25.99,6771.8071
2024-05-29 00:00:00+00:00,25.99,26.02,25.76,25.78,3495.6907
2024-05-29 02:00:00+00:00,25.78,25.87,25.71,25.75,1443.423
2024-05-29 04:00:00+00:00,25.72,25.87,25.71,25.85,1178.8759
2024-05-29 06:00:00+00:00,25.85,26.08,25.83,25.87,2695.8445
2024-05-29 08:00:00+00:00,25.85,26.4,25.66,26.08,11460.6411
2024-05-29 10:00:00+00:00,26.08,26.55,26.04,26.04,9358.4672
2024-05-29 12:00:00+00:00,26.04,26.29,25.79,25.98,3422.555
2024-05-29 14:00:00+00:00,26.01,26.04,25.76,25.84,3385.7905
2024-05-29 16:00:00+00:00,25.87,26.1,25.6,25.91,3261.4835
2024-05-29 18:00:00+00:00,25.92,25.96,25.57,25.66,2781.5708
2024-05-29 20:00:00+00:00,25.66,25.7,25.47,25.62,1982.0048
2024-05-29 22:00:00+00:00,25.6,25.67,25.3,25.37,4324.4639
2024-05-30 00:00:00+00:00,25.35,25.66,25.33,25.64,2695.813
2024-05-30 02:00:00+00:00,25.65,25.81,25.6,25.67,937.5731
2024-05-30 04:00:00+00:00,25.7,25.77,25.46,25.5,671.5738
2024-05-30 06:00:00+00:00,25.52,25.52,24.68,24.72,5105.3012
2024-05-30 08:00:00+00:00,24.72,25.05,24.56,25.01,5118.0367
2024-05-30 10:00:00+00:00,25.0,25.22,24.75,24.87,3847.5781
2024-05-30 12:00:00+00:00,24.87,25.24,24.82,25.16,3211.7076
2024-05-30 14:00:00+00:00,25.17,25.29,24.95,25.13,3074.0253
2024-05-30 16:00:00+00:00,25.13,25.41,25.0,25.38,4289.0175
2024-05-30 18:00:00+00:00,25.37,25.43,24.87,24.97,2525.0443
2024-05-30 20:00:00+00:00,24.95,24.95,24.71,24.78,2463.4744
2024-05-30 22:00:00+00:00,24.73,24.81,24.66,24.79,2236.185
2024-05-31 00:00:00+00:00,24.8,24.81,24.46,24.51,3856.8314
2024-05-31 02:00:00+00:00,24.5,24.63,24.48,24.58,1824.5299
2024-05-31 04:00:00+00:00,24.58,24.63,24.25,24.31,3832.1337
2024-05-31 06:00:00+00:00,24.32,24.48,24.31,24.4,2395.2436
2024-05-31 08:00:00+00:00,24.4,24.54,24.36,24.38,2130.728
2024-05-31 10:00:00+00:00,24.41,24.56,24.18,24.31,9229.8293
2024-05-31 12:00:00+00:00,24.31,24.7,24.3,24.47,5952.4432
2024-05-31 14:00:00+00:00,24.47,24.79,24.16,24.17,9212.9091
2024-05-31 16:00:00+00:00,24.19,24.35,24.01,24.3,2694.4428
2024-05-31 18:00:00+00:00,24.31,24.38,24.22,24.35,2372.3054
2024-05-31 20:00:00+00:00,24.35,24.45,24.29,24.34,2467.301
2024-05-31 22:00:00+00:00,24.34,24.45,24.21,24.32,2152.2076
2024-06-01 00:00:00+00:00,24.34,24.4,24.13,24.13,2387.3381
2024-06-01 02:00:00+00:00,24.14,24.25,24.13,24.19,1699.8221
2024-06-01 04:00:00+00:00,24.21,24.31,24.16,24.25,1048.408
2024-06-01 06:00:00+00:00,24.24,24.39,24.2,24.23,2738.0716
2024-06-01 08:00:00+00:00,24.24,24.48,24.13,24.32,2664.4602
2024-06-01 10:00:00+00:00,24.33,24.54,24.24,24.47,2985.652
2024-06-01 12:00:00+00:00,24.47,24.69,24.42,24.54,2253.3536
2024-06-01 14:00:00+00:00,24.56,24.89,24.53,24.69,2384.449
2024-06-01 16:00:00+00:00,24.71,24.79,24.48,24.68,4122.908
2024-06-01 18:00:00+00:00,24.67,25.03,24.56,24.84,6566.2095
2024-06-01 20:00:00+00:00,24.85,24.95,24.65,24.91,2675.0974
2024-06-01 22:00:00+00:00,24.87,25.02,24.7,24.85,2703.3896
2024-06-02 00:00:00+00:00,24.84,24.99,24.68,24.88,3350.6758
2024-06-02 02:00:00+00:00,24.91,25.04,24.75,24.86,1343.9736
2024-06-02 04:00:00+00:00,24.85,24.98,24.67,24.77,1959.2839
2024-06-02 06:00:00+00:00,24.73,24.87,24.53,24.54,2361.2495
2024-06-02 08:00:00+00:00,24.54,24.69,24.46,24.6,3071.2688
2024-06-02 10:00:00+00:00,24.58,24.87,24.36,24.87,3451.4622
2024-06-02 12:00:00+00:00,24.86,25.28,24.67,24.88,15130.6303
2024-06-02 14:00:00+00:00,24.88,25.21,24.74,24.87,7598.1089
2024-06-02 16:00:00+00:00,24.88,24.93,24.19,24.23,8897.6891
2024-06-02 18:00:00+00:00,24.26,24.28,22.89,24.06,17348.9957
2024-06-02 20:00:00+00:00,24.04,24.2,23.79,23.9,13943.1149
2024-06-02 22:00:00+00:00,23.92,24.14,23.88,23.99,3206.0025
2024-06-03 00:00:00+00:00,23.99,24.25,23.74,24.22,2318.8786
2024-06-03 02:00:00+00:00,24.22,24.32,24.07,24.28,2415.4352
2024-06-03 04:00:00+00:00,24.28,24.32,24.06,24.17,4883.7462
2024-06-03 06:00:00+00:00,24.17,24.41,24.09,24.13,4849.0097
2024-06-03 08:00:00+00:00,24.13,24.22,24.04,24.1,3514.9633
2024-06-03 10:00:00+00:00,24.1,24.16,23.98,24.03,2517.3631
2024-06-03 12:00:00+00:00,24.04,24.21,24.0,24.07,2535.6069
2024-06-03 14:00:00+00:00,24.08,24.16,23.81,24.07,3675.6038
2024-06-03 16:00:00+00:00,24.06,24.09,23.86,24.01,3252.2216
2024-06-03 18:00:00+00:00,24.02,24.05,23.88,23.99,3176.0894
2024-06-03 20:00:00+00:00,23.99,24.06,23.84,23.97,2268.3187
2024-06-03 22:00:00+00:00,23.98,23.99,23.8,23.87,1857.6792
2024-06-04 00:00:00+00:00,23.87,23.98,23.73,23.98,1966.3362
2024-06-04 02:00:00+00:00,23.97,23.99,23.8,23.86,2020.8141
2024-06-04 04:00:00+00:00,23.85,23.98,23.63,23.8,2483.4924
2024-06-04 06:00:00+00:00,23.8,23.82,23.62,23.8,1943.0775
2024-06-04 08:00:00+00:00,23.8,24.04,23.6,23.63,3986.8035
2024-06-04 10:00:00+00:00,23.61,23.95,23.6,23.74,2002.2006
2024-06-04 12:00:00+00:00,23.74,24.15,23.7,23.96,3369.7671
2024-06-04 14:00:00+00:00,23.98,24.32,23.97,24.29,4211.5824
2024-06-04 16:00:00+00:00,24.29,24.58,24.26,24.52,4879.8421
2024-06-04 18:00:00+00:00,24.52,24.77,24.48,24.74,8184.4373
2024-06-04 20:00:00+00:00,24.74,25.0,24.6,24.77,9237.3627
2024-06-04 22:00:00+00:00,24.75,24.96,24.74,24.87,4536.9546
2024-06-05 00:00:00+00:00,24.87,25.39,24.82,25.28,8886.7314
2024-06-05 02:00:00+00:00,25.29,25.47,24.98,25.38,6920.433
2024-06-05 04:00:00+00:00,25.37,25.65,25.09,25.42,11284.967
2024-06-05 06:00:00+00:00,25.42,25.76,25.35,25.67,5879.1481
2024-06-05 08:00:00+00:00,25.67,25.77,25.41,25.57,6609.5085
2024-06-05 10:00:00+00:00,25.57,25.71,25.28,25.52,8769.6525
2024-06-05 12:00:00+00:00,25.52,25.9,25.43,25.62,6445.6187
2024-06-05 14:00:00+00:00,25.6,26.18,25.33,26.09,10771.5511
2024-06-05 16:00:00+00:00,26.12,26.4,25.92,26.37,11498.7464
2024-06-05 18:00:00+00:00,26.35,26.81,26.33,26.57,10796.6016
2024-06-05 20:00:00+00:00,26.57,27.04,26.18,26.42,15716.721
2024-06-05 22:00:00+00:00,26.43,26.49,26.09,26.15,4016.6847
2024-06-06 00:00:00+00:00,26.15,26.19,25.89,26.14,4391.7094
2024-06-06 02:00:00+00:00,26.12,26.15,25.83,25.87,3622.7216
2024-06-06 04:00:00+00:00,25.87,25.94,25.65,25.71,4963.3989
2024-06-06 06:00:00+00:00,25.71,25.8,25.52,25.52,6461.9351
2024-06-06 08:00:00+00:00,25.53,25.61,25.4,25.48,6531.7464
2024-06-06 10:00:00+00:00,25.46,25.58,25.37,25.51,4227.0318
2024-06-06 12:00:00+00:00,25.48,25.51,24.98,25.19,11629.1056
2024-06-06 14:00:00+00:00,25.19,25.55,25.14,25.34,7311.7204
2024-06-06 16:00:00+00:00,25.34,25.96,25.34,25.84,12874.1178
2024-06-06 18:00:00+00:00,25.84,25.93,25.21,25.3,6230.9253
2024-06-06 20:00:00+00:00,25.3,25.84,25.12,25.6,7555.8812
2024-06-06 22:00:00+00:00,25.6,26.0,25.43,25.86,4581.5338
2024-06-07 00:00:00+00:00,25.86,25.9,25.27,25.5,5808.65
2024-06-07 02:00:00+00:00,25.49,25.56,25.23,25.3,2626.1974
2024-06-07 04:00:00+00:00,25.32,25.55,25.24,25.54,2922.6912
2024-06-07 06:00:00+00:00,25.53,25.57,25.28,25.33,2915.653
2024-06-07 08:00:00+00:00,25.33,25.7,25.21,25.5,7890.819
2024-06-07 10:00:00+00:00,25.5,25.71,25.36,25.7,5911.9827
2024-06-07 12:00:00+00:00,25.7,25.84,25.24,25.59,6034.3846
2024-06-07 14:00:00+00:00,25.59,25.86,25.53,25.79,4690.6411
2024-06-07 16:00:00+00:00,25.79,25.89,24.95,24.95,6498.9094
2024-06-07 18:00:00+00:00,24.95,24.96,23.56,23.84,22896.2884
2024-06-07 20:00:00+00:00,23.83,23.89,23.59,23.74,5892.0251
2024-06-07 22:00:00+00:00,23.74,23.88,23.57,23.59,4041.141
2024-06-08 00:00:00+00:00,23.61,23.7,23.52,23.65,4559.4749
2024-06-08 02:00:00+00:00,23.66,23.71,23.55,23.62,2532.7708
2024-06-08 04:00:00+00:00,23.63,23.67,23.43,23.44,3889.6495
2024-06-08 06:00:00+00:00,23.45,23.47,23.27,23.34,5422.5128
2024-06-08 08:00:00+00:00,23.34,23.43,23.21,23.21,3940.7224
2024-06-08 10:00:00+00:00,23.22,23.26,22.75,22.75,6231.4261
2024-06-08 12:00:00+00:00,22.75,22.91,22.55,22.64,10717.2392
2024-06-08 14:00:00+00:00,22.64,22.7,22.5,22.51,5282.808
2024-06-08 16:00:00+00:00,22.51,22.53,22.24,22.28,6996.6198
2024-06-08 18:00:00+00:00,22.28,22.45,22.17,22.19,5116.1296
2024-06-08 20:00:00+00:00,22.19,22.21,22.03,22.06,3845.2286
2024-06-08 22:00:00+00:00,22.05,22.11,21.86,22.1,5944.3258
2024-06-09 00:00:00+00:00,22.09,22.11,21.96,22.09,1955.178
2024-06-09 02:00:00+00:00,22.08,22.08,21.86,21.97,1831.2591
2024-06-09 04:00:00+00:00,21.97,22.14,21.86,22.1,2003.0905
2024-06-09 06:00:00+00:00,22.1,22.2,21.93,22.02,2847.4177
2024-06-09 08:00:00+00:00,22.02,22.25,21.96,22.22,2483.4179
2024-06-09 10:00:00+00:00,22.23,22.28,22.2,22.21,2076.433
2024-06-09 12:00:00+00:00,22.21,22.34,22.13,22.19,2599.5483
2024-06-09 14:00:00+00:00,22.19,22.35,22.14,22.27,2186.6084
2024-06-09 16:00:00+00:00,22.3,22.46,22.18,22.36,2345.475
2024-06-09 18:00:00+00:00,22.36,22.51,22.36,22.38,1216.7364
2024-06-09 20:00:00+00:00,22.4,22.42,22.26,22.31,2046.3473
2024-06-09 22:00:00+00:00,22.3,22.51,22.26,22.33,1064.3157
2024-06-10 00:00:00+00:00,22.32,22.41,22.22,22.38,1992.3754
2024-06-10 02:00:00+00:00,22.38,22.98,22.29,22.35,12639.5905
2024-06-10 04:00:00+00:00,22.37,22.46,22.24,22.24,1730.0545
2024-06-10 06:00:00+00:00,22.24,22.28,21.78,21.78,3366.693
2024-06-10 08:00:00+00:00,21.78,22.29,21.78,22.28,2119.8447
2024-06-10 10:00:00+00:00,22.3,22.34,22.16,22.27,1351.8354
2024-06-10 12:00:00+00:00,22.29,22.6,22.08,22.18,2634.6736
2024-06-10 14:00:00+00:00,22.18,22.55,22.06,22.49,2765.7581
2024-06-10 16:00:00+00:00,22.52,22.54,22.28,22.54,3515.6966
2024-06-10 18:00:00+00:00,22.54,22.67,22.25,22.31,4160.2108
2024-06-10 20:00:00+00:00,22.3,22.31,22.01,22.12,2015.7849
2024-06-10 22:00:00+00:00,22.12,22.18,21.93,22.04,2335.5422
2024-06-11 00:00:00+00:00,22.04,22.06,21.69,21.75,1439.434
2024-06-11 02:00:00+00:00,21.71,21.88,20.97,21.31,16159.2482
2024-06-11 04:00:00+00:00,21.3,21.44,21.1,21.27,3706.3553
2024-06-11 06:00:00+00:00,21.25,21.29,20.79,20.97,5325.5624
2024-06-11 08:00:00+00:00,20.95,21.09,20.86,20.94,2930.1061
2024-06-11 10:00:00+00:00,20.94,21.09,20.82,20.84,3576.4381
2024-06-11 12:00:00+00:00,20.84,20.91,20.29,20.35,7167.9473
2024-06-11 14:00:00+00:00,20.34,20.51,20.02,20.11,5547.9214
2024-06-11 16:00:00+00:00,20.14,20.38,19.9,20.19,5016.9666
2024-06-11 18:00:00+00:00,20.2,20.56,20.18,20.54,3738.9777
2024-06-11 20:00:00+00:00,20.51,20.63,20.45,20.57,1849.5204
2024-06-11 22:00:00+00:00,20.59,20.61,20.36,20.44,2000.5576
2024-06-12 00:00:00+00:00,20.41,20.59,20.06,20.28,2141.7701
2024-06-12 02:00:00+00:00,20.29,20.63,20.21,20.56,2726.8393
2024-06-12 04:00:00+00:00,20.59,20.75,20.36,20.52,2810.3685
2024-06-12 06:00:00+00:00,20.5,20.72,20.48,20.69,1799.3574
2024-06-12 08:00:00+00:00,20.69,20.79,20.58,20.76,1934.7715
2024-06-12 10:00:00+00:00,20.77,20.92,20.67,20.69,2537.9612
2024-06-12 12:00:00+00:00,20.71,21.54,20.7,21.3,6873.0445
2024-06-12 14:00:00+00:00,21.32,21.58,21.32,21.41,2422.1035
2024-06-12 16:00:00+00:00,21.42,21.5,21.28,21.44,3341.6452
2024-06-12 18:00:00+00:00,21.44,21.47,20.73,20.84,6963.7033
2024-06-12 20:00:00+00:00,20.81,21.08,20.76,21.05,2889.4347
2024-06-12 22:00:00+00:00,21.05,21.25,20.89,21.07,3121.2066
2024-06-13 00:00:00+00:00,21.09,21.15,20.8,20.82,2255.0145
2024-06-13 02:00:00+00:00,20.81,20.84,20.26,20.39,2729.3082
2024-06-13 04:00:00+00:00,20.37,20.61,20.37,20.44,2213.8986
2024-06-13 06:00:00+00:00,20.44,20.45,20.23,20.41,1796.3198
2024-06-13 08:00:00+00:00,20.42,20.58,20.38,20.47,1385.2827
2024-06-13 10:00:00+00:00,20.48,20.65,20.41,20.63,1461.5372
2024-06-13 12:00:00+00:00,20.64,20.76,20.43,20.57,3200.9994
2024-06-13 14:00:00+00:00,20.57,20.74,20.19,20.29,3018.0253
2024-06-13 16:00:00+00:00,20.28,20.49,20.17,20.41,2874.4039
2024-06-13 18:00:00+00:00,20.43,20.48,19.98,20.2,7045.3121
2024-06-13 20:00:00+00:00,20.17,20.22,19.96,20.18,2236.7056
2024-06-13 22:00:00+00:00,20.16,20.22,19.9,20.05,3118.2229
2024-06-14 00:00:00+00:00,20.05,20.24,19.92,20.21,1751.5035
2024-06-14 02:00:00+00:00,20.2,20.44,20.13,20.25,2445.3569
2024-06-14 04:00:00+00:00,20.23,20.62,20.15,20.53,2563.6474
2024-06-14 06:00:00+00:00,20.53,20.73,20.35,20.7,3760.113
2024-06-14 08:00:00+00:00,20.69,20.87,20.62,20.75,4702.4464
2024-06-14 10:00:00+00:00,20.73,20.96,20.67,20.86,3956.8812
2024-06-14 12:00:00+00:00,20.85,20.96,20.68,20.85,2772.5463
2024-06-14 14:00:00+00:00,20.84,20.93,20.34,20.37,4409.5378
2024-06-14 16:00:00+00:00,20.39,20.47,19.76,19.94,7032.7048
2024-06-14 18:00:00+00:00,19.94,19.97,19.61,19.87,4017.5787
2024-06-14 20:00:00+00:00,19.83,20.49,19.8,20.46,7024.5654
2024-06-14 22:00:00+00:00,20.45,20.5,20.3,20.37,3205.9968
2024-06-15 00:00:00+00:00,20.39,20.58,20.2,20.23,4199.4189
2024-06-15 02:00:00+00:00,20.24,20.56,20.21,20.55,2242.4937
2024-06-15 04:00:00+00:00,20.56,20.67,20.23,20.57,4853.5148
2024-06-15 06:00:00+00:00,20.59,21.04,20.54,20.92,4969.8306
2024-06-15 08:00:00+00:00,20.92,21.12,20.79,21.02,4541.4514
2024-06-15 10:00:00+00:00,21.02,21.23,20.91,21.11,4928.7219
2024-06-15 12:00:00+00:00,21.1,21.23,20.86,21.03,5148.9579
2024-06-15 14:00:00+00:00,21.03,21.29,20.85,21.11,6263.98
2024-06-15 16:00:00+00:00,21.12,21.29,20.95,21.16,4290.783
2024-06-15 18:00:00+00:00,21.16,21.29,21.01,21.1,4455.8516
2024-06-15 20:00:00+00:00,21.12,21.26,20.86,21.03,4834.9945
2024-06-15 22:00:00+00:00,21.03,21.2,21.01,21.19,3787.3816
2024-06-16 00:00:00+00:00,21.19,21.27,20.94,21.01,5694.8916
2024-06-16 02:00:00+00:00,21.0,21.07,20.81,20.84,4728.1086
2024-06-16 04:00:00+00:00,20.85,21.07,20.76,21.02,4824.4693
2024-06-16 06:00:00+00:00,21.04,21.11,20.94,20.96,3498.7097
2024-06-16 08:00:00+00:00,20.97,21.03,20.85,20.85,4666.9875
2024-06-16 10:00:00+00:00,20.85,21.21,20.84,21.09,6332.3669
2024-06-16 12:00:00+00:00,21.09,21.26,21.01,21.23,3042.3679
2024-06-16 14:00:00+00:00,21.23,21.29,21.12,21.22,4101.6301
2024-06-16 16:00:00+00:00,21.22,21.28,21.1,21.15,3465.0111
2024-06-16 18:00:00+00:00,21.15,21.24,21.06,21.11,2445.7513
2024-06-16 20:00:00+00:00,21.11,21.24,20.99,21.1,4015.763
2024-06-16 22:00:00+00:00,21.09,21.29,21.03,21.1,4326.4404
2024-06-17 00:00:00+00:00,21.1,21.26,20.81,20.96,5067.42
2024-06-17 02:00:00+00:00,20.95,20.98,20.64,20.81,3675.6836
2024-06-17 04:00:00+00:00,20.83,20.99,20.66,20.72,2682.2814
2024-06-17 06:00:00+00:00,20.73,20.74,20.35,20.53,6140.4187
2024-06-17 08:00:00+00:00,20.53,20.69,20.08,20.18,9308.4465
2024-06-17 10:00:00+00:00,20.18,20.22,19.56,19.6,18932.2239
2024-06-17 12:00:00+00:00,19.61,19.82,19.22,19.23,14924.8168
2024-06-17 14:00:00+00:00,19.25,19.59,19.16,19.17,6038.0456
2024-06-17 16:00:00+00:00,19.17,19.57,18.69,19.47,13403.9484
2024-06-17 18:00:00+00:00,19.47,19.63,19.43,19.46,3786.9063
2024-06-17 20:00:00+00:00,19.48,19.49,18.92,19.01,4837.7477
2024-06-17 22:00:00+00:00,19.03,19.07,18.61,18.75,9374.5713
2024-06-18 00:00:00+00:00,18.77,18.79,17.41,17.71,17228.0543
2024-06-18 02:00:00+00:00,17.73,17.97,17.24,17.95,6062.6055
2024-06-18 04:00:00+00:00,17.96,17.99,17.79,17.83,1814.094
2024-06-18 06:00:00+00:00,17.84,17.96,17.75,17.92,1685.5697
2024-06-18 08:00:00+00:00,17.92,18.22,17.84,18.03,3613.3031
2024-06-18 10:00:00+00:00,18.03,18.09,17.85,18.02,2796.6247
2024-06-18 12:00:00+00:00,18.05,18.06,17.58,17.62,6130.741
2024-06-18 14:00:00+00:00,17.62,18.16,17.49,17.95,4880.1682
2024-06-18 16:00:00+00:00,17.97,17.98,17.66,17.71,4803.7185
2024-06-18 18:00:00+00:00,17.72,17.85,17.5,17.76,4550.2899
2024-06-18 20:00:00+00:00,17.75,18.09,17.68,18.04,2483.3484
2024-06-18 22:00:00+00:00,18.03,18.16,17.95,18.13,1000.4218
2024-06-19 00:00:00+00:00,18.11,18.36,17.83,18.2,4686.0876
2024-06-19 02:00:00+00:00,18.2,18.63,18.2,18.54,4143.9853
2024-06-19 04:00:00+00:00,18.55,18.71,18.48,18.56,2415.2354
2024-06-19 06:00:00+00:00,18.55,18.6,18.45,18.54,1274.8317
2024-06-19 08:00:00+00:00,18.56,18.59,18.21,18.38,1968.3358
2024-06-19 10:00:00+00:00,18.39,18.74,18.29,18.44,4532.318
2024-06-19 12:00:00+00:00,18.44,18.66,18.36,18.54,2959.7449
2024-06-19 14:00:00+00:00,18.54,18.54,18.18,18.26,3400.9622
2024-06-19 16:00:00+00:00,18.28,18.72,18.21,18.52,1917.8369
2024-06-19 18:00:00+00:00,18.52,18.63,18.44,18.5,1762.9208
2024-06-19 20:00:00+00:00,18.52,18.73,18.4,18.64,1614.3204
2024-06-19 22:00:00+00:00,18.63,18.68,18.46,18.51,1491.8943
2024-06-20 00:00:00+00:00,18.51,18.93,18.43,18.76,2701.4142
2024-06-20 02:00:00+00:00,18.77,18.84,18.65,18.75,1139.0068
2024-06-20 04:00:00+00:00,18.73,18.99,18.67,18.99,1663.1247
2024-06-20 06:00:00+00:00,18.99,19.1,18.83,19.1,3397.7778
2024-06-20 08:00:00+00:00,19.1,19.15,18.98,19.02,2032.6845
2024-06-20 10:00:00+00:00,19.03,19.28,18.97,19.14,3230.2832
2024-06-20 12:00:00+00:00,19.15,19.22,18.67,18.77,3896.1282
2024-06-20 14:00:00+00:00,18.75,18.77,18.34,18.6,7058.4311
2024-06-20 16:00:00+00:00,18.58,18.74,18.35,18.71,2833.697
2024-06-20 18:00:00+00:00,18.71,18.89,18.69,18.86,1861.4774
2024-06-20 20:00:00+00:00,18.88,19.09,18.72,18.86,2843.7232
2024-06-20 22:00:00+00:00,18.84,18.87,18.7,18.72,1527.6457
2024-06-21 00:00:00+00:00,18.72,19.06,18.49,18.88,5016.7196
2024-06-21 02:00:00+00:00,18.89,19.03,18.76,18.86,2087.3948
2024-06-21 04:00:00+00:00,18.86,19.2,18.8,19.19,3090.755
2024-06-21 06:00:00+00:00,19.16,19.23,18.85,18.95,1979.4586
2024-06-21 08:00:00+00:00,18.93,18.98,18.49,18.94,4411.9533
2024-06-21 10:00:00+00:00,18.96,19.04,18.72,18.82,2455.6591
2024-06-21 12:00:00+00:00,18.82,18.87,18.52,18.57,2526.5004
2024-06-21 14:00:00+00:00,18.59,18.98,18.5,18.82,4892.3227
2024-06-21 16:00:00+00:00,18.82,18.9,18.45,18.49,4252.885
2024-06-21 18:00:00+00:00,18.48,18.74,18.37,18.67,4462.3446
2024-06-21 20:00:00+00:00,18.67,18.9,18.62,18.86,3131.8677
2024-06-21 22:00:00+00:00,18.89,18.95,18.81,18.94,1779.1431
2024-06-22 00:00:00+00:00,18.92,19.03,18.6,18.79,7850.0508
2024-06-22 02:00:00+00:00,18.81,18.93,18.73,18.92,1689.93
2024-06-22 04:00:00+00:00,18.92,18.98,18.68,18.77,2477.7884
2024-06-22 06:00:00+00:00,18.77,18.81,18.55,18.56,1914.3533
2024-06-22 08:00:00+00:00,18.57,18.62,18.39,18.51,2648.2373
2024-06-22 10:00:00+00:00,18.51,18.57,18.37,18.42,2373.042
2024-06-22 12:00:00+00:00,18.4,18.57,18.38,18.55,1658.1312
2024-06-22 14:00:00+00:00,18.55,18.64,18.53,18.64,1576.2018
2024-06-22 16:00:00+00:00,18.64,18.74,18.58,18.6,2892.8252
2024-06-22 18:00:00+00:00,18.6,18.65,18.54,18.63,1661.0407
2024-06-22 20:00:00+00:00,18.64,18.74,18.55,18.72,1887.708
2024-06-22 22:00:00+00:00,18.72,18.75,18.54,18.55,2153.7359
2024-06-23 00:00:00+00:00,18.55,18.93,18.52,18.89,2534.9141
2024-06-23 02:00:00+00:00,18.88,18.97,18.83,18.96,1549.4062
2024-06-23 04:00:00+00:00,18.95,19.0,18.83,18.83,1633.1458
2024-06-23 06:00:00+00:00,18.85,18.99,18.81,18.97,2005.2774
2024-06-23 08:00:00+00:00,18.96,19.06,18.93,19.0,2667.4222
2024-06-23 10:00:00+00:00,19.01,19.03,18.64,18.72,3905.0771
2024-06-23 12:00:00+00:00,18.72,18.89,18.64,18.66,2348.4357
2024-06-23 14:00:00+00:00,18.67,18.72,18.47,18.49,2229.3402
2024-06-23 16:00:00+00:00,18.49,18.78,18.35,18.61,6651.0772
2024-06-23 18:00:00+00:00,18.61,18.7,18.54,18.68,2728.9789
2024-06-23 20:00:00+00:00,18.69,18.74,18.39,18.53,5363.6702
2024-06-23 22:00:00+00:00,18.52,18.58,18.23,18.33,2878.754
2024-06-24 00:00:00+00:00,18.31,18.54,18.24,18.39,2744.8131
2024-06-24 02:00:00+00:00,18.39,18.46,18.23,18.28,2893.7338
2024-06-24 04:00:00+00:00,18.29,18.35,17.68,17.83,6143.628
2024-06-24 06:00:00+00:00,17.84,18.07,17.8,17.94,3766.6539
2024-06-24 08:00:00+00:00,17.92,18.19,17.64,18.01,7657.265
2024-06-24 10:00:00+00:00,18.01,18.2,17.93,18.1,5158.232
2024-06-24 12:00:00+00:00,18.1,18.37,18.04,18.35,6880.0885
2024-06-24 14:00:00+00:00,18.33,18.45,17.99,18.03,6186.8605
2024-06-24 16:00:00+00:00,18.04,18.29,17.96,18.07,6216.3816
2024-06-24 18:00:00+00:00,18.07,18.23,17.91,18.03,4687.3443
2024-06-24 20:00:00+00:00,18.03,18.45,17.84,18.44,4007.3609
2024-06-24 22:00:00+00:00,18.44,18.57,18.35,18.48,2775.5485
2024-06-25 00:00:00+00:00,18.48,18.64,18.43,18.64,4251.8242
2024-06-25 02:00:00+00:00,18.63,18.9,18.47,18.82,4498.3381
2024-06-25 04:00:00+00:00,18.79,18.91,18.69,18.73,2919.2034
2024-06-25 06:00:00+00:00,18.72,18.79,18.37,18.42,4928.9497
2024-06-25 08:00:00+00:00,18.42,18.56,18.2,18.56,4604.7101
2024-06-25 10:00:00+00:00,18.55,18.6,18.41,18.45,4085.4266
2024-06-25 12:00:00+00:00,18.46,18.55,18.41,18.5,3516.5264
2024-06-25 14:00:00+00:00,18.49,18.85,18.48,18.85,4649.962
2024-06-25 16:00:00+00:00,18.84,18.85,18.65,18.67,3406.3847
2024-06-25 18:00:00+00:00,18.67,18.95,18.66,18.87,4005.7698
2024-06-25 20:00:00+00:00,18.86,19.0,18.76,18.85,5137.7153
2024-06-25 22:00:00+00:00,18.84,18.91,18.73,18.79,2413.9787
2024-06-26 00:00:00+00:00,18.79,18.91,18.64,18.84,3260.3231
2024-06-26 02:00:00+00:00,18.85,18.97,18.65,18.67,3478.6204
2024-06-26 04:00:00+00:00,18.68,18.72,18.53,18.54,1806.5552
2024-06-26 06:00:00+00:00,18.54,18.62,18.45,18.59,3221.0035
2024-06-26 08:00:00+00:00,18.59,18.6,18.35,18.43,2346.8551
2024-06-26 10:00:00+00:00,18.42,18.49,18.32,18.38,3181.6024
2024-06-26 12:00:00+00:00,18.4,18.53,18.23,18.51,4134.3232
2024-06-26 14:00:00+00:00,18.51,18.57,18.16,18.23,2887.8428
2024-06-26 16:00:00+00:00,18.23,18.27,18.05,18.2,3036.1795
2024-06-26 18:00:00+00:00,18.2,18.43,18.11,18.41,2473.6867
2024-06-26 20:00:00+00:00,18.43,18.62,18.41,18.43,4684.9026
2024-06-26 22:00:00+00:00,18.45,18.54,18.28,18.31,2053.6991
2024-06-27 00:00:00+00:00,18.33,18.38,18.25,18.33,2626.9127
2024-06-27 02:00:00+00:00,18.33,18.44,18.19,18.4,2746.5759
2024-06-27 04:00:00+00:00,18.4,18.65,18.38,18.42,3258.4783
2024-06-27 06:00:00+00:00,18.42,18.7,18.35,18.49,6746.0964
2024-06-27 08:00:00+00:00,18.49,18.69,18.44,18.62,11142.2107
2024-06-27 10:00:00+00:00,18.64,18.7,18.42,18.63,6213.1181
2024-06-27 12:00:00+00:00,18.63,19.0,18.6,18.93,5779.1141
2024-06-27 14:00:00+00:00,18.93,19.03,18.8,18.88,3556.5999
2024-06-27 16:00:00+00:00,18.88,19.14,18.87,19.07,3533.0172
2024-06-27 18:00:00+00:00,19.08,19.13,19.02,19.07,2372.3086
2024-06-27 20:00:00+00:00,19.08,19.17,18.92,19.07,6157.0657
2024-06-27 22:00:00+00:00,19.07,19.1,18.9,18.91,2736.9538
2024-06-28 00:00:00+00:00,18.92,19.05,18.72,19.04,5067.3819
2024-06-28 02:00:00+00:00,19.03,19.05,18.75,18.79,3308.1221
2024-06-28 04:00:00+00:00,18.8,18.87,18.7,18.72,1931.3328
2024-06-28 06:00:00+00:00,18.73,18.96,18.68,18.79,3300.7492
2024-06-28 08:00:00+00:00,18.8,19.35,18.78,19.28,10653.0749
2024-06-28 10:00:00+00:00,19.28,19.43,19.05,19.07,24217.7479
2024-06-28 12:00:00+00:00,19.07,19.1,18.42,18.42,21463.5085
2024-06-28 14:00:00+00:00,18.44,18.64,18.24,18.25,8582.4495
2024-06-28 16:00:00+00:00,18.25,18.25,17.83,17.87,8855.2623
2024-06-28 18:00:00+00:00,17.86,17.89,17.72,17.78,5387.6839
2024-06-28 20:00:00+00:00,17.78,17.83,17.6,17.67,4495.6502
2024-06-28 22:00:00+00:00,17.66,17.68,17.55,17.62,3038.255
2024-06-29 00:00:00+00:00,17.62,17.68,17.34,17.6,6238.7631
2024-06-29 02:00:00+00:00,17.62,17.66,17.49,17.49,2212.3923
2024-06-29 04:00:00+00:00,17.49,17.54,17.37,17.39,3282.3821
2024-06-29 06:00:00+00:00,17.39,17.47,17.36,17.41,1988.9842
2024-06-29 08:00:00+00:00,17.41,17.46,17.34,17.39,3773.445
2024-06-29 10:00:00+00:00,17.39,17.53,17.37,17.46,3183.8329
2024-06-29 12:00:00+00:00,17.46,17.49,17.27,17.28,3892.2651
2024-06-29 14:00:00+00:00,17.29,17.3,17.11,17.29,4925.046
2024-06-29 16:00:00+00:00,17.28,17.29,17.07,17.07,2736.6565
2024-06-29 18:00:00+00:00,17.07,17.08,16.88,16.9,6281.2024
2024-06-29 20:00:00+00:00,16.9,16.91,16.78,16.82,3838.8407
2024-06-29 22:00:00+00:00,16.83,16.85,16.72,16.79,1907.8543
2024-06-30 00:00:00+00:00,16.81,16.93,16.77,16.77,2481.1838
2024-06-30 02:00:00+00:00,16.77,16.8,16.61,16.69,1970.9499
2024-06-30 04:00:00+00:00,16.7,16.72,16.6,16.65,1081.7342
2024-06-30 06:00:00+00:00,16.66,17.13,16.63,17.06,2912.7129
2024-06-30 08:00:00+00:00,17.08,17.35,17.06,17.14,2936.17
2024-06-30 10:00:00+00:00,17.12,17.24,17.09,17.15,1542.3639
2024-06-30 12:00:00+00:00,17.17,17.29,17.09,17.27,1701.8334
2024-06-30 14:00:00+00:00,17.26,17.28,17.16,17.27,1482.8264
2024-06-30 16:00:00+00:00,17.28,17.35,17.2,17.28,1676.8537
2024-06-30 18:00:00+00:00,17.28,17.37,17.25,17.36,721.1677
2024-06-30 20:00:00+00:00,17.36,17.46,17.35,17.43,1766.0917
2024-06-30 22:00:00+00:00,17.42,17.73,17.42,17.6,2799.4966
2024-07-01 00:00:00+00:00,17.58,17.89,17.54,17.85,1168.4133
2024-07-01 02:00:00+00:00,17.84,17.9,17.79,17.89,1076.0174
2024-07-01 04:00:00+00:00,17.88,17.9,17.63,17.67,1716.9223
2024-07-01 06:00:00+00:00,17.65,17.71,17.54,17.69,3157.7521
2024-07-01 08:00:00+00:00,17.69,17.85,17.65,17.72,3236.5251
2024-07-01 10:00:00+00:00,17.72,17.73,17.51,17.65,2809.4236
2024-07-01 12:00:00+00:00,17.66,18.06,17.65,17.77,8860.3503
2024-07-01 14:00:00+00:00,17.77,18.02,17.71,17.86,2943.4822
2024-07-01 16:00:00+00:00,17.86,17.95,17.78,17.89,3843.591
2024-07-01 18:00:00+00:00,17.89,17.93,17.53,17.77,4885.9175
2024-07-01 20:00:00+00:00,17.76,17.8,17.57,17.63,2794.9279
2024-07-01 22:00:00+00:00,17.64,17.65,17.39,17.41,1817.1656
2024-07-02 00:00:00+00:00,17.41,17.46,17.3,17.35,2289.5738
2024-07-02 02:00:00+00:00,17.35,17.43,17.25,17.4,2061.762
2024-07-02 04:00:00+00:00,17.41,17.48,17.28,17.32,3190.3739
2024-07-02 06:00:00+00:00,17.3,17.43,17.01,17.14,4510.8262
2024-07-02 08:00:00+00:00,17.13,17.18,17.08,17.13,2096.8418
2024-07-02 10:00:00+00:00,17.13,17.22,17.1,17.18,2112.7193
2024-07-02 12:00:00+00:00,17.18,17.41,17.14,17.23,2258.864
2024-07-02 14:00:00+00:00,17.23,17.27,17.06,17.12,1955.5088
2024-07-02 16:00:00+00:00,17.12,17.18,16.96,17.18,2976.3847
2024-07-02 18:00:00+00:00,17.18,17.43,17.15,17.17,3344.1327
2024-07-02 20:00:00+00:00,17.17,17.23,17.15,17.22,767.3627
2024-07-02 22:00:00+00:00,17.2,17.29,17.17,17.27,757.7237
2024-07-03 00:00:00+00:00,17.28,17.33,17.02,17.04,1764.6865
2024-07-03 02:00:00+00:00,17.03,17.04,16.82,16.92,2214.5596
2024-07-03 04:00:00+00:00,16.93,17.05,16.89,17.05,1138.6222
2024-07-03 06:00:00+00:00,17.05,17.11,16.96,17.01,1447.4742
2024-07-03 08:00:00+00:00,17.0,17.04,16.85,16.88,2326.1662
2024-07-03 10:00:00+00:00,16.88,16.88,16.49,16.76,5080.4221
2024-07-03 12:00:00+00:00,16.76,16.9,16.55,16.85,2587.8789
2024-07-03 14:00:00+00:00,16.87,16.92,16.7,16.75,1369.4776
2024-07-03 16:00:00+00:00,16.75,16.83,16.56,16.61,1806.8503
2024-07-03 18:00:00+00:00,16.61,16.65,16.35,16.47,2418.5783
2024-07-03 20:00:00+00:00,16.45,16.64,16.44,16.64,1656.8439
2024-07-03 22:00:00+00:00,16.64,16.65,16.47,16.6,1031.2183
2024-07-04 00:00:00+00:00,16.61,16.74,16.13,16.18,3201.0155
2024-07-04 02:00:00+00:00,16.19,16.36,16.07,16.33,2325.5638
2024-07-04 04:00:00+00:00,16.34,16.41,16.31,16.32,1174.2817
2024-07-04 06:00:00+00:00,16.32,16.35,15.94,15.99,3614.0351
2024-07-04 08:00:00+00:00,15.99,16.16,15.82,16.11,5803.5244
2024-07-04 10:00:00+00:00,16.1,16.16,15.92,16.0,3467.2005
2024-07-04 12:00:00+00:00,16.0,16.07,15.5,15.72,4158.072
2024-07-04 14:00:00+00:00,15.7,15.77,15.39,15.76,6703.4076
2024-07-04 16:00:00+00:00,15.76,15.76,15.47,15.54,5644.1258
2024-07-04 18:00:00+00:00,15.54,15.59,15.36,15.45,4318.6213
2024-07-04 20:00:00+00:00,15.45,15.69,15.41,15.69,2106.8635
2024-07-04 22:00:00+00:00,15.69,15.74,15.06,15.06,2220.1719
2024-07-05 00:00:00+00:00,15.08,15.19,14.76,15.02,9518.1132
2024-07-05 02:00:00+00:00,15.01,15.01,13.91,14.05,8577.6495
2024-07-05 04:00:00+00:00,14.05,14.32,13.6,14.21,10052.5027
2024-07-05 06:00:00+00:00,14.18,14.26,13.94,14.24,7596.487
2024-07-05 08:00:00+00:00,14.23,14.24,13.71,14.11,6018.0815
2024-07-05 10:00:00+00:00,14.11,14.62,14.09,14.59,5241.6474
2024-07-05 12:00:00+00:00,14.6,14.86,14.47,14.81,5345.6274
2024-07-05 14:00:00+00:00,14.79,15.01,14.64,14.93,3005.2141
2024-07-05 16:00:00+00:00,14.92,15.08,14.74,14.93,3264.5793
2024-07-05 18:00:00+00:00,14.94,15.0,14.77,14.92,1937.7201
2024-07-05 20:00:00+00:00,14.91,14.96,14.61,14.74,7621.1233
2024-07-05 22:00:00+00:00,14.74,14.83,14.65,14.76,1547.1648
2024-07-06 00:00:00+00:00,14.74,15.11,14.66,14.7,2387.8438
2024-07-06 02:00:00+00:00,14.68,14.84,14.62,14.81,1251.3802
2024-07-06 04:00:00+00:00,14.8,14.86,14.66,14.69,1262.2148
2024-07-06 06:00:00+00:00,14.69,15.07,14.68,15.02,1046.6047
2024-07-06 08:00:00+00:00,15.04,15.08,14.74,14.91,3610.0417
2024-07-06 10:00:00+00:00,14.91,15.15,14.88,14.97,2362.4121
2024-07-06 12:00:00+00:00,14.98,15.07,14.84,14.99,2297.6015
2024-07-06 14:00:00+00:00,15.01,15.28,14.91,15.19,3856.4381
2024-07-06 16:00:00+00:00,15.19,15.54,15.19,15.5,3280.6505
2024-07-06 18:00:00+00:00,15.52,15.6,15.46,15.6,1846.5583
2024-07-06 20:00:00+00:00,15.6,15.73,15.41,15.67,6078.2373
2024-07-06 22:00:00+00:00,15.67,15.86,15.47,15.6,7869.2939
2024-07-07 00:00:00+00:00,15.59,15.62,15.4,15.48,2709.4242
2024-07-07 02:00:00+00:00,15.47,15.54,15.35,15.37,2011.6132
2024-07-07 04:00:00+00:00,15.38,15.41,15.09,15.29,5255.1519
2024-07-07 06:00:00+00:00,15.29,15.34,15.02,15.12,2137.6753
2024-07-07 08:00:00+00:00,15.1,15.25,15.07,15.23,1880.9634
2024-07-07 10:00:00+00:00,15.21,15.31,15.11,15.2,1917.0137
2024-07-07 12:00:00+00:00,15.19,15.3,14.88,14.91,2272.6688
2024-07-07 14:00:00+00:00,14.91,14.95,14.79,14.9,3015.0808
2024-07-07 16:00:00+00:00,14.9,15.13,14.86,15.08,2116.5723
2024-07-07 18:00:00+00:00,15.07,15.18,14.95,14.98,1518.6269
2024-07-07 20:00:00+00:00,14.98,15.03,14.66,14.82,2628.1439
2024-07-07 22:00:00+00:00,14.81,14.89,14.56,14.61,1846.1422
2024-07-08 00:00:00+00:00,14.6,14.74,14.16,14.35,6344.3659
2024-07-08 02:00:00+00:00,14.35,14.65,14.3,14.58,3116.1198
2024-07-08 04:00:00+00:00,14.59,14.87,14.53,14.77,2575.4194
2024-07-08 06:00:00+00:00,14.77,14.94,14.6,14.84,2741.4533
2024-07-08 08:00:00+00:00,14.84,15.61,14.79,15.46,9975.2646
2024-07-08 10:00:00+00:00,15.46,15.47,15.13,15.41,3509.9027
2024-07-08 12:00:00+00:00,15.39,15.56,15.31,15.44,2843.7826
2024-07-08 14:00:00+00:00,15.44,15.62,14.84,15.21,9251.9548
2024-07-08 16:00:00+00:00,15.21,15.36,15.1,15.34,3427.9073
2024-07-08 18:00:00+00:00,15.34,15.51,15.3,15.45,2881.6338
2024-07-08 20:00:00+00:00,15.45,15.56,15.19,15.44,5553.1332
2024-07-08 22:00:00+00:00,15.44,15.58,15.3,15.44,4453.3902
2024-07-09 00:00:00+00:00,15.42,15.66,15.3,15.34,4409.8192
2024-07-09 02:00:00+00:00,15.34,15.63,15.28,15.54,2340.1606
2024-07-09 04:00:00+00:00,15.53,15.66,15.44,15.57,4228.4437
2024-07-09 06:00:00+00:00,15.56,15.68,15.5,15.65,3851.7222
2024-07-09 08:00:00+00:00,15.66,15.82,15.6,15.7,3258.8116
2024-07-09 10:00:00+00:00,15.68,15.8,15.57,15.73,4977.7551
2024-07-09 12:00:00+00:00,15.73,15.88,15.52,15.68,8617.3021
2024-07-09 14:00:00+00:00,15.66,15.85,15.54,15.8,6134.8545
2024-07-09 16:00:00+00:00,15.77,15.84,15.52,15.58,4193.2738
2024-07-09 18:00:00+00:00,15.57,15.71,15.46,15.61,3832.2019
2024-07-09 20:00:00+00:00,15.6,15.65,15.5,15.53,3298.6214
2024-07-09 22:00:00+00:00,15.53,15.58,15.29,15.32,6727.0388
2024-07-10 00:00:00+00:00,15.32,15.39,15.09,15.3,4817.7894
2024-07-10 02:00:00+00:00,15.28,15.31,15.1,15.29,3844.5713
2024-07-10 04:00:00+00:00,15.29,15.59,15.25,15.52,4681.0148
2024-07-10 06:00:00+00:00,15.53,15.65,15.43,15.45,5313.3399
2024-07-10 08:00:00+00:00,15.46,15.47,15.19,15.35,3648.9586
2024-07-10 10:00:00+00:00,15.35,15.46,15.3,15.35,2754.1552
2024-07-10 12:00:00+00:00,15.36,15.39,15.23,15.31,4880.3533
2024-07-10 14:00:00+00:00,15.31,15.5,15.26,15.46,4236.3978
2024-07-10 16:00:00+00:00,15.47,15.5,15.36,15.39,3233.9794
2024-07-10 18:00:00+00:00,15.4,15.41,15.27,15.31,2101.6057
2024-07-10 20:00:00+00:00,15.31,15.33,15.17,15.24,2824.6368
2024-07-10 22:00:00+00:00,15.21,15.29,15.14,15.16,2956.2912
2024-07-11 00:00:00+00:00,15.15,15.3,15.01,15.27,4689.4894
2024-07-11 02:00:00+00:00,15.29,15.3,14.94,15.04,2894.7477
2024-07-11 04:00:00+00:00,15.04,15.14,15.01,15.13,1923.3844
2024-07-11 06:00:00+00:00,15.13,15.23,15.1,15.19,1467.5338
2024-07-11 08:00:00+00:00,15.18,15.37,15.17,15.33,4103.1031
2024-07-11 10:00:00+00:00,15.34,15.47,15.33,15.42,2750.2632
2024-07-11 12:00:00+00:00,15.4,15.71,15.38,15.59,8513.9576
2024-07-11 14:00:00+00:00,15.6,15.72,15.41,15.55,7470.035
2024-07-11 16:00:00+00:00,15.54,15.93,15.43,15.92,7546.6709
2024-07-11 18:00:00+00:00,15.89,16.32,15.86,16.32,18769.5589
2024-07-11 20:00:00+00:00,16.3,16.32,15.84,15.87,8995.1196
2024-07-11 22:00:00+00:00,15.87,15.92,15.71,15.73,2390.5984
2024-07-12 00:00:00+00:00,15.75,15.94,15.52,15.63,2917.2144
2024-07-12 02:00:00+00:00,15.62,16.14,15.61,15.66,10794.0825
2024-07-12 04:00:00+00:00,15.67,15.83,15.39,15.59,5341.6011
2024-07-12 06:00:00+00:00,15.59,15.78,15.48,15.54,4072.7239
2024-07-12 08:00:00+00:00,15.54,15.57,15.24,15.25,5024.7637
2024-07-12 10:00:00+00:00,15.25,15.32,15.14,15.22,3195.0149
2024-07-12 12:00:00+00:00,15.22,15.61,15.15,15.61,6227.6049
2024-07-12 14:00:00+00:00,15.61,15.98,15.57,15.78,6506.162
2024-07-12 16:00:00+00:00,15.78,15.86,15.72,15.75,1399.0601
2024-07-12 18:00:00+00:00,15.76,15.93,15.7,15.76,1856.0205
2024-07-12 20:00:00+00:00,15.78,15.79,15.15,15.56,16983.9063
2024-07-12 22:00:00+00:00,15.58,15.76,15.56,15.75,2304.6286
2024-07-13 00:00:00+00:00,15.74,15.87,15.73,15.76,1816.2311
2024-07-13 02:00:00+00:00,15.77,15.85,15.73,15.79,689.79
2024-07-13 04:00:00+00:00,15.79,15.86,15.74,15.86,1170.7562
2024-07-13 06:00:00+00:00,15.86,15.89,15.73,15.85,1592.3264
2024-07-13 08:00:00+00:00,15.84,15.9,15.78,15.9,1218.426
2024-07-13 10:00:00+00:00,15.9,15.94,15.86,15.91,1233.5047
2024-07-13 12:00:00+00:00,15.91,15.96,15.89,15.92,1729.6774
2024-07-13 14:00:00+00:00,15.93,16.15,15.91,16.03,10048.4139
2024-07-13 16:00:00+00:00,16.04,16.04,15.98,16.02,1260.8029
2024-07-13 18:00:00+00:00,16.01,16.1,15.97,16.09,1221.9595
2024-07-13 20:00:00+00:00,16.09,16.3,16.08,16.18,4042.416
2024-07-13 22:00:00+00:00,16.18,16.31,16.08,16.26,2385.7418
2024-07-14 00:00:00+00:00,16.26,16.38,16.24,16.33,1785.184
2024-07-14 02:00:00+00:00,16.34,16.38,16.27,16.33,1711.9526
2024-07-14 04:00:00+00:00,16.33,16.41,16.29,16.34,1423.7622
2024-07-14 06:00:00+00:00,16.34,16.36,16.31,16.35,836.3429
2024-07-14 08:00:00+00:00,16.34,16.41,16.31,16.37,1677.7367
2024-07-14 10:00:00+00:00,16.37,16.59,16.37,16.54,5278.1849
2024-07-14 12:00:00+00:00,16.54,16.56,16.28,16.37,5179.728
2024-07-14 14:00:00+00:00,16.36,16.51,16.3,16.51,1800.0356
2024-07-14 16:00:00+00:00,16.48,16.51,16.42,16.46,1088.5434
2024-07-14 18:00:00+00:00,16.47,16.48,16.41,16.46,1285.582
2024-07-14 20:00:00+00:00,16.44,16.62,16.42,16.61,2657.557
2024-07-14 22:00:00+00:00,16.61,16.79,16.6,16.76,2664.8883
2024-07-15 00:00:00+00:00,16.77,16.98,16.71,16.95,2427.8107
2024-07-15 02:00:00+00:00,16.95,17.2,16.93,17.16,2099.9791
2024-07-15 04:00:00+00:00,17.16,17.2,17.12,17.19,1581.5852
2024-07-15 06:00:00+00:00,17.18,17.34,17.17,17.31,2210.2422
2024-07-15 08:00:00+00:00,17.31,17.49,17.3,17.43,7792.2798
2024-07-15 10:00:00+00:00,17.42,17.45,17.31,17.38,3932.0274
2024-07-15 12:00:00+00:00,17.38,17.64,17.36,17.64,3622.5314
2024-07-15 14:00:00+00:00,17.64,17.77,17.61,17.72,5237.1913
2024-07-15 16:00:00+00:00,17.71,17.84,17.71,17.79,3273.3758
2024-07-15 18:00:00+00:00,17.79,17.9,17.75,17.87,3256.1997
2024-07-15 20:00:00+00:00,17.88,18.1,17.86,18.06,4140.4219
2024-07-15 22:00:00+00:00,18.06,18.26,18.05,18.25,3734.3403
2024-07-16 00:00:00+00:00,18.25,18.38,18.2,18.33,4783.7727
2024-07-16 02:00:00+00:00,18.33,18.4,18.16,18.18,3582.9628
2024-07-16 04:00:00+00:00,18.19,18.23,17.83,17.88,3005.7597
2024-07-16 06:00:00+00:00,17.9,17.97,17.27,17.54,6987.3706
2024-07-16 08:00:00+00:00,17.54,17.71,17.38,17.66,2920.2258
2024-07-16 10:00:00+00:00,17.67,17.87,17.63,17.86,1878.8228
2024-07-16 12:00:00+00:00,17.85,17.88,17.58,17.67,1897.3772
2024-07-16 14:00:00+00:00,17.67,18.29,17.63,18.2,3313.0739
2024-07-16 16:00:00+00:00,18.19,18.26,18.0,18.09,3346.68
2024-07-16 18:00:00+00:00,18.09,18.16,17.95,18.07,2016.6866
2024-07-16 20:00:00+00:00,18.06,18.11,18.0,18.03,1604.877
2024-07-16 22:00:00+00:00,18.05,18.1,17.91,18.05,1579.9969
2024-07-17 00:00:00+00:00,18.03,18.25,18.0,18.16,3147.5436
2024-07-17 02:00:00+00:00,18.15,18.21,18.0,18.08,1213.8186
2024-07-17 04:00:00+00:00,18.09,18.25,18.03,18.14,1220.9421
2024-07-17 06:00:00+00:00,18.13,18.21,18.04,18.1,1991.2826
2024-07-17 08:00:00+00:00,18.1,18.23,17.84,18.23,5058.8572
2024-07-17 10:00:00+00:00,18.22,18.35,18.1,18.29,5012.7556
2024-07-17 12:00:00+00:00,18.29,18.46,18.02,18.46,6922.1898
2024-07-17 14:00:00+00:00,18.43,18.46,18.19,18.21,2904.6981
2024-07-17 16:00:00+00:00,18.21,18.27,17.86,18.02,2759.6407
2024-07-17 18:00:00+00:00,18.03,18.28,18.01,18.15,1699.7509
2024-07-17 20:00:00+00:00,18.16,18.26,17.99,18.18,1233.0319
2024-07-17 22:00:00+00:00,18.17,18.19,17.9,17.91,1245.6555
2024-07-18 00:00:00+00:00,17.92,18.2,17.88,18.17,2380.761
2024-07-18 02:00:00+00:00,18.19,18.27,17.96,18.21,2812.76
2024-07-18 04:00:00+00:00,18.2,18.22,17.95,18.08,1171.9221
2024-07-18 06:00:00+00:00,18.07,18.2,18.0,18.06,2536.824
2024-07-18 08:00:00+00:00,18.05,18.27,18.0,18.08,3104.4567
2024-07-18 10:00:00+00:00,18.08,18.15,17.94,18.12,2248.9383
2024-07-18 12:00:00+00:00,18.12,18.33,18.1,18.21,1840.1741
2024-07-18 14:00:00+00:00,18.2,18.22,17.77,17.82,2479.9562
2024-07-18 16:00:00+00:00,17.83,17.93,17.7,17.74,2543.1089
2024-07-18 18:00:00+00:00,17.74,17.74,17.56,17.65,1954.5934
2024-07-18 20:00:00+00:00,17.63,17.84,17.57,17.84,2079.9095
2024-07-18 22:00:00+00:00,17.83,18.09,17.79,18.07,2371.576
2024-07-19 00:00:00+00:00,18.07,18.14,17.65,17.85,2117.2713
2024-07-19 02:00:00+00:00,17.86,18.16,17.8,18.16,1889.3092
2024-07-19 04:00:00+00:00,18.14,18.22,18.01,18.03,2018.8755
2024-07-19 06:00:00+00:00,18.04,18.29,18.03,18.08,3857.4793
2024-07-19 08:00:00+00:00,18.07,18.28,17.92,17.99,5299.2913
2024-07-19 10:00:00+00:00,17.99,18.2,17.97,18.04,2848.5948
2024-07-19 12:00:00+00:00,18.06,18.19,18.0,18.13,5060.4167
2024-07-19 14:00:00+00:00,18.13,18.43,18.1,18.42,4242.0032
2024-07-19 16:00:00+00:00,18.41,18.5,18.36,18.5,2361.025
2024-07-19 18:00:00+00:00,18.48,18.6,18.46,18.6,3640.4848
2024-07-19 20:00:00+00:00,18.58,18.73,18.51,18.59,3427.1049
2024-07-19 22:00:00+00:00,18.59,18.78,18.59,18.78,1971.944
2024-07-20 00:00:00+00:00,18.78,18.84,18.54,18.55,4447.9181
2024-07-20 02:00:00+00:00,18.55,18.71,18.55,18.63,693.0704
2024-07-20 04:00:00+00:00,18.64,18.71,18.36,18.62,2374.4032
2024-07-20 06:00:00+00:00,18.62,18.73,18.56,18.58,1811.1727
2024-07-20 08:00:00+00:00,18.57,18.64,18.49,18.54,1647.4862
2024-07-20 10:00:00+00:00,18.56,18.62,18.43,18.49,1673.7935
2024-07-20 12:00:00+00:00,18.48,18.58,18.39,18.42,1823.7274
2024-07-20 14:00:00+00:00,18.42,18.61,18.4,18.58,1774.2003
2024-07-20 16:00:00+00:00,18.58,18.61,18.43,18.51,2826.3777
2024-07-20 18:00:00+00:00,18.52,18.53,18.37,18.41,3446.6366
2024-07-20 20:00:00+00:00,18.4,18.47,18.32,18.36,2102.8287
2024-07-20 22:00:00+00:00,18.37,18.41,18.23,18.29,2284.4702
2024-07-21 00:00:00+00:00,18.27,18.34,18.13,18.18,3790.0526
2024-07-21 02:00:00+00:00,18.2,18.21,18.03,18.06,2514.1471
2024-07-21 04:00:00+00:00,18.07,18.08,17.65,17.76,6810.2668
2024-07-21 06:00:00+00:00,17.78,17.79,17.5,17.54,5212.0416
2024-07-21 08:00:00+00:00,17.54,17.72,17.52,17.66,4911.0689
2024-07-21 10:00:00+00:00,17.66,17.71,17.51,17.55,3768.7038
2024-07-21 12:00:00+00:00,17.55,17.6,17.42,17.47,3727.1292
2024-07-21 14:00:00+00:00,17.45,17.76,17.37,17.44,8870.9657
2024-07-21 16:00:00+00:00,17.45,17.6,17.36,17.36,3723.2144
2024-07-21 18:00:00+00:00,17.36,17.5,16.93,17.4,7094.1272
2024-07-21 20:00:00+00:00,17.41,17.76,17.35,17.72,5692.8166
2024-07-21 22:00:00+00:00,17.72,17.86,17.65,17.68,2171.7798
2024-07-22 00:00:00+00:00,17.68,17.82,17.51,17.58,3164.3545
2024-07-22 02:00:00+00:00,17.59,17.64,17.45,17.46,1623.2083
2024-07-22 04:00:00+00:00,17.46,17.52,17.21,17.29,2067.977
2024-07-22 06:00:00+00:00,17.28,17.32,17.06,17.15,2424.5692
2024-07-22 08:00:00+00:00,17.15,17.27,17.07,17.24,2040.9234
2024-07-22 10:00:00+00:00,17.23,17.35,17.21,17.32,1233.0349
2024-07-22 12:00:00+00:00,17.32,17.44,17.14,17.18,2307.337
2024-07-22 14:00:00+00:00,17.18,17.23,17.01,17.11,2759.6169
2024-07-22 16:00:00+00:00,17.11,17.16,17.01,17.13,1684.6763
2024-07-22 18:00:00+00:00,17.13,17.36,17.07,17.24,5711.6835
2024-07-22 20:00:00+00:00,17.25,17.25,16.93,16.99,2831.2101
2024-07-22 22:00:00+00:00,16.98,16.99,16.73,16.83,3088.43
2024-07-23 00:00:00+00:00,16.83,17.28,16.81,17.23,4134.4755
2024-07-23 02:00:00+00:00,17.24,17.3,17.1,17.13,1436.6572
2024-07-23 04:00:00+00:00,17.13,17.14,16.74,16.8,2955.5219
2024-07-23 06:00:00+00:00,16.79,16.95,16.7,16.77,3721.7804
2024-07-23 08:00:00+00:00,16.76,17.29,16.75,17.15,3148.7685
2024-07-23 10:00:00+00:00,17.15,17.2,16.91,16.93,3719.8105
2024-07-23 12:00:00+00:00,16.94,16.96,16.56,16.59,6981.7486
2024-07-23 14:00:00+00:00,16.61,16.95,16.56,16.56,4498.3727
2024-07-23 16:00:00+00:00,16.56,16.59,16.14,16.29,5607.8488
2024-07-23 18:00:00+00:00,16.29,16.58,16.28,16.46,2316.5408
2024-07-23 20:00:00+00:00,16.48,16.55,16.4,16.4,1568.7339
2024-07-23 22:00:00+00:00,16.4,16.47,16.24,16.37,1815.2839
2024-07-24 00:00:00+00:00,16.37,16.46,16.15,16.16,1993.6918
2024-07-24 02:00:00+00:00,16.18,16.4,16.15,16.38,1486.0757
2024-07-24 04:00:00+00:00,16.38,16.39,16.19,16.26,1126.4772
2024-07-24 06:00:00+00:00,16.26,16.43,16.24,16.43,1702.5374
2024-07-24 08:00:00+00:00,16.43,16.55,16.39,16.43,1948.5341
2024-07-24 10:00:00+00:00,16.45,16.53,16.39,16.46,1314.6879
2024-07-24 12:00:00+00:00,16.47,16.54,16.33,16.36,1762.4425
2024-07-24 14:00:00+00:00,16.36,16.56,16.24,16.27,2066.4776
2024-07-24 16:00:00+00:00,16.27,16.43,16.18,16.37,1831.3588
2024-07-24 18:00:00+00:00,16.36,16.37,16.1,16.13,2246.9361
2024-07-24 20:00:00+00:00,16.13,16.19,15.77,16.0,3313.8762
2024-07-24 22:00:00+00:00,16.0,16.01,15.75,15.95,2751.9003
2024-07-25 00:00:00+00:00,15.95,15.98,15.31,15.53,4910.546
2024-07-25 02:00:00+00:00,15.51,15.53,15.19,15.36,4550.708
2024-07-25 04:00:00+00:00,15.33,15.49,15.25,15.34,2218.1762
2024-07-25 06:00:00+00:00,15.35,15.47,15.29,15.41,1659.5725
2024-07-25 08:00:00+00:00,15.4,15.47,15.33,15.46,2471.9903
2024-07-25 10:00:00+00:00,15.45,15.46,15.26,15.41,2006.7829
2024-07-25 12:00:00+00:00,15.41,15.55,15.29,15.55,3774.7021
2024-07-25 14:00:00+00:00,15.55,15.74,15.3,15.56,3854.7533
2024-07-25 16:00:00+00:00,15.58,15.77,15.52,15.72,2725.1587
2024-07-25 18:00:00+00:00,15.73,15.76,15.3,15.55,3095.1262
2024-07-25 20:00:00+00:00,15.55,15.97,15.3,15.94,5371.6738
2024-07-25 22:00:00+00:00,15.94,16.05,15.86,16.05,3041.5528
2024-07-26 00:00:00+00:00,16.05,16.19,15.95,16.05,2803.8358
2024-07-26 02:00:00+00:00,16.07,16.26,16.05,16.11,2058.8295
2024-07-26 04:00:00+00:00,16.12,16.28,16.09,16.28,1062.9312
2024-07-26 06:00:00+00:00,16.27,16.32,16.19,16.21,1679.3351
2024-07-26 08:00:00+00:00,16.21,16.3,16.19,16.26,1715.2182
2024-07-26 10:00:00+00:00,16.25,16.27,16.15,16.2,1786.9832
2024-07-26 12:00:00+00:00,16.2,16.3,16.1,16.3,3200.6554
2024-07-26 14:00:00+00:00,16.28,16.34,16.08,16.32,2942.6004
2024-07-26 16:00:00+00:00,16.31,16.42,16.29,16.42,2759.556
2024-07-26 18:00:00+00:00,16.42,16.55,16.39,16.5,2242.3315
2024-07-26 20:00:00+00:00,16.5,16.52,16.39,16.48,2005.3172
2024-07-26 22:00:00+00:00,16.48,16.59,16.45,16.52,2113.0004
2024-07-27 00:00:00+00:00,16.5,16.57,16.36,16.38,2510.0447
2024-07-27 02:00:00+00:00,16.38,16.55,16.35,16.4,1257.1166
2024-07-27 04:00:00+00:00,16.41,16.53,16.41,16.51,1174.774
2024-07-27 06:00:00+00:00,16.52,16.64,16.46,16.55,1708.1478
2024-07-27 08:00:00+00:00,16.56,16.59,16.45,16.52,1206.633
2024-07-27 10:00:00+00:00,16.52,16.54,16.43,16.5,2026.6527
2024-07-27 12:00:00+00:00,16.51,16.7,16.48,16.63,2536.4673
2024-07-27 14:00:00+00:00,16.63,16.67,16.27,16.41,2439.3805
2024-07-27 16:00:00+00:00,16.41,16.44,16.25,16.28,1789.0491
2024-07-27 18:00:00+00:00,16.28,16.41,16.17,16.36,2352.9377
2024-07-27 20:00:00+00:00,16.37,16.65,16.09,16.61,3517.3653
2024-07-27 22:00:00+00:00,16.6,16.67,16.39,16.44,3101.1373
2024-07-28 00:00:00+00:00,16.45,16.57,16.39,16.45,1954.5657
2024-07-28 02:00:00+00:00,16.46,16.52,16.42,16.42,998.5942
2024-07-28 04:00:00+00:00,16.41,16.44,16.16,16.28,1438.6024
2024-07-28 06:00:00+00:00,16.3,16.32,16.19,16.32,1565.847
2024-07-28 08:00:00+00:00,16.32,16.41,16.22,16.39,1481.024
2024-07-28 10:00:00+00:00,16.4,16.5,16.34,16.48,1743.5759
2024-07-28 12:00:00+00:00,16.5,16.7,16.47,16.58,3117.3892
2024-07-28 14:00:00+00:00,16.56,16.62,16.39,16.46,2002.569
2024-07-28 16:00:00+00:00,16.46,16.53,16.37,16.48,3859.551
2024-07-28 18:00:00+00:00,16.49,16.61,16.44,16.6,5489.4561
2024-07-28 20:00:00+00:00,16.59,16.68,16.33,16.38,5749.0823
2024-07-28 22:00:00+00:00,16.37,16.52,16.27,16.51,1743.6839
2024-07-29 00:00:00+00:00,16.51,16.74,16.49,16.68,3122.1016
2024-07-29 02:00:00+00:00,16.67,16.95,16.64,16.91,2902.5194
2024-07-29 04:00:00+00:00,16.91,16.99,16.85,16.98,4005.1472
2024-07-29 06:00:00+00:00,16.98,17.04,16.85,16.93,4046.0247
2024-07-29 08:00:00+00:00,16.93,17.02,16.87,16.98,3122.9688
2024-07-29 10:00:00+00:00,16.98,16.98,16.87,16.97,2144.3565
2024-07-29 12:00:00+00:00,16.95,17.04,16.89,17.01,3390.9666
2024-07-29 14:00:00+00:00,17.01,17.04,16.58,16.69,5227.3078
2024-07-29 16:00:00+00:00,16.69,16.76,16.48,16.69,3522.5067
2024-07-29 18:00:00+00:00,16.7,16.89,16.66,16.77,2333.9498
2024-07-29 20:00:00+00:00,16.77,16.85,16.67,16.84,1678.0499
2024-07-29 22:00:00+00:00,16.83,16.89,16.69,16.77,2320.9835
2024-07-30 00:00:00+00:00,16.79,16.95,16.59,16.71,3542.2538
2024-07-30 02:00:00+00:00,16.69,16.91,16.64,16.91,3312.8282
2024-07-30 04:00:00+00:00,16.91,17.03,16.81,16.84,3108.7962
2024-07-30 06:00:00+00:00,16.85,17.1,16.8,16.9,4867.0141
2024-07-30 08:00:00+00:00,16.89,16.98,16.79,16.85,3573.8515
2024-07-30 10:00:00+00:00,16.85,16.95,16.72,16.75,2576.6521
2024-07-30 12:00:00+00:00,16.76,16.89,16.5,16.61,7443.3385
2024-07-30 14:00:00+00:00,16.6,16.68,16.45,16.67,3343.9167
2024-07-30 16:00:00+00:00,16.65,16.71,16.33,16.38,2774.2051
2024-07-30 18:00:00+00:00,16.36,16.41,16.17,16.21,3513.3913
2024-07-30 20:00:00+00:00,16.19,16.43,16.02,16.24,6506.8231
2024-07-30 22:00:00+00:00,16.25,16.31,16.17,16.27,1821.4266
2024-07-31 00:00:00+00:00,16.29,16.35,16.17,16.29,3191.3495
2024-07-31 02:00:00+00:00,16.29,16.35,16.18,16.21,1913.7126
2024-07-31 04:00:00+00:00,16.19,16.35,16.02,16.35,2265.467
2024-07-31 06:00:00+00:00,16.33,16.57,16.3,16.36,3108.3724
2024-07-31 08:00:00+00:00,16.35,16.5,16.34,16.4,3213.6667
2024-07-31 10:00:00+00:00,16.4,16.46,16.24,16.34,2192.4124
2024-07-31 12:00:00+00:00,16.34,16.65,16.3,16.52,4510.1749
2024-07-31 14:00:00+00:00,16.52,16.59,16.34,16.36,3956.9737
2024-07-31 16:00:00+00:00,16.34,16.51,16.23,16.38,5608.4408
2024-07-31 18:00:00+00:00,16.38,16.6,15.95,16.16,7627.1386
2024-07-31 20:00:00+00:00,16.15,16.18,15.84,16.06,5855.2238
2024-07-31 22:00:00+00:00,16.06,16.08,15.85,15.9,2560.5178
2024-08-01 00:00:00+00:00,15.9,16.12,15.85,16.08,5138.1167
2024-08-01 02:00:00+00:00,16.08,16.13,15.83,15.84,3759.1054
2024-08-01 04:00:00+00:00,15.84,15.92,15.45,15.73,4815.2735
2024-08-01 06:00:00+00:00,15.73,15.77,15.47,15.57,4662.723
2024-08-01 08:00:00+00:00,15.57,15.75,15.5,15.57,3165.273
2024-08-01 10:00:00+00:00,15.58,15.77,15.56,15.72,3707.1646
2024-08-01 12:00:00+00:00,15.73,15.88,15.68,15.8,4261.801
2024-08-01 14:00:00+00:00,15.8,15.83,15.33,15.37,5876.4849
2024-08-01 16:00:00+00:00,15.37,15.4,15.03,15.2,8674.9724
2024-08-01 18:00:00+00:00,15.21,15.32,14.92,15.27,5724.9968
2024-08-01 20:00:00+00:00,15.25,15.77,15.16,15.61,4325.3083
2024-08-01 22:00:00+00:00,15.61,15.97,15.58,15.87,3745.9119
2024-08-02 00:00:00+00:00,15.85,16.05,15.6,15.61,5713.0666
2024-08-02 02:00:00+00:00,15.61,15.68,15.35,15.62,3931.5303
2024-08-02 04:00:00+00:00,15.62,15.64,15.3,15.31,2968.6552
2024-08-02 06:00:00+00:00,15.32,15.47,15.16,15.37,5213.6381
2024-08-02 08:00:00+00:00,15.36,15.48,15.19,15.36,4601.5198
2024-08-02 10:00:00+00:00,15.36,15.53,15.32,15.43,3118.2864
2024-08-02 12:00:00+00:00,15.42,15.65,15.23,15.57,8077.9099
2024-08-02 14:00:00+00:00,15.57,15.62,14.75,15.11,9322.3597
2024-08-02 16:00:00+00:00,15.11,15.21,14.93,15.06,6349.4808
2024-08-02 18:00:00+00:00,15.06,15.13,14.81,14.94,4265.9524
2024-08-02 20:00:00+00:00,14.96,15.09,14.57,14.82,5841.1935
2024-08-02 22:00:00+00:00,14.83,14.85,14.67,14.75,2532.4784
2024-08-03 00:00:00+00:00,14.76,14.9,14.35,14.62,7069.5536
2024-08-03 02:00:00+00:00,14.62,14.77,14.59,14.75,2444.1335
2024-08-03 04:00:00+00:00,14.75,14.84,14.68,14.81,1976.356
2024-08-03 06:00:00+00:00,14.83,14.94,14.78,14.83,2175.8416
2024-08-03 08:00:00+00:00,14.83,14.88,14.72,14.87,2015.5136
2024-08-03 10:00:00+00:00,14.87,14.88,14.78,14.84,1584.5753
2024-08-03 12:00:00+00:00,14.82,15.02,14.81,14.84,2152.2948
2024-08-03 14:00:00+00:00,14.84,14.97,14.42,14.43,3507.2345
2024-08-03 16:00:00+00:00,14.44,14.53,14.1,14.15,7871.1649
2024-08-03 18:00:00+00:00,14.15,14.24,13.96,13.98,5320.0114
2024-08-03 20:00:00+00:00,13.99,14.27,13.92,14.21,3536.294
2024-08-03 22:00:00+00:00,14.21,14.26,14.0,14.19,3971.3444
2024-08-04 00:00:00+00:00,14.17,14.29,14.07,14.25,1540.6147
2024-08-04 02:00:00+00:00,14.23,14.4,14.22,14.31,1296.9997
2024-08-04 04:00:00+00:00,14.31,14.42,14.25,14.4,2570.9959
2024-08-04 06:00:00+00:00,14.4,14.46,14.25,14.28,1609.5118
2024-08-04 08:00:00+00:00,14.28,14.51,14.19,14.48,2931.7403
2024-08-04 10:00:00+00:00,14.49,14.55,14.34,14.4,3080.8661
2024-08-04 12:00:00+00:00,14.4,14.45,14.04,14.18,11391.1331
2024-08-04 14:00:00+00:00,14.17,14.24,13.59,13.6,6354.8558
2024-08-04 16:00:00+00:00,13.61,13.62,12.87,13.08,21416.1556
2024-08-04 18:00:00+00:00,13.08,13.4,12.92,13.31,6549.4961
2024-08-04 20:00:00+00:00,13.32,13.45,13.1,13.12,4621.8476
2024-08-04 22:00:00+00:00,13.12,13.27,12.88,12.98,4024.2913
2024-08-05 00:00:00+00:00,12.97,13.04,11.62,11.85,21393.2783
2024-08-05 02:00:00+00:00,11.86,11.93,11.32,11.67,18071.8491
2024-08-05 04:00:00+00:00,11.65,11.89,11.45,11.69,10253.4622
2024-08-05 06:00:00+00:00,11.68,11.78,10.95,11.73,18880.3827
2024-08-05 08:00:00+00:00,11.72,11.87,11.43,11.66,9379.3421
2024-08-05 10:00:00+00:00,11.7,11.72,10.94,11.38,15552.8634
2024-08-05 12:00:00+00:00,11.37,11.53,10.8,11.48,28727.8003
2024-08-05 14:00:00+00:00,11.47,12.13,11.44,12.0,14545.4921
2024-08-05 16:00:00+00:00,12.0,12.22,11.79,11.92,10923.9845
2024-08-05 18:00:00+00:00,11.93,11.95,11.42,11.67,7741.8071
2024-08-05 20:00:00+00:00,11.66,11.87,11.59,11.67,6357.5326
2024-08-05 22:00:00+00:00,11.69,11.92,11.61,11.65,4479.9173
2024-08-06 00:00:00+00:00,11.67,12.34,11.64,12.12,6034.6662
2024-08-06 02:00:00+00:00,12.14,12.19,12.02,12.07,2815.9603
2024-08-06 04:00:00+00:00,12.05,12.34,12.0,12.31,3896.1982
2024-08-06 06:00:00+00:00,12.31,12.36,12.12,12.27,4494.1748
2024-08-06 08:00:00+00:00,12.27,12.32,11.87,12.02,7482.2293
2024-08-06 10:00:00+00:00,12.04,12.1,11.92,12.01,4336.2351
2024-08-06 12:00:00+00:00,12.01,12.09,11.79,11.96,13507.877
2024-08-06 14:00:00+00:00,11.97,12.39,11.94,12.24,11415.6437
2024-08-06 16:00:00+00:00,12.25,12.38,12.12,12.24,12748.3056
2024-08-06 18:00:00+00:00,12.24,12.42,12.19,12.23,7729.8907
2024-08-06 20:00:00+00:00,12.23,12.32,12.14,12.28,4572.7973
2024-08-06 22:00:00+00:00,12.29,12.39,12.07,12.12,4682.8138
2024-08-07 00:00:00+00:00,12.12,12.29,11.96,12.26,6470.1846
2024-08-07 02:00:00+00:00,12.26,12.36,12.16,12.25,4876.5792
2024-08-07 04:00:00+00:00,12.24,12.35,12.18,12.22,3148.1791
2024-08-07 06:00:00+00:00,12.2,12.23,12.04,12.17,4465.1736
2024-08-07 08:00:00+00:00,12.17,12.3,12.11,12.22,5032.3547
2024-08-07 10:00:00+00:00,12.22,12.33,12.06,12.07,4379.1171
2024-08-07 12:00:00+00:00,12.08,12.19,12.01,12.07,5647.7378
2024-08-07 14:00:00+00:00,12.06,12.08,11.63,11.83,7426.0772
2024-08-07 16:00:00+00:00,11.83,11.87,11.57,11.69,2955.484
2024-08-07 18:00:00+00:00,11.68,11.72,11.57,11.69,5518.747
2024-08-07 20:00:00+00:00,11.7,11.89,11.51,11.84,8460.5402
2024-08-07 22:00:00+00:00,11.85,11.97,11.65,11.87,4231.5367
2024-08-08 00:00:00+00:00,11.88,12.23,11.7,12.22,5217.0597
2024-08-08 02:00:00+00:00,12.22,12.36,12.22,12.26,4190.6158
2024-08-08 04:00:00+00:00,12.26,12.35,12.24,12.3,4299.9907
2024-08-08 06:00:00+00:00,12.29,12.35,12.22,12.29,4551.0884
2024-08-08 08:00:00+00:00,12.29,12.48,12.24,12.41,4055.6924
2024-08-08 10:00:00+00:00,12.43,12.5,12.38,12.46,3666.9215
2024-08-08 12:00:00+00:00,12.46,12.61,12.36,12.46,12703.3682
2024-08-08 14:00:00+00:00,12.47,12.75,12.45,12.69,7527.4623
2024-08-08 16:00:00+00:00,12.69,12.83,12.64,12.64,11086.0747
2024-08-08 18:00:00+00:00,12.64,12.74,12.53,12.62,5595.8695
2024-08-08 20:00:00+00:00,12.6,12.88,12.58,12.88,3929.4514
2024-08-08 22:00:00+00:00,12.88,13.04,12.82,12.9,14685.5533
2024-08-09 00:00:00+00:00,12.9,12.96,12.78,12.84,6401.835
2024-08-09 02:00:00+00:00,12.83,12.9,12.77,12.84,2962.3477
2024-08-09 04:00:00+00:00,12.84,12.85,12.59,12.78,3662.7307
2024-08-09 06:00:00+00:00,12.78,12.87,12.73,12.8,3761.0427
2024-08-09 08:00:00+00:00,12.8,12.86,12.72,12.72,3795.2227
2024-08-09 10:00:00+00:00,12.73,12.74,12.62,12.65,3518.4699
2024-08-09 12:00:00+00:00,12.65,12.67,12.46,12.51,4287.756
2024-08-09 14:00:00+00:00,12.52,12.69,12.33,12.36,4709.6452
2024-08-09 16:00:00+00:00,12.36,12.53,12.3,12.46,2996.7394
2024-08-09 18:00:00+00:00,12.47,12.51,12.41,12.43,1491.526
2024-08-09 20:00:00+00:00,12.43,12.57,12.4,12.53,2550.4107
2024-08-09 22:00:00+00:00,12.54,12.59,12.42,12.55,1895.3741
2024-08-10 00:00:00+00:00,12.55,12.67,12.49,12.57,3748.7027
2024-08-10 02:00:00+00:00,12.56,12.66,12.54,12.59,1358.7428
2024-08-10 04:00:00+00:00,12.57,12.59,12.41,12.52,2117.7186
2024-08-10 06:00:00+00:00,12.52,12.65,12.48,12.63,1741.7541
2024-08-10 08:00:00+00:00,12.63,12.64,12.55,12.62,2287.7551
2024-08-10 10:00:00+00:00,12.62,12.65,12.58,12.61,1651.5014
2024-08-10 12:00:00+00:00,12.62,12.64,12.54,12.55,1819.0317
2024-08-10 14:00:00+00:00,12.54,12.64,12.5,12.58,2626.5906
2024-08-10 16:00:00+00:00,12.58,12.63,12.54,12.63,2762.4843
2024-08-10 18:00:00+00:00,12.63,12.67,12.54,12.62,2714.7827
2024-08-10 20:00:00+00:00,12.62,12.69,12.6,12.66,1716.0461
2024-08-10 22:00:00+00:00,12.66,12.68,12.6,12.64,1446.5241
2024-08-11 00:00:00+00:00,12.64,12.68,12.59,12.63,2074.6511
2024-08-11 02:00:00+00:00,12.63,12.76,12.59,12.69,1779.6318
2024-08-11 04:00:00+00:00,12.69,12.77,12.68,12.77,1726.6905
2024-08-11 06:00:00+00:00,12.76,12.79,12.7,12.79,1488.9019
2024-08-11 08:00:00+00:00,12.78,12.9,12.67,12.85,4521.624
2024-08-11 10:00:00+00:00,12.85,12.88,12.73,12.76,2465.4079
2024-08-11 12:00:00+00:00,12.76,12.77,12.63,12.72,2653.5092
2024-08-11 14:00:00+00:00,12.72,12.76,12.54,12.68,6641.6581
2024-08-11 16:00:00+00:00,12.69,13.05,12.56,13.04,18761.0998
2024-08-11 18:00:00+00:00,13.04,13.46,12.49,12.54,51504.8855
2024-08-11 20:00:00+00:00,12.54,12.55,12.16,12.4,8256.9785
2024-08-11 22:00:00+00:00,12.38,12.54,12.24,12.32,6668.9184
2024-08-12 00:00:00+00:00,12.31,12.44,12.21,12.39,4073.259
2024-08-12 02:00:00+00:00,12.36,12.38,12.25,12.27,2107.6017
2024-08-12 04:00:00+00:00,12.29,12.36,12.18,12.23,2033.0962
2024-08-12 06:00:00+00:00,12.25,12.55,12.02,12.51,8864.1111
2024-08-12 08:00:00+00:00,12.51,12.63,12.38,12.5,5920.2924
2024-08-12 10:00:00+00:00,12.5,12.91,12.49,12.87,3507.7029
2024-08-12 12:00:00+00:00,12.87,12.91,12.53,12.55,3292.6018
2024-08-12 14:00:00+00:00,12.55,12.97,12.4,12.85,10999.0194
2024-08-12 16:00:00+00:00,12.86,12.88,12.66,12.69,3351.046
2024-08-12 18:00:00+00:00,12.69,12.77,12.53,12.66,3358.9978
2024-08-12 20:00:00+00:00,12.68,12.86,12.64,12.7,3850.4358
2024-08-12 22:00:00+00:00,12.7,13.04,12.65,12.96,4442.9552
2024-08-13 00:00:00+00:00,12.96,13.06,12.91,13.01,4711.428
2024-08-13 02:00:00+00:00,12.99,13.0,12.71,12.72,2202.0734
2024-08-13 04:00:00+00:00,12.72,12.82,12.64,12.78,1226.7465
2024-08-13 06:00:00+00:00,12.78,12.79,12.68,12.7,1783.4066
2024-08-13 08:00:00+00:00,12.7,12.75,12.59,12.67,2315.2908
2024-08-13 10:00:00+00:00,12.67,12.67,12.54,12.59,1734.8381
2024-08-13 12:00:00+00:00,12.59,12.85,12.57,12.85,3027.1634
2024-08-13 14:00:00+00:00,12.83,12.85,12.61,12.7,2412.7215
2024-08-13 16:00:00+00:00,12.68,13.08,12.67,13.04,5634.6177
2024-08-13 18:00:00+00:00,13.04,13.11,12.92,13.07,3455.1373
2024-08-13 20:00:00+00:00,13.09,13.22,13.03,13.21,2674.2626
2024-08-13 22:00:00+00:00,13.2,13.33,13.08,13.14,6760.8913
2024-08-14 00:00:00+00:00,13.14,13.23,13.09,13.14,2770.6165
2024-08-14 02:00:00+00:00,13.14,13.28,13.11,13.22,2826.5597
2024-08-14 04:00:00+00:00,13.22,13.23,13.12,13.15,2185.2396
2024-08-14 06:00:00+00:00,13.15,13.21,13.06,13.06,2545.0244
2024-08-14 08:00:00+00:00,13.07,13.16,12.92,13.06,4167.4173
2024-08-14 10:00:00+00:00,13.06,13.28,13.03,13.19,4110.5354
2024-08-14 12:00:00+00:00,13.18,13.32,12.9,12.93,6288.1977
2024-08-14 14:00:00+00:00,12.9,12.97,12.55,12.9,9320.5892
2024-08-14 16:00:00+00:00,12.89,12.91,12.76,12.86,3510.2701
2024-08-14 18:00:00+00:00,12.85,12.9,12.59,12.63,7361.7193
2024-08-14 20:00:00+00:00,12.65,12.65,12.45,12.55,5025.2357
2024-08-14 22:00:00+00:00,12.55,12.66,12.4,12.61,2285.0491
2024-08-15 00:00:00+00:00,12.63,12.74,12.56,12.57,2472.2702
2024-08-15 02:00:00+00:00,12.59,12.72,12.57,12.7,1568.3671
2024-08-15 04:00:00+00:00,12.7,12.72,12.46,12.5,2278.3588
2024-08-15 06:00:00+00:00,12.5,12.6,12.47,12.6,2783.2923
2024-08-15 08:00:00+00:00,12.57,12.69,12.52,12.63,3005.1745
2024-08-15 10:00:00+00:00,12.62,12.63,12.43,12.63,4979.5084
2024-08-15 12:00:00+00:00,12.63,12.78,12.51,12.74,7521.3054
2024-08-15 14:00:00+00:00,12.74,12.8,12.65,12.69,2143.0789
2024-08-15 16:00:00+00:00,12.69,12.69,12.25,12.27,5915.724
2024-08-15 18:00:00+00:00,12.27,12.27,11.97,12.02,8775.9972
2024-08-15 20:00:00+00:00,12.02,12.03,11.78,11.98,7007.9932
2024-08-15 22:00:00+00:00,11.98,12.11,11.93,12.01,2297.7362
2024-08-16 00:00:00+00:00,12.02,12.07,11.95,12.02,2006.7548
2024-08-16 02:00:00+00:00,12.03,12.14,11.92,12.05,3049.8525
2024-08-16 04:00:00+00:00,12.05,12.25,12.03,12.23,3069.4457
2024-08-16 06:00:00+00:00,12.25,12.4,12.21,12.33,1486.5778
2024-08-16 08:00:00+00:00,12.33,12.42,12.31,12.39,1878.7229
2024-08-16 10:00:00+00:00,12.39,12.4,12.11,12.24,5177.1756
2024-08-16 12:00:00+00:00,12.25,12.37,12.03,12.3,4192.9075
2024-08-16 14:00:00+00:00,12.3,12.43,12.11,12.28,6449.5823
2024-08-16 16:00:00+00:00,12.31,12.55,12.21,12.51,6525.0542
2024-08-16 18:00:00+00:00,12.51,12.67,12.48,12.61,4245.1773
2024-08-16 20:00:00+00:00,12.62,12.69,12.55,12.59,3863.0385
2024-08-16 22:00:00+00:00,12.6,12.66,12.43,12.44,2703.6677
2024-08-17 00:00:00+00:00,12.44,12.47,12.36,12.41,1665.758
2024-08-17 02:00:00+00:00,12.41,12.45,12.32,12.35,1394.4402
2024-08-17 04:00:00+00:00,12.37,12.44,12.34,12.41,1402.0013
2024-08-17 06:00:00+00:00,12.41,12.48,12.35,12.39,2073.6478
2024-08-17 08:00:00+00:00,12.39,12.46,12.36,12.45,2418.3689
2024-08-17 10:00:00+00:00,12.44,12.57,12.42,12.55,4031.6649
2024-08-17 12:00:00+00:00,12.55,12.68,12.5,12.63,4228.0289
2024-08-17 14:00:00+00:00,12.63,12.75,12.62,12.7,3348.6002
2024-08-17 16:00:00+00:00,12.69,12.78,12.68,12.76,1966.6982
2024-08-17 18:00:00+00:00,12.75,12.82,12.57,12.68,5651.5746
2024-08-17 20:00:00+00:00,12.68,12.76,12.65,12.74,2375.0867
2024-08-17 22:00:00+00:00,12.74,12.93,12.73,12.9,16626.3797
2024-08-18 00:00:00+00:00,12.9,12.9,12.74,12.78,3908.1937
2024-08-18 02:00:00+00:00,12.77,12.84,12.72,12.75,1685.9235
2024-08-18 04:00:00+00:00,12.75,12.77,12.68,12.72,2015.3131
2024-08-18 06:00:00+00:00,12.71,12.79,12.71,12.74,949.2106
2024-08-18 08:00:00+00:00,12.74,12.92,12.71,12.9,2871.799
2024-08-18 10:00:00+00:00,12.9,13.21,12.9,13.17,8384.8676
2024-08-18 12:00:00+00:00,13.16,13.4,13.15,13.4,6597.9433
2024-08-18 14:00:00+00:00,13.38,13.53,13.35,13.52,4425.1286
2024-08-18 16:00:00+00:00,13.52,13.66,13.48,13.5,10601.4
2024-08-18 18:00:00+00:00,13.5,13.66,13.45,13.56,5232.9282
2024-08-18 20:00:00+00:00,13.57,13.62,13.53,13.56,3544.8394
2024-08-18 22:00:00+00:00,13.56,13.62,13.45,13.46,4699.1455
2024-08-19 00:00:00+00:00,13.47,13.57,13.41,13.5,2585.8829
2024-08-19 02:00:00+00:00,13.5,13.64,13.5,13.62,2156.0842
2024-08-19 04:00:00+00:00,13.62,13.65,13.44,13.48,1676.4752
2024-08-19 06:00:00+00:00,13.47,13.6,13.46,13.53,2762.4946
2024-08-19 08:00:00+00:00,13.53,13.61,13.42,13.46,2301.0575
2024-08-19 10:00:00+00:00,13.46,13.49,13.18,13.46,4622.9572
2024-08-19 12:00:00+00:00,13.46,13.49,13.19,13.3,3977.6656
2024-08-19 14:00:00+00:00,13.3,13.37,13.23,13.35,2919.0758
2024-08-19 16:00:00+00:00,13.35,13.47,13.16,13.43,2789.0238
2024-08-19 18:00:00+00:00,13.43,13.71,13.4,13.68,8479.1036
2024-08-19 20:00:00+00:00,13.68,13.88,13.65,13.77,10898.0202
2024-08-19 22:00:00+00:00,13.77,13.95,13.75,13.94,3899.1899
2024-08-20 00:00:00+00:00,13.94,14.0,13.89,13.96,4671.6404
2024-08-20 02:00:00+00:00,13.97,14.1,13.95,14.08,3158.3501
2024-08-20 04:00:00+00:00,14.08,14.23,14.03,14.18,2356.2903
2024-08-20 06:00:00+00:00,14.19,14.25,14.14,14.2,3956.3238
2024-08-20 08:00:00+00:00,14.2,14.23,14.1,14.2,4201.3311
2024-08-20 10:00:00+00:00,14.2,14.4,14.17,14.35,7868.8803
2024-08-20 12:00:00+00:00,14.35,14.59,14.33,14.49,15058.7459
2024-08-20 14:00:00+00:00,14.5,14.51,14.0,14.19,12544.1216
2024-08-20 16:00:00+00:00,14.2,14.3,14.09,14.2,5539.7673
2024-08-20 18:00:00+00:00,14.2,14.37,14.11,14.33,3534.7969
2024-08-20 20:00:00+00:00,14.32,14.4,14.16,14.22,3232.1665
2024-08-20 22:00:00+00:00,14.23,14.24,14.0,14.09,6170.0746
2024-08-21 00:00:00+00:00,14.1,14.17,14.01,14.1,2562.8414
2024-08-21 02:00:00+00:00,14.11,14.23,14.09,14.19,2085.2403
2024-08-21 04:00:00+00:00,14.19,14.27,14.19,14.24,1446.2505
2024-08-21 06:00:00+00:00,14.24,14.34,14.09,14.23,4870.057
2024-08-21 08:00:00+00:00,14.24,14.27,14.1,14.18,4524.6893
2024-08-21 10:00:00+00:00,14.17,14.27,14.11,14.11,3288.0349
2024-08-21 12:00:00+00:00,14.11,14.22,13.94,14.17,6355.6455
2024-08-21 14:00:00+00:00,14.17,14.61,14.12,14.57,15409.1529
2024-08-21 16:00:00+00:00,14.59,14.88,14.44,14.78,26674.0588
2024-08-21 18:00:00+00:00,14.78,14.92,14.78,14.9,8356.7147
2024-08-21 20:00:00+00:00,14.9,14.93,14.77,14.88,7841.7775
2024-08-21 22:00:00+00:00,14.89,14.98,14.85,14.86,3972.9226
2024-08-22 00:00:00+00:00,14.87,15.01,14.76,14.83,4021.7423
2024-08-22 02:00:00+00:00,14.82,14.82,14.61,14.74,3008.5425
2024-08-22 04:00:00+00:00,14.73,14.76,14.66,14.7,1602.4873
2024-08-22 06:00:00+00:00,14.7,14.85,14.67,14.81,2501.3695
2024-08-22 08:00:00+00:00,14.8,14.91,14.71,14.88,6070.3894
2024-08-22 10:00:00+00:00,14.87,14.99,14.85,14.87,2750.7382
2024-08-22 12:00:00+00:00,14.88,14.9,14.77,14.85,3909.1008
2024-08-22 14:00:00+00:00,14.84,14.86,14.61,14.66,4312.0424
2024-08-22 16:00:00+00:00,14.66,14.76,14.63,14.69,2592.9283
2024-08-22 18:00:00+00:00,14.69,14.92,14.66,14.67,3613.3107
2024-08-22 20:00:00+00:00,14.67,14.79,14.52,14.62,5440.009
2024-08-22 22:00:00+00:00,14.61,14.68,14.35,14.63,6278.6899
2024-08-23 00:00:00+00:00,14.62,14.75,14.61,14.7,2840.1417
2024-08-23 02:00:00+00:00,14.69,14.83,14.68,14.77,2136.124
2024-08-23 04:00:00+00:00,14.77,15.04,14.77,15.03,3075.3153
2024-08-23 06:00:00+00:00,15.03,15.2,14.98,15.12,13349.2904
2024-08-23 08:00:00+00:00,15.12,15.38,15.1,15.35,9702.7424
2024-08-23 10:00:00+00:00,15.35,15.51,15.26,15.35,6070.1239
2024-08-23 12:00:00+00:00,15.35,15.55,15.33,15.46,6282.1004
2024-08-23 14:00:00+00:00,15.48,15.58,15.23,15.5,8603.8315
2024-08-23 16:00:00+00:00,15.52,15.67,15.46,15.59,5420.1441
2024-08-23 18:00:00+00:00,15.58,15.84,15.56,15.77,5792.4871
2024-08-23 20:00:00+00:00,15.76,15.93,15.76,15.86,5352.7478
2024-08-23 22:00:00+00:00,15.86,15.88,15.67,15.71,6576.2573
2024-08-24 00:00:00+00:00,15.71,15.93,15.68,15.74,4485.3182
2024-08-24 02:00:00+00:00,15.74,15.83,15.55,15.72,3390.3676
2024-08-24 04:00:00+00:00,15.73,15.76,15.69,15.74,1573.1766
2024-08-24 06:00:00+00:00,15.76,15.81,15.7,15.73,1596.7522
2024-08-24 08:00:00+00:00,15.71,15.96,15.67,15.91,4599.8465
2024-08-24 10:00:00+00:00,15.92,15.95,15.74,15.83,4260.6903
2024-08-24 12:00:00+00:00,15.8,16.02,15.7,15.95,10073.2949
2024-08-24 14:00:00+00:00,15.95,16.07,15.83,15.99,4795.4624
2024-08-24 16:00:00+00:00,16.0,16.64,15.99,16.61,31257.1052
2024-08-24 18:00:00+00:00,16.61,16.75,16.5,16.62,12286.1671
2024-08-24 20:00:00+00:00,16.62,16.65,16.11,16.14,5856.845
2024-08-24 22:00:00+00:00,16.13,16.29,16.12,16.29,2454.0585
2024-08-25 00:00:00+00:00,16.28,16.33,15.95,16.13,5691.6624
2024-08-25 02:00:00+00:00,16.13,16.47,16.11,16.25,2589.5052
2024-08-25 04:00:00+00:00,16.25,16.29,16.12,16.17,2127.6783
2024-08-25 06:00:00+00:00,16.2,16.27,14.95,14.97,34401.2177
2024-08-25 08:00:00+00:00,15.01,15.29,14.76,15.16,10122.5403
2024-08-25 10:00:00+00:00,15.17,15.19,14.99,15.06,4909.6299
2024-08-25 12:00:00+00:00,15.04,15.25,14.92,15.1,9822.1137
2024-08-25 14:00:00+00:00,15.12,15.28,15.09,15.18,3855.1349
2024-08-25 16:00:00+00:00,15.2,15.25,15.1,15.24,3664.9664
2024-08-25 18:00:00+00:00,15.23,15.28,15.2,15.23,1469.0442
2024-08-25 20:00:00+00:00,15.25,15.47,15.17,15.37,3574.8259
2024-08-25 22:00:00+00:00,15.35,15.49,15.32,15.35,6107.5164
2024-08-26 00:00:00+00:00,15.35,15.46,15.18,15.18,2528.0017
2024-08-26 02:00:00+00:00,15.2,15.35,15.05,15.27,2028.0847
2024-08-26 04:00:00+00:00,15.27,15.36,15.19,15.2,1643.2352
2024-08-26 06:00:00+00:00,15.21,15.38,14.94,15.34,8545.0367
2024-08-26 08:00:00+00:00,15.33,15.6,15.32,15.58,6648.9679
2024-08-26 10:00:00+00:00,15.58,15.72,15.55,15.67,5209.0395
2024-08-26 12:00:00+00:00,15.66,15.67,15.18,15.32,6545.208
2024-08-26 14:00:00+00:00,15.32,15.38,15.05,15.1,5528.047
2024-08-26 16:00:00+00:00,15.09,15.23,14.72,14.82,5317.4108
2024-08-26 18:00:00+00:00,14.8,14.96,14.63,14.64,5497.1305
2024-08-26 20:00:00+00:00,14.66,14.74,14.46,14.51,3937.2512
2024-08-26 22:00:00+00:00,14.51,14.61,14.51,14.52,2185.6912
2024-08-27 00:00:00+00:00,14.52,14.72,14.45,14.64,2895.6141
2024-08-27 02:00:00+00:00,14.66,14.72,14.55,14.72,2370.6381
2024-08-27 04:00:00+00:00,14.7,14.89,14.67,14.86,1783.5519
2024-08-27 06:00:00+00:00,14.88,14.93,14.7,14.84,2443.8593
2024-08-27 08:00:00+00:00,14.84,14.87,14.66,14.74,3059.6923
2024-08-27 10:00:00+00:00,14.74,14.77,14.4,14.62,6602.1149
2024-08-27 12:00:00+00:00,14.64,14.78,14.55,14.68,5052.2329
2024-08-27 14:00:00+00:00,14.7,14.77,14.57,14.63,3887.7441
2024-08-27 16:00:00+00:00,14.64,14.72,14.49,14.6,2976.174
2024-08-27 18:00:00+00:00,14.61,14.77,14.58,14.73,2665.2216
2024-08-27 20:00:00+00:00,14.72,14.74,14.0,14.13,5293.6194
2024-08-27 22:00:00+00:00,14.16,14.27,13.71,14.13,10560.4256
2024-08-28 00:00:00+00:00,14.13,14.19,13.93,14.05,3243.8303
2024-08-28 02:00:00+00:00,14.07,14.12,13.91,14.11,2401.7713
2024-08-28 04:00:00+00:00,14.1,14.2,13.92,13.95,6438.9376
2024-08-28 06:00:00+00:00,13.95,13.98,13.67,13.7,3338.4412
2024-08-28 08:00:00+00:00,13.7,14.39,13.63,14.36,3614.1708
2024-08-28 10:00:00+00:00,14.36,14.5,14.24,14.47,4952.5598
2024-08-28 12:00:00+00:00,14.45,14.61,14.2,14.22,4196.5314
2024-08-28 14:00:00+00:00,14.21,14.45,13.94,14.09,5805.3461
2024-08-28 16:00:00+00:00,14.07,14.14,13.64,14.03,7504.2486
2024-08-28 18:00:00+00:00,13.99,14.32,13.94,14.1,4285.7742
2024-08-28 20:00:00+00:00,14.08,14.32,14.0,14.06,3452.6542
2024-08-28 22:00:00+00:00,14.04,14.16,13.85,14.03,5531.9722
2024-08-29 00:00:00+00:00,14.03,14.13,13.88,13.95,2944.4141
2024-08-29 02:00:00+00:00,13.94,14.07,13.9,13.98,2124.2623
2024-08-29 04:00:00+00:00,13.98,14.11,13.8,14.09,4173.7187
2024-08-29 06:00:00+00:00,14.09,14.36,14.01,14.32,4953.3426
2024-08-29 08:00:00+00:00,14.32,14.35,14.2,14.21,3061.0338
2024-08-29 10:00:00+00:00,14.22,14.43,14.17,14.34,2675.5182
2024-08-29 12:00:00+00:00,14.37,14.55,14.32,14.53,3599.6461
2024-08-29 14:00:00+00:00,14.55,14.62,14.48,14.54,2668.1101
2024-08-29 16:00:00+00:00,14.53,14.68,14.44,14.49,2857.8371
2024-08-29 18:00:00+00:00,14.5,14.5,14.07,14.2,3147.9155
2024-08-29 20:00:00+00:00,14.21,14.33,14.15,14.16,3189.4606
2024-08-29 22:00:00+00:00,14.17,14.21,14.04,14.17,2036.0816
2024-08-30 00:00:00+00:00,14.14,14.25,13.97,14.1,3338.5737
2024-08-30 02:00:00+00:00,14.09,14.13,13.98,14.01,1891.1263
2024-08-30 04:00:00+00:00,14.0,14.07,13.9,13.9,2222.5597
2024-08-30 06:00:00+00:00,13.93,14.22,13.9,14.09,3155.2436
2024-08-30 08:00:00+00:00,14.11,14.29,14.07,14.22,4445.1235
2024-08-30 10:00:00+00:00,14.23,14.29,14.01,14.2,4247.3237
2024-08-30 12:00:00+00:00,14.2,14.31,14.11,14.27,3110.9896
2024-08-30 14:00:00+00:00,14.26,14.29,13.49,13.56,10777.0948
2024-08-30 16:00:00+00:00,13.55,13.93,13.52,13.91,4531.8511
2024-08-30 18:00:00+00:00,13.91,14.26,13.88,14.0,2599.4932
2024-08-30 20:00:00+00:00,14.01,14.17,13.96,14.15,1922.337
2024-08-30 22:00:00+00:00,14.15,14.18,14.01,14.02,1857.829
2024-08-31 00:00:00+00:00,14.02,14.07,13.9,13.98,3587.9789
2024-08-31 02:00:00+00:00,13.98,13.99,13.9,13.95,1260.8217
2024-08-31 04:00:00+00:00,13.96,14.0,13.84,13.86,1669.3315
2024-08-31 06:00:00+00:00,13.86,13.87,13.7,13.8,3480.3264
2024-08-31 08:00:00+00:00,13.79,13.89,13.73,13.76,2838.3203
2024-08-31 10:00:00+00:00,13.76,13.83,13.64,13.71,3485.4703
2024-08-31 12:00:00+00:00,13.72,13.92,13.71,13.78,4296.2965
2024-08-31 14:00:00+00:00,13.76,13.87,13.75,13.79,2168.5071
2024-08-31 16:00:00+00:00,13.78,13.83,13.54,13.62,3831.8532
2024-08-31 18:00:00+00:00,13.63,13.7,13.55,13.64,2182.2101
2024-08-31 20:00:00+00:00,13.66,13.8,13.61,13.78,1662.3201
2024-08-31 22:00:00+00:00,13.78,13.83,13.75,13.82,1582.3103
2024-09-01 00:00:00+00:00,13.8,13.81,13.55,13.57,2950.4894
2024-09-01 02:00:00+00:00,13.55,13.61,13.42,13.53,3641.7256
2024-09-01 04:00:00+00:00,13.55,13.6,13.36,13.43,2879.8343
2024-09-01 06:00:00+00:00,13.45,13.73,13.42,13.67,3989.8415
2024-09-01 08:00:00+00:00,13.69,13.72,13.55,13.56,2719.7199
2024-09-01 10:00:00+00:00,13.56,13.63,13.5,13.6,3274.067
2024-09-01 12:00:00+00:00,13.6,13.64,13.45,13.57,3771.7218
2024-09-01 14:00:00+00:00,13.56,13.7,13.39,13.67,3062.4779
2024-09-01 16:00:00+00:00,13.69,13.75,13.47,13.55,2384.805
2024-09-01 18:00:00+00:00,13.55,13.95,13.52,13.79,6157.169
2024-09-01 20:00:00+00:00,13.79,13.88,13.67,13.71,2021.3521
2024-09-01 22:00:00+00:00,13.72,13.73,13.34,13.47,3985.4782
2024-09-02 00:00:00+00:00,13.47,13.62,13.39,13.53,3359.8184
2024-09-02 02:00:00+00:00,13.55,13.63,13.45,13.53,1974.9479
2024-09-02 04:00:00+00:00,13.53,13.55,13.3,13.47,2104.6403
2024-09-02 06:00:00+00:00,13.47,13.5,13.27,13.35,2058.8522
2024-09-02 08:00:00+00:00,13.35,13.86,13.31,13.78,8318.2885
2024-09-02 10:00:00+00:00,13.78,14.04,13.76,13.92,8343.1459
2024-09-02 12:00:00+00:00,13.91,13.96,13.81,13.82,4214.4669
2024-09-02 14:00:00+00:00,13.84,13.99,13.73,13.9,2848.2318
2024-09-02 16:00:00+00:00,13.91,13.99,13.81,13.93,2370.694
2024-09-02 18:00:00+00:00,13.93,14.01,13.88,13.89,2527.8687
2024-09-02 20:00:00+00:00,13.91,14.16,13.91,14.06,4313.0612
2024-09-02 22:00:00+00:00,14.06,14.27,14.06,14.14,3664.5805
2024-09-03 00:00:00+00:00,14.15,14.22,14.02,14.16,3785.8612
2024-09-03 02:00:00+00:00,14.17,14.25,14.14,14.22,2415.5974
2024-09-03 04:00:00+00:00,14.2,14.24,14.09,14.18,2152.4109
2024-09-03 06:00:00+00:00,14.2,14.2,14.01,14.13,4642.9876
2024-09-03 08:00:00+00:00,14.13,14.16,13.94,14.03,6565.4595
2024-09-03 10:00:00+00:00,14.01,14.24,13.99,14.24,3671.3825
2024-09-03 12:00:00+00:00,14.24,14.28,13.83,13.92,8597.4737
2024-09-03 14:00:00+00:00,13.9,13.9,13.5,13.54,7024.6562
2024-09-03 16:00:00+00:00,13.54,13.78,13.51,13.63,4984.1236
2024-09-03 18:00:00+00:00,13.64,13.78,13.62,13.66,2343.6305
2024-09-03 20:00:00+00:00,13.68,13.76,13.57,13.7,3104.3889
2024-09-03 22:00:00+00:00,13.7,13.7,13.47,13.49,2934.6694
2024-09-04 00:00:00+00:00,13.5,13.61,12.67,13.21,15002.4267
2024-09-04 02:00:00+00:00,13.21,13.37,13.15,13.31,3496.556
2024-09-04 04:00:00+00:00,13.3,13.39,13.22,13.24,2530.7737
2024-09-04 06:00:00+00:00,13.25,13.38,13.15,13.35,4886.9367
2024-09-04 08:00:00+00:00,13.36,13.43,13.28,13.29,4131.2044
2024-09-04 10:00:00+00:00,13.3,13.32,13.15,13.16,4149.8634
2024-09-04 12:00:00+00:00,13.17,13.3,13.11,13.25,4724.7151
2024-09-04 14:00:00+00:00,13.25,13.71,13.19,13.68,8060.9035
2024-09-04 16:00:00+00:00,13.68,13.91,13.64,13.64,5463.4288
2024-09-04 18:00:00+00:00,13.65,13.71,13.56,13.69,2018.6652
2024-09-04 20:00:00+00:00,13.69,13.72,13.41,13.61,6443.6515
2024-09-04 22:00:00+00:00,13.64,13.69,13.54,13.61,2273.8541
2024-09-05 00:00:00+00:00,13.6,13.66,13.57,13.59,2234.8704
2024-09-05 02:00:00+00:00,13.59,13.62,13.18,13.24,3566.9033
2024-09-05 04:00:00+00:00,13.24,13.35,13.2,13.31,2274.3102
2024-09-05 06:00:00+00:00,13.31,13.34,13.14,13.31,1935.7142
2024-09-05 08:00:00+00:00,13.32,13.32,13.11,13.15,2617.3126
2024-09-05 10:00:00+00:00,13.15,13.21,13.1,13.19,3545.9455
2024-09-05 12:00:00+00:00,13.19,13.25,13.1,13.21,3049.7203
2024-09-05 14:00:00+00:00,13.21,13.27,12.89,12.97,6508.8857
2024-09-05 16:00:00+00:00,12.97,13.08,12.89,13.06,3183.9532
2024-09-05 18:00:00+00:00,13.06,13.1,12.82,12.94,3066.5092
2024-09-05 20:00:00+00:00,12.95,13.04,12.9,12.99,2464.6368
2024-09-05 22:00:00+00:00,12.99,13.02,12.87,13.0,1955.8245
2024-09-06 00:00:00+00:00,12.99,13.1,12.86,13.08,2404.4747
2024-09-06 02:00:00+00:00,13.07,13.14,13.03,13.07,2759.8374
2024-09-06 04:00:00+00:00,13.09,13.1,12.92,12.96,2007.4938
2024-09-06 06:00:00+00:00,12.96,12.98,12.72,12.87,3242.8702
2024-09-06 08:00:00+00:00,12.87,12.96,12.79,12.94,1966.5486
2024-09-06 10:00:00+00:00,12.94,13.12,12.92,13.1,2598.7523
2024-09-06 12:00:00+00:00,13.12,13.37,13.07,13.14,6281.9786
2024-09-06 14:00:00+00:00,13.16,13.21,12.67,12.85,6728.485
2024-09-06 16:00:00+00:00,12.85,12.86,12.53,12.68,4313.012
2024-09-06 18:00:00+00:00,12.69,12.72,12.45,12.55,4586.8011
2024-09-06 20:00:00+00:00,12.55,12.6,12.24,12.57,6954.9383
2024-09-06 22:00:00+00:00,12.55,12.7,12.49,12.64,2737.5498
2024-09-07 00:00:00+00:00,12.65,12.74,12.47,12.48,2483.6442
2024-09-07 02:00:00+00:00,12.48,12.61,12.43,12.6,2296.4591
2024-09-07 04:00:00+00:00,12.6,12.75,12.51,12.69,2364.3449
2024-09-07 06:00:00+00:00,12.69,12.93,12.65,12.91,3688.456
2024-09-07 08:00:00+00:00,12.89,13.06,12.85,13.01,3797.6208
2024-09-07 10:00:00+00:00,13.03,13.07,12.97,13.03,2995.6393
2024-09-07 12:00:00+00:00,13.02,13.15,13.0,13.12,2774.1243
2024-09-07 14:00:00+00:00,13.11,13.16,12.96,12.96,5300.0239
2024-09-07 16:00:00+00:00,12.96,12.99,12.66,12.74,5057.8115
2024-09-07 18:00:00+00:00,12.74,12.81,12.68,12.79,3726.6062
2024-09-07 20:00:00+00:00,12.77,12.79,12.54,12.57,2916.8569
2024-09-07 22:00:00+00:00,12.57,12.69,12.51,12.68,2716.1413
2024-09-08 00:00:00+00:00,12.66,12.73,12.56,12.73,1801.3496
2024-09-08 02:00:00+00:00,12.71,12.78,12.66,12.77,2067.2326
2024-09-08 04:00:00+00:00,12.78,12.88,12.74,12.87,2099.6317
2024-09-08 06:00:00+00:00,12.85,12.97,12.83,12.94,1984.6404
2024-09-08 08:00:00+00:00,12.95,13.19,12.88,13.13,6223.0699
2024-09-08 10:00:00+00:00,13.13,13.15,12.94,12.94,3241.1346
2024-09-08 12:00:00+00:00,12.94,13.0,12.81,12.91,3401.3559
2024-09-08 14:00:00+00:00,12.91,12.93,12.71,12.75,2090.4958
2024-09-08 16:00:00+00:00,12.75,13.1,12.67,12.91,8718.8687
2024-09-08 18:00:00+00:00,12.95,12.97,12.88,12.89,2129.5287
2024-09-08 20:00:00+00:00,12.91,13.08,12.87,13.0,1834.8507
2024-09-08 22:00:00+00:00,13.02,13.21,13.0,13.02,3717.5047
2024-09-09 00:00:00+00:00,13.03,13.2,12.94,13.12,4285.9537
2024-09-09 02:00:00+00:00,13.12,13.19,13.03,13.16,1797.6871
2024-09-09 04:00:00+00:00,13.15,13.2,13.08,13.13,2007.0857
2024-09-09 06:00:00+00:00,13.11,13.33,13.09,13.32,2219.832
2024-09-09 08:00:00+00:00,13.32,13.5,13.28,13.43,6845.9268
2024-09-09 10:00:00+00:00,13.45,13.82,13.4,13.51,36209.6621
2024-09-09 12:00:00+00:00,13.51,13.62,13.44,13.6,6794.5477
2024-09-09 14:00:00+00:00,13.61,13.63,13.06,13.28,15862.3036
2024-09-09 16:00:00+00:00,13.28,13.62,13.25,13.41,10651.9344
2024-09-09 18:00:00+00:00,13.42,13.47,13.36,13.45,3271.0366
2024-09-09 20:00:00+00:00,13.46,13.54,13.3,13.46,5775.534
2024-09-09 22:00:00+00:00,13.47,13.49,13.36,13.4,3301.706
2024-09-10 00:00:00+00:00,13.39,13.4,13.24,13.27,2241.3257
2024-09-10 02:00:00+00:00,13.28,13.29,13.13,13.15,1791.7942
2024-09-10 04:00:00+00:00,13.15,13.24,13.09,13.23,3016.3508
2024-09-10 06:00:00+00:00,13.24,13.32,13.15,13.3,1980.7883
2024-09-10 08:00:00+00:00,13.31,13.35,13.16,13.26,3212.964
2024-09-10 10:00:00+00:00,13.26,13.58,13.24,13.57,5498.6575
2024-09-10 12:00:00+00:00,13.57,13.62,13.43,13.54,8912.0523
2024-09-10 14:00:00+00:00,13.54,13.74,13.49,13.59,5735.2963
2024-09-10 16:00:00+00:00,13.57,13.68,13.56,13.65,2780.3797
2024-09-10 18:00:00+00:00,13.67,13.82,13.66,13.8,2295.1477
2024-09-10 20:00:00+00:00,13.8,13.86,13.77,13.83,2613.1356
2024-09-10 22:00:00+00:00,13.83,13.99,13.81,13.97,3453.9618
2024-09-11 00:00:00+00:00,13.97,14.0,13.75,13.83,3990.8621
2024-09-11 02:00:00+00:00,13.83,13.99,13.83,13.93,3114.4042
2024-09-11 04:00:00+00:00,13.93,14.07,13.67,13.95,17022.183
2024-09-11 06:00:00+00:00,13.94,14.35,13.81,14.09,16627.5092
2024-09-11 08:00:00+00:00,14.1,14.1,13.88,14.05,9370.2317
2024-09-11 10:00:00+00:00,14.07,14.46,13.48,13.58,51923.7087
2024-09-11 12:00:00+00:00,13.58,13.81,13.15,13.3,16510.3022
2024-09-11 14:00:00+00:00,13.29,13.49,13.09,13.41,13130.9279
2024-09-11 16:00:00+00:00,13.41,13.75,13.38,13.64,17536.4989
2024-09-11 18:00:00+00:00,13.65,13.69,13.5,13.6,3308.9789
2024-09-11 20:00:00+00:00,13.59,13.7,13.59,13.64,1653.6082
2024-09-11 22:00:00+00:00,13.64,13.73,13.57,13.61,2424.1931
2024-09-12 00:00:00+00:00,13.6,13.81,13.56,13.81,2423.0622
2024-09-12 02:00:00+00:00,13.79,13.92,13.57,13.73,8667.6109
2024-09-12 04:00:00+00:00,13.73,13.79,13.63,13.66,1225.6297
2024-09-12 06:00:00+00:00,13.64,13.8,13.62,13.74,1684.6531
2024-09-12 08:00:00+00:00,13.75,13.83,13.72,13.74,1990.0585
2024-09-12 10:00:00+00:00,13.74,13.79,13.72,13.75,1657.8738
2024-09-12 12:00:00+00:00,13.75,13.77,13.6,13.7,3655.232
2024-09-12 14:00:00+00:00,13.68,13.83,13.61,13.63,5302.3143
2024-09-12 16:00:00+00:00,13.64,13.94,13.63,13.93,2167.5873
2024-09-12 18:00:00+00:00,13.93,13.99,13.88,13.97,3687.039
2024-09-12 20:00:00+00:00,13.97,14.02,13.89,13.97,2519.0033
2024-09-12 22:00:00+00:00,13.98,14.06,13.84,13.93,3081.1961
2024-09-13 00:00:00+00:00,13.95,14.0,13.89,13.92,1327.194
2024-09-13 02:00:00+00:00,13.92,13.96,13.89,13.9,905.3427
2024-09-13 04:00:00+00:00,13.89,13.96,13.85,13.95,1520.1906
2024-09-13 06:00:00+00:00,13.93,13.95,13.72,13.92,2202.8756
2024-09-13 08:00:00+00:00,13.92,13.97,13.87,13.9,2203.6643
2024-09-13 10:00:00+00:00,13.91,13.95,13.86,13.86,1195.6459
2024-09-13 12:00:00+00:00,13.87,14.11,13.83,14.01,5190.074
2024-09-13 14:00:00+00:00,14.01,14.35,13.95,14.33,5253.8079
2024-09-13 16:00:00+00:00,14.33,14.36,14.2,14.24,6934.6589
2024-09-13 18:00:00+00:00,14.22,14.37,14.2,14.21,4273.9161
2024-09-13 20:00:00+00:00,14.22,14.32,14.11,14.28,4043.2182
2024-09-13 22:00:00+00:00,14.3,14.36,14.27,14.33,1320.1996
2024-09-14 00:00:00+00:00,14.33,14.39,14.24,14.24,1536.2807
2024-09-14 02:00:00+00:00,14.26,14.28,14.22,14.24,439.5512
2024-09-14 04:00:00+00:00,14.25,14.28,14.16,14.16,1479.5328
2024-09-14 06:00:00+00:00,14.17,14.24,14.1,14.21,3043.918
2024-09-14 08:00:00+00:00,14.21,14.23,14.18,14.22,567.0143
2024-09-14 10:00:00+00:00,14.22,14.22,14.09,14.13,1462.5942
2024-09-14 12:00:00+00:00,14.16,14.24,14.13,14.2,1062.8687
2024-09-14 14:00:00+00:00,14.2,14.41,14.2,14.3,2471.7822
2024-09-14 16:00:00+00:00,14.32,14.35,14.24,14.29,1496.713
2024-09-14 18:00:00+00:00,14.27,14.29,14.16,14.22,1593.6326
2024-09-14 20:00:00+00:00,14.2,14.25,14.07,14.09,3307.5855
2024-09-14 22:00:00+00:00,14.09,14.15,14.07,14.14,1024.7181
2024-09-15 00:00:00+00:00,14.15,14.29,14.13,14.27,923.4339
2024-09-15 02:00:00+00:00,14.26,14.32,14.26,14.3,692.7046
2024-09-15 04:00:00+00:00,14.28,14.3,14.08,14.13,1516.249
2024-09-15 06:00:00+00:00,14.13,14.2,14.04,14.11,2217.1472
2024-09-15 08:00:00+00:00,14.14,14.15,14.06,14.07,1051.5909
2024-09-15 10:00:00+00:00,14.09,14.12,14.01,14.02,2368.1437
2024-09-15 12:00:00+00:00,14.02,14.2,14.02,14.08,1612.5471
2024-09-15 14:00:00+00:00,14.11,14.15,14.02,14.05,2079.4192
2024-09-15 16:00:00+00:00,14.07,14.08,13.92,13.94,3921.3856
2024-09-15 18:00:00+00:00,13.95,14.02,13.87,13.96,1338.7048
2024-09-15 20:00:00+00:00,13.96,13.96,13.63,13.8,2985.5307
2024-09-15 22:00:00+00:00,13.8,13.81,13.44,13.67,4646.8414
2024-09-16 00:00:00+00:00,13.68,13.69,13.4,13.49,3061.8746
2024-09-16 02:00:00+00:00,13.49,13.5,13.32,13.46,1945.5836
2024-09-16 04:00:00+00:00,13.46,13.54,13.39,13.48,2497.4094
2024-09-16 06:00:00+00:00,13.47,13.59,13.39,13.57,1808.6438
2024-09-16 08:00:00+00:00,13.57,13.64,13.31,13.36,2408.0711
2024-09-16 10:00:00+00:00,13.36,13.5,13.21,13.43,5687.4909
2024-09-16 12:00:00+00:00,13.43,13.43,13.17,13.33,7662.7223
2024-09-16 14:00:00+00:00,13.33,13.35,13.12,13.27,3657.996
2024-09-16 16:00:00+00:00,13.25,13.32,13.12,13.28,3379.0487
2024-09-16 18:00:00+00:00,13.28,13.29,13.12,13.12,2065.7196
2024-09-16 20:00:00+00:00,13.11,13.14,13.03,13.11,2178.1721
2024-09-16 22:00:00+00:00,13.11,13.19,13.06,13.15,1298.9128
2024-09-17 00:00:00+00:00,13.15,13.17,13.02,13.07,1555.1361
2024-09-17 02:00:00+00:00,13.08,13.12,13.04,13.05,1780.9266
2024-09-17 04:00:00+00:00,13.06,13.27,13.04,13.23,1704.5046
2024-09-17 06:00:00+00:00,13.24,13.27,13.16,13.25,1666.4143
2024-09-17 08:00:00+00:00,13.25,13.33,13.22,13.3,1179.6261
2024-09-17 10:00:00+00:00,13.3,13.36,13.2,13.25,1639.6726
2024-09-17 12:00:00+00:00,13.24,13.34,13.2,13.26,2492.2177
2024-09-17 14:00:00+00:00,13.26,13.56,12.71,13.22,34384.3026
2024-09-17 16:00:00+00:00,13.23,13.25,13.06,13.12,5750.0809
2024-09-17 18:00:00+00:00,13.11,13.22,12.86,13.03,4604.5182
2024-09-17 20:00:00+00:00,13.03,13.11,12.96,13.06,2586.9321
2024-09-17 22:00:00+00:00,13.06,13.1,12.94,13.03,4065.3979
2024-09-18 00:00:00+00:00,13.04,13.07,12.91,13.02,2364.5697
2024-09-18 02:00:00+00:00,13.02,13.2,13.01,13.15,2424.67
2024-09-18 04:00:00+00:00,13.16,13.17,13.02,13.04,1659.4628
2024-09-18 06:00:00+00:00,13.04,13.18,13.03,13.06,2761.4333
2024-09-18 08:00:00+00:00,13.06,13.09,12.79,12.79,2287.8096
2024-09-18 10:00:00+00:00,12.81,12.94,12.75,12.91,3457.8654
2024-09-18 12:00:00+00:00,12.89,13.0,12.78,12.86,4371.5681
2024-09-18 14:00:00+00:00,12.86,12.96,12.74,12.78,2073.4046
2024-09-18 16:00:00+00:00,12.78,12.95,12.71,12.94,8229.7853
2024-09-18 18:00:00+00:00,12.91,13.4,12.91,13.17,15392.2159
2024-09-18 20:00:00+00:00,13.17,13.3,13.07,13.22,2482.9387
2024-09-18 22:00:00+00:00,13.21,13.47,13.19,13.46,5716.9814
2024-09-19 00:00:00+00:00,13.47,13.5,13.35,13.45,3286.2297
2024-09-19 02:00:00+00:00,13.45,13.62,13.43,13.6,2145.1657
2024-09-19 04:00:00+00:00,13.6,13.78,13.57,13.76,3634.929
2024-09-19 06:00:00+00:00,13.76,13.86,13.68,13.85,1569.7445
2024-09-19 08:00:00+00:00,13.85,13.95,13.83,13.93,4973.9476
2024-09-19 10:00:00+00:00,13.92,14.06,13.86,14.06,5294.3132
2024-09-19 12:00:00+00:00,14.02,14.21,14.02,14.07,11738.6567
2024-09-19 14:00:00+00:00,14.07,14.25,14.07,14.23,5437.1633
2024-09-19 16:00:00+00:00,14.23,14.34,14.1,14.27,7045.0278
2024-09-19 18:00:00+00:00,14.26,14.35,14.22,14.34,2723.5926
2024-09-19 20:00:00+00:00,14.34,14.39,14.08,14.24,5404.203
2024-09-19 22:00:00+00:00,14.24,14.39,14.0,14.11,8644.0935
2024-09-20 00:00:00+00:00,14.11,14.19,13.92,14.06,3985.8864
2024-09-20 02:00:00+00:00,14.1,14.45,14.09,14.41,3440.2763
2024-09-20 04:00:00+00:00,14.43,14.66,14.38,14.61,4372.3937
2024-09-20 06:00:00+00:00,14.62,14.71,14.53,14.66,2604.4629
2024-09-20 08:00:00+00:00,14.66,14.84,14.54,14.8,5195.8376
2024-09-20 10:00:00+00:00,14.78,14.92,14.54,14.72,7965.5275
2024-09-20 12:00:00+00:00,14.72,14.78,14.25,14.4,10514.2048
2024-09-20 14:00:00+00:00,14.38,14.59,14.23,14.55,7530.6409
2024-09-20 16:00:00+00:00,14.55,14.67,14.52,14.6,4717.8904
2024-09-20 18:00:00+00:00,14.6,14.62,14.46,14.58,2971.7308
2024-09-20 20:00:00+00:00,14.57,14.74,14.56,14.74,3596.6547
2024-09-20 22:00:00+00:00,14.74,14.85,14.66,14.82,2632.8503
2024-09-21 00:00:00+00:00,14.82,14.88,14.67,14.73,3387.0151
2024-09-21 02:00:00+00:00,14.73,14.78,14.65,14.71,1327.5729
2024-09-21 04:00:00+00:00,14.71,14.73,14.48,14.65,1562.5128
2024-09-21 06:00:00+00:00,14.63,14.88,14.63,14.86,2423.2295
2024-09-21 08:00:00+00:00,14.84,14.89,14.73,14.82,2303.2185
2024-09-21 10:00:00+00:00,14.82,14.89,14.69,14.82,2058.667
2024-09-21 12:00:00+00:00,14.82,14.99,14.78,14.97,3803.6276
2024-09-21 14:00:00+00:00,14.99,15.1,14.91,15.03,4057.5247
2024-09-21 16:00:00+00:00,15.0,15.07,14.92,15.01,2434.349
2024-09-21 18:00:00+00:00,15.03,15.15,14.97,15.07,4405.3432
2024-09-21 20:00:00+00:00,15.04,15.07,14.81,14.89,3349.9034
2024-09-21 22:00:00+00:00,14.89,15.09,14.87,15.07,1148.6227
2024-09-22 00:00:00+00:00,15.06,15.13,14.87,14.87,2080.1312
2024-09-22 02:00:00+00:00,14.86,14.94,14.8,14.93,3070.6174
2024-09-22 04:00:00+00:00,14.92,14.97,14.79,14.84,1039.4736
2024-09-22 06:00:00+00:00,14.81,14.9,14.66,14.81,1942.2256
2024-09-22 08:00:00+00:00,14.81,14.89,14.55,14.6,2362.8384
2024-09-22 10:00:00+00:00,14.58,14.63,14.46,14.6,3722.9386
2024-09-22 12:00:00+00:00,14.62,14.75,14.53,14.59,4122.7813
2024-09-22 14:00:00+00:00,14.57,14.61,14.49,14.59,2033.5785
2024-09-22 16:00:00+00:00,14.59,14.77,14.5,14.76,2546.8761
2024-09-22 18:00:00+00:00,14.76,14.77,14.5,14.61,1705.3184
2024-09-22 20:00:00+00:00,14.61,14.7,14.5,14.5,2695.1586
2024-09-22 22:00:00+00:00,14.5,14.81,14.33,14.73,3225.3813
2024-09-23 00:00:00+00:00,14.74,14.94,14.5,14.89,4450.1423
2024-09-23 02:00:00+00:00,14.92,15.16,14.83,15.06,4279.6029
2024-09-23 04:00:00+00:00,15.06,15.13,14.9,15.05,2674.2108
2024-09-23 06:00:00+00:00,15.03,15.14,14.92,14.95,2964.8248
2024-09-23 08:00:00+00:00,14.97,14.97,14.77,14.94,1868.0087
2024-09-23 10:00:00+00:00,14.95,14.95,14.76,14.9,2886.9211
2024-09-23 12:00:00+00:00,14.89,14.95,14.78,14.9,4816.9346
2024-09-23 14:00:00+00:00,14.9,15.11,14.87,15.04,4244.8132
2024-09-23 16:00:00+00:00,15.04,15.15,14.95,15.08,3286.7162
2024-09-23 18:00:00+00:00,15.06,15.25,15.05,15.16,3964.0992
2024-09-23 20:00:00+00:00,15.15,15.19,15.0,15.09,2252.8803
2024-09-23 22:00:00+00:00,15.09,15.11,15.0,15.06,1082.9034
2024-09-24 00:00:00+00:00,15.04,15.08,14.83,14.87,2216.5377
2024-09-24 02:00:00+00:00,14.86,15.0,14.83,14.86,2080.942
2024-09-24 04:00:00+00:00,14.87,14.89,14.76,14.85,1217.2175
2024-09-24 06:00:00+00:00,14.85,15.22,14.84,15.22,1736.9582
2024-09-24 08:00:00+00:00,15.2,15.25,15.06,15.17,4176.8918
2024-09-24 10:00:00+00:00,15.15,15.24,15.1,15.15,2030.4776
2024-09-24 12:00:00+00:00,15.17,15.25,15.13,15.21,4443.7274
2024-09-24 14:00:00+00:00,15.17,15.17,14.75,14.96,7198.4028
2024-09-24 16:00:00+00:00,14.96,15.14,14.85,15.09,2711.529
2024-09-24 18:00:00+00:00,15.09,15.22,14.97,15.17,1571.0545
2024-09-24 20:00:00+00:00,15.17,15.23,15.08,15.18,2032.3295
2024-09-24 22:00:00+00:00,15.16,15.29,15.16,15.23,1738.428
2024-09-25 00:00:00+00:00,15.21,15.3,15.18,15.25,2547.9541
2024-09-25 02:00:00+00:00,15.25,15.35,15.21,15.31,2930.0091
2024-09-25 04:00:00+00:00,15.32,15.35,15.21,15.3,2739.8495
2024-09-25 06:00:00+00:00,15.3,15.35,15.03,15.15,2390.1748
2024-09-25 08:00:00+00:00,15.16,15.3,15.12,15.25,1628.4109
2024-09-25 10:00:00+00:00,15.25,15.5,15.21,15.39,16924.2962
2024-09-25 12:00:00+00:00,15.42,15.42,15.16,15.27,5314.3192
2024-09-25 14:00:00+00:00,15.28,15.44,15.27,15.34,4185.3332
2024-09-25 16:00:00+00:00,15.34,15.41,15.06,15.07,4082.1102
2024-09-25 18:00:00+00:00,15.07,15.18,14.95,14.97,7041.1597
2024-09-25 20:00:00+00:00,14.97,15.11,14.95,14.99,2663.3045
2024-09-25 22:00:00+00:00,14.94,14.99,14.81,14.9,3058.3544
2024-09-26 00:00:00+00:00,14.9,14.97,14.68,14.83,4905.4336
2024-09-26 02:00:00+00:00,14.83,14.97,14.83,14.87,1848.0305
2024-09-26 04:00:00+00:00,14.89,15.13,14.83,15.1,1644.8186
2024-09-26 06:00:00+00:00,15.08,15.31,15.08,15.28,1795.8308
2024-09-26 08:00:00+00:00,15.31,15.33,15.08,15.13,3525.93
2024-09-26 10:00:00+00:00,15.11,15.28,15.05,15.12,4702.0991
2024-09-26 12:00:00+00:00,15.14,15.16,15.04,15.1,3185.5102
2024-09-26 14:00:00+00:00,15.11,15.35,15.0,15.29,3810.3299
2024-09-26 16:00:00+00:00,15.32,15.45,15.15,15.23,3925.5349
2024-09-26 18:00:00+00:00,15.22,15.29,15.04,15.07,5287.3489
2024-09-26 20:00:00+00:00,15.07,15.09,14.87,15.06,3285.8364
2024-09-26 22:00:00+00:00,15.07,15.17,15.03,15.15,1423.5563
2024-09-27 00:00:00+00:00,15.15,15.34,15.13,15.28,2606.3279
2024-09-27 02:00:00+00:00,15.28,15.28,15.12,15.22,2434.5731
2024-09-27 04:00:00+00:00,15.22,15.4,15.21,15.4,2113.7428
2024-09-27 06:00:00+00:00,15.39,15.44,15.34,15.37,1926.2912
2024-09-27 08:00:00+00:00,15.37,15.51,15.37,15.4,3117.665
2024-09-27 10:00:00+00:00,15.41,15.42,15.22,15.33,2817.1505
2024-09-27 12:00:00+00:00,15.31,15.42,15.21,15.29,3101.1506
2024-09-27 14:00:00+00:00,15.31,15.58,15.28,15.41,5410.5254
2024-09-27 16:00:00+00:00,15.41,15.6,15.38,15.55,5642.3515
2024-09-27 18:00:00+00:00,15.53,15.55,15.28,15.44,3429.0431
2024-09-27 20:00:00+00:00,15.42,15.5,15.3,15.36,3899.746
2024-09-27 22:00:00+00:00,15.36,15.5,15.29,15.41,2389.7537
2024-09-28 00:00:00+00:00,15.41,15.48,15.39,15.46,2451.2245
2024-09-28 02:00:00+00:00,15.48,15.61,15.42,15.54,3357.4659
2024-09-28 04:00:00+00:00,15.58,15.63,15.45,15.45,1630.7959
2024-09-28 06:00:00+00:00,15.47,15.47,15.25,15.28,2056.7259
2024-09-28 08:00:00+00:00,15.26,15.3,14.97,15.07,4225.6695
2024-09-28 10:00:00+00:00,15.06,15.2,15.02,15.12,3137.3686
2024-09-28 12:00:00+00:00,15.12,15.13,14.86,14.96,3568.8036
2024-09-28 14:00:00+00:00,14.99,15.07,14.86,14.94,4112.1912
2024-09-28 16:00:00+00:00,14.95,15.02,14.85,14.93,2109.8762
2024-09-28 18:00:00+00:00,14.95,15.01,14.89,15.0,1331.8224
2024-09-28 20:00:00+00:00,14.98,15.01,14.75,14.93,2843.282
2024-09-28 22:00:00+00:00,14.9,15.01,14.84,14.97,1770.668
2024-09-29 00:00:00+00:00,14.99,15.03,14.83,14.96,3186.2144
2024-09-29 02:00:00+00:00,14.96,14.97,14.89,14.97,1764.1632
2024-09-29 04:00:00+00:00,14.98,15.01,14.83,14.9,1831.4485
2024-09-29 06:00:00+00:00,14.91,14.94,14.79,14.86,1910.3313
2024-09-29 08:00:00+00:00,14.85,14.98,14.84,14.91,3429.7262
2024-09-29 10:00:00+00:00,14.92,15.01,14.84,14.98,1469.7781
2024-09-29 12:00:00+00:00,14.98,15.23,14.85,15.19,6103.4212
2024-09-29 14:00:00+00:00,15.17,15.33,15.11,15.28,4339.553
2024-09-29 16:00:00+00:00,15.28,15.41,15.18,15.34,2450.767
2024-09-29 18:00:00+00:00,15.34,15.55,15.33,15.53,3518.3929
2024-09-29 20:00:00+00:00,15.55,15.6,15.4,15.51,3788.2302
2024-09-29 22:00:00+00:00,15.51,15.59,15.29,15.37,2987.5096
2024-09-30 00:00:00+00:00,15.36,15.41,15.04,15.05,4144.5366
2024-09-30 02:00:00+00:00,15.06,15.15,14.82,15.0,4464.5449
2024-09-30 04:00:00+00:00,15.0,15.12,14.88,15.09,1997.3063
2024-09-30 06:00:00+00:00,15.09,15.19,15.01,15.07,1897.408
2024-09-30 08:00:00+00:00,15.09,15.18,14.93,14.94,2771.5773
2024-09-30 10:00:00+00:00,14.92,15.03,14.81,15.01,3524.956
2024-09-30 12:00:00+00:00,14.98,15.13,14.96,15.04,1520.1125
2024-09-30 14:00:00+00:00,15.02,15.07,14.73,14.75,4770.5222
2024-09-30 16:00:00+00:00,14.75,14.94,14.72,14.93,3282.3897
2024-09-30 18:00:00+00:00,14.92,15.0,14.68,14.8,5947.2256
2024-09-30 20:00:00+00:00,14.8,14.83,14.74,14.78,1723.0481
2024-09-30 22:00:00+00:00,14.78,14.81,14.54,14.69,4976.2812
2024-10-01 00:00:00+00:00,14.69,14.96,14.56,14.9,5580.0621
2024-10-01 02:00:00+00:00,14.9,15.08,14.79,15.04,2397.1257
2024-10-01 04:00:00+00:00,15.07,15.17,15.01,15.08,1809.1891
2024-10-01 06:00:00+00:00,15.08,15.28,15.02,15.11,4803.5287
2024-10-01 08:00:00+00:00,15.11,15.12,14.97,14.98,1127.0853
2024-10-01 10:00:00+00:00,14.99,15.13,14.84,14.91,4429.8461
2024-10-01 12:00:00+00:00,14.88,14.98,14.08,14.43,13666.691
2024-10-01 14:00:00+00:00,14.43,14.56,13.52,13.89,19102.18
2024-10-01 16:00:00+00:00,13.89,13.9,13.0,13.47,21662.4729
2024-10-01 18:00:00+00:00,13.45,13.53,13.11,13.15,7898.7227
2024-10-01 20:00:00+00:00,13.15,13.23,12.93,13.22,8499.6669
2024-10-01 22:00:00+00:00,13.22,13.24,13.05,13.15,2617.3206
2024-10-02 00:00:00+00:00,13.15,13.46,13.04,13.4,6351.0112
2024-10-02 02:00:00+00:00,13.37,13.45,13.31,13.36,2615.5391
2024-10-02 04:00:00+00:00,13.36,13.37,13.19,13.22,2389.5808
2024-10-02 06:00:00+00:00,13.22,13.47,13.15,13.4,2968.7627
2024-10-02 08:00:00+00:00,13.4,13.46,13.08,13.14,4813.1053
2024-10-02 10:00:00+00:00,13.15,13.34,13.08,13.22,5543.9398
2024-10-02 12:00:00+00:00,13.24,13.37,13.03,13.34,4430.7267
2024-10-02 14:00:00+00:00,13.32,13.39,13.17,13.3,5017.0825
2024-10-02 16:00:00+00:00,13.29,13.39,13.1,13.13,5830.9714
2024-10-02 18:00:00+00:00,13.13,13.13,12.63,12.77,8756.9062
2024-10-02 20:00:00+00:00,12.76,12.9,12.64,12.86,2525.9734
2024-10-02 22:00:00+00:00,12.86,12.87,12.69,12.79,3455.0709
2024-10-03 00:00:00+00:00,12.82,12.99,12.64,12.97,4173.7245
2024-10-03 02:00:00+00:00,12.96,13.07,12.92,13.05,2676.0426
2024-10-03 04:00:00+00:00,13.07,13.08,12.99,13.03,1710.5622
2024-10-03 06:00:00+00:00,13.02,13.09,12.9,12.9,3914.3201
2024-10-03 08:00:00+00:00,12.92,12.93,12.61,12.9,9799.6643
2024-10-03 10:00:00+00:00,12.91,13.04,12.83,12.86,2861.7064
2024-10-03 12:00:00+00:00,12.84,12.9,12.67,12.82,3827.1161
2024-10-03 14:00:00+00:00,12.84,13.0,12.55,12.81,5900.6783
2024-10-03 16:00:00+00:00,12.79,12.81,12.56,12.73,6080.531
2024-10-03 18:00:00+00:00,12.73,12.75,12.6,12.72,2805.6666
2024-10-03 20:00:00+00:00,12.72,12.74,12.54,12.64,3036.6996
2024-10-03 22:00:00+00:00,12.64,12.7,12.61,12.7,3306.0154
2024-10-04 00:00:00+00:00,12.69,12.97,12.57,12.92,7116.9627
2024-10-04 02:00:00+00:00,12.92,12.96,12.85,12.93,1833.7399
2024-10-04 04:00:00+00:00,12.93,13.1,12.92,13.08,2104.4794
2024-10-04 06:00:00+00:00,13.08,13.13,13.0,13.1,2089.0774
2024-10-04 08:00:00+00:00,13.1,13.22,13.04,13.08,2955.5273
2024-10-04 10:00:00+00:00,13.07,13.14,13.03,13.14,1252.1536
2024-10-04 12:00:00+00:00,13.14,13.22,13.0,13.12,2868.2393
2024-10-04 14:00:00+00:00,13.12,13.25,12.94,13.25,4180.9867
2024-10-04 16:00:00+00:00,13.25,13.4,13.22,13.3,3271.1887
2024-10-04 18:00:00+00:00,13.31,13.42,13.28,13.4,1821.3048
2024-10-04 20:00:00+00:00,13.4,13.41,13.34,13.36,765.7967
2024-10-04 22:00:00+00:00,13.36,13.38,13.3,13.34,982.3552
2024-10-05 00:00:00+00:00,13.36,13.44,13.33,13.42,1782.2324
2024-10-05 02:00:00+00:00,13.4,13.42,13.17,13.23,1632.339
2024-10-05 04:00:00+00:00,13.23,13.42,13.21,13.4,1633.3172
2024-10-05 06:00:00+00:00,13.4,13.43,13.3,13.37,1044.5034
2024-10-05 08:00:00+00:00,13.39,13.49,13.37,13.49,1157.3816
2024-10-05 10:00:00+00:00,13.48,13.49,13.39,13.46,1141.9703
2024-10-05 12:00:00+00:00,13.46,13.5,13.35,13.38,1327.4218
2024-10-05 14:00:00+00:00,13.38,13.46,13.36,13.44,1185.8011
2024-10-05 16:00:00+00:00,13.44,13.45,13.24,13.34,2681.0086
2024-10-05 18:00:00+00:00,13.34,13.37,13.14,13.19,2606.0205
2024-10-05 20:00:00+00:00,13.18,13.28,13.09,13.27,2273.2767
2024-10-05 22:00:00+00:00,13.27,13.32,13.25,13.29,1188.9191
2024-10-06 00:00:00+00:00,13.31,13.32,13.26,13.32,1582.1041
2024-10-06 02:00:00+00:00,13.32,13.32,13.19,13.19,976.3318
2024-10-06 04:00:00+00:00,13.21,13.26,13.14,13.24,1020.4214
2024-10-06 06:00:00+00:00,13.26,13.32,13.24,13.32,737.6778
2024-10-06 08:00:00+00:00,13.32,13.32,13.27,13.3,1888.5549
2024-10-06 10:00:00+00:00,13.3,13.32,13.28,13.3,2797.6772
2024-10-06 12:00:00+00:00,13.3,13.62,13.28,13.56,10836.1288
2024-10-06 14:00:00+00:00,13.56,13.71,13.47,13.7,9671.7074
2024-10-06 16:00:00+00:00,13.69,13.74,13.55,13.64,4162.0069
2024-10-06 18:00:00+00:00,13.66,13.78,13.64,13.65,2884.7206
2024-10-06 20:00:00+00:00,13.65,13.69,13.55,13.55,2579.4479
2024-10-06 22:00:00+00:00,13.55,13.79,13.55,13.78,2592.2787
2024-10-07 00:00:00+00:00,13.76,14.03,13.72,13.99,4917.8988
2024-10-07 02:00:00+00:00,14.01,14.1,13.98,14.03,4213.3646
2024-10-07 04:00:00+00:00,14.05,14.09,13.96,14.05,1904.4958
2024-10-07 06:00:00+00:00,14.04,14.08,13.96,13.98,2666.6446
2024-10-07 08:00:00+00:00,13.98,14.01,13.74,13.83,3814.789
2024-10-07 10:00:00+00:00,13.83,13.92,13.71,13.92,3407.2697
2024-10-07 12:00:00+00:00,13.92,13.93,13.73,13.91,3714.4411
2024-10-07 14:00:00+00:00,13.91,14.12,13.87,13.95,5006.0253
2024-10-07 16:00:00+00:00,13.96,14.15,13.93,14.14,4339.7641
2024-10-07 18:00:00+00:00,14.14,14.16,13.76,13.97,4785.5834
2024-10-07 20:00:00+00:00,13.96,14.0,13.86,13.95,3146.4932
2024-10-07 22:00:00+00:00,13.93,13.97,13.64,13.79,5049.5385
2024-10-08 00:00:00+00:00,13.79,13.91,13.73,13.84,2970.6928
2024-10-08 02:00:00+00:00,13.83,13.94,13.77,13.83,1844.7395
2024-10-08 04:00:00+00:00,13.83,13.98,13.72,13.95,12569.3388
2024-10-08 06:00:00+00:00,13.94,14.23,13.88,14.08,31446.028
2024-10-08 08:00:00+00:00,14.08,14.72,14.05,14.71,50385.2281
2024-10-08 10:00:00+00:00,14.7,15.15,14.58,14.61,57406.7948
2024-10-08 12:00:00+00:00,14.6,14.7,14.34,14.48,20740.015
2024-10-08 14:00:00+00:00,14.48,14.56,13.94,14.08,26184.0401
2024-10-08 16:00:00+00:00,14.06,14.16,13.83,13.97,12403.7367
2024-10-08 18:00:00+00:00,13.97,14.76,13.8,14.22,41459.0958
2024-10-08 20:00:00+00:00,14.22,14.56,14.19,14.47,10627.3099
2024-10-08 22:00:00+00:00,14.47,15.17,14.44,14.64,38751.848
2024-10-09 00:00:00+00:00,14.64,15.11,14.44,14.58,21556.8262
2024-10-09 02:00:00+00:00,14.59,15.03,14.52,14.78,12617.9169
2024-10-09 04:00:00+00:00,14.78,17.23,14.66,16.31,122790.5171
2024-10-09 06:00:00+00:00,16.29,18.88,16.06,16.37,374832.9162
2024-10-09 08:00:00+00:00,16.37,16.59,15.66,16.26,130219.9431
2024-10-09 10:00:00+00:00,16.25,16.41,15.22,15.49,65397.4469
2024-10-09 12:00:00+00:00,15.45,16.1,15.19,15.31,65326.9288
2024-10-09 14:00:00+00:00,15.31,16.4,15.24,15.75,82109.0777
2024-10-09 16:00:00+00:00,15.75,15.82,14.53,14.6,60914.2156
2024-10-09 18:00:00+00:00,14.61,14.83,14.51,14.82,17773.838
2024-10-09 20:00:00+00:00,14.83,14.9,14.5,14.64,20488.5198
2024-10-09 22:00:00+00:00,14.6,14.65,14.5,14.53,8109.3578
2024-10-10 00:00:00+00:00,14.53,14.84,14.5,14.7,8464.1527
2024-10-10 02:00:00+00:00,14.7,14.96,14.51,14.87,9358.4699
2024-10-10 04:00:00+00:00,14.87,14.87,14.5,14.57,8615.248
2024-10-10 06:00:00+00:00,14.57,15.3,14.53,15.08,33960.4113
2024-10-10 08:00:00+00:00,15.07,15.3,14.52,14.58,22430.4932
2024-10-10 10:00:00+00:00,14.61,14.78,14.58,14.72,4449.569
2024-10-10 12:00:00+00:00,14.72,14.74,14.5,14.58,13619.6497
2024-10-10 14:00:00+00:00,14.59,14.6,14.3,14.42,11291.0763
2024-10-10 16:00:00+00:00,14.44,14.5,14.02,14.15,10618.7483
2024-10-10 18:00:00+00:00,14.13,14.16,13.95,14.06,8363.3198
2024-10-10 20:00:00+00:00,14.08,14.24,14.05,14.18,6553.203
2024-10-10 22:00:00+00:00,14.19,14.23,14.08,14.22,2351.476
2024-10-11 00:00:00+00:00,14.22,14.39,14.13,14.37,3832.216
2024-10-11 02:00:00+00:00,14.37,14.57,14.3,14.5,3094.8055
2024-10-11 04:00:00+00:00,14.48,14.66,14.43,14.54,4856.1997
2024-10-11 06:00:00+00:00,14.54,14.66,14.39,14.47,9418.2426
2024-10-11 08:00:00+00:00,14.46,14.71,14.46,14.68,4819.2774
2024-10-11 10:00:00+00:00,14.67,14.83,14.66,14.77,5465.6479
2024-10-11 12:00:00+00:00,14.77,15.18,14.76,15.1,10125.058
2024-10-11 14:00:00+00:00,15.09,15.17,14.9,15.02,10189.475
2024-10-11 16:00:00+00:00,15.03,15.09,14.84,14.99,5532.9554
2024-10-11 18:00:00+00:00,14.99,15.06,14.94,14.98,3241.3663
2024-10-11 20:00:00+00:00,15.01,15.03,14.87,14.9,3622.4916
2024-10-11 22:00:00+00:00,14.89,14.94,14.78,14.85,3197.1009
2024-10-12 00:00:00+00:00,14.85,14.9,14.78,14.82,4718.8279
2024-10-12 02:00:00+00:00,14.81,14.83,14.64,14.71,5369.297
2024-10-12 04:00:00+00:00,14.71,14.81,14.66,14.81,2508.9437
2024-10-12 06:00:00+00:00,14.81,14.95,14.75,14.94,3918.315
2024-10-12 08:00:00+00:00,14.93,15.33,14.86,15.31,27423.6606
2024-10-12 10:00:00+00:00,15.32,15.49,15.24,15.47,27328.6389
2024-10-12 12:00:00+00:00,15.48,15.57,15.3,15.55,20066.8179
2024-10-12 14:00:00+00:00,15.55,15.72,15.29,15.36,22395.4809
2024-10-12 16:00:00+00:00,15.35,15.55,15.35,15.41,10257.2055
2024-10-12 18:00:00+00:00,15.4,15.52,15.31,15.45,6700.0689
2024-10-12 20:00:00+00:00,15.44,15.45,15.26,15.31,5363.0898
2024-10-12 22:00:00+00:00,15.3,15.33,15.09,15.11,5629.5941
2024-10-13 00:00:00+00:00,15.13,15.15,14.86,14.94,4075.5819
2024-10-13 02:00:00+00:00,14.93,15.02,14.9,14.93,2961.8303
2024-10-13 04:00:00+00:00,14.92,15.01,14.9,14.92,2872.3045
2024-10-13 06:00:00+00:00,14.92,15.02,14.76,14.81,9172.2817
2024-10-13 08:00:00+00:00,14.82,15.17,14.72,15.0,13779.4331
2024-10-13 10:00:00+00:00,14.99,15.0,14.76,14.78,3102.5455
2024-10-13 12:00:00+00:00,14.78,15.0,14.76,14.92,4768.3248
2024-10-13 14:00:00+00:00,14.93,14.93,14.48,14.69,12171.5715
2024-10-13 16:00:00+00:00,14.68,14.86,14.31,14.52,17672.03
2024-10-13 18:00:00+00:00,14.53,14.66,14.46,14.64,3776.7354
2024-10-13 20:00:00+00:00,14.63,14.91,14.59,14.86,6282.9813
2024-10-13 22:00:00+00:00,14.86,15.03,14.86,15.02,3308.717
2024-10-14 00:00:00+00:00,15.02,15.03,14.85,14.88,3669.5153
2024-10-14 02:00:00+00:00,14.87,15.16,14.73,15.14,3742.5281
2024-10-14 04:00:00+00:00,15.11,15.2,15.04,15.08,8868.9624
2024-10-14 06:00:00+00:00,15.08,15.34,15.06,15.33,6773.37
2024-10-14 08:00:00+00:00,15.33,15.41,15.06,15.19,9197.63
2024-10-14 10:00:00+00:00,15.19,15.32,15.14,15.29,3397.3434
2024-10-14 12:00:00+00:00,15.3,15.46,15.27,15.45,10808.1691
2024-10-14 14:00:00+00:00,15.45,15.71,15.4,15.58,11150.9764
2024-10-14 16:00:00+00:00,15.58,15.66,15.56,15.57,4084.4155
2024-10-14 18:00:00+00:00,15.58,15.68,15.56,15.61,2487.6357
2024-10-14 20:00:00+00:00,15.62,15.7,15.56,15.56,3732.9202
2024-10-14 22:00:00+00:00,15.57,15.68,15.56,15.59,2698.5374
2024-10-15 00:00:00+00:00,15.6,15.64,15.34,15.57,6992.1802
2024-10-15 02:00:00+00:00,15.56,15.68,15.42,15.46,5370.5643
2024-10-15 04:00:00+00:00,15.47,15.56,15.31,15.33,3434.1519
2024-10-15 06:00:00+00:00,15.33,15.45,15.32,15.4,4639.791
2024-10-15 08:00:00+00:00,15.38,15.45,15.36,15.36,6203.7058
2024-10-15 10:00:00+00:00,15.36,15.42,15.03,15.09,18528.7256
2024-10-15 12:00:00+00:00,15.08,15.61,15.02,15.6,5612.6491
2024-10-15 14:00:00+00:00,15.6,15.67,14.96,15.22,17565.2524
2024-10-15 16:00:00+00:00,15.23,15.29,14.96,15.02,10117.7217
2024-10-15 18:00:00+00:00,15.01,15.07,14.94,15.02,4948.998
2024-10-15 20:00:00+00:00,15.01,15.06,14.89,14.99,4915.242
2024-10-15 22:00:00+00:00,14.99,15.14,14.96,15.14,1456.4249
2024-10-16 00:00:00+00:00,15.14,15.15,14.91,15.07,3179.2786
2024-10-16 02:00:00+00:00,15.07,15.14,14.95,14.97,2760.7452
2024-10-16 04:00:00+00:00,14.97,15.04,14.87,14.97,1721.2655
2024-10-16 06:00:00+00:00,14.96,15.03,14.77,14.86,2886.8992
2024-10-16 08:00:00+00:00,14.84,15.1,14.81,15.1,3014.9626
2024-10-16 10:00:00+00:00,15.09,15.09,14.84,14.96,8569.2474
2024-10-16 12:00:00+00:00,14.94,15.03,14.82,14.83,5692.2592
2024-10-16 14:00:00+00:00,14.83,14.98,14.78,14.91,6103.6106
2024-10-16 16:00:00+00:00,14.9,14.91,14.73,14.84,3331.1879
2024-10-16 18:00:00+00:00,14.84,14.84,14.76,14.82,2853.9407
2024-10-16 20:00:00+00:00,14.82,14.97,14.82,14.87,4349.7775
2024-10-16 22:00:00+00:00,14.89,14.99,14.81,14.85,3518.4148
2024-10-17 00:00:00+00:00,14.84,15.0,14.82,15.0,2429.2136
2024-10-17 02:00:00+00:00,15.02,15.03,14.86,14.89,2335.021
2024-10-17 04:00:00+00:00,14.9,14.9,14.69,14.7,3378.9136
2024-10-17 06:00:00+00:00,14.7,14.82,14.62,14.67,3295.271
2024-10-17 08:00:00+00:00,14.68,14.69,14.58,14.62,1534.7449
2024-10-17 10:00:00+00:00,14.61,14.62,14.47,14.53,3847.1483
2024-10-17 12:00:00+00:00,14.52,14.76,14.52,14.66,2217.1817
2024-10-17 14:00:00+00:00,14.67,14.87,14.58,14.84,3265.2856
2024-10-17 16:00:00+00:00,14.85,14.87,14.61,14.7,4118.4954
2024-10-17 18:00:00+00:00,14.69,14.72,14.39,14.54,5167.1025
2024-10-17 20:00:00+00:00,14.54,14.66,14.52,14.66,1142.3864
2024-10-17 22:00:00+00:00,14.66,14.83,14.65,14.83,3090.7887
2024-10-18 00:00:00+00:00,14.82,15.08,14.75,15.05,6531.3614
2024-10-18 02:00:00+00:00,15.05,15.07,14.87,14.87,4410.9957
2024-10-18 04:00:00+00:00,14.88,15.07,14.85,15.04,5135.3066
2024-10-18 06:00:00+00:00,15.03,15.09,14.97,15.06,2835.3477
2024-10-18 08:00:00+00:00,15.06,15.1,14.93,14.96,2883.9049
2024-10-18 10:00:00+00:00,14.95,14.97,14.86,14.87,2688.2719
2024-10-18 12:00:00+00:00,14.87,14.94,14.81,14.92,3307.4175
2024-10-18 14:00:00+00:00,14.91,14.98,14.83,14.91,5424.0313
2024-10-18 16:00:00+00:00,14.93,15.0,14.86,14.93,1689.5987
2024-10-18 18:00:00+00:00,14.93,15.05,14.89,14.95,2516.4123
2024-10-18 20:00:00+00:00,14.93,14.95,14.87,14.87,661.0981
2024-10-18 22:00:00+00:00,14.87,15.14,14.87,15.12,3317.463
2024-10-19 00:00:00+00:00,15.12,15.38,15.09,15.2,7611.6146
2024-10-19 02:00:00+00:00,15.2,15.27,15.05,15.18,4693.4627
2024-10-19 04:00:00+00:00,15.19,15.24,15.14,15.24,1678.4933
2024-10-19 06:00:00+00:00,15.25,15.26,15.12,15.13,2549.6849
2024-10-19 08:00:00+00:00,15.13,15.19,15.06,15.12,2436.8704
2024-10-19 10:00:00+00:00,15.12,15.16,15.05,15.08,3118.6926
2024-10-19 12:00:00+00:00,15.08,15.24,15.0,15.13,3824.8028
2024-10-19 14:00:00+00:00,15.16,15.25,15.1,15.15,1892.6862
2024-10-19 16:00:00+00:00,15.15,15.16,14.87,14.87,7796.1164
2024-10-19 18:00:00+00:00,14.88,14.97,14.75,14.91,5010.5153
2024-10-19 20:00:00+00:00,14.9,15.05,14.86,14.92,2996.4971
2024-10-19 22:00:00+00:00,14.91,15.0,14.88,14.96,3904.8103
2024-10-20 00:00:00+00:00,14.96,15.0,14.79,14.81,5329.9587
2024-10-20 02:00:00+00:00,14.81,14.84,14.75,14.84,1918.9383
2024-10-20 04:00:00+00:00,14.85,14.9,14.73,14.75,4913.7847
2024-10-20 06:00:00+00:00,14.75,14.91,14.72,14.87,3850.7925
2024-10-20 08:00:00+00:00,14.86,14.93,14.81,14.89,2189.6985
2024-10-20 10:00:00+00:00,14.88,14.99,14.84,14.94,3932.5589
2024-10-20 12:00:00+00:00,14.94,15.11,14.9,15.11,5221.5285
2024-10-20 14:00:00+00:00,15.11,15.31,15.1,15.25,6695.6078
2024-10-20 16:00:00+00:00,15.26,15.28,15.13,15.27,3407.758
2024-10-20 18:00:00+00:00,15.26,15.38,15.26,15.37,5509.6255
2024-10-20 20:00:00+00:00,15.37,15.51,15.32,15.43,6534.2361
2024-10-20 22:00:00+00:00,15.41,15.74,15.41,15.7,12425.4881
2024-10-21 00:00:00+00:00,15.68,16.02,15.67,15.94,14803.2707
2024-10-21 02:00:00+00:00,15.94,16.04,15.75,15.83,7947.1523
2024-10-21 04:00:00+00:00,15.85,16.03,15.79,15.9,5076.3133
2024-10-21 06:00:00+00:00,15.9,15.91,15.45,15.48,14339.4478
2024-10-21 08:00:00+00:00,15.46,15.58,15.29,15.4,3227.5072
2024-10-21 10:00:00+00:00,15.42,15.48,15.36,15.45,4826.2725
2024-10-21 12:00:00+00:00,15.43,15.57,15.23,15.31,9512.6792
2024-10-21 14:00:00+00:00,15.3,15.43,15.28,15.39,9509.8374
2024-10-21 16:00:00+00:00,15.43,15.43,15.17,15.33,5864.1037
2024-10-21 18:00:00+00:00,15.33,15.47,15.15,15.37,6065.3014
2024-10-21 20:00:00+00:00,15.36,15.58,15.2,15.29,7014.5312
2024-10-21 22:00:00+00:00,15.31,15.39,15.2,15.22,2025.6452
2024-10-22 00:00:00+00:00,15.23,15.29,14.97,15.1,8646.6962
2024-10-22 02:00:00+00:00,15.11,15.17,15.0,15.03,1948.8676
2024-10-22 04:00:00+00:00,15.04,15.14,14.91,15.1,4451.4727
2024-10-22 06:00:00+00:00,15.11,15.19,14.94,15.06,5084.9778
2024-10-22 08:00:00+00:00,15.04,15.07,14.64,14.8,9039.7472
2024-10-22 10:00:00+00:00,14.79,14.99,14.74,14.91,1908.6147
2024-10-22 12:00:00+00:00,14.89,15.0,14.77,14.92,3876.9064
2024-10-22 14:00:00+00:00,14.91,15.07,14.74,15.0,3527.025
2024-10-22 16:00:00+00:00,15.01,15.01,14.66,14.81,3655.9781
2024-10-22 18:00:00+00:00,14.82,14.95,14.73,14.92,4644.7684
2024-10-22 20:00:00+00:00,14.92,14.95,14.73,14.85,3640.2594
2024-10-22 22:00:00+00:00,14.83,14.99,14.81,14.9,2431.1741
2024-10-23 00:00:00+00:00,14.88,14.94,14.79,14.92,3106.13
2024-10-23 02:00:00+00:00,14.89,14.92,14.77,14.86,1511.7528
2024-10-23 04:00:00+00:00,14.85,14.89,14.67,14.69,1451.0368
2024-10-23 06:00:00+00:00,14.68,14.77,14.49,14.62,3742.4374
2024-10-23 08:00:00+00:00,14.62,14.7,14.47,14.7,5305.889
2024-10-23 10:00:00+00:00,14.68,14.75,14.46,14.48,3708.897
2024-10-23 12:00:00+00:00,14.47,14.55,14.41,14.54,3262.5615
2024-10-23 14:00:00+00:00,14.54,14.54,14.28,14.33,5255.4016
2024-10-23 16:00:00+00:00,14.33,14.37,14.14,14.16,4106.9596
2024-10-23 18:00:00+00:00,14.17,14.38,13.94,14.38,6230.9581
2024-10-23 20:00:00+00:00,14.35,14.42,14.25,14.27,1913.452
2024-10-23 22:00:00+00:00,14.27,14.33,14.19,14.27,5332.3335
2024-10-24 00:00:00+00:00,14.27,14.5,14.18,14.42,1504.4614
2024-10-24 02:00:00+00:00,14.41,14.49,14.37,14.38,1245.5615
2024-10-24 04:00:00+00:00,14.4,14.5,14.36,14.47,1434.7958
2024-10-24 06:00:00+00:00,14.47,14.57,14.43,14.45,2646.5464
2024-10-24 08:00:00+00:00,14.43,14.53,14.04,14.19,6306.3681
2024-10-24 10:00:00+00:00,14.18,14.32,14.17,14.26,4744.0201
2024-10-24 12:00:00+00:00,14.25,14.41,14.24,14.41,6088.4883
2024-10-24 14:00:00+00:00,14.41,14.46,14.28,14.37,2251.4402
2024-10-24 16:00:00+00:00,14.39,14.43,14.3,14.39,1970.8321
2024-10-24 18:00:00+00:00,14.38,14.46,14.34,14.44,2644.2684
2024-10-24 20:00:00+00:00,14.42,14.53,14.39,14.41,2069.6101
2024-10-24 22:00:00+00:00,14.41,14.52,14.39,14.5,1806.6774
2024-10-25 00:00:00+00:00,14.49,14.53,14.31,14.33,2323.6413
2024-10-25 02:00:00+00:00,14.33,14.36,14.24,14.33,1213.2773
2024-10-25 04:00:00+00:00,14.33,14.33,14.09,14.17,1367.2711
2024-10-25 06:00:00+00:00,14.19,14.24,13.92,14.15,3627.2043
2024-10-25 08:00:00+00:00,14.15,14.38,14.05,14.38,1477.1889
2024-10-25 10:00:00+00:00,14.37,14.53,14.34,14.44,2696.8495
2024-10-25 12:00:00+00:00,14.46,14.48,14.28,14.45,2552.2035
2024-10-25 14:00:00+00:00,14.46,14.5,14.13,14.24,4126.4299
2024-10-25 16:00:00+00:00,14.27,14.35,14.07,14.11,3706.7598
2024-10-25 18:00:00+00:00,14.08,14.25,13.93,14.12,4102.0706
2024-10-25 20:00:00+00:00,14.09,14.18,14.03,14.17,1518.6678
2024-10-25 22:00:00+00:00,14.16,14.21,13.31,13.64,8890.1784
2024-10-26 00:00:00+00:00,13.63,13.69,13.47,13.66,5498.5245
2024-10-26 02:00:00+00:00,13.67,13.82,13.55,13.74,3099.5555
2024-10-26 04:00:00+00:00,13.73,13.95,13.68,13.85,3313.1537
2024-10-26 06:00:00+00:00,13.83,13.93,13.78,13.78,1755.9326
2024-10-26 08:00:00+00:00,13.79,13.89,13.79,13.82,1391.1127
2024-10-26 10:00:00+00:00,13.81,13.85,13.72,13.84,1397.4668
2024-10-26 12:00:00+00:00,13.83,13.85,13.66,13.66,2910.9142
2024-10-26 14:00:00+00:00,13.66,13.71,13.46,13.53,5100.4282
2024-10-26 16:00:00+00:00,13.53,13.7,13.49,13.66,1635.9967
2024-10-26 18:00:00+00:00,13.68,13.76,13.62,13.75,1952.0807
2024-10-26 20:00:00+00:00,13.74,13.94,13.71,13.81,2254.0989
2024-10-26 22:00:00+00:00,13.82,13.87,13.79,13.85,1020.5791
2024-10-27 00:00:00+00:00,13.85,13.88,13.79,13.84,2757.2565
2024-10-27 02:00:00+00:00,13.85,13.91,13.8,13.89,1238.9464
2024-10-27 04:00:00+00:00,13.88,13.91,13.83,13.89,672.0341
2024-10-27 06:00:00+00:00,13.89,13.92,13.81,13.91,1355.1393
2024-10-27 08:00:00+00:00,13.9,13.97,13.84,13.91,1843.7696
2024-10-27 10:00:00+00:00,13.89,13.92,13.83,13.87,955.4232
2024-10-27 12:00:00+00:00,13.87,14.03,13.83,13.95,2670.7322
2024-10-27 14:00:00+00:00,13.95,14.35,13.95,14.29,19604.6249
2024-10-27 16:00:00+00:00,14.29,14.43,14.2,14.37,10712.2617
2024-10-27 18:00:00+00:00,14.38,14.38,14.19,14.28,4735.4762
2024-10-27 20:00:00+00:00,14.28,14.49,14.27,14.44,6919.9424
2024-10-27 22:00:00+00:00,14.46,14.63,14.44,14.51,5201.9532
2024-10-28 00:00:00+00:00,14.5,14.58,14.35,14.37,3931.6164
2024-10-28 02:00:00+00:00,14.38,14.48,14.23,14.27,1761.8362
2024-10-28 04:00:00+00:00,14.28,14.36,14.09,14.31,3086.8023
2024-10-28 06:00:00+00:00,14.29,14.57,14.1,14.46,8669.7627
2024-10-28 08:00:00+00:00,14.46,14.6,14.25,14.41,6935.5188
2024-10-28 10:00:00+00:00,14.41,14.48,14.33,14.42,6093.0383
2024-10-28 12:00:00+00:00,14.43,14.43,14.08,14.1,12869.3398
2024-10-28 14:00:00+00:00,14.1,14.2,13.96,14.0,5179.3059
2024-10-28 16:00:00+00:00,14.0,14.19,13.92,14.06,4738.2988
2024-10-28 18:00:00+00:00,14.06,14.28,14.02,14.17,3461.3192
2024-10-28 20:00:00+00:00,14.19,14.28,13.86,14.21,9860.9331
2024-10-28 22:00:00+00:00,14.22,14.43,14.2,14.29,3970.7791
2024-10-29 00:00:00+00:00,14.28,14.55,14.26,14.54,5296.6011
2024-10-29 02:00:00+00:00,14.53,14.7,14.46,14.57,2881.485
2024-10-29 04:00:00+00:00,14.59,14.66,14.25,14.46,7693.7423
2024-10-29 06:00:00+00:00,14.45,14.53,14.23,14.36,5455.5121
2024-10-29 08:00:00+00:00,14.36,14.45,14.17,14.41,7358.3443
2024-10-29 10:00:00+00:00,14.41,14.71,14.31,14.64,15228.3991
2024-10-29 12:00:00+00:00,14.65,14.72,14.56,14.68,6868.7226
2024-10-29 14:00:00+00:00,14.7,14.76,14.58,14.66,3665.6851
2024-10-29 16:00:00+00:00,14.66,15.0,14.59,14.85,15348.552
2024-10-29 18:00:00+00:00,14.85,15.04,14.74,14.81,9748.4164
2024-10-29 20:00:00+00:00,14.81,15.04,14.76,14.91,12653.2623
2024-10-29 22:00:00+00:00,14.92,15.03,14.87,14.93,7200.6003
2024-10-30 00:00:00+00:00,14.92,14.95,14.72,14.77,2368.8503
2024-10-30 02:00:00+00:00,14.79,14.98,14.77,14.93,1803.3517
2024-10-30 04:00:00+00:00,14.93,14.98,14.83,14.88,3737.4223
2024-10-30 06:00:00+00:00,14.9,15.08,14.87,15.02,5312.5899
2024-10-30 08:00:00+00:00,15.02,15.12,14.86,15.08,8454.5701
2024-10-30 10:00:00+00:00,15.09,15.27,14.76,14.86,10641.1883
2024-10-30 12:00:00+00:00,14.85,15.12,14.77,15.1,5239.7571
2024-10-30 14:00:00+00:00,15.11,15.26,14.94,15.0,3930.767
2024-10-30 16:00:00+00:00,15.0,15.08,14.89,14.94,2980.035
2024-10-30 18:00:00+00:00,14.93,14.97,14.76,14.79,5521.3702
2024-10-30 20:00:00+00:00,14.79,14.91,14.69,14.81,3134.3838
2024-10-30 22:00:00+00:00,14.79,14.87,14.69,14.75,2607.5259
2024-10-31 00:00:00+00:00,14.74,14.78,14.61,14.65,3058.5621
2024-10-31 02:00:00+00:00,14.67,14.68,14.55,14.59,2253.5416
2024-10-31 04:00:00+00:00,14.59,14.66,14.51,14.61,1598.5913
2024-10-31 06:00:00+00:00,14.6,14.61,14.33,14.48,7512.9302
2024-10-31 08:00:00+00:00,14.49,14.51,14.25,14.44,4517.3049
2024-10-31 10:00:00+00:00,14.44,14.59,14.34,14.55,3870.9074
2024-10-31 12:00:00+00:00,14.55,14.61,14.36,14.4,4015.5241
2024-10-31 14:00:00+00:00,14.4,14.41,14.04,14.23,7998.6352
2024-10-31 16:00:00+00:00,14.22,14.29,14.02,14.15,4702.382
2024-10-31 18:00:00+00:00,14.13,14.14,13.9,14.09,5538.9442
2024-10-31 20:00:00+00:00,14.08,14.15,13.96,14.13,3269.0697
2024-10-31 22:00:00+00:00,14.13,14.13,13.95,14.08,2614.9298
2024-11-01 00:00:00+00:00,14.08,14.17,13.93,14.0,1734.2919
2024-11-01 02:00:00+00:00,14.0,14.1,13.87,14.03,2537.7362
2024-11-01 04:00:00+00:00,14.01,14.07,13.93,13.96,1011.1021
2024-11-01 06:00:00+00:00,13.94,13.96,13.76,13.83,5047.8024
2024-11-01 08:00:00+00:00,13.83,13.96,13.78,13.94,2345.8428
2024-11-01 10:00:00+00:00,13.96,14.18,13.92,14.1,4004.8088
2024-11-01 12:00:00+00:00,14.09,14.42,14.07,14.4,3593.2111
2024-11-01 14:00:00+00:00,14.42,14.51,13.87,13.96,4374.7191
2024-11-01 16:00:00+00:00,13.96,14.25,13.93,14.03,4795.8118
2024-11-01 18:00:00+00:00,14.03,14.14,13.96,14.12,4073.7243
2024-11-01 20:00:00+00:00,14.11,14.16,13.77,13.9,5519.0434
2024-11-01 22:00:00+00:00,13.91,14.0,13.84,14.0,1812.0146
2024-11-02 00:00:00+00:00,13.99,14.09,13.98,14.06,1040.9814
2024-11-02 02:00:00+00:00,14.08,14.14,13.92,13.92,1242.17
2024-11-02 04:00:00+00:00,13.92,14.0,13.81,13.98,1656.1143
2024-11-02 06:00:00+00:00,13.98,14.08,13.89,14.02,1597.9058
2024-11-02 08:00:00+00:00,14.03,14.09,13.92,13.96,1433.1084
2024-11-02 10:00:00+00:00,13.97,14.03,13.89,13.99,1235.6039
2024-11-02 12:00:00+00:00,13.98,13.99,13.69,13.74,2489.8046
2024-11-02 14:00:00+00:00,13.74,13.87,13.7,13.84,1764.6744
2024-11-02 16:00:00+00:00,13.84,13.91,13.61,13.71,6605.2953
2024-11-02 18:00:00+00:00,13.7,13.74,13.56,13.73,2680.7221
2024-11-02 20:00:00+00:00,13.71,13.76,13.67,13.71,2044.5248
2024-11-02 22:00:00+00:00,13.69,13.72,13.5,13.64,1981.8952
2024-11-03 00:00:00+00:00,13.67,13.69,13.48,13.48,1017.1376
2024-11-03 02:00:00+00:00,13.48,13.51,13.06,13.25,5275.6589
2024-11-03 04:00:00+00:00,13.24,13.37,13.22,13.24,1126.3154
2024-11-03 06:00:00+00:00,13.23,13.36,13.2,13.21,2835.9787
2024-11-03 08:00:00+00:00,13.2,13.29,13.1,13.1,2740.7046
2024-11-03 10:00:00+00:00,13.1,13.17,13.01,13.09,4474.5262
2024-11-03 12:00:00+00:00,13.07,13.13,12.94,12.98,3105.2015
2024-11-03 14:00:00+00:00,12.97,13.04,12.79,13.04,4610.419
2024-11-03 16:00:00+00:00,13.03,13.17,13.0,13.09,1609.2315
2024-11-03 18:00:00+00:00,13.09,13.25,12.91,13.25,2961.1884
2024-11-03 20:00:00+00:00,13.25,13.37,13.1,13.27,3704.726
2024-11-03 22:00:00+00:00,13.27,13.31,13.16,13.19,1387.112
2024-11-04 00:00:00+00:00,13.2,13.33,13.06,13.32,1937.9978
2024-11-04 02:00:00+00:00,13.32,13.48,13.26,13.31,1200.8985
2024-11-04 04:00:00+00:00,13.32,13.41,13.11,13.13,924.9878
2024-11-04 06:00:00+00:00,13.15,13.4,13.13,13.2,2260.5226
2024-11-04 08:00:00+00:00,13.22,13.27,13.1,13.22,2305.1067
2024-11-04 10:00:00+00:00,13.22,13.41,13.19,13.33,3886.6023
2024-11-04 12:00:00+00:00,13.33,13.53,13.28,13.32,5655.3226
2024-11-04 14:00:00+00:00,13.34,13.4,13.19,13.27,4209.9222
2024-11-04 16:00:00+00:00,13.27,13.28,12.92,13.02,5364.0633
2024-11-04 18:00:00+00:00,13.05,13.17,12.98,13.05,7151.6032
2024-11-04 20:00:00+00:00,13.04,13.09,12.64,12.71,5710.6601
2024-11-04 22:00:00+00:00,12.69,12.99,12.67,12.91,1723.6128
2024-11-05 00:00:00+00:00,12.9,13.13,12.89,13.06,2772.1051
2024-11-05 02:00:00+00:00,13.06,13.09,12.96,13.07,2016.4296
2024-11-05 04:00:00+00:00,13.06,13.26,13.06,13.22,2745.1396
2024-11-05 06:00:00+00:00,13.23,13.29,13.11,13.28,2131.2471
2024-11-05 08:00:00+00:00,13.27,13.28,13.14,13.18,3902.4405
2024-11-05 10:00:00+00:00,13.18,13.21,13.12,13.2,2605.1466
2024-11-05 12:00:00+00:00,13.2,13.29,13.15,13.22,3280.6239
2024-11-05 14:00:00+00:00,13.23,13.56,13.19,13.35,6451.7811
2024-11-05 16:00:00+00:00,13.36,13.57,13.31,13.38,6164.5397
2024-11-05 18:00:00+00:00,13.38,13.45,13.07,13.15,2582.3863
2024-11-05 20:00:00+00:00,13.15,13.35,13.09,13.21,2703.5714
2024-11-05 22:00:00+00:00,13.23,13.42,13.17,13.36,1971.9713
2024-11-06 00:00:00+00:00,13.36,13.79,13.33,13.68,3108.9479
2024-11-06 02:00:00+00:00,13.68,14.15,13.65,14.06,6750.5002
2024-11-06 04:00:00+00:00,14.07,14.39,14.04,14.38,7543.3445
2024-11-06 06:00:00+00:00,14.38,14.56,14.34,14.45,5871.5347
2024-11-06 08:00:00+00:00,14.45,14.59,14.16,14.57,6138.9327
2024-11-06 10:00:00+00:00,14.59,14.72,14.46,14.65,5271.5328
2024-11-06 12:00:00+00:00,14.63,14.74,14.54,14.65,4980.9566
2024-11-06 14:00:00+00:00,14.65,14.76,14.44,14.63,4493.2275
2024-11-06 16:00:00+00:00,14.62,14.76,14.56,14.61,8936.1946
2024-11-06 18:00:00+00:00,14.64,14.83,14.61,14.76,3509.8632
2024-11-06 20:00:00+00:00,14.78,14.9,14.69,14.85,8889.1161
2024-11-06 22:00:00+00:00,14.85,15.07,14.76,14.97,2835.9783
2024-11-07 00:00:00+00:00,14.99,15.3,14.88,15.2,5167.8297
2024-11-07 02:00:00+00:00,15.17,15.4,15.17,15.24,4285.5286
2024-11-07 04:00:00+00:00,15.24,15.24,14.91,15.04,5831.6284
2024-11-07 06:00:00+00:00,15.03,15.04,14.68,14.96,4050.6234
2024-11-07 08:00:00+00:00,14.97,15.12,14.95,15.01,3231.8527
2024-11-07 10:00:00+00:00,15.01,15.03,14.86,14.9,1504.8607
2024-11-07 12:00:00+00:00,14.9,15.11,14.83,14.86,4108.7697
2024-11-07 14:00:00+00:00,14.89,15.32,14.82,15.26,4235.3461
2024-11-07 16:00:00+00:00,15.25,15.3,15.14,15.25,6756.5476
2024-11-07 18:00:00+00:00,15.25,15.28,15.08,15.24,4548.4548
2024-11-07 20:00:00+00:00,15.23,15.42,15.2,15.35,3783.4823
2024-11-07 22:00:00+00:00,15.33,15.34,15.15,15.29,2120.1993
2024-11-08 00:00:00+00:00,15.31,15.44,15.22,15.31,1898.922
2024-11-08 02:00:00+00:00,15.29,15.31,15.07,15.17,2486.0482
2024-11-08 04:00:00+00:00,15.17,15.3,15.13,15.24,2447.0168
2024-11-08 06:00:00+00:00,15.24,15.25,15.02,15.16,2015.0951
2024-11-08 08:00:00+00:00,15.14,15.22,15.04,15.18,1876.8853
2024-11-08 10:00:00+00:00,15.17,15.27,15.02,15.24,3335.5804
2024-11-08 12:00:00+00:00,15.24,15.44,15.22,15.4,4674.0163
2024-11-08 14:00:00+00:00,15.4,15.48,15.16,15.41,3762.6818
2024-11-08 16:00:00+00:00,15.43,15.46,14.8,15.16,9115.7423
2024-11-08 18:00:00+00:00,15.13,15.32,15.07,15.24,5219.242
2024-11-08 20:00:00+00:00,15.23,15.31,15.01,15.27,7625.6716
2024-11-08 22:00:00+00:00,15.27,15.4,15.24,15.38,2281.2557
2024-11-09 00:00:00+00:00,15.37,15.57,15.33,15.41,3047.3418
2024-11-09 02:00:00+00:00,15.4,15.51,15.32,15.37,2455.1066
2024-11-09 04:00:00+00:00,15.37,15.8,15.37,15.8,3691.8148
2024-11-09 06:00:00+00:00,15.78,15.81,15.55,15.62,3513.0445
2024-11-09 08:00:00+00:00,15.64,16.15,15.61,16.08,23047.0742
2024-11-09 10:00:00+00:00,16.08,16.34,15.97,16.07,19664.9116
2024-11-09 12:00:00+00:00,16.07,16.15,15.81,15.9,14601.8846
2024-11-09 14:00:00+00:00,15.9,16.19,15.76,15.92,16819.4388
2024-11-09 16:00:00+00:00,15.92,16.16,15.8,15.91,12209.0751
2024-11-09 18:00:00+00:00,15.9,16.1,15.87,16.0,4371.2282
2024-11-09 20:00:00+00:00,16.0,16.24,15.98,16.19,4722.6914
2024-11-09 22:00:00+00:00,16.19,16.54,16.16,16.42,8243.9324
2024-11-10 00:00:00+00:00,16.42,16.48,16.12,16.25,4965.469
2024-11-10 02:00:00+00:00,16.25,16.73,16.23,16.52,6778.5709
2024-11-10 04:00:00+00:00,16.54,16.88,16.47,16.7,12170.5712
2024-11-10 06:00:00+00:00,16.7,17.05,16.63,16.99,20639.0349
2024-11-10 08:00:00+00:00,16.99,17.45,16.99,17.31,19827.0598
2024-11-10 10:00:00+00:00,17.29,17.78,17.27,17.61,18141.5246
2024-11-10 12:00:00+00:00,17.62,17.93,17.49,17.63,27351.0272
2024-11-10 14:00:00+00:00,17.63,17.77,17.18,17.66,14544.6392
2024-11-10 16:00:00+00:00,17.69,18.12,17.66,17.91,19036.8024
2024-11-10 18:00:00+00:00,17.93,18.0,17.35,17.47,10638.8185
2024-11-10 20:00:00+00:00,17.47,17.55,16.86,17.46,10766.7453
2024-11-10 22:00:00+00:00,17.46,17.71,17.4,17.63,5654.4494
2024-11-11 00:00:00+00:00,17.63,17.85,17.57,17.72,3919.0282
2024-11-11 02:00:00+00:00,17.72,17.9,17.68,17.78,2923.4306
2024-11-11 04:00:00+00:00,17.78,17.79,17.13,17.3,6750.6679
2024-11-11 06:00:00+00:00,17.31,17.45,17.13,17.3,5604.5439
2024-11-11 08:00:00+00:00,17.31,17.52,17.3,17.48,5246.8333
2024-11-11 10:00:00+00:00,17.46,17.87,17.44,17.85,4370.1374
2024-11-11 12:00:00+00:00,17.87,17.93,17.5,17.68,6163.7418
2024-11-11 14:00:00+00:00,17.67,18.0,17.54,17.83,10346.4526
2024-11-11 16:00:00+00:00,17.86,18.43,17.84,18.26,13453.6286
2024-11-11 18:00:00+00:00,18.26,18.71,18.0,18.6,27797.0285
2024-11-11 20:00:00+00:00,18.61,19.19,18.53,18.96,26194.756
2024-11-11 22:00:00+00:00,18.95,19.5,18.45,19.36,13649.056
2024-11-12 00:00:00+00:00,19.37,19.55,18.93,19.48,14812.3526
2024-11-12 02:00:00+00:00,19.48,19.61,19.0,19.37,7254.7102
2024-11-12 04:00:00+00:00,19.38,19.45,19.1,19.33,7440.3484
2024-11-12 06:00:00+00:00,19.33,19.84,19.3,19.83,7931.1314
2024-11-12 08:00:00+00:00,19.83,19.89,18.87,18.92,17583.5477
2024-11-12 10:00:00+00:00,18.91,19.11,17.96,18.7,20155.0504
2024-11-12 12:00:00+00:00,18.7,18.73,17.92,18.3,14387.907
2024-11-12 14:00:00+00:00,18.28,18.62,17.94,18.35,15870.4875
2024-11-12 16:00:00+00:00,18.35,18.44,17.92,18.21,8435.81
2024-11-12 18:00:00+00:00,18.22,18.85,18.22,18.69,8499.3923
2024-11-12 20:00:00+00:00,18.68,18.76,18.23,18.63,3625.4428
2024-11-12 22:00:00+00:00,18.64,18.9,18.48,18.64,6170.2396
2024-11-13 00:00:00+00:00,18.64,18.79,18.27,18.42,7447.4597
2024-11-13 02:00:00+00:00,18.46,18.5,18.0,18.02,5896.7416
2024-11-13 04:00:00+00:00,18.01,18.18,17.42,17.45,13375.4367
2024-11-13 06:00:00+00:00,17.47,17.79,17.27,17.77,6970.0297
2024-11-13 08:00:00+00:00,17.76,17.85,17.58,17.75,4543.5845
2024-11-13 10:00:00+00:00,17.75,18.24,17.68,18.15,7310.3937
2024-11-13 12:00:00+00:00,18.16,18.85,18.06,18.76,13471.1751
2024-11-13 14:00:00+00:00,18.76,18.99,18.56,18.87,11990.7052
2024-11-13 16:00:00+00:00,18.84,18.95,18.52,18.8,10696.3089
2024-11-13 18:00:00+00:00,18.82,18.93,17.81,17.86,12565.805
2024-11-13 20:00:00+00:00,17.84,18.0,17.42,17.8,13463.9312
2024-11-13 22:00:00+00:00,17.81,18.29,17.75,18.29,4299.9954
2024-11-14 00:00:00+00:00,18.28,18.37,17.99,18.31,2722.9099
2024-11-14 02:00:00+00:00,18.31,18.42,17.85,18.36,3701.6221
2024-11-14 04:00:00+00:00,18.35,18.65,18.26,18.61,2799.7225
2024-11-14 06:00:00+00:00,18.61,18.84,18.29,18.51,8718.0403
2024-11-14 08:00:00+00:00,18.52,18.61,18.35,18.53,4969.6074
2024-11-14 10:00:00+00:00,18.51,18.58,17.96,18.23,3882.7631
2024-11-14 12:00:00+00:00,18.22,18.58,18.06,18.21,6028.6894
2024-11-14 14:00:00+00:00,18.2,18.59,17.65,17.87,10228.9067
2024-11-14 16:00:00+00:00,17.85,18.34,17.79,18.15,7771.1478
2024-11-14 18:00:00+00:00,18.15,18.35,18.12,18.31,3461.4732
2024-11-14 20:00:00+00:00,18.29,18.44,18.04,18.41,5846.2568
2024-11-14 22:00:00+00:00,18.39,18.45,17.46,17.76,7425.8574
2024-11-15 00:00:00+00:00,17.75,17.85,17.37,17.63,3915.8663
2024-11-15 02:00:00+00:00,17.65,17.83,17.48,17.74,3444.5828
2024-11-15 04:00:00+00:00,17.71,17.75,17.19,17.52,3781.4229
2024-11-15 06:00:00+00:00,17.5,17.7,17.41,17.47,3149.1021
2024-11-15 08:00:00+00:00,17.47,17.98,17.3,17.86,4386.369
2024-11-15 10:00:00+00:00,17.86,17.98,17.81,17.95,1354.8719
2024-11-15 12:00:00+00:00,17.93,18.33,17.92,18.13,7738.1232
2024-11-15 14:00:00+00:00,18.12,18.18,17.87,17.89,10208.9689
2024-11-15 16:00:00+00:00,17.89,18.38,17.8,18.2,3902.7283
2024-11-15 18:00:00+00:00,18.2,18.47,18.06,18.36,5868.4726
2024-11-15 20:00:00+00:00,18.36,18.96,18.36,18.88,9731.7332
2024-11-15 22:00:00+00:00,18.89,19.0,18.74,18.95,4483.9708
2024-11-16 00:00:00+00:00,18.97,19.24,18.83,19.16,4726.4562
2024-11-16 02:00:00+00:00,19.15,19.46,19.08,19.45,6199.8401
2024-11-16 04:00:00+00:00,19.44,19.61,19.38,19.56,2697.903
2024-11-16 06:00:00+00:00,19.57,19.88,19.47,19.73,12212.3315
2024-11-16 08:00:00+00:00,19.72,20.02,19.5,19.78,12987.5327
2024-11-16 10:00:00+00:00,19.77,19.98,19.74,19.9,6305.6402
2024-11-16 12:00:00+00:00,19.9,20.51,19.77,20.42,21803.4551
2024-11-16 14:00:00+00:00,20.42,20.68,19.95,20.12,12699.2729
2024-11-16 16:00:00+00:00,20.12,21.81,19.93,20.58,103560.6097
2024-11-16 18:00:00+00:00,20.57,20.6,20.11,20.25,18091.4451
2024-11-16 20:00:00+00:00,20.24,20.41,19.95,20.21,12961.8176
2024-11-16 22:00:00+00:00,20.23,20.51,20.08,20.31,5214.3593
2024-11-17 00:00:00+00:00,20.32,20.63,20.05,20.28,10691.4267
2024-11-17 02:00:00+00:00,20.29,20.29,19.51,19.86,8588.9357
2024-11-17 04:00:00+00:00,19.86,21.18,19.8,21.06,16886.9858
2024-11-17 06:00:00+00:00,21.08,21.3,20.8,21.3,6728.6732
2024-11-17 08:00:00+00:00,21.29,21.29,20.66,20.77,10694.8912
2024-11-17 10:00:00+00:00,20.77,21.18,20.66,20.9,10196.4575
2024-11-17 12:00:00+00:00,20.89,22.57,20.88,21.26,76672.7161
2024-11-17 14:00:00+00:00,21.27,21.43,20.64,20.7,10166.9018
2024-11-17 16:00:00+00:00,20.7,20.89,20.54,20.83,6278.1369
2024-11-17 18:00:00+00:00,20.83,21.12,20.47,20.88,13269.5671
2024-11-17 20:00:00+00:00,20.88,21.21,20.55,20.62,8925.0637
2024-11-17 22:00:00+00:00,20.58,21.1,20.37,20.72,10688.7365
2024-11-18 00:00:00+00:00,20.69,21.2,20.56,21.16,7301.1655
2024-11-18 02:00:00+00:00,21.15,21.34,21.04,21.26,7515.8751
2024-11-18 04:00:00+00:00,21.26,21.39,20.9,21.35,5724.4397
2024-11-18 06:00:00+00:00,21.35,21.59,21.28,21.49,7204.6735
2024-11-18 08:00:00+00:00,21.51,21.68,21.17,21.23,5017.9755
2024-11-18 10:00:00+00:00,21.23,21.47,20.3,20.39,15381.3795
2024-11-18 12:00:00+00:00,20.4,20.67,20.17,20.41,9400.5396
2024-11-18 14:00:00+00:00,20.4,21.13,20.32,21.08,8119.217
2024-11-18 16:00:00+00:00,21.06,21.25,20.81,20.94,10518.4535
2024-11-18 18:00:00+00:00,20.93,21.14,20.57,20.85,15177.8817
2024-11-18 20:00:00+00:00,20.84,21.43,20.74,21.18,6823.9862
2024-11-18 22:00:00+00:00,21.18,21.54,21.15,21.46,5031.2751
2024-11-19 00:00:00+00:00,21.45,21.53,21.27,21.28,4600.1324
2024-11-19 02:00:00+00:00,21.28,21.35,21.08,21.12,3152.0588
2024-11-19 04:00:00+00:00,21.12,21.15,20.75,21.07,5065.2554
2024-11-19 06:00:00+00:00,21.05,21.3,21.01,21.2,4886.9384
2024-11-19 08:00:00+00:00,21.2,21.33,20.98,21.08,6291.3945
2024-11-19 10:00:00+00:00,21.06,21.49,20.92,21.38,4664.5283
2024-11-19 12:00:00+00:00,21.39,21.59,20.99,21.13,7955.1506
2024-11-19 14:00:00+00:00,21.13,21.17,20.8,21.08,6240.0127
2024-11-19 16:00:00+00:00,21.1,21.23,20.9,21.12,4519.9633
2024-11-19 18:00:00+00:00,21.12,21.31,20.99,21.06,3715.9848
2024-11-19 20:00:00+00:00,21.06,21.12,20.48,20.69,4772.7423
2024-11-19 22:00:00+00:00,20.68,21.07,20.46,21.01,2903.7222
2024-11-20 00:00:00+00:00,21.01,21.01,20.6,20.66,3683.0772
2024-11-20 02:00:00+00:00,20.65,20.72,20.31,20.62,4392.8115
2024-11-20 04:00:00+00:00,20.6,20.94,20.46,20.92,2448.0692
2024-11-20 06:00:00+00:00,20.93,20.99,20.59,20.77,1851.882
2024-11-20 08:00:00+00:00,20.76,20.86,20.68,20.84,1887.3284
2024-11-20 10:00:00+00:00,20.82,20.88,20.48,20.6,2594.7948
2024-11-20 12:00:00+00:00,20.6,20.78,20.34,20.73,3493.1585
2024-11-20 14:00:00+00:00,20.71,20.99,20.4,20.66,6072.1777
2024-11-20 16:00:00+00:00,20.67,20.74,19.95,19.95,6752.1533
2024-11-20 18:00:00+00:00,19.95,20.0,19.58,19.84,8396.0398
2024-11-20 20:00:00+00:00,19.84,20.2,19.72,20.04,6253.7675
2024-11-20 22:00:00+00:00,20.05,20.4,19.89,19.97,4266.1589
2024-11-21 00:00:00+00:00,19.98,20.18,19.93,20.0,3021.576
2024-11-21 02:00:00+00:00,19.98,19.99,19.44,19.75,5257.6086
2024-11-21 04:00:00+00:00,19.74,20.45,19.72,20.3,9618.3778
2024-11-21 06:00:00+00:00,20.28,20.49,20.16,20.31,3305.8737
2024-11-21 08:00:00+00:00,20.31,20.32,19.92,19.97,4638.8527
2024-11-21 10:00:00+00:00,19.97,20.24,19.87,20.19,3639.8986
2024-11-21 12:00:00+00:00,20.2,21.38,20.19,21.15,9640.7068
2024-11-21 14:00:00+00:00,21.17,21.57,20.52,20.81,9280.6697
2024-11-21 16:00:00+00:00,20.81,21.16,20.79,21.1,4565.2265
2024-11-21 18:00:00+00:00,21.14,21.18,20.93,20.99,3607.7506
2024-11-21 20:00:00+00:00,20.99,21.02,20.81,20.96,4147.4819
2024-11-21 22:00:00+00:00,20.95,21.12,20.85,20.95,2877.3209
2024-11-22 00:00:00+00:00,20.95,20.98,20.53,20.71,3803.2809
2024-11-22 02:00:00+00:00,20.7,20.94,20.6,20.92,1870.4976
2024-11-22 04:00:00+00:00,20.94,21.17,20.9,20.92,2260.8002
2024-11-22 06:00:00+00:00,20.91,20.99,20.7,20.74,3884.8398
2024-11-22 08:00:00+00:00,20.75,20.84,20.69,20.77,2998.2482
2024-11-22 10:00:00+00:00,20.77,20.88,20.45,20.86,6240.2047
2024-11-22 12:00:00+00:00,20.85,20.91,20.16,20.24,7117.076
2024-11-22 14:00:00+00:00,20.23,20.48,20.09,20.42,7459.0556
2024-11-22 16:00:00+00:00,20.43,20.43,20.02,20.05,5368.2335
2024-11-22 18:00:00+00:00,20.05,20.21,19.89,20.06,7691.9985
2024-11-22 20:00:00+00:00,20.03,20.32,19.96,20.29,5229.3675
2024-11-22 22:00:00+00:00,20.31,20.53,20.17,20.52,4210.4803
2024-11-23 00:00:00+00:00,20.52,20.68,20.33,20.63,6630.521
2024-11-23 02:00:00+00:00,20.66,20.7,20.31,20.59,4237.5785
2024-11-23 04:00:00+00:00,20.57,20.83,20.4,20.75,3540.308
2024-11-23 06:00:00+00:00,20.76,21.21,20.73,21.02,8974.4423
2024-11-23 08:00:00+00:00,21.03,21.37,20.99,21.13,6541.1924
2024-11-23 10:00:00+00:00,21.13,21.35,21.01,21.27,5738.2567
2024-11-23 12:00:00+00:00,21.26,22.0,21.12,22.0,12190.9866
2024-11-23 14:00:00+00:00,21.97,22.1,21.59,21.88,11810.4246
2024-11-23 16:00:00+00:00,21.88,22.04,21.05,21.66,14672.8838
2024-11-23 18:00:00+00:00,21.64,21.9,21.39,21.73,8058.5176
2024-11-23 20:00:00+00:00,21.73,21.81,21.35,21.68,6677.2655
2024-11-23 22:00:00+00:00,21.65,21.85,21.33,21.6,7002.269
2024-11-24 00:00:00+00:00,21.6,22.13,21.51,22.12,6028.2081
2024-11-24 02:00:00+00:00,22.1,22.7,22.09,22.53,9712.3459
2024-11-24 04:00:00+00:00,22.51,22.88,22.3,22.74,9121.21
2024-11-24 06:00:00+00:00,22.75,23.05,22.66,22.94,7074.3388
2024-11-24 08:00:00+00:00,22.95,23.05,22.37,22.73,7357.5657
2024-11-24 10:00:00+00:00,22.73,22.82,21.57,21.66,12656.6372
2024-11-24 12:00:00+00:00,21.66,21.96,21.07,21.77,10263.755
2024-11-24 14:00:00+00:00,21.77,21.78,21.09,21.09,7214.6669
2024-11-24 16:00:00+00:00,21.09,21.7,21.09,21.55,5457.4251
2024-11-24 18:00:00+00:00,21.54,21.74,21.29,21.61,6291.3692
2024-11-24 20:00:00+00:00,21.6,22.1,21.51,22.1,5606.055
2024-11-24 22:00:00+00:00,22.08,22.33,21.96,22.33,5096.9512
2024-11-25 00:00:00+00:00,22.32,22.34,21.64,21.83,7620.5452
2024-11-25 02:00:00+00:00,21.84,22.18,21.83,22.15,2576.6031
2024-11-25 04:00:00+00:00,22.15,22.34,22.03,22.32,2498.586
2024-11-25 06:00:00+00:00,22.32,22.32,21.85,22.14,5048.7343
2024-11-25 08:00:00+00:00,22.13,23.0,22.12,22.77,7308.0088
2024-11-25 10:00:00+00:00,22.79,23.0,22.43,22.75,8206.504
2024-11-25 12:00:00+00:00,22.73,22.82,22.16,22.45,6462.5008
2024-11-25 14:00:00+00:00,22.43,22.73,21.61,22.62,10992.7977
2024-11-25 16:00:00+00:00,22.61,22.75,21.86,22.22,6206.4622
2024-11-25 18:00:00+00:00,22.21,22.38,21.99,22.17,4320.0894
2024-11-25 20:00:00+00:00,22.17,22.45,21.62,21.94,6496.5184
2024-11-25 22:00:00+00:00,21.95,22.17,21.47,21.83,5438.3264
2024-11-26 00:00:00+00:00,21.84,22.34,21.68,22.31,4094.0979
2024-11-26 02:00:00+00:00,22.3,22.32,21.96,22.1,1646.1637
2024-11-26 04:00:00+00:00,22.1,22.16,21.8,22.15,1765.0854
2024-11-26 06:00:00+00:00,22.16,22.2,21.69,21.81,3303.3043
2024-11-26 08:00:00+00:00,21.81,21.83,21.11,21.3,8085.5491
2024-11-26 10:00:00+00:00,21.32,21.35,20.43,20.95,6491.7244
2024-11-26 12:00:00+00:00,20.94,21.26,20.75,20.86,6074.481
2024-11-26 14:00:00+00:00,20.87,21.38,20.69,20.86,4471.7669
2024-11-26 16:00:00+00:00,20.85,21.29,20.75,21.15,3701.2849
2024-11-26 18:00:00+00:00,21.16,21.2,20.65,20.96,3731.1263
2024-11-26 20:00:00+00:00,20.96,21.49,20.92,21.32,5055.0271
2024-11-26 22:00:00+00:00,21.32,21.5,21.28,21.39,2463.3098
2024-11-27 00:00:00+00:00,21.39,21.5,21.08,21.47,4006.9698
2024-11-27 02:00:00+00:00,21.45,21.74,21.25,21.55,5171.4913
2024-11-27 04:00:00+00:00,21.55,21.87,21.52,21.64,2775.0097
2024-11-27 06:00:00+00:00,21.65,22.04,21.62,22.0,1637.1939
2024-11-27 08:00:00+00:00,22.02,22.04,21.69,21.93,3760.3233
2024-11-27 10:00:00+00:00,21.95,22.27,21.79,22.17,5998.5578
2024-11-27 12:00:00+00:00,22.15,22.38,21.85,22.37,5597.5982
2024-11-27 14:00:00+00:00,22.35,22.56,22.17,22.47,4414.7497
2024-11-27 16:00:00+00:00,22.47,22.9,22.4,22.84,6912.1628
2024-11-27 18:00:00+00:00,22.86,23.22,22.77,23.04,6512.6883
2024-11-27 20:00:00+00:00,23.04,23.14,22.8,22.92,3224.1096
2024-11-27 22:00:00+00:00,22.92,23.19,22.89,23.09,3737.5416
2024-11-28 00:00:00+00:00,23.09,23.16,22.84,22.94,3296.3685
2024-11-28 02:00:00+00:00,22.94,22.95,22.26,22.33,3030.5532
2024-11-28 04:00:00+00:00,22.37,22.76,22.28,22.39,4530.529
2024-11-28 06:00:00+00:00,22.38,22.41,21.91,22.02,5773.2552
2024-11-28 08:00:00+00:00,22.02,22.4,21.84,22.27,4220.4982
2024-11-28 10:00:00+00:00,22.27,22.39,22.06,22.27,4636.7383
2024-11-28 12:00:00+00:00,22.26,22.36,21.98,22.11,3255.9549
2024-11-28 14:00:00+00:00,22.12,22.26,21.75,21.8,3497.6569
2024-11-28 16:00:00+00:00,21.82,22.01,21.53,21.73,10798.4748
2024-11-28 18:00:00+00:00,21.72,22.15,21.7,22.08,5204.075
2024-11-28 20:00:00+00:00,22.05,22.08,21.76,21.93,3867.277
2024-11-28 22:00:00+00:00,21.94,22.07,21.87,21.94,2852.4762
2024-11-29 00:00:00+00:00,21.95,21.99,21.55,21.86,3645.5385
2024-11-29 02:00:00+00:00,21.87,22.05,21.85,21.89,1921.9651
2024-11-29 04:00:00+00:00,21.89,21.96,21.66,21.82,4442.6677
2024-11-29 06:00:00+00:00,21.83,21.94,21.46,21.53,2482.0232
2024-11-29 08:00:00+00:00,21.53,21.91,21.48,21.89,3925.8219
2024-11-29 10:00:00+00:00,21.88,22.16,21.74,22.0,5117.9018
2024-11-29 12:00:00+00:00,22.0,22.02,21.72,21.97,4005.472
2024-11-29 14:00:00+00:00,21.97,22.17,21.84,22.11,5513.1464
2024-11-29 16:00:00+00:00,22.12,22.17,21.69,21.7,4540.5395
2024-11-29 18:00:00+00:00,21.7,21.75,21.4,21.67,5320.7926
2024-11-29 20:00:00+00:00,21.67,21.94,21.61,21.93,3208.6463
2024-11-29 22:00:00+00:00,21.93,21.97,21.78,21.89,2295.3663
2024-11-30 00:00:00+00:00,21.89,21.89,21.55,21.75,3138.4595
2024-11-30 02:00:00+00:00,21.77,22.18,21.69,22.16,3281.0573
2024-11-30 04:00:00+00:00,22.15,22.4,22.08,22.38,2699.0313
2024-11-30 06:00:00+00:00,22.39,22.6,22.27,22.52,2706.0719
2024-11-30 08:00:00+00:00,22.52,22.55,22.11,22.31,4827.243
2024-11-30 10:00:00+00:00,22.31,22.35,21.9,22.04,3658.1691
2024-11-30 12:00:00+00:00,22.04,22.19,21.92,21.96,3613.615
2024-11-30 14:00:00+00:00,21.96,22.11,21.76,22.03,5401.0205
2024-11-30 16:00:00+00:00,22.03,22.16,21.76,22.06,4965.2882
2024-11-30 18:00:00+00:00,22.05,22.22,21.99,22.19,3540.462
2024-11-30 20:00:00+00:00,22.18,22.47,22.1,22.28,6231.2167
2024-11-30 22:00:00+00:00,22.27,22.29,21.85,21.87,4824.5939
2024-12-01 00:00:00+00:00,21.86,22.08,21.63,21.77,4082.2239
2024-12-01 02:00:00+00:00,21.78,22.0,21.34,21.71,8612.4251
2024-12-01 04:00:00+00:00,21.71,21.75,21.51,21.51,2144.7095
2024-12-01 06:00:00+00:00,21.55,21.63,21.35,21.53,6548.1697
2024-12-01 08:00:00+00:00,21.53,21.71,21.05,21.65,8280.6482
2024-12-01 10:00:00+00:00,21.65,21.75,21.41,21.62,3343.5868
2024-12-01 12:00:00+00:00,21.64,22.06,21.48,21.74,11867.7472
2024-12-01 14:00:00+00:00,21.74,22.28,21.72,22.2,6784.3294
2024-12-01 16:00:00+00:00,22.18,22.24,21.91,22.17,4670.5807
2024-12-01 18:00:00+00:00,22.18,22.19,21.77,21.95,4112.7002
2024-12-01 20:00:00+00:00,21.94,22.0,21.64,21.88,2965.7338
2024-12-01 22:00:00+00:00,21.89,21.96,21.77,21.83,2765.3435
2024-12-02 00:00:00+00:00,21.85,21.99,21.62,21.98,3901.2629
2024-12-02 02:00:00+00:00,21.98,22.14,21.5,21.52,4877.6412
2024-12-02 04:00:00+00:00,21.52,21.8,21.22,21.69,4279.943
2024-12-02 06:00:00+00:00,21.69,21.71,21.4,21.59,4398.1441
2024-12-02 08:00:00+00:00,21.58,21.63,20.8,21.13,11954.7503
2024-12-02 10:00:00+00:00,21.13,21.16,20.48,20.9,11018.4896
2024-12-02 12:00:00+00:00,20.9,22.01,20.82,21.87,28103.5455
2024-12-02 14:00:00+00:00,21.85,22.07,21.61,22.02,21080.842
2024-12-02 16:00:00+00:00,22.02,22.07,21.1,21.12,13740.9195
2024-12-02 18:00:00+00:00,21.13,21.6,21.07,21.52,6937.0009
2024-12-02 20:00:00+00:00,21.52,22.03,21.45,21.96,13766.3933
2024-12-02 22:00:00+00:00,21.95,22.18,21.77,22.16,6009.4472
2024-12-03 00:00:00+00:00,22.16,22.54,22.02,22.08,11910.7177
2024-12-03 02:00:00+00:00,22.06,22.64,21.94,22.4,6364.8067
2024-12-03 04:00:00+00:00,22.41,22.74,22.36,22.71,3862.3859
2024-12-03 06:00:00+00:00,22.72,22.9,22.11,22.32,10097.6467
2024-12-03 08:00:00+00:00,22.33,22.86,22.22,22.73,12392.8344
2024-12-03 10:00:00+00:00,22.72,23.1,22.66,23.03,17260.0407
2024-12-03 12:00:00+00:00,23.04,23.2,21.93,21.99,14038.4762
2024-12-03 14:00:00+00:00,21.99,22.92,21.81,22.8,17870.0586
2024-12-03 16:00:00+00:00,22.79,23.64,22.73,23.53,18872.547
2024-12-03 18:00:00+00:00,23.52,23.93,23.32,23.71,11281.8403
2024-12-03 20:00:00+00:00,23.71,24.64,23.64,24.39,13667.2746
2024-12-03 22:00:00+00:00,24.37,24.76,24.09,24.76,8260.705
2024-12-04 00:00:00+00:00,24.74,24.78,24.37,24.49,7733.9928
2024-12-04 02:00:00+00:00,24.5,24.52,23.87,24.41,7786.2842
2024-12-04 04:00:00+00:00,24.38,24.61,24.36,24.52,3385.3023
2024-12-04 06:00:00+00:00,24.5,24.66,24.14,24.58,6008.7135
2024-12-04 08:00:00+00:00,24.58,24.98,24.48,24.72,7005.457
2024-12-04 10:00:00+00:00,24.72,24.97,24.66,24.75,5223.6843
2024-12-04 12:00:00+00:00,24.75,24.93,24.38,24.84,10875.3895
2024-12-04 14:00:00+00:00,24.86,25.81,24.59,25.26,16984.4796
2024-12-04 16:00:00+00:00,25.26,25.28,24.29,25.01,14359.5613
2024-12-04 18:00:00+00:00,25.03,25.79,25.02,25.51,11019.7761
2024-12-04 20:00:00+00:00,25.53,25.73,25.18,25.61,8841.5626
2024-12-04 22:00:00+00:00,25.61,26.16,25.3,25.56,14354.638
2024-12-05 00:00:00+00:00,25.56,25.61,24.75,24.88,9454.8922
2024-12-05 02:00:00+00:00,24.86,25.63,24.77,25.2,5650.6251
2024-12-05 04:00:00+00:00,25.21,25.9,25.16,25.57,5408.4661
2024-12-05 06:00:00+00:00,25.56,25.79,25.27,25.74,3577.0326
2024-12-05 08:00:00+00:00,25.73,26.4,25.61,26.38,11607.0686
2024-12-05 10:00:00+00:00,26.38,27.65,26.27,27.48,48848.3106
2024-12-05 12:00:00+00:00,27.49,27.91,27.0,27.17,38265.8768
2024-12-05 14:00:00+00:00,27.19,27.55,26.77,27.34,18630.9518
2024-12-05 16:00:00+00:00,27.35,28.1,27.26,27.56,18919.2472
2024-12-05 18:00:00+00:00,27.59,27.59,26.42,26.51,15082.387
2024-12-05 20:00:00+00:00,26.5,26.66,25.99,26.51,10426.8032
2024-12-05 22:00:00+00:00,26.5,26.58,25.36,25.92,10866.1722
2024-12-06 00:00:00+00:00,25.91,26.7,25.69,26.53,6806.8138
2024-12-06 02:00:00+00:00,26.51,26.57,26.02,26.36,6076.9872
2024-12-06 04:00:00+00:00,26.35,26.71,26.34,26.59,4814.6814
2024-12-06 06:00:00+00:00,26.59,26.88,26.39,26.54,4051.386
2024-12-06 08:00:00+00:00,26.52,26.72,26.02,26.05,5430.2542
2024-12-06 10:00:00+00:00,26.06,26.23,25.74,25.94,7998.6799
2024-12-06 12:00:00+00:00,25.92,26.45,25.29,25.75,9972.7114
2024-12-06 14:00:00+00:00,25.78,27.06,25.63,26.75,9988.4461
2024-12-06 16:00:00+00:00,26.76,27.44,26.64,27.34,6354.8103
2024-12-06 18:00:00+00:00,27.28,27.64,27.22,27.45,5118.0313
2024-12-06 20:00:00+00:00,27.48,27.49,26.81,26.85,4934.4638
2024-12-06 22:00:00+00:00,26.86,27.24,26.83,27.08,3515.2641
2024-12-07 00:00:00+00:00,27.07,27.31,26.93,27.17,4903.0786
2024-12-07 02:00:00+00:00,27.18,27.39,26.69,26.91,4760.7092
2024-12-07 04:00:00+00:00,26.92,27.15,26.81,26.89,2915.8167
2024-12-07 06:00:00+00:00,26.89,27.23,26.86,27.13,3674.9529
2024-12-07 08:00:00+00:00,27.12,27.16,26.73,26.8,2790.6699
2024-12-07 10:00:00+00:00,26.8,26.89,26.56,26.8,3262.5767
2024-12-07 12:00:00+00:00,26.8,27.38,26.76,27.12,4421.1023
2024-12-07 14:00:00+00:00,27.09,27.12,26.82,26.93,2795.1514
2024-12-07 16:00:00+00:00,26.9,26.91,26.46,26.62,3602.2854
2024-12-07 18:00:00+00:00,26.62,26.94,26.58,26.79,2172.092
2024-12-07 20:00:00+00:00,26.79,26.9,26.69,26.77,2839.1368
2024-12-07 22:00:00+00:00,26.77,26.79,26.43,26.62,4044.7111
2024-12-08 00:00:00+00:00,26.62,26.87,26.51,26.6,2322.5371
2024-12-08 02:00:00+00:00,26.6,26.83,26.51,26.55,1256.8514
2024-12-08 04:00:00+00:00,26.53,26.59,25.99,26.15,3502.7932
2024-12-08 06:00:00+00:00,26.13,26.49,25.96,26.44,2730.6592
2024-12-08 08:00:00+00:00,26.44,26.66,26.0,26.22,11197.807
2024-12-08 10:00:00+00:00,26.24,26.84,26.2,26.7,4341.7335
2024-12-08 12:00:00+00:00,26.68,26.94,26.54,26.94,4996.25
2024-12-08 14:00:00+00:00,26.91,27.3,26.62,27.29,8785.6905
2024-12-08 16:00:00+00:00,27.27,27.3,26.96,27.17,5766.0065
2024-12-08 18:00:00+00:00,27.17,28.29,27.05,28.01,14084.5263
2024-12-08 20:00:00+00:00,28.02,29.55,27.98,28.94,42588.5583
2024-12-08 22:00:00+00:00,28.96,29.75,28.88,29.31,21223.2218
2024-12-09 00:00:00+00:00,29.3,29.55,28.67,28.7,9890.3046
2024-12-09 02:00:00+00:00,28.7,28.8,27.84,28.09,9919.9114
2024-12-09 04:00:00+00:00,28.13,28.31,27.74,28.08,5395.9958
2024-12-09 06:00:00+00:00,28.1,28.18,27.36,27.76,8567.5729
2024-12-09 08:00:00+00:00,27.75,27.8,26.44,26.6,13429.8081
2024-12-09 10:00:00+00:00,26.59,26.82,26.11,26.2,10290.7056
2024-12-09 12:00:00+00:00,26.19,26.95,25.94,26.89,8388.2641
2024-12-09 14:00:00+00:00,26.89,27.41,26.11,26.25,7588.7626
2024-12-09 16:00:00+00:00,26.25,26.47,25.83,25.88,8532.3639
2024-12-09 18:00:00+00:00,25.84,26.09,25.61,25.67,5341.3686
2024-12-09 20:00:00+00:00,25.67,25.78,21.86,23.69,49174.7696
2024-12-09 22:00:00+00:00,23.69,24.1,22.44,24.09,17028.0437
2024-12-10 00:00:00+00:00,24.08,24.76,23.57,24.48,7708.9527
2024-12-10 02:00:00+00:00,24.49,24.49,23.23,23.91,7678.5626
2024-12-10 04:00:00+00:00,23.9,24.36,23.4,24.32,6450.8676
2024-12-10 06:00:00+00:00,24.31,24.61,24.18,24.33,3532.2228
2024-12-10 08:00:00+00:00,24.29,24.54,24.03,24.38,4337.2926
2024-12-10 10:00:00+00:00,24.38,24.77,24.24,24.32,7940.2836
2024-12-10 12:00:00+00:00,24.33,24.4,23.23,23.65,10272.6197
2024-12-10 14:00:00+00:00,23.68,24.15,22.38,22.51,14509.3018
2024-12-10 16:00:00+00:00,22.52,22.87,21.85,22.01,18761.6196
2024-12-10 18:00:00+00:00,21.97,23.13,21.71,22.61,22646.2113
2024-12-10 20:00:00+00:00,22.61,23.48,22.45,23.2,33078.882
2024-12-10 22:00:00+00:00,23.2,23.4,23.01,23.12,4726.7499
2024-12-11 00:00:00+00:00,23.13,23.14,22.29,22.32,5897.343
2024-12-11 02:00:00+00:00,22.31,23.3,22.25,23.29,4306.1006
2024-12-11 04:00:00+00:00,23.3,23.43,22.68,22.76,6020.2072
2024-12-11 06:00:00+00:00,22.76,23.17,22.69,22.8,3521.7822
2024-12-11 08:00:00+00:00,22.81,23.49,22.81,23.16,5801.649
2024-12-11 10:00:00+00:00,23.16,23.68,23.14,23.54,6268.1973
2024-12-11 12:00:00+00:00,23.54,24.06,23.44,23.86,9867.3694
2024-12-11 14:00:00+00:00,23.85,24.68,23.57,24.44,11176.1355
2024-12-11 16:00:00+00:00,24.42,24.62,24.12,24.21,10597.3051
2024-12-11 18:00:00+00:00,24.22,24.38,24.2,24.32,3822.3737
2024-12-11 20:00:00+00:00,24.33,24.45,23.85,24.03,7769.8418
2024-12-11 22:00:00+00:00,24.02,24.09,23.89,24.08,3793.2535
2024-12-12 00:00:00+00:00,24.09,24.14,23.68,23.8,4987.7903
2024-12-12 02:00:00+00:00,23.79,24.81,23.75,24.63,4818.3507
2024-12-12 04:00:00+00:00,24.64,24.97,24.36,24.87,4220.4427
2024-12-12 06:00:00+00:00,24.87,25.17,24.85,24.99,5161.0974
2024-12-12 08:00:00+00:00,24.99,25.22,24.88,24.92,4615.1589
2024-12-12 10:00:00+00:00,24.89,24.9,24.08,24.46,9514.2352
2024-12-12 12:00:00+00:00,24.48,25.12,24.48,24.79,5334.09
2024-12-12 14:00:00+00:00,24.79,25.08,24.67,25.01,4229.8375
2024-12-12 16:00:00+00:00,25.0,25.78,24.95,25.73,14912.954
2024-12-12 18:00:00+00:00,25.74,25.87,24.82,24.99,9937.1085
2024-12-12 20:00:00+00:00,24.97,25.99,24.9,25.74,10053.4143
2024-12-12 22:00:00+00:00,25.74,26.54,25.47,26.07,19345.9314
2024-12-13 00:00:00+00:00,26.07,26.29,25.5,26.14,7808.5631
2024-12-13 02:00:00+00:00,26.12,27.0,26.1,26.7,10696.1534
2024-12-13 04:00:00+00:00,26.7,27.74,26.44,27.27,23905.5192
2024-12-13 06:00:00+00:00,27.27,28.11,26.63,27.23,18155.827
2024-12-13 08:00:00+00:00,27.24,28.34,27.2,27.84,25547.7031
2024-12-13 10:00:00+00:00,27.87,29.1,27.76,28.23,43296.9491
2024-12-13 12:00:00+00:00,28.24,28.96,27.42,27.6,27152.8134
2024-12-13 14:00:00+00:00,27.58,27.78,26.6,26.71,13774.5825
2024-12-13 16:00:00+00:00,26.73,27.69,26.54,27.69,10409.7106
2024-12-13 18:00:00+00:00,27.68,27.7,26.77,27.01,12554.7466
2024-12-13 20:00:00+00:00,27.0,27.09,26.7,26.7,4731.178
2024-12-13 22:00:00+00:00,26.72,27.18,26.49,27.11,4181.8632
2024-12-14 00:00:00+00:00,27.11,27.53,26.93,27.38,10950.8213
2024-12-14 02:00:00+00:00,27.4,27.42,26.58,26.67,6634.7382
2024-12-14 04:00:00+00:00,26.65,26.97,26.65,26.93,4157.8829
2024-12-14 06:00:00+00:00,26.9,27.01,26.65,26.79,1963.4787
2024-12-14 08:00:00+00:00,26.76,26.98,26.47,26.58,2560.3774
2024-12-14 10:00:00+00:00,26.56,26.69,26.27,26.47,3206.0943
2024-12-14 12:00:00+00:00,26.47,26.59,25.97,26.41,10977.3259
2024-12-14 14:00:00+00:00,26.41,27.2,26.4,27.03,12550.3866
2024-12-14 16:00:00+00:00,27.0,27.12,26.54,26.65,7861.3531
2024-12-14 18:00:00+00:00,26.65,26.75,26.0,26.35,8412.3018
2024-12-14 20:00:00+00:00,26.38,26.52,25.94,26.19,5818.0427
2024-12-14 22:00:00+00:00,26.15,26.47,26.06,26.38,3908.267
2024-12-15 00:00:00+00:00,26.36,26.89,26.06,26.85,6777.6046
2024-12-15 02:00:00+00:00,26.85,26.87,26.42,26.43,1319.1845
2024-12-15 04:00:00+00:00,26.45,26.81,26.42,26.77,2217.9788
2024-12-15 06:00:00+00:00,26.75,26.98,26.1,26.26,5816.8629
2024-12-15 08:00:00+00:00,26.28,26.94,26.25,26.88,2510.1983
2024-12-15 10:00:00+00:00,26.89,26.92,26.6,26.8,4185.7679
2024-12-15 12:00:00+00:00,26.77,27.34,26.7,27.27,7767.162
2024-12-15 14:00:00+00:00,27.24,27.5,26.95,27.3,13068.2023
2024-12-15 16:00:00+00:00,27.29,27.39,26.97,27.03,5874.9644
2024-12-15 18:00:00+00:00,27.02,27.27,26.85,27.02,9200.3695
2024-12-15 20:00:00+00:00,27.02,27.1,26.24,26.31,4318.2004
2024-12-15 22:00:00+00:00,26.27,27.3,26.15,27.15,4356.5855
2024-12-16 00:00:00+00:00,27.16,27.67,27.03,27.32,5825.9967
2024-12-16 02:00:00+00:00,27.32,27.39,26.53,26.61,4401.8102
2024-12-16 04:00:00+00:00,26.64,26.78,26.48,26.62,3578.2258
2024-12-16 06:00:00+00:00,26.63,26.87,26.41,26.73,4046.2889
2024-12-16 08:00:00+00:00,26.75,26.77,26.13,26.14,5547.0923
2024-12-16 10:00:00+00:00,26.17,26.32,25.61,25.8,8184.035
2024-12-16 12:00:00+00:00,25.79,26.08,25.77,25.97,4008.216
2024-12-16 14:00:00+00:00,25.97,26.36,25.94,26.16,6116.3971
2024-12-16 16:00:00+00:00,26.15,26.3,25.99,26.16,5939.9644
2024-12-16 18:00:00+00:00,26.15,26.63,26.12,26.34,5136.5008
2024-12-16 20:00:00+00:00,26.31,27.44,25.85,26.01,107425.4513
2024-12-16 22:00:00+00:00,26.01,26.21,25.68,25.78,7818.3373
2024-12-17 00:00:00+00:00,25.77,25.86,25.26,25.73,5511.9511
2024-12-17 02:00:00+00:00,25.7,26.01,25.68,25.95,2411.6769
2024-12-17 04:00:00+00:00,25.95,25.97,25.57,25.82,2096.8968
2024-12-17 06:00:00+00:00,25.81,25.9,25.39,25.41,5373.4199
2024-12-17 08:00:00+00:00,25.47,25.79,25.31,25.77,3823.3366
2024-12-17 10:00:00+00:00,25.77,25.78,25.44,25.45,4349.6921
2024-12-17 12:00:00+00:00,25.45,25.68,25.18,25.24,5505.4962
2024-12-17 14:00:00+00:00,25.22,25.25,23.99,24.43,16272.6189
2024-12-17 16:00:00+00:00,24.39,24.95,23.97,24.88,7242.7603
2024-12-17 18:00:00+00:00,24.89,24.93,24.13,24.48,3971.0546
2024-12-17 20:00:00+00:00,24.5,24.64,24.27,24.35,2729.4109
2024-12-17 22:00:00+00:00,24.37,24.41,23.48,23.76,10064.4594
2024-12-18 00:00:00+00:00,23.75,23.85,23.27,23.46,7137.7974
2024-12-18 02:00:00+00:00,23.45,23.84,23.41,23.53,3885.9648
2024-12-18 04:00:00+00:00,23.53,23.62,23.07,23.45,4868.3882
2024-12-18 06:00:00+00:00,23.5,23.61,23.14,23.45,3098.2865
2024-12-18 08:00:00+00:00,23.46,23.79,23.3,23.64,4294.5852
2024-12-18 10:00:00+00:00,23.64,23.94,23.59,23.7,2966.1063
2024-12-18 12:00:00+00:00,23.73,23.78,23.18,23.29,4118.3986
2024-12-18 14:00:00+00:00,23.3,23.47,22.97,23.17,8261.9465
2024-12-18 16:00:00+00:00,23.19,23.27,22.83,23.13,5252.2324
2024-12-18 18:00:00+00:00,23.12,23.6,22.35,22.35,8966.1441
2024-12-18 20:00:00+00:00,22.37,22.42,21.31,22.03,21092.535
2024-12-18 22:00:00+00:00,22.02,22.04,21.48,21.49,4267.192
2024-12-19 00:00:00+00:00,21.48,21.74,21.01,21.2,6284.9748
2024-12-19 02:00:00+00:00,21.16,21.86,20.66,21.83,8676.2301
2024-12-19 04:00:00+00:00,21.83,21.95,21.67,21.86,4018.5286
2024-12-19 06:00:00+00:00,21.86,21.94,21.66,21.89,1909.522
2024-12-19 08:00:00+00:00,21.85,21.85,21.53,21.78,3149.6002
2024-12-19 10:00:00+00:00,21.76,22.27,21.65,22.13,3571.7435
2024-12-19 12:00:00+00:00,22.11,22.22,21.55,21.79,6646.7707
2024-12-19 14:00:00+00:00,21.79,22.18,20.81,21.27,9166.6055
2024-12-19 16:00:00+00:00,21.27,21.4,19.97,20.2,12859.9032
2024-12-19 18:00:00+00:00,20.2,20.48,19.94,20.08,12100.0893
2024-12-19 20:00:00+00:00,20.07,20.48,19.52,20.33,10548.3666
2024-12-19 22:00:00+00:00,20.32,20.42,20.03,20.03,4024.3235
2024-12-20 00:00:00+00:00,20.03,20.39,19.68,20.12,7612.0526
2024-12-20 02:00:00+00:00,20.14,20.55,20.11,20.3,3545.6555
2024-12-20 04:00:00+00:00,20.33,20.46,19.95,20.01,3633.3005
2024-12-20 06:00:00+00:00,20.0,20.45,19.63,20.16,5687.3379
2024-12-20 08:00:00+00:00,20.15,20.19,18.67,18.8,14757.8882
2024-12-20 10:00:00+00:00,18.81,18.89,17.65,17.7,19110.7459
2024-12-20 12:00:00+00:00,17.71,19.33,17.69,19.27,13270.7357
2024-12-20 14:00:00+00:00,19.26,19.96,19.04,19.73,10320.0448
2024-12-20 16:00:00+00:00,19.72,19.87,19.46,19.79,7817.7292
2024-12-20 18:00:00+00:00,19.77,20.37,19.68,20.25,6941.8118
2024-12-20 20:00:00+00:00,20.25,20.28,19.59,20.0,5384.4233
2024-12-20 22:00:00+00:00,20.0,20.24,19.89,20.15,5606.4707
2024-12-21 00:00:00+00:00,20.17,20.35,19.99,20.16,4100.0087
2024-12-21 02:00:00+00:00,20.17,20.18,19.81,19.92,4042.268
2024-12-21 04:00:00+00:00,19.91,20.83,19.9,20.8,6178.6102
2024-12-21 06:00:00+00:00,20.8,21.12,20.67,20.89,6249.0579
2024-12-21 08:00:00+00:00,20.92,20.99,20.39,20.62,4591.6746
2024-12-21 10:00:00+00:00,20.62,20.96,20.43,20.57,7708.9202
2024-12-21 12:00:00+00:00,20.6,20.6,19.3,19.86,14517.123
2024-12-21 14:00:00+00:00,19.84,20.33,19.54,19.97,22899.4967
2024-12-21 16:00:00+00:00,19.97,19.97,19.27,19.59,17937.4184
2024-12-21 18:00:00+00:00,19.59,19.63,19.16,19.55,9261.3102
2024-12-21 20:00:00+00:00,19.56,19.82,19.33,19.44,4170.4018
2024-12-21 22:00:00+00:00,19.43,19.74,19.24,19.64,3725.891
2024-12-22 00:00:00+00:00,19.61,20.02,19.5,19.95,7247.6183
2024-12-22 02:00:00+00:00,19.97,20.01,19.51,19.8,2363.439
2024-12-22 04:00:00+00:00,19.78,19.84,19.21,19.51,3041.2498
2024-12-22 06:00:00+00:00,19.49,20.01,19.44,19.58,5521.9481
2024-12-22 08:00:00+00:00,19.57,20.15,19.57,20.01,2994.7061
2024-12-22 10:00:00+00:00,20.03,20.2,19.94,20.1,3125.1767
2024-12-22 12:00:00+00:00,20.12,20.71,20.11,20.57,25100.5141
2024-12-22 14:00:00+00:00,20.59,20.7,19.73,19.8,10101.9642
2024-12-22 16:00:00+00:00,19.8,20.06,19.57,19.72,5716.9379
2024-12-22 18:00:00+00:00,19.72,19.94,19.0,19.06,7895.2049
2024-12-22 20:00:00+00:00,19.06,19.66,18.86,19.49,4097.9918
2024-12-22 22:00:00+00:00,19.49,19.56,19.08,19.32,2646.9623
2024-12-23 00:00:00+00:00,19.31,19.47,18.91,19.22,5824.8663
2024-12-23 02:00:00+00:00,19.2,20.06,18.88,20.01,9153.2123
2024-12-23 04:00:00+00:00,19.99,20.17,19.65,19.7,3312.4225
2024-12-23 06:00:00+00:00,19.72,19.81,19.46,19.7,4877.0823
2024-12-23 08:00:00+00:00,19.71,20.0,19.62,19.98,4635.3206
2024-12-23 10:00:00+00:00,19.97,20.14,19.53,19.63,8889.4449
2024-12-23 12:00:00+00:00,19.61,19.81,19.28,19.39,7269.9157
2024-12-23 14:00:00+00:00,19.39,19.74,19.07,19.16,5522.9211
2024-12-23 16:00:00+00:00,19.16,19.72,19.13,19.49,3480.9768
2024-12-23 18:00:00+00:00,19.49,19.73,19.3,19.55,1883.0809
2024-12-23 20:00:00+00:00,19.55,20.31,19.54,20.02,6913.9485
2024-12-23 22:00:00+00:00,20.04,20.27,20.0,20.12,2501.8353
2024-12-24 00:00:00+00:00,20.11,20.17,19.75,19.79,2809.7621
2024-12-24 02:00:00+00:00,19.79,19.88,19.58,19.81,1727.4931
2024-12-24 04:00:00+00:00,19.83,20.29,19.75,20.27,2966.805
2024-12-24 06:00:00+00:00,20.27,20.29,19.95,20.07,3052.4647
2024-12-24 08:00:00+00:00,20.07,20.23,19.95,19.98,3634.1088
2024-12-24 10:00:00+00:00,20.0,20.15,19.82,20.14,8129.5734
2024-12-24 12:00:00+00:00,20.1,20.57,19.95,20.57,4500.4548
2024-12-24 14:00:00+00:00,20.57,21.08,20.41,20.93,6354.8678
2024-12-24 16:00:00+00:00,20.93,21.0,20.65,20.74,4119.9633
2024-12-24 18:00:00+00:00,20.7,20.76,20.23,20.24,3015.3491
2024-12-24 20:00:00+00:00,20.24,20.68,20.05,20.66,7636.5424
2024-12-24 22:00:00+00:00,20.68,21.04,20.44,20.73,34972.1329
2024-12-25 00:00:00+00:00,20.7,21.41,20.68,21.37,39770.8227
2024-12-25 02:00:00+00:00,21.39,21.56,20.14,20.29,48273.7663
2024-12-25 04:00:00+00:00,20.27,20.38,20.16,20.36,3717.7021
2024-12-25 06:00:00+00:00,20.36,20.55,20.22,20.27,4153.2266
2024-12-25 08:00:00+00:00,20.27,20.42,20.23,20.23,2735.5373
2024-12-25 10:00:00+00:00,20.26,20.65,20.04,20.06,4902.8879
2024-12-25 12:00:00+00:00,20.06,20.26,19.94,20.14,4318.2037
2024-12-25 14:00:00+00:00,20.14,20.24,19.97,20.02,3280.2352
2024-12-25 16:00:00+00:00,20.02,20.09,19.66,19.97,12103.1998
2024-12-25 18:00:00+00:00,19.97,20.22,19.92,20.08,4801.0649
2024-12-25 20:00:00+00:00,20.1,20.2,19.73,19.91,3690.6342
2024-12-25 22:00:00+00:00,19.89,20.06,19.76,20.0,2903.4259
2024-12-26 00:00:00+00:00,20.0,20.12,19.73,19.83,2539.6412
2024-12-26 02:00:00+00:00,19.82,19.93,19.66,19.72,2460.932
2024-12-26 04:00:00+00:00,19.74,19.74,19.38,19.51,6323.5329
2024-12-26 06:00:00+00:00,19.5,19.53,19.27,19.39,5219.3237
2024-12-26 08:00:00+00:00,19.39,19.55,18.99,19.48,7424.6292
2024-12-26 10:00:00+00:00,19.5,19.76,19.4,19.58,4838.2997
2024-12-26 12:00:00+00:00,19.58,19.64,19.28,19.5,4788.142
2024-12-26 14:00:00+00:00,19.52,19.61,19.11,19.17,7134.0574
2024-12-26 16:00:00+00:00,19.17,19.41,19.05,19.12,3078.6084
2024-12-26 18:00:00+00:00,19.14,19.29,19.05,19.24,2666.049
2024-12-26 20:00:00+00:00,19.24,19.25,18.91,19.14,2733.8263
2024-12-26 22:00:00+00:00,19.16,19.29,18.96,19.16,2117.5367
2024-12-27 00:00:00+00:00,19.14,19.38,19.09,19.26,3193.6176
2024-12-27 02:00:00+00:00,19.27,19.54,19.2,19.4,2136.1207
2024-12-27 04:00:00+00:00,19.4,19.52,19.2,19.38,2033.0323
2024-12-27 06:00:00+00:00,19.38,19.58,19.01,19.11,3719.9416
2024-12-27 08:00:00+00:00,19.13,19.89,19.13,19.81,5384.1255
2024-12-27 10:00:00+00:00,19.8,19.87,19.56,19.86,2982.6106
2024-12-27 12:00:00+00:00,19.85,19.94,19.52,19.66,3575.6241
2024-12-27 14:00:00+00:00,19.64,19.64,19.06,19.21,4819.8401
2024-12-27 16:00:00+00:00,19.2,19.6,19.05,19.58,4952.0717
2024-12-27 18:00:00+00:00,19.58,19.65,19.31,19.49,8163.1591
2024-12-27 20:00:00+00:00,19.5,19.53,19.19,19.27,2309.0288
2024-12-27 22:00:00+00:00,19.29,19.4,18.91,19.2,5182.6089
2024-12-28 00:00:00+00:00,19.21,19.33,19.1,19.24,1850.9772
2024-12-28 02:00:00+00:00,19.24,19.39,19.18,19.31,1974.6642
2024-12-28 04:00:00+00:00,19.33,19.37,19.12,19.37,1410.9452
2024-12-28 06:00:00+00:00,19.35,19.47,19.0,19.0,5750.3808
2024-12-28 08:00:00+00:00,19.0,19.27,19.0,19.14,2710.0599
2024-12-28 10:00:00+00:00,19.15,19.33,18.91,19.33,2514.4796
2024-12-28 12:00:00+00:00,19.28,19.99,19.22,19.95,9397.0769
2024-12-28 14:00:00+00:00,19.95,20.31,19.81,20.03,12789.8723
2024-12-28 16:00:00+00:00,20.01,20.47,19.93,20.36,7419.5875
2024-12-28 18:00:00+00:00,20.37,20.75,20.13,20.72,16511.3292
2024-12-28 20:00:00+00:00,20.73,20.77,20.19,20.42,11041.507
2024-12-28 22:00:00+00:00,20.41,20.65,20.33,20.51,4421.5441
2024-12-29 00:00:00+00:00,20.51,20.58,20.27,20.27,3349.7725
2024-12-29 02:00:00+00:00,20.27,20.45,20.24,20.36,1548.8619
2024-12-29 04:00:00+00:00,20.36,20.42,20.19,20.19,1928.7291
2024-12-29 06:00:00+00:00,20.21,20.55,20.15,20.53,1860.3343
2024-12-29 08:00:00+00:00,20.53,20.58,20.12,20.3,7983.3844
2024-12-29 10:00:00+00:00,20.32,20.45,20.21,20.21,2906.3545
2024-12-29 12:00:00+00:00,20.23,20.31,19.98,20.24,5233.968
2024-12-29 14:00:00+00:00,20.22,20.36,19.83,19.89,4598.8644
2024-12-29 16:00:00+00:00,19.9,19.91,19.48,19.55,6720.8257
2024-12-29 18:00:00+00:00,19.56,19.7,19.5,19.67,1785.9596
2024-12-29 20:00:00+00:00,19.65,19.65,19.3,19.43,3385.2092
2024-12-29 22:00:00+00:00,19.43,19.54,19.17,19.41,4283.1571
2024-12-30 00:00:00+00:00,19.42,20.04,19.25,19.92,3777.8206
2024-12-30 02:00:00+00:00,19.91,20.03,19.76,19.88,2022.7445
2024-12-30 04:00:00+00:00,19.9,19.98,19.69,19.85,1769.4068
2024-12-30 06:00:00+00:00,19.88,20.14,19.78,20.05,2625.307
2024-12-30 08:00:00+00:00,20.04,20.21,19.55,19.65,10956.9869
2024-12-30 10:00:00+00:00,19.65,19.65,19.05,19.32,11954.9826
2024-12-30 12:00:00+00:00,19.31,19.51,18.67,18.75,6064.0749
2024-12-30 14:00:00+00:00,18.75,18.91,18.57,18.68,9897.1458
2024-12-30 16:00:00+00:00,18.69,19.3,18.56,19.25,6669.5106
2024-12-30 18:00:00+00:00,19.26,19.54,19.19,19.39,3788.7036
2024-12-30 20:00:00+00:00,19.41,19.6,18.77,18.79,4395.1561
2024-12-30 22:00:00+00:00,18.77,19.0,18.74,18.95,3465.6218
2024-12-31 00:00:00+00:00,18.93,18.95,18.57,18.67,2475.5325
2024-12-31 02:00:00+00:00,18.67,18.7,18.47,18.53,2230.2097
2024-12-31 04:00:00+00:00,18.54,18.7,18.43,18.53,1620.4223
2024-12-31 06:00:00+00:00,18.53,18.71,18.45,18.7,2094.8544
2024-12-31 08:00:00+00:00,18.7,19.13,18.67,19.04,2903.4521
2024-12-31 10:00:00+00:00,19.03,19.03,18.81,18.94,3643.7757
2024-12-31 12:00:00+00:00,18.94,19.45,18.94,19.35,5536.7479
2024-12-31 14:00:00+00:00,19.33,19.46,19.07,19.13,2599.8815
2024-12-31 16:00:00+00:00,19.13,19.21,18.59,18.8,4701.7155
2024-12-31 18:00:00+00:00,18.8,18.84,18.53,18.57,2409.5068
2024-12-31 20:00:00+00:00,18.59,18.7,18.5,18.58,3359.2482
2024-12-31 22:00:00+00:00,18.57,18.59,18.37,18.46,2825.1754
2025-01-01 00:00:00+00:00,18.46,18.89,18.44,18.78,4993.6301
2025-01-01 02:00:00+00:00,18.76,18.82,18.65,18.69,1668.0495
2025-01-01 04:00:00+00:00,18.68,18.69,18.52,18.67,1053.1856
2025-01-01 06:00:00+00:00,18.68,18.7,18.47,18.59,1823.94
2025-01-01 08:00:00+00:00,18.59,18.59,18.16,18.36,4742.3857
2025-01-01 10:00:00+00:00,18.34,18.65,18.31,18.63,2743.5416
2025-01-01 12:00:00+00:00,18.63,18.7,18.46,18.64,2141.5579
2025-01-01 14:00:00+00:00,18.63,18.76,18.44,18.76,2462.6363
2025-01-01 16:00:00+00:00,18.76,18.86,18.46,18.71,2769.8317
2025-01-01 18:00:00+00:00,18.7,19.03,18.54,19.01,5628.8655
2025-01-01 20:00:00+00:00,18.99,19.04,18.8,18.99,4513.0967
2025-01-01 22:00:00+00:00,19.01,19.01,18.84,18.91,1750.0734
2025-01-02 00:00:00+00:00,18.91,19.2,18.8,19.09,3440.1541
2025-01-02 02:00:00+00:00,19.1,19.27,19.05,19.17,1541.7124
2025-01-02 04:00:00+00:00,19.19,19.47,19.17,19.37,2787.8067
2025-01-02 06:00:00+00:00,19.39,19.46,19.2,19.31,1849.9466
2025-01-02 08:00:00+00:00,19.31,19.6,19.27,19.6,3088.4125
2025-01-02 10:00:00+00:00,19.6,19.86,19.49,19.81,7370.5248
2025-01-02 12:00:00+00:00,19.84,20.01,19.78,19.84,5184.294
2025-01-02 14:00:00+00:00,19.84,20.24,19.72,20.11,10503.5587
2025-01-02 16:00:00+00:00,20.13,20.4,20.03,20.21,6664.5563
2025-01-02 18:00:00+00:00,20.21,20.48,20.13,20.36,6489.7792
2025-01-02 20:00:00+00:00,20.34,20.52,19.86,19.99,8045.2305
2025-01-02 22:00:00+00:00,20.02,20.03,19.75,20.0,2579.7804
2025-01-03 00:00:00+00:00,20.0,20.02,19.72,19.88,4169.8013
2025-01-03 02:00:00+00:00,19.88,20.01,19.7,19.86,2130.7843
2025-01-03 04:00:00+00:00,19.87,19.87,19.65,19.77,1965.1551
2025-01-03 06:00:00+00:00,19.76,19.91,19.54,19.6,2340.2577
2025-01-03 08:00:00+00:00,19.58,19.89,19.52,19.79,3977.95
2025-01-03 10:00:00+00:00,19.78,19.93,19.65,19.92,3981.3227
2025-01-03 12:00:00+00:00,19.91,20.08,19.81,19.96,3805.6128
2025-01-03 14:00:00+00:00,19.93,20.42,19.91,20.37,2887.2647
2025-01-03 16:00:00+00:00,20.37,20.61,20.32,20.52,4242.1577
2025-01-03 18:00:00+00:00,20.53,20.83,20.53,20.75,4154.0694
2025-01-03 20:00:00+00:00,20.75,20.87,20.65,20.8,3705.0847
2025-01-03 22:00:00+00:00,20.82,20.92,20.62,20.77,2485.714
2025-01-04 00:00:00+00:00,20.76,20.83,20.42,20.57,3014.3094
2025-01-04 02:00:00+00:00,20.59,20.74,20.5,20.7,1719.408
2025-01-04 04:00:00+00:00,20.7,20.72,20.48,20.67,1404.1402
2025-01-04 06:00:00+00:00,20.67,20.85,20.65,20.82,2110.8184
2025-01-04 08:00:00+00:00,20.82,21.0,20.45,20.52,4933.6352
2025-01-04 10:00:00+00:00,20.5,20.8,20.4,20.71,5630.5295
2025-01-04 12:00:00+00:00,20.73,20.88,20.61,20.86,3418.595
2025-01-04 14:00:00+00:00,20.87,20.88,20.19,20.27,4725.9845
2025-01-04 16:00:00+00:00,20.27,20.6,20.22,20.59,2779.6151
2025-01-04 18:00:00+00:00,20.58,20.65,20.47,20.57,1690.5157
2025-01-04 20:00:00+00:00,20.54,20.85,20.54,20.69,2809.9701
2025-01-04 22:00:00+00:00,20.7,20.81,20.64,20.75,1859.3486
2025-01-05 00:00:00+00:00,20.76,20.9,20.59,20.61,1961.5467
2025-01-05 02:00:00+00:00,20.63,20.81,20.63,20.74,1993.0557
2025-01-05 04:00:00+00:00,20.76,20.91,20.72,20.85,2203.6335
2025-01-05 06:00:00+00:00,20.87,21.13,20.8,21.04,4648.9139
2025-01-05 08:00:00+00:00,21.04,21.28,20.83,20.91,6392.5066
2025-01-05 10:00:00+00:00,20.89,21.3,20.83,20.99,8580.7302
2025-01-05 12:00:00+00:00,21.01,21.13,20.79,20.89,4988.0714
2025-01-05 14:00:00+00:00,20.87,20.98,20.67,20.94,3167.247
2025-01-05 16:00:00+00:00,20.93,21.02,20.73,20.78,2602.798
2025-01-05 18:00:00+00:00,20.79,20.89,20.66,20.8,3164.7601
2025-01-05 20:00:00+00:00,20.78,20.91,20.65,20.86,4516.081
2025-01-05 22:00:00+00:00,20.85,20.93,20.73,20.8,1411.0859
2025-01-06 00:00:00+00:00,20.81,20.84,20.5,20.78,2824.2146
2025-01-06 02:00:00+00:00,20.79,21.01,20.77,20.89,1552.4212
2025-01-06 04:00:00+00:00,20.9,20.97,20.78,20.86,2135.1954
2025-01-06 06:00:00+00:00,20.86,20.9,20.71,20.87,1696.9714
2025-01-06 08:00:00+00:00,20.85,20.97,20.73,20.89,2070.3017
2025-01-06 10:00:00+00:00,20.9,21.18,20.76,21.12,2545.1009
2025-01-06 12:00:00+00:00,21.12,21.21,20.89,21.19,2253.2207
2025-01-06 14:00:00+00:00,21.21,21.5,20.92,21.45,5935.6884
2025-01-06 16:00:00+00:00,21.45,21.68,21.24,21.29,3834.6108
2025-01-06 18:00:00+00:00,21.31,21.54,21.23,21.48,2228.4857
2025-01-06 20:00:00+00:00,21.48,21.6,21.24,21.29,2841.0381
2025-01-06 22:00:00+00:00,21.29,21.5,21.23,21.45,2283.1517
2025-01-07 00:00:00+00:00,21.47,21.52,21.2,21.44,2722.9897
2025-01-07 02:00:00+00:00,21.41,21.44,21.04,21.16,1590.5342
2025-01-07 04:00:00+00:00,21.16,21.19,21.03,21.14,1782.9255
2025-01-07 06:00:00+00:00,21.14,21.49,21.11,21.33,4940.1213
2025-01-07 08:00:00+00:00,21.35,21.46,21.15,21.23,3086.8711
2025-01-07 10:00:00+00:00,21.21,21.3,20.92,21.06,3226.6348
2025-01-07 12:00:00+00:00,21.06,21.35,20.95,21.21,3526.8152
2025-01-07 14:00:00+00:00,21.21,21.22,19.64,19.94,13250.4195
2025-01-07 16:00:00+00:00,19.92,20.15,19.78,19.89,6428.2723
2025-01-07 18:00:00+00:00,19.88,19.99,19.52,19.62,3594.384
2025-01-07 20:00:00+00:00,19.62,19.93,19.48,19.48,5156.2227
2025-01-07 22:00:00+00:00,19.48,19.61,19.34,19.36,4962.683
2025-01-08 00:00:00+00:00,19.36,19.7,19.27,19.4,13491.2076
2025-01-08 02:00:00+00:00,19.4,19.52,18.97,18.99,6026.8789
2025-01-08 04:00:00+00:00,18.99,19.11,18.8,18.85,3789.3288
2025-01-08 06:00:00+00:00,18.85,18.93,18.46,18.88,5608.5101
2025-01-08 08:00:00+00:00,18.88,19.2,18.79,18.82,4299.7074
2025-01-08 10:00:00+00:00,18.82,18.99,18.5,18.68,5041.2934
2025-01-08 12:00:00+00:00,18.68,18.79,18.46,18.63,4365.2713
2025-01-08 14:00:00+00:00,18.64,18.99,18.54,18.74,8560.4703
2025-01-08 16:00:00+00:00,18.73,18.74,17.72,18.14,9846.2921
2025-01-08 18:00:00+00:00,18.12,18.52,18.1,18.21,3809.4799
2025-01-08 20:00:00+00:00,18.23,18.33,18.06,18.28,1886.4839
2025-01-08 22:00:00+00:00,18.26,18.6,18.24,18.52,1872.8254
2025-01-09 00:00:00+00:00,18.54,18.74,18.4,18.6,1805.7837
2025-01-09 02:00:00+00:00,18.6,18.66,18.31,18.48,1276.9464
2025-01-09 04:00:00+00:00,18.49,18.56,18.38,18.46,946.1873
2025-01-09 06:00:00+00:00,18.48,18.48,17.96,17.96,2957.433
2025-01-09 08:00:00+00:00,17.98,18.44,17.93,18.42,2951.2551
2025-01-09 10:00:00+00:00,18.42,18.55,18.19,18.43,3898.571
2025-01-09 12:00:00+00:00,18.39,18.43,17.9,17.9,5521.4888
2025-01-09 14:00:00+00:00,17.91,18.53,17.79,18.48,6373.2421
2025-01-09 16:00:00+00:00,18.46,18.76,18.26,18.28,9102.1485
2025-01-09 18:00:00+00:00,18.26,18.36,17.87,17.9,5880.8485
2025-01-09 20:00:00+00:00,17.88,17.98,17.65,17.76,3396.671
2025-01-09 22:00:00+00:00,17.77,18.1,17.72,18.08,2102.2948
2025-01-10 00:00:00+00:00,18.09,18.19,18.03,18.16,2486.9669
2025-01-10 02:00:00+00:00,18.14,18.22,18.05,18.14,718.575
2025-01-10 04:00:00+00:00,18.16,18.43,18.14,18.37,1044.1673
2025-01-10 06:00:00+00:00,18.39,18.66,18.29,18.56,2559.2624
2025-01-10 08:00:00+00:00,18.57,18.64,18.35,18.56,2322.0181
2025-01-10 10:00:00+00:00,18.55,18.63,18.4,18.54,1468.6443
2025-01-10 12:00:00+00:00,18.52,18.55,17.87,18.04,3574.5951
2025-01-10 14:00:00+00:00,18.03,18.34,17.72,18.21,5165.5788
2025-01-10 16:00:00+00:00,18.22,18.65,17.96,18.65,4630.5619
2025-01-10 18:00:00+00:00,18.64,18.68,18.37,18.51,2428.4535
2025-01-10 20:00:00+00:00,18.52,18.54,18.22,18.32,1052.5126
2025-01-10 22:00:00+00:00,18.3,18.37,18.19,18.26,1024.4156
2025-01-11 00:00:00+00:00,18.29,18.41,18.11,18.14,2390.0692
2025-01-11 02:00:00+00:00,18.14,18.22,18.0,18.07,1502.742
2025-01-11 04:00:00+00:00,18.09,18.24,18.04,18.18,1444.3799
2025-01-11 06:00:00+00:00,18.22,18.43,18.08,18.1,4652.9666
2025-01-11 08:00:00+00:00,18.12,18.24,18.04,18.22,2250.7462
2025-01-11 10:00:00+00:00,18.22,18.48,18.18,18.48,1770.4784
2025-01-11 12:00:00+00:00,18.44,18.49,18.29,18.4,2435.4171
2025-01-11 14:00:00+00:00,18.39,18.47,18.26,18.44,2577.0107
2025-01-11 16:00:00+00:00,18.43,18.53,18.25,18.31,3419.2007
2025-01-11 18:00:00+00:00,18.31,18.39,18.23,18.38,1378.2634
2025-01-11 20:00:00+00:00,18.37,18.82,18.32,18.74,4546.4185
2025-01-11 22:00:00+00:00,18.74,18.78,18.3,18.34,2734.3869
2025-01-12 00:00:00+00:00,18.32,18.47,18.3,18.42,1533.7127
2025-01-12 02:00:00+00:00,18.42,18.47,18.26,18.4,1307.3829
2025-01-12 04:00:00+00:00,18.41,18.44,18.26,18.3,1034.942
2025-01-12 06:00:00+00:00,18.3,18.31,18.12,18.24,1949.5724
2025-01-12 08:00:00+00:00,18.22,18.36,17.93,18.09,5916.3144
2025-01-12 10:00:00+00:00,18.09,18.36,18.08,18.31,2117.2411
2025-01-12 12:00:00+00:00,18.31,18.38,18.18,18.27,1215.2225
2025-01-12 14:00:00+00:00,18.24,18.35,18.1,18.32,1907.7908
2025-01-12 16:00:00+00:00,18.33,18.38,18.18,18.28,1374.1684
2025-01-12 18:00:00+00:00,18.29,18.37,18.13,18.15,1198.632
2025-01-12 20:00:00+00:00,18.14,18.19,17.94,17.97,3514.8685
2025-01-12 22:00:00+00:00,17.97,18.12,17.76,18.1,3140.6624
2025-01-13 00:00:00+00:00,18.1,18.51,18.04,18.05,2925.7437
2025-01-13 02:00:00+00:00,18.07,18.08,17.71,17.78,3355.7235
2025-01-13 04:00:00+00:00,17.73,17.97,17.65,17.69,1330.3927
2025-01-13 06:00:00+00:00,17.69,17.77,17.28,17.52,6698.1206
2025-01-13 08:00:00+00:00,17.53,17.53,17.05,17.1,4141.4392
2025-01-13 10:00:00+00:00,17.1,17.1,16.4,16.5,9523.2205
2025-01-13 12:00:00+00:00,16.52,16.98,16.41,16.7,4914.3922
2025-01-13 14:00:00+00:00,16.68,17.22,16.23,16.96,7731.4966
2025-01-13 16:00:00+00:00,16.95,16.98,16.62,16.66,2892.0209
2025-01-13 18:00:00+00:00,16.68,17.05,16.43,17.02,10603.5988
2025-01-13 20:00:00+00:00,16.99,17.73,16.84,17.55,4845.9381
2025-01-13 22:00:00+00:00,17.58,17.79,17.54,17.62,2459.6689
2025-01-14 00:00:00+00:00,17.62,17.66,17.42,17.48,1990.7192
2025-01-14 02:00:00+00:00,17.48,17.71,17.48,17.6,2029.2085
2025-01-14 04:00:00+00:00,17.61,17.8,17.54,17.67,1083.6687
2025-01-14 06:00:00+00:00,17.69,17.91,17.62,17.72,1886.8305
2025-01-14 08:00:00+00:00,17.71,18.31,17.7,18.29,4134.3741
2025-01-14 10:00:00+00:00,18.26,18.32,18.08,18.13,2810.1185
2025-01-14 12:00:00+00:00,18.15,18.33,17.91,18.19,4780.0803
2025-01-14 14:00:00+00:00,18.19,18.35,18.11,18.17,2746.3634
2025-01-14 16:00:00+00:00,18.19,18.32,18.01,18.23,2465.1589
2025-01-14 18:00:00+00:00,18.21,18.3,18.13,18.13,1738.1322
2025-01-14 20:00:00+00:00,18.15,18.25,18.03,18.21,1704.682
2025-01-14 22:00:00+00:00,18.22,18.39,18.18,18.3,1998.5425
2025-01-15 00:00:00+00:00,18.31,18.38,18.09,18.26,2528.3373
2025-01-15 02:00:00+00:00,18.23,18.3,18.06,18.28,1458.0912
2025-01-15 04:00:00+00:00,18.29,18.34,18.15,18.29,1718.1035
2025-01-15 06:00:00+00:00,18.32,18.47,18.22,18.34,1367.3725
2025-01-15 08:00:00+00:00,18.34,18.47,18.0,18.03,2320.7742
2025-01-15 10:00:00+00:00,18.01,18.1,17.93,18.02,2153.6261
2025-01-15 12:00:00+00:00,18.02,18.71,17.93,18.69,4005.9025
2025-01-15 14:00:00+00:00,18.68,18.98,18.62,18.93,4832.126
2025-01-15 16:00:00+00:00,18.96,19.01,18.67,18.7,5778.2906
2025-01-15 18:00:00+00:00,18.7,19.31,18.7,19.28,5140.5903
2025-01-15 20:00:00+00:00,19.28,19.39,19.07,19.12,5022.2315
2025-01-15 22:00:00+00:00,19.11,19.34,19.09,19.34,2167.773
2025-01-16 00:00:00+00:00,19.33,19.35,19.01,19.15,4498.4405
2025-01-16 02:00:00+00:00,19.15,19.17,18.87,18.96,1407.099
2025-01-16 04:00:00+00:00,18.98,19.07,18.91,18.96,961.6707
2025-01-16 06:00:00+00:00,18.97,19.32,18.93,19.28,2548.9744
2025-01-16 08:00:00+00:00,19.28,19.29,18.74,18.88,3840.3485
2025-01-16 10:00:00+00:00,18.88,19.11,18.81,19.11,1455.9178
2025-01-16 12:00:00+00:00,19.09,19.35,18.83,18.99,7545.0005
2025-01-16 14:00:00+00:00,19.0,19.1,18.52,19.02,3341.1648
2025-01-16 16:00:00+00:00,19.02,19.23,18.99,19.15,2581.0984
2025-01-16 18:00:00+00:00,19.15,19.22,18.84,19.08,2370.0143
2025-01-16 20:00:00+00:00,19.09,19.13,18.63,18.71,2794.0394
2025-01-16 22:00:00+00:00,18.73,18.73,18.45,18.66,2388.1741
2025-01-17 00:00:00+00:00,18.67,19.26,18.63,19.26,2471.9203
2025-01-17 02:00:00+00:00,19.22,19.26,18.97,19.05,1724.3141
2025-01-17 04:00:00+00:00,19.07,19.24,19.03,19.22,1327.3998
2025-01-17 06:00:00+00:00,19.19,19.3,19.08,19.12,1615.1104
2025-01-17 08:00:00+00:00,19.14,19.44,19.05,19.35,2605.2026
2025-01-17 10:00:00+00:00,19.35,19.64,19.29,19.54,1746.7164
2025-01-17 12:00:00+00:00,19.53,19.6,19.15,19.22,2657.531
2025-01-17 14:00:00+00:00,19.24,19.64,19.24,19.44,3852.1339
2025-01-17 16:00:00+00:00,19.49,19.66,19.29,19.32,2785.5358
2025-01-17 18:00:00+00:00,19.34,19.53,19.29,19.49,1562.9331
2025-01-17 20:00:00+00:00,19.5,20.04,19.48,19.65,9975.9493
2025-01-17 22:00:00+00:00,19.67,19.97,19.66,19.77,5271.3614
2025-01-18 00:00:00+00:00,19.76,19.82,19.4,19.45,2565.9925
2025-01-18 02:00:00+00:00,19.45,19.6,18.93,19.02,2627.2936
2025-01-18 04:00:00+00:00,19.04,19.24,18.61,18.62,3503.1448
2025-01-18 06:00:00+00:00,18.64,19.0,18.52,18.62,2586.706
2025-01-18 08:00:00+00:00,18.64,18.77,18.4,18.56,3021.7693
2025-01-18 10:00:00+00:00,18.54,18.8,18.26,18.69,3552.7692
2025-01-18 12:00:00+00:00,18.67,18.76,18.37,18.69,2170.0532
2025-01-18 14:00:00+00:00,18.69,18.69,18.13,18.34,5436.1839
2025-01-18 16:00:00+00:00,18.34,18.45,17.92,17.92,4662.0297
2025-01-18 18:00:00+00:00,17.93,18.23,17.93,18.19,7134.0304
2025-01-18 20:00:00+00:00,18.19,18.24,17.86,17.91,3238.4573
2025-01-18 22:00:00+00:00,17.9,18.19,17.9,18.16,1794.1626
2025-01-19 00:00:00+00:00,18.16,18.38,18.07,18.33,1898.9793
2025-01-19 02:00:00+00:00,18.33,18.52,18.13,18.14,1500.9982
2025-01-19 04:00:00+00:00,18.12,18.19,17.69,17.82,3270.8632
2025-01-19 06:00:00+00:00,17.81,17.86,17.49,17.58,3412.7744
2025-01-19 08:00:00+00:00,17.6,17.6,16.47,17.12,11374.887
2025-01-19 10:00:00+00:00,17.1,17.11,16.41,16.53,6804.438
2025-01-19 12:00:00+00:00,16.53,17.31,16.5,17.3,5191.8298
2025-01-19 14:00:00+00:00,17.32,17.97,17.26,17.78,5644.0951
2025-01-19 16:00:00+00:00,17.78,18.09,17.69,18.08,4766.4714
2025-01-19 18:00:00+00:00,18.08,18.32,17.92,18.11,4107.0016
2025-01-19 20:00:00+00:00,18.11,18.26,16.72,16.78,8978.9537
2025-01-19 22:00:00+00:00,16.8,17.11,16.25,16.56,13499.0895
2025-01-20 00:00:00+00:00,16.56,16.6,16.1,16.28,6740.5175
2025-01-20 02:00:00+00:00,16.27,16.85,16.23,16.81,3438.0579
2025-01-20 04:00:00+00:00,16.79,17.13,16.61,16.99,2569.0639
2025-01-20 06:00:00+00:00,17.0,17.96,16.95,17.53,7424.2207
2025-01-20 08:00:00+00:00,17.55,17.79,17.26,17.32,7145.6691
2025-01-20 10:00:00+00:00,17.33,17.49,17.08,17.29,3117.3454
2025-01-20 12:00:00+00:00,17.31,17.33,16.66,16.89,7506.9652
2025-01-20 14:00:00+00:00,16.9,17.03,16.69,16.77,4152.9978
2025-01-20 16:00:00+00:00,16.78,17.04,16.29,16.47,13533.8535
2025-01-20 18:00:00+00:00,16.48,16.9,16.45,16.81,3020.5777
2025-01-20 20:00:00+00:00,16.82,16.95,16.56,16.56,2028.8421
2025-01-20 22:00:00+00:00,16.56,16.84,16.41,16.63,2608.3798
2025-01-21 00:00:00+00:00,16.59,16.65,16.2,16.37,3478.4497
2025-01-21 02:00:00+00:00,16.38,16.41,16.1,16.36,3358.425
2025-01-21 04:00:00+00:00,16.37,16.38,15.96,16.16,2491.3713
2025-01-21 06:00:00+00:00,16.18,16.49,16.08,16.31,2111.558
2025-01-21 08:00:00+00:00,16.29,16.5,16.25,16.42,1845.1957
2025-01-21 10:00:00+00:00,16.42,16.96,16.41,16.89,5848.2535
2025-01-21 12:00:00+00:00,16.89,16.93,16.69,16.79,3141.3833
2025-01-21 14:00:00+00:00,16.83,16.95,16.48,16.64,3016.5718
2025-01-21 16:00:00+00:00,16.64,17.15,16.61,17.15,5101.3401
2025-01-21 18:00:00+00:00,17.15,17.28,16.97,17.08,5385.519
2025-01-21 20:00:00+00:00,17.09,17.15,16.81,17.04,3153.942
2025-01-21 22:00:00+00:00,17.05,17.17,16.78,16.92,2748.3109
2025-01-22 00:00:00+00:00,16.91,16.99,16.73,16.79,2566.063
2025-01-22 02:00:00+00:00,16.78,16.95,16.71,16.83,2495.6192
2025-01-22 04:00:00+00:00,16.86,16.95,16.68,16.88,2073.8617
2025-01-22 06:00:00+00:00,16.86,16.92,16.7,16.72,1306.3843
2025-01-22 08:00:00+00:00,16.72,16.85,16.55,16.74,1644.9451
2025-01-22 10:00:00+00:00,16.73,17.08,16.65,17.05,1763.1908
2025-01-22 12:00:00+00:00,17.1,17.14,16.78,16.78,1475.0717
2025-01-22 14:00:00+00:00,16.81,17.0,16.69,16.78,1970.2268
2025-01-22 16:00:00+00:00,16.78,16.98,16.67,16.9,2487.7529
2025-01-22 18:00:00+00:00,16.91,16.95,16.61,16.66,1646.4617
2025-01-22 20:00:00+00:00,16.66,16.73,16.51,16.59,1112.6943
2025-01-22 22:00:00+00:00,16.6,16.63,16.34,16.5,3231.743
2025-01-23 00:00:00+00:00,16.5,16.6,16.25,16.27,2990.269
2025-01-23 02:00:00+00:00,16.27,16.4,16.13,16.28,4851.3114
2025-01-23 04:00:00+00:00,16.27,16.31,16.12,16.26,1533.1462
2025-01-23 06:00:00+00:00,16.24,16.35,16.1,16.33,1342.1858
2025-01-23 08:00:00+00:00,16.33,16.35,15.99,16.0,3580.1344
2025-01-23 10:00:00+00:00,16.01,16.08,15.85,16.0,1431.4277
2025-01-23 12:00:00+00:00,16.0,16.16,15.85,16.13,3033.3247
2025-01-23 14:00:00+00:00,16.12,16.51,16.04,16.23,5032.243
2025-01-23 16:00:00+00:00,16.22,16.52,16.07,16.31,1982.6595
2025-01-23 18:00:00+00:00,16.29,16.35,15.74,15.81,1724.0755
2025-01-23 20:00:00+00:00,15.79,16.26,15.75,15.93,4434.5094
2025-01-23 22:00:00+00:00,15.94,16.49,15.91,16.48,3282.4743
2025-01-24 00:00:00+00:00,16.48,16.51,16.13,16.13,2846.0039
2025-01-24 02:00:00+00:00,16.14,16.25,15.98,16.09,1595.2049
2025-01-24 04:00:00+00:00,16.08,16.55,16.02,16.54,2172.0252
2025-01-24 06:00:00+00:00,16.54,16.59,16.31,16.39,2532.4576
2025-01-24 08:00:00+00:00,16.41,16.55,16.36,16.43,1760.9938
2025-01-24 10:00:00+00:00,16.42,16.45,16.34,16.39,1401.2779
2025-01-24 12:00:00+00:00,16.41,16.43,16.31,16.37,1609.4346
2025-01-24 14:00:00+00:00,16.38,16.48,16.2,16.25,1993.647
2025-01-24 16:00:00+00:00,16.27,16.32,16.03,16.22,5115.2174
2025-01-24 18:00:00+00:00,16.22,16.27,16.01,16.04,1708.7114
2025-01-24 20:00:00+00:00,16.03,16.09,15.83,15.97,2087.1713
2025-01-24 22:00:00+00:00,15.97,15.98,15.83,15.9,2316.6698
2025-01-25 00:00:00+00:00,15.9,15.91,15.6,15.89,2301.3149
2025-01-25 02:00:00+00:00,15.87,16.14,15.81,16.13,2148.6988
2025-01-25 04:00:00+00:00,16.11,16.12,15.87,15.95,710.3724
2025-01-25 06:00:00+00:00,15.94,15.95,15.79,15.81,1428.4495
2025-01-25 08:00:00+00:00,15.8,15.9,15.75,15.87,932.1449
2025-01-25 10:00:00+00:00,15.87,16.03,15.75,16.03,1454.6447
2025-01-25 12:00:00+00:00,16.01,16.03,15.77,15.81,3886.0348
2025-01-25 14:00:00+00:00,15.81,15.96,15.7,15.95,2312.4271
2025-01-25 16:00:00+00:00,15.94,15.96,15.61,15.8,5553.4792
2025-01-25 18:00:00+00:00,15.78,15.86,15.75,15.81,1414.3485
2025-01-25 20:00:00+00:00,15.81,15.91,15.72,15.76,2394.6553
2025-01-25 22:00:00+00:00,15.79,15.86,15.72,15.75,1516.7629
2025-01-26 00:00:00+00:00,15.75,15.91,15.68,15.82,2050.3102
2025-01-26 02:00:00+00:00,15.81,15.95,15.71,15.87,2412.6639
2025-01-26 04:00:00+00:00,15.87,16.04,15.83,15.88,1387.7045
2025-01-26 06:00:00+00:00,15.89,16.16,15.83,16.08,7079.9975
2025-01-26 08:00:00+00:00,16.09,16.25,16.02,16.04,5137.2975
2025-01-26 10:00:00+00:00,16.04,16.26,16.02,16.24,3420.6323
2025-01-26 12:00:00+00:00,16.26,16.34,16.16,16.33,4395.1182
2025-01-26 14:00:00+00:00,16.34,16.44,16.21,16.43,3423.964
2025-01-26 16:00:00+00:00,16.43,16.48,16.25,16.41,6775.3123
2025-01-26 18:00:00+00:00,16.41,16.49,16.37,16.45,2332.5597
2025-01-26 20:00:00+00:00,16.45,16.46,16.06,16.08,3425.0513
2025-01-26 22:00:00+00:00,16.06,16.13,15.64,15.66,6736.9205
2025-01-27 00:00:00+00:00,15.65,15.92,15.47,15.51,10103.1346
2025-01-27 02:00:00+00:00,15.53,15.53,15.3,15.35,3549.8
2025-01-27 04:00:00+00:00,15.35,15.36,15.05,15.16,2934.3943
2025-01-27 06:00:00+00:00,15.16,15.28,14.47,14.93,6281.973
2025-01-27 08:00:00+00:00,14.93,14.96,14.59,14.78,8979.5374
2025-01-27 10:00:00+00:00,14.78,14.8,14.26,14.42,13637.0469
2025-01-27 12:00:00+00:00,14.42,14.87,14.32,14.73,8533.6445
2025-01-27 14:00:00+00:00,14.73,15.18,14.7,15.05,7070.2847
2025-01-27 16:00:00+00:00,15.07,15.11,14.55,14.59,9986.4035
2025-01-27 18:00:00+00:00,14.59,14.65,14.39,14.53,3530.2422
2025-01-27 20:00:00+00:00,14.52,15.2,14.52,14.95,5720.542
2025-01-27 22:00:00+00:00,14.96,15.05,14.91,15.04,3060.2935
2025-01-28 00:00:00+00:00,15.04,15.19,14.76,14.88,3516.091
2025-01-28 02:00:00+00:00,14.88,15.06,14.86,15.02,1977.6668
2025-01-28 04:00:00+00:00,15.0,15.13,15.0,15.05,2423.0629
2025-01-28 06:00:00+00:00,15.06,15.06,14.83,14.91,2521.144
2025-01-28 08:00:00+00:00,14.9,14.93,14.74,14.85,3055.7382
2025-01-28 10:00:00+00:00,14.85,14.96,14.75,14.78,2292.5879
2025-01-28 12:00:00+00:00,14.76,14.8,14.55,14.73,4140.8479
2025-01-28 14:00:00+00:00,14.71,14.85,14.61,14.62,3566.0551
2025-01-28 16:00:00+00:00,14.64,15.02,14.57,14.9,9605.1152
2025-01-28 18:00:00+00:00,14.9,15.13,14.78,15.06,8585.5516
2025-01-28 20:00:00+00:00,15.06,15.16,14.6,14.6,5764.1562
2025-01-28 22:00:00+00:00,14.6,14.86,14.52,14.74,5598.3906
2025-01-29 00:00:00+00:00,14.73,14.99,14.61,14.96,4862.1555
2025-01-29 02:00:00+00:00,14.96,15.03,14.83,14.98,2347.5002
2025-01-29 04:00:00+00:00,14.98,15.05,14.86,15.03,1262.1477
2025-01-29 06:00:00+00:00,15.05,15.37,15.01,15.23,3931.7226
2025-01-29 08:00:00+00:00,15.25,15.26,15.0,15.01,2809.6541
2025-01-29 10:00:00+00:00,15.01,15.08,14.92,14.98,2843.4183
2025-01-29 12:00:00+00:00,14.96,15.02,14.69,14.73,3751.3536
2025-01-29 14:00:00+00:00,14.71,14.97,14.62,14.8,7123.5687
2025-01-29 16:00:00+00:00,14.81,14.92,14.68,14.84,3022.1158
2025-01-29 18:00:00+00:00,14.83,15.11,14.38,14.98,11305.3492
2025-01-29 20:00:00+00:00,15.0,15.3,14.83,15.07,6988.9851
2025-01-29 22:00:00+00:00,15.09,15.16,14.83,14.84,3417.8232
2025-01-30 00:00:00+00:00,14.85,15.2,14.7,15.08,3039.9093
2025-01-30 02:00:00+00:00,15.08,15.46,15.02,15.46,1904.169
2025-01-30 04:00:00+00:00,15.44,15.49,15.25,15.35,2558.2544
2025-01-30 06:00:00+00:00,15.35,15.5,15.2,15.29,2042.8142
2025-01-30 08:00:00+00:00,15.29,15.58,15.14,15.54,3383.5016
2025-01-30 10:00:00+00:00,15.54,15.87,15.47,15.64,7362.2014
2025-01-30 12:00:00+00:00,15.62,15.83,15.52,15.63,5366.2397
2025-01-30 14:00:00+00:00,15.65,15.84,15.53,15.55,3026.5344
2025-01-30 16:00:00+00:00,15.52,15.72,15.52,15.69,2111.0411
2025-01-30 18:00:00+00:00,15.71,15.73,15.41,15.55,2815.1696
2025-01-30 20:00:00+00:00,15.57,15.59,15.16,15.23,8110.1966
2025-01-30 22:00:00+00:00,15.23,15.34,15.13,15.24,2997.121
2025-01-31 00:00:00+00:00,15.21,15.33,15.14,15.32,1684.0496
2025-01-31 02:00:00+00:00,15.33,15.34,15.09,15.18,2407.7191
2025-01-31 04:00:00+00:00,15.18,15.34,15.03,15.33,1471.8726
2025-01-31 06:00:00+00:00,15.33,15.51,15.23,15.35,2733.0357
2025-01-31 08:00:00+00:00,15.37,15.43,15.19,15.39,1758.3334
2025-01-31 10:00:00+00:00,15.38,15.67,15.3,15.63,2975.8945
2025-01-31 12:00:00+00:00,15.64,15.92,15.57,15.82,4498.7383
2025-01-31 14:00:00+00:00,15.82,16.13,15.8,16.13,3070.5707
2025-01-31 16:00:00+00:00,16.1,16.17,15.82,15.85,2192.0786
2025-01-31 18:00:00+00:00,15.83,15.9,15.46,15.64,4069.9117
2025-01-31 20:00:00+00:00,15.63,15.66,15.44,15.57,1779.9713
2025-01-31 22:00:00+00:00,15.57,15.58,15.42,15.5,1521.3255
2025-02-01 00:00:00+00:00,15.48,15.58,15.39,15.53,1816.5863
2025-02-01 02:00:00+00:00,15.53,15.54,15.36,15.37,1257.4922
2025-02-01 04:00:00+00:00,15.36,15.47,15.34,15.39,1101.3757
2025-02-01 06:00:00+00:00,15.39,15.4,15.22,15.31,1590.2971
2025-02-01 08:00:00+00:00,15.3,15.33,14.89,14.95,2791.7842
2025-02-01 10:00:00+00:00,14.96,15.1,14.88,15.06,1918.1227
2025-02-01 12:00:00+00:00,15.06,15.22,14.98,15.0,2518.785
2025-02-01 14:00:00+00:00,15.01,15.17,14.93,15.05,3209.6131
2025-02-01 16:00:00+00:00,15.04,15.13,14.93,15.07,3105.2345
2025-02-01 18:00:00+00:00,15.07,15.07,14.61,14.7,3084.1431
2025-02-01 20:00:00+00:00,14.7,14.74,14.5,14.59,3459.1692
2025-02-01 22:00:00+00:00,14.59,14.64,14.29,14.38,2262.107
2025-02-02 00:00:00+00:00,14.38,14.62,14.3,14.56,2263.5407
2025-02-02 02:00:00+00:00,14.55,14.55,14.08,14.11,3054.093
2025-02-02 04:00:00+00:00,14.12,14.44,14.09,14.36,2935.94
2025-02-02 06:00:00+00:00,14.35,14.47,14.15,14.23,2435.8989
2025-02-02 08:00:00+00:00,14.22,14.41,14.18,14.37,1705.5307
2025-02-02 10:00:00+00:00,14.36,14.37,13.96,14.05,2996.2149
2025-02-02 12:00:00+00:00,14.03,14.18,13.91,14.16,3550.3019
2025-02-02 14:00:00+00:00,14.17,14.19,13.92,14.03,3116.5545
2025-02-02 16:00:00+00:00,14.01,14.03,13.19,13.32,9484.6697
2025-02-02 18:00:00+00:00,13.31,13.45,12.82,13.35,12404.5011
2025-02-02 20:00:00+00:00,13.36,13.53,12.86,12.9,6525.3595
2025-02-02 22:00:00+00:00,12.88,13.05,12.33,12.95,11500.1085
2025-02-03 00:00:00+00:00,12.95,12.96,11.02,11.19,17671.989
2025-02-03 02:00:00+00:00,11.2,11.42,10.51,11.33,23448.6961
2025-02-03 04:00:00+00:00,11.34,11.48,10.95,11.43,5954.0246
2025-02-03 06:00:00+00:00,11.44,11.99,11.29,11.94,5973.1807
2025-02-03 08:00:00+00:00,11.94,12.01,11.51,11.87,7709.4243
2025-02-03 10:00:00+00:00,11.86,12.16,11.83,11.93,5085.0551
2025-02-03 12:00:00+00:00,11.96,12.16,11.6,11.74,3705.261
2025-02-03 14:00:00+00:00,11.77,12.61,11.47,12.47,12792.3868
2025-02-03 16:00:00+00:00,12.49,12.68,12.34,12.62,6289.2645
2025-02-03 18:00:00+00:00,12.59,12.97,12.53,12.95,4395.0669
2025-02-03 20:00:00+00:00,12.96,13.16,12.66,13.13,5029.3676
2025-02-03 22:00:00+00:00,13.11,13.38,13.11,13.23,6440.3215
2025-02-04 00:00:00+00:00,13.24,13.36,13.06,13.17,3987.096
2025-02-04 02:00:00+00:00,13.18,13.2,12.82,12.86,2035.8832
2025-02-04 04:00:00+00:00,12.89,13.06,12.21,12.32,6963.9283
2025-02-04 06:00:00+00:00,12.31,12.55,11.99,12.08,7072.3761
2025-02-04 08:00:00+00:00,12.07,12.26,11.98,12.12,3942.1684
2025-02-04 10:00:00+00:00,12.13,12.58,12.1,12.43,4685.2927
2025-02-04 12:00:00+00:00,12.42,12.77,12.42,12.45,5531.2952
2025-02-04 14:00:00+00:00,12.45,12.68,12.26,12.43,8991.2437
2025-02-04 16:00:00+00:00,12.44,12.58,12.24,12.49,14374.7036
2025-02-04 18:00:00+00:00,12.47,12.75,12.22,12.25,4609.0002
2025-02-04 20:00:00+00:00,12.23,12.35,12.0,12.0,13530.0714
2025-02-04 22:00:00+00:00,12.02,12.49,11.98,12.41,5514.2957
2025-02-05 00:00:00+00:00,12.41,12.53,12.31,12.35,2018.5355
2025-02-05 02:00:00+00:00,12.36,12.52,12.25,12.42,2532.2612
2025-02-05 04:00:00+00:00,12.45,12.73,12.38,12.72,2090.569
2025-02-05 06:00:00+00:00,12.72,12.72,12.44,12.6,2251.3027
2025-02-05 08:00:00+00:00,12.64,12.8,12.57,12.65,4434.4541
2025-02-05 10:00:00+00:00,12.63,12.87,12.58,12.8,2267.5454
2025-02-05 12:00:00+00:00,12.83,12.98,12.71,12.95,2593.7127
2025-02-05 14:00:00+00:00,12.93,13.0,12.62,12.74,4500.2335
2025-02-05 16:00:00+00:00,12.76,12.81,12.32,12.33,6449.2795
2025-02-05 18:00:00+00:00,12.33,12.64,12.24,12.54,5951.9401
2025-02-05 20:00:00+00:00,12.56,12.61,12.26,12.35,5496.791
2025-02-05 22:00:00+00:00,12.33,12.42,12.23,12.37,2926.6006
2025-02-06 00:00:00+00:00,12.37,12.61,12.37,12.54,2652.1782
2025-02-06 02:00:00+00:00,12.54,12.73,12.52,12.66,2426.2149
2025-02-06 04:00:00+00:00,12.68,12.73,12.62,12.67,1578.9055
2025-02-06 06:00:00+00:00,12.67,12.77,12.56,12.57,1833.9415
2025-02-06 08:00:00+00:00,12.59,12.72,12.5,12.67,1950.7576
2025-02-06 10:00:00+00:00,12.65,12.68,12.4,12.47,2493.8701
2025-02-06 12:00:00+00:00,12.49,12.54,12.28,12.43,3152.714
2025-02-06 14:00:00+00:00,12.4,12.45,11.94,12.01,4803.5782
2025-02-06 16:00:00+00:00,12.01,12.33,11.99,12.26,7163.2739
2025-02-06 18:00:00+00:00,12.23,12.25,12.0,12.06,3877.1926
2025-02-06 20:00:00+00:00,12.04,12.19,11.94,12.12,2523.5342
2025-02-06 22:00:00+00:00,12.15,12.15,11.88,11.93,3520.7527
2025-02-07 00:00:00+00:00,11.95,12.26,11.92,12.24,3311.9184
2025-02-07 02:00:00+00:00,12.22,12.27,12.09,12.15,1625.7683
2025-02-07 04:00:00+00:00,12.15,12.26,12.04,12.12,6157.0384
2025-02-07 06:00:00+00:00,12.1,12.23,11.9,12.09,2541.2746
2025-02-07 08:00:00+00:00,12.07,12.3,12.05,12.28,2835.7857
2025-02-07 10:00:00+00:00,12.3,12.41,12.24,12.4,2709.6064
2025-02-07 12:00:00+00:00,12.4,12.65,12.31,12.63,5451.3922
2025-02-07 14:00:00+00:00,12.63,12.74,12.28,12.36,8221.0952
2025-02-07 16:00:00+00:00,12.36,12.45,12.08,12.12,4435.7163
2025-02-07 18:00:00+00:00,12.14,12.31,12.08,12.11,2426.7023
2025-02-07 20:00:00+00:00,12.11,12.11,11.64,11.67,4592.0128
2025-02-07 22:00:00+00:00,11.69,11.81,11.5,11.81,2476.5192
2025-02-08 00:00:00+00:00,11.8,11.97,11.74,11.76,2477.1932
2025-02-08 02:00:00+00:00,11.79,11.88,11.74,11.86,1686.3524
2025-02-08 04:00:00+00:00,11.83,11.86,11.74,11.84,999.4453
2025-02-08 06:00:00+00:00,11.82,11.97,11.76,11.94,1694.68
2025-02-08 08:00:00+00:00,11.92,11.92,11.8,11.88,1069.7593
2025-02-08 10:00:00+00:00,11.9,11.93,11.8,11.9,2200.2077
2025-02-08 12:00:00+00:00,11.9,12.0,11.78,11.95,3058.811
2025-02-08 14:00:00+00:00,11.92,12.1,11.84,11.99,8537.426
2025-02-08 16:00:00+00:00,12.01,12.31,11.88,12.23,9002.4128
2025-02-08 18:00:00+00:00,12.2,12.34,12.13,12.3,3963.7217
2025-02-08 20:00:00+00:00,12.27,12.39,12.24,12.36,2110.1258
2025-02-08 22:00:00+00:00,12.36,12.37,12.23,12.32,2139.9043
2025-02-09 00:00:00+00:00,12.31,12.4,12.25,12.35,1765.8068
2025-02-09 02:00:00+00:00,12.35,12.6,12.29,12.55,1599.5626
2025-02-09 04:00:00+00:00,12.55,12.57,12.44,12.5,1120.3837
2025-02-09 06:00:00+00:00,12.51,12.67,12.41,12.63,3253.0933
2025-02-09 08:00:00+00:00,12.62,12.69,12.52,12.6,4295.7282
2025-02-09 10:00:00+00:00,12.58,12.65,12.5,12.52,1385.0051
2025-02-09 12:00:00+00:00,12.51,12.56,12.21,12.21,3224.532
2025-02-09 14:00:00+00:00,12.23,12.37,12.12,12.3,4127.3336
2025-02-09 16:00:00+00:00,12.29,12.33,12.15,12.2,2580.903
2025-02-09 18:00:00+00:00,12.21,12.22,12.03,12.05,1544.3993
2025-02-09 20:00:00+00:00,12.06,12.23,11.69,11.76,2830.2371
2025-02-09 22:00:00+00:00,11.75,12.18,11.66,12.1,4215.5467
2025-02-10 00:00:00+00:00,12.13,12.31,11.75,11.78,4031.2161
2025-02-10 02:00:00+00:00,11.77,12.15,11.69,12.06,4229.3826
2025-02-10 04:00:00+00:00,12.04,12.29,12.0,12.2,3031.3866
2025-02-10 06:00:00+00:00,12.2,12.22,12.09,12.18,1858.4527
2025-02-10 08:00:00+00:00,12.18,12.32,12.16,12.24,2320.3016
2025-02-10 10:00:00+00:00,12.26,12.36,12.21,12.28,2360.241
2025-02-10 12:00:00+00:00,12.25,12.47,12.15,12.44,2913.1783
2025-02-10 14:00:00+00:00,12.42,12.44,11.9,11.97,11711.4365
2025-02-10 16:00:00+00:00,12.0,12.18,11.94,12.16,6269.8605
2025-02-10 18:00:00+00:00,12.16,12.2,12.07,12.1,2064.0789
2025-02-10 20:00:00+00:00,12.1,12.23,12.06,12.11,3206.3981
2025-02-10 22:00:00+00:00,12.14,12.16,11.98,12.01,2339.2796
2025-02-11 00:00:00+00:00,12.01,12.24,12.0,12.22,2696.834
2025-02-11 02:00:00+00:00,12.22,12.26,12.06,12.15,3647.6986
2025-02-11 04:00:00+00:00,12.13,12.46,12.12,12.45,4024.9495
2025-02-11 06:00:00+00:00,12.42,12.5,12.36,12.41,3156.4692
2025-02-11 08:00:00+00:00,12.42,12.54,12.28,12.31,6462.6865
2025-02-11 10:00:00+00:00,12.34,12.4,12.29,12.37,1538.9508
2025-02-11 12:00:00+00:00,12.39,12.41,11.98,12.03,3742.3022
2025-02-11 14:00:00+00:00,12.05,12.15,11.98,12.11,3537.2659
2025-02-11 16:00:00+00:00,12.1,12.14,11.99,12.01,2522.8922
2025-02-11 18:00:00+00:00,12.03,12.03,11.86,11.89,3612.373
2025-02-11 20:00:00+00:00,11.89,12.3,11.87,12.1,7737.3877
2025-02-11 22:00:00+00:00,12.13,12.41,12.01,12.12,8737.1983
2025-02-12 00:00:00+00:00,12.14,12.38,12.1,12.3,4470.6253
2025-02-12 02:00:00+00:00,12.32,12.35,12.13,12.17,4675.5358
2025-02-12 04:00:00+00:00,12.17,12.37,12.15,12.35,2526.5742
2025-02-12 06:00:00+00:00,12.37,12.72,12.26,12.66,14275.7443
2025-02-12 08:00:00+00:00,12.66,13.1,12.49,12.93,37659.1366
2025-02-12 10:00:00+00:00,12.94,14.92,12.54,13.67,114435.1234
2025-02-12 12:00:00+00:00,13.66,13.84,12.25,12.52,96697.6923
2025-02-12 14:00:00+00:00,12.53,13.0,12.13,12.98,33004.2065
2025-02-12 16:00:00+00:00,13.0,13.59,12.8,13.55,43508.7789
2025-02-12 18:00:00+00:00,13.56,13.6,13.17,13.25,18206.6904
2025-02-12 20:00:00+00:00,13.26,13.6,13.09,13.24,28662.4224
2025-02-12 22:00:00+00:00,13.22,13.74,13.17,13.26,22762.3504
2025-02-13 00:00:00+00:00,13.25,13.4,13.13,13.37,8161.4257
2025-02-13 02:00:00+00:00,13.37,13.38,13.16,13.29,3744.6059
2025-02-13 04:00:00+00:00,13.29,13.3,12.97,13.21,9812.0911
2025-02-13 06:00:00+00:00,13.2,13.53,12.9,12.98,12909.5491
2025-02-13 08:00:00+00:00,12.95,13.0,12.78,12.96,5187.1428
2025-02-13 10:00:00+00:00,12.98,12.99,12.84,12.95,4332.7263
2025-02-13 12:00:00+00:00,12.94,13.11,12.88,13.04,6398.0144
2025-02-13 14:00:00+00:00,13.02,13.02,12.68,12.87,6127.3582
2025-02-13 16:00:00+00:00,12.86,12.89,12.57,12.77,8234.3434
2025-02-13 18:00:00+00:00,12.77,12.97,12.7,12.86,4752.1742
2025-02-13 20:00:00+00:00,12.86,13.11,12.86,13.04,4053.9826
2025-02-13 22:00:00+00:00,13.03,13.16,13.02,13.1,2362.3122
2025-02-14 00:00:00+00:00,13.11,13.25,13.06,13.19,4082.6803
2025-02-14 02:00:00+00:00,13.18,13.36,13.13,13.26,1980.541
2025-02-14 04:00:00+00:00,13.27,13.27,13.04,13.13,5863.8302
2025-02-14 06:00:00+00:00,13.13,13.19,12.96,12.99,4134.9965
2025-02-14 08:00:00+00:00,12.99,13.19,12.92,13.18,3334.9057
2025-02-14 10:00:00+00:00,13.15,13.24,12.95,13.0,3581.304
2025-02-14 12:00:00+00:00,13.01,13.09,12.74,12.98,9582.6182
2025-02-14 14:00:00+00:00,13.02,13.22,12.84,13.16,22065.0911
2025-02-14 16:00:00+00:00,13.19,13.3,13.03,13.23,4945.2171
2025-02-14 18:00:00+00:00,13.21,13.34,13.17,13.24,6207.7359
2025-02-14 20:00:00+00:00,13.24,13.28,12.97,13.18,4020.3296
2025-02-14 22:00:00+00:00,13.16,13.19,12.93,13.15,3082.0989
2025-02-15 00:00:00+00:00,13.17,13.22,13.01,13.22,2022.2403
2025-02-15 02:00:00+00:00,13.2,13.28,13.15,13.17,1952.7809
2025-02-15 04:00:00+00:00,13.18,13.31,13.14,13.2,2364.7305
2025-02-15 06:00:00+00:00,13.2,13.21,13.01,13.07,3407.752
2025-02-15 08:00:00+00:00,13.09,13.17,12.48,12.8,29854.0903
2025-02-15 10:00:00+00:00,12.82,12.92,12.71,12.79,3324.1619
2025-02-15 12:00:00+00:00,12.8,12.9,12.78,12.81,2137.9897
2025-02-15 14:00:00+00:00,12.81,12.82,12.62,12.72,5353.355
2025-02-15 16:00:00+00:00,12.7,12.81,12.57,12.64,2827.9562
2025-02-15 18:00:00+00:00,12.67,12.89,12.62,12.76,2598.3645
2025-02-15 20:00:00+00:00,12.77,12.78,12.62,12.7,2667.1877
2025-02-15 22:00:00+00:00,12.7,12.77,12.64,12.7,1629.3024
2025-02-16 00:00:00+00:00,12.69,12.78,12.65,12.73,1443.4963
2025-02-16 02:00:00+00:00,12.71,12.73,12.55,12.65,1471.9237
2025-02-16 04:00:00+00:00,12.65,12.77,12.58,12.66,1515.6389
2025-02-16 06:00:00+00:00,12.68,12.78,12.62,12.64,1529.516
2025-02-16 08:00:00+00:00,12.66,12.96,12.64,12.95,4327.7925
2025-02-16 10:00:00+00:00,12.94,13.03,12.85,12.98,3941.3934
2025-02-16 12:00:00+00:00,12.98,13.05,12.69,12.8,6948.0601
2025-02-16 14:00:00+00:00,12.82,12.93,12.71,12.83,2354.5233
2025-02-16 16:00:00+00:00,12.83,12.95,12.77,12.89,3771.123
2025-02-16 18:00:00+00:00,12.9,12.9,12.67,12.76,3367.2981
2025-02-16 20:00:00+00:00,12.79,12.86,12.65,12.83,3056.9334
2025-02-16 22:00:00+00:00,12.85,12.86,12.69,12.75,3652.2417
2025-02-17 00:00:00+00:00,12.75,12.9,12.75,12.9,2932.1104
2025-02-17 02:00:00+00:00,12.89,12.9,12.67,12.76,2954.1807
2025-02-17 04:00:00+00:00,12.75,12.76,12.43,12.63,6201.325
2025-02-17 06:00:00+00:00,12.63,12.74,12.5,12.54,4875.0226
2025-02-17 08:00:00+00:00,12.56,12.78,12.49,12.74,4360.5993
2025-02-17 10:00:00+00:00,12.76,13.0,12.76,12.93,3959.7932
2025-02-17 12:00:00+00:00,12.92,13.05,12.89,13.02,3628.3984
2025-02-17 14:00:00+00:00,13.03,13.23,12.74,12.78,8028.6327
2025-02-17 16:00:00+00:00,12.77,12.82,12.57,12.6,6308.3588
2025-02-17 18:00:00+00:00,12.62,12.65,12.32,12.53,5338.1365
2025-02-17 20:00:00+00:00,12.52,12.86,12.5,12.86,2320.4745
2025-02-17 22:00:00+00:00,12.86,12.87,12.65,12.74,1904.7084
2025-02-18 00:00:00+00:00,12.73,12.77,12.51,12.63,2682.9307
2025-02-18 02:00:00+00:00,12.62,12.64,12.47,12.51,1525.5699
2025-02-18 04:00:00+00:00,12.5,12.53,12.2,12.22,4442.2779
2025-02-18 06:00:00+00:00,12.23,12.3,12.06,12.27,6114.3702
2025-02-18 08:00:00+00:00,12.25,12.33,12.06,12.32,3652.0139
2025-02-18 10:00:00+00:00,12.32,12.33,12.18,12.25,2444.7106
2025-02-18 12:00:00+00:00,12.25,12.42,12.21,12.28,2881.7548
2025-02-18 14:00:00+00:00,12.26,12.39,11.87,11.92,9682.5182
2025-02-18 16:00:00+00:00,11.92,12.03,11.63,11.72,7863.5981
2025-02-18 18:00:00+00:00,11.72,11.94,11.67,11.89,9148.1882
2025-02-18 20:00:00+00:00,11.89,12.09,11.75,12.05,7780.2524
2025-02-18 22:00:00+00:00,12.06,12.17,12.0,12.14,2104.9365
2025-02-19 00:00:00+00:00,12.14,12.18,12.02,12.07,1623.0019
2025-02-19 02:00:00+00:00,12.1,12.28,12.1,12.24,2361.7863
2025-02-19 04:00:00+00:00,12.24,12.25,12.07,12.25,1472.7353
2025-02-19 06:00:00+00:00,12.24,12.42,12.19,12.37,2125.4217
2025-02-19 08:00:00+00:00,12.38,12.41,12.28,12.34,1403.3795
2025-02-19 10:00:00+00:00,12.36,12.48,12.29,12.43,1881.3638
2025-02-19 12:00:00+00:00,12.44,12.45,12.28,12.37,2125.9922
2025-02-19 14:00:00+00:00,12.37,12.45,12.22,12.24,3446.4253
2025-02-19 16:00:00+00:00,12.25,12.43,12.24,12.32,2147.4583
2025-02-19 18:00:00+00:00,12.31,12.34,12.12,12.29,3283.5368
2025-02-19 20:00:00+00:00,12.3,12.36,12.21,12.22,2875.3462
2025-02-19 22:00:00+00:00,12.22,12.38,12.21,12.37,2722.8058
2025-02-20 00:00:00+00:00,12.35,12.52,12.33,12.39,3697.9081
2025-02-20 02:00:00+00:00,12.39,12.63,12.39,12.54,3165.5384
2025-02-20 04:00:00+00:00,12.54,12.65,12.42,12.42,2080.765
2025-02-20 06:00:00+00:00,12.42,12.51,12.37,12.46,2293.1998
2025-02-20 08:00:00+00:00,12.47,12.5,12.39,12.41,1742.0459
2025-02-20 10:00:00+00:00,12.41,12.54,12.39,12.49,2004.9299
2025-02-20 12:00:00+00:00,12.49,12.62,12.48,12.59,4651.8836
2025-02-20 14:00:00+00:00,12.59,12.73,12.4,12.41,3846.2433
2025-02-20 16:00:00+00:00,12.43,12.6,12.33,12.59,4297.8563
2025-02-20 18:00:00+00:00,12.6,12.73,12.58,12.69,3634.5545
2025-02-20 20:00:00+00:00,12.69,12.76,12.65,12.67,3931.167
2025-02-20 22:00:00+00:00,12.69,12.77,12.64,12.71,4428.444
2025-02-21 00:00:00+00:00,12.71,12.72,12.48,12.6,3919.0109
2025-02-21 02:00:00+00:00,12.6,12.6,12.4,12.52,6193.7727
2025-02-21 04:00:00+00:00,12.5,12.66,12.49,12.64,3927.3305
2025-02-21 06:00:00+00:00,12.66,12.89,12.6,12.78,6292.0267
2025-02-21 08:00:00+00:00,12.78,13.05,12.76,12.94,5328.7421
2025-02-21 10:00:00+00:00,12.95,13.09,12.94,12.98,2964.7837
2025-02-21 12:00:00+00:00,12.99,13.15,12.97,13.11,8646.7836
2025-02-21 14:00:00+00:00,13.13,13.18,12.56,12.67,13202.3274
2025-02-21 16:00:00+00:00,12.68,12.95,12.46,12.46,8363.7944
2025-02-21 18:00:00+00:00,12.48,12.53,12.12,12.23,7973.6146
2025-02-21 20:00:00+00:00,12.22,12.39,12.1,12.2,4566.2512
2025-02-21 22:00:00+00:00,12.18,12.3,12.14,12.26,3730.0912
2025-02-22 00:00:00+00:00,12.26,12.38,12.22,12.29,4157.0163
2025-02-22 02:00:00+00:00,12.29,12.36,12.15,12.26,3246.6448
2025-02-22 04:00:00+00:00,12.26,12.41,12.25,12.37,2634.0087
2025-02-22 06:00:00+00:00,12.37,12.43,12.17,12.33,9155.901
2025-02-22 08:00:00+00:00,12.35,12.44,12.3,12.41,3302.4253
2025-02-22 10:00:00+00:00,12.42,12.59,12.4,12.57,4382.1062
2025-02-22 12:00:00+00:00,12.57,12.86,12.52,12.68,13043.8278
2025-02-22 14:00:00+00:00,12.7,12.96,12.64,12.94,6933.4112
2025-02-22 16:00:00+00:00,12.94,13.02,12.88,12.97,4363.0434
2025-02-22 18:00:00+00:00,12.98,13.02,12.89,12.92,3376.3505
2025-02-22 20:00:00+00:00,12.91,12.94,12.77,12.93,4732.8573
2025-02-22 22:00:00+00:00,12.93,12.96,12.85,12.94,2848.3436
2025-02-23 00:00:00+00:00,12.95,12.97,12.87,12.89,3014.0449
2025-02-23 02:00:00+00:00,12.89,12.89,12.73,12.75,2209.4041
2025-02-23 04:00:00+00:00,12.77,12.83,12.71,12.79,2796.9374
2025-02-23 06:00:00+00:00,12.79,13.01,12.74,13.0,2644.3915
2025-02-23 08:00:00+00:00,13.01,13.1,12.89,12.95,4868.5292
2025-02-23 10:00:00+00:00,12.94,12.97,12.8,12.81,3451.9969
2025-02-23 12:00:00+00:00,12.83,12.87,12.68,12.82,5062.7164
2025-02-23 14:00:00+00:00,12.82,12.85,12.65,12.67,5114.9904
2025-02-23 16:00:00+00:00,12.66,12.93,12.65,12.91,4957.3905
2025-02-23 18:00:00+00:00,12.92,12.95,12.78,12.79,2042.3532
2025-02-23 20:00:00+00:00,12.8,12.84,12.73,12.82,3425.9794
2025-02-23 22:00:00+00:00,12.83,12.97,12.71,12.87,3773.5682
2025-02-24 00:00:00+00:00,12.87,12.94,12.62,12.68,3483.7329
2025-02-24 02:00:00+00:00,12.68,12.7,12.3,12.3,4405.3125
2025-02-24 04:00:00+00:00,12.31,12.38,12.22,12.36,3862.8156
2025-02-24 06:00:00+00:00,12.38,12.39,12.24,12.32,3913.3338
2025-02-24 08:00:00+00:00,12.3,12.3,12.03,12.17,5636.6978
2025-02-24 10:00:00+00:00,12.19,12.28,12.05,12.28,4005.3855
2025-02-24 12:00:00+00:00,12.26,12.38,12.2,12.25,3311.0775
2025-02-24 14:00:00+00:00,12.25,12.31,12.03,12.14,7741.1636
2025-02-24 16:00:00+00:00,12.12,12.33,12.09,12.19,4748.118
2025-02-24 18:00:00+00:00,12.2,12.2,11.85,11.93,6712.4532
2025-02-24 20:00:00+00:00,11.93,12.15,11.91,11.95,6366.5939
2025-02-24 22:00:00+00:00,11.96,11.96,11.29,11.41,13192.1444
2025-02-25 00:00:00+00:00,11.42,11.48,11.12,11.31,9449.5924
2025-02-25 02:00:00+00:00,11.3,11.54,11.2,11.32,5776.1579
2025-02-25 04:00:00+00:00,11.34,11.4,11.21,11.35,5824.4094
2025-02-25 06:00:00+00:00,11.34,11.37,10.61,10.91,13081.9288
2025-02-25 08:00:00+00:00,10.9,11.07,10.86,10.91,10359.766
2025-02-25 10:00:00+00:00,10.92,11.22,10.7,11.2,7881.4119
2025-02-25 12:00:00+00:00,11.19,11.37,11.13,11.16,7604.7575
2025-02-25 14:00:00+00:00,11.18,11.26,10.88,11.15,5988.8937
2025-02-25 16:00:00+00:00,11.13,11.42,11.05,11.35,5676.6548
2025-02-25 18:00:00+00:00,11.36,11.66,11.26,11.64,6427.6991
2025-02-25 20:00:00+00:00,11.64,11.78,11.55,11.74,5706.5524
2025-02-25 22:00:00+00:00,11.74,11.83,11.61,11.68,2722.4678
2025-02-26 00:00:00+00:00,11.67,11.69,11.51,11.62,1940.566
2025-02-26 02:00:00+00:00,11.62,11.8,11.56,11.73,1411.1614
2025-02-26 04:00:00+00:00,11.73,11.87,11.69,11.74,1689.6376
2025-02-26 06:00:00+00:00,11.74,11.95,11.74,11.8,2358.532
2025-02-26 08:00:00+00:00,11.79,12.02,11.61,11.97,7152.4001
2025-02-26 10:00:00+00:00,11.97,12.03,11.7,11.71,4510.6391
2025-02-26 12:00:00+00:00,11.73,11.76,11.4,11.44,4689.3663
2025-02-26 14:00:00+00:00,11.44,11.87,11.31,11.75,7675.6975
2025-02-26 16:00:00+00:00,11.75,11.79,11.32,11.35,7663.8991
2025-02-26 18:00:00+00:00,11.37,11.42,11.03,11.21,7573.8329
2025-02-26 20:00:00+00:00,11.21,11.59,11.11,11.59,7737.1754
2025-02-26 22:00:00+00:00,11.6,11.77,11.53,11.62,5255.6698
2025-02-27 00:00:00+00:00,11.62,11.74,11.45,11.65,4275.6089
2025-02-27 02:00:00+00:00,11.65,11.79,11.58,11.74,3607.9284
2025-02-27 04:00:00+00:00,11.74,11.86,11.62,11.84,2700.6013
2025-02-27 06:00:00+00:00,11.84,11.96,11.82,11.85,1821.1307
2025-02-27 08:00:00+00:00,11.85,11.92,11.77,11.84,1958.8775
2025-02-27 10:00:00+00:00,11.85,12.03,11.81,11.88,2798.1573
2025-02-27 12:00:00+00:00,11.88,12.01,11.78,11.85,5286.8868
2025-02-27 14:00:00+00:00,11.85,11.93,11.63,11.84,3632.1056
2025-02-27 16:00:00+00:00,11.84,11.93,11.71,11.86,4092.7492
2025-02-27 18:00:00+00:00,11.87,11.91,11.67,11.74,2135.7526
2025-02-27 20:00:00+00:00,11.75,11.75,11.41,11.59,3270.8184
2025-02-27 22:00:00+00:00,11.61,11.71,11.49,11.68,1520.5399
2025-02-28 00:00:00+00:00,11.67,11.7,11.18,11.18,5337.3703
2025-02-28 02:00:00+00:00,11.19,11.3,10.93,10.96,7801.7983
2025-02-28 04:00:00+00:00,10.97,11.06,10.79,11.06,7302.1816
2025-02-28 06:00:00+00:00,11.07,11.11,10.8,10.89,4245.2595
2025-02-28 08:00:00+00:00,10.9,11.24,10.78,11.22,8015.3538
2025-02-28 10:00:00+00:00,11.21,11.22,11.03,11.09,3602.941
2025-02-28 12:00:00+00:00,11.07,11.45,11.01,11.42,7620.2856
2025-02-28 14:00:00+00:00,11.42,11.68,11.34,11.62,5430.0065
2025-02-28 16:00:00+00:00,11.62,11.68,11.56,11.58,5831.0959
2025-02-28 18:00:00+00:00,11.58,11.77,11.49,11.72,4215.3138
2025-02-28 20:00:00+00:00,11.72,11.79,11.59,11.72,3199.2103
2025-02-28 22:00:00+00:00,11.72,11.75,11.58,11.67,1550.4738
2025-03-01 00:00:00+00:00,11.69,11.71,11.5,11.66,3543.5904
2025-03-01 02:00:00+00:00,11.65,11.68,11.56,11.58,3595.9631
2025-03-01 04:00:00+00:00,11.58,11.68,11.52,11.52,2705.051
2025-03-01 06:00:00+00:00,11.54,11.59,11.33,11.39,3157.8473
2025-03-01 08:00:00+00:00,11.4,11.5,11.35,11.35,1898.7005
2025-03-01 10:00:00+00:00,11.37,11.38,11.08,11.15,4324.5226
2025-03-01 12:00:00+00:00,11.17,11.26,11.09,11.13,3496.1789
2025-03-01 14:00:00+00:00,11.13,11.27,11.11,11.23,2156.2129
2025-03-01 16:00:00+00:00,11.2,11.3,11.17,11.24,1725.7007
2025-03-01 18:00:00+00:00,11.24,11.45,11.19,11.36,1833.207
2025-03-01 20:00:00+00:00,11.36,11.51,11.3,11.47,1399.4964
2025-03-01 22:00:00+00:00,11.47,11.52,11.34,11.45,2327.5678
2025-03-02 00:00:00+00:00,11.46,11.5,11.32,11.38,1979.4919
2025-03-02 02:00:00+00:00,11.38,11.5,11.34,11.41,2353.5463
2025-03-02 04:00:00+00:00,11.41,11.5,11.36,11.39,1928.412
2025-03-02 06:00:00+00:00,11.41,11.44,11.31,11.36,1994.8802
2025-03-02 08:00:00+00:00,11.36,11.64,11.31,11.59,3009.4217
2025-03-02 10:00:00+00:00,11.58,11.63,11.46,11.57,2570.1756
2025-03-02 12:00:00+00:00,11.56,11.57,11.37,11.37,2360.5108
2025-03-02 14:00:00+00:00,11.39,11.77,11.22,11.6,8655.0217
2025-03-02 16:00:00+00:00,11.58,12.35,11.52,12.25,23238.431
2025-03-02 18:00:00+00:00,12.26,12.47,12.12,12.4,14230.5115
2025-03-02 20:00:00+00:00,12.4,12.65,12.39,12.58,7657.6489
2025-03-02 22:00:00+00:00,12.58,12.73,12.52,12.66,4976.6195
2025-03-03 00:00:00+00:00,12.65,12.7,12.46,12.5,5879.3674
2025-03-03 02:00:00+00:00,12.51,12.52,12.31,12.41,3437.056
2025-03-03 04:00:00+00:00,12.41,12.63,12.39,12.62,4039.9088
2025-03-03 06:00:00+00:00,12.6,12.61,12.06,12.25,4777.4052
2025-03-03 08:00:00+00:00,12.26,12.32,12.05,12.19,4526.5483
2025-03-03 10:00:00+00:00,12.2,12.27,12.08,12.17,2475.2023
2025-03-03 12:00:00+00:00,12.17,12.28,12.1,12.21,3017.059
2025-03-03 14:00:00+00:00,12.21,12.22,11.83,11.97,6682.2544
2025-03-03 16:00:00+00:00,11.97,12.05,11.85,11.97,3998.2965
2025-03-03 18:00:00+00:00,11.98,11.99,11.01,11.01,10611.5132
2025-03-03 20:00:00+00:00,11.01,11.17,10.86,10.96,10574.2896
2025-03-03 22:00:00+00:00,10.97,11.24,10.95,11.08,4369.4814
2025-03-04 00:00:00+00:00,11.08,11.14,10.49,10.54,11736.6178
2025-03-04 02:00:00+00:00,10.54,10.71,10.34,10.66,9575.7756
2025-03-04 04:00:00+00:00,10.65,10.82,10.6,10.7,4621.9433
2025-03-04 06:00:00+00:00,10.7,10.75,10.54,10.58,8815.4334
2025-03-04 08:00:00+00:00,10.58,10.65,10.43,10.5,5054.0389
2025-03-04 10:00:00+00:00,10.5,10.62,10.4,10.47,4395.3263
2025-03-04 12:00:00+00:00,10.47,10.54,10.27,10.32,5802.6174
2025-03-04 14:00:00+00:00,10.33,10.73,10.22,10.42,17100.009
2025-03-04 16:00:00+00:00,10.41,10.52,10.0,10.46,12972.2902
2025-03-04 18:00:00+00:00,10.46,10.68,10.4,10.66,7322.9294
2025-03-04 20:00:00+00:00,10.66,10.8,10.41,10.62,5296.2919
2025-03-04 22:00:00+00:00,10.62,10.69,10.5,10.57,2211.1172
2025-03-05 00:00:00+00:00,10.57,10.66,10.45,10.62,2575.6429
2025-03-05 02:00:00+00:00,10.64,10.74,10.52,10.64,4836.5787
2025-03-05 04:00:00+00:00,10.64,10.79,10.62,10.76,2878.3573
2025-03-05 06:00:00+00:00,10.76,10.98,10.68,10.89,8193.6074
2025-03-05 08:00:00+00:00,10.88,11.15,10.87,11.04,3901.1663
2025-03-05 10:00:00+00:00,11.02,11.19,10.85,10.87,4012.0548
2025-03-05 12:00:00+00:00,10.87,10.96,10.72,10.78,3976.01
2025-03-05 14:00:00+00:00,10.77,10.8,10.63,10.72,4132.2796
2025-03-05 16:00:00+00:00,10.73,10.9,10.61,10.82,3037.4406
2025-03-05 18:00:00+00:00,10.82,11.06,10.79,11.03,4441.0134
2025-03-05 20:00:00+00:00,11.02,11.1,10.98,11.05,3084.3144
2025-03-05 22:00:00+00:00,11.05,11.14,10.98,11.11,3163.2163
2025-03-06 00:00:00+00:00,11.11,11.65,11.11,11.44,27084.8378
2025-03-06 02:00:00+00:00,11.46,11.72,11.44,11.69,6484.3506
2025-03-06 04:00:00+00:00,11.69,12.02,11.69,11.99,9342.7655
2025-03-06 06:00:00+00:00,12.0,12.29,11.91,11.93,15609.3243
2025-03-06 08:00:00+00:00,11.94,12.33,11.85,12.03,21973.6671
2025-03-06 10:00:00+00:00,12.05,12.22,11.98,12.15,14272.4952
2025-03-06 12:00:00+00:00,12.16,12.17,11.75,11.75,15381.1331
2025-03-06 14:00:00+00:00,11.77,12.06,11.71,11.95,10501.6631
2025-03-06 16:00:00+00:00,11.93,12.04,11.4,11.51,11443.0692
2025-03-06 18:00:00+00:00,11.51,11.63,11.42,11.49,11564.2559
2025-03-06 20:00:00+00:00,11.5,11.77,11.41,11.52,16191.1962
2025-03-06 22:00:00+00:00,11.55,11.66,11.42,11.42,5697.5772
2025-03-07 00:00:00+00:00,11.42,11.53,10.95,11.28,19881.619
2025-03-07 02:00:00+00:00,11.28,11.37,11.23,11.23,3137.1054
2025-03-07 04:00:00+00:00,11.24,11.48,11.24,11.43,4567.6344
2025-03-07 06:00:00+00:00,11.43,11.63,11.41,11.61,4978.5037
2025-03-07 08:00:00+00:00,11.61,11.81,11.51,11.71,4939.6328
2025-03-07 10:00:00+00:00,11.71,11.82,11.62,11.67,8215.5722
2025-03-07 12:00:00+00:00,11.66,11.69,11.45,11.51,8260.8261
2025-03-07 14:00:00+00:00,11.53,11.71,11.39,11.48,9051.5504
2025-03-07 16:00:00+00:00,11.48,11.51,11.26,11.37,8679.5846
2025-03-07 18:00:00+00:00,11.39,11.62,11.36,11.5,5532.7186
2025-03-07 20:00:00+00:00,11.5,11.57,11.16,11.28,7299.5498
2025-03-07 22:00:00+00:00,11.31,11.34,11.1,11.2,4431.1243
2025-03-08 00:00:00+00:00,11.19,11.29,11.0,11.12,3647.7462
2025-03-08 02:00:00+00:00,11.1,11.21,11.06,11.18,2140.7568
2025-03-08 04:00:00+00:00,11.18,11.35,11.03,11.19,3830.9496
2025-03-08 06:00:00+00:00,11.17,11.21,10.98,11.06,1957.1154
2025-03-08 08:00:00+00:00,11.04,11.18,10.96,10.99,3230.7382
2025-03-08 10:00:00+00:00,10.97,11.15,10.95,11.03,3260.766
2025-03-08 12:00:00+00:00,11.01,11.27,10.95,11.18,3335.8249
2025-03-08 14:00:00+00:00,11.18,11.2,10.97,10.99,2749.7651
2025-03-08 16:00:00+00:00,10.99,11.17,10.88,11.08,3179.1659
2025-03-08 18:00:00+00:00,11.09,11.25,11.06,11.2,1582.5516
2025-03-08 20:00:00+00:00,11.2,11.26,11.14,11.17,2384.1596
2025-03-08 22:00:00+00:00,11.17,11.18,11.0,11.08,2132.3409
2025-03-09 00:00:00+00:00,11.07,11.12,10.96,10.98,1880.1625
2025-03-09 02:00:00+00:00,10.98,10.99,10.88,10.94,2094.6334
2025-03-09 04:00:00+00:00,10.95,11.06,10.89,10.97,2775.448
2025-03-09 06:00:00+00:00,10.97,11.12,10.92,11.02,3014.4809
2025-03-09 08:00:00+00:00,11.02,11.12,10.95,10.95,3106.8873
2025-03-09 10:00:00+00:00,10.97,10.98,10.75,10.86,2997.6145
2025-03-09 12:00:00+00:00,10.87,10.97,10.78,10.81,4119.7671
2025-03-09 14:00:00+00:00,10.8,10.87,10.62,10.66,2956.3408
2025-03-09 16:00:00+00:00,10.64,10.7,10.28,10.31,8214.4563
2025-03-09 18:00:00+00:00,10.31,10.51,10.23,10.48,8347.388
2025-03-09 20:00:00+00:00,10.48,10.55,10.28,10.32,3664.5612
2025-03-09 22:00:00+00:00,10.32,10.34,9.89,10.17,19719.6818
2025-03-10 00:00:00+00:00,10.19,10.33,10.0,10.16,7410.1167
2025-03-10 02:00:00+00:00,10.16,10.26,10.09,10.21,7480.8128
2025-03-10 04:00:00+00:00,10.21,10.37,10.19,10.32,3594.9131
2025-03-10 06:00:00+00:00,10.33,10.45,10.27,10.44,3684.473
2025-03-10 08:00:00+00:00,10.45,10.61,10.22,10.46,7416.3704
2025-03-10 10:00:00+00:00,10.45,10.6,10.34,10.53,3621.0168
2025-03-10 12:00:00+00:00,10.52,10.61,10.28,10.33,5145.116
2025-03-10 14:00:00+00:00,10.32,10.36,9.91,10.13,8595.2949
2025-03-10 16:00:00+00:00,10.13,10.17,9.66,9.7,11374.9223
2025-03-10 18:00:00+00:00,9.7,9.83,9.11,9.61,18220.5861
2025-03-10 20:00:00+00:00,9.6,9.63,9.44,9.52,4825.6729
2025-03-10 22:00:00+00:00,9.54,9.58,9.4,9.43,6874.8509
2025-03-11 00:00:00+00:00,9.43,9.5,8.9,9.36,12887.9149
2025-03-11 02:00:00+00:00,9.36,9.45,9.29,9.31,3255.4842
2025-03-11 04:00:00+00:00,9.31,9.62,9.28,9.57,4214.845
2025-03-11 06:00:00+00:00,9.58,9.71,9.55,9.61,4192.5335
2025-03-11 08:00:00+00:00,9.63,9.76,9.54,9.72,4435.1111
2025-03-11 10:00:00+00:00,9.72,9.8,9.59,9.66,6655.8224
2025-03-11 12:00:00+00:00,9.67,9.72,9.36,9.63,8294.2028
2025-03-11 14:00:00+00:00,9.63,9.71,9.29,9.7,8805.0765
2025-03-11 16:00:00+00:00,9.7,9.87,9.53,9.63,4366.6222
2025-03-11 18:00:00+00:00,9.64,10.03,9.64,9.95,10640.3271
2025-03-11 20:00:00+00:00,9.95,10.09,9.91,9.92,6484.9188
2025-03-11 22:00:00+00:00,9.94,10.05,9.81,9.83,4073.3605
2025-03-12 00:00:00+00:00,9.84,10.03,9.72,9.94,4087.0948
2025-03-12 02:00:00+00:00,9.94,9.95,9.52,9.53,4168.0308
2025-03-12 04:00:00+00:00,9.53,9.64,9.43,9.63,2541.8925
2025-03-12 06:00:00+00:00,9.62,9.85,9.53,9.82,3327.1887
2025-03-12 08:00:00+00:00,9.82,10.07,9.74,9.83,5929.8139
2025-03-12 10:00:00+00:00,9.83,9.98,9.79,9.97,3700.7208
2025-03-12 12:00:00+00:00,9.96,10.15,9.83,9.87,7179.1466
2025-03-12 14:00:00+00:00,9.87,9.98,9.59,9.86,8808.5418
2025-03-12 16:00:00+00:00,9.84,10.07,9.75,9.98,9522.5848
2025-03-12 18:00:00+00:00,9.97,10.21,9.94,10.08,10909.6153
2025-03-12 20:00:00+00:00,10.08,10.37,10.04,10.22,6636.4614
2025-03-12 22:00:00+00:00,10.23,10.35,10.21,10.31,2579.2797
2025-03-13 00:00:00+00:00,10.32,10.35,10.14,10.24,3404.9529
2025-03-13 02:00:00+00:00,10.26,10.34,10.13,10.2,2935.1523
2025-03-13 04:00:00+00:00,10.19,10.23,10.01,10.02,2845.2015
2025-03-13 06:00:00+00:00,10.03,10.09,9.98,10.01,2541.416
2025-03-13 08:00:00+00:00,10.0,10.25,9.88,10.21,6902.2789
2025-03-13 10:00:00+00:00,10.19,10.27,10.14,10.24,5746.1238
2025-03-13 12:00:00+00:00,10.23,10.33,10.02,10.06,6968.2268
2025-03-13 14:00:00+00:00,10.05,10.2,10.03,10.12,4353.2524
2025-03-13 16:00:00+00:00,10.12,10.14,9.85,9.86,3063.4834
2025-03-13 18:00:00+00:00,9.87,10.1,9.87,9.97,3486.9788
2025-03-13 20:00:00+00:00,9.98,10.07,9.84,9.91,5422.3271
2025-03-13 22:00:00+00:00,9.91,10.22,9.87,10.17,5735.0179
2025-03-14 00:00:00+00:00,10.15,10.23,10.04,10.15,2815.6464
2025-03-14 02:00:00+00:00,10.14,10.24,10.1,10.22,1696.761
2025-03-14 04:00:00+00:00,10.21,10.32,10.17,10.28,1262.0766
2025-03-14 06:00:00+00:00,10.29,10.35,10.22,10.23,3537.5393
2025-03-14 08:00:00+00:00,10.21,10.42,10.21,10.36,4869.2132
2025-03-14 10:00:00+00:00,10.35,10.39,10.21,10.35,4799.0345
2025-03-14 12:00:00+00:00,10.35,10.4,10.28,10.33,3010.0966
2025-03-14 14:00:00+00:00,10.32,10.54,10.22,10.38,8245.9226
2025-03-14 16:00:00+00:00,10.38,10.49,10.36,10.46,2592.7086
2025-03-14 18:00:00+00:00,10.46,10.49,10.3,10.34,5337.2583
2025-03-14 20:00:00+00:00,10.35,10.39,10.28,10.34,2816.2986
2025-03-14 22:00:00+00:00,10.35,10.4,10.3,10.31,1477.6328
2025-03-15 00:00:00+00:00,10.32,10.42,10.28,10.32,2034.1023
2025-03-15 02:00:00+00:00,10.32,10.39,10.25,10.37,1367.6397
2025-03-15 04:00:00+00:00,10.37,10.41,10.32,10.38,2319.9096
2025-03-15 06:00:00+00:00,10.37,10.39,10.3,10.32,1380.8277
2025-03-15 08:00:00+00:00,10.33,10.35,10.26,10.35,1793.7213
2025-03-15 10:00:00+00:00,10.34,10.38,10.27,10.38,2002.9453
2025-03-15 12:00:00+00:00,10.37,10.43,10.3,10.4,1850.4832
2025-03-15 14:00:00+00:00,10.39,10.41,10.3,10.4,1837.4367
2025-03-15 16:00:00+00:00,10.4,10.48,10.35,10.42,1956.7564
2025-03-15 18:00:00+00:00,10.43,10.48,10.37,10.42,1587.5245
2025-03-15 20:00:00+00:00,10.42,10.71,10.39,10.57,8291.4305
2025-03-15 22:00:00+00:00,10.56,10.58,10.5,10.56,1559.7616
2025-03-16 00:00:00+00:00,10.56,10.6,10.43,10.46,1318.4074
2025-03-16 02:00:00+00:00,10.44,10.54,10.4,10.48,1623.6813
2025-03-16 04:00:00+00:00,10.47,10.59,10.45,10.56,1223.4979
2025-03-16 06:00:00+00:00,10.55,10.59,10.49,10.5,1592.0738
2025-03-16 08:00:00+00:00,10.49,10.53,10.29,10.29,2559.7664
2025-03-16 10:00:00+00:00,10.3,10.35,10.08,10.1,3834.4371
2025-03-16 12:00:00+00:00,10.12,10.25,10.02,10.09,4661.6871
2025-03-16 14:00:00+00:00,10.04,10.2,10.04,10.13,3274.9831
2025-03-16 16:00:00+00:00,10.13,10.35,10.13,10.26,4498.1246
2025-03-16 18:00:00+00:00,10.26,10.28,10.07,10.11,3043.841
2025-03-16 20:00:00+00:00,10.11,10.21,10.11,10.17,2510.9737
2025-03-16 22:00:00+00:00,10.17,10.2,10.07,10.12,3114.9497
2025-03-17 00:00:00+00:00,10.13,10.33,10.11,10.32,2458.1854
2025-03-17 02:00:00+00:00,10.31,10.51,10.29,10.43,5105.4727
2025-03-17 04:00:00+00:00,10.43,10.49,10.36,10.36,2392.6662
2025-03-17 06:00:00+00:00,10.37,10.47,10.29,10.44,2239.5679
2025-03-17 08:00:00+00:00,10.44,10.6,10.31,10.53,10724.8602
2025-03-17 10:00:00+00:00,10.54,10.58,10.37,10.42,6486.3177
2025-03-17 12:00:00+00:00,10.41,10.48,10.32,10.35,4584.5419
2025-03-17 14:00:00+00:00,10.36,10.44,10.12,10.24,8628.4175
2025-03-17 16:00:00+00:00,10.23,10.42,10.13,10.4,4510.8258
2025-03-17 18:00:00+00:00,10.41,10.5,10.32,10.36,3271.0232
2025-03-17 20:00:00+00:00,10.37,10.43,10.33,10.4,2978.8624
2025-03-17 22:00:00+00:00,10.4,10.46,10.35,10.41,2714.8097
2025-03-18 00:00:00+00:00,10.41,10.46,10.13,10.14,6198.8785
2025-03-18 02:00:00+00:00,10.14,10.28,10.12,10.16,2469.2935
2025-03-18 04:00:00+00:00,10.16,10.25,10.07,10.22,2110.1253
2025-03-18 06:00:00+00:00,10.21,10.25,10.04,10.14,3287.4272
2025-03-18 08:00:00+00:00,10.14,10.25,10.08,10.13,4054.8343
2025-03-18 10:00:00+00:00,10.13,10.2,10.08,10.13,5079.7494
2025-03-18 12:00:00+00:00,10.12,10.22,9.99,10.04,4163.8147
2025-03-18 14:00:00+00:00,10.01,10.24,10.0,10.11,11003.5989
2025-03-18 16:00:00+00:00,10.11,10.2,10.04,10.11,4844.7023
2025-03-18 18:00:00+00:00,10.11,10.25,10.07,10.23,2718.7459
2025-03-18 20:00:00+00:00,10.23,10.32,10.17,10.27,2153.5831
2025-03-18 22:00:00+00:00,10.26,10.37,10.23,10.33,1882.9292
2025-03-19 00:00:00+00:00,10.33,10.44,10.24,10.25,4273.3112
2025-03-19 02:00:00+00:00,10.25,10.4,10.21,10.38,5047.0065
2025-03-19 04:00:00+00:00,10.38,10.45,10.32,10.4,2028.0807
2025-03-19 06:00:00+00:00,10.39,10.49,10.31,10.32,2415.1484
2025-03-19 08:00:00+00:00,10.31,10.47,10.31,10.41,2379.5309
2025-03-19 10:00:00+00:00,10.39,10.75,10.33,10.69,10337.1722
2025-03-19 12:00:00+00:00,10.69,10.71,10.45,10.53,7556.7995
2025-03-19 14:00:00+00:00,10.55,10.69,10.5,10.67,2419.7644
2025-03-19 16:00:00+00:00,10.66,10.67,10.47,10.52,2645.5755
2025-03-19 18:00:00+00:00,10.54,10.83,10.45,10.73,8280.7814
2025-03-19 20:00:00+00:00,10.74,10.88,10.67,10.75,5798.5832
2025-03-19 22:00:00+00:00,10.75,10.89,10.71,10.85,2455.6692
2025-03-20 00:00:00+00:00,10.86,10.94,10.65,10.67,3833.9471
2025-03-20 02:00:00+00:00,10.69,10.73,10.61,10.69,3899.7344
2025-03-20 04:00:00+00:00,10.69,10.71,10.66,10.67,2589.2613
2025-03-20 06:00:00+00:00,10.67,10.72,10.59,10.65,2223.8105
2025-03-20 08:00:00+00:00,10.63,10.75,10.6,10.6,2599.4091
2025-03-20 10:00:00+00:00,10.6,10.62,10.43,10.56,3433.7374
2025-03-20 12:00:00+00:00,10.58,10.68,10.54,10.58,2042.4433
2025-03-20 14:00:00+00:00,10.58,10.76,10.52,10.53,5260.0142
2025-03-20 16:00:00+00:00,10.53,10.63,10.49,10.51,3993.1647
2025-03-20 18:00:00+00:00,10.52,10.59,10.47,10.53,2686.4275
2025-03-20 20:00:00+00:00,10.52,10.57,10.45,10.49,1884.7331
2025-03-20 22:00:00+00:00,10.49,10.51,10.43,10.5,1746.0882
2025-03-21 00:00:00+00:00,10.48,10.65,10.48,10.63,3407.9159
2025-03-21 02:00:00+00:00,10.63,10.63,10.47,10.47,2239.4827
2025-03-21 04:00:00+00:00,10.49,10.62,10.47,10.59,2849.6467
2025-03-21 06:00:00+00:00,10.59,10.62,10.52,10.58,4543.0878
2025-03-21 08:00:00+00:00,10.58,11.82,10.56,11.25,188408.2307
2025-03-21 10:00:00+00:00,11.25,11.27,10.84,10.87,40409.0295
2025-03-21 12:00:00+00:00,10.89,11.04,10.58,10.65,24598.8387
2025-03-21 14:00:00+00:00,10.67,10.72,10.3,10.36,23487.344
2025-03-21 16:00:00+00:00,10.36,10.47,10.29,10.34,6784.2935
2025-03-21 18:00:00+00:00,10.34,10.45,10.25,10.28,11079.8234
2025-03-21 20:00:00+00:00,10.28,10.37,10.08,10.12,14850.8052
2025-03-21 22:00:00+00:00,10.12,10.13,9.94,10.01,8188.3878
2025-03-22 00:00:00+00:00,10.02,10.16,9.98,9.99,10360.1953
2025-03-22 02:00:00+00:00,10.0,10.11,9.98,10.07,7025.9494
2025-03-22 04:00:00+00:00,10.08,10.25,10.06,10.19,8085.102
2025-03-22 06:00:00+00:00,10.21,10.28,10.15,10.19,7680.1363
2025-03-22 08:00:00+00:00,10.19,10.35,10.12,10.32,8864.8492
2025-03-22 10:00:00+00:00,10.31,10.39,10.26,10.28,7431.8319
2025-03-22 12:00:00+00:00,10.28,10.41,10.22,10.31,8440.6908
2025-03-22 14:00:00+00:00,10.32,10.38,10.26,10.34,5861.1499
2025-03-22 16:00:00+00:00,10.34,10.5,10.31,10.46,5311.8251
2025-03-22 18:00:00+00:00,10.46,10.5,10.42,10.45,3534.149
2025-03-22 20:00:00+00:00,10.46,10.47,10.3,10.35,3937.3835
2025-03-22 22:00:00+00:00,10.35,10.41,10.26,10.31,2624.9229
2025-03-23 00:00:00+00:00,10.31,10.32,10.24,10.26,2665.6439
2025-03-23 02:00:00+00:00,10.26,10.39,10.26,10.37,3785.582
2025-03-23 04:00:00+00:00,10.36,10.39,10.33,10.39,3156.3692
2025-03-23 06:00:00+00:00,10.38,10.44,10.35,10.36,3878.9171
2025-03-23 08:00:00+00:00,10.36,10.46,10.36,10.44,1430.5682
2025-03-23 10:00:00+00:00,10.44,10.5,10.41,10.43,1921.0612
2025-03-23 12:00:00+00:00,10.43,10.46,10.36,10.43,3183.9653
2025-03-23 14:00:00+00:00,10.43,10.43,10.26,10.26,2992.584
2025-03-23 16:00:00+00:00,10.27,10.29,10.11,10.17,4077.5088
2025-03-23 18:00:00+00:00,10.16,10.28,10.14,10.28,1667.7207
2025-03-23 20:00:00+00:00,10.28,10.35,10.25,10.34,2246.5738
2025-03-23 22:00:00+00:00,10.35,10.4,10.23,10.32,3337.6379
2025-03-24 00:00:00+00:00,10.31,10.5,10.19,10.2,12262.3238
2025-03-24 02:00:00+00:00,10.2,10.44,10.19,10.42,4911.9496
2025-03-24 04:00:00+00:00,10.41,10.62,10.4,10.6,3875.0064
2025-03-24 06:00:00+00:00,10.6,10.72,10.56,10.58,3593.9461
2025-03-24 08:00:00+00:00,10.58,10.72,10.57,10.67,3024.192
2025-03-24 10:00:00+00:00,10.68,10.77,10.65,10.77,2070.9925
2025-03-24 12:00:00+00:00,10.76,10.8,10.63,10.66,3443.8974
2025-03-24 14:00:00+00:00,10.66,10.79,10.64,10.74,4111.2637
2025-03-24 16:00:00+00:00,10.74,10.82,10.66,10.77,2640.2377
2025-03-24 18:00:00+00:00,10.76,10.92,10.76,10.91,3873.925
2025-03-24 20:00:00+00:00,10.91,10.95,10.87,10.94,3458.1026
2025-03-24 22:00:00+00:00,10.95,10.95,10.8,10.88,3822.9092
2025-03-25 00:00:00+00:00,10.88,11.08,10.83,10.93,6743.4816
2025-03-25 02:00:00+00:00,10.93,11.11,10.9,11.01,5678.304
2025-03-25 04:00:00+00:00,11.01,11.14,10.9,11.14,5190.0241
2025-03-25 06:00:00+00:00,11.13,11.41,11.1,11.16,11143.7057
2025-03-25 08:00:00+00:00,11.17,11.22,11.05,11.18,9396.6615
2025-03-25 10:00:00+00:00,11.18,11.2,11.06,11.2,5017.7935
2025-03-25 12:00:00+00:00,11.2,11.21,10.96,11.04,8476.7093
2025-03-25 14:00:00+00:00,11.04,11.21,10.97,11.15,4588.1937
2025-03-25 16:00:00+00:00,11.15,11.29,11.15,11.23,5077.8911
2025-03-25 18:00:00+00:00,11.24,11.29,11.07,11.27,4151.7337
2025-03-25 20:00:00+00:00,11.25,11.3,11.14,11.19,3636.8927
2025-03-25 22:00:00+00:00,11.21,11.29,11.15,11.27,3807.7217
2025-03-26 00:00:00+00:00,11.26,11.31,11.23,11.31,2024.8284
2025-03-26 02:00:00+00:00,11.29,11.31,11.06,11.08,3816.2732
2025-03-26 04:00:00+00:00,11.1,11.27,11.1,11.26,2708.6489
2025-03-26 06:00:00+00:00,11.24,11.27,11.18,11.18,3086.673
2025-03-26 08:00:00+00:00,11.2,11.22,11.07,11.08,5042.8181
2025-03-26 10:00:00+00:00,11.09,11.14,11.03,11.05,7617.6666
2025-03-26 12:00:00+00:00,11.06,11.07,10.81,10.83,6806.2069
2025-03-26 14:00:00+00:00,10.84,10.89,10.65,10.74,7305.1559
2025-03-26 16:00:00+00:00,10.73,10.95,10.7,10.81,8536.1705
2025-03-26 18:00:00+00:00,10.8,10.9,10.64,10.81,4001.7173
2025-03-26 20:00:00+00:00,10.83,10.94,10.81,10.88,3104.7398
2025-03-26 22:00:00+00:00,10.9,10.91,10.75,10.88,4240.1591
2025-03-27 00:00:00+00:00,10.86,11.02,10.85,11.01,3299.5883
2025-03-27 02:00:00+00:00,11.01,11.16,10.99,11.1,4010.2362
2025-03-27 04:00:00+00:00,11.08,11.12,10.98,10.98,1778.6454
2025-03-27 06:00:00+00:00,11.0,11.09,10.95,10.96,2349.4733
2025-03-27 08:00:00+00:00,10.99,11.0,10.87,10.88,3585.1977
2025-03-27 10:00:00+00:00,10.89,10.98,10.77,10.81,4788.2983
2025-03-27 12:00:00+00:00,10.8,10.91,10.66,10.8,6991.1543
2025-03-27 14:00:00+00:00,10.78,10.99,10.76,10.87,5075.154
2025-03-27 16:00:00+00:00,10.88,10.92,10.65,10.65,5261.7085
2025-03-27 18:00:00+00:00,10.65,10.8,10.65,10.75,2510.2869
2025-03-27 20:00:00+00:00,10.75,10.85,10.7,10.85,1533.1752
2025-03-27 22:00:00+00:00,10.85,10.87,10.64,10.68,2250.6784
2025-03-28 00:00:00+00:00,10.68,10.74,10.5,10.64,5650.9716
2025-03-28 02:00:00+00:00,10.64,10.68,10.43,10.48,3882.3568
2025-03-28 04:00:00+00:00,10.48,10.5,10.12,10.18,5684.7545
2025-03-28 06:00:00+00:00,10.18,10.24,10.1,10.15,4645.0688
2025-03-28 08:00:00+00:00,10.15,10.23,10.12,10.18,3164.3102
2025-03-28 10:00:00+00:00,10.17,10.24,10.1,10.17,3025.0159
2025-03-28 12:00:00+00:00,10.17,10.2,10.02,10.04,5148.4444
2025-03-28 14:00:00+00:00,10.04,10.11,9.99,10.01,4410.5086
2025-03-28 16:00:00+00:00,10.01,10.08,9.9,10.0,5725.4345
2025-03-28 18:00:00+00:00,10.02,10.06,9.83,9.9,3519.2478
2025-03-28 20:00:00+00:00,9.89,9.93,9.8,9.86,4095.3699
2025-03-28 22:00:00+00:00,9.84,9.98,9.84,9.98,2989.3545
2025-03-29 00:00:00+00:00,9.97,10.09,9.94,10.04,3190.699
2025-03-29 02:00:00+00:00,10.04,10.1,9.84,10.03,1798.9438
2025-03-29 04:00:00+00:00,10.03,10.03,9.87,9.93,2010.3549
2025-03-29 06:00:00+00:00,9.94,9.94,9.75,9.84,2935.7905
2025-03-29 08:00:00+00:00,9.86,9.93,9.73,9.78,4808.192
2025-03-29 10:00:00+00:00,9.8,10.0,9.57,9.66,20845.686
2025-03-29 12:00:00+00:00,9.67,9.81,9.64,9.77,4891.8294
2025-03-29 14:00:00+00:00,9.77,9.78,9.63,9.64,3522.1742
2025-03-29 16:00:00+00:00,9.64,9.69,9.37,9.43,8709.9008
2025-03-29 18:00:00+00:00,9.43,9.63,9.23,9.45,35418.3463
2025-03-29 20:00:00+00:00,9.45,9.46,9.23,9.26,15017.813
2025-03-29 22:00:00+00:00,9.26,9.29,9.14,9.17,7414.6452
2025-03-30 00:00:00+00:00,9.19,9.32,9.07,9.24,5309.3972
2025-03-30 02:00:00+00:00,9.24,9.39,9.22,9.31,4797.6066
2025-03-30 04:00:00+00:00,9.31,9.48,9.3,9.43,9691.8466
2025-03-30 06:00:00+00:00,9.43,9.49,9.28,9.29,5191.7559
2025-03-30 08:00:00+00:00,9.31,9.6,9.29,9.49,8178.4076
2025-03-30 10:00:00+00:00,9.49,9.68,9.37,9.44,11993.943
2025-03-30 12:00:00+00:00,9.45,9.57,9.36,9.41,9546.7798
2025-03-30 14:00:00+00:00,9.4,9.54,9.37,9.47,3329.9276
2025-03-30 16:00:00+00:00,9.46,9.5,9.25,9.35,6609.3241
2025-03-30 18:00:00+00:00,9.37,9.52,9.36,9.38,3642.8864
2025-03-30 20:00:00+00:00,9.4,9.45,9.26,9.3,4660.3275
2025-03-30 22:00:00+00:00,9.29,9.43,9.13,9.29,6240.0905
2025-03-31 00:00:00+00:00,9.32,9.39,9.08,9.37,8343.2023
2025-03-31 02:00:00+00:00,9.37,9.49,9.2,9.22,5018.427
2025-03-31 04:00:00+00:00,9.23,9.36,9.19,9.28,3231.6988
2025-03-31 06:00:00+00:00,9.28,9.33,9.15,9.21,4348.2997
2025-03-31 08:00:00+00:00,9.21,9.32,9.16,9.25,6024.1744
2025-03-31 10:00:00+00:00,9.27,9.38,9.12,9.34,6906.0745
2025-03-31 12:00:00+00:00,9.32,9.5,9.26,9.42,8229.1242
2025-03-31 14:00:00+00:00,9.42,9.55,9.39,9.51,5079.4927
2025-03-31 16:00:00+00:00,9.51,9.56,9.42,9.5,4914.738
2025-03-31 18:00:00+00:00,9.52,9.76,9.46,9.58,12204.5163
2025-03-31 20:00:00+00:00,9.59,9.87,9.57,9.73,13621.8181
2025-03-31 22:00:00+00:00,9.72,10.61,9.63,9.87,108189.8227
2025-04-01 00:00:00+00:00,9.87,10.71,9.83,10.13,81781.919
2025-04-01 02:00:00+00:00,10.14,10.14,9.81,9.99,24254.4814
2025-04-01 04:00:00+00:00,9.99,10.03,9.86,9.89,7244.8973
2025-04-01 06:00:00+00:00,9.89,10.16,9.83,9.83,19553.8511
2025-04-01 08:00:00+00:00,9.85,10.04,9.78,9.81,16377.2486
2025-04-01 10:00:00+00:00,9.82,9.88,9.38,9.41,24777.5736
2025-04-01 12:00:00+00:00,9.43,9.46,8.99,9.23,34011.1491
2025-04-01 14:00:00+00:00,9.23,9.39,9.12,9.34,10389.2036
2025-04-01 16:00:00+00:00,9.36,9.38,9.2,9.23,8310.4593
2025-04-01 18:00:00+00:00,9.23,9.24,9.08,9.13,6537.3629
2025-04-01 20:00:00+00:00,9.15,9.16,9.04,9.09,5015.2901
2025-04-01 22:00:00+00:00,9.09,9.17,9.06,9.08,3559.6469
2025-04-02 00:00:00+00:00,9.07,9.11,8.96,8.98,4877.237
2025-04-02 02:00:00+00:00,8.98,9.02,8.86,9.0,5370.494
2025-04-02 04:00:00+00:00,9.0,9.03,8.86,8.88,4074.6212
2025-04-02 06:00:00+00:00,8.88,8.92,8.77,8.87,6897.4429
2025-04-02 08:00:00+00:00,8.87,9.0,8.83,8.98,5259.3801
2025-04-02 10:00:00+00:00,9.0,9.01,8.92,8.94,3542.7706
2025-04-02 12:00:00+00:00,8.93,9.05,8.91,9.0,5323.3513
2025-04-02 14:00:00+00:00,9.0,9.21,8.97,9.16,7226.6408
2025-04-02 16:00:00+00:00,9.17,9.19,8.95,9.0,4843.8041
2025-04-02 18:00:00+00:00,9.0,9.11,8.97,9.08,2632.8527
2025-04-02 20:00:00+00:00,9.07,9.25,8.9,8.94,13351.8024
2025-04-02 22:00:00+00:00,8.93,8.93,8.29,8.44,19928.9211
2025-04-03 00:00:00+00:00,8.44,8.65,8.39,8.61,8068.4682
2025-04-03 02:00:00+00:00,8.61,8.67,8.54,8.63,4526.9357
2025-04-03 04:00:00+00:00,8.63,8.72,8.56,8.6,5016.0958
2025-04-03 06:00:00+00:00,8.59,8.62,8.35,8.45,8027.5578
2025-04-03 08:00:00+00:00,8.44,8.5,8.31,8.35,8691.3778
2025-04-03 10:00:00+00:00,8.36,8.4,8.23,8.37,5931.1299
2025-04-03 12:00:00+00:00,8.39,8.4,8.15,8.37,8104.2491
2025-04-03 14:00:00+00:00,8.36,8.37,8.13,8.36,8394.2815
2025-04-03 16:00:00+00:00,8.36,8.42,8.3,8.35,4260.9908
2025-04-03 18:00:00+00:00,8.36,8.49,8.31,8.42,3105.5979
2025-04-03 20:00:00+00:00,8.44,8.62,8.38,8.56,5222.1752
2025-04-03 22:00:00+00:00,8.57,8.63,8.51,8.57,2238.4178
2025-04-04 00:00:00+00:00,8.57,8.57,8.34,8.34,3767.1088
2025-04-04 02:00:00+00:00,8.36,8.52,8.36,8.49,2504.0141
2025-04-04 04:00:00+00:00,8.51,8.59,8.42,8.54,2545.5218
2025-04-04 06:00:00+00:00,8.54,8.65,8.46,8.62,2984.9079
2025-04-04 08:00:00+00:00,8.61,8.75,8.58,8.73,4293.5416
2025-04-04 10:00:00+00:00,8.74,8.75,8.3,8.45,8588.7345
2025-04-04 12:00:00+00:00,8.44,8.62,8.32,8.6,8751.0505
2025-04-04 14:00:00+00:00,8.6,8.69,8.48,8.57,5215.3316
2025-04-04 16:00:00+00:00,8.57,8.7,8.51,8.65,3357.3379
2025-04-04 18:00:00+00:00,8.65,8.66,8.55,8.61,2653.5868
2025-04-04 20:00:00+00:00,8.6,8.7,8.56,8.7,2047.7877
2025-04-04 22:00:00+00:00,8.69,8.7,8.51,8.61,3878.9757
2025-04-05 00:00:00+00:00,8.59,8.66,8.55,8.64,1987.156
2025-04-05 02:00:00+00:00,8.65,8.65,8.56,8.59,1902.1796
2025-04-05 04:00:00+00:00,8.59,8.66,8.55,8.65,1992.3052
2025-04-05 06:00:00+00:00,8.65,8.67,8.55,8.67,3923.4995
2025-04-05 08:00:00+00:00,8.67,8.76,8.63,8.76,3704.7421
2025-04-05 10:00:00+00:00,8.74,8.82,8.68,8.76,7012.7013
2025-04-05 12:00:00+00:00,8.77,8.83,8.66,8.71,5099.9493
2025-04-05 14:00:00+00:00,8.7,8.79,8.67,8.77,3155.7406
2025-04-05 16:00:00+00:00,8.75,8.82,8.53,8.65,7991.5302
2025-04-05 18:00:00+00:00,8.67,8.68,8.52,8.56,3321.2672
2025-04-05 20:00:00+00:00,8.56,8.62,8.53,8.62,3106.5242
2025-04-05 22:00:00+00:00,8.62,8.75,8.6,8.73,2312.4209
2025-04-06 00:00:00+00:00,8.72,8.74,8.62,8.67,3118.4599
2025-04-06 02:00:00+00:00,8.67,8.69,8.61,8.69,1753.0759
2025-04-06 04:00:00+00:00,8.69,8.8,8.62,8.77,2035.4817
2025-04-06 06:00:00+00:00,8.78,8.8,8.62,8.72,3652.727
2025-04-06 08:00:00+00:00,8.7,8.73,8.55,8.7,9258.3636
2025-04-06 10:00:00+00:00,8.68,8.7,8.61,8.66,2027.5595
2025-04-06 12:00:00+00:00,8.66,8.66,8.37,8.38,7107.5524
2025-04-06 14:00:00+00:00,8.4,8.59,8.38,8.49,7368.7979
2025-04-06 16:00:00+00:00,8.48,8.53,8.1,8.21,11981.1059
2025-04-06 18:00:00+00:00,8.2,8.21,7.9,8.06,17370.7672
2025-04-06 20:00:00+00:00,8.04,8.05,7.75,7.81,8822.0408
2025-04-06 22:00:00+00:00,7.79,7.99,7.62,7.82,8229.4019
2025-04-07 00:00:00+00:00,7.82,8.02,7.72,7.92,7613.9609
2025-04-07 02:00:00+00:00,7.92,7.92,7.4,7.48,15737.8088
2025-04-07 04:00:00+00:00,7.48,7.62,7.45,7.5,11102.2541
2025-04-07 06:00:00+00:00,7.52,7.58,7.01,7.26,18298.4029
2025-04-07 08:00:00+00:00,7.25,7.65,7.24,7.49,17772.037
2025-04-07 10:00:00+00:00,7.5,7.71,7.46,7.53,15149.6106
2025-04-07 12:00:00+00:00,7.52,8.0,7.5,7.96,21384.4496
2025-04-07 14:00:00+00:00,7.95,8.28,7.78,7.87,24329.4829
2025-04-07 16:00:00+00:00,7.9,8.02,7.75,7.96,9514.3898
2025-04-07 18:00:00+00:00,7.98,8.01,7.84,7.87,5567.5949
2025-04-07 20:00:00+00:00,7.88,8.12,7.88,8.09,10172.8013
2025-04-07 22:00:00+00:00,8.09,8.17,8.0,8.02,2778.4888
2025-04-08 00:00:00+00:00,8.03,8.23,7.98,8.21,5889.8674
2025-04-08 02:00:00+00:00,8.21,8.3,8.04,8.08,3701.4527
2025-04-08 04:00:00+00:00,8.08,8.19,8.02,8.08,5922.0234
2025-04-08 06:00:00+00:00,8.08,8.09,7.95,8.06,6598.4281
2025-04-08 08:00:00+00:00,8.06,8.08,7.94,7.97,5022.2755
2025-04-08 10:00:00+00:00,7.95,7.97,7.73,7.95,14001.054
2025-04-08 12:00:00+00:00,7.97,7.99,7.78,7.88,8032.7523
2025-04-08 14:00:00+00:00,7.88,7.97,7.68,7.9,13515.7652
2025-04-08 16:00:00+00:00,7.91,8.05,7.6,7.78,26005.0786
2025-04-08 18:00:00+00:00,7.78,7.83,7.56,7.62,13689.1912
2025-04-08 20:00:00+00:00,7.62,7.71,7.56,7.67,6724.5962
2025-04-08 22:00:00+00:00,7.67,7.67,7.5,7.59,7239.2404
2025-04-09 00:00:00+00:00,7.57,7.67,7.23,7.56,15891.2135
2025-04-09 02:00:00+00:00,7.56,7.64,7.39,7.47,7066.2913
2025-04-09 04:00:00+00:00,7.47,7.79,7.44,7.77,15259.9407
2025-04-09 06:00:00+00:00,7.78,7.99,7.77,7.94,7024.706
2025-04-09 08:00:00+00:00,7.95,8.1,7.88,8.09,7338.9899
2025-04-09 10:00:00+00:00,8.08,8.23,7.89,7.98,13949.0833
2025-04-09 12:00:00+00:00,7.98,8.24,7.83,8.14,12371.7262
2025-04-09 14:00:00+00:00,8.14,8.22,8.05,8.14,8438.6405
2025-04-09 16:00:00+00:00,8.13,8.71,8.13,8.69,20532.0592
2025-04-09 18:00:00+00:00,8.7,8.8,8.58,8.65,12387.2282
2025-04-09 20:00:00+00:00,8.66,8.93,8.64,8.74,9072.1492
2025-04-09 22:00:00+00:00,8.76,8.8,8.65,8.7,6563.8009
2025-04-10 00:00:00+00:00,8.7,8.71,8.56,8.58,4865.7275
2025-04-10 02:00:00+00:00,8.59,8.62,8.34,8.41,5983.8369
2025-04-10 04:00:00+00:00,8.39,8.55,8.34,8.51,5053.2516
2025-04-10 06:00:00+00:00,8.51,8.58,8.42,8.46,4739.467
2025-04-10 08:00:00+00:00,8.47,8.57,8.4,8.54,4017.7922
2025-04-10 10:00:00+00:00,8.52,8.59,8.46,8.53,4567.327
2025-04-10 12:00:00+00:00,8.52,8.69,8.43,8.46,9010.5914
2025-04-10 14:00:00+00:00,8.47,8.59,8.24,8.3,9145.4447
2025-04-10 16:00:00+00:00,8.3,8.38,8.2,8.35,9649.8589
2025-04-10 18:00:00+00:00,8.37,8.46,8.33,8.4,5207.7319
2025-04-10 20:00:00+00:00,8.41,8.48,8.37,8.41,4654.2981
2025-04-10 22:00:00+00:00,8.4,8.54,8.35,8.52,5312.4773
2025-04-11 00:00:00+00:00,8.51,8.63,8.44,8.58,5695.8857
2025-04-11 02:00:00+00:00,8.6,8.64,8.51,8.57,2731.9271
2025-04-11 04:00:00+00:00,8.58,8.62,8.5,8.53,2662.954
2025-04-11 06:00:00+00:00,8.54,8.62,8.52,8.55,2721.1279
2025-04-11 08:00:00+00:00,8.55,8.71,8.5,8.69,6037.4564
2025-04-11 10:00:00+00:00,8.71,8.83,8.64,8.68,5883.8771
2025-04-11 12:00:00+00:00,8.65,8.8,8.59,8.77,5510.2894
2025-04-11 14:00:00+00:00,8.77,8.78,8.62,8.78,4987.8054
2025-04-11 16:00:00+00:00,8.78,8.9,8.71,8.86,5311.986
2025-04-11 18:00:00+00:00,8.87,8.89,8.8,8.83,3404.8103
2025-04-11 20:00:00+00:00,8.83,9.01,8.8,9.0,8489.3772
2025-04-11 22:00:00+00:00,9.0,9.03,8.9,8.99,8113.8693
2025-04-12 00:00:00+00:00,8.99,9.01,8.93,8.94,2680.5077
2025-04-12 02:00:00+00:00,8.94,8.97,8.83,8.85,2793.2035
2025-04-12 04:00:00+00:00,8.85,8.95,8.78,8.87,9362.2404
2025-04-12 06:00:00+00:00,8.87,8.93,8.8,8.83,5775.5038
2025-04-12 08:00:00+00:00,8.82,8.92,8.77,8.86,3828.4237
2025-04-12 10:00:00+00:00,8.85,8.98,8.84,8.9,4900.5016
2025-04-12 12:00:00+00:00,8.91,9.12,8.87,9.07,3902.1299
2025-04-12 14:00:00+00:00,9.09,9.2,8.78,8.94,29075.4194
2025-04-12 16:00:00+00:00,8.94,8.97,8.72,8.74,9213.4554
2025-04-12 18:00:00+00:00,8.76,8.84,8.73,8.79,6339.2567
2025-04-12 20:00:00+00:00,8.78,8.87,8.73,8.77,6287.2846
2025-04-12 22:00:00+00:00,8.77,8.87,8.77,8.83,3831.0366
2025-04-13 00:00:00+00:00,8.83,8.88,8.74,8.77,8069.1951
2025-04-13 02:00:00+00:00,8.77,8.84,8.74,8.76,3847.1512
2025-04-13 04:00:00+00:00,8.78,8.81,8.73,8.78,6918.3999
2025-04-13 06:00:00+00:00,8.79,8.86,8.74,8.8,2809.5278
2025-04-13 08:00:00+00:00,8.8,8.93,8.76,8.91,5112.6981
2025-04-13 10:00:00+00:00,8.92,8.93,8.76,8.79,4283.4027
2025-04-13 12:00:00+00:00,8.8,8.86,8.65,8.67,4799.3306
2025-04-13 14:00:00+00:00,8.65,8.78,8.64,8.67,7242.7694
2025-04-13 16:00:00+00:00,8.69,8.95,8.68,8.9,5576.6623
2025-04-13 18:00:00+00:00,8.91,8.95,8.45,8.54,7073.1879
2025-04-13 20:00:00+00:00,8.54,8.66,8.36,8.46,10266.917
2025-04-13 22:00:00+00:00,8.46,8.48,8.33,8.42,4723.2499
2025-04-14 00:00:00+00:00,8.42,8.56,8.4,8.46,5499.3837
2025-04-14 02:00:00+00:00,8.46,8.67,8.43,8.51,4908.7128
2025-04-14 04:00:00+00:00,8.5,8.58,8.43,8.45,2826.7346
2025-04-14 06:00:00+00:00,8.44,8.48,8.37,8.48,4408.731
2025-04-14 08:00:00+00:00,8.46,8.6,8.42,8.52,3220.1248
2025-04-14 10:00:00+00:00,8.52,8.81,8.51,8.74,4458.5677
2025-04-14 12:00:00+00:00,8.75,8.77,8.6,8.64,4455.59
2025-04-14 14:00:00+00:00,8.64,8.78,8.41,8.45,6357.5518
2025-04-14 16:00:00+00:00,8.45,8.6,8.39,8.59,6018.1165
2025-04-14 18:00:00+00:00,8.58,8.64,8.55,8.58,3853.9938
2025-04-14 20:00:00+00:00,8.58,8.6,8.43,8.48,2378.5122
2025-04-14 22:00:00+00:00,8.49,8.51,8.43,8.45,2832.5621
2025-04-15 00:00:00+00:00,8.45,8.48,8.36,8.46,4713.0359
2025-04-15 02:00:00+00:00,8.46,8.5,8.35,8.47,3896.1852
2025-04-15 04:00:00+00:00,8.47,8.48,8.4,8.44,4115.3309
2025-04-15 06:00:00+00:00,8.42,8.45,8.34,8.4,4193.7017
2025-04-15 08:00:00+00:00,8.4,8.47,8.38,8.43,3685.9371
2025-04-15 10:00:00+00:00,8.44,8.46,8.32,8.37,6414.6257
2025-04-15 12:00:00+00:00,8.39,8.54,8.36,8.41,5907.8534
2025-04-15 14:00:00+00:00,8.4,8.44,8.27,8.39,10027.6714
2025-04-15 16:00:00+00:00,8.39,8.45,8.32,8.33,5744.093
2025-04-15 18:00:00+00:00,8.34,8.37,8.18,8.23,3719.0939
2025-04-15 20:00:00+00:00,8.23,8.28,8.13,8.2,4384.7513
2025-04-15 22:00:00+00:00,8.19,8.22,8.08,8.19,4725.9454
2025-04-16 00:00:00+00:00,8.17,8.31,8.1,8.28,4096.8371
2025-04-16 02:00:00+00:00,8.28,8.36,8.26,8.32,3954.5566
2025-04-16 04:00:00+00:00,8.31,8.38,8.22,8.32,5088.0953
2025-04-16 06:00:00+00:00,8.3,8.38,8.21,8.21,3896.3065
2025-04-16 08:00:00+00:00,8.22,8.33,8.13,8.25,5345.3891
2025-04-16 10:00:00+00:00,8.26,8.3,8.2,8.26,4053.2598
2025-04-16 12:00:00+00:00,8.27,8.3,8.15,8.18,7346.4327
2025-04-16 14:00:00+00:00,8.17,8.36,8.16,8.25,5071.7627
2025-04-16 16:00:00+00:00,8.25,8.32,7.94,7.99,7095.3858
2025-04-16 18:00:00+00:00,7.98,8.27,7.97,8.24,8219.3848
2025-04-16 20:00:00+00:00,8.25,8.3,8.13,8.22,6835.6614
2025-04-16 22:00:00+00:00,8.21,8.22,8.08,8.13,1979.7477
2025-04-17 00:00:00+00:00,8.13,8.19,8.08,8.17,2746.7647
2025-04-17 02:00:00+00:00,8.18,8.18,8.05,8.11,2249.8588
2025-04-17 04:00:00+00:00,8.11,8.24,8.07,8.2,2993.0982
2025-04-17 06:00:00+00:00,8.2,8.31,8.18,8.24,3476.0136
2025-04-17 08:00:00+00:00,8.24,8.26,8.13,8.15,2966.1296
2025-04-17 10:00:00+00:00,8.14,8.24,8.11,8.18,4381.8637
2025-04-17 12:00:00+00:00,8.18,8.3,7.94,7.99,19331.2848
2025-04-17 14:00:00+00:00,7.97,8.01,7.81,7.98,8188.8659
2025-04-17 16:00:00+00:00,7.98,8.17,7.95,8.14,5902.5447
2025-04-17 18:00:00+00:00,8.12,8.16,7.95,7.95,4693.7587
2025-04-17 20:00:00+00:00,7.96,8.08,7.95,8.03,2807.8077
2025-04-17 22:00:00+00:00,8.03,8.05,7.94,7.98,2590.4083
2025-04-18 00:00:00+00:00,7.98,8.01,7.87,7.93,3361.7422
2025-04-18 02:00:00+00:00,7.93,7.99,7.9,7.97,2966.0054
2025-04-18 04:00:00+00:00,7.97,8.02,7.94,8.0,3408.2048
2025-04-18 06:00:00+00:00,8.01,8.08,7.99,8.06,3008.5968
2025-04-18 08:00:00+00:00,8.07,8.22,8.06,8.18,7333.2771
2025-04-18 10:00:00+00:00,8.16,8.22,8.05,8.12,3830.7701
2025-04-18 12:00:00+00:00,8.1,8.23,8.1,8.2,4926.716
2025-04-18 14:00:00+00:00,8.2,8.22,8.13,8.22,2979.9531
2025-04-18 16:00:00+00:00,8.22,8.28,8.18,8.26,2963.2335
2025-04-18 18:00:00+00:00,8.26,8.3,8.24,8.27,2459.4221
2025-04-18 20:00:00+00:00,8.27,8.32,8.22,8.3,1553.9968
2025-04-18 22:00:00+00:00,8.31,8.33,8.23,8.27,1706.1049
2025-04-19 00:00:00+00:00,8.27,8.34,8.24,8.31,4058.6358
2025-04-19 02:00:00+00:00,8.33,8.38,8.27,8.28,5517.4866
2025-04-19 04:00:00+00:00,8.27,8.32,8.24,8.28,1866.9135
2025-04-19 06:00:00+00:00,8.27,8.3,8.17,8.19,4893.266
2025-04-19 08:00:00+00:00,8.17,8.23,8.13,8.18,4752.3938
2025-04-19 10:00:00+00:00,8.18,8.3,8.15,8.29,4343.9936
2025-04-19 12:00:00+00:00,8.27,8.51,8.22,8.45,7008.7116
2025-04-19 14:00:00+00:00,8.46,8.64,8.42,8.61,9488.8539
2025-04-19 16:00:00+00:00,8.61,8.75,8.55,8.66,6728.0325
2025-04-19 18:00:00+00:00,8.68,8.73,8.53,8.59,6680.9374
2025-04-19 20:00:00+00:00,8.61,8.62,8.51,8.53,3199.251
2025-04-19 22:00:00+00:00,8.53,8.55,8.47,8.49,1589.5551
2025-04-20 00:00:00+00:00,8.48,8.52,8.43,8.52,2299.1843
2025-04-20 02:00:00+00:00,8.53,8.6,8.49,8.57,2858.2285
2025-04-20 04:00:00+00:00,8.59,8.7,8.54,8.6,6130.7398
2025-04-20 06:00:00+00:00,8.6,8.67,8.45,8.49,6036.9524
2025-04-20 08:00:00+00:00,8.5,8.52,8.42,8.44,1968.7438
2025-04-20 10:00:00+00:00,8.46,8.47,8.32,8.42,3105.8783
2025-04-20 12:00:00+00:00,8.42,8.48,8.26,8.37,7750.7122
2025-04-20 14:00:00+00:00,8.37,8.4,8.12,8.32,14133.5798
2025-04-20 16:00:00+00:00,8.32,8.41,8.31,8.36,3925.2233
2025-04-20 18:00:00+00:00,8.35,8.43,8.34,8.41,2900.3272
2025-04-20 20:00:00+00:00,8.42,8.46,8.36,8.4,3535.3571
2025-04-20 22:00:00+00:00,8.39,8.42,8.33,8.41,1826.5307
2025-04-21 00:00:00+00:00,8.42,8.54,8.4,8.5,4234.2714
2025-04-21 02:00:00+00:00,8.51,8.54,8.44,8.51,3275.6228
2025-04-21 04:00:00+00:00,8.52,8.6,8.47,8.59,2613.0014
2025-04-21 06:00:00+00:00,8.59,8.99,8.58,8.82,16874.1518
2025-04-21 08:00:00+00:00,8.8,8.92,8.8,8.83,5442.521
2025-04-21 10:00:00+00:00,8.84,8.86,8.69,8.74,4391.4963
2025-04-21 12:00:00+00:00,8.75,8.78,8.61,8.66,9937.6629
2025-04-21 14:00:00+00:00,8.66,8.76,8.6,8.67,5639.7143
2025-04-21 16:00:00+00:00,8.67,8.79,8.46,8.7,17154.7582
2025-04-21 18:00:00+00:00,8.7,8.7,8.54,8.63,9652.5349
2025-04-21 20:00:00+00:00,8.62,8.64,8.54,8.59,1744.5471
2025-04-21 22:00:00+00:00,8.59,8.59,8.5,8.58,2131.9384
2025-04-22 00:00:00+00:00,8.57,8.69,8.4,8.67,2958.4959
2025-04-22 02:00:00+00:00,8.67,8.69,8.5,8.58,2804.4417
2025-04-22 04:00:00+00:00,8.58,8.62,8.48,8.53,2381.0649
2025-04-22 06:00:00+00:00,8.53,8.61,8.41,8.6,5527.8697
2025-04-22 08:00:00+00:00,8.6,8.62,8.48,8.48,5477.8475
2025-04-22 10:00:00+00:00,8.49,8.69,8.46,8.69,3981.0454
2025-04-22 12:00:00+00:00,8.68,9.0,8.66,8.85,13904.5146
2025-04-22 14:00:00+00:00,8.87,9.16,8.82,9.03,10138.8747
2025-04-22 16:00:00+00:00,9.04,9.34,9.0,9.19,11928.5554
2025-04-22 18:00:00+00:00,9.19,9.27,9.1,9.11,5355.4099
2025-04-22 20:00:00+00:00,9.1,9.36,9.09,9.33,6075.6488
2025-04-22 22:00:00+00:00,9.32,9.47,9.24,9.37,5044.0663
2025-04-23 00:00:00+00:00,9.37,9.4,9.23,9.27,6531.9717
2025-04-23 02:00:00+00:00,9.28,9.45,9.25,9.38,3299.0006
2025-04-23 04:00:00+00:00,9.39,9.43,9.28,9.29,4338.0805
2025-04-23 06:00:00+00:00,9.3,9.33,9.19,9.28,3020.7998
2025-04-23 08:00:00+00:00,9.27,9.53,9.23,9.39,18807.9228
2025-04-23 10:00:00+00:00,9.37,9.49,9.27,9.39,11914.2921
2025-04-23 12:00:00+00:00,9.4,9.63,9.34,9.34,9302.2584
2025-04-23 14:00:00+00:00,9.35,9.46,9.23,9.37,7854.1531
2025-04-23 16:00:00+00:00,9.38,9.48,9.23,9.36,8571.7739
2025-04-23 18:00:00+00:00,9.36,9.45,9.15,9.22,9048.9818
2025-04-23 20:00:00+00:00,9.23,9.32,9.21,9.24,2572.9507
2025-04-23 22:00:00+00:00,9.25,9.34,9.21,9.33,3027.0832
2025-04-24 00:00:00+00:00,9.33,9.35,9.24,9.31,1958.504
2025-04-24 02:00:00+00:00,9.29,9.35,9.12,9.12,2078.8816
2025-04-24 04:00:00+00:00,9.12,9.27,9.09,9.17,4942.3564
2025-04-24 06:00:00+00:00,9.17,9.19,8.98,8.98,4663.3845
2025-04-24 08:00:00+00:00,9.0,9.11,8.9,9.1,6932.1597
2025-04-24 10:00:00+00:00,9.1,9.13,9.04,9.13,2977.7354
2025-04-24 12:00:00+00:00,9.12,9.23,9.11,9.18,3061.7515
2025-04-24 14:00:00+00:00,9.18,9.52,9.18,9.4,11766.7434
2025-04-24 16:00:00+00:00,9.42,9.5,9.26,9.36,8631.039
2025-04-24 18:00:00+00:00,9.38,9.48,9.35,9.48,2399.8931
2025-04-24 20:00:00+00:00,9.47,9.54,9.41,9.49,3400.4976
2025-04-24 22:00:00+00:00,9.49,9.61,9.45,9.59,3710.6034
2025-04-25 00:00:00+00:00,9.58,9.84,9.53,9.64,9923.3107
2025-04-25 02:00:00+00:00,9.64,9.71,9.54,9.66,4067.7391
2025-04-25 04:00:00+00:00,9.67,9.84,9.62,9.75,8668.0278
2025-04-25 06:00:00+00:00,9.73,9.92,9.7,9.89,4882.0669
2025-04-25 08:00:00+00:00,9.89,9.97,9.8,9.92,6211.9301
2025-04-25 10:00:00+00:00,9.92,9.94,9.77,9.83,5162.5434
2025-04-25 12:00:00+00:00,9.81,9.86,9.61,9.68,9315.2918
2025-04-25 14:00:00+00:00,9.67,9.86,9.62,9.71,6599.0556
2025-04-25 16:00:00+00:00,9.72,9.86,9.63,9.71,6172.802
2025-04-25 18:00:00+00:00,9.72,9.79,9.68,9.76,3284.1541
2025-04-25 20:00:00+00:00,9.76,9.85,9.66,9.68,2177.785
2025-04-25 22:00:00+00:00,9.68,9.79,9.66,9.71,1931.7865
2025-04-26 00:00:00+00:00,9.72,9.93,9.72,9.91,3363.013
2025-04-26 02:00:00+00:00,9.91,9.93,9.78,9.81,3195.4829
2025-04-26 04:00:00+00:00,9.83,9.84,9.62,9.7,6284.6853
2025-04-26 06:00:00+00:00,9.7,9.79,9.66,9.71,3253.3977
2025-04-26 08:00:00+00:00,9.71,9.8,9.61,9.69,6149.5746
2025-04-26 10:00:00+00:00,9.69,9.78,9.58,9.61,8616.2304
2025-04-26 12:00:00+00:00,9.61,9.79,9.57,9.64,6910.9939
2025-04-26 14:00:00+00:00,9.64,9.86,9.6,9.83,7044.8151
2025-04-26 16:00:00+00:00,9.83,9.85,9.73,9.79,2866.4897
2025-04-26 18:00:00+00:00,9.78,9.86,9.72,9.83,3154.3535
2025-04-26 20:00:00+00:00,9.85,9.88,9.79,9.85,3017.7994
2025-04-26 22:00:00+00:00,9.86,9.94,9.84,9.88,1545.461
2025-04-27 00:00:00+00:00,9.87,10.0,9.72,9.73,5517.091
2025-04-27 02:00:00+00:00,9.73,9.86,9.71,9.79,1687.4921
2025-04-27 04:00:00+00:00,9.81,9.83,9.62,9.66,2566.2185
2025-04-27 06:00:00+00:00,9.64,9.73,9.6,9.71,3487.0885
2025-04-27 08:00:00+00:00,9.73,9.76,9.63,9.75,3912.3534
2025-04-27 10:00:00+00:00,9.75,9.78,9.64,9.65,4034.2265
2025-04-27 12:00:00+00:00,9.66,9.66,9.47,9.58,5816.1996
2025-04-27 14:00:00+00:00,9.58,9.64,9.46,9.5,4556.7532
2025-04-27 16:00:00+00:00,9.49,9.51,9.39,9.47,4468.8611
2025-04-27 18:00:00+00:00,9.46,9.51,9.44,9.5,2015.2809
2025-04-27 20:00:00+00:00,9.5,9.51,9.4,9.45,1882.8867
2025-04-27 22:00:00+00:00,9.45,9.45,9.36,9.41,2672.9805
2025-04-28 00:00:00+00:00,9.42,9.42,9.17,9.22,5953.5846
2025-04-28 02:00:00+00:00,9.22,9.42,9.21,9.41,5703.4655
2025-04-28 04:00:00+00:00,9.4,9.48,9.38,9.46,2614.197
2025-04-28 06:00:00+00:00,9.46,9.57,9.45,9.56,4108.8761
2025-04-28 08:00:00+00:00,9.56,9.62,9.51,9.58,5037.5181
2025-04-28 10:00:00+00:00,9.58,9.68,9.47,9.6,4030.4286
2025-04-28 12:00:00+00:00,9.6,9.86,9.41,9.42,18035.1746
2025-04-28 14:00:00+00:00,9.42,9.53,9.21,9.26,5668.7604
2025-04-28 16:00:00+00:00,9.26,9.46,9.22,9.45,3952.2606
2025-04-28 18:00:00+00:00,9.44,9.54,9.39,9.52,3687.1865
2025-04-28 20:00:00+00:00,9.52,9.53,9.38,9.43,1519.8102
2025-04-28 22:00:00+00:00,9.42,9.52,9.42,9.46,2449.2862
2025-04-29 00:00:00+00:00,9.46,9.55,9.45,9.47,2759.5966
2025-04-29 02:00:00+00:00,9.48,9.49,9.41,9.46,2518.9081
2025-04-29 04:00:00+00:00,9.46,9.47,9.35,9.41,3092.6977
2025-04-29 06:00:00+00:00,9.41,9.55,9.4,9.54,3113.2086
2025-04-29 08:00:00+00:00,9.54,9.64,9.46,9.48,5774.5787
2025-04-29 10:00:00+00:00,9.48,9.51,9.36,9.41,6045.228
2025-04-29 12:00:00+00:00,9.41,9.44,9.34,9.43,5645.1351
2025-04-29 14:00:00+00:00,9.42,9.54,9.4,9.41,4109.549
2025-04-29 16:00:00+00:00,9.42,9.48,9.38,9.41,2810.9766
2025-04-29 18:00:00+00:00,9.39,9.43,9.37,9.39,1976.1047
2025-04-29 20:00:00+00:00,9.39,9.41,9.22,9.24,4119.4984
2025-04-29 22:00:00+00:00,9.24,9.24,9.1,9.2,4317.9949
2025-04-30 00:00:00+00:00,9.2,9.23,9.12,9.16,3316.3126
2025-04-30 02:00:00+00:00,9.16,9.23,9.15,9.21,1952.6718
2025-04-30 04:00:00+00:00,9.21,9.28,9.18,9.22,4425.6349
2025-04-30 06:00:00+00:00,9.22,9.23,8.95,8.98,12912.281
2025-04-30 08:00:00+00:00,8.98,9.11,8.93,9.11,6107.0929
2025-04-30 10:00:00+00:00,9.1,9.24,9.09,9.21,6445.189
2025-04-30 12:00:00+00:00,9.21,9.21,8.77,8.78,9313.9275
2025-04-30 14:00:00+00:00,8.78,8.99,8.76,8.95,10988.7695
2025-04-30 16:00:00+00:00,8.96,9.13,8.91,9.12,8593.7376
2025-04-30 18:00:00+00:00,9.1,9.22,9.09,9.17,4132.4943
2025-04-30 20:00:00+00:00,9.15,9.23,9.11,9.11,2605.3361
2025-04-30 22:00:00+00:00,9.12,9.2,9.08,9.17,2574.6253
2025-05-01 00:00:00+00:00,9.17,9.24,9.1,9.13,6728.2164
2025-05-01 02:00:00+00:00,9.13,9.17,9.01,9.03,3324.3039
2025-05-01 04:00:00+00:00,9.03,9.1,9.01,9.09,4008.0985
2025-05-01 06:00:00+00:00,9.08,9.23,9.06,9.22,4100.8565
2025-05-01 08:00:00+00:00,9.23,9.39,9.21,9.32,9240.8494
2025-05-01 10:00:00+00:00,9.32,9.81,9.3,9.67,28964.1245
2025-05-01 12:00:00+00:00,9.69,9.76,9.51,9.51,16419.193
2025-05-01 14:00:00+00:00,9.53,9.76,9.53,9.66,12020.051
2025-05-01 16:00:00+00:00,9.66,9.73,9.46,9.5,7450.3963
2025-05-01 18:00:00+00:00,9.52,9.61,9.45,9.52,5862.4551
2025-05-01 20:00:00+00:00,9.52,9.62,9.48,9.49,2563.1611
2025-05-01 22:00:00+00:00,9.5,9.54,9.43,9.49,2283.5494
2025-05-02 00:00:00+00:00,9.48,9.59,9.48,9.52,2333.818
2025-05-02 02:00:00+00:00,9.52,9.56,9.42,9.47,4505.6863
2025-05-02 04:00:00+00:00,9.48,9.53,9.39,9.45,4014.7539
2025-05-02 06:00:00+00:00,9.43,9.46,9.27,9.27,3729.1643
2025-05-02 08:00:00+00:00,9.29,9.37,9.25,9.33,2690.8392
2025-05-02 10:00:00+00:00,9.33,9.38,9.24,9.34,5052.2214
2025-05-02 12:00:00+00:00,9.34,9.4,9.3,9.33,7927.5286
2025-05-02 14:00:00+00:00,9.34,9.41,9.32,9.39,3235.9085
2025-05-02 16:00:00+00:00,9.39,9.48,9.29,9.34,4134.3389
2025-05-02 18:00:00+00:00,9.34,9.37,9.26,9.27,1934.5926
2025-05-02 20:00:00+00:00,9.27,9.36,9.21,9.24,3806.4419
2025-05-02 22:00:00+00:00,9.26,9.36,9.22,9.35,4406.3944
2025-05-03 00:00:00+00:00,9.34,9.37,9.19,9.19,1883.5611
2025-05-03 02:00:00+00:00,9.21,9.27,9.18,9.27,1573.0996
2025-05-03 04:00:00+00:00,9.26,9.29,9.24,9.28,1090.1357
2025-05-03 06:00:00+00:00,9.27,9.31,9.22,9.28,1676.4492
2025-05-03 08:00:00+00:00,9.29,9.36,9.17,9.2,4353.9573
2025-05-03 10:00:00+00:00,9.22,9.22,8.96,9.0,8835.51
2025-05-03 12:00:00+00:00,9.02,9.11,9.0,9.09,3290.9144
2025-05-03 14:00:00+00:00,9.1,9.14,9.05,9.11,3104.1342
2025-05-03 16:00:00+00:00,9.09,9.12,8.83,8.9,6015.2421
2025-05-03 18:00:00+00:00,8.9,8.93,8.78,8.92,4310.4455
2025-05-03 20:00:00+00:00,8.92,8.94,8.85,8.9,2287.009
2025-05-03 22:00:00+00:00,8.9,8.93,8.84,8.84,2334.3064
2025-05-04 00:00:00+00:00,8.83,8.92,8.77,8.92,3763.0219
2025-05-04 02:00:00+00:00,8.9,8.96,8.78,8.84,1718.5069
2025-05-04 04:00:00+00:00,8.82,8.86,8.76,8.85,2710.8905
2025-05-04 06:00:00+00:00,8.84,8.85,8.68,8.73,5993.0607
2025-05-04 08:00:00+00:00,8.74,8.74,8.35,8.42,20804.5357
2025-05-04 10:00:00+00:00,8.42,8.6,8.4,8.53,5310.7534
2025-05-04 12:00:00+00:00,8.54,8.61,8.43,8.51,4209.9188
2025-05-04 14:00:00+00:00,8.49,8.6,8.43,8.47,4611.241
2025-05-04 16:00:00+00:00,8.47,8.49,8.4,8.46,2500.9526
2025-05-04 18:00:00+00:00,8.46,8.47,8.38,8.45,2227.3002
2025-05-04 20:00:00+00:00,8.45,8.54,8.42,8.53,2966.3916
2025-05-04 22:00:00+00:00,8.53,8.53,8.35,8.44,3051.3
2025-05-05 00:00:00+00:00,8.42,8.49,8.33,8.35,3112.6155
2025-05-05 02:00:00+00:00,8.36,8.47,8.33,8.43,3985.5433
2025-05-05 04:00:00+00:00,8.43,8.56,8.43,8.55,2198.0419
2025-05-05 06:00:00+00:00,8.54,8.61,8.5,8.61,1925.3126
2025-05-05 08:00:00+00:00,8.61,8.66,8.55,8.55,2650.1948
2025-05-05 10:00:00+00:00,8.56,8.57,8.36,8.38,3795.8687
2025-05-05 12:00:00+00:00,8.38,8.46,8.33,8.38,5974.0757
2025-05-05 14:00:00+00:00,8.4,8.45,8.31,8.35,2520.2835
2025-05-05 16:00:00+00:00,8.36,8.49,8.33,8.48,2921.1821
2025-05-05 18:00:00+00:00,8.48,8.58,8.43,8.44,2332.615
2025-05-05 20:00:00+00:00,8.44,8.49,8.33,8.46,3226.8576
2025-05-05 22:00:00+00:00,8.47,8.54,8.42,8.42,1669.308
2025-05-06 00:00:00+00:00,8.44,8.48,8.37,8.37,1434.556
2025-05-06 02:00:00+00:00,8.38,8.53,8.3,8.52,3383.5113
2025-05-06 04:00:00+00:00,8.52,8.59,8.42,8.42,3829.3295
2025-05-06 06:00:00+00:00,8.42,8.58,8.42,8.57,3298.7789
2025-05-06 08:00:00+00:00,8.55,8.55,8.35,8.4,5413.7469
2025-05-06 10:00:00+00:00,8.39,8.4,8.16,8.19,6320.2747
2025-05-06 12:00:00+00:00,8.21,8.21,8.06,8.09,5441.4779
2025-05-06 14:00:00+00:00,8.09,8.24,8.07,8.11,3756.1795
2025-05-06 16:00:00+00:00,8.11,8.14,8.04,8.09,4195.5432
2025-05-06 18:00:00+00:00,8.09,8.23,8.08,8.13,2433.1601
2025-05-06 20:00:00+00:00,8.12,8.14,7.94,8.05,4781.3752
2025-05-06 22:00:00+00:00,8.05,8.33,8.04,8.31,3703.4198
2025-05-07 00:00:00+00:00,8.32,8.46,8.29,8.38,3473.6985
2025-05-07 02:00:00+00:00,8.37,8.38,8.2,8.26,2057.8896
2025-05-07 04:00:00+00:00,8.26,8.35,8.22,8.25,1479.8329
2025-05-07 06:00:00+00:00,8.25,8.37,8.23,8.35,1819.2276
2025-05-07 08:00:00+00:00,8.35,8.48,8.31,8.41,7466.0566
2025-05-07 10:00:00+00:00,8.43,8.57,8.39,8.55,7474.1974
2025-05-07 12:00:00+00:00,8.53,8.56,8.44,8.52,4378.5122
2025-05-07 14:00:00+00:00,8.54,8.58,8.38,8.39,3566.649
2025-05-07 16:00:00+00:00,8.39,8.41,8.22,8.24,4362.4533
2025-05-07 18:00:00+00:00,8.26,8.37,8.18,8.27,5775.541
2025-05-07 20:00:00+00:00,8.27,8.36,8.23,8.34,2668.1526
2025-05-07 22:00:00+00:00,8.32,8.51,8.3,8.46,3209.5458
2025-05-08 00:00:00+00:00,8.46,8.61,8.39,8.57,5104.4992
2025-05-08 02:00:00+00:00,8.55,9.01,8.54,8.97,8621.6242
2025-05-08 04:00:00+00:00,8.97,9.09,8.9,9.04,7778.7788
2025-05-08 06:00:00+00:00,9.03,9.24,9.01,9.15,8600.5125
2025-05-08 08:00:00+00:00,9.17,9.33,9.12,9.18,8671.6766
2025-05-08 10:00:00+00:00,9.18,9.23,9.11,9.22,4710.8743
2025-05-08 12:00:00+00:00,9.22,9.27,9.16,9.22,4271.4513
2025-05-08 14:00:00+00:00,9.22,9.66,9.2,9.59,8991.9376
2025-05-08 16:00:00+00:00,9.59,9.66,9.49,9.66,7644.6816
2025-05-08 18:00:00+00:00,9.66,9.82,9.62,9.79,7214.5575
2025-05-08 20:00:00+00:00,9.8,10.01,9.72,9.82,8980.3471
2025-05-08 22:00:00+00:00,9.82,9.95,9.81,9.95,4098.437
2025-05-09 00:00:00+00:00,9.95,10.09,9.86,10.03,7866.1038
2025-05-09 02:00:00+00:00,10.05,10.13,9.93,10.02,3505.2549
2025-05-09 04:00:00+00:00,10.02,10.13,9.99,10.05,3580.61
2025-05-09 06:00:00+00:00,10.05,10.47,10.05,10.34,11549.0506
2025-05-09 08:00:00+00:00,10.34,10.74,10.18,10.4,13009.5876
2025-05-09 10:00:00+00:00,10.38,10.52,10.31,10.35,5786.4739
2025-05-09 12:00:00+00:00,10.35,10.61,10.29,10.55,3514.8914
2025-05-09 14:00:00+00:00,10.55,10.55,10.28,10.32,6710.1819
2025-05-09 16:00:00+00:00,10.34,10.47,10.22,10.45,4442.991
2025-05-09 18:00:00+00:00,10.46,10.49,10.33,10.37,2379.8871
2025-05-09 20:00:00+00:00,10.39,10.5,10.36,10.48,2206.078
2025-05-09 22:00:00+00:00,10.48,10.57,10.42,10.57,3472.1193
2025-05-10 00:00:00+00:00,10.56,10.74,10.45,10.54,6640.9066
2025-05-10 02:00:00+00:00,10.54,10.71,10.52,10.66,5386.9794
2025-05-10 04:00:00+00:00,10.66,10.79,10.57,10.78,3853.3406
2025-05-10 06:00:00+00:00,10.76,10.95,10.69,10.9,5645.7317
2025-05-10 08:00:00+00:00,10.92,11.01,10.73,10.88,5319.3699
2025-05-10 10:00:00+00:00,10.88,10.98,10.68,10.74,5018.8392
2025-05-10 12:00:00+00:00,10.72,10.89,10.61,10.88,6991.261
2025-05-10 14:00:00+00:00,10.89,10.96,10.77,10.82,5177.8369
2025-05-10 16:00:00+00:00,10.82,11.1,10.79,10.98,4549.3884
2025-05-10 18:00:00+00:00,10.97,11.07,10.95,11.03,3032.4035
2025-05-10 20:00:00+00:00,11.03,11.17,10.96,11.15,2654.4361
2025-05-10 22:00:00+00:00,11.15,11.36,11.15,11.29,7547.8121
2025-05-11 00:00:00+00:00,11.29,11.33,11.01,11.05,7110.1324
2025-05-11 02:00:00+00:00,11.07,11.25,11.02,11.12,5869.2577
2025-05-11 04:00:00+00:00,11.11,11.18,11.05,11.06,2422.7729
2025-05-11 06:00:00+00:00,11.05,11.07,10.73,10.78,4939.4532
2025-05-11 08:00:00+00:00,10.78,11.02,10.73,10.99,5285.826
2025-05-11 10:00:00+00:00,11.0,11.08,10.94,11.04,1735.1408
2025-05-11 12:00:00+00:00,11.02,11.13,10.83,10.85,2803.4493
2025-05-11 14:00:00+00:00,10.86,11.0,10.77,10.84,3441.3923
2025-05-11 16:00:00+00:00,10.84,10.92,10.73,10.89,2326.8845
2025-05-11 18:00:00+00:00,10.88,10.98,10.79,10.91,2378.6227
2025-05-11 20:00:00+00:00,10.92,10.94,10.76,10.89,6007.0505
2025-05-11 22:00:00+00:00,10.87,10.97,10.79,10.95,3443.0901
2025-05-12 00:00:00+00:00,10.94,11.08,10.83,10.95,3649.168
2025-05-12 02:00:00+00:00,10.94,11.09,10.91,11.05,4041.9095
2025-05-12 04:00:00+00:00,11.05,11.13,10.91,10.97,4506.0653
2025-05-12 06:00:00+00:00,10.96,11.37,10.91,11.18,6858.2373
2025-05-12 08:00:00+00:00,11.17,11.26,10.99,11.12,5589.9164
2025-05-12 10:00:00+00:00,11.12,11.34,11.11,11.15,5646.1472
2025-05-12 12:00:00+00:00,11.16,11.36,11.14,11.29,5141.2028
2025-05-12 14:00:00+00:00,11.29,11.36,10.91,10.92,5276.7949
2025-05-12 16:00:00+00:00,10.94,11.19,10.91,10.99,4751.9547
2025-05-12 18:00:00+00:00,11.0,11.05,10.6,10.8,9545.3498
2025-05-12 20:00:00+00:00,10.78,10.9,10.72,10.88,2452.8527
2025-05-12 22:00:00+00:00,10.87,10.97,10.84,10.95,1405.365
2025-05-13 00:00:00+00:00,10.95,10.97,10.63,10.64,3293.359
2025-05-13 02:00:00+00:00,10.64,10.72,10.41,10.42,5848.1867
2025-05-13 04:00:00+00:00,10.41,10.66,10.41,10.63,3304.711
2025-05-13 06:00:00+00:00,10.61,10.82,10.6,10.75,2651.1437
2025-05-13 08:00:00+00:00,10.75,10.86,10.72,10.85,4667.41
2025-05-13 10:00:00+00:00,10.85,10.97,10.74,10.94,3140.9245
2025-05-13 12:00:00+00:00,10.95,11.09,10.79,11.01,5043.3259
2025-05-13 14:00:00+00:00,11.02,11.09,10.88,11.09,4544.9654
2025-05-13 16:00:00+00:00,11.08,11.32,11.04,11.3,5888.9401
2025-05-13 18:00:00+00:00,11.3,11.7,11.3,11.53,7566.7061
2025-05-13 20:00:00+00:00,11.53,11.58,11.37,11.4,4151.2221
2025-05-13 22:00:00+00:00,11.42,11.43,11.25,11.34,2286.6666
2025-05-14 00:00:00+00:00,11.36,11.44,11.22,11.23,3466.6755
2025-05-14 02:00:00+00:00,11.25,11.26,11.08,11.15,3633.3269
2025-05-14 04:00:00+00:00,11.15,11.3,11.1,11.3,2362.386
2025-05-14 06:00:00+00:00,11.3,11.32,11.15,11.16,2222.3854
2025-05-14 08:00:00+00:00,11.16,11.22,10.89,11.07,6673.681
2025-05-14 10:00:00+00:00,11.07,11.19,11.01,11.14,3796.4055
2025-05-14 12:00:00+00:00,11.13,11.18,10.86,10.96,3810.5906
2025-05-14 14:00:00+00:00,10.97,10.97,10.76,10.89,6408.0993
2025-05-14 16:00:00+00:00,10.89,10.89,10.64,10.8,4531.8712
2025-05-14 18:00:00+00:00,10.79,10.89,10.75,10.87,2380.1406
2025-05-14 20:00:00+00:00,10.87,10.92,10.71,10.76,3001.6578
2025-05-14 22:00:00+00:00,10.78,10.81,10.67,10.81,3949.6114
2025-05-15 00:00:00+00:00,10.81,10.95,10.64,10.66,3884.3967
2025-05-15 02:00:00+00:00,10.66,10.72,10.55,10.57,3769.6013
2025-05-15 04:00:00+00:00,10.57,10.67,10.45,10.45,4534.582
2025-05-15 06:00:00+00:00,10.47,10.56,10.26,10.31,6616.2489
2025-05-15 08:00:00+00:00,10.31,10.46,10.27,10.33,4490.4364
2025-05-15 10:00:00+00:00,10.33,10.36,10.2,10.33,4805.4525
2025-05-15 12:00:00+00:00,10.32,10.45,10.14,10.22,6687.0596
2025-05-15 14:00:00+00:00,10.22,10.45,10.03,10.45,7517.5466
2025-05-15 16:00:00+00:00,10.45,10.63,10.36,10.45,4779.9921
2025-05-15 18:00:00+00:00,10.46,10.49,10.16,10.22,5346.64
2025-05-15 20:00:00+00:00,10.22,10.28,10.05,10.18,4103.2798
2025-05-15 22:00:00+00:00,10.17,10.3,10.05,10.2,2403.617
2025-05-16 00:00:00+00:00,10.2,10.33,10.14,10.29,3356.0624
2025-05-16 02:00:00+00:00,10.29,10.42,10.25,10.31,3373.1776
2025-05-16 04:00:00+00:00,10.3,10.35,10.21,10.34,1207.6853
2025-05-16 06:00:00+00:00,10.33,10.41,10.26,10.36,2256.8917
2025-05-16 08:00:00+00:00,10.37,10.43,10.2,10.42,2799.991
2025-05-16 10:00:00+00:00,10.41,10.52,10.38,10.38,4049.8077
2025-05-16 12:00:00+00:00,10.41,10.42,10.27,10.36,4826.1868
2025-05-16 14:00:00+00:00,10.35,10.36,10.19,10.27,4810.6607
2025-05-16 16:00:00+00:00,10.29,10.36,10.15,10.22,3985.0807
2025-05-16 18:00:00+00:00,10.24,10.32,10.2,10.31,2923.0377
2025-05-16 20:00:00+00:00,10.29,10.35,10.2,10.32,3207.9276
2025-05-16 22:00:00+00:00,10.32,10.33,10.09,10.18,2309.2394
2025-05-17 00:00:00+00:00,10.2,10.2,9.93,10.0,4086.3867
2025-05-17 02:00:00+00:00,9.99,10.13,9.91,10.1,3237.3163
2025-05-17 04:00:00+00:00,10.1,10.16,10.05,10.06,1838.6389
2025-05-17 06:00:00+00:00,10.05,10.17,10.04,10.12,3961.4433
2025-05-17 08:00:00+00:00,10.13,10.18,10.04,10.06,4042.5258
2025-05-17 10:00:00+00:00,10.06,10.17,10.04,10.15,2472.6264
2025-05-17 12:00:00+00:00,10.15,10.18,9.95,9.99,3374.5989
2025-05-17 14:00:00+00:00,10.01,10.15,10.01,10.07,2513.4439
2025-05-17 16:00:00+00:00,10.07,10.1,9.92,10.02,4751.1913
2025-05-17 18:00:00+00:00,10.0,10.09,9.92,9.98,2740.8744
2025-05-17 20:00:00+00:00,9.96,10.13,9.96,10.1,2786.792
2025-05-17 22:00:00+00:00,10.1,10.1,9.93,10.06,1383.9817
2025-05-18 00:00:00+00:00,10.08,10.11,9.99,10.08,1651.0277
2025-05-18 02:00:00+00:00,10.08,10.1,10.0,10.05,1510.8055
2025-05-18 04:00:00+00:00,10.05,10.19,10.03,10.19,1630.7295
2025-05-18 06:00:00+00:00,10.18,10.19,10.12,10.14,2242.8097
2025-05-18 08:00:00+00:00,10.16,10.3,10.14,10.19,3437.7816
2025-05-18 10:00:00+00:00,10.2,10.27,10.13,10.14,3068.2928
2025-05-18 12:00:00+00:00,10.13,10.27,10.08,10.27,2334.1656
2025-05-18 14:00:00+00:00,10.27,10.48,10.24,10.46,3850.8619
2025-05-18 16:00:00+00:00,10.44,10.49,10.16,10.16,4001.4548
2025-05-18 18:00:00+00:00,10.18,10.2,9.91,9.92,3607.4543
2025-05-18 20:00:00+00:00,9.91,10.08,9.81,10.01,4684.2322
2025-05-18 22:00:00+00:00,10.01,10.34,9.92,10.31,3185.6709
2025-05-19 00:00:00+00:00,10.32,10.34,9.97,10.01,3937.4305
2025-05-19 02:00:00+00:00,9.99,10.04,9.86,9.91,4639.1328
2025-05-19 04:00:00+00:00,9.89,10.0,9.73,9.85,4496.5049
2025-05-19 06:00:00+00:00,9.84,9.89,9.63,9.87,3591.5176
2025-05-19 08:00:00+00:00,9.85,9.92,9.75,9.89,4998.0594
2025-05-19 10:00:00+00:00,9.89,9.93,9.76,9.9,3890.7994
2025-05-19 12:00:00+00:00,9.88,9.97,9.73,9.9,4920.3065
2025-05-19 14:00:00+00:00,9.9,10.0,9.88,9.99,5102.821
2025-05-19 16:00:00+00:00,9.97,10.22,9.9,10.07,4192.1487
2025-05-19 18:00:00+00:00,10.07,10.12,9.95,10.07,3319.2768
2025-05-19 20:00:00+00:00,10.06,10.1,9.96,10.04,2479.9847
2025-05-19 22:00:00+00:00,10.04,10.11,9.94,10.1,1746.6203
2025-05-20 00:00:00+00:00,10.1,10.21,9.95,10.14,3478.2921
2025-05-20 02:00:00+00:00,10.14,10.27,10.07,10.1,2468.658
2025-05-20 04:00:00+00:00,10.11,10.2,10.05,10.1,1793.1746
2025-05-20 06:00:00+00:00,10.1,10.14,9.94,9.94,2866.7634
2025-05-20 08:00:00+00:00,9.95,10.02,9.9,9.95,2366.9573
2025-05-20 10:00:00+00:00,9.95,10.03,9.84,9.98,4293.6766
2025-05-20 12:00:00+00:00,9.98,9.99,9.81,9.86,3134.4992
2025-05-20 14:00:00+00:00,9.87,9.94,9.81,9.9,3399.5392
2025-05-20 16:00:00+00:00,9.9,9.92,9.73,9.85,5184.7442
2025-05-20 18:00:00+00:00,9.84,9.92,9.63,9.9,4209.8399
2025-05-20 20:00:00+00:00,9.9,10.07,9.8,10.06,3881.5058
2025-05-20 22:00:00+00:00,10.04,10.08,9.92,10.04,2140.627
2025-05-21 00:00:00+00:00,10.04,10.09,9.99,10.0,2773.3978
2025-05-21 02:00:00+00:00,9.99,10.19,9.92,10.13,2655.679
2025-05-21 04:00:00+00:00,10.13,10.34,10.08,10.32,3245.3473
2025-05-21 06:00:00+00:00,10.31,10.36,10.09,10.09,2890.813
2025-05-21 08:00:00+00:00,10.09,10.16,9.91,9.93,2907.4082
2025-05-21 10:00:00+00:00,9.94,10.12,9.89,10.04,2628.754
2025-05-21 12:00:00+00:00,10.04,10.16,10.03,10.08,3609.5574
2025-05-21 14:00:00+00:00,10.06,10.2,10.0,10.19,4658.9011
2025-05-21 16:00:00+00:00,10.17,10.38,9.83,9.9,8637.9069
2025-05-21 18:00:00+00:00,9.9,10.06,9.85,10.04,4982.4112
2025-05-21 20:00:00+00:00,10.03,10.05,9.9,9.96,3834.927
2025-05-21 22:00:00+00:00,9.96,10.25,9.93,10.1,3474.788
2025-05-22 00:00:00+00:00,10.12,10.34,10.09,10.19,5086.3579
2025-05-22 02:00:00+00:00,10.21,10.39,10.17,10.35,2026.8747
2025-05-22 04:00:00+00:00,10.34,10.39,10.27,10.27,2292.362
2025-05-22 06:00:00+00:00,10.27,10.41,10.25,10.41,2118.6678
2025-05-22 08:00:00+00:00,10.42,10.62,10.35,10.56,4158.0893
2025-05-22 10:00:00+00:00,10.56,10.6,10.42,10.45,2828.998
2025-05-22 12:00:00+00:00,10.46,10.56,10.41,10.44,3173.4181
2025-05-22 14:00:00+00:00,10.44,10.66,10.44,10.6,3470.6593
2025-05-22 16:00:00+00:00,10.59,10.65,10.53,10.62,3282.1495
2025-05-22 18:00:00+00:00,10.6,10.66,10.55,10.56,3247.2052
2025-05-22 20:00:00+00:00,10.56,10.62,10.45,10.48,1987.3909
2025-05-22 22:00:00+00:00,10.48,10.66,10.48,10.63,1350.7085
2025-05-23 00:00:00+00:00,10.63,10.76,10.57,10.71,1928.4894
2025-05-23 02:00:00+00:00,10.7,10.87,10.68,10.85,2024.2584
2025-05-23 04:00:00+00:00,10.87,10.88,10.64,10.72,2799.625
2025-05-23 06:00:00+00:00,10.7,10.73,10.48,10.5,2121.6156
2025-05-23 08:00:00+00:00,10.52,10.74,10.48,10.72,2068.7665
2025-05-23 10:00:00+00:00,10.72,10.74,10.09,10.13,5041.1286
2025-05-23 12:00:00+00:00,10.13,10.39,9.93,10.38,7099.409
2025-05-23 14:00:00+00:00,10.37,10.43,10.22,10.22,2634.1295
2025-05-23 16:00:00+00:00,10.22,10.36,10.16,10.3,1763.6367
2025-05-23 18:00:00+00:00,10.3,10.33,10.19,10.24,2380.0431
2025-05-23 20:00:00+00:00,10.24,10.25,10.12,10.15,3466.4233
2025-05-23 22:00:00+00:00,10.14,10.24,9.91,9.95,3579.4169
2025-05-24 00:00:00+00:00,9.97,10.07,9.9,9.99,4175.4855
2025-05-24 02:00:00+00:00,9.98,10.09,9.96,10.05,1661.2647
2025-05-24 04:00:00+00:00,10.05,10.12,10.0,10.06,1258.5983
2025-05-24 06:00:00+00:00,10.05,10.1,10.0,10.04,1427.8815
2025-05-24 08:00:00+00:00,10.03,10.07,9.96,10.01,3255.671
2025-05-24 10:00:00+00:00,10.01,10.13,9.97,10.08,3141.9158
2025-05-24 12:00:00+00:00,10.08,10.12,9.97,9.97,2727.5806
2025-05-24 14:00:00+00:00,9.99,10.09,9.96,10.02,2068.5106
2025-05-24 16:00:00+00:00,10.02,10.06,9.95,10.02,2666.7346
2025-05-24 18:00:00+00:00,10.01,10.05,9.92,9.95,3071.3415
2025-05-24 20:00:00+00:00,9.95,9.99,9.86,9.89,1741.7782
2025-05-24 22:00:00+00:00,9.91,9.91,9.75,9.8,3481.5424
2025-05-25 00:00:00+00:00,9.8,9.86,9.57,9.59,6013.2649
2025-05-25 02:00:00+00:00,9.59,9.66,9.55,9.64,3752.0615
2025-05-25 04:00:00+00:00,9.63,9.7,9.55,9.61,5190.23
2025-05-25 06:00:00+00:00,9.6,9.62,9.49,9.59,2709.5757
2025-05-25 08:00:00+00:00,9.59,9.61,9.49,9.61,4820.9548
2025-05-25 10:00:00+00:00,9.6,9.68,9.56,9.65,3536.6045
2025-05-25 12:00:00+00:00,9.64,9.74,9.58,9.7,2307.0937
2025-05-25 14:00:00+00:00,9.69,9.69,9.46,9.6,2293.3008
2025-05-25 16:00:00+00:00,9.6,9.6,9.5,9.52,2323.9195
2025-05-25 18:00:00+00:00,9.52,9.56,9.49,9.54,3289.5387
2025-05-25 20:00:00+00:00,9.51,9.54,9.45,9.45,2538.0824
2025-05-25 22:00:00+00:00,9.45,9.67,9.43,9.65,5523.4847
2025-05-26 00:00:00+00:00,9.63,9.75,9.62,9.7,4252.4236
2025-05-26 02:00:00+00:00,9.68,9.72,9.6,9.68,3409.4733
2025-05-26 04:00:00+00:00,9.67,9.75,9.65,9.73,2322.6653
2025-05-26 06:00:00+00:00,9.73,9.87,9.69,9.82,3634.6938
2025-05-26 08:00:00+00:00,9.81,9.82,9.65,9.67,2171.7156
2025-05-26 10:00:00+00:00,9.68,9.75,9.64,9.72,2890.1929
2025-05-26 12:00:00+00:00,9.72,9.8,9.66,9.66,2562.1902
2025-05-26 14:00:00+00:00,9.66,9.78,9.6,9.77,2276.1755
2025-05-26 16:00:00+00:00,9.78,9.82,9.6,9.6,3109.7953
2025-05-26 18:00:00+00:00,9.6,9.66,9.55,9.61,1860.7288
2025-05-26 20:00:00+00:00,9.6,9.69,9.56,9.64,1169.5022
2025-05-26 22:00:00+00:00,9.63,9.72,9.56,9.65,1805.6166
2025-05-27 00:00:00+00:00,9.65,9.69,9.38,9.46,2705.8192
2025-05-27 02:00:00+00:00,9.47,9.67,9.46,9.57,2077.7999
2025-05-27 04:00:00+00:00,9.58,9.65,9.52,9.64,1392.5637
2025-05-27 06:00:00+00:00,9.63,9.81,9.63,9.79,4640.8293
2025-05-27 08:00:00+00:00,9.79,9.98,9.79,9.94,5475.606
2025-05-27 10:00:00+00:00,9.95,9.98,9.89,9.96,5248.6598
2025-05-27 12:00:00+00:00,9.95,10.12,9.92,10.06,5946.5807
2025-05-27 14:00:00+00:00,10.07,10.24,9.97,10.0,11425.5541
2025-05-27 16:00:00+00:00,10.0,10.59,9.99,10.44,24576.5667
2025-05-27 18:00:00+00:00,10.44,10.52,10.28,10.38,10932.9706
2025-05-27 20:00:00+00:00,10.37,10.46,10.29,10.3,6543.8334
2025-05-27 22:00:00+00:00,10.32,10.33,10.15,10.19,3724.6887
2025-05-28 00:00:00+00:00,10.21,10.3,10.16,10.19,5773.9081
2025-05-28 02:00:00+00:00,10.2,10.2,9.93,10.08,11114.9337
2025-05-28 04:00:00+00:00,10.08,10.1,9.98,10.03,2460.9506
2025-05-28 06:00:00+00:00,10.02,10.06,9.9,10.01,5840.1875
2025-05-28 08:00:00+00:00,10.01,10.07,9.97,10.01,4404.3091
2025-05-28 10:00:00+00:00,10.01,10.24,9.95,10.24,3423.7455
2025-05-28 12:00:00+00:00,10.23,10.37,10.19,10.31,5691.2471
2025-05-28 14:00:00+00:00,10.31,10.32,9.96,9.97,7787.2709
2025-05-28 16:00:00+00:00,9.97,10.14,9.93,10.08,4040.4177
2025-05-28 18:00:00+00:00,10.08,10.11,9.84,9.88,3666.2187
2025-05-28 20:00:00+00:00,9.87,10.09,9.82,10.06,3672.8293
2025-05-28 22:00:00+00:00,10.04,10.23,9.99,10.21,2974.7359
2025-05-29 00:00:00+00:00,10.2,10.44,10.16,10.36,5354.5375
2025-05-29 02:00:00+00:00,10.37,10.49,10.31,10.34,4324.0161
2025-05-29 04:00:00+00:00,10.34,10.38,10.1,10.16,3658.2779
2025-05-29 06:00:00+00:00,10.15,10.29,10.14,10.22,2562.8262
2025-05-29 08:00:00+00:00,10.23,10.28,10.15,10.26,2611.7851
2025-05-29 10:00:00+00:00,10.26,10.29,10.17,10.21,2856.727
2025-05-29 12:00:00+00:00,10.21,10.22,10.0,10.04,3898.4489
2025-05-29 14:00:00+00:00,10.05,10.11,9.91,10.04,4286.2455
2025-05-29 16:00:00+00:00,10.02,10.06,9.89,10.01,3086.8273
2025-05-29 18:00:00+00:00,10.01,10.08,9.91,9.95,2407.283
2025-05-29 20:00:00+00:00,9.96,10.09,9.9,10.09,1585.6079
2025-05-29 22:00:00+00:00,10.09,10.12,9.9,9.92,2823.0112
2025-05-30 00:00:00+00:00,9.92,10.01,9.68,9.76,6512.0775
2025-05-30 02:00:00+00:00,9.77,10.03,9.75,9.94,6348.999
2025-05-30 04:00:00+00:00,9.94,9.94,9.78,9.87,8327.1618
2025-05-30 06:00:00+00:00,9.86,9.87,9.62,9.65,5117.0991
2025-05-30 08:00:00+00:00,9.66,9.68,9.45,9.6,9251.9525
2025-05-30 10:00:00+00:00,9.59,9.76,9.47,9.76,6286.251
2025-05-30 12:00:00+00:00,9.74,10.0,9.57,9.7,19284.1424
2025-05-30 14:00:00+00:00,9.72,12.0,9.72,11.1,275528.294
2025-05-30 16:00:00+00:00,11.1,11.11,9.95,10.27,95217.8947
2025-05-30 18:00:00+00:00,10.29,10.55,10.04,10.5,29761.365
2025-05-30 20:00:00+00:00,10.5,10.55,10.18,10.18,15164.2627
2025-05-30 22:00:00+00:00,10.2,10.23,9.8,10.02,18031.2334
2025-05-31 00:00:00+00:00,10.01,10.18,9.85,10.0,20450.742
2025-05-31 02:00:00+00:00,10.01,10.51,9.99,10.05,24896.9483
2025-05-31 04:00:00+00:00,10.06,10.34,10.01,10.19,10510.959
2025-05-31 06:00:00+00:00,10.19,10.66,10.14,10.38,31451.3408
2025-05-31 08:00:00+00:00,10.38,11.0,10.28,10.4,78450.0269
2025-05-31 10:00:00+00:00,10.39,10.44,9.92,10.18,34043.0658
2025-05-31 12:00:00+00:00,10.18,10.26,9.8,9.89,32618.7146
2025-05-31 14:00:00+00:00,9.89,10.02,9.55,9.67,19008.3364
2025-05-31 16:00:00+00:00,9.68,9.86,9.67,9.69,8181.1434
2025-05-31 18:00:00+00:00,9.68,9.89,9.58,9.63,7503.572
2025-05-31 20:00:00+00:00,9.63,9.72,9.56,9.67,4150.73
2025-05-31 22:00:00+00:00,9.67,9.68,9.55,9.58,6745.9471
2025-06-01 00:00:00+00:00,9.57,9.64,9.48,9.5,5845.0432
2025-06-01 02:00:00+00:00,9.5,9.58,9.41,9.5,4631.9796
2025-06-01 04:00:00+00:00,9.5,9.6,9.47,9.58,3536.5828
2025-06-01 06:00:00+00:00,9.57,9.58,9.49,9.53,4501.6179
2025-06-01 08:00:00+00:00,9.52,9.54,9.34,9.39,7880.9188
2025-06-01 10:00:00+00:00,9.38,9.45,9.36,9.44,4576.5547
2025-06-01 12:00:00+00:00,9.44,9.45,9.34,9.4,4992.6562
2025-06-01 14:00:00+00:00,9.4,9.48,9.34,9.4,6908.4194
2025-06-01 16:00:00+00:00,9.4,9.59,9.37,9.54,7599.9714
2025-06-01 18:00:00+00:00,9.53,9.56,9.37,9.5,5586.0801
2025-06-01 20:00:00+00:00,9.5,9.57,9.44,9.52,4160.0065
2025-06-01 22:00:00+00:00,9.53,9.63,9.51,9.56,5679.0183
2025-06-02 00:00:00+00:00,9.56,9.57,9.46,9.49,4298.8233
2025-06-02 02:00:00+00:00,9.47,9.48,9.3,9.35,5286.7182
2025-06-02 04:00:00+00:00,9.33,9.39,9.28,9.32,4127.8888
2025-06-02 06:00:00+00:00,9.32,9.42,9.27,9.4,3676.1639
2025-06-02 08:00:00+00:00,9.38,9.48,9.27,9.32,5464.2717
2025-06-02 10:00:00+00:00,9.33,9.41,9.29,9.37,3765.2897
2025-06-02 12:00:00+00:00,9.37,9.47,9.3,9.4,6014.2996
2025-06-02 14:00:00+00:00,9.39,9.53,9.36,9.49,4087.9596
2025-06-02 16:00:00+00:00,9.47,9.5,9.4,9.48,3960.1655
2025-06-02 18:00:00+00:00,9.48,9.55,9.35,9.42,3722.3869
2025-06-02 20:00:00+00:00,9.41,9.53,9.4,9.5,4290.0508
2025-06-02 22:00:00+00:00,9.51,9.66,9.51,9.64,4388.984
2025-06-03 00:00:00+00:00,9.64,9.92,9.6,9.88,10076.2067
2025-06-03 02:00:00+00:00,9.91,9.91,9.65,9.71,8168.4444
2025-06-03 04:00:00+00:00,9.7,9.83,9.64,9.81,2157.4894
2025-06-03 06:00:00+00:00,9.82,9.82,9.72,9.73,3255.6955
2025-06-03 08:00:00+00:00,9.76,9.85,9.67,9.82,4506.2746
2025-06-03 10:00:00+00:00,9.83,9.84,9.77,9.8,3327.186
2025-06-03 12:00:00+00:00,9.79,9.95,9.75,9.93,6232.1494
2025-06-03 14:00:00+00:00,9.93,10.01,9.85,9.87,7491.952
2025-06-03 16:00:00+00:00,9.88,9.99,9.87,9.92,4914.2251
2025-06-03 18:00:00+00:00,9.92,10.03,9.89,9.98,5854.9782
2025-06-03 20:00:00+00:00,9.99,10.0,9.78,9.85,5035.0012
2025-06-03 22:00:00+00:00,9.85,9.92,9.82,9.88,3409.3783
2025-06-04 00:00:00+00:00,9.87,10.01,9.8,9.97,7266.2167
2025-06-04 02:00:00+00:00,9.97,10.05,9.93,10.0,4333.7106
2025-06-04 04:00:00+00:00,10.0,10.04,9.93,9.97,4792.0706
2025-06-04 06:00:00+00:00,9.96,10.29,9.94,10.14,7385.9031
2025-06-04 08:00:00+00:00,10.14,10.25,10.07,10.13,7085.4421
2025-06-04 10:00:00+00:00,10.13,10.16,10.01,10.05,4732.7925
2025-06-04 12:00:00+00:00,10.05,10.12,9.86,9.86,10818.6542
2025-06-04 14:00:00+00:00,9.86,10.25,9.76,10.07,22382.5807
2025-06-04 16:00:00+00:00,10.07,10.1,9.82,9.94,10288.5254
2025-06-04 18:00:00+00:00,9.95,9.99,9.83,9.87,4679.8386
2025-06-04 20:00:00+00:00,9.86,10.0,9.77,9.96,5859.0734
2025-06-04 22:00:00+00:00,9.96,10.03,9.83,9.86,4703.6483
2025-06-05 00:00:00+00:00,9.87,9.91,9.78,9.79,4029.9232
2025-06-05 02:00:00+00:00,9.8,9.85,9.72,9.75,3551.5293
2025-06-05 04:00:00+00:00,9.74,9.79,9.59,9.61,4473.2954
2025-06-05 06:00:00+00:00,9.63,9.73,9.56,9.65,4357.4688
2025-06-05 08:00:00+00:00,9.65,9.75,9.6,9.74,5119.4362
2025-06-05 10:00:00+00:00,9.74,9.87,9.7,9.83,4334.5837
2025-06-05 12:00:00+00:00,9.81,9.92,9.64,9.65,10544.5468
2025-06-05 14:00:00+00:00,9.65,9.68,9.48,9.55,7882.4211
2025-06-05 16:00:00+00:00,9.54,9.57,9.41,9.49,4461.4729
2025-06-05 18:00:00+00:00,9.48,9.51,9.23,9.28,5720.8882
2025-06-05 20:00:00+00:00,9.28,9.3,8.83,8.95,15773.8019
2025-06-05 22:00:00+00:00,8.95,9.01,8.84,8.92,4368.2078
2025-06-06 00:00:00+00:00,8.9,8.94,8.79,8.91,5928.7522
2025-06-06 02:00:00+00:00,8.9,9.1,8.88,9.07,4711.7271
2025-06-06 04:00:00+00:00,9.08,9.08,8.88,8.97,9177.1099
2025-06-06 06:00:00+00:00,8.98,9.02,8.91,8.92,4570.7603
2025-06-06 08:00:00+00:00,8.92,9.1,8.91,9.08,2990.3418
2025-06-06 10:00:00+00:00,9.08,9.22,9.05,9.15,4821.1498
2025-06-06 12:00:00+00:00,9.15,9.35,9.15,9.32,5482.6877
2025-06-06 14:00:00+00:00,9.33,9.34,9.22,9.24,6527.1392
2025-06-06 16:00:00+00:00,9.25,9.26,9.01,9.03,4348.0348
2025-06-06 18:00:00+00:00,9.04,9.06,8.92,8.95,5246.9726
2025-06-06 20:00:00+00:00,8.97,9.1,8.97,9.02,2448.5625
2025-06-06 22:00:00+00:00,9.04,9.04,8.92,8.95,2289.9019
2025-06-07 00:00:00+00:00,8.95,9.07,8.89,9.04,3885.0467
2025-06-07 02:00:00+00:00,9.03,9.12,9.0,9.11,2339.6032
2025-06-07 04:00:00+00:00,9.11,9.15,9.06,9.13,2382.1146
2025-06-07 06:00:00+00:00,9.11,9.17,9.06,9.1,1959.6078
2025-06-07 08:00:00+00:00,9.12,9.15,9.05,9.13,3120.2729
2025-06-07 10:00:00+00:00,9.14,9.22,9.12,9.18,2439.6695
2025-06-07 12:00:00+00:00,9.19,9.33,9.19,9.27,4995.7396
2025-06-07 14:00:00+00:00,9.27,9.31,9.13,9.16,3518.8438
2025-06-07 16:00:00+00:00,9.17,9.18,9.1,9.11,1640.9949
2025-06-07 18:00:00+00:00,9.11,9.22,9.1,9.12,2996.6241
2025-06-07 20:00:00+00:00,9.12,9.26,9.11,9.24,3917.9397
2025-06-07 22:00:00+00:00,9.24,9.31,9.21,9.21,1607.5822
2025-06-08 00:00:00+00:00,9.21,9.23,9.12,9.19,1625.4229
2025-06-08 02:00:00+00:00,9.18,9.19,9.14,9.17,1015.7662
2025-06-08 04:00:00+00:00,9.15,9.2,9.12,9.16,1395.9966
2025-06-08 06:00:00+00:00,9.14,9.16,9.08,9.1,1811.1675
2025-06-08 08:00:00+00:00,9.1,9.18,9.05,9.1,2545.7151
2025-06-08 10:00:00+00:00,9.08,9.2,9.05,9.2,1790.2301
2025-06-08 12:00:00+00:00,9.19,9.22,9.11,9.18,2086.5892
2025-06-08 14:00:00+00:00,9.16,9.29,9.15,9.23,4550.0023
2025-06-08 16:00:00+00:00,9.23,9.32,9.17,9.19,5283.1126
2025-06-08 18:00:00+00:00,9.19,9.22,9.17,9.21,1755.3758
2025-06-08 20:00:00+00:00,9.2,9.24,9.16,9.24,1551.5502
2025-06-08 22:00:00+00:00,9.22,9.23,9.04,9.1,4146.5389
2025-06-09 00:00:00+00:00,9.08,9.11,9.01,9.01,1807.3801
2025-06-09 02:00:00+00:00,9.02,9.08,8.95,8.99,1874.06
2025-06-09 04:00:00+00:00,8.97,9.05,8.92,8.92,3863.3985
2025-06-09 06:00:00+00:00,8.94,9.02,8.89,8.99,1276.1263
2025-06-09 08:00:00+00:00,9.0,9.15,8.95,9.1,1774.1875
2025-06-09 10:00:00+00:00,9.08,9.28,9.06,9.24,4649.1381
2025-06-09 12:00:00+00:00,9.24,9.27,8.83,8.83,21745.3692
2025-06-09 14:00:00+00:00,8.86,8.97,8.82,8.88,4320.3924
2025-06-09 16:00:00+00:00,8.88,9.07,8.88,9.04,5078.5196
2025-06-09 18:00:00+00:00,9.04,9.09,8.97,9.03,5038.0296
2025-06-09 20:00:00+00:00,9.04,9.24,9.01,9.22,3894.5069
2025-06-09 22:00:00+00:00,9.21,9.31,9.19,9.24,5389.5643
2025-06-10 00:00:00+00:00,9.23,9.39,9.22,9.33,4055.4438
2025-06-10 02:00:00+00:00,9.33,9.34,9.24,9.3,2438.8922
2025-06-10 04:00:00+00:00,9.31,9.32,9.18,9.21,2499.3908
2025-06-10 06:00:00+00:00,9.21,9.22,9.09,9.21,5144.0981
2025-06-10 08:00:00+00:00,9.21,9.29,9.16,9.29,2211.4784
2025-06-10 10:00:00+00:00,9.29,9.58,9.22,9.56,8116.9516
2025-06-10 12:00:00+00:00,9.56,9.6,9.4,9.53,8493.738
2025-06-10 14:00:00+00:00,9.51,9.56,9.39,9.53,4011.5129
2025-06-10 16:00:00+00:00,9.55,9.6,9.44,9.46,4111.8329
2025-06-10 18:00:00+00:00,9.45,9.69,9.45,9.67,3302.4632
2025-06-10 20:00:00+00:00,9.68,9.68,9.52,9.57,5371.8648
2025-06-10 22:00:00+00:00,9.58,9.68,9.52,9.59,4383.3624
2025-06-11 00:00:00+00:00,9.6,9.63,9.33,9.33,5350.9507
2025-06-11 02:00:00+00:00,9.34,9.37,9.2,9.33,3084.5255
2025-06-11 04:00:00+00:00,9.33,9.36,9.26,9.32,2364.8611
2025-06-11 06:00:00+00:00,9.31,9.4,9.29,9.31,3308.7667
2025-06-11 08:00:00+00:00,9.3,9.33,9.14,9.15,1830.5038
2025-06-11 10:00:00+00:00,9.15,9.23,9.06,9.1,5611.0354
2025-06-11 12:00:00+00:00,9.11,9.31,9.08,9.22,6685.2512
2025-06-11 14:00:00+00:00,9.22,9.36,9.2,9.34,6591.7741
2025-06-11 16:00:00+00:00,9.34,9.34,9.17,9.17,3504.1951
2025-06-11 18:00:00+00:00,9.19,9.21,9.07,9.12,4145.3068
2025-06-11 20:00:00+00:00,9.13,9.17,8.98,8.98,3677.0851
2025-06-11 22:00:00+00:00,8.99,9.05,8.96,9.04,3725.9899
2025-06-12 00:00:00+00:00,9.04,9.05,8.91,8.98,7829.784
2025-06-12 02:00:00+00:00,8.97,9.0,8.82,8.86,3099.8464
2025-06-12 04:00:00+00:00,8.85,8.96,8.81,8.95,4176.0251
2025-06-12 06:00:00+00:00,8.93,8.95,8.83,8.85,3346.0485
2025-06-12 08:00:00+00:00,8.85,8.9,8.81,8.88,2386.4562
2025-06-12 10:00:00+00:00,8.87,8.88,8.71,8.73,5768.5073
2025-06-12 12:00:00+00:00,8.73,8.81,8.66,8.8,8934.3918
2025-06-12 14:00:00+00:00,8.79,8.88,8.64,8.67,3122.0191
2025-06-12 16:00:00+00:00,8.66,8.84,8.64,8.8,3088.739
2025-06-12 18:00:00+00:00,8.8,8.81,8.56,8.59,5455.3732
2025-06-12 20:00:00+00:00,8.59,8.62,8.41,8.49,5602.4906
2025-06-12 22:00:00+00:00,8.49,8.57,8.47,8.5,2934.8341
2025-06-13 00:00:00+00:00,8.49,8.5,8.05,8.13,10734.5606
2025-06-13 02:00:00+00:00,8.13,8.24,7.99,8.23,5122.6857
2025-06-13 04:00:00+00:00,8.21,8.27,8.12,8.21,2405.1621
2025-06-13 06:00:00+00:00,8.2,8.33,8.14,8.29,3181.4274
2025-06-13 08:00:00+00:00,8.29,8.37,8.16,8.2,3532.3801
2025-06-13 10:00:00+00:00,8.21,8.24,8.13,8.21,3500.1351
2025-06-13 12:00:00+00:00,8.21,8.29,8.02,8.11,9794.9851
2025-06-13 14:00:00+00:00,8.11,8.22,8.0,8.18,3057.9117
2025-06-13 16:00:00+00:00,8.17,8.27,8.09,8.17,3447.7573
2025-06-13 18:00:00+00:00,8.17,8.18,7.89,7.98,11858.734
2025-06-13 20:00:00+00:00,7.98,8.18,7.97,8.15,9818.5311
2025-06-13 22:00:00+00:00,8.15,8.26,8.15,8.24,2144.9346
2025-06-14 00:00:00+00:00,8.24,8.24,8.07,8.1,8679.732
2025-06-14 02:00:00+00:00,8.09,8.14,8.05,8.07,3706.0361
2025-06-14 04:00:00+00:00,8.07,8.1,8.04,8.1,2317.9004
2025-06-14 06:00:00+00:00,8.09,8.12,8.02,8.06,2276.8136
2025-06-14 08:00:00+00:00,8.06,8.1,8.01,8.04,3360.0053
2025-06-14 10:00:00+00:00,8.06,8.18,8.05,8.14,3739.2416
2025-06-14 12:00:00+00:00,8.14,8.14,8.0,8.04,3406.7753
2025-06-14 14:00:00+00:00,8.04,8.06,7.86,7.89,18175.5901
2025-06-14 16:00:00+00:00,7.89,7.94,7.8,7.91,4962.4614
2025-06-14 18:00:00+00:00,7.9,7.9,7.77,7.84,5611.605
2025-06-14 20:00:00+00:00,7.84,7.98,7.79,7.98,3413.6462
2025-06-14 22:00:00+00:00,7.97,7.99,7.91,7.95,2068.0037
2025-06-15 00:00:00+00:00,7.95,7.99,7.92,7.93,1186.4072
2025-06-15 02:00:00+00:00,7.94,8.07,7.93,7.98,3572.3022
2025-06-15 04:00:00+00:00,7.99,8.19,7.97,8.13,2223.9922
2025-06-15 06:00:00+00:00,8.14,8.15,8.04,8.07,1791.8926
2025-06-15 08:00:00+00:00,8.07,8.18,8.07,8.1,5702.2236
2025-06-15 10:00:00+00:00,8.1,8.14,8.07,8.12,2326.4829
2025-06-15 12:00:00+00:00,8.12,8.14,8.06,8.13,2245.0908
2025-06-15 14:00:00+00:00,8.13,8.15,8.06,8.09,2871.2401
2025-06-15 16:00:00+00:00,8.09,8.12,8.05,8.09,2195.9419
2025-06-15 18:00:00+00:00,8.08,8.1,8.01,8.03,2192.475
2025-06-15 20:00:00+00:00,8.03,8.04,7.91,7.99,2710.5723
2025-06-15 22:00:00+00:00,7.99,8.15,7.98,8.15,1893.4834
2025-06-16 00:00:00+00:00,8.16,8.17,8.05,8.17,2754.5923
2025-06-16 02:00:00+00:00,8.18,8.23,8.11,8.11,2129.2002
2025-06-16 04:00:00+00:00,8.12,8.26,8.09,8.21,3068.5836
2025-06-16 06:00:00+00:00,8.2,8.3,8.18,8.26,2346.4289
2025-06-16 08:00:00+00:00,8.29,8.47,8.25,8.42,12230.4613
2025-06-16 10:00:00+00:00,8.42,8.47,8.27,8.3,8435.2103
2025-06-16 12:00:00+00:00,8.3,8.32,8.13,8.22,8282.3448
2025-06-16 14:00:00+00:00,8.22,8.32,8.17,8.18,5038.5671
2025-06-16 16:00:00+00:00,8.19,8.27,8.13,8.16,5928.8068
2025-06-16 18:00:00+00:00,8.17,8.26,8.14,8.18,3518.8581
2025-06-16 20:00:00+00:00,8.17,8.23,8.11,8.12,2420.6023
2025-06-16 22:00:00+00:00,8.12,8.17,7.8,7.81,9457.0227
2025-06-17 00:00:00+00:00,7.82,7.97,7.75,7.92,8964.0421
2025-06-17 02:00:00+00:00,7.92,8.02,7.87,7.98,2766.7428
2025-06-17 04:00:00+00:00,7.98,8.01,7.88,7.94,2950.8109
2025-06-17 06:00:00+00:00,7.93,7.95,7.81,7.86,3392.7548
2025-06-17 08:00:00+00:00,7.85,7.87,7.76,7.82,2730.9968
2025-06-17 10:00:00+00:00,7.83,7.88,7.77,7.85,4606.4484
2025-06-17 12:00:00+00:00,7.85,7.89,7.8,7.85,3608.0375
2025-06-17 14:00:00+00:00,7.85,7.94,7.64,7.67,7675.5911
2025-06-17 16:00:00+00:00,7.67,7.75,7.56,7.68,5679.0137
2025-06-17 18:00:00+00:00,7.68,7.8,7.63,7.76,4098.5323
2025-06-17 20:00:00+00:00,7.76,7.77,7.62,7.66,1971.9275
2025-06-17 22:00:00+00:00,7.66,7.69,7.58,7.66,1259.5448
2025-06-18 00:00:00+00:00,7.66,7.76,7.63,7.65,1804.2495
2025-06-18 02:00:00+00:00,7.65,7.7,7.63,7.67,1038.584
2025-06-18 04:00:00+00:00,7.65,7.72,7.65,7.68,1170.5692
2025-06-18 06:00:00+00:00,7.68,7.7,7.63,7.66,1070.4269
2025-06-18 08:00:00+00:00,7.65,7.7,7.61,7.64,2311.8884
2025-06-18 10:00:00+00:00,7.64,7.65,7.49,7.65,4111.6345
2025-06-18 12:00:00+00:00,7.63,7.65,7.45,7.57,4572.4767
2025-06-18 14:00:00+00:00,7.55,7.72,7.54,7.69,3128.9492
2025-06-18 16:00:00+00:00,7.69,7.74,7.61,7.71,2041.4593
2025-06-18 18:00:00+00:00,7.73,7.74,7.62,7.66,2944.1531
2025-06-18 20:00:00+00:00,7.65,7.8,7.62,7.8,1954.1059
2025-06-18 22:00:00+00:00,7.8,7.8,7.7,7.71,1115.4695
2025-06-19 00:00:00+00:00,7.72,7.8,7.67,7.73,1758.9228
2025-06-19 02:00:00+00:00,7.71,7.76,7.65,7.71,2566.5845
2025-06-19 04:00:00+00:00,7.71,7.73,7.57,7.58,4896.8886
2025-06-19 06:00:00+00:00,7.59,7.64,7.57,7.63,1716.4806
2025-06-19 08:00:00+00:00,7.63,7.73,7.62,7.7,1359.2389
2025-06-19 10:00:00+00:00,7.71,7.73,7.61,7.62,2319.0138
2025-06-19 12:00:00+00:00,7.62,7.7,7.53,7.56,2749.9365
2025-06-19 14:00:00+00:00,7.56,7.62,7.52,7.57,1858.4363
2025-06-19 16:00:00+00:00,7.56,7.62,7.5,7.6,1905.7851
2025-06-19 18:00:00+00:00,7.58,7.64,7.52,7.57,1823.5731
2025-06-19 20:00:00+00:00,7.56,7.61,7.52,7.58,1611.9726
2025-06-19 22:00:00+00:00,7.58,7.67,7.57,7.65,1477.2017
2025-06-20 00:00:00+00:00,7.66,7.71,7.63,7.67,2101.12
2025-06-20 02:00:00+00:00,7.68,7.71,7.58,7.6,2896.0161
2025-06-20 04:00:00+00:00,7.59,7.61,7.5,7.61,1594.9816
2025-06-20 06:00:00+00:00,7.61,7.69,7.55,7.6,5751.9352
2025-06-20 08:00:00+00:00,7.61,7.7,7.58,7.65,3711.886
2025-06-20 10:00:00+00:00,7.64,7.76,7.63,7.74,3858.123
2025-06-20 12:00:00+00:00,7.74,7.77,7.65,7.65,2607.6237
2025-06-20 14:00:00+00:00,7.66,7.69,7.39,7.42,5659.0071
2025-06-20 16:00:00+00:00,7.4,7.44,7.16,7.33,8268.1236
2025-06-20 18:00:00+00:00,7.32,7.35,7.26,7.31,2905.5111
2025-06-20 20:00:00+00:00,7.3,7.33,7.23,7.26,4115.4052
2025-06-20 22:00:00+00:00,7.26,7.27,7.18,7.27,2077.169
2025-06-21 00:00:00+00:00,7.27,7.35,7.24,7.34,2178.3699
2025-06-21 02:00:00+00:00,7.32,7.37,7.32,7.36,1215.975
2025-06-21 04:00:00+00:00,7.36,7.38,7.33,7.36,1011.157
2025-06-21 06:00:00+00:00,7.35,7.39,7.31,7.36,1612.3196
2025-06-21 08:00:00+00:00,7.36,7.43,7.35,7.4,1276.0888
2025-06-21 10:00:00+00:00,7.4,7.41,7.35,7.38,1339.8737
2025-06-21 12:00:00+00:00,7.38,7.41,7.24,7.29,3743.3158
2025-06-21 14:00:00+00:00,7.31,7.35,7.24,7.29,1703.0014
2025-06-21 16:00:00+00:00,7.29,7.34,7.19,7.22,1991.6547
2025-06-21 18:00:00+00:00,7.21,7.25,7.1,7.1,3601.7448
2025-06-21 20:00:00+00:00,7.12,7.17,7.0,7.0,4608.204
2025-06-21 22:00:00+00:00,7.01,7.11,6.91,7.09,5087.4052
2025-06-22 00:00:00+00:00,7.09,7.18,7.0,7.0,4904.751
2025-06-22 02:00:00+00:00,7.01,7.05,6.93,6.97,2955.6599
2025-06-22 04:00:00+00:00,6.97,7.07,6.97,7.02,2334.7301
2025-06-22 06:00:00+00:00,7.04,7.07,6.99,7.01,1519.4032
2025-06-22 08:00:00+00:00,7.01,7.05,6.92,6.92,3166.1551
2025-06-22 10:00:00+00:00,6.92,7.13,6.91,6.98,16903.8021
2025-06-22 12:00:00+00:00,6.97,7.02,6.68,6.75,9742.5038
2025-06-22 14:00:00+00:00,6.75,6.85,6.65,6.65,6568.7254
2025-06-22 16:00:00+00:00,6.65,6.78,6.62,6.76,4287.693
2025-06-22 18:00:00+00:00,6.76,6.78,6.66,6.69,3446.3176
2025-06-22 20:00:00+00:00,6.68,6.76,6.51,6.68,4422.2575
2025-06-22 22:00:00+00:00,6.69,6.84,6.68,6.8,3778.1573
2025-06-23 00:00:00+00:00,6.79,6.88,6.78,6.85,1111.851
2025-06-23 02:00:00+00:00,6.86,6.89,6.84,6.86,1106.626
2025-06-23 04:00:00+00:00,6.86,6.99,6.85,6.97,1936.4583
2025-06-23 06:00:00+00:00,6.96,7.04,6.92,6.98,3441.2685
2025-06-23 08:00:00+00:00,6.99,7.01,6.94,6.96,2526.6537
2025-06-23 10:00:00+00:00,6.96,6.98,6.91,6.98,1450.3257
2025-06-23 12:00:00+00:00,6.96,7.15,6.92,7.15,2790.1822
2025-06-23 14:00:00+00:00,7.15,7.17,6.99,7.0,3025.4043
2025-06-23 16:00:00+00:00,6.99,7.14,6.8,7.11,5510.4237
2025-06-23 18:00:00+00:00,7.11,7.28,7.09,7.23,3372.3258
2025-06-23 20:00:00+00:00,7.24,7.46,7.21,7.39,5397.0771
2025-06-23 22:00:00+00:00,7.39,7.67,7.36,7.61,6962.2637
2025-06-24 00:00:00+00:00,7.61,7.65,7.54,7.59,5967.9256
2025-06-24 02:00:00+00:00,7.6,7.6,7.5,7.51,3020.6999
2025-06-24 04:00:00+00:00,7.51,7.65,7.48,7.64,2551.3819
2025-06-24 06:00:00+00:00,7.62,7.7,7.54,7.55,3272.9095
2025-06-24 08:00:00+00:00,7.56,7.64,7.49,7.59,2806.4397
2025-06-24 10:00:00+00:00,7.59,7.61,7.52,7.57,2221.1565
2025-06-24 12:00:00+00:00,7.57,7.61,7.52,7.56,2750.8208
2025-06-24 14:00:00+00:00,7.57,7.64,7.55,7.59,2580.0807
2025-06-24 16:00:00+00:00,7.59,7.72,7.58,7.58,2475.8765
2025-06-24 18:00:00+00:00,7.59,7.63,7.49,7.54,2088.7779
2025-06-24 20:00:00+00:00,7.54,7.57,7.49,7.53,2125.6219
2025-06-24 22:00:00+00:00,7.53,7.58,7.45,7.56,1777.6601
2025-06-25 00:00:00+00:00,7.55,7.6,7.51,7.55,1939.5525
2025-06-25 02:00:00+00:00,7.55,7.58,7.46,7.47,1774.5215
2025-06-25 04:00:00+00:00,7.47,7.48,7.35,7.39,3868.3534
2025-06-25 06:00:00+00:00,7.39,7.47,7.36,7.45,1922.6595
2025-06-25 08:00:00+00:00,7.45,7.46,7.36,7.38,2448.9232
2025-06-25 10:00:00+00:00,7.38,7.54,7.37,7.54,4283.821
2025-06-25 12:00:00+00:00,7.53,7.59,7.44,7.57,2653.8609
2025-06-25 14:00:00+00:00,7.57,7.57,7.35,7.35,3228.5725
2025-06-25 16:00:00+00:00,7.36,7.45,7.3,7.4,1918.4677
2025-06-25 18:00:00+00:00,7.4,7.43,7.3,7.39,2083.6912
2025-06-25 20:00:00+00:00,7.39,7.46,7.36,7.36,1304.8143
2025-06-25 22:00:00+00:00,7.36,7.36,7.26,7.32,1786.1487
2025-06-26 00:00:00+00:00,7.32,7.48,7.29,7.43,1902.4834
2025-06-26 02:00:00+00:00,7.42,7.58,7.42,7.49,2614.296
2025-06-26 04:00:00+00:00,7.49,7.49,7.36,7.4,2631.177
2025-06-26 06:00:00+00:00,7.39,7.57,7.38,7.53,3635.9885
2025-06-26 08:00:00+00:00,7.54,7.59,7.36,7.36,4413.9479
2025-06-26 10:00:00+00:00,7.38,7.41,7.31,7.33,3096.991
2025-06-26 12:00:00+00:00,7.33,7.38,7.18,7.2,5991.9068
2025-06-26 14:00:00+00:00,7.21,7.29,7.15,7.23,4707.9987
2025-06-26 16:00:00+00:00,7.23,7.23,7.12,7.12,3311.319
2025-06-26 18:00:00+00:00,7.13,7.2,7.08,7.19,3866.602
2025-06-26 20:00:00+00:00,7.18,7.31,7.15,7.19,4169.182
2025-06-26 22:00:00+00:00,7.21,7.25,7.15,7.18,1419.4858
2025-06-27 00:00:00+00:00,7.16,7.23,7.05,7.22,5614.0818
2025-06-27 02:00:00+00:00,7.22,7.3,7.19,7.28,3034.8657
2025-06-27 04:00:00+00:00,7.26,7.31,7.22,7.24,2875.0602
2025-06-27 06:00:00+00:00,7.24,7.3,7.15,7.17,2721.4265
2025-06-27 08:00:00+00:00,7.17,7.33,7.13,7.25,4123.8873
2025-06-27 10:00:00+00:00,7.23,7.25,7.18,7.23,2093.7845
2025-06-27 12:00:00+00:00,7.23,7.27,7.12,7.18,3199.2463
2025-06-27 14:00:00+00:00,7.18,7.25,7.13,7.22,3108.0746
2025-06-27 16:00:00+00:00,7.22,7.29,7.1,7.12,3395.8571
2025-06-27 18:00:00+00:00,7.12,7.13,7.0,7.07,4262.621
2025-06-27 20:00:00+00:00,7.06,7.19,7.05,7.17,2158.8447
2025-06-27 22:00:00+00:00,7.17,7.23,7.16,7.22,1441.7924
2025-06-28 00:00:00+00:00,7.22,7.27,7.2,7.26,1853.5891
2025-06-28 02:00:00+00:00,7.26,7.27,7.19,7.19,1538.8567
2025-06-28 04:00:00+00:00,7.2,7.22,7.12,7.2,1844.3753
2025-06-28 06:00:00+00:00,7.2,7.25,7.15,7.24,2200.4716
2025-06-28 08:00:00+00:00,7.24,7.27,7.18,7.25,1976.9035
2025-06-28 10:00:00+00:00,7.25,7.28,7.21,7.25,2485.7553
2025-06-28 12:00:00+00:00,7.25,7.28,7.22,7.22,2483.3224
2025-06-28 14:00:00+00:00,7.22,7.25,7.16,7.25,1209.5472
2025-06-28 16:00:00+00:00,7.25,7.32,7.21,7.31,3137.3713
2025-06-28 18:00:00+00:00,7.31,7.33,7.28,7.29,2940.0075
2025-06-28 20:00:00+00:00,7.3,7.31,7.22,7.25,1791.9314
2025-06-28 22:00:00+00:00,7.25,7.39,7.25,7.33,4565.8723
2025-06-29 00:00:00+00:00,7.33,7.38,7.25,7.25,2082.8447
2025-06-29 02:00:00+00:00,7.26,7.28,7.23,7.24,1479.8835
2025-06-29 04:00:00+00:00,7.25,7.29,7.23,7.26,1019.5518
2025-06-29 06:00:00+00:00,7.26,7.39,7.26,7.37,2652.8857
2025-06-29 08:00:00+00:00,7.35,7.48,7.35,7.42,4165.8401
2025-06-29 10:00:00+00:00,7.41,7.48,7.4,7.4,2520.8396
2025-06-29 12:00:00+00:00,7.4,7.45,7.36,7.39,3413.4937
2025-06-29 14:00:00+00:00,7.39,7.43,7.27,7.28,1409.4556
2025-06-29 16:00:00+00:00,7.28,7.39,7.27,7.37,1813.4817
2025-06-29 18:00:00+00:00,7.37,7.41,7.35,7.4,1232.2066
2025-06-29 20:00:00+00:00,7.41,7.47,7.36,7.45,1760.2447
2025-06-29 22:00:00+00:00,7.45,7.71,7.42,7.63,4934.0656
2025-06-30 00:00:00+00:00,7.62,7.71,7.59,7.61,1771.9073
2025-06-30 02:00:00+00:00,7.61,7.61,7.55,7.56,971.6895
2025-06-30 04:00:00+00:00,7.57,7.58,7.51,7.55,1391.6902
2025-06-30 06:00:00+00:00,7.56,7.6,7.47,7.6,1958.3582
2025-06-30 08:00:00+00:00,7.58,7.6,7.44,7.46,2973.9608
2025-06-30 10:00:00+00:00,7.45,7.49,7.42,7.43,3140.6772
2025-06-30 12:00:00+00:00,7.44,7.48,7.39,7.42,4782.0916
2025-06-30 14:00:00+00:00,7.44,7.55,7.39,7.48,3956.4362
2025-06-30 16:00:00+00:00,7.49,7.56,7.47,7.52,1871.2442
2025-06-30 18:00:00+00:00,7.52,7.59,7.46,7.58,2947.725
2025-06-30 20:00:00+00:00,7.56,7.6,7.46,7.47,2631.1316
2025-06-30 22:00:00+00:00,7.46,7.52,7.42,7.45,1660.3702
2025-07-01 00:00:00+00:00,7.45,7.47,7.38,7.4,3046.6143
2025-07-01 02:00:00+00:00,7.39,7.42,7.33,7.35,3241.1179
2025-07-01 04:00:00+00:00,7.35,7.36,7.17,7.2,6095.8035
2025-07-01 06:00:00+00:00,7.19,7.23,7.16,7.23,3195.5863
2025-07-01 08:00:00+00:00,7.23,7.34,7.16,7.34,6096.1191
2025-07-01 10:00:00+00:00,7.33,7.36,7.18,7.2,4501.1594
2025-07-01 12:00:00+00:00,7.2,7.25,7.15,7.23,4984.2175
2025-07-01 14:00:00+00:00,7.23,7.29,7.11,7.13,4635.3897
2025-07-01 16:00:00+00:00,7.13,7.16,7.08,7.09,3322.8222
2025-07-01 18:00:00+00:00,7.1,7.11,6.99,7.05,3671.1388
2025-07-01 20:00:00+00:00,7.05,7.11,7.01,7.1,3134.0002
2025-07-01 22:00:00+00:00,7.1,7.1,6.99,7.03,2385.8142
2025-07-02 00:00:00+00:00,7.03,7.06,6.98,7.05,3690.8468
2025-07-02 02:00:00+00:00,7.03,7.08,7.03,7.06,1765.5144
2025-07-02 04:00:00+00:00,7.06,7.14,7.05,7.12,2193.5194
2025-07-02 06:00:00+00:00,7.13,7.24,7.12,7.22,2782.6412
2025-07-02 08:00:00+00:00,7.22,7.26,7.21,7.24,2782.0787
2025-07-02 10:00:00+00:00,7.24,7.38,7.22,7.3,5140.8921
2025-07-02 12:00:00+00:00,7.3,7.37,7.21,7.35,5146.6792
2025-07-02 14:00:00+00:00,7.35,7.55,7.33,7.51,8642.4417
2025-07-02 16:00:00+00:00,7.52,7.73,7.51,7.61,10712.0299
2025-07-02 18:00:00+00:00,7.62,7.69,7.62,7.68,3302.4846
2025-07-02 20:00:00+00:00,7.68,7.72,7.64,7.66,3955.9973
2025-07-02 22:00:00+00:00,7.67,7.71,7.6,7.62,1854.2185
2025-07-03 00:00:00+00:00,7.62,7.7,7.62,7.69,3435.1066
2025-07-03 02:00:00+00:00,7.69,7.7,7.62,7.63,1747.344
2025-07-03 04:00:00+00:00,7.64,7.71,7.62,7.7,1467.0171
2025-07-03 06:00:00+00:00,7.71,7.72,7.66,7.68,1576.0168
2025-07-03 08:00:00+00:00,7.7,7.7,7.64,7.67,2267.2966
2025-07-03 10:00:00+00:00,7.66,7.7,7.62,7.68,3372.7806
2025-07-03 12:00:00+00:00,7.69,7.74,7.59,7.72,4484.1059
2025-07-03 14:00:00+00:00,7.71,7.74,7.51,7.52,4084.7039
2025-07-03 16:00:00+00:00,7.52,7.64,7.5,7.64,2102.0577
2025-07-03 18:00:00+00:00,7.62,7.7,7.59,7.69,2989.4018
2025-07-03 20:00:00+00:00,7.69,7.76,7.65,7.74,3465.3863
2025-07-03 22:00:00+00:00,7.74,7.76,7.56,7.61,8152.2236
2025-07-04 00:00:00+00:00,7.61,7.62,7.55,7.58,2857.9771
2025-07-04 02:00:00+00:00,7.57,7.58,7.48,7.5,2385.9541
2025-07-04 04:00:00+00:00,7.5,7.5,7.42,7.46,2033.5197
2025-07-04 06:00:00+00:00,7.46,7.46,7.29,7.29,3764.0119
2025-07-04 08:00:00+00:00,7.29,7.43,7.26,7.41,4884.2715
2025-07-04 10:00:00+00:00,7.41,7.49,7.33,7.38,6358.8073
2025-07-04 12:00:00+00:00,7.37,7.43,7.28,7.31,8015.3603
2025-07-04 14:00:00+00:00,7.31,7.32,7.23,7.27,4143.0446
2025-07-04 16:00:00+00:00,7.27,7.29,7.13,7.19,5700.0901
2025-07-04 18:00:00+00:00,7.18,7.19,7.11,7.18,3439.6702
2025-07-04 20:00:00+00:00,7.19,7.2,7.13,7.19,3120.2491
2025-07-04 22:00:00+00:00,7.19,7.31,7.17,7.24,2816.9673
2025-07-05 00:00:00+00:00,7.24,7.31,7.24,7.28,1943.0468
2025-07-05 02:00:00+00:00,7.28,7.42,7.22,7.33,3910.0105
2025-07-05 04:00:00+00:00,7.32,7.34,7.26,7.29,2233.1071
2025-07-05 06:00:00+00:00,7.27,7.42,7.27,7.33,1990.0206
2025-07-05 08:00:00+00:00,7.33,7.37,7.21,7.26,3355.67
2025-07-05 10:00:00+00:00,7.26,7.29,7.23,7.24,1816.3662
2025-07-05 12:00:00+00:00,7.24,7.26,7.19,7.19,3049.3604
2025-07-05 14:00:00+00:00,7.2,7.24,7.17,7.18,1695.5634
2025-07-05 16:00:00+00:00,7.18,7.2,7.09,7.12,3360.3773
2025-07-05 18:00:00+00:00,7.12,7.13,7.02,7.12,3752.2453
2025-07-05 20:00:00+00:00,7.12,7.19,7.08,7.19,2370.4617
2025-07-05 22:00:00+00:00,7.19,7.23,7.16,7.18,1760.4954
2025-07-06 00:00:00+00:00,7.17,7.19,7.12,7.15,1134.7514
2025-07-06 02:00:00+00:00,7.15,7.16,7.11,7.12,1272.5412
2025-07-06 04:00:00+00:00,7.13,7.15,7.09,7.11,1152.8965
2025-07-06 06:00:00+00:00,7.1,7.19,7.1,7.15,1257.114
2025-07-06 08:00:00+00:00,7.15,7.19,7.11,7.12,2494.4412
2025-07-06 10:00:00+00:00,7.12,7.22,7.11,7.21,2899.7748
2025-07-06 12:00:00+00:00,7.2,7.42,7.18,7.39,3357.2803
2025-07-06 14:00:00+00:00,7.39,7.46,7.36,7.42,5057.135
2025-07-06 16:00:00+00:00,7.43,7.47,7.4,7.44,3112.4968
2025-07-06 18:00:00+00:00,7.44,7.46,7.35,7.4,2984.7905
2025-07-06 20:00:00+00:00,7.41,7.59,7.4,7.58,3554.379
2025-07-06 22:00:00+00:00,7.56,7.63,7.4,7.42,5011.5835
2025-07-07 00:00:00+00:00,7.42,7.44,7.37,7.42,2192.1657
2025-07-07 02:00:00+00:00,7.42,7.55,7.41,7.49,2365.9455
2025-07-07 04:00:00+00:00,7.49,7.53,7.4,7.41,4297.6413
2025-07-07 06:00:00+00:00,7.43,7.45,7.34,7.45,1983.4223
2025-07-07 08:00:00+00:00,7.45,7.56,7.41,7.44,5892.699
2025-07-07 10:00:00+00:00,7.44,7.45,7.35,7.39,4476.8788
2025-07-07 12:00:00+00:00,7.38,7.54,7.34,7.54,4199.4742
2025-07-07 14:00:00+00:00,7.54,7.57,7.42,7.49,3390.8104
2025-07-07 16:00:00+00:00,7.49,7.52,7.41,7.45,3450.8811
2025-07-07 18:00:00+00:00,7.44,7.52,7.39,7.46,2339.2064
2025-07-07 20:00:00+00:00,7.46,7.53,7.36,7.52,4774.2684
2025-07-07 22:00:00+00:00,7.52,7.52,7.33,7.42,7464.3358
2025-07-08 00:00:00+00:00,7.42,7.46,7.29,7.29,2993.7061
2025-07-08 02:00:00+00:00,7.29,7.38,7.28,7.34,2614.0451
2025-07-08 04:00:00+00:00,7.34,7.36,7.27,7.35,2854.8091
2025-07-08 06:00:00+00:00,7.34,7.42,7.34,7.41,1769.1304
2025-07-08 08:00:00+00:00,7.41,7.43,7.36,7.4,1683.091
2025-07-08 10:00:00+00:00,7.41,7.54,7.4,7.53,3533.1873
2025-07-08 12:00:00+00:00,7.54,7.67,7.5,7.63,5913.632
2025-07-08 14:00:00+00:00,7.64,7.64,7.45,7.54,6569.6404
2025-07-08 16:00:00+00:00,7.54,7.71,7.48,7.69,6132.0574
2025-07-08 18:00:00+00:00,7.68,7.71,7.61,7.65,2391.7165
2025-07-08 20:00:00+00:00,7.65,7.66,7.52,7.57,5412.7366
2025-07-08 22:00:00+00:00,7.57,7.62,7.53,7.56,3237.0494
2025-07-09 00:00:00+00:00,7.56,7.59,7.5,7.51,2532.0552
2025-07-09 02:00:00+00:00,7.51,7.57,7.5,7.53,1985.8972
2025-07-09 04:00:00+00:00,7.54,7.63,7.5,7.6,2046.7105
2025-07-09 06:00:00+00:00,7.6,7.61,7.53,7.58,3253.708
2025-07-09 08:00:00+00:00,7.57,7.62,7.56,7.6,3259.2734
2025-07-09 10:00:00+00:00,7.6,7.73,7.59,7.69,5647.7803
2025-07-09 12:00:00+00:00,7.68,7.83,7.67,7.76,7873.0656
2025-07-09 14:00:00+00:00,7.76,7.84,7.71,7.8,3390.9476
2025-07-09 16:00:00+00:00,7.79,7.84,7.74,7.75,3076.9231
2025-07-09 18:00:00+00:00,7.75,7.9,7.75,7.89,3492.8045
2025-07-09 20:00:00+00:00,7.87,8.0,7.86,7.96,7197.4368
2025-07-09 22:00:00+00:00,7.96,8.01,7.9,7.93,3746.7816
2025-07-10 00:00:00+00:00,7.93,7.96,7.84,7.9,3282.305
2025-07-10 02:00:00+00:00,7.9,7.94,7.88,7.9,2687.536
2025-07-10 04:00:00+00:00,7.9,7.97,7.88,7.92,5561.5702
2025-07-10 06:00:00+00:00,7.92,8.0,7.88,7.91,3960.3564
2025-07-10 08:00:00+00:00,7.91,7.95,7.82,7.85,7543.1245
2025-07-10 10:00:00+00:00,7.85,7.93,7.81,7.9,5288.9176
2025-07-10 12:00:00+00:00,7.9,8.06,7.87,7.99,7649.4131
2025-07-10 14:00:00+00:00,7.99,8.03,7.92,7.96,4749.807
2025-07-10 16:00:00+00:00,7.96,8.27,7.94,8.21,9404.1661
2025-07-10 18:00:00+00:00,8.21,8.39,8.11,8.34,14856.8057
2025-07-10 20:00:00+00:00,8.32,8.63,8.31,8.62,7882.4028
2025-07-10 22:00:00+00:00,8.62,8.63,8.52,8.57,4676.9578
2025-07-11 00:00:00+00:00,8.57,8.6,8.39,8.49,16181.7945
2025-07-11 02:00:00+00:00,8.49,8.56,8.44,8.51,3281.6731
2025-07-11 04:00:00+00:00,8.5,8.9,8.49,8.8,21733.4544
2025-07-11 06:00:00+00:00,8.8,8.88,8.69,8.72,6527.8765
2025-07-11 08:00:00+00:00,8.72,8.94,8.71,8.87,5291.7192
2025-07-11 10:00:00+00:00,8.87,8.87,8.72,8.75,4883.409
2025-07-11 12:00:00+00:00,8.74,8.83,8.68,8.78,3633.2465
2025-07-11 14:00:00+00:00,8.78,8.85,8.63,8.64,4715.3914
2025-07-11 16:00:00+00:00,8.65,8.84,8.62,8.84,5093.5829
2025-07-11 18:00:00+00:00,8.82,8.86,8.74,8.85,2924.6012
2025-07-11 20:00:00+00:00,8.85,8.87,8.57,8.65,4831.3242
2025-07-11 22:00:00+00:00,8.65,8.69,8.5,8.61,3090.1792
2025-07-12 00:00:00+00:00,8.61,8.65,8.47,8.64,1840.396
2025-07-12 02:00:00+00:00,8.63,8.67,8.55,8.58,4089.5859
2025-07-12 04:00:00+00:00,8.58,8.7,8.47,8.7,4038.0087
2025-07-12 06:00:00+00:00,8.69,9.26,8.63,8.89,40055.5457
2025-07-12 08:00:00+00:00,8.89,8.92,8.55,8.89,15929.3469
2025-07-12 10:00:00+00:00,8.88,8.9,8.77,8.82,4415.373
2025-07-12 12:00:00+00:00,8.82,8.86,8.63,8.7,4799.8882
2025-07-12 14:00:00+00:00,8.71,8.73,8.48,8.52,10933.6527
2025-07-12 16:00:00+00:00,8.52,8.6,8.49,8.6,3711.4307
2025-07-12 18:00:00+00:00,8.6,8.61,8.52,8.55,1393.2376
2025-07-12 20:00:00+00:00,8.55,8.58,8.46,8.58,1906.0947
2025-07-12 22:00:00+00:00,8.57,8.59,8.51,8.58,1067.6185
2025-07-13 00:00:00+00:00,8.57,8.6,8.56,8.59,1837.8567
2025-07-13 02:00:00+00:00,8.6,8.6,8.53,8.59,1610.3415
2025-07-13 04:00:00+00:00,8.59,8.69,8.57,8.61,5365.7932
2025-07-13 06:00:00+00:00,8.61,8.7,8.6,8.68,6018.0385
2025-07-13 08:00:00+00:00,8.67,8.74,8.61,8.65,2463.8853
2025-07-13 10:00:00+00:00,8.65,8.75,8.65,8.75,2270.7025
2025-07-13 12:00:00+00:00,8.76,8.85,8.72,8.82,3845.0274
2025-07-13 14:00:00+00:00,8.83,8.92,8.8,8.89,6123.1847
2025-07-13 16:00:00+00:00,8.89,8.92,8.77,8.85,4834.7465
2025-07-13 18:00:00+00:00,8.85,8.91,8.8,8.82,1302.6061
2025-07-13 20:00:00+00:00,8.8,8.86,8.68,8.7,1650.648
2025-07-13 22:00:00+00:00,8.7,8.75,8.65,8.74,1889.6259
2025-07-14 00:00:00+00:00,8.74,8.84,8.69,8.83,3181.0442
2025-07-14 02:00:00+00:00,8.83,8.97,8.78,8.96,3256.6474
2025-07-14 04:00:00+00:00,8.96,9.08,8.9,8.94,5046.896
2025-07-14 06:00:00+00:00,8.95,9.02,8.89,9.01,1617.6848
2025-07-14 08:00:00+00:00,9.02,9.02,8.9,8.91,2012.0428
2025-07-14 10:00:00+00:00,8.91,9.0,8.87,8.9,3547.5008
2025-07-14 12:00:00+00:00,8.91,8.95,8.81,8.87,3556.945
2025-07-14 14:00:00+00:00,8.87,8.92,8.65,8.65,6326.5315
2025-07-14 16:00:00+00:00,8.65,8.74,8.62,8.64,2014.2021
2025-07-14 18:00:00+00:00,8.66,8.69,8.52,8.58,5442.6346
2025-07-14 20:00:00+00:00,8.57,8.64,8.52,8.61,3379.1204
2025-07-14 22:00:00+00:00,8.62,8.65,8.56,8.64,1776.9688
2025-07-15 00:00:00+00:00,8.63,8.69,8.5,8.55,2066.8715
2025-07-15 02:00:00+00:00,8.56,8.59,8.36,8.43,3929.4649
2025-07-15 04:00:00+00:00,8.45,8.58,8.39,8.52,1607.9231
2025-07-15 06:00:00+00:00,8.53,8.61,8.49,8.53,1549.7378
2025-07-15 08:00:00+00:00,8.52,8.55,8.42,8.48,2725.7032
2025-07-15 10:00:00+00:00,8.49,8.58,8.47,8.56,2050.5295
2025-07-15 12:00:00+00:00,8.55,8.69,8.46,8.68,3395.8109
2025-07-15 14:00:00+00:00,8.66,8.75,8.51,8.65,5718.9031
2025-07-15 16:00:00+00:00,8.65,8.89,8.64,8.89,5580.559
2025-07-15 18:00:00+00:00,8.88,8.92,8.73,8.76,4428.7836
2025-07-15 20:00:00+00:00,8.75,8.9,8.73,8.9,2413.418
2025-07-15 22:00:00+00:00,8.88,8.9,8.83,8.89,2575.4384
2025-07-16 00:00:00+00:00,8.9,8.95,8.84,8.87,2802.0719
2025-07-16 02:00:00+00:00,8.87,8.88,8.75,8.81,2468.1421
2025-07-16 04:00:00+00:00,8.81,8.92,8.77,8.9,1890.4143
2025-07-16 06:00:00+00:00,8.89,8.95,8.85,8.93,1362.804
2025-07-16 08:00:00+00:00,8.92,8.94,8.86,8.88,2649.707
2025-07-16 10:00:00+00:00,8.88,8.92,8.85,8.91,1897.3463
2025-07-16 12:00:00+00:00,8.91,8.95,8.84,8.94,3728.4419
2025-07-16 14:00:00+00:00,8.93,9.18,8.89,9.1,7233.1876
2025-07-16 16:00:00+00:00,9.08,9.15,9.07,9.13,6315.6058
2025-07-16 18:00:00+00:00,9.13,9.3,9.11,9.24,9916.4875
2025-07-16 20:00:00+00:00,9.24,9.33,9.17,9.29,8086.2947
2025-07-16 22:00:00+00:00,9.29,9.33,9.14,9.2,3624.7074
2025-07-17 00:00:00+00:00,9.19,9.28,9.13,9.16,5326.2199
2025-07-17 02:00:00+00:00,9.16,9.23,9.11,9.15,4574.0201
2025-07-17 04:00:00+00:00,9.15,9.2,9.12,9.2,2933.6166
2025-07-17 06:00:00+00:00,9.2,9.42,9.14,9.4,5633.2762
2025-07-17 08:00:00+00:00,9.4,9.43,9.32,9.41,3884.9141
2025-07-17 10:00:00+00:00,9.4,9.41,9.23,9.23,4056.187
2025-07-17 12:00:00+00:00,9.24,9.26,9.11,9.19,4513.0908
2025-07-17 14:00:00+00:00,9.19,9.25,9.11,9.15,3546.1951
2025-07-17 16:00:00+00:00,9.15,9.16,8.95,9.11,6350.4651
2025-07-17 18:00:00+00:00,9.11,9.2,9.04,9.05,3669.5884
2025-07-17 20:00:00+00:00,9.07,9.25,8.95,9.16,4147.1494
2025-07-17 22:00:00+00:00,9.16,9.29,9.15,9.22,2776.4314
2025-07-18 00:00:00+00:00,9.22,9.57,9.17,9.55,3882.8534
2025-07-18 02:00:00+00:00,9.55,9.61,9.5,9.56,4510.0455
2025-07-18 04:00:00+00:00,9.56,9.84,9.54,9.82,7789.8436
2025-07-18 06:00:00+00:00,9.82,9.84,9.58,9.6,3922.3916
2025-07-18 08:00:00+00:00,9.6,9.71,9.52,9.61,2700.8165
2025-07-18 10:00:00+00:00,9.61,9.64,9.51,9.58,1249.7943
2025-07-18 12:00:00+00:00,9.59,9.77,9.59,9.71,2477.4353
2025-07-18 14:00:00+00:00,9.71,9.77,9.39,9.47,3056.2979
2025-07-18 16:00:00+00:00,9.47,9.59,9.43,9.56,3178.4496
2025-07-18 18:00:00+00:00,9.56,9.57,9.4,9.42,2592.4663
2025-07-18 20:00:00+00:00,9.4,9.44,9.21,9.42,3849.4707
2025-07-18 22:00:00+00:00,9.42,9.46,9.28,9.41,1812.3979
2025-07-19 00:00:00+00:00,9.41,9.44,9.21,9.37,3013.6112
2025-07-19 02:00:00+00:00,9.38,9.54,9.33,9.54,2186.7555
2025-07-19 04:00:00+00:00,9.55,9.61,9.52,9.61,2279.6071
2025-07-19 06:00:00+00:00,9.6,9.6,9.43,9.43,2786.8308
2025-07-19 08:00:00+00:00,9.45,9.45,9.31,9.31,2074.825
2025-07-19 10:00:00+00:00,9.32,9.43,9.27,9.35,2736.8479
2025-07-19 12:00:00+00:00,9.36,9.44,9.29,9.3,2450.8287
2025-07-19 14:00:00+00:00,9.3,9.37,9.21,9.33,3140.6935
2025-07-19 16:00:00+00:00,9.33,9.42,9.29,9.32,2336.8451
2025-07-19 18:00:00+00:00,9.32,9.59,9.3,9.57,3765.7274
2025-07-19 20:00:00+00:00,9.57,9.64,9.44,9.48,3900.0458
2025-07-19 22:00:00+00:00,9.48,9.63,9.48,9.6,1003.8907
2025-07-20 00:00:00+00:00,9.61,9.64,9.53,9.58,1909.556
2025-07-20 02:00:00+00:00,9.58,9.76,9.57,9.71,2572.3673
2025-07-20 04:00:00+00:00,9.68,9.76,9.65,9.72,1750.4111
2025-07-20 06:00:00+00:00,9.72,9.82,9.7,9.78,1563.9315
2025-07-20 08:00:00+00:00,9.78,9.9,9.77,9.83,2954.7178
2025-07-20 10:00:00+00:00,9.84,9.94,9.76,9.92,2910.2154
2025-07-20 12:00:00+00:00,9.92,10.0,9.87,9.92,4226.5374
2025-07-20 14:00:00+00:00,9.92,10.07,9.83,10.06,4048.763
2025-07-20 16:00:00+00:00,10.06,10.15,9.95,9.95,6286.1073
2025-07-20 18:00:00+00:00,9.97,10.06,9.93,9.95,3895.2281
2025-07-20 20:00:00+00:00,9.96,10.0,9.88,9.98,2435.8967
2025-07-20 22:00:00+00:00,9.98,9.98,9.78,9.87,4652.4317
2025-07-21 00:00:00+00:00,9.86,9.88,9.7,9.8,3864.9819
2025-07-21 02:00:00+00:00,9.8,10.06,9.78,10.01,3053.2517
2025-07-21 04:00:00+00:00,10.01,10.1,9.99,10.04,1930.1086
2025-07-21 06:00:00+00:00,10.04,10.14,10.02,10.13,2625.9957
2025-07-21 08:00:00+00:00,10.12,10.22,10.1,10.16,4413.7337
2025-07-21 10:00:00+00:00,10.16,10.26,10.12,10.15,2612.7382
2025-07-21 12:00:00+00:00,10.16,10.23,10.06,10.16,4162.378
2025-07-21 14:00:00+00:00,10.18,10.24,10.12,10.12,4295.502
2025-07-21 16:00:00+00:00,10.13,10.15,9.91,10.02,6206.4226
2025-07-21 18:00:00+00:00,10.0,10.11,9.81,9.84,3756.1953
2025-07-21 20:00:00+00:00,9.84,9.96,9.81,9.95,2524.0383
2025-07-21 22:00:00+00:00,9.93,10.06,9.9,10.01,1876.5511
2025-07-22 00:00:00+00:00,10.01,10.05,9.73,10.01,5912.2373
2025-07-22 02:00:00+00:00,10.01,10.04,9.76,9.81,4452.0522
2025-07-22 04:00:00+00:00,9.81,9.83,9.61,9.67,6043.8972
2025-07-22 06:00:00+00:00,9.67,9.76,9.64,9.68,3100.6233
2025-07-22 08:00:00+00:00,9.68,9.74,9.5,9.73,4918.141
2025-07-22 10:00:00+00:00,9.71,9.88,9.69,9.84,2717.3739
2025-07-22 12:00:00+00:00,9.87,9.89,9.71,9.73,3642.8885
2025-07-22 14:00:00+00:00,9.73,9.9,9.67,9.86,4017.827
2025-07-22 16:00:00+00:00,9.85,9.94,9.7,9.74,2536.6505
2025-07-22 18:00:00+00:00,9.74,9.93,9.69,9.77,3519.2007
2025-07-22 20:00:00+00:00,9.75,9.95,9.73,9.89,3231.7835
2025-07-22 22:00:00+00:00,9.86,9.98,9.82,9.89,5489.1522
2025-07-23 00:00:00+00:00,9.89,9.92,9.77,9.83,2867.4624
2025-07-23 02:00:00+00:00,9.81,9.97,9.8,9.87,3469.5605
2025-07-23 04:00:00+00:00,9.88,10.03,9.86,9.96,2565.2342
2025-07-23 06:00:00+00:00,9.96,10.0,9.83,9.88,2480.5567
2025-07-23 08:00:00+00:00,9.88,10.0,9.8,9.82,3283.5658
2025-07-23 10:00:00+00:00,9.84,9.94,9.74,9.94,4081.5425
2025-07-23 12:00:00+00:00,9.93,9.96,9.51,9.61,6235.6266
2025-07-23 14:00:00+00:00,9.6,9.66,9.51,9.63,5526.7441
2025-07-23 16:00:00+00:00,9.61,9.63,9.3,9.39,8209.7029
2025-07-23 18:00:00+00:00,9.4,9.46,9.36,9.36,3792.3992
2025-07-23 20:00:00+00:00,9.37,9.41,9.14,9.36,6939.6118
2025-07-23 22:00:00+00:00,9.34,9.44,9.3,9.41,2786.1369
2025-07-24 00:00:00+00:00,9.4,9.48,9.33,9.48,2037.382
2025-07-24 02:00:00+00:00,9.48,9.5,9.4,9.4,2017.8107
2025-07-24 04:00:00+00:00,9.4,9.44,9.18,9.2,5172.7117
2025-07-24 06:00:00+00:00,9.21,9.23,8.97,9.22,7097.4838
2025-07-24 08:00:00+00:00,9.21,9.39,9.15,9.34,3895.1806
2025-07-24 10:00:00+00:00,9.35,9.38,9.15,9.36,3836.7947
2025-07-24 12:00:00+00:00,9.36,9.39,9.22,9.22,2866.7616
2025-07-24 14:00:00+00:00,9.25,9.63,9.18,9.42,4821.2929
2025-07-24 16:00:00+00:00,9.42,9.5,9.29,9.44,3923.6794
2025-07-24 18:00:00+00:00,9.44,9.5,9.31,9.31,3259.0021
2025-07-24 20:00:00+00:00,9.31,9.57,9.3,9.45,5240.2173
2025-07-24 22:00:00+00:00,9.45,9.63,9.4,9.41,4396.9388
2025-07-25 00:00:00+00:00,9.4,9.48,9.26,9.47,3116.9108
2025-07-25 02:00:00+00:00,9.48,9.49,9.11,9.14,3775.7507
2025-07-25 04:00:00+00:00,9.16,9.36,9.11,9.26,2912.4692
2025-07-25 06:00:00+00:00,9.26,9.37,9.18,9.33,2603.7383
2025-07-25 08:00:00+00:00,9.32,9.5,9.28,9.5,3163.3017
2025-07-25 10:00:00+00:00,9.5,9.61,9.45,9.58,3200.2987
2025-07-25 12:00:00+00:00,9.58,9.63,9.49,9.55,3070.5261
2025-07-25 14:00:00+00:00,9.56,9.59,9.22,9.33,4095.8611
2025-07-25 16:00:00+00:00,9.32,9.45,9.28,9.39,2438.3395
2025-07-25 18:00:00+00:00,9.39,9.5,9.38,9.43,2442.7383
2025-07-25 20:00:00+00:00,9.45,9.77,9.43,9.69,5568.3216
2025-07-25 22:00:00+00:00,9.69,9.84,9.65,9.78,5286.6302
2025-07-26 00:00:00+00:00,9.79,9.81,9.71,9.75,2145.8116
2025-07-26 02:00:00+00:00,9.75,9.88,9.73,9.76,2514.3061
2025-07-26 04:00:00+00:00,9.75,9.79,9.69,9.76,1215.1515
2025-07-26 06:00:00+00:00,9.76,9.81,9.69,9.76,1699.8952
2025-07-26 08:00:00+00:00,9.77,9.9,9.73,9.8,2078.1342
2025-07-26 10:00:00+00:00,9.8,9.88,9.78,9.81,1641.5895
2025-07-26 12:00:00+00:00,9.82,9.86,9.77,9.82,1613.5437
2025-07-26 14:00:00+00:00,9.81,9.84,9.74,9.81,2004.9129
2025-07-26 16:00:00+00:00,9.82,9.83,9.72,9.75,1772.1607
2025-07-26 18:00:00+00:00,9.77,9.84,9.68,9.84,1710.2664
2025-07-26 20:00:00+00:00,9.84,9.84,9.65,9.74,3052.4855
2025-07-26 22:00:00+00:00,9.74,9.84,9.66,9.7,1937.1013
2025-07-27 00:00:00+00:00,9.7,9.87,9.69,9.79,1626.7137
2025-07-27 02:00:00+00:00,9.77,9.88,9.75,9.77,1212.3343
2025-07-27 04:00:00+00:00,9.79,9.87,9.76,9.82,993.7227
2025-07-27 06:00:00+00:00,9.84,9.9,9.79,9.85,2000.7904
2025-07-27 08:00:00+00:00,9.83,9.85,9.7,9.72,1798.0194
2025-07-27 10:00:00+00:00,9.74,9.99,9.74,9.88,4448.4311
2025-07-27 12:00:00+00:00,9.86,9.95,9.83,9.88,2406.0073
2025-07-27 14:00:00+00:00,9.88,9.97,9.84,9.92,3864.8883
2025-07-27 16:00:00+00:00,9.92,10.2,9.88,10.05,10260.5857
2025-07-27 18:00:00+00:00,10.04,10.16,10.02,10.07,5304.1393
2025-07-27 20:00:00+00:00,10.08,10.13,9.99,10.12,1730.8205
2025-07-27 22:00:00+00:00,10.1,10.19,10.08,10.13,1218.5063
2025-07-28 00:00:00+00:00,10.11,10.21,10.01,10.03,1600.0314
2025-07-28 02:00:00+00:00,10.04,10.2,9.99,10.13,1715.3373
2025-07-28 04:00:00+00:00,10.14,10.3,10.06,10.3,2793.9467
2025-07-28 06:00:00+00:00,10.28,10.31,10.11,10.18,1602.4568
2025-07-28 08:00:00+00:00,10.2,10.24,10.08,10.16,1524.2113
2025-07-28 10:00:00+00:00,10.18,10.18,10.04,10.06,1697.0307
2025-07-28 12:00:00+00:00,10.04,10.13,9.9,9.94,3471.3924
2025-07-28 14:00:00+00:00,9.94,9.99,9.81,9.91,4242.6402
2025-07-28 16:00:00+00:00,9.89,9.96,9.82,9.93,2786.7596
2025-07-28 18:00:00+00:00,9.94,9.96,9.75,9.86,4684.9109
2025-07-28 20:00:00+00:00,9.83,9.84,9.72,9.77,3582.0897
2025-07-28 22:00:00+00:00,9.79,9.83,9.68,9.75,3440.4795
2025-07-29 00:00:00+00:00,9.76,9.81,9.59,9.61,2905.3632
2025-07-29 02:00:00+00:00,9.61,9.72,9.51,9.72,3290.4404
2025-07-29 04:00:00+00:00,9.72,9.82,9.62,9.8,2574.0472
2025-07-29 06:00:00+00:00,9.82,10.02,9.78,9.96,3851.37
2025-07-29 08:00:00+00:00,9.96,10.15,9.87,9.95,6149.292
2025-07-29 10:00:00+00:00,9.97,10.3,9.91,10.1,27924.2582
2025-07-29 12:00:00+00:00,10.13,10.6,10.06,10.13,41042.3272
2025-07-29 14:00:00+00:00,10.11,10.12,9.66,9.69,15456.3869
2025-07-29 16:00:00+00:00,9.69,9.78,9.61,9.69,6962.3347
2025-07-29 18:00:00+00:00,9.69,9.76,9.61,9.62,3988.8517
2025-07-29 20:00:00+00:00,9.61,9.7,9.49,9.64,7178.6086
2025-07-29 22:00:00+00:00,9.63,9.66,9.55,9.65,2140.4484
2025-07-30 00:00:00+00:00,9.64,9.65,9.48,9.63,4504.4376
2025-07-30 02:00:00+00:00,9.61,9.65,9.55,9.62,2817.3931
2025-07-30 04:00:00+00:00,9.6,9.68,9.52,9.63,3475.8787
2025-07-30 06:00:00+00:00,9.63,9.69,9.56,9.58,3759.0668
2025-07-30 08:00:00+00:00,9.57,9.61,9.42,9.43,7135.566
2025-07-30 10:00:00+00:00,9.45,9.54,9.27,9.3,6318.4361
2025-07-30 12:00:00+00:00,9.32,9.41,9.27,9.37,3574.9127
2025-07-30 14:00:00+00:00,9.37,9.6,9.35,9.48,5236.7821
2025-07-30 16:00:00+00:00,9.48,9.63,9.45,9.58,2285.6113
2025-07-30 18:00:00+00:00,9.58,9.63,9.17,9.5,5257.0514
2025-07-30 20:00:00+00:00,9.51,9.59,9.4,9.51,2669.4162
2025-07-30 22:00:00+00:00,9.53,9.6,9.42,9.59,1985.1388
2025-07-31 00:00:00+00:00,9.59,9.72,9.52,9.61,1831.191
2025-07-31 02:00:00+00:00,9.61,9.79,9.59,9.79,2619.5513
2025-07-31 04:00:00+00:00,9.79,9.81,9.72,9.76,1714.6903
2025-07-31 06:00:00+00:00,9.76,9.83,9.72,9.79,1396.4763
2025-07-31 08:00:00+00:00,9.79,9.82,9.67,9.69,3069.9851
2025-07-31 10:00:00+00:00,9.69,9.75,9.58,9.69,4141.943
2025-07-31 12:00:00+00:00,9.69,9.7,9.41,9.48,3374.2564
2025-07-31 14:00:00+00:00,9.46,9.51,9.34,9.47,3558.6277
2025-07-31 16:00:00+00:00,9.49,9.62,9.47,9.49,2630.0722
2025-07-31 18:00:00+00:00,9.49,9.51,9.31,9.35,3849.056
2025-07-31 20:00:00+00:00,9.33,9.37,9.23,9.24,2944.144
2025-07-31 22:00:00+00:00,9.27,9.28,9.09,9.13,4918.4327
2025-08-01 00:00:00+00:00,9.13,9.18,8.98,9.14,5475.1779
2025-08-01 02:00:00+00:00,9.15,9.22,9.12,9.19,2025.0879
2025-08-01 04:00:00+00:00,9.18,9.19,9.04,9.07,3115.5486
2025-08-01 06:00:00+00:00,9.06,9.11,8.99,9.01,2913.9872
2025-08-01 08:00:00+00:00,9.01,9.06,8.9,8.9,5703.4579
2025-08-01 10:00:00+00:00,8.89,9.04,8.88,9.04,2429.9639
2025-08-01 12:00:00+00:00,9.06,9.14,8.86,8.88,4050.0614
2025-08-01 14:00:00+00:00,8.88,9.16,8.83,9.04,4118.0994
2025-08-01 16:00:00+00:00,9.05,9.13,8.92,8.95,3206.0906
2025-08-01 18:00:00+00:00,8.95,9.04,8.88,8.94,4827.4748
2025-08-01 20:00:00+00:00,8.94,9.01,8.81,8.95,3178.1299
2025-08-01 22:00:00+00:00,8.95,8.95,8.67,8.84,4982.2586
2025-08-02 00:00:00+00:00,8.84,8.95,8.82,8.91,2465.9648
2025-08-02 02:00:00+00:00,8.91,8.99,8.91,8.93,1148.1573
2025-08-02 04:00:00+00:00,8.93,8.99,8.9,8.95,1348.1783
2025-08-02 06:00:00+00:00,8.93,8.96,8.68,8.96,3333.2514
2025-08-02 08:00:00+00:00,8.96,8.97,8.75,8.8,3005.3847
2025-08-02 10:00:00+00:00,8.8,8.84,8.64,8.78,5972.3587
2025-08-02 12:00:00+00:00,8.78,8.84,8.71,8.82,2242.0002
2025-08-02 14:00:00+00:00,8.82,8.83,8.65,8.65,2057.303
2025-08-02 16:00:00+00:00,8.67,8.73,8.49,8.51,4954.1192
2025-08-02 18:00:00+00:00,8.52,8.62,8.42,8.51,4085.5383
2025-08-02 20:00:00+00:00,8.51,8.59,8.48,8.54,2712.7772
2025-08-02 22:00:00+00:00,8.54,8.6,8.46,8.53,2176.8659
2025-08-03 00:00:00+00:00,8.56,8.67,8.44,8.65,3194.1032
2025-08-03 02:00:00+00:00,8.65,8.7,8.61,8.64,2286.8057
2025-08-03 04:00:00+00:00,8.64,8.72,8.62,8.67,1267.2403
2025-08-03 06:00:00+00:00,8.68,8.76,8.65,8.76,1623.6613
2025-08-03 08:00:00+00:00,8.73,8.8,8.71,8.8,1826.4835
2025-08-03 10:00:00+00:00,8.78,8.9,8.76,8.84,3552.0878
2025-08-03 12:00:00+00:00,8.84,8.88,8.77,8.8,2457.8776
2025-08-03 14:00:00+00:00,8.82,8.85,8.76,8.84,1773.6584
2025-08-03 16:00:00+00:00,8.82,8.86,8.78,8.79,1267.3463
2025-08-03 18:00:00+00:00,8.8,8.9,8.78,8.85,1466.5392
2025-08-03 20:00:00+00:00,8.86,8.9,8.81,8.88,2003.093
2025-08-03 22:00:00+00:00,8.86,8.89,8.76,8.77,3406.1921
2025-08-04 00:00:00+00:00,8.77,8.97,8.77,8.92,2385.6094
2025-08-04 02:00:00+00:00,8.92,8.99,8.88,8.95,1906.2028
2025-08-04 04:00:00+00:00,8.94,8.99,8.9,8.96,1819.5783
2025-08-04 06:00:00+00:00,8.94,8.97,8.87,8.95,2680.5351
2025-08-04 08:00:00+00:00,8.94,9.01,8.88,8.89,3301.3623
2025-08-04 10:00:00+00:00,8.89,8.99,8.87,8.96,4046.2683
2025-08-04 12:00:00+00:00,8.97,9.06,8.88,9.06,2650.7257
2025-08-04 14:00:00+00:00,9.06,9.19,9.03,9.05,4898.9451
2025-08-04 16:00:00+00:00,9.05,9.24,9.05,9.21,2518.0912
2025-08-04 18:00:00+00:00,9.21,9.22,9.12,9.13,1752.797
2025-08-04 20:00:00+00:00,9.13,9.25,9.1,9.25,2957.4635
2025-08-04 22:00:00+00:00,9.25,9.38,9.24,9.26,4571.7105
2025-08-05 00:00:00+00:00,9.26,9.27,8.96,8.97,12569.464
2025-08-05 02:00:00+00:00,8.97,9.07,8.96,8.98,4064.9508
2025-08-05 04:00:00+00:00,8.97,9.11,8.97,9.09,6357.6006
2025-08-05 06:00:00+00:00,9.09,9.14,8.89,8.91,3363.6658
2025-08-05 08:00:00+00:00,8.91,9.11,8.89,9.1,6300.4107
2025-08-05 10:00:00+00:00,9.11,9.22,9.04,9.19,4105.4987
2025-08-05 12:00:00+00:00,9.19,9.23,9.06,9.11,4948.5519
2025-08-05 14:00:00+00:00,9.11,9.14,8.86,8.89,6233.321
2025-08-05 16:00:00+00:00,8.89,8.95,8.85,8.94,3468.9404
2025-08-05 18:00:00+00:00,8.94,8.95,8.78,8.8,3362.4918
2025-08-05 20:00:00+00:00,8.82,8.88,8.8,8.81,4119.2682
2025-08-05 22:00:00+00:00,8.81,8.91,8.72,8.89,4825.8244
2025-08-06 00:00:00+00:00,8.88,8.91,8.71,8.79,5762.8591
2025-08-06 02:00:00+00:00,8.79,8.79,8.62,8.68,4366.7024
2025-08-06 04:00:00+00:00,8.69,8.86,8.62,8.82,6298.6354
2025-08-06 06:00:00+00:00,8.82,8.91,8.75,8.89,4884.742
2025-08-06 08:00:00+00:00,8.9,8.95,8.76,8.9,6169.2889
2025-08-06 10:00:00+00:00,8.9,8.93,8.81,8.85,4226.7165
2025-08-06 12:00:00+00:00,8.85,8.91,8.76,8.85,7067.5481
2025-08-06 14:00:00+00:00,8.85,9.05,8.76,9.02,8476.8056
2025-08-06 16:00:00+00:00,9.02,9.07,8.94,9.07,4491.5149
2025-08-06 18:00:00+00:00,9.07,9.14,8.95,8.98,5257.7581
2025-08-06 20:00:00+00:00,8.98,9.01,8.93,8.96,2031.0028
2025-08-06 22:00:00+00:00,8.96,9.01,8.95,8.98,1902.0037
2025-08-07 00:00:00+00:00,8.97,9.06,8.95,8.95,3039.9776
2025-08-07 02:00:00+00:00,8.95,9.03,8.9,8.92,3822.0554
2025-08-07 04:00:00+00:00,8.92,9.02,8.91,9.02,3975.1328
2025-08-07 06:00:00+00:00,9.03,9.03,8.94,8.98,4018.9788
2025-08-07 08:00:00+00:00,8.99,9.07,8.97,9.03,3328.5942
2025-08-07 10:00:00+00:00,9.03,9.3,9.03,9.28,6768.3274
2025-08-07 12:00:00+00:00,9.28,9.34,9.21,9.29,6568.0206
2025-08-07 14:00:00+00:00,9.29,9.31,9.19,9.29,4904.6126
2025-08-07 16:00:00+00:00,9.29,9.29,9.09,9.21,5989.9318
2025-08-07 18:00:00+00:00,9.21,9.33,9.17,9.33,2130.4823
2025-08-07 20:00:00+00:00,9.33,9.35,9.26,9.26,2821.7891
2025-08-07 22:00:00+00:00,9.26,9.39,9.26,9.37,3658.7534
2025-08-08 00:00:00+00:00,9.36,9.46,9.28,9.37,6102.0668
2025-08-08 02:00:00+00:00,9.38,9.48,9.34,9.39,2268.9081
2025-08-08 04:00:00+00:00,9.39,9.62,9.34,9.49,8705.722
2025-08-08 06:00:00+00:00,9.49,9.58,9.44,9.53,4283.0643
2025-08-08 08:00:00+00:00,9.53,9.62,9.4,9.46,3890.5803
2025-08-08 10:00:00+00:00,9.47,9.57,9.45,9.5,5508.3224
2025-08-08 12:00:00+00:00,9.48,9.71,9.42,9.66,4876.6293
2025-08-08 14:00:00+00:00,9.68,9.7,9.45,9.51,6345.2301
2025-08-08 16:00:00+00:00,9.51,9.74,9.51,9.72,3702.1323
2025-08-08 18:00:00+00:00,9.73,9.86,9.7,9.78,5426.3191
2025-08-08 20:00:00+00:00,9.8,9.81,9.7,9.74,2713.7415
2025-08-08 22:00:00+00:00,9.76,9.77,9.69,9.71,1586.6496
2025-08-09 00:00:00+00:00,9.71,9.94,9.7,9.89,4532.0062
2025-08-09 02:00:00+00:00,9.87,9.98,9.82,9.95,3777.9786
2025-08-09 04:00:00+00:00,9.96,10.3,9.89,10.21,10943.688
2025-08-09 06:00:00+00:00,10.2,10.24,10.12,10.21,3324.9336
2025-08-09 08:00:00+00:00,10.21,10.23,10.12,10.2,3740.6825
2025-08-09 10:00:00+00:00,10.21,10.24,10.13,10.15,4222.9795
2025-08-09 12:00:00+00:00,10.15,10.19,10.04,10.04,3219.9485
2025-08-09 14:00:00+00:00,10.04,10.2,9.99,10.09,4627.7491
2025-08-09 16:00:00+00:00,10.1,10.23,10.09,10.21,2845.4071
2025-08-09 18:00:00+00:00,10.2,10.24,10.12,10.21,3417.255
2025-08-09 20:00:00+00:00,10.21,10.28,10.15,10.19,4781.8435
2025-08-09 22:00:00+00:00,10.17,10.26,10.09,10.1,3072.2215
2025-08-10 00:00:00+00:00,10.12,10.32,10.1,10.21,3916.3316
2025-08-10 02:00:00+00:00,10.22,10.25,10.08,10.21,2065.7322
2025-08-10 04:00:00+00:00,10.21,10.28,10.15,10.16,1840.9772
2025-08-10 06:00:00+00:00,10.17,10.25,9.98,9.99,2914.1284
2025-08-10 08:00:00+00:00,10.0,10.1,9.92,10.05,4000.4975
2025-08-10 10:00:00+00:00,10.04,10.37,9.94,10.17,16452.5703
2025-08-10 12:00:00+00:00,10.17,10.32,10.05,10.09,14048.7054
2025-08-10 14:00:00+00:00,10.11,10.58,10.04,10.5,30448.2353
2025-08-10 16:00:00+00:00,10.51,10.84,10.36,10.73,37401.1487
2025-08-10 18:00:00+00:00,10.73,11.29,10.62,10.87,63170.0268
2025-08-10 20:00:00+00:00,10.85,10.88,10.54,10.54,19703.5638
2025-08-10 22:00:00+00:00,10.54,10.65,10.53,10.54,9701.893
2025-08-11 00:00:00+00:00,10.54,10.7,10.45,10.65,9720.8885
2025-08-11 02:00:00+00:00,10.65,10.88,10.64,10.8,10532.4972
2025-08-11 04:00:00+00:00,10.78,10.9,10.7,10.73,5755.9809
2025-08-11 06:00:00+00:00,10.73,10.77,10.54,10.57,6230.4758
2025-08-11 08:00:00+00:00,10.59,10.64,10.49,10.53,6413.4804
2025-08-11 10:00:00+00:00,10.53,10.64,10.18,10.22,11730.7433
2025-08-11 12:00:00+00:00,10.22,10.42,10.18,10.38,8601.8818
2025-08-11 14:00:00+00:00,10.38,10.52,10.28,10.46,6753.8616
2025-08-11 16:00:00+00:00,10.45,10.52,10.31,10.36,5196.7093
2025-08-11 18:00:00+00:00,10.34,10.37,10.22,10.26,4251.6269
2025-08-11 20:00:00+00:00,10.26,10.28,10.04,10.11,3880.375
2025-08-11 22:00:00+00:00,10.11,10.19,10.02,10.13,2298.3132
2025-08-12 00:00:00+00:00,10.15,10.29,10.11,10.27,2617.671
2025-08-12 02:00:00+00:00,10.27,10.38,10.21,10.23,2125.4309
2025-08-12 04:00:00+00:00,10.25,10.33,10.17,10.19,2553.726
2025-08-12 06:00:00+00:00,10.2,10.37,10.15,10.37,3224.7531
2025-08-12 08:00:00+00:00,10.35,10.41,10.21,10.27,6790.9374
2025-08-12 10:00:00+00:00,10.27,10.34,10.19,10.3,5601.1238
2025-08-12 12:00:00+00:00,10.33,10.65,10.27,10.42,9528.528
2025-08-12 14:00:00+00:00,10.41,10.77,10.41,10.74,4358.5935
2025-08-12 16:00:00+00:00,10.74,10.81,10.66,10.8,3774.8626
2025-08-12 18:00:00+00:00,10.8,10.89,10.73,10.83,4569.1604
2025-08-12 20:00:00+00:00,10.82,10.92,10.78,10.79,4664.9589
2025-08-12 22:00:00+00:00,10.81,11.02,10.79,10.95,5408.1483
2025-08-13 00:00:00+00:00,10.95,11.0,10.8,10.92,2955.2548
2025-08-13 02:00:00+00:00,10.92,11.2,10.8,11.14,4197.8475
2025-08-13 04:00:00+00:00,11.14,11.26,11.1,11.11,5484.6819
2025-08-13 06:00:00+00:00,11.11,11.29,11.09,11.22,6916.0629
2025-08-13 08:00:00+00:00,11.22,11.28,11.1,11.22,6764.6277
2025-08-13 10:00:00+00:00,11.22,11.23,11.09,11.12,6291.1932
2025-08-13 12:00:00+00:00,11.13,11.26,11.09,11.12,4773.9503
2025-08-13 14:00:00+00:00,11.13,11.25,11.08,11.2,6805.6722
2025-08-13 16:00:00+00:00,11.22,11.27,11.08,11.09,5886.4194
2025-08-13 18:00:00+00:00,11.1,11.21,11.02,11.11,4971.1965
2025-08-13 20:00:00+00:00,11.12,11.16,10.99,11.02,3933.0487
2025-08-13 22:00:00+00:00,11.03,11.16,11.0,11.11,2800.8961
2025-08-14 00:00:00+00:00,11.13,11.17,10.98,11.13,4054.0329
2025-08-14 02:00:00+00:00,11.1,11.23,11.09,11.2,2496.9178
2025-08-14 04:00:00+00:00,11.2,11.22,11.01,11.01,3960.7851
2025-08-14 06:00:00+00:00,11.04,11.12,10.92,10.98,4869.1297
2025-08-14 08:00:00+00:00,11.0,11.0,10.86,10.95,4466.0816
2025-08-14 10:00:00+00:00,10.95,11.0,10.83,10.87,3310.1376
2025-08-14 12:00:00+00:00,10.88,10.9,10.34,10.63,14591.459
2025-08-14 14:00:00+00:00,10.63,10.73,10.48,10.55,9867.3727
2025-08-14 16:00:00+00:00,10.55,10.56,10.39,10.43,6322.4376
2025-08-14 18:00:00+00:00,10.45,10.54,10.39,10.47,3595.3702
2025-08-14 20:00:00+00:00,10.47,10.49,10.26,10.31,3592.8053
2025-08-14 22:00:00+00:00,10.34,10.46,10.27,10.39,3361.0079
2025-08-15 00:00:00+00:00,10.39,10.58,10.37,10.57,3457.672
2025-08-15 02:00:00+00:00,10.56,10.67,10.56,10.63,2512.3255
2025-08-15 04:00:00+00:00,10.62,10.67,10.56,10.64,1655.7224
2025-08-15 06:00:00+00:00,10.64,10.7,10.63,10.67,2402.2958
2025-08-15 08:00:00+00:00,10.67,10.81,10.67,10.74,4051.7462
2025-08-15 10:00:00+00:00,10.73,10.86,10.69,10.76,3403.4042
2025-08-15 12:00:00+00:00,10.75,10.84,10.55,10.58,5387.5476
2025-08-15 14:00:00+00:00,10.56,10.67,10.18,10.27,13751.8819
2025-08-15 16:00:00+00:00,10.27,10.27,10.1,10.25,10270.032
2025-08-15 18:00:00+00:00,10.25,10.31,10.16,10.23,5374.2302
2025-08-15 20:00:00+00:00,10.23,10.33,10.2,10.31,3483.0323
2025-08-15 22:00:00+00:00,10.31,10.42,10.25,10.27,2526.9702
2025-08-16 00:00:00+00:00,10.27,10.4,10.27,10.37,2067.8232
2025-08-16 02:00:00+00:00,10.37,10.43,10.34,10.34,1826.3433
2025-08-16 04:00:00+00:00,10.35,10.43,10.29,10.29,2648.7517
2025-08-16 06:00:00+00:00,10.28,10.33,10.17,10.3,4612.4995
2025-08-16 08:00:00+00:00,10.3,10.42,10.3,10.32,3439.7425
2025-08-16 10:00:00+00:00,10.27,10.45,10.25,10.28,5361.7284
2025-08-16 12:00:00+00:00,10.29,10.46,10.26,10.33,3505.7321
2025-08-16 14:00:00+00:00,10.33,10.5,10.3,10.47,3708.649
2025-08-16 16:00:00+00:00,10.47,10.61,10.46,10.58,7083.7489
2025-08-16 18:00:00+00:00,10.59,10.65,10.53,10.6,2639.1204
2025-08-16 20:00:00+00:00,10.6,10.63,10.52,10.55,3199.3656
2025-08-16 22:00:00+00:00,10.53,10.61,10.49,10.57,1036.017
2025-08-17 00:00:00+00:00,10.57,10.61,10.51,10.58,1270.1183
2025-08-17 02:00:00+00:00,10.58,10.89,10.56,10.83,10479.8317
2025-08-17 04:00:00+00:00,10.83,10.9,10.76,10.83,2176.7279
2025-08-17 06:00:00+00:00,10.83,11.04,10.81,10.96,4714.8485
2025-08-17 08:00:00+00:00,10.97,11.28,10.7,10.96,30567.5619
2025-08-17 10:00:00+00:00,10.98,11.1,10.92,10.93,5494.3125
2025-08-17 12:00:00+00:00,10.93,10.95,10.83,10.89,4086.9197
2025-08-17 14:00:00+00:00,10.88,10.93,10.81,10.88,3255.4217
2025-08-17 16:00:00+00:00,10.88,10.91,10.73,10.79,2369.2003
2025-08-17 18:00:00+00:00,10.77,10.8,10.59,10.67,3517.4996
2025-08-17 20:00:00+00:00,10.66,10.77,10.65,10.71,2053.4237
2025-08-17 22:00:00+00:00,10.71,10.8,10.67,10.69,4431.7003
2025-08-18 00:00:00+00:00,10.69,10.71,10.46,10.48,4958.6243
2025-08-18 02:00:00+00:00,10.49,10.5,10.2,10.28,5975.8694
2025-08-18 04:00:00+00:00,10.27,10.36,10.17,10.28,4667.5457
2025-08-18 06:00:00+00:00,10.27,10.28,10.06,10.16,6002.6966
2025-08-18 08:00:00+00:00,10.18,10.3,10.11,10.24,2960.2159
2025-08-18 10:00:00+00:00,10.25,10.31,10.22,10.27,3039.128
2025-08-18 12:00:00+00:00,10.26,10.48,10.25,10.29,3796.9528
2025-08-18 14:00:00+00:00,10.29,10.44,10.22,10.42,3792.2574
2025-08-18 16:00:00+00:00,10.41,10.48,10.3,10.42,2791.718
2025-08-18 18:00:00+00:00,10.42,10.52,10.35,10.46,4060.3207
2025-08-18 20:00:00+00:00,10.46,10.47,10.31,10.39,3318.9948
2025-08-18 22:00:00+00:00,10.39,10.47,10.26,10.26,3459.5526
2025-08-19 00:00:00+00:00,10.27,10.43,10.15,10.26,3991.5754
2025-08-19 02:00:00+00:00,10.26,10.29,10.04,10.09,4057.4212
2025-08-19 04:00:00+00:00,10.09,10.15,9.99,10.07,4051.7421
2025-08-19 06:00:00+00:00,10.07,10.08,9.95,10.04,2661.0447
2025-08-19 08:00:00+00:00,10.04,10.36,9.99,10.31,4669.3929
2025-08-19 10:00:00+00:00,10.31,10.42,10.27,10.4,3635.3156
2025-08-19 12:00:00+00:00,10.42,10.47,10.24,10.34,4557.3249
2025-08-19 14:00:00+00:00,10.34,10.39,10.15,10.19,10200.2693
2025-08-19 16:00:00+00:00,10.2,10.25,10.06,10.17,5577.8865
2025-08-19 18:00:00+00:00,10.17,10.18,9.92,10.05,3560.3722
2025-08-19 20:00:00+00:00,10.05,10.12,10.01,10.02,2984.8073
2025-08-19 22:00:00+00:00,10.05,10.07,9.8,9.84,4531.4266
2025-08-20 00:00:00+00:00,9.84,9.9,9.69,9.82,4055.2034
2025-08-20 02:00:00+00:00,9.82,9.98,9.8,9.92,2471.5822
2025-08-20 04:00:00+00:00,9.92,10.05,9.91,10.05,1990.3
2025-08-20 06:00:00+00:00,10.05,10.12,10.0,10.05,1781.0593
2025-08-20 08:00:00+00:00,10.06,10.17,10.04,10.12,1809.9372
2025-08-20 10:00:00+00:00,10.14,10.18,9.98,10.06,2155.2668
2025-08-20 12:00:00+00:00,10.08,10.21,9.9,9.96,3973.4408
2025-08-20 14:00:00+00:00,9.96,10.38,9.87,10.22,5731.0128
2025-08-20 16:00:00+00:00,10.23,10.42,10.23,10.4,3564.6208
2025-08-20 18:00:00+00:00,10.4,10.48,10.2,10.45,3198.2657
2025-08-20 20:00:00+00:00,10.45,10.55,10.43,10.51,3616.2521
2025-08-20 22:00:00+00:00,10.5,10.53,10.39,10.4,2207.7215
2025-08-21 00:00:00+00:00,10.4,10.48,10.35,10.47,2732.6656
2025-08-21 02:00:00+00:00,10.49,10.5,10.25,10.33,2509.965
2025-08-21 04:00:00+00:00,10.33,10.34,10.21,10.26,3626.4129
2025-08-21 06:00:00+00:00,10.28,10.28,10.15,10.23,3000.8791
2025-08-21 08:00:00+00:00,10.24,10.24,10.11,10.16,2939.6573
2025-08-21 10:00:00+00:00,10.19,10.23,10.11,10.16,3640.067
2025-08-21 12:00:00+00:00,10.16,10.19,10.02,10.09,3615.5256
2025-08-21 14:00:00+00:00,10.07,10.21,9.88,9.91,8095.6598
2025-08-21 16:00:00+00:00,9.92,10.0,9.84,9.91,3822.2101
2025-08-21 18:00:00+00:00,9.91,10.09,9.91,9.95,2503.5763
2025-08-21 20:00:00+00:00,9.95,10.09,9.89,10.08,3675.2168
2025-08-21 22:00:00+00:00,10.08,10.15,10.0,10.05,2182.5642
2025-08-22 00:00:00+00:00,10.06,10.12,9.97,10.09,2856.5931
2025-08-22 02:00:00+00:00,10.07,10.25,10.05,10.1,3255.2754
2025-08-22 04:00:00+00:00,10.1,10.17,10.03,10.14,2283.8887
2025-08-22 06:00:00+00:00,10.13,10.22,10.07,10.18,2705.1233
2025-08-22 08:00:00+00:00,10.18,10.28,10.04,10.09,3953.9214
2025-08-22 10:00:00+00:00,10.08,10.11,9.91,9.94,3505.4774
2025-08-22 12:00:00+00:00,9.94,10.0,9.74,9.91,7478.099
2025-08-22 14:00:00+00:00,9.92,10.78,9.92,10.6,23888.8117
2025-08-22 16:00:00+00:00,10.59,11.04,10.59,10.88,16915.3043
2025-08-22 18:00:00+00:00,10.88,11.03,10.8,10.99,5728.7415
2025-08-22 20:00:00+00:00,10.99,11.09,10.95,10.97,5992.0696
2025-08-22 22:00:00+00:00,10.97,11.0,10.85,10.9,5266.7996
2025-08-23 00:00:00+00:00,10.9,10.92,10.74,10.8,4945.7447
2025-08-23 02:00:00+00:00,10.8,10.81,10.62,10.66,4235.1624
2025-08-23 04:00:00+00:00,10.67,10.82,10.67,10.8,3616.5146
2025-08-23 06:00:00+00:00,10.82,10.83,10.66,10.71,2930.5314
2025-08-23 08:00:00+00:00,10.7,10.86,10.69,10.79,4973.6793
2025-08-23 10:00:00+00:00,10.79,10.82,10.71,10.76,3595.5577
2025-08-23 12:00:00+00:00,10.76,10.8,10.67,10.73,4720.2209
2025-08-23 14:00:00+00:00,10.72,10.79,10.68,10.73,3489.5427
2025-08-23 16:00:00+00:00,10.73,10.75,10.69,10.73,2340.6917
2025-08-23 18:00:00+00:00,10.74,10.81,10.7,10.81,1719.6652
2025-08-23 20:00:00+00:00,10.81,10.82,10.74,10.76,2680.0342
2025-08-23 22:00:00+00:00,10.76,10.85,10.76,10.83,1564.1302
2025-08-24 00:00:00+00:00,10.84,11.07,10.82,10.89,10903.2091
2025-08-24 02:00:00+00:00,10.91,10.95,10.81,10.85,3881.7427
2025-08-24 04:00:00+00:00,10.83,10.87,10.75,10.78,3768.4925
2025-08-24 06:00:00+00:00,10.77,11.07,10.66,10.86,14200.4463
2025-08-24 08:00:00+00:00,10.87,11.02,10.68,10.74,12761.4646
2025-08-24 10:00:00+00:00,10.74,10.78,10.57,10.63,5883.1101
2025-08-24 12:00:00+00:00,10.63,10.74,10.6,10.71,3127.4382
2025-08-24 14:00:00+00:00,10.7,10.82,10.66,10.72,4842.2869
2025-08-24 16:00:00+00:00,10.72,10.92,10.7,10.9,7471.5785
2025-08-24 18:00:00+00:00,10.9,11.05,10.65,10.8,11543.4354
2025-08-24 20:00:00+00:00,10.8,10.85,10.6,10.76,8174.8051
2025-08-24 22:00:00+00:00,10.77,10.8,10.57,10.68,4934.4802
2025-08-25 00:00:00+00:00,10.68,10.73,10.47,10.61,5010.5808
2025-08-25 02:00:00+00:00,10.61,10.78,10.6,10.65,3923.7574
2025-08-25 04:00:00+00:00,10.66,10.7,10.54,10.54,3525.324
2025-08-25 06:00:00+00:00,10.55,10.56,10.22,10.25,5894.3893
2025-08-25 08:00:00+00:00,10.27,10.31,10.17,10.26,4740.6726
2025-08-25 10:00:00+00:00,10.27,10.3,10.12,10.24,5165.7802
2025-08-25 12:00:00+00:00,10.24,10.35,10.21,10.29,4321.0932
2025-08-25 14:00:00+00:00,10.29,10.41,10.25,10.28,3268.6199
2025-08-25 16:00:00+00:00,10.28,10.34,10.11,10.12,3484.1557
2025-08-25 18:00:00+00:00,10.15,10.19,9.92,9.92,4093.4304
2025-08-25 20:00:00+00:00,9.94,9.99,9.64,9.7,7988.6102
2025-08-25 22:00:00+00:00,9.71,9.81,9.69,9.77,2824.6884
2025-08-26 00:00:00+00:00,9.76,9.81,9.64,9.8,4211.303
2025-08-26 02:00:00+00:00,9.8,9.84,9.75,9.8,3043.5725
2025-08-26 04:00:00+00:00,9.8,9.94,9.79,9.9,2536.8933
2025-08-26 06:00:00+00:00,9.89,9.94,9.8,9.88,3213.7035
2025-08-26 08:00:00+00:00,9.87,9.91,9.83,9.86,2306.2421
2025-08-26 10:00:00+00:00,9.87,9.93,9.78,9.83,3593.685
2025-08-26 12:00:00+00:00,9.83,10.05,9.78,9.91,6894.1398
2025-08-26 14:00:00+00:00,9.91,10.05,9.84,9.93,4538.1141
2025-08-26 16:00:00+00:00,9.93,10.36,9.91,10.2,16833.9464
2025-08-26 18:00:00+00:00,10.2,10.26,10.13,10.25,6641.4153
2025-08-26 20:00:00+00:00,10.25,10.31,10.2,10.29,2567.3505
2025-08-26 22:00:00+00:00,10.31,10.31,10.17,10.18,5495.9917
2025-08-27 00:00:00+00:00,10.19,10.22,10.07,10.13,2468.0865
2025-08-27 02:00:00+00:00,10.14,10.23,10.09,10.19,3016.3823
2025-08-27 04:00:00+00:00,10.19,10.3,10.17,10.18,2971.7799
2025-08-27 06:00:00+00:00,10.2,10.21,10.1,10.12,2210.3185
2025-08-27 08:00:00+00:00,10.14,10.21,10.1,10.17,3544.1103
2025-08-27 10:00:00+00:00,10.17,10.18,10.1,10.17,2926.479
2025-08-27 12:00:00+00:00,10.17,10.2,10.07,10.08,2975.4101
2025-08-27 14:00:00+00:00,10.06,10.24,10.03,10.24,3376.113
2025-08-27 16:00:00+00:00,10.24,10.29,10.12,10.27,8340.5811
2025-08-27 18:00:00+00:00,10.27,10.3,10.19,10.24,4666.2606
2025-08-27 20:00:00+00:00,10.24,10.35,10.15,10.15,7634.8194
2025-08-27 22:00:00+00:00,10.17,10.21,10.08,10.16,3381.4275
2025-08-28 00:00:00+00:00,10.17,10.25,10.11,10.24,3211.0149
2025-08-28 02:00:00+00:00,10.24,10.29,10.18,10.27,2002.9578
2025-08-28 04:00:00+00:00,10.27,10.31,10.22,10.29,3492.05
2025-08-28 06:00:00+00:00,10.29,10.5,10.27,10.47,5719.9843
2025-08-28 08:00:00+00:00,10.47,10.59,10.35,10.37,5025.3706
2025-08-28 10:00:00+00:00,10.37,10.43,10.26,10.32,3430.4037
2025-08-28 12:00:00+00:00,10.33,10.41,10.3,10.31,2329.9292
2025-08-28 14:00:00+00:00,10.33,10.42,10.22,10.26,3676.8773
2025-08-28 16:00:00+00:00,10.26,10.3,10.13,10.21,3164.5998
2025-08-28 18:00:00+00:00,10.19,10.23,10.03,10.05,4043.9303
2025-08-28 20:00:00+00:00,10.04,10.16,10.02,10.14,2954.6998
2025-08-28 22:00:00+00:00,10.14,10.34,10.13,10.34,1952.4583
2025-08-29 00:00:00+00:00,10.33,10.36,10.18,10.19,3136.5416
2025-08-29 02:00:00+00:00,10.21,10.32,10.18,10.29,1324.0622
2025-08-29 04:00:00+00:00,10.29,10.32,10.18,10.18,1749.5425
2025-08-29 06:00:00+00:00,10.2,10.2,9.87,9.87,3355.5168
2025-08-29 08:00:00+00:00,9.89,9.94,9.62,9.8,10085.6977
2025-08-29 10:00:00+00:00,9.79,9.9,9.78,9.85,3478.1575
2025-08-29 12:00:00+00:00,9.85,10.02,9.78,9.78,5354.1993
2025-08-29 14:00:00+00:00,9.78,9.85,9.69,9.79,4284.5801
2025-08-29 16:00:00+00:00,9.79,9.83,9.73,9.8,4660.0688
2025-08-29 18:00:00+00:00,9.83,9.85,9.69,9.76,2925.4669
2025-08-29 20:00:00+00:00,9.78,9.82,9.67,9.77,2782.9507
2025-08-29 22:00:00+00:00,9.8,9.86,9.77,9.86,1134.9543
2025-08-30 00:00:00+00:00,9.84,9.88,9.63,9.63,2325.2095
2025-08-30 02:00:00+00:00,9.63,9.94,9.63,9.91,2997.741
2025-08-30 04:00:00+00:00,9.9,9.98,9.89,9.95,2235.4722
2025-08-30 06:00:00+00:00,9.94,10.08,9.93,10.07,2318.6333
2025-08-30 08:00:00+00:00,10.07,10.09,9.92,9.95,2855.5509
2025-08-30 10:00:00+00:00,9.96,9.99,9.86,9.96,6429.5339
2025-08-30 12:00:00+00:00,9.96,9.96,9.69,9.79,12025.9161
2025-08-30 14:00:00+00:00,9.82,9.91,9.73,9.87,2925.3858
2025-08-30 16:00:00+00:00,9.87,9.89,9.76,9.76,2660.7994
2025-08-30 18:00:00+00:00,9.76,9.8,9.7,9.79,1855.4255
2025-08-30 20:00:00+00:00,9.8,9.85,9.76,9.82,1880.7536
2025-08-30 22:00:00+00:00,9.82,9.93,9.78,9.9,2282.661
2025-08-31 00:00:00+00:00,9.9,10.18,9.88,10.16,4203.0719
2025-08-31 02:00:00+00:00,10.18,10.31,10.16,10.29,4971.4102
2025-08-31 04:00:00+00:00,10.29,10.31,10.09,10.11,9227.7905
2025-08-31 06:00:00+00:00,10.12,10.14,10.02,10.06,2626.4645
2025-08-31 08:00:00+00:00,10.06,10.17,10.04,10.04,2351.3903
2025-08-31 10:00:00+00:00,10.06,10.07,9.93,10.02,5415.1156
2025-08-31 12:00:00+00:00,10.02,10.03,9.88,9.91,4625.4748
2025-08-31 14:00:00+00:00,9.94,9.94,9.79,9.87,4583.463
2025-08-31 16:00:00+00:00,9.87,9.89,9.82,9.84,2061.4337
2025-08-31 18:00:00+00:00,9.84,9.95,9.82,9.9,2867.2237
2025-08-31 20:00:00+00:00,9.89,10.0,9.87,9.96,2607.401
2025-08-31 22:00:00+00:00,9.98,9.98,9.67,9.71,5040.4812
2025-09-01 00:00:00+00:00,9.71,9.73,9.55,9.63,8318.2687
2025-09-01 02:00:00+00:00,9.63,9.63,9.5,9.56,4265.5948
2025-09-01 04:00:00+00:00,9.56,9.62,9.46,9.59,3514.1593
2025-09-01 06:00:00+00:00,9.62,9.85,9.55,9.82,3310.5467
2025-09-01 08:00:00+00:00,9.84,9.93,9.64,9.67,14806.8313
2025-09-01 10:00:00+00:00,9.67,9.71,9.52,9.57,6796.0682
2025-09-01 12:00:00+00:00,9.57,9.65,9.48,9.51,5041.6999
2025-09-01 14:00:00+00:00,9.52,9.55,9.4,9.43,4761.6559
2025-09-01 16:00:00+00:00,9.42,9.43,9.3,9.34,4996.1793
2025-09-01 18:00:00+00:00,9.36,9.47,9.34,9.47,1927.1629
2025-09-01 20:00:00+00:00,9.47,9.48,9.16,9.23,4505.8262
2025-09-01 22:00:00+00:00,9.25,9.36,9.19,9.32,3226.6033
2025-09-02 00:00:00+00:00,9.35,9.44,9.3,9.4,3970.4551
2025-09-02 02:00:00+00:00,9.38,9.54,9.37,9.52,2338.9044
2025-09-02 04:00:00+00:00,9.53,9.6,9.5,9.58,2800.9515
2025-09-02 06:00:00+00:00,9.56,9.62,9.46,9.5,2830.2067
2025-09-02 08:00:00+00:00,9.49,9.56,9.46,9.54,1883.6147
2025-09-02 10:00:00+00:00,9.55,9.56,9.47,9.47,1589.6545
2025-09-02 12:00:00+00:00,9.5,9.61,9.31,9.57,4012.8791
2025-09-02 14:00:00+00:00,9.58,9.61,9.32,9.32,6178.5401
2025-09-02 16:00:00+00:00,9.35,9.45,9.34,9.41,3018.7632
2025-09-02 18:00:00+00:00,9.42,9.45,9.29,9.36,3278.0479
2025-09-02 20:00:00+00:00,9.36,9.52,9.36,9.49,2111.6041
2025-09-02 22:00:00+00:00,9.51,9.56,9.44,9.45,2564.34
2025-09-03 00:00:00+00:00,9.45,9.53,9.4,9.49,2647.7893
2025-09-03 02:00:00+00:00,9.51,9.58,9.47,9.51,3909.2799
2025-09-03 04:00:00+00:00,9.51,9.51,9.4,9.42,2105.1518
2025-09-03 06:00:00+00:00,9.42,9.48,9.37,9.42,2212.0115
2025-09-03 08:00:00+00:00,9.42,9.5,9.37,9.48,2747.6524
2025-09-03 10:00:00+00:00,9.47,9.53,9.44,9.47,3851.6203
2025-09-03 12:00:00+00:00,9.47,9.53,9.43,9.52,4391.1609
2025-09-03 14:00:00+00:00,9.52,9.68,9.48,9.66,6149.235
2025-09-03 16:00:00+00:00,9.66,9.67,9.57,9.65,2832.9519
2025-09-03 18:00:00+00:00,9.65,9.66,9.6,9.66,2602.2725
2025-09-03 20:00:00+00:00,9.66,9.72,9.57,9.61,1817.7362
2025-09-03 22:00:00+00:00,9.61,9.66,9.57,9.6,2987.2652
2025-09-04 00:00:00+00:00,9.61,9.66,9.56,9.6,4032.9816
2025-09-04 02:00:00+00:00,9.6,9.6,9.4,9.41,3514.2038
2025-09-04 04:00:00+00:00,9.42,9.44,9.3,9.33,4868.8132
2025-09-04 06:00:00+00:00,9.34,9.36,9.28,9.33,3537.4039
2025-09-04 08:00:00+00:00,9.32,9.41,9.31,9.41,2525.6332
2025-09-04 10:00:00+00:00,9.41,9.44,9.36,9.37,3209.7631
2025-09-04 12:00:00+00:00,9.36,9.42,9.31,9.33,4740.6634
2025-09-04 14:00:00+00:00,9.32,9.34,9.18,9.2,5450.9094
2025-09-04 16:00:00+00:00,9.21,9.28,9.19,9.23,2864.8543
2025-09-04 18:00:00+00:00,9.22,9.25,9.13,9.15,3823.0983
2025-09-04 20:00:00+00:00,9.14,9.28,9.13,9.22,2873.8834
2025-09-04 22:00:00+00:00,9.23,9.36,9.22,9.25,1421.7356
2025-09-05 00:00:00+00:00,9.27,9.37,9.25,9.34,3837.1608
2025-09-05 02:00:00+00:00,9.34,9.37,9.3,9.37,2244.9073
2025-09-05 04:00:00+00:00,9.37,9.43,9.33,9.42,2042.1727
2025-09-05 06:00:00+00:00,9.42,9.6,9.36,9.59,4212.6121
2025-09-05 08:00:00+00:00,9.58,9.59,9.43,9.45,3813.2121
2025-09-05 10:00:00+00:00,9.45,9.55,9.45,9.53,3346.7246
2025-09-05 12:00:00+00:00,9.51,9.72,9.5,9.66,9223.1121
2025-09-05 14:00:00+00:00,9.66,9.66,9.28,9.33,7559.8592
2025-09-05 16:00:00+00:00,9.34,9.36,9.27,9.31,3015.393
2025-09-05 18:00:00+00:00,9.31,9.43,9.28,9.42,2979.7427
2025-09-05 20:00:00+00:00,9.42,9.48,9.39,9.41,4006.5222
2025-09-05 22:00:00+00:00,9.43,9.47,9.4,9.44,1573.7492
2025-09-06 00:00:00+00:00,9.45,9.47,9.39,9.46,1801.8542
2025-09-06 02:00:00+00:00,9.46,9.49,9.42,9.47,1787.0528
2025-09-06 04:00:00+00:00,9.47,9.47,9.32,9.34,2207.1688
2025-09-06 06:00:00+00:00,9.34,9.36,9.32,9.33,1506.006
2025-09-06 08:00:00+00:00,9.34,9.35,9.29,9.29,3049.3896
2025-09-06 10:00:00+00:00,9.29,9.4,9.28,9.39,2292.8882
2025-09-06 12:00:00+00:00,9.39,9.41,9.35,9.4,3320.7107
2025-09-06 14:00:00+00:00,9.39,9.48,9.3,9.32,7618.0089
2025-09-06 16:00:00+00:00,9.31,9.36,9.27,9.32,4163.5714
2025-09-06 18:00:00+00:00,9.33,9.37,9.25,9.25,2246.9589
2025-09-06 20:00:00+00:00,9.26,9.36,9.26,9.36,2019.3836
2025-09-06 22:00:00+00:00,9.35,9.38,9.33,9.34,1799.2566
2025-09-07 00:00:00+00:00,9.34,9.4,9.33,9.4,2544.2468
2025-09-07 02:00:00+00:00,9.4,9.47,9.37,9.46,3380.3912
2025-09-07 04:00:00+00:00,9.46,9.49,9.45,9.48,1899.471
2025-09-07 06:00:00+00:00,9.48,9.49,9.39,9.42,2629.4203
2025-09-07 08:00:00+00:00,9.42,9.47,9.39,9.4,3586.5253
2025-09-07 10:00:00+00:00,9.41,9.43,9.35,9.42,2898.1109
2025-09-07 12:00:00+00:00,9.43,9.47,9.4,9.42,3414.9894
2025-09-07 14:00:00+00:00,9.42,9.49,9.41,9.48,2964.4191
2025-09-07 16:00:00+00:00,9.47,9.49,9.33,9.33,3479.3743
2025-09-07 18:00:00+00:00,9.35,9.38,9.32,9.35,2904.4528
2025-09-07 20:00:00+00:00,9.35,9.38,9.32,9.35,2094.8614
2025-09-07 22:00:00+00:00,9.35,9.49,9.35,9.44,2934.4855
2025-09-08 00:00:00+00:00,9.44,9.46,9.39,9.42,3941.309
2025-09-08 02:00:00+00:00,9.42,9.57,9.4,9.54,4726.7286
2025-09-08 04:00:00+00:00,9.54,9.55,9.48,9.51,3072.3091
2025-09-08 06:00:00+00:00,9.51,9.55,9.45,9.48,3170.7895
2025-09-08 08:00:00+00:00,9.49,9.59,9.48,9.54,3997.249
2025-09-08 10:00:00+00:00,9.54,9.61,9.49,9.55,3548.0179
2025-09-08 12:00:00+00:00,9.56,9.62,9.52,9.53,4608.6847
2025-09-08 14:00:00+00:00,9.52,9.67,9.52,9.65,3506.8593
2025-09-08 16:00:00+00:00,9.66,9.72,9.59,9.61,4211.4406
2025-09-08 18:00:00+00:00,9.62,9.68,9.59,9.6,3044.9295
2025-09-08 20:00:00+00:00,9.61,9.63,9.54,9.6,2992.6198
2025-09-08 22:00:00+00:00,9.6,9.65,9.58,9.62,2912.9655
2025-09-09 00:00:00+00:00,9.62,9.67,9.57,9.58,3855.3411
2025-09-09 02:00:00+00:00,9.58,9.63,9.51,9.63,2969.7289
2025-09-09 04:00:00+00:00,9.63,9.65,9.6,9.64,4320.1136
2025-09-09 06:00:00+00:00,9.64,9.8,9.63,9.77,3854.2452
2025-09-09 08:00:00+00:00,9.77,9.8,9.71,9.75,3252.53
2025-09-09 10:00:00+00:00,9.75,9.78,9.69,9.7,3053.5751
2025-09-09 12:00:00+00:00,9.69,9.77,9.63,9.69,5148.4589
2025-09-09 14:00:00+00:00,9.7,9.71,9.45,9.5,7279.6552
2025-09-09 16:00:00+00:00,9.5,9.56,9.48,9.51,3075.8335
2025-09-09 18:00:00+00:00,9.49,9.53,9.45,9.48,2241.1251
2025-09-09 20:00:00+00:00,9.48,9.51,9.43,9.45,2922.2375
2025-09-09 22:00:00+00:00,9.45,9.55,9.43,9.53,2460.1152
2025-09-10 00:00:00+00:00,9.53,9.55,9.5,9.52,1980.224
2025-09-10 02:00:00+00:00,9.52,9.62,9.52,9.61,2364.623
2025-09-10 04:00:00+00:00,9.62,9.62,9.36,9.45,11848.6027
2025-09-10 06:00:00+00:00,9.45,9.56,9.41,9.52,4436.1731
2025-09-10 08:00:00+00:00,9.52,9.55,9.48,9.55,2681.7971
2025-09-10 10:00:00+00:00,9.55,9.62,9.51,9.6,5434.7001
2025-09-10 12:00:00+00:00,9.61,9.78,9.58,9.75,6027.601
2025-09-10 14:00:00+00:00,9.75,9.79,9.7,9.72,4114.1901
2025-09-10 16:00:00+00:00,9.71,9.73,9.57,9.61,4040.1075
2025-09-10 18:00:00+00:00,9.61,9.62,9.47,9.52,3401.5583
2025-09-10 20:00:00+00:00,9.51,9.58,9.5,9.57,2417.4618
2025-09-10 22:00:00+00:00,9.56,9.59,9.54,9.57,2084.64
2025-09-11 00:00:00+00:00,9.56,9.69,9.55,9.67,3256.0682
2025-09-11 02:00:00+00:00,9.66,9.68,9.63,9.67,2092.9665
2025-09-11 04:00:00+00:00,9.67,9.68,9.61,9.65,2506.3557
2025-09-11 06:00:00+00:00,9.65,9.7,9.63,9.67,3601.2031
2025-09-11 08:00:00+00:00,9.66,9.69,9.57,9.58,2552.3889
2025-09-11 10:00:00+00:00,9.59,9.63,9.56,9.57,3631.3806
2025-09-11 12:00:00+00:00,9.58,9.66,9.47,9.61,6976.2593
2025-09-11 14:00:00+00:00,9.61,9.61,9.47,9.48,3995.1257
2025-09-11 16:00:00+00:00,9.48,9.63,9.48,9.56,4547.084
2025-09-11 18:00:00+00:00,9.56,9.59,9.53,9.57,1782.0282
2025-09-11 20:00:00+00:00,9.57,9.62,9.53,9.61,1346.2297
2025-09-11 22:00:00+00:00,9.61,9.67,9.55,9.66,1609.2501
2025-09-12 00:00:00+00:00,9.66,9.72,9.62,9.64,1947.9657
2025-09-12 02:00:00+00:00,9.64,9.7,9.61,9.65,1564.524
2025-09-12 04:00:00+00:00,9.65,9.7,9.64,9.7,3107.8479
2025-09-12 06:00:00+00:00,9.68,9.72,9.64,9.65,2179.0379
2025-09-12 08:00:00+00:00,9.65,9.7,9.61,9.64,2841.7758
2025-09-12 10:00:00+00:00,9.64,9.65,9.58,9.61,2160.3892
2025-09-12 12:00:00+00:00,9.6,9.79,9.53,9.63,8701.9071
2025-09-12 14:00:00+00:00,9.62,9.67,9.54,9.61,2973.8796
2025-09-12 16:00:00+00:00,9.61,9.8,9.6,9.78,2489.9532
2025-09-12 18:00:00+00:00,9.76,9.85,9.75,9.84,2666.8912
2025-09-12 20:00:00+00:00,9.83,9.92,9.75,9.77,7969.3305
2025-09-12 22:00:00+00:00,9.77,9.9,9.77,9.82,4374.2601
2025-09-13 00:00:00+00:00,9.84,9.85,9.77,9.79,2157.9026
2025-09-13 02:00:00+00:00,9.79,9.92,9.75,9.92,2036.2934
2025-09-13 04:00:00+00:00,9.92,9.92,9.83,9.84,2062.3584
2025-09-13 06:00:00+00:00,9.86,10.28,9.84,10.12,16582.3325
2025-09-13 08:00:00+00:00,10.13,10.15,10.05,10.1,3723.1876
2025-09-13 10:00:00+00:00,10.12,10.18,10.07,10.14,4676.4539
2025-09-13 12:00:00+00:00,10.16,10.16,9.97,10.05,4496.7043
2025-09-13 14:00:00+00:00,10.07,10.1,9.94,9.95,8938.6209
2025-09-13 16:00:00+00:00,9.97,10.15,9.94,10.04,7063.4259
2025-09-13 18:00:00+00:00,10.04,10.13,10.02,10.11,1945.8356
2025-09-13 20:00:00+00:00,10.1,10.2,10.1,10.16,2512.7795
2025-09-13 22:00:00+00:00,10.16,10.2,10.11,10.15,1904.512
2025-09-14 00:00:00+00:00,10.15,10.18,10.05,10.11,2074.7029
2025-09-14 02:00:00+00:00,10.11,10.15,10.01,10.03,3742.859
2025-09-14 04:00:00+00:00,10.02,10.12,9.95,10.1,2159.1937
2025-09-14 06:00:00+00:00,10.08,10.12,10.0,10.02,2243.9757
2025-09-14 08:00:00+00:00,10.02,10.06,9.98,10.03,2408.2114
2025-09-14 10:00:00+00:00,10.03,10.03,9.89,9.93,3502.7542
2025-09-14 12:00:00+00:00,9.93,9.94,9.8,9.82,5157.4642
2025-09-14 14:00:00+00:00,9.82,9.87,9.73,9.76,4803.1998
2025-09-14 16:00:00+00:00,9.75,9.93,9.73,9.89,3039.1045
2025-09-14 18:00:00+00:00,9.89,9.91,9.79,9.82,1841.7019
2025-09-14 20:00:00+00:00,9.82,9.86,9.79,9.85,2672.9232
2025-09-14 22:00:00+00:00,9.83,9.89,9.75,9.76,2252.7556
2025-09-15 00:00:00+00:00,9.78,9.84,9.72,9.81,2969.6445
2025-09-15 02:00:00+00:00,9.82,9.88,9.8,9.85,1860.5278
2025-09-15 04:00:00+00:00,9.86,9.92,9.83,9.91,1664.1655
2025-09-15 06:00:00+00:00,9.91,9.91,9.64,9.66,5316.025
2025-09-15 08:00:00+00:00,9.65,9.66,9.47,9.55,8641.7345
2025-09-15 10:00:00+00:00,9.55,9.56,9.47,9.53,4108.9079
2025-09-15 12:00:00+00:00,9.53,9.55,9.45,9.5,6093.816
2025-09-15 14:00:00+00:00,9.48,9.5,9.32,9.37,5988.7815
2025-09-15 16:00:00+00:00,9.37,9.41,9.31,9.4,4391.2467
2025-09-15 18:00:00+00:00,9.4,9.42,9.33,9.4,3374.1916
2025-09-15 20:00:00+00:00,9.39,9.55,9.39,9.55,2434.8777
2025-09-15 22:00:00+00:00,9.55,9.58,9.52,9.56,2289.2522
2025-09-16 00:00:00+00:00,9.55,9.56,9.48,9.48,1534.5734
2025-09-16 02:00:00+00:00,9.49,9.53,9.42,9.43,1784.1646
2025-09-16 04:00:00+00:00,9.43,9.52,9.4,9.49,1891.1508
2025-09-16 06:00:00+00:00,9.49,9.56,9.48,9.51,1832.9884
2025-09-16 08:00:00+00:00,9.51,9.61,9.51,9.56,3178.9263
2025-09-16 10:00:00+00:00,9.54,9.57,9.51,9.54,1880.599
2025-09-16 12:00:00+00:00,9.54,9.57,9.45,9.52,3191.2215
2025-09-16 14:00:00+00:00,9.51,9.59,9.43,9.55,3308.3409
2025-09-16 16:00:00+00:00,9.57,9.65,9.51,9.62,2153.1219
2025-09-16 18:00:00+00:00,9.63,9.67,9.51,9.6,3729.7536
2025-09-16 20:00:00+00:00,9.62,9.68,9.59,9.62,1821.9525
2025-09-16 22:00:00+00:00,9.62,9.71,9.59,9.59,4344.0064
2025-09-17 00:00:00+00:00,9.6,9.63,9.56,9.57,1215.0213
2025-09-17 02:00:00+00:00,9.57,9.63,9.52,9.53,3027.952
2025-09-17 04:00:00+00:00,9.53,9.54,9.39,9.46,2640.686
2025-09-17 06:00:00+00:00,9.48,9.59,9.45,9.55,2250.0181
2025-09-17 08:00:00+00:00,9.55,9.57,9.41,9.44,2120.1177
2025-09-17 10:00:00+00:00,9.44,9.52,9.41,9.51,1964.2351
2025-09-17 12:00:00+00:00,9.51,9.53,9.46,9.48,2169.1262
2025-09-17 14:00:00+00:00,9.48,9.48,9.4,9.4,1717.5119
2025-09-17 16:00:00+00:00,9.41,9.58,9.34,9.53,3496.3308
2025-09-17 18:00:00+00:00,9.54,9.69,9.46,9.66,5430.2423
2025-09-17 20:00:00+00:00,9.65,9.77,9.58,9.73,3318.6362
2025-09-17 22:00:00+00:00,9.73,9.88,9.7,9.82,4303.8279
2025-09-18 00:00:00+00:00,9.83,9.88,9.79,9.85,1924.5013
2025-09-18 02:00:00+00:00,9.84,9.91,9.78,9.87,2020.2897
2025-09-18 04:00:00+00:00,9.84,9.88,9.76,9.77,1409.9171
2025-09-18 06:00:00+00:00,9.77,9.8,9.67,9.71,1362.5977
2025-09-18 08:00:00+00:00,9.7,9.83,9.7,9.78,2893.0691
2025-09-18 10:00:00+00:00,9.78,9.87,9.72,9.85,2300.7061
2025-09-18 12:00:00+00:00,9.86,9.93,9.81,9.82,3503.9134
2025-09-18 14:00:00+00:00,9.82,9.95,9.82,9.93,2565.0007
2025-09-18 16:00:00+00:00,9.95,9.95,9.89,9.92,2461.5453
2025-09-18 18:00:00+00:00,9.92,9.99,9.89,9.89,2353.0136
2025-09-18 20:00:00+00:00,9.89,9.96,9.88,9.92,1349.1447
2025-09-18 22:00:00+00:00,9.95,9.95,9.87,9.93,1149.9058
2025-09-19 00:00:00+00:00,9.93,9.99,9.91,9.91,1391.8354
2025-09-19 02:00:00+00:00,9.91,9.95,9.77,9.79,1460.3322
2025-09-19 04:00:00+00:00,9.78,9.82,9.72,9.77,2586.3844
2025-09-19 06:00:00+00:00,9.77,9.78,9.67,9.74,2111.5368
2025-09-19 08:00:00+00:00,9.74,9.79,9.65,9.66,4880.5845
2025-09-19 10:00:00+00:00,9.66,9.69,9.58,9.59,2312.4892
2025-09-19 12:00:00+00:00,9.59,9.66,9.58,9.62,3086.9806
2025-09-19 14:00:00+00:00,9.62,9.66,9.4,9.45,5869.2095
2025-09-19 16:00:00+00:00,9.45,9.47,9.4,9.42,4193.6444
2025-09-19 18:00:00+00:00,9.44,9.44,9.35,9.35,2324.0355
2025-09-19 20:00:00+00:00,9.36,9.44,9.35,9.43,2295.8367
2025-09-19 22:00:00+00:00,9.41,9.45,9.37,9.41,1668.8164
2025-09-20 00:00:00+00:00,9.41,9.42,9.37,9.39,1660.9057
2025-09-20 02:00:00+00:00,9.39,9.42,9.35,9.42,2616.432
2025-09-20 04:00:00+00:00,9.4,9.52,9.38,9.52,3137.9822
2025-09-20 06:00:00+00:00,9.5,9.52,9.47,9.52,1280.8659
2025-09-20 08:00:00+00:00,9.51,9.53,9.41,9.41,2224.6532
2025-09-20 10:00:00+00:00,9.41,9.43,9.33,9.39,2239.4035
2025-09-20 12:00:00+00:00,9.39,9.4,9.32,9.34,1673.7529
2025-09-20 14:00:00+00:00,9.34,9.46,9.31,9.42,2887.1044
2025-09-20 16:00:00+00:00,9.42,9.46,9.37,9.4,2781.6614
2025-09-20 18:00:00+00:00,9.4,9.42,9.32,9.35,3184.2918
2025-09-20 20:00:00+00:00,9.35,9.44,9.35,9.42,1587.2797
2025-09-20 22:00:00+00:00,9.42,9.43,9.35,9.36,2026.3393
2025-09-21 00:00:00+00:00,9.36,9.38,9.31,9.33,1997.0668
2025-09-21 02:00:00+00:00,9.32,9.37,9.31,9.36,1878.0532
2025-09-21 04:00:00+00:00,9.37,9.43,9.28,9.43,4080.571
2025-09-21 06:00:00+00:00,9.42,9.51,9.42,9.48,4137.6834
2025-09-21 08:00:00+00:00,9.47,9.49,9.32,9.36,3512.098
2025-09-21 10:00:00+00:00,9.37,9.39,9.27,9.28,3490.2304
2025-09-21 12:00:00+00:00,9.29,9.35,9.29,9.31,1666.8652
2025-09-21 14:00:00+00:00,9.31,9.32,9.24,9.26,3045.7555
2025-09-21 16:00:00+00:00,9.25,9.29,9.19,9.27,5120.8802
2025-09-21 18:00:00+00:00,9.27,9.31,9.2,9.24,3901.0623
2025-09-21 20:00:00+00:00,9.24,9.25,9.19,9.22,2835.5663
2025-09-21 22:00:00+00:00,9.22,9.23,9.14,9.14,2650.6698
2025-09-22 00:00:00+00:00,9.14,9.16,8.86,8.89,12608.5485
2025-09-22 02:00:00+00:00,8.88,8.91,8.75,8.79,9936.5955
2025-09-22 04:00:00+00:00,8.78,8.81,8.68,8.69,5043.9212
2025-09-22 06:00:00+00:00,8.68,8.68,8.41,8.48,13055.3356
2025-09-22 08:00:00+00:00,8.49,8.55,8.44,8.47,3609.6077
2025-09-22 10:00:00+00:00,8.46,8.52,8.44,8.47,3145.3159
2025-09-22 12:00:00+00:00,8.46,8.55,8.45,8.55,4300.0505
2025-09-22 14:00:00+00:00,8.55,8.56,8.4,8.42,5365.5001
2025-09-22 16:00:00+00:00,8.43,8.45,8.36,8.43,3911.6151
2025-09-22 18:00:00+00:00,8.42,8.46,8.4,8.43,3764.37
2025-09-22 20:00:00+00:00,8.43,8.46,8.38,8.44,3572.8556
2025-09-22 22:00:00+00:00,8.43,8.54,8.43,8.53,3100.0611
2025-09-23 00:00:00+00:00,8.52,8.54,8.42,8.42,3464.8065
2025-09-23 02:00:00+00:00,8.43,8.48,8.3,8.44,4236.8484
2025-09-23 04:00:00+00:00,8.43,8.44,8.35,8.42,2400.4316
2025-09-23 06:00:00+00:00,8.42,8.57,8.41,8.51,3424.3889
2025-09-23 08:00:00+00:00,8.51,8.64,8.5,8.54,3645.0146
2025-09-23 10:00:00+00:00,8.54,8.63,8.5,8.54,3218.7839
2025-09-23 12:00:00+00:00,8.55,8.57,8.5,8.52,2431.3582
2025-09-23 14:00:00+00:00,8.52,8.71,8.51,8.63,6348.244
2025-09-23 16:00:00+00:00,8.64,8.71,8.51,8.54,4180.4232
2025-09-23 18:00:00+00:00,8.54,8.63,8.51,8.53,4053.7052
2025-09-23 20:00:00+00:00,8.55,8.73,8.54,8.68,3019.919
2025-09-23 22:00:00+00:00,8.67,8.68,8.58,8.62,2254.9091
2025-09-24 00:00:00+00:00,8.62,8.71,8.61,8.71,1874.6273
2025-09-24 02:00:00+00:00,8.69,8.72,8.54,8.58,4367.8537
2025-09-24 04:00:00+00:00,8.58,8.66,8.47,8.66,4371.4587
2025-09-24 06:00:00+00:00,8.65,8.67,8.58,8.65,2801.2647
2025-09-24 08:00:00+00:00,8.65,8.69,8.63,8.69,2007.3732
2025-09-24 10:00:00+00:00,8.69,8.72,8.64,8.7,2403.8978
2025-09-24 12:00:00+00:00,8.69,8.82,8.69,8.73,3127.3473
2025-09-24 14:00:00+00:00,8.73,8.87,8.73,8.79,1800.6072
2025-09-24 16:00:00+00:00,8.79,8.81,8.75,8.78,1937.8229
2025-09-24 18:00:00+00:00,8.77,8.79,8.68,8.72,1977.619
2025-09-24 20:00:00+00:00,8.71,8.72,8.65,8.66,2664.5123
2025-09-24 22:00:00+00:00,8.66,8.67,8.6,8.61,2309.5027
2025-09-25 00:00:00+00:00,8.62,8.63,8.49,8.51,2884.0591
2025-09-25 02:00:00+00:00,8.51,8.6,8.42,8.5,3073.2106
2025-09-25 04:00:00+00:00,8.5,8.52,8.33,8.43,3268.3152
2025-09-25 06:00:00+00:00,8.42,8.43,8.35,8.39,2598.878
2025-09-25 08:00:00+00:00,8.37,8.47,8.35,8.39,2410.178
2025-09-25 10:00:00+00:00,8.38,8.44,8.36,8.36,2473.1791
2025-09-25 12:00:00+00:00,8.38,8.44,8.26,8.34,5321.8893
2025-09-25 14:00:00+00:00,8.35,8.47,8.33,8.35,2680.6457
2025-09-25 16:00:00+00:00,8.35,8.38,8.07,8.08,2991.8942
2025-09-25 18:00:00+00:00,8.07,8.29,8.06,8.2,2888.5655
2025-09-25 20:00:00+00:00,8.21,8.25,8.09,8.16,4279.0337
2025-09-25 22:00:00+00:00,8.14,8.2,8.04,8.08,2335.8181
2025-09-26 00:00:00+00:00,8.1,8.21,8.06,8.18,3631.7576
2025-09-26 02:00:00+00:00,8.18,8.22,8.14,8.21,2924.2914
2025-09-26 04:00:00+00:00,8.21,8.25,8.16,8.21,2419.4408
2025-09-26 06:00:00+00:00,8.19,8.28,8.1,8.16,5608.3606
2025-09-26 08:00:00+00:00,8.16,8.2,8.1,8.1,2733.4572
2025-09-26 10:00:00+00:00,8.1,8.15,8.01,8.13,3269.076
2025-09-26 12:00:00+00:00,8.13,8.24,8.05,8.21,4720.0778
2025-09-26 14:00:00+00:00,8.22,8.23,8.12,8.14,3829.4647
2025-09-26 16:00:00+00:00,8.14,8.34,8.13,8.34,2727.3301
2025-09-26 18:00:00+00:00,8.33,8.36,8.29,8.32,2192.3222
2025-09-26 20:00:00+00:00,8.32,8.34,8.29,8.33,1562.0674
2025-09-26 22:00:00+00:00,8.31,8.34,8.27,8.29,962.6839
2025-09-27 00:00:00+00:00,8.27,8.3,8.19,8.22,5877.1329
2025-09-27 02:00:00+00:00,8.21,8.27,8.21,8.25,1094.6753
2025-09-27 04:00:00+00:00,8.24,8.34,8.23,8.33,5475.0615
2025-09-27 06:00:00+00:00,8.33,8.35,8.28,8.28,1793.8487
2025-09-27 08:00:00+00:00,8.28,8.28,8.15,8.21,1375.9852
2025-09-27 10:00:00+00:00,8.2,8.25,8.19,8.24,1479.9469
2025-09-27 12:00:00+00:00,8.22,8.3,8.22,8.28,1454.9974
2025-09-27 14:00:00+00:00,8.28,8.31,8.21,8.31,2343.2407
2025-09-27 16:00:00+00:00,8.3,8.32,8.16,8.21,2915.8824
2025-09-27 18:00:00+00:00,8.21,8.31,8.21,8.31,2127.4469
2025-09-27 20:00:00+00:00,8.29,8.37,8.28,8.35,1412.2328
2025-09-27 22:00:00+00:00,8.37,8.41,8.34,8.34,1623.8539
2025-09-28 00:00:00+00:00,8.34,8.36,8.21,8.25,2742.8787
2025-09-28 02:00:00+00:00,8.24,8.28,8.18,8.21,1401.0917
2025-09-28 04:00:00+00:00,8.2,8.21,8.15,8.18,1935.1426
2025-09-28 06:00:00+00:00,8.17,8.21,8.12,8.19,2385.6766
2025-09-28 08:00:00+00:00,8.19,8.19,8.1,8.13,2010.9566
2025-09-28 10:00:00+00:00,8.13,8.13,8.0,8.04,6382.0378
2025-09-28 12:00:00+00:00,8.05,8.13,7.98,8.12,3173.8586
2025-09-28 14:00:00+00:00,8.12,8.18,8.1,8.15,2085.9894
2025-09-28 16:00:00+00:00,8.15,8.22,8.14,8.21,2198.7345
2025-09-28 18:00:00+00:00,8.21,8.24,8.19,8.22,1213.4261
2025-09-28 20:00:00+00:00,8.22,8.31,8.22,8.28,2685.637
2025-09-28 22:00:00+00:00,8.27,8.49,8.27,8.48,4053.3348
2025-09-29 00:00:00+00:00,8.48,8.58,8.48,8.54,4948.5595
2025-09-29 02:00:00+00:00,8.54,8.62,8.52,8.58,3648.0873
2025-09-29 04:00:00+00:00,8.58,8.74,8.52,8.57,12501.5821
2025-09-29 06:00:00+00:00,8.57,8.58,8.47,8.52,2588.379
2025-09-29 08:00:00+00:00,8.52,8.74,8.5,8.53,12101.6616
2025-09-29 10:00:00+00:00,8.53,8.57,8.3,8.34,10345.0025
2025-09-29 12:00:00+00:00,8.35,8.37,8.19,8.34,9176.9285
2025-09-29 14:00:00+00:00,8.33,8.44,8.33,8.33,3221.0007
2025-09-29 16:00:00+00:00,8.32,8.36,8.2,8.3,4827.3617
2025-09-29 18:00:00+00:00,8.29,8.4,8.27,8.39,1672.8469
2025-09-29 20:00:00+00:00,8.39,8.5,8.37,8.45,2993.8837
2025-09-29 22:00:00+00:00,8.45,8.45,8.38,8.39,1488.1177
2025-09-30 00:00:00+00:00,8.39,8.4,8.29,8.31,5202.7704
2025-09-30 02:00:00+00:00,8.31,8.36,8.29,8.3,3114.8918
2025-09-30 04:00:00+00:00,8.3,8.34,8.29,8.31,1779.2682
2025-09-30 06:00:00+00:00,8.31,8.39,8.3,8.35,1447.4293
2025-09-30 08:00:00+00:00,8.33,8.37,8.21,8.21,2216.0396
2025-09-30 10:00:00+00:00,8.2,8.27,8.19,8.25,2731.3841
2025-09-30 12:00:00+00:00,8.25,8.26,8.14,8.19,3894.0341
2025-09-30 14:00:00+00:00,8.17,8.19,8.03,8.11,4613.3746
2025-09-30 16:00:00+00:00,8.11,8.24,8.05,8.13,10341.1333
2025-09-30 18:00:00+00:00,8.11,8.28,8.1,8.27,3527.3349
2025-09-30 20:00:00+00:00,8.25,8.39,8.23,8.34,4307.9934
2025-09-30 22:00:00+00:00,8.32,8.36,8.24,8.33,3267.5423
2025-10-01 00:00:00+00:00,8.33,8.4,8.27,8.39,5856.1438
2025-10-01 02:00:00+00:00,8.38,8.4,8.27,8.27,4101.3796
2025-10-01 04:00:00+00:00,8.26,8.37,8.26,8.3,4270.9245
2025-10-01 06:00:00+00:00,8.29,8.32,8.19,8.27,3115.4715
2025-10-01 08:00:00+00:00,8.27,8.63,8.26,8.62,6547.4855
2025-10-01 10:00:00+00:00,8.62,8.62,8.55,8.61,3482.1448
2025-10-01 12:00:00+00:00,8.6,8.72,8.52,8.64,7340.4327
2025-10-01 14:00:00+00:00,8.64,8.66,8.59,8.62,3420.5086
2025-10-01 16:00:00+00:00,8.62,8.64,8.55,8.61,1878.0019
2025-10-01 18:00:00+00:00,8.61,8.75,8.6,8.74,2401.9553
2025-10-01 20:00:00+00:00,8.72,8.76,8.7,8.7,1994.8597
2025-10-01 22:00:00+00:00,8.7,8.79,8.7,8.78,1634.4122
2025-10-02 00:00:00+00:00,8.79,8.84,8.61,8.78,7709.0643
2025-10-02 02:00:00+00:00,8.79,8.82,8.73,8.77,2409.5789
2025-10-02 04:00:00+00:00,8.76,8.84,8.72,8.82,1946.8354
2025-10-02 06:00:00+00:00,8.81,8.85,8.73,8.74,2818.0139
2025-10-02 08:00:00+00:00,8.73,8.81,8.73,8.81,1545.1821
2025-10-02 10:00:00+00:00,8.79,8.88,8.79,8.84,2730.531
2025-10-02 12:00:00+00:00,8.82,8.89,8.75,8.84,2298.9664
2025-10-02 14:00:00+00:00,8.84,8.9,8.7,8.89,3368.8533
2025-10-02 16:00:00+00:00,8.89,8.99,8.81,8.95,3421.5762
2025-10-02 18:00:00+00:00,8.96,9.05,8.91,9.01,2255.0626
2025-10-02 20:00:00+00:00,9.0,9.03,8.94,8.96,1910.6655
2025-10-02 22:00:00+00:00,8.98,9.03,8.93,9.02,1782.6075
2025-10-03 00:00:00+00:00,9.01,9.02,8.86,8.86,1612.0997
2025-10-03 02:00:00+00:00,8.86,9.02,8.86,8.91,2688.4439
2025-10-03 04:00:00+00:00,8.91,9.0,8.88,8.91,1507.7289
2025-10-03 06:00:00+00:00,8.91,8.95,8.84,8.9,1676.1016
2025-10-03 08:00:00+00:00,8.9,8.97,8.84,8.9,2654.5003
2025-10-03 10:00:00+00:00,8.89,8.97,8.85,8.89,4179.8485
2025-10-03 12:00:00+00:00,8.9,8.92,8.77,8.91,5607.3596
2025-10-03 14:00:00+00:00,8.91,9.03,8.8,9.02,3515.5934
2025-10-03 16:00:00+00:00,9.03,9.11,8.89,8.9,5867.9662
2025-10-03 18:00:00+00:00,8.92,9.11,8.86,9.06,2457.0865
2025-10-03 20:00:00+00:00,9.05,9.09,9.0,9.04,1094.6944
2025-10-03 22:00:00+00:00,9.04,9.08,8.96,8.98,1471.753
2025-10-04 00:00:00+00:00,8.97,9.0,8.84,8.87,1869.1071
2025-10-04 02:00:00+00:00,8.88,8.9,8.82,8.87,1447.978
2025-10-04 04:00:00+00:00,8.87,8.95,8.85,8.94,1221.2379
2025-10-04 06:00:00+00:00,8.95,9.0,8.93,8.95,995.414
2025-10-04 08:00:00+00:00,8.95,8.97,8.84,8.84,1710.8384
2025-10-04 10:00:00+00:00,8.85,8.9,8.78,8.82,3171.209
2025-10-04 12:00:00+00:00,8.8,8.88,8.8,8.82,1794.6855
2025-10-04 14:00:00+00:00,8.82,8.86,8.68,8.68,2556.0117
2025-10-04 16:00:00+00:00,8.7,8.74,8.65,8.7,2005.9096
2025-10-04 18:00:00+00:00,8.7,8.76,8.7,8.75,1115.0012
2025-10-04 20:00:00+00:00,8.75,8.84,8.74,8.84,1082.2507
2025-10-04 22:00:00+00:00,8.84,8.85,8.77,8.81,951.201
2025-10-05 00:00:00+00:00,8.8,8.83,8.72,8.76,940.1983
2025-10-05 02:00:00+00:00,8.75,8.94,8.74,8.86,1457.7193
2025-10-05 04:00:00+00:00,8.86,9.01,8.86,8.98,2124.6286
2025-10-05 06:00:00+00:00,8.98,9.08,8.95,9.06,1756.6274
2025-10-05 08:00:00+00:00,9.07,9.07,8.91,8.91,2303.1803
2025-10-05 10:00:00+00:00,8.91,8.97,8.86,8.93,1907.8111
2025-10-05 12:00:00+00:00,8.93,8.94,8.84,8.88,1651.1355
2025-10-05 14:00:00+00:00,8.88,8.91,8.81,8.88,1682.6882
2025-10-05 16:00:00+00:00,8.88,8.9,8.78,8.78,1686.3607
2025-10-05 18:00:00+00:00,8.78,8.82,8.69,8.7,2382.559
2025-10-05 20:00:00+00:00,8.7,8.75,8.69,8.71,1632.2101
2025-10-05 22:00:00+00:00,8.72,8.79,8.69,8.75,1720.0852
2025-10-06 00:00:00+00:00,8.74,8.92,8.71,8.87,5105.5815
2025-10-06 02:00:00+00:00,8.86,8.96,8.8,8.88,2074.4978
2025-10-06 04:00:00+00:00,8.89,8.95,8.8,8.93,1448.0649
2025-10-06 06:00:00+00:00,8.92,9.03,8.88,8.91,3129.0075
2025-10-06 08:00:00+00:00,8.91,9.01,8.91,8.99,1937.8985
2025-10-06 10:00:00+00:00,8.98,9.05,8.93,8.96,3550.8298
2025-10-06 12:00:00+00:00,8.96,9.12,8.96,9.11,3383.1009
2025-10-06 14:00:00+00:00,9.11,9.13,9.05,9.11,1852.6739
2025-10-06 16:00:00+00:00,9.11,9.12,9.03,9.1,1860.6744
2025-10-06 18:00:00+00:00,9.1,9.15,9.07,9.13,1799.0462
2025-10-06 20:00:00+00:00,9.13,9.16,9.07,9.14,1431.1681
2025-10-06 22:00:00+00:00,9.14,9.16,9.04,9.06,1779.3306
2025-10-07 00:00:00+00:00,9.06,9.08,8.99,9.03,1716.3186
2025-10-07 02:00:00+00:00,9.02,9.07,9.01,9.04,1242.6321
2025-10-07 04:00:00+00:00,9.04,9.19,9.01,9.14,1835.9972
2025-10-07 06:00:00+00:00,9.14,9.18,9.0,9.02,2125.2109
2025-10-07 08:00:00+00:00,9.02,9.05,8.95,9.0,2306.0368
2025-10-07 10:00:00+00:00,9.02,9.17,9.0,9.15,2168.19
2025-10-07 12:00:00+00:00,9.16,9.28,9.06,9.11,3130.504
2025-10-07 14:00:00+00:00,9.1,9.1,8.74,8.77,5931.2786
2025-10-07 16:00:00+00:00,8.78,8.87,8.72,8.76,3619.6418
2025-10-07 18:00:00+00:00,8.76,8.8,8.7,8.78,3458.6145
2025-10-07 20:00:00+00:00,8.76,8.83,8.75,8.75,1415.8484
2025-10-07 22:00:00+00:00,8.75,8.81,8.71,8.74,1880.8277
2025-10-08 00:00:00+00:00,8.72,8.86,8.72,8.83,1988.5822
2025-10-08 02:00:00+00:00,8.84,8.88,8.72,8.75,3860.1922
2025-10-08 04:00:00+00:00,8.76,8.83,8.72,8.75,1925.9955
2025-10-08 06:00:00+00:00,8.75,8.85,8.74,8.85,1438.2023
2025-10-08 08:00:00+00:00,8.85,8.91,8.82,8.85,1374.8937
2025-10-08 10:00:00+00:00,8.85,8.91,8.79,8.81,2349.9281
2025-10-08 12:00:00+00:00,8.84,8.9,8.8,8.88,1952.3824
2025-10-08 14:00:00+00:00,8.88,8.97,8.82,8.85,2243.2702
2025-10-08 16:00:00+00:00,8.85,9.1,8.84,9.08,5296.7062
2025-10-08 18:00:00+00:00,9.08,9.1,8.99,9.03,2369.6932
2025-10-08 20:00:00+00:00,9.03,9.07,8.96,9.03,1595.2482
2025-10-08 22:00:00+00:00,9.01,9.07,8.97,8.98,1459.8583
2025-10-09 00:00:00+00:00,8.97,9.0,8.84,8.88,2202.5089
2025-10-09 02:00:00+00:00,8.88,8.88,8.73,8.86,3263.4205
2025-10-09 04:00:00+00:00,8.86,8.91,8.82,8.87,1976.7007
2025-10-09 06:00:00+00:00,8.87,8.91,8.8,8.85,2391.6008
2025-10-09 08:00:00+00:00,8.83,8.85,8.64,8.67,3926.3394
2025-10-09 10:00:00+00:00,8.68,8.77,8.65,8.74,2309.2571
2025-10-09 12:00:00+00:00,8.74,8.87,8.74,8.75,4542.5955
2025-10-09 14:00:00+00:00,8.74,8.8,8.59,8.63,5974.7309
2025-10-09 16:00:00+00:00,8.63,8.79,8.59,8.78,4919.1508
2025-10-09 18:00:00+00:00,8.78,8.84,8.72,8.79,4035.5596
2025-10-09 20:00:00+00:00,8.8,8.82,8.73,8.76,1641.3322
2025-10-09 22:00:00+00:00,8.74,8.89,8.74,8.81,1697.4616
2025-10-10 00:00:00+00:00,8.81,8.9,8.81,8.87,1857.4337
2025-10-10 02:00:00+00:00,8.87,8.94,8.78,8.86,2553.0858
2025-10-10 04:00:00+00:00,8.84,8.94,8.8,8.93,2191.8804
2025-10-10 06:00:00+00:00,8.93,8.94,8.77,8.78,4096.6368
2025-10-10 08:00:00+00:00,8.78,8.9,8.78,8.84,2303.0958
2025-10-10 10:00:00+00:00,8.84,8.98,8.83,8.95,4360.4025
2025-10-10 12:00:00+00:00,8.94,9.05,8.91,8.97,2873.4219
2025-10-10 14:00:00+00:00,8.98,9.03,8.46,8.48,8699.2538
2025-10-10 16:00:00+00:00,8.46,8.55,8.37,8.41,5675.1995
2025-10-10 18:00:00+00:00,8.41,8.46,8.25,8.26,4440.3026
2025-10-10 20:00:00+00:00,8.26,8.34,4.87,6.51,73155.6283
2025-10-10 22:00:00+00:00,6.62,7.59,6.26,7.25,59744.9508
2025-10-11 00:00:00+00:00,7.26,7.48,7.18,7.26,13463.7998
2025-10-11 02:00:00+00:00,7.26,7.56,7.24,7.33,11144.3513
2025-10-11 04:00:00+00:00,7.32,7.46,7.22,7.33,11111.3685
2025-10-11 06:00:00+00:00,7.34,7.52,7.3,7.38,7315.0656
2025-10-11 08:00:00+00:00,7.37,7.6,7.35,7.5,8393.1561
2025-10-11 10:00:00+00:00,7.51,7.64,7.45,7.52,5127.9386
2025-10-11 12:00:00+00:00,7.52,7.59,7.43,7.52,7325.3973
2025-10-11 14:00:00+00:00,7.5,7.67,7.48,7.6,6809.4207
2025-10-11 16:00:00+00:00,7.58,7.65,7.48,7.58,6321.3056
2025-10-11 18:00:00+00:00,7.57,7.68,7.28,7.35,8013.1928
2025-10-11 20:00:00+00:00,7.36,7.47,7.07,7.33,23151.5243
2025-10-11 22:00:00+00:00,7.33,7.47,7.23,7.3,11986.1036
2025-10-12 00:00:00+00:00,7.3,7.33,7.17,7.25,3436.6593
2025-10-12 02:00:00+00:00,7.25,7.47,7.18,7.37,6537.5215
2025-10-12 04:00:00+00:00,7.36,7.47,7.36,7.43,3822.9477
2025-10-12 06:00:00+00:00,7.43,7.51,7.39,7.49,4021.8012
2025-10-12 08:00:00+00:00,7.5,7.54,7.39,7.51,4297.2913
2025-10-12 10:00:00+00:00,7.52,7.56,7.48,7.51,4597.6011
2025-10-12 12:00:00+00:00,7.52,7.62,7.42,7.46,5221.8374
2025-10-12 14:00:00+00:00,7.45,7.82,7.43,7.77,7859.2179
2025-10-12 16:00:00+00:00,7.77,7.97,7.76,7.91,11135.4699
2025-10-12 18:00:00+00:00,7.92,8.05,7.89,8.02,4819.1464
2025-10-12 20:00:00+00:00,8.01,8.23,7.9,8.03,7868.0605
2025-10-12 22:00:00+00:00,8.06,8.08,7.88,7.97,4935.5766
2025-10-13 00:00:00+00:00,7.96,8.08,7.84,8.02,4745.1174
2025-10-13 02:00:00+00:00,8.03,8.06,7.92,7.94,3275.7619
2025-10-13 04:00:00+00:00,7.94,8.08,7.91,7.97,3541.6478
2025-10-13 06:00:00+00:00,7.96,8.09,7.92,8.01,4104.9341
2025-10-13 08:00:00+00:00,8.01,8.13,7.95,8.1,5647.3182
2025-10-13 10:00:00+00:00,8.1,8.12,7.91,8.02,10498.104
2025-10-13 12:00:00+00:00,8.03,8.21,7.96,8.18,7347.7461
2025-10-13 14:00:00+00:00,8.17,8.17,7.91,8.13,5692.3798
2025-10-13 16:00:00+00:00,8.13,8.26,8.02,8.26,4960.7011
2025-10-13 18:00:00+00:00,8.25,8.37,8.16,8.29,6532.6272
2025-10-13 20:00:00+00:00,8.3,8.34,8.24,8.27,2614.6108
2025-10-13 22:00:00+00:00,8.25,8.31,8.22,8.26,2255.8512
2025-10-14 00:00:00+00:00,8.25,8.31,8.13,8.2,5554.5193
2025-10-14 02:00:00+00:00,8.18,8.21,8.03,8.06,2488.5874
2025-10-14 04:00:00+00:00,8.07,8.11,7.87,7.91,3230.9322
2025-10-14 06:00:00+00:00,7.89,7.96,7.64,7.75,6986.7214
2025-10-14 08:00:00+00:00,7.74,7.85,7.64,7.78,3888.0593
2025-10-14 10:00:00+00:00,7.79,7.84,7.63,7.79,3714.3346
2025-10-14 12:00:00+00:00,7.79,7.82,7.63,7.75,4308.1628
2025-10-14 14:00:00+00:00,7.76,7.98,7.72,7.97,5172.1407
2025-10-14 16:00:00+00:00,7.97,8.09,7.87,8.01,3682.2433
2025-10-14 18:00:00+00:00,7.98,8.06,7.86,7.96,3875.8248
2025-10-14 20:00:00+00:00,7.96,8.02,7.9,8.02,1801.2992
2025-10-14 22:00:00+00:00,8.02,8.07,7.93,7.99,2908.2789
2025-10-15 00:00:00+00:00,7.99,8.0,7.88,7.97,2475.4737
2025-10-15 02:00:00+00:00,7.96,8.04,7.89,7.92,1945.5756
2025-10-15 04:00:00+00:00,7.92,8.0,7.86,7.94,2256.0631
2025-10-15 06:00:00+00:00,7.94,8.06,7.84,8.02,4485.709
2025-10-15 08:00:00+00:00,8.01,8.16,7.97,7.98,2640.3306
2025-10-15 10:00:00+00:00,7.98,8.02,7.9,7.92,4185.357
2025-10-15 12:00:00+00:00,7.94,7.98,7.76,7.89,3530.7334
2025-10-15 14:00:00+00:00,7.89,7.95,7.72,7.75,3952.7657
2025-10-15 16:00:00+00:00,7.76,7.81,7.68,7.79,4237.309
2025-10-15 18:00:00+00:00,7.79,7.87,7.73,7.74,3025.4579
2025-10-15 20:00:00+00:00,7.74,7.81,7.65,7.68,2863.9559
2025-10-15 22:00:00+00:00,7.68,7.78,7.66,7.76,1533.2125
2025-10-16 00:00:00+00:00,7.77,7.87,7.74,7.83,1968.6049
2025-10-16 02:00:00+00:00,7.84,7.9,7.81,7.81,1505.8469
2025-10-16 04:00:00+00:00,7.81,7.92,7.79,7.85,2053.0976
2025-10-16 06:00:00+00:00,7.86,7.96,7.74,7.88,3648.7387
2025-10-16 08:00:00+00:00,7.89,7.93,7.66,7.88,4596.3617
2025-10-16 10:00:00+00:00,7.88,7.98,7.87,7.92,2947.2842
2025-10-16 12:00:00+00:00,7.9,7.99,7.85,7.85,3810.5453
2025-10-16 14:00:00+00:00,7.86,7.93,7.58,7.63,4080.4555
2025-10-16 16:00:00+00:00,7.6,7.72,7.35,7.64,19709.8496
2025-10-16 18:00:00+00:00,7.63,7.63,7.38,7.47,6336.6694
2025-10-16 20:00:00+00:00,7.48,7.49,7.37,7.46,2898.0442
2025-10-16 22:00:00+00:00,7.46,7.5,7.4,7.48,1342.9028
2025-10-17 00:00:00+00:00,7.5,7.6,7.48,7.55,1438.7036
2025-10-17 02:00:00+00:00,7.56,7.66,7.48,7.64,1712.5623
2025-10-17 04:00:00+00:00,7.64,7.64,7.49,7.52,1591.1098
2025-10-17 06:00:00+00:00,7.52,7.58,7.19,7.19,5851.6219
2025-10-17 08:00:00+00:00,7.19,7.25,6.9,7.16,20422.0469
2025-10-17 10:00:00+00:00,7.16,7.36,7.04,7.26,5510.9366
2025-10-17 12:00:00+00:00,7.26,7.31,7.16,7.29,2540.3229
2025-10-17 14:00:00+00:00,7.27,7.3,7.13,7.28,3316.7039
2025-10-17 16:00:00+00:00,7.3,7.39,7.23,7.31,2054.2305
2025-10-17 18:00:00+00:00,7.3,7.35,7.23,7.27,1006.8293
2025-10-17 20:00:00+00:00,7.27,7.37,7.25,7.33,1738.6013
2025-10-17 22:00:00+00:00,7.33,7.37,7.26,7.32,1383.5229
2025-10-18 00:00:00+00:00,7.31,7.44,7.27,7.4,1897.2979
2025-10-18 02:00:00+00:00,7.4,7.44,7.33,7.4,1243.6768
2025-10-18 04:00:00+00:00,7.39,7.4,7.32,7.38,1356.9865
2025-10-18 06:00:00+00:00,7.39,7.51,7.36,7.42,1423.4769
2025-10-18 08:00:00+00:00,7.42,7.45,7.33,7.38,1334.3707
2025-10-18 10:00:00+00:00,7.38,7.46,7.37,7.45,2116.6213
2025-10-18 12:00:00+00:00,7.45,7.46,7.33,7.34,1777.3489
2025-10-18 14:00:00+00:00,7.36,7.41,7.31,7.34,2049.2282
2025-10-18 16:00:00+00:00,7.35,7.38,7.27,7.37,2230.7256
2025-10-18 18:00:00+00:00,7.39,7.42,7.33,7.39,1130.1098
2025-10-18 20:00:00+00:00,7.38,7.8,7.37,7.61,38757.3526
2025-10-18 22:00:00+00:00,7.62,7.93,7.54,7.56,26741.8204
2025-10-19 00:00:00+00:00,7.56,7.62,7.48,7.59,5243.3234
2025-10-19 02:00:00+00:00,7.59,7.79,7.59,7.69,9611.442
2025-10-19 04:00:00+00:00,7.69,7.74,7.58,7.58,5832.4698
2025-10-19 06:00:00+00:00,7.6,7.64,7.49,7.58,5966.1834
2025-10-19 08:00:00+00:00,7.58,7.69,7.44,7.59,10038.5121
2025-10-19 10:00:00+00:00,7.6,8.55,7.52,8.38,119454.9922
2025-10-19 12:00:00+00:00,8.4,10.47,8.33,9.74,447006.8929
2025-10-19 14:00:00+00:00,9.73,11.39,9.61,10.03,383733.5854
2025-10-19 16:00:00+00:00,10.0,10.31,9.58,9.96,126304.7484
2025-10-19 18:00:00+00:00,9.97,10.49,9.86,9.99,92232.8715
2025-10-19 20:00:00+00:00,9.99,10.32,9.36,9.45,74731.6654
2025-10-19 22:00:00+00:00,9.45,9.75,9.04,9.24,78277.3432
2025-10-20 00:00:00+00:00,9.25,9.54,8.84,8.87,67225.5909
2025-10-20 02:00:00+00:00,8.87,9.11,8.73,8.98,37307.5907
2025-10-20 04:00:00+00:00,8.96,9.46,8.89,9.0,71626.0619
2025-10-20 06:00:00+00:00,9.01,9.18,8.6,8.64,45586.3918
2025-10-20 08:00:00+00:00,8.64,8.94,8.52,8.63,32062.748
2025-10-20 10:00:00+00:00,8.63,9.95,8.54,9.14,158970.4424
2025-10-20 12:00:00+00:00,9.16,9.18,8.7,8.79,60522.558
2025-10-20 14:00:00+00:00,8.78,8.96,8.71,8.81,22488.0974
2025-10-20 16:00:00+00:00,8.8,8.8,8.43,8.58,27658.5076
2025-10-20 18:00:00+00:00,8.58,8.61,8.47,8.53,13400.4829
2025-10-20 20:00:00+00:00,8.53,8.61,8.48,8.6,6044.314
2025-10-20 22:00:00+00:00,8.6,8.63,8.46,8.54,12628.8202
2025-10-21 00:00:00+00:00,8.53,8.64,8.35,8.49,13550.7462
2025-10-21 02:00:00+00:00,8.48,8.49,8.26,8.31,8044.2535
2025-10-21 04:00:00+00:00,8.29,8.3,8.01,8.1,19631.6851
2025-10-21 06:00:00+00:00,8.1,8.21,8.09,8.17,4623.8417
2025-10-21 08:00:00+00:00,8.17,8.17,7.98,8.03,10717.2868
2025-10-21 10:00:00+00:00,8.03,8.11,8.0,8.08,5035.764
2025-10-21 12:00:00+00:00,8.08,8.22,8.05,8.13,9815.0744
2025-10-21 14:00:00+00:00,8.12,8.57,8.11,8.52,14991.3047
2025-10-21 16:00:00+00:00,8.52,8.54,8.33,8.4,9635.4329
2025-10-21 18:00:00+00:00,8.4,8.47,8.3,8.4,4873.4277
2025-10-21 20:00:00+00:00,8.38,8.41,8.14,8.2,5481.4406
2025-10-21 22:00:00+00:00,8.21,8.21,7.93,8.01,5867.954
2025-10-22 00:00:00+00:00,8.01,8.24,7.95,8.2,9536.24
2025-10-22 02:00:00+00:00,8.2,8.21,8.13,8.15,3727.3855
2025-10-22 04:00:00+00:00,8.15,8.39,8.06,8.09,9226.0786
2025-10-22 06:00:00+00:00,8.08,8.1,7.89,8.02,9566.6352
2025-10-22 08:00:00+00:00,8.02,8.02,7.84,7.9,2879.5801
2025-10-22 10:00:00+00:00,7.9,7.95,7.57,7.72,13994.1395
2025-10-22 12:00:00+00:00,7.73,7.81,7.66,7.79,5882.1735
2025-10-22 14:00:00+00:00,7.8,7.81,7.67,7.77,7743.769
2025-10-22 16:00:00+00:00,7.78,7.82,7.65,7.67,3583.5257
2025-10-22 18:00:00+00:00,7.68,7.71,7.57,7.61,6123.2902
2025-10-22 20:00:00+00:00,7.6,7.64,7.38,7.58,4341.3803
2025-10-22 22:00:00+00:00,7.56,7.72,7.48,7.7,3690.4352
2025-10-23 00:00:00+00:00,7.7,7.88,7.67,7.76,5437.0681
2025-10-23 02:00:00+00:00,7.75,7.84,7.73,7.78,1984.0964
2025-10-23 04:00:00+00:00,7.78,7.91,7.66,7.84,9307.5758
2025-10-23 06:00:00+00:00,7.87,7.95,7.77,7.85,6119.7072
2025-10-23 08:00:00+00:00,7.85,7.9,7.83,7.87,1414.23
2025-10-23 10:00:00+00:00,7.87,7.87,7.79,7.83,3854.7428
2025-10-23 12:00:00+00:00,7.83,7.83,7.63,7.73,7122.5331
2025-10-23 14:00:00+00:00,7.73,7.85,7.61,7.82,5125.1575
2025-10-23 16:00:00+00:00,7.83,7.87,7.73,7.83,5643.2371
2025-10-23 18:00:00+00:00,7.83,7.83,7.7,7.75,4132.8228
2025-10-23 20:00:00+00:00,7.74,7.76,7.63,7.66,3522.9872
2025-10-23 22:00:00+00:00,7.66,7.82,7.64,7.81,4135.5421
2025-10-24 00:00:00+00:00,7.81,7.82,7.7,7.77,2887.8235
2025-10-24 02:00:00+00:00,7.77,7.79,7.7,7.79,2526.6338
2025-10-24 04:00:00+00:00,7.79,7.87,7.76,7.84,2240.4831
2025-10-24 06:00:00+00:00,7.83,7.96,7.82,7.89,4879.2168
2025-10-24 08:00:00+00:00,7.89,7.93,7.85,7.87,3000.0153
2025-10-24 10:00:00+00:00,7.89,7.89,7.77,7.81,3270.3412
2025-10-24 12:00:00+00:00,7.82,7.95,7.75,7.81,3196.6908
2025-10-24 14:00:00+00:00,7.82,7.83,7.6,7.65,4869.7102
2025-10-24 16:00:00+00:00,7.66,7.71,7.6,7.66,1957.3426
2025-10-24 18:00:00+00:00,7.67,7.8,7.66,7.77,2531.6008
2025-10-24 20:00:00+00:00,7.78,7.81,7.73,7.78,1886.4955
2025-10-24 22:00:00+00:00,7.78,7.81,7.69,7.76,3008.4517
2025-10-25 00:00:00+00:00,7.76,7.78,7.7,7.77,2249.6289
2025-10-25 02:00:00+00:00,7.77,7.79,7.67,7.68,3151.4457
2025-10-25 04:00:00+00:00,7.68,7.72,7.6,7.66,4081.1427
2025-10-25 06:00:00+00:00,7.67,7.77,7.65,7.75,1734.2377
2025-10-25 08:00:00+00:00,7.75,7.76,7.58,7.6,19245.3745
2025-10-25 10:00:00+00:00,7.62,7.64,7.55,7.61,4918.1694
2025-10-25 12:00:00+00:00,7.59,7.65,7.59,7.63,2316.3278
2025-10-25 14:00:00+00:00,7.64,7.67,7.61,7.64,2033.8703
2025-10-25 16:00:00+00:00,7.64,7.68,7.6,7.6,2179.593
2025-10-25 18:00:00+00:00,7.62,7.72,7.6,7.66,6691.9995
2025-10-25 20:00:00+00:00,7.67,7.68,7.6,7.6,2476.8123
2025-10-25 22:00:00+00:00,7.62,7.68,7.6,7.64,1426.9044
2025-10-26 00:00:00+00:00,7.64,7.65,7.57,7.6,1997.2853
2025-10-26 02:00:00+00:00,7.6,7.62,7.57,7.59,1420.2477
2025-10-26 04:00:00+00:00,7.6,7.63,7.56,7.57,2392.6389
2025-10-26 06:00:00+00:00,7.59,7.64,7.57,7.63,2492.3538
2025-10-26 08:00:00+00:00,7.63,7.69,7.56,7.67,6993.6909
2025-10-26 10:00:00+00:00,7.69,7.77,7.61,7.68,7606.8667
2025-10-26 12:00:00+00:00,7.69,7.79,7.69,7.77,4330.7265
2025-10-26 14:00:00+00:00,7.76,7.78,7.7,7.73,2224.9656
2025-10-26 16:00:00+00:00,7.73,7.82,7.68,7.76,5473.4184
2025-10-26 18:00:00+00:00,7.76,7.8,7.69,7.72,2366.1302
2025-10-26 20:00:00+00:00,7.7,7.82,7.69,7.75,4555.6826
2025-10-26 22:00:00+00:00,7.77,7.89,7.75,7.84,5645.5113
2025-10-27 00:00:00+00:00,7.83,7.95,7.81,7.9,3331.831
2025-10-27 02:00:00+00:00,7.9,7.93,7.82,7.89,4417.9501
2025-10-27 04:00:00+00:00,7.89,7.92,7.8,7.88,5589.1257
2025-10-27 06:00:00+00:00,7.87,7.9,7.72,7.8,3317.268
2025-10-27 08:00:00+00:00,7.8,7.85,7.66,7.66,5568.5232
2025-10-27 10:00:00+00:00,7.68,7.76,7.65,7.76,2854.4146
2025-10-27 12:00:00+00:00,7.74,7.77,7.63,7.7,5046.4239
2025-10-27 14:00:00+00:00,7.7,7.83,7.64,7.8,4193.5429
2025-10-27 16:00:00+00:00,7.81,7.95,7.79,7.81,10689.4222
2025-10-27 18:00:00+00:00,7.83,7.84,7.69,7.69,5216.464
2025-10-27 20:00:00+00:00,7.7,7.72,7.63,7.7,3648.4825
2025-10-27 22:00:00+00:00,7.68,7.68,7.6,7.63,1302.0581
2025-10-28 00:00:00+00:00,7.64,7.71,7.62,7.71,1663.4431
2025-10-28 02:00:00+00:00,7.7,7.72,7.59,7.64,3380.7935
2025-10-28 04:00:00+00:00,7.65,7.69,7.6,7.6,2363.5569
2025-10-28 06:00:00+00:00,7.6,7.75,7.59,7.65,2435.4125
2025-10-28 08:00:00+00:00,7.65,7.67,7.6,7.66,2356.8787
2025-10-28 10:00:00+00:00,7.66,7.73,7.6,7.67,2438.9417
2025-10-28 12:00:00+00:00,7.67,7.75,7.61,7.66,4141.8865
2025-10-28 14:00:00+00:00,7.65,7.7,7.54,7.61,5773.4474
2025-10-28 16:00:00+00:00,7.59,7.61,7.54,7.58,5828.1667
2025-10-28 18:00:00+00:00,7.58,7.62,7.37,7.44,7784.0975
2025-10-28 20:00:00+00:00,7.44,7.44,7.19,7.32,8786.8983
2025-10-28 22:00:00+00:00,7.32,7.38,7.29,7.37,2547.1855
2025-10-29 00:00:00+00:00,7.36,7.44,7.35,7.43,2499.1499
2025-10-29 02:00:00+00:00,7.43,7.5,7.39,7.48,4148.7959
2025-10-29 04:00:00+00:00,7.46,7.52,7.37,7.4,3979.6272
2025-10-29 06:00:00+00:00,7.38,7.45,7.36,7.41,2179.9055
2025-10-29 08:00:00+00:00,7.4,7.43,7.31,7.37,2352.3678
2025-10-29 10:00:00+00:00,7.35,7.49,7.35,7.48,3293.6369
2025-10-29 12:00:00+00:00,7.48,7.5,7.39,7.42,2492.0123
2025-10-29 14:00:00+00:00,7.42,7.44,7.21,7.24,7099.0864
2025-10-29 16:00:00+00:00,7.25,7.42,7.06,7.35,17134.7215
2025-10-29 18:00:00+00:00,7.36,7.38,7.02,7.26,17842.7795
2025-10-29 20:00:00+00:00,7.26,7.38,7.23,7.3,6305.9814
2025-10-29 22:00:00+00:00,7.32,7.33,7.14,7.19,3449.7986
2025-10-30 00:00:00+00:00,7.18,7.31,7.15,7.3,4001.6692
2025-10-30 02:00:00+00:00,7.3,7.35,7.29,7.3,1988.9701
2025-10-30 04:00:00+00:00,7.32,7.32,7.0,7.22,12399.4999
2025-10-30 06:00:00+00:00,7.2,7.25,7.13,7.23,2574.7362
2025-10-30 08:00:00+00:00,7.22,7.23,7.05,7.07,2162.3409
2025-10-30 10:00:00+00:00,7.07,7.19,7.05,7.07,4815.8469
2025-10-30 12:00:00+00:00,7.08,7.1,6.95,6.95,5455.6117
2025-10-30 14:00:00+00:00,6.95,7.0,6.86,6.9,4488.5339
2025-10-30 16:00:00+00:00,6.89,6.95,6.77,6.87,5520.8665
2025-10-30 18:00:00+00:00,6.88,6.9,6.7,6.7,3396.6332
2025-10-30 20:00:00+00:00,6.71,6.88,6.7,6.87,3523.2865
2025-10-30 22:00:00+00:00,6.86,7.0,6.84,6.98,5919.6131
2025-10-31 00:00:00+00:00,6.98,7.06,6.92,7.01,2745.5163
2025-10-31 02:00:00+00:00,6.99,7.01,6.93,6.97,1882.2122
2025-10-31 04:00:00+00:00,6.98,7.04,6.97,6.99,1644.9291
2025-10-31 06:00:00+00:00,6.99,7.0,6.91,6.91,1293.4698
2025-10-31 08:00:00+00:00,6.91,6.98,6.9,6.91,3186.1045
2025-10-31 10:00:00+00:00,6.91,7.03,6.91,7.02,2100.6171
2025-10-31 12:00:00+00:00,7.02,7.08,6.98,7.02,3576.0936
2025-10-31 14:00:00+00:00,7.01,7.11,6.99,7.06,3634.7518
2025-10-31 16:00:00+00:00,7.06,7.08,6.89,6.99,4057.8862
2025-10-31 18:00:00+00:00,6.98,7.09,6.95,7.07,2123.0064
2025-10-31 20:00:00+00:00,7.06,7.08,7.01,7.01,1648.098
2025-10-31 22:00:00+00:00,7.01,7.14,7.0,7.08,2821.8839
2025-11-01 00:00:00+00:00,7.08,7.15,6.95,7.03,5230.9946
2025-11-01 02:00:00+00:00,7.03,7.13,6.99,7.11,4006.5491
2025-11-01 04:00:00+00:00,7.1,7.15,7.06,7.15,3424.3812
2025-11-01 06:00:00+00:00,7.13,7.32,7.08,7.29,10935.0842
2025-11-01 08:00:00+00:00,7.31,7.32,7.19,7.19,5437.8025
2025-11-01 10:00:00+00:00,7.19,7.25,7.14,7.19,4007.0977
2025-11-01 12:00:00+00:00,7.19,7.3,7.17,7.21,5410.067
2025-11-01 14:00:00+00:00,7.22,7.26,7.14,7.21,4309.3225
2025-11-01 16:00:00+00:00,7.22,7.26,7.18,7.22,2402.7798
2025-11-01 18:00:00+00:00,7.23,7.27,7.19,7.26,1928.8256
2025-11-01 20:00:00+00:00,7.26,7.3,7.25,7.26,2002.8558
2025-11-01 22:00:00+00:00,7.26,7.28,7.21,7.25,1569.4255
2025-11-02 00:00:00+00:00,7.26,7.32,7.21,7.28,3768.6297
2025-11-02 02:00:00+00:00,7.28,7.32,7.18,7.21,1845.4225
2025-11-02 04:00:00+00:00,7.21,7.3,7.19,7.29,1739.5777
2025-11-02 06:00:00+00:00,7.3,7.33,7.24,7.3,3986.7492
2025-11-02 08:00:00+00:00,7.3,7.31,7.21,7.22,2503.3439
2025-11-02 10:00:00+00:00,7.22,7.27,7.12,7.24,3305.6476
2025-11-02 12:00:00+00:00,7.25,7.27,7.18,7.2,2819.7785
2025-11-02 14:00:00+00:00,7.2,7.21,7.0,7.09,4623.7524
2025-11-02 16:00:00+00:00,7.08,7.13,7.04,7.09,1807.6
2025-11-02 18:00:00+00:00,7.09,7.13,7.05,7.1,2823.1262
2025-11-02 20:00:00+00:00,7.1,7.15,7.08,7.14,1484.5825
2025-11-02 22:00:00+00:00,7.14,7.25,7.08,7.23,1546.7892
2025-11-03 00:00:00+00:00,7.23,7.27,7.03,7.05,4076.4133
2025-11-03 02:00:00+00:00,7.05,7.06,6.82,6.83,4619.1121
2025-11-03 04:00:00+00:00,6.84,6.96,6.79,6.82,3934.996
2025-11-03 06:00:00+00:00,6.82,6.84,6.73,6.81,2381.4769
2025-11-03 08:00:00+00:00,6.8,6.92,6.75,6.83,3957.1284
2025-11-03 10:00:00+00:00,6.81,6.88,6.75,6.79,3292.1902
2025-11-03 12:00:00+00:00,6.79,6.83,6.72,6.81,3862.6719
2025-11-03 14:00:00+00:00,6.81,6.91,6.43,6.44,12350.6888
2025-11-03 16:00:00+00:00,6.45,6.64,6.32,6.63,15050.8553
2025-11-03 18:00:00+00:00,6.63,6.85,6.57,6.63,15907.3561
2025-11-03 20:00:00+00:00,6.63,6.68,6.52,6.63,4007.734
2025-11-03 22:00:00+00:00,6.63,6.66,6.54,6.63,1863.4419
2025-11-04 00:00:00+00:00,6.64,6.73,6.6,6.67,2850.7373
2025-11-04 02:00:00+00:00,6.68,6.71,6.63,6.66,2557.3087
2025-11-04 04:00:00+00:00,6.66,7.19,6.65,6.93,47541.0322
2025-11-04 06:00:00+00:00,6.91,6.98,6.64,6.69,28751.2077
2025-11-04 08:00:00+00:00,6.69,6.72,6.58,6.68,11728.2011
2025-11-04 10:00:00+00:00,6.68,6.74,6.61,6.66,6141.1913
2025-11-04 12:00:00+00:00,6.66,6.67,6.56,6.6,5094.8185
2025-11-04 14:00:00+00:00,6.6,6.82,6.56,6.69,8084.5799
2025-11-04 16:00:00+00:00,6.69,6.71,6.36,6.48,9685.0373
2025-11-04 18:00:00+00:00,6.46,6.49,6.23,6.34,8231.6812
2025-11-04 20:00:00+00:00,6.34,6.43,6.12,6.43,18211.2237
2025-11-04 22:00:00+00:00,6.42,6.55,6.4,6.51,3800.604
2025-11-05 00:00:00+00:00,6.51,6.6,6.23,6.44,12307.4184
2025-11-05 02:00:00+00:00,6.44,6.62,6.43,6.59,3668.5605
2025-11-05 04:00:00+00:00,6.59,6.64,6.54,6.62,2483.2368
2025-11-05 06:00:00+00:00,6.6,6.72,6.57,6.72,6977.2216
2025-11-05 08:00:00+00:00,6.72,7.26,6.59,6.75,64677.9687
2025-11-05 10:00:00+00:00,6.75,10.39,6.7,8.38,464255.8853
2025-11-05 12:00:00+00:00,8.38,10.0,7.79,8.24,274794.0055
2025-11-05 14:00:00+00:00,8.25,9.5,8.11,8.67,165896.1225
2025-11-05 16:00:00+00:00,8.7,11.88,8.58,11.3,430322.9835
2025-11-05 18:00:00+00:00,11.3,11.6,9.73,11.49,289692.3463
2025-11-05 20:00:00+00:00,11.46,12.76,10.37,11.53,354159.3121
2025-11-05 22:00:00+00:00,11.53,12.93,10.55,10.93,225733.7744
2025-11-06 00:00:00+00:00,10.93,16.0,10.89,15.67,538800.3718
2025-11-06 02:00:00+00:00,15.69,20.0,12.6,15.09,870921.2269
2025-11-06 04:00:00+00:00,15.07,15.08,12.6,13.92,299408.9588
2025-11-06 06:00:00+00:00,13.95,17.75,13.71,16.22,506453.1421
2025-11-06 08:00:00+00:00,16.2,16.66,14.13,14.13,298891.0262
2025-11-06 10:00:00+00:00,14.15,15.0,12.63,14.44,317659.3364
2025-11-06 12:00:00+00:00,14.45,15.0,13.23,13.9,201394.5534
2025-11-06 14:00:00+00:00,13.93,14.49,13.08,13.69,160351.1207
2025-11-06 16:00:00+00:00,13.67,13.69,11.89,12.56,144698.7747
2025-11-06 18:00:00+00:00,12.56,12.56,9.92,11.0,150527.4689
2025-11-06 20:00:00+00:00,11.03,12.05,10.86,11.65,86621.6397
2025-11-06 22:00:00+00:00,11.64,12.01,11.04,11.71,38028.0381
2025-11-07 00:00:00+00:00,11.71,11.91,10.53,10.85,68777.2183
2025-11-07 02:00:00+00:00,10.83,11.94,10.75,11.21,51995.7776
2025-11-07 04:00:00+00:00,11.21,11.23,9.98,10.48,62851.4518
2025-11-07 06:00:00+00:00,10.49,10.51,9.72,9.8,51629.6258
2025-11-07 08:00:00+00:00,9.8,10.26,9.68,10.21,55688.8235
2025-11-07 10:00:00+00:00,10.21,10.34,9.27,9.96,71699.6651
2025-11-07 12:00:00+00:00,9.96,9.98,9.28,9.38,41173.4814
2025-11-07 14:00:00+00:00,9.38,9.64,9.1,9.42,47315.5972
2025-11-07 16:00:00+00:00,9.42,11.45,9.39,10.68,132475.5701
2025-11-07 18:00:00+00:00,10.68,10.98,10.0,10.28,86798.868
2025-11-07 20:00:00+00:00,10.27,10.52,9.86,9.91,30230.5176
2025-11-07 22:00:00+00:00,9.92,11.2,9.9,10.19,58302.933
2025-11-08 00:00:00+00:00,10.19,10.25,9.62,9.74,27128.3226
2025-11-08 02:00:00+00:00,9.74,10.0,9.59,9.73,21965.402
2025-11-08 04:00:00+00:00,9.72,10.06,9.55,9.58,19916.6831
2025-11-08 06:00:00+00:00,9.55,9.63,9.33,9.35,15738.9308
2025-11-08 08:00:00+00:00,9.36,9.82,9.32,9.62,29481.3155
2025-11-08 10:00:00+00:00,9.61,9.91,9.36,9.43,26774.3192
2025-11-08 12:00:00+00:00,9.42,9.48,9.15,9.26,16004.1727
2025-11-08 14:00:00+00:00,9.25,9.69,9.11,9.51,30357.7949
2025-11-08 16:00:00+00:00,9.52,9.53,8.78,9.33,34766.5665
2025-11-08 18:00:00+00:00,9.32,9.43,9.17,9.25,15487.7824
2025-11-08 20:00:00+00:00,9.25,9.4,9.17,9.19,9159.2675
2025-11-08 22:00:00+00:00,9.19,9.37,9.1,9.37,8576.0348
2025-11-09 00:00:00+00:00,9.36,9.37,9.01,9.14,13582.07
2025-11-09 02:00:00+00:00,9.14,9.24,8.79,8.84,20820.8376
2025-11-09 04:00:00+00:00,8.84,9.03,8.81,8.91,12891.5453
2025-11-09 06:00:00+00:00,8.91,9.6,8.91,9.59,23017.024
2025-11-09 08:00:00+00:00,9.59,12.84,9.4,11.95,327391.2279
2025-11-09 10:00:00+00:00,11.94,11.95,10.16,10.28,146263.0718
2025-11-09 12:00:00+00:00,10.25,10.56,10.0,10.29,54524.7356
2025-11-09 14:00:00+00:00,10.29,10.34,9.88,9.92,32612.4744
2025-11-09 16:00:00+00:00,9.91,10.19,9.81,9.91,34804.6374
2025-11-09 18:00:00+00:00,9.94,10.14,9.83,10.04,12878.4593
2025-11-09 20:00:00+00:00,10.06,12.8,10.04,10.75,219322.071
2025-11-09 22:00:00+00:00,10.75,11.04,10.53,10.81,48411.2969
2025-11-10 00:00:00+00:00,10.81,12.5,10.64,12.17,122257.035
2025-11-10 02:00:00+00:00,12.18,13.58,11.6,11.84,141390.4503
2025-11-10 04:00:00+00:00,11.83,11.86,11.24,11.64,62136.6376
2025-11-10 06:00:00+00:00,11.61,13.0,11.56,12.1,102131.5499
2025-11-10 08:00:00+00:00,12.11,12.11,11.01,11.02,60052.953
2025-11-10 10:00:00+00:00,11.02,11.34,10.98,11.14,31903.7285
2025-11-10 12:00:00+00:00,11.14,11.14,10.41,10.49,39701.5186
2025-11-10 14:00:00+00:00,10.49,10.57,10.26,10.33,21333.8358
2025-11-10 16:00:00+00:00,10.34,10.45,10.25,10.38,10595.907
2025-11-10 18:00:00+00:00,10.41,10.53,10.21,10.38,16485.5445
2025-11-10 20:00:00+00:00,10.35,10.6,10.31,10.44,13923.2349
2025-11-10 22:00:00+00:00,10.43,10.63,10.35,10.41,14994.0292
2025-11-11 00:00:00+00:00,10.38,10.96,10.15,10.56,30778.5961
2025-11-11 02:00:00+00:00,10.56,10.63,10.42,10.44,14577.4166
2025-11-11 04:00:00+00:00,10.44,10.47,10.16,10.17,9438.0152
2025-11-11 06:00:00+00:00,10.16,10.24,9.8,9.84,22867.8464
2025-11-11 08:00:00+00:00,9.84,10.28,9.83,9.94,28718.3922
2025-11-11 10:00:00+00:00,9.92,9.98,9.61,9.66,26335.7174
2025-11-11 12:00:00+00:00,9.66,9.84,9.55,9.63,20317.6432
2025-11-11 14:00:00+00:00,9.61,9.76,9.54,9.71,13448.7502
2025-11-11 16:00:00+00:00,9.7,9.77,9.61,9.68,6977.7324
2025-11-11 18:00:00+00:00,9.66,9.69,9.44,9.46,8157.0433
2025-11-11 20:00:00+00:00,9.44,9.47,9.3,9.35,10962.7358
2025-11-11 22:00:00+00:00,9.35,9.51,9.28,9.4,13707.2567
2025-11-12 00:00:00+00:00,9.41,9.47,9.22,9.4,14256.7152
2025-11-12 02:00:00+00:00,9.4,9.42,9.27,9.41,12481.6493
2025-11-12 04:00:00+00:00,9.41,9.65,9.39,9.47,13980.3983
2025-11-12 06:00:00+00:00,9.47,9.55,9.36,9.39,4397.5664
2025-11-12 08:00:00+00:00,9.36,9.75,9.36,9.69,9544.8099
2025-11-12 10:00:00+00:00,9.7,11.68,9.62,11.2,153391.1611
2025-11-12 12:00:00+00:00,11.17,11.57,10.44,10.45,94596.3092
2025-11-12 14:00:00+00:00,10.45,11.21,10.23,10.54,60859.1844
2025-11-12 16:00:00+00:00,10.57,13.5,10.55,12.6,373024.9708
2025-11-12 18:00:00+00:00,12.6,14.6,11.98,14.27,307679.046
2025-11-12 20:00:00+00:00,14.26,15.5,13.5,14.18,333108.0878
2025-11-12 22:00:00+00:00,14.19,14.29,12.77,13.16,116808.0894
2025-11-13 00:00:00+00:00,13.15,13.51,12.2,12.38,87199.6466
2025-11-13 02:00:00+00:00,12.41,12.76,11.81,12.26,65050.1881
2025-11-13 04:00:00+00:00,12.25,14.3,11.86,13.92,183578.7231
2025-11-13 06:00:00+00:00,13.9,14.89,13.58,14.37,154683.0949
2025-11-13 08:00:00+00:00,14.37,14.38,13.02,13.18,93082.2339
2025-11-13 10:00:00+00:00,13.15,15.36,13.15,14.31,185187.6579
2025-11-13 12:00:00+00:00,14.27,15.65,13.75,14.8,183569.1939
2025-11-13 14:00:00+00:00,14.83,15.6,14.15,15.05,174403.9109
2025-11-13 16:00:00+00:00,15.09,17.4,14.59,16.37,417917.0401
2025-11-13 18:00:00+00:00,16.36,16.96,14.24,14.24,264998.8283
2025-11-13 20:00:00+00:00,14.26,15.09,12.36,13.79,228058.0078
2025-11-13 22:00:00+00:00,13.76,14.63,13.34,14.22,66100.9288
2025-11-14 00:00:00+00:00,14.24,14.6,13.5,13.8,62005.7028
2025-11-14 02:00:00+00:00,13.8,16.24,13.73,15.9,143279.128
2025-11-14 04:00:00+00:00,15.93,16.23,14.56,14.95,120644.049
2025-11-14 06:00:00+00:00,14.93,14.93,13.59,13.85,78214.231
2025-11-14 08:00:00+00:00,13.85,15.85,13.76,15.03,135410.1122
2025-11-14 10:00:00+00:00,15.03,15.61,13.8,14.01,94698.9654
2025-11-14 12:00:00+00:00,14.02,14.04,12.33,13.07,95355.9799
2025-11-14 14:00:00+00:00,13.07,13.18,11.94,12.68,76267.4767
2025-11-14 16:00:00+00:00,12.67,13.45,12.57,13.12,64452.0835
2025-11-14 18:00:00+00:00,13.11,13.11,12.59,12.82,37856.7155
2025-11-14 20:00:00+00:00,12.83,12.97,12.24,12.32,43206.8913
2025-11-14 22:00:00+00:00,12.34,12.89,11.79,12.19,63133.4595
2025-11-15 00:00:00+00:00,12.13,12.48,11.68,11.7,35588.3325
2025-11-15 02:00:00+00:00,11.7,11.82,11.17,11.56,66331.6627
2025-11-15 04:00:00+00:00,11.54,12.75,11.5,11.99,68034.6688
2025-11-15 06:00:00+00:00,11.99,12.15,11.7,11.9,34318.4548
2025-11-15 08:00:00+00:00,11.9,12.9,11.7,12.58,61740.3651
2025-11-15 10:00:00+00:00,12.58,13.45,12.52,12.76,73248.1414
2025-11-15 12:00:00+00:00,12.76,13.9,12.57,12.8,67989.1548
2025-11-15 14:00:00+00:00,12.78,12.96,11.9,11.99,52849.5992
2025-11-15 16:00:00+00:00,11.99,12.2,11.85,11.94,29134.404
2025-11-15 18:00:00+00:00,11.95,12.59,11.78,12.1,39746.9441
2025-11-15 20:00:00+00:00,12.12,12.3,11.97,12.04,17112.862
2025-11-15 22:00:00+00:00,12.03,12.55,12.03,12.15,20229.3007
2025-11-16 00:00:00+00:00,12.15,12.97,11.88,12.83,27234.8882
2025-11-16 02:00:00+00:00,12.81,13.53,12.55,12.94,77041.0489
2025-11-16 04:00:00+00:00,12.95,13.85,12.88,13.1,62346.1337
2025-11-16 06:00:00+00:00,13.08,14.4,12.87,13.93,113476.3969
2025-11-16 08:00:00+00:00,13.94,14.32,13.2,13.33,79473.0458
2025-11-16 10:00:00+00:00,13.34,13.89,12.94,13.14,54507.3931
2025-11-16 12:00:00+00:00,13.1,13.24,12.56,12.74,39755.5307
2025-11-16 14:00:00+00:00,12.76,13.26,12.63,12.63,44430.2397
2025-11-16 16:00:00+00:00,12.64,12.82,12.0,12.24,40606.712
2025-11-16 18:00:00+00:00,12.24,12.67,12.16,12.53,32216.3468
2025-11-16 20:00:00+00:00,12.54,12.9,12.27,12.76,36736.1426
2025-11-16 22:00:00+00:00,12.78,13.73,12.74,13.13,65778.3315
2025-11-17 00:00:00+00:00,13.11,13.75,12.96,13.39,28673.159
2025-11-17 02:00:00+00:00,13.4,13.44,12.74,12.85,30301.7825
2025-11-17 04:00:00+00:00,12.87,12.88,12.36,12.43,24981.9249
2025-11-17 06:00:00+00:00,12.43,12.6,12.22,12.48,23515.4423
2025-11-17 08:00:00+00:00,12.46,12.76,12.41,12.45,17074.6152
2025-11-17 10:00:00+00:00,12.43,12.81,12.1,12.33,35896.5542
2025-11-17 12:00:00+00:00,12.34,12.4,12.03,12.16,20818.5799
2025-11-17 14:00:00+00:00,12.16,12.22,11.82,12.0,33925.9123
2025-11-17 16:00:00+00:00,12.01,12.65,11.88,11.88,28827.7056
2025-11-17 18:00:00+00:00,11.88,11.94,11.21,11.23,34049.7402
2025-11-17 20:00:00+00:00,11.24,11.79,11.1,11.51,31908.12
2025-11-17 22:00:00+00:00,11.49,11.8,11.45,11.73,7339.9387
2025-11-18 00:00:00+00:00,11.76,12.25,11.5,11.57,24214.8906
2025-11-18 02:00:00+00:00,11.56,11.82,11.35,11.69,14123.5422
2025-11-18 04:00:00+00:00,11.69,11.69,11.37,11.51,9696.4225
2025-11-18 06:00:00+00:00,11.5,11.58,11.17,11.3,16970.9899
2025-11-18 08:00:00+00:00,11.32,11.45,11.11,11.31,13582.0573
2025-11-18 10:00:00+00:00,11.31,11.45,11.22,11.32,7735.5281
2025-11-18 12:00:00+00:00,11.32,11.63,11.25,11.44,14017.9798
2025-11-18 14:00:00+00:00,11.43,12.36,11.39,12.01,43263.5069
2025-11-18 16:00:00+00:00,12.03,12.14,11.64,11.81,28433.5403
2025-11-18 18:00:00+00:00,11.81,12.07,11.64,11.97,16945.352
2025-11-18 20:00:00+00:00,11.97,11.99,11.59,11.69,11779.3302
2025-11-18 22:00:00+00:00,11.71,11.8,11.61,11.62,4223.1729
2025-11-19 00:00:00+00:00,11.62,11.65,11.3,11.47,12665.6776
2025-11-19 02:00:00+00:00,11.47,11.5,11.2,11.23,7231.5908
2025-11-19 04:00:00+00:00,11.22,11.3,10.7,10.76,19661.3176
2025-11-19 06:00:00+00:00,10.78,11.08,10.7,10.93,15972.6244
2025-11-19 08:00:00+00:00,10.93,10.94,10.46,10.69,24136.3026
2025-11-19 10:00:00+00:00,10.68,11.0,10.67,10.96,15648.6632
2025-11-19 12:00:00+00:00,10.95,10.96,10.5,10.51,17853.5147
2025-11-19 14:00:00+00:00,10.51,10.56,10.11,10.13,21997.0261
2025-11-19 16:00:00+00:00,10.14,10.31,10.01,10.13,22069.9123
2025-11-19 18:00:00+00:00,10.13,10.21,9.86,10.13,22506.5489
2025-11-19 20:00:00+00:00,10.13,10.35,9.97,10.33,17808.7764
2025-11-19 22:00:00+00:00,10.35,10.38,10.23,10.33,6327.6421
2025-11-20 00:00:00+00:00,10.33,10.65,10.27,10.48,14444.7768
2025-11-20 02:00:00+00:00,10.46,10.81,10.43,10.68,16262.2721
2025-11-20 04:00:00+00:00,10.67,11.0,10.62,10.83,17020.6977
2025-11-20 06:00:00+00:00,10.85,10.85,10.44,10.44,16157.7219
2025-11-20 08:00:00+00:00,10.45,10.65,10.33,10.4,8174.1461
2025-11-20 10:00:00+00:00,10.4,10.41,10.16,10.22,11520.0278
2025-11-20 12:00:00+00:00,10.21,10.43,10.2,10.22,17506.9997
2025-11-20 14:00:00+00:00,10.22,10.28,9.96,9.96,21879.6495
2025-11-20 16:00:00+00:00,9.96,9.96,9.64,9.71,28167.2478
2025-11-20 18:00:00+00:00,9.71,9.78,9.51,9.72,12326.1682
2025-11-20 20:00:00+00:00,9.72,9.73,9.55,9.6,19557.2008
2025-11-20 22:00:00+00:00,9.58,9.77,9.53,9.57,9798.6444
2025-11-21 00:00:00+00:00,9.58,10.05,9.57,9.99,14076.2237
2025-11-21 02:00:00+00:00,9.99,10.2,9.59,9.69,18820.6298
2025-11-21 04:00:00+00:00,9.68,10.0,9.58,9.85,16732.3927
2025-11-21 06:00:00+00:00,9.85,9.96,9.27,9.5,26061.8757
2025-11-21 08:00:00+00:00,9.48,12.24,9.45,11.31,208251.2463
2025-11-21 10:00:00+00:00,11.31,11.65,10.71,10.94,85371.5165
2025-11-21 12:00:00+00:00,10.92,11.54,10.63,11.39,74311.0553
2025-11-21 14:00:00+00:00,11.38,12.08,11.04,11.08,92059.2023
2025-11-21 16:00:00+00:00,11.1,11.37,10.65,11.16,40622.4272
2025-11-21 18:00:00+00:00,11.14,11.8,10.82,11.24,53731.0636
2025-11-21 20:00:00+00:00,11.25,11.35,10.54,10.68,30937.0497
2025-11-21 22:00:00+00:00,10.68,10.73,10.4,10.68,17171.2725
2025-11-22 00:00:00+00:00,10.68,10.73,10.18,10.39,24741.2023
2025-11-22 02:00:00+00:00,10.36,10.38,10.05,10.18,14176.9029
2025-11-22 04:00:00+00:00,10.16,10.23,9.7,9.92,20694.8255
2025-11-22 06:00:00+00:00,9.94,10.05,9.6,9.69,29350.1813
2025-11-22 08:00:00+00:00,9.68,9.8,9.6,9.68,14688.9217
2025-11-22 10:00:00+00:00,9.68,9.83,9.6,9.79,12741.2341
2025-11-22 12:00:00+00:00,9.78,9.79,9.59,9.73,20236.7882
2025-11-22 14:00:00+00:00,9.73,9.86,9.51,9.58,14260.1402
2025-11-22 16:00:00+00:00,9.58,9.73,9.55,9.6,9896.4336
2025-11-22 18:00:00+00:00,9.6,9.66,9.5,9.64,8277.0375
2025-11-22 20:00:00+00:00,9.64,9.68,9.52,9.56,5985.5982
2025-11-22 22:00:00+00:00,9.54,9.83,9.53,9.72,11147.3689
2025-11-23 00:00:00+00:00,9.73,9.83,9.65,9.78,8950.8565
2025-11-23 02:00:00+00:00,9.79,9.83,9.63,9.66,5194.0663
2025-11-23 04:00:00+00:00,9.66,9.71,9.52,9.64,12436.9629
2025-11-23 06:00:00+00:00,9.64,9.7,9.54,9.59,12732.0784
2025-11-23 08:00:00+00:00,9.56,9.78,9.56,9.65,10977.821
2025-11-23 10:00:00+00:00,9.63,9.66,9.55,9.59,6612.4784
2025-11-23 12:00:00+00:00,9.59,9.79,9.58,9.74,10972.2629
2025-11-23 14:00:00+00:00,9.73,10.38,9.67,9.91,45226.9465
2025-11-23 16:00:00+00:00,9.9,9.98,9.7,9.77,10926.9732
2025-11-23 18:00:00+00:00,9.77,9.91,9.72,9.9,7850.5495
2025-11-23 20:00:00+00:00,9.89,9.96,9.76,9.83,6494.8035
2025-11-23 22:00:00+00:00,9.82,9.85,9.61,9.64,5300.4649
2025-11-24 00:00:00+00:00,9.64,9.65,9.55,9.63,7173.1633
2025-11-24 02:00:00+00:00,9.65,9.78,9.63,9.7,5308.6098
2025-11-24 04:00:00+00:00,9.7,9.78,9.57,9.74,6113.6642
2025-11-24 06:00:00+00:00,9.73,9.74,9.64,9.67,4588.9532
2025-11-24 08:00:00+00:00,9.66,9.7,9.57,9.59,5252.8015
2025-11-24 10:00:00+00:00,9.59,9.64,9.57,9.59,6614.0799
2025-11-24 12:00:00+00:00,9.59,9.6,9.47,9.48,9829.8594
2025-11-24 14:00:00+00:00,9.48,9.65,9.3,9.59,20468.1444
2025-11-24 16:00:00+00:00,9.59,9.75,9.58,9.75,10702.5789
2025-11-24 18:00:00+00:00,9.75,9.9,9.73,9.84,14604.5118
2025-11-24 20:00:00+00:00,9.84,9.95,9.78,9.84,6226.1228
2025-11-24 22:00:00+00:00,9.82,9.84,9.7,9.71,8167.9893
2025-11-25 00:00:00+00:00,9.7,9.83,9.63,9.68,6042.6418
2025-11-25 02:00:00+00:00,9.68,9.74,9.62,9.71,3236.97
2025-11-25 04:00:00+00:00,9.71,9.83,9.69,9.8,5082.5851
2025-11-25 06:00:00+00:00,9.8,9.8,9.63,9.65,4772.6699
2025-11-25 08:00:00+00:00,9.66,9.78,9.63,9.78,5471.2438
2025-11-25 10:00:00+00:00,9.78,9.95,9.75,9.77,7889.2504
2025-11-25 12:00:00+00:00,9.79,9.84,9.58,9.64,7647.6623
2025-11-25 14:00:00+00:00,9.64,9.69,9.4,9.62,10485.6266
2025-11-25 16:00:00+00:00,9.62,9.74,9.6,9.62,5887.0211
2025-11-25 18:00:00+00:00,9.62,9.63,9.35,9.51,10684.8227
2025-11-25 20:00:00+00:00,9.51,9.69,9.45,9.5,6301.4938
2025-11-25 22:00:00+00:00,9.5,9.55,9.37,9.49,5104.1648
2025-11-26 00:00:00+00:00,9.48,9.57,9.45,9.5,3727.7063
2025-11-26 02:00:00+00:00,9.5,9.54,9.31,9.35,10915.1232
2025-11-26 04:00:00+00:00,9.35,9.49,9.33,9.48,6609.9053
2025-11-26 06:00:00+00:00,9.47,9.56,9.43,9.56,7222.0206
2025-11-26 08:00:00+00:00,9.57,9.57,9.32,9.35,5969.3888
2025-11-26 10:00:00+00:00,9.35,9.39,9.25,9.29,7112.6183
2025-11-26 12:00:00+00:00,9.29,9.29,9.12,9.26,11766.2913
2025-11-26 14:00:00+00:00,9.24,9.34,9.13,9.28,10947.7975
2025-11-26 16:00:00+00:00,9.3,9.54,9.3,9.45,10889.8912
2025-11-26 18:00:00+00:00,9.45,9.55,9.4,9.54,7990.7232
2025-11-26 20:00:00+00:00,9.54,9.54,9.41,9.47,4945.6238
2025-11-26 22:00:00+00:00,9.45,9.47,9.34,9.38,3581.1288
2025-11-27 00:00:00+00:00,9.36,9.78,9.35,9.67,11389.4263
2025-11-27 02:00:00+00:00,9.66,9.7,9.59,9.64,4077.212
2025-11-27 04:00:00+00:00,9.64,10.28,9.6,10.12,49980.5118
2025-11-27 06:00:00+00:00,10.12,10.19,9.78,9.79,34322.9293
2025-11-27 08:00:00+00:00,9.8,10.02,9.72,9.9,17379.8727
2025-11-27 10:00:00+00:00,9.89,9.94,9.72,9.8,7922.4094
2025-11-27 12:00:00+00:00,9.77,9.8,9.4,9.47,14612.564
2025-11-27 14:00:00+00:00,9.47,9.53,9.38,9.51,6803.8283
2025-11-27 16:00:00+00:00,9.5,9.61,9.45,9.53,4633.5964
2025-11-27 18:00:00+00:00,9.54,9.56,9.35,9.48,11285.9482
2025-11-27 20:00:00+00:00,9.48,9.51,9.3,9.32,7955.2886
2025-11-27 22:00:00+00:00,9.3,9.35,9.24,9.27,3156.7172
2025-11-28 00:00:00+00:00,9.27,9.29,9.21,9.24,3715.3869
2025-11-28 02:00:00+00:00,9.24,9.27,8.98,9.05,16949.5616
2025-11-28 04:00:00+00:00,9.05,9.1,8.91,9.0,7366.4927
2025-11-28 06:00:00+00:00,8.99,9.21,8.95,9.21,7643.2743
2025-11-28 08:00:00+00:00,9.2,9.35,9.18,9.28,6270.9171
2025-11-28 10:00:00+00:00,9.28,9.32,9.16,9.2,5954.3426
2025-11-28 12:00:00+00:00,9.2,9.44,9.15,9.4,6468.4268
2025-11-28 14:00:00+00:00,9.4,9.63,9.28,9.44,15043.9143
2025-11-28 16:00:00+00:00,9.44,9.47,9.2,9.2,10143.4229
2025-11-28 18:00:00+00:00,9.22,10.07,9.2,9.65,43133.398
2025-11-28 20:00:00+00:00,9.65,11.17,9.55,10.35,140427.353
2025-11-28 22:00:00+00:00,10.35,10.45,9.89,9.96,35688.7855
2025-11-29 00:00:00+00:00,9.95,9.99,9.59,9.69,17104.5773
2025-11-29 02:00:00+00:00,9.67,9.95,9.54,9.54,17058.4984
2025-11-29 04:00:00+00:00,9.54,9.98,9.5,9.62,22193.3732
2025-11-29 06:00:00+00:00,9.62,9.68,9.34,9.45,10927.8318
2025-11-29 08:00:00+00:00,9.45,9.58,9.36,9.39,13987.7478
2025-11-29 10:00:00+00:00,9.4,9.51,9.36,9.45,6034.6103
2025-11-29 12:00:00+00:00,9.43,9.7,9.41,9.53,13983.7785
2025-11-29 14:00:00+00:00,9.54,9.63,9.49,9.55,5711.8861
2025-11-29 16:00:00+00:00,9.53,9.58,9.49,9.56,5140.9795
2025-11-29 18:00:00+00:00,9.55,10.59,9.55,10.15,69844.3711
2025-11-29 20:00:00+00:00,10.15,10.2,9.84,9.91,20432.3725
2025-11-29 22:00:00+00:00,9.91,10.25,9.87,10.06,8201.2361
2025-11-30 00:00:00+00:00,10.06,11.89,10.05,10.99,112033.1701
2025-11-30 02:00:00+00:00,10.99,11.49,10.67,11.0,47432.0021
2025-11-30 04:00:00+00:00,11.0,11.6,10.69,11.04,60901.9649
2025-11-30 06:00:00+00:00,11.05,11.97,11.0,11.35,90152.4049
2025-11-30 08:00:00+00:00,11.33,11.4,10.76,11.06,78502.7877
2025-11-30 10:00:00+00:00,11.06,11.35,10.81,11.13,41694.5917
2025-11-30 12:00:00+00:00,11.13,11.63,10.95,11.51,50336.2089
2025-11-30 14:00:00+00:00,11.51,12.25,11.27,12.0,109333.9607
2025-11-30 16:00:00+00:00,12.0,12.0,11.5,11.57,38605.5545
2025-11-30 18:00:00+00:00,11.56,11.62,10.9,10.96,42543.1225
2025-11-30 20:00:00+00:00,10.96,11.22,10.81,10.89,21995.5989
2025-11-30 22:00:00+00:00,10.88,11.38,10.54,11.12,31662.4985
2025-12-01 00:00:00+00:00,11.08,11.27,10.3,10.39,36820.1941
2025-12-01 02:00:00+00:00,10.41,10.54,10.12,10.33,15010.4561
2025-12-01 04:00:00+00:00,10.32,10.33,9.61,9.87,29152.1603
2025-12-01 06:00:00+00:00,9.87,10.09,9.69,9.76,20327.5598
2025-12-01 08:00:00+00:00,9.76,9.97,9.73,9.85,6079.6905
2025-12-01 10:00:00+00:00,9.84,10.28,9.84,10.16,16303.4128
2025-12-01 12:00:00+00:00,10.15,10.26,9.93,10.0,8026.4835
2025-12-01 14:00:00+00:00,9.98,10.06,9.7,9.8,11672.3262
2025-12-01 16:00:00+00:00,9.8,10.11,9.74,9.82,11719.2986
2025-12-01 18:00:00+00:00,9.82,9.96,9.76,9.8,5663.0579
2025-12-01 20:00:00+00:00,9.81,10.12,9.8,10.1,9080.2705
2025-12-01 22:00:00+00:00,10.1,10.13,10.01,10.03,2559.7699
2025-12-02 00:00:00+00:00,10.01,10.16,9.88,10.04,5825.8536
2025-12-02 02:00:00+00:00,10.04,11.7,9.95,10.18,20163.338
2025-12-02 04:00:00+00:00,10.16,11.36,10.15,10.92,62703.6541
2025-12-02 06:00:00+00:00,10.95,11.02,10.53,10.62,31653.1403
2025-12-02 08:00:00+00:00,10.61,11.16,10.56,10.75,35343.7454
2025-12-02 10:00:00+00:00,10.73,10.92,10.55,10.62,11455.7691
2025-12-02 12:00:00+00:00,10.61,10.63,10.42,10.48,13066.7051
2025-12-02 14:00:00+00:00,10.46,10.7,10.32,10.58,20541.6057
2025-12-02 16:00:00+00:00,10.6,10.83,10.46,10.76,15235.8454
2025-12-02 18:00:00+00:00,10.76,10.99,10.66,10.69,15221.8827
2025-12-02 20:00:00+00:00,10.68,10.68,10.53,10.56,6486.024
2025-12-02 22:00:00+00:00,10.56,10.78,10.54,10.59,3958.3972
2025-12-03 00:00:00+00:00,10.6,10.64,10.3,10.3,8434.5013
2025-12-03 02:00:00+00:00,10.33,10.35,10.2,10.31,10451.0204
2025-12-03 04:00:00+00:00,10.3,10.37,10.12,10.24,20738.5208
2025-12-03 06:00:00+00:00,10.24,10.37,10.24,10.28,8087.8335
2025-12-03 08:00:00+00:00,10.29,10.4,10.28,10.35,6616.2488
2025-12-03 10:00:00+00:00,10.35,10.37,10.22,10.28,6487.2674
2025-12-03 12:00:00+00:00,10.28,10.6,10.28,10.34,13387.1493
2025-12-03 14:00:00+00:00,10.33,10.35,10.1,10.16,15134.2746
2025-12-03 16:00:00+00:00,10.16,10.47,10.1,10.34,14235.2782
2025-12-03 18:00:00+00:00,10.33,10.39,10.11,10.29,8946.3967
2025-12-03 20:00:00+00:00,10.3,10.39,10.23,10.39,3981.0304
2025-12-03 22:00:00+00:00,10.37,10.57,10.35,10.54,5994.2713
2025-12-04 00:00:00+00:00,10.53,10.66,10.48,10.49,7001.1408
2025-12-04 02:00:00+00:00,10.51,10.7,10.47,10.67,3588.0485
2025-12-04 04:00:00+00:00,10.68,10.78,10.43,10.6,7282.5638
2025-12-04 06:00:00+00:00,10.61,10.68,10.56,10.63,4479.7815
2025-12-04 08:00:00+00:00,10.63,10.65,10.38,10.59,8644.3301
2025-12-04 10:00:00+00:00,10.59,11.3,10.56,10.82,66481.4283
2025-12-04 12:00:00+00:00,10.81,10.95,10.61,10.72,15681.3178
2025-12-04 14:00:00+00:00,10.69,10.81,10.55,10.77,12308.9966
2025-12-04 16:00:00+00:00,10.77,11.2,10.74,10.78,19729.5506
2025-12-04 18:00:00+00:00,10.77,10.78,10.4,10.64,11534.2859
2025-12-04 20:00:00+00:00,10.64,10.82,10.5,10.52,5891.6535
2025-12-04 22:00:00+00:00,10.51,10.54,10.38,10.51,11739.9912
2025-12-05 00:00:00+00:00,10.53,10.75,10.47,10.53,5368.8768
2025-12-05 02:00:00+00:00,10.51,10.52,10.37,10.39,4284.2424
2025-12-05 04:00:00+00:00,10.39,10.41,10.2,10.32,7570.0312
2025-12-05 06:00:00+00:00,10.32,10.35,10.25,10.32,2964.6658
2025-12-05 08:00:00+00:00,10.32,10.35,10.13,10.25,5883.2363
2025-12-05 10:00:00+00:00,10.25,10.27,10.06,10.13,6960.659
2025-12-05 12:00:00+00:00,10.12,10.15,9.93,10.0,10954.2659
2025-12-05 14:00:00+00:00,9.99,10.22,9.92,10.1,11366.0243
2025-12-05 16:00:00+00:00,10.1,10.11,9.81,9.94,7846.1636
2025-12-05 18:00:00+00:00,9.92,10.01,9.83,9.94,3464.5003
2025-12-05 20:00:00+00:00,9.93,9.98,9.87,9.97,2654.9397
2025-12-05 22:00:00+00:00,9.95,10.13,9.95,10.06,4096.5586
2025-12-06 00:00:00+00:00,10.04,10.19,10.03,10.17,2121.0485
2025-12-06 02:00:00+00:00,10.19,10.28,10.13,10.14,5154.3647
2025-12-06 04:00:00+00:00,10.14,10.25,10.11,10.12,3152.9153
2025-12-06 06:00:00+00:00,10.12,10.24,10.08,10.08,4468.2858
2025-12-06 08:00:00+00:00,10.08,10.12,10.01,10.06,2423.6177
2025-12-06 10:00:00+00:00,10.06,10.18,10.06,10.1,3207.1356
2025-12-06 12:00:00+00:00,10.1,10.27,10.07,10.22,6871.0917
2025-12-06 14:00:00+00:00,10.23,10.23,10.1,10.14,5553.8299
2025-12-06 16:00:00+00:00,10.14,10.2,10.1,10.18,4457.9783
2025-12-06 18:00:00+00:00,10.18,10.18,9.91,10.04,6667.7554
2025-12-06 20:00:00+00:00,10.04,10.15,10.01,10.05,4030.2665
2025-12-06 22:00:00+00:00,10.05,10.08,9.89,9.92,4114.8868
2025-12-07 00:00:00+00:00,9.92,10.07,9.92,10.05,3213.9849
2025-12-07 02:00:00+00:00,10.05,10.12,10.01,10.09,1520.9859
2025-12-07 04:00:00+00:00,10.08,10.09,9.95,10.0,1654.9139
2025-12-07 06:00:00+00:00,10.0,10.12,9.96,10.01,2739.7535
2025-12-07 08:00:00+00:00,10.01,10.14,9.95,9.98,3580.3325
2025-12-07 10:00:00+00:00,9.98,10.16,9.96,10.01,4445.8061
2025-12-07 12:00:00+00:00,10.01,10.04,9.9,9.92,3948.9865
2025-12-07 14:00:00+00:00,9.92,9.93,9.53,9.83,14386.2941
2025-12-07 16:00:00+00:00,9.81,10.1,9.75,10.08,8735.6842
2025-12-07 18:00:00+00:00,10.08,10.2,10.04,10.19,4505.4402
2025-12-07 20:00:00+00:00,10.18,10.19,9.89,9.93,4590.5189
2025-12-07 22:00:00+00:00,9.94,9.95,9.7,9.9,5881.021
2025-12-08 00:00:00+00:00,9.88,10.01,9.84,9.92,4855.2682
2025-12-08 02:00:00+00:00,9.91,9.99,9.9,9.98,2209.3246
2025-12-08 04:00:00+00:00,9.98,10.09,9.85,10.04,4639.2176
2025-12-08 06:00:00+00:00,10.04,10.05,9.93,9.95,2799.2733
2025-12-08 08:00:00+00:00,9.95,10.08,9.9,9.95,4412.997
2025-12-08 10:00:00+00:00,9.95,10.09,9.9,9.98,6660.1413
2025-12-08 12:00:00+00:00,9.98,10.05,9.9,10.03,3118.0723
2025-12-08 14:00:00+00:00,10.01,10.08,9.75,9.82,9974.2983
2025-12-08 16:00:00+00:00,9.84,9.9,9.75,9.84,3955.5279
2025-12-08 18:00:00+00:00,9.83,9.95,9.75,9.8,3106.6204
2025-12-08 20:00:00+00:00,9.8,9.91,9.75,9.89,3454.5627
2025-12-08 22:00:00+00:00,9.88,9.9,9.71,9.8,4258.5037
2025-12-09 00:00:00+00:00,9.8,9.88,9.78,9.78,3581.9675
2025-12-09 02:00:00+00:00,9.78,9.84,9.73,9.83,1868.3232
2025-12-09 04:00:00+00:00,9.81,9.82,9.61,9.69,4021.0513
2025-12-09 06:00:00+00:00,9.71,9.82,9.62,9.82,3485.6658
2025-12-09 08:00:00+00:00,9.8,9.82,9.68,9.7,2897.9537
2025-12-09 10:00:00+00:00,9.69,9.74,9.63,9.72,3220.7266
2025-12-09 12:00:00+00:00,9.72,9.8,9.66,9.71,1748.5605
2025-12-09 14:00:00+00:00,9.73,10.0,9.67,9.95,6229.5565
2025-12-09 16:00:00+00:00,9.95,10.14,9.92,10.11,12637.6066
2025-12-09 18:00:00+00:00,10.11,10.2,10.01,10.06,7379.7365
2025-12-09 20:00:00+00:00,10.04,10.2,9.81,9.85,7544.526
2025-12-09 22:00:00+00:00,9.85,9.97,9.78,9.84,6557.4503
2025-12-10 00:00:00+00:00,9.83,9.85,9.72,9.81,5206.6216
2025-12-10 02:00:00+00:00,9.81,9.84,9.7,9.73,4822.4816
2025-12-10 04:00:00+00:00,9.72,9.77,9.72,9.77,2979.2067
2025-12-10 06:00:00+00:00,9.77,9.79,9.73,9.76,2212.535
2025-12-10 08:00:00+00:00,9.76,9.82,9.71,9.74,5945.7482
2025-12-10 10:00:00+00:00,9.74,9.76,9.6,9.64,7204.2915
2025-12-10 12:00:00+00:00,9.62,9.73,9.62,9.73,2674.2271
2025-12-10 14:00:00+00:00,9.71,9.74,9.61,9.67,4871.455
2025-12-10 16:00:00+00:00,9.65,9.72,9.63,9.71,3772.8768
2025-12-10 18:00:00+00:00,9.69,9.81,9.63,9.77,12636.0803
2025-12-10 20:00:00+00:00,9.75,9.81,9.5,9.54,10794.3713
2025-12-10 22:00:00+00:00,9.54,9.58,9.44,9.54,5947.5179
2025-12-11 00:00:00+00:00,9.55,9.57,9.36,9.43,5964.6552
2025-12-11 02:00:00+00:00,9.42,9.43,9.05,9.09,11953.367
2025-12-11 04:00:00+00:00,9.09,9.26,9.07,9.24,3051.5873
2025-12-11 06:00:00+00:00,9.24,9.36,9.22,9.28,3440.6734
2025-12-11 08:00:00+00:00,9.28,9.4,9.22,9.35,4830.1314
2025-12-11 10:00:00+00:00,9.35,9.36,9.27,9.35,2044.0044
2025-12-11 12:00:00+00:00,9.35,9.36,9.2,9.22,2484.6324
2025-12-11 14:00:00+00:00,9.22,9.35,9.16,9.27,5112.3245
2025-12-11 16:00:00+00:00,9.27,9.34,9.21,9.33,3206.6435
2025-12-11 18:00:00+00:00,9.32,9.44,9.3,9.32,3438.5877
2025-12-11 20:00:00+00:00,9.34,9.49,9.29,9.44,3549.7745
2025-12-11 22:00:00+00:00,9.44,9.49,9.37,9.39,3762.8549
2025-12-12 00:00:00+00:00,9.39,9.42,9.32,9.39,2652.072
2025-12-12 02:00:00+00:00,9.41,9.45,9.32,9.32,2588.9887
2025-12-12 04:00:00+00:00,9.33,9.37,9.28,9.36,1890.9408
2025-12-12 06:00:00+00:00,9.36,9.41,9.3,9.31,2149.8529
2025-12-12 08:00:00+00:00,9.33,9.34,9.23,9.3,2803.8189
2025-12-12 10:00:00+00:00,9.28,9.49,9.26,9.37,5028.0951
2025-12-12 12:00:00+00:00,9.37,9.39,9.25,9.29,5407.1556
2025-12-12 14:00:00+00:00,9.29,9.32,8.88,8.94,11298.0585
2025-12-12 16:00:00+00:00,8.94,9.05,8.85,8.89,13360.5071
2025-12-12 18:00:00+00:00,8.9,8.99,8.88,8.9,2577.1126
2025-12-12 20:00:00+00:00,8.92,8.96,8.88,8.91,4444.8588
2025-12-12 22:00:00+00:00,8.91,8.94,8.9,8.94,1512.2568
2025-12-13 00:00:00+00:00,8.93,8.99,8.9,8.94,1724.6477
2025-12-13 02:00:00+00:00,8.94,9.0,8.93,8.99,1089.9998
2025-12-13 04:00:00+00:00,8.98,9.04,8.97,9.01,2260.0154
2025-12-13 06:00:00+00:00,9.0,9.01,8.95,9.01,1414.6408
2025-12-13 08:00:00+00:00,9.0,9.09,8.99,9.03,1846.5489
2025-12-13 10:00:00+00:00,9.04,9.15,9.03,9.14,2109.6701
2025-12-13 12:00:00+00:00,9.13,9.16,9.04,9.08,2614.2214
2025-12-13 14:00:00+00:00,9.07,9.17,9.0,9.17,3554.6402
2025-12-13 16:00:00+00:00,9.15,9.18,9.11,9.13,1257.2062
2025-12-13 18:00:00+00:00,9.14,9.16,9.06,9.12,1770.001
2025-12-13 20:00:00+00:00,9.12,9.13,9.0,9.07,1111.7114
2025-12-13 22:00:00+00:00,9.07,9.09,8.98,9.03,2360.2043
2025-12-14 00:00:00+00:00,9.03,9.03,8.97,9.0,1209.3339
2025-12-14 02:00:00+00:00,8.98,9.07,8.97,9.06,1751.1024
2025-12-14 04:00:00+00:00,9.07,9.07,8.94,8.95,1709.9378
2025-12-14 06:00:00+00:00,8.96,8.98,8.89,8.91,2671.8947
2025-12-14 08:00:00+00:00,8.9,8.96,8.86,8.96,1506.4053
2025-12-14 10:00:00+00:00,8.95,8.97,8.86,8.94,1744.717
2025-12-14 12:00:00+00:00,8.93,8.99,8.89,8.93,1954.7691
2025-12-14 14:00:00+00:00,8.94,8.96,8.77,8.85,3081.4235
2025-12-14 16:00:00+00:00,8.87,8.89,8.75,8.78,2546.0788
2025-12-14 18:00:00+00:00,8.76,8.79,8.68,8.7,2436.647
2025-12-14 20:00:00+00:00,8.7,8.84,8.67,8.78,4197.5115
2025-12-14 22:00:00+00:00,8.8,8.8,8.67,8.73,2500.6337
2025-12-15 00:00:00+00:00,8.72,8.81,8.7,8.78,2712.9328
2025-12-15 02:00:00+00:00,8.8,8.84,8.77,8.8,2642.4463
2025-12-15 04:00:00+00:00,8.79,8.83,8.77,8.83,1269.9084
2025-12-15 06:00:00+00:00,8.83,8.87,8.76,8.76,2572.4556
2025-12-15 08:00:00+00:00,8.76,8.79,8.7,8.77,3491.8153
2025-12-15 10:00:00+00:00,8.78,8.8,8.69,8.73,2401.8858
2025-12-15 12:00:00+00:00,8.73,8.75,8.6,8.64,1971.1424
2025-12-15 14:00:00+00:00,8.63,8.69,8.27,8.39,8813.8523
2025-12-15 16:00:00+00:00,8.39,8.43,8.18,8.19,4506.2924
2025-12-15 18:00:00+00:00,8.19,8.25,8.09,8.15,7490.1817
2025-12-15 20:00:00+00:00,8.14,8.23,8.06,8.23,5146.1241
2025-12-15 22:00:00+00:00,8.21,8.32,8.2,8.3,2985.64
2025-12-16 00:00:00+00:00,8.29,8.34,8.2,8.22,2514.529
2025-12-16 02:00:00+00:00,8.22,8.28,8.19,8.25,1244.3732
2025-12-16 04:00:00+00:00,8.23,8.26,8.14,8.18,2730.3844
2025-12-16 06:00:00+00:00,8.16,8.28,8.16,8.22,2531.9569
2025-12-16 08:00:00+00:00,8.21,8.27,8.18,8.21,2241.7473
2025-12-16 10:00:00+00:00,8.19,8.36,8.18,8.36,2726.8253
2025-12-16 12:00:00+00:00,8.33,8.4,8.23,8.23,2270.7346
2025-12-16 14:00:00+00:00,8.23,8.28,8.15,8.22,5729.1439
2025-12-16 16:00:00+00:00,8.2,8.29,8.17,8.18,2218.1975
2025-12-16 18:00:00+00:00,8.19,8.36,8.17,8.36,3988.9145
2025-12-16 20:00:00+00:00,8.36,8.38,8.28,8.34,2422.7628
2025-12-16 22:00:00+00:00,8.33,8.35,8.22,8.27,4150.7751
2025-12-17 00:00:00+00:00,8.28,8.28,8.16,8.16,2448.9138
2025-12-17 02:00:00+00:00,8.16,8.19,8.07,8.07,2224.2521
2025-12-17 04:00:00+00:00,8.09,8.13,8.01,8.07,2863.4135
2025-12-17 06:00:00+00:00,8.08,8.11,8.03,8.07,932.66
2025-12-17 08:00:00+00:00,8.07,8.1,8.02,8.05,1556.1489
2025-12-17 10:00:00+00:00,8.03,8.1,8.01,8.05,3008.0861
2025-12-17 12:00:00+00:00,8.05,8.1,7.99,8.1,2280.9156
2025-12-17 14:00:00+00:00,8.1,8.28,7.96,7.98,8671.0592
2025-12-17 16:00:00+00:00,7.97,8.04,7.76,7.78,7785.8722
2025-12-17 18:00:00+00:00,7.76,7.78,7.61,7.71,4750.7413
2025-12-17 20:00:00+00:00,7.69,7.75,7.64,7.69,2039.7631
2025-12-17 22:00:00+00:00,7.69,7.72,7.63,7.69,1969.0551
2025-12-18 00:00:00+00:00,7.69,7.72,7.64,7.68,785.9736
2025-12-18 02:00:00+00:00,7.68,7.74,7.66,7.66,1354.086
2025-12-18 04:00:00+00:00,7.67,7.69,7.6,7.62,2030.3723
2025-12-18 06:00:00+00:00,7.61,7.67,7.59,7.63,2258.7702
2025-12-18 08:00:00+00:00,7.62,7.72,7.62,7.69,2941.3517
2025-12-18 10:00:00+00:00,7.69,7.73,7.66,7.73,1951.1021
2025-12-18 12:00:00+00:00,7.74,7.94,7.73,7.9,10882.3608
2025-12-18 14:00:00+00:00,7.91,7.98,7.77,7.87,9586.8383
2025-12-18 16:00:00+00:00,7.86,7.87,7.46,7.59,5609.9119
2025-12-18 18:00:00+00:00,7.6,7.64,7.22,7.29,8212.1997
2025-12-18 20:00:00+00:00,7.3,7.5,7.28,7.5,5642.9152
2025-12-18 22:00:00+00:00,7.48,7.5,7.39,7.44,2323.2884
2025-12-19 00:00:00+00:00,7.46,7.47,7.35,7.36,1937.3851
2025-12-19 02:00:00+00:00,7.37,7.63,7.35,7.53,5479.3697
2025-12-19 04:00:00+00:00,7.54,7.59,7.53,7.57,2499.3166
2025-12-19 06:00:00+00:00,7.55,7.62,7.41,7.45,21827.1549
2025-12-19 08:00:00+00:00,7.45,7.5,7.39,7.43,7840.2948
2025-12-19 10:00:00+00:00,7.42,7.45,7.37,7.43,3920.0126
2025-12-19 12:00:00+00:00,7.43,7.44,7.37,7.38,5056.3817
2025-12-19 14:00:00+00:00,7.4,7.51,7.37,7.41,4584.4198
2025-12-19 16:00:00+00:00,7.4,7.53,7.39,7.39,4854.2476
2025-12-19 18:00:00+00:00,7.39,7.89,7.39,7.63,29654.4673
2025-12-19 20:00:00+00:00,7.64,7.67,7.59,7.63,4739.096
2025-12-19 22:00:00+00:00,7.64,7.71,7.64,7.69,2246.8819
2025-12-20 00:00:00+00:00,7.68,7.7,7.65,7.65,1420.8622
2025-12-20 02:00:00+00:00,7.66,7.68,7.64,7.64,949.2644
2025-12-20 04:00:00+00:00,7.64,7.86,7.58,7.73,6514.6131
2025-12-20 06:00:00+00:00,7.74,7.85,7.73,7.85,3193.0662
2025-12-20 08:00:00+00:00,7.85,8.13,7.84,7.92,14084.7279
2025-12-20 10:00:00+00:00,7.92,8.58,7.79,7.96,50570.6066
2025-12-20 12:00:00+00:00,7.96,8.16,7.84,7.94,17729.8574
2025-12-20 14:00:00+00:00,7.94,8.11,7.9,8.01,12671.6139
2025-12-20 16:00:00+00:00,8.01,8.01,7.83,7.85,7240.853
2025-12-20 18:00:00+00:00,7.84,7.91,7.84,7.89,3139.4625
2025-12-20 20:00:00+00:00,7.88,7.92,7.83,7.84,2259.5622
2025-12-20 22:00:00+00:00,7.84,7.85,7.77,7.78,2749.1739
2025-12-21 00:00:00+00:00,7.78,7.8,7.7,7.7,2176.7075
2025-12-21 02:00:00+00:00,7.69,7.75,7.68,7.74,2354.9819
2025-12-21 04:00:00+00:00,7.73,7.74,7.68,7.68,1463.2119
2025-12-21 06:00:00+00:00,7.69,7.81,7.67,7.79,3083.6004
2025-12-21 08:00:00+00:00,7.8,7.97,7.72,7.84,8778.9118
2025-12-21 10:00:00+00:00,7.84,7.98,7.76,7.79,7117.6003
2025-12-21 12:00:00+00:00,7.78,7.8,7.58,7.62,4590.8785
2025-12-21 14:00:00+00:00,7.61,7.81,7.6,7.71,4293.6087
2025-12-21 16:00:00+00:00,7.71,7.78,7.71,7.77,1220.8041
2025-12-21 18:00:00+00:00,7.77,7.79,7.7,7.73,2126.3057
2025-12-21 20:00:00+00:00,7.74,7.75,7.63,7.65,2004.3694
2025-12-21 22:00:00+00:00,7.64,7.76,7.63,7.73,2482.902
2025-12-22 00:00:00+00:00,7.75,7.85,7.73,7.75,2313.3601
2025-12-22 02:00:00+00:00,7.73,7.75,7.66,7.69,2219.6033
2025-12-22 04:00:00+00:00,7.69,7.72,7.66,7.69,1430.1053
2025-12-22 06:00:00+00:00,7.69,7.7,7.64,7.65,1899.5866
2025-12-22 08:00:00+00:00,7.66,7.81,7.66,7.74,9049.4717
2025-12-22 10:00:00+00:00,7.74,7.81,7.7,7.76,2029.7334
2025-12-22 12:00:00+00:00,7.77,7.82,7.75,7.75,3684.14
2025-12-22 14:00:00+00:00,7.75,7.8,7.7,7.79,3856.7498
2025-12-22 16:00:00+00:00,7.78,7.78,7.71,7.76,2183.7591
2025-12-22 18:00:00+00:00,7.76,7.78,7.63,7.65,2764.2784
2025-12-22 20:00:00+00:00,7.65,7.69,7.6,7.66,3467.7888
2025-12-22 22:00:00+00:00,7.66,7.72,7.64,7.69,938.4954
2025-12-23 00:00:00+00:00,7.67,7.71,7.67,7.68,1031.1515
2025-12-23 02:00:00+00:00,7.68,7.7,7.57,7.63,1052.6469
2025-12-23 04:00:00+00:00,7.62,7.7,7.57,7.66,4305.5484
2025-12-23 06:00:00+00:00,7.66,7.67,7.45,7.48,6018.6794
2025-12-23 08:00:00+00:00,7.49,7.51,7.45,7.47,7173.9878
2025-12-23 10:00:00+00:00,7.49,7.49,7.44,7.47,2866.797
2025-12-23 12:00:00+00:00,7.47,7.54,7.42,7.42,4751.0817
2025-12-23 14:00:00+00:00,7.42,7.5,7.4,7.44,3863.7729
2025-12-23 16:00:00+00:00,7.43,7.54,7.42,7.47,3724.5737
2025-12-23 18:00:00+00:00,7.46,7.6,7.45,7.58,4722.1323
2025-12-23 20:00:00+00:00,7.59,7.64,7.54,7.58,2888.6609
2025-12-23 22:00:00+00:00,7.58,7.59,7.49,7.52,2851.5078
2025-12-24 00:00:00+00:00,7.52,7.59,7.49,7.53,1889.3817
2025-12-24 02:00:00+00:00,7.55,7.55,7.4,7.48,1607.9051
2025-12-24 04:00:00+00:00,7.46,7.5,7.41,7.43,2233.9838
2025-12-24 06:00:00+00:00,7.42,7.48,7.4,7.45,1666.1525
2025-12-24 08:00:00+00:00,7.45,7.47,7.4,7.42,3491.614
2025-12-24 10:00:00+00:00,7.42,7.51,7.4,7.49,3284.3657
2025-12-24 12:00:00+00:00,7.48,7.54,7.35,7.4,5215.6344
2025-12-24 14:00:00+00:00,7.39,7.44,7.33,7.42,5663.808
2025-12-24 16:00:00+00:00,7.42,7.46,7.37,7.42,3103.94
2025-12-24 18:00:00+00:00,7.41,7.45,7.4,7.45,1167.7189
2025-12-24 20:00:00+00:00,7.43,7.81,7.43,7.64,21793.5324
2025-12-24 22:00:00+00:00,7.64,7.79,7.59,7.62,12191.0792
2025-12-25 00:00:00+00:00,7.62,7.62,7.56,7.6,1896.7369
2025-12-25 02:00:00+00:00,7.59,7.65,7.57,7.62,2991.6445
2025-12-25 04:00:00+00:00,7.63,7.63,7.55,7.57,4070.1062
2025-12-25 06:00:00+00:00,7.57,7.93,7.56,7.72,31866.6768
2025-12-25 08:00:00+00:00,7.72,8.3,7.69,8.17,59000.7157
2025-12-25 10:00:00+00:00,8.17,8.55,7.9,8.01,72608.734
2025-12-25 12:00:00+00:00,8.03,8.1,7.81,7.93,23612.7865
2025-12-25 14:00:00+00:00,7.95,8.4,7.9,7.95,49295.1693
2025-12-25 16:00:00+00:00,7.95,8.05,7.8,7.87,24812.0331
2025-12-25 18:00:00+00:00,7.87,7.88,7.77,7.78,9781.4071
2025-12-25 20:00:00+00:00,7.78,7.86,7.71,7.75,10310.506
2025-12-25 22:00:00+00:00,7.75,7.77,7.56,7.61,8855.5169
2025-12-26 00:00:00+00:00,7.59,7.61,7.51,7.56,6212.1415
2025-12-26 02:00:00+00:00,7.54,7.66,7.39,7.61,9409.62
2025-12-26 04:00:00+00:00,7.61,7.61,7.5,7.53,4465.4875
2025-12-26 06:00:00+00:00,7.53,7.91,7.5,7.65,30924.5183
2025-12-26 08:00:00+00:00,7.65,7.71,7.57,7.66,8000.9331
2025-12-26 10:00:00+00:00,7.66,7.75,7.63,7.67,4925.2368
2025-12-26 12:00:00+00:00,7.66,7.7,7.62,7.65,3890.1823
2025-12-26 14:00:00+00:00,7.62,7.8,7.58,7.78,15965.3356
2025-12-26 16:00:00+00:00,7.77,7.83,7.66,7.71,7312.12
2025-12-26 18:00:00+00:00,7.68,7.71,7.6,7.65,4639.5382
2025-12-26 20:00:00+00:00,7.65,7.65,7.58,7.58,3964.056
2025-12-26 22:00:00+00:00,7.6,7.63,7.57,7.63,3158.3982
2025-12-27 00:00:00+00:00,7.62,7.66,7.61,7.66,941.563
2025-12-27 02:00:00+00:00,7.65,7.7,7.64,7.7,1489.9938
2025-12-27 04:00:00+00:00,7.7,7.76,7.68,7.71,1803.4687
2025-12-27 06:00:00+00:00,7.7,7.73,7.67,7.73,2079.1378
2025-12-27 08:00:00+00:00,7.73,7.74,7.62,7.62,2676.2799
2025-12-27 10:00:00+00:00,7.62,7.73,7.6,7.71,3837.3511
2025-12-27 12:00:00+00:00,7.7,7.73,7.67,7.71,3193.963
2025-12-27 14:00:00+00:00,7.69,7.72,7.65,7.68,2595.0766
2025-12-27 16:00:00+00:00,7.68,7.72,7.67,7.7,3205.9956
2025-12-27 18:00:00+00:00,7.7,7.73,7.68,7.73,1715.271
2025-12-27 20:00:00+00:00,7.73,7.83,7.72,7.8,9798.2363
2025-12-27 22:00:00+00:00,7.8,7.86,7.77,7.85,2282.1424
2025-12-28 00:00:00+00:00,7.83,7.86,7.81,7.81,1979.6517
2025-12-28 02:00:00+00:00,7.81,7.83,7.76,7.8,1511.7081
2025-12-28 04:00:00+00:00,7.8,7.82,7.74,7.75,1756.7759
2025-12-28 06:00:00+00:00,7.75,7.76,7.7,7.72,2532.2694
2025-12-28 08:00:00+00:00,7.74,7.85,7.73,7.8,2775.5497
2025-12-28 10:00:00+00:00,7.82,7.83,7.73,7.73,2652.6375
2025-12-28 12:00:00+00:00,7.75,7.79,7.73,7.76,2827.0908
2025-12-28 14:00:00+00:00,7.78,7.83,7.75,7.77,2601.6462
2025-12-28 16:00:00+00:00,7.75,7.76,7.71,7.74,2347.8163
2025-12-28 18:00:00+00:00,7.74,7.74,7.59,7.65,6548.0263
2025-12-28 20:00:00+00:00,7.65,7.67,7.57,7.59,2996.6326
2025-12-28 22:00:00+00:00,7.59,7.66,7.56,7.66,2115.4408
2025-12-29 00:00:00+00:00,7.66,7.69,7.62,7.67,1575.964
2025-12-29 02:00:00+00:00,7.67,7.8,7.66,7.78,5595.1186
2025-12-29 04:00:00+00:00,7.78,7.84,7.75,7.83,2278.0291
2025-12-29 06:00:00+00:00,7.84,7.84,7.75,7.79,3707.7963
2025-12-29 08:00:00+00:00,7.8,7.83,7.67,7.75,5536.2906
2025-12-29 10:00:00+00:00,7.75,7.75,7.67,7.7,3667.0121
2025-12-29 12:00:00+00:00,7.7,7.71,7.58,7.65,5321.0536
2025-12-29 14:00:00+00:00,7.67,7.71,7.6,7.64,3681.0111
2025-12-29 16:00:00+00:00,7.64,7.68,7.62,7.67,2304.5328
2025-12-29 18:00:00+00:00,7.67,7.68,7.59,7.6,4177.1103
2025-12-29 20:00:00+00:00,7.59,7.62,7.57,7.6,2334.0327
2025-12-29 22:00:00+00:00,7.6,7.64,7.58,7.64,2152.3291
2025-12-30 00:00:00+00:00,7.64,7.64,7.58,7.6,1809.7154
2025-12-30 02:00:00+00:00,7.58,7.61,7.55,7.59,1888.653
2025-12-30 04:00:00+00:00,7.61,7.61,7.54,7.56,1226.3446
2025-12-30 06:00:00+00:00,7.56,7.62,7.56,7.59,1632.18
2025-12-30 08:00:00+00:00,7.57,7.68,7.57,7.68,3055.8767
2025-12-30 10:00:00+00:00,7.67,7.7,7.64,7.68,2508.7005
2025-12-30 12:00:00+00:00,7.68,7.7,7.66,7.7,1947.6201
2025-12-30 14:00:00+00:00,7.68,7.72,7.61,7.65,7199.3909
2025-12-30 16:00:00+00:00,7.67,7.67,7.55,7.59,3923.9722
2025-12-30 18:00:00+00:00,7.59,7.59,7.5,7.58,4418.0866
2025-12-30 20:00:00+00:00,7.58,7.6,7.52,7.53,2891.2487
2025-12-30 22:00:00+00:00,7.53,7.57,7.53,7.55,1644.8981
2025-12-31 00:00:00+00:00,7.58,7.59,7.54,7.59,1526.1495
2025-12-31 02:00:00+00:00,7.57,7.59,7.55,7.59,1679.2151
2025-12-31 04:00:00+00:00,7.57,7.62,7.57,7.59,1419.9428
2025-12-31 06:00:00+00:00,7.59,7.61,7.54,7.55,1401.9087
2025-12-31 08:00:00+00:00,7.55,7.56,7.52,7.55,1971.5304
2025-12-31 10:00:00+00:00,7.53,7.58,7.53,7.57,3404.3414
2025-12-31 12:00:00+00:00,7.59,7.59,7.51,7.56,1492.8744
2025-12-31 14:00:00+00:00,7.57,7.6,7.49,7.52,2107.8496
2025-12-31 16:00:00+00:00,7.51,7.51,7.33,7.42,6193.1609
2025-12-31 18:00:00+00:00,7.42,7.46,7.32,7.44,5418.8048
2025-12-31 20:00:00+00:00,7.46,7.48,7.33,7.47,6982.541
2025-12-31 22:00:00+00:00,7.46,7.48,7.44,7.47,1613.7901
2026-01-01 00:00:00+00:00,7.47,7.47,7.4,7.45,2185.9958
2026-01-01 02:00:00+00:00,7.45,7.47,7.43,7.45,933.7356
2026-01-01 04:00:00+00:00,7.45,7.46,7.41,7.45,1030.2745
2026-01-01 06:00:00+00:00,7.44,7.51,7.44,7.48,1496.6364
2026-01-01 08:00:00+00:00,7.48,7.56,7.47,7.55,1481.0726
2026-01-01 10:00:00+00:00,7.55,7.67,7.53,7.59,7525.0526
2026-01-01 12:00:00+00:00,7.59,7.65,7.54,7.63,3646.0495
2026-01-01 14:00:00+00:00,7.63,7.71,7.6,7.66,6368.5842
2026-01-01 16:00:00+00:00,7.66,7.71,7.65,7.67,1668.5011
2026-01-01 18:00:00+00:00,7.67,7.7,7.64,7.7,2219.921
2026-01-01 20:00:00+00:00,7.69,7.7,7.6,7.65,4710.121
2026-01-01 22:00:00+00:00,7.65,7.67,7.63,7.64,961.783
2026-01-02 00:00:00+00:00,7.66,7.72,7.64,7.66,2278.8202
2026-01-02 02:00:00+00:00,7.66,7.75,7.63,7.73,2002.1004
2026-01-02 04:00:00+00:00,7.72,7.76,7.72,7.72,1444.4542
2026-01-02 06:00:00+00:00,7.74,7.75,7.63,7.63,1460.8794
2026-01-02 08:00:00+00:00,7.63,7.7,7.63,7.7,1201.9962
2026-01-02 10:00:00+00:00,7.69,7.7,7.57,7.63,4555.8667
2026-01-02 12:00:00+00:00,7.63,7.69,7.61,7.67,1180.3606
2026-01-02 14:00:00+00:00,7.66,7.72,7.57,7.64,3648.3214
2026-01-02 16:00:00+00:00,7.65,7.8,7.65,7.75,4734.9607
2026-01-02 18:00:00+00:00,7.77,7.79,7.72,7.79,1850.7785
2026-01-02 20:00:00+00:00,7.78,7.8,7.71,7.79,3289.4089
2026-01-02 22:00:00+00:00,7.79,7.85,7.79,7.79,1183.453
2026-01-03 00:00:00+00:00,7.79,7.92,7.77,7.92,6766.7176
2026-01-03 02:00:00+00:00,7.92,8.11,7.88,7.9,6989.441
2026-01-03 04:00:00+00:00,7.9,7.93,7.78,7.84,3280.3218
2026-01-03 06:00:00+00:00,7.86,7.89,7.76,7.77,3162.0306
2026-01-03 08:00:00+00:00,7.77,7.81,7.75,7.79,3097.4069
2026-01-03 10:00:00+00:00,7.79,7.79,7.7,7.73,1927.554
2026-01-03 12:00:00+00:00,7.73,7.79,7.72,7.78,1815.7817
2026-01-03 14:00:00+00:00,7.79,7.84,7.77,7.78,947.5534
2026-01-03 16:00:00+00:00,7.79,7.86,7.77,7.83,2242.563
2026-01-03 18:00:00+00:00,7.83,7.91,7.81,7.84,2770.2578
2026-01-03 20:00:00+00:00,7.84,7.86,7.81,7.83,1226.3985
2026-01-03 22:00:00+00:00,7.83,7.9,7.82,7.86,1386.5139
2026-01-04 00:00:00+00:00,7.86,7.96,7.86,7.87,2393.5005
2026-01-04 02:00:00+00:00,7.87,7.97,7.86,7.95,1728.2454
2026-01-04 04:00:00+00:00,7.95,7.97,7.91,7.94,2381.1531
2026-01-04 06:00:00+00:00,7.96,7.96,7.84,7.92,2597.258
2026-01-04 08:00:00+00:00,7.92,7.92,7.85,7.89,1822.9768
2026-01-04 10:00:00+00:00,7.89,8.0,7.88,7.96,4778.3013
2026-01-04 12:00:00+00:00,7.96,8.06,7.93,8.06,4313.7494
2026-01-04 14:00:00+00:00,8.04,8.12,7.98,8.07,5156.884
2026-01-04 16:00:00+00:00,8.08,8.14,8.06,8.1,2878.2054
2026-01-04 18:00:00+00:00,8.1,8.11,7.94,7.99,4263.76
2026-01-04 20:00:00+00:00,7.99,8.08,7.99,8.06,1860.5685
2026-01-04 22:00:00+00:00,8.06,8.08,7.97,8.05,2108.4257
2026-01-05 00:00:00+00:00,8.05,8.13,7.96,8.1,2956.7024
2026-01-05 02:00:00+00:00,8.09,8.12,7.96,8.0,4231.9675
2026-01-05 04:00:00+00:00,7.99,8.01,7.87,7.96,5062.9401
2026-01-05 06:00:00+00:00,7.96,8.01,7.92,8.01,2649.8807
2026-01-05 08:00:00+00:00,8.01,8.04,7.86,7.89,5225.0432
2026-01-05 10:00:00+00:00,7.89,7.95,7.85,7.93,2048.9692
2026-01-05 12:00:00+00:00,7.93,7.94,7.85,7.89,6303.6058
2026-01-05 14:00:00+00:00,7.88,8.14,7.87,8.08,11233.6441
2026-01-05 16:00:00+00:00,8.1,8.11,7.98,8.06,4191.5911
2026-01-05 18:00:00+00:00,8.06,8.06,7.9,7.99,6881.3568
2026-01-05 20:00:00+00:00,7.99,8.06,7.99,8.03,3277.8173
2026-01-05 22:00:00+00:00,8.02,8.06,7.99,7.99,1310.6435
2026-01-06 00:00:00+00:00,7.99,8.03,7.91,7.97,2456.8189
2026-01-06 02:00:00+00:00,7.95,8.0,7.93,7.99,1291.7382
2026-01-06 04:00:00+00:00,7.97,7.99,7.91,7.92,2593.6829
2026-01-06 06:00:00+00:00,7.92,8.01,7.9,7.93,2983.709
2026-01-06 08:00:00+00:00,7.92,8.14,7.92,8.08,5716.9111
2026-01-06 10:00:00+00:00,8.06,8.2,7.96,8.11,8061.3409
2026-01-06 12:00:00+00:00,8.11,8.17,8.08,8.1,2479.5802
2026-01-06 14:00:00+00:00,8.09,8.18,7.98,8.0,9910.5644
2026-01-06 16:00:00+00:00,8.0,8.04,7.82,7.82,7416.9459
2026-01-06 18:00:00+00:00,7.82,7.95,7.82,7.91,2102.3847
2026-01-06 20:00:00+00:00,7.91,8.12,7.91,8.01,4486.5308
2026-01-06 22:00:00+00:00,8.01,8.04,7.96,8.03,1678.4221
2026-01-07 00:00:00+00:00,8.03,8.03,7.87,7.91,3675.1056
2026-01-07 02:00:00+00:00,7.91,7.99,7.88,7.95,2099.4818
2026-01-07 04:00:00+00:00,7.95,7.95,7.89,7.91,1602.2727
2026-01-07 06:00:00+00:00,7.91,7.94,7.79,7.93,2388.222
2026-01-07 08:00:00+00:00,7.93,7.95,7.82,7.86,3271.6198
2026-01-07 10:00:00+00:00,7.84,7.89,7.57,7.76,13723.9668
2026-01-07 12:00:00+00:00,7.76,7.77,7.68,7.68,4479.1562
2026-01-07 14:00:00+00:00,7.68,7.69,7.49,7.53,6407.9099
2026-01-07 16:00:00+00:00,7.53,7.6,7.5,7.56,3151.3403
2026-01-07 18:00:00+00:00,7.56,7.63,7.51,7.6,4200.4892
2026-01-07 20:00:00+00:00,7.59,7.61,7.5,7.55,3823.5863
2026-01-07 22:00:00+00:00,7.55,7.6,7.51,7.58,1743.648
2026-01-08 00:00:00+00:00,7.57,7.7,7.56,7.68,3152.2859
2026-01-08 02:00:00+00:00,7.69,7.9,7.64,7.64,4101.4204
2026-01-08 04:00:00+00:00,7.64,7.76,7.63,7.68,1996.1393
2026-01-08 06:00:00+00:00,7.68,7.7,7.48,7.57,2466.8933
2026-01-08 08:00:00+00:00,7.59,7.6,7.4,7.41,2741.0315
2026-01-08 10:00:00+00:00,7.41,7.5,7.39,7.44,2535.7621
2026-01-08 12:00:00+00:00,7.44,7.46,7.39,7.41,2570.2512
2026-01-08 14:00:00+00:00,7.41,7.53,7.36,7.52,4148.1743
2026-01-08 16:00:00+00:00,7.52,7.57,7.45,7.51,3218.2076
2026-01-08 18:00:00+00:00,7.51,7.53,7.46,7.47,3586.2581
2026-01-08 20:00:00+00:00,7.47,7.6,7.44,7.58,3027.4401
2026-01-08 22:00:00+00:00,7.6,7.74,7.54,7.58,3893.0674
2026-01-09 00:00:00+00:00,7.56,7.67,7.56,7.56,1890.1787
2026-01-09 02:00:00+00:00,7.56,7.63,7.55,7.63,1332.2304
2026-01-09 04:00:00+00:00,7.63,7.65,7.54,7.64,3377.1487
2026-01-09 06:00:00+00:00,7.64,7.65,7.51,7.59,4510.1225
2026-01-09 08:00:00+00:00,7.59,7.72,7.5,7.6,17529.9014
2026-01-09 10:00:00+00:00,7.6,7.89,7.5,7.62,23505.5673
2026-01-09 12:00:00+00:00,7.64,7.72,7.62,7.68,4712.6774
2026-01-09 14:00:00+00:00,7.68,7.75,7.59,7.68,7213.1862
2026-01-09 16:00:00+00:00,7.68,7.75,7.6,7.6,2609.0486
2026-01-09 18:00:00+00:00,7.6,7.64,7.49,7.49,2165.4559
2026-01-09 20:00:00+00:00,7.49,7.55,7.42,7.5,3855.8186
2026-01-09 22:00:00+00:00,7.51,7.54,7.46,7.51,2125.5392
2026-01-10 00:00:00+00:00,7.5,7.55,7.48,7.54,834.0361
2026-01-10 02:00:00+00:00,7.55,7.57,7.53,7.54,752.716
2026-01-10 04:00:00+00:00,7.55,7.56,7.51,7.51,990.9124
2026-01-10 06:00:00+00:00,7.51,7.51,7.44,7.48,2844.0332
2026-01-10 08:00:00+00:00,7.48,7.56,7.45,7.56,1919.4169
2026-01-10 10:00:00+00:00,7.56,7.69,7.53,7.6,2711.4036
2026-01-10 12:00:00+00:00,7.6,7.63,7.44,7.56,4221.5279
2026-01-10 14:00:00+00:00,7.55,7.57,7.51,7.56,1287.9271
2026-01-10 16:00:00+00:00,7.56,7.57,7.49,7.53,2100.3793
2026-01-10 18:00:00+00:00,7.51,7.61,7.44,7.55,6829.53
2026-01-10 20:00:00+00:00,7.55,7.56,7.51,7.56,1906.5683
2026-01-10 22:00:00+00:00,7.55,7.65,7.44,7.5,5980.2397
2026-01-11 00:00:00+00:00,7.49,7.52,7.45,7.49,2221.0871
2026-01-11 02:00:00+00:00,7.49,7.55,7.47,7.54,936.5808
2026-01-11 04:00:00+00:00,7.52,7.54,7.49,7.51,600.0457
2026-01-11 06:00:00+00:00,7.51,7.52,7.45,7.49,1798.5421
2026-01-11 08:00:00+00:00,7.47,7.51,7.44,7.44,1842.4196
2026-01-11 10:00:00+00:00,7.44,7.5,7.44,7.48,1376.3457
2026-01-11 12:00:00+00:00,7.49,7.52,7.45,7.49,2671.0611
2026-01-11 14:00:00+00:00,7.49,7.53,7.43,7.44,1746.027
2026-01-11 16:00:00+00:00,7.44,7.66,7.43,7.53,7428.1092
2026-01-11 18:00:00+00:00,7.53,7.61,7.46,7.48,3372.1025
2026-01-11 20:00:00+00:00,7.5,7.5,7.39,7.42,5565.3399
2026-01-11 22:00:00+00:00,7.44,7.44,7.34,7.41,2278.8895
2026-01-12 00:00:00+00:00,7.39,7.43,7.32,7.4,2937.302
2026-01-12 02:00:00+00:00,7.4,7.49,7.38,7.41,2624.6264
2026-01-12 04:00:00+00:00,7.42,7.56,7.37,7.44,4872.8398
2026-01-12 06:00:00+00:00,7.46,7.47,7.39,7.43,1505.3238
2026-01-12 08:00:00+00:00,7.41,7.5,7.35,7.41,7566.806
2026-01-12 10:00:00+00:00,7.41,7.43,7.34,7.36,3247.0319
2026-01-12 12:00:00+00:00,7.37,7.37,7.3,7.3,2458.7476
2026-01-12 14:00:00+00:00,7.32,7.52,7.26,7.46,6562.5171
2026-01-12 16:00:00+00:00,7.46,7.51,7.38,7.4,4573.6864
2026-01-12 18:00:00+00:00,7.42,7.45,7.38,7.4,1182.8306
2026-01-12 20:00:00+00:00,7.42,7.44,7.33,7.36,2430.7798
2026-01-12 22:00:00+00:00,7.34,7.45,7.34,7.4,1646.8562
2026-01-13 00:00:00+00:00,7.4,7.45,7.37,7.44,1224.3129
2026-01-13 02:00:00+00:00,7.43,7.48,7.41,7.45,1032.5784
2026-01-13 04:00:00+00:00,7.45,7.55,7.45,7.53,3130.4074
2026-01-13 06:00:00+00:00,7.53,7.56,7.49,7.51,1979.687
2026-01-13 08:00:00+00:00,7.5,7.63,7.5,7.61,6031.7696
2026-01-13 10:00:00+00:00,7.61,7.77,7.56,7.65,12075.6927
2026-01-13 12:00:00+00:00,7.66,7.81,7.65,7.71,10829.0831
2026-01-13 14:00:00+00:00,7.71,7.76,7.63,7.74,8237.1115
2026-01-13 16:00:00+00:00,7.72,7.75,7.68,7.69,3222.4452
2026-01-13 18:00:00+00:00,7.7,7.7,7.62,7.66,2955.2147
2026-01-13 20:00:00+00:00,7.68,7.74,7.63,7.72,2946.595
2026-01-13 22:00:00+00:00,7.74,7.89,7.71,7.81,9013.3503
2026-01-14 00:00:00+00:00,7.83,7.92,7.8,7.89,3239.8713
2026-01-14 02:00:00+00:00,7.89,7.94,7.86,7.91,2208.9542
2026-01-14 04:00:00+00:00,7.91,8.04,7.87,7.9,4113.9598
2026-01-14 06:00:00+00:00,7.9,7.97,7.89,7.9,3834.5653
2026-01-14 08:00:00+00:00,7.9,7.93,7.84,7.88,4027.4628
2026-01-14 10:00:00+00:00,7.88,7.9,7.78,7.81,3865.8872
2026-01-14 12:00:00+00:00,7.81,7.96,7.81,7.9,4220.2894
2026-01-14 14:00:00+00:00,7.9,7.95,7.85,7.92,5805.3082
2026-01-14 16:00:00+00:00,7.92,7.98,7.8,7.84,6013.1179
2026-01-14 18:00:00+00:00,7.85,7.87,7.74,7.87,9028.1409
2026-01-14 20:00:00+00:00,7.85,7.9,7.83,7.87,3174.5396
2026-01-14 22:00:00+00:00,7.85,7.91,7.82,7.87,2395.6881
2026-01-15 00:00:00+00:00,7.89,7.9,7.8,7.8,3224.4392
2026-01-15 02:00:00+00:00,7.8,7.84,7.72,7.76,1479.1683
2026-01-15 04:00:00+00:00,7.74,7.81,7.74,7.79,1107.0569
2026-01-15 06:00:00+00:00,7.77,7.91,7.76,7.87,5304.0776
2026-01-15 08:00:00+00:00,7.89,7.89,7.78,7.83,4352.5324
2026-01-15 10:00:00+00:00,7.83,7.85,7.74,7.78,4312.961
2026-01-15 12:00:00+00:00,7.77,7.79,7.74,7.75,2460.6488
2026-01-15 14:00:00+00:00,7.75,7.78,7.53,7.63,7295.2624
2026-01-15 16:00:00+00:00,7.64,7.73,7.61,7.67,2459.3781
2026-01-15 18:00:00+00:00,7.68,7.68,7.55,7.63,3419.5404
2026-01-15 20:00:00+00:00,7.63,7.65,7.52,7.57,3431.3252
2026-01-15 22:00:00+00:00,7.58,7.65,7.57,7.61,2773.52
2026-01-16 00:00:00+00:00,7.62,7.64,7.57,7.63,2220.3317
2026-01-16 02:00:00+00:00,7.62,7.66,7.57,7.64,1867.5976
2026-01-16 04:00:00+00:00,7.64,7.72,7.59,7.71,2183.6494
2026-01-16 06:00:00+00:00,7.7,7.74,7.65,7.67,3448.5636
2026-01-16 08:00:00+00:00,7.67,7.69,7.6,7.67,3807.2155
2026-01-16 10:00:00+00:00,7.66,7.7,7.66,7.67,2043.1546
2026-01-16 12:00:00+00:00,7.67,7.7,7.66,7.7,1580.0332
2026-01-16 14:00:00+00:00,7.69,7.7,7.46,7.5,5197.6164
2026-01-16 16:00:00+00:00,7.49,7.55,7.46,7.55,2683.589
2026-01-16 18:00:00+00:00,7.53,7.58,7.53,7.58,1644.0128
2026-01-16 20:00:00+00:00,7.59,7.76,7.56,7.69,6262.0679
2026-01-16 22:00:00+00:00,7.69,7.76,7.67,7.75,1433.737
2026-01-17 00:00:00+00:00,7.72,7.77,7.72,7.77,1815.2638
2026-01-17 02:00:00+00:00,7.77,7.77,7.64,7.68,1753.5785
2026-01-17 04:00:00+00:00,7.69,7.69,7.65,7.68,800.0459
2026-01-17 06:00:00+00:00,7.69,7.7,7.65,7.69,1649.2425
2026-01-17 08:00:00+00:00,7.69,7.74,7.67,7.69,2081.7193
2026-01-17 10:00:00+00:00,7.7,7.78,7.69,7.73,5707.2999
2026-01-17 12:00:00+00:00,7.73,7.8,7.73,7.78,3191.9972
2026-01-17 14:00:00+00:00,7.78,7.85,7.68,7.79,8067.321
2026-01-17 16:00:00+00:00,7.78,7.8,7.65,7.68,2932.8474
2026-01-17 18:00:00+00:00,7.7,7.77,7.68,7.76,4532.1281
2026-01-17 20:00:00+00:00,7.75,7.79,7.74,7.75,1504.3693
2026-01-17 22:00:00+00:00,7.75,7.79,7.7,7.74,1754.0706
2026-01-18 00:00:00+00:00,7.74,7.75,7.59,7.61,7940.2908
2026-01-18 02:00:00+00:00,7.6,7.65,7.59,7.64,1903.9394
2026-01-18 04:00:00+00:00,7.64,7.66,7.58,7.64,2486.455
2026-01-18 06:00:00+00:00,7.64,7.8,7.61,7.73,4132.4544
2026-01-18 08:00:00+00:00,7.73,7.74,7.61,7.65,5198.5316
2026-01-18 10:00:00+00:00,7.65,7.66,7.6,7.63,3213.4435
2026-01-18 12:00:00+00:00,7.64,7.66,7.61,7.62,2619.5081
2026-01-18 14:00:00+00:00,7.61,7.72,7.59,7.69,3977.3143
2026-01-18 16:00:00+00:00,7.69,7.73,7.67,7.67,1114.8866
2026-01-18 18:00:00+00:00,7.67,7.73,7.66,7.7,1090.0962
2026-01-18 20:00:00+00:00,7.68,7.76,7.67,7.74,3490.1831
2026-01-18 22:00:00+00:00,7.74,7.76,7.39,7.45,8220.0565
2026-01-19 00:00:00+00:00,7.45,7.45,7.21,7.3,10034.696
2026-01-19 02:00:00+00:00,7.29,7.31,7.21,7.22,6279.072
2026-01-19 04:00:00+00:00,7.22,7.23,7.06,7.09,6954.9069
2026-01-19 06:00:00+00:00,7.09,7.13,7.01,7.13,3461.7884
2026-01-19 08:00:00+00:00,7.12,7.23,7.11,7.23,3671.183
2026-01-19 10:00:00+00:00,7.23,7.24,7.14,7.16,3730.6207
2026-01-19 12:00:00+00:00,7.16,7.23,7.12,7.21,2960.5036
2026-01-19 14:00:00+00:00,7.21,7.24,7.17,7.19,4311.7367
2026-01-19 16:00:00+00:00,7.19,7.25,7.17,7.2,3007.2883
2026-01-19 18:00:00+00:00,7.22,7.24,7.18,7.23,1389.8026
2026-01-19 20:00:00+00:00,7.23,7.24,7.15,7.17,2057.6834
2026-01-19 22:00:00+00:00,7.17,7.19,7.1,7.19,2626.8291
2026-01-20 00:00:00+00:00,7.19,7.21,7.13,7.21,2824.8135
2026-01-20 02:00:00+00:00,7.19,7.27,7.17,7.23,3587.398
2026-01-20 04:00:00+00:00,7.21,7.23,7.14,7.16,2474.0542
2026-01-20 06:00:00+00:00,7.16,7.17,7.01,7.03,5995.989
2026-01-20 08:00:00+00:00,7.04,7.04,6.92,6.97,5638.8772
2026-01-20 10:00:00+00:00,6.96,7.05,6.95,6.99,3437.1678
2026-01-20 12:00:00+00:00,6.99,7.0,6.91,6.92,3638.4867
2026-01-20 14:00:00+00:00,6.93,7.05,6.87,6.89,9161.478
2026-01-20 16:00:00+00:00,6.89,6.95,6.81,6.86,5667.4304
2026-01-20 18:00:00+00:00,6.86,6.88,6.8,6.86,3211.7854
2026-01-20 20:00:00+00:00,6.86,6.9,6.77,6.78,3744.5733
2026-01-20 22:00:00+00:00,6.79,6.8,6.65,6.77,7144.1829
2026-01-21 00:00:00+00:00,6.77,6.85,6.73,6.83,3885.3433
2026-01-21 02:00:00+00:00,6.83,6.88,6.81,6.87,4006.5912
2026-01-21 04:00:00+00:00,6.87,6.93,6.85,6.93,3586.7316
2026-01-21 06:00:00+00:00,6.93,6.94,6.84,6.86,3782.0149
2026-01-21 08:00:00+00:00,6.86,6.88,6.82,6.86,1867.9173
2026-01-21 10:00:00+00:00,6.87,6.88,6.8,6.8,957.785
2026-01-21 12:00:00+00:00,6.8,6.86,6.71,6.76,5247.2946
2026-01-21 14:00:00+00:00,6.76,7.03,6.73,7.02,8338.4634
2026-01-21 16:00:00+00:00,7.02,7.02,6.74,6.83,5673.3544
2026-01-21 18:00:00+00:00,6.84,7.1,6.8,7.08,5125.5375
2026-01-21 20:00:00+00:00,7.08,7.11,6.96,7.05,3781.2014
2026-01-21 22:00:00+00:00,7.04,7.08,6.94,6.98,2035.4537
2026-01-22 00:00:00+00:00,6.97,7.07,6.97,7.07,1599.2283
2026-01-22 02:00:00+00:00,7.06,7.08,7.01,7.03,1277.3803
2026-01-22 04:00:00+00:00,7.03,7.07,7.02,7.03,1098.1362
2026-01-22 06:00:00+00:00,7.03,7.07,7.0,7.01,1593.8226
2026-01-22 08:00:00+00:00,7.01,7.05,6.96,7.03,2875.1584
2026-01-22 10:00:00+00:00,7.03,7.09,6.96,7.03,3432.8114
2026-01-22 12:00:00+00:00,7.03,7.05,6.92,6.96,3138.3045
2026-01-22 14:00:00+00:00,6.95,6.95,6.82,6.89,4973.7604
2026-01-22 16:00:00+00:00,6.89,6.98,6.87,6.98,2662.8834
2026-01-22 18:00:00+00:00,6.98,7.0,6.89,6.97,2283.378
2026-01-22 20:00:00+00:00,6.98,6.99,6.9,6.91,2478.5011
2026-01-22 22:00:00+00:00,6.92,6.97,6.87,6.92,1708.9224
2026-01-23 00:00:00+00:00,6.91,6.94,6.89,6.93,1312.4261
2026-01-23 02:00:00+00:00,6.93,6.94,6.88,6.92,1136.2102
2026-01-23 04:00:00+00:00,6.92,6.96,6.9,6.91,1353.4572
2026-01-23 06:00:00+00:00,6.92,6.94,6.87,6.93,2792.5521
2026-01-23 08:00:00+00:00,6.92,6.94,6.85,6.89,1420.95
2026-01-23 10:00:00+00:00,6.88,6.97,6.88,6.93,2903.6652
2026-01-23 12:00:00+00:00,6.93,7.0,6.91,6.96,2557.914
2026-01-23 14:00:00+00:00,6.96,7.02,6.86,7.0,6705.9064
2026-01-23 16:00:00+00:00,7.0,7.1,6.95,7.07,4835.5657
2026-01-23 18:00:00+00:00,7.07,7.1,6.94,6.98,4529.9584
2026-01-23 20:00:00+00:00,6.99,7.01,6.9,6.95,3417.1149
2026-01-23 22:00:00+00:00,6.94,6.99,6.9,6.99,3440.7607
2026-01-24 00:00:00+00:00,6.97,7.01,6.94,6.99,2109.7944
2026-01-24 02:00:00+00:00,6.97,7.02,6.91,6.93,2839.4915
2026-01-24 04:00:00+00:00,6.93,6.97,6.92,6.96,1676.7641
2026-01-24 06:00:00+00:00,6.96,7.05,6.94,7.03,2769.1442
2026-01-24 08:00:00+00:00,7.03,7.07,6.95,6.99,2791.1885
2026-01-24 10:00:00+00:00,7.0,7.01,6.96,6.98,1809.4568
2026-01-24 12:00:00+00:00,6.98,7.02,6.97,6.97,1418.5485
2026-01-24 14:00:00+00:00,6.96,7.01,6.93,6.93,1647.2398
2026-01-24 16:00:00+00:00,6.93,6.99,6.9,6.96,3230.7392
2026-01-24 18:00:00+00:00,6.95,6.97,6.9,6.93,947.0983
2026-01-24 20:00:00+00:00,6.93,6.95,6.9,6.93,991.3619
2026-01-24 22:00:00+00:00,6.93,6.99,6.9,6.93,2683.2298
2026-01-25 00:00:00+00:00,6.91,6.99,6.9,6.96,1686.265
2026-01-25 02:00:00+00:00,6.97,7.0,6.7,6.88,7237.6031
2026-01-25 04:00:00+00:00,6.88,6.9,6.79,6.79,4480.5436
2026-01-25 06:00:00+00:00,6.79,6.82,6.73,6.76,2750.9776
2026-01-25 08:00:00+00:00,6.76,6.81,6.73,6.79,2359.6555
2026-01-25 10:00:00+00:00,6.79,6.93,6.78,6.79,6911.653
2026-01-25 12:00:00+00:00,6.79,6.86,6.65,6.74,14232.1045
2026-01-25 14:00:00+00:00,6.74,7.2,6.7,6.93,58512.5632
2026-01-25 16:00:00+00:00,6.94,6.94,6.69,6.74,18307.1821
2026-01-25 18:00:00+00:00,6.76,6.86,6.53,6.57,21918.3622
2026-01-25 20:00:00+00:00,6.56,6.63,6.49,6.57,16598.4114
2026-01-25 22:00:00+00:00,6.56,6.59,6.5,6.58,4640.7285
2026-01-26 00:00:00+00:00,6.58,6.73,6.56,6.69,3845.6787
2026-01-26 02:00:00+00:00,6.68,6.7,6.63,6.64,1773.4431
2026-01-26 04:00:00+00:00,6.65,6.73,6.64,6.73,2128.3612
2026-01-26 06:00:00+00:00,6.71,6.79,6.69,6.78,4001.6883
2026-01-26 08:00:00+00:00,6.77,6.83,6.67,6.68,4395.5405
2026-01-26 10:00:00+00:00,6.68,6.73,6.67,6.7,3859.7193
2026-01-26 12:00:00+00:00,6.68,6.88,6.67,6.84,8132.7223
2026-01-26 14:00:00+00:00,6.85,6.88,6.73,6.8,7668.2743
2026-01-26 16:00:00+00:00,6.8,6.96,6.74,6.79,8706.3477
2026-01-26 18:00:00+00:00,6.77,6.82,6.76,6.78,2053.551
2026-01-26 20:00:00+00:00,6.78,6.82,6.7,6.8,1645.5062
2026-01-26 22:00:00+00:00,6.8,6.81,6.76,6.79,1634.3778
2026-01-27 00:00:00+00:00,6.79,6.81,6.75,6.79,2360.4356
2026-01-27 02:00:00+00:00,6.79,6.83,6.76,6.79,1693.6803
2026-01-27 04:00:00+00:00,6.78,6.81,6.73,6.77,1234.0191
2026-01-27 06:00:00+00:00,6.77,6.78,6.69,6.73,1424.2614
2026-01-27 08:00:00+00:00,6.73,6.74,6.68,6.7,1949.0371
2026-01-27 10:00:00+00:00,6.7,6.75,6.67,6.71,2193.148
2026-01-27 12:00:00+00:00,6.71,6.74,6.64,6.64,2008.5641
2026-01-27 14:00:00+00:00,6.65,6.74,6.59,6.63,6134.0806
2026-01-27 16:00:00+00:00,6.63,6.75,6.59,6.6,3299.2311
2026-01-27 18:00:00+00:00,6.62,7.15,6.59,6.94,29865.7563
2026-01-27 20:00:00+00:00,6.94,7.25,6.89,6.97,31366.397
2026-01-27 22:00:00+00:00,6.97,6.99,6.9,6.95,3303.9901
2026-01-28 00:00:00+00:00,6.96,7.07,6.94,7.01,4452.5106
2026-01-28 02:00:00+00:00,7.01,7.16,6.97,7.09,4156.6014
2026-01-28 04:00:00+00:00,7.06,7.09,6.95,7.0,2397.9874
2026-01-28 06:00:00+00:00,6.99,7.04,6.92,6.94,4270.3877
2026-01-28 08:00:00+00:00,6.95,6.97,6.86,6.93,2443.5213
2026-01-28 10:00:00+00:00,6.93,7.03,6.89,7.03,6088.5495
2026-01-28 12:00:00+00:00,7.03,7.35,6.97,7.09,16296.3451
2026-01-28 14:00:00+00:00,7.09,7.09,6.7,6.72,26222.674
2026-01-28 16:00:00+00:00,6.72,6.76,6.7,6.74,2659.3071
2026-01-28 18:00:00+00:00,6.74,6.74,6.65,6.7,3706.3187
2026-01-28 20:00:00+00:00,6.69,6.95,6.69,6.78,9889.6072
2026-01-28 22:00:00+00:00,6.77,6.81,6.73,6.76,2528.1374
2026-01-29 00:00:00+00:00,6.76,6.77,6.65,6.66,4797.9357
2026-01-29 02:00:00+00:00,6.65,6.7,6.58,6.64,4937.8011
2026-01-29 04:00:00+00:00,6.63,6.64,6.57,6.61,2828.1331
2026-01-29 06:00:00+00:00,6.62,6.68,6.59,6.65,1704.0262
2026-01-29 08:00:00+00:00,6.65,6.67,6.58,6.6,3068.5882
2026-01-29 10:00:00+00:00,6.59,6.63,6.55,6.57,3342.0603
2026-01-29 12:00:00+00:00,6.55,6.64,6.54,6.62,4126.0616
2026-01-29 14:00:00+00:00,6.62,6.63,6.31,6.41,8586.3063
2026-01-29 16:00:00+00:00,6.41,6.5,6.36,6.42,3302.5504
2026-01-29 18:00:00+00:00,6.42,6.45,6.3,6.4,4709.5317
2026-01-29 20:00:00+00:00,6.38,6.45,6.35,6.45,2543.5893
2026-01-29 22:00:00+00:00,6.45,6.48,6.44,6.47,1667.4647
2026-01-30 00:00:00+00:00,6.48,6.5,6.27,6.38,5087.8716
2026-01-30 02:00:00+00:00,6.36,6.4,6.28,6.38,5719.1261
2026-01-30 04:00:00+00:00,6.36,6.46,6.36,6.41,3478.4928
2026-01-30 06:00:00+00:00,6.41,6.43,6.3,6.38,2462.777
2026-01-30 08:00:00+00:00,6.39,6.42,6.32,6.34,3045.208
2026-01-30 10:00:00+00:00,6.34,6.44,6.31,6.43,2188.5945
2026-01-30 12:00:00+00:00,6.43,6.45,6.33,6.37,3443.7555
2026-01-30 14:00:00+00:00,6.37,6.44,6.33,6.38,7245.7178
2026-01-30 16:00:00+00:00,6.38,6.43,6.33,6.43,8062.2044
2026-01-30 18:00:00+00:00,6.43,6.65,6.24,6.52,10874.6815
2026-01-30 20:00:00+00:00,6.5,6.6,6.38,6.49,6765.7769
2026-01-30 22:00:00+00:00,6.48,6.53,6.42,6.48,3581.3713
2026-01-31 00:00:00+00:00,6.46,6.51,6.39,6.42,5162.8452
2026-01-31 02:00:00+00:00,6.4,6.46,6.39,6.4,1473.5196
2026-01-31 04:00:00+00:00,6.4,6.44,6.35,6.41,2492.5953
2026-01-31 06:00:00+00:00,6.41,6.43,6.32,6.37,2724.2854
2026-01-31 08:00:00+00:00,6.34,6.37,6.25,6.27,5172.2237
2026-01-31 10:00:00+00:00,6.27,6.34,6.24,6.27,4666.7622
2026-01-31 12:00:00+00:00,6.25,6.29,6.22,6.24,3990.3773
2026-01-31 14:00:00+00:00,6.24,6.27,5.99,6.11,11635.3233
2026-01-31 16:00:00+00:00,6.11,6.21,5.74,5.89,10272.5927
2026-01-31 18:00:00+00:00,5.87,6.01,5.72,5.94,9192.2133
2026-01-31 20:00:00+00:00,5.92,6.04,5.9,6.02,5861.5219
2026-01-31 22:00:00+00:00,6.02,6.21,5.9,6.11,6826.5157
2026-02-01 00:00:00+00:00,6.12,6.19,6.09,6.1,3060.2406
2026-02-01 02:00:00+00:00,6.1,6.12,6.03,6.06,4037.0573
2026-02-01 04:00:00+00:00,6.06,6.12,6.01,6.05,2811.5387
2026-02-01 06:00:00+00:00,6.05,6.11,6.01,6.07,2389.0192
2026-02-01 08:00:00+00:00,6.07,6.15,6.04,6.13,2669.5251
2026-02-01 10:00:00+00:00,6.13,6.21,6.02,6.12,10814.5416
2026-02-01 12:00:00+00:00,6.12,6.19,6.03,6.06,4731.4477
2026-02-01 14:00:00+00:00,6.06,6.08,5.9,5.98,5114.4387
2026-02-01 16:00:00+00:00,5.98,6.03,5.91,5.95,4307.2539
2026-02-01 18:00:00+00:00,5.97,6.07,5.93,5.94,3530.9727
2026-02-01 20:00:00+00:00,5.94,6.03,5.93,5.95,2002.8895
2026-02-01 22:00:00+00:00,5.95,6.02,5.79,5.88,6979.8926
2026-02-02 00:00:00+00:00,5.88,6.04,5.85,5.97,7770.995
2026-02-02 02:00:00+00:00,5.99,6.01,5.73,5.91,4757.0989
2026-02-02 04:00:00+00:00,5.92,5.97,5.74,5.83,3396.4036
2026-02-02 06:00:00+00:00,5.81,5.96,5.73,5.87,6424.4639
2026-02-02 08:00:00+00:00,5.87,5.98,5.85,5.91,6127.606
2026-02-02 10:00:00+00:00,5.91,6.0,5.9,5.93,4524.8387
2026-02-02 12:00:00+00:00,5.95,6.08,5.95,6.05,4116.5596
2026-02-02 14:00:00+00:00,6.04,6.15,5.98,6.1,6970.6281
2026-02-02 16:00:00+00:00,6.1,6.14,6.04,6.05,4269.5672
2026-02-02 18:00:00+00:00,6.05,6.08,6.02,6.03,3839.194
2026-02-02 20:00:00+00:00,6.03,6.1,6.01,6.05,5782.2606
2026-02-02 22:00:00+00:00,6.05,6.08,6.03,6.05,1894.2112
2026-02-03 00:00:00+00:00,6.04,6.07,6.01,6.04,4042.2312
2026-02-03 02:00:00+00:00,6.04,6.07,5.95,6.07,3764.0904
2026-02-03 04:00:00+00:00,6.07,6.13,6.02,6.05,3782.6774
2026-02-03 06:00:00+00:00,6.05,6.11,6.02,6.08,3400.989
2026-02-03 08:00:00+00:00,6.08,6.11,5.98,6.0,4152.1327
2026-02-03 10:00:00+00:00,6.0,6.11,5.98,6.02,6993.6986
2026-02-03 12:00:00+00:00,6.02,6.1,5.97,6.1,4870.2993
2026-02-03 14:00:00+00:00,6.09,6.1,5.95,6.09,6492.0905
2026-02-03 16:00:00+00:00,6.09,6.09,5.84,5.86,9096.1598
2026-02-03 18:00:00+00:00,5.86,5.96,5.72,5.92,7194.1546
2026-02-03 20:00:00+00:00,5.9,6.2,5.87,6.08,7753.8356
2026-02-03 22:00:00+00:00,6.08,6.11,5.9,5.92,6223.2894
2026-02-04 00:00:00+00:00,5.95,6.03,5.92,6.02,2201.2747
2026-02-04 02:00:00+00:00,6.0,6.06,5.96,6.03,3720.5237
2026-02-04 04:00:00+00:00,6.03,6.05,5.97,5.98,2919.2199
2026-02-04 06:00:00+00:00,5.99,6.16,5.98,6.02,8866.4229
2026-02-04 08:00:00+00:00,6.02,6.06,5.98,6.01,1871.5032
2026-02-04 10:00:00+00:00,6.0,6.02,5.91,5.99,2921.4007
2026-02-04 12:00:00+00:00,5.97,5.99,5.88,5.88,3750.2764
2026-02-04 14:00:00+00:00,5.89,5.92,5.76,5.8,17409.147
2026-02-04 16:00:00+00:00,5.79,5.84,5.72,5.77,7993.7236
2026-02-04 18:00:00+00:00,5.79,5.92,5.7,5.88,11356.876
2026-02-04 20:00:00+00:00,5.88,5.88,5.7,5.74,5083.0971
2026-02-04 22:00:00+00:00,5.72,5.83,5.63,5.73,9049.4419
2026-02-05 00:00:00+00:00,5.74,5.79,5.68,5.73,6230.9194
2026-02-05 02:00:00+00:00,5.74,5.79,5.65,5.66,3892.2181
2026-02-05 04:00:00+00:00,5.66,5.75,5.61,5.68,4690.2721
2026-02-05 06:00:00+00:00,5.66,5.67,5.56,5.61,5706.633
2026-02-05 08:00:00+00:00,5.62,5.79,5.61,5.73,3864.4714
2026-02-05 10:00:00+00:00,5.73,5.78,5.55,5.62,6080.5532
2026-02-05 12:00:00+00:00,5.62,5.65,5.53,5.58,6085.5557
2026-02-05 14:00:00+00:00,5.58,5.65,5.32,5.38,13600.0003
2026-02-05 16:00:00+00:00,5.38,5.49,5.25,5.27,11019.6122
2026-02-05 18:00:00+00:00,5.25,5.3,5.19,5.19,7911.9247
2026-02-05 20:00:00+00:00,5.21,5.23,5.04,5.06,11647.0094
2026-02-05 22:00:00+00:00,5.06,5.19,5.0,5.03,6073.2156
2026-02-06 00:00:00+00:00,5.03,5.23,4.76,5.2,17404.6543
2026-02-06 02:00:00+00:00,5.21,5.27,5.1,5.14,3834.635
2026-02-06 04:00:00+00:00,5.15,5.33,5.13,5.29,7154.112
2026-02-06 06:00:00+00:00,5.29,5.34,5.14,5.2,5610.7848
2026-02-06 08:00:00+00:00,5.2,5.31,5.12,5.27,7112.0135
2026-02-06 10:00:00+00:00,5.29,5.37,5.25,5.35,7868.7652
2026-02-06 12:00:00+00:00,5.34,5.39,5.27,5.38,4029.787
2026-02-06 14:00:00+00:00,5.38,5.59,5.34,5.53,6894.7579
2026-02-06 16:00:00+00:00,5.53,5.73,5.52,5.68,6732.7045
2026-02-06 18:00:00+00:00,5.68,5.68,5.49,5.6,6834.8809
2026-02-06 20:00:00+00:00,5.58,5.64,5.53,5.58,3227.5443
2026-02-06 22:00:00+00:00,5.58,5.64,5.57,5.59,1443.1928
2026-02-07 00:00:00+00:00,5.58,5.63,5.54,5.6,2379.5512
2026-02-07 02:00:00+00:00,5.59,5.66,5.57,5.65,1196.7888
2026-02-07 04:00:00+00:00,5.64,5.68,5.59,5.62,2043.5491
2026-02-07 06:00:00+00:00,5.62,5.65,5.46,5.51,2089.8261
2026-02-07 08:00:00+00:00,5.49,5.53,5.46,5.5,1861.9303
2026-02-07 10:00:00+00:00,5.5,5.51,5.43,5.46,2802.6842
2026-02-07 12:00:00+00:00,5.47,5.6,5.47,5.53,2958.4217
2026-02-07 14:00:00+00:00,5.51,5.57,5.46,5.54,1896.4272
2026-02-07 16:00:00+00:00,5.54,5.65,5.52,5.55,4175.6121
2026-02-07 18:00:00+00:00,5.55,5.64,5.55,5.61,1460.9856
2026-02-07 20:00:00+00:00,5.61,5.65,5.58,5.62,802.1928
2026-02-07 22:00:00+00:00,5.62,5.66,5.58,5.63,3054.5706
2026-02-08 00:00:00+00:00,5.62,5.67,5.57,5.65,5120.0567
2026-02-08 02:00:00+00:00,5.62,5.63,5.56,5.6,1224.6073
2026-02-08 04:00:00+00:00,5.58,5.61,5.54,5.59,1552.7806
2026-02-08 06:00:00+00:00,5.58,5.64,5.55,5.6,3036.855
2026-02-08 08:00:00+00:00,5.61,5.68,5.57,5.59,1887.3523
2026-02-08 10:00:00+00:00,5.59,5.64,5.55,5.63,1947.577
2026-02-08 12:00:00+00:00,5.63,5.64,5.55,5.58,3186.3242
2026-02-08 14:00:00+00:00,5.58,5.62,5.54,5.55,3982.2178
2026-02-08 16:00:00+00:00,5.55,5.58,5.49,5.51,5369.8563
2026-02-08 18:00:00+00:00,5.52,5.57,5.5,5.56,2457.5378
2026-02-08 20:00:00+00:00,5.55,5.56,5.46,5.49,1544.5519
2026-02-08 22:00:00+00:00,5.49,5.6,5.44,5.49,2785.2264
2026-02-09 00:00:00+00:00,5.49,5.51,5.43,5.45,3135.7315
2026-02-09 02:00:00+00:00,5.46,5.52,5.43,5.52,1696.2237
2026-02-09 04:00:00+00:00,5.52,5.54,5.48,5.53,1528.4819
2026-02-09 06:00:00+00:00,5.53,5.53,5.44,5.48,1853.4366
2026-02-09 08:00:00+00:00,5.47,5.47,5.38,5.4,3794.2805
2026-02-09 10:00:00+00:00,5.41,5.45,4.31,5.32,13780.2914
2026-02-09 12:00:00+00:00,5.31,5.39,5.31,5.32,4810.618
2026-02-09 14:00:00+00:00,5.32,5.48,5.31,5.42,7233.1177
2026-02-09 16:00:00+00:00,5.4,5.53,5.36,5.5,3658.3184
2026-02-09 18:00:00+00:00,5.5,5.54,5.43,5.5,2896.5311
2026-02-09 20:00:00+00:00,5.5,5.58,5.4,5.48,10643.991
2026-02-09 22:00:00+00:00,5.48,5.5,5.41,5.42,2391.3964
2026-02-10 00:00:00+00:00,5.42,5.45,5.38,5.4,3691.9096
2026-02-10 02:00:00+00:00,5.41,5.43,5.29,5.31,3652.9306
2026-02-10 04:00:00+00:00,5.31,5.37,5.28,5.29,1756.1739
2026-02-10 06:00:00+00:00,5.29,5.46,5.15,5.23,15097.8542
2026-02-10 08:00:00+00:00,5.23,5.31,5.23,5.25,3857.6719
2026-02-10 10:00:00+00:00,5.26,5.32,5.25,5.27,2913.0476
2026-02-10 12:00:00+00:00,5.27,5.36,5.2,5.29,8923.9084
2026-02-10 14:00:00+00:00,5.28,5.34,5.23,5.32,3474.9006
2026-02-10 16:00:00+00:00,5.33,5.37,5.3,5.35,2514.7419
2026-02-10 18:00:00+00:00,5.35,5.37,5.26,5.33,2732.564
2026-02-10 20:00:00+00:00,5.33,5.38,5.3,5.34,2307.4065
2026-02-10 22:00:00+00:00,5.34,5.41,5.34,5.38,3741.055
2026-02-11 00:00:00+00:00,5.36,5.4,5.34,5.4,1228.078
2026-02-11 02:00:00+00:00,5.38,5.51,5.36,5.44,9529.5991
2026-02-11 04:00:00+00:00,5.42,5.46,5.35,5.41,5203.594
2026-02-11 06:00:00+00:00,5.4,5.41,5.32,5.34,4812.3787
2026-02-11 08:00:00+00:00,5.33,5.39,5.26,5.31,4508.2014
2026-02-11 10:00:00+00:00,5.32,5.36,5.23,5.35,6626.481
2026-02-11 12:00:00+00:00,5.34,5.36,5.25,5.34,4497.9946
2026-02-11 14:00:00+00:00,5.33,5.45,5.24,5.3,6834.2135
2026-02-11 16:00:00+00:00,5.3,5.36,5.23,5.33,4118.1755
2026-02-11 18:00:00+00:00,5.33,5.39,5.28,5.35,2518.0457
2026-02-11 20:00:00+00:00,5.37,5.44,5.31,5.42,2660.8466
2026-02-11 22:00:00+00:00,5.41,5.43,5.34,5.37,2277.6826
2026-02-12 00:00:00+00:00,5.38,5.48,5.36,5.46,2392.6218
2026-02-12 02:00:00+00:00,5.46,5.5,5.43,5.47,1874.5029
2026-02-12 04:00:00+00:00,5.48,5.53,5.46,5.51,2978.8477
2026-02-12 06:00:00+00:00,5.52,5.59,5.5,5.58,3004.3304
2026-02-12 08:00:00+00:00,5.57,5.61,5.5,5.6,2777.7003
2026-02-12 10:00:00+00:00,5.6,5.65,5.55,5.62,2852.9146
2026-02-12 12:00:00+00:00,5.62,5.64,5.49,5.57,4632.8316
2026-02-12 14:00:00+00:00,5.55,5.55,5.41,5.41,11833.9431
2026-02-12 16:00:00+00:00,5.41,5.45,5.32,5.36,8522.2613
2026-02-12 18:00:00+00:00,5.34,5.45,5.34,5.42,2267.4905
2026-02-12 20:00:00+00:00,5.42,5.43,5.37,5.4,1679.493
2026-02-12 22:00:00+00:00,5.41,5.48,5.4,5.45,2169.6151
2026-02-13 00:00:00+00:00,5.44,5.48,5.4,5.46,1922.908
2026-02-13 02:00:00+00:00,5.45,5.48,5.44,5.47,1157.4132
2026-02-13 04:00:00+00:00,5.46,5.47,5.44,5.45,1493.273
2026-02-13 06:00:00+00:00,5.45,5.51,5.43,5.49,1524.1959
2026-02-13 08:00:00+00:00,5.49,5.57,5.48,5.54,1562.4829
2026-02-13 10:00:00+00:00,5.54,5.63,5.53,5.54,2260.8875
2026-02-13 12:00:00+00:00,5.54,5.57,5.49,5.56,2444.0971
2026-02-13 14:00:00+00:00,5.56,5.69,5.54,5.64,5344.8022
2026-02-13 16:00:00+00:00,5.64,5.75,5.64,5.69,5706.1277
2026-02-13 18:00:00+00:00,5.68,5.69,5.64,5.68,2790.7088
2026-02-13 20:00:00+00:00,5.68,5.7,5.66,5.67,1294.4188
2026-02-13 22:00:00+00:00,5.68,5.69,5.63,5.66,1069.2979
2026-02-14 00:00:00+00:00,5.65,5.67,5.64,5.64,1445.0221
2026-02-14 02:00:00+00:00,5.65,5.66,5.58,5.63,1847.1273
2026-02-14 04:00:00+00:00,5.64,5.64,5.55,5.61,4167.2833
2026-02-14 06:00:00+00:00,5.6,5.65,5.58,5.65,1380.8017
2026-02-14 08:00:00+00:00,5.65,5.71,5.64,5.7,2227.8115
2026-02-14 10:00:00+00:00,5.7,5.77,5.68,5.77,1508.8385
2026-02-14 12:00:00+00:00,5.77,5.77,5.7,5.72,2101.9834
2026-02-14 14:00:00+00:00,5.71,5.76,5.69,5.75,1541.3189
2026-02-14 16:00:00+00:00,5.74,5.79,5.71,5.76,1636.5271
2026-02-14 18:00:00+00:00,5.76,5.81,5.75,5.81,1776.8507
2026-02-14 20:00:00+00:00,5.8,5.82,5.74,5.76,1778.009
2026-02-14 22:00:00+00:00,5.75,5.79,5.74,5.75,1630.9954
2026-02-15 00:00:00+00:00,5.76,5.79,5.72,5.74,2033.8146
2026-02-15 02:00:00+00:00,5.75,5.76,5.67,5.71,1758.4873
2026-02-15 04:00:00+00:00,5.72,5.79,5.7,5.75,2777.526
2026-02-15 06:00:00+00:00,5.75,5.76,5.71,5.74,1326.6377
2026-02-15 08:00:00+00:00,5.74,5.76,5.62,5.7,4250.7957
2026-02-15 10:00:00+00:00,5.7,5.75,5.67,5.71,3924.6753
2026-02-15 12:00:00+00:00,5.71,5.73,5.56,5.58,4354.548
2026-02-15 14:00:00+00:00,5.58,5.62,5.56,5.57,3071.1415
2026-02-15 16:00:00+00:00,5.59,5.59,5.48,5.52,3121.682
2026-02-15 18:00:00+00:00,5.51,5.52,5.45,5.48,2782.6903
2026-02-15 20:00:00+00:00,5.49,5.51,5.47,5.49,1187.0282
2026-02-15 22:00:00+00:00,5.49,5.52,5.47,5.48,2025.5945
2026-02-16 00:00:00+00:00,5.5,5.51,5.45,5.48,2617.7605
2026-02-16 02:00:00+00:00,5.47,5.5,5.45,5.5,1127.2199
2026-02-16 04:00:00+00:00,5.49,5.54,5.48,5.5,1086.0772
2026-02-16 06:00:00+00:00,5.49,5.53,5.48,5.48,1383.3367
2026-02-16 08:00:00+00:00,5.49,5.53,5.49,5.5,2079.2319
2026-02-16 10:00:00+00:00,5.51,5.53,5.45,5.52,3334.5214
2026-02-16 12:00:00+00:00,5.52,5.63,5.51,5.52,5676.1365
2026-02-16 14:00:00+00:00,5.52,5.57,5.48,5.53,2967.0295
2026-02-16 16:00:00+00:00,5.51,5.56,5.5,5.53,1882.2151
2026-02-16 18:00:00+00:00,5.54,5.56,5.49,5.55,1809.2746
2026-02-16 20:00:00+00:00,5.55,5.6,5.53,5.6,2142.8607
2026-02-16 22:00:00+00:00,5.6,5.61,5.55,5.57,1326.5201
2026-02-17 00:00:00+00:00,5.58,5.58,5.54,5.54,1488.9945
2026-02-17 02:00:00+00:00,5.55,5.59,5.53,5.56,918.2777
2026-02-17 04:00:00+00:00,5.55,5.56,5.5,5.52,2092.4827
2026-02-17 06:00:00+00:00,5.52,5.67,5.51,5.57,6481.0934
2026-02-17 08:00:00+00:00,5.56,5.59,5.5,5.52,2016.3147
2026-02-17 10:00:00+00:00,5.52,5.53,5.48,5.52,2426.9685
2026-02-17 12:00:00+00:00,5.5,5.56,5.49,5.54,2522.6256
2026-02-17 14:00:00+00:00,5.54,5.56,5.44,5.51,5859.0299
2026-02-17 16:00:00+00:00,5.51,5.57,5.46,5.48,4455.0899
2026-02-17 18:00:00+00:00,5.48,5.57,5.48,5.53,2305.7914
2026-02-17 20:00:00+00:00,5.53,5.53,5.49,5.51,1167.4132
2026-02-17 22:00:00+00:00,5.5,5.52,5.47,5.5,1706.9674
2026-02-18 00:00:00+00:00,5.5,5.5,5.4,5.4,3720.9243
2026-02-18 02:00:00+00:00,5.4,5.46,5.4,5.45,1374.923
2026-02-18 04:00:00+00:00,5.45,5.46,5.42,5.42,1242.9572
2026-02-18 06:00:00+00:00,5.43,5.46,5.42,5.43,1474.4509
2026-02-18 08:00:00+00:00,5.45,5.46,5.41,5.42,1184.8708
2026-02-18 10:00:00+00:00,5.42,5.44,5.35,5.37,3152.0424
2026-02-18 12:00:00+00:00,5.37,5.4,5.29,5.3,2651.2536
2026-02-18 14:00:00+00:00,5.31,5.36,5.25,5.3,3290.3722
2026-02-18 16:00:00+00:00,5.3,5.32,5.27,5.27,4000.0518
2026-02-18 18:00:00+00:00,5.27,5.28,5.15,5.16,4768.2324
2026-02-18 20:00:00+00:00,5.16,5.2,5.14,5.16,2576.2533
2026-02-18 22:00:00+00:00,5.16,5.19,5.14,5.17,2676.2962
2026-02-19 00:00:00+00:00,5.17,5.19,5.12,5.17,3774.0359
2026-02-19 02:00:00+00:00,5.17,5.18,5.13,5.17,2139.3547
2026-02-19 04:00:00+00:00,5.16,5.18,5.13,5.15,1507.775
2026-02-19 06:00:00+00:00,5.15,5.18,5.13,5.16,2333.818
2026-02-19 08:00:00+00:00,5.16,5.17,5.11,5.12,2103.6688
2026-02-19 10:00:00+00:00,5.12,5.13,5.09,5.09,1403.6551
2026-02-19 12:00:00+00:00,5.09,5.12,5.02,5.04,2733.1206
2026-02-19 14:00:00+00:00,5.04,5.09,4.9,5.01,10970.3808
2026-02-19 16:00:00+00:00,5.01,5.04,4.96,4.98,4442.7163
2026-02-19 18:00:00+00:00,4.98,5.06,4.97,5.04,2640.2677
2026-02-19 20:00:00+00:00,5.03,5.07,5.01,5.05,2061.3561
2026-02-19 22:00:00+00:00,5.04,5.06,5.01,5.04,1613.3247
2026-02-20 00:00:00+00:00,5.04,5.07,5.03,5.05,1762.5511
2026-02-20 02:00:00+00:00,5.06,5.07,5.03,5.07,1739.6498
2026-02-20 04:00:00+00:00,5.05,5.06,5.01,5.03,2142.6583
2026-02-20 06:00:00+00:00,5.03,5.07,5.01,5.05,2923.0134
2026-02-20 08:00:00+00:00,5.05,5.12,5.04,5.1,2361.1855
2026-02-20 10:00:00+00:00,5.09,5.13,5.03,5.03,3085.8074
2026-02-20 12:00:00+00:00,5.03,5.06,4.97,4.98,3927.2906
2026-02-20 14:00:00+00:00,4.98,5.09,4.97,5.07,5481.1648
2026-02-20 16:00:00+00:00,5.07,5.09,5.0,5.08,3970.137
2026-02-20 18:00:00+00:00,5.08,5.1,5.06,5.07,3484.395
2026-02-20 20:00:00+00:00,5.08,5.1,5.07,5.1,2073.8261
2026-02-20 22:00:00+00:00,5.09,5.14,5.06,5.09,5926.3053
2026-02-21 00:00:00+00:00,5.09,5.1,5.07,5.08,1534.0583
2026-02-21 02:00:00+00:00,5.09,5.18,5.07,5.09,4260.5645
2026-02-21 04:00:00+00:00,5.09,5.11,5.08,5.08,1014.2365
2026-02-21 06:00:00+00:00,5.09,5.11,5.07,5.11,1511.7544
2026-02-21 08:00:00+00:00,5.11,5.16,5.1,5.16,3240.6915
2026-02-21 10:00:00+00:00,5.16,5.17,5.12,5.12,2600.1964
2026-02-21 12:00:00+00:00,5.12,5.14,5.06,5.08,4006.4611
2026-02-21 14:00:00+00:00,5.08,5.09,5.0,5.03,6407.1713
2026-02-21 16:00:00+00:00,5.03,5.03,4.97,4.97,3392.4465
2026-02-21 18:00:00+00:00,4.98,5.0,4.95,4.96,2676.3515
2026-02-21 20:00:00+00:00,4.97,5.0,4.91,4.97,4513.1612
2026-02-21 22:00:00+00:00,4.97,4.97,4.9,4.94,2898.3356
2026-02-22 00:00:00+00:00,4.92,4.94,4.9,4.93,2082.2275
2026-02-22 02:00:00+00:00,4.93,4.93,4.87,4.89,2224.8575
2026-02-22 04:00:00+00:00,4.88,4.92,4.87,4.89,1903.0956
2026-02-22 06:00:00+00:00,4.89,4.89,4.86,4.89,1210.2552
2026-02-22 08:00:00+00:00,4.88,4.89,4.83,4.87,2061.0726
2026-02-22 10:00:00+00:00,4.87,4.98,4.86,4.9,2828.7562
2026-02-22 12:00:00+00:00,4.9,4.92,4.82,4.84,1814.7944
2026-02-22 14:00:00+00:00,4.83,4.84,4.78,4.81,2561.3989
2026-02-22 16:00:00+00:00,4.81,4.83,4.77,4.78,1745.2633
2026-02-22 18:00:00+00:00,4.77,4.83,4.76,4.81,2682.2062
2026-02-22 20:00:00+00:00,4.81,4.82,4.77,4.79,1499.2867
2026-02-22 22:00:00+00:00,4.78,4.81,4.76,4.8,1722.1526
2026-02-23 00:00:00+00:00,4.8,4.8,4.63,4.66,5379.4149
2026-02-23 02:00:00+00:00,4.65,4.75,4.63,4.67,6040.233
2026-02-23 04:00:00+00:00,4.67,4.68,4.62,4.66,1657.1097
2026-02-23 06:00:00+00:00,4.66,4.74,4.64,4.72,1527.7758
2026-02-23 08:00:00+00:00,4.71,4.75,4.67,4.75,2293.1594
2026-02-23 10:00:00+00:00,4.75,4.76,4.73,4.75,1217.7942
2026-02-23 12:00:00+00:00,4.74,4.78,4.73,4.74,1690.6629
2026-02-23 14:00:00+00:00,4.74,4.75,4.69,4.7,2411.7472
2026-02-23 16:00:00+00:00,4.7,4.71,4.61,4.66,3258.6195
2026-02-23 18:00:00+00:00,4.66,4.69,4.63,4.64,2139.4494
2026-02-23 20:00:00+00:00,4.64,4.68,4.63,4.67,1908.9513
2026-02-23 22:00:00+00:00,4.67,4.73,4.64,4.67,5396.7131
2026-02-24 00:00:00+00:00,4.68,4.76,4.48,4.59,28038.0221
2026-02-24 02:00:00+00:00,4.58,4.6,4.46,4.49,12495.2077
2026-02-24 04:00:00+00:00,4.5,4.55,4.44,4.48,5572.1901
2026-02-24 06:00:00+00:00,4.49,4.5,4.44,4.44,2618.044
2026-02-24 08:00:00+00:00,4.45,4.52,4.44,4.5,4227.5184
2026-02-24 10:00:00+00:00,4.5,4.53,4.47,4.5,1801.1607
2026-02-24 12:00:00+00:00,4.49,4.5,4.44,4.45,2661.482
2026-02-24 14:00:00+00:00,4.45,4.53,4.41,4.48,4543.8238
2026-02-24 16:00:00+00:00,4.48,4.54,4.48,4.51,2723.9977
2026-02-24 18:00:00+00:00,4.5,4.54,4.43,4.5,4460.6346
2026-02-24 20:00:00+00:00,4.49,4.51,4.47,4.49,2608.9493
2026-02-24 22:00:00+00:00,4.49,4.53,4.47,4.48,3331.3906
2026-02-25 00:00:00+00:00,4.48,4.57,4.42,4.55,3945.8575
2026-02-25 02:00:00+00:00,4.56,4.59,4.52,4.52,1620.7276
2026-02-25 04:00:00+00:00,4.52,4.55,4.46,4.48,2734.6027
2026-02-25 06:00:00+00:00,4.48,4.53,4.46,4.5,2389.4502
2026-02-25 08:00:00+00:00,4.5,4.55,4.5,4.55,1051.3663
2026-02-25 10:00:00+00:00,4.54,4.56,4.53,4.55,1186.5327
2026-02-25 12:00:00+00:00,4.55,4.65,4.55,4.61,2310.223
2026-02-25 14:00:00+00:00,4.62,4.71,4.61,4.7,2909.8
2026-02-25 16:00:00+00:00,4.7,4.84,4.69,4.84,7825.6205
2026-02-25 18:00:00+00:00,4.83,4.85,4.8,4.84,3615.6007
2026-02-25 20:00:00+00:00,4.84,4.95,4.81,4.86,6499.429
2026-02-25 22:00:00+00:00,4.85,4.9,4.74,4.76,3598.2089
2026-02-26 00:00:00+00:00,4.76,4.81,4.75,4.75,3470.3741
2026-02-26 02:00:00+00:00,4.76,4.76,4.65,4.72,3582.0009
2026-02-26 04:00:00+00:00,4.72,4.76,4.61,4.68,7019.6763
2026-02-26 06:00:00+00:00,4.69,4.69,4.64,4.64,1543.5989
2026-02-26 08:00:00+00:00,4.65,4.66,4.61,4.66,1745.2279
2026-02-26 10:00:00+00:00,4.66,4.71,4.65,4.68,3325.8701
2026-02-26 12:00:00+00:00,4.68,4.73,4.67,4.73,1022.323
2026-02-26 14:00:00+00:00,4.72,4.81,4.58,4.62,4568.4992
2026-02-26 16:00:00+00:00,4.62,4.65,4.51,4.61,2834.8902
2026-02-26 18:00:00+00:00,4.62,4.68,4.61,4.65,1402.4388
2026-02-26 20:00:00+00:00,4.65,4.65,4.64,4.64,610.9932
2026-02-26 22:00:00+00:00,4.64,4.7,4.64,4.67,991.0805
2026-02-27 00:00:00+00:00,4.66,4.68,4.55,4.63,4132.0806
2026-02-27 02:00:00+00:00,4.63,4.67,4.62,4.66,1543.1935
2026-02-27 04:00:00+00:00,4.66,4.7,4.65,4.68,1117.1097
2026-02-27 06:00:00+00:00,4.68,4.77,4.62,4.71,4882.6583
2026-02-27 08:00:00+00:00,4.72,4.72,4.34,4.42,40655.8432
2026-02-27 10:00:00+00:00,4.43,4.48,4.4,4.44,7393.2531
2026-02-27 12:00:00+00:00,4.44,4.48,4.37,4.46,5870.7675
2026-02-27 14:00:00+00:00,4.46,4.54,4.42,4.48,6677.8558
2026-02-27 16:00:00+00:00,4.48,4.52,4.44,4.5,4632.4497
2026-02-27 18:00:00+00:00,4.5,4.5,4.39,4.41,1468.8613
2026-02-27 20:00:00+00:00,4.41,4.47,4.4,4.41,1368.2311
2026-02-27 22:00:00+00:00,4.42,4.49,4.39,4.47,914.3942
2026-02-28 00:00:00+00:00,4.47,4.52,4.42,4.46,1516.8435
2026-02-28 02:00:00+00:00,4.45,4.5,4.43,4.47,1037.5819
2026-02-28 04:00:00+00:00,4.48,4.56,4.41,4.41,2485.9243
2026-02-28 06:00:00+00:00,4.41,4.44,4.25,4.34,5932.4948
2026-02-28 08:00:00+00:00,4.34,4.34,4.25,4.29,3947.1777
2026-02-28 10:00:00+00:00,4.27,4.32,4.25,4.28,2889.1259
2026-02-28 12:00:00+00:00,4.28,4.34,4.23,4.33,2738.8073
2026-02-28 14:00:00+00:00,4.34,4.36,4.33,4.36,912.2941
2026-02-28 16:00:00+00:00,4.36,4.46,4.33,4.36,2156.2642
2026-02-28 18:00:00+00:00,4.37,4.53,4.36,4.49,3076.5221
2026-02-28 20:00:00+00:00,4.49,4.59,4.4,4.44,7292.3984
2026-02-28 22:00:00+00:00,4.45,4.63,4.44,4.55,5191.3365
2026-03-01 00:00:00+00:00,4.55,4.68,4.55,4.65,8563.9314
2026-03-01 02:00:00+00:00,4.65,4.72,4.57,4.69,8506.0895
2026-03-01 04:00:00+00:00,4.69,4.8,4.66,4.7,6873.2201
2026-03-01 06:00:00+00:00,4.7,4.73,4.63,4.64,4779.6331
2026-03-01 08:00:00+00:00,4.64,4.68,4.53,4.58,4534.7068
2026-03-01 10:00:00+00:00,4.58,4.6,4.54,4.56,1961.8465
2026-03-01 12:00:00+00:00,4.57,4.58,4.48,4.58,2220.9454
2026-03-01 14:00:00+00:00,4.58,4.61,4.52,4.55,1652.1261
2026-03-01 16:00:00+00:00,4.55,4.6,4.46,4.5,5923.5608
2026-03-01 18:00:00+00:00,4.49,4.54,4.43,4.47,2603.8664
2026-03-01 20:00:00+00:00,4.47,4.48,4.34,4.36,5905.9586
2026-03-01 22:00:00+00:00,4.35,4.43,4.34,4.4,2657.8235
2026-03-02 00:00:00+00:00,4.42,4.49,4.37,4.44,2110.3732
2026-03-02 02:00:00+00:00,4.44,4.52,4.37,4.49,1886.9467
2026-03-02 04:00:00+00:00,4.48,4.5,4.41,4.41,1355.7112
2026-03-02 06:00:00+00:00,4.43,4.46,4.36,4.39,2592.4794
2026-03-02 08:00:00+00:00,4.39,4.45,4.33,4.43,1660.7176
2026-03-02 10:00:00+00:00,4.43,4.43,4.39,4.43,761.4123
2026-03-02 12:00:00+00:00,4.42,4.44,4.36,4.36,1444.632
2026-03-02 14:00:00+00:00,4.37,4.64,4.36,4.6,3316.8783
2026-03-02 16:00:00+00:00,4.59,4.65,4.59,4.65,1759.1722
2026-03-02 18:00:00+00:00,4.64,4.66,4.56,4.64,2757.0314
2026-03-02 20:00:00+00:00,4.64,4.67,4.6,4.62,1843.9819
2026-03-02 22:00:00+00:00,4.62,4.64,4.5,4.51,3731.8765
2026-03-03 00:00:00+00:00,4.53,4.57,4.49,4.51,1790.5294
2026-03-03 02:00:00+00:00,4.51,4.55,4.43,4.5,2712.6456
2026-03-03 04:00:00+00:00,4.49,4.51,4.44,4.45,2619.6458
2026-03-03 06:00:00+00:00,4.46,4.48,4.39,4.47,3199.229
2026-03-03 08:00:00+00:00,4.47,4.49,4.35,4.37,1688.3708
2026-03-03 10:00:00+00:00,4.36,4.45,4.33,4.37,4363.7738
2026-03-03 12:00:00+00:00,4.37,4.44,4.31,4.31,1466.7244
2026-03-03 14:00:00+00:00,4.31,4.35,4.27,4.35,3615.3663
2026-03-03 16:00:00+00:00,4.33,4.46,4.33,4.42,4954.5513
2026-03-03 18:00:00+00:00,4.43,4.5,4.4,4.48,3523.7955
2026-03-03 20:00:00+00:00,4.49,4.49,4.41,4.44,1646.6532
2026-03-03 22:00:00+00:00,4.44,4.5,4.43,4.48,672.5532
2026-03-04 00:00:00+00:00,4.49,4.51,4.28,4.38,4356.8186
2026-03-04 02:00:00+00:00,4.37,4.42,4.32,4.33,2530.0392
2026-03-04 04:00:00+00:00,4.34,4.36,4.31,4.35,858.9105
2026-03-04 06:00:00+00:00,4.35,4.46,4.34,4.46,1942.171
2026-03-04 08:00:00+00:00,4.45,4.63,4.44,4.57,3077.1952
2026-03-04 10:00:00+00:00,4.58,4.59,4.51,4.54,985.2987
2026-03-04 12:00:00+00:00,4.54,4.57,4.47,4.57,4110.2293
2026-03-04 14:00:00+00:00,4.57,4.66,4.5,4.65,5616.978
2026-03-04 16:00:00+00:00,4.66,4.71,4.53,4.59,5691.8092
2026-03-04 18:00:00+00:00,4.6,4.67,4.59,4.65,1900.9723
2026-03-04 20:00:00+00:00,4.64,4.64,4.57,4.58,701.7981
2026-03-04 22:00:00+00:00,4.57,4.63,4.56,4.58,1562.8092
2026-03-05 00:00:00+00:00,4.58,4.66,4.55,4.56,2114.2895
2026-03-05 02:00:00+00:00,4.56,4.59,4.56,4.59,825.8474
2026-03-05 04:00:00+00:00,4.59,4.6,4.55,4.55,867.4059
2026-03-05 06:00:00+00:00,4.55,4.61,4.51,4.54,2403.9311
2026-03-05 08:00:00+00:00,4.54,4.6,4.46,4.54,2150.8866
2026-03-05 10:00:00+00:00,4.54,4.59,4.52,4.52,2365.0362
2026-03-05 12:00:00+00:00,4.53,4.55,4.51,4.53,720.0647
2026-03-05 14:00:00+00:00,4.52,4.56,4.47,4.48,2017.4472
2026-03-05 16:00:00+00:00,4.48,4.48,4.39,4.4,1275.3614
2026-03-05 18:00:00+00:00,4.4,4.46,4.4,4.46,1054.2304
2026-03-05 20:00:00+00:00,4.46,4.55,4.45,4.49,954.5067
2026-03-05 22:00:00+00:00,4.49,4.5,4.44,4.45,773.7734
2026-03-06 00:00:00+00:00,4.46,4.5,4.45,4.49,705.9458
2026-03-06 02:00:00+00:00,4.49,4.51,4.48,4.5,832.2123
2026-03-06 04:00:00+00:00,4.5,4.52,4.48,4.51,1873.691
2026-03-06 06:00:00+00:00,4.51,4.52,4.47,4.51,1565.1331
2026-03-06 08:00:00+00:00,4.51,4.52,4.41,4.43,1367.5936
2026-03-06 10:00:00+00:00,4.42,4.47,4.41,4.42,1464.1312
2026-03-06 12:00:00+00:00,4.42,4.51,4.41,4.45,6117.9732
2026-03-06 14:00:00+00:00,4.45,4.45,4.36,4.37,2868.2312
2026-03-06 16:00:00+00:00,4.37,4.38,4.31,4.31,1853.6135
2026-03-06 18:00:00+00:00,4.31,4.38,4.31,4.34,1995.4714
2026-03-06 20:00:00+00:00,4.34,4.36,4.32,4.34,532.3162
2026-03-06 22:00:00+00:00,4.33,4.45,4.33,4.39,3295.1018
2026-03-07 00:00:00+00:00,4.38,4.39,4.35,4.35,888.3675
2026-03-07 02:00:00+00:00,4.35,4.37,4.34,4.35,525.7328
2026-03-07 04:00:00+00:00,4.34,4.35,4.31,4.32,1135.6642
2026-03-07 06:00:00+00:00,4.33,6.0,4.32,4.88,246533.9344
2026-03-07 08:00:00+00:00,4.87,6.34,4.82,5.85,174584.3494
2026-03-07 10:00:00+00:00,5.86,7.56,5.67,7.39,372089.1861
2026-03-07 12:00:00+00:00,7.39,7.49,6.14,6.26,180995.003
2026-03-07 14:00:00+00:00,6.25,7.47,6.23,7.06,235837.0436
2026-03-07 16:00:00+00:00,7.06,7.88,7.02,7.74,182119.9826
2026-03-07 18:00:00+00:00,7.75,8.25,7.58,7.59,154832.7537
2026-03-07 20:00:00+00:00,7.59,7.97,7.2,7.4,114785.6141
2026-03-07 22:00:00+00:00,7.4,7.42,6.62,7.02,128403.8837
2026-03-08 00:00:00+00:00,7.03,7.92,6.94,7.9,136178.7582
2026-03-08 02:00:00+00:00,7.9,8.13,7.06,7.14,132142.5442
2026-03-08 04:00:00+00:00,7.13,7.34,6.71,7.21,66533.873
2026-03-08 06:00:00+00:00,7.21,7.32,6.3,6.51,84463.3099
2026-03-08 08:00:00+00:00,6.52,6.65,5.81,6.07,74980.6156
2026-03-08 10:00:00+00:00,6.06,6.33,5.63,6.03,91508.0421
2026-03-08 12:00:00+00:00,6.03,6.07,5.68,5.78,37238.1998
2026-03-08 14:00:00+00:00,5.78,6.05,5.68,5.84,37487.3428
2026-03-08 16:00:00+00:00,5.86,6.16,5.85,5.91,23636.9552
2026-03-08 18:00:00+00:00,5.9,6.06,5.78,5.89,22035.4722
2026-03-08 20:00:00+00:00,5.9,6.47,5.89,6.19,48324.509
2026-03-08 22:00:00+00:00,6.19,6.19,5.9,5.95,35552.8424
2026-03-09 00:00:00+00:00,5.95,6.21,5.84,5.85,25235.6132
2026-03-09 02:00:00+00:00,5.85,6.17,5.65,5.94,34736.9604
2026-03-09 04:00:00+00:00,5.94,6.39,5.94,6.09,31360.0202
2026-03-09 06:00:00+00:00,6.09,6.22,5.97,5.98,16479.5677
2026-03-09 08:00:00+00:00,5.99,6.01,5.77,5.81,22163.1584
2026-03-09 10:00:00+00:00,5.79,6.07,5.69,5.78,31824.9983
2026-03-09 12:00:00+00:00,5.76,5.78,5.53,5.61,21102.6987
2026-03-09 14:00:00+00:00,5.61,6.01,5.61,5.75,41181.8349
2026-03-09 16:00:00+00:00,5.76,5.86,5.64,5.71,13568.5914
2026-03-09 18:00:00+00:00,5.72,6.0,5.62,5.73,23824.0322
2026-03-09 20:00:00+00:00,5.73,5.89,5.6,5.78,21223.5963
2026-03-09 22:00:00+00:00,5.8,5.86,5.64,5.68,8714.9954
2026-03-10 00:00:00+00:00,5.68,5.83,5.61,5.68,16146.4352
2026-03-10 02:00:00+00:00,5.66,5.75,5.62,5.66,10466.8313
2026-03-10 04:00:00+00:00,5.66,5.8,5.55,5.72,15411.2929
2026-03-10 06:00:00+00:00,5.72,5.78,5.63,5.67,9053.8337
2026-03-10 08:00:00+00:00,5.67,5.79,5.59,5.64,12286.5292
2026-03-10 10:00:00+00:00,5.65,5.99,5.64,5.73,38859.2767
2026-03-10 12:00:00+00:00,5.7,5.78,5.65,5.69,10110.2892
2026-03-10 14:00:00+00:00,5.69,5.79,5.6,5.71,16022.2886
2026-03-10 16:00:00+00:00,5.71,5.75,5.63,5.66,10903.2289
2026-03-10 18:00:00+00:00,5.66,5.71,5.51,5.52,12379.881
2026-03-10 20:00:00+00:00,5.53,5.57,5.44,5.51,7641.1714
2026-03-10 22:00:00+00:00,5.52,5.68,5.43,5.49,15284.2041
2026-03-11 00:00:00+00:00,5.49,5.64,5.46,5.52,6803.8347
2026-03-11 02:00:00+00:00,5.52,5.68,5.51,5.55,6879.2795
2026-03-11 04:00:00+00:00,5.55,5.59,5.5,5.53,5014.0411
2026-03-11 06:00:00+00:00,5.53,5.6,5.51,5.59,10256.996
2026-03-11 08:00:00+00:00,5.59,5.6,5.39,5.43,15293.8713
2026-03-11 10:00:00+00:00,5.42,5.47,5.27,5.33,13922.614
2026-03-11 12:00:00+00:00,5.32,5.47,5.32,5.4,4300.3451
2026-03-11 14:00:00+00:00,5.39,5.52,5.35,5.43,11638.9068
2026-03-11 16:00:00+00:00,5.43,5.59,5.32,5.45,24724.0338
2026-03-11 18:00:00+00:00,5.46,5.55,5.38,5.5,12545.1621
2026-03-11 20:00:00+00:00,5.5,5.58,5.47,5.48,8545.4372
2026-03-11 22:00:00+00:00,5.48,5.53,5.43,5.45,3933.1862
2026-03-12 00:00:00+00:00,5.44,5.53,5.42,5.5,3765.5762
2026-03-12 02:00:00+00:00,5.5,5.51,5.43,5.46,2763.6051
2026-03-12 04:00:00+00:00,5.46,5.49,5.44,5.48,1833.9644
2026-03-12 06:00:00+00:00,5.48,5.7,5.48,5.6,13002.1023
2026-03-12 08:00:00+00:00,5.6,5.62,5.53,5.58,4404.3535
2026-03-12 10:00:00+00:00,5.58,6.45,5.58,6.06,112593.7592
2026-03-12 12:00:00+00:00,6.07,6.39,5.85,6.02,64171.9828
2026-03-12 14:00:00+00:00,6.01,6.36,5.76,5.83,45521.5377
2026-03-12 16:00:00+00:00,5.83,5.88,5.52,5.57,29646.9767
2026-03-12 18:00:00+00:00,5.58,5.63,5.46,5.58,7712.292
2026-03-12 20:00:00+00:00,5.57,5.68,5.47,5.6,10824.7181
2026-03-12 22:00:00+00:00,5.6,5.63,5.53,5.56,4396.4205
2026-03-13 00:00:00+00:00,5.56,5.72,5.5,5.65,8796.1107
2026-03-13 02:00:00+00:00,5.65,5.65,5.38,5.49,18667.5975
2026-03-13 04:00:00+00:00,5.48,5.49,5.3,5.37,11646.7163
2026-03-13 06:00:00+00:00,5.37,5.38,5.3,5.32,4876.137
2026-03-13 08:00:00+00:00,5.33,5.42,5.31,5.37,3865.174
2026-03-13 10:00:00+00:00,5.38,5.45,5.37,5.43,3528.779
2026-03-13 12:00:00+00:00,5.42,5.42,5.0,5.17,55074.5365
2026-03-13 14:00:00+00:00,5.17,5.28,5.08,5.17,19679.5779
2026-03-13 16:00:00+00:00,5.17,5.24,5.08,5.11,8774.3144
2026-03-13 18:00:00+00:00,5.11,5.19,5.1,5.14,5931.0895
2026-03-13 20:00:00+00:00,5.14,5.16,5.11,5.11,3169.8775
2026-03-13 22:00:00+00:00,5.12,5.12,5.03,5.09,6143.9596
2026-03-14 00:00:00+00:00,5.09,5.13,5.02,5.04,6919.6667
2026-03-14 02:00:00+00:00,5.03,5.12,5.03,5.07,3848.6892
2026-03-14 04:00:00+00:00,5.08,5.13,4.95,5.0,8712.9729
2026-03-14 06:00:00+00:00,5.01,5.09,4.98,5.0,3774.4221
2026-03-14 08:00:00+00:00,5.01,5.1,4.98,5.06,6353.042
2026-03-14 10:00:00+00:00,5.06,5.07,4.93,4.97,4747.8155
2026-03-14 12:00:00+00:00,4.96,5.04,4.9,5.03,4132.3903
2026-03-14 14:00:00+00:00,5.01,5.05,5.0,5.02,2498.4875
2026-03-14 16:00:00+00:00,5.02,5.13,5.01,5.04,4056.9678
2026-03-14 18:00:00+00:00,5.04,5.05,4.99,5.02,4301.6379
2026-03-14 20:00:00+00:00,5.02,5.09,4.97,5.07,3520.7627
2026-03-14 22:00:00+00:00,5.08,5.17,5.08,5.11,5537.1877
2026-03-15 00:00:00+00:00,5.13,5.14,5.08,5.14,5117.7702
2026-03-15 02:00:00+00:00,5.14,5.25,5.08,5.08,7451.7617
2026-03-15 04:00:00+00:00,5.09,5.15,5.07,5.14,1962.1651
2026-03-15 06:00:00+00:00,5.14,5.25,5.1,5.12,7797.1339
2026-03-15 08:00:00+00:00,5.12,5.14,5.09,5.14,1930.9707
2026-03-15 10:00:00+00:00,5.13,5.14,5.09,5.1,2225.1992
2026-03-15 12:00:00+00:00,5.1,5.11,5.0,5.02,5255.7649
2026-03-15 14:00:00+00:00,5.01,5.06,5.01,5.02,1851.2766
2026-03-15 16:00:00+00:00,5.02,5.03,4.97,5.01,2982.6742
2026-03-15 18:00:00+00:00,5.01,5.02,4.98,5.0,3836.2515
2026-03-15 20:00:00+00:00,5.0,5.05,5.0,5.03,1919.5415
2026-03-15 22:00:00+00:00,5.03,5.1,5.02,5.05,5384.6441
2026-03-16 00:00:00+00:00,5.07,5.12,5.01,5.12,5096.0037
2026-03-16 02:00:00+00:00,5.13,5.22,5.09,5.2,8065.0485
2026-03-16 04:00:00+00:00,5.19,5.2,5.1,5.18,6985.1557
2026-03-16 06:00:00+00:00,5.19,5.19,5.09,5.13,5264.0892
2026-03-16 08:00:00+00:00,5.14,5.16,5.11,5.13,1969.9943
2026-03-16 10:00:00+00:00,5.14,5.24,5.13,5.18,6068.9926
2026-03-16 12:00:00+00:00,5.18,5.18,5.07,5.14,6010.7112
2026-03-16 14:00:00+00:00,5.14,5.21,5.11,5.15,3064.6757
2026-03-16 16:00:00+00:00,5.15,5.17,5.12,5.15,2746.146
2026-03-16 18:00:00+00:00,5.15,5.16,5.11,5.11,4120.4311
2026-03-16 20:00:00+00:00,5.12,5.24,5.1,5.2,4693.5983
2026-03-16 22:00:00+00:00,5.19,5.25,5.16,5.23,2261.2053
2026-03-17 00:00:00+00:00,5.23,5.24,5.14,5.18,1443.3275
2026-03-17 02:00:00+00:00,5.18,5.2,5.11,5.11,1472.465
2026-03-17 04:00:00+00:00,5.11,5.14,5.08,5.1,1992.9819
2026-03-17 06:00:00+00:00,5.1,5.15,5.1,5.15,778.429
2026-03-17 08:00:00+00:00,5.14,5.19,5.13,5.14,1271.8789
2026-03-17 10:00:00+00:00,5.15,5.15,5.11,5.14,1413.1951
2026-03-17 12:00:00+00:00,5.14,5.15,5.08,5.11,3382.1165
2026-03-17 14:00:00+00:00,5.11,5.19,5.08,5.11,4268.5759
2026-03-17 16:00:00+00:00,5.11,5.15,5.11,5.12,1612.4223
2026-03-17 18:00:00+00:00,5.12,5.13,5.07,5.08,2229.5443
2026-03-17 20:00:00+00:00,5.08,5.17,5.07,5.14,1939.6292
2026-03-17 22:00:00+00:00,5.15,5.15,5.09,5.11,959.469
2026-03-18 00:00:00+00:00,5.11,5.12,5.01,5.03,6725.1466
2026-03-18 02:00:00+00:00,5.05,5.13,5.03,5.08,4436.7126
2026-03-18 04:00:00+00:00,5.08,5.12,5.06,5.1,2315.1755
2026-03-18 06:00:00+00:00,5.1,5.13,5.1,5.1,719.7462
2026-03-18 08:00:00+00:00,5.1,5.13,5.1,5.11,2246.7071
2026-03-18 10:00:00+00:00,5.11,5.13,4.95,4.97,9250.1968
2026-03-18 12:00:00+00:00,4.97,5.0,4.84,4.85,5699.3462
2026-03-18 14:00:00+00:00,4.85,4.87,4.75,4.8,3609.7075
2026-03-18 16:00:00+00:00,4.8,4.83,4.76,4.8,4689.3332
2026-03-18 18:00:00+00:00,4.79,4.84,4.75,4.76,3788.7291
2026-03-18 20:00:00+00:00,4.74,4.81,4.73,4.81,1730.9931
2026-03-18 22:00:00+00:00,4.8,4.83,4.79,4.82,1606.5961
2026-03-19 00:00:00+00:00,4.83,4.9,4.82,4.85,5529.6436
2026-03-19 02:00:00+00:00,4.85,4.89,4.85,4.88,2158.9834
2026-03-19 04:00:00+00:00,4.88,4.88,4.82,4.83,2321.5805
2026-03-19 06:00:00+00:00,4.83,4.84,4.77,4.78,1827.9878
2026-03-19 08:00:00+00:00,4.78,4.82,4.76,4.82,895.1502
2026-03-19 10:00:00+00:00,4.82,4.83,4.79,4.81,1368.6622
2026-03-19 12:00:00+00:00,4.8,4.8,4.68,4.72,2532.953
2026-03-19 14:00:00+00:00,4.72,4.74,4.64,4.68,3790.6426
2026-03-19 16:00:00+00:00,4.68,4.73,4.65,4.73,2190.8476
2026-03-19 18:00:00+00:00,4.73,4.8,4.72,4.78,2989.4495
2026-03-19 20:00:00+00:00,4.78,4.79,4.76,4.78,1056.7783
2026-03-19 22:00:00+00:00,4.77,4.78,4.74,4.75,902.8596
2026-03-20 00:00:00+00:00,4.73,4.76,4.71,4.75,2658.9739
2026-03-20 02:00:00+00:00,4.73,4.74,4.71,4.72,657.4805
2026-03-20 04:00:00+00:00,4.71,4.72,4.66,4.69,1295.7539
2026-03-20 06:00:00+00:00,4.69,4.72,4.68,4.71,610.8866
2026-03-20 08:00:00+00:00,4.71,4.77,4.66,4.69,1933.405
2026-03-20 10:00:00+00:00,4.68,4.73,4.61,4.68,3341.2945
2026-03-20 12:00:00+00:00,4.69,4.72,4.68,4.69,806.5289
2026-03-20 14:00:00+00:00,4.68,4.68,4.64,4.65,1147.247
2026-03-20 16:00:00+00:00,4.66,4.71,4.64,4.71,1333.4795
2026-03-20 18:00:00+00:00,4.71,4.72,4.69,4.69,1892.1923
2026-03-20 20:00:00+00:00,4.69,4.76,4.68,4.74,1569.8066
2026-03-20 22:00:00+00:00,4.74,4.76,4.74,4.75,1387.69
2026-03-21 00:00:00+00:00,4.76,4.78,4.74,4.76,1182.7307
2026-03-21 02:00:00+00:00,4.76,4.82,4.75,4.75,1304.2391
2026-03-21 04:00:00+00:00,4.75,4.77,4.73,4.76,1923.0784
2026-03-21 06:00:00+00:00,4.76,4.77,4.75,4.75,779.9275
2026-03-21 08:00:00+00:00,4.75,4.76,4.74,4.75,909.7934
2026-03-21 10:00:00+00:00,4.76,5.0,4.74,4.81,20931.9768
2026-03-21 12:00:00+00:00,4.82,5.63,4.78,5.47,43817.8074
2026-03-21 14:00:00+00:00,5.45,5.77,5.11,5.18,137860.1385
2026-03-21 16:00:00+00:00,5.18,5.55,5.18,5.33,55266.896
2026-03-21 18:00:00+00:00,5.33,5.37,5.23,5.32,13380.3751
2026-03-21 20:00:00+00:00,5.32,5.34,5.05,5.1,26827.3487
2026-03-21 22:00:00+00:00,5.09,5.1,4.87,4.89,8557.9777
2026-03-22 00:00:00+00:00,4.89,5.01,4.81,4.9,10246.4802
2026-03-22 02:00:00+00:00,4.9,5.08,4.89,4.91,8095.1581
2026-03-22 04:00:00+00:00,4.91,5.11,4.91,4.95,8411.4694
2026-03-22 06:00:00+00:00,4.94,5.0,4.85,4.9,8755.2061
2026-03-22 08:00:00+00:00,4.9,4.9,4.72,4.75,12520.3222
2026-03-22 10:00:00+00:00,4.75,4.76,4.67,4.67,5098.9926
2026-03-22 12:00:00+00:00,4.69,4.77,4.6,4.64,8084.7156
2026-03-22 14:00:00+00:00,4.64,4.79,4.63,4.7,10984.9618
2026-03-22 16:00:00+00:00,4.7,4.87,4.69,4.86,12188.1334
2026-03-22 18:00:00+00:00,4.86,4.86,4.68,4.71,7993.684
2026-03-22 20:00:00+00:00,4.71,4.72,4.61,4.71,5729.6572
2026-03-22 22:00:00+00:00,4.7,4.75,4.67,4.7,2471.6457
2026-03-23 00:00:00+00:00,4.71,4.74,4.67,4.68,2040.51
2026-03-23 02:00:00+00:00,4.69,4.72,4.64,4.71,2899.2932
2026-03-23 04:00:00+00:00,4.7,4.78,4.7,4.76,3351.8598
2026-03-23 06:00:00+00:00,4.77,4.79,4.7,4.75,3827.9763
2026-03-23 08:00:00+00:00,4.76,4.83,4.7,4.73,2900.7688
2026-03-23 10:00:00+00:00,4.73,4.97,4.73,4.92,12136.0725
2026-03-23 12:00:00+00:00,4.92,4.93,4.86,4.9,7030.7379
2026-03-23 14:00:00+00:00,4.91,5.06,4.89,4.92,10246.3747
2026-03-23 16:00:00+00:00,4.94,4.94,4.88,4.94,4051.1654
2026-03-23 18:00:00+00:00,4.93,4.97,4.93,4.97,3052.6239
2026-03-23 20:00:00+00:00,4.96,4.97,4.92,4.93,1295.5243
2026-03-23 22:00:00+00:00,4.92,4.92,4.87,4.89,2084.021
2026-03-24 00:00:00+00:00,4.88,4.9,4.86,4.89,1134.1339
2026-03-24 02:00:00+00:00,4.88,4.91,4.88,4.91,598.9678
2026-03-24 04:00:00+00:00,4.91,4.91,4.84,4.85,2454.4822
2026-03-24 06:00:00+00:00,4.85,4.92,4.84,4.89,4616.128
2026-03-24 08:00:00+00:00,4.89,4.91,4.83,4.86,3077.4341
2026-03-24 10:00:00+00:00,4.85,4.94,4.84,4.88,3055.6671
2026-03-24 12:00:00+00:00,4.87,4.88,4.85,4.85,1917.8602
2026-03-24 14:00:00+00:00,4.84,4.9,4.8,4.89,2018.7664
2026-03-24 16:00:00+00:00,4.9,4.9,4.73,4.74,5855.3854
2026-03-24 18:00:00+00:00,4.74,4.8,4.74,4.8,1337.6558
2026-03-24 20:00:00+00:00,4.79,4.85,4.75,4.83,2513.1757
2026-03-24 22:00:00+00:00,4.83,4.84,4.82,4.83,247.2621
2026-03-25 00:00:00+00:00,4.82,4.89,4.78,4.88,6661.4475
2026-03-25 02:00:00+00:00,4.88,4.88,4.79,4.81,1701.586
2026-03-25 04:00:00+00:00,4.81,4.81,4.8,4.81,1144.7315
2026-03-25 06:00:00+00:00,4.81,4.84,4.8,4.81,1494.4416
2026-03-25 08:00:00+00:00,4.83,4.84,4.77,4.81,2625.168
2026-03-25 10:00:00+00:00,4.81,4.85,4.79,4.82,1745.9357
2026-03-25 12:00:00+00:00,4.83,4.83,4.76,4.78,4792.7076
2026-03-25 14:00:00+00:00,4.78,4.8,4.74,4.76,1175.8197
2026-03-25 16:00:00+00:00,4.76,4.82,4.76,4.78,2016.4541
2026-03-25 18:00:00+00:00,4.77,4.84,4.74,4.74,5614.2972
2026-03-25 20:00:00+00:00,4.74,4.8,4.71,4.73,4501.5721
2026-03-25 22:00:00+00:00,4.73,4.76,4.73,4.75,739.963
2026-03-26 00:00:00+00:00,4.75,4.83,4.73,4.77,2310.4208
2026-03-26 02:00:00+00:00,4.77,4.78,4.73,4.75,2060.5493
2026-03-26 04:00:00+00:00,4.75,4.82,4.73,4.79,2918.3223
2026-03-26 06:00:00+00:00,4.79,4.84,4.73,4.76,4281.5427
2026-03-26 08:00:00+00:00,4.76,4.76,4.63,4.67,1784.3085
2026-03-26 10:00:00+00:00,4.66,4.68,4.63,4.65,1995.2691
2026-03-26 12:00:00+00:00,4.63,4.67,4.61,4.67,1915.48
2026-03-26 14:00:00+00:00,4.67,4.67,4.59,4.6,2049.3397
2026-03-26 16:00:00+00:00,4.6,4.62,4.57,4.58,2098.3411
2026-03-26 18:00:00+00:00,4.59,4.74,4.56,4.63,7166.7733
2026-03-26 20:00:00+00:00,4.63,4.74,4.62,4.68,3084.4603
2026-03-26 22:00:00+00:00,4.67,4.69,4.65,4.68,584.441
2026-03-27 00:00:00+00:00,4.67,4.73,4.64,4.7,1105.4938
2026-03-27 02:00:00+00:00,4.72,4.93,4.71,4.87,10265.532
2026-03-27 04:00:00+00:00,4.87,4.87,4.75,4.77,5757.8201
2026-03-27 06:00:00+00:00,4.78,4.97,4.78,4.95,12116.3911
2026-03-27 08:00:00+00:00,4.95,4.97,4.71,4.84,11359.9211
2026-03-27 10:00:00+00:00,4.83,4.88,4.8,4.8,3337.8809
2026-03-27 12:00:00+00:00,4.8,4.86,4.73,4.79,6202.799
2026-03-27 14:00:00+00:00,4.79,4.82,4.71,4.8,4342.8952
2026-03-27 16:00:00+00:00,4.8,4.86,4.73,4.77,5229.524
2026-03-27 18:00:00+00:00,4.78,4.81,4.73,4.8,3005.4518
2026-03-27 20:00:00+00:00,4.8,4.8,4.74,4.77,4945.2288
2026-03-27 22:00:00+00:00,4.78,4.8,4.7,4.74,2566.1026
2026-03-28 00:00:00+00:00,4.74,4.75,4.7,4.7,2914.0435
2026-03-28 02:00:00+00:00,4.71,4.72,4.7,4.7,646.3212
2026-03-28 04:00:00+00:00,4.7,4.72,4.67,4.72,1309.8594
2026-03-28 06:00:00+00:00,4.72,4.82,4.72,4.77,2951.7946
2026-03-28 08:00:00+00:00,4.76,4.78,4.75,4.75,361.1761
2026-03-28 10:00:00+00:00,4.75,4.77,4.71,4.73,844.5921
2026-03-28 12:00:00+00:00,4.73,4.8,4.71,4.77,1036.5536
2026-03-28 14:00:00+00:00,4.77,4.82,4.75,4.82,3416.3792
2026-03-28 16:00:00+00:00,4.8,4.82,4.71,4.74,3429.004
2026-03-28 18:00:00+00:00,4.72,4.74,4.71,4.71,651.3872
2026-03-28 20:00:00+00:00,4.73,4.75,4.71,4.71,796.3843
2026-03-28 22:00:00+00:00,4.71,4.74,4.7,4.73,275.2923
2026-03-29 00:00:00+00:00,4.73,4.74,4.71,4.73,277.1905
2026-03-29 02:00:00+00:00,4.73,4.74,4.7,4.72,192.9863
2026-03-29 04:00:00+00:00,4.71,4.75,4.69,4.75,622.2393
2026-03-29 06:00:00+00:00,4.75,4.81,4.73,4.75,2035.2129
2026-03-29 08:00:00+00:00,4.75,4.8,4.74,4.76,2224.366
2026-03-29 10:00:00+00:00,4.77,4.8,4.74,4.78,1765.7268
2026-03-29 12:00:00+00:00,4.78,4.8,4.75,4.76,1239.6838
2026-03-29 14:00:00+00:00,4.76,4.84,4.73,4.77,4221.0799
2026-03-29 16:00:00+00:00,4.77,5.17,4.76,5.06,27903.0353
2026-03-29 18:00:00+00:00,5.05,5.63,4.91,5.31,60670.881
2026-03-29 20:00:00+00:00,5.33,5.75,4.93,5.08,60070.7322
2026-03-29 22:00:00+00:00,5.06,5.07,4.8,4.9,13264.2747
2026-03-30 00:00:00+00:00,4.91,4.99,4.89,4.98,5378.3422
2026-03-30 02:00:00+00:00,4.99,5.1,4.96,5.0,8313.0081
2026-03-30 04:00:00+00:00,5.0,5.12,4.96,5.0,9047.1378
2026-03-30 06:00:00+00:00,4.99,5.14,4.96,5.1,6151.2901
2026-03-30 08:00:00+00:00,5.1,5.1,4.94,4.98,4676.2295
2026-03-30 10:00:00+00:00,4.98,5.03,4.92,4.95,4928.8383
2026-03-30 12:00:00+00:00,4.95,5.05,4.93,4.96,4663.2146
2026-03-30 14:00:00+00:00,4.96,4.99,4.93,4.96,1958.9994
2026-03-30 16:00:00+00:00,4.96,5.01,4.89,4.95,3058.7352
2026-03-30 18:00:00+00:00,4.95,4.97,4.9,4.94,2437.3076
2026-03-30 20:00:00+00:00,4.94,4.99,4.92,4.97,1010.8907
2026-03-30 22:00:00+00:00,4.97,4.98,4.87,4.88,1049.1477
2026-03-31 00:00:00+00:00,4.89,5.02,4.85,5.0,4249.7141
2026-03-31 02:00:00+00:00,4.99,5.0,4.97,4.99,518.7226
2026-03-31 04:00:00+00:00,4.97,5.0,4.97,5.0,2375.004
2026-03-31 06:00:00+00:00,5.0,5.08,4.97,4.99,4239.9026
2026-03-31 08:00:00+00:00,4.99,5.04,4.97,4.99,3173.3651
2026-03-31 10:00:00+00:00,4.99,5.06,4.98,5.03,3089.3509
2026-03-31 12:00:00+00:00,5.03,5.15,5.02,5.15,2924.2659
2026-03-31 14:00:00+00:00,5.15,5.19,5.07,5.15,7911.268
2026-03-31 16:00:00+00:00,5.14,5.47,5.03,5.32,21645.2538
2026-03-31 18:00:00+00:00,5.33,5.43,5.31,5.39,8737.717
2026-03-31 20:00:00+00:00,5.39,5.41,5.27,5.29,4931.7097
2026-03-31 22:00:00+00:00,5.29,5.36,5.29,5.31,1379.7431
2026-04-01 00:00:00+00:00,5.32,5.38,5.17,5.21,6821.068
2026-04-01 02:00:00+00:00,5.21,5.28,5.2,5.24,2070.5946
2026-04-01 04:00:00+00:00,5.24,5.24,5.12,5.21,5023.1996
2026-04-01 06:00:00+00:00,5.21,5.28,5.19,5.25,1467.9969
2026-04-01 08:00:00+00:00,5.25,5.26,5.05,5.11,8007.3991
2026-04-01 10:00:00+00:00,5.12,5.13,5.06,5.09,2811.7281
2026-04-01 12:00:00+00:00,5.06,5.13,5.01,5.05,2987.9525
2026-04-01 14:00:00+00:00,5.03,5.1,5.02,5.1,1367.7952
2026-04-01 16:00:00+00:00,5.09,5.13,5.06,5.1,2035.401
2026-04-01 18:00:00+00:00,5.09,5.14,5.09,5.1,1911.6147
2026-04-01 20:00:00+00:00,5.11,5.11,5.06,5.09,796.2076
2026-04-01 22:00:00+00:00,5.09,5.14,5.04,5.12,2216.7024
2026-04-02 00:00:00+00:00,5.12,5.14,5.02,5.04,1495.2736
2026-04-02 02:00:00+00:00,5.04,5.04,4.9,4.94,2508.5527
2026-04-02 04:00:00+00:00,4.95,4.97,4.87,4.94,2310.8536
2026-04-02 06:00:00+00:00,4.94,5.05,4.91,4.98,2311.2568
2026-04-02 08:00:00+00:00,4.98,5.03,4.81,4.89,14227.0633
2026-04-02 10:00:00+00:00,4.91,4.94,4.87,4.94,1345.9793
2026-04-02 12:00:00+00:00,4.94,4.99,4.9,4.95,4698.1426
2026-04-02 14:00:00+00:00,4.95,5.07,4.95,5.06,1904.1337
2026-04-02 16:00:00+00:00,5.03,5.23,5.03,5.13,10170.7739
2026-04-02 18:00:00+00:00,5.13,5.16,5.07,5.09,3760.4258
2026-04-02 20:00:00+00:00,5.09,5.09,5.02,5.04,1627.1746
2026-04-02 22:00:00+00:00,5.04,5.07,5.03,5.06,832.7166
2026-04-03 00:00:00+00:00,5.05,5.09,5.04,5.07,635.9274
2026-04-03 02:00:00+00:00,5.07,5.07,5.03,5.05,1014.9961
2026-04-03 04:00:00+00:00,5.04,5.09,5.03,5.08,685.6923
2026-04-03 06:00:00+00:00,5.08,5.1,5.05,5.1,1350.3856
2026-04-03 08:00:00+00:00,5.08,5.27,5.06,5.13,20740.1049
2026-04-03 10:00:00+00:00,5.14,5.27,5.12,5.26,4414.7444
2026-04-03 12:00:00+00:00,5.23,5.24,5.18,5.18,1923.5434
2026-04-03 14:00:00+00:00,5.18,5.25,5.13,5.14,3734.4826
2026-04-03 16:00:00+00:00,5.14,5.14,5.06,5.09,2288.4985
2026-04-03 18:00:00+00:00,5.09,5.13,5.04,5.06,4271.8673
2026-04-03 20:00:00+00:00,5.05,5.1,4.94,5.05,4563.0782
2026-04-03 22:00:00+00:00,5.05,5.06,4.99,5.02,1639.1622
2026-04-04 00:00:00+00:00,5.02,5.12,5.02,5.09,1753.3998
2026-04-04 02:00:00+00:00,5.09,5.12,5.08,5.12,717.1616
2026-04-04 04:00:00+00:00,5.1,5.12,5.09,5.09,2572.8822
2026-04-04 06:00:00+00:00,5.11,5.12,5.03,5.03,1049.7998
2026-04-04 08:00:00+00:00,5.06,5.15,5.02,5.06,2993.6524
2026-04-04 10:00:00+00:00,5.06,5.12,5.06,5.08,1749.7363
2026-04-04 12:00:00+00:00,5.08,5.11,5.07,5.1,1436.138
2026-04-04 14:00:00+00:00,5.11,5.13,5.09,5.09,1235.7652
2026-04-04 16:00:00+00:00,5.09,5.18,5.09,5.12,2369.7949
2026-04-04 18:00:00+00:00,5.11,5.15,5.09,5.11,574.9997
2026-04-04 20:00:00+00:00,5.11,5.12,5.05,5.1,2233.8608
2026-04-04 22:00:00+00:00,5.1,5.11,5.06,5.11,1920.972
2026-04-05 00:00:00+00:00,5.09,5.1,5.06,5.06,149.4606
2026-04-05 02:00:00+00:00,5.07,5.08,5.04,5.07,764.4575
2026-04-05 04:00:00+00:00,5.06,5.08,5.04,5.04,580.06
2026-04-05 06:00:00+00:00,5.06,5.11,5.02,5.05,2010.5189
2026-04-05 08:00:00+00:00,5.03,5.07,5.03,5.05,1254.3814
2026-04-05 10:00:00+00:00,5.05,5.05,4.98,5.02,3206.2186
2026-04-05 12:00:00+00:00,5.02,5.02,4.95,4.97,1513.7024
2026-04-05 14:00:00+00:00,4.96,5.04,4.96,5.02,830.9131
2026-04-05 16:00:00+00:00,5.01,5.04,5.01,5.02,634.6912
2026-04-05 18:00:00+00:00,5.03,5.04,5.02,5.04,170.6193
2026-04-05 20:00:00+00:00,5.03,5.06,5.0,5.03,359.2484
2026-04-05 22:00:00+00:00,5.03,5.16,5.01,5.09,2310.5534
2026-04-06 00:00:00+00:00,5.12,5.2,5.1,5.11,1717.6007
2026-04-06 02:00:00+00:00,5.11,5.16,5.1,5.14,623.5315
2026-04-06 04:00:00+00:00,5.17,5.17,5.09,5.13,994.2438
2026-04-06 06:00:00+00:00,5.12,5.18,5.11,5.16,1264.3543
2026-04-06 08:00:00+00:00,5.13,5.21,5.12,5.21,2179.6175
2026-04-06 10:00:00+00:00,5.22,5.23,5.13,5.15,3537.1742
2026-04-06 12:00:00+00:00,5.13,5.17,5.11,5.14,1373.2638
2026-04-06 14:00:00+00:00,5.14,5.2,5.13,5.18,829.2156
2026-04-06 16:00:00+00:00,5.17,5.19,5.12,5.16,962.6986
2026-04-06 18:00:00+00:00,5.16,5.18,5.09,5.1,2306.8809
2026-04-06 20:00:00+00:00,5.12,5.15,5.11,5.12,637.2005
2026-04-06 22:00:00+00:00,5.14,5.14,5.05,5.1,991.7369
2026-04-07 00:00:00+00:00,5.11,5.11,5.04,5.05,858.1272
2026-04-07 02:00:00+00:00,5.06,5.08,5.03,5.07,804.3913
2026-04-07 04:00:00+00:00,5.07,5.1,5.06,5.06,446.1845
2026-04-07 06:00:00+00:00,5.07,5.07,4.92,4.99,5431.3035
2026-04-07 08:00:00+00:00,5.02,5.04,4.98,5.04,499.3463
2026-04-07 10:00:00+00:00,5.04,5.05,4.97,5.02,1054.8892
2026-04-07 12:00:00+00:00,4.99,5.03,4.96,4.96,998.5566
2026-04-07 14:00:00+00:00,4.96,4.98,4.9,4.92,3839.5024
2026-04-07 16:00:00+00:00,4.92,5.02,4.92,5.0,1335.5932
2026-04-07 18:00:00+00:00,4.99,5.04,4.99,5.03,2006.7413
2026-04-07 20:00:00+00:00,5.03,5.08,5.02,5.08,1010.2802
2026-04-07 22:00:00+00:00,5.07,5.18,5.07,5.16,5144.264
2026-04-08 00:00:00+00:00,5.16,5.18,5.11,5.18,1849.0327
2026-04-08 02:00:00+00:00,5.17,5.27,5.14,5.2,3063.0909
2026-04-08 04:00:00+00:00,5.22,5.23,5.17,5.18,735.1684
2026-04-08 06:00:00+00:00,5.18,5.26,5.18,5.22,1138.4125
2026-04-08 08:00:00+00:00,5.22,5.22,5.15,5.17,1560.3998
2026-04-08 10:00:00+00:00,5.17,5.18,5.12,5.13,972.5649
2026-04-08 12:00:00+00:00,5.14,5.17,5.12,5.15,1284.6465
2026-04-08 14:00:00+00:00,5.15,5.15,5.03,5.11,1858.4251
2026-04-08 16:00:00+00:00,5.12,5.16,5.11,5.13,1194.6265
2026-04-08 18:00:00+00:00,5.13,5.13,5.04,5.08,1243.0626
2026-04-08 20:00:00+00:00,5.08,5.12,5.06,5.07,1846.4008
2026-04-08 22:00:00+00:00,5.08,5.09,5.04,5.06,1302.613
2026-04-09 00:00:00+00:00,5.06,5.08,5.04,5.05,514.3342
2026-04-09 02:00:00+00:00,5.05,5.07,5.04,5.04,750.2758
2026-04-09 04:00:00+00:00,5.04,5.06,5.01,5.03,817.1474
2026-04-09 06:00:00+00:00,5.03,5.08,4.99,5.07,913.4644
2026-04-09 08:00:00+00:00,5.08,5.1,5.04,5.08,1781.7706
2026-04-09 10:00:00+00:00,5.08,5.11,5.04,5.05,1060.5662
2026-04-09 12:00:00+00:00,5.04,5.07,5.02,5.07,796.332
2026-04-09 14:00:00+00:00,5.06,5.09,5.01,5.09,2323.527
2026-04-09 16:00:00+00:00,5.07,5.12,5.02,5.07,2563.052
2026-04-09 18:00:00+00:00,5.06,5.09,4.97,5.07,1822.4975
2026-04-09 20:00:00+00:00,5.09,5.13,5.06,5.06,1310.5847
2026-04-09 22:00:00+00:00,5.04,5.1,5.04,5.05,519.4683
2026-04-10 00:00:00+00:00,5.05,5.09,5.02,5.06,926.0567
2026-04-10 02:00:00+00:00,5.05,5.06,4.99,5.02,491.209
2026-04-10 04:00:00+00:00,5.02,5.08,5.02,5.02,2110.147
2026-04-10 06:00:00+00:00,5.04,5.06,4.97,4.99,3059.4123
2026-04-10 08:00:00+00:00,4.99,5.03,4.97,5.0,504.9633
2026-04-10 10:00:00+00:00,5.01,5.04,4.99,5.04,559.6167
2026-04-10 12:00:00+00:00,5.01,5.04,5.01,5.04,862.9873
2026-04-10 14:00:00+00:00,5.04,5.1,5.02,5.06,3992.9266
2026-04-10 16:00:00+00:00,5.06,5.1,5.06,5.07,1821.8865
2026-04-10 18:00:00+00:00,5.06,5.18,5.04,5.16,7906.103
2026-04-10 20:00:00+00:00,5.15,5.2,5.13,5.14,2088.305
2026-04-10 22:00:00+00:00,5.15,5.16,5.11,5.11,1007.7253
2026-04-11 00:00:00+00:00,5.13,5.13,5.09,5.11,454.1952
2026-04-11 02:00:00+00:00,5.11,5.11,5.08,5.09,151.7406
2026-04-11 04:00:00+00:00,5.1,5.39,5.07,5.25,28039.0086
2026-04-11 06:00:00+00:00,5.22,5.25,5.1,5.15,5210.9643
2026-04-11 08:00:00+00:00,5.15,5.17,5.12,5.14,1991.781
2026-04-11 10:00:00+00:00,5.14,5.2,5.11,5.16,3555.7135
2026-04-11 12:00:00+00:00,5.16,6.39,5.15,5.97,171977.0645
2026-04-11 14:00:00+00:00,5.99,5.99,5.24,5.26,54398.1929
2026-04-11 16:00:00+00:00,5.27,5.4,5.22,5.29,16938.5301
2026-04-11 18:00:00+00:00,5.27,5.55,5.15,5.37,31501.2582
2026-04-11 20:00:00+00:00,5.35,5.37,5.27,5.34,6173.327
2026-04-11 22:00:00+00:00,5.34,5.42,5.29,5.31,4258.8798
2026-04-12 00:00:00+00:00,5.29,5.31,5.16,5.17,4613.2915
2026-04-12 02:00:00+00:00,5.18,5.23,5.16,5.18,1713.8719
2026-04-12 04:00:00+00:00,5.18,5.22,5.11,5.18,6396.1127
2026-04-12 06:00:00+00:00,5.18,5.21,5.14,5.21,2865.5896
2026-04-12 08:00:00+00:00,5.21,5.33,5.2,5.25,7641.3079
2026-04-12 10:00:00+00:00,5.25,5.28,5.24,5.24,1548.173
2026-04-12 12:00:00+00:00,5.24,5.32,5.24,5.28,5575.4216
2026-04-12 14:00:00+00:00,5.3,5.31,5.26,5.28,2336.6094
2026-04-12 16:00:00+00:00,5.3,5.31,5.17,5.19,4703.8641
2026-04-12 18:00:00+00:00,5.19,5.28,5.19,5.2,4288.4634
2026-04-12 20:00:00+00:00,5.2,5.22,5.18,5.18,1534.7494
2026-04-12 22:00:00+00:00,5.21,5.22,5.18,5.19,582.4611
2026-04-13 00:00:00+00:00,5.19,5.21,5.17,5.2,1246.3173
2026-04-13 02:00:00+00:00,5.2,5.23,5.2,5.21,1322.4536
2026-04-13 04:00:00+00:00,5.21,5.24,5.2,5.21,1029.4041
2026-04-13 06:00:00+00:00,5.21,5.23,5.08,5.08,7885.2251
2026-04-13 08:00:00+00:00,5.08,5.11,5.02,5.1,8815.3357
2026-04-13 10:00:00+00:00,5.11,5.15,5.11,5.14,1047.1117
2026-04-13 12:00:00+00:00,5.15,5.17,5.11,5.15,2157.2845
2026-04-13 14:00:00+00:00,5.17,5.18,5.11,5.15,5069.1215
2026-04-13 16:00:00+00:00,5.14,5.18,5.13,5.15,1490.3797
2026-04-13 18:00:00+00:00,5.16,5.18,5.13,5.18,864.9013
2026-04-13 20:00:00+00:00,5.18,5.2,5.16,5.17,996.8726
2026-04-13 22:00:00+00:00,5.17,5.28,5.16,5.27,5637.0224
2026-04-14 00:00:00+00:00,5.26,5.28,5.23,5.24,850.2252
2026-04-14 02:00:00+00:00,5.23,5.27,5.23,5.25,1306.4501
2026-04-14 04:00:00+00:00,5.25,5.25,5.17,5.19,3033.1851
2026-04-14 06:00:00+00:00,5.19,5.23,5.18,5.22,1107.4418
2026-04-14 08:00:00+00:00,5.22,5.24,5.2,5.21,1317.6867
2026-04-14 10:00:00+00:00,5.23,5.24,5.2,5.21,1576.6887
2026-04-14 12:00:00+00:00,5.23,5.24,5.18,5.2,5377.0213
2026-04-14 14:00:00+00:00,5.21,5.24,5.19,5.21,2314.0142
2026-04-14 16:00:00+00:00,5.23,5.24,5.17,5.2,2310.516
2026-04-14 18:00:00+00:00,5.2,5.2,5.15,5.18,770.1751
2026-04-14 20:00:00+00:00,5.15,5.18,5.15,5.17,910.0313
2026-04-14 22:00:00+00:00,5.17,5.18,5.12,5.14,2366.6403
2026-04-15 00:00:00+00:00,5.14,5.2,5.1,5.17,4608.6656
2026-04-15 02:00:00+00:00,5.16,5.17,5.13,5.16,586.0906
2026-04-15 04:00:00+00:00,5.16,5.16,5.13,5.16,729.7111
2026-04-15 06:00:00+00:00,5.14,5.16,5.12,5.16,389.9868
2026-04-15 08:00:00+00:00,5.13,5.18,5.13,5.17,744.7064
2026-04-15 10:00:00+00:00,5.15,5.17,5.09,5.12,3454.4652
2026-04-15 12:00:00+00:00,5.14,5.17,5.12,5.14,2115.4809
2026-04-15 14:00:00+00:00,5.16,5.19,5.14,5.15,718.2832
2026-04-15 16:00:00+00:00,5.15,5.23,5.15,5.2,3315.0385
2026-04-15 18:00:00+00:00,5.2,5.24,5.19,5.2,3193.098
2026-04-15 20:00:00+00:00,5.2,5.23,5.2,5.2,558.5368
2026-04-15 22:00:00+00:00,5.21,5.25,5.2,5.23,1767.6171
2026-04-16 00:00:00+00:00,5.24,5.28,5.21,5.24,4203.7197
2026-04-16 02:00:00+00:00,5.23,5.28,5.22,5.26,3889.2761
2026-04-16 04:00:00+00:00,5.26,5.34,5.26,5.34,5663.529
2026-04-16 06:00:00+00:00,5.34,5.36,5.3,5.3,3104.9009
2026-04-16 08:00:00+00:00,5.29,5.32,5.27,5.28,3362.8503
2026-04-16 10:00:00+00:00,5.3,5.36,5.26,5.35,3369.747
2026-04-16 12:00:00+00:00,5.33,5.42,5.32,5.35,5176.7006
2026-04-16 14:00:00+00:00,5.35,5.36,5.28,5.33,4090.9119
2026-04-16 16:00:00+00:00,5.33,5.36,5.26,5.3,4178.4072
2026-04-16 18:00:00+00:00,5.31,5.36,5.26,5.34,4254.462
2026-04-16 20:00:00+00:00,5.36,5.38,5.33,5.36,1715.2409
2026-04-16 22:00:00+00:00,5.34,5.48,5.33,5.43,6481.1741
2026-04-17 00:00:00+00:00,5.43,5.5,5.36,5.37,7332.2313
2026-04-17 02:00:00+00:00,5.37,5.4,5.36,5.36,1297.0869
2026-04-17 04:00:00+00:00,5.36,5.39,5.2,5.26,11464.9336
2026-04-17 06:00:00+00:00,5.26,5.43,5.25,5.42,11795.4065
2026-04-17 08:00:00+00:00,5.42,5.9,5.39,5.76,75840.4638
2026-04-17 10:00:00+00:00,5.79,5.96,5.53,5.76,55934.1178
2026-04-17 12:00:00+00:00,5.76,5.79,5.63,5.65,18000.3935
2026-04-17 14:00:00+00:00,5.66,5.74,5.62,5.7,6655.7735
2026-04-17 16:00:00+00:00,5.7,5.75,5.66,5.66,4357.5175
2026-04-17 18:00:00+00:00,5.66,5.69,5.53,5.58,12341.4718
2026-04-17 20:00:00+00:00,5.61,5.63,5.57,5.6,1898.7564
2026-04-17 22:00:00+00:00,5.63,5.64,5.58,5.59,1908.0611
2026-04-18 00:00:00+00:00,5.61,5.62,5.5,5.54,4389.9798
2026-04-18 02:00:00+00:00,5.55,5.62,5.5,5.58,4229.8037
2026-04-18 04:00:00+00:00,5.58,5.58,5.44,5.46,9682.4091
2026-04-18 06:00:00+00:00,5.45,5.54,5.39,5.52,6256.4281
2026-04-18 08:00:00+00:00,5.54,5.56,5.48,5.54,4878.9658
2026-04-18 10:00:00+00:00,5.53,5.55,5.39,5.47,8374.6314
2026-04-18 12:00:00+00:00,5.45,5.45,5.37,5.41,3249.7503
2026-04-18 14:00:00+00:00,5.41,5.55,5.36,5.54,10764.9529
2026-04-18 16:00:00+00:00,5.54,5.56,5.43,5.48,6846.756
2026-04-18 18:00:00+00:00,5.45,5.48,5.34,5.37,5297.3513
2026-04-18 20:00:00+00:00,5.35,5.37,5.31,5.33,2840.4923
2026-04-18 22:00:00+00:00,5.36,5.39,5.33,5.36,3231.2747
2026-04-19 00:00:00+00:00,5.36,5.36,5.31,5.31,1003.8774
2026-04-19 02:00:00+00:00,5.34,5.34,5.29,5.3,1237.2491
2026-04-19 04:00:00+00:00,5.32,5.33,5.29,5.29,1169.1591
2026-04-19 06:00:00+00:00,5.32,5.35,5.28,5.29,3593.9532
2026-04-19 08:00:00+00:00,5.32,5.32,5.26,5.29,1130.6948
2026-04-19 10:00:00+00:00,5.29,5.31,5.26,5.31,1169.0176
2026-04-19 12:00:00+00:00,5.31,5.36,5.28,5.33,1946.5302
2026-04-19 14:00:00+00:00,5.33,5.35,5.27,5.32,4337.617
2026-04-19 16:00:00+00:00,5.3,5.32,5.23,5.24,3126.5566
2026-04-19 18:00:00+00:00,5.24,5.27,5.21,5.24,1335.9331
2026-04-19 20:00:00+00:00,5.22,5.24,5.21,5.21,1490.3208
2026-04-19 22:00:00+00:00,5.21,5.22,5.16,5.16,1445.8115
2026-04-20 00:00:00+00:00,5.16,5.21,5.16,5.18,1464.394
2026-04-20 02:00:00+00:00,5.18,5.21,5.17,5.21,687.1063
2026-04-20 04:00:00+00:00,5.21,5.21,5.18,5.18,657.3108
2026-04-20 06:00:00+00:00,5.21,5.25,5.18,5.2,1663.2364
2026-04-20 08:00:00+00:00,5.21,5.24,5.2,5.2,681.4474
2026-04-20 10:00:00+00:00,5.2,5.23,5.19,5.22,710.5517
2026-04-20 12:00:00+00:00,5.19,5.24,5.19,5.24,1960.321
2026-04-20 14:00:00+00:00,5.21,5.31,5.21,5.27,4352.1357
2026-04-20 16:00:00+00:00,5.27,5.31,5.27,5.29,1192.9039
2026-04-20 18:00:00+00:00,5.28,5.34,5.28,5.34,1688.5054
2026-04-20 20:00:00+00:00,5.32,5.35,5.31,5.32,1659.7917
2026-04-20 22:00:00+00:00,5.32,5.35,5.31,5.34,698.2644
2026-04-21 00:00:00+00:00,5.31,5.34,5.3,5.34,1134.2808
2026-04-21 02:00:00+00:00,5.32,5.34,5.29,5.32,2378.5308
2026-04-21 04:00:00+00:00,5.29,5.32,5.26,5.29,1372.43
2026-04-21 06:00:00+00:00,5.27,5.3,5.26,5.28,1171.1905
2026-04-21 08:00:00+00:00,5.26,5.39,5.26,5.34,3860.8208
2026-04-21 10:00:00+00:00,5.33,5.36,5.3,5.36,2364.9383
2026-04-21 12:00:00+00:00,5.33,5.36,5.31,5.33,1844.8315
2026-04-21 14:00:00+00:00,5.33,5.34,5.3,5.32,1179.3822
2026-04-21 16:00:00+00:00,5.31,5.32,5.25,5.25,2589.196
2026-04-21 18:00:00+00:00,5.25,5.26,5.2,5.21,2888.7717
2026-04-21 20:00:00+00:00,5.22,5.27,5.21,5.27,2505.8096
2026-04-21 22:00:00+00:00,5.27,5.3,5.24,5.29,1242.8738
2026-04-22 00:00:00+00:00,5.29,5.3,5.26,5.28,994.4717
2026-04-22 02:00:00+00:00,5.28,5.33,5.26,5.33,2262.7303
2026-04-22 04:00:00+00:00,5.33,5.35,5.31,5.35,1722.3524
2026-04-22 06:00:00+00:00,5.33,5.35,5.32,5.32,880.1576
2026-04-22 08:00:00+00:00,5.33,5.34,5.31,5.32,850.8119
2026-04-22 10:00:00+00:00,5.31,5.36,5.31,5.32,1997.4749
2026-04-22 12:00:00+00:00,5.33,5.34,5.3,5.31,2717.5615
2026-04-22 14:00:00+00:00,5.33,5.33,5.26,5.28,2495.3031
2026-04-22 16:00:00+00:00,5.27,5.29,5.24,5.26,2875.2293
2026-04-22 18:00:00+00:00,5.26,5.28,5.24,5.24,1300.6345
2026-04-22 20:00:00+00:00,5.24,5.27,5.23,5.27,1405.7715
2026-04-22 22:00:00+00:00,5.27,5.29,5.24,5.26,935.4987
2026-04-23 00:00:00+00:00,5.25,5.25,5.22,5.24,670.4353
2026-04-23 02:00:00+00:00,5.24,5.25,5.22,5.23,1017.3191
2026-04-23 04:00:00+00:00,5.24,5.24,5.21,5.24,1161.5066
2026-04-23 06:00:00+00:00,5.24,5.24,5.2,5.2,1111.123
2026-04-23 08:00:00+00:00,5.2,5.22,5.2,5.2,1102.6244
2026-04-23 10:00:00+00:00,5.2,5.2,5.16,5.19,2105.7657
2026-04-23 12:00:00+00:00,5.19,5.19,5.12,5.12,3378.2467
2026-04-23 14:00:00+00:00,5.13,5.17,5.12,5.16,815.7896
2026-04-23 16:00:00+00:00,5.16,5.18,5.1,5.12,3721.3902
2026-04-23 18:00:00+00:00,5.13,5.14,5.1,5.11,589.2038
2026-04-23 20:00:00+00:00,5.11,5.14,5.1,5.13,1077.8133
2026-04-23 22:00:00+00:00,5.13,5.15,5.11,5.15,294.4416
2026-04-24 00:00:00+00:00,5.15,5.17,5.13,5.17,426.4447
2026-04-24 02:00:00+00:00,5.17,5.21,5.15,5.18,2656.0696
2026-04-24 04:00:00+00:00,5.18,5.22,5.16,5.22,2123.7105
2026-04-24 06:00:00+00:00,5.22,5.23,5.2,5.2,1699.917
2026-04-24 08:00:00+00:00,5.21,5.22,5.17,5.2,1415.6744
2026-04-24 10:00:00+00:00,5.2,5.21,5.17,5.19,1530.6706
2026-04-24 12:00:00+00:00,5.19,5.21,5.13,5.13,1356.8202
2026-04-24 14:00:00+00:00,5.13,5.19,5.13,5.15,1865.8469
2026-04-24 16:00:00+00:00,5.15,5.2,5.13,5.19,1407.7186
2026-04-24 18:00:00+00:00,5.19,5.21,5.18,5.19,881.8201
2026-04-24 20:00:00+00:00,5.18,5.23,5.18,5.2,2013.9174
2026-04-24 22:00:00+00:00,5.21,5.22,5.18,5.2,936.6813
2026-04-25 00:00:00+00:00,5.18,5.25,5.18,5.24,2864.5617
2026-04-25 02:00:00+00:00,5.23,5.28,5.23,5.26,1363.8183
2026-04-25 04:00:00+00:00,5.26,5.27,5.24,5.24,656.1393
2026-04-25 06:00:00+00:00,5.25,5.25,5.23,5.24,406.1522
2026-04-25 08:00:00+00:00,5.25,5.25,5.22,5.24,1018.9246
2026-04-25 10:00:00+00:00,5.24,5.26,5.23,5.24,2448.3427
2026-04-25 12:00:00+00:00,5.25,5.28,5.24,5.27,3000.2014
2026-04-25 14:00:00+00:00,5.28,5.3,5.26,5.26,3727.1747
2026-04-25 16:00:00+00:00,5.28,5.45,5.26,5.42,12138.9174
2026-04-25 18:00:00+00:00,5.41,5.41,5.29,5.3,6433.3346
2026-04-25 20:00:00+00:00,5.31,5.31,5.25,5.26,1644.3154
2026-04-25 22:00:00+00:00,5.26,5.28,5.25,5.26,768.5508
2026-04-26 00:00:00+00:00,5.27,5.29,5.25,5.27,869.865
2026-04-26 02:00:00+00:00,5.29,5.41,5.29,5.37,4698.266
2026-04-26 04:00:00+00:00,5.38,5.44,5.27,5.34,4572.952
2026-04-26 06:00:00+00:00,5.34,5.36,5.32,5.32,968.1256
2026-04-26 08:00:00+00:00,5.32,5.34,5.28,5.3,3841.8492
2026-04-26 10:00:00+00:00,5.3,5.35,5.28,5.33,2774.8368
2026-04-26 12:00:00+00:00,5.33,5.64,5.33,5.38,24088.7374
2026-04-26 14:00:00+00:00,5.38,5.55,5.34,5.45,9059.0159
2026-04-26 16:00:00+00:00,5.45,5.47,5.21,5.35,13587.633
2026-04-26 18:00:00+00:00,5.38,5.38,5.29,5.3,3202.927
2026-04-26 20:00:00+00:00,5.3,5.37,5.29,5.34,2665.5895
2026-04-26 22:00:00+00:00,5.33,5.38,5.32,5.37,866.5382
2026-04-27 00:00:00+00:00,5.38,5.41,5.35,5.39,1369.8985
2026-04-27 02:00:00+00:00,5.38,5.45,5.37,5.43,1321.2239
2026-04-27 04:00:00+00:00,5.42,5.42,5.24,5.26,3404.4908
2026-04-27 06:00:00+00:00,5.26,5.28,5.21,5.22,3316.8549
2026-04-27 08:00:00+00:00,5.22,5.26,5.19,5.26,2047.4094
2026-04-27 10:00:00+00:00,5.24,5.26,5.22,5.22,735.2125
2026-04-27 12:00:00+00:00,5.24,5.26,5.23,5.23,559.1195
2026-04-27 14:00:00+00:00,5.24,5.29,5.18,5.2,2942.6132
2026-04-27 16:00:00+00:00,5.2,5.24,5.19,5.22,1307.5807
2026-04-27 18:00:00+00:00,5.21,5.23,5.2,5.2,382.0409
2026-04-27 20:00:00+00:00,5.22,5.23,5.19,5.2,833.9507
2026-04-27 22:00:00+00:00,5.22,5.24,5.21,5.23,403.8137
2026-04-28 00:00:00+00:00,5.23,5.23,5.21,5.21,426.789
2026-04-28 02:00:00+00:00,5.21,5.23,5.17,5.2,802.5732
2026-04-28 04:00:00+00:00,5.2,5.23,5.19,5.22,420.5643
2026-04-28 06:00:00+00:00,5.2,5.22,5.2,5.2,522.6426
2026-04-28 08:00:00+00:00,5.18,5.2,5.17,5.18,1357.1916
2026-04-28 10:00:00+00:00,5.2,5.2,5.17,5.18,393.284
2026-04-28 12:00:00+00:00,5.17,5.18,5.13,5.13,3895.5193
2026-04-28 14:00:00+00:00,5.13,5.13,5.08,5.1,5215.6238
2026-04-28 16:00:00+00:00,5.1,5.11,5.08,5.1,1440.2282
2026-04-28 18:00:00+00:00,5.11,5.11,5.08,5.1,694.5392
2026-04-28 20:00:00+00:00,5.11,5.12,5.1,5.1,470.7091
2026-04-28 22:00:00+00:00,5.12,5.12,5.11,5.12,216.602
2026-04-29 00:00:00+00:00,5.11,5.13,5.1,5.12,2560.6482
2026-04-29 02:00:00+00:00,5.12,5.13,5.11,5.12,648.8223
2026-04-29 04:00:00+00:00,5.13,5.15,5.12,5.15,1132.8096
2026-04-29 06:00:00+00:00,5.15,5.15,5.13,5.15,906.2207
2026-04-29 08:00:00+00:00,5.15,5.16,5.13,5.16,294.4746
2026-04-29 10:00:00+00:00,5.15,5.17,5.15,5.16,772.3233
2026-04-29 12:00:00+00:00,5.16,5.17,5.13,5.13,1955.5483
2026-04-29 14:00:00+00:00,5.14,5.15,5.1,5.11,2243.5857
2026-04-29 16:00:00+00:00,5.1,5.13,5.08,5.1,1786.2857
2026-04-29 18:00:00+00:00,5.1,5.1,5.02,5.05,2842.3718
2026-04-29 20:00:00+00:00,5.03,5.06,5.03,5.03,1816.865
2026-04-29 22:00:00+00:00,5.05,5.05,5.02,5.05,171.314
2026-04-30 00:00:00+00:00,5.03,5.06,5.03,5.06,245.6694
2026-04-30 02:00:00+00:00,5.06,5.06,5.03,5.06,291.2427
2026-04-30 04:00:00+00:00,5.06,5.45,5.04,5.35,30340.0743
2026-04-30 06:00:00+00:00,5.36,5.36,5.14,5.18,14501.0916
2026-04-30 08:00:00+00:00,5.18,5.22,5.11,5.12,7988.2191
2026-04-30 10:00:00+00:00,5.13,5.15,5.1,5.12,2135.0721
2026-04-30 12:00:00+00:00,5.11,5.13,5.1,5.1,916.683
2026-04-30 14:00:00+00:00,5.1,5.13,5.08,5.1,1623.3718
2026-04-30 16:00:00+00:00,5.1,5.12,5.09,5.11,1001.9842
2026-04-30 18:00:00+00:00,5.11,5.12,5.08,5.1,1294.5351
2026-04-30 20:00:00+00:00,5.1,5.14,5.08,5.12,2051.5638
2026-04-30 22:00:00+00:00,5.12,5.22,5.1,5.2,5788.0402
2026-05-01 00:00:00+00:00,5.21,5.24,5.19,5.24,1737.8666
2026-05-01 02:00:00+00:00,5.23,5.27,5.19,5.25,3407.1402
2026-05-01 04:00:00+00:00,5.26,5.26,5.23,5.26,688.3738
2026-05-01 06:00:00+00:00,5.25,5.26,5.23,5.26,728.3729
2026-05-01 08:00:00+00:00,5.26,5.26,5.22,5.22,1351.4496
2026-05-01 10:00:00+00:00,5.22,5.24,5.2,5.23,1630.5444
2026-05-01 12:00:00+00:00,5.23,5.25,5.21,5.23,1117.6245
2026-05-01 14:00:00+00:00,5.25,5.25,5.23,5.25,849.5978
2026-05-01 16:00:00+00:00,5.25,5.25,5.22,5.23,1974.2405
2026-05-01 18:00:00+00:00,5.23,5.28,5.22,5.26,2709.5045
2026-05-01 20:00:00+00:00,5.26,5.29,5.25,5.25,1265.4692
2026-05-01 22:00:00+00:00,5.25,5.28,5.25,5.26,438.2947
2026-05-02 00:00:00+00:00,5.28,5.3,5.27,5.28,1428.8546
2026-05-02 02:00:00+00:00,5.28,5.41,5.28,5.38,7000.0551
2026-05-02 04:00:00+00:00,5.39,5.4,5.35,5.36,1970.8161
2026-05-02 06:00:00+00:00,5.37,5.38,5.35,5.37,765.4269
2026-05-02 08:00:00+00:00,5.36,5.45,5.36,5.36,6059.9957
2026-05-02 10:00:00+00:00,5.36,5.41,5.32,5.4,6114.9544
2026-05-02 12:00:00+00:00,5.39,5.4,5.37,5.38,1319.4089
2026-05-02 14:00:00+00:00,5.38,5.42,5.37,5.4,2446.6452
2026-05-02 16:00:00+00:00,5.4,5.44,5.37,5.38,3304.0004
2026-05-02 18:00:00+00:00,5.38,5.4,5.37,5.4,696.9373
2026-05-02 20:00:00+00:00,5.4,5.4,5.38,5.4,823.382
2026-05-02 22:00:00+00:00,5.4,5.4,5.38,5.39,447.7479
2026-05-03 00:00:00+00:00,5.4,5.4,5.38,5.38,835.3168
2026-05-03 02:00:00+00:00,5.38,5.4,5.38,5.39,272.0113
2026-05-03 04:00:00+00:00,5.39,5.4,5.38,5.38,1561.1399
2026-05-03 06:00:00+00:00,5.38,5.39,5.36,5.36,1054.0066
2026-05-03 08:00:00+00:00,5.37,5.37,5.32,5.34,4219.9134
2026-05-03 10:00:00+00:00,5.34,5.36,5.31,5.35,1571.855
2026-05-03 12:00:00+00:00,5.35,5.47,5.34,5.42,9056.0669
2026-05-03 14:00:00+00:00,5.42,5.48,5.41,5.41,2442.845
2026-05-03 16:00:00+00:00,5.41,5.46,5.37,5.43,1378.3774
2026-05-03 18:00:00+00:00,5.43,5.44,5.4,5.4,1417.6307
2026-05-03 20:00:00+00:00,5.41,5.48,5.4,5.42,2287.5529
2026-05-03 22:00:00+00:00,5.42,5.46,5.42,5.44,967.7641
2026-05-04 00:00:00+00:00,5.43,5.46,5.41,5.46,1559.1045
2026-05-04 02:00:00+00:00,5.45,5.48,5.45,5.47,1450.2499
2026-05-04 04:00:00+00:00,5.46,5.47,5.42,5.42,4506.6241
2026-05-04 06:00:00+00:00,5.44,5.44,5.41,5.42,872.4924
2026-05-04 08:00:00+00:00,5.42,5.46,5.41,5.44,2201.5669
2026-05-04 10:00:00+00:00,5.46,5.46,5.4,5.42,3021.6722
2026-05-04 12:00:00+00:00,5.42,5.42,5.4,5.41,802.5706
2026-05-04 14:00:00+00:00,5.4,5.42,5.4,5.41,1981.6144
2026-05-04 16:00:00+00:00,5.4,5.46,5.4,5.45,2066.4687
2026-05-04 18:00:00+00:00,5.44,5.45,5.43,5.43,392.1201
2026-05-04 20:00:00+00:00,5.44,5.44,5.4,5.4,1457.5157
2026-05-04 22:00:00+00:00,5.4,5.41,5.37,5.39,1647.4741
2026-05-05 00:00:00+00:00,5.38,5.38,5.34,5.37,2362.5203
2026-05-05 02:00:00+00:00,5.35,5.37,5.35,5.36,2583.1887
2026-05-05 04:00:00+00:00,5.37,5.37,5.35,5.36,834.5044
2026-05-05 06:00:00+00:00,5.37,5.4,5.35,5.38,1685.4909
2026-05-05 08:00:00+00:00,5.38,5.4,5.36,5.37,1898.0077
2026-05-05 10:00:00+00:00,5.37,5.37,5.32,5.35,4270.1989
2026-05-05 12:00:00+00:00,5.36,5.37,5.34,5.35,1001.1799
2026-05-05 14:00:00+00:00,5.33,5.35,5.3,5.32,1989.9747
2026-05-05 16:00:00+00:00,5.32,5.34,5.31,5.33,797.8307
2026-05-05 18:00:00+00:00,5.33,5.36,5.33,5.34,1828.8802
2026-05-05 20:00:00+00:00,5.34,5.4,5.34,5.4,2859.2749
2026-05-05 22:00:00+00:00,5.4,5.42,5.39,5.41,842.7935
2026-05-06 00:00:00+00:00,5.4,5.42,5.4,5.42,844.947
2026-05-06 02:00:00+00:00,5.41,5.45,5.4,5.44,1526.2235
2026-05-06 04:00:00+00:00,5.44,5.48,5.42,5.46,2590.1093
2026-05-06 06:00:00+00:00,5.46,5.47,5.4,5.44,3927.5496
2026-05-06 08:00:00+00:00,5.45,5.48,5.43,5.48,1788.3535
2026-05-06 10:00:00+00:00,5.48,5.48,5.45,5.45,1080.0136
2026-05-06 12:00:00+00:00,5.44,5.47,5.44,5.44,2119.0636
2026-05-06 14:00:00+00:00,5.45,5.47,5.42,5.44,1739.0398
2026-05-06 16:00:00+00:00,5.43,5.65,5.43,5.61,13721.7736
2026-05-06 18:00:00+00:00,5.6,5.61,5.53,5.53,5905.5484
2026-05-06 20:00:00+00:00,5.53,5.58,5.52,5.57,3404.4022
2026-05-06 22:00:00+00:00,5.57,5.61,5.57,5.6,2951.3183
2026-05-07 00:00:00+00:00,5.59,5.61,5.57,5.59,1487.925
2026-05-07 02:00:00+00:00,5.59,5.6,5.57,5.58,1115.4688
2026-05-07 04:00:00+00:00,5.58,5.59,5.54,5.54,1764.4004
2026-05-07 06:00:00+00:00,5.55,5.55,5.52,5.53,1448.6802
2026-05-07 08:00:00+00:00,5.55,5.55,5.53,5.53,263.7986
2026-05-07 10:00:00+00:00,5.53,5.58,5.53,5.56,1155.1284
2026-05-07 12:00:00+00:00,5.57,5.59,5.56,5.56,1076.9253
2026-05-07 14:00:00+00:00,5.57,5.58,5.54,5.55,1919.7011
2026-05-07 16:00:00+00:00,5.55,5.55,5.45,5.48,5798.4003
2026-05-07 18:00:00+00:00,5.49,5.5,5.48,5.49,472.2457
2026-05-07 20:00:00+00:00,5.49,5.49,5.47,5.48,394.2416
2026-05-07 22:00:00+00:00,5.48,5.49,5.46,5.49,489.5005
2026-05-08 00:00:00+00:00,5.49,5.49,5.46,5.47,701.6851
2026-05-08 02:00:00+00:00,5.47,5.48,5.45,5.45,587.9436
2026-05-08 04:00:00+00:00,5.46,5.49,5.46,5.48,1249.2317
2026-05-08 06:00:00+00:00,5.48,5.5,5.45,5.47,1287.5335
2026-05-08 08:00:00+00:00,5.47,5.49,5.45,5.48,1575.7733
2026-05-08 10:00:00+00:00,5.48,5.5,5.48,5.49,645.1395
2026-05-08 12:00:00+00:00,5.5,5.5,5.47,5.48,581.9019
2026-05-08 14:00:00+00:00,5.48,5.5,5.4,5.42,5068.7165
2026-05-08 16:00:00+00:00,5.43,5.48,5.43,5.47,2716.4181
2026-05-08 18:00:00+00:00,5.48,5.49,5.47,5.49,1035.7958
2026-05-08 20:00:00+00:00,5.49,5.53,5.48,5.51,2971.1029
2026-05-08 22:00:00+00:00,5.52,5.54,5.5,5.51,1666.6769
2026-05-09 00:00:00+00:00,5.51,5.52,5.5,5.5,1212.1648
2026-05-09 02:00:00+00:00,5.5,5.57,5.49,5.57,3554.448
2026-05-09 04:00:00+00:00,5.56,5.64,5.56,5.62,4231.072
2026-05-09 06:00:00+00:00,5.64,5.66,5.61,5.62,2944.913
2026-05-09 08:00:00+00:00,5.63,5.68,5.59,5.61,5629.0615
2026-05-09 10:00:00+00:00,5.6,5.61,5.59,5.61,1341.7405
2026-05-09 12:00:00+00:00,5.6,5.65,5.6,5.6,2412.7427
2026-05-09 14:00:00+00:00,5.6,5.61,5.58,5.6,1315.7301
2026-05-09 16:00:00+00:00,5.59,5.62,5.58,5.6,2375.3789
2026-05-09 18:00:00+00:00,5.6,5.61,5.56,5.57,1633.405
2026-05-09 20:00:00+00:00,5.58,5.58,5.55,5.56,830.0005
2026-05-09 22:00:00+00:00,5.56,5.57,5.55,5.56,765.4274
2026-05-10 00:00:00+00:00,5.55,5.56,5.55,5.55,454.0915
2026-05-10 02:00:00+00:00,5.56,5.56,5.53,5.55,1112.3189
2026-05-10 04:00:00+00:00,5.54,5.55,5.53,5.55,608.3951
2026-05-10 06:00:00+00:00,5.55,5.56,5.54,5.55,639.6889
2026-05-10 08:00:00+00:00,5.55,5.57,5.55,5.56,303.6947
2026-05-10 10:00:00+00:00,5.56,5.57,5.55,5.55,453.2561
2026-05-10 12:00:00+00:00,5.56,5.57,5.55,5.57,558.049
2026-05-10 14:00:00+00:00,5.56,5.62,5.55,5.6,3152.7821
2026-05-10 16:00:00+00:00,5.61,5.66,5.61,5.62,3777.2025
2026-05-10 18:00:00+00:00,5.63,5.77,5.62,5.73,8817.5502
2026-05-10 20:00:00+00:00,5.73,5.74,5.62,5.64,7294.6808
2026-05-10 22:00:00+00:00,5.63,5.69,5.63,5.69,1605.838
2026-05-11 00:00:00+00:00,5.69,5.7,5.63,5.64,1334.6476
2026-05-11 02:00:00+00:00,5.63,5.64,5.46,5.54,9282.1906
2026-05-11 04:00:00+00:00,5.54,5.57,5.52,5.57,666.3922
2026-05-11 06:00:00+00:00,5.56,5.57,5.49,5.51,1485.6618
2026-05-11 08:00:00+00:00,5.51,5.94,5.49,5.92,59096.9284
2026-05-11 10:00:00+00:00,5.92,6.04,5.86,6.04,52269.4829
2026-05-11 12:00:00+00:00,6.04,6.17,5.78,5.93,78230.2224
2026-05-11 14:00:00+00:00,5.93,6.22,5.71,5.77,72060.2389
2026-05-11 16:00:00+00:00,5.77,5.8,5.62,5.66,15220.3462
2026-05-11 18:00:00+00:00,5.65,5.7,5.54,5.58,11229.5736
2026-05-11 20:00:00+00:00,5.58,5.63,5.52,5.55,5093.1472
2026-05-11 22:00:00+00:00,5.56,5.63,5.55,5.56,3573.4714
2026-05-12 00:00:00+00:00,5.56,5.58,5.54,5.54,1322.0662
2026-05-12 02:00:00+00:00,5.54,5.56,5.52,5.52,3401.6097
2026-05-12 04:00:00+00:00,5.52,5.52,5.48,5.49,1424.3572
2026-05-12 06:00:00+00:00,5.49,5.51,5.45,5.51,3392.8983
2026-05-12 08:00:00+00:00,5.5,5.6,5.49,5.54,5034.3858
2026-05-12 10:00:00+00:00,5.54,5.56,5.49,5.5,3517.2662
2026-05-12 12:00:00+00:00,5.5,5.51,5.4,5.41,6168.3342
2026-05-12 14:00:00+00:00,5.41,5.44,5.35,5.37,5348.6909
2026-05-12 16:00:00+00:00,5.38,5.4,5.36,5.39,1285.8554
2026-05-12 18:00:00+00:00,5.39,5.42,5.38,5.41,1211.2348
2026-05-12 20:00:00+00:00,5.41,5.41,5.39,5.39,1043.7018
2026-05-12 22:00:00+00:00,5.39,5.4,5.37,5.38,678.9345
2026-05-13 00:00:00+00:00,5.37,5.39,5.36,5.39,588.9363
2026-05-13 02:00:00+00:00,5.39,5.39,5.37,5.39,716.4721
2026-05-13 04:00:00+00:00,5.39,5.4,5.33,5.38,3889.2182
2026-05-13 06:00:00+00:00,5.37,5.4,5.34,5.38,4058.211
2026-05-13 08:00:00+00:00,5.38,5.4,5.34,5.4,3290.2635
2026-05-13 10:00:00+00:00,5.39,5.47,5.35,5.44,6292.7232
2026-05-13 12:00:00+00:00,5.41,5.44,5.31,5.34,4860.2027
2026-05-13 14:00:00+00:00,5.34,5.35,5.29,5.31,2479.8477
2026-05-13 16:00:00+00:00,5.29,5.33,5.29,5.31,2295.1956
2026-05-13 18:00:00+00:00,5.31,5.33,5.29,5.32,1908.677
2026-05-13 20:00:00+00:00,5.33,5.33,5.3,5.3,776.8349
2026-05-13 22:00:00+00:00,5.31,5.32,5.3,5.32,705.2168
2026-05-14 00:00:00+00:00,5.32,5.33,5.3,5.33,1003.3336
2026-05-14 02:00:00+00:00,5.32,5.33,5.29,5.3,903.2942
2026-05-14 04:00:00+00:00,5.3,5.31,5.27,5.29,1343.0545
2026-05-14 06:00:00+00:00,5.31,5.31,5.28,5.29,546.4299
2026-05-14 08:00:00+00:00,5.31,5.31,5.28,5.3,623.6345
2026-05-14 10:00:00+00:00,5.31,5.31,5.26,5.26,1290.6929
2026-05-14 12:00:00+00:00,5.26,5.27,5.24,5.24,1768.0227
2026-05-14 14:00:00+00:00,5.25,5.34,5.23,5.34,5061.5337
2026-05-14 16:00:00+00:00,5.33,5.38,5.33,5.36,2110.0813
2026-05-14 18:00:00+00:00,5.34,5.38,5.34,5.35,2257.1745
2026-05-14 20:00:00+00:00,5.35,5.35,5.32,5.34,609.3807
2026-05-14 22:00:00+00:00,5.34,5.35,5.32,5.33,295.9573
2026-05-15 00:00:00+00:00,5.33,5.35,5.31,5.31,751.1144
2026-05-15 02:00:00+00:00,5.31,5.33,5.3,5.33,531.6569
2026-05-15 04:00:00+00:00,5.33,5.33,5.26,5.27,1793.5071
2026-05-15 06:00:00+00:00,5.26,5.28,5.25,5.25,734.504
2026-05-15 08:00:00+00:00,5.25,5.28,5.24,5.27,930.7935
2026-05-15 10:00:00+00:00,5.25,5.27,5.24,5.24,536.5329
2026-05-15 12:00:00+00:00,5.24,5.27,5.17,5.17,3679.2799
2026-05-15 14:00:00+00:00,5.17,5.19,5.16,5.16,1580.4409
2026-05-15 16:00:00+00:00,5.18,5.19,5.15,5.17,1032.2115
2026-05-15 18:00:00+00:00,5.17,5.19,5.16,5.18,442.7271
2026-05-15 20:00:00+00:00,5.18,5.2,5.15,5.16,2577.9225
2026-05-15 22:00:00+00:00,5.18,5.19,5.14,5.17,1614.8897
2026-05-16 00:00:00+00:00,5.14,5.17,5.14,5.15,532.5295
2026-05-16 02:00:00+00:00,5.16,5.17,5.14,5.15,423.1925
2026-05-16 04:00:00+00:00,5.14,5.15,5.12,5.15,926.5084
2026-05-16 06:00:00+00:00,5.15,5.15,5.08,5.11,2284.6046
2026-05-16 08:00:00+00:00,5.11,5.11,5.05,5.06,2796.6501
2026-05-16 10:00:00+00:00,5.06,5.08,5.03,5.03,1167.0243
2026-05-16 12:00:00+00:00,5.03,5.06,5.03,5.06,465.463
2026-05-16 14:00:00+00:00,5.05,5.06,5.05,5.06,414.6511
2026-05-16 16:00:00+00:00,5.05,5.07,5.05,5.07,466.8618
2026-05-16 18:00:00+00:00,5.05,5.07,5.05,5.05,299.089
2026-05-16 20:00:00+00:00,5.06,5.1,5.05,5.08,2519.9417
2026-05-16 22:00:00+00:00,5.08,5.08,5.06,5.06,755.6516
2026-05-17 00:00:00+00:00,5.08,5.1,5.05,5.05,1176.8775
2026-05-17 02:00:00+00:00,5.05,5.08,5.05,5.08,528.607
2026-05-17 04:00:00+00:00,5.06,5.09,5.05,5.07,1230.0665
2026-05-17 06:00:00+00:00,5.07,5.08,5.06,5.06,177.6573
2026-05-17 08:00:00+00:00,5.08,5.08,5.06,5.08,325.4545
2026-05-17 10:00:00+00:00,5.08,5.08,5.06,5.07,314.0493
2026-05-17 12:00:00+00:00,5.08,5.08,5.06,5.08,335.3814
2026-05-17 14:00:00+00:00,5.06,5.09,5.06,5.08,589.6459
2026-05-17 16:00:00+00:00,5.08,5.09,5.04,5.06,2799.2992
2026-05-17 18:00:00+00:00,5.06,5.09,5.06,5.07,1709.1198
2026-05-17 20:00:00+00:00,5.07,5.09,5.06,5.06,137.1006
2026-05-17 22:00:00+00:00,5.08,5.08,5.01,5.02,2114.5383
2026-05-18 00:00:00+00:00,5.03,5.03,4.99,5.0,1565.9812
2026-05-18 02:00:00+00:00,5.0,5.03,5.0,5.03,308.4621
2026-05-18 04:00:00+00:00,5.03,5.03,5.01,5.01,790.5324
2026-05-18 06:00:00+00:00,5.02,5.03,4.98,4.98,1410.8818
2026-05-18 08:00:00+00:00,4.97,4.99,4.96,4.96,1600.438
2026-05-18 10:00:00+00:00,4.98,4.99,4.95,4.99,1020.791
2026-05-18 12:00:00+00:00,4.99,5.06,4.99,5.04,839.8227
2026-05-18 14:00:00+00:00,5.04,5.05,4.95,4.98,1161.5562
2026-05-18 16:00:00+00:00,4.98,4.99,4.95,4.95,3312.3492
2026-05-18 18:00:00+00:00,4.95,5.01,4.9,5.01,4782.4216
2026-05-18 20:00:00+00:00,5.01,5.02,5.0,5.02,383.888
2026-05-18 22:00:00+00:00,5.02,5.03,5.0,5.02,725.9954
2026-05-19 00:00:00+00:00,5.02,5.03,4.96,4.98,676.3747
2026-05-19 02:00:00+00:00,4.98,4.98,4.96,4.96,99.3035
2026-05-19 04:00:00+00:00,4.96,5.05,4.96,5.04,1793.9354
2026-05-19 06:00:00+00:00,5.05,5.09,5.04,5.07,1978.4061
2026-05-19 08:00:00+00:00,5.07,5.09,5.04,5.04,889.3634
2026-05-19 10:00:00+00:00,5.03,5.05,5.02,5.05,784.1602
2026-05-19 12:00:00+00:00,5.03,5.12,5.03,5.08,3749.2271
2026-05-19 14:00:00+00:00,5.08,5.09,5.01,5.04,2616.2039
2026-05-19 16:00:00+00:00,5.04,5.08,5.02,5.08,545.3988
2026-05-19 18:00:00+00:00,5.08,5.12,5.06,5.1,1498.8205
2026-05-19 20:00:00+00:00,5.1,5.11,5.04,5.04,2109.5958
2026-05-19 22:00:00+00:00,5.03,5.04,5.02,5.02,124.8592
2026-05-20 00:00:00+00:00,5.02,5.05,5.02,5.04,548.3259
2026-05-20 02:00:00+00:00,5.04,5.04,5.01,5.04,409.1944
2026-05-20 04:00:00+00:00,5.03,5.05,5.02,5.05,393.6988
2026-05-20 06:00:00+00:00,5.06,5.07,5.04,5.07,258.89
2026-05-20 08:00:00+00:00,5.07,5.08,5.04,5.05,2416.8841
2026-05-20 10:00:00+00:00,5.07,5.07,5.05,5.07,535.9422
2026-05-20 12:00:00+00:00,5.06,5.07,5.03,5.03,1653.9092
2026-05-20 14:00:00+00:00,5.05,5.07,5.03,5.07,1247.1522
2026-05-20 16:00:00+00:00,5.07,5.08,5.05,5.06,1133.9887
2026-05-20 18:00:00+00:00,5.07,5.08,5.04,5.08,1357.5082
2026-05-20 20:00:00+00:00,5.08,5.1,5.07,5.08,1216.5319
2026-05-20 22:00:00+00:00,5.08,5.09,5.07,5.08,129.9838
2026-05-21 00:00:00+00:00,5.07,5.09,5.06,5.08,323.4195
2026-05-21 02:00:00+00:00,5.06,5.13,5.06,5.12,1932.1905
2026-05-21 04:00:00+00:00,5.12,5.12,5.1,5.1,327.0514
2026-05-21 06:00:00+00:00,5.1,5.12,5.09,5.1,572.8851
2026-05-21 08:00:00+00:00,5.12,5.12,5.08,5.09,1138.2905
2026-05-21 10:00:00+00:00,5.08,5.09,5.07,5.08,487.4578
2026-05-21 12:00:00+00:00,5.08,5.08,5.05,5.06,1290.0021
2026-05-21 14:00:00+00:00,5.07,5.08,5.04,5.05,1746.2855
2026-05-21 16:00:00+00:00,5.05,5.05,5.01,5.03,3257.6158
2026-05-21 18:00:00+00:00,5.03,5.05,5.02,5.05,628.45
2026-05-21 20:00:00+00:00,5.05,5.05,5.02,5.05,311.1224
2026-05-21 22:00:00+00:00,5.05,5.05,5.03,5.04,359.8981
2026-05-22 00:00:00+00:00,5.04,5.05,5.02,5.05,389.6643
2026-05-22 02:00:00+00:00,5.03,5.05,5.03,5.05,249.508
2026-05-22 04:00:00+00:00,5.05,5.06,5.04,5.06,409.9922
2026-05-22 06:00:00+00:00,5.06,5.06,5.04,5.06,492.1228
2026-05-22 08:00:00+00:00,5.05,5.05,4.67,4.72,44026.2571
2026-05-22 10:00:00+00:00,4.7,4.75,4.29,4.34,59909.1673
2026-05-22 12:00:00+00:00,4.36,4.54,4.18,4.5,53952.3658
2026-05-22 14:00:00+00:00,4.53,4.74,4.41,4.57,36836.2273
2026-05-22 16:00:00+00:00,4.55,4.64,4.55,4.59,8474.191
2026-05-22 18:00:00+00:00,4.61,4.61,4.42,4.44,7733.7679
2026-05-22 20:00:00+00:00,4.44,4.44,4.4,4.44,3728.3232
2026-05-22 22:00:00+00:00,4.42,4.44,4.39,4.41,2005.3898
2026-05-23 00:00:00+00:00,4.41,4.42,4.38,4.39,2881.962
2026-05-23 02:00:00+00:00,4.39,4.41,4.36,4.39,2769.7776
2026-05-23 04:00:00+00:00,4.37,4.38,4.32,4.36,5230.5805
2026-05-23 06:00:00+00:00,4.33,4.35,4.26,4.26,5894.0042
2026-05-23 08:00:00+00:00,4.26,4.31,4.25,4.29,4920.4245
2026-05-23 10:00:00+00:00,4.29,4.32,4.28,4.29,2773.99
2026-05-23 12:00:00+00:00,4.29,4.29,4.24,4.25,3954.2327
2026-05-23 14:00:00+00:00,4.25,4.27,4.24,4.27,4790.0835
2026-05-23 16:00:00+00:00,4.27,4.28,4.25,4.28,2100.2701
2026-05-23 18:00:00+00:00,4.28,4.35,4.28,4.33,6492.5977
2026-05-23 20:00:00+00:00,4.33,4.41,4.33,4.39,7273.7464
2026-05-23 22:00:00+00:00,4.39,4.39,4.34,4.36,1587.5069
2026-05-24 00:00:00+00:00,4.36,4.37,4.35,4.35,753.0321
2026-05-24 02:00:00+00:00,4.36,4.37,4.33,4.35,4845.7248
2026-05-24 04:00:00+00:00,4.36,4.38,4.35,4.36,1349.8717
2026-05-24 06:00:00+00:00,4.36,4.41,4.35,4.38,4437.263
2026-05-24 08:00:00+00:00,4.38,4.4,4.34,4.36,2738.9654
2026-05-24 10:00:00+00:00,4.34,4.35,4.32,4.34,2093.8993
2026-05-24 12:00:00+00:00,4.33,4.34,4.31,4.32,1538.6476
2026-05-24 14:00:00+00:00,4.32,4.32,4.23,4.26,4842.9506
2026-05-24 16:00:00+00:00,4.26,4.26,4.24,4.26,1807.4706
2026-05-24 18:00:00+00:00,4.26,4.26,4.21,4.23,3120.128
2026-05-24 20:00:00+00:00,4.21,4.23,4.18,4.2,1978.7852
2026-05-24 22:00:00+00:00,4.2,4.22,4.19,4.22,1758.0837
2026-05-25 00:00:00+00:00,4.22,4.23,4.21,4.23,811.0352
2026-05-25 02:00:00+00:00,4.23,4.24,4.21,4.22,830.7555
2026-05-25 04:00:00+00:00,4.24,4.24,4.2,4.21,1802.9406
2026-05-25 06:00:00+00:00,4.21,4.23,4.2,4.22,2131.4054
2026-05-25 08:00:00+00:00,4.22,4.23,4.2,4.22,2451.3065
2026-05-25 10:00:00+00:00,4.22,4.23,4.21,4.22,1273.6901
2026-05-25 12:00:00+00:00,4.22,4.24,4.2,4.22,2278.5952
2026-05-25 14:00:00+00:00,4.22,4.24,4.22,4.24,1404.6126
2026-05-25 16:00:00+00:00,4.24,4.35,4.24,4.28,12671.03
2026-05-25 18:00:00+00:00,4.3,4.32,4.28,4.28,1963.1499
2026-05-25 20:00:00+00:00,4.3,4.3,4.26,4.26,1216.1643
2026-05-25 22:00:00+00:00,4.26,4.28,4.24,4.24,1551.0068
2026-05-26 00:00:00+00:00,4.24,4.26,4.23,4.23,591.2519
2026-05-26 02:00:00+00:00,4.23,4.25,4.22,4.22,973.2482
2026-05-26 04:00:00+00:00,4.22,4.24,4.21,4.22,1166.6315
2026-05-26 06:00:00+00:00,4.21,4.22,4.2,4.21,760.8642
2026-05-26 08:00:00+00:00,4.22,4.22,4.17,4.19,6351.8588
2026-05-26 10:00:00+00:00,4.19,4.2,4.17,4.18,2871.5754
2026-05-26 12:00:00+00:00,4.18,4.21,4.12,4.13,8640.638
2026-05-26 14:00:00+00:00,4.13,4.15,4.09,4.12,2620.8162
2026-05-26 16:00:00+00:00,4.1,4.28,4.08,4.12,15183.0274
2026-05-26 18:00:00+00:00,4.1,4.12,4.08,4.1,3050.3175
2026-05-26 20:00:00+00:00,4.09,4.11,4.06,4.09,1479.9347
2026-05-26 22:00:00+00:00,4.07,4.08,4.05,4.08,1505.9997
2026-05-27 00:00:00+00:00,4.08,4.09,4.06,4.09,619.7091
2026-05-27 02:00:00+00:00,4.07,4.09,4.07,4.09,1090.3314
2026-05-27 04:00:00+00:00,4.08,4.08,4.05,4.06,1541.5409
2026-05-27 06:00:00+00:00,4.07,4.11,4.05,4.08,3881.8856
2026-05-27 08:00:00+00:00,4.1,4.11,4.08,4.1,1223.7208
2026-05-27 10:00:00+00:00,4.09,4.11,4.09,4.09,2219.6405
2026-05-27 12:00:00+00:00,4.11,4.11,4.08,4.09,710.1373
2026-05-27 14:00:00+00:00,4.09,4.12,4.08,4.12,1531.1157
2026-05-27 16:00:00+00:00,4.13,4.15,4.12,4.12,1827.5707
2026-05-27 18:00:00+00:00,4.12,4.16,4.12,4.15,1310.367
2026-05-27 20:00:00+00:00,4.14,4.18,4.13,4.13,4956.5749
2026-05-27 22:00:00+00:00,4.13,4.15,4.12,4.12,2316.059
2026-05-28 00:00:00+00:00,4.14,4.16,4.13,4.15,1078.63
2026-05-28 02:00:00+00:00,4.14,4.16,4.09,4.1,2837.9862
2026-05-28 04:00:00+00:00,4.09,4.1,4.06,4.09,4222.6415
2026-05-28 06:00:00+00:00,4.09,4.1,4.07,4.1,1961.2504
2026-05-28 08:00:00+00:00,4.1,4.11,4.06,4.07,4215.4953
2026-05-28 10:00:00+00:00,4.08,4.08,4.03,4.03,4302.9171
2026-05-28 12:00:00+00:00,4.05,4.05,3.96,3.98,7421.0651
2026-05-28 14:00:00+00:00,3.97,3.99,3.96,3.98,1689.123
