ts_ms,open,high,low,close,volume
2022-06-09 12:00:00+00:00,1804.41,1818.62,1777.54,1804.57,716102.418
2022-06-09 18:00:00+00:00,1804.58,1806.59,1780.0,1788.03,325299.983
2022-06-10 00:00:00+00:00,1788.03,1803.82,1740.6,1791.69,573623.356
2022-06-10 06:00:00+00:00,1791.74,1799.28,1762.23,1770.95,442071.82
2022-06-10 12:00:00+00:00,1770.94,1781.22,1650.0,1682.29,2037186.25
2022-06-10 18:00:00+00:00,1682.18,1687.11,1653.75,1661.95,556015.858
2022-06-11 00:00:00+00:00,1661.95,1680.97,1656.53,1667.54,364417.218
2022-06-11 06:00:00+00:00,1667.54,1670.3,1528.46,1575.07,1535560.398
2022-06-11 12:00:00+00:00,1575.06,1590.88,1498.93,1533.09,2270727.769
2022-06-11 18:00:00+00:00,1533.06,1580.0,1516.71,1532.19,789733.591
2022-06-12 00:00:00+00:00,1532.19,1541.71,1421.0,1430.03,1683401.135
2022-06-12 06:00:00+00:00,1430.11,1486.96,1427.34,1468.16,1209772.045
2022-06-12 12:00:00+00:00,1468.16,1548.81,1423.42,1520.68,2039022.898
2022-06-12 18:00:00+00:00,1520.68,1522.42,1432.33,1434.35,1084276.378
2022-06-13 00:00:00+00:00,1434.35,1454.58,1303.33,1322.65,3830052.788
2022-06-13 06:00:00+00:00,1322.64,1350.0,1177.0,1208.78,6291210.874
2022-06-13 12:00:00+00:00,1208.53,1280.0,1162.0,1238.26,5200331.376
2022-06-13 18:00:00+00:00,1238.26,1285.0,1166.92,1209.04,2030190.72
2022-06-14 00:00:00+00:00,1209.03,1253.0,1073.0,1226.67,4855343.769
2022-06-14 06:00:00+00:00,1226.66,1256.9,1153.38,1174.31,2866822.592
2022-06-14 12:00:00+00:00,1174.31,1268.9,1156.72,1212.57,3224877.772
2022-06-14 18:00:00+00:00,1212.57,1230.92,1158.2,1208.32,1389613.62
2022-06-15 00:00:00+00:00,1208.32,1232.03,1088.0,1122.74,2348513.421
2022-06-15 06:00:00+00:00,1122.75,1142.0,1012.42,1119.5,4740471.964
2022-06-15 12:00:00+00:00,1119.49,1160.0,1057.0,1113.8,3920715.823
2022-06-15 18:00:00+00:00,1113.58,1249.4,1042.59,1236.49,4629909.428
2022-06-16 00:00:00+00:00,1236.48,1257.29,1181.0,1182.49,1561284.457
2022-06-16 06:00:00+00:00,1182.49,1188.42,1092.41,1110.18,2454090.995
2022-06-16 12:00:00+00:00,1110.19,1149.8,1081.07,1106.76,2999967.502
2022-06-16 18:00:00+00:00,1106.76,1119.36,1050.51,1067.77,1749492.463
2022-06-17 00:00:00+00:00,1067.77,1116.7,1050.0,1099.8,1933977.249
2022-06-17 06:00:00+00:00,1099.83,1118.0,1085.39,1091.74,1734644.287
2022-06-17 12:00:00+00:00,1091.74,1101.6,1062.52,1079.6,2099012.926
2022-06-17 18:00:00+00:00,1079.61,1099.65,1072.82,1085.99,815042.119
2022-06-18 00:00:00+00:00,1085.99,1097.0,1071.0,1077.54,802677.885
2022-06-18 06:00:00+00:00,1077.55,1079.11,971.75,1004.47,3884309.885
2022-06-18 12:00:00+00:00,1004.47,1008.1,955.0,962.02,1738025.117
2022-06-18 18:00:00+00:00,962.02,1015.0,878.04,994.09,4962500.308
2022-06-19 00:00:00+00:00,994.09,1009.08,935.5,945.63,2646640.303
2022-06-19 06:00:00+00:00,945.63,1080.67,937.29,1054.63,3083436.627
2022-06-19 12:00:00+00:00,1054.63,1079.2,1017.5,1047.05,2266237.719
2022-06-19 18:00:00+00:00,1047.05,1162.98,1045.05,1127.88,2410169.569
2022-06-20 00:00:00+00:00,1127.88,1132.2,1052.05,1080.68,2004974.399
2022-06-20 06:00:00+00:00,1080.68,1174.0,1065.5,1152.59,2653658.788
2022-06-20 12:00:00+00:00,1152.6,1154.56,1092.37,1096.67,2435120.665
2022-06-20 18:00:00+00:00,1096.67,1138.56,1082.33,1127.83,1553249.253
2022-06-21 00:00:00+00:00,1127.82,1160.0,1108.63,1150.09,1611584.944
2022-06-21 06:00:00+00:00,1150.1,1180.0,1136.29,1140.87,1843151.312
2022-06-21 12:00:00+00:00,1140.88,1194.0,1134.65,1151.31,2029120.653
2022-06-21 18:00:00+00:00,1151.32,1154.0,1112.89,1125.47,1235335.043
2022-06-22 00:00:00+00:00,1125.47,1126.81,1085.2,1092.56,1246163.972
2022-06-22 06:00:00+00:00,1092.55,1105.32,1065.5,1096.72,1419876.187
2022-06-22 12:00:00+00:00,1096.72,1125.75,1053.0,1081.58,2498569.975
2022-06-22 18:00:00+00:00,1081.59,1088.56,1042.0,1049.4,1275091.545
2022-06-23 00:00:00+00:00,1049.41,1097.59,1044.16,1084.82,1349917.459
2022-06-23 06:00:00+00:00,1084.82,1117.25,1082.04,1106.05,1424760.23
2022-06-23 12:00:00+00:00,1106.05,1134.51,1081.79,1092.79,1693870.474
2022-06-23 18:00:00+00:00,1092.8,1156.01,1088.16,1143.71,1476781.545
2022-06-24 00:00:00+00:00,1143.71,1169.0,1136.55,1141.32,1096006.583
2022-06-24 06:00:00+00:00,1141.31,1206.1,1131.36,1195.26,1674105.092
2022-06-24 12:00:00+00:00,1195.26,1227.33,1183.64,1203.45,1948249.429
2022-06-24 18:00:00+00:00,1203.51,1244.94,1200.51,1224.42,1334381.2
2022-06-25 00:00:00+00:00,1224.42,1230.93,1203.34,1217.98,1007327.081
2022-06-25 06:00:00+00:00,1217.97,1243.0,1210.09,1216.5,1033634.194
2022-06-25 12:00:00+00:00,1216.49,1218.8,1179.03,1195.8,1463829.626
2022-06-25 18:00:00+00:00,1195.8,1258.0,1190.85,1241.6,1032859.144
2022-06-26 00:00:00+00:00,1241.6,1245.78,1227.07,1239.97,647108.961
2022-06-26 06:00:00+00:00,1239.97,1278.0,1232.28,1269.11,1126348.916
2022-06-26 12:00:00+00:00,1269.11,1280.0,1211.11,1222.07,1746979.505
2022-06-26 18:00:00+00:00,1222.08,1249.17,1193.54,1197.21,1043967.18
2022-06-27 00:00:00+00:00,1197.2,1228.35,1194.83,1214.18,900639.385
2022-06-27 06:00:00+00:00,1214.17,1238.89,1212.24,1219.59,850642.435
2022-06-27 12:00:00+00:00,1219.59,1223.5,1173.0,1185.99,1758623.611
2022-06-27 18:00:00+00:00,1185.98,1218.7,1172.14,1191.9,1120604.87
2022-06-28 00:00:00+00:00,1191.89,1199.06,1160.0,1184.43,1151714.046
2022-06-28 06:00:00+00:00,1184.43,1234.0,1184.17,1222.8,1387924.844
2022-06-28 12:00:00+00:00,1222.8,1239.66,1171.85,1178.26,1978877.396
2022-06-28 18:00:00+00:00,1178.23,1178.58,1135.65,1143.5,1312334.433
2022-06-29 00:00:00+00:00,1143.51,1156.76,1123.98,1132.66,1184424.718
2022-06-29 06:00:00+00:00,1132.67,1142.18,1102.0,1117.45,1652055.071
2022-06-29 12:00:00+00:00,1117.45,1124.12,1085.6,1104.42,2248156.276
2022-06-29 18:00:00+00:00,1104.44,1122.71,1092.01,1099.32,1170674.46
2022-06-30 00:00:00+00:00,1099.33,1106.6,1076.0,1088.74,1224110.863
2022-06-30 06:00:00+00:00,1088.74,1092.0,1011.12,1017.73,2741564.474
2022-06-30 12:00:00+00:00,1017.73,1046.75,995.0,1033.26,2558376.419
2022-06-30 18:00:00+00:00,1033.27,1085.48,1004.0,1070.85,1909320.725
2022-07-01 00:00:00+00:00,1070.9,1118.21,1045.0,1056.38,2700181.824
2022-07-01 06:00:00+00:00,1056.38,1086.64,1032.65,1049.54,1797308.87
2022-07-01 12:00:00+00:00,1049.54,1083.97,1042.12,1073.56,1885010.613
2022-07-01 18:00:00+00:00,1073.56,1092.8,1054.0,1059.24,1083179.964
2022-07-02 00:00:00+00:00,1059.16,1069.07,1033.0,1045.67,1161465.849
2022-07-02 06:00:00+00:00,1045.67,1053.08,1026.16,1043.3,876153.968
2022-07-02 12:00:00+00:00,1043.3,1070.0,1039.18,1062.59,1255135.42
2022-07-02 18:00:00+00:00,1062.59,1078.98,1059.3,1066.53,681533.295
2022-07-03 00:00:00+00:00,1066.53,1088.0,1040.01,1058.09,1192772.936
2022-07-03 06:00:00+00:00,1058.09,1065.43,1048.8,1060.57,675418.264
2022-07-03 12:00:00+00:00,1060.58,1062.77,1040.19,1059.8,889578.918
2022-07-03 18:00:00+00:00,1059.8,1087.0,1056.74,1073.9,991938.645
2022-07-04 00:00:00+00:00,1073.91,1076.2,1046.62,1053.89,948994.689
2022-07-04 06:00:00+00:00,1053.88,1107.0,1044.33,1100.62,1445801.031
2022-07-04 12:00:00+00:00,1100.61,1135.97,1083.5,1125.32,2318094.031
2022-07-04 18:00:00+00:00,1125.32,1160.68,1116.58,1150.23,1217857.874
2022-07-05 00:00:00+00:00,1150.23,1169.99,1141.3,1157.66,1081455.658
2022-07-05 06:00:00+00:00,1157.65,1176.0,1107.56,1111.78,1653289.459
2022-07-05 12:00:00+00:00,1111.78,1112.74,1075.0,1101.88,2424833.085
2022-07-05 18:00:00+00:00,1101.87,1169.6,1098.57,1131.8,1979830.482
2022-07-06 00:00:00+00:00,1131.81,1153.66,1111.03,1131.28,1799889.235
2022-07-06 06:00:00+00:00,1131.28,1155.4,1120.16,1133.44,1269796.929
2022-07-06 12:00:00+00:00,1133.44,1150.0,1122.22,1141.24,1501401.715
2022-07-06 18:00:00+00:00,1141.24,1205.45,1133.35,1186.37,1963579.86
2022-07-07 00:00:00+00:00,1186.36,1189.74,1163.0,1164.68,892292.098
2022-07-07 06:00:00+00:00,1164.68,1194.08,1162.93,1185.43,873893.482
2022-07-07 12:00:00+00:00,1185.37,1241.29,1178.32,1221.56,2211748.016
2022-07-07 18:00:00+00:00,1221.55,1254.82,1220.44,1236.92,1342649.575
2022-07-08 00:00:00+00:00,1236.91,1277.0,1230.28,1243.99,1370891.494
2022-07-08 06:00:00+00:00,1244.0,1248.19,1204.08,1220.78,1650804.173
2022-07-08 12:00:00+00:00,1220.77,1240.88,1192.0,1224.88,2445184.056
2022-07-08 18:00:00+00:00,1224.88,1254.42,1210.88,1213.53,1031735.644
2022-07-09 00:00:00+00:00,1213.53,1222.58,1203.75,1214.0,831660.834
2022-07-09 06:00:00+00:00,1214.0,1227.9,1205.0,1209.73,697310.411
2022-07-09 12:00:00+00:00,1209.74,1236.87,1205.78,1227.52,741845.074
2022-07-09 18:00:00+00:00,1227.51,1232.88,1208.56,1216.48,526373.713
2022-07-10 00:00:00+00:00,1216.49,1219.5,1181.58,1192.97,879899.87
2022-07-10 06:00:00+00:00,1192.96,1193.91,1172.83,1183.04,707485.881
2022-07-10 12:00:00+00:00,1183.03,1187.0,1152.0,1171.31,1261673.798
2022-07-10 18:00:00+00:00,1171.31,1184.0,1160.0,1167.81,719185.243
2022-07-11 00:00:00+00:00,1167.81,1170.97,1142.75,1146.39,967126.394
2022-07-11 06:00:00+00:00,1146.38,1149.95,1136.69,1142.87,804587.772
2022-07-11 12:00:00+00:00,1142.87,1162.4,1127.05,1153.76,1422182.886
2022-07-11 18:00:00+00:00,1153.75,1156.55,1091.1,1095.95,1338641.307
2022-07-12 00:00:00+00:00,1095.88,1097.51,1081.0,1086.27,977508.217
2022-07-12 06:00:00+00:00,1086.26,1086.92,1052.63,1065.11,1462464.323
2022-07-12 12:00:00+00:00,1065.1,1088.5,1061.25,1075.84,1656279.92
2022-07-12 18:00:00+00:00,1075.84,1076.37,1032.09,1037.88,1548409.461
2022-07-13 00:00:00+00:00,1037.88,1062.87,1034.51,1057.77,889290.182
2022-07-13 06:00:00+00:00,1057.77,1084.61,1054.51,1081.1,1169345.742
2022-07-13 12:00:00+00:00,1081.09,1105.0,1005.0,1093.68,4854520.156
2022-07-13 18:00:00+00:00,1093.67,1120.0,1074.01,1114.19,1577418.04
2022-07-14 00:00:00+00:00,1114.18,1126.91,1102.43,1105.58,1128136.318
2022-07-14 06:00:00+00:00,1105.57,1106.74,1070.57,1080.8,1378347.496
2022-07-14 12:00:00+00:00,1080.8,1199.0,1072.2,1195.24,3445007.66
2022-07-14 18:00:00+00:00,1195.25,1216.9,1180.25,1193.01,1504322.325
2022-07-15 00:00:00+00:00,1193.01,1224.45,1180.74,1206.93,1434010.397
2022-07-15 06:00:00+00:00,1206.92,1229.98,1193.0,1210.7,1616896.581
2022-07-15 12:00:00+00:00,1210.7,1237.2,1202.77,1220.62,2414279.937
2022-07-15 18:00:00+00:00,1220.62,1294.99,1219.88,1230.58,2171629.34
2022-07-16 00:00:00+00:00,1230.59,1234.68,1204.0,1207.19,1064175.551
2022-07-16 06:00:00+00:00,1207.23,1210.0,1191.41,1197.19,1115306.785
2022-07-16 12:00:00+00:00,1197.19,1440.57,1195.42,1327.9,4425849.3
2022-07-16 18:00:00+00:00,1327.9,1362.0,1314.06,1355.37,1760960.045
2022-07-17 00:00:00+00:00,1355.38,1387.92,1327.6,1350.92,1500815.992
2022-07-17 06:00:00+00:00,1350.91,1376.7,1336.6,1362.73,1406599.014
2022-07-17 12:00:00+00:00,1362.74,1383.99,1316.0,1326.3,2203454.449
2022-07-17 18:00:00+00:00,1326.3,1375.0,1321.15,1338.27,1263348.4
2022-07-18 00:00:00+00:00,1338.28,1450.0,1335.49,1432.3,2231969.389
2022-07-18 06:00:00+00:00,1432.3,1511.27,1426.0,1478.13,2769832.205
2022-07-18 12:00:00+00:00,1478.13,1530.0,1454.83,1468.54,2540256.58
2022-07-18 18:00:00+00:00,1468.54,1597.19,1450.0,1580.12,2356033.746
2022-07-19 00:00:00+00:00,1580.12,1640.0,1492.57,1529.38,2948546.885
2022-07-19 06:00:00+00:00,1529.38,1561.0,1497.93,1541.24,1987210.0
2022-07-19 12:00:00+00:00,1541.24,1586.5,1505.0,1573.93,3210815.629
2022-07-19 18:00:00+00:00,1573.86,1590.91,1525.0,1541.39,1347674.464
2022-07-20 00:00:00+00:00,1541.4,1576.0,1508.88,1567.47,1257141.436
2022-07-20 06:00:00+00:00,1567.46,1614.25,1525.59,1602.63,2286453.003
2022-07-20 12:00:00+00:00,1602.64,1620.0,1537.0,1544.96,2545052.242
2022-07-20 18:00:00+00:00,1544.96,1576.0,1477.0,1521.34,2095406.158
2022-07-21 00:00:00+00:00,1521.26,1555.0,1462.3,1491.55,1802240.624
2022-07-21 06:00:00+00:00,1491.54,1520.0,1469.67,1488.45,1557146.087
2022-07-21 12:00:00+00:00,1488.45,1570.0,1480.41,1536.5,2490765.391
2022-07-21 18:00:00+00:00,1536.5,1607.0,1533.7,1575.39,1475112.114
2022-07-22 00:00:00+00:00,1575.38,1595.86,1552.0,1590.24,1008222.822
2022-07-22 06:00:00+00:00,1590.24,1646.3,1585.55,1638.18,2110195.136
2022-07-22 12:00:00+00:00,1638.19,1643.97,1557.47,1569.03,2398914.576
2022-07-22 18:00:00+00:00,1569.03,1578.4,1515.75,1534.53,1210905.683
2022-07-23 00:00:00+00:00,1534.53,1596.72,1522.75,1580.62,1038635.552
2022-07-23 06:00:00+00:00,1580.46,1592.11,1518.4,1522.0,1389539.062
2022-07-23 12:00:00+00:00,1522.0,1536.75,1491.81,1501.2,1585534.998
2022-07-23 18:00:00+00:00,1501.21,1554.88,1485.53,1548.01,1136305.326
2022-07-24 00:00:00+00:00,1548.01,1608.9,1543.45,1601.65,1445249.362
2022-07-24 06:00:00+00:00,1601.65,1631.72,1580.36,1615.57,1539248.667
2022-07-24 12:00:00+00:00,1615.58,1621.45,1572.0,1603.74,1744843.268
2022-07-24 18:00:00+00:00,1603.74,1664.9,1587.2,1597.77,1637104.66
2022-07-25 00:00:00+00:00,1597.77,1609.26,1497.5,1526.83,2270404.381
2022-07-25 06:00:00+00:00,1526.81,1553.85,1510.52,1536.79,1214246.494
2022-07-25 12:00:00+00:00,1536.79,1539.15,1501.04,1513.09,1880141.801
2022-07-25 18:00:00+00:00,1513.08,1539.44,1433.2,1440.4,2765945.7
2022-07-26 00:00:00+00:00,1440.4,1448.9,1400.0,1426.19,1794352.904
2022-07-26 06:00:00+00:00,1426.19,1426.6,1382.0,1405.51,1256953.936
2022-07-26 12:00:00+00:00,1405.52,1419.8,1363.07,1377.8,2458706.67
2022-07-26 18:00:00+00:00,1377.8,1455.0,1355.0,1448.27,2163919.296
2022-07-27 00:00:00+00:00,1448.28,1459.08,1420.22,1451.68,1407132.227
2022-07-27 06:00:00+00:00,1451.68,1474.1,1443.95,1452.08,1354840.408
2022-07-27 12:00:00+00:00,1452.09,1518.88,1443.94,1499.17,2413777.966
2022-07-27 18:00:00+00:00,1499.17,1644.66,1499.01,1635.45,3933183.837
2022-07-28 00:00:00+00:00,1635.46,1681.46,1605.81,1649.79,1758002.317
2022-07-28 06:00:00+00:00,1649.8,1652.82,1600.01,1641.0,1435234.605
2022-07-28 12:00:00+00:00,1641.01,1759.39,1595.0,1747.59,4489722.262
2022-07-28 18:00:00+00:00,1747.59,1784.5,1711.0,1723.82,1955791.08
2022-07-29 00:00:00+00:00,1723.83,1743.74,1695.34,1727.91,1345963.612
2022-07-29 06:00:00+00:00,1727.92,1754.58,1667.48,1681.0,1771073.213
2022-07-29 12:00:00+00:00,1681.01,1743.96,1656.0,1694.43,3220594.267
2022-07-29 18:00:00+00:00,1694.43,1766.3,1690.47,1721.85,1985190.669
2022-07-30 00:00:00+00:00,1721.85,1735.0,1686.11,1707.23,1220289.19
2022-07-30 06:00:00+00:00,1707.22,1724.46,1676.96,1703.78,1038098.028
2022-07-30 12:00:00+00:00,1703.78,1744.0,1695.41,1725.81,1407895.509
2022-07-30 18:00:00+00:00,1725.81,1732.49,1671.0,1696.68,1227386.617
2022-07-31 00:00:00+00:00,1696.68,1715.09,1685.8,1690.57,778181.188
2022-07-31 06:00:00+00:00,1690.57,1724.09,1685.16,1717.77,832775.236
2022-07-31 12:00:00+00:00,1717.76,1722.44,1690.38,1706.92,790578.016
2022-07-31 18:00:00+00:00,1706.93,1755.55,1666.0,1677.63,1939479.148
2022-08-01 00:00:00+00:00,1677.63,1704.32,1673.75,1691.12,703263.823
2022-08-01 06:00:00+00:00,1691.13,1697.02,1640.0,1667.21,1343261.812
2022-08-01 12:00:00+00:00,1667.22,1689.52,1623.0,1632.9,2369105.047
2022-08-01 18:00:00+00:00,1632.9,1643.0,1605.5,1629.45,1206061.379
2022-08-02 00:00:00+00:00,1629.45,1656.35,1565.07,1577.78,1720398.936
2022-08-02 06:00:00+00:00,1577.78,1596.85,1557.8,1586.82,1364129.884
2022-08-02 12:00:00+00:00,1586.81,1678.0,1563.15,1649.99,3577512.479
2022-08-02 18:00:00+00:00,1649.99,1664.3,1621.9,1629.97,1386278.521
2022-08-03 00:00:00+00:00,1629.98,1638.3,1588.5,1627.48,1332493.861
2022-08-03 06:00:00+00:00,1627.49,1672.09,1625.13,1664.44,1267288.969
2022-08-03 12:00:00+00:00,1664.44,1685.91,1642.3,1659.67,1868775.484
2022-08-03 18:00:00+00:00,1659.68,1668.35,1606.54,1617.37,1303606.973
2022-08-04 00:00:00+00:00,1617.37,1664.28,1614.8,1648.71,1227850.162
2022-08-04 06:00:00+00:00,1648.71,1651.9,1605.16,1615.02,1499763.078
2022-08-04 12:00:00+00:00,1615.03,1643.55,1580.0,1596.0,2327593.124
2022-08-04 18:00:00+00:00,1595.99,1615.0,1580.33,1607.2,1131403.539
2022-08-05 00:00:00+00:00,1607.2,1668.5,1605.0,1659.31,1432478.71
2022-08-05 06:00:00+00:00,1659.31,1718.0,1652.02,1713.27,1544666.628
2022-08-05 12:00:00+00:00,1713.27,1726.12,1655.9,1663.23,3229796.441
2022-08-05 18:00:00+00:00,1663.21,1743.4,1660.98,1737.13,1438773.009
2022-08-06 00:00:00+00:00,1737.12,1751.0,1715.0,1723.78,1114801.632
2022-08-06 06:00:00+00:00,1723.77,1726.0,1703.25,1711.9,774741.907
2022-08-06 12:00:00+00:00,1711.9,1721.47,1685.03,1707.54,995300.719
2022-08-06 18:00:00+00:00,1707.54,1726.0,1686.0,1689.85,788925.838
2022-08-07 00:00:00+00:00,1689.84,1697.38,1667.0,1680.5,1008286.31
2022-08-07 06:00:00+00:00,1680.5,1694.2,1671.85,1691.49,590649.537
2022-08-07 12:00:00+00:00,1691.5,1717.0,1689.23,1710.86,1071998.23
2022-08-07 18:00:00+00:00,1710.86,1729.39,1689.59,1699.25,755247.921
2022-08-08 00:00:00+00:00,1699.25,1725.92,1693.15,1722.92,877033.882
2022-08-08 06:00:00+00:00,1722.91,1794.36,1722.73,1788.7,2002144.731
2022-08-08 12:00:00+00:00,1788.71,1819.78,1754.0,1769.88,2309239.116
2022-08-08 18:00:00+00:00,1769.89,1799.59,1757.0,1776.09,1145148.857
2022-08-09 00:00:00+00:00,1776.08,1786.6,1759.0,1776.31,741795.436
2022-08-09 06:00:00+00:00,1776.32,1790.0,1690.54,1702.8,2452728.816
2022-08-09 12:00:00+00:00,1702.8,1716.95,1666.05,1692.55,2282790.226
2022-08-09 18:00:00+00:00,1692.55,1714.88,1680.03,1702.04,852982.048
2022-08-10 00:00:00+00:00,1702.04,1702.24,1655.0,1678.8,1487863.003
2022-08-10 06:00:00+00:00,1678.8,1712.88,1671.7,1706.01,1298464.033
2022-08-10 12:00:00+00:00,1706.01,1855.95,1702.55,1833.33,4702070.159
2022-08-10 18:00:00+00:00,1833.33,1886.75,1803.3,1853.24,1727542.568
2022-08-11 00:00:00+00:00,1853.25,1919.4,1849.8,1890.84,2436645.782
2022-08-11 06:00:00+00:00,1890.84,1915.0,1870.0,1902.78,1521253.302
2022-08-11 12:00:00+00:00,1902.78,1943.0,1882.6,1900.45,2689277.724
2022-08-11 18:00:00+00:00,1900.46,1905.0,1866.08,1879.35,1226631.915
2022-08-12 00:00:00+00:00,1879.35,1914.24,1856.04,1892.85,1193096.181
2022-08-12 06:00:00+00:00,1892.84,1903.13,1852.0,1867.58,1305410.845
2022-08-12 12:00:00+00:00,1867.57,1908.06,1866.15,1898.04,1491646.921
2022-08-12 18:00:00+00:00,1898.05,1964.46,1895.35,1957.4,1545190.142
2022-08-13 00:00:00+00:00,1957.4,2012.0,1945.5,1993.22,1777661.133
2022-08-13 06:00:00+00:00,1993.21,2019.0,1971.08,1985.37,1616243.048
2022-08-13 12:00:00+00:00,1985.37,1999.99,1961.5,1998.98,1132365.927
2022-08-13 18:00:00+00:00,1999.21,2004.0,1966.6,1982.8,864191.685
2022-08-14 00:00:00+00:00,1982.79,1999.78,1970.0,1991.61,762423.683
2022-08-14 06:00:00+00:00,1991.6,2030.0,1980.0,1988.95,1458688.188
2022-08-14 12:00:00+00:00,1988.94,1990.34,1920.0,1922.28,1562957.514
2022-08-14 18:00:00+00:00,1922.27,1958.69,1905.0,1934.55,1176232.117
2022-08-15 00:00:00+00:00,1934.56,2012.94,1922.0,1969.68,1960981.029
2022-08-15 06:00:00+00:00,1969.69,1970.41,1872.75,1890.05,2621260.187
2022-08-15 12:00:00+00:00,1890.05,1931.9,1871.0,1902.2,1951841.969
2022-08-15 18:00:00+00:00,1902.2,1917.33,1875.5,1898.56,1278683.977
2022-08-16 00:00:00+00:00,1898.55,1914.59,1855.89,1870.08,1768012.622
2022-08-16 06:00:00+00:00,1870.08,1915.0,1867.9,1905.62,1274165.465
2022-08-16 12:00:00+00:00,1905.63,1913.48,1863.17,1877.33,1969827.677
2022-08-16 18:00:00+00:00,1877.34,1897.37,1850.0,1875.78,1206528.252
2022-08-17 00:00:00+00:00,1875.79,1925.0,1874.02,1923.48,1318856.113
2022-08-17 06:00:00+00:00,1923.47,1957.7,1866.53,1875.9,2595146.443
2022-08-17 12:00:00+00:00,1875.89,1886.06,1818.01,1850.39,2690710.316
2022-08-17 18:00:00+00:00,1850.39,1869.5,1823.44,1833.55,1648871.258
2022-08-18 00:00:00+00:00,1833.55,1865.0,1820.11,1843.48,1091386.332
2022-08-18 06:00:00+00:00,1843.42,1865.98,1833.34,1858.9,1062256.229
2022-08-18 12:00:00+00:00,1858.9,1882.0,1848.41,1859.94,2138177.624
2022-08-18 18:00:00+00:00,1859.94,1879.34,1842.5,1845.86,1038224.962
2022-08-19 00:00:00+00:00,1845.86,1847.65,1805.75,1816.27,1730065.584
2022-08-19 06:00:00+00:00,1816.28,1816.85,1680.71,1706.84,3959300.825
2022-08-19 12:00:00+00:00,1706.83,1725.97,1672.2,1705.42,2491467.701
2022-08-19 18:00:00+00:00,1705.41,1711.31,1601.85,1608.29,2526444.603
2022-08-20 00:00:00+00:00,1608.29,1652.21,1607.01,1634.14,1664658.422
2022-08-20 06:00:00+00:00,1634.14,1657.0,1613.67,1630.18,1191950.701
2022-08-20 12:00:00+00:00,1630.18,1643.6,1604.4,1615.7,1430467.373
2022-08-20 18:00:00+00:00,1615.7,1621.66,1520.64,1574.93,3046717.028
2022-08-21 00:00:00+00:00,1574.92,1603.34,1572.2,1586.24,1071576.709
2022-08-21 06:00:00+00:00,1586.24,1630.0,1560.0,1625.8,1877057.585
2022-08-21 12:00:00+00:00,1625.8,1639.91,1600.0,1619.91,1540537.842
2022-08-21 18:00:00+00:00,1619.91,1648.7,1578.66,1617.17,1812774.791
2022-08-22 00:00:00+00:00,1617.17,1621.43,1584.13,1603.24,1294259.109
2022-08-22 06:00:00+00:00,1603.24,1603.54,1528.0,1567.19,3018274.566
2022-08-22 12:00:00+00:00,1567.19,1600.65,1547.84,1573.32,2696020.57
2022-08-22 18:00:00+00:00,1573.31,1629.0,1548.24,1624.02,1694287.601
2022-08-23 00:00:00+00:00,1624.02,1638.75,1568.3,1570.27,1780447.156
2022-08-23 06:00:00+00:00,1570.28,1624.95,1562.41,1619.31,2510982.221
2022-08-23 12:00:00+00:00,1619.31,1653.2,1605.88,1633.14,2747963.154
2022-08-23 18:00:00+00:00,1633.14,1680.0,1628.95,1664.19,1493822.25
2022-08-24 00:00:00+00:00,1664.19,1665.31,1605.0,1636.82,1992154.586
2022-08-24 06:00:00+00:00,1636.81,1654.2,1620.0,1650.24,1602751.573
2022-08-24 12:00:00+00:00,1650.24,1693.84,1641.95,1667.59,2486258.288
2022-08-24 18:00:00+00:00,1667.59,1689.98,1650.0,1655.71,1164445.879
2022-08-25 00:00:00+00:00,1655.71,1687.02,1652.27,1679.99,1112301.538
2022-08-25 06:00:00+00:00,1679.99,1715.5,1676.82,1709.01,1810953.487
2022-08-25 12:00:00+00:00,1709.01,1722.0,1687.0,1704.69,2133951.653
2022-08-25 18:00:00+00:00,1704.68,1712.0,1681.0,1694.16,845954.02
2022-08-26 00:00:00+00:00,1694.15,1694.29,1655.0,1660.44,1397609.709
2022-08-26 06:00:00+00:00,1660.45,1666.61,1619.54,1628.41,1746212.11
2022-08-26 12:00:00+00:00,1628.41,1706.0,1561.0,1567.46,6370427.787
2022-08-26 18:00:00+00:00,1567.46,1569.48,1485.0,1507.23,2515867.058
2022-08-27 00:00:00+00:00,1507.22,1517.4,1468.0,1487.68,1902752.851
2022-08-27 06:00:00+00:00,1487.67,1511.38,1484.04,1504.33,1402444.091
2022-08-27 12:00:00+00:00,1504.32,1508.0,1443.4,1471.62,2656918.197
2022-08-27 18:00:00+00:00,1471.62,1498.88,1455.84,1490.0,1320871.817
2022-08-28 00:00:00+00:00,1490.0,1510.0,1475.8,1494.27,1132553.054
2022-08-28 06:00:00+00:00,1494.3,1502.94,1473.0,1484.93,1061348.037
2022-08-28 12:00:00+00:00,1484.93,1496.53,1458.25,1481.68,1708085.976
2022-08-28 18:00:00+00:00,1481.69,1493.8,1423.1,1426.3,1789285.44
2022-08-29 00:00:00+00:00,1426.29,1462.0,1420.59,1439.83,2039045.546
2022-08-29 06:00:00+00:00,1439.83,1458.74,1439.76,1448.39,1194242.828
2022-08-29 12:00:00+00:00,1448.39,1544.33,1446.36,1541.77,4198403.065
2022-08-29 18:00:00+00:00,1541.77,1559.79,1525.1,1550.67,1600977.584
2022-08-30 00:00:00+00:00,1550.66,1589.96,1523.0,1581.42,2074131.895
2022-08-30 06:00:00+00:00,1581.42,1605.0,1571.14,1583.96,1994431.189
2022-08-30 12:00:00+00:00,1583.96,1593.96,1471.92,1487.75,4949407.744
2022-08-30 18:00:00+00:00,1487.74,1567.58,1486.74,1523.48,3231599.48
2022-08-31 00:00:00+00:00,1523.49,1621.29,1523.26,1604.45,2763496.4
2022-08-31 06:00:00+00:00,1604.45,1615.0,1558.0,1594.24,3024584.363
2022-08-31 12:00:00+00:00,1594.24,1609.44,1526.43,1544.2,4162275.053
2022-08-31 18:00:00+00:00,1544.21,1588.0,1537.17,1553.04,1986762.193
2022-09-01 00:00:00+00:00,1553.04,1573.82,1533.06,1552.62,1792578.052
2022-09-01 06:00:00+00:00,1552.62,1585.24,1530.24,1576.82,2037361.567
2022-09-01 12:00:00+00:00,1576.82,1580.82,1505.0,1554.55,3822630.999
2022-09-01 18:00:00+00:00,1554.56,1599.0,1552.0,1585.4,1467414.324
2022-09-02 00:00:00+00:00,1585.4,1611.06,1566.66,1590.84,1511322.566
2022-09-02 06:00:00+00:00,1590.85,1602.59,1577.28,1592.5,1134119.556
2022-09-02 12:00:00+00:00,1592.49,1649.64,1579.15,1582.78,4429942.325
2022-09-02 18:00:00+00:00,1582.78,1588.94,1545.0,1574.49,2069054.918
2022-09-03 00:00:00+00:00,1574.49,1582.02,1553.73,1569.86,866822.296
2022-09-03 06:00:00+00:00,1569.87,1570.98,1532.6,1547.87,1318311.86
2022-09-03 12:00:00+00:00,1547.86,1565.49,1542.03,1552.83,970455.202
2022-09-03 18:00:00+00:00,1552.83,1563.75,1534.51,1556.41,782356.747
2022-09-04 00:00:00+00:00,1556.42,1561.0,1546.11,1551.81,451165.682
2022-09-04 06:00:00+00:00,1551.82,1563.99,1539.7,1563.98,856390.715
2022-09-04 12:00:00+00:00,1563.99,1584.0,1543.62,1569.03,1859689.68
2022-09-04 18:00:00+00:00,1569.03,1586.0,1560.88,1578.14,802155.97
2022-09-05 00:00:00+00:00,1578.14,1594.39,1555.72,1561.23,1267878.979
2022-09-05 06:00:00+00:00,1561.23,1569.37,1556.54,1565.99,977523.266
2022-09-05 12:00:00+00:00,1565.99,1609.32,1561.56,1593.15,2171589.534
2022-09-05 18:00:00+00:00,1593.14,1631.6,1575.3,1616.92,1393618.478
2022-09-06 00:00:00+00:00,1616.93,1675.4,1614.09,1650.79,2844811.771
2022-09-06 06:00:00+00:00,1650.79,1679.0,1645.25,1667.14,1786294.892
2022-09-06 12:00:00+00:00,1667.15,1686.75,1570.0,1587.0,4261655.008
2022-09-06 18:00:00+00:00,1586.99,1591.89,1551.7,1558.23,2183740.559
2022-09-07 00:00:00+00:00,1558.23,1567.14,1486.16,1515.39,2370518.608
2022-09-07 06:00:00+00:00,1515.39,1526.34,1502.78,1512.98,1171092.408
2022-09-07 12:00:00+00:00,1512.97,1573.0,1498.01,1567.97,2571879.048
2022-09-07 18:00:00+00:00,1567.98,1657.6,1562.02,1629.35,2981017.265
2022-09-08 00:00:00+00:00,1629.36,1646.94,1612.86,1634.23,1215680.005
2022-09-08 06:00:00+00:00,1634.23,1643.91,1594.0,1634.81,1832102.244
2022-09-08 12:00:00+00:00,1634.82,1654.55,1597.0,1629.41,3928939.103
2022-09-08 18:00:00+00:00,1629.41,1666.0,1623.24,1634.22,1134331.162
2022-09-09 00:00:00+00:00,1634.23,1718.0,1629.25,1706.68,2308781.087
2022-09-09 06:00:00+00:00,1706.68,1716.0,1684.0,1699.33,1796886.455
2022-09-09 12:00:00+00:00,1699.34,1746.3,1694.5,1702.75,2483560.748
2022-09-09 18:00:00+00:00,1702.75,1732.62,1695.05,1717.48,1002636.63
2022-09-10 00:00:00+00:00,1717.49,1745.0,1705.0,1730.39,993369.146
2022-09-10 06:00:00+00:00,1730.39,1735.96,1705.0,1722.44,767222.395
2022-09-10 12:00:00+00:00,1722.45,1733.2,1708.0,1721.12,854595.284
2022-09-10 18:00:00+00:00,1721.12,1788.98,1720.63,1773.05,1619071.463
2022-09-11 00:00:00+00:00,1773.04,1778.22,1755.06,1763.42,740257.036
2022-09-11 06:00:00+00:00,1763.41,1780.0,1741.9,1768.69,895312.29
2022-09-11 12:00:00+00:00,1768.69,1787.88,1751.86,1770.22,1042577.487
2022-09-11 18:00:00+00:00,1770.22,1775.65,1718.02,1765.01,1231348.488
2022-09-12 00:00:00+00:00,1765.0,1783.43,1708.01,1727.63,1987593.953
2022-09-12 06:00:00+00:00,1727.64,1765.0,1722.43,1747.39,1537305.305
2022-09-12 12:00:00+00:00,1747.39,1753.81,1691.28,1727.12,2089827.999
2022-09-12 18:00:00+00:00,1727.11,1732.38,1700.11,1715.14,898191.132
2022-09-13 00:00:00+00:00,1715.15,1724.13,1672.79,1717.36,1359961.37
2022-09-13 06:00:00+00:00,1717.35,1746.38,1697.4,1736.14,1318735.677
2022-09-13 12:00:00+00:00,1736.14,1762.88,1573.5,1615.39,4762542.993
2022-09-13 18:00:00+00:00,1615.39,1621.9,1556.78,1571.9,2219621.381
2022-09-14 00:00:00+00:00,1571.91,1619.0,1548.0,1610.01,1523165.77
2022-09-14 06:00:00+00:00,1610.0,1615.7,1578.0,1591.25,1315115.598
2022-09-14 12:00:00+00:00,1591.26,1609.36,1574.32,1582.55,1778129.171
2022-09-14 18:00:00+00:00,1582.56,1642.24,1551.0,1635.39,1875255.418
2022-09-15 00:00:00+00:00,1635.4,1641.22,1570.0,1609.25,2117975.977
2022-09-15 06:00:00+00:00,1609.25,1657.8,1565.5,1590.66,4479065.306
2022-09-15 12:00:00+00:00,1590.66,1599.7,1455.0,1507.05,4514809.135
2022-09-15 18:00:00+00:00,1507.06,1512.42,1457.82,1471.93,1594308.51
2022-09-16 00:00:00+00:00,1471.94,1482.65,1445.0,1471.16,1414033.127
2022-09-16 06:00:00+00:00,1471.17,1482.09,1440.52,1477.63,1405254.995
2022-09-16 12:00:00+00:00,1477.63,1478.05,1403.0,1420.8,3978550.81
2022-09-16 18:00:00+00:00,1420.79,1448.0,1409.34,1433.58,1338616.152
2022-09-17 00:00:00+00:00,1433.58,1455.99,1426.12,1431.5,942101.361
2022-09-17 06:00:00+00:00,1431.5,1434.61,1415.0,1419.13,741130.684
2022-09-17 12:00:00+00:00,1419.12,1474.7,1408.15,1469.68,1850582.738
2022-09-17 18:00:00+00:00,1469.69,1475.15,1445.34,1467.96,833179.816
2022-09-18 00:00:00+00:00,1467.96,1469.0,1445.51,1457.2,729301.91
2022-09-18 06:00:00+00:00,1457.19,1458.77,1416.01,1433.43,1218771.642
2022-09-18 12:00:00+00:00,1433.42,1439.26,1371.0,1377.06,2509530.721
2022-09-18 18:00:00+00:00,1377.06,1386.72,1320.0,1333.67,2681677.956
2022-09-19 00:00:00+00:00,1333.68,1353.81,1280.32,1295.83,2400772.98
2022-09-19 06:00:00+00:00,1295.82,1320.0,1276.62,1307.13,2224110.284
2022-09-19 12:00:00+00:00,1307.13,1372.0,1305.81,1327.69,3693571.104
2022-09-19 18:00:00+00:00,1327.69,1394.0,1322.0,1375.05,1959875.493
2022-09-20 00:00:00+00:00,1375.05,1384.53,1341.34,1356.51,1349400.598
2022-09-20 06:00:00+00:00,1356.52,1378.4,1343.2,1355.51,1479320.351
2022-09-20 12:00:00+00:00,1355.52,1383.5,1328.76,1334.69,3358234.786
2022-09-20 18:00:00+00:00,1334.69,1357.08,1311.0,1322.08,1663958.748
2022-09-21 00:00:00+00:00,1322.09,1345.2,1316.58,1330.69,964242.772
2022-09-21 06:00:00+00:00,1330.68,1353.22,1315.02,1349.84,1448647.24
2022-09-21 12:00:00+00:00,1349.84,1409.0,1333.0,1400.76,2319495.97
2022-09-21 18:00:00+00:00,1400.76,1420.0,1218.0,1244.19,6511968.477
2022-09-22 00:00:00+00:00,1244.2,1270.0,1235.6,1257.69,1459051.318
2022-09-22 06:00:00+00:00,1257.69,1312.5,1256.65,1307.59,2152478.248
2022-09-22 12:00:00+00:00,1307.59,1313.0,1251.0,1289.6,3719740.801
2022-09-22 18:00:00+00:00,1289.59,1349.84,1281.01,1325.73,2516899.527
2022-09-23 00:00:00+00:00,1325.73,1359.22,1313.51,1341.6,1641324.651
2022-09-23 06:00:00+00:00,1341.6,1348.86,1281.31,1287.16,2352084.7
2022-09-23 12:00:00+00:00,1287.16,1318.59,1260.75,1295.1,4250644.811
2022-09-23 18:00:00+00:00,1295.1,1339.44,1272.69,1326.62,2631828.027
2022-09-24 00:00:00+00:00,1326.62,1337.2,1310.54,1331.67,1064067.316
2022-09-24 06:00:00+00:00,1331.67,1334.84,1316.0,1326.21,926631.281
2022-09-24 12:00:00+00:00,1326.21,1348.84,1325.16,1335.82,1432858.115
2022-09-24 18:00:00+00:00,1335.83,1347.96,1305.36,1316.19,1179857.156
2022-09-25 00:00:00+00:00,1316.18,1329.38,1313.46,1321.91,698681.329
2022-09-25 06:00:00+00:00,1321.91,1336.92,1315.68,1328.55,797731.06
2022-09-25 12:00:00+00:00,1328.56,1330.91,1280.1,1296.64,1945294.996
2022-09-25 18:00:00+00:00,1296.64,1303.0,1268.19,1293.99,1397458.65
2022-09-26 00:00:00+00:00,1293.98,1314.18,1285.44,1290.01,1484314.745
2022-09-26 06:00:00+00:00,1290.01,1324.61,1277.55,1296.57,2357396.897
2022-09-26 12:00:00+00:00,1296.56,1337.97,1293.0,1322.2,2832398.218
2022-09-26 18:00:00+00:00,1322.2,1340.0,1314.37,1335.25,1430881.728
2022-09-27 00:00:00+00:00,1335.25,1389.47,1331.23,1386.1,2326719.55
2022-09-27 06:00:00+00:00,1386.09,1400.0,1374.87,1388.06,1370008.051
2022-09-27 12:00:00+00:00,1388.07,1399.68,1306.38,1313.86,4230015.695
2022-09-27 18:00:00+00:00,1313.87,1334.9,1303.02,1327.19,1759463.631
2022-09-28 00:00:00+00:00,1327.2,1339.96,1266.0,1285.83,2296125.791
2022-09-28 06:00:00+00:00,1285.83,1312.5,1250.0,1294.63,3204822.841
2022-09-28 12:00:00+00:00,1294.63,1338.74,1292.66,1321.66,3336925.196
2022-09-28 18:00:00+00:00,1321.62,1355.76,1313.52,1336.43,1770863.461
2022-09-29 00:00:00+00:00,1336.43,1351.93,1326.7,1331.77,1313385.206
2022-09-29 06:00:00+00:00,1331.77,1345.26,1312.65,1335.82,1971330.397
2022-09-29 12:00:00+00:00,1335.83,1348.27,1287.24,1325.94,4395406.146
2022-09-29 18:00:00+00:00,1325.94,1341.93,1318.41,1334.8,1293279.955
2022-09-30 00:00:00+00:00,1334.8,1352.99,1318.75,1329.16,1365280.85
2022-09-30 06:00:00+00:00,1329.16,1348.98,1323.61,1330.09,1350505.79
2022-09-30 12:00:00+00:00,1330.08,1373.34,1307.53,1344.84,4214506.859
2022-09-30 18:00:00+00:00,1344.85,1354.86,1315.43,1327.78,1580329.143
2022-10-01 00:00:00+00:00,1327.78,1333.38,1322.36,1328.57,578209.648
2022-10-01 06:00:00+00:00,1328.58,1332.5,1316.0,1324.52,610406.075
2022-10-01 12:00:00+00:00,1324.53,1329.9,1302.0,1312.69,964286.871
2022-10-01 18:00:00+00:00,1312.7,1317.0,1301.0,1311.31,610796.557
2022-10-02 00:00:00+00:00,1311.32,1316.76,1304.17,1312.45,603433.515
2022-10-02 06:00:00+00:00,1312.44,1317.7,1284.5,1297.2,1220254.846
2022-10-02 12:00:00+00:00,1297.2,1302.0,1285.0,1296.89,881959.475
2022-10-02 18:00:00+00:00,1296.89,1313.6,1266.66,1275.96,1434406.013
2022-10-03 00:00:00+00:00,1275.95,1300.0,1260.48,1295.0,1329351.073
2022-10-03 06:00:00+00:00,1295.0,1301.64,1285.44,1298.35,953209.324
2022-10-03 12:00:00+00:00,1298.34,1329.0,1293.6,1325.21,2526192.673
2022-10-03 18:00:00+00:00,1325.21,1329.0,1308.49,1322.59,989869.18
2022-10-04 00:00:00+00:00,1322.58,1336.98,1318.06,1324.83,807977.876
2022-10-04 06:00:00+00:00,1324.84,1359.8,1323.87,1349.11,1969933.761
2022-10-04 12:00:00+00:00,1349.11,1366.0,1337.42,1346.89,1696936.058
2022-10-04 18:00:00+00:00,1346.89,1370.0,1345.16,1360.73,1061969.423
2022-10-05 00:00:00+00:00,1360.73,1362.79,1348.0,1351.82,630623.373
2022-10-05 06:00:00+00:00,1351.81,1358.0,1330.38,1334.5,1157211.052
2022-10-05 12:00:00+00:00,1334.5,1359.43,1315.27,1347.9,2536119.833
2022-10-05 18:00:00+00:00,1347.9,1364.75,1342.28,1351.61,1132220.366
2022-10-06 00:00:00+00:00,1351.6,1383.29,1350.82,1372.19,1678412.963
2022-10-06 06:00:00+00:00,1372.2,1372.2,1354.0,1367.98,1381840.663
2022-10-06 12:00:00+00:00,1367.98,1380.0,1348.0,1364.28,3049576.986
2022-10-06 18:00:00+00:00,1364.28,1364.69,1344.0,1351.5,991766.963
2022-10-07 00:00:00+00:00,1351.5,1361.21,1349.58,1354.05,640229.065
2022-10-07 06:00:00+00:00,1354.04,1360.65,1345.2,1354.09,837398.542
2022-10-07 12:00:00+00:00,1354.09,1359.0,1317.96,1323.0,2894180.909
2022-10-07 18:00:00+00:00,1323.0,1335.96,1316.22,1330.41,747417.814
2022-10-08 00:00:00+00:00,1330.42,1337.19,1325.08,1329.98,406925.336
2022-10-08 06:00:00+00:00,1329.98,1333.0,1322.74,1329.12,417878.433
2022-10-08 12:00:00+00:00,1329.13,1329.95,1317.18,1326.89,578018.918
2022-10-08 18:00:00+00:00,1326.88,1327.88,1302.0,1314.74,780165.384
2022-10-09 00:00:00+00:00,1314.75,1316.0,1306.41,1313.84,462982.557
2022-10-09 06:00:00+00:00,1313.84,1327.61,1312.54,1322.34,646130.795
2022-10-09 12:00:00+00:00,1322.33,1328.72,1320.17,1323.79,533506.509
2022-10-09 18:00:00+00:00,1323.79,1325.98,1308.6,1322.61,660588.718
2022-10-10 00:00:00+00:00,1322.6,1337.93,1315.11,1317.27,855998.462
2022-10-10 06:00:00+00:00,1317.26,1319.85,1295.1,1314.08,1432245.252
2022-10-10 12:00:00+00:00,1314.09,1319.19,1298.0,1311.93,1714145.466
2022-10-10 18:00:00+00:00,1311.93,1312.41,1284.38,1289.56,965814.781
2022-10-11 00:00:00+00:00,1289.57,1289.58,1265.0,1274.58,1317882.826
2022-10-11 06:00:00+00:00,1274.58,1288.45,1271.2,1286.33,981106.419
2022-10-11 12:00:00+00:00,1286.34,1297.7,1267.74,1290.47,2254245.608
2022-10-11 18:00:00+00:00,1290.47,1290.98,1272.25,1279.68,961348.196
2022-10-12 00:00:00+00:00,1279.67,1294.8,1274.35,1291.22,835275.78
2022-10-12 06:00:00+00:00,1291.21,1306.6,1289.31,1296.97,1190647.927
2022-10-12 12:00:00+00:00,1296.97,1305.5,1283.06,1291.51,1663763.149
2022-10-12 18:00:00+00:00,1291.5,1302.47,1286.7,1294.02,715482.415
2022-10-13 00:00:00+00:00,1294.02,1298.72,1277.72,1287.05,851364.159
2022-10-13 06:00:00+00:00,1287.05,1288.54,1218.0,1242.27,2794322.02
2022-10-13 12:00:00+00:00,1242.26,1284.0,1176.0,1274.36,5364755.625
2022-10-13 18:00:00+00:00,1274.35,1301.0,1270.0,1286.38,1513122.833
2022-10-14 00:00:00+00:00,1286.38,1343.36,1282.74,1325.9,1983925.391
2022-10-14 06:00:00+00:00,1325.84,1336.93,1315.63,1325.56,1299933.459
2022-10-14 12:00:00+00:00,1325.57,1343.0,1296.73,1308.32,2874333.042
2022-10-14 18:00:00+00:00,1308.31,1308.32,1287.01,1295.35,1013507.794
2022-10-15 00:00:00+00:00,1295.34,1301.32,1291.71,1294.72,506491.758
2022-10-15 06:00:00+00:00,1294.72,1295.65,1276.02,1286.91,1010333.941
2022-10-15 12:00:00+00:00,1286.92,1291.4,1278.06,1282.21,723304.032
2022-10-15 18:00:00+00:00,1282.2,1285.02,1262.12,1274.13,809692.379
2022-10-16 00:00:00+00:00,1274.12,1288.78,1273.98,1284.05,583502.756
2022-10-16 06:00:00+00:00,1284.05,1289.9,1278.2,1283.55,597623.874
2022-10-16 12:00:00+00:00,1283.55,1287.48,1278.24,1283.65,565089.998
2022-10-16 18:00:00+00:00,1283.65,1315.0,1280.85,1305.51,1536636.228
2022-10-17 00:00:00+00:00,1305.52,1308.96,1295.0,1307.81,792516.737
2022-10-17 06:00:00+00:00,1307.82,1325.45,1305.4,1317.03,1352377.51
2022-10-17 12:00:00+00:00,1317.03,1337.48,1312.89,1320.39,2036850.418
2022-10-17 18:00:00+00:00,1320.39,1338.16,1314.02,1330.62,972962.225
2022-10-18 00:00:00+00:00,1330.62,1342.0,1326.71,1331.47,1010038.094
2022-10-18 06:00:00+00:00,1331.47,1340.0,1317.47,1325.04,1302709.765
2022-10-18 12:00:00+00:00,1325.03,1333.98,1297.7,1308.21,2425714.411
2022-10-18 18:00:00+00:00,1308.22,1320.0,1285.11,1309.93,1767808.121
2022-10-19 00:00:00+00:00,1309.93,1312.78,1297.0,1301.02,758736.126
2022-10-19 06:00:00+00:00,1301.02,1307.43,1292.0,1299.92,1110669.724
2022-10-19 12:00:00+00:00,1299.93,1308.39,1288.78,1295.17,1592980.235
2022-10-19 18:00:00+00:00,1295.16,1298.5,1275.56,1284.45,926852.751
2022-10-20 00:00:00+00:00,1284.45,1295.47,1270.0,1291.79,1162109.05
2022-10-20 06:00:00+00:00,1291.78,1302.25,1287.85,1299.01,927461.808
2022-10-20 12:00:00+00:00,1299.02,1310.0,1282.22,1284.2,2072705.967
2022-10-20 18:00:00+00:00,1284.19,1290.0,1270.88,1282.2,1132686.161
2022-10-21 00:00:00+00:00,1282.19,1291.94,1278.11,1287.36,714421.862
2022-10-21 06:00:00+00:00,1287.36,1290.57,1272.0,1274.92,1053915.679
2022-10-21 12:00:00+00:00,1274.93,1303.32,1248.0,1297.92,3565193.227
2022-10-21 18:00:00+00:00,1297.92,1307.0,1294.5,1299.08,696667.284
2022-10-22 00:00:00+00:00,1299.08,1304.2,1293.67,1295.88,418451.959
2022-10-22 06:00:00+00:00,1295.89,1307.74,1295.52,1305.12,513947.073
2022-10-22 12:00:00+00:00,1305.13,1320.0,1302.23,1310.69,1114337.517
2022-10-22 18:00:00+00:00,1310.7,1317.5,1305.8,1313.19,439902.213
2022-10-23 00:00:00+00:00,1313.18,1314.38,1306.11,1308.01,389108.021
2022-10-23 06:00:00+00:00,1308.02,1311.5,1298.45,1303.59,512448.995
2022-10-23 12:00:00+00:00,1303.59,1330.0,1298.22,1328.08,1026532.544
2022-10-23 18:00:00+00:00,1328.08,1371.0,1324.31,1363.44,1754632.739
2022-10-24 00:00:00+00:00,1363.43,1370.4,1338.01,1342.42,1256459.652
2022-10-24 06:00:00+00:00,1342.42,1353.98,1331.63,1352.49,1386468.82
2022-10-24 12:00:00+00:00,1352.5,1353.28,1322.25,1333.93,1994538.711
2022-10-24 18:00:00+00:00,1333.94,1359.6,1333.62,1342.72,864807.823
2022-10-25 00:00:00+00:00,1342.73,1351.41,1334.16,1349.36,753731.793
2022-10-25 06:00:00+00:00,1349.36,1351.35,1338.33,1346.67,732984.084
2022-10-25 12:00:00+00:00,1346.68,1533.68,1345.61,1481.56,6619786.777
2022-10-25 18:00:00+00:00,1481.56,1528.12,1444.56,1459.2,3367082.523
2022-10-26 00:00:00+00:00,1459.19,1499.0,1456.69,1483.7,1396514.963
2022-10-26 06:00:00+00:00,1483.7,1558.0,1481.52,1528.13,3082099.588
2022-10-26 12:00:00+00:00,1528.13,1595.0,1508.19,1561.28,4491133.52
2022-10-26 18:00:00+00:00,1561.28,1584.98,1542.0,1565.45,1847578.819
2022-10-27 00:00:00+00:00,1565.45,1577.5,1522.76,1562.16,1361343.85
2022-10-27 06:00:00+00:00,1562.16,1567.0,1532.02,1550.42,1366934.379
2022-10-27 12:00:00+00:00,1550.42,1588.0,1533.0,1550.98,3062670.844
2022-10-27 18:00:00+00:00,1550.98,1565.32,1500.46,1513.7,2230600.269
2022-10-28 00:00:00+00:00,1513.7,1524.8,1496.0,1515.43,1438639.906
2022-10-28 06:00:00+00:00,1515.44,1520.0,1484.0,1497.36,1646196.307
2022-10-28 12:00:00+00:00,1497.36,1573.0,1475.0,1552.04,3468567.643
2022-10-28 18:00:00+00:00,1552.04,1574.8,1546.16,1553.79,877221.487
2022-10-29 00:00:00+00:00,1553.8,1609.55,1546.71,1579.99,1574579.743
2022-10-29 06:00:00+00:00,1579.99,1654.86,1579.32,1614.44,2485106.239
2022-10-29 12:00:00+00:00,1614.43,1665.0,1607.66,1625.97,2384530.735
2022-10-29 18:00:00+00:00,1625.97,1636.0,1602.0,1618.82,1009825.757
2022-10-30 00:00:00+00:00,1618.82,1627.0,1605.5,1624.61,556199.719
2022-10-30 06:00:00+00:00,1624.6,1639.87,1590.61,1604.37,1384372.901
2022-10-30 12:00:00+00:00,1604.38,1607.08,1574.6,1586.68,1383950.292
2022-10-30 18:00:00+00:00,1586.68,1598.19,1576.08,1589.89,630927.953
2022-10-31 00:00:00+00:00,1589.88,1596.36,1561.0,1588.57,1176561.765
2022-10-31 06:00:00+00:00,1588.56,1634.93,1577.23,1620.85,1725872.966
2022-10-31 12:00:00+00:00,1620.85,1625.31,1543.72,1561.86,3345168.122
2022-10-31 18:00:00+00:00,1561.86,1577.52,1549.05,1572.01,866150.977
2022-11-01 00:00:00+00:00,1572.0,1604.5,1568.0,1588.35,1071479.08
2022-11-01 06:00:00+00:00,1588.36,1613.0,1581.05,1589.54,1329037.986
2022-11-01 12:00:00+00:00,1589.54,1597.82,1562.7,1577.9,1569551.657
2022-11-01 18:00:00+00:00,1577.91,1586.23,1568.0,1577.88,525164.162
2022-11-02 00:00:00+00:00,1577.88,1600.0,1571.41,1585.5,875232.999
2022-11-02 06:00:00+00:00,1585.51,1588.54,1531.69,1554.99,1720787.686
2022-11-02 12:00:00+00:00,1554.99,1576.4,1544.44,1560.0,1313584.876
2022-11-02 18:00:00+00:00,1559.99,1622.5,1501.0,1517.26,5047348.004
2022-11-03 00:00:00+00:00,1517.26,1558.14,1514.07,1550.96,1153166.926
2022-11-03 06:00:00+00:00,1550.95,1556.23,1522.02,1531.25,1178307.709
2022-11-03 12:00:00+00:00,1531.25,1556.07,1521.03,1540.0,1782850.781
2022-11-03 18:00:00+00:00,1540.01,1547.5,1521.78,1530.27,706667.39
2022-11-04 00:00:00+00:00,1530.27,1566.28,1527.78,1561.09,861824.76
2022-11-04 06:00:00+00:00,1561.1,1600.0,1560.0,1576.37,1583157.209
2022-11-04 12:00:00+00:00,1576.38,1679.4,1553.0,1621.98,5180924.061
2022-11-04 18:00:00+00:00,1621.98,1653.61,1616.44,1644.09,1147406.773
2022-11-05 00:00:00+00:00,1644.08,1666.8,1634.5,1646.17,855816.331
2022-11-05 06:00:00+00:00,1646.18,1659.0,1635.52,1648.9,778210.92
2022-11-05 12:00:00+00:00,1648.89,1649.93,1622.78,1636.07,934377.151
2022-11-05 18:00:00+00:00,1636.07,1637.2,1620.1,1626.11,439147.793
2022-11-06 00:00:00+00:00,1626.11,1633.18,1611.33,1614.98,658443.32
2022-11-06 06:00:00+00:00,1614.99,1638.5,1606.9,1619.69,781430.205
2022-11-06 12:00:00+00:00,1619.7,1634.38,1607.79,1615.03,935784.421
2022-11-06 18:00:00+00:00,1615.03,1615.04,1561.32,1567.42,1435307.52
2022-11-07 00:00:00+00:00,1567.42,1594.7,1563.0,1587.29,1302810.519
2022-11-07 06:00:00+00:00,1587.29,1589.42,1545.0,1579.43,1840243.187
2022-11-07 12:00:00+00:00,1579.44,1597.3,1566.34,1584.96,1612108.622
2022-11-07 18:00:00+00:00,1584.96,1608.0,1544.94,1567.52,1556264.931
2022-11-08 00:00:00+00:00,1567.52,1576.34,1430.0,1469.48,4067597.043
2022-11-08 06:00:00+00:00,1469.49,1497.38,1465.06,1476.24,1853954.138
2022-11-08 12:00:00+00:00,1476.23,1580.54,1422.53,1446.25,6642466.597
2022-11-08 18:00:00+00:00,1446.3,1468.71,1195.22,1333.4,7928963.095
2022-11-09 00:00:00+00:00,1333.4,1336.47,1282.03,1302.07,2560956.297
2022-11-09 06:00:00+00:00,1302.08,1307.98,1132.73,1218.77,6775330.798
2022-11-09 12:00:00+00:00,1218.9,1247.46,1144.0,1167.3,7430193.548
2022-11-09 18:00:00+00:00,1167.23,1205.76,1071.14,1101.49,6513409.395
2022-11-10 00:00:00+00:00,1101.53,1199.64,1083.77,1186.52,3378764.89
2022-11-10 06:00:00+00:00,1186.51,1220.0,1170.62,1186.58,3120472.782
2022-11-10 12:00:00+00:00,1186.58,1350.0,1185.19,1257.63,6412849.963
2022-11-10 18:00:00+00:00,1257.75,1344.0,1250.0,1298.21,2416605.35
2022-11-11 00:00:00+00:00,1298.3,1309.01,1219.01,1265.0,2683927.276
2022-11-11 06:00:00+00:00,1265.0,1295.0,1248.03,1274.99,2204362.75
2022-11-11 12:00:00+00:00,1275.0,1309.88,1199.57,1273.77,5065389.5
2022-11-11 18:00:00+00:00,1273.79,1295.0,1235.75,1288.64,1777061.496
2022-11-12 00:00:00+00:00,1288.67,1291.69,1238.0,1247.03,1393596.917
2022-11-12 06:00:00+00:00,1247.02,1277.0,1243.0,1259.97,1418363.004
2022-11-12 12:00:00+00:00,1259.97,1287.0,1252.02,1272.44,1158342.739
2022-11-12 18:00:00+00:00,1272.44,1273.47,1246.41,1256.82,612164.71
2022-11-13 00:00:00+00:00,1256.85,1273.91,1252.89,1263.76,556898.347
2022-11-13 06:00:00+00:00,1263.76,1265.26,1212.49,1239.68,1952816.552
2022-11-13 12:00:00+00:00,1239.68,1248.24,1219.0,1227.35,1070799.738
2022-11-13 18:00:00+00:00,1227.39,1237.8,1200.0,1220.78,1158960.666
2022-11-14 00:00:00+00:00,1220.78,1230.86,1170.5,1181.01,2064253.693
2022-11-14 06:00:00+00:00,1181.0,1275.9,1177.05,1251.53,2818046.506
2022-11-14 12:00:00+00:00,1251.53,1290.0,1225.34,1240.5,3065275.272
2022-11-14 18:00:00+00:00,1240.49,1250.0,1208.0,1242.89,1531680.955
2022-11-15 00:00:00+00:00,1242.9,1266.23,1235.37,1247.68,1104152.06
2022-11-15 06:00:00+00:00,1247.67,1278.88,1247.0,1259.74,1571276.716
2022-11-15 12:00:00+00:00,1259.74,1292.0,1256.86,1266.2,1967334.471
2022-11-15 18:00:00+00:00,1266.2,1267.05,1232.52,1252.81,1514590.331
2022-11-16 00:00:00+00:00,1252.8,1268.2,1247.02,1257.07,765364.896
2022-11-16 06:00:00+00:00,1257.08,1260.58,1213.0,1221.76,1786799.82
2022-11-16 12:00:00+00:00,1221.76,1234.0,1185.59,1214.36,2876013.542
2022-11-16 18:00:00+00:00,1214.36,1221.34,1197.0,1215.78,982751.007
2022-11-17 00:00:00+00:00,1215.72,1228.92,1192.0,1210.68,1161185.104
2022-11-17 06:00:00+00:00,1210.68,1215.09,1181.0,1203.34,1462105.254
2022-11-17 12:00:00+00:00,1203.35,1218.0,1183.0,1210.37,2439983.99
2022-11-17 18:00:00+00:00,1210.37,1214.45,1194.91,1199.7,756451.877
2022-11-18 00:00:00+00:00,1199.7,1235.0,1198.48,1217.28,1156188.723
2022-11-18 06:00:00+00:00,1217.28,1224.95,1202.34,1216.51,935330.672
2022-11-18 12:00:00+00:00,1216.5,1229.22,1199.58,1203.41,1205940.664
2022-11-18 18:00:00+00:00,1203.42,1214.61,1201.5,1212.04,547058.656
2022-11-19 00:00:00+00:00,1212.05,1212.87,1196.0,1204.49,571756.023
2022-11-19 06:00:00+00:00,1204.49,1212.0,1201.42,1210.99,481121.019
2022-11-19 12:00:00+00:00,1211.0,1211.7,1205.05,1207.41,406798.818
2022-11-19 18:00:00+00:00,1207.41,1233.66,1206.7,1216.91,690570.868
2022-11-20 00:00:00+00:00,1216.9,1226.5,1214.44,1218.25,457515.483
2022-11-20 06:00:00+00:00,1218.25,1222.81,1156.5,1166.78,1706366.341
2022-11-20 12:00:00+00:00,1166.78,1180.0,1151.5,1172.14,1404320.557
2022-11-20 18:00:00+00:00,1172.14,1191.0,1131.6,1141.57,1632493.492
2022-11-21 00:00:00+00:00,1141.53,1143.64,1110.08,1135.35,2209373.841
2022-11-21 06:00:00+00:00,1135.35,1137.99,1104.8,1124.33,1869667.647
2022-11-21 12:00:00+00:00,1124.32,1147.03,1100.4,1104.95,2706922.779
2022-11-21 18:00:00+00:00,1104.95,1123.0,1077.32,1106.95,2952600.403
2022-11-22 00:00:00+00:00,1106.94,1117.11,1095.31,1098.6,1147476.293
2022-11-22 06:00:00+00:00,1098.57,1100.04,1071.52,1084.89,2009642.848
2022-11-22 12:00:00+00:00,1084.89,1142.96,1078.0,1116.67,3187023.803
2022-11-22 18:00:00+00:00,1116.68,1142.23,1114.92,1139.11,1165456.676
2022-11-23 00:00:00+00:00,1139.11,1171.0,1127.01,1157.33,1853769.306
2022-11-23 06:00:00+00:00,1157.33,1183.0,1156.63,1174.18,1403305.672
2022-11-23 12:00:00+00:00,1174.19,1177.76,1150.0,1153.67,1677328.485
2022-11-23 18:00:00+00:00,1153.67,1190.0,1152.64,1183.83,1708254.43
2022-11-24 00:00:00+00:00,1183.84,1210.0,1179.72,1200.35,1524785.753
2022-11-24 06:00:00+00:00,1200.35,1216.71,1190.83,1195.33,1547282.578
2022-11-24 12:00:00+00:00,1195.33,1208.0,1185.35,1199.57,1475981.131
2022-11-24 18:00:00+00:00,1199.57,1206.8,1193.0,1202.92,639965.916
2022-11-25 00:00:00+00:00,1202.93,1204.27,1170.99,1172.62,1112552.254
2022-11-25 06:00:00+00:00,1172.66,1199.0,1171.16,1192.77,1233074.55
2022-11-25 12:00:00+00:00,1192.77,1199.9,1178.85,1190.84,1187594.724
2022-11-25 18:00:00+00:00,1190.85,1209.27,1188.18,1198.55,735088.96
2022-11-26 00:00:00+00:00,1198.55,1229.0,1196.0,1219.75,1264158.603
2022-11-26 06:00:00+00:00,1219.74,1227.59,1211.24,1221.1,772210.448
2022-11-26 12:00:00+00:00,1221.1,1238.0,1205.01,1212.23,1220442.984
2022-11-26 18:00:00+00:00,1212.24,1213.21,1195.08,1204.84,624618.466
2022-11-27 00:00:00+00:00,1205.0,1222.91,1203.56,1216.22,727610.644
2022-11-27 06:00:00+00:00,1216.23,1222.03,1209.0,1214.87,785185.591
2022-11-27 12:00:00+00:00,1214.86,1220.79,1206.01,1214.91,673400.019
2022-11-27 18:00:00+00:00,1214.9,1218.18,1186.58,1193.26,804191.498
2022-11-28 00:00:00+00:00,1193.25,1198.8,1156.52,1167.07,1932285.794
2022-11-28 06:00:00+00:00,1167.08,1176.0,1162.5,1169.55,815234.712
2022-11-28 12:00:00+00:00,1169.55,1185.0,1150.25,1171.5,2236318.461
2022-11-28 18:00:00+00:00,1171.49,1174.94,1164.77,1167.21,597354.607
2022-11-29 00:00:00+00:00,1167.2,1214.8,1156.06,1207.69,1811908.2
2022-11-29 06:00:00+00:00,1207.69,1223.8,1202.46,1216.81,1505388.436
2022-11-29 12:00:00+00:00,1216.81,1218.45,1201.61,1208.41,1547820.135
2022-11-29 18:00:00+00:00,1208.42,1228.75,1206.41,1215.74,1051309.85
2022-11-30 00:00:00+00:00,1215.75,1283.0,1211.53,1270.88,2198201.48
2022-11-30 06:00:00+00:00,1270.89,1276.93,1260.45,1266.32,756422.442
2022-11-30 12:00:00+00:00,1266.32,1280.0,1253.37,1265.5,1574280.458
2022-11-30 18:00:00+00:00,1265.5,1312.99,1257.64,1294.02,2458590.996
2022-12-01 00:00:00+00:00,1294.09,1295.38,1275.0,1281.88,996490.019
2022-12-01 06:00:00+00:00,1281.88,1285.95,1276.57,1282.63,750861.012
2022-12-01 12:00:00+00:00,1282.64,1300.51,1262.0,1274.26,2315354.029
2022-12-01 18:00:00+00:00,1274.26,1283.99,1266.18,1275.7,679879.088
2022-12-02 00:00:00+00:00,1275.7,1284.66,1264.43,1272.63,838826.285
2022-12-02 06:00:00+00:00,1272.62,1294.0,1270.08,1288.24,878146.105
2022-12-02 12:00:00+00:00,1288.25,1297.24,1266.0,1278.96,1823196.04
2022-12-02 18:00:00+00:00,1278.95,1296.5,1278.18,1295.0,701055.114
2022-12-03 00:00:00+00:00,1294.99,1312.0,1281.33,1287.69,702829.192
2022-12-03 06:00:00+00:00,1287.67,1288.2,1258.5,1268.86,1215679.183
2022-12-03 12:00:00+00:00,1268.86,1274.82,1263.05,1270.17,717732.96
2022-12-03 18:00:00+00:00,1270.17,1270.94,1235.17,1239.76,1097043.388
2022-12-04 00:00:00+00:00,1239.76,1267.2,1239.13,1259.47,965953.841
2022-12-04 06:00:00+00:00,1259.47,1263.99,1251.0,1254.6,669086.71
2022-12-04 12:00:00+00:00,1254.6,1270.67,1248.62,1268.41,878779.617
2022-12-04 18:00:00+00:00,1268.4,1287.99,1266.0,1278.82,1359419.791
2022-12-05 00:00:00+00:00,1278.82,1304.47,1276.1,1296.63,1387114.061
2022-12-05 06:00:00+00:00,1296.62,1304.98,1291.0,1294.45,959780.471
2022-12-05 12:00:00+00:00,1294.49,1294.62,1252.15,1264.0,2042970.617
2022-12-05 18:00:00+00:00,1264.01,1269.79,1246.0,1258.66,1011595.961
2022-12-06 00:00:00+00:00,1258.67,1269.6,1255.02,1256.2,661697.007
2022-12-06 06:00:00+00:00,1256.2,1264.78,1240.55,1255.61,1058193.822
2022-12-06 12:00:00+00:00,1255.61,1261.74,1244.16,1251.08,1261542.559
2022-12-06 18:00:00+00:00,1251.07,1274.42,1241.02,1270.72,1113201.013
2022-12-07 00:00:00+00:00,1270.72,1278.3,1257.87,1259.73,762745.258
2022-12-07 06:00:00+00:00,1259.74,1260.2,1217.02,1224.15,1865328.871
2022-12-07 12:00:00+00:00,1224.14,1239.5,1220.0,1230.35,1310166.349
2022-12-07 18:00:00+00:00,1230.34,1237.19,1220.54,1230.83,660213.028
2022-12-08 00:00:00+00:00,1230.78,1238.91,1221.0,1228.12,826531.123
2022-12-08 06:00:00+00:00,1228.21,1247.33,1224.0,1239.8,955177.822
2022-12-08 12:00:00+00:00,1239.8,1256.8,1235.15,1253.8,1648309.654
2022-12-08 18:00:00+00:00,1253.81,1294.31,1251.44,1279.73,1973195.647
2022-12-09 00:00:00+00:00,1279.72,1290.0,1272.29,1280.35,767165.444
2022-12-09 06:00:00+00:00,1280.36,1293.78,1276.75,1287.32,888332.306
2022-12-09 12:00:00+00:00,1287.31,1297.63,1259.39,1273.43,1871239.369
2022-12-09 18:00:00+00:00,1273.43,1273.43,1254.0,1262.31,883828.72
2022-12-10 00:00:00+00:00,1262.31,1268.19,1260.88,1262.47,409861.114
2022-12-10 06:00:00+00:00,1262.48,1267.42,1258.58,1265.69,383777.072
2022-12-10 12:00:00+00:00,1265.7,1283.92,1262.68,1266.94,963906.547
2022-12-10 18:00:00+00:00,1266.93,1273.64,1261.08,1265.88,461895.374
2022-12-11 00:00:00+00:00,1265.87,1278.0,1264.6,1275.27,412758.362
2022-12-11 06:00:00+00:00,1275.27,1277.57,1269.98,1272.92,381593.816
2022-12-11 12:00:00+00:00,1272.93,1275.52,1268.15,1273.8,453360.023
2022-12-11 18:00:00+00:00,1273.8,1284.9,1255.0,1262.43,1179593.728
2022-12-12 00:00:00+00:00,1262.43,1262.6,1238.5,1246.67,1292521.222
2022-12-12 06:00:00+00:00,1246.67,1256.77,1241.17,1253.74,664970.659
2022-12-12 12:00:00+00:00,1253.74,1255.83,1242.74,1253.06,1012062.662
2022-12-12 18:00:00+00:00,1253.07,1278.83,1250.99,1274.88,1131559.931
2022-12-13 00:00:00+00:00,1274.89,1278.0,1265.21,1271.68,697672.968
2022-12-13 06:00:00+00:00,1271.69,1289.97,1254.32,1286.24,1936786.06
2022-12-13 12:00:00+00:00,1286.24,1350.0,1285.77,1308.3,3930397.061
2022-12-13 18:00:00+00:00,1308.26,1324.49,1306.63,1321.06,812678.25
2022-12-14 00:00:00+00:00,1321.05,1327.69,1316.0,1321.26,587735.964
2022-12-14 06:00:00+00:00,1321.26,1330.0,1319.43,1327.0,655893.295
2022-12-14 12:00:00+00:00,1327.01,1345.0,1325.09,1335.02,1593617.958
2022-12-14 18:00:00+00:00,1335.02,1354.4,1300.17,1307.76,2809948.725
2022-12-15 00:00:00+00:00,1307.76,1311.86,1280.0,1290.41,1084097.05
2022-12-15 06:00:00+00:00,1290.41,1292.26,1282.53,1290.97,686154.275
2022-12-15 12:00:00+00:00,1290.96,1290.96,1261.4,1269.77,1592040.985
2022-12-15 18:00:00+00:00,1269.77,1275.8,1256.1,1266.26,837167.527
2022-12-16 00:00:00+00:00,1266.26,1273.28,1265.27,1270.79,481943.846
2022-12-16 06:00:00+00:00,1270.78,1279.76,1192.42,1212.1,2483409.665
2022-12-16 12:00:00+00:00,1212.1,1218.5,1180.42,1193.36,2252301.429
2022-12-16 18:00:00+00:00,1193.36,1211.99,1154.7,1166.2,2000875.249
2022-12-17 00:00:00+00:00,1166.19,1182.0,1161.07,1176.45,1113266.874
2022-12-17 06:00:00+00:00,1176.46,1188.66,1172.58,1179.42,916785.827
2022-12-17 12:00:00+00:00,1179.41,1182.4,1169.97,1173.72,702994.285
2022-12-17 18:00:00+00:00,1173.71,1190.0,1172.46,1186.45,603437.374
2022-12-18 00:00:00+00:00,1186.44,1196.0,1179.3,1186.36,648491.423
2022-12-18 06:00:00+00:00,1186.36,1187.74,1171.12,1181.77,740104.434
2022-12-18 12:00:00+00:00,1181.77,1183.47,1172.27,1177.84,534901.796
2022-12-18 18:00:00+00:00,1177.83,1195.26,1174.19,1182.45,953554.558
2022-12-19 00:00:00+00:00,1182.45,1194.86,1172.75,1178.22,886569.819
2022-12-19 06:00:00+00:00,1178.22,1187.96,1176.74,1182.68,571227.305
2022-12-19 12:00:00+00:00,1182.68,1189.28,1163.69,1172.96,1568762.078
2022-12-19 18:00:00+00:00,1172.94,1181.0,1148.0,1167.21,1268471.37
2022-12-20 00:00:00+00:00,1167.21,1225.0,1162.5,1208.0,2160278.534
2022-12-20 06:00:00+00:00,1208.0,1221.84,1204.91,1211.83,995333.196
2022-12-20 12:00:00+00:00,1211.82,1232.0,1201.79,1211.99,1976220.038
2022-12-20 18:00:00+00:00,1211.99,1221.0,1208.6,1216.21,646509.418
2022-12-21 00:00:00+00:00,1216.22,1218.55,1202.06,1210.13,781676.3
2022-12-21 06:00:00+00:00,1210.14,1218.99,1206.63,1216.18,646932.233
2022-12-21 12:00:00+00:00,1216.17,1226.0,1205.19,1211.31,1108483.944
2022-12-21 18:00:00+00:00,1211.3,1214.78,1205.83,1213.21,406694.474
2022-12-22 00:00:00+00:00,1213.21,1217.98,1209.33,1210.49,383054.386
2022-12-22 06:00:00+00:00,1210.49,1222.08,1208.9,1216.91,768069.506
2022-12-22 12:00:00+00:00,1216.92,1218.28,1182.0,1186.75,1895028.015
2022-12-22 18:00:00+00:00,1186.76,1239.99,1185.05,1217.39,1354481.231
2022-12-23 00:00:00+00:00,1217.38,1229.58,1214.08,1220.74,707434.589
2022-12-23 06:00:00+00:00,1220.74,1226.0,1214.8,1222.23,627202.769
2022-12-23 12:00:00+00:00,1222.22,1234.25,1208.33,1218.3,1625400.883
2022-12-23 18:00:00+00:00,1218.3,1221.96,1216.36,1219.5,351114.223
2022-12-24 00:00:00+00:00,1219.5,1220.8,1214.23,1216.31,280447.363
2022-12-24 06:00:00+00:00,1216.31,1220.64,1214.0,1218.81,288634.723
2022-12-24 12:00:00+00:00,1218.81,1219.71,1216.8,1219.25,198337.725
2022-12-24 18:00:00+00:00,1219.26,1229.0,1217.16,1219.96,433566.174
2022-12-25 00:00:00+00:00,1219.96,1223.92,1214.66,1218.49,291580.928
2022-12-25 06:00:00+00:00,1218.48,1221.97,1216.59,1217.02,231482.446
2022-12-25 12:00:00+00:00,1217.03,1218.58,1187.54,1208.87,1042986.623
2022-12-25 18:00:00+00:00,1208.88,1225.0,1190.44,1217.96,909857.607
2022-12-26 00:00:00+00:00,1217.97,1224.0,1216.1,1219.31,425531.851
2022-12-26 06:00:00+00:00,1219.32,1222.83,1217.3,1219.96,377413.678
2022-12-26 12:00:00+00:00,1219.96,1220.39,1210.0,1214.35,526792.679
2022-12-26 18:00:00+00:00,1214.34,1231.49,1212.17,1227.57,598754.604
2022-12-27 00:00:00+00:00,1227.57,1233.97,1220.91,1222.1,582123.134
2022-12-27 06:00:00+00:00,1222.09,1223.95,1212.43,1218.58,604718.008
2022-12-27 12:00:00+00:00,1218.59,1219.02,1200.0,1206.77,1371433.679
2022-12-27 18:00:00+00:00,1206.78,1214.77,1204.45,1211.29,519904.809
2022-12-28 00:00:00+00:00,1211.29,1215.42,1184.0,1190.99,1208127.7
2022-12-28 06:00:00+00:00,1190.95,1197.88,1189.4,1195.57,501565.943
2022-12-28 12:00:00+00:00,1195.58,1212.77,1185.0,1196.04,1471954.596
2022-12-28 18:00:00+00:00,1196.03,1201.3,1177.5,1189.93,939402.36
2022-12-29 00:00:00+00:00,1189.94,1199.44,1186.24,1194.71,682983.305
2022-12-29 06:00:00+00:00,1194.71,1203.85,1189.58,1198.4,694750.921
2022-12-29 12:00:00+00:00,1198.41,1207.97,1193.77,1197.62,956311.367
2022-12-29 18:00:00+00:00,1197.63,1204.43,1190.82,1200.35,688811.542
2022-12-30 00:00:00+00:00,1200.36,1202.22,1191.0,1193.8,488293.808
2022-12-30 06:00:00+00:00,1193.81,1195.6,1183.72,1190.5,755310.099
2022-12-30 12:00:00+00:00,1190.5,1198.91,1180.0,1195.14,1110948.414
2022-12-30 18:00:00+00:00,1195.15,1203.0,1193.66,1199.66,514438.128
2022-12-31 00:00:00+00:00,1199.67,1200.31,1190.26,1193.2,286448.959
2022-12-31 06:00:00+00:00,1193.19,1200.61,1192.75,1197.0,319224.368
2022-12-31 12:00:00+00:00,1197.0,1209.0,1195.51,1200.59,691305.038
2022-12-31 18:00:00+00:00,1200.6,1206.0,1192.05,1196.1,391409.575
2023-01-01 00:00:00+00:00,1196.1,1196.98,1190.8,1194.57,352358.401
2023-01-01 06:00:00+00:00,1194.58,1197.68,1193.0,1196.4,242483.084
2023-01-01 12:00:00+00:00,1196.4,1203.83,1192.99,1200.34,437756.606
2023-01-01 18:00:00+00:00,1200.34,1204.79,1198.71,1199.96,349165.397
2023-01-02 00:00:00+00:00,1199.96,1203.32,1191.5,1201.91,565532.76
2023-01-02 06:00:00+00:00,1201.91,1225.0,1199.75,1216.72,1217081.088
2023-01-02 12:00:00+00:00,1216.71,1220.99,1213.3,1216.62,568524.966
2023-01-02 18:00:00+00:00,1216.62,1225.0,1210.0,1213.23,480652.505
2023-01-03 00:00:00+00:00,1213.24,1217.55,1210.64,1217.33,431213.925
2023-01-03 06:00:00+00:00,1217.34,1219.5,1213.32,1214.39,437731.239
2023-01-03 12:00:00+00:00,1214.39,1218.76,1205.0,1208.41,1051384.766
2023-01-03 18:00:00+00:00,1208.4,1217.04,1203.05,1214.23,497865.082
2023-01-04 00:00:00+00:00,1214.22,1258.53,1212.16,1247.99,1906433.737
2023-01-04 06:00:00+00:00,1247.99,1261.05,1247.1,1251.16,755624.135
2023-01-04 12:00:00+00:00,1251.17,1275.0,1238.61,1259.83,1517862.029
2023-01-04 18:00:00+00:00,1259.82,1267.71,1243.04,1256.39,1149897.294
2023-01-05 00:00:00+00:00,1256.39,1260.0,1251.51,1253.02,456205.076
2023-01-05 06:00:00+00:00,1253.02,1255.9,1245.0,1255.34,643493.114
2023-01-05 12:00:00+00:00,1255.35,1255.65,1242.22,1246.79,1052190.583
2023-01-05 18:00:00+00:00,1246.79,1254.92,1246.34,1251.08,510976.226
2023-01-06 00:00:00+00:00,1251.08,1258.98,1246.15,1249.01,594997.946
2023-01-06 06:00:00+00:00,1249.02,1249.89,1235.0,1243.2,685174.224
2023-01-06 12:00:00+00:00,1243.2,1269.7,1233.0,1263.19,1903897.947
2023-01-06 18:00:00+00:00,1263.18,1277.77,1263.18,1268.54,972097.246
2023-01-07 00:00:00+00:00,1268.54,1270.66,1263.0,1263.78,297789.063
2023-01-07 06:00:00+00:00,1263.79,1266.42,1261.03,1263.12,298130.275
2023-01-07 12:00:00+00:00,1263.11,1265.15,1260.53,1261.82,300936.255
2023-01-07 18:00:00+00:00,1261.83,1267.93,1260.67,1263.65,290091.465
2023-01-08 00:00:00+00:00,1263.64,1264.13,1256.3,1263.41,319348.987
2023-01-08 06:00:00+00:00,1263.41,1265.93,1260.62,1260.83,256460.623
2023-01-08 12:00:00+00:00,1260.84,1280.0,1260.43,1264.03,921578.969
2023-01-08 18:00:00+00:00,1264.03,1296.0,1262.75,1289.65,917679.753
2023-01-09 00:00:00+00:00,1289.64,1314.61,1284.81,1307.39,1795594.176
2023-01-09 06:00:00+00:00,1307.38,1328.0,1306.69,1318.16,1280325.052
2023-01-09 12:00:00+00:00,1318.15,1345.0,1314.7,1341.43,1996183.311
2023-01-09 18:00:00+00:00,1341.45,1345.0,1315.02,1320.32,1254498.293
2023-01-10 00:00:00+00:00,1320.32,1329.64,1316.74,1327.2,699643.283
2023-01-10 06:00:00+00:00,1327.19,1336.27,1321.27,1329.3,666752.054
2023-01-10 12:00:00+00:00,1329.29,1341.57,1322.65,1331.85,1336551.032
2023-01-10 18:00:00+00:00,1331.86,1348.7,1331.18,1335.3,950205.272
2023-01-11 00:00:00+00:00,1335.29,1341.61,1326.74,1330.31,671771.625
2023-01-11 06:00:00+00:00,1330.3,1337.5,1326.0,1335.83,542947.625
2023-01-11 12:00:00+00:00,1335.82,1335.83,1319.52,1327.02,973754.491
2023-01-11 18:00:00+00:00,1327.02,1400.0,1326.85,1389.26,2415258.42
2023-01-12 00:00:00+00:00,1389.25,1419.73,1385.57,1395.34,1796537.542
2023-01-12 06:00:00+00:00,1395.34,1403.63,1394.76,1398.3,793225.89
2023-01-12 12:00:00+00:00,1398.3,1435.57,1358.0,1428.74,3966831.69
2023-01-12 18:00:00+00:00,1428.74,1439.36,1412.0,1415.84,1715901.322
2023-01-13 00:00:00+00:00,1415.85,1418.44,1400.7,1406.42,804200.761
2023-01-13 06:00:00+00:00,1406.42,1419.78,1403.56,1409.33,854695.543
2023-01-13 12:00:00+00:00,1409.33,1425.0,1401.11,1416.62,1610304.559
2023-01-13 18:00:00+00:00,1416.61,1465.49,1414.13,1450.94,1827537.637
2023-01-14 00:00:00+00:00,1450.95,1644.92,1448.7,1548.3,3247246.511
2023-01-14 06:00:00+00:00,1548.31,1567.25,1505.4,1530.91,1833849.182
2023-01-14 12:00:00+00:00,1530.91,1548.97,1510.0,1530.18,1509329.834
2023-01-14 18:00:00+00:00,1530.19,1564.0,1526.16,1550.27,758451.737
2023-01-15 00:00:00+00:00,1550.27,1552.84,1516.02,1529.59,909495.873
2023-01-15 06:00:00+00:00,1529.59,1536.36,1520.0,1534.4,590717.271
2023-01-15 12:00:00+00:00,1534.41,1570.0,1529.66,1552.29,1328277.259
2023-01-15 18:00:00+00:00,1552.28,1563.03,1533.02,1553.47,822749.961
2023-01-16 00:00:00+00:00,1553.48,1586.5,1541.24,1576.39,1361479.786
2023-01-16 06:00:00+00:00,1576.39,1579.39,1520.0,1543.07,1177033.564
2023-01-16 12:00:00+00:00,1543.07,1563.16,1520.74,1561.66,1338998.219
2023-01-16 18:00:00+00:00,1561.66,1610.5,1557.41,1577.11,1517680.099
2023-01-17 00:00:00+00:00,1577.25,1582.95,1540.0,1570.46,992246.551
2023-01-17 06:00:00+00:00,1570.47,1572.33,1557.45,1569.19,642157.143
2023-01-17 12:00:00+00:00,1569.2,1609.0,1561.0,1579.03,2016565.956
2023-01-17 18:00:00+00:00,1579.03,1599.6,1563.55,1565.84,929643.608
2023-01-18 00:00:00+00:00,1565.83,1592.91,1562.72,1587.15,762612.641
2023-01-18 06:00:00+00:00,1587.15,1587.63,1570.81,1575.87,570944.023
2023-01-18 12:00:00+00:00,1575.86,1614.6,1501.21,1542.0,4320153.895
2023-01-18 18:00:00+00:00,1542.01,1555.4,1507.34,1511.66,1278704.553
2023-01-19 00:00:00+00:00,1511.6,1533.05,1509.87,1528.48,597547.796
2023-01-19 06:00:00+00:00,1528.47,1532.87,1516.04,1519.5,542015.927
2023-01-19 12:00:00+00:00,1519.5,1548.53,1512.82,1529.34,1495277.133
2023-01-19 18:00:00+00:00,1529.31,1565.0,1527.82,1551.11,1026098.157
2023-01-20 00:00:00+00:00,1551.11,1564.0,1542.58,1547.07,632122.247
2023-01-20 06:00:00+00:00,1547.06,1556.09,1541.6,1549.15,536728.502
2023-01-20 12:00:00+00:00,1549.16,1597.99,1548.68,1591.87,1719460.818
2023-01-20 18:00:00+00:00,1591.86,1680.0,1583.36,1659.01,2436501.296
2023-01-21 00:00:00+00:00,1659.01,1680.0,1643.0,1646.7,894492.503
2023-01-21 06:00:00+00:00,1646.69,1682.44,1615.3,1647.77,1637225.982
2023-01-21 12:00:00+00:00,1647.76,1668.65,1642.5,1655.56,1215480.272
2023-01-21 18:00:00+00:00,1655.56,1670.0,1622.6,1627.63,896367.765
2023-01-22 00:00:00+00:00,1627.63,1637.35,1603.39,1628.29,833088.799
2023-01-22 06:00:00+00:00,1628.28,1632.51,1618.75,1625.21,482839.078
2023-01-22 12:00:00+00:00,1625.22,1666.0,1616.51,1657.81,1309352.859
2023-01-22 18:00:00+00:00,1657.81,1661.0,1607.85,1628.14,1202297.673
2023-01-23 00:00:00+00:00,1628.13,1644.29,1626.38,1633.05,525275.417
2023-01-23 06:00:00+00:00,1633.05,1640.56,1628.02,1637.11,521243.223
2023-01-23 12:00:00+00:00,1637.1,1650.0,1585.21,1629.51,1970174.168
2023-01-23 18:00:00+00:00,1629.51,1641.25,1609.62,1626.9,952991.421
2023-01-24 00:00:00+00:00,1626.9,1641.89,1623.04,1638.72,575887.28
2023-01-24 06:00:00+00:00,1638.73,1639.16,1613.42,1625.75,778401.952
2023-01-24 12:00:00+00:00,1625.75,1632.9,1602.09,1616.68,1355149.852
2023-01-24 18:00:00+00:00,1616.69,1625.23,1530.0,1555.99,1796315.848
2023-01-25 00:00:00+00:00,1556.0,1557.21,1512.3,1548.27,1201821.122
2023-01-25 06:00:00+00:00,1548.28,1558.58,1536.86,1545.14,737274.36
2023-01-25 12:00:00+00:00,1545.14,1566.35,1523.32,1548.06,1663624.978
2023-01-25 18:00:00+00:00,1547.95,1641.18,1547.22,1611.41,2400583.985
2023-01-26 00:00:00+00:00,1611.44,1633.0,1609.82,1619.7,773620.628
2023-01-26 06:00:00+00:00,1619.7,1622.07,1589.57,1604.3,896493.29
2023-01-26 12:00:00+00:00,1604.3,1621.0,1575.66,1591.67,1890225.952
2023-01-26 18:00:00+00:00,1591.67,1611.7,1589.0,1600.69,675537.459
2023-01-27 00:00:00+00:00,1600.69,1606.33,1551.1,1582.67,1113154.809
2023-01-27 06:00:00+00:00,1582.67,1585.99,1572.33,1578.54,548387.274
2023-01-27 12:00:00+00:00,1578.53,1612.99,1555.3,1605.14,1707858.788
2023-01-27 18:00:00+00:00,1605.15,1621.46,1584.7,1597.08,980333.265
2023-01-28 00:00:00+00:00,1597.08,1606.66,1591.68,1599.87,458307.263
2023-01-28 06:00:00+00:00,1599.88,1600.0,1575.0,1585.8,604503.16
2023-01-28 12:00:00+00:00,1585.8,1585.8,1561.7,1576.41,924850.332
2023-01-28 18:00:00+00:00,1576.41,1578.57,1555.0,1571.52,491229.499
2023-01-29 00:00:00+00:00,1571.52,1620.0,1565.98,1597.23,1434133.694
2023-01-29 06:00:00+00:00,1597.22,1622.16,1587.88,1608.86,964281.479
2023-01-29 12:00:00+00:00,1608.86,1628.0,1602.91,1617.39,1078051.94
2023-01-29 18:00:00+00:00,1617.4,1663.68,1613.33,1645.67,1623106.422
2023-01-30 00:00:00+00:00,1645.67,1648.49,1632.17,1637.17,622728.006
2023-01-30 06:00:00+00:00,1637.18,1637.86,1576.68,1581.82,1715761.052
2023-01-30 12:00:00+00:00,1581.82,1597.43,1565.52,1581.14,1352173.494
2023-01-30 18:00:00+00:00,1581.14,1583.99,1529.04,1565.92,1341273.445
2023-01-31 00:00:00+00:00,1565.93,1576.68,1561.04,1562.12,583809.874
2023-01-31 06:00:00+00:00,1562.12,1584.04,1561.38,1570.98,623930.256
2023-01-31 12:00:00+00:00,1570.99,1605.67,1570.66,1592.85,1233508.191
2023-01-31 18:00:00+00:00,1592.85,1601.0,1563.86,1585.02,1003189.388
2023-02-01 00:00:00+00:00,1585.02,1593.23,1575.85,1582.71,476568.616
2023-02-01 06:00:00+00:00,1582.7,1583.85,1565.87,1580.6,680097.349
2023-02-01 12:00:00+00:00,1580.61,1590.35,1566.42,1571.13,976528.244
2023-02-01 18:00:00+00:00,1571.12,1648.76,1554.57,1641.8,2962802.07
2023-02-02 00:00:00+00:00,1641.81,1699.0,1639.32,1670.31,1649355.06
2023-02-02 06:00:00+00:00,1670.31,1675.89,1660.6,1672.39,611637.584
2023-02-02 12:00:00+00:00,1672.4,1693.94,1649.49,1680.28,1859308.304
2023-02-02 18:00:00+00:00,1680.28,1717.0,1625.0,1643.81,2136520.518
2023-02-03 00:00:00+00:00,1643.82,1651.0,1630.44,1643.91,720632.624
2023-02-03 06:00:00+00:00,1643.91,1651.94,1630.0,1649.13,633681.892
2023-02-03 12:00:00+00:00,1649.12,1677.0,1622.0,1660.95,2429341.112
2023-02-03 18:00:00+00:00,1660.95,1672.1,1642.0,1663.68,830010.578
2023-02-04 00:00:00+00:00,1663.69,1666.0,1645.8,1651.35,409564.268
2023-02-04 06:00:00+00:00,1651.35,1662.7,1645.0,1661.64,420164.376
2023-02-04 12:00:00+00:00,1661.64,1696.99,1660.11,1681.58,1274702.447
2023-02-04 18:00:00+00:00,1681.57,1691.65,1656.5,1666.44,603612.726
2023-02-05 00:00:00+00:00,1666.44,1671.41,1656.69,1667.42,494274.941
2023-02-05 06:00:00+00:00,1667.43,1674.59,1660.39,1662.44,412859.82
2023-02-05 12:00:00+00:00,1662.44,1664.82,1615.0,1618.11,1833587.032
2023-02-05 18:00:00+00:00,1618.12,1639.8,1608.0,1628.98,859508.438
2023-02-06 00:00:00+00:00,1628.98,1642.52,1607.43,1621.48,640626.183
2023-02-06 06:00:00+00:00,1621.48,1637.99,1619.36,1634.94,674842.822
2023-02-06 12:00:00+00:00,1634.9,1659.0,1619.5,1647.25,1595731.535
2023-02-06 18:00:00+00:00,1647.25,1655.56,1602.0,1613.9,994438.662
2023-02-07 00:00:00+00:00,1613.89,1637.5,1612.49,1634.25,553322.748
2023-02-07 06:00:00+00:00,1634.25,1648.0,1628.0,1640.39,596181.378
2023-02-07 12:00:00+00:00,1640.4,1676.66,1623.72,1672.03,1412070.445
2023-02-07 18:00:00+00:00,1672.03,1679.03,1625.48,1670.51,1963442.138
2023-02-08 00:00:00+00:00,1670.5,1699.0,1667.43,1675.68,885659.489
2023-02-08 06:00:00+00:00,1675.67,1679.15,1667.67,1674.11,494491.919
2023-02-08 12:00:00+00:00,1674.12,1683.12,1631.0,1657.4,2033277.238
2023-02-08 18:00:00+00:00,1657.4,1660.0,1636.22,1650.26,731657.782
2023-02-09 00:00:00+00:00,1650.26,1656.2,1608.1,1628.02,1428659.345
2023-02-09 06:00:00+00:00,1628.01,1639.99,1625.51,1632.9,545716.926
2023-02-09 12:00:00+00:00,1632.89,1649.0,1615.83,1623.72,1523519.624
2023-02-09 18:00:00+00:00,1623.72,1631.46,1522.0,1544.68,3106244.952
2023-02-10 00:00:00+00:00,1544.67,1554.0,1527.85,1541.11,926603.503
2023-02-10 06:00:00+00:00,1541.11,1553.8,1533.01,1536.61,755638.816
2023-02-10 12:00:00+00:00,1536.59,1547.6,1503.0,1525.77,1937404.765
2023-02-10 18:00:00+00:00,1525.76,1539.16,1486.28,1512.26,1285817.596
2023-02-11 00:00:00+00:00,1512.25,1523.22,1506.8,1517.03,495966.415
2023-02-11 06:00:00+00:00,1517.04,1525.6,1513.97,1519.41,382140.079
2023-02-11 12:00:00+00:00,1519.41,1526.18,1513.23,1517.65,495485.179
2023-02-11 18:00:00+00:00,1517.65,1542.82,1502.83,1537.65,730281.58
2023-02-12 00:00:00+00:00,1537.64,1538.57,1528.03,1532.87,310029.161
2023-02-12 06:00:00+00:00,1532.86,1539.95,1529.28,1532.5,345063.372
2023-02-12 12:00:00+00:00,1532.5,1547.7,1520.0,1540.19,952757.998
2023-02-12 18:00:00+00:00,1540.2,1541.66,1491.0,1514.49,1041772.88
2023-02-13 00:00:00+00:00,1514.48,1524.2,1495.65,1518.06,965827.338
2023-02-13 06:00:00+00:00,1518.06,1526.1,1463.01,1485.64,2143778.574
2023-02-13 12:00:00+00:00,1485.65,1491.72,1460.0,1472.0,1760216.026
2023-02-13 18:00:00+00:00,1471.96,1509.84,1471.18,1504.85,1048337.33
2023-02-14 00:00:00+00:00,1504.86,1508.07,1493.14,1500.89,509938.523
2023-02-14 06:00:00+00:00,1500.89,1519.37,1496.28,1507.05,770930.155
2023-02-14 12:00:00+00:00,1507.04,1568.98,1470.0,1544.86,4246103.91
2023-02-14 18:00:00+00:00,1544.86,1564.62,1544.6,1554.94,1008349.574
2023-02-15 00:00:00+00:00,1554.94,1556.86,1541.77,1549.51,479570.075
2023-02-15 06:00:00+00:00,1549.5,1579.0,1543.4,1571.62,859358.917
2023-02-15 12:00:00+00:00,1571.62,1595.0,1565.01,1580.3,1900235.532
2023-02-15 18:00:00+00:00,1580.31,1684.1,1576.33,1675.0,2726304.767
2023-02-16 00:00:00+00:00,1674.99,1715.0,1672.59,1693.92,1398496.964
2023-02-16 06:00:00+00:00,1693.93,1697.71,1675.55,1683.76,967820.87
2023-02-16 12:00:00+00:00,1683.77,1744.5,1666.0,1716.28,3342607.727
2023-02-16 18:00:00+00:00,1716.28,1722.58,1634.02,1639.0,2102787.622
2023-02-17 00:00:00+00:00,1638.99,1670.48,1631.31,1655.83,1022733.687
2023-02-17 06:00:00+00:00,1655.84,1675.87,1647.77,1666.34,823596.644
2023-02-17 12:00:00+00:00,1666.34,1710.0,1645.48,1687.94,2519533.168
2023-02-17 18:00:00+00:00,1687.94,1722.62,1669.84,1694.12,1591565.53
2023-02-18 00:00:00+00:00,1694.1,1705.0,1692.6,1698.69,475332.347
2023-02-18 06:00:00+00:00,1698.69,1700.0,1685.87,1691.86,482960.818
2023-02-18 12:00:00+00:00,1691.86,1699.89,1686.93,1695.18,573533.274
2023-02-18 18:00:00+00:00,1695.19,1715.0,1679.13,1691.66,656472.875
2023-02-19 00:00:00+00:00,1691.65,1710.62,1689.39,1702.27,546945.914
2023-02-19 06:00:00+00:00,1702.28,1702.5,1690.63,1695.33,415343.555
2023-02-19 12:00:00+00:00,1695.33,1729.58,1675.07,1682.58,1802992.936
2023-02-19 18:00:00+00:00,1682.58,1690.5,1666.0,1680.31,830351.06
2023-02-20 00:00:00+00:00,1680.46,1695.0,1650.0,1690.15,1039379.996
2023-02-20 06:00:00+00:00,1690.15,1720.39,1688.1,1713.84,1198497.06
2023-02-20 12:00:00+00:00,1713.87,1716.28,1685.0,1696.54,1459357.828
2023-02-20 18:00:00+00:00,1696.53,1712.98,1690.87,1703.7,515716.058
2023-02-21 00:00:00+00:00,1703.71,1716.99,1694.84,1697.82,709250.195
2023-02-21 06:00:00+00:00,1697.81,1714.64,1665.0,1669.29,1608111.769
2023-02-21 12:00:00+00:00,1669.3,1684.93,1655.0,1677.17,1443735.664
2023-02-21 18:00:00+00:00,1677.16,1686.8,1635.0,1659.2,1217406.971
2023-02-22 00:00:00+00:00,1659.2,1667.62,1620.0,1642.4,1295386.646
2023-02-22 06:00:00+00:00,1642.39,1645.94,1624.81,1644.2,1000136.357
2023-02-22 12:00:00+00:00,1644.2,1650.0,1591.17,1610.13,2119089.307
2023-02-22 18:00:00+00:00,1610.29,1644.83,1605.36,1642.01,1259877.305
2023-02-23 00:00:00+00:00,1642.01,1678.56,1636.43,1664.01,1105255.385
2023-02-23 06:00:00+00:00,1664.01,1672.63,1630.8,1636.61,1137566.464
2023-02-23 12:00:00+00:00,1636.61,1671.31,1627.64,1645.94,2266186.878
2023-02-23 18:00:00+00:00,1645.94,1658.37,1636.0,1649.69,700094.639
2023-02-24 00:00:00+00:00,1649.68,1664.44,1641.15,1644.48,560934.152
2023-02-24 06:00:00+00:00,1644.47,1657.27,1640.39,1646.6,664886.154
2023-02-24 12:00:00+00:00,1646.59,1653.78,1572.0,1592.57,2771618.27
2023-02-24 18:00:00+00:00,1592.56,1622.91,1582.34,1607.12,1129092.235
2023-02-25 00:00:00+00:00,1607.11,1608.34,1592.42,1595.23,408373.426
2023-02-25 06:00:00+00:00,1595.23,1606.67,1595.22,1599.48,446658.776
2023-02-25 12:00:00+00:00,1599.49,1603.25,1591.82,1597.32,530621.945
2023-02-25 18:00:00+00:00,1597.32,1597.66,1556.08,1593.59,1136482.983
2023-02-26 00:00:00+00:00,1593.6,1605.71,1586.35,1598.08,419095.229
2023-02-26 06:00:00+00:00,1598.09,1606.59,1595.23,1603.25,365005.983
2023-02-26 12:00:00+00:00,1603.25,1615.07,1594.15,1607.47,642514.997
2023-02-26 18:00:00+00:00,1607.48,1652.91,1606.13,1640.49,1397211.713
2023-02-27 00:00:00+00:00,1640.51,1649.83,1630.29,1633.01,601985.412
2023-02-27 06:00:00+00:00,1633.01,1642.94,1631.27,1640.48,506741.121
2023-02-27 12:00:00+00:00,1640.48,1664.97,1623.0,1632.0,1976890.378
2023-02-27 18:00:00+00:00,1631.99,1635.71,1606.71,1632.6,1109466.766
2023-02-28 00:00:00+00:00,1632.61,1635.33,1621.63,1625.74,431855.372
2023-02-28 06:00:00+00:00,1625.8,1631.47,1615.6,1628.87,622805.045
2023-02-28 12:00:00+00:00,1628.87,1646.99,1627.85,1642.82,1320633.94
2023-02-28 18:00:00+00:00,1642.81,1645.39,1595.0,1604.72,1289043.962
2023-03-01 00:00:00+00:00,1604.73,1661.53,1593.03,1650.23,1396037.753
2023-03-01 06:00:00+00:00,1650.29,1669.76,1648.23,1655.8,744139.245
2023-03-01 12:00:00+00:00,1655.8,1670.0,1641.05,1656.11,1409240.03
2023-03-01 18:00:00+00:00,1656.11,1666.0,1630.11,1664.46,906035.347
2023-03-02 00:00:00+00:00,1664.47,1677.74,1641.0,1643.8,961952.161
2023-03-02 06:00:00+00:00,1643.8,1648.56,1636.57,1643.96,706146.315
2023-03-02 12:00:00+00:00,1643.95,1644.7,1617.83,1624.26,1371872.098
2023-03-02 18:00:00+00:00,1624.25,1657.76,1622.26,1647.29,950167.792
2023-03-03 00:00:00+00:00,1647.29,1648.78,1534.85,1565.65,2478892.208
2023-03-03 06:00:00+00:00,1565.65,1573.7,1562.31,1563.83,609438.582
2023-03-03 12:00:00+00:00,1563.83,1580.0,1558.14,1571.42,1119673.21
2023-03-03 18:00:00+00:00,1571.43,1572.96,1546.0,1568.86,1003934.594
2023-03-04 00:00:00+00:00,1568.85,1577.0,1561.83,1566.24,432076.052
2023-03-04 06:00:00+00:00,1566.23,1571.9,1564.27,1568.49,277828.284
2023-03-04 12:00:00+00:00,1568.49,1571.54,1558.21,1561.56,405827.434
2023-03-04 18:00:00+00:00,1561.56,1568.04,1548.0,1566.05,699069.074
2023-03-05 00:00:00+00:00,1566.05,1588.08,1552.07,1569.64,1083408.245
2023-03-05 06:00:00+00:00,1569.64,1572.68,1563.13,1567.93,364414.378
2023-03-05 12:00:00+00:00,1567.92,1573.74,1567.23,1568.04,387200.05
2023-03-05 18:00:00+00:00,1568.04,1578.0,1555.01,1564.06,669125.773
2023-03-06 00:00:00+00:00,1564.06,1572.4,1553.29,1559.61,788877.318
2023-03-06 06:00:00+00:00,1559.61,1567.8,1556.75,1562.75,465799.45
2023-03-06 12:00:00+00:00,1562.75,1583.19,1560.74,1573.3,889049.215
2023-03-06 18:00:00+00:00,1573.3,1576.63,1558.31,1565.17,608092.462
2023-03-07 00:00:00+00:00,1565.17,1584.0,1560.48,1573.36,546681.105
2023-03-07 06:00:00+00:00,1573.36,1573.71,1561.47,1562.72,512116.454
2023-03-07 12:00:00+00:00,1562.73,1572.32,1524.0,1560.93,2227983.152
2023-03-07 18:00:00+00:00,1560.93,1563.0,1542.0,1561.29,861150.144
2023-03-08 00:00:00+00:00,1561.3,1570.0,1547.88,1550.54,758299.974
2023-03-08 06:00:00+00:00,1550.54,1561.33,1547.1,1556.68,526044.225
2023-03-08 12:00:00+00:00,1556.68,1565.35,1540.1,1553.76,1535681.967
2023-03-08 18:00:00+00:00,1553.76,1560.86,1520.0,1531.82,1143416.43
2023-03-09 00:00:00+00:00,1531.81,1544.72,1530.28,1536.97,559606.884
2023-03-09 06:00:00+00:00,1536.97,1540.78,1523.55,1534.77,701095.966
2023-03-09 12:00:00+00:00,1534.77,1545.78,1520.81,1528.56,1345825.202
2023-03-09 18:00:00+00:00,1528.55,1530.36,1402.8,1436.42,3974165.058
2023-03-10 00:00:00+00:00,1436.42,1436.73,1408.72,1419.52,1806636.471
2023-03-10 06:00:00+00:00,1419.52,1421.5,1367.51,1383.86,2535916.316
2023-03-10 12:00:00+00:00,1383.86,1438.17,1381.0,1406.82,4174658.592
2023-03-10 18:00:00+00:00,1406.82,1433.0,1401.16,1425.79,1421265.554
2023-03-11 00:00:00+00:00,1425.8,1475.45,1423.89,1461.51,2218590.559
2023-03-11 06:00:00+00:00,1461.5,1462.23,1407.48,1426.33,2490049.632
2023-03-11 12:00:00+00:00,1426.33,1455.83,1420.98,1448.49,1198031.724
2023-03-11 18:00:00+00:00,1448.49,1478.0,1443.0,1471.03,1248936.778
2023-03-12 00:00:00+00:00,1471.03,1473.2,1452.5,1462.05,840572.972
2023-03-12 06:00:00+00:00,1462.06,1466.92,1452.77,1464.16,567020.328
2023-03-12 12:00:00+00:00,1464.16,1535.0,1446.65,1514.43,1894767.168
2023-03-12 18:00:00+00:00,1514.44,1597.29,1509.66,1579.26,3507500.544
2023-03-13 00:00:00+00:00,1579.26,1623.86,1572.52,1598.55,1854397.591
2023-03-13 06:00:00+00:00,1598.56,1616.0,1564.18,1580.62,1823265.671
2023-03-13 12:00:00+00:00,1580.62,1700.0,1571.68,1669.46,4726114.804
2023-03-13 18:00:00+00:00,1669.47,1687.0,1661.0,1673.9,1034098.149
2023-03-14 00:00:00+00:00,1673.91,1695.76,1663.37,1671.8,1137875.76
2023-03-14 06:00:00+00:00,1671.8,1689.55,1655.0,1683.15,1130880.39
2023-03-14 12:00:00+00:00,1683.14,1779.05,1670.0,1756.7,4071378.449
2023-03-14 18:00:00+00:00,1756.7,1759.11,1660.12,1699.93,2698699.262
2023-03-15 00:00:00+00:00,1699.93,1718.34,1682.08,1699.76,1030263.801
2023-03-15 06:00:00+00:00,1699.76,1708.08,1650.0,1680.42,1390774.919
2023-03-15 12:00:00+00:00,1680.42,1699.6,1611.63,1630.15,3927462.732
2023-03-15 18:00:00+00:00,1630.15,1664.42,1621.01,1649.81,1267592.249
2023-03-16 00:00:00+00:00,1649.82,1659.49,1632.0,1643.98,831606.654
2023-03-16 06:00:00+00:00,1643.98,1670.9,1638.0,1659.72,1214068.673
2023-03-16 12:00:00+00:00,1659.72,1665.98,1634.27,1655.71,1519019.247
2023-03-16 18:00:00+00:00,1655.7,1693.0,1651.18,1672.56,1034805.903
2023-03-17 00:00:00+00:00,1672.57,1725.0,1661.57,1702.38,1364691.026
2023-03-17 06:00:00+00:00,1702.37,1764.99,1701.31,1760.64,1808333.48
2023-03-17 12:00:00+00:00,1760.64,1761.69,1702.47,1725.2,1675990.38
2023-03-17 18:00:00+00:00,1725.2,1801.22,1713.16,1789.21,1845743.873
2023-03-18 00:00:00+00:00,1789.21,1833.54,1767.0,1812.71,1492718.518
2023-03-18 06:00:00+00:00,1812.71,1822.0,1790.55,1813.16,793154.971
2023-03-18 12:00:00+00:00,1813.16,1846.15,1745.0,1786.17,2253034.521
2023-03-18 18:00:00+00:00,1786.17,1802.1,1750.23,1758.52,936189.493
2023-03-19 00:00:00+00:00,1758.52,1786.72,1757.8,1777.34,553346.049
2023-03-19 06:00:00+00:00,1777.33,1788.97,1761.29,1784.2,713037.759
2023-03-19 12:00:00+00:00,1784.2,1834.64,1772.55,1807.8,1877804.954
2023-03-19 18:00:00+00:00,1807.8,1841.96,1772.87,1779.99,1481881.209
2023-03-20 00:00:00+00:00,1779.98,1784.99,1734.2,1758.68,1352920.775
2023-03-20 06:00:00+00:00,1758.68,1803.37,1752.07,1778.37,1470246.781
2023-03-20 12:00:00+00:00,1778.37,1782.03,1745.0,1746.15,1486951.72
2023-03-20 18:00:00+00:00,1746.15,1766.78,1722.1,1731.71,1062931.169
2023-03-21 00:00:00+00:00,1731.71,1757.25,1727.95,1739.61,672417.76
2023-03-21 06:00:00+00:00,1739.61,1767.99,1716.0,1760.47,1125111.385
2023-03-21 12:00:00+00:00,1760.47,1836.0,1757.39,1789.15,2918562.756
2023-03-21 18:00:00+00:00,1789.16,1805.0,1772.31,1800.14,903652.511
2023-03-22 00:00:00+00:00,1800.13,1807.13,1776.66,1802.93,619998.142
2023-03-22 06:00:00+00:00,1802.93,1803.5,1780.02,1784.53,616708.571
2023-03-22 12:00:00+00:00,1784.52,1819.4,1775.0,1786.22,1859360.111
2023-03-22 18:00:00+00:00,1786.2,1810.6,1709.0,1733.61,2938369.492
2023-03-23 00:00:00+00:00,1733.61,1752.21,1728.5,1748.57,667418.245
2023-03-23 06:00:00+00:00,1748.57,1758.78,1744.0,1753.81,572470.287
2023-03-23 12:00:00+00:00,1753.81,1860.0,1740.01,1826.33,2785029.417
2023-03-23 18:00:00+00:00,1826.34,1829.83,1791.65,1813.27,1173668.224
2023-03-24 00:00:00+00:00,1813.26,1818.17,1802.34,1810.94,424402.058
2023-03-24 06:00:00+00:00,1810.94,1817.12,1720.0,1744.38,1301433.376
2023-03-24 12:00:00+00:00,1744.37,1785.98,1725.0,1736.61,2106274.107
2023-03-24 18:00:00+00:00,1736.6,1766.88,1727.54,1748.77,1080384.211
2023-03-25 00:00:00+00:00,1748.77,1761.88,1740.83,1743.31,407766.169
2023-03-25 06:00:00+00:00,1743.31,1752.0,1734.72,1744.23,416339.459
2023-03-25 12:00:00+00:00,1744.23,1763.7,1737.16,1743.44,683129.181
2023-03-25 18:00:00+00:00,1743.44,1745.65,1712.02,1741.02,831228.743
2023-03-26 00:00:00+00:00,1741.02,1756.31,1738.29,1752.25,398740.938
2023-03-26 06:00:00+00:00,1752.25,1787.48,1748.78,1777.05,846949.2
2023-03-26 12:00:00+00:00,1777.05,1800.0,1750.32,1766.16,1142910.883
2023-03-26 18:00:00+00:00,1766.16,1782.31,1753.26,1772.63,501158.723
2023-03-27 00:00:00+00:00,1772.63,1779.79,1745.19,1749.42,560616.903
2023-03-27 06:00:00+00:00,1749.41,1769.68,1745.25,1764.78,566613.621
2023-03-27 12:00:00+00:00,1764.79,1768.78,1684.0,1706.97,2537900.881
2023-03-27 18:00:00+00:00,1706.98,1718.73,1695.0,1714.35,641451.063
2023-03-28 00:00:00+00:00,1714.34,1726.97,1700.55,1723.61,602543.517
2023-03-28 06:00:00+00:00,1723.62,1754.52,1708.61,1744.91,1102135.438
2023-03-28 12:00:00+00:00,1744.91,1751.18,1724.4,1735.86,1229264.936
2023-03-28 18:00:00+00:00,1735.87,1797.19,1734.59,1772.09,1233170.232
2023-03-29 00:00:00+00:00,1772.11,1799.97,1771.66,1788.67,675079.572
2023-03-29 06:00:00+00:00,1788.66,1828.58,1785.5,1810.84,1449635.774
2023-03-29 12:00:00+00:00,1810.84,1815.95,1790.59,1797.99,1027121.14
2023-03-29 18:00:00+00:00,1798.0,1811.98,1782.0,1791.89,573520.27
2023-03-30 00:00:00+00:00,1791.89,1829.88,1763.0,1796.22,1684399.165
2023-03-30 06:00:00+00:00,1796.21,1813.07,1791.78,1803.93,623512.636
2023-03-30 12:00:00+00:00,1803.92,1805.0,1760.84,1769.33,1197039.86
2023-03-30 18:00:00+00:00,1769.33,1798.0,1766.67,1792.77,659023.057
2023-03-31 00:00:00+00:00,1792.76,1817.21,1788.38,1796.03,698072.036
2023-03-31 06:00:00+00:00,1796.02,1799.71,1777.0,1792.26,759375.835
2023-03-31 12:00:00+00:00,1792.26,1848.0,1789.04,1824.76,1952445.164
2023-03-31 18:00:00+00:00,1824.76,1831.31,1813.22,1820.81,548317.548
2023-04-01 00:00:00+00:00,1820.81,1842.8,1818.0,1824.78,480809.864
2023-04-01 06:00:00+00:00,1824.77,1828.12,1811.2,1823.45,405830.161
2023-04-01 12:00:00+00:00,1823.44,1826.44,1805.5,1816.2,495841.525
2023-04-01 18:00:00+00:00,1816.2,1824.96,1810.38,1819.82,292870.27
2023-04-02 00:00:00+00:00,1819.83,1823.03,1808.38,1820.92,321902.361
2023-04-02 06:00:00+00:00,1820.93,1824.6,1814.0,1816.51,288315.838
2023-04-02 12:00:00+00:00,1816.5,1818.8,1782.14,1800.46,950999.113
2023-04-02 18:00:00+00:00,1800.45,1801.0,1770.0,1793.56,631388.714
2023-04-03 00:00:00+00:00,1793.55,1793.79,1761.25,1777.57,604238.321
2023-04-03 06:00:00+00:00,1777.57,1818.0,1776.71,1806.79,998702.812
2023-04-03 12:00:00+00:00,1806.8,1822.44,1787.02,1799.91,963822.562
2023-04-03 18:00:00+00:00,1799.92,1840.0,1767.2,1809.68,1951896.125
2023-04-04 00:00:00+00:00,1809.68,1816.0,1800.69,1808.19,448855.259
2023-04-04 06:00:00+00:00,1808.19,1877.99,1805.5,1864.18,1644026.732
2023-04-04 12:00:00+00:00,1864.18,1895.0,1848.01,1869.7,1593475.555
2023-04-04 18:00:00+00:00,1869.72,1887.53,1858.03,1869.11,589350.184
2023-04-05 00:00:00+00:00,1869.11,1929.0,1863.69,1911.33,1314415.611
2023-04-05 06:00:00+00:00,1911.33,1922.0,1902.0,1913.91,490612.134
2023-04-05 12:00:00+00:00,1913.91,1945.0,1882.2,1897.63,1848812.877
2023-04-05 18:00:00+00:00,1897.63,1917.92,1890.05,1907.48,543229.45
2023-04-06 00:00:00+00:00,1907.49,1908.84,1873.0,1886.75,663234.367
2023-04-06 06:00:00+00:00,1886.74,1892.79,1851.6,1867.75,1059774.594
2023-04-06 12:00:00+00:00,1867.75,1882.29,1853.24,1873.96,906816.392
2023-04-06 18:00:00+00:00,1873.96,1878.04,1858.28,1871.33,407789.42
2023-04-07 00:00:00+00:00,1871.34,1881.94,1863.35,1869.95,400054.825
2023-04-07 06:00:00+00:00,1869.96,1870.14,1840.0,1848.5,768243.295
2023-04-07 12:00:00+00:00,1848.51,1862.8,1841.11,1857.85,616303.053
2023-04-07 18:00:00+00:00,1857.85,1871.7,1850.01,1862.87,309697.219
2023-04-08 00:00:00+00:00,1862.88,1878.0,1853.79,1877.7,419870.22
2023-04-08 06:00:00+00:00,1877.7,1878.81,1864.61,1866.6,302351.667
2023-04-08 12:00:00+00:00,1866.61,1870.35,1852.22,1859.24,299638.903
2023-04-08 18:00:00+00:00,1859.23,1860.4,1846.0,1848.02,412014.125
2023-04-09 00:00:00+00:00,1848.01,1859.24,1846.29,1848.39,323654.932
2023-04-09 06:00:00+00:00,1848.4,1848.55,1820.31,1838.51,763186.445
2023-04-09 12:00:00+00:00,1838.5,1845.0,1824.55,1839.29,506481.75
2023-04-09 18:00:00+00:00,1839.29,1873.7,1838.42,1857.84,797773.622
2023-04-10 00:00:00+00:00,1857.84,1865.99,1845.04,1859.2,491282.202
2023-04-10 06:00:00+00:00,1859.2,1862.25,1853.54,1857.17,287115.024
2023-04-10 12:00:00+00:00,1857.17,1904.6,1846.23,1894.41,1370600.313
2023-04-10 18:00:00+00:00,1894.42,1919.12,1876.83,1908.9,933287.581
2023-04-11 00:00:00+00:00,1908.91,1938.0,1906.9,1913.06,1021863.799
2023-04-11 06:00:00+00:00,1913.07,1926.5,1911.05,1914.6,422499.956
2023-04-11 12:00:00+00:00,1914.6,1922.21,1890.0,1905.04,995914.79
2023-04-11 18:00:00+00:00,1905.16,1917.0,1880.67,1888.89,695556.021
2023-04-12 00:00:00+00:00,1888.89,1896.48,1850.38,1863.58,932926.726
2023-04-12 06:00:00+00:00,1863.58,1874.91,1860.1,1871.52,437974.198
2023-04-12 12:00:00+00:00,1871.52,1933.0,1865.49,1913.33,2664132.973
2023-04-12 18:00:00+00:00,1913.32,1930.0,1892.68,1916.86,1142951.854
2023-04-13 00:00:00+00:00,1916.86,1920.0,1898.01,1918.0,649514.737
2023-04-13 06:00:00+00:00,1918.0,1998.0,1907.0,1985.15,2646494.014
2023-04-13 12:00:00+00:00,1985.15,2020.0,1985.11,2009.79,1901001.046
2023-04-13 18:00:00+00:00,2009.78,2025.0,2000.37,2011.8,747841.722
2023-04-14 00:00:00+00:00,2011.8,2137.64,2009.0,2118.2,2567320.614
2023-04-14 06:00:00+00:00,2118.19,2125.0,2101.01,2115.71,867452.515
2023-04-14 12:00:00+00:00,2115.7,2129.0,2041.0,2075.41,2539379.477
2023-04-14 18:00:00+00:00,2075.4,2123.0,2072.0,2099.77,934346.794
2023-04-15 00:00:00+00:00,2099.77,2106.54,2071.0,2089.53,623392.285
2023-04-15 06:00:00+00:00,2089.52,2113.28,2083.33,2100.66,598104.219
2023-04-15 12:00:00+00:00,2100.66,2111.89,2088.48,2090.9,773541.406
2023-04-15 18:00:00+00:00,2090.9,2103.59,2081.5,2091.2,624931.011
2023-04-16 00:00:00+00:00,2091.2,2101.72,2072.4,2095.84,502288.285
2023-04-16 06:00:00+00:00,2095.83,2103.8,2081.46,2086.54,408018.84
2023-04-16 12:00:00+00:00,2086.54,2110.0,2075.0,2097.77,696377.689
2023-04-16 18:00:00+00:00,2097.76,2146.1,2096.36,2118.09,1298551.164
2023-04-17 00:00:00+00:00,2118.09,2120.64,2070.1,2102.31,1066215.388
2023-04-17 06:00:00+00:00,2102.32,2102.88,2065.32,2076.32,823912.766
2023-04-17 12:00:00+00:00,2076.32,2089.53,2055.5,2080.53,1101784.676
2023-04-17 18:00:00+00:00,2080.54,2087.0,2066.4,2074.49,418376.529
2023-04-18 00:00:00+00:00,2074.49,2092.95,2047.64,2088.49,742775.448
2023-04-18 06:00:00+00:00,2088.49,2126.63,2088.46,2117.91,942446.89
2023-04-18 12:00:00+00:00,2117.91,2120.74,2072.22,2074.97,1068244.574
2023-04-18 18:00:00+00:00,2074.97,2108.09,2068.31,2103.29,789133.048
2023-04-19 00:00:00+00:00,2103.29,2104.61,2080.36,2088.42,454765.342
2023-04-19 06:00:00+00:00,2088.42,2090.07,1948.48,1980.7,2693207.695
2023-04-19 12:00:00+00:00,1980.7,2006.0,1962.24,1980.64,1265326.108
2023-04-19 18:00:00+00:00,1980.64,1987.76,1921.0,1932.83,1298807.22
2023-04-20 00:00:00+00:00,1932.83,1958.88,1922.58,1952.3,893578.959
2023-04-20 06:00:00+00:00,1952.3,1963.88,1936.0,1939.29,673044.505
2023-04-20 12:00:00+00:00,1939.28,1983.22,1905.75,1934.86,1976018.557
2023-04-20 18:00:00+00:00,1934.86,1954.85,1915.0,1942.11,943460.155
2023-04-21 00:00:00+00:00,1942.1,1956.82,1925.0,1926.45,591567.346
2023-04-21 06:00:00+00:00,1926.45,1933.4,1895.0,1908.17,1487000.433
2023-04-21 12:00:00+00:00,1908.17,1922.95,1871.6,1880.9,1779290.325
2023-04-21 18:00:00+00:00,1880.9,1891.38,1822.01,1848.0,1662971.285
2023-04-22 00:00:00+00:00,1848.01,1864.0,1845.4,1864.0,428299.947
2023-04-22 06:00:00+00:00,1863.99,1864.51,1839.26,1851.12,480293.302
2023-04-22 12:00:00+00:00,1851.13,1886.5,1845.2,1880.27,892748.39
2023-04-22 18:00:00+00:00,1880.26,1881.47,1862.79,1873.39,432559.292
2023-04-23 00:00:00+00:00,1873.4,1873.4,1845.25,1866.32,559026.923
2023-04-23 06:00:00+00:00,1866.32,1876.78,1862.0,1873.79,493442.165
2023-04-23 12:00:00+00:00,1873.79,1882.11,1846.0,1858.16,828064.612
2023-04-23 18:00:00+00:00,1858.16,1868.06,1833.3,1861.3,744325.349
2023-04-24 00:00:00+00:00,1861.3,1891.3,1849.04,1855.51,849343.935
2023-04-24 06:00:00+00:00,1855.51,1859.4,1825.55,1854.48,1132200.949
2023-04-24 12:00:00+00:00,1854.48,1875.61,1806.0,1833.77,2049275.399
2023-04-24 18:00:00+00:00,1833.76,1847.32,1826.59,1841.19,606562.393
2023-04-25 00:00:00+00:00,1841.19,1850.02,1821.11,1829.7,595584.033
2023-04-25 06:00:00+00:00,1829.7,1830.37,1804.44,1825.22,1053148.243
2023-04-25 12:00:00+00:00,1825.23,1841.86,1797.98,1838.46,1279635.147
2023-04-25 18:00:00+00:00,1838.46,1877.6,1828.03,1865.4,1238071.863
2023-04-26 00:00:00+00:00,1865.4,1883.79,1860.93,1868.01,597195.925
2023-04-26 06:00:00+00:00,1868.01,1919.49,1857.29,1913.67,1621589.387
2023-04-26 12:00:00+00:00,1913.68,1964.7,1913.36,1946.83,1867215.744
2023-04-26 18:00:00+00:00,1946.83,1950.55,1782.03,1865.02,3242088.215
2023-04-27 00:00:00+00:00,1865.03,1939.4,1860.0,1906.65,1785856.895
2023-04-27 06:00:00+00:00,1906.65,1907.67,1871.77,1880.14,1045132.695
2023-04-27 12:00:00+00:00,1880.15,1916.98,1858.55,1903.16,1545477.801
2023-04-27 18:00:00+00:00,1903.17,1937.7,1889.95,1907.67,1110341.228
2023-04-28 00:00:00+00:00,1907.68,1922.57,1901.17,1913.99,563996.101
2023-04-28 06:00:00+00:00,1914.0,1923.63,1893.26,1901.47,735689.394
2023-04-28 12:00:00+00:00,1901.48,1914.94,1873.0,1890.16,1342829.531
2023-04-28 18:00:00+00:00,1890.16,1907.67,1883.33,1890.13,499701.729
2023-04-29 00:00:00+00:00,1890.13,1903.79,1885.1,1898.15,305793.843
2023-04-29 06:00:00+00:00,1898.14,1903.4,1892.23,1897.3,310389.956
2023-04-29 12:00:00+00:00,1897.29,1917.27,1881.1,1893.77,672101.826
2023-04-29 18:00:00+00:00,1893.77,1908.93,1892.35,1907.01,305596.844
2023-04-30 00:00:00+00:00,1907.01,1907.29,1891.67,1902.74,305177.333
2023-04-30 06:00:00+00:00,1902.74,1913.0,1898.22,1899.8,401585.991
2023-04-30 12:00:00+00:00,1899.8,1940.0,1896.41,1920.95,1190829.504
2023-04-30 18:00:00+00:00,1920.95,1922.73,1863.9,1868.41,1080387.339
2023-05-01 00:00:00+00:00,1868.41,1885.56,1821.17,1845.68,1202125.874
2023-05-01 06:00:00+00:00,1845.68,1853.74,1839.82,1844.51,400800.44
2023-05-01 12:00:00+00:00,1844.5,1851.73,1820.0,1838.8,1203716.817
2023-05-01 18:00:00+00:00,1838.8,1839.29,1805.28,1829.97,933736.43
2023-05-02 00:00:00+00:00,1829.97,1836.54,1821.25,1828.11,400818.836
2023-05-02 06:00:00+00:00,1828.11,1840.48,1824.8,1832.95,428412.137
2023-05-02 12:00:00+00:00,1832.96,1869.27,1823.0,1860.0,1583742.445
2023-05-02 18:00:00+00:00,1860.0,1882.6,1856.17,1869.2,652438.7
2023-05-03 00:00:00+00:00,1869.21,1870.03,1852.81,1859.67,422208.155
2023-05-03 06:00:00+00:00,1859.67,1871.75,1856.95,1858.7,432621.622
2023-05-03 12:00:00+00:00,1858.69,1888.0,1841.71,1874.55,1330656.792
2023-05-03 18:00:00+00:00,1874.55,1917.29,1856.33,1904.74,1959151.98
2023-05-04 00:00:00+00:00,1904.74,1907.91,1895.17,1902.3,475505.069
2023-05-04 06:00:00+00:00,1902.3,1918.61,1895.29,1903.9,532925.361
2023-05-04 12:00:00+00:00,1903.89,1907.75,1876.85,1881.67,1062954.411
2023-05-04 18:00:00+00:00,1881.66,1882.6,1865.72,1876.13,567877.911
2023-05-05 00:00:00+00:00,1876.14,1908.9,1874.8,1895.75,789369.742
2023-05-05 06:00:00+00:00,1895.75,1915.32,1891.72,1910.82,651640.522
2023-05-05 12:00:00+00:00,1910.83,2004.99,1880.75,1990.97,2916826.69
2023-05-05 18:00:00+00:00,1990.97,1997.08,1969.24,1992.56,696013.546
2023-05-06 00:00:00+00:00,1992.55,2023.66,1957.29,1959.65,1141521.033
2023-05-06 06:00:00+00:00,1959.65,1965.37,1920.0,1933.7,1078045.854
2023-05-06 12:00:00+00:00,1933.71,1934.07,1850.0,1881.21,1974309.594
2023-05-06 18:00:00+00:00,1881.21,1905.4,1880.46,1895.29,686957.442
2023-05-07 00:00:00+00:00,1895.3,1917.93,1886.32,1898.35,754977.46
2023-05-07 06:00:00+00:00,1898.35,1912.55,1894.92,1901.31,585029.218
2023-05-07 12:00:00+00:00,1901.31,1933.0,1901.3,1911.23,1033337.283
2023-05-07 18:00:00+00:00,1911.22,1920.82,1865.32,1869.5,825131.706
2023-05-08 00:00:00+00:00,1869.51,1883.17,1836.77,1866.87,1447578.196
2023-05-08 06:00:00+00:00,1866.87,1866.88,1833.0,1861.83,1028107.631
2023-05-08 12:00:00+00:00,1861.83,1876.62,1825.0,1825.0,1255387.331
2023-05-08 18:00:00+00:00,1825.03,1850.0,1810.0,1846.54,1174293.495
2023-05-09 00:00:00+00:00,1846.54,1856.9,1835.85,1840.13,532885.358
2023-05-09 06:00:00+00:00,1840.12,1849.45,1830.05,1845.7,576853.068
2023-05-09 12:00:00+00:00,1845.7,1857.9,1833.5,1846.39,964456.76
2023-05-09 18:00:00+00:00,1846.38,1863.0,1838.26,1845.8,435589.421
2023-05-10 00:00:00+00:00,1845.8,1858.69,1840.01,1842.53,428816.491
2023-05-10 06:00:00+00:00,1842.52,1850.67,1832.3,1849.63,492305.132
2023-05-10 12:00:00+00:00,1849.63,1887.0,1785.74,1829.16,2771557.531
2023-05-10 18:00:00+00:00,1829.15,1863.87,1822.52,1839.86,1210424.273
2023-05-11 00:00:00+00:00,1839.86,1841.24,1818.66,1831.39,565353.878
2023-05-11 06:00:00+00:00,1831.39,1834.75,1805.78,1820.18,668513.666
2023-05-11 12:00:00+00:00,1820.18,1841.54,1768.42,1782.14,2051741.45
2023-05-11 18:00:00+00:00,1782.15,1800.73,1775.45,1793.24,720330.733
2023-05-12 00:00:00+00:00,1793.25,1800.0,1735.37,1747.8,1175214.671
2023-05-12 06:00:00+00:00,1747.79,1771.6,1740.84,1763.95,844012.681
2023-05-12 12:00:00+00:00,1763.95,1782.87,1760.0,1770.08,921746.247
2023-05-12 18:00:00+00:00,1770.07,1820.0,1741.33,1806.53,1333294.113
2023-05-13 00:00:00+00:00,1806.53,1816.24,1796.01,1797.38,428262.505
2023-05-13 06:00:00+00:00,1797.37,1810.9,1796.0,1802.96,345697.851
2023-05-13 12:00:00+00:00,1802.97,1809.5,1784.0,1792.5,550499.319
2023-05-13 18:00:00+00:00,1792.49,1805.89,1784.02,1794.44,469648.673
2023-05-14 00:00:00+00:00,1794.44,1804.9,1789.41,1802.18,359877.884
2023-05-14 06:00:00+00:00,1802.19,1809.1,1798.0,1801.34,331896.187
2023-05-14 12:00:00+00:00,1801.39,1825.27,1796.44,1805.29,928868.543
2023-05-14 18:00:00+00:00,1805.26,1805.26,1790.54,1798.25,444477.012
2023-05-15 00:00:00+00:00,1798.26,1837.35,1783.51,1824.59,1110584.545
2023-05-15 06:00:00+00:00,1824.59,1835.0,1821.54,1823.63,490865.728
2023-05-15 12:00:00+00:00,1823.62,1848.0,1810.7,1833.15,1067347.737
2023-05-15 18:00:00+00:00,1833.16,1834.4,1811.37,1815.56,394147.088
2023-05-16 00:00:00+00:00,1815.56,1822.22,1795.0,1809.9,789812.711
2023-05-16 06:00:00+00:00,1809.9,1826.92,1805.01,1815.65,550872.005
2023-05-16 12:00:00+00:00,1815.65,1829.99,1808.93,1826.39,788508.711
2023-05-16 18:00:00+00:00,1826.39,1832.93,1813.13,1823.53,430748.237
2023-05-17 00:00:00+00:00,1823.52,1837.85,1816.88,1817.99,464776.416
2023-05-17 06:00:00+00:00,1817.99,1820.7,1787.0,1789.41,877884.72
2023-05-17 12:00:00+00:00,1789.41,1821.99,1781.0,1815.12,1029303.488
2023-05-17 18:00:00+00:00,1815.13,1834.79,1815.13,1821.65,786262.583
2023-05-18 00:00:00+00:00,1821.65,1827.72,1817.01,1818.28,337687.487
2023-05-18 06:00:00+00:00,1818.27,1831.46,1813.52,1824.9,499044.306
2023-05-18 12:00:00+00:00,1824.91,1826.29,1770.0,1777.33,1331093.476
2023-05-18 18:00:00+00:00,1777.33,1821.51,1772.0,1799.69,878634.034
2023-05-19 00:00:00+00:00,1799.69,1806.65,1795.72,1804.48,356256.097
2023-05-19 06:00:00+00:00,1804.49,1811.55,1802.5,1806.73,369479.462
2023-05-19 12:00:00+00:00,1806.73,1830.0,1798.63,1818.3,1161004.277
2023-05-19 18:00:00+00:00,1818.3,1822.05,1806.0,1811.38,256155.164
2023-05-20 00:00:00+00:00,1811.38,1813.36,1805.96,1809.85,196026.351
2023-05-20 06:00:00+00:00,1809.84,1815.28,1807.3,1812.48,166712.997
2023-05-20 12:00:00+00:00,1812.48,1827.77,1811.62,1826.48,334824.145
2023-05-20 18:00:00+00:00,1826.49,1828.88,1810.84,1818.59,333733.483
2023-05-21 00:00:00+00:00,1818.59,1828.91,1812.46,1814.19,301406.175
2023-05-21 06:00:00+00:00,1814.18,1816.69,1805.04,1808.43,350472.551
2023-05-21 12:00:00+00:00,1808.42,1817.4,1801.22,1805.64,432727.381
2023-05-21 18:00:00+00:00,1805.65,1810.9,1794.45,1803.89,313023.045
2023-05-22 00:00:00+00:00,1803.9,1806.24,1790.76,1803.29,505980.2
2023-05-22 06:00:00+00:00,1803.29,1819.75,1802.62,1813.89,537315.814
2023-05-22 12:00:00+00:00,1813.89,1827.99,1806.71,1816.11,938557.139
2023-05-22 18:00:00+00:00,1816.11,1825.5,1812.22,1816.67,288800.39
2023-05-23 00:00:00+00:00,1816.68,1874.23,1814.25,1857.09,1385806.882
2023-05-23 06:00:00+00:00,1857.1,1861.8,1845.0,1854.32,454848.344
2023-05-23 12:00:00+00:00,1854.32,1860.0,1840.54,1848.96,722448.782
2023-05-23 18:00:00+00:00,1848.96,1856.75,1841.24,1853.36,372096.673
2023-05-24 00:00:00+00:00,1853.37,1853.5,1810.0,1825.52,1080836.079
2023-05-24 06:00:00+00:00,1825.52,1825.84,1808.34,1815.37,589219.516
2023-05-24 12:00:00+00:00,1815.36,1817.79,1775.0,1791.97,1356797.855
2023-05-24 18:00:00+00:00,1791.98,1808.98,1785.02,1798.84,580900.347
2023-05-25 00:00:00+00:00,1798.84,1807.2,1758.0,1783.75,854299.226
2023-05-25 06:00:00+00:00,1783.75,1792.51,1776.19,1788.63,459342.729
2023-05-25 12:00:00+00:00,1788.64,1819.93,1785.7,1804.0,1049977.439
2023-05-25 18:00:00+00:00,1803.99,1818.71,1802.51,1804.65,529420.276
2023-05-26 00:00:00+00:00,1804.65,1808.6,1795.99,1802.35,352809.447
2023-05-26 06:00:00+00:00,1802.34,1818.0,1800.77,1811.46,400260.384
2023-05-26 12:00:00+00:00,1811.45,1837.93,1807.81,1823.3,1074886.372
2023-05-26 18:00:00+00:00,1823.3,1837.54,1821.3,1826.81,347401.718
2023-05-27 00:00:00+00:00,1826.81,1835.7,1823.91,1830.76,261881.681
2023-05-27 06:00:00+00:00,1830.75,1833.45,1821.42,1825.82,275634.601
2023-05-27 12:00:00+00:00,1825.81,1831.58,1810.63,1823.19,418438.085
2023-05-27 18:00:00+00:00,1823.19,1831.56,1819.07,1828.85,238983.137
2023-05-28 00:00:00+00:00,1828.85,1860.0,1822.31,1846.48,866674.575
2023-05-28 06:00:00+00:00,1846.48,1850.97,1842.08,1842.61,300970.978
2023-05-28 12:00:00+00:00,1842.6,1853.36,1835.66,1846.72,409310.579
2023-05-28 18:00:00+00:00,1846.72,1930.0,1842.81,1908.36,1328816.556
2023-05-29 00:00:00+00:00,1908.36,1928.2,1893.23,1903.57,829092.194
2023-05-29 06:00:00+00:00,1903.57,1905.53,1892.11,1902.87,376815.297
2023-05-29 12:00:00+00:00,1902.86,1905.0,1872.0,1890.5,902423.023
2023-05-29 18:00:00+00:00,1890.49,1903.76,1884.73,1891.5,369586.665
2023-05-30 00:00:00+00:00,1891.51,1912.92,1880.02,1897.37,477940.518
2023-05-30 06:00:00+00:00,1897.37,1917.0,1897.37,1914.49,507212.413
2023-05-30 12:00:00+00:00,1914.48,1915.0,1890.28,1902.12,849044.246
2023-05-30 18:00:00+00:00,1902.12,1914.8,1896.29,1899.81,372992.583
2023-05-31 00:00:00+00:00,1899.81,1906.57,1857.76,1863.54,945698.48
2023-05-31 06:00:00+00:00,1863.54,1873.0,1856.0,1864.57,553319.603
2023-05-31 12:00:00+00:00,1864.56,1874.78,1845.0,1865.24,811100.652
2023-05-31 18:00:00+00:00,1865.25,1881.63,1859.88,1872.84,346852.036
2023-06-01 00:00:00+00:00,1872.85,1889.61,1837.94,1854.87,986430.506
2023-06-01 06:00:00+00:00,1854.87,1865.38,1850.02,1860.8,365445.779
2023-06-01 12:00:00+00:00,1860.81,1883.07,1854.77,1870.19,744172.205
2023-06-01 18:00:00+00:00,1870.2,1876.76,1851.48,1860.59,509748.669
2023-06-02 00:00:00+00:00,1860.59,1897.12,1846.0,1892.33,861990.723
2023-06-02 06:00:00+00:00,1892.34,1901.81,1884.24,1894.13,405427.989
2023-06-02 12:00:00+00:00,1894.13,1898.6,1874.5,1892.35,865127.115
2023-06-02 18:00:00+00:00,1892.35,1911.0,1889.32,1905.58,513720.563
2023-06-03 00:00:00+00:00,1905.59,1907.09,1895.67,1900.05,264939.147
2023-06-03 06:00:00+00:00,1900.05,1905.93,1897.44,1902.99,215427.285
2023-06-03 12:00:00+00:00,1902.99,1905.99,1886.9,1889.33,469843.262
2023-06-03 18:00:00+00:00,1889.33,1892.9,1878.5,1890.91,330141.057
2023-06-04 00:00:00+00:00,1890.9,1895.59,1883.19,1891.07,217248.901
2023-06-04 06:00:00+00:00,1891.07,1908.2,1890.08,1902.25,328518.965
2023-06-04 12:00:00+00:00,1902.24,1914.53,1895.0,1897.76,458531.021
2023-06-04 18:00:00+00:00,1897.76,1912.57,1883.62,1888.54,543383.936
2023-06-05 00:00:00+00:00,1888.54,1890.01,1860.14,1869.63,932580.918
2023-06-05 06:00:00+00:00,1869.63,1872.99,1862.02,1868.64,380407.445
2023-06-05 12:00:00+00:00,1868.65,1870.63,1775.0,1815.76,2301017.496
2023-06-05 18:00:00+00:00,1815.76,1815.76,1791.05,1810.03,643286.172
2023-06-06 00:00:00+00:00,1810.03,1818.2,1801.76,1815.0,372352.977
2023-06-06 06:00:00+00:00,1814.99,1822.45,1807.32,1812.75,420460.006
2023-06-06 12:00:00+00:00,1812.75,1887.65,1796.0,1874.32,2548131.784
2023-06-06 18:00:00+00:00,1874.33,1898.0,1871.85,1883.26,992211.501
2023-06-07 00:00:00+00:00,1883.26,1897.2,1871.0,1879.45,594274.572
2023-06-07 06:00:00+00:00,1879.45,1883.73,1841.29,1869.64,1045498.143
2023-06-07 12:00:00+00:00,1869.64,1870.2,1831.17,1848.67,1440312.083
2023-06-07 18:00:00+00:00,1848.68,1851.7,1820.0,1831.31,623858.823
2023-06-08 00:00:00+00:00,1831.32,1840.93,1827.42,1836.26,381246.746
2023-06-08 06:00:00+00:00,1836.26,1848.22,1831.39,1842.75,353567.076
2023-06-08 12:00:00+00:00,1842.76,1861.41,1836.68,1843.05,831171.971
2023-06-08 18:00:00+00:00,1843.05,1853.7,1841.19,1844.94,267418.246
2023-06-09 00:00:00+00:00,1844.93,1848.66,1825.0,1838.67,516703.597
2023-06-09 06:00:00+00:00,1838.66,1847.14,1830.0,1843.11,387988.42
2023-06-09 12:00:00+00:00,1843.11,1854.77,1836.17,1841.04,691324.226
2023-06-09 18:00:00+00:00,1841.03,1841.99,1827.0,1839.61,334519.508
2023-06-10 00:00:00+00:00,1839.61,1844.8,1742.0,1750.34,2024971.782
2023-06-10 06:00:00+00:00,1750.34,1760.83,1712.08,1746.87,1604570.373
2023-06-10 12:00:00+00:00,1746.87,1772.54,1715.29,1759.48,1168175.14
2023-06-10 18:00:00+00:00,1759.47,1761.57,1723.0,1750.64,753454.037
2023-06-11 00:00:00+00:00,1750.65,1759.0,1742.61,1755.71,389674.968
2023-06-11 06:00:00+00:00,1755.72,1758.6,1744.0,1751.49,289051.42
2023-06-11 12:00:00+00:00,1751.48,1764.47,1737.29,1755.19,661354.977
2023-06-11 18:00:00+00:00,1755.2,1778.36,1740.18,1751.8,690732.217
2023-06-12 00:00:00+00:00,1751.8,1754.97,1717.5,1735.4,781700.004
2023-06-12 06:00:00+00:00,1735.4,1759.32,1731.7,1744.76,649917.657
2023-06-12 12:00:00+00:00,1744.77,1746.89,1719.29,1735.38,830725.86
2023-06-12 18:00:00+00:00,1735.37,1745.84,1726.69,1741.61,353080.27
2023-06-13 00:00:00+00:00,1741.6,1755.99,1727.4,1748.58,667548.394
2023-06-13 06:00:00+00:00,1748.58,1758.8,1745.22,1753.06,493923.393
2023-06-13 12:00:00+00:00,1753.06,1766.53,1722.53,1736.2,1417667.899
2023-06-13 18:00:00+00:00,1736.21,1750.47,1732.38,1739.24,399777.181
2023-06-14 00:00:00+00:00,1739.24,1748.0,1735.8,1737.51,329928.934
2023-06-14 06:00:00+00:00,1737.51,1749.65,1736.53,1745.48,297932.724
2023-06-14 12:00:00+00:00,1745.48,1748.8,1730.04,1743.0,593295.402
2023-06-14 18:00:00+00:00,1743.0,1747.0,1625.5,1650.18,2741688.702
2023-06-15 00:00:00+00:00,1650.19,1654.97,1641.28,1646.68,483427.141
2023-06-15 06:00:00+00:00,1646.67,1648.16,1625.56,1642.44,940487.37
2023-06-15 12:00:00+00:00,1642.46,1651.98,1632.32,1649.64,805568.172
2023-06-15 18:00:00+00:00,1649.64,1680.0,1646.4,1665.64,1055496.701
2023-06-16 00:00:00+00:00,1665.64,1673.33,1658.54,1672.18,335898.417
2023-06-16 06:00:00+00:00,1672.18,1676.69,1662.25,1663.77,413922.394
2023-06-16 12:00:00+00:00,1663.77,1702.89,1644.65,1697.67,1469841.907
2023-06-16 18:00:00+00:00,1697.68,1730.0,1693.82,1717.31,879812.387
2023-06-17 00:00:00+00:00,1717.31,1775.0,1713.38,1759.0,726811.305
2023-06-17 06:00:00+00:00,1758.99,1761.66,1732.63,1737.69,594324.246
2023-06-17 12:00:00+00:00,1737.68,1741.59,1715.2,1723.13,606660.067
2023-06-17 18:00:00+00:00,1723.13,1731.99,1722.0,1727.2,233935.24
2023-06-18 00:00:00+00:00,1727.19,1738.44,1719.21,1726.87,313810.386
2023-06-18 06:00:00+00:00,1726.86,1734.86,1721.1,1733.77,293738.948
2023-06-18 12:00:00+00:00,1733.77,1747.5,1729.24,1744.85,440088.27
2023-06-18 18:00:00+00:00,1744.86,1745.34,1710.77,1719.99,590959.754
2023-06-19 00:00:00+00:00,1719.99,1727.57,1713.25,1726.11,308722.569
2023-06-19 06:00:00+00:00,1726.11,1727.0,1718.99,1725.01,231575.239
2023-06-19 12:00:00+00:00,1725.01,1733.89,1689.29,1728.96,954164.738
2023-06-19 18:00:00+00:00,1728.97,1753.0,1701.74,1736.21,1097139.861
2023-06-20 00:00:00+00:00,1736.2,1749.0,1727.17,1727.86,440331.067
2023-06-20 06:00:00+00:00,1727.86,1734.56,1722.69,1733.73,340791.317
2023-06-20 12:00:00+00:00,1733.74,1780.0,1713.57,1768.24,1409420.781
2023-06-20 18:00:00+00:00,1768.24,1796.84,1768.24,1791.37,1275879.808
2023-06-21 00:00:00+00:00,1791.37,1828.0,1786.56,1820.52,1074800.767
2023-06-21 06:00:00+00:00,1820.52,1834.45,1806.58,1829.01,716678.14
2023-06-21 12:00:00+00:00,1829.01,1901.6,1813.9,1871.54,2690455.807
2023-06-21 18:00:00+00:00,1871.54,1901.58,1866.11,1888.31,848864.117
2023-06-22 00:00:00+00:00,1888.3,1933.7,1883.03,1910.57,957214.419
2023-06-22 06:00:00+00:00,1910.58,1911.97,1880.08,1886.2,706607.693
2023-06-22 12:00:00+00:00,1886.2,1909.0,1862.0,1889.38,1094188.977
2023-06-22 18:00:00+00:00,1889.38,1891.92,1865.0,1871.36,379849.329
2023-06-23 00:00:00+00:00,1871.37,1886.24,1861.77,1882.56,374985.672
2023-06-23 06:00:00+00:00,1882.57,1888.28,1873.56,1878.84,386556.387
2023-06-23 12:00:00+00:00,1878.84,1938.48,1859.96,1923.19,1918968.023
2023-06-23 18:00:00+00:00,1923.17,1924.41,1875.0,1892.2,725452.351
2023-06-24 00:00:00+00:00,1892.2,1897.52,1877.0,1893.37,369374.787
2023-06-24 06:00:00+00:00,1893.36,1893.37,1881.03,1889.5,274001.814
2023-06-24 12:00:00+00:00,1889.5,1905.6,1865.55,1881.65,756159.427
2023-06-24 18:00:00+00:00,1881.65,1888.92,1863.0,1874.48,363688.866
2023-06-25 00:00:00+00:00,1874.47,1918.5,1867.84,1911.35,696012.521
2023-06-25 06:00:00+00:00,1911.35,1929.96,1906.0,1917.77,837678.189
2023-06-25 12:00:00+00:00,1917.78,1919.5,1879.02,1892.3,821402.791
2023-06-25 18:00:00+00:00,1892.3,1907.02,1880.31,1898.27,426064.635
2023-06-26 00:00:00+00:00,1898.26,1904.0,1864.0,1876.85,695624.97
2023-06-26 06:00:00+00:00,1876.85,1905.0,1871.27,1880.01,695578.809
2023-06-26 12:00:00+00:00,1880.0,1909.32,1836.0,1845.83,1532920.08
2023-06-26 18:00:00+00:00,1845.83,1860.0,1841.26,1858.14,476385.276
2023-06-27 00:00:00+00:00,1858.14,1878.95,1854.14,1867.01,497823.105
2023-06-27 06:00:00+00:00,1867.01,1890.0,1860.95,1880.41,659875.09
2023-06-27 12:00:00+00:00,1880.41,1912.65,1859.03,1901.37,1299693.5
2023-06-27 18:00:00+00:00,1901.36,1901.74,1883.92,1889.05,371888.429
2023-06-28 00:00:00+00:00,1889.05,1889.65,1850.67,1866.8,774058.149
2023-06-28 06:00:00+00:00,1866.8,1866.8,1847.01,1859.93,601636.804
2023-06-28 12:00:00+00:00,1859.93,1868.68,1840.55,1847.51,985555.45
2023-06-28 18:00:00+00:00,1847.52,1851.73,1811.89,1827.26,726907.667
2023-06-29 00:00:00+00:00,1827.26,1843.48,1827.02,1837.48,304765.901
2023-06-29 06:00:00+00:00,1837.48,1872.59,1836.05,1869.15,725023.375
2023-06-29 12:00:00+00:00,1869.15,1879.98,1840.05,1849.89,897098.823
2023-06-29 18:00:00+00:00,1849.89,1858.8,1841.7,1851.19,317738.392
2023-06-30 00:00:00+00:00,1851.18,1908.53,1840.14,1881.47,1210204.964
2023-06-30 06:00:00+00:00,1881.47,1894.0,1873.0,1890.52,557511.716
2023-06-30 12:00:00+00:00,1890.52,1947.31,1820.0,1931.79,3293643.046
2023-06-30 18:00:00+00:00,1931.79,1943.99,1913.7,1933.41,900146.552
2023-07-01 00:00:00+00:00,1933.42,1944.69,1908.55,1918.48,575961.493
2023-07-01 06:00:00+00:00,1918.48,1926.49,1910.33,1921.98,455411.034
2023-07-01 12:00:00+00:00,1921.99,1929.67,1916.0,1918.01,379716.223
2023-07-01 18:00:00+00:00,1918.0,1927.18,1917.74,1924.08,172917.959
2023-07-02 00:00:00+00:00,1924.08,1926.73,1909.44,1913.41,428124.36
2023-07-02 06:00:00+00:00,1913.4,1922.64,1910.74,1919.99,321307.523
2023-07-02 12:00:00+00:00,1920.0,1927.95,1883.55,1906.57,851370.345
2023-07-02 18:00:00+00:00,1906.58,1964.0,1900.88,1937.69,1001485.537
2023-07-03 00:00:00+00:00,1937.69,1953.92,1933.04,1944.79,475819.56
2023-07-03 06:00:00+00:00,1944.79,1978.0,1941.6,1961.38,832824.349
2023-07-03 12:00:00+00:00,1961.38,1977.52,1952.65,1963.57,930764.649
2023-07-03 18:00:00+00:00,1963.59,1974.75,1946.01,1955.0,544453.588
2023-07-04 00:00:00+00:00,1955.0,1967.91,1948.0,1951.79,448312.745
2023-07-04 06:00:00+00:00,1951.79,1961.8,1945.37,1960.13,380711.727
2023-07-04 12:00:00+00:00,1960.13,1965.99,1947.0,1949.2,554133.05
2023-07-04 18:00:00+00:00,1949.19,1953.14,1930.37,1935.72,530393.9
2023-07-05 00:00:00+00:00,1935.72,1942.22,1931.55,1933.7,260455.242
2023-07-05 06:00:00+00:00,1933.69,1937.7,1902.0,1909.95,887456.715
2023-07-05 12:00:00+00:00,1909.89,1915.89,1892.9,1911.59,843568.464
2023-07-05 18:00:00+00:00,1911.58,1917.71,1903.02,1909.88,299112.898
2023-07-06 00:00:00+00:00,1909.88,1923.99,1897.44,1921.11,411957.914
2023-07-06 06:00:00+00:00,1921.11,1957.94,1910.0,1916.7,1283504.122
2023-07-06 12:00:00+00:00,1916.69,1918.0,1864.0,1886.64,1837184.525
2023-07-06 18:00:00+00:00,1886.64,1893.89,1844.47,1844.82,686970.805
2023-07-07 00:00:00+00:00,1844.81,1862.93,1823.74,1857.1,739707.422
2023-07-07 06:00:00+00:00,1857.1,1864.88,1851.31,1859.41,342661.827
2023-07-07 12:00:00+00:00,1859.4,1877.51,1850.0,1866.44,792280.974
2023-07-07 18:00:00+00:00,1866.44,1871.1,1855.0,1870.0,275725.658
2023-07-08 00:00:00+00:00,1870.0,1873.1,1857.01,1861.89,282440.885
2023-07-08 06:00:00+00:00,1861.89,1866.87,1853.28,1858.34,287570.872
2023-07-08 12:00:00+00:00,1858.33,1865.43,1854.93,1861.48,218951.254
2023-07-08 18:00:00+00:00,1861.48,1865.75,1841.28,1864.45,355690.737
2023-07-09 00:00:00+00:00,1864.45,1873.99,1861.93,1866.48,303253.263
2023-07-09 06:00:00+00:00,1866.48,1868.94,1862.93,1868.08,179755.635
2023-07-09 12:00:00+00:00,1868.08,1878.98,1855.46,1866.91,549502.363
2023-07-09 18:00:00+00:00,1866.9,1870.93,1855.2,1861.81,283302.268
2023-07-10 00:00:00+00:00,1861.81,1867.33,1845.09,1853.48,485778.131
2023-07-10 06:00:00+00:00,1853.48,1864.75,1848.0,1863.29,358756.427
2023-07-10 12:00:00+00:00,1863.29,1873.78,1858.92,1867.36,546511.187
2023-07-10 18:00:00+00:00,1867.36,1904.96,1865.97,1879.34,1066441.016
2023-07-11 00:00:00+00:00,1879.35,1884.07,1874.27,1877.24,273904.445
2023-07-11 06:00:00+00:00,1877.24,1892.32,1862.43,1866.42,560485.73
2023-07-11 12:00:00+00:00,1866.41,1881.86,1861.1,1872.35,617957.478
2023-07-11 18:00:00+00:00,1872.35,1879.5,1866.6,1877.66,238520.256
2023-07-12 00:00:00+00:00,1877.66,1889.17,1875.73,1882.99,348674.065
2023-07-12 06:00:00+00:00,1883.0,1896.43,1880.33,1889.99,413312.735
2023-07-12 12:00:00+00:00,1889.99,1901.86,1876.45,1885.99,1214924.774
2023-07-12 18:00:00+00:00,1885.99,1890.55,1863.15,1870.81,537947.7
2023-07-13 00:00:00+00:00,1870.82,1875.85,1861.59,1867.77,301203.1
2023-07-13 06:00:00+00:00,1867.76,1884.77,1867.22,1882.96,442353.831
2023-07-13 12:00:00+00:00,1882.97,2011.06,1875.03,1988.75,2812838.795
2023-07-13 18:00:00+00:00,1988.76,2014.8,1971.0,2004.78,1516557.057
2023-07-14 00:00:00+00:00,2004.77,2031.28,2002.13,2008.65,816848.8
2023-07-14 06:00:00+00:00,2008.64,2009.76,1984.48,1992.51,604285.351
2023-07-14 12:00:00+00:00,1992.51,2007.69,1958.5,1960.23,1092024.845
2023-07-14 18:00:00+00:00,1960.23,1964.87,1896.8,1936.74,1689595.584
2023-07-15 00:00:00+00:00,1936.74,1936.74,1925.57,1928.54,275568.88
2023-07-15 06:00:00+00:00,1928.54,1945.89,1926.13,1938.8,344578.077
2023-07-15 12:00:00+00:00,1938.8,1940.5,1927.31,1930.43,306918.092
2023-07-15 18:00:00+00:00,1930.44,1938.77,1925.54,1930.4,184883.944
2023-07-16 00:00:00+00:00,1930.4,1937.35,1912.09,1924.6,371491.246
2023-07-16 06:00:00+00:00,1924.6,1935.98,1919.34,1932.04,239112.173
2023-07-16 12:00:00+00:00,1932.04,1942.78,1927.57,1936.57,306689.012
2023-07-16 18:00:00+00:00,1936.57,1937.74,1915.17,1920.97,352923.808
2023-07-17 00:00:00+00:00,1920.97,1935.45,1916.18,1929.43,325719.375
2023-07-17 06:00:00+00:00,1929.43,1931.51,1888.2,1909.01,692753.219
2023-07-17 12:00:00+00:00,1909.01,1916.81,1890.02,1895.05,754496.25
2023-07-17 18:00:00+00:00,1895.05,1919.85,1872.0,1910.37,778274.693
2023-07-18 00:00:00+00:00,1910.37,1916.62,1902.6,1904.0,281938.202
2023-07-18 06:00:00+00:00,1903.99,1909.88,1889.0,1893.25,565897.217
2023-07-18 12:00:00+00:00,1893.24,1903.62,1875.0,1890.59,778412.951
2023-07-18 18:00:00+00:00,1890.59,1903.01,1888.62,1896.46,362967.675
2023-07-19 00:00:00+00:00,1896.47,1917.59,1894.52,1913.03,455944.741
2023-07-19 06:00:00+00:00,1913.03,1914.05,1901.37,1908.66,283514.196
2023-07-19 12:00:00+00:00,1908.66,1925.0,1893.31,1908.41,753244.725
2023-07-19 18:00:00+00:00,1908.41,1914.28,1881.0,1887.55,553447.691
2023-07-20 00:00:00+00:00,1887.55,1909.07,1881.61,1905.83,402377.815
2023-07-20 06:00:00+00:00,1905.84,1928.81,1903.12,1920.79,681904.929
2023-07-20 12:00:00+00:00,1920.79,1922.56,1875.6,1889.45,1190420.44
2023-07-20 18:00:00+00:00,1889.44,1898.29,1879.84,1890.56,407304.456
2023-07-21 00:00:00+00:00,1890.56,1901.43,1885.41,1891.4,325618.134
2023-07-21 06:00:00+00:00,1891.4,1893.69,1883.52,1888.6,292559.229
2023-07-21 12:00:00+00:00,1888.61,1898.31,1885.19,1897.52,442213.61
2023-07-21 18:00:00+00:00,1897.53,1905.97,1883.42,1890.84,362943.71
2023-07-22 00:00:00+00:00,1890.84,1896.85,1890.0,1891.7,179219.592
2023-07-22 06:00:00+00:00,1891.7,1894.29,1882.49,1887.03,279282.448
2023-07-22 12:00:00+00:00,1887.04,1890.0,1883.3,1884.2,177908.929
2023-07-22 18:00:00+00:00,1884.19,1887.98,1835.39,1865.6,510544.025
2023-07-23 00:00:00+00:00,1865.6,1878.6,1856.68,1873.98,410835.932
2023-07-23 06:00:00+00:00,1873.98,1877.67,1871.48,1873.88,173293.471
2023-07-23 12:00:00+00:00,1873.88,1895.0,1871.02,1893.77,337011.811
2023-07-23 18:00:00+00:00,1893.77,1904.57,1874.02,1887.86,624763.23
2023-07-24 00:00:00+00:00,1887.85,1890.2,1861.43,1870.5,516771.034
2023-07-24 06:00:00+00:00,1870.5,1876.87,1829.0,1852.19,722599.736
2023-07-24 12:00:00+00:00,1852.19,1853.9,1833.03,1842.74,645911.934
2023-07-24 18:00:00+00:00,1842.75,1851.26,1842.06,1849.04,228004.712
2023-07-25 00:00:00+00:00,1849.04,1855.99,1844.5,1850.6,257571.458
2023-07-25 06:00:00+00:00,1850.61,1863.19,1848.24,1852.84,282963.874
2023-07-25 12:00:00+00:00,1852.85,1868.54,1851.39,1860.06,555282.236
2023-07-25 18:00:00+00:00,1860.06,1865.76,1855.41,1856.91,224905.418
2023-07-26 00:00:00+00:00,1856.91,1867.0,1850.86,1858.7,306421.607
2023-07-26 06:00:00+00:00,1858.69,1860.35,1846.9,1850.37,259335.593
2023-07-26 12:00:00+00:00,1850.37,1863.82,1849.42,1856.41,398807.062
2023-07-26 18:00:00+00:00,1856.41,1887.79,1854.64,1870.98,982137.494
2023-07-27 00:00:00+00:00,1870.97,1881.39,1866.1,1877.61,242756.441
2023-07-27 06:00:00+00:00,1877.6,1885.57,1865.0,1876.0,445290.65
2023-07-27 12:00:00+00:00,1876.01,1877.85,1861.61,1864.76,496019.707
2023-07-27 18:00:00+00:00,1864.76,1866.01,1854.0,1860.28,409212.591
2023-07-28 00:00:00+00:00,1860.29,1864.34,1855.57,1857.9,242080.638
2023-07-28 06:00:00+00:00,1857.9,1868.36,1856.26,1865.77,266065.843
2023-07-28 12:00:00+00:00,1865.77,1883.76,1865.04,1870.17,702375.039
2023-07-28 18:00:00+00:00,1870.18,1877.02,1870.0,1873.39,167526.71
2023-07-29 00:00:00+00:00,1873.38,1876.58,1871.87,1873.64,136013.067
2023-07-29 06:00:00+00:00,1873.64,1873.65,1868.56,1869.77,168821.077
2023-07-29 12:00:00+00:00,1869.76,1877.43,1869.45,1876.21,183004.746
2023-07-29 18:00:00+00:00,1876.22,1886.19,1872.42,1879.85,261666.153
2023-07-30 00:00:00+00:00,1879.86,1881.06,1875.09,1875.85,117146.962
2023-07-30 06:00:00+00:00,1875.86,1876.29,1871.56,1875.1,186330.345
2023-07-30 12:00:00+00:00,1875.1,1885.0,1870.21,1877.6,348348.376
2023-07-30 18:00:00+00:00,1877.6,1878.25,1845.56,1860.76,734235.55
2023-07-31 00:00:00+00:00,1860.77,1876.73,1860.0,1862.99,395002.078
2023-07-31 06:00:00+00:00,1862.99,1869.44,1862.29,1867.06,197500.684
2023-07-31 12:00:00+00:00,1867.07,1872.66,1853.39,1861.32,532980.409
2023-07-31 18:00:00+00:00,1861.32,1861.64,1850.08,1855.39,295916.685
2023-08-01 00:00:00+00:00,1855.4,1863.99,1808.47,1829.0,864663.318
2023-08-01 06:00:00+00:00,1829.01,1836.5,1827.04,1830.01,341375.809
2023-08-01 12:00:00+00:00,1830.02,1841.64,1810.84,1836.61,765426.75
2023-08-01 18:00:00+00:00,1836.61,1875.87,1836.61,1873.05,885645.88
2023-08-02 00:00:00+00:00,1873.06,1879.27,1858.37,1861.55,594121.364
2023-08-02 06:00:00+00:00,1861.55,1863.37,1852.85,1859.19,360907.813
2023-08-02 12:00:00+00:00,1859.18,1860.48,1820.0,1831.08,1141182.842
2023-08-02 18:00:00+00:00,1831.08,1844.9,1829.1,1839.07,336840.58
2023-08-03 00:00:00+00:00,1839.07,1845.56,1833.14,1838.29,249592.612
2023-08-03 06:00:00+00:00,1838.29,1840.43,1825.0,1837.13,371298.006
2023-08-03 12:00:00+00:00,1837.13,1858.9,1833.16,1846.14,678660.962
2023-08-03 18:00:00+00:00,1846.15,1853.47,1830.05,1834.69,409231.839
2023-08-04 00:00:00+00:00,1834.69,1838.51,1826.5,1835.45,296796.651
2023-08-04 06:00:00+00:00,1835.45,1840.3,1830.66,1833.77,262579.848
2023-08-04 12:00:00+00:00,1833.76,1851.0,1830.5,1840.62,671721.442
2023-08-04 18:00:00+00:00,1840.62,1840.74,1808.77,1829.4,683051.764
2023-08-05 00:00:00+00:00,1829.4,1833.56,1826.7,1832.9,172338.676
2023-08-05 06:00:00+00:00,1832.9,1834.72,1829.35,1831.93,132332.965
2023-08-05 12:00:00+00:00,1831.92,1836.72,1829.52,1833.74,205418.753
2023-08-05 18:00:00+00:00,1833.74,1838.62,1833.07,1835.5,139483.265
2023-08-06 00:00:00+00:00,1835.5,1838.6,1832.46,1835.66,118264.588
2023-08-06 06:00:00+00:00,1835.65,1837.37,1827.3,1831.57,216951.779
2023-08-06 12:00:00+00:00,1831.57,1835.67,1825.0,1832.32,248642.326
2023-08-06 18:00:00+00:00,1832.32,1837.48,1826.93,1829.38,220306.733
2023-08-07 00:00:00+00:00,1829.39,1846.86,1825.32,1838.76,416650.963
2023-08-07 06:00:00+00:00,1838.77,1838.81,1831.17,1833.55,247228.075
2023-08-07 12:00:00+00:00,1833.55,1836.95,1800.0,1814.29,1170263.74
2023-08-07 18:00:00+00:00,1814.3,1831.0,1812.76,1828.18,400893.89
2023-08-08 00:00:00+00:00,1828.18,1838.79,1825.35,1834.33,343915.594
2023-08-08 06:00:00+00:00,1834.33,1838.57,1829.12,1838.19,287404.885
2023-08-08 12:00:00+00:00,1838.18,1858.97,1834.49,1852.89,937783.137
2023-08-08 18:00:00+00:00,1852.88,1878.0,1851.77,1855.36,730064.06
2023-08-09 00:00:00+00:00,1855.36,1860.0,1850.68,1856.63,219738.444
2023-08-09 06:00:00+00:00,1856.63,1866.0,1853.15,1862.26,268686.848
2023-08-09 12:00:00+00:00,1862.26,1871.28,1846.01,1848.64,642570.627
2023-08-09 18:00:00+00:00,1848.64,1858.08,1845.18,1854.7,274397.197
2023-08-10 00:00:00+00:00,1854.69,1857.33,1850.03,1853.2,142754.507
2023-08-10 06:00:00+00:00,1853.2,1855.0,1849.01,1850.12,190445.424
2023-08-10 12:00:00+00:00,1850.12,1865.38,1844.81,1847.76,711755.036
2023-08-10 18:00:00+00:00,1847.76,1852.5,1846.62,1851.42,145404.628
2023-08-11 00:00:00+00:00,1851.43,1854.07,1841.7,1849.31,218505.877
2023-08-11 06:00:00+00:00,1849.3,1851.0,1844.8,1850.68,163090.789
2023-08-11 12:00:00+00:00,1850.69,1857.99,1834.52,1842.0,557218.529
2023-08-11 18:00:00+00:00,1842.0,1851.58,1841.37,1848.04,140764.675
2023-08-12 00:00:00+00:00,1848.04,1853.02,1846.04,1846.4,134923.284
2023-08-12 06:00:00+00:00,1846.4,1850.81,1846.05,1850.27,100367.948
2023-08-12 12:00:00+00:00,1850.26,1852.8,1847.61,1848.2,133719.926
2023-08-12 18:00:00+00:00,1848.2,1849.34,1845.35,1849.14,81650.051
2023-08-13 00:00:00+00:00,1849.14,1850.98,1845.86,1847.54,93126.772
2023-08-13 06:00:00+00:00,1847.54,1850.63,1847.33,1848.91,78012.393
2023-08-13 12:00:00+00:00,1848.92,1851.4,1845.17,1849.54,164139.865
2023-08-13 18:00:00+00:00,1849.55,1861.93,1833.4,1840.09,506045.623
2023-08-14 00:00:00+00:00,1840.09,1851.24,1834.28,1850.32,374562.329
2023-08-14 06:00:00+00:00,1850.32,1851.67,1845.46,1847.48,207556.154
2023-08-14 12:00:00+00:00,1847.49,1855.86,1843.34,1846.68,431000.848
2023-08-14 18:00:00+00:00,1846.68,1846.74,1838.78,1844.81,270463.114
2023-08-15 00:00:00+00:00,1844.8,1846.75,1840.74,1842.1,123470.208
2023-08-15 06:00:00+00:00,1842.09,1844.58,1837.25,1839.59,204125.272
2023-08-15 12:00:00+00:00,1839.6,1845.63,1836.66,1840.51,306429.503
2023-08-15 18:00:00+00:00,1840.5,1841.97,1810.92,1828.28,578840.762
2023-08-16 00:00:00+00:00,1828.27,1830.87,1821.55,1822.75,180461.932
2023-08-16 06:00:00+00:00,1822.75,1827.84,1818.98,1824.59,233126.607
2023-08-16 12:00:00+00:00,1824.59,1827.9,1815.19,1825.32,547326.095
2023-08-16 18:00:00+00:00,1825.32,1828.86,1791.11,1807.19,646590.781
2023-08-17 00:00:00+00:00,1807.19,1809.66,1775.0,1801.69,576252.599
2023-08-17 06:00:00+00:00,1801.69,1802.12,1783.33,1787.35,386250.517
2023-08-17 12:00:00+00:00,1787.35,1792.66,1720.0,1740.74,1778760.63
2023-08-17 18:00:00+00:00,1740.74,1743.0,1492.66,1681.0,3156020.076
2023-08-18 00:00:00+00:00,1681.0,1698.98,1660.2,1678.62,820827.6
2023-08-18 06:00:00+00:00,1678.62,1697.13,1677.0,1685.09,561407.866
2023-08-18 12:00:00+00:00,1685.1,1686.77,1638.48,1661.38,1114060.002
2023-08-18 18:00:00+00:00,1661.39,1678.41,1646.18,1660.76,465490.064
2023-08-19 00:00:00+00:00,1660.76,1671.43,1655.01,1655.26,285625.255
2023-08-19 06:00:00+00:00,1655.26,1665.15,1653.36,1659.02,236938.267
2023-08-19 12:00:00+00:00,1659.03,1696.14,1657.12,1678.64,615439.303
2023-08-19 18:00:00+00:00,1678.65,1679.79,1662.3,1668.69,236951.487
2023-08-20 00:00:00+00:00,1668.7,1674.43,1662.14,1664.13,216209.126
2023-08-20 06:00:00+00:00,1664.12,1674.98,1660.22,1674.01,233060.96
2023-08-20 12:00:00+00:00,1674.02,1679.33,1663.07,1673.93,407698.913
2023-08-20 18:00:00+00:00,1673.93,1694.36,1673.21,1684.16,308879.581
2023-08-21 00:00:00+00:00,1684.15,1687.78,1674.0,1677.55,279880.682
2023-08-21 06:00:00+00:00,1677.54,1679.01,1658.25,1672.2,446100.784
2023-08-21 12:00:00+00:00,1672.2,1683.53,1647.22,1664.36,720717.068
2023-08-21 18:00:00+00:00,1664.37,1676.46,1660.8,1666.79,269909.147
2023-08-22 00:00:00+00:00,1666.8,1668.57,1659.92,1662.73,170740.287
2023-08-22 06:00:00+00:00,1662.73,1666.89,1658.98,1661.52,210601.073
2023-08-22 12:00:00+00:00,1661.53,1666.66,1616.0,1625.25,1124300.848
2023-08-22 18:00:00+00:00,1625.24,1642.2,1575.0,1634.5,1123007.952
2023-08-23 00:00:00+00:00,1634.49,1642.0,1628.5,1638.25,375303.654
2023-08-23 06:00:00+00:00,1638.24,1658.37,1636.49,1641.6,489806.725
2023-08-23 12:00:00+00:00,1641.6,1693.36,1633.19,1682.56,1206102.709
2023-08-23 18:00:00+00:00,1682.55,1703.85,1657.83,1678.8,738758.089
2023-08-24 00:00:00+00:00,1678.79,1682.88,1671.72,1674.09,228362.409
2023-08-24 06:00:00+00:00,1674.09,1678.44,1665.13,1666.8,295917.244
2023-08-24 12:00:00+00:00,1666.79,1668.96,1631.66,1648.73,864214.33
2023-08-24 18:00:00+00:00,1648.73,1665.38,1642.0,1660.22,351381.256
2023-08-25 00:00:00+00:00,1660.23,1663.63,1643.05,1651.76,317493.969
2023-08-25 06:00:00+00:00,1651.77,1658.34,1648.05,1653.51,197912.16
2023-08-25 12:00:00+00:00,1653.51,1676.73,1634.43,1641.9,1038443.184
2023-08-25 18:00:00+00:00,1641.89,1655.11,1640.03,1653.24,288702.961
2023-08-26 00:00:00+00:00,1653.25,1654.77,1650.37,1651.59,103372.513
2023-08-26 06:00:00+00:00,1651.59,1653.48,1645.47,1649.61,161516.032
2023-08-26 12:00:00+00:00,1649.6,1652.38,1643.02,1645.4,144932.415
2023-08-26 18:00:00+00:00,1645.4,1649.81,1643.01,1646.28,89990.169
2023-08-27 00:00:00+00:00,1646.29,1654.89,1645.38,1651.13,131913.778
2023-08-27 06:00:00+00:00,1651.13,1651.89,1646.35,1648.5,119736.36
2023-08-27 12:00:00+00:00,1648.5,1659.57,1647.93,1650.84,252944.174
2023-08-27 18:00:00+00:00,1650.83,1658.44,1649.39,1657.59,152745.961
2023-08-28 00:00:00+00:00,1657.59,1657.6,1635.0,1641.72,315122.69
2023-08-28 06:00:00+00:00,1641.72,1646.0,1618.0,1639.54,425843.043
2023-08-28 12:00:00+00:00,1639.53,1663.88,1639.01,1648.96,648968.628
2023-08-28 18:00:00+00:00,1648.97,1656.77,1637.0,1652.51,282468.613
2023-08-29 00:00:00+00:00,1652.5,1661.95,1648.61,1649.84,248294.762
2023-08-29 06:00:00+00:00,1649.84,1651.58,1639.01,1641.2,307310.792
2023-08-29 12:00:00+00:00,1641.2,1747.15,1639.35,1733.15,2486206.394
2023-08-29 18:00:00+00:00,1733.15,1741.47,1720.6,1728.51,437544.393
2023-08-30 00:00:00+00:00,1728.52,1730.37,1712.14,1720.04,326686.588
2023-08-30 06:00:00+00:00,1720.03,1720.07,1710.0,1715.16,248094.054
2023-08-30 12:00:00+00:00,1715.16,1721.69,1688.0,1699.99,764523.196
2023-08-30 18:00:00+00:00,1699.98,1708.0,1696.01,1704.39,199930.203
2023-08-31 00:00:00+00:00,1704.39,1704.39,1696.16,1703.11,151010.657
2023-08-31 06:00:00+00:00,1703.12,1730.0,1702.03,1712.87,394984.46
2023-08-31 12:00:00+00:00,1712.86,1713.3,1641.33,1659.28,1290599.718
2023-08-31 18:00:00+00:00,1659.29,1663.98,1628.3,1645.27,652299.704
2023-09-01 00:00:00+00:00,1645.26,1653.89,1644.29,1647.66,195672.478
2023-09-01 06:00:00+00:00,1647.66,1649.14,1640.2,1646.26,231481.786
2023-09-01 12:00:00+00:00,1646.27,1651.97,1601.22,1605.5,1167952.862
2023-09-01 18:00:00+00:00,1605.5,1637.96,1603.86,1628.19,494447.816
2023-09-02 00:00:00+00:00,1628.2,1636.54,1627.05,1632.75,169139.144
2023-09-02 06:00:00+00:00,1632.75,1636.48,1629.24,1633.88,157485.489
2023-09-02 12:00:00+00:00,1633.88,1644.99,1631.38,1632.35,281917.921
2023-09-02 18:00:00+00:00,1632.35,1639.14,1627.52,1636.24,146083.368
2023-09-03 00:00:00+00:00,1636.24,1636.91,1630.55,1635.28,117573.222
2023-09-03 06:00:00+00:00,1635.28,1638.34,1630.08,1633.49,120990.616
2023-09-03 12:00:00+00:00,1633.49,1640.51,1623.93,1630.6,334971.878
2023-09-03 18:00:00+00:00,1630.6,1648.24,1630.01,1635.02,265408.258
2023-09-04 00:00:00+00:00,1635.03,1644.5,1631.15,1634.44,183410.986
2023-09-04 06:00:00+00:00,1634.45,1639.95,1630.25,1631.46,177551.046
2023-09-04 12:00:00+00:00,1631.46,1635.43,1617.04,1629.75,433493.304
2023-09-04 18:00:00+00:00,1629.76,1634.0,1614.76,1630.09,293368.829
2023-09-05 00:00:00+00:00,1630.08,1630.7,1608.45,1624.66,374663.917
2023-09-05 06:00:00+00:00,1624.67,1638.47,1620.0,1634.64,297042.199
2023-09-05 12:00:00+00:00,1634.64,1648.0,1624.85,1635.22,577482.399
2023-09-05 18:00:00+00:00,1635.21,1638.47,1625.76,1633.63,195193.438
2023-09-06 00:00:00+00:00,1633.63,1639.73,1627.52,1628.01,190685.678
2023-09-06 06:00:00+00:00,1628.0,1635.74,1626.98,1632.02,192460.818
2023-09-06 12:00:00+00:00,1632.02,1680.0,1606.74,1645.79,979853.906
2023-09-06 18:00:00+00:00,1645.79,1654.9,1623.11,1632.33,472281.351
2023-09-07 00:00:00+00:00,1632.33,1642.1,1631.01,1637.58,271777.931
2023-09-07 06:00:00+00:00,1637.58,1638.49,1625.0,1626.83,221166.674
2023-09-07 12:00:00+00:00,1626.82,1640.96,1622.61,1638.35,474842.307
2023-09-07 18:00:00+00:00,1638.35,1659.7,1632.34,1647.27,603093.696
2023-09-08 00:00:00+00:00,1647.25,1658.77,1643.19,1644.79,348369.436
2023-09-08 06:00:00+00:00,1644.79,1647.89,1615.0,1625.23,613883.266
2023-09-08 12:00:00+00:00,1625.22,1634.28,1623.47,1629.21,347226.891
2023-09-08 18:00:00+00:00,1629.21,1638.17,1625.5,1635.78,172636.192
2023-09-09 00:00:00+00:00,1635.77,1636.24,1631.14,1631.97,90780.513
2023-09-09 06:00:00+00:00,1631.96,1635.57,1631.13,1634.45,95925.013
2023-09-09 12:00:00+00:00,1634.45,1636.92,1629.0,1633.59,157110.35
2023-09-09 18:00:00+00:00,1633.59,1636.5,1631.42,1634.8,67351.051
2023-09-10 00:00:00+00:00,1634.81,1635.05,1617.16,1625.1,318172.528
2023-09-10 06:00:00+00:00,1625.1,1627.61,1618.1,1623.6,174278.505
2023-09-10 12:00:00+00:00,1623.61,1627.99,1590.0,1607.82,607137.589
2023-09-10 18:00:00+00:00,1607.82,1627.86,1601.81,1616.47,433058.217
2023-09-11 00:00:00+00:00,1616.46,1618.35,1602.06,1616.71,322372.167
2023-09-11 06:00:00+00:00,1616.71,1617.56,1573.78,1585.86,839965.216
2023-09-11 12:00:00+00:00,1585.87,1597.9,1547.78,1563.21,1465872.191
2023-09-11 18:00:00+00:00,1563.21,1563.22,1528.61,1551.03,645123.074
2023-09-12 00:00:00+00:00,1551.02,1594.37,1548.7,1580.18,912189.546
2023-09-12 06:00:00+00:00,1580.19,1626.78,1573.34,1608.79,804584.878
2023-09-12 12:00:00+00:00,1608.79,1622.16,1583.45,1585.08,912779.569
2023-09-12 18:00:00+00:00,1585.09,1614.0,1583.48,1592.29,357588.364
2023-09-13 00:00:00+00:00,1592.29,1600.67,1580.46,1583.75,308679.364
2023-09-13 06:00:00+00:00,1583.75,1606.91,1581.06,1603.83,536602.342
2023-09-13 12:00:00+00:00,1603.84,1620.0,1590.51,1596.92,832948.253
2023-09-13 18:00:00+00:00,1596.91,1609.24,1594.5,1606.68,191647.557
2023-09-14 00:00:00+00:00,1606.69,1639.0,1606.02,1613.54,712868.128
2023-09-14 06:00:00+00:00,1613.53,1626.69,1612.36,1623.9,269337.152
2023-09-14 12:00:00+00:00,1623.89,1644.45,1615.85,1636.01,842616.053
2023-09-14 18:00:00+00:00,1636.02,1644.16,1622.64,1625.65,293445.938
2023-09-15 00:00:00+00:00,1625.65,1635.19,1621.14,1629.86,262768.454
2023-09-15 06:00:00+00:00,1629.85,1631.32,1616.66,1620.09,257625.562
2023-09-15 12:00:00+00:00,1620.08,1625.05,1610.0,1618.35,386951.05
2023-09-15 18:00:00+00:00,1618.35,1653.91,1616.6,1640.67,519621.136
2023-09-16 00:00:00+00:00,1640.66,1652.97,1636.85,1637.27,295743.312
2023-09-16 06:00:00+00:00,1637.26,1638.82,1630.37,1634.93,214391.189
2023-09-16 12:00:00+00:00,1634.93,1638.94,1630.5,1636.79,154829.604
2023-09-16 18:00:00+00:00,1636.8,1638.27,1630.67,1633.68,113835.934
2023-09-17 00:00:00+00:00,1633.68,1633.84,1618.0,1629.31,312517.685
2023-09-17 06:00:00+00:00,1629.3,1634.43,1626.33,1628.62,148667.855
2023-09-17 12:00:00+00:00,1628.63,1631.41,1619.28,1619.38,191797.645
2023-09-17 18:00:00+00:00,1619.38,1626.2,1610.81,1621.62,293092.419
2023-09-18 00:00:00+00:00,1621.63,1636.05,1598.58,1629.2,514498.113
2023-09-18 06:00:00+00:00,1629.21,1658.88,1627.55,1655.16,648331.067
2023-09-18 12:00:00+00:00,1655.17,1668.64,1633.1,1637.68,897275.413
2023-09-18 18:00:00+00:00,1637.68,1644.6,1632.0,1635.63,309825.119
2023-09-19 00:00:00+00:00,1635.63,1639.4,1625.02,1635.14,284567.165
2023-09-19 06:00:00+00:00,1635.14,1660.69,1631.51,1647.06,511252.554
2023-09-19 12:00:00+00:00,1647.06,1658.96,1633.27,1644.56,730954.849
2023-09-19 18:00:00+00:00,1644.56,1648.74,1636.01,1642.49,249843.108
2023-09-20 00:00:00+00:00,1642.48,1648.68,1632.19,1633.35,290435.936
2023-09-20 06:00:00+00:00,1633.34,1637.51,1616.33,1629.03,505586.821
2023-09-20 12:00:00+00:00,1629.04,1633.7,1619.69,1628.07,436951.141
2023-09-20 18:00:00+00:00,1628.07,1640.0,1602.0,1621.6,639844.902
2023-09-21 00:00:00+00:00,1621.6,1624.81,1612.5,1623.19,267355.835
2023-09-21 06:00:00+00:00,1623.19,1623.19,1585.81,1594.09,760148.715
2023-09-21 12:00:00+00:00,1594.08,1596.36,1565.5,1587.91,834082.637
2023-09-21 18:00:00+00:00,1587.9,1592.01,1582.03,1583.0,188145.44
2023-09-22 00:00:00+00:00,1583.0,1595.77,1575.46,1593.33,310777.109
2023-09-22 06:00:00+00:00,1593.34,1602.28,1586.01,1596.37,295616.08
2023-09-22 12:00:00+00:00,1596.37,1600.0,1585.8,1591.16,331108.165
2023-09-22 18:00:00+00:00,1591.15,1598.55,1588.35,1592.28,183929.688
2023-09-23 00:00:00+00:00,1592.28,1597.6,1588.96,1593.29,161364.724
2023-09-23 06:00:00+00:00,1593.29,1594.86,1590.24,1592.62,100971.76
2023-09-23 12:00:00+00:00,1592.62,1594.5,1586.53,1590.41,155372.862
2023-09-23 18:00:00+00:00,1590.4,1594.87,1589.26,1592.97,94968.889
2023-09-24 00:00:00+00:00,1592.97,1594.36,1589.95,1591.7,72743.212
2023-09-24 06:00:00+00:00,1591.71,1595.65,1590.42,1593.31,89427.71
2023-09-24 12:00:00+00:00,1593.32,1600.95,1587.04,1597.55,210309.598
2023-09-24 18:00:00+00:00,1597.55,1599.21,1568.28,1579.99,511924.192
2023-09-25 00:00:00+00:00,1579.99,1587.69,1562.0,1575.69,467439.566
2023-09-25 06:00:00+00:00,1575.68,1582.61,1565.0,1567.96,314034.067
2023-09-25 12:00:00+00:00,1567.96,1597.13,1563.0,1591.79,639209.281
2023-09-25 18:00:00+00:00,1591.79,1595.99,1583.47,1587.69,203414.865
2023-09-26 00:00:00+00:00,1587.68,1593.97,1585.32,1591.54,173295.456
2023-09-26 06:00:00+00:00,1591.53,1599.4,1584.89,1590.85,342056.568
2023-09-26 12:00:00+00:00,1590.84,1593.2,1578.61,1585.41,447645.73
2023-09-26 18:00:00+00:00,1585.41,1595.0,1583.12,1593.3,223691.338
2023-09-27 00:00:00+00:00,1593.3,1597.71,1588.54,1591.97,242757.126
2023-09-27 06:00:00+00:00,1591.97,1633.98,1589.35,1628.91,791594.971
2023-09-27 12:00:00+00:00,1628.91,1630.8,1591.1,1596.51,930964.487
2023-09-27 18:00:00+00:00,1596.5,1599.49,1582.64,1597.89,340519.326
2023-09-28 00:00:00+00:00,1597.89,1614.99,1597.17,1613.18,416072.823
2023-09-28 06:00:00+00:00,1613.17,1638.06,1609.01,1622.94,653921.7
2023-09-28 12:00:00+00:00,1622.95,1668.0,1620.78,1660.03,1316592.47
2023-09-28 18:00:00+00:00,1660.03,1665.47,1642.03,1652.13,446333.103
2023-09-29 00:00:00+00:00,1652.13,1658.24,1647.5,1655.11,282935.596
2023-09-29 06:00:00+00:00,1655.11,1687.65,1653.39,1668.28,759135.995
2023-09-29 12:00:00+00:00,1668.29,1683.99,1654.62,1662.1,720164.394
2023-09-29 18:00:00+00:00,1662.1,1670.77,1656.0,1666.61,233868.52
2023-09-30 00:00:00+00:00,1666.61,1672.8,1665.27,1672.77,144380.659
2023-09-30 06:00:00+00:00,1672.76,1678.86,1670.36,1675.06,186215.085
2023-09-30 12:00:00+00:00,1675.06,1694.11,1671.0,1678.74,537926.64
2023-09-30 18:00:00+00:00,1678.74,1682.82,1666.0,1670.18,195064.929
2023-10-01 00:00:00+00:00,1670.17,1679.5,1669.49,1678.49,149825.713
2023-10-01 06:00:00+00:00,1678.48,1692.0,1675.55,1687.88,344249.724
2023-10-01 12:00:00+00:00,1687.89,1690.44,1670.01,1672.17,337138.807
2023-10-01 18:00:00+00:00,1672.16,1780.0,1666.69,1733.39,931525.184
2023-10-02 00:00:00+00:00,1733.4,1734.8,1710.0,1717.33,444172.131
2023-10-02 06:00:00+00:00,1717.33,1743.99,1715.63,1724.37,559266.864
2023-10-02 12:00:00+00:00,1724.36,1733.8,1678.72,1688.01,1159292.387
2023-10-02 18:00:00+00:00,1688.01,1691.69,1619.99,1661.49,977327.74
2023-10-03 00:00:00+00:00,1661.49,1669.85,1659.19,1665.01,260183.013
2023-10-03 06:00:00+00:00,1665.02,1669.94,1649.05,1655.77,354762.416
2023-10-03 12:00:00+00:00,1655.77,1662.85,1642.03,1654.69,604733.126
2023-10-03 18:00:00+00:00,1654.7,1659.47,1645.0,1656.18,354508.262
2023-10-04 00:00:00+00:00,1656.19,1657.05,1615.0,1639.97,503688.017
2023-10-04 06:00:00+00:00,1639.98,1652.32,1635.05,1645.99,271244.571
2023-10-04 12:00:00+00:00,1645.98,1649.59,1626.22,1638.2,528185.834
2023-10-04 18:00:00+00:00,1638.2,1654.2,1636.33,1645.75,457540.936
2023-10-05 00:00:00+00:00,1645.76,1655.13,1639.08,1639.58,236499.779
2023-10-05 06:00:00+00:00,1639.58,1641.52,1631.12,1635.7,284705.344
2023-10-05 12:00:00+00:00,1635.7,1648.85,1601.28,1615.98,1168495.809
2023-10-05 18:00:00+00:00,1615.98,1619.75,1609.07,1611.23,239362.941
2023-10-06 00:00:00+00:00,1611.24,1624.77,1611.18,1620.03,231084.947
2023-10-06 06:00:00+00:00,1620.03,1639.45,1618.57,1634.0,451905.654
2023-10-06 12:00:00+00:00,1633.99,1649.0,1610.59,1646.8,1023780.317
2023-10-06 18:00:00+00:00,1646.8,1664.6,1642.1,1644.33,371670.027
2023-10-07 00:00:00+00:00,1644.32,1647.16,1638.57,1639.29,177376.569
2023-10-07 06:00:00+00:00,1639.29,1642.59,1635.09,1637.89,200661.742
2023-10-07 12:00:00+00:00,1637.88,1642.74,1633.15,1635.69,189185.409
2023-10-07 18:00:00+00:00,1635.69,1635.95,1629.03,1633.18,162747.784
2023-10-08 00:00:00+00:00,1633.17,1640.9,1622.65,1628.54,236865.631
2023-10-08 06:00:00+00:00,1628.54,1630.28,1615.19,1617.25,310137.991
2023-10-08 12:00:00+00:00,1617.25,1637.42,1616.51,1631.34,415003.204
2023-10-08 18:00:00+00:00,1631.34,1638.76,1626.61,1632.02,191333.886
2023-10-09 00:00:00+00:00,1632.03,1635.81,1622.63,1627.77,236586.182
2023-10-09 06:00:00+00:00,1627.77,1629.35,1580.09,1589.76,970936.232
2023-10-09 12:00:00+00:00,1589.76,1596.96,1544.3,1579.66,1389953.925
2023-10-09 18:00:00+00:00,1579.66,1586.55,1572.81,1579.4,352647.71
2023-10-10 00:00:00+00:00,1579.39,1592.34,1575.27,1585.43,290110.729
2023-10-10 06:00:00+00:00,1585.42,1594.4,1577.25,1578.7,423284.681
2023-10-10 12:00:00+00:00,1578.7,1587.98,1556.56,1561.89,999002.934
2023-10-10 18:00:00+00:00,1561.9,1569.68,1545.6,1566.89,364476.663
2023-10-11 00:00:00+00:00,1566.89,1575.38,1541.78,1556.65,583737.499
2023-10-11 06:00:00+00:00,1556.66,1577.89,1547.2,1572.04,591350.92
2023-10-11 12:00:00+00:00,1572.05,1575.98,1548.0,1552.84,844311.901
2023-10-11 18:00:00+00:00,1552.83,1568.88,1547.99,1566.07,362420.663
2023-10-12 00:00:00+00:00,1566.08,1568.06,1555.37,1564.16,281664.154
2023-10-12 06:00:00+00:00,1564.16,1566.27,1533.21,1551.49,695384.737
2023-10-12 12:00:00+00:00,1551.49,1553.42,1514.5,1529.58,1032805.752
2023-10-12 18:00:00+00:00,1529.58,1539.77,1525.79,1538.81,289335.48
2023-10-13 00:00:00+00:00,1538.82,1546.96,1537.27,1540.69,263254.057
2023-10-13 06:00:00+00:00,1540.69,1554.25,1538.75,1546.01,373678.14
2023-10-13 12:00:00+00:00,1546.01,1553.19,1536.65,1543.95,478532.829
2023-10-13 18:00:00+00:00,1543.95,1575.53,1540.58,1551.55,680016.402
2023-10-14 00:00:00+00:00,1551.55,1555.95,1548.56,1549.7,207621.263
2023-10-14 06:00:00+00:00,1549.69,1550.23,1543.83,1546.58,182302.83
2023-10-14 12:00:00+00:00,1546.59,1558.4,1545.42,1553.62,252007.781
2023-10-14 18:00:00+00:00,1553.63,1561.7,1552.6,1554.15,149795.428
2023-10-15 00:00:00+00:00,1554.15,1557.0,1548.74,1552.85,138889.119
2023-10-15 06:00:00+00:00,1552.82,1559.71,1551.59,1554.75,123305.646
2023-10-15 12:00:00+00:00,1554.75,1559.97,1546.14,1557.12,298413.909
2023-10-15 18:00:00+00:00,1557.13,1567.0,1552.0,1557.25,439904.596
2023-10-16 00:00:00+00:00,1557.25,1588.51,1554.1,1584.54,651923.205
2023-10-16 06:00:00+00:00,1584.53,1587.0,1574.14,1582.0,420945.94
2023-10-16 12:00:00+00:00,1582.0,1642.0,1565.0,1578.12,1842560.235
2023-10-16 18:00:00+00:00,1578.11,1604.3,1576.78,1598.61,598477.949
2023-10-17 00:00:00+00:00,1598.61,1599.83,1582.28,1586.98,325795.871
2023-10-17 06:00:00+00:00,1586.98,1593.75,1581.53,1583.59,338121.849
2023-10-17 12:00:00+00:00,1583.58,1585.24,1562.0,1567.3,738842.899
2023-10-17 18:00:00+00:00,1567.3,1569.3,1541.0,1563.99,418401.862
2023-10-18 00:00:00+00:00,1564.0,1581.97,1561.3,1572.03,450160.678
2023-10-18 06:00:00+00:00,1572.04,1584.9,1565.44,1578.03,497026.931
2023-10-18 12:00:00+00:00,1578.02,1581.15,1565.22,1568.48,443035.511
2023-10-18 18:00:00+00:00,1568.49,1572.12,1554.7,1562.65,332494.732
2023-10-19 00:00:00+00:00,1562.66,1566.66,1539.0,1551.74,520242.83
2023-10-19 06:00:00+00:00,1551.73,1554.87,1540.53,1553.12,379108.735
2023-10-19 12:00:00+00:00,1553.13,1574.34,1550.02,1561.11,709878.33
2023-10-19 18:00:00+00:00,1561.11,1572.95,1560.41,1565.89,304964.916
2023-10-20 00:00:00+00:00,1565.9,1594.59,1560.37,1582.91,670344.93
2023-10-20 06:00:00+00:00,1582.91,1630.01,1578.69,1612.52,1110176.501
2023-10-20 12:00:00+00:00,1612.52,1615.81,1596.31,1608.15,611868.435
2023-10-20 18:00:00+00:00,1608.16,1609.47,1601.36,1603.14,198923.769
2023-10-21 00:00:00+00:00,1603.15,1605.78,1591.25,1598.95,253851.533
2023-10-21 06:00:00+00:00,1598.94,1609.33,1597.87,1608.08,266778.119
2023-10-21 12:00:00+00:00,1608.07,1639.0,1601.87,1637.8,691649.482
2023-10-21 18:00:00+00:00,1637.81,1643.84,1625.15,1628.29,418339.675
2023-10-22 00:00:00+00:00,1628.29,1650.41,1622.27,1641.24,439655.596
2023-10-22 06:00:00+00:00,1641.25,1646.46,1622.32,1627.76,522223.795
2023-10-22 12:00:00+00:00,1627.75,1638.0,1620.0,1635.0,401761.573
2023-10-22 18:00:00+00:00,1635.01,1667.5,1631.77,1662.83,558917.012
2023-10-23 00:00:00+00:00,1662.82,1705.25,1656.25,1692.41,1108140.95
2023-10-23 06:00:00+00:00,1692.41,1700.39,1661.2,1675.99,728934.731
2023-10-23 12:00:00+00:00,1675.99,1693.99,1662.5,1685.93,905269.859
2023-10-23 18:00:00+00:00,1685.93,1803.0,1678.09,1766.35,2298139.106
2023-10-24 00:00:00+00:00,1766.35,1850.0,1757.73,1813.77,1741607.024
2023-10-24 06:00:00+00:00,1813.77,1846.08,1800.02,1845.79,898020.758
2023-10-24 12:00:00+00:00,1845.78,1854.87,1761.29,1775.85,1800455.014
2023-10-24 18:00:00+00:00,1775.85,1796.07,1755.28,1784.31,708229.699
2023-10-25 00:00:00+00:00,1784.3,1806.38,1776.58,1782.44,583930.479
2023-10-25 06:00:00+00:00,1782.43,1794.0,1759.16,1785.76,664776.202
2023-10-25 12:00:00+00:00,1785.76,1818.55,1778.22,1790.43,1046468.398
2023-10-25 18:00:00+00:00,1790.44,1796.27,1774.94,1786.71,411010.876
2023-10-26 00:00:00+00:00,1786.7,1817.37,1778.67,1798.71,533586.203
2023-10-26 06:00:00+00:00,1798.71,1872.64,1790.2,1812.89,1647129.098
2023-10-26 12:00:00+00:00,1812.9,1825.59,1757.25,1783.36,1401895.599
2023-10-26 18:00:00+00:00,1783.36,1811.85,1781.33,1803.3,463793.53
2023-10-27 00:00:00+00:00,1803.31,1803.92,1772.0,1793.8,562884.011
2023-10-27 06:00:00+00:00,1793.8,1796.12,1774.88,1781.44,449385.911
2023-10-27 12:00:00+00:00,1781.43,1797.75,1735.5,1761.8,1011351.002
2023-10-27 18:00:00+00:00,1761.8,1785.06,1749.99,1780.02,416487.057
2023-10-28 00:00:00+00:00,1780.03,1796.6,1779.09,1787.98,268894.058
2023-10-28 06:00:00+00:00,1787.98,1806.23,1785.8,1788.39,297318.598
2023-10-28 12:00:00+00:00,1788.39,1792.63,1775.39,1785.63,311066.559
2023-10-28 18:00:00+00:00,1785.63,1785.97,1767.37,1776.76,197264.509
2023-10-29 00:00:00+00:00,1776.76,1782.5,1762.49,1777.17,240630.141
2023-10-29 06:00:00+00:00,1777.17,1794.0,1776.0,1789.5,270348.411
2023-10-29 12:00:00+00:00,1789.5,1809.39,1786.48,1794.26,454294.887
2023-10-29 18:00:00+00:00,1794.27,1813.1,1789.31,1795.49,349843.009
2023-10-30 00:00:00+00:00,1795.48,1798.96,1778.45,1782.2,357119.743
2023-10-30 06:00:00+00:00,1782.21,1829.12,1778.03,1816.29,839085.728
2023-10-30 12:00:00+00:00,1816.29,1832.65,1776.94,1797.95,823759.615
2023-10-30 18:00:00+00:00,1797.95,1817.86,1797.13,1809.81,314852.418
2023-10-31 00:00:00+00:00,1809.82,1820.91,1793.52,1801.93,413841.294
2023-10-31 06:00:00+00:00,1801.92,1815.0,1782.75,1810.16,555227.092
2023-10-31 12:00:00+00:00,1810.23,1813.63,1781.0,1802.76,804442.239
2023-10-31 18:00:00+00:00,1802.77,1818.95,1799.38,1815.67,382354.491
2023-11-01 00:00:00+00:00,1815.66,1831.28,1800.74,1801.25,458256.966
2023-11-01 06:00:00+00:00,1801.24,1811.35,1792.81,1800.71,410749.47
2023-11-01 12:00:00+00:00,1800.71,1829.0,1782.73,1808.58,1224044.805
2023-11-01 18:00:00+00:00,1808.58,1861.63,1804.07,1848.2,1503618.904
2023-11-02 00:00:00+00:00,1848.2,1876.26,1835.76,1835.94,893686.477
2023-11-02 06:00:00+00:00,1835.94,1841.78,1821.1,1837.14,582549.852
2023-11-02 12:00:00+00:00,1837.14,1844.29,1784.0,1805.09,1093258.129
2023-11-02 18:00:00+00:00,1805.1,1813.72,1791.84,1800.68,333272.608
2023-11-03 00:00:00+00:00,1800.68,1803.1,1775.36,1798.6,561239.494
2023-11-03 06:00:00+00:00,1798.61,1804.82,1780.51,1789.95,471993.17
2023-11-03 12:00:00+00:00,1789.95,1819.57,1784.79,1805.9,769569.801
2023-11-03 18:00:00+00:00,1805.9,1834.32,1802.27,1832.49,481844.464
2023-11-04 00:00:00+00:00,1832.49,1840.0,1823.32,1831.0,310069.56
2023-11-04 06:00:00+00:00,1830.99,1847.99,1830.46,1837.38,443815.115
2023-11-04 12:00:00+00:00,1837.37,1840.99,1827.92,1839.01,239073.63
2023-11-04 18:00:00+00:00,1839.0,1870.68,1834.26,1856.08,375776.343
2023-11-05 00:00:00+00:00,1856.08,1896.5,1846.21,1887.62,747571.416
2023-11-05 06:00:00+00:00,1887.63,1898.96,1876.7,1888.8,506879.805
2023-11-05 12:00:00+00:00,1888.87,1914.96,1865.0,1901.12,1033471.775
2023-11-05 18:00:00+00:00,1901.11,1912.97,1852.91,1892.49,761077.649
2023-11-06 00:00:00+00:00,1892.49,1901.4,1869.13,1874.96,487772.617
2023-11-06 06:00:00+00:00,1874.96,1899.87,1873.0,1899.39,423954.586
2023-11-06 12:00:00+00:00,1899.39,1916.8,1887.15,1897.68,981397.48
2023-11-06 18:00:00+00:00,1897.68,1907.87,1881.3,1901.71,466993.89
2023-11-07 00:00:00+00:00,1901.72,1904.69,1877.94,1895.32,473203.897
2023-11-07 06:00:00+00:00,1895.31,1896.57,1866.83,1873.98,555083.122
2023-11-07 12:00:00+00:00,1873.99,1880.78,1850.1,1873.71,794348.151
2023-11-07 18:00:00+00:00,1873.7,1908.47,1872.31,1885.79,925019.304
2023-11-08 00:00:00+00:00,1885.79,1893.61,1876.8,1879.65,268949.346
2023-11-08 06:00:00+00:00,1879.65,1889.82,1873.13,1881.1,292392.765
2023-11-08 12:00:00+00:00,1881.11,1902.5,1880.1,1892.95,478845.454
2023-11-08 18:00:00+00:00,1892.94,1906.2,1883.02,1888.42,631532.912
2023-11-09 00:00:00+00:00,1888.42,1930.7,1881.79,1918.46,1009395.92
2023-11-09 06:00:00+00:00,1918.46,1929.64,1904.49,1913.91,693509.477
2023-11-09 12:00:00+00:00,1913.91,2065.0,1908.45,2025.85,4411495.366
2023-11-09 18:00:00+00:00,2025.85,2134.3,1995.0,2122.92,1987727.722
2023-11-10 00:00:00+00:00,2122.92,2139.6,2096.06,2124.69,1100680.875
2023-11-10 06:00:00+00:00,2124.69,2126.43,2084.31,2098.14,926088.516
2023-11-10 12:00:00+00:00,2098.14,2105.06,2066.0,2098.1,1094547.266
2023-11-10 18:00:00+00:00,2098.1,2105.07,2070.31,2079.1,523911.251
2023-11-11 00:00:00+00:00,2079.1,2086.29,2021.0,2057.0,859265.087
2023-11-11 06:00:00+00:00,2057.0,2068.48,2047.25,2059.53,361687.31
2023-11-11 12:00:00+00:00,2059.52,2091.97,2054.02,2072.07,702444.146
2023-11-11 18:00:00+00:00,2072.07,2081.63,2032.0,2054.52,560652.407
2023-11-12 00:00:00+00:00,2054.53,2056.6,2011.5,2053.48,562971.58
2023-11-12 06:00:00+00:00,2053.49,2061.88,2047.4,2049.37,294470.35
2023-11-12 12:00:00+00:00,2049.37,2068.96,2036.6,2052.3,433360.083
2023-11-12 18:00:00+00:00,2052.33,2068.5,2030.0,2046.08,428493.983
2023-11-13 00:00:00+00:00,2046.07,2076.0,2031.55,2042.49,766348.255
2023-11-13 06:00:00+00:00,2042.49,2062.72,2030.0,2048.38,542273.386
2023-11-13 12:00:00+00:00,2048.38,2120.0,2040.0,2081.86,1809996.93
2023-11-13 18:00:00+00:00,2081.85,2104.2,2044.6,2055.18,888989.086
2023-11-14 00:00:00+00:00,2055.18,2065.45,2032.34,2064.47,577927.497
2023-11-14 06:00:00+00:00,2064.47,2066.39,2026.38,2033.21,521749.124
2023-11-14 12:00:00+00:00,2033.21,2055.96,2018.9,2025.3,1171268.759
2023-11-14 18:00:00+00:00,2025.3,2028.3,1920.0,1980.11,1532991.632
2023-11-15 00:00:00+00:00,1980.11,1992.63,1967.85,1985.66,408771.817
2023-11-15 06:00:00+00:00,1985.66,2015.96,1979.85,2013.96,588957.791
2023-11-15 12:00:00+00:00,2013.97,2026.0,2001.28,2014.82,757879.308
2023-11-15 18:00:00+00:00,2014.82,2064.08,2002.07,2059.29,1289108.448
2023-11-16 00:00:00+00:00,2059.3,2082.8,2049.14,2059.89,588832.331
2023-11-16 06:00:00+00:00,2059.88,2093.0,2037.03,2070.03,884238.194
2023-11-16 12:00:00+00:00,2070.03,2070.8,1980.1,1997.4,1638515.989
2023-11-16 18:00:00+00:00,1997.41,2000.36,1938.4,1962.13,1236748.115
2023-11-17 00:00:00+00:00,1962.14,1992.26,1959.91,1978.33,490472.696
2023-11-17 06:00:00+00:00,1978.36,1987.79,1955.0,1966.73,584151.869
2023-11-17 12:00:00+00:00,1966.73,1972.0,1903.81,1944.12,1614428.101
2023-11-17 18:00:00+00:00,1944.13,1970.11,1936.44,1961.21,539332.852
2023-11-18 00:00:00+00:00,1961.21,1962.2,1930.2,1932.44,367903.932
2023-11-18 06:00:00+00:00,1932.44,1946.0,1916.0,1935.99,404615.027
2023-11-18 12:00:00+00:00,1935.99,1972.06,1931.35,1965.51,553774.904
2023-11-18 18:00:00+00:00,1965.51,1971.23,1950.5,1963.19,316860.296
2023-11-19 00:00:00+00:00,1963.19,1963.85,1943.44,1957.43,322496.27
2023-11-19 06:00:00+00:00,1957.43,1967.74,1945.72,1952.25,322431.775
2023-11-19 12:00:00+00:00,1952.24,1980.5,1945.05,1973.72,449835.825
2023-11-19 18:00:00+00:00,1973.72,2016.45,1971.36,2012.46,631505.702
2023-11-20 00:00:00+00:00,2012.45,2013.96,1993.85,2000.35,388856.629
2023-11-20 06:00:00+00:00,2000.35,2044.33,1997.86,2025.14,761164.49
2023-11-20 12:00:00+00:00,2025.14,2068.8,1981.96,2058.06,1430928.136
2023-11-20 18:00:00+00:00,2058.07,2063.89,2015.0,2022.41,699896.54
2023-11-21 00:00:00+00:00,2022.41,2036.06,2007.63,2015.09,427795.747
2023-11-21 06:00:00+00:00,2015.02,2020.0,2001.98,2004.81,410586.245
2023-11-21 12:00:00+00:00,2004.8,2025.0,1952.0,1976.39,2114976.076
2023-11-21 18:00:00+00:00,1976.4,2007.64,1929.85,1933.44,1151748.964
2023-11-22 00:00:00+00:00,1933.44,1991.38,1928.74,1984.94,558765.88
2023-11-22 06:00:00+00:00,1984.95,2030.0,1984.7,2015.45,708554.166
2023-11-22 12:00:00+00:00,2015.45,2053.52,2011.22,2034.29,1035565.639
2023-11-22 18:00:00+00:00,2034.29,2093.78,2032.55,2063.91,1222798.407
2023-11-23 00:00:00+00:00,2063.92,2072.21,2053.64,2064.66,380504.225
2023-11-23 06:00:00+00:00,2064.67,2089.75,2033.5,2063.25,719768.435
2023-11-23 12:00:00+00:00,2063.26,2071.46,2040.21,2058.77,690806.816
2023-11-23 18:00:00+00:00,2058.78,2078.41,2056.0,2062.68,310202.851
2023-11-24 00:00:00+00:00,2062.67,2078.0,2059.63,2073.49,293483.653
2023-11-24 06:00:00+00:00,2073.5,2129.96,2064.81,2097.92,1099599.816
2023-11-24 12:00:00+00:00,2097.95,2135.0,2086.4,2104.87,1172204.635
2023-11-24 18:00:00+00:00,2104.87,2104.88,2057.77,2081.16,666681.712
2023-11-25 00:00:00+00:00,2081.16,2089.8,2072.96,2084.55,276972.183
2023-11-25 06:00:00+00:00,2084.55,2090.79,2065.59,2070.92,301277.902
2023-11-25 12:00:00+00:00,2070.93,2084.63,2067.32,2076.47,287584.152
2023-11-25 18:00:00+00:00,2076.47,2086.94,2074.0,2082.87,161624.456
2023-11-26 00:00:00+00:00,2082.87,2084.24,2067.04,2081.28,257822.46
2023-11-26 06:00:00+00:00,2081.27,2094.96,2077.3,2085.06,367974.255
2023-11-26 12:00:00+00:00,2085.06,2090.77,2035.0,2049.46,1084010.137
2023-11-26 18:00:00+00:00,2049.46,2082.79,2043.37,2061.97,555745.198
2023-11-27 00:00:00+00:00,2061.97,2071.0,2037.68,2047.1,408736.851
2023-11-27 06:00:00+00:00,2047.1,2054.66,2016.4,2024.91,845393.463
2023-11-27 12:00:00+00:00,2024.92,2029.54,1998.0,2010.36,979682.664
2023-11-27 18:00:00+00:00,2010.37,2029.96,1985.0,2027.57,661588.496
2023-11-28 00:00:00+00:00,2027.57,2041.36,1997.04,1997.32,538841.678
2023-11-28 06:00:00+00:00,1997.31,2029.0,1994.85,2027.98,514904.166
2023-11-28 12:00:00+00:00,2027.99,2075.87,2019.18,2072.19,960189.611
2023-11-28 18:00:00+00:00,2072.2,2073.27,2042.4,2048.2,587643.992
2023-11-29 00:00:00+00:00,2048.21,2057.87,2039.0,2053.53,339092.709
2023-11-29 06:00:00+00:00,2053.49,2077.0,2044.41,2052.58,581816.395
2023-11-29 12:00:00+00:00,2052.58,2062.08,2018.56,2032.62,821457.654
2023-11-29 18:00:00+00:00,2032.62,2042.21,2018.97,2028.41,347932.497
2023-11-30 00:00:00+00:00,2028.41,2043.7,2022.0,2033.66,385104.816
2023-11-30 06:00:00+00:00,2033.65,2046.97,2020.4,2045.23,379828.021
2023-11-30 12:00:00+00:00,2045.23,2052.78,2024.24,2038.97,664915.952
2023-11-30 18:00:00+00:00,2038.96,2054.97,2036.1,2051.76,273052.623
2023-12-01 00:00:00+00:00,2051.77,2100.34,2044.35,2091.27,809697.913
2023-12-01 06:00:00+00:00,2091.27,2111.5,2086.08,2092.21,770959.87
2023-12-01 12:00:00+00:00,2092.21,2110.0,2070.3,2093.8,985704.046
2023-12-01 18:00:00+00:00,2093.8,2098.5,2080.0,2086.99,342374.723
2023-12-02 00:00:00+00:00,2086.99,2097.0,2085.63,2094.6,204472.17
2023-12-02 06:00:00+00:00,2094.6,2107.52,2093.4,2098.52,330116.04
2023-12-02 12:00:00+00:00,2098.53,2108.99,2091.81,2105.53,404228.477
2023-12-02 18:00:00+00:00,2105.53,2199.99,2103.8,2165.28,1765056.03
2023-12-03 00:00:00+00:00,2165.26,2177.94,2153.57,2160.85,379215.589
2023-12-03 06:00:00+00:00,2160.84,2168.85,2152.81,2159.28,284731.744
2023-12-03 12:00:00+00:00,2159.27,2167.57,2148.17,2153.41,591645.484
2023-12-03 18:00:00+00:00,2153.42,2219.17,2152.67,2193.24,882783.212
2023-12-04 00:00:00+00:00,2193.25,2255.2,2191.52,2246.26,1014580.913
2023-12-04 06:00:00+00:00,2246.27,2276.84,2213.6,2238.45,1290242.709
2023-12-04 12:00:00+00:00,2238.46,2256.7,2200.9,2219.51,943396.485
2023-12-04 18:00:00+00:00,2219.51,2254.8,2216.52,2243.66,535158.77
2023-12-05 00:00:00+00:00,2243.67,2253.6,2222.35,2235.19,439806.278
2023-12-05 06:00:00+00:00,2235.19,2238.33,2186.0,2204.67,846506.587
2023-12-05 12:00:00+00:00,2204.67,2304.06,2199.19,2292.99,1538852.856
2023-12-05 18:00:00+00:00,2293.01,2311.51,2252.18,2293.97,1296553.839
2023-12-06 00:00:00+00:00,2293.97,2314.98,2258.83,2270.56,775338.57
2023-12-06 06:00:00+00:00,2270.55,2288.88,2232.82,2253.48,818819.424
2023-12-06 12:00:00+00:00,2253.47,2285.82,2247.05,2269.65,758436.764
2023-12-06 18:00:00+00:00,2269.67,2276.23,2218.49,2233.29,582582.183
2023-12-07 00:00:00+00:00,2233.32,2270.0,2230.79,2265.27,341867.963
2023-12-07 06:00:00+00:00,2265.28,2269.79,2222.08,2236.98,733614.048
2023-12-07 12:00:00+00:00,2236.97,2355.11,2232.68,2336.98,1617592.076
2023-12-07 18:00:00+00:00,2336.97,2387.2,2327.18,2357.04,898994.059
2023-12-08 00:00:00+00:00,2357.05,2397.44,2353.21,2377.68,622860.097
2023-12-08 06:00:00+00:00,2377.69,2382.89,2345.71,2367.11,651586.517
2023-12-08 12:00:00+00:00,2367.08,2380.0,2333.36,2351.76,980541.858
2023-12-08 18:00:00+00:00,2351.77,2379.56,2346.64,2360.82,436992.751
2023-12-09 00:00:00+00:00,2360.82,2374.88,2350.08,2368.96,299713.824
2023-12-09 06:00:00+00:00,2368.96,2407.63,2350.0,2358.68,1042146.608
2023-12-09 12:00:00+00:00,2358.67,2371.85,2336.9,2349.71,699900.648
2023-12-09 18:00:00+00:00,2349.72,2364.3,2328.0,2342.4,380494.29
2023-12-10 00:00:00+00:00,2342.41,2360.69,2341.48,2358.96,248293.632
2023-12-10 06:00:00+00:00,2358.96,2359.53,2323.0,2339.44,455404.805
2023-12-10 12:00:00+00:00,2339.44,2357.77,2338.79,2346.69,350891.466
2023-12-10 18:00:00+00:00,2346.68,2379.98,2344.31,2353.97,455198.801
2023-12-11 00:00:00+00:00,2353.99,2356.73,2114.63,2250.72,1827526.066
2023-12-11 06:00:00+00:00,2250.72,2253.8,2225.66,2249.97,602726.503
2023-12-11 12:00:00+00:00,2249.96,2252.54,2188.0,2205.92,1138959.299
2023-12-11 18:00:00+00:00,2205.92,2227.99,2156.0,2225.56,1145974.512
2023-12-12 00:00:00+00:00,2225.55,2245.37,2217.55,2226.58,519400.572
2023-12-12 06:00:00+00:00,2226.57,2239.96,2208.01,2209.51,521882.783
2023-12-12 12:00:00+00:00,2209.52,2234.8,2168.38,2174.13,1101737.669
2023-12-12 18:00:00+00:00,2174.14,2207.91,2164.82,2204.7,718886.868
2023-12-13 00:00:00+00:00,2204.71,2208.47,2145.33,2174.67,905363.504
2023-12-13 06:00:00+00:00,2174.68,2187.89,2150.0,2173.04,617801.9
2023-12-13 12:00:00+00:00,2173.05,2229.88,2170.53,2214.91,913102.42
2023-12-13 18:00:00+00:00,2214.91,2285.91,2211.0,2261.44,964550.908
2023-12-14 00:00:00+00:00,2261.45,2263.57,2246.13,2262.44,388084.882
2023-12-14 06:00:00+00:00,2262.44,2309.0,2258.73,2308.57,936114.236
2023-12-14 12:00:00+00:00,2308.57,2319.0,2212.04,2305.33,1495474.119
2023-12-14 18:00:00+00:00,2305.34,2333.29,2283.27,2316.54,459369.055
2023-12-15 00:00:00+00:00,2316.53,2319.32,2263.5,2266.52,625383.318
2023-12-15 06:00:00+00:00,2266.52,2288.17,2256.75,2274.31,571743.432
2023-12-15 12:00:00+00:00,2274.31,2275.0,2225.57,2231.05,924381.672
2023-12-15 18:00:00+00:00,2231.05,2253.77,2195.28,2221.71,498076.611
2023-12-16 00:00:00+00:00,2221.71,2261.0,2211.16,2249.14,519687.898
2023-12-16 06:00:00+00:00,2249.14,2254.92,2238.6,2254.91,269283.434
2023-12-16 12:00:00+00:00,2254.9,2264.95,2240.03,2250.62,439649.935
2023-12-16 18:00:00+00:00,2250.63,2250.93,2220.0,2229.64,386776.187
2023-12-17 00:00:00+00:00,2229.63,2234.98,2206.94,2215.6,353810.969
2023-12-17 06:00:00+00:00,2215.61,2221.99,2201.28,2217.29,385427.562
2023-12-17 12:00:00+00:00,2217.29,2244.16,2200.0,2227.92,571476.858
2023-12-17 18:00:00+00:00,2227.91,2251.24,2190.0,2197.93,578060.861
2023-12-18 00:00:00+00:00,2197.93,2206.89,2161.57,2167.48,704733.922
2023-12-18 06:00:00+00:00,2167.47,2185.8,2116.56,2143.05,1049708.628
2023-12-18 12:00:00+00:00,2143.05,2175.03,2128.39,2163.82,699034.346
2023-12-18 18:00:00+00:00,2163.82,2226.52,2158.81,2220.48,650313.082
2023-12-19 00:00:00+00:00,2220.49,2255.48,2212.69,2244.72,621347.143
2023-12-19 06:00:00+00:00,2244.72,2256.64,2235.26,2237.41,422942.786
2023-12-19 12:00:00+00:00,2237.41,2242.37,2140.1,2142.15,1251704.344
2023-12-19 18:00:00+00:00,2142.14,2187.99,2135.03,2179.02,626793.252
2023-12-20 00:00:00+00:00,2179.01,2219.5,2171.3,2211.2,479722.344
2023-12-20 06:00:00+00:00,2211.21,2226.0,2204.14,2212.7,551776.673
2023-12-20 12:00:00+00:00,2212.7,2269.56,2204.19,2234.11,1264174.231
2023-12-20 18:00:00+00:00,2234.11,2240.83,2156.0,2203.95,968931.066
2023-12-21 00:00:00+00:00,2203.95,2208.7,2184.9,2196.18,395975.743
2023-12-21 06:00:00+00:00,2196.18,2260.17,2195.0,2255.72,738852.482
2023-12-21 12:00:00+00:00,2255.72,2282.41,2200.0,2234.92,1363555.001
2023-12-21 18:00:00+00:00,2234.93,2266.0,2220.0,2241.35,667477.755
2023-12-22 00:00:00+00:00,2241.47,2267.14,2232.56,2260.78,547028.032
2023-12-22 06:00:00+00:00,2260.78,2334.77,2247.28,2315.06,1982010.28
2023-12-22 12:00:00+00:00,2315.06,2345.95,2292.43,2329.0,1070698.062
2023-12-22 18:00:00+00:00,2329.01,2343.0,2303.98,2326.53,499321.271
2023-12-23 00:00:00+00:00,2326.54,2332.75,2265.0,2292.34,782442.457
2023-12-23 06:00:00+00:00,2292.34,2296.97,2282.36,2288.93,322778.95
2023-12-23 12:00:00+00:00,2288.93,2299.99,2284.3,2295.91,357635.089
2023-12-23 18:00:00+00:00,2295.9,2317.95,2285.77,2309.86,403053.972
2023-12-24 00:00:00+00:00,2309.86,2328.79,2275.7,2287.67,629306.055
2023-12-24 06:00:00+00:00,2287.64,2300.25,2275.0,2290.56,427157.317
2023-12-24 12:00:00+00:00,2290.56,2309.13,2285.76,2291.4,377451.976
2023-12-24 18:00:00+00:00,2291.4,2295.0,2241.2,2265.43,628234.634
2023-12-25 00:00:00+00:00,2265.42,2288.0,2254.38,2286.97,371361.955
2023-12-25 06:00:00+00:00,2286.98,2291.98,2264.96,2280.47,345501.66
2023-12-25 12:00:00+00:00,2280.47,2308.0,2270.97,2281.85,723526.25
2023-12-25 18:00:00+00:00,2281.85,2289.14,2258.04,2273.07,453945.924
2023-12-26 00:00:00+00:00,2273.08,2277.51,2220.0,2236.12,586102.062
2023-12-26 06:00:00+00:00,2236.09,2246.23,2216.86,2244.82,734058.582
2023-12-26 12:00:00+00:00,2244.82,2253.0,2178.84,2201.02,996616.116
2023-12-26 18:00:00+00:00,2201.03,2234.4,2196.11,2232.44,400629.802
2023-12-27 00:00:00+00:00,2232.45,2236.43,2213.68,2228.52,320763.539
2023-12-27 06:00:00+00:00,2228.52,2294.0,2223.23,2287.72,759796.337
2023-12-27 12:00:00+00:00,2287.72,2379.0,2277.44,2348.72,1761351.288
2023-12-27 18:00:00+00:00,2348.71,2395.0,2335.64,2380.31,728811.882
2023-12-28 00:00:00+00:00,2380.32,2455.52,2377.59,2392.69,1187766.589
2023-12-28 06:00:00+00:00,2392.7,2414.73,2365.0,2403.92,794902.242
2023-12-28 12:00:00+00:00,2403.92,2416.75,2345.0,2359.27,1630890.399
2023-12-28 18:00:00+00:00,2359.27,2375.28,2336.02,2345.96,646903.828
2023-12-29 00:00:00+00:00,2345.98,2366.61,2311.07,2360.21,959996.077
2023-12-29 06:00:00+00:00,2360.2,2381.05,2333.45,2374.65,661195.443
2023-12-29 12:00:00+00:00,2374.66,2388.74,2286.34,2300.95,1474186.41
2023-12-29 18:00:00+00:00,2300.95,2321.59,2254.72,2300.6,771374.049
2023-12-30 00:00:00+00:00,2300.61,2311.62,2289.11,2309.99,314396.185
2023-12-30 06:00:00+00:00,2309.99,2311.0,2269.15,2289.89,524058.264
2023-12-30 12:00:00+00:00,2289.89,2325.0,2284.19,2309.99,614006.881
2023-12-30 18:00:00+00:00,2310.0,2312.93,2273.86,2293.26,357495.201
2023-12-31 00:00:00+00:00,2293.26,2306.51,2278.84,2282.45,280519.738
2023-12-31 06:00:00+00:00,2282.46,2318.0,2280.91,2310.66,445801.311
2023-12-31 12:00:00+00:00,2310.66,2324.78,2291.86,2300.48,499041.803
2023-12-31 18:00:00+00:00,2300.48,2308.5,2258.0,2283.85,446355.145
2024-01-01 00:00:00+00:00,2283.84,2308.74,2266.67,2277.96,398582.3
2024-01-01 06:00:00+00:00,2277.96,2307.45,2276.0,2306.72,296103.16
2024-01-01 12:00:00+00:00,2306.71,2322.24,2296.51,2315.87,410110.652
2024-01-01 18:00:00+00:00,2315.87,2354.95,2315.87,2354.62,553767.306
2024-01-02 00:00:00+00:00,2354.63,2402.64,2349.57,2379.8,824063.413
2024-01-02 06:00:00+00:00,2379.81,2434.49,2375.66,2394.28,842422.184
2024-01-02 12:00:00+00:00,2394.28,2407.81,2352.32,2359.49,1070941.098
2024-01-02 18:00:00+00:00,2359.5,2382.65,2335.0,2356.93,638747.035
2024-01-03 00:00:00+00:00,2356.92,2387.28,2348.46,2378.74,402893.871
2024-01-03 06:00:00+00:00,2378.73,2387.48,2298.01,2309.86,995968.418
2024-01-03 12:00:00+00:00,2309.46,2310.39,2067.16,2223.92,2960539.988
2024-01-03 18:00:00+00:00,2223.88,2229.99,2188.88,2210.39,637517.401
2024-01-04 00:00:00+00:00,2210.39,2245.0,2202.1,2236.87,434857.303
2024-01-04 06:00:00+00:00,2236.87,2245.94,2205.42,2229.13,523842.394
2024-01-04 12:00:00+00:00,2229.13,2290.0,2223.58,2275.1,994067.432
2024-01-04 18:00:00+00:00,2275.1,2295.55,2261.7,2267.85,560033.127
2024-01-05 00:00:00+00:00,2267.85,2275.6,2207.03,2246.53,631834.901
2024-01-05 06:00:00+00:00,2246.53,2270.09,2233.23,2242.15,527105.476
2024-01-05 12:00:00+00:00,2242.15,2253.94,2206.0,2231.88,868346.608
2024-01-05 18:00:00+00:00,2231.89,2278.16,2223.96,2268.93,613454.982
2024-01-06 00:00:00+00:00,2268.92,2270.34,2230.0,2235.64,322002.319
2024-01-06 06:00:00+00:00,2235.63,2239.67,2215.56,2238.84,365866.853
2024-01-06 12:00:00+00:00,2238.85,2252.66,2228.18,2248.45,270902.307
2024-01-06 18:00:00+00:00,2248.45,2254.64,2230.03,2240.36,242539.265
2024-01-07 00:00:00+00:00,2240.36,2254.0,2235.08,2242.79,246135.652
2024-01-07 06:00:00+00:00,2242.8,2253.15,2230.0,2236.64,329211.027
2024-01-07 12:00:00+00:00,2236.64,2257.98,2220.09,2238.88,588304.039
2024-01-07 18:00:00+00:00,2238.87,2251.23,2201.06,2220.87,446145.979
2024-01-08 00:00:00+00:00,2220.87,2224.29,2165.43,2196.05,786013.044
2024-01-08 06:00:00+00:00,2196.05,2242.66,2194.18,2240.23,666731.563
2024-01-08 12:00:00+00:00,2240.23,2308.0,2239.0,2306.7,1063904.502
2024-01-08 18:00:00+00:00,2306.71,2359.63,2304.58,2331.11,962290.407
2024-01-09 00:00:00+00:00,2331.12,2337.0,2288.01,2308.78,564707.596
2024-01-09 06:00:00+00:00,2308.78,2311.68,2285.09,2298.75,420311.303
2024-01-09 12:00:00+00:00,2298.75,2304.95,2222.44,2263.87,1213130.615
2024-01-09 18:00:00+00:00,2263.87,2377.36,2243.26,2344.44,2172361.419
2024-01-10 00:00:00+00:00,2344.33,2402.6,2340.0,2387.26,1023481.489
2024-01-10 06:00:00+00:00,2387.25,2431.8,2362.5,2402.97,1069156.804
2024-01-10 12:00:00+00:00,2402.97,2463.37,2336.28,2437.26,2280539.575
2024-01-10 18:00:00+00:00,2437.27,2645.65,2408.95,2585.82,3367717.728
2024-01-11 00:00:00+00:00,2585.81,2630.6,2565.69,2596.95,1085780.985
2024-01-11 06:00:00+00:00,2596.96,2666.66,2573.48,2658.18,965596.47
2024-01-11 12:00:00+00:00,2658.18,2691.9,2571.28,2603.97,2435976.934
2024-01-11 18:00:00+00:00,2603.97,2633.72,2588.4,2618.59,674072.63
2024-01-12 00:00:00+00:00,2618.6,2625.1,2581.09,2609.75,493847.15
2024-01-12 06:00:00+00:00,2609.75,2669.69,2585.01,2648.23,1055759.67
2024-01-12 12:00:00+00:00,2648.23,2719.89,2560.0,2604.52,3084727.943
2024-01-12 18:00:00+00:00,2604.52,2615.79,2458.38,2523.3,1850662.203
2024-01-13 00:00:00+00:00,2523.3,2557.86,2497.79,2554.45,703390.411
2024-01-13 06:00:00+00:00,2554.45,2562.0,2521.24,2543.12,546206.962
2024-01-13 12:00:00+00:00,2543.12,2573.0,2531.84,2555.76,810784.421
2024-01-13 18:00:00+00:00,2555.76,2591.29,2552.32,2578.5,448815.793
2024-01-14 00:00:00+00:00,2578.51,2579.13,2543.01,2553.52,428434.533
2024-01-14 06:00:00+00:00,2553.51,2556.8,2535.29,2538.22,313219.389
2024-01-14 12:00:00+00:00,2538.22,2547.56,2521.73,2532.01,481215.113
2024-01-14 18:00:00+00:00,2532.01,2539.02,2470.0,2474.36,903429.853
2024-01-15 00:00:00+00:00,2474.3,2520.5,2472.04,2519.32,549168.042
2024-01-15 06:00:00+00:00,2519.32,2543.6,2504.22,2539.9,308030.169
2024-01-15 12:00:00+00:00,2539.9,2549.79,2505.39,2532.5,551209.117
2024-01-15 18:00:00+00:00,2532.51,2555.0,2500.0,2512.21,410151.511
2024-01-16 00:00:00+00:00,2512.2,2543.0,2505.01,2531.09,367180.2
2024-01-16 06:00:00+00:00,2531.09,2549.88,2520.6,2530.83,375023.936
2024-01-16 12:00:00+00:00,2530.83,2579.88,2500.0,2564.23,1132819.718
2024-01-16 18:00:00+00:00,2564.23,2613.8,2554.55,2587.4,581606.215
2024-01-17 00:00:00+00:00,2587.4,2593.01,2561.0,2562.47,391611.055
2024-01-17 06:00:00+00:00,2562.48,2570.86,2535.19,2543.08,466260.161
2024-01-17 12:00:00+00:00,2543.08,2575.26,2520.6,2530.08,978189.3
2024-01-17 18:00:00+00:00,2530.08,2545.56,2505.76,2530.62,463468.771
2024-01-18 00:00:00+00:00,2530.61,2540.0,2509.25,2530.3,370569.728
2024-01-18 06:00:00+00:00,2530.29,2549.99,2515.0,2522.72,481212.288
2024-01-18 12:00:00+00:00,2522.73,2535.89,2465.39,2481.42,1164017.008
2024-01-18 18:00:00+00:00,2481.42,2485.84,2428.22,2471.29,912950.626
2024-01-19 00:00:00+00:00,2471.29,2474.96,2442.98,2465.2,383886.462
2024-01-19 06:00:00+00:00,2465.2,2495.74,2460.4,2488.83,443520.689
2024-01-19 12:00:00+00:00,2488.83,2500.95,2415.55,2471.78,1183381.66
2024-01-19 18:00:00+00:00,2471.77,2505.16,2462.11,2492.46,583685.964
2024-01-20 00:00:00+00:00,2492.46,2492.46,2475.4,2477.97,233753.729
2024-01-20 06:00:00+00:00,2477.96,2487.11,2463.33,2471.1,248162.043
2024-01-20 12:00:00+00:00,2471.1,2477.16,2455.65,2462.32,273626.128
2024-01-20 18:00:00+00:00,2462.32,2474.73,2453.79,2472.27,183354.262
2024-01-21 00:00:00+00:00,2472.26,2481.92,2465.16,2473.33,145933.217
2024-01-21 06:00:00+00:00,2473.32,2482.7,2466.07,2473.77,159694.515
2024-01-21 12:00:00+00:00,2473.77,2481.43,2463.66,2474.76,215147.06
2024-01-21 18:00:00+00:00,2474.76,2478.66,2451.0,2457.02,187516.577
2024-01-22 00:00:00+00:00,2457.02,2466.46,2401.2,2427.2,702609.01
2024-01-22 06:00:00+00:00,2427.19,2436.39,2360.51,2381.0,898647.216
2024-01-22 12:00:00+00:00,2380.99,2405.22,2352.64,2376.75,937073.063
2024-01-22 18:00:00+00:00,2376.76,2382.32,2302.21,2314.33,1106783.672
2024-01-23 00:00:00+00:00,2314.33,2351.76,2312.44,2347.58,391309.981
2024-01-23 06:00:00+00:00,2347.59,2350.4,2202.95,2218.28,1630383.408
2024-01-23 12:00:00+00:00,2218.28,2232.96,2167.5,2208.17,1674353.791
2024-01-23 18:00:00+00:00,2208.18,2247.31,2180.41,2241.67,683114.014
2024-01-24 00:00:00+00:00,2241.67,2255.0,2211.31,2226.73,533356.183
2024-01-24 06:00:00+00:00,2226.72,2264.44,2220.0,2243.22,525020.502
2024-01-24 12:00:00+00:00,2243.22,2247.57,2217.18,2236.14,631695.228
2024-01-24 18:00:00+00:00,2236.14,2239.29,2195.0,2234.62,566001.087
2024-01-25 00:00:00+00:00,2234.62,2239.4,2202.41,2210.01,335289.775
2024-01-25 06:00:00+00:00,2210.01,2242.55,2208.74,2231.1,421735.408
2024-01-25 12:00:00+00:00,2231.09,2233.91,2169.04,2202.77,842460.217
2024-01-25 18:00:00+00:00,2202.77,2231.1,2202.77,2218.02,483341.304
2024-01-26 00:00:00+00:00,2218.01,2237.98,2210.25,2220.58,284353.784
2024-01-26 06:00:00+00:00,2220.57,2260.36,2195.15,2253.11,804922.481
2024-01-26 12:00:00+00:00,2253.11,2281.96,2232.72,2267.78,805670.399
2024-01-26 18:00:00+00:00,2267.78,2275.91,2249.58,2266.72,366663.283
2024-01-27 00:00:00+00:00,2266.73,2283.35,2260.11,2262.85,266191.099
2024-01-27 06:00:00+00:00,2262.86,2271.46,2250.33,2264.87,286353.937
2024-01-27 12:00:00+00:00,2264.86,2274.45,2260.11,2264.75,198571.676
2024-01-27 18:00:00+00:00,2264.74,2276.95,2260.04,2266.99,193716.849
2024-01-28 00:00:00+00:00,2267.0,2308.0,2261.94,2289.76,461658.839
2024-01-28 06:00:00+00:00,2289.76,2301.81,2275.7,2280.19,347498.716
2024-01-28 12:00:00+00:00,2280.2,2285.59,2260.57,2268.48,389164.657
2024-01-28 18:00:00+00:00,2268.48,2269.75,2236.56,2256.0,398346.91
2024-01-29 00:00:00+00:00,2256.0,2277.49,2249.58,2263.85,281015.714
2024-01-29 06:00:00+00:00,2263.86,2276.8,2253.19,2263.88,321237.834
2024-01-29 12:00:00+00:00,2263.89,2314.75,2232.0,2302.17,985391.571
2024-01-29 18:00:00+00:00,2302.17,2322.53,2290.86,2316.52,371616.271
2024-01-30 00:00:00+00:00,2316.53,2327.68,2302.7,2304.02,363977.147
2024-01-30 06:00:00+00:00,2304.03,2316.84,2299.57,2313.1,271055.079
2024-01-30 12:00:00+00:00,2313.1,2379.0,2295.1,2369.22,1214525.962
2024-01-30 18:00:00+00:00,2369.23,2392.84,2336.05,2341.95,534377.683
2024-01-31 00:00:00+00:00,2341.96,2351.23,2326.11,2337.92,410730.275
2024-01-31 06:00:00+00:00,2337.93,2342.58,2279.24,2299.12,635632.777
2024-01-31 12:00:00+00:00,2299.11,2349.95,2290.37,2346.0,790063.89
2024-01-31 18:00:00+00:00,2345.99,2346.85,2261.88,2282.0,771482.426
2024-02-01 00:00:00+00:00,2281.99,2289.25,2237.0,2267.83,534871.987
2024-02-01 06:00:00+00:00,2267.84,2277.57,2263.97,2265.62,282560.048
2024-02-01 12:00:00+00:00,2265.62,2311.51,2261.76,2304.04,764386.925
2024-02-01 18:00:00+00:00,2304.04,2309.72,2285.11,2303.33,312418.463
2024-02-02 00:00:00+00:00,2303.32,2320.0,2295.45,2304.01,284652.387
2024-02-02 06:00:00+00:00,2304.0,2318.9,2303.03,2317.48,275422.76
2024-02-02 12:00:00+00:00,2317.48,2324.9,2280.05,2291.96,733058.075
2024-02-02 18:00:00+00:00,2291.96,2309.82,2285.29,2307.99,221082.629
2024-02-03 00:00:00+00:00,2308.0,2330.45,2305.73,2323.46,263808.409
2024-02-03 06:00:00+00:00,2323.47,2323.47,2298.58,2302.72,252680.339
2024-02-03 12:00:00+00:00,2302.72,2312.77,2291.0,2308.04,271323.202
2024-02-03 18:00:00+00:00,2308.06,2308.13,2292.12,2295.42,150470.323
2024-02-04 00:00:00+00:00,2295.41,2305.78,2290.0,2299.23,160761.052
2024-02-04 06:00:00+00:00,2299.23,2309.58,2285.0,2304.62,260488.605
2024-02-04 12:00:00+00:00,2304.61,2308.7,2296.14,2305.73,185003.99
2024-02-04 18:00:00+00:00,2305.72,2311.0,2261.51,2288.66,587548.008
2024-02-05 00:00:00+00:00,2288.66,2298.95,2267.62,2294.67,272365.566
2024-02-05 06:00:00+00:00,2294.68,2332.62,2293.01,2328.56,477261.726
2024-02-05 12:00:00+00:00,2328.57,2338.0,2288.85,2301.43,618150.363
2024-02-05 18:00:00+00:00,2301.42,2312.31,2282.0,2300.83,321455.709
2024-02-06 00:00:00+00:00,2300.83,2329.3,2297.74,2313.11,343795.875
2024-02-06 06:00:00+00:00,2313.1,2344.45,2308.23,2324.58,569326.828
2024-02-06 12:00:00+00:00,2324.59,2365.0,2308.16,2353.0,825772.946
2024-02-06 18:00:00+00:00,2353.0,2392.0,2348.0,2371.74,458612.201
2024-02-07 00:00:00+00:00,2371.74,2389.96,2355.89,2364.6,340731.346
2024-02-07 06:00:00+00:00,2364.59,2377.11,2352.06,2360.72,331671.485
2024-02-07 12:00:00+00:00,2360.71,2423.95,2359.91,2409.59,935706.898
2024-02-07 18:00:00+00:00,2409.59,2445.0,2405.01,2424.22,546393.224
2024-02-08 00:00:00+00:00,2424.21,2443.43,2421.2,2422.42,359198.236
2024-02-08 06:00:00+00:00,2422.41,2429.88,2410.16,2424.19,321105.088
2024-02-08 12:00:00+00:00,2424.19,2463.28,2412.0,2423.6,944537.717
2024-02-08 18:00:00+00:00,2423.6,2433.48,2417.01,2418.76,285237.791
2024-02-09 00:00:00+00:00,2418.77,2466.0,2418.26,2452.88,581424.721
2024-02-09 06:00:00+00:00,2452.87,2507.0,2445.24,2501.82,650441.004
2024-02-09 12:00:00+00:00,2501.83,2528.66,2475.3,2496.07,1095968.656
2024-02-09 18:00:00+00:00,2496.06,2522.56,2479.3,2485.24,580690.599
2024-02-10 00:00:00+00:00,2485.24,2515.2,2481.65,2503.04,283567.695
2024-02-10 06:00:00+00:00,2503.03,2506.7,2470.04,2482.38,363641.161
2024-02-10 12:00:00+00:00,2482.37,2496.0,2479.59,2483.55,274983.599
2024-02-10 18:00:00+00:00,2483.55,2516.12,2482.24,2499.2,397869.733
2024-02-11 00:00:00+00:00,2499.2,2538.46,2492.47,2522.58,495844.047
2024-02-11 06:00:00+00:00,2522.57,2539.2,2510.03,2530.13,351496.33
2024-02-11 12:00:00+00:00,2530.13,2531.36,2500.13,2510.22,413833.733
2024-02-11 18:00:00+00:00,2510.22,2513.63,2492.16,2506.1,260789.565
2024-02-12 00:00:00+00:00,2506.11,2525.0,2492.02,2493.05,367998.247
2024-02-12 06:00:00+00:00,2493.06,2504.83,2470.05,2487.17,467698.433
2024-02-12 12:00:00+00:00,2487.17,2618.06,2480.09,2609.01,1437613.217
2024-02-12 18:00:00+00:00,2609.0,2667.74,2603.5,2660.91,899090.34
2024-02-13 00:00:00+00:00,2660.91,2688.8,2637.46,2653.76,581366.334
2024-02-13 06:00:00+00:00,2653.77,2688.14,2641.53,2683.15,530920.849
2024-02-13 12:00:00+00:00,2683.15,2687.98,2585.7,2620.81,1728574.826
2024-02-13 18:00:00+00:00,2620.81,2651.24,2610.13,2640.83,479109.565
2024-02-14 00:00:00+00:00,2640.88,2645.21,2619.12,2642.74,320331.915
2024-02-14 06:00:00+00:00,2642.74,2763.6,2640.54,2758.06,1152722.829
2024-02-14 12:00:00+00:00,2758.14,2775.0,2730.0,2743.0,865735.964
2024-02-14 18:00:00+00:00,2743.0,2788.88,2728.09,2776.14,506828.935
2024-02-15 00:00:00+00:00,2776.14,2829.41,2758.57,2773.02,883310.26
2024-02-15 06:00:00+00:00,2773.01,2804.0,2762.17,2794.72,471091.656
2024-02-15 12:00:00+00:00,2794.71,2870.98,2776.19,2816.99,1482540.889
2024-02-15 18:00:00+00:00,2816.99,2848.54,2787.03,2824.54,607474.046
2024-02-16 00:00:00+00:00,2824.53,2859.83,2821.34,2843.83,418981.619
2024-02-16 06:00:00+00:00,2843.76,2854.69,2795.5,2825.21,672023.364
2024-02-16 12:00:00+00:00,2825.2,2849.44,2732.7,2779.3,1245613.493
2024-02-16 18:00:00+00:00,2779.29,2812.14,2756.75,2803.69,400204.294
2024-02-17 00:00:00+00:00,2803.7,2806.09,2778.39,2787.03,282183.432
2024-02-17 06:00:00+00:00,2787.03,2800.73,2766.04,2782.83,398965.772
2024-02-17 12:00:00+00:00,2782.83,2789.98,2718.35,2769.91,803044.2
2024-02-17 18:00:00+00:00,2769.91,2804.33,2766.3,2787.43,292719.346
2024-02-18 00:00:00+00:00,2787.44,2807.04,2764.8,2804.41,365015.623
2024-02-18 06:00:00+00:00,2804.4,2825.0,2780.21,2804.97,463102.908
2024-02-18 12:00:00+00:00,2804.97,2823.64,2786.41,2813.19,484236.783
2024-02-18 18:00:00+00:00,2813.19,2899.0,2808.3,2883.58,799313.205
2024-02-19 00:00:00+00:00,2883.56,2914.03,2856.4,2908.83,564711.637
2024-02-19 06:00:00+00:00,2908.83,2934.0,2891.09,2914.46,684800.354
2024-02-19 12:00:00+00:00,2914.45,2948.0,2888.2,2945.32,896534.999
2024-02-19 18:00:00+00:00,2945.32,2988.22,2922.2,2946.55,747197.948
2024-02-20 00:00:00+00:00,2946.55,2958.3,2905.0,2929.8,651705.756
2024-02-20 06:00:00+00:00,2929.81,2944.23,2873.6,2937.2,754528.983
2024-02-20 12:00:00+00:00,2937.19,3009.68,2885.0,2918.56,2215304.574
2024-02-20 18:00:00+00:00,2918.56,3036.83,2909.83,3017.21,976578.102
2024-02-21 00:00:00+00:00,3017.22,3020.0,2973.6,2977.78,580086.659
2024-02-21 06:00:00+00:00,2977.78,2982.4,2888.01,2900.32,1315661.526
2024-02-21 12:00:00+00:00,2900.32,2938.99,2867.87,2898.59,1390587.884
2024-02-21 18:00:00+00:00,2898.6,2982.24,2886.0,2969.65,783402.695
2024-02-22 00:00:00+00:00,2969.65,2970.35,2907.16,2934.97,639319.044
2024-02-22 06:00:00+00:00,2934.97,3036.0,2932.54,2992.83,1298597.076
2024-02-22 12:00:00+00:00,2992.83,3007.62,2932.42,2986.87,1206315.106
2024-02-22 18:00:00+00:00,2986.87,3044.0,2969.12,2972.8,908573.029
2024-02-23 00:00:00+00:00,2972.8,2996.0,2934.67,2960.9,584149.251
2024-02-23 06:00:00+00:00,2960.9,2969.82,2913.28,2945.3,687640.246
2024-02-23 12:00:00+00:00,2945.3,2964.1,2906.62,2946.52,890704.269
2024-02-23 18:00:00+00:00,2946.52,2955.41,2907.0,2923.35,338790.716
2024-02-24 00:00:00+00:00,2923.36,2954.87,2907.16,2950.01,385764.747
2024-02-24 06:00:00+00:00,2950.01,2968.36,2945.88,2962.75,317620.448
2024-02-24 12:00:00+00:00,2962.76,3009.29,2954.41,2995.99,443050.962
2024-02-24 18:00:00+00:00,2995.98,3006.47,2980.09,2994.39,303918.061
2024-02-25 00:00:00+00:00,2994.39,3055.19,2985.23,3036.08,676704.767
2024-02-25 06:00:00+00:00,3036.09,3051.16,3012.0,3042.93,492742.789
2024-02-25 12:00:00+00:00,3042.94,3078.0,3027.39,3064.49,931051.707
2024-02-25 18:00:00+00:00,3064.49,3131.0,3052.59,3115.24,855197.304
2024-02-26 00:00:00+00:00,3115.24,3141.83,3087.02,3108.7,555217.563
2024-02-26 06:00:00+00:00,3108.71,3119.44,3037.25,3059.43,908115.838
2024-02-26 12:00:00+00:00,3059.42,3169.0,3039.42,3151.63,1403578.229
2024-02-26 18:00:00+00:00,3151.63,3200.0,3129.04,3178.6,961472.886
2024-02-27 00:00:00+00:00,3178.6,3295.57,3168.29,3224.68,1140247.103
2024-02-27 06:00:00+00:00,3224.69,3272.79,3213.01,3258.88,589888.443
2024-02-27 12:00:00+00:00,3258.87,3292.46,3205.0,3228.17,1253326.034
2024-02-27 18:00:00+00:00,3228.17,3273.0,3223.0,3244.98,423131.43
2024-02-28 00:00:00+00:00,3244.99,3273.33,3233.05,3255.49,357937.141
2024-02-28 06:00:00+00:00,3255.49,3375.61,3253.18,3299.52,1611596.963
2024-02-28 12:00:00+00:00,3299.52,3502.07,3152.94,3346.6,3106651.681
2024-02-28 18:00:00+00:00,3346.7,3388.4,3200.0,3387.07,1519452.299
2024-02-29 00:00:00+00:00,3387.07,3478.77,3379.8,3472.77,1023404.145
2024-02-29 06:00:00+00:00,3472.77,3531.0,3445.8,3520.55,1075738.431
2024-02-29 12:00:00+00:00,3520.55,3524.76,3352.0,3388.95,1579039.565
2024-02-29 18:00:00+00:00,3388.95,3419.67,3300.39,3343.15,1063084.766
2024-03-01 00:00:00+00:00,3343.16,3393.22,3342.18,3372.72,427608.391
2024-03-01 06:00:00+00:00,3372.73,3441.99,3355.24,3414.27,658267.403
2024-03-01 12:00:00+00:00,3414.27,3454.19,3380.0,3423.33,838436.854
2024-03-01 18:00:00+00:00,3423.32,3456.0,3413.44,3435.82,372762.351
2024-03-02 00:00:00+00:00,3435.83,3464.96,3390.0,3422.69,441137.193
2024-03-02 06:00:00+00:00,3422.68,3475.0,3397.12,3407.88,402999.722
2024-03-02 12:00:00+00:00,3407.87,3435.75,3397.07,3417.59,329887.096
2024-03-02 18:00:00+00:00,3417.59,3435.0,3405.1,3424.43,212216.604
2024-03-03 00:00:00+00:00,3424.43,3450.0,3412.0,3424.54,284336.385
2024-03-03 06:00:00+00:00,3424.54,3429.23,3355.88,3416.31,607300.84
2024-03-03 12:00:00+00:00,3416.31,3489.63,3406.08,3463.84,691999.15
2024-03-03 18:00:00+00:00,3463.85,3496.78,3459.84,3491.77,305600.161
2024-03-04 00:00:00+00:00,3491.78,3538.19,3420.22,3467.55,826525.379
2024-03-04 06:00:00+00:00,3467.55,3549.0,3463.32,3510.35,787685.16
2024-03-04 12:00:00+00:00,3510.36,3589.43,3460.0,3546.81,1305039.584
2024-03-04 18:00:00+00:00,3546.81,3644.77,3535.0,3629.72,988878.229
2024-03-05 00:00:00+00:00,3629.72,3751.11,3610.12,3722.88,1457953.365
2024-03-05 06:00:00+00:00,3722.88,3750.0,3656.0,3737.96,819227.97
2024-03-05 12:00:00+00:00,3737.95,3827.93,3560.43,3692.66,2778900.76
2024-03-05 18:00:00+00:00,3692.65,3692.66,3205.0,3555.43,3374724.847
2024-03-06 00:00:00+00:00,3555.43,3776.13,3501.0,3773.83,1276832.917
2024-03-06 06:00:00+00:00,3773.83,3902.72,3745.2,3883.07,1304536.14
2024-03-06 12:00:00+00:00,3883.06,3906.42,3725.0,3850.09,1698547.089
2024-03-06 18:00:00+00:00,3850.08,3896.96,3796.48,3822.36,690734.108
2024-03-07 00:00:00+00:00,3822.35,3857.6,3744.0,3756.49,686191.54
2024-03-07 06:00:00+00:00,3756.5,3819.31,3736.44,3791.67,576935.048
2024-03-07 12:00:00+00:00,3791.66,3876.97,3767.98,3861.91,927828.557
2024-03-07 18:00:00+00:00,3861.9,3939.0,3841.28,3871.69,661588.056
2024-03-08 00:00:00+00:00,3871.69,3947.36,3866.61,3892.26,502197.061
2024-03-08 06:00:00+00:00,3892.25,3959.98,3886.66,3954.66,605661.167
2024-03-08 12:00:00+00:00,3954.66,4003.33,3826.08,3947.01,1843540.435
2024-03-08 18:00:00+00:00,3947.0,3955.73,3872.79,3886.04,654468.871
2024-03-09 00:00:00+00:00,3886.04,3935.81,3880.35,3922.48,235958.181
2024-03-09 06:00:00+00:00,3922.49,3945.88,3890.01,3915.99,289501.472
2024-03-09 12:00:00+00:00,3915.98,3931.07,3871.46,3886.01,358360.169
2024-03-09 18:00:00+00:00,3886.02,3916.24,3880.17,3908.15,173177.16
2024-03-10 00:00:00+00:00,3908.16,3956.48,3902.29,3942.49,366903.312
2024-03-10 06:00:00+00:00,3942.49,3970.84,3923.35,3936.92,361509.81
2024-03-10 12:00:00+00:00,3936.93,3951.63,3860.0,3915.64,605386.4
2024-03-10 18:00:00+00:00,3915.63,3921.94,3791.19,3881.22,484178.282
2024-03-11 00:00:00+00:00,3881.32,3891.99,3719.0,3851.01,844633.616
2024-03-11 06:00:00+00:00,3851.01,4061.91,3836.12,4038.51,1570109.596
2024-03-11 12:00:00+00:00,4038.52,4072.21,4001.49,4043.52,893696.208
2024-03-11 18:00:00+00:00,4043.52,4095.16,4031.8,4070.52,488828.31
2024-03-12 00:00:00+00:00,4070.52,4098.64,4024.3,4042.9,494718.875
2024-03-12 06:00:00+00:00,4042.91,4072.0,3968.0,4024.82,726676.968
2024-03-12 12:00:00+00:00,4024.81,4061.83,3831.95,3953.8,1817367.296
2024-03-12 18:00:00+00:00,3953.73,3995.5,3929.6,3984.18,602987.615
2024-03-13 00:00:00+00:00,3984.18,4050.0,3976.94,4041.35,376810.329
2024-03-13 06:00:00+00:00,4041.35,4091.65,4036.1,4053.74,545116.585
2024-03-13 12:00:00+00:00,4053.74,4058.0,3935.0,3984.92,1136727.717
2024-03-13 18:00:00+00:00,3984.93,4025.84,3976.99,4008.76,387146.868
2024-03-14 00:00:00+00:00,4008.76,4015.45,3942.01,3972.8,496522.063
2024-03-14 06:00:00+00:00,3972.81,4002.89,3946.66,3959.21,469551.705
2024-03-14 12:00:00+00:00,3959.22,3971.94,3820.0,3878.95,1563674.008
2024-03-14 18:00:00+00:00,3878.96,3894.0,3725.03,3884.99,1292971.23
2024-03-15 00:00:00+00:00,3884.99,3938.16,3623.0,3676.89,1860006.841
2024-03-15 06:00:00+00:00,3676.89,3784.0,3566.0,3692.96,1597503.315
2024-03-15 12:00:00+00:00,3692.97,3746.8,3661.83,3698.02,845215.805
2024-03-15 18:00:00+00:00,3698.02,3811.1,3606.0,3745.0,1090748.759
2024-03-16 00:00:00+00:00,3745.01,3784.87,3692.9,3716.73,438289.019
2024-03-16 06:00:00+00:00,3716.74,3744.54,3666.0,3695.24,383570.995
2024-03-16 12:00:00+00:00,3695.24,3715.2,3630.0,3635.67,562487.246
2024-03-16 18:00:00+00:00,3635.68,3641.57,3468.84,3525.58,1352862.093
2024-03-17 00:00:00+00:00,3525.57,3585.4,3507.1,3548.14,506548.751
2024-03-17 06:00:00+00:00,3548.14,3610.25,3414.72,3582.47,1204661.837
2024-03-17 12:00:00+00:00,3582.47,3652.41,3531.77,3647.15,718596.843
2024-03-17 18:00:00+00:00,3647.16,3682.95,3625.15,3646.99,327746.453
2024-03-18 00:00:00+00:00,3646.99,3648.78,3560.0,3636.79,561623.149
2024-03-18 06:00:00+00:00,3636.79,3644.0,3552.07,3600.76,560841.537
2024-03-18 12:00:00+00:00,3600.77,3616.21,3454.72,3511.6,1179647.8
2024-03-18 18:00:00+00:00,3511.59,3550.0,3466.94,3523.43,500506.562
2024-03-19 00:00:00+00:00,3523.44,3551.99,3355.29,3385.19,1440678.546
2024-03-19 06:00:00+00:00,3385.19,3396.24,3205.03,3278.91,1983298.034
2024-03-19 12:00:00+00:00,3278.91,3359.7,3225.0,3316.31,1371311.316
2024-03-19 18:00:00+00:00,3316.31,3363.27,3153.0,3161.0,1099037.557
2024-03-20 00:00:00+00:00,3160.99,3266.31,3055.0,3111.68,1789550.832
2024-03-20 06:00:00+00:00,3111.65,3298.92,3109.26,3294.54,1071759.246
2024-03-20 12:00:00+00:00,3294.55,3399.58,3142.0,3301.76,2805315.143
2024-03-20 18:00:00+00:00,3301.75,3539.16,3297.87,3517.8,1478551.044
2024-03-21 00:00:00+00:00,3517.8,3564.61,3450.0,3512.15,896279.066
2024-03-21 06:00:00+00:00,3512.15,3590.53,3503.22,3533.33,721430.806
2024-03-21 12:00:00+00:00,3533.38,3577.0,3464.46,3475.6,1029779.314
2024-03-21 18:00:00+00:00,3475.57,3524.99,3414.06,3495.16,801860.271
2024-03-22 00:00:00+00:00,3495.16,3536.5,3455.17,3533.97,588691.255
2024-03-22 06:00:00+00:00,3533.97,3545.36,3400.0,3407.74,712199.721
2024-03-22 12:00:00+00:00,3407.74,3429.0,3282.77,3338.73,1718013.975
2024-03-22 18:00:00+00:00,3338.72,3364.56,3250.1,3339.0,831674.229
2024-03-23 00:00:00+00:00,3338.99,3364.44,3271.38,3333.94,517901.999
2024-03-23 06:00:00+00:00,3333.94,3386.81,3323.34,3367.32,536323.465
2024-03-23 12:00:00+00:00,3367.32,3438.0,3346.1,3406.59,650961.118
2024-03-23 18:00:00+00:00,3406.41,3416.27,3328.0,3330.96,360157.313
2024-03-24 00:00:00+00:00,3330.96,3370.91,3301.46,3327.48,384820.188
2024-03-24 06:00:00+00:00,3327.48,3395.66,3317.4,3389.88,374988.911
2024-03-24 12:00:00+00:00,3389.87,3417.64,3334.31,3369.73,609175.314
2024-03-24 18:00:00+00:00,3369.72,3474.16,3369.0,3457.16,495583.299
2024-03-25 00:00:00+00:00,3457.16,3508.8,3422.18,3488.39,419015.267
2024-03-25 06:00:00+00:00,3488.39,3490.16,3433.81,3438.4,371962.336
2024-03-25 12:00:00+00:00,3438.39,3665.1,3430.41,3641.39,1229945.18
2024-03-25 18:00:00+00:00,3641.4,3651.44,3568.07,3592.94,509968.329
2024-03-26 00:00:00+00:00,3592.94,3645.13,3584.0,3632.78,442406.249
2024-03-26 06:00:00+00:00,3632.78,3684.45,3628.53,3634.47,562390.617
2024-03-26 12:00:00+00:00,3634.44,3657.08,3545.63,3587.27,1058690.315
2024-03-26 18:00:00+00:00,3587.27,3617.3,3559.0,3589.64,369922.925
2024-03-27 00:00:00+00:00,3589.65,3631.0,3578.78,3615.01,319102.451
2024-03-27 06:00:00+00:00,3615.0,3619.46,3535.0,3588.9,501240.343
2024-03-27 12:00:00+00:00,3588.89,3671.94,3486.79,3500.73,1635414.403
2024-03-27 18:00:00+00:00,3500.73,3525.19,3461.18,3504.99,452839.973
2024-03-28 00:00:00+00:00,3504.99,3542.51,3466.97,3535.98,468535.594
2024-03-28 06:00:00+00:00,3535.98,3597.61,3529.43,3583.25,508724.125
2024-03-28 12:00:00+00:00,3583.24,3615.83,3535.22,3556.66,729611.699
2024-03-28 18:00:00+00:00,3556.67,3583.54,3545.4,3563.99,264312.932
2024-03-29 00:00:00+00:00,3564.0,3588.93,3552.5,3561.2,281047.994
2024-03-29 06:00:00+00:00,3561.2,3579.8,3515.0,3553.47,567204.836
2024-03-29 12:00:00+00:00,3553.47,3561.73,3475.0,3488.28,611457.488
2024-03-29 18:00:00+00:00,3488.29,3527.85,3477.77,3512.46,270929.83
2024-03-30 00:00:00+00:00,3512.47,3536.91,3488.26,3510.78,330946.353
2024-03-30 06:00:00+00:00,3510.79,3568.71,3493.98,3563.47,351902.615
2024-03-30 12:00:00+00:00,3563.48,3569.97,3528.51,3535.56,290275.892
2024-03-30 18:00:00+00:00,3535.56,3535.56,3486.51,3508.66,285654.598
2024-03-31 00:00:00+00:00,3508.66,3614.72,3507.39,3609.23,419534.5
2024-03-31 06:00:00+00:00,3609.19,3638.85,3603.16,3613.39,415701.271
2024-03-31 12:00:00+00:00,3613.38,3645.5,3610.05,3630.64,337059.33
2024-03-31 18:00:00+00:00,3630.65,3661.08,3616.42,3648.79,363106.969
2024-04-01 00:00:00+00:00,3648.8,3649.67,3500.0,3511.8,661861.934
2024-04-01 06:00:00+00:00,3511.8,3563.25,3503.37,3540.6,556789.715
2024-04-01 12:00:00+00:00,3540.6,3574.3,3413.0,3446.41,1140786.682
2024-04-01 18:00:00+00:00,3446.4,3518.75,3420.8,3506.52,395062.178
2024-04-02 00:00:00+00:00,3506.52,3508.44,3315.45,3371.5,1133368.644
2024-04-02 06:00:00+00:00,3371.5,3390.97,3278.45,3311.1,937726.314
2024-04-02 12:00:00+00:00,3311.11,3326.71,3212.0,3271.32,1368184.08
2024-04-02 18:00:00+00:00,3271.31,3307.74,3241.6,3280.76,532434.026
2024-04-03 00:00:00+00:00,3280.67,3327.75,3203.12,3294.89,764792.638
2024-04-03 06:00:00+00:00,3294.89,3359.36,3291.04,3320.03,660595.951
2024-04-03 12:00:00+00:00,3320.04,3370.0,3294.18,3326.29,758250.095
2024-04-03 18:00:00+00:00,3326.29,3343.44,3282.07,3313.29,476545.988
2024-04-04 00:00:00+00:00,3313.28,3335.64,3252.59,3297.52,538758.551
2024-04-04 06:00:00+00:00,3297.52,3358.0,3296.05,3342.38,368269.014
2024-04-04 12:00:00+00:00,3342.37,3419.97,3340.6,3414.48,626313.546
2024-04-04 18:00:00+00:00,3414.48,3446.48,3277.55,3329.65,913213.921
2024-04-05 00:00:00+00:00,3329.65,3337.8,3241.71,3275.81,718320.534
2024-04-05 06:00:00+00:00,3275.81,3315.15,3237.21,3245.5,551450.356
2024-04-05 12:00:00+00:00,3245.49,3336.81,3208.0,3315.34,1050047.162
2024-04-05 18:00:00+00:00,3315.33,3352.07,3307.73,3319.66,297574.056
2024-04-06 00:00:00+00:00,3319.66,3355.44,3308.0,3338.2,279867.285
2024-04-06 06:00:00+00:00,3338.21,3354.14,3325.29,3332.05,217705.181
2024-04-06 12:00:00+00:00,3332.04,3363.59,3315.01,3342.97,315185.132
2024-04-06 18:00:00+00:00,3342.97,3402.72,3338.08,3353.15,318961.925
2024-04-07 00:00:00+00:00,3353.16,3417.11,3345.51,3401.99,372375.911
2024-04-07 06:00:00+00:00,3401.98,3403.0,3377.76,3391.29,175757.049
2024-04-07 12:00:00+00:00,3391.29,3422.77,3377.72,3387.73,463543.734
2024-04-07 18:00:00+00:00,3387.74,3462.19,3368.14,3455.99,432417.844
2024-04-08 00:00:00+00:00,3456.0,3459.5,3407.33,3430.09,311764.034
2024-04-08 06:00:00+00:00,3430.08,3648.0,3422.35,3636.17,1156288.262
2024-04-08 12:00:00+00:00,3636.18,3685.37,3598.0,3671.55,882768.411
2024-04-08 18:00:00+00:00,3671.55,3735.31,3671.23,3697.6,495113.922
2024-04-09 00:00:00+00:00,3697.59,3730.0,3667.3,3694.28,538098.603
2024-04-09 06:00:00+00:00,3694.29,3699.48,3580.0,3635.68,1029294.823
2024-04-09 12:00:00+00:00,3635.68,3646.4,3452.3,3506.76,1528609.286
2024-04-09 18:00:00+00:00,3506.76,3530.0,3490.0,3508.45,352080.125
2024-04-10 00:00:00+00:00,3508.46,3544.34,3467.56,3535.64,618327.152
2024-04-10 06:00:00+00:00,3535.63,3556.97,3494.0,3523.81,471282.093
2024-04-10 12:00:00+00:00,3523.82,3550.6,3413.2,3519.9,1256125.093
2024-04-10 18:00:00+00:00,3519.89,3567.18,3479.87,3547.64,486623.039
2024-04-11 00:00:00+00:00,3547.64,3584.99,3525.97,3565.6,348985.146
2024-04-11 06:00:00+00:00,3565.61,3621.74,3516.16,3524.85,584428.4
2024-04-11 12:00:00+00:00,3524.85,3578.46,3475.03,3514.33,1047854.826
2024-04-11 18:00:00+00:00,3514.34,3534.48,3491.6,3504.43,253715.869
2024-04-12 00:00:00+00:00,3504.42,3555.0,3503.14,3544.53,259127.889
2024-04-12 06:00:00+00:00,3544.53,3545.3,3509.46,3534.16,383795.534
2024-04-12 12:00:00+00:00,3534.16,3534.77,3244.27,3326.89,1492364.012
2024-04-12 18:00:00+00:00,3326.89,3343.34,3062.04,3238.3,1761578.396
2024-04-13 00:00:00+00:00,3238.31,3266.0,3143.3,3248.77,763397.204
2024-04-13 06:00:00+00:00,3248.77,3305.42,3246.85,3269.39,483756.151
2024-04-13 12:00:00+00:00,3269.39,3298.77,3189.36,3194.53,867613.614
2024-04-13 18:00:00+00:00,3194.53,3239.79,2791.61,3005.46,3193749.848
2024-04-14 00:00:00+00:00,3005.47,3077.6,2903.0,3072.17,1241801.591
2024-04-14 06:00:00+00:00,3072.18,3102.84,3006.85,3026.33,726175.266
2024-04-14 12:00:00+00:00,3026.32,3099.9,2976.6,3050.34,1200782.715
2024-04-14 18:00:00+00:00,3050.49,3173.32,3037.79,3153.16,781445.185
2024-04-15 00:00:00+00:00,3153.16,3159.94,3097.95,3156.06,556068.596
2024-04-15 06:00:00+00:00,3156.06,3277.74,3154.52,3228.47,896020.983
2024-04-15 12:00:00+00:00,3228.47,3242.99,3085.64,3114.55,1440217.847
2024-04-15 18:00:00+00:00,3114.55,3127.19,3022.08,3100.75,962729.505
2024-04-16 00:00:00+00:00,3100.76,3119.52,2976.43,3046.24,896387.743
2024-04-16 06:00:00+00:00,3046.24,3127.41,2999.03,3091.79,959904.739
2024-04-16 12:00:00+00:00,3091.79,3094.28,2991.14,3042.2,1157562.015
2024-04-16 18:00:00+00:00,3042.21,3119.3,3033.84,3082.85,438105.0
2024-04-17 00:00:00+00:00,3082.84,3123.12,3065.74,3087.6,441801.232
2024-04-17 06:00:00+00:00,3087.59,3097.64,3035.03,3038.97,468382.775
2024-04-17 12:00:00+00:00,3039.0,3063.24,2912.45,3001.47,1783337.034
2024-04-17 18:00:00+00:00,3001.47,3042.82,2962.29,2983.25,618208.666
2024-04-18 00:00:00+00:00,2983.26,3034.35,2949.54,2981.94,563024.623
2024-04-18 06:00:00+00:00,2981.94,3064.56,2952.0,3045.0,730855.347
2024-04-18 12:00:00+00:00,3045.0,3093.59,2982.93,3036.25,1029500.674
2024-04-18 18:00:00+00:00,3036.25,3080.58,3016.41,3062.85,352164.976
2024-04-19 00:00:00+00:00,3062.85,3069.0,2861.76,2999.46,1593036.435
2024-04-19 06:00:00+00:00,2999.45,3128.52,2988.07,3100.94,1116487.121
2024-04-19 12:00:00+00:00,3100.94,3120.0,3042.42,3079.04,777316.704
2024-04-19 18:00:00+00:00,3079.04,3107.29,3018.14,3054.91,520962.526
2024-04-20 00:00:00+00:00,3054.91,3070.45,3016.4,3061.46,389256.833
2024-04-20 06:00:00+00:00,3061.46,3069.81,3027.88,3045.84,283233.501
2024-04-20 12:00:00+00:00,3045.83,3165.0,3038.34,3153.22,597533.535
2024-04-20 18:00:00+00:00,3153.08,3173.83,3127.28,3154.31,355044.834
2024-04-21 00:00:00+00:00,3154.3,3196.41,3124.78,3174.85,469410.386
2024-04-21 06:00:00+00:00,3174.86,3189.99,3152.04,3167.02,336146.312
2024-04-21 12:00:00+00:00,3167.01,3175.73,3114.15,3147.26,502844.305
2024-04-21 18:00:00+00:00,3147.26,3168.49,3127.75,3145.73,266764.836
2024-04-22 00:00:00+00:00,3145.74,3230.94,3127.14,3226.46,683067.572
2024-04-22 06:00:00+00:00,3226.34,3235.0,3186.01,3193.04,451268.235
2024-04-22 12:00:00+00:00,3193.04,3216.78,3164.16,3197.59,593451.142
2024-04-22 18:00:00+00:00,3197.59,3223.0,3173.34,3198.66,319653.913
2024-04-23 00:00:00+00:00,3198.66,3221.85,3165.68,3183.53,322457.693
2024-04-23 06:00:00+00:00,3183.53,3190.3,3150.31,3178.63,332902.456
2024-04-23 12:00:00+00:00,3178.63,3266.91,3171.49,3236.0,727360.059
2024-04-23 18:00:00+00:00,3236.0,3239.34,3184.4,3218.04,280386.17
2024-04-24 00:00:00+00:00,3218.03,3274.0,3208.55,3255.52,385476.587
2024-04-24 06:00:00+00:00,3255.52,3286.0,3240.06,3280.15,395472.776
2024-04-24 12:00:00+00:00,3280.15,3293.38,3154.7,3178.56,1076201.43
2024-04-24 18:00:00+00:00,3178.57,3179.71,3102.5,3138.84,625676.486
2024-04-25 00:00:00+00:00,3138.84,3169.98,3124.26,3156.63,419978.562
2024-04-25 06:00:00+00:00,3156.62,3166.48,3070.16,3110.35,666071.354
2024-04-25 12:00:00+00:00,3110.35,3171.96,3080.06,3158.97,977894.783
2024-04-25 18:00:00+00:00,3158.96,3189.97,3146.06,3154.44,384131.219
2024-04-26 00:00:00+00:00,3154.44,3163.3,3122.68,3151.21,376356.532
2024-04-26 06:00:00+00:00,3151.22,3156.68,3120.01,3127.57,362865.93
2024-04-26 12:00:00+00:00,3127.54,3167.2,3100.38,3144.23,785340.143
2024-04-26 18:00:00+00:00,3144.22,3154.45,3118.17,3129.98,239753.511
2024-04-27 00:00:00+00:00,3129.98,3137.64,3062.8,3116.01,604835.788
2024-04-27 06:00:00+00:00,3116.0,3132.0,3106.12,3123.35,236054.388
2024-04-27 12:00:00+00:00,3123.36,3265.07,3120.16,3256.79,776867.43
2024-04-27 18:00:00+00:00,3256.79,3283.54,3220.46,3253.97,582055.881
2024-04-28 00:00:00+00:00,3253.97,3329.0,3248.8,3311.64,540099.445
2024-04-28 06:00:00+00:00,3311.64,3340.86,3272.56,3285.03,486029.968
2024-04-28 12:00:00+00:00,3285.03,3330.0,3282.27,3325.07,468602.028
2024-04-28 18:00:00+00:00,3325.06,3365.69,3251.0,3262.28,505149.823
2024-04-29 00:00:00+00:00,3262.29,3286.29,3166.75,3203.56,903447.042
2024-04-29 06:00:00+00:00,3203.55,3208.99,3144.8,3158.24,672778.639
2024-04-29 12:00:00+00:00,3158.23,3188.71,3113.02,3172.1,938230.886
2024-04-29 18:00:00+00:00,3172.1,3234.52,3160.04,3215.27,445678.782
2024-04-30 00:00:00+00:00,3215.28,3250.0,3148.0,3167.54,700874.851
2024-04-30 06:00:00+00:00,3167.53,3173.9,3002.17,3005.93,1211142.051
2024-04-30 12:00:00+00:00,3005.94,3037.17,2938.11,2984.01,1456152.96
2024-04-30 18:00:00+00:00,2984.0,3027.91,2918.33,3012.58,910318.574
2024-05-01 00:00:00+00:00,3012.57,3021.94,2958.0,2993.29,522305.988
2024-05-01 06:00:00+00:00,2993.29,2995.77,2814.44,2904.19,1621779.144
2024-05-01 12:00:00+00:00,2904.19,2932.86,2864.16,2920.38,914259.044
2024-05-01 18:00:00+00:00,2920.38,3014.94,2908.21,2970.61,1219043.131
2024-05-02 00:00:00+00:00,2970.61,2980.67,2890.0,2914.98,550266.651
2024-05-02 06:00:00+00:00,2914.99,3007.64,2908.58,2994.44,625647.466
2024-05-02 12:00:00+00:00,2994.44,3012.0,2951.08,2991.23,724298.646
2024-05-02 18:00:00+00:00,2991.24,3016.38,2967.54,2984.8,392800.014
2024-05-03 00:00:00+00:00,2984.8,3035.0,2976.0,2995.99,383198.116
2024-05-03 06:00:00+00:00,2995.99,2998.03,2956.86,2978.4,446207.563
2024-05-03 12:00:00+00:00,2978.39,3086.97,2967.77,3077.67,1070011.572
2024-05-03 18:00:00+00:00,3077.68,3126.44,3061.0,3100.83,456144.581
2024-05-04 00:00:00+00:00,3100.83,3129.0,3090.75,3117.13,307733.996
2024-05-04 06:00:00+00:00,3117.13,3167.45,3093.37,3129.4,462077.051
2024-05-04 12:00:00+00:00,3129.4,3158.02,3112.0,3120.62,357950.402
2024-05-04 18:00:00+00:00,3120.63,3146.13,3102.66,3115.46,243892.521
2024-05-05 00:00:00+00:00,3115.46,3125.68,3071.1,3084.38,400979.682
2024-05-05 06:00:00+00:00,3084.37,3171.15,3080.09,3136.56,477693.332
2024-05-05 12:00:00+00:00,3136.56,3166.98,3125.0,3146.15,482436.157
2024-05-05 18:00:00+00:00,3146.15,3146.36,3120.2,3135.24,209169.346
2024-05-06 00:00:00+00:00,3135.24,3178.0,3123.0,3177.65,360810.798
2024-05-06 06:00:00+00:00,3177.65,3221.95,3128.53,3147.89,865415.272
2024-05-06 12:00:00+00:00,3147.89,3153.5,3054.67,3069.58,1077182.721
2024-05-06 18:00:00+00:00,3069.58,3087.87,3043.92,3061.5,335298.233
2024-05-07 00:00:00+00:00,3061.5,3096.13,3018.0,3068.0,544587.75
2024-05-07 06:00:00+00:00,3068.0,3128.59,3056.28,3061.91,625129.902
2024-05-07 12:00:00+00:00,3061.92,3105.67,3044.03,3057.86,519114.646
2024-05-07 18:00:00+00:00,3057.87,3060.98,2996.53,3004.55,512704.408
2024-05-08 00:00:00+00:00,3004.55,3037.52,2993.0,3024.53,365900.58
2024-05-08 06:00:00+00:00,3024.52,3029.69,2976.14,2989.63,594002.584
2024-05-08 12:00:00+00:00,2989.63,3031.98,2983.73,3010.06,620629.337
2024-05-08 18:00:00+00:00,3010.06,3021.13,2930.64,2972.93,615077.098
2024-05-09 00:00:00+00:00,2972.94,3014.94,2971.03,3002.62,274444.973
2024-05-09 06:00:00+00:00,3002.62,3012.42,2949.0,2976.22,443821.249
2024-05-09 12:00:00+00:00,2976.22,3025.0,2954.52,3002.73,660780.695
2024-05-09 18:00:00+00:00,3002.75,3058.23,3000.04,3034.75,330469.057
2024-05-10 00:00:00+00:00,3034.75,3041.86,3015.56,3028.8,213249.374
2024-05-10 06:00:00+00:00,3028.79,3053.52,3020.73,3036.44,285209.085
2024-05-10 12:00:00+00:00,3036.44,3043.06,2877.0,2891.5,1453967.357
2024-05-10 18:00:00+00:00,2891.5,2915.69,2883.52,2908.85,311741.619
2024-05-11 00:00:00+00:00,2908.85,2935.0,2903.03,2917.89,236128.27
2024-05-11 06:00:00+00:00,2917.88,2926.56,2884.6,2902.7,271037.541
2024-05-11 12:00:00+00:00,2902.7,2946.6,2894.3,2928.96,412180.97
2024-05-11 18:00:00+00:00,2928.97,2940.0,2905.16,2911.27,195885.124
2024-05-12 00:00:00+00:00,2911.27,2931.94,2907.57,2924.52,155133.641
2024-05-12 06:00:00+00:00,2924.52,2943.38,2898.97,2927.1,353082.695
2024-05-12 12:00:00+00:00,2927.09,2954.94,2919.84,2940.08,338518.775
2024-05-12 18:00:00+00:00,2940.08,2940.81,2911.13,2927.73,156706.27
2024-05-13 00:00:00+00:00,2927.73,2942.0,2863.8,2874.28,737913.428
2024-05-13 06:00:00+00:00,2874.28,2996.44,2871.0,2964.59,946242.311
2024-05-13 12:00:00+00:00,2964.6,2985.76,2933.6,2939.76,587613.2
2024-05-13 18:00:00+00:00,2939.77,2959.0,2925.06,2949.71,217735.789
2024-05-14 00:00:00+00:00,2949.72,2959.79,2930.0,2941.32,334408.754
2024-05-14 06:00:00+00:00,2941.33,2941.33,2880.0,2906.82,535047.674
2024-05-14 12:00:00+00:00,2906.82,2925.0,2858.14,2875.0,988079.657
2024-05-14 18:00:00+00:00,2874.99,2902.24,2869.28,2880.87,229471.258
2024-05-15 00:00:00+00:00,2880.87,2914.44,2861.71,2905.91,341014.706
2024-05-15 06:00:00+00:00,2905.91,2932.99,2885.25,2897.74,487923.711
2024-05-15 12:00:00+00:00,2897.74,2992.0,2891.13,2982.25,1183545.456
2024-05-15 18:00:00+00:00,2982.26,3039.52,2981.26,3030.66,526457.501
2024-05-16 00:00:00+00:00,3030.67,3039.95,2989.32,3005.42,426593.997
2024-05-16 06:00:00+00:00,3005.42,3026.94,2984.5,3005.21,384350.16
2024-05-16 12:00:00+00:00,3005.2,3009.28,2923.0,2946.16,960546.331
2024-05-16 18:00:00+00:00,2946.17,2955.0,2920.93,2943.22,260064.448
2024-05-17 00:00:00+00:00,2943.22,2955.95,2931.36,2946.11,222668.49
2024-05-17 06:00:00+00:00,2946.12,3060.0,2938.56,3029.21,974059.344
2024-05-17 12:00:00+00:00,3029.21,3119.0,3018.31,3084.62,1107183.828
2024-05-17 18:00:00+00:00,3084.61,3094.83,3066.0,3090.48,269960.576
2024-05-18 00:00:00+00:00,3090.47,3125.7,3081.59,3096.02,370412.821
2024-05-18 06:00:00+00:00,3096.03,3146.36,3088.8,3132.84,413126.07
2024-05-18 12:00:00+00:00,3132.85,3134.24,3093.62,3113.31,412828.249
2024-05-18 18:00:00+00:00,3113.3,3125.96,3103.99,3121.59,139142.447
2024-05-19 00:00:00+00:00,3121.6,3135.58,3111.5,3117.72,188783.651
2024-05-19 06:00:00+00:00,3117.72,3124.2,3080.0,3101.62,413101.381
2024-05-19 12:00:00+00:00,3101.62,3102.0,3056.14,3071.77,469146.579
2024-05-19 18:00:00+00:00,3071.77,3083.36,3051.3,3069.98,277654.105
2024-05-20 00:00:00+00:00,3069.98,3138.14,3045.06,3123.46,546803.05
2024-05-20 06:00:00+00:00,3123.46,3124.35,3061.44,3092.91,541585.45
2024-05-20 12:00:00+00:00,3092.92,3150.98,3075.0,3142.55,684896.406
2024-05-20 18:00:00+00:00,3142.55,3698.86,3134.72,3664.39,3621088.061
2024-05-21 00:00:00+00:00,3664.39,3725.69,3628.0,3649.16,1177296.45
2024-05-21 06:00:00+00:00,3649.15,3830.53,3646.76,3779.64,1288599.917
2024-05-21 12:00:00+00:00,3779.63,3849.26,3725.07,3751.81,2291992.087
2024-05-21 18:00:00+00:00,3751.81,3824.36,3677.4,3792.32,871253.846
2024-05-22 00:00:00+00:00,3792.33,3816.84,3722.58,3761.55,630593.1
2024-05-22 06:00:00+00:00,3761.55,3782.34,3690.0,3692.71,651107.329
2024-05-22 12:00:00+00:00,3692.51,3799.92,3655.0,3742.04,1636956.524
2024-05-22 18:00:00+00:00,3742.05,3784.69,3701.98,3740.25,708186.418
2024-05-23 00:00:00+00:00,3740.25,3798.99,3738.2,3769.79,500196.633
2024-05-23 06:00:00+00:00,3769.79,3930.0,3761.16,3921.0,1221020.654
2024-05-23 12:00:00+00:00,3921.01,3952.89,3732.0,3786.81,2429261.925
2024-05-23 18:00:00+00:00,3786.81,3908.0,3524.55,3784.8,3484695.099
2024-05-24 00:00:00+00:00,3784.79,3832.0,3728.0,3730.42,638062.17
2024-05-24 06:00:00+00:00,3730.42,3742.99,3627.0,3714.35,1150541.739
2024-05-24 12:00:00+00:00,3714.34,3734.9,3655.34,3712.44,946694.073
2024-05-24 18:00:00+00:00,3712.44,3761.94,3709.05,3729.61,480516.247
2024-05-25 00:00:00+00:00,3729.61,3782.82,3710.14,3754.29,351247.626
2024-05-25 06:00:00+00:00,3754.29,3776.91,3737.8,3740.68,313711.894
2024-05-25 12:00:00+00:00,3740.69,3760.0,3721.0,3742.7,323142.248
2024-05-25 18:00:00+00:00,3742.71,3768.4,3730.0,3751.15,159132.494
2024-05-26 00:00:00+00:00,3751.16,3773.96,3732.06,3761.83,264918.369
2024-05-26 06:00:00+00:00,3761.83,3824.84,3753.81,3815.36,538934.903
2024-05-26 12:00:00+00:00,3815.36,3887.26,3792.36,3846.29,753228.824
2024-05-26 18:00:00+00:00,3846.29,3883.05,3820.0,3827.53,346305.434
2024-05-27 00:00:00+00:00,3827.54,3946.05,3824.7,3906.73,710084.963
2024-05-27 06:00:00+00:00,3906.74,3959.62,3886.0,3902.78,574466.061
2024-05-27 12:00:00+00:00,3902.78,3980.0,3893.36,3940.02,880756.299
2024-05-27 18:00:00+00:00,3940.02,3945.74,3856.0,3896.09,599821.96
2024-05-28 00:00:00+00:00,3896.09,3914.41,3823.0,3862.58,682555.306
2024-05-28 06:00:00+00:00,3862.59,3934.42,3841.35,3906.56,511271.216
2024-05-28 12:00:00+00:00,3906.56,3915.0,3821.75,3828.01,946578.821
2024-05-28 18:00:00+00:00,3828.0,3875.0,3775.42,3847.0,603063.662
2024-05-29 00:00:00+00:00,3847.01,3891.79,3837.28,3869.88,444883.058
2024-05-29 06:00:00+00:00,3869.88,3873.99,3783.2,3813.81,618133.991
2024-05-29 12:00:00+00:00,3813.81,3842.29,3746.41,3769.32,860192.963
2024-05-29 18:00:00+00:00,3769.32,3796.66,3746.84,3770.0,398854.205
2024-05-30 00:00:00+00:00,3770.01,3805.0,3753.06,3787.31,368188.811
2024-05-30 06:00:00+00:00,3787.3,3788.87,3704.7,3739.56,765004.261
2024-05-30 12:00:00+00:00,3739.58,3828.74,3736.35,3813.79,737285.587
2024-05-30 18:00:00+00:00,3813.8,3822.26,3720.72,3750.39,467094.748
2024-05-31 00:00:00+00:00,3750.38,3773.29,3736.6,3749.5,280615.572
2024-05-31 06:00:00+00:00,3749.51,3817.0,3726.93,3805.47,477013.328
2024-05-31 12:00:00+00:00,3805.47,3859.53,3725.16,3770.74,1110211.026
2024-05-31 18:00:00+00:00,3770.73,3804.34,3743.29,3764.35,377662.325
2024-06-01 00:00:00+00:00,3764.35,3796.86,3754.36,3792.0,249336.892
2024-06-01 06:00:00+00:00,3792.0,3812.81,3772.04,3790.39,299211.107
2024-06-01 12:00:00+00:00,3790.39,3817.0,3788.85,3809.62,260635.751
2024-06-01 18:00:00+00:00,3809.62,3837.2,3799.32,3817.49,181787.248
2024-06-02 00:00:00+00:00,3817.49,3841.7,3798.59,3807.45,372103.264
2024-06-02 06:00:00+00:00,3807.46,3817.36,3772.35,3806.26,438958.206
2024-06-02 12:00:00+00:00,3806.27,3812.29,3774.05,3774.46,288937.123
2024-06-02 18:00:00+00:00,3774.45,3799.8,3753.8,3783.98,299999.011
2024-06-03 00:00:00+00:00,3783.98,3834.63,3763.0,3817.59,407449.017
2024-06-03 06:00:00+00:00,3817.59,3847.42,3806.84,3811.61,371709.721
2024-06-03 12:00:00+00:00,3811.61,3854.0,3760.0,3782.36,902357.09
2024-06-03 18:00:00+00:00,3782.37,3792.64,3761.25,3769.15,235264.297
2024-06-04 00:00:00+00:00,3769.14,3787.78,3720.0,3764.09,378371.638
2024-06-04 06:00:00+00:00,3764.09,3785.5,3743.15,3767.02,330813.963
2024-06-04 12:00:00+00:00,3767.02,3835.11,3755.13,3816.31,779458.501
2024-06-04 18:00:00+00:00,3816.3,3829.0,3777.77,3813.12,268866.22
2024-06-05 00:00:00+00:00,3813.11,3845.0,3778.91,3790.18,448817.649
2024-06-05 06:00:00+00:00,3790.19,3823.4,3785.22,3806.87,331014.308
2024-06-05 12:00:00+00:00,3806.86,3853.28,3783.21,3844.66,610830.499
2024-06-05 18:00:00+00:00,3844.66,3892.06,3835.55,3868.61,548497.806
2024-06-06 00:00:00+00:00,3868.6,3881.99,3847.15,3850.08,234634.543
2024-06-06 06:00:00+00:00,3850.08,3859.93,3843.0,3852.74,220660.421
2024-06-06 12:00:00+00:00,3852.73,3869.86,3817.72,3836.09,580531.051
2024-06-06 18:00:00+00:00,3836.09,3842.81,3760.0,3815.76,514935.478
2024-06-07 00:00:00+00:00,3815.77,3828.32,3793.1,3820.52,221543.463
2024-06-07 06:00:00+00:00,3820.52,3843.89,3803.51,3838.3,241791.774
2024-06-07 12:00:00+00:00,3838.3,3844.32,3725.01,3725.33,981732.232
2024-06-07 18:00:00+00:00,3725.32,3732.21,3555.02,3679.82,1172531.316
2024-06-08 00:00:00+00:00,3679.82,3693.76,3675.0,3681.72,150401.526
2024-06-08 06:00:00+00:00,3681.72,3711.28,3680.2,3684.55,231131.572
2024-06-08 12:00:00+00:00,3684.55,3699.2,3659.0,3689.26,284380.2
2024-06-08 18:00:00+00:00,3689.27,3696.3,3671.0,3682.11,127648.657
2024-06-09 00:00:00+00:00,3682.12,3686.68,3666.71,3682.28,153913.668
2024-06-09 06:00:00+00:00,3682.28,3696.3,3682.13,3695.15,125068.015
2024-06-09 12:00:00+00:00,3695.15,3714.93,3682.05,3701.72,261555.536
2024-06-09 18:00:00+00:00,3701.72,3724.73,3695.0,3707.67,174662.967
2024-06-10 00:00:00+00:00,3707.67,3708.08,3681.3,3685.86,156388.046
2024-06-10 06:00:00+00:00,3685.85,3685.85,3642.6,3677.14,357803.045
2024-06-10 12:00:00+00:00,3677.14,3715.49,3663.74,3697.82,368506.018
2024-06-10 18:00:00+00:00,3697.82,3702.59,3651.35,3669.66,266339.555
2024-06-11 00:00:00+00:00,3669.65,3675.0,3533.62,3562.6,1030682.087
2024-06-11 06:00:00+00:00,3562.61,3570.82,3501.12,3530.87,770555.085
2024-06-11 12:00:00+00:00,3530.86,3547.26,3427.09,3472.98,1085496.719
2024-06-11 18:00:00+00:00,3472.98,3510.0,3466.48,3498.16,275321.298
2024-06-12 00:00:00+00:00,3498.17,3533.95,3462.09,3508.91,416700.908
2024-06-12 06:00:00+00:00,3508.91,3564.54,3508.0,3531.38,354547.715
2024-06-12 12:00:00+00:00,3531.38,3657.77,3531.18,3623.26,1176270.581
2024-06-12 18:00:00+00:00,3623.26,3624.73,3512.07,3560.45,913987.178
2024-06-13 00:00:00+00:00,3560.44,3562.33,3476.26,3510.32,475856.693
2024-06-13 06:00:00+00:00,3510.32,3511.91,3472.21,3496.5,379110.901
2024-06-13 12:00:00+00:00,3496.5,3540.7,3426.01,3469.64,1166222.788
2024-06-13 18:00:00+00:00,3469.65,3492.48,3460.86,3469.18,236250.991
2024-06-14 00:00:00+00:00,3469.18,3528.93,3457.29,3521.73,349209.952
2024-06-14 06:00:00+00:00,3521.74,3533.82,3505.2,3515.14,283847.856
2024-06-14 12:00:00+00:00,3515.13,3525.2,3380.0,3388.63,1114056.068
2024-06-14 18:00:00+00:00,3388.62,3529.0,3361.05,3480.51,775920.508
2024-06-15 00:00:00+00:00,3480.5,3528.0,3472.34,3526.38,343880.914
2024-06-15 06:00:00+00:00,3526.38,3557.54,3518.0,3538.17,439135.897
2024-06-15 12:00:00+00:00,3538.16,3594.99,3536.72,3570.09,561583.794
2024-06-15 18:00:00+00:00,3570.08,3574.88,3534.58,3567.87,231929.474
2024-06-16 00:00:00+00:00,3567.88,3572.95,3540.0,3567.43,201961.33
2024-06-16 06:00:00+00:00,3567.43,3573.68,3545.73,3553.86,230389.626
2024-06-16 12:00:00+00:00,3553.86,3611.1,3551.63,3590.85,521882.307
2024-06-16 18:00:00+00:00,3590.85,3653.73,3586.75,3622.96,381425.994
2024-06-17 00:00:00+00:00,3622.96,3637.47,3564.67,3573.02,535579.99
2024-06-17 06:00:00+00:00,3573.01,3576.49,3489.31,3525.99,849195.076
2024-06-17 12:00:00+00:00,3525.99,3555.0,3464.0,3553.08,1048825.301
2024-06-17 18:00:00+00:00,3553.09,3576.54,3498.39,3509.56,500901.558
2024-06-18 00:00:00+00:00,3509.56,3515.87,3341.85,3443.44,1196968.95
2024-06-18 06:00:00+00:00,3443.44,3455.7,3390.0,3412.41,475448.201
2024-06-18 12:00:00+00:00,3412.41,3439.96,3367.73,3407.95,1024952.448
2024-06-18 18:00:00+00:00,3407.94,3488.8,3385.38,3482.34,615572.669
2024-06-19 00:00:00+00:00,3482.33,3585.0,3463.91,3548.79,833819.36
2024-06-19 06:00:00+00:00,3548.8,3565.0,3516.29,3535.26,604180.608
2024-06-19 12:00:00+00:00,3535.26,3587.63,3510.03,3560.11,566657.97
2024-06-19 18:00:00+00:00,3560.1,3575.0,3530.57,3558.85,339558.49
2024-06-20 00:00:00+00:00,3558.84,3594.6,3531.44,3579.58,485128.883
2024-06-20 06:00:00+00:00,3579.59,3625.0,3570.07,3597.49,652261.968
2024-06-20 12:00:00+00:00,3597.49,3610.0,3483.63,3521.26,1119645.5
2024-06-20 18:00:00+00:00,3521.27,3541.63,3509.03,3511.26,247134.581
2024-06-21 00:00:00+00:00,3511.27,3534.89,3490.03,3517.01,352906.857
2024-06-21 06:00:00+00:00,3517.01,3531.5,3443.8,3502.11,881961.211
2024-06-21 12:00:00+00:00,3502.11,3519.0,3453.47,3477.01,877529.123
2024-06-21 18:00:00+00:00,3477.01,3546.66,3474.3,3517.18,392465.608
2024-06-22 00:00:00+00:00,3517.18,3520.0,3493.07,3507.66,192732.817
2024-06-22 06:00:00+00:00,3507.66,3508.19,3472.57,3491.64,278971.494
2024-06-22 12:00:00+00:00,3491.64,3509.54,3485.18,3496.46,224108.392
2024-06-22 18:00:00+00:00,3496.45,3506.88,3483.0,3494.26,148270.099
2024-06-23 00:00:00+00:00,3494.25,3519.7,3493.33,3508.22,176189.223
2024-06-23 06:00:00+00:00,3508.21,3512.96,3486.06,3496.89,182495.951
2024-06-23 12:00:00+00:00,3496.88,3503.09,3460.0,3471.33,556554.123
2024-06-23 18:00:00+00:00,3471.34,3480.75,3397.87,3419.38,492909.419
2024-06-24 00:00:00+00:00,3419.38,3434.75,3352.47,3370.58,754778.425
2024-06-24 06:00:00+00:00,3370.58,3393.38,3213.0,3319.4,1288992.519
2024-06-24 12:00:00+00:00,3319.39,3335.69,3241.0,3293.13,1166025.829
2024-06-24 18:00:00+00:00,3293.12,3363.11,3250.0,3352.0,971536.802
2024-06-25 00:00:00+00:00,3351.99,3393.98,3335.58,3373.96,525041.221
2024-06-25 06:00:00+00:00,3373.97,3395.24,3345.0,3375.03,391690.069
2024-06-25 12:00:00+00:00,3375.02,3423.5,3357.0,3387.57,674446.891
2024-06-25 18:00:00+00:00,3387.57,3431.27,3383.26,3393.06,382281.612
2024-06-26 00:00:00+00:00,3393.07,3425.0,3375.0,3387.0,349253.496
2024-06-26 06:00:00+00:00,3387.0,3405.42,3365.1,3380.3,318417.939
2024-06-26 12:00:00+00:00,3380.31,3395.0,3325.54,3371.78,618936.8
2024-06-26 18:00:00+00:00,3371.77,3416.95,3354.04,3370.76,508204.735
2024-06-27 00:00:00+00:00,3370.78,3392.0,3360.22,3367.96,274342.121
2024-06-27 06:00:00+00:00,3367.97,3412.0,3364.53,3402.59,401769.643
2024-06-27 12:00:00+00:00,3402.59,3476.6,3402.22,3461.2,856019.791
2024-06-27 18:00:00+00:00,3461.2,3467.46,3439.73,3450.34,192543.133
2024-06-28 00:00:00+00:00,3450.34,3487.98,3435.64,3448.12,470160.063
2024-06-28 06:00:00+00:00,3448.13,3460.34,3417.39,3451.61,358597.846
2024-06-28 12:00:00+00:00,3451.6,3475.0,3370.41,3384.4,969929.086
2024-06-28 18:00:00+00:00,3384.41,3393.63,3362.0,3379.51,284064.462
2024-06-29 00:00:00+00:00,3379.5,3399.42,3378.87,3384.43,231132.291
2024-06-29 06:00:00+00:00,3384.43,3407.0,3381.99,3398.69,206238.466
2024-06-29 12:00:00+00:00,3398.69,3401.99,3380.22,3388.14,169620.653
2024-06-29 18:00:00+00:00,3388.14,3391.42,3369.07,3377.62,128892.377
2024-06-30 00:00:00+00:00,3377.63,3388.72,3348.5,3366.06,271668.624
2024-06-30 06:00:00+00:00,3366.06,3399.39,3360.14,3387.95,277698.581
2024-06-30 12:00:00+00:00,3387.95,3421.86,3377.9,3412.6,283419.995
2024-06-30 18:00:00+00:00,3412.59,3459.77,3406.81,3436.73,341957.167
2024-07-01 00:00:00+00:00,3436.72,3524.16,3430.93,3489.91,627423.769
2024-07-01 06:00:00+00:00,3489.91,3494.18,3456.71,3459.06,300211.22
2024-07-01 12:00:00+00:00,3459.07,3492.52,3451.34,3490.23,437484.237
2024-07-01 18:00:00+00:00,3490.24,3498.91,3420.0,3440.46,359777.094
2024-07-02 00:00:00+00:00,3440.47,3463.84,3432.66,3458.15,195619.814
2024-07-02 06:00:00+00:00,3458.14,3458.64,3431.68,3452.13,279146.629
2024-07-02 12:00:00+00:00,3452.13,3463.07,3399.22,3423.9,549720.337
2024-07-02 18:00:00+00:00,3423.89,3433.32,3410.58,3420.43,189906.534
2024-07-03 00:00:00+00:00,3420.43,3431.36,3328.01,3367.55,638559.011
2024-07-03 06:00:00+00:00,3367.56,3372.09,3281.0,3306.07,693882.442
2024-07-03 12:00:00+00:00,3306.07,3325.54,3272.92,3302.38,637588.786
2024-07-03 18:00:00+00:00,3302.38,3309.78,3250.1,3294.75,550322.496
2024-07-04 00:00:00+00:00,3294.75,3312.59,3152.54,3223.54,1034615.252
2024-07-04 06:00:00+00:00,3223.54,3225.56,3123.0,3158.9,1093336.307
2024-07-04 12:00:00+00:00,3158.91,3159.9,3088.05,3142.24,1104676.157
2024-07-04 18:00:00+00:00,3142.23,3168.98,3049.39,3059.31,629417.206
2024-07-05 00:00:00+00:00,3059.3,3108.28,2800.0,2900.23,2883803.53
2024-07-05 06:00:00+00:00,2900.22,2955.0,2821.84,2946.04,1290897.063
2024-07-05 12:00:00+00:00,2946.04,3007.86,2921.01,2989.67,1204654.253
2024-07-05 18:00:00+00:00,2989.68,2995.77,2956.52,2980.43,373715.348
2024-07-06 00:00:00+00:00,2980.37,3026.4,2953.45,2970.51,449521.091
2024-07-06 06:00:00+00:00,2970.51,3014.82,2968.98,3004.44,401958.897
2024-07-06 12:00:00+00:00,3004.45,3064.83,2988.0,3049.27,492412.506
2024-07-06 18:00:00+00:00,3049.27,3080.0,3044.0,3065.5,251926.33
2024-07-07 00:00:00+00:00,3065.49,3072.0,3015.12,3029.15,381337.394
2024-07-07 06:00:00+00:00,3029.16,3037.99,2991.52,3013.97,354844.176
2024-07-07 12:00:00+00:00,3013.96,3022.91,2954.08,2994.11,573195.831
2024-07-07 18:00:00+00:00,2994.11,3008.84,2922.0,2930.24,491093.207
2024-07-08 00:00:00+00:00,2930.23,2951.07,2821.26,2915.33,1260217.767
2024-07-08 06:00:00+00:00,2915.33,3098.0,2901.0,3052.85,1302599.791
2024-07-08 12:00:00+00:00,3052.85,3062.79,2886.62,2983.05,1616596.556
2024-07-08 18:00:00+00:00,2983.04,3044.77,2972.17,3017.51,414406.03
2024-07-09 00:00:00+00:00,3017.51,3084.75,3002.56,3066.2,612053.826
2024-07-09 06:00:00+00:00,3066.19,3115.8,3053.3,3081.84,544624.232
2024-07-09 12:00:00+00:00,3081.84,3108.17,3034.58,3051.14,783226.335
2024-07-09 18:00:00+00:00,3051.15,3080.0,3045.3,3065.06,280354.652
2024-07-10 00:00:00+00:00,3065.05,3129.0,3022.57,3100.83,656796.96
2024-07-10 06:00:00+00:00,3100.83,3112.5,3077.07,3101.28,366202.932
2024-07-10 12:00:00+00:00,3101.28,3150.0,3075.84,3101.2,870244.127
2024-07-10 18:00:00+00:00,3101.2,3110.97,3078.0,3099.12,264129.255
2024-07-11 00:00:00+00:00,3099.12,3129.15,3052.75,3096.68,437470.794
2024-07-11 06:00:00+00:00,3096.68,3156.0,3092.34,3145.55,498949.467
2024-07-11 12:00:00+00:00,3145.55,3216.6,3095.51,3129.18,1290185.66
2024-07-11 18:00:00+00:00,3129.19,3146.7,3084.06,3098.25,374733.474
2024-07-12 00:00:00+00:00,3098.24,3116.92,3053.84,3081.05,469324.623
2024-07-12 06:00:00+00:00,3081.05,3097.5,3044.51,3069.22,455037.293
2024-07-12 12:00:00+00:00,3069.22,3156.6,3055.09,3142.12,667295.3
2024-07-12 18:00:00+00:00,3142.12,3152.94,3088.19,3133.24,341015.092
2024-07-13 00:00:00+00:00,3133.24,3139.26,3112.12,3132.31,192464.209
2024-07-13 06:00:00+00:00,3132.31,3170.99,3127.5,3155.59,304256.691
2024-07-13 12:00:00+00:00,3155.59,3163.94,3140.4,3155.14,217018.923
2024-07-13 18:00:00+00:00,3155.15,3200.72,3142.81,3174.01,335745.614
2024-07-14 00:00:00+00:00,3174.0,3206.09,3162.06,3199.95,359699.373
2024-07-14 06:00:00+00:00,3199.95,3224.0,3185.51,3201.59,304093.806
2024-07-14 12:00:00+00:00,3201.6,3202.8,3171.47,3188.84,307159.604
2024-07-14 18:00:00+00:00,3188.83,3268.66,3181.61,3243.56,395762.034
2024-07-15 00:00:00+00:00,3243.52,3344.87,3231.03,3333.52,764680.081
2024-07-15 06:00:00+00:00,3333.52,3371.98,3325.69,3338.85,506644.978
2024-07-15 12:00:00+00:00,3338.84,3404.02,3332.0,3381.01,614865.03
2024-07-15 18:00:00+00:00,3381.02,3493.94,3373.69,3481.62,837422.881
2024-07-16 00:00:00+00:00,3481.62,3497.74,3402.22,3414.5,574295.905
2024-07-16 06:00:00+00:00,3414.5,3433.58,3345.0,3417.78,877974.344
2024-07-16 12:00:00+00:00,3417.78,3493.0,3374.41,3457.11,969456.586
2024-07-16 18:00:00+00:00,3457.12,3482.93,3412.85,3442.83,424037.081
2024-07-17 00:00:00+00:00,3442.84,3517.14,3440.36,3497.04,612613.474
2024-07-17 06:00:00+00:00,3497.04,3507.19,3440.24,3448.13,577681.05
2024-07-17 12:00:00+00:00,3448.12,3474.33,3374.53,3407.37,793352.976
2024-07-17 18:00:00+00:00,3407.37,3427.8,3383.54,3386.0,287527.516
2024-07-18 00:00:00+00:00,3386.01,3440.0,3381.83,3421.83,401112.934
2024-07-18 06:00:00+00:00,3421.84,3459.76,3418.52,3457.34,366763.812
2024-07-18 12:00:00+00:00,3457.34,3487.99,3364.62,3398.15,889268.586
2024-07-18 18:00:00+00:00,3398.15,3435.9,3383.25,3424.99,256015.899
2024-07-19 00:00:00+00:00,3424.99,3432.96,3381.61,3422.44,402261.267
2024-07-19 06:00:00+00:00,3422.44,3449.47,3375.25,3402.84,557131.427
2024-07-19 12:00:00+00:00,3402.84,3514.57,3395.08,3498.7,966231.707
2024-07-19 18:00:00+00:00,3498.7,3539.38,3489.0,3502.18,463679.032
2024-07-20 00:00:00+00:00,3502.18,3507.0,3478.01,3500.32,229395.784
2024-07-20 06:00:00+00:00,3500.33,3503.68,3478.84,3483.39,201146.947
2024-07-20 12:00:00+00:00,3483.39,3538.38,3479.03,3525.55,384491.94
2024-07-20 18:00:00+00:00,3525.56,3536.83,3497.35,3516.03,233124.321
2024-07-21 00:00:00+00:00,3516.03,3527.9,3492.07,3499.66,156434.071
2024-07-21 06:00:00+00:00,3499.66,3506.89,3472.54,3497.37,269896.998
2024-07-21 12:00:00+00:00,3497.37,3524.0,3445.0,3467.18,500835.265
2024-07-21 18:00:00+00:00,3467.18,3547.84,3408.13,3534.29,830943.6
2024-07-22 00:00:00+00:00,3534.3,3562.33,3482.0,3494.04,403934.919
2024-07-22 06:00:00+00:00,3493.9,3502.61,3457.26,3498.6,382488.099
2024-07-22 12:00:00+00:00,3498.61,3505.88,3433.33,3468.94,587923.989
2024-07-22 18:00:00+00:00,3468.94,3498.37,3421.0,3438.08,571693.379
2024-07-23 00:00:00+00:00,3438.09,3489.86,3423.36,3440.37,563159.893
2024-07-23 06:00:00+00:00,3440.37,3540.94,3430.0,3514.54,920737.751
2024-07-23 12:00:00+00:00,3514.54,3517.28,3384.61,3426.8,1696988.499
2024-07-23 18:00:00+00:00,3426.8,3500.0,3417.0,3481.01,804875.724
2024-07-24 00:00:00+00:00,3481.01,3486.73,3425.76,3439.95,399096.15
2024-07-24 06:00:00+00:00,3439.96,3471.32,3435.36,3458.4,279399.372
2024-07-24 12:00:00+00:00,3458.39,3470.68,3400.86,3416.66,687239.611
2024-07-24 18:00:00+00:00,3416.66,3423.69,3285.69,3334.24,930565.208
2024-07-25 00:00:00+00:00,3334.23,3342.02,3125.37,3181.41,1650045.187
2024-07-25 06:00:00+00:00,3181.41,3186.58,3151.16,3170.88,549653.952
2024-07-25 12:00:00+00:00,3170.89,3182.56,3103.5,3164.51,1119012.366
2024-07-25 18:00:00+00:00,3164.52,3198.0,3085.57,3173.67,885571.348
2024-07-26 00:00:00+00:00,3173.67,3268.26,3169.14,3267.56,748807.533
2024-07-26 06:00:00+00:00,3267.56,3274.95,3232.26,3245.36,478761.58
2024-07-26 12:00:00+00:00,3245.36,3269.98,3218.0,3246.14,697814.893
2024-07-26 18:00:00+00:00,3246.14,3284.93,3245.18,3272.82,332009.781
2024-07-27 00:00:00+00:00,3272.81,3273.46,3241.52,3253.27,248580.958
2024-07-27 06:00:00+00:00,3253.27,3281.91,3252.65,3277.0,254007.393
2024-07-27 12:00:00+00:00,3277.0,3326.9,3255.0,3259.27,724536.346
2024-07-27 18:00:00+00:00,3259.28,3293.95,3188.89,3248.17,954385.963
2024-07-28 00:00:00+00:00,3248.16,3255.41,3195.84,3217.2,340946.308
2024-07-28 06:00:00+00:00,3217.2,3264.0,3212.15,3255.0,290918.29
2024-07-28 12:00:00+00:00,3255.0,3278.52,3252.6,3270.44,275722.693
2024-07-28 18:00:00+00:00,3270.43,3284.57,3250.0,3268.03,206855.178
2024-07-29 00:00:00+00:00,3268.03,3374.98,3265.18,3366.5,672188.244
2024-07-29 06:00:00+00:00,3366.49,3396.07,3360.39,3374.03,499709.543
2024-07-29 12:00:00+00:00,3374.03,3385.82,3256.56,3312.0,1270297.802
2024-07-29 18:00:00+00:00,3312.01,3351.71,3301.0,3316.87,455077.736
2024-07-30 00:00:00+00:00,3316.86,3336.95,3280.17,3309.99,509361.893
2024-07-30 06:00:00+00:00,3309.98,3354.81,3307.41,3333.35,345807.556
2024-07-30 12:00:00+00:00,3333.34,3365.0,3283.0,3293.0,681543.748
2024-07-30 18:00:00+00:00,3293.01,3296.74,3230.1,3278.17,464117.278
2024-07-31 00:00:00+00:00,3278.17,3307.39,3260.22,3300.49,362498.341
2024-07-31 06:00:00+00:00,3300.49,3331.42,3297.0,3321.85,365558.413
2024-07-31 12:00:00+00:00,3321.85,3348.74,3281.41,3314.29,635520.294
2024-07-31 18:00:00+00:00,3314.29,3329.37,3212.32,3231.48,810008.035
2024-08-01 00:00:00+00:00,3231.49,3241.83,3134.03,3184.12,796164.892
2024-08-01 06:00:00+00:00,3184.11,3192.85,3162.42,3187.13,320369.841
2024-08-01 12:00:00+00:00,3187.14,3206.35,3088.7,3118.86,1048626.59
2024-08-01 18:00:00+00:00,3118.87,3219.2,3078.4,3201.67,674925.525
2024-08-02 00:00:00+00:00,3201.66,3217.06,3134.93,3147.54,489901.704
2024-08-02 06:00:00+00:00,3147.54,3165.61,3125.0,3152.1,382142.262
2024-08-02 12:00:00+00:00,3152.1,3181.99,2983.57,3024.59,1734001.165
2024-08-02 18:00:00+00:00,3024.71,3041.74,2965.27,2988.11,803252.253
2024-08-03 00:00:00+00:00,2988.1,3002.49,2912.5,2974.28,636823.89
2024-08-03 06:00:00+00:00,2974.28,3004.46,2972.44,2995.44,262221.868
2024-08-03 12:00:00+00:00,2995.43,3016.61,2896.57,2901.09,965794.367
2024-08-03 18:00:00+00:00,2901.08,2927.99,2855.0,2901.94,757052.454
2024-08-04 00:00:00+00:00,2901.95,2934.66,2875.01,2913.76,320323.984
2024-08-04 06:00:00+00:00,2913.75,2924.8,2874.12,2912.8,317118.236
2024-08-04 12:00:00+00:00,2912.8,2924.59,2613.3,2699.0,1925486.489
2024-08-04 18:00:00+00:00,2698.99,2771.34,2680.0,2687.6,1146365.086
2024-08-05 00:00:00+00:00,2687.6,2695.93,2112.0,2310.31,5701331.409
2024-08-05 06:00:00+00:00,2310.31,2367.53,2150.37,2289.89,3322718.353
2024-08-05 12:00:00+00:00,2289.89,2518.27,2181.61,2468.44,3403947.571
2024-08-05 18:00:00+00:00,2468.44,2473.81,2363.0,2418.6,1129726.764
2024-08-06 00:00:00+00:00,2418.6,2545.91,2414.63,2523.31,1019216.319
2024-08-06 06:00:00+00:00,2523.3,2533.94,2438.41,2457.07,976316.363
2024-08-06 12:00:00+00:00,2457.08,2558.24,2412.35,2481.48,1543736.047
2024-08-06 18:00:00+00:00,2481.49,2521.86,2445.0,2459.87,817418.196
2024-08-07 00:00:00+00:00,2459.86,2533.56,2423.5,2503.79,1088979.029
2024-08-07 06:00:00+00:00,2503.8,2549.85,2470.16,2471.82,920927.831
2024-08-07 12:00:00+00:00,2471.83,2486.95,2353.45,2366.31,1927333.298
2024-08-07 18:00:00+00:00,2366.32,2377.33,2307.0,2341.41,969548.887
2024-08-08 00:00:00+00:00,2341.4,2464.28,2318.64,2421.98,1013796.393
2024-08-08 06:00:00+00:00,2421.99,2459.48,2407.08,2446.11,585122.638
2024-08-08 12:00:00+00:00,2446.11,2609.25,2410.29,2577.77,2182267.086
2024-08-08 18:00:00+00:00,2577.76,2723.77,2563.5,2681.59,1039784.233
2024-08-09 00:00:00+00:00,2681.59,2708.8,2644.44,2676.03,743903.264
2024-08-09 06:00:00+00:00,2676.03,2702.88,2616.69,2633.46,729901.67
2024-08-09 12:00:00+00:00,2633.45,2663.27,2551.23,2589.09,1275413.319
2024-08-09 18:00:00+00:00,2589.01,2612.55,2560.4,2597.9,402462.901
2024-08-10 00:00:00+00:00,2597.89,2644.43,2574.54,2604.83,432757.48
2024-08-10 06:00:00+00:00,2604.83,2642.02,2602.47,2635.52,329981.609
2024-08-10 12:00:00+00:00,2635.53,2636.72,2587.85,2609.53,338844.275
2024-08-10 18:00:00+00:00,2609.54,2622.28,2593.25,2608.76,209896.04
2024-08-11 00:00:00+00:00,2608.77,2674.29,2604.5,2660.0,369264.354
2024-08-11 06:00:00+00:00,2660.01,2720.78,2643.48,2651.6,692847.534
2024-08-11 12:00:00+00:00,2651.58,2654.87,2592.5,2635.01,718683.428
2024-08-11 18:00:00+00:00,2635.0,2645.0,2537.76,2554.65,848693.914
2024-08-12 00:00:00+00:00,2554.66,2577.25,2506.13,2552.5,560110.026
2024-08-12 06:00:00+00:00,2552.49,2682.55,2514.68,2672.31,1077577.695
2024-08-12 12:00:00+00:00,2672.31,2721.96,2590.8,2654.0,1755697.004
2024-08-12 18:00:00+00:00,2654.13,2749.97,2626.26,2721.15,733612.495
2024-08-13 00:00:00+00:00,2721.15,2737.38,2641.0,2651.0,759028.867
2024-08-13 06:00:00+00:00,2651.0,2660.83,2610.04,2642.95,555652.217
2024-08-13 12:00:00+00:00,2642.94,2729.05,2630.0,2712.0,1152644.937
2024-08-13 18:00:00+00:00,2712.0,2733.32,2673.22,2701.01,549123.581
2024-08-14 00:00:00+00:00,2701.01,2743.55,2684.14,2722.63,440844.657
2024-08-14 06:00:00+00:00,2722.63,2763.32,2712.71,2748.6,640506.493
2024-08-14 12:00:00+00:00,2748.59,2788.88,2631.0,2657.37,1673474.723
2024-08-14 18:00:00+00:00,2657.38,2678.79,2639.69,2659.82,341702.82
2024-08-15 00:00:00+00:00,2659.82,2672.26,2630.21,2635.75,469408.763
2024-08-15 06:00:00+00:00,2635.75,2643.0,2586.5,2636.54,645532.168
2024-08-15 12:00:00+00:00,2636.53,2674.17,2601.0,2612.68,884085.39
2024-08-15 18:00:00+00:00,2612.68,2612.68,2513.65,2568.73,1220241.419
2024-08-16 00:00:00+00:00,2568.73,2609.04,2551.0,2595.26,465466.506
2024-08-16 06:00:00+00:00,2595.26,2627.65,2592.22,2611.17,442179.542
2024-08-16 12:00:00+00:00,2611.17,2619.0,2549.15,2609.97,1251609.581
2024-08-16 18:00:00+00:00,2610.03,2630.73,2585.49,2591.52,507240.227
2024-08-17 00:00:00+00:00,2591.53,2606.81,2585.81,2599.59,193051.245
2024-08-17 06:00:00+00:00,2599.59,2606.47,2588.94,2597.9,166612.246
2024-08-17 12:00:00+00:00,2597.88,2628.0,2595.44,2614.29,302232.539
2024-08-17 18:00:00+00:00,2614.29,2617.23,2598.54,2613.18,158712.538
2024-08-18 00:00:00+00:00,2613.18,2638.36,2593.0,2601.31,364983.508
2024-08-18 06:00:00+00:00,2601.3,2666.91,2599.92,2648.01,443283.997
2024-08-18 12:00:00+00:00,2648.01,2688.25,2641.42,2649.46,485766.17
2024-08-18 18:00:00+00:00,2649.46,2669.52,2608.05,2610.67,321742.214
2024-08-19 00:00:00+00:00,2610.67,2647.29,2601.8,2624.48,467046.582
2024-08-19 06:00:00+00:00,2624.48,2632.15,2565.0,2586.45,615602.177
2024-08-19 12:00:00+00:00,2586.46,2629.97,2560.9,2605.4,710458.166
2024-08-19 18:00:00+00:00,2605.41,2639.98,2588.69,2635.15,329141.36
2024-08-20 00:00:00+00:00,2635.16,2694.96,2617.05,2682.86,650639.319
2024-08-20 06:00:00+00:00,2682.87,2684.28,2637.12,2641.03,369581.362
2024-08-20 12:00:00+00:00,2641.03,2654.68,2552.5,2588.23,1104343.171
2024-08-20 18:00:00+00:00,2588.39,2608.78,2562.04,2571.51,379945.561
2024-08-21 00:00:00+00:00,2571.51,2596.93,2554.33,2591.59,262832.448
2024-08-21 06:00:00+00:00,2591.59,2606.65,2566.03,2576.4,383537.939
2024-08-21 12:00:00+00:00,2576.4,2629.16,2533.51,2624.61,1146008.757
2024-08-21 18:00:00+00:00,2624.62,2663.55,2618.0,2629.38,622012.431
2024-08-22 00:00:00+00:00,2629.37,2639.28,2582.27,2618.44,417245.581
2024-08-22 06:00:00+00:00,2618.43,2644.0,2616.5,2640.42,324053.673
2024-08-22 12:00:00+00:00,2640.42,2643.87,2588.39,2602.73,636523.478
2024-08-22 18:00:00+00:00,2602.74,2631.27,2597.1,2622.0,253812.907
2024-08-23 00:00:00+00:00,2622.0,2676.78,2619.86,2673.76,457864.493
2024-08-23 06:00:00+00:00,2673.76,2688.86,2650.0,2651.94,479372.001
2024-08-23 12:00:00+00:00,2651.95,2730.8,2631.01,2725.99,1437044.693
2024-08-23 18:00:00+00:00,2725.99,2798.88,2711.06,2761.58,914592.416
2024-08-24 00:00:00+00:00,2761.58,2768.44,2736.92,2754.57,296554.548
2024-08-24 06:00:00+00:00,2754.57,2785.78,2751.77,2755.35,405059.435
2024-08-24 12:00:00+00:00,2755.36,2819.35,2750.0,2781.79,805419.624
2024-08-24 18:00:00+00:00,2781.79,2806.62,2729.15,2766.4,617315.71
2024-08-25 00:00:00+00:00,2766.4,2782.62,2747.0,2762.3,318229.109
2024-08-25 06:00:00+00:00,2762.29,2763.09,2731.63,2749.68,320380.056
2024-08-25 12:00:00+00:00,2749.69,2773.42,2744.73,2770.17,273776.151
2024-08-25 18:00:00+00:00,2770.18,2791.66,2738.0,2744.47,315670.582
2024-08-26 00:00:00+00:00,2744.48,2760.97,2715.07,2742.59,378344.328
2024-08-26 06:00:00+00:00,2742.43,2747.96,2705.37,2735.81,391189.605
2024-08-26 12:00:00+00:00,2735.81,2741.18,2686.71,2693.46,672355.437
2024-08-26 18:00:00+00:00,2693.46,2703.62,2665.0,2679.25,465822.703
2024-08-27 00:00:00+00:00,2679.26,2699.11,2665.16,2695.2,371022.483
2024-08-27 06:00:00+00:00,2695.2,2697.39,2618.0,2625.59,662949.877
2024-08-27 12:00:00+00:00,2625.59,2628.13,2556.0,2585.03,1219836.37
2024-08-27 18:00:00+00:00,2585.03,2590.96,2388.0,2455.98,1582764.699
2024-08-28 00:00:00+00:00,2455.98,2484.59,2416.56,2463.05,777599.989
2024-08-28 06:00:00+00:00,2463.05,2549.3,2427.65,2521.5,911053.885
2024-08-28 12:00:00+00:00,2521.49,2538.0,2455.04,2500.68,1282747.867
2024-08-28 18:00:00+00:00,2500.68,2554.19,2496.01,2527.31,703306.695
2024-08-29 00:00:00+00:00,2527.32,2540.72,2509.12,2539.52,343062.68
2024-08-29 06:00:00+00:00,2539.51,2573.82,2535.17,2553.72,451252.988
2024-08-29 12:00:00+00:00,2553.71,2594.0,2550.59,2575.4,740353.423
2024-08-29 18:00:00+00:00,2575.39,2577.38,2504.11,2526.28,622079.637
2024-08-30 00:00:00+00:00,2526.28,2534.28,2502.84,2510.26,348580.871
2024-08-30 06:00:00+00:00,2510.26,2531.89,2505.08,2511.45,319851.608
2024-08-30 12:00:00+00:00,2511.45,2552.32,2431.0,2465.19,1392337.997
2024-08-30 18:00:00+00:00,2465.19,2540.0,2464.0,2524.99,644625.655
2024-08-31 00:00:00+00:00,2524.99,2533.29,2517.79,2522.14,140537.201
2024-08-31 06:00:00+00:00,2522.14,2528.76,2510.16,2524.56,190509.674
2024-08-31 12:00:00+00:00,2524.55,2526.83,2490.62,2502.39,246160.245
2024-08-31 18:00:00+00:00,2502.39,2527.5,2492.29,2511.91,208625.681
2024-09-01 00:00:00+00:00,2511.91,2514.97,2457.5,2463.67,445783.212
2024-09-01 06:00:00+00:00,2463.67,2491.96,2457.6,2476.44,343859.162
2024-09-01 12:00:00+00:00,2476.45,2488.99,2436.54,2469.73,653875.676
2024-09-01 18:00:00+00:00,2469.74,2514.77,2397.23,2424.55,852282.308
2024-09-02 00:00:00+00:00,2424.55,2465.96,2421.8,2453.19,516007.627
2024-09-02 06:00:00+00:00,2453.19,2537.57,2432.0,2514.75,846745.797
2024-09-02 12:00:00+00:00,2514.75,2527.22,2491.28,2521.57,545465.394
2024-09-02 18:00:00+00:00,2521.56,2564.49,2514.33,2536.74,381780.301
2024-09-03 00:00:00+00:00,2536.76,2552.55,2512.01,2521.26,356230.726
2024-09-03 06:00:00+00:00,2521.25,2522.57,2492.0,2508.19,341145.223
2024-09-03 12:00:00+00:00,2508.19,2518.0,2434.5,2441.4,910771.822
2024-09-03 18:00:00+00:00,2441.41,2470.4,2405.14,2424.05,443887.962
2024-09-04 00:00:00+00:00,2424.05,2448.0,2304.87,2364.31,1379435.971
2024-09-04 06:00:00+00:00,2364.31,2414.66,2364.22,2397.68,521046.746
2024-09-04 12:00:00+00:00,2397.67,2489.34,2391.5,2448.35,1206241.686
2024-09-04 18:00:00+00:00,2448.34,2468.4,2437.37,2449.67,284405.306
2024-09-05 00:00:00+00:00,2449.67,2465.23,2400.4,2408.57,530624.224
2024-09-05 06:00:00+00:00,2408.42,2416.62,2375.36,2388.44,561342.643
2024-09-05 12:00:00+00:00,2388.44,2413.87,2354.01,2392.93,1085466.469
2024-09-05 18:00:00+00:00,2392.93,2395.0,2346.05,2367.37,433648.49
2024-09-06 00:00:00+00:00,2367.33,2407.75,2356.17,2383.21,447360.087
2024-09-06 06:00:00+00:00,2383.2,2385.0,2319.63,2372.16,828200.277
2024-09-06 12:00:00+00:00,2372.16,2409.34,2222.28,2244.4,2507711.964
2024-09-06 18:00:00+00:00,2244.4,2247.76,2150.0,2223.7,1692746.11
2024-09-07 00:00:00+00:00,2223.7,2275.0,2220.76,2263.59,489487.726
2024-09-07 06:00:00+00:00,2263.59,2298.96,2258.0,2282.71,480876.559
2024-09-07 12:00:00+00:00,2282.7,2310.0,2262.01,2271.5,535773.369
2024-09-07 18:00:00+00:00,2271.5,2293.06,2255.0,2272.21,326632.589
2024-09-08 00:00:00+00:00,2272.21,2303.9,2262.0,2284.08,288850.324
2024-09-08 06:00:00+00:00,2284.08,2309.0,2283.3,2295.27,289439.605
2024-09-08 12:00:00+00:00,2295.28,2298.16,2238.88,2280.69,742472.105
2024-09-08 18:00:00+00:00,2280.67,2333.98,2266.46,2295.89,613062.72
2024-09-09 00:00:00+00:00,2295.9,2320.0,2281.04,2287.56,452765.082
2024-09-09 06:00:00+00:00,2287.57,2338.74,2285.23,2314.1,583873.007
2024-09-09 12:00:00+00:00,2314.09,2352.67,2271.22,2340.96,1237787.95
2024-09-09 18:00:00+00:00,2340.96,2382.51,2323.03,2358.19,659149.479
2024-09-10 00:00:00+00:00,2358.19,2359.19,2325.83,2348.5,393408.046
2024-09-10 06:00:00+00:00,2348.49,2371.34,2337.8,2349.65,392195.549
2024-09-10 12:00:00+00:00,2349.65,2363.0,2319.09,2349.94,746928.889
2024-09-10 18:00:00+00:00,2349.95,2399.99,2347.68,2387.63,615568.891
2024-09-11 00:00:00+00:00,2387.63,2388.39,2317.48,2325.43,675647.928
2024-09-11 06:00:00+00:00,2325.43,2342.96,2305.23,2326.68,485193.181
2024-09-11 12:00:00+00:00,2326.67,2368.0,2275.8,2355.78,1595167.407
2024-09-11 18:00:00+00:00,2355.78,2358.62,2327.13,2339.22,380139.597
2024-09-12 00:00:00+00:00,2339.18,2392.0,2338.26,2355.13,534135.931
2024-09-12 06:00:00+00:00,2355.13,2365.5,2341.67,2347.44,355608.761
2024-09-12 12:00:00+00:00,2347.44,2366.21,2313.16,2348.09,835014.817
2024-09-12 18:00:00+00:00,2348.1,2372.99,2336.86,2360.79,416906.702
2024-09-13 00:00:00+00:00,2360.79,2363.8,2344.02,2347.81,223196.302
2024-09-13 06:00:00+00:00,2347.81,2375.74,2336.2,2353.22,385505.379
2024-09-13 12:00:00+00:00,2353.23,2427.35,2340.94,2409.19,1114497.198
2024-09-13 18:00:00+00:00,2409.29,2463.77,2405.08,2438.15,591780.158
2024-09-14 00:00:00+00:00,2438.16,2439.61,2413.4,2413.72,300545.277
2024-09-14 06:00:00+00:00,2413.73,2421.65,2406.72,2415.88,228826.806
2024-09-14 12:00:00+00:00,2415.87,2422.59,2410.0,2413.41,200590.562
2024-09-14 18:00:00+00:00,2413.4,2421.76,2373.82,2416.65,345074.4
2024-09-15 00:00:00+00:00,2416.65,2429.44,2412.65,2417.5,135611.786
2024-09-15 06:00:00+00:00,2417.49,2423.67,2401.03,2405.9,164338.239
2024-09-15 12:00:00+00:00,2405.89,2418.24,2374.38,2382.06,421567.648
2024-09-15 18:00:00+00:00,2382.07,2387.5,2282.0,2314.85,942801.638
2024-09-16 00:00:00+00:00,2314.85,2321.36,2251.06,2291.87,876357.157
2024-09-16 06:00:00+00:00,2291.87,2334.9,2286.31,2306.66,569015.664
2024-09-16 12:00:00+00:00,2306.67,2311.5,2268.0,2305.01,938240.38
2024-09-16 18:00:00+00:00,2305.0,2305.54,2266.14,2294.61,438446.224
2024-09-17 00:00:00+00:00,2294.61,2305.41,2262.0,2300.69,359753.61
2024-09-17 06:00:00+00:00,2300.69,2322.91,2294.2,2307.29,418448.928
2024-09-17 12:00:00+00:00,2307.29,2392.62,2300.76,2366.5,1303638.841
2024-09-17 18:00:00+00:00,2366.5,2370.0,2326.2,2340.59,534580.159
2024-09-18 00:00:00+00:00,2340.59,2343.9,2308.15,2320.32,404942.617
2024-09-18 06:00:00+00:00,2320.32,2333.8,2275.25,2299.43,564225.995
2024-09-18 12:00:00+00:00,2299.44,2317.75,2285.81,2308.25,636403.894
2024-09-18 18:00:00+00:00,2308.21,2376.0,2288.2,2373.93,1256336.177
2024-09-19 00:00:00+00:00,2373.93,2422.38,2371.37,2410.88,903204.679
2024-09-19 06:00:00+00:00,2410.89,2442.24,2403.6,2434.01,523889.138
2024-09-19 12:00:00+00:00,2434.0,2482.72,2419.5,2474.66,1027282.062
2024-09-19 18:00:00+00:00,2474.67,2494.68,2452.18,2464.56,494179.124
2024-09-20 00:00:00+00:00,2464.55,2556.21,2436.11,2542.99,1059676.195
2024-09-20 06:00:00+00:00,2542.99,2572.18,2536.32,2543.97,685448.062
2024-09-20 12:00:00+00:00,2543.97,2569.45,2515.31,2535.99,1020000.269
2024-09-20 18:00:00+00:00,2536.0,2561.38,2523.75,2560.29,297133.593
2024-09-21 00:00:00+00:00,2560.3,2586.91,2527.69,2543.47,526060.75
2024-09-21 06:00:00+00:00,2543.48,2557.97,2541.66,2555.33,217927.413
2024-09-21 12:00:00+00:00,2555.34,2575.74,2549.1,2568.59,373348.335
2024-09-21 18:00:00+00:00,2568.59,2623.85,2558.51,2611.4,387879.873
2024-09-22 00:00:00+00:00,2611.4,2633.3,2578.08,2581.07,536553.704
2024-09-22 06:00:00+00:00,2581.07,2595.0,2568.58,2579.58,332825.513
2024-09-22 12:00:00+00:00,2579.59,2591.31,2550.08,2584.3,517756.949
2024-09-22 18:00:00+00:00,2584.3,2593.0,2522.57,2579.94,582309.028
2024-09-23 00:00:00+00:00,2579.95,2686.5,2538.24,2656.31,1250194.515
2024-09-23 06:00:00+00:00,2656.31,2661.92,2632.01,2645.11,478697.99
2024-09-23 12:00:00+00:00,2645.11,2702.0,2630.04,2667.27,946280.335
2024-09-23 18:00:00+00:00,2667.28,2691.24,2637.42,2645.84,443662.355
2024-09-24 00:00:00+00:00,2645.84,2650.63,2607.74,2630.68,596384.43
2024-09-24 06:00:00+00:00,2630.67,2667.21,2630.25,2636.28,505671.937
2024-09-24 12:00:00+00:00,2636.27,2656.21,2590.1,2646.74,1062255.642
2024-09-24 18:00:00+00:00,2646.74,2669.94,2631.84,2652.0,553773.699
2024-09-25 00:00:00+00:00,2652.0,2673.06,2618.84,2623.33,516938.798
2024-09-25 06:00:00+00:00,2623.32,2629.9,2609.04,2626.31,423227.428
2024-09-25 12:00:00+00:00,2626.3,2628.64,2561.17,2574.56,777718.275
2024-09-25 18:00:00+00:00,2574.6,2588.0,2552.44,2578.9,415450.022
2024-09-26 00:00:00+00:00,2578.9,2615.47,2557.5,2612.09,591939.321
2024-09-26 06:00:00+00:00,2612.1,2638.77,2610.52,2627.91,512718.381
2024-09-26 12:00:00+00:00,2627.91,2666.17,2606.6,2628.63,1111345.417
2024-09-26 18:00:00+00:00,2628.64,2659.02,2616.0,2631.11,425062.011
2024-09-27 00:00:00+00:00,2631.16,2654.64,2614.22,2652.68,390628.053
2024-09-27 06:00:00+00:00,2652.68,2676.83,2639.63,2650.28,606584.769
2024-09-27 12:00:00+00:00,2650.29,2727.66,2640.76,2702.25,1069027.838
2024-09-27 18:00:00+00:00,2702.25,2707.74,2685.54,2693.53,307584.963
2024-09-28 00:00:00+00:00,2693.52,2703.3,2681.06,2682.01,276056.994
2024-09-28 06:00:00+00:00,2682.0,2686.0,2648.32,2674.24,457728.922
2024-09-28 12:00:00+00:00,2674.24,2683.46,2650.37,2674.28,462499.198
2024-09-28 18:00:00+00:00,2674.28,2683.84,2653.85,2673.9,196662.936
2024-09-29 00:00:00+00:00,2673.91,2683.0,2661.13,2663.93,226482.747
2024-09-29 06:00:00+00:00,2663.94,2667.25,2632.8,2651.77,441783.405
2024-09-29 12:00:00+00:00,2651.77,2671.08,2639.45,2661.49,401924.492
2024-09-29 18:00:00+00:00,2661.49,2672.88,2646.15,2656.3,320345.756
2024-09-30 00:00:00+00:00,2656.3,2662.81,2601.0,2635.13,758975.025
2024-09-30 06:00:00+00:00,2635.13,2642.99,2590.72,2627.97,839386.539
2024-09-30 12:00:00+00:00,2627.97,2638.15,2588.21,2608.44,661373.314
2024-09-30 18:00:00+00:00,2608.39,2616.86,2572.82,2601.49,599866.865
2024-10-01 00:00:00+00:00,2601.49,2646.57,2590.57,2639.37,532242.507
2024-10-01 06:00:00+00:00,2639.36,2658.63,2627.05,2627.82,394859.293
2024-10-01 12:00:00+00:00,2627.81,2632.43,2425.17,2505.12,2645404.704
2024-10-01 18:00:00+00:00,2505.12,2518.88,2412.4,2446.85,1066920.925
2024-10-02 00:00:00+00:00,2446.85,2498.0,2441.17,2477.04,533639.463
2024-10-02 06:00:00+00:00,2477.04,2492.13,2440.32,2454.2,601374.003
2024-10-02 12:00:00+00:00,2454.2,2478.0,2416.92,2445.8,1194834.824
2024-10-02 18:00:00+00:00,2445.79,2446.32,2350.0,2363.0,1240255.054
2024-10-03 00:00:00+00:00,2363.0,2402.29,2351.6,2382.88,557987.805
2024-10-03 06:00:00+00:00,2382.88,2392.55,2318.0,2351.55,936516.873
2024-10-03 12:00:00+00:00,2351.56,2365.0,2308.09,2342.97,1387604.289
2024-10-03 18:00:00+00:00,2342.97,2356.84,2330.82,2348.74,307958.104
2024-10-04 00:00:00+00:00,2348.74,2384.08,2338.27,2382.28,523411.813
2024-10-04 06:00:00+00:00,2382.27,2392.44,2369.32,2385.21,376403.406
2024-10-04 12:00:00+00:00,2385.21,2440.0,2351.18,2414.3,1317950.981
2024-10-04 18:00:00+00:00,2414.3,2435.45,2409.55,2413.38,315740.634
2024-10-05 00:00:00+00:00,2413.38,2427.94,2388.66,2416.79,345176.454
2024-10-05 06:00:00+00:00,2416.79,2427.0,2412.18,2416.43,239277.667
2024-10-05 12:00:00+00:00,2416.43,2423.0,2400.81,2409.44,268202.38
2024-10-05 18:00:00+00:00,2409.44,2418.85,2389.01,2413.42,250823.975
2024-10-06 00:00:00+00:00,2413.42,2421.99,2405.76,2415.89,185481.497
2024-10-06 06:00:00+00:00,2415.89,2430.0,2412.25,2425.65,212107.916
2024-10-06 12:00:00+00:00,2425.65,2457.11,2423.64,2440.67,481142.914
2024-10-06 18:00:00+00:00,2440.67,2452.0,2413.8,2438.77,340702.411
2024-10-07 00:00:00+00:00,2438.76,2512.5,2434.5,2483.87,794318.001
2024-10-07 06:00:00+00:00,2483.88,2491.28,2436.48,2474.64,756524.859
2024-10-07 12:00:00+00:00,2474.63,2520.25,2456.19,2475.31,976176.75
2024-10-07 18:00:00+00:00,2475.32,2475.94,2401.08,2421.75,818489.002
2024-10-08 00:00:00+00:00,2421.75,2447.56,2417.91,2427.25,403847.478
2024-10-08 06:00:00+00:00,2427.25,2440.75,2409.11,2438.63,420875.611
2024-10-08 12:00:00+00:00,2438.63,2452.0,2400.01,2441.85,1006778.782
2024-10-08 18:00:00+00:00,2441.85,2466.63,2422.49,2439.84,431234.412
2024-10-09 00:00:00+00:00,2439.84,2472.9,2426.0,2449.87,488009.93
2024-10-09 06:00:00+00:00,2449.87,2451.76,2426.23,2440.8,300736.678
2024-10-09 12:00:00+00:00,2440.8,2471.64,2422.07,2433.1,941359.746
2024-10-09 18:00:00+00:00,2433.1,2436.46,2350.0,2369.6,959404.239
2024-10-10 00:00:00+00:00,2369.6,2410.9,2365.81,2404.6,475143.709
2024-10-10 06:00:00+00:00,2404.6,2409.02,2366.38,2405.43,489639.003
2024-10-10 12:00:00+00:00,2405.43,2421.5,2362.29,2372.2,1110219.847
2024-10-10 18:00:00+00:00,2372.2,2386.4,2329.44,2385.24,788207.117
2024-10-11 00:00:00+00:00,2385.24,2416.33,2380.81,2405.19,467558.514
2024-10-11 06:00:00+00:00,2405.19,2425.24,2401.45,2416.71,395234.733
2024-10-11 12:00:00+00:00,2416.7,2452.7,2413.2,2448.5,945447.291
2024-10-11 18:00:00+00:00,2448.49,2470.0,2433.0,2438.46,531075.089
2024-10-12 00:00:00+00:00,2438.45,2451.58,2433.2,2446.43,263755.887
2024-10-12 06:00:00+00:00,2446.43,2467.53,2441.44,2451.35,219609.094
2024-10-12 12:00:00+00:00,2451.35,2486.36,2447.3,2474.71,456060.889
2024-10-12 18:00:00+00:00,2474.7,2489.95,2465.0,2475.09,179054.9
2024-10-13 00:00:00+00:00,2475.08,2484.0,2449.76,2462.36,276390.897
2024-10-13 06:00:00+00:00,2462.36,2471.29,2455.91,2456.86,185621.996
2024-10-13 12:00:00+00:00,2456.87,2469.11,2435.0,2445.18,511964.844
2024-10-13 18:00:00+00:00,2445.17,2483.89,2438.77,2467.79,320704.837
2024-10-14 00:00:00+00:00,2467.79,2547.99,2442.0,2530.74,1067748.16
2024-10-14 06:00:00+00:00,2530.75,2546.22,2514.39,2536.7,744546.953
2024-10-14 12:00:00+00:00,2536.7,2643.03,2533.45,2626.15,1456899.191
2024-10-14 18:00:00+00:00,2626.14,2653.44,2615.2,2628.88,407998.316
2024-10-15 00:00:00+00:00,2628.87,2636.7,2590.0,2594.7,500123.809
2024-10-15 06:00:00+00:00,2594.69,2624.0,2580.0,2585.82,523331.077
2024-10-15 12:00:00+00:00,2585.82,2688.76,2536.64,2580.79,2433736.774
2024-10-15 18:00:00+00:00,2580.8,2609.21,2562.41,2606.53,455945.657
2024-10-16 00:00:00+00:00,2606.54,2629.68,2588.01,2618.18,406835.054
2024-10-16 06:00:00+00:00,2618.19,2642.99,2597.6,2629.2,619146.97
2024-10-16 12:00:00+00:00,2629.21,2647.51,2590.3,2620.16,891602.654
2024-10-16 18:00:00+00:00,2620.15,2627.67,2608.27,2610.39,212001.208
2024-10-17 00:00:00+00:00,2610.39,2647.9,2609.02,2625.73,444562.341
2024-10-17 06:00:00+00:00,2625.73,2635.83,2595.36,2597.38,437996.123
2024-10-17 12:00:00+00:00,2597.38,2632.5,2581.95,2605.02,777738.578
2024-10-17 18:00:00+00:00,2605.01,2614.4,2573.73,2605.01,404368.096
2024-10-18 00:00:00+00:00,2605.01,2651.05,2595.61,2626.86,545508.474
2024-10-18 06:00:00+00:00,2626.86,2649.82,2620.05,2621.43,406026.725
2024-10-18 12:00:00+00:00,2621.43,2664.0,2611.39,2646.0,954307.905
2024-10-18 18:00:00+00:00,2646.0,2675.12,2631.91,2641.11,403478.992
2024-10-19 00:00:00+00:00,2641.11,2662.66,2633.72,2646.13,249387.633
2024-10-19 06:00:00+00:00,2646.13,2647.84,2630.05,2630.34,160614.922
2024-10-19 12:00:00+00:00,2630.35,2653.88,2630.15,2640.72,270577.21
2024-10-19 18:00:00+00:00,2640.73,2654.85,2636.97,2647.45,130839.691
2024-10-20 00:00:00+00:00,2647.46,2652.85,2634.53,2639.59,147432.01
2024-10-20 06:00:00+00:00,2639.59,2652.75,2637.26,2648.89,130687.51
2024-10-20 12:00:00+00:00,2648.9,2720.0,2640.67,2693.97,923934.883
2024-10-20 18:00:00+00:00,2693.97,2759.62,2691.59,2746.98,684734.941
2024-10-21 00:00:00+00:00,2746.98,2770.0,2726.36,2736.25,589819.794
2024-10-21 06:00:00+00:00,2736.25,2744.28,2702.0,2705.2,488533.731
2024-10-21 12:00:00+00:00,2705.19,2711.99,2655.52,2672.63,1078166.172
2024-10-21 18:00:00+00:00,2672.62,2684.6,2658.0,2666.63,284444.586
2024-10-22 00:00:00+00:00,2666.62,2671.59,2613.77,2646.84,629730.51
2024-10-22 06:00:00+00:00,2646.84,2659.59,2613.0,2632.75,489040.011
2024-10-22 12:00:00+00:00,2632.75,2646.19,2606.0,2624.63,853546.87
2024-10-22 18:00:00+00:00,2624.62,2643.56,2617.13,2621.78,259195.23
2024-10-23 00:00:00+00:00,2621.79,2629.51,2600.1,2614.57,315372.462
2024-10-23 06:00:00+00:00,2614.58,2624.44,2562.54,2580.83,746547.696
2024-10-23 12:00:00+00:00,2580.83,2586.74,2484.0,2495.47,1330906.329
2024-10-23 18:00:00+00:00,2495.47,2527.99,2443.01,2523.84,796295.994
2024-10-24 00:00:00+00:00,2523.85,2561.04,2507.76,2556.06,510951.177
2024-10-24 06:00:00+00:00,2556.06,2561.83,2507.68,2528.97,478600.87
2024-10-24 12:00:00+00:00,2528.97,2545.24,2506.27,2521.14,642897.556
2024-10-24 18:00:00+00:00,2521.13,2560.0,2519.54,2535.39,392428.701
2024-10-25 00:00:00+00:00,2535.39,2538.19,2485.28,2494.58,507677.378
2024-10-25 06:00:00+00:00,2494.58,2546.91,2460.98,2544.71,824616.081
2024-10-25 12:00:00+00:00,2544.72,2565.94,2479.0,2485.8,1090254.289
2024-10-25 18:00:00+00:00,2485.8,2512.0,2380.63,2440.1,1601905.053
2024-10-26 00:00:00+00:00,2440.1,2474.48,2429.34,2470.68,503711.684
2024-10-26 06:00:00+00:00,2470.67,2479.12,2462.43,2472.18,305532.068
2024-10-26 12:00:00+00:00,2472.18,2482.96,2441.68,2478.63,478798.184
2024-10-26 18:00:00+00:00,2478.64,2507.1,2476.63,2482.04,282099.911
2024-10-27 00:00:00+00:00,2482.04,2486.16,2468.16,2481.53,192087.458
2024-10-27 06:00:00+00:00,2481.53,2483.53,2462.86,2468.93,187360.151
2024-10-27 12:00:00+00:00,2468.92,2511.0,2468.81,2497.1,458179.915
2024-10-27 18:00:00+00:00,2497.1,2527.25,2485.01,2507.22,283541.688
2024-10-28 00:00:00+00:00,2507.21,2511.67,2470.41,2485.54,363726.824
2024-10-28 06:00:00+00:00,2485.54,2545.0,2481.05,2526.53,711295.065
2024-10-28 12:00:00+00:00,2526.54,2535.88,2485.0,2500.41,945646.709
2024-10-28 18:00:00+00:00,2500.41,2590.78,2487.81,2566.49,878360.351
2024-10-29 00:00:00+00:00,2566.48,2631.78,2560.3,2617.38,791884.845
2024-10-29 06:00:00+00:00,2617.38,2638.67,2608.36,2631.08,441148.864
2024-10-29 12:00:00+00:00,2631.07,2681.83,2610.93,2655.55,983160.544
2024-10-29 18:00:00+00:00,2655.55,2674.59,2606.23,2639.28,795231.027
2024-10-30 00:00:00+00:00,2639.28,2656.26,2599.9,2653.87,554175.992
2024-10-30 06:00:00+00:00,2653.87,2698.0,2653.84,2659.91,921126.3
2024-10-30 12:00:00+00:00,2659.92,2724.65,2653.69,2674.67,1301803.557
2024-10-30 18:00:00+00:00,2674.66,2688.12,2634.03,2659.36,726045.944
2024-10-31 00:00:00+00:00,2659.35,2669.74,2637.0,2650.54,392166.592
2024-10-31 06:00:00+00:00,2650.54,2651.61,2625.35,2638.78,497206.1
2024-10-31 12:00:00+00:00,2638.78,2641.43,2522.0,2542.63,1630030.475
2024-10-31 18:00:00+00:00,2542.62,2543.0,2502.5,2518.37,685799.663
2024-11-01 00:00:00+00:00,2518.37,2533.0,2467.3,2510.54,770453.04
2024-11-01 06:00:00+00:00,2510.54,2526.26,2485.32,2515.84,576739.519
2024-11-01 12:00:00+00:00,2515.85,2587.86,2481.44,2513.77,1652671.608
2024-11-01 18:00:00+00:00,2513.77,2528.0,2486.0,2511.57,451158.47
2024-11-02 00:00:00+00:00,2511.57,2523.8,2498.86,2512.99,221419.158
2024-11-02 06:00:00+00:00,2513.0,2513.79,2491.0,2501.81,234591.106
2024-11-02 12:00:00+00:00,2501.81,2504.17,2467.1,2485.42,623412.88
2024-11-02 18:00:00+00:00,2485.41,2497.49,2478.76,2493.61,134311.191
2024-11-03 00:00:00+00:00,2493.61,2496.21,2420.63,2442.04,828141.43
2024-11-03 06:00:00+00:00,2442.04,2462.91,2441.39,2454.31,619689.247
2024-11-03 12:00:00+00:00,2454.31,2460.19,2412.67,2447.18,881446.809
2024-11-03 18:00:00+00:00,2447.18,2475.0,2410.35,2457.29,598501.608
2024-11-04 00:00:00+00:00,2457.3,2491.0,2434.13,2462.34,430992.927
2024-11-04 06:00:00+00:00,2462.34,2480.33,2446.35,2469.96,406489.009
2024-11-04 12:00:00+00:00,2469.97,2485.55,2405.1,2424.0,974581.136
2024-11-04 18:00:00+00:00,2424.0,2435.97,2356.0,2397.37,871355.919
2024-11-05 00:00:00+00:00,2397.36,2434.52,2379.48,2431.37,513161.051
2024-11-05 06:00:00+00:00,2431.37,2447.31,2420.96,2439.88,366614.682
2024-11-05 12:00:00+00:00,2439.88,2479.6,2426.0,2450.45,1084554.123
2024-11-05 18:00:00+00:00,2450.45,2458.5,2400.23,2421.42,593529.375
2024-11-06 00:00:00+00:00,2421.41,2637.32,2419.2,2596.99,2297629.857
2024-11-06 06:00:00+00:00,2596.98,2644.77,2572.4,2629.83,1608562.054
2024-11-06 12:00:00+00:00,2629.83,2668.0,2607.0,2652.71,1305832.783
2024-11-06 18:00:00+00:00,2652.72,2746.02,2651.17,2722.49,1028917.576
2024-11-07 00:00:00+00:00,2722.5,2882.56,2700.31,2841.26,1845669.366
2024-11-07 06:00:00+00:00,2841.26,2841.6,2781.1,2792.99,954434.718
2024-11-07 12:00:00+00:00,2793.0,2872.46,2772.38,2861.76,1218569.253
2024-11-07 18:00:00+00:00,2861.78,2916.56,2836.87,2895.76,1189024.969
2024-11-08 00:00:00+00:00,2895.76,2956.99,2886.47,2924.46,901547.294
2024-11-08 06:00:00+00:00,2924.46,2933.0,2892.61,2915.27,539971.223
2024-11-08 12:00:00+00:00,2915.27,2958.0,2890.04,2919.66,1439270.407
2024-11-08 18:00:00+00:00,2919.65,2982.75,2915.13,2962.12,989378.084
2024-11-09 00:00:00+00:00,2962.12,3052.24,2954.1,3040.1,1014369.771
2024-11-09 06:00:00+00:00,3040.1,3059.91,3020.72,3051.53,825881.094
2024-11-09 12:00:00+00:00,3051.53,3054.4,2990.01,3037.33,762305.757
2024-11-09 18:00:00+00:00,3037.33,3158.66,3031.53,3127.03,1070760.622
2024-11-10 00:00:00+00:00,3127.02,3220.0,3104.08,3183.77,1389187.308
2024-11-10 06:00:00+00:00,3183.8,3236.14,3165.3,3223.12,1060948.316
2024-11-10 12:00:00+00:00,3223.12,3244.93,3170.56,3212.81,1138450.344
2024-11-10 18:00:00+00:00,3212.81,3252.28,3073.86,3185.19,2026942.916
2024-11-11 00:00:00+00:00,3185.19,3224.91,3107.15,3132.1,935809.956
2024-11-11 06:00:00+00:00,3132.09,3214.69,3118.68,3199.92,881218.897
2024-11-11 12:00:00+00:00,3199.93,3324.18,3140.58,3296.72,2569952.043
2024-11-11 18:00:00+00:00,3296.73,3392.06,3273.23,3375.02,1860569.104
2024-11-12 00:00:00+00:00,3375.02,3378.18,3250.01,3332.72,1547230.578
2024-11-12 06:00:00+00:00,3332.72,3449.0,3214.0,3285.43,2647917.161
2024-11-12 12:00:00+00:00,3285.43,3300.02,3211.15,3230.76,1921103.063
2024-11-12 18:00:00+00:00,3230.76,3307.23,3228.6,3245.98,782709.691
2024-11-13 00:00:00+00:00,3245.99,3288.73,3135.17,3143.86,1364371.816
2024-11-13 06:00:00+00:00,3143.85,3193.79,3120.0,3169.66,964834.835
2024-11-13 12:00:00+00:00,3169.66,3335.0,3153.84,3276.61,2131516.598
2024-11-13 18:00:00+00:00,3276.61,3288.9,3120.0,3188.9,1484909.638
2024-11-14 00:00:00+00:00,3188.9,3242.31,3164.87,3224.53,722531.729
2024-11-14 06:00:00+00:00,3224.53,3241.64,3156.0,3187.09,872088.062
2024-11-14 12:00:00+00:00,3187.08,3200.88,3057.14,3132.01,1778033.178
2024-11-14 18:00:00+00:00,3132.01,3151.41,3031.6,3061.03,804733.83
2024-11-15 00:00:00+00:00,3061.04,3095.31,3016.11,3058.5,734929.741
2024-11-15 06:00:00+00:00,3058.51,3116.32,3023.21,3105.91,739200.968
2024-11-15 12:00:00+00:00,3105.91,3133.68,3016.5,3038.3,1249032.984
2024-11-15 18:00:00+00:00,3038.29,3122.99,3017.29,3091.75,794380.671
2024-11-16 00:00:00+00:00,3091.75,3167.2,3073.47,3131.8,526866.435
2024-11-16 06:00:00+00:00,3131.8,3197.7,3103.0,3197.38,611047.979
2024-11-16 12:00:00+00:00,3197.38,3222.69,3121.11,3169.01,1042641.116
2024-11-16 18:00:00+00:00,3169.01,3186.81,3123.04,3134.72,336767.206
2024-11-17 00:00:00+00:00,3134.71,3155.88,3035.0,3105.2,960470.784
2024-11-17 06:00:00+00:00,3105.2,3164.8,3100.47,3107.8,693041.933
2024-11-17 12:00:00+00:00,3107.8,3129.23,3068.07,3108.97,696556.033
2024-11-17 18:00:00+00:00,3108.97,3110.39,3043.38,3078.09,653281.559
2024-11-18 00:00:00+00:00,3078.09,3127.0,3071.37,3121.13,489614.808
2024-11-18 06:00:00+00:00,3121.13,3153.15,3051.5,3058.16,896480.916
2024-11-18 12:00:00+00:00,3058.17,3194.99,3053.35,3178.38,1507763.338
2024-11-18 18:00:00+00:00,3178.4,3228.0,3091.96,3210.48,1246665.307
2024-11-19 00:00:00+00:00,3210.48,3224.83,3115.59,3137.43,737664.158
2024-11-19 06:00:00+00:00,3137.41,3137.41,3093.01,3128.58,544591.497
2024-11-19 12:00:00+00:00,3128.57,3152.53,3076.95,3120.1,972145.118
2024-11-19 18:00:00+00:00,3120.1,3148.0,3066.4,3109.34,809436.882
2024-11-20 00:00:00+00:00,3109.33,3134.89,3073.56,3110.6,496245.731
2024-11-20 06:00:00+00:00,3110.6,3137.58,3085.12,3101.8,488499.04
2024-11-20 12:00:00+00:00,3101.79,3162.25,3065.13,3065.54,1395977.955
2024-11-20 18:00:00+00:00,3065.54,3095.07,3030.5,3071.05,762482.22
2024-11-21 00:00:00+00:00,3071.05,3145.92,3033.32,3109.59,1102418.465
2024-11-21 06:00:00+00:00,3109.6,3157.69,3101.05,3150.01,739978.422
2024-11-21 12:00:00+00:00,3150.01,3374.92,3148.52,3352.9,3276608.551
2024-11-21 18:00:00+00:00,3352.91,3389.99,3336.9,3358.42,874745.822
2024-11-22 00:00:00+00:00,3358.69,3429.99,3307.03,3378.61,1077308.523
2024-11-22 06:00:00+00:00,3378.61,3389.62,3313.62,3346.99,807279.232
2024-11-22 12:00:00+00:00,3347.0,3359.93,3260.42,3299.31,1346302.085
2024-11-22 18:00:00+00:00,3299.29,3332.83,3266.61,3330.05,599489.559
2024-11-23 00:00:00+00:00,3330.04,3368.48,3315.28,3351.25,809502.518
2024-11-23 06:00:00+00:00,3351.26,3407.96,3338.01,3357.31,711066.119
2024-11-23 12:00:00+00:00,3357.3,3498.94,3351.0,3427.82,2024083.95
2024-11-23 18:00:00+00:00,3427.81,3436.11,3381.51,3396.33,546999.695
2024-11-24 00:00:00+00:00,3396.32,3453.0,3391.3,3415.74,531954.716
2024-11-24 06:00:00+00:00,3415.74,3432.4,3340.56,3346.71,759869.065
2024-11-24 12:00:00+00:00,3346.72,3360.22,3282.48,3311.98,1381027.053
2024-11-24 18:00:00+00:00,3311.98,3374.0,3309.22,3362.98,446659.384
2024-11-25 00:00:00+00:00,3362.98,3394.5,3301.96,3384.69,627127.494
2024-11-25 06:00:00+00:00,3384.69,3531.93,3371.42,3475.22,1323307.009
2024-11-25 12:00:00+00:00,3475.22,3549.91,3351.0,3465.36,3036071.782
2024-11-25 18:00:00+00:00,3465.36,3507.98,3366.31,3416.92,1256333.06
2024-11-26 00:00:00+00:00,3416.91,3464.95,3397.8,3434.24,776015.298
2024-11-26 06:00:00+00:00,3434.24,3445.65,3282.0,3325.18,1581017.478
2024-11-26 12:00:00+00:00,3325.17,3365.0,3292.01,3329.6,1263659.58
2024-11-26 18:00:00+00:00,3329.59,3347.34,3254.19,3327.17,974983.121
2024-11-27 00:00:00+00:00,3327.17,3437.79,3305.0,3402.26,1010173.114
2024-11-27 06:00:00+00:00,3402.27,3488.56,3401.1,3463.0,889070.85
2024-11-27 12:00:00+00:00,3462.99,3577.97,3443.51,3563.06,1626045.943
2024-11-27 18:00:00+00:00,3563.06,3688.0,3555.71,3655.88,1230125.859
2024-11-28 00:00:00+00:00,3655.89,3664.31,3563.33,3591.69,899502.052
2024-11-28 06:00:00+00:00,3591.69,3641.2,3568.68,3622.84,824925.737
2024-11-28 12:00:00+00:00,3622.84,3644.3,3531.0,3555.22,1204494.922
2024-11-28 18:00:00+00:00,3555.22,3602.25,3551.95,3581.58,401779.515
2024-11-29 00:00:00+00:00,3581.58,3605.0,3551.63,3580.65,501061.509
2024-11-29 06:00:00+00:00,3580.66,3602.3,3535.52,3596.63,600721.221
2024-11-29 12:00:00+00:00,3596.64,3649.28,3575.02,3585.3,1069091.544
2024-11-29 18:00:00+00:00,3585.29,3606.41,3561.27,3594.5,375102.718
2024-11-30 00:00:00+00:00,3594.51,3697.92,3570.2,3696.69,878029.577
2024-11-30 06:00:00+00:00,3696.69,3730.0,3629.96,3656.05,972045.175
2024-11-30 12:00:00+00:00,3656.04,3690.73,3654.0,3679.07,485022.858
2024-11-30 18:00:00+00:00,3679.07,3742.18,3666.0,3705.73,531673.129
2024-12-01 00:00:00+00:00,3705.74,3734.12,3661.35,3685.18,780485.109
2024-12-01 06:00:00+00:00,3685.18,3720.0,3677.38,3694.14,406917.586
2024-12-01 12:00:00+00:00,3694.13,3750.67,3680.5,3726.12,698236.886
2024-12-01 18:00:00+00:00,3726.11,3739.99,3681.11,3711.24,572813.125
2024-12-02 00:00:00+00:00,3711.22,3766.0,3650.03,3679.17,1241875.252
2024-12-02 06:00:00+00:00,3679.17,3688.7,3572.35,3592.21,1303633.581
2024-12-02 12:00:00+00:00,3592.21,3684.61,3557.61,3569.14,1409707.026
2024-12-02 18:00:00+00:00,3569.15,3647.57,3566.91,3646.26,654053.062
2024-12-03 00:00:00+00:00,3646.26,3667.99,3611.0,3658.12,533671.742
2024-12-03 06:00:00+00:00,3658.11,3673.9,3587.77,3616.19,807465.034
2024-12-03 12:00:00+00:00,3616.19,3620.88,3502.01,3580.76,1707728.88
2024-12-03 18:00:00+00:00,3580.75,3637.09,3552.0,3616.82,578278.061
2024-12-04 00:00:00+00:00,3616.83,3711.8,3616.82,3684.6,1153334.014
2024-12-04 06:00:00+00:00,3684.59,3754.05,3666.2,3731.0,938316.899
2024-12-04 12:00:00+00:00,3731.01,3858.19,3690.46,3813.64,2463223.163
2024-12-04 18:00:00+00:00,3813.64,3891.0,3798.0,3840.75,1154455.349
2024-12-05 00:00:00+00:00,3840.74,3912.0,3769.75,3850.31,1805249.434
2024-12-05 06:00:00+00:00,3850.3,3948.0,3822.42,3934.35,1158018.958
2024-12-05 12:00:00+00:00,3934.35,3960.0,3862.37,3921.68,1267399.473
2024-12-05 18:00:00+00:00,3921.67,3927.67,3615.0,3787.31,1976731.539
2024-12-06 00:00:00+00:00,3787.3,3917.8,3780.0,3892.03,951202.237
2024-12-06 06:00:00+00:00,3892.03,3932.96,3846.42,3869.74,727613.095
2024-12-06 12:00:00+00:00,3869.74,4046.36,3835.36,4019.03,2018850.233
2024-12-06 18:00:00+00:00,4019.03,4092.83,3990.92,4001.75,947461.278
2024-12-07 00:00:00+00:00,4001.75,4027.82,3972.24,3992.16,507975.498
2024-12-07 06:00:00+00:00,3992.15,4012.5,3970.0,4001.26,360490.936
2024-12-07 12:00:00+00:00,4001.27,4012.25,3979.01,3995.06,387748.044
2024-12-07 18:00:00+00:00,3995.06,4028.69,3994.26,3999.79,293362.516
2024-12-08 00:00:00+00:00,3999.8,4012.38,3960.93,3973.59,324415.475
2024-12-08 06:00:00+00:00,3973.58,3990.0,3926.0,3974.4,585400.971
2024-12-08 12:00:00+00:00,3974.39,4006.98,3958.05,3988.48,540986.179
2024-12-08 18:00:00+00:00,3988.47,4019.57,3966.68,4007.3,336869.502
2024-12-09 00:00:00+00:00,4007.31,4010.67,3905.15,3945.95,741986.885
2024-12-09 06:00:00+00:00,3945.94,3946.08,3845.0,3853.68,1056338.135
2024-12-09 12:00:00+00:00,3853.68,3947.74,3805.02,3830.56,1544525.653
2024-12-09 18:00:00+00:00,3830.56,3861.23,3475.0,3712.55,3199240.376
2024-12-10 00:00:00+00:00,3712.55,3781.29,3616.0,3703.72,1427760.68
2024-12-10 06:00:00+00:00,3703.73,3774.0,3691.94,3750.39,597574.58
2024-12-10 12:00:00+00:00,3750.39,3754.79,3520.01,3527.72,2773691.055
2024-12-10 18:00:00+00:00,3527.71,3673.26,3512.71,3628.4,875556.877
2024-12-11 00:00:00+00:00,3628.41,3681.21,3562.65,3659.54,719906.925
2024-12-11 06:00:00+00:00,3659.48,3727.5,3650.21,3716.09,506835.701
2024-12-11 12:00:00+00:00,3716.1,3820.0,3706.72,3761.77,1223161.335
2024-12-11 18:00:00+00:00,3761.76,3846.95,3752.48,3830.44,557854.528
2024-12-12 00:00:00+00:00,3830.44,3947.62,3795.25,3924.31,972815.924
2024-12-12 06:00:00+00:00,3924.3,3941.0,3890.25,3912.73,667063.918
2024-12-12 12:00:00+00:00,3912.74,3986.94,3912.73,3960.5,1382005.705
2024-12-12 18:00:00+00:00,3960.5,3965.6,3835.0,3880.52,915348.986
2024-12-13 00:00:00+00:00,3880.52,3940.0,3851.8,3908.4,587632.962
2024-12-13 06:00:00+00:00,3908.39,3926.0,3870.0,3900.4,558994.287
2024-12-13 12:00:00+00:00,3900.4,3967.96,3877.34,3938.99,1044505.573
2024-12-13 18:00:00+00:00,3938.99,3940.88,3889.46,3905.6,323884.185
2024-12-14 00:00:00+00:00,3905.59,3944.99,3894.06,3919.68,396311.511
2024-12-14 06:00:00+00:00,3919.68,3934.94,3885.0,3893.27,296472.529
2024-12-14 12:00:00+00:00,3893.26,3897.6,3840.01,3857.74,725271.447
2024-12-14 18:00:00+00:00,3857.74,3877.0,3822.37,3868.6,475774.109
2024-12-15 00:00:00+00:00,3868.6,3912.87,3854.8,3891.41,330313.773
2024-12-15 06:00:00+00:00,3891.4,3893.84,3829.0,3876.11,404829.101
2024-12-15 12:00:00+00:00,3876.1,3918.63,3867.12,3908.65,491034.641
2024-12-15 18:00:00+00:00,3908.65,3973.67,3842.2,3958.5,704580.09
2024-12-16 00:00:00+00:00,3958.5,4024.86,3927.15,3965.75,914326.708
2024-12-16 06:00:00+00:00,3965.75,3982.8,3901.0,3909.09,597830.402
2024-12-16 12:00:00+00:00,3909.1,4042.61,3882.22,4033.65,1359868.305
2024-12-16 18:00:00+00:00,4033.64,4109.99,3978.13,3984.76,1318957.112
2024-12-17 00:00:00+00:00,3984.76,4039.99,3942.0,4023.08,688446.262
2024-12-17 06:00:00+00:00,4023.08,4030.93,3981.31,3996.02,550655.207
2024-12-17 12:00:00+00:00,3996.01,4024.7,3913.75,3972.83,1244159.151
2024-12-17 18:00:00+00:00,3972.84,3980.0,3844.59,3890.81,887059.816
2024-12-18 00:00:00+00:00,3890.81,3901.67,3812.87,3835.41,838204.906
2024-12-18 06:00:00+00:00,3835.4,3885.83,3802.35,3880.88,555113.464
2024-12-18 12:00:00+00:00,3880.88,3891.2,3823.01,3878.09,731551.388
2024-12-18 18:00:00+00:00,3878.1,3908.0,3615.01,3625.4,2315583.369
2024-12-19 00:00:00+00:00,3625.41,3678.69,3540.0,3669.24,1342106.2
2024-12-19 06:00:00+00:00,3669.24,3718.47,3662.41,3703.73,581204.685
2024-12-19 12:00:00+00:00,3703.74,3708.36,3380.5,3478.32,2236504.303
2024-12-19 18:00:00+00:00,3478.67,3527.88,3322.2,3416.7,2870565.694
2024-12-20 00:00:00+00:00,3416.69,3464.98,3351.0,3356.54,1048532.81
2024-12-20 06:00:00+00:00,3356.53,3418.53,3100.5,3104.32,3353980.156
2024-12-20 12:00:00+00:00,3103.99,3450.96,3100.0,3435.98,2660228.041
2024-12-20 18:00:00+00:00,3435.98,3496.54,3391.22,3470.88,907314.658
2024-12-21 00:00:00+00:00,3470.88,3532.62,3442.41,3531.72,504386.809
2024-12-21 06:00:00+00:00,3531.73,3553.76,3422.06,3440.95,951310.734
2024-12-21 12:00:00+00:00,3440.96,3442.89,3344.19,3381.29,1208691.538
2024-12-21 18:00:00+00:00,3381.3,3391.51,3291.03,3337.6,740222.154
2024-12-22 00:00:00+00:00,3337.61,3373.47,3293.52,3329.0,650222.241
2024-12-22 06:00:00+00:00,3329.01,3402.08,3321.5,3379.62,483260.448
2024-12-22 12:00:00+00:00,3379.62,3396.58,3273.0,3314.18,947152.18
2024-12-22 18:00:00+00:00,3314.19,3337.7,3219.59,3280.8,885564.187
2024-12-23 00:00:00+00:00,3280.81,3362.68,3214.81,3317.88,998714.132
2024-12-23 06:00:00+00:00,3317.87,3354.0,3258.0,3338.1,658643.9
2024-12-23 12:00:00+00:00,3338.11,3383.84,3267.04,3335.33,1414332.327
2024-12-23 18:00:00+00:00,3335.33,3465.75,3296.05,3420.74,890768.014
2024-12-24 00:00:00+00:00,3420.75,3433.99,3356.01,3422.61,545772.216
2024-12-24 06:00:00+00:00,3422.62,3425.89,3383.49,3412.5,416063.845
2024-12-24 12:00:00+00:00,3412.5,3517.35,3393.1,3500.27,1042620.451
2024-12-24 18:00:00+00:00,3500.26,3539.4,3430.0,3491.97,600810.959
2024-12-25 00:00:00+00:00,3491.98,3497.66,3456.21,3491.0,330758.679
2024-12-25 06:00:00+00:00,3491.0,3547.01,3462.56,3469.63,571499.925
2024-12-25 12:00:00+00:00,3469.63,3499.75,3439.0,3469.88,497680.306
2024-12-25 18:00:00+00:00,3469.87,3498.9,3448.32,3495.72,295331.332
2024-12-26 00:00:00+00:00,3495.73,3514.32,3423.98,3440.52,461210.692
2024-12-26 06:00:00+00:00,3440.53,3449.99,3345.0,3371.83,819505.687
2024-12-26 12:00:00+00:00,3371.83,3372.72,3311.26,3326.41,778713.9
2024-12-26 18:00:00+00:00,3326.41,3349.39,3302.73,3333.15,462628.569
2024-12-27 00:00:00+00:00,3333.15,3390.99,3315.37,3382.72,464268.572
2024-12-27 06:00:00+00:00,3382.71,3444.0,3315.04,3417.42,1045946.474
2024-12-27 12:00:00+00:00,3417.4,3422.0,3306.0,3349.24,954010.229
2024-12-27 18:00:00+00:00,3349.22,3365.98,3308.08,3332.09,386893.574
2024-12-28 00:00:00+00:00,3332.1,3362.0,3320.92,3346.65,268961.297
2024-12-28 06:00:00+00:00,3346.65,3362.75,3331.5,3358.07,218160.315
2024-12-28 12:00:00+00:00,3358.06,3412.35,3349.44,3392.96,444329.308
2024-12-28 18:00:00+00:00,3392.96,3427.5,3382.15,3402.54,213525.538
2024-12-29 00:00:00+00:00,3402.53,3405.36,3373.99,3386.36,212511.704
2024-12-29 06:00:00+00:00,3386.37,3413.0,3378.34,3397.0,241891.098
2024-12-29 12:00:00+00:00,3396.99,3409.97,3344.2,3359.57,505375.661
2024-12-29 18:00:00+00:00,3359.56,3368.94,3324.63,3355.46,373742.609
2024-12-30 00:00:00+00:00,3355.46,3436.86,3346.07,3407.58,567664.764
2024-12-30 06:00:00+00:00,3407.58,3433.88,3393.58,3423.48,404060.666
2024-12-30 12:00:00+00:00,3423.49,3429.9,3302.2,3390.37,1297462.945
2024-12-30 18:00:00+00:00,3390.37,3419.34,3307.44,3360.11,684653.852
2024-12-31 00:00:00+00:00,3360.1,3363.67,3313.96,3342.89,347023.726
2024-12-31 06:00:00+00:00,3342.9,3409.31,3338.26,3394.0,416740.158
2024-12-31 12:00:00+00:00,3394.0,3452.0,3328.27,3362.51,963009.585
2024-12-31 18:00:00+00:00,3362.51,3372.53,3327.07,3336.57,366472.962
2025-01-01 00:00:00+00:00,3336.58,3368.02,3334.76,3344.21,262598.972
2025-01-01 06:00:00+00:00,3344.21,3348.0,3312.62,3340.06,338224.718
2025-01-01 12:00:00+00:00,3340.06,3359.09,3321.11,3342.91,373146.429
2025-01-01 18:00:00+00:00,3342.91,3374.14,3332.37,3359.36,297309.721
2025-01-02 00:00:00+00:00,3359.35,3427.7,3353.5,3412.48,506828.176
2025-01-02 06:00:00+00:00,3412.48,3476.17,3401.92,3470.57,495737.302
2025-01-02 12:00:00+00:00,3470.58,3511.14,3428.0,3449.67,1022628.903
2025-01-02 18:00:00+00:00,3449.67,3474.9,3420.0,3454.83,384885.9
2025-01-03 00:00:00+00:00,3454.83,3476.48,3442.1,3455.13,342545.656
2025-01-03 06:00:00+00:00,3455.13,3466.54,3421.56,3464.73,355000.144
2025-01-03 12:00:00+00:00,3464.74,3598.69,3460.0,3574.27,1187240.394
2025-01-03 18:00:00+00:00,3574.27,3630.0,3573.17,3607.89,606041.58
2025-01-04 00:00:00+00:00,3607.9,3619.9,3581.44,3595.53,271708.678
2025-01-04 06:00:00+00:00,3595.53,3609.83,3570.66,3601.16,351891.776
2025-01-04 12:00:00+00:00,3601.17,3664.0,3589.54,3632.52,787338.249
2025-01-04 18:00:00+00:00,3632.52,3670.0,3618.0,3655.99,318243.9
2025-01-05 00:00:00+00:00,3655.98,3674.71,3627.77,3631.5,242458.218
2025-01-05 06:00:00+00:00,3631.49,3640.96,3602.08,3612.56,305307.718
2025-01-05 12:00:00+00:00,3612.56,3647.42,3592.14,3627.36,473482.68
2025-01-05 18:00:00+00:00,3627.36,3656.29,3611.25,3634.96,248825.089
2025-01-06 00:00:00+00:00,3634.96,3698.0,3609.0,3679.62,609817.582
2025-01-06 06:00:00+00:00,3679.63,3684.04,3631.34,3653.71,417000.387
2025-01-06 12:00:00+00:00,3653.71,3744.28,3620.74,3672.75,1331858.12
2025-01-06 18:00:00+00:00,3672.74,3702.99,3661.28,3685.72,327385.869
2025-01-07 00:00:00+00:00,3685.72,3700.31,3657.4,3668.63,279948.148
2025-01-07 06:00:00+00:00,3668.64,3679.0,3625.0,3638.55,391144.041
2025-01-07 12:00:00+00:00,3638.55,3644.9,3409.0,3441.09,2339387.023
2025-01-07 18:00:00+00:00,3441.08,3458.25,3353.59,3379.38,1052178.295
2025-01-08 00:00:00+00:00,3379.37,3413.55,3335.0,3350.5,707654.952
2025-01-08 06:00:00+00:00,3350.5,3376.54,3306.01,3348.5,892100.174
2025-01-08 12:00:00+00:00,3348.5,3384.9,3206.54,3262.11,1564540.526
2025-01-08 18:00:00+00:00,3262.11,3333.65,3257.12,3325.38,794963.045
2025-01-09 00:00:00+00:00,3325.38,3355.85,3305.52,3327.38,534373.777
2025-01-09 06:00:00+00:00,3327.38,3333.99,3264.77,3300.35,732748.353
2025-01-09 12:00:00+00:00,3300.34,3337.64,3208.34,3248.97,1365515.932
2025-01-09 18:00:00+00:00,3248.97,3269.4,3156.0,3218.24,1007224.585
2025-01-10 00:00:00+00:00,3218.24,3280.94,3212.62,3262.33,424745.995
2025-01-10 06:00:00+00:00,3262.33,3320.0,3258.55,3309.74,501763.369
2025-01-10 12:00:00+00:00,3309.75,3323.0,3193.43,3313.36,1622428.712
2025-01-10 18:00:00+00:00,3313.36,3313.37,3255.19,3265.52,411856.504
2025-01-11 00:00:00+00:00,3265.51,3268.98,3228.0,3244.34,254406.809
2025-01-11 06:00:00+00:00,3244.35,3279.68,3217.36,3272.7,396875.799
2025-01-11 12:00:00+00:00,3272.69,3282.5,3256.97,3270.9,271152.222
2025-01-11 18:00:00+00:00,3270.9,3319.3,3266.1,3281.84,260373.001
2025-01-12 00:00:00+00:00,3281.85,3290.35,3273.0,3278.51,139723.935
2025-01-12 06:00:00+00:00,3278.51,3280.2,3222.4,3251.78,451894.208
2025-01-12 12:00:00+00:00,3251.78,3294.91,3246.51,3287.52,427316.583
2025-01-12 18:00:00+00:00,3287.52,3299.0,3232.58,3265.7,329921.754
2025-01-13 00:00:00+00:00,3265.7,3338.32,3211.0,3224.15,981371.596
2025-01-13 06:00:00+00:00,3224.16,3232.96,3055.0,3056.82,1551816.188
2025-01-13 12:00:00+00:00,3056.81,3090.3,2900.0,3019.36,2629138.618
2025-01-13 18:00:00+00:00,3019.35,3142.28,2985.0,3136.14,944393.928
2025-01-14 00:00:00+00:00,3136.13,3181.33,3123.47,3160.66,517935.324
2025-01-14 06:00:00+00:00,3160.66,3255.84,3156.0,3216.22,763750.277
2025-01-14 12:00:00+00:00,3216.21,3232.99,3171.02,3211.51,1024276.19
2025-01-14 18:00:00+00:00,3211.53,3239.46,3193.02,3223.99,408443.573
2025-01-15 00:00:00+00:00,3223.99,3251.69,3203.4,3228.57,442476.823
2025-01-15 06:00:00+00:00,3228.58,3249.7,3185.33,3198.4,506807.837
2025-01-15 12:00:00+00:00,3198.41,3365.72,3185.09,3324.77,1429074.017
2025-01-15 18:00:00+00:00,3324.77,3472.93,3324.77,3449.8,913554.091
2025-01-16 00:00:00+00:00,3449.81,3458.99,3343.76,3367.01,617892.709
2025-01-16 06:00:00+00:00,3367.02,3389.89,3297.7,3349.75,817203.04
2025-01-16 12:00:00+00:00,3349.75,3365.0,3263.06,3342.67,1274915.495
2025-01-16 18:00:00+00:00,3342.67,3352.77,3266.3,3306.94,548746.503
2025-01-17 00:00:00+00:00,3306.93,3396.65,3306.41,3365.5,689969.211
2025-01-17 06:00:00+00:00,3365.5,3438.23,3361.0,3422.11,573944.428
2025-01-17 12:00:00+00:00,3422.11,3450.0,3390.0,3413.26,925059.934
2025-01-17 18:00:00+00:00,3413.27,3524.85,3409.06,3472.38,839722.899
2025-01-18 00:00:00+00:00,3472.38,3492.95,3290.0,3292.88,1046909.042
2025-01-18 06:00:00+00:00,3292.88,3339.8,3225.65,3310.54,1416482.468
2025-01-18 12:00:00+00:00,3310.54,3346.99,3251.73,3257.01,1192038.519
2025-01-18 18:00:00+00:00,3257.0,3320.97,3246.72,3306.7,435246.474
2025-01-19 00:00:00+00:00,3306.71,3377.7,3258.17,3298.58,883094.848
2025-01-19 06:00:00+00:00,3298.58,3299.93,3129.63,3149.69,1402991.527
2025-01-19 12:00:00+00:00,3149.7,3449.0,3144.07,3442.35,2462651.656
2025-01-19 18:00:00+00:00,3442.35,3449.77,3155.0,3214.15,2178390.074
2025-01-20 00:00:00+00:00,3214.16,3318.91,3141.25,3290.75,1494141.486
2025-01-20 06:00:00+00:00,3290.74,3455.76,3285.36,3375.67,1713506.31
2025-01-20 12:00:00+00:00,3375.68,3391.39,3200.0,3292.95,2528889.019
2025-01-20 18:00:00+00:00,3292.95,3364.64,3255.01,3283.2,872998.039
2025-01-21 00:00:00+00:00,3283.21,3289.47,3203.5,3224.61,842974.888
2025-01-21 06:00:00+00:00,3224.61,3313.29,3210.09,3304.39,631288.931
2025-01-21 12:00:00+00:00,3304.4,3356.55,3263.55,3350.57,1039427.264
2025-01-21 18:00:00+00:00,3350.57,3367.95,3301.0,3326.72,519865.312
2025-01-22 00:00:00+00:00,3326.71,3365.97,3315.8,3317.66,362802.326
2025-01-22 06:00:00+00:00,3317.67,3329.52,3272.5,3325.53,432511.93
2025-01-22 12:00:00+00:00,3325.52,3331.72,3260.17,3284.59,715254.777
2025-01-22 18:00:00+00:00,3284.6,3291.39,3220.82,3242.0,513501.83
2025-01-23 00:00:00+00:00,3241.99,3261.1,3177.0,3213.86,550926.105
2025-01-23 06:00:00+00:00,3213.83,3232.43,3187.2,3212.79,390568.595
2025-01-23 12:00:00+00:00,3212.79,3296.99,3188.53,3264.88,1265462.025
2025-01-23 18:00:00+00:00,3264.89,3347.7,3192.63,3337.88,1328750.465
2025-01-24 00:00:00+00:00,3337.87,3409.61,3273.94,3409.23,813612.422
2025-01-24 06:00:00+00:00,3409.23,3420.74,3371.26,3398.68,645333.929
2025-01-24 12:00:00+00:00,3398.67,3429.99,3353.54,3396.65,814914.599
2025-01-24 18:00:00+00:00,3396.65,3408.51,3302.01,3308.62,639136.978
2025-01-25 00:00:00+00:00,3308.61,3324.18,3266.53,3295.01,457067.889
2025-01-25 06:00:00+00:00,3295.01,3310.6,3270.0,3305.5,324520.533
2025-01-25 12:00:00+00:00,3305.51,3348.84,3292.36,3342.6,424328.541
2025-01-25 18:00:00+00:00,3342.6,3349.8,3313.11,3317.91,207808.682
2025-01-26 00:00:00+00:00,3317.91,3363.0,3312.37,3341.07,274629.271
2025-01-26 06:00:00+00:00,3341.07,3346.38,3290.68,3310.45,350315.54
2025-01-26 12:00:00+00:00,3310.45,3344.26,3295.48,3336.31,313779.185
2025-01-26 18:00:00+00:00,3336.31,3342.22,3226.57,3230.5,655914.896
2025-01-27 00:00:00+00:00,3230.5,3253.19,3112.77,3139.76,1137510.348
2025-01-27 06:00:00+00:00,3139.76,3148.91,3020.17,3057.48,1495889.516
2025-01-27 12:00:00+00:00,3057.49,3150.81,3051.96,3071.53,1352549.63
2025-01-27 18:00:00+00:00,3071.52,3238.0,3043.53,3180.99,953045.786
2025-01-28 00:00:00+00:00,3181.0,3221.98,3150.26,3211.68,540501.902
2025-01-28 06:00:00+00:00,3211.68,3214.71,3175.0,3185.21,370400.572
2025-01-28 12:00:00+00:00,3185.21,3215.79,3130.58,3166.11,769205.896
2025-01-28 18:00:00+00:00,3166.11,3176.96,3038.0,3075.96,911465.169
2025-01-29 00:00:00+00:00,3075.96,3138.88,3075.18,3129.79,423238.207
2025-01-29 06:00:00+00:00,3129.79,3163.39,3117.53,3133.63,395541.455
2025-01-29 12:00:00+00:00,3133.64,3138.95,3070.19,3110.26,729830.654
2025-01-29 18:00:00+00:00,3110.28,3180.93,3052.88,3112.55,1314856.293
2025-01-30 00:00:00+00:00,3112.54,3214.85,3089.0,3193.76,638799.962
2025-01-30 06:00:00+00:00,3193.77,3228.99,3177.0,3221.16,437003.589
2025-01-30 12:00:00+00:00,3221.16,3282.6,3207.86,3271.22,928490.816
2025-01-30 18:00:00+00:00,3271.22,3275.77,3225.25,3245.86,471083.207
2025-01-31 00:00:00+00:00,3245.86,3279.72,3212.31,3243.85,498837.98
2025-01-31 06:00:00+00:00,3243.85,3337.77,3232.05,3334.22,809240.439
2025-01-31 12:00:00+00:00,3334.22,3436.39,3324.0,3374.67,1495824.714
2025-01-31 18:00:00+00:00,3374.67,3384.1,3277.01,3299.5,1326381.781
2025-02-01 00:00:00+00:00,3299.5,3330.82,3281.82,3298.82,400904.315
2025-02-01 06:00:00+00:00,3298.81,3305.74,3222.31,3250.54,668229.893
2025-02-01 12:00:00+00:00,3250.54,3272.0,3227.0,3260.71,491013.489
2025-02-01 18:00:00+00:00,3260.71,3266.0,3100.67,3116.22,1073461.015
2025-02-02 00:00:00+00:00,3116.23,3161.86,3066.83,3118.51,826316.808
2025-02-02 06:00:00+00:00,3118.51,3138.2,3050.0,3063.49,844053.181
2025-02-02 12:00:00+00:00,3063.5,3100.36,2950.0,2972.14,1670796.281
2025-02-02 18:00:00+00:00,2972.15,2989.99,2736.01,2868.05,3047629.832
2025-02-03 00:00:00+00:00,2868.06,2871.8,2080.19,2513.31,6079348.671
2025-02-03 06:00:00+00:00,2513.31,2629.91,2481.85,2579.43,2107954.557
2025-02-03 12:00:00+00:00,2579.43,2732.93,2526.68,2705.14,3345842.714
2025-02-03 18:00:00+00:00,2705.12,2919.34,2693.62,2878.69,2070594.696
2025-02-04 00:00:00+00:00,2878.68,2888.8,2661.22,2689.77,1571896.718
2025-02-04 06:00:00+00:00,2689.78,2787.83,2675.28,2756.95,1309447.878
2025-02-04 12:00:00+00:00,2756.95,2844.68,2727.04,2813.6,1793097.858
2025-02-04 18:00:00+00:00,2813.59,2868.3,2630.5,2730.03,1919328.585
2025-02-05 00:00:00+00:00,2730.06,2787.23,2697.95,2783.23,832960.976
2025-02-05 06:00:00+00:00,2783.23,2817.98,2733.5,2798.58,987760.173
2025-02-05 12:00:00+00:00,2798.59,2827.98,2727.56,2739.19,1267209.071
2025-02-05 18:00:00+00:00,2739.2,2802.64,2713.05,2787.0,976960.328
2025-02-06 00:00:00+00:00,2787.0,2848.52,2753.65,2830.52,618422.421
2025-02-06 06:00:00+00:00,2830.53,2857.43,2790.72,2802.02,741048.545
2025-02-06 12:00:00+00:00,2802.02,2805.84,2680.32,2698.4,1452736.952
2025-02-06 18:00:00+00:00,2698.4,2726.09,2650.0,2685.25,865314.436
2025-02-07 00:00:00+00:00,2685.26,2738.99,2678.0,2712.93,520876.121
2025-02-07 06:00:00+00:00,2712.93,2763.88,2666.7,2761.34,667548.411
2025-02-07 12:00:00+00:00,2761.34,2796.12,2660.08,2678.49,1728541.797
2025-02-07 18:00:00+00:00,2678.49,2703.0,2560.68,2620.66,1152713.946
2025-02-08 00:00:00+00:00,2620.66,2667.15,2613.65,2619.25,623406.986
2025-02-08 06:00:00+00:00,2619.26,2637.3,2592.72,2612.09,504888.056
2025-02-08 12:00:00+00:00,2612.1,2635.68,2587.05,2628.82,541377.338
2025-02-08 18:00:00+00:00,2628.83,2648.83,2617.02,2630.99,272888.546
2025-02-09 00:00:00+00:00,2630.99,2698.0,2625.35,2660.15,454560.657
2025-02-09 06:00:00+00:00,2660.15,2672.41,2648.0,2653.88,271835.817
2025-02-09 12:00:00+00:00,2653.88,2665.78,2610.0,2641.03,645254.802
2025-02-09 18:00:00+00:00,2641.03,2649.8,2518.12,2626.07,1110471.901
2025-02-10 00:00:00+00:00,2626.07,2659.92,2556.91,2637.4,945870.205
2025-02-10 06:00:00+00:00,2637.4,2661.12,2625.08,2652.25,446111.563
2025-02-10 12:00:00+00:00,2652.24,2685.65,2630.0,2678.0,965518.237
2025-02-10 18:00:00+00:00,2677.99,2692.99,2650.1,2659.99,353143.448
2025-02-11 00:00:00+00:00,2659.99,2724.49,2659.36,2716.18,720464.829
2025-02-11 06:00:00+00:00,2716.18,2723.99,2690.0,2707.32,546821.879
2025-02-11 12:00:00+00:00,2707.31,2709.05,2624.11,2639.64,1050602.612
2025-02-11 18:00:00+00:00,2639.62,2640.7,2552.88,2601.03,1028444.634
2025-02-12 00:00:00+00:00,2601.03,2623.4,2566.9,2607.69,519110.686
2025-02-12 06:00:00+00:00,2607.7,2638.86,2596.01,2625.94,588889.168
2025-02-12 12:00:00+00:00,2625.95,2682.87,2542.21,2672.09,2056207.195
2025-02-12 18:00:00+00:00,2672.09,2794.99,2645.03,2737.14,1135514.844
2025-02-13 00:00:00+00:00,2737.14,2756.51,2703.0,2719.98,529831.93
2025-02-13 06:00:00+00:00,2719.99,2722.99,2649.4,2654.7,760983.123
2025-02-13 12:00:00+00:00,2654.7,2677.83,2612.08,2630.33,1063055.693
2025-02-13 18:00:00+00:00,2630.33,2678.92,2610.72,2674.52,510633.471
2025-02-14 00:00:00+00:00,2674.52,2720.7,2662.97,2697.58,466519.843
2025-02-14 06:00:00+00:00,2697.59,2715.76,2681.08,2684.0,418617.028
2025-02-14 12:00:00+00:00,2684.0,2779.99,2676.33,2772.79,1073940.712
2025-02-14 18:00:00+00:00,2772.79,2791.0,2704.23,2724.74,753608.408
2025-02-15 00:00:00+00:00,2724.75,2738.0,2702.45,2721.15,287088.918
2025-02-15 06:00:00+00:00,2721.16,2721.64,2692.2,2706.91,330414.44
2025-02-15 12:00:00+00:00,2706.91,2712.99,2655.31,2684.84,434262.098
2025-02-15 18:00:00+00:00,2684.84,2707.49,2677.48,2691.73,234814.057
2025-02-16 00:00:00+00:00,2691.74,2726.27,2686.0,2708.0,249529.979
2025-02-16 06:00:00+00:00,2708.0,2719.18,2688.0,2709.75,337152.84
2025-02-16 12:00:00+00:00,2709.75,2711.45,2674.61,2686.61,389002.893
2025-02-16 18:00:00+00:00,2686.6,2688.53,2643.75,2660.0,519057.878
2025-02-17 00:00:00+00:00,2660.01,2683.2,2632.81,2669.99,426939.845
2025-02-17 06:00:00+00:00,2669.99,2773.93,2667.12,2753.93,1046566.497
2025-02-17 12:00:00+00:00,2753.94,2848.76,2722.08,2731.17,1875116.033
2025-02-17 18:00:00+00:00,2731.18,2777.2,2685.48,2743.0,765869.794
2025-02-18 00:00:00+00:00,2742.99,2755.85,2672.68,2676.32,638408.008
2025-02-18 06:00:00+00:00,2676.31,2705.45,2650.31,2678.14,833811.648
2025-02-18 12:00:00+00:00,2678.13,2731.74,2604.18,2618.84,1351622.668
2025-02-18 18:00:00+00:00,2618.84,2671.0,2607.58,2670.57,755745.158
2025-02-19 00:00:00+00:00,2670.56,2699.12,2654.82,2685.9,521241.353
2025-02-19 06:00:00+00:00,2685.91,2736.12,2684.56,2725.99,657495.711
2025-02-19 12:00:00+00:00,2726.0,2730.62,2675.79,2709.34,780810.805
2025-02-19 18:00:00+00:00,2709.34,2735.0,2693.19,2714.06,445016.612
2025-02-20 00:00:00+00:00,2714.06,2758.53,2708.21,2730.86,506958.544
2025-02-20 06:00:00+00:00,2730.87,2746.0,2721.0,2739.35,343853.526
2025-02-20 12:00:00+00:00,2739.36,2770.5,2705.64,2734.17,1032654.214
2025-02-20 18:00:00+00:00,2734.16,2767.57,2720.71,2736.87,480188.018
2025-02-21 00:00:00+00:00,2736.86,2758.24,2724.15,2754.99,317655.792
2025-02-21 06:00:00+00:00,2755.0,2830.88,2746.55,2787.2,926410.982
2025-02-21 12:00:00+00:00,2787.2,2845.0,2651.02,2670.84,3376211.717
2025-02-21 18:00:00+00:00,2670.84,2690.32,2614.76,2660.85,1382029.522
2025-02-22 00:00:00+00:00,2660.86,2694.08,2651.24,2689.31,531409.999
2025-02-22 06:00:00+00:00,2689.3,2753.06,2675.16,2731.91,754155.98
2025-02-22 12:00:00+00:00,2731.91,2797.21,2720.76,2784.11,857086.144
2025-02-22 18:00:00+00:00,2784.11,2788.89,2755.55,2762.01,363019.572
2025-02-23 00:00:00+00:00,2762.0,2787.88,2743.62,2780.51,481520.602
2025-02-23 06:00:00+00:00,2780.51,2831.0,2775.41,2796.42,958720.056
2025-02-23 12:00:00+00:00,2796.42,2826.11,2771.85,2813.35,1023661.411
2025-02-23 18:00:00+00:00,2813.35,2860.9,2783.74,2818.54,641103.638
2025-02-24 00:00:00+00:00,2818.54,2839.0,2691.07,2730.3,1392063.182
2025-02-24 06:00:00+00:00,2730.31,2734.68,2662.0,2688.69,1121595.73
2025-02-24 12:00:00+00:00,2688.69,2695.75,2633.51,2663.27,1368753.938
2025-02-24 18:00:00+00:00,2663.27,2669.79,2466.34,2512.27,2008751.611
2025-02-25 00:00:00+00:00,2512.26,2529.4,2456.75,2505.04,1616755.992
2025-02-25 06:00:00+00:00,2505.05,2508.76,2287.13,2432.39,3372310.247
2025-02-25 12:00:00+00:00,2432.38,2448.0,2360.65,2420.2,2075039.142
2025-02-25 18:00:00+00:00,2420.2,2532.89,2402.51,2494.45,1142478.287
2025-02-26 00:00:00+00:00,2494.46,2506.45,2470.33,2474.61,574336.55
2025-02-26 06:00:00+00:00,2474.62,2505.76,2456.66,2463.71,744297.711
2025-02-26 12:00:00+00:00,2463.71,2465.93,2354.2,2365.55,2270888.042
2025-02-26 18:00:00+00:00,2365.54,2382.77,2252.78,2335.33,3006647.175
2025-02-27 00:00:00+00:00,2335.34,2370.36,2302.01,2340.77,906516.922
2025-02-27 06:00:00+00:00,2340.77,2381.44,2332.78,2352.76,907553.977
2025-02-27 12:00:00+00:00,2352.77,2361.53,2289.67,2321.47,1482139.143
2025-02-27 18:00:00+00:00,2321.47,2332.81,2229.0,2306.66,1277877.722
2025-02-28 00:00:00+00:00,2306.65,2313.24,2090.83,2131.02,3799452.156
2025-02-28 06:00:00+00:00,2131.02,2151.06,2070.0,2124.47,2247113.603
2025-02-28 12:00:00+00:00,2124.44,2245.0,2103.8,2208.67,2409316.007
2025-02-28 18:00:00+00:00,2208.67,2255.4,2192.56,2236.59,856093.978
2025-03-01 00:00:00+00:00,2236.59,2279.75,2211.79,2255.03,798385.229
2025-03-01 06:00:00+00:00,2255.09,2258.7,2170.2,2183.28,913719.273
2025-03-01 12:00:00+00:00,2183.28,2211.0,2141.17,2195.79,1093161.153
2025-03-01 18:00:00+00:00,2195.79,2234.99,2190.0,2216.6,667698.394
2025-03-02 00:00:00+00:00,2216.59,2234.77,2200.11,2228.64,562246.23
2025-03-02 06:00:00+00:00,2228.65,2260.61,2206.65,2237.75,783983.88
2025-03-02 12:00:00+00:00,2237.76,2511.91,2170.09,2479.82,5155797.683
2025-03-02 18:00:00+00:00,2479.83,2550.0,2452.8,2517.12,1683169.689
2025-03-03 00:00:00+00:00,2517.12,2522.84,2417.6,2448.82,1043068.58
2025-03-03 06:00:00+00:00,2448.9,2449.12,2321.0,2355.23,1576682.633
2025-03-03 12:00:00+00:00,2355.22,2388.44,2254.34,2275.88,2271330.069
2025-03-03 18:00:00+00:00,2275.88,2279.14,2094.76,2148.22,2875029.841
2025-03-04 00:00:00+00:00,2148.21,2166.21,2001.09,2105.8,2635235.467
2025-03-04 06:00:00+00:00,2105.8,2117.44,2067.28,2100.37,1048754.973
2025-03-04 12:00:00+00:00,2100.37,2158.19,1979.99,2117.9,3659126.391
2025-03-04 18:00:00+00:00,2117.8,2221.77,2107.56,2170.51,1808059.371
2025-03-05 00:00:00+00:00,2170.51,2192.0,2153.7,2179.21,693640.528
2025-03-05 06:00:00+00:00,2179.2,2272.94,2173.26,2216.6,1470946.425
2025-03-05 12:00:00+00:00,2216.6,2232.0,2160.47,2193.57,1760948.413
2025-03-05 18:00:00+00:00,2193.56,2252.2,2173.63,2240.45,701419.616
2025-03-06 00:00:00+00:00,2240.44,2318.99,2232.16,2312.23,1034131.387
2025-03-06 06:00:00+00:00,2312.24,2313.5,2275.37,2296.74,713663.955
2025-03-06 12:00:00+00:00,2296.73,2297.81,2175.5,2189.94,1902100.496
2025-03-06 18:00:00+00:00,2189.93,2229.29,2180.08,2201.34,924535.084
2025-03-07 00:00:00+00:00,2201.33,2226.45,2100.75,2173.73,1848085.38
2025-03-07 06:00:00+00:00,2173.73,2209.94,2164.31,2196.69,661948.254
2025-03-07 12:00:00+00:00,2196.7,2259.34,2139.83,2161.23,2332691.23
2025-03-07 18:00:00+00:00,2161.22,2201.85,2113.1,2140.72,1282950.675
2025-03-08 00:00:00+00:00,2140.72,2155.37,2103.07,2139.46,592481.625
2025-03-08 06:00:00+00:00,2139.46,2147.0,2125.4,2140.89,361785.878
2025-03-08 12:00:00+00:00,2140.89,2220.44,2136.84,2198.1,1158718.251
2025-03-08 18:00:00+00:00,2198.1,2234.4,2192.41,2202.84,554080.381
2025-03-09 00:00:00+00:00,2202.83,2211.27,2175.01,2182.09,405090.289
2025-03-09 06:00:00+00:00,2182.09,2188.57,2127.02,2145.63,691476.659
2025-03-09 12:00:00+00:00,2145.62,2146.06,2012.5,2022.82,1962812.454
2025-03-09 18:00:00+00:00,2022.83,2055.64,1986.8,2019.2,1733780.547
2025-03-10 00:00:00+00:00,2019.34,2076.18,1993.54,2063.12,993966.632
2025-03-10 06:00:00+00:00,2063.13,2152.99,2046.75,2127.13,1637670.871
2025-03-10 12:00:00+00:00,2127.13,2134.93,1905.4,1916.65,3540334.364
2025-03-10 18:00:00+00:00,1916.68,1938.38,1807.75,1864.51,3103208.299
2025-03-11 00:00:00+00:00,1864.52,1913.49,1752.5,1892.53,3100584.44
2025-03-11 06:00:00+00:00,1892.54,1928.84,1880.46,1913.41,1184382.781
2025-03-11 12:00:00+00:00,1913.4,1969.77,1839.41,1904.14,3668943.542
2025-03-11 18:00:00+00:00,1904.13,1962.45,1903.14,1922.61,1182095.633
2025-03-12 00:00:00+00:00,1922.6,1932.0,1851.33,1877.49,1276159.565
2025-03-12 06:00:00+00:00,1877.48,1955.9,1852.01,1915.83,3030123.714
2025-03-12 12:00:00+00:00,1915.82,1946.0,1828.87,1867.07,2534284.072
2025-03-12 18:00:00+00:00,1867.13,1914.72,1863.94,1907.24,663209.48
2025-03-13 00:00:00+00:00,1907.23,1916.54,1860.9,1867.11,851117.807
2025-03-13 06:00:00+00:00,1867.12,1904.7,1852.18,1899.63,1384018.334
2025-03-13 12:00:00+00:00,1899.62,1922.0,1820.2,1825.99,2039139.068
2025-03-13 18:00:00+00:00,1825.99,1882.9,1825.41,1863.76,1031608.591
2025-03-14 00:00:00+00:00,1863.75,1898.75,1860.41,1894.81,547616.232
2025-03-14 06:00:00+00:00,1894.83,1908.2,1887.37,1901.51,606948.153
2025-03-14 12:00:00+00:00,1901.51,1941.81,1873.0,1934.04,1722719.201
2025-03-14 18:00:00+00:00,1934.04,1945.62,1907.39,1910.79,617189.343
2025-03-15 00:00:00+00:00,1910.78,1934.77,1902.47,1927.47,486979.005
2025-03-15 06:00:00+00:00,1927.48,1930.86,1911.4,1927.99,396442.461
2025-03-15 12:00:00+00:00,1928.0,1948.0,1921.6,1939.36,519745.093
2025-03-15 18:00:00+00:00,1939.36,1957.68,1927.28,1936.27,474547.791
2025-03-16 00:00:00+00:00,1936.26,1940.0,1915.22,1931.17,441227.102
2025-03-16 06:00:00+00:00,1931.17,1933.22,1865.49,1872.61,943551.674
2025-03-16 12:00:00+00:00,1872.61,1923.9,1872.21,1909.33,1029026.424
2025-03-16 18:00:00+00:00,1909.33,1909.86,1857.08,1885.97,753930.196
2025-03-17 00:00:00+00:00,1885.96,1914.88,1885.41,1893.1,570046.838
2025-03-17 06:00:00+00:00,1893.11,1918.0,1878.66,1909.71,589876.744
2025-03-17 12:00:00+00:00,1909.72,1947.0,1886.29,1929.69,1313829.375
2025-03-17 18:00:00+00:00,1929.69,1951.76,1921.08,1925.37,734020.096
2025-03-18 00:00:00+00:00,1925.36,1929.57,1896.3,1906.79,666487.17
2025-03-18 06:00:00+00:00,1906.79,1912.3,1884.25,1891.54,739837.764
2025-03-18 12:00:00+00:00,1891.54,1902.59,1871.14,1875.81,1181783.922
2025-03-18 18:00:00+00:00,1875.8,1935.44,1872.35,1930.64,646378.081
2025-03-19 00:00:00+00:00,1930.63,1948.5,1927.12,1938.25,746268.806
2025-03-19 06:00:00+00:00,1938.24,2032.73,1930.12,2026.99,1827898.684
2025-03-19 12:00:00+00:00,2026.98,2056.48,1994.06,2026.5,2120580.052
2025-03-19 18:00:00+00:00,2026.49,2069.69,1994.16,2055.21,1689552.458
2025-03-20 00:00:00+00:00,2055.22,2067.15,2011.13,2016.11,731653.425
2025-03-20 06:00:00+00:00,2016.11,2021.58,1970.31,1988.4,1198975.179
2025-03-20 12:00:00+00:00,1988.39,2009.74,1951.15,1970.12,1657978.317
2025-03-20 18:00:00+00:00,1970.12,1984.2,1966.26,1982.72,445176.616
2025-03-21 00:00:00+00:00,1982.72,1995.8,1966.7,1973.57,543451.598
2025-03-21 06:00:00+00:00,1973.56,1981.87,1955.79,1966.11,642558.09
2025-03-21 12:00:00+00:00,1966.11,1973.0,1932.0,1967.68,1193995.993
2025-03-21 18:00:00+00:00,1967.68,1982.42,1961.24,1964.81,452274.766
2025-03-22 00:00:00+00:00,1964.81,1989.99,1963.41,1986.56,457684.747
2025-03-22 06:00:00+00:00,1986.56,2006.0,1980.4,1989.36,553140.339
2025-03-22 12:00:00+00:00,1989.35,1996.97,1980.3,1991.71,352355.657
2025-03-22 18:00:00+00:00,1991.72,2003.31,1973.13,1979.56,355735.284
2025-03-23 00:00:00+00:00,1979.55,2008.92,1975.51,1998.88,503866.104
2025-03-23 06:00:00+00:00,1998.88,2020.0,1996.42,2006.97,545188.114
2025-03-23 12:00:00+00:00,2006.97,2019.61,1985.71,1992.0,633854.218
2025-03-23 18:00:00+00:00,1992.0,2006.0,1978.78,2005.0,475540.04
2025-03-24 00:00:00+00:00,2005.0,2053.54,1976.46,2047.96,1304777.752
2025-03-24 06:00:00+00:00,2047.96,2104.24,2047.96,2091.67,1374086.726
2025-03-24 12:00:00+00:00,2091.68,2101.9,2066.38,2087.46,1313594.906
2025-03-24 18:00:00+00:00,2087.46,2101.3,2066.87,2080.41,675485.142
2025-03-25 00:00:00+00:00,2080.4,2097.21,2036.0,2047.4,1033382.8
2025-03-25 06:00:00+00:00,2047.39,2074.53,2045.92,2067.36,638606.656
2025-03-25 12:00:00+00:00,2067.36,2083.21,2050.7,2075.4,1050293.672
2025-03-25 18:00:00+00:00,2075.4,2082.99,2052.2,2065.22,519870.14
2025-03-26 00:00:00+00:00,2065.22,2077.7,2040.9,2058.09,694114.985
2025-03-26 06:00:00+00:00,2058.1,2074.85,2055.5,2067.44,566972.603
2025-03-26 12:00:00+00:00,2067.43,2069.51,2001.97,2005.55,1634621.44
2025-03-26 18:00:00+00:00,2005.56,2017.69,1980.41,2008.69,984335.913
2025-03-27 00:00:00+00:00,2008.69,2036.88,2006.07,2021.94,627084.548
2025-03-27 06:00:00+00:00,2021.94,2035.0,2011.0,2015.3,611688.648
2025-03-27 12:00:00+00:00,2015.29,2025.43,1985.71,1999.21,1546762.117
2025-03-27 18:00:00+00:00,1999.2,2020.83,1998.27,2002.8,479013.14
2025-03-28 00:00:00+00:00,2002.8,2015.09,1896.7,1914.3,1809608.554
2025-03-28 06:00:00+00:00,1914.3,1927.45,1854.2,1899.41,1650617.927
2025-03-28 12:00:00+00:00,1899.41,1907.26,1861.07,1883.18,1675337.809
2025-03-28 18:00:00+00:00,1883.19,1901.41,1869.01,1896.02,556640.394
2025-03-29 00:00:00+00:00,1896.03,1912.94,1883.04,1887.47,703324.452
2025-03-29 06:00:00+00:00,1887.47,1887.76,1832.29,1843.71,1294015.266
2025-03-29 12:00:00+00:00,1843.72,1862.76,1796.13,1816.94,1647434.519
2025-03-29 18:00:00+00:00,1816.94,1829.57,1807.5,1827.32,740073.948
2025-03-30 00:00:00+00:00,1827.31,1846.24,1811.35,1837.2,669482.929
2025-03-30 06:00:00+00:00,1837.2,1848.08,1824.78,1832.49,521326.879
2025-03-30 12:00:00+00:00,1832.49,1839.48,1782.0,1804.16,1311826.66
2025-03-30 18:00:00+00:00,1804.16,1834.57,1766.04,1806.99,1355925.612
2025-03-31 00:00:00+00:00,1806.99,1823.01,1775.92,1808.43,1221721.595
2025-03-31 06:00:00+00:00,1808.43,1819.0,1776.56,1812.52,1283147.455
2025-03-31 12:00:00+00:00,1812.51,1853.34,1792.6,1824.57,1964395.609
2025-03-31 18:00:00+00:00,1824.57,1846.4,1815.22,1821.59,743266.054
2025-04-01 00:00:00+00:00,1821.59,1849.9,1816.64,1840.75,675070.408
2025-04-01 06:00:00+00:00,1840.74,1891.42,1838.51,1861.48,1226454.684
2025-04-01 12:00:00+00:00,1861.49,1927.79,1841.2,1914.55,2136110.746
2025-04-01 18:00:00+00:00,1914.56,1921.98,1895.9,1904.21,634108.765
2025-04-02 00:00:00+00:00,1904.21,1908.01,1853.57,1855.08,978197.788
2025-04-02 06:00:00+00:00,1855.07,1887.23,1850.69,1868.05,933071.85
2025-04-02 12:00:00+00:00,1868.08,1918.0,1853.12,1891.61,2250613.78
2025-04-02 18:00:00+00:00,1891.6,1957.97,1780.52,1794.1,2917971.785
2025-04-03 00:00:00+00:00,1794.11,1844.97,1787.9,1820.97,1082055.427
2025-04-03 06:00:00+00:00,1820.96,1827.0,1786.14,1794.39,974607.266
2025-04-03 12:00:00+00:00,1794.39,1799.82,1747.47,1775.35,2309201.964
2025-04-03 18:00:00+00:00,1775.35,1821.5,1769.25,1816.48,820503.692
2025-04-04 00:00:00+00:00,1816.48,1822.69,1770.0,1805.08,953099.528
2025-04-04 06:00:00+00:00,1805.09,1834.7,1757.52,1783.16,1794134.711
2025-04-04 12:00:00+00:00,1783.15,1828.71,1768.57,1820.36,2786602.248
2025-04-04 18:00:00+00:00,1820.37,1827.99,1801.04,1815.97,687278.015
2025-04-05 00:00:00+00:00,1815.97,1826.63,1806.02,1809.14,409336.038
2025-04-05 06:00:00+00:00,1809.13,1821.26,1803.04,1806.6,415880.672
2025-04-05 12:00:00+00:00,1806.6,1807.61,1776.34,1786.59,852578.231
2025-04-05 18:00:00+00:00,1786.58,1809.3,1761.18,1805.15,681132.174
2025-04-06 00:00:00+00:00,1805.14,1816.38,1800.87,1810.45,433971.128
2025-04-06 06:00:00+00:00,1810.45,1811.86,1782.01,1788.22,587981.365
2025-04-06 12:00:00+00:00,1788.22,1791.1,1667.65,1684.0,2837432.741
2025-04-06 18:00:00+00:00,1684.0,1684.22,1535.27,1579.98,5528657.531
2025-04-07 00:00:00+00:00,1579.98,1613.51,1520.0,1539.72,3113606.508
2025-04-07 06:00:00+00:00,1539.73,1552.15,1410.0,1482.34,6181523.77
2025-04-07 12:00:00+00:00,1482.34,1638.47,1477.17,1565.28,6716558.028
2025-04-07 18:00:00+00:00,1565.32,1584.58,1541.21,1552.44,1620383.046
2025-04-08 00:00:00+00:00,1552.44,1618.0,1540.19,1590.97,1568385.985
2025-04-08 06:00:00+00:00,1590.96,1590.96,1553.48,1587.56,1174050.814
2025-04-08 12:00:00+00:00,1587.57,1592.79,1453.46,1480.05,4275022.267
2025-04-08 18:00:00+00:00,1480.05,1501.5,1441.62,1472.67,2180407.764
2025-04-09 00:00:00+00:00,1472.68,1481.69,1384.0,1458.33,3694257.567
2025-04-09 06:00:00+00:00,1458.33,1496.0,1444.0,1454.64,3071250.165
2025-04-09 12:00:00+00:00,1454.64,1639.03,1439.03,1631.82,5971365.73
2025-04-09 18:00:00+00:00,1631.9,1688.0,1612.17,1668.69,3379697.161
2025-04-10 00:00:00+00:00,1668.7,1669.19,1601.0,1616.39,1706056.373
2025-04-10 06:00:00+00:00,1616.4,1622.18,1580.5,1593.92,1483259.878
2025-04-10 12:00:00+00:00,1593.91,1627.61,1470.84,1510.73,5510171.774
2025-04-10 18:00:00+00:00,1510.73,1533.0,1506.61,1521.57,1245705.016
2025-04-11 00:00:00+00:00,1521.56,1557.74,1503.63,1548.45,1565798.705
2025-04-11 06:00:00+00:00,1548.45,1585.18,1536.47,1557.93,1873795.31
2025-04-11 12:00:00+00:00,1557.94,1590.88,1540.36,1579.04,2157550.628
2025-04-11 18:00:00+00:00,1579.04,1586.31,1556.4,1565.96,870938.043
2025-04-12 00:00:00+00:00,1565.97,1571.96,1545.06,1567.91,869317.028
2025-04-12 06:00:00+00:00,1567.9,1605.71,1567.9,1593.21,1061203.938
2025-04-12 12:00:00+00:00,1593.22,1669.85,1589.79,1633.15,2800915.667
2025-04-12 18:00:00+00:00,1633.14,1659.68,1632.36,1643.6,873077.354
2025-04-13 00:00:00+00:00,1643.6,1649.2,1596.21,1608.56,1324362.02
2025-04-13 06:00:00+00:00,1608.57,1627.45,1590.71,1603.62,1051568.813
2025-04-13 12:00:00+00:00,1603.61,1648.73,1565.11,1635.98,2123883.078
2025-04-13 18:00:00+00:00,1636.0,1646.76,1559.4,1596.92,1995548.581
2025-04-14 00:00:00+00:00,1596.93,1659.81,1594.73,1623.76,1549690.952
2025-04-14 06:00:00+00:00,1623.77,1691.57,1611.51,1674.63,1810204.942
2025-04-14 12:00:00+00:00,1674.63,1689.27,1613.37,1647.28,2661621.293
2025-04-14 18:00:00+00:00,1647.27,1650.8,1603.0,1623.02,950658.743
2025-04-15 00:00:00+00:00,1623.02,1648.0,1613.65,1638.11,1076118.531
2025-04-15 06:00:00+00:00,1638.11,1651.79,1621.32,1631.18,949461.995
2025-04-15 12:00:00+00:00,1631.17,1660.68,1600.01,1615.37,2146355.656
2025-04-15 18:00:00+00:00,1615.36,1618.37,1582.14,1588.0,1158161.396
2025-04-16 00:00:00+00:00,1588.0,1603.81,1550.0,1568.51,1656203.151
2025-04-16 06:00:00+00:00,1568.51,1585.0,1555.72,1583.25,1089698.107
2025-04-16 12:00:00+00:00,1583.26,1614.95,1537.56,1545.02,2723207.721
2025-04-16 18:00:00+00:00,1545.03,1598.01,1542.43,1576.58,1752986.803
2025-04-17 00:00:00+00:00,1576.57,1602.97,1574.0,1598.29,797978.29
2025-04-17 06:00:00+00:00,1598.28,1609.9,1587.69,1592.5,794218.186
2025-04-17 12:00:00+00:00,1592.51,1616.81,1562.26,1609.47,2208868.835
2025-04-17 18:00:00+00:00,1609.47,1615.0,1575.36,1582.84,1141449.231
2025-04-18 00:00:00+00:00,1582.84,1588.69,1572.65,1580.77,548591.191
2025-04-18 06:00:00+00:00,1580.76,1592.4,1575.03,1589.89,559319.312
2025-04-18 12:00:00+00:00,1589.9,1596.63,1577.56,1591.03,792182.096
2025-04-18 18:00:00+00:00,1591.03,1600.0,1586.27,1587.91,500371.138
2025-04-19 00:00:00+00:00,1587.91,1613.0,1584.01,1601.68,663508.436
2025-04-19 06:00:00+00:00,1601.68,1606.02,1593.23,1596.29,474798.227
2025-04-19 12:00:00+00:00,1596.29,1632.29,1594.38,1618.03,953656.171
2025-04-19 18:00:00+00:00,1618.03,1622.48,1610.21,1612.44,412008.275
2025-04-20 00:00:00+00:00,1612.45,1618.46,1607.2,1609.18,426787.426
2025-04-20 06:00:00+00:00,1609.17,1612.64,1564.69,1571.78,1319531.863
2025-04-20 12:00:00+00:00,1571.78,1583.39,1570.19,1578.65,674797.673
2025-04-20 18:00:00+00:00,1578.65,1600.0,1573.36,1586.56,679804.025
2025-04-21 00:00:00+00:00,1586.57,1657.12,1585.28,1647.53,2189678.174
2025-04-21 06:00:00+00:00,1647.54,1658.0,1617.04,1625.66,1222923.699
2025-04-21 12:00:00+00:00,1625.66,1641.39,1570.41,1577.72,2780492.944
2025-04-21 18:00:00+00:00,1577.71,1580.3,1560.62,1578.64,1276983.537
2025-04-22 00:00:00+00:00,1578.63,1593.23,1535.0,1582.94,1769933.81
2025-04-22 06:00:00+00:00,1582.95,1638.0,1573.84,1630.14,1997880.807
2025-04-22 12:00:00+00:00,1630.14,1725.93,1626.0,1699.62,4182239.118
2025-04-22 18:00:00+00:00,1699.62,1779.02,1683.0,1755.57,2357615.72
2025-04-23 00:00:00+00:00,1755.58,1817.98,1744.3,1796.68,2536804.995
2025-04-23 06:00:00+00:00,1796.68,1812.04,1773.1,1796.74,1693648.317
2025-04-23 12:00:00+00:00,1796.74,1838.0,1761.0,1799.99,3238615.441
2025-04-23 18:00:00+00:00,1799.99,1809.6,1773.43,1794.46,840454.367
2025-04-24 00:00:00+00:00,1794.45,1802.27,1757.06,1768.61,1141206.173
2025-04-24 06:00:00+00:00,1768.61,1775.39,1721.22,1754.05,1711719.427
2025-04-24 12:00:00+00:00,1754.04,1777.33,1743.12,1754.47,1747879.976
2025-04-24 18:00:00+00:00,1754.46,1774.17,1747.81,1768.8,646527.795
2025-04-25 00:00:00+00:00,1768.79,1789.88,1737.4,1766.62,1136662.261
2025-04-25 06:00:00+00:00,1766.63,1792.72,1763.08,1789.47,1272246.986
2025-04-25 12:00:00+00:00,1789.47,1826.91,1755.81,1784.8,2893990.171
2025-04-25 18:00:00+00:00,1784.81,1808.87,1783.0,1783.77,686210.758
2025-04-26 00:00:00+00:00,1783.76,1815.05,1783.76,1793.37,897168.411
2025-04-26 06:00:00+00:00,1793.37,1841.49,1777.31,1784.73,1645522.186
2025-04-26 12:00:00+00:00,1784.73,1806.64,1778.88,1803.78,843230.71
2025-04-26 18:00:00+00:00,1803.78,1830.78,1799.89,1820.0,579666.542
2025-04-27 00:00:00+00:00,1819.99,1857.0,1788.88,1797.74,1609470.365
2025-04-27 06:00:00+00:00,1797.74,1814.99,1796.13,1805.04,547969.545
2025-04-27 12:00:00+00:00,1805.03,1807.96,1780.25,1797.25,961377.14
2025-04-27 18:00:00+00:00,1797.26,1807.77,1783.1,1790.21,500738.556
2025-04-28 00:00:00+00:00,1790.22,1802.4,1750.99,1794.77,1503183.359
2025-04-28 06:00:00+00:00,1794.77,1826.71,1787.1,1815.0,1389964.466
2025-04-28 12:00:00+00:00,1815.0,1816.48,1742.15,1770.01,2191760.534
2025-04-28 18:00:00+00:00,1770.0,1806.87,1763.6,1799.22,1267820.328
2025-04-29 00:00:00+00:00,1799.21,1810.92,1786.68,1794.01,878364.772
2025-04-29 06:00:00+00:00,1794.01,1842.82,1793.31,1828.9,1583064.933
2025-04-29 12:00:00+00:00,1828.89,1832.58,1801.0,1824.33,1757100.928
2025-04-29 18:00:00+00:00,1824.34,1828.0,1779.36,1796.57,1096787.812
2025-04-30 00:00:00+00:00,1796.57,1812.48,1787.72,1805.27,779785.631
2025-04-30 06:00:00+00:00,1805.26,1816.0,1790.0,1814.79,762949.906
2025-04-30 12:00:00+00:00,1814.79,1815.48,1730.6,1774.7,2984082.63
2025-04-30 18:00:00+00:00,1774.71,1809.19,1772.08,1792.71,1099725.321
2025-05-01 00:00:00+00:00,1792.71,1818.18,1791.55,1812.7,817020.837
2025-05-01 06:00:00+00:00,1812.7,1858.73,1801.24,1844.79,1608602.956
2025-05-01 12:00:00+00:00,1844.79,1872.71,1823.47,1854.99,2235844.372
2025-05-01 18:00:00+00:00,1854.99,1857.82,1831.8,1837.19,699239.873
2025-05-02 00:00:00+00:00,1837.18,1850.86,1826.72,1831.06,759791.681
2025-05-02 06:00:00+00:00,1831.06,1836.59,1812.0,1832.39,1225926.563
2025-05-02 12:00:00+00:00,1832.39,1871.06,1822.13,1851.57,1810213.095
2025-05-02 18:00:00+00:00,1851.57,1854.9,1830.79,1841.22,534039.005
2025-05-03 00:00:00+00:00,1841.22,1842.44,1825.52,1832.44,423106.755
2025-05-03 06:00:00+00:00,1832.44,1832.65,1816.23,1823.35,791948.112
2025-05-03 12:00:00+00:00,1823.34,1839.27,1807.75,1823.02,918040.575
2025-05-03 18:00:00+00:00,1823.02,1848.0,1821.69,1832.55,668548.118
2025-05-04 00:00:00+00:00,1832.55,1849.53,1825.28,1844.99,787847.566
2025-05-04 06:00:00+00:00,1844.99,1848.51,1820.75,1826.69,812076.607
2025-05-04 12:00:00+00:00,1826.68,1833.07,1817.03,1826.99,648885.322
2025-05-04 18:00:00+00:00,1827.0,1841.76,1801.71,1807.87,806947.861
2025-05-05 00:00:00+00:00,1807.87,1818.0,1780.02,1815.72,1251031.361
2025-05-05 06:00:00+00:00,1815.72,1830.72,1797.0,1803.81,1231536.895
2025-05-05 12:00:00+00:00,1803.81,1817.03,1793.29,1813.86,1183228.298
2025-05-05 18:00:00+00:00,1813.85,1832.98,1797.79,1819.43,975558.811
2025-05-06 00:00:00+00:00,1819.43,1820.3,1791.57,1798.03,854951.942
2025-05-06 06:00:00+00:00,1798.03,1808.55,1755.71,1769.1,1296836.456
2025-05-06 12:00:00+00:00,1769.09,1779.08,1750.0,1767.0,1555755.673
2025-05-06 18:00:00+00:00,1766.99,1818.62,1764.39,1816.22,1636647.489
2025-05-07 00:00:00+00:00,1816.23,1850.0,1813.47,1827.6,1669713.679
2025-05-07 06:00:00+00:00,1827.6,1846.5,1825.62,1835.48,920211.295
2025-05-07 12:00:00+00:00,1835.48,1836.2,1787.5,1795.28,1535864.886
2025-05-07 18:00:00+00:00,1795.27,1824.73,1786.0,1810.14,1643418.103
2025-05-08 00:00:00+00:00,1810.13,1917.0,1807.72,1896.09,2647727.07
2025-05-08 06:00:00+00:00,1896.09,1968.29,1895.31,1956.65,2041891.348
2025-05-08 12:00:00+00:00,1956.65,2075.1,1952.57,2045.52,4406405.406
2025-05-08 18:00:00+00:00,2045.51,2227.0,2043.0,2206.54,4194147.899
2025-05-09 00:00:00+00:00,2206.53,2244.9,2183.59,2214.12,2268925.055
2025-05-09 06:00:00+00:00,2214.11,2490.75,2213.36,2350.76,7455031.947
2025-05-09 12:00:00+00:00,2350.75,2388.12,2270.0,2349.24,3367225.0
2025-05-09 18:00:00+00:00,2349.24,2351.9,2307.31,2344.3,833235.935
2025-05-10 00:00:00+00:00,2344.31,2379.99,2315.09,2352.24,995516.076
2025-05-10 06:00:00+00:00,2352.24,2435.0,2349.86,2383.75,2766998.505
2025-05-10 12:00:00+00:00,2383.75,2512.0,2383.75,2459.8,2908853.87
2025-05-10 18:00:00+00:00,2459.79,2600.76,2456.0,2581.91,2666386.296
2025-05-11 00:00:00+00:00,2581.9,2608.0,2498.79,2553.68,2203794.169
2025-05-11 06:00:00+00:00,2553.67,2554.99,2452.61,2529.36,2200815.34
2025-05-11 12:00:00+00:00,2529.36,2530.92,2434.89,2490.55,1981466.373
2025-05-11 18:00:00+00:00,2490.56,2527.71,2471.29,2513.48,1107668.679
2025-05-12 00:00:00+00:00,2513.48,2548.0,2490.0,2496.8,1267648.79
2025-05-12 06:00:00+00:00,2496.79,2624.84,2484.02,2529.34,3185281.7
2025-05-12 12:00:00+00:00,2529.32,2575.6,2463.57,2475.75,2896904.436
2025-05-12 18:00:00+00:00,2475.74,2499.34,2406.55,2494.16,1847225.939
2025-05-13 00:00:00+00:00,2494.16,2494.9,2414.36,2449.03,1487308.125
2025-05-13 06:00:00+00:00,2449.02,2524.97,2446.34,2512.26,1310354.375
2025-05-13 12:00:00+00:00,2512.25,2622.0,2490.13,2609.6,2991654.065
2025-05-13 18:00:00+00:00,2609.61,2738.62,2604.81,2678.59,2906862.442
2025-05-14 00:00:00+00:00,2678.58,2724.96,2620.8,2672.1,2072257.445
2025-05-14 06:00:00+00:00,2672.1,2676.74,2575.0,2624.16,1884043.119
2025-05-14 12:00:00+00:00,2624.16,2634.52,2545.0,2589.03,2100625.915
2025-05-14 18:00:00+00:00,2589.02,2616.82,2578.54,2608.74,857351.672
2025-05-15 00:00:00+00:00,2608.75,2646.1,2562.28,2566.94,1290155.368
2025-05-15 06:00:00+00:00,2566.93,2582.88,2513.8,2553.81,2072973.131
2025-05-15 12:00:00+00:00,2553.81,2603.52,2475.61,2570.58,3213072.277
2025-05-15 18:00:00+00:00,2570.58,2577.77,2510.49,2547.75,1539476.846
2025-05-16 00:00:00+00:00,2547.76,2596.09,2533.15,2593.53,1059267.833
2025-05-16 06:00:00+00:00,2593.53,2648.68,2556.65,2620.0,1902790.615
2025-05-16 12:00:00+00:00,2620.0,2622.39,2568.27,2576.94,1554402.268
2025-05-16 18:00:00+00:00,2576.94,2592.56,2527.14,2535.72,998364.406
2025-05-17 00:00:00+00:00,2535.71,2537.63,2450.62,2479.2,2204360.866
2025-05-17 06:00:00+00:00,2479.19,2505.26,2463.71,2480.54,926417.963
2025-05-17 12:00:00+00:00,2480.55,2485.76,2442.65,2469.11,1218056.776
2025-05-17 18:00:00+00:00,2469.1,2495.55,2451.28,2474.09,740028.415
2025-05-18 00:00:00+00:00,2474.09,2514.77,2466.74,2511.34,647490.017
2025-05-18 06:00:00+00:00,2511.34,2527.85,2491.0,2500.49,803809.082
2025-05-18 12:00:00+00:00,2500.49,2587.52,2481.5,2488.59,2627761.296
2025-05-18 18:00:00+00:00,2488.59,2510.2,2312.62,2496.98,4000003.869
2025-05-19 00:00:00+00:00,2496.98,2513.38,2351.0,2377.67,2511769.805
2025-05-19 06:00:00+00:00,2377.67,2422.11,2346.99,2416.34,1827613.795
2025-05-19 12:00:00+00:00,2416.33,2546.97,2383.0,2504.19,2949337.57
2025-05-19 18:00:00+00:00,2504.18,2534.09,2474.58,2526.87,1584173.421
2025-05-20 00:00:00+00:00,2526.87,2588.0,2509.52,2558.33,1847800.772
2025-05-20 06:00:00+00:00,2558.32,2560.62,2491.0,2513.32,1430655.699
2025-05-20 12:00:00+00:00,2513.32,2514.31,2463.0,2495.94,1820678.215
2025-05-20 18:00:00+00:00,2495.91,2540.47,2438.39,2523.09,1846828.946
2025-05-21 00:00:00+00:00,2523.08,2599.37,2506.31,2592.49,1432613.404
2025-05-21 06:00:00+00:00,2592.5,2615.46,2513.21,2535.67,2065180.345
2025-05-21 12:00:00+00:00,2535.67,2614.99,2450.72,2471.5,4773297.674
2025-05-21 18:00:00+00:00,2471.49,2598.53,2457.54,2550.26,2328955.353
2025-05-22 00:00:00+00:00,2550.26,2647.25,2543.37,2608.81,2162055.848
2025-05-22 06:00:00+00:00,2608.82,2692.61,2601.65,2649.71,2147124.168
2025-05-22 12:00:00+00:00,2649.72,2679.3,2618.59,2658.24,1853506.086
2025-05-22 18:00:00+00:00,2658.24,2669.73,2625.28,2663.72,822368.583
2025-05-23 00:00:00+00:00,2663.72,2734.3,2643.76,2695.91,2167658.593
2025-05-23 06:00:00+00:00,2695.91,2696.62,2550.0,2565.32,2536400.913
2025-05-23 12:00:00+00:00,2565.32,2591.19,2497.0,2575.77,3014141.313
2025-05-23 18:00:00+00:00,2575.77,2580.69,2502.1,2525.39,1343344.011
2025-05-24 00:00:00+00:00,2525.38,2562.33,2513.97,2549.97,749423.239
2025-05-24 06:00:00+00:00,2549.97,2574.5,2534.1,2562.14,756260.863
2025-05-24 12:00:00+00:00,2562.15,2564.37,2542.23,2556.53,638699.659
2025-05-24 18:00:00+00:00,2556.53,2566.4,2511.13,2529.27,608144.187
2025-05-25 00:00:00+00:00,2529.27,2538.38,2473.36,2511.72,1102722.119
2025-05-25 06:00:00+00:00,2511.73,2512.37,2457.6,2496.58,1051283.801
2025-05-25 12:00:00+00:00,2496.58,2524.99,2478.0,2512.4,1071851.039
2025-05-25 18:00:00+00:00,2512.39,2553.0,2506.08,2550.03,810889.574
2025-05-26 00:00:00+00:00,2550.03,2576.0,2535.0,2567.25,918711.041
2025-05-26 06:00:00+00:00,2567.26,2598.6,2552.47,2566.75,1007836.22
2025-05-26 12:00:00+00:00,2566.74,2573.62,2521.29,2532.44,1170001.502
2025-05-26 18:00:00+00:00,2532.44,2584.74,2526.75,2562.43,654285.575
2025-05-27 00:00:00+00:00,2562.42,2572.5,2508.0,2568.6,1089586.388
2025-05-27 06:00:00+00:00,2568.6,2654.1,2563.59,2651.98,2477313.54
2025-05-27 12:00:00+00:00,2651.97,2711.8,2632.42,2694.85,2387258.143
2025-05-27 18:00:00+00:00,2694.85,2707.56,2651.0,2659.84,987014.842
2025-05-28 00:00:00+00:00,2659.83,2660.85,2617.0,2638.65,947625.231
2025-05-28 06:00:00+00:00,2638.64,2658.94,2606.0,2655.99,1000714.037
2025-05-28 12:00:00+00:00,2655.99,2689.13,2612.0,2651.56,2091938.654
2025-05-28 18:00:00+00:00,2651.56,2686.0,2610.01,2680.4,1115855.485
2025-05-29 00:00:00+00:00,2680.4,2788.88,2669.43,2721.92,2796315.654
2025-05-29 06:00:00+00:00,2721.91,2744.0,2705.82,2714.84,1168141.449
2025-05-29 12:00:00+00:00,2714.84,2718.09,2620.26,2658.48,2591646.037
2025-05-29 18:00:00+00:00,2658.48,2672.85,2617.11,2630.3,1032254.815
2025-05-30 00:00:00+00:00,2630.3,2648.42,2556.0,2642.65,1760863.334
2025-05-30 06:00:00+00:00,2642.64,2644.03,2586.55,2620.69,1459105.845
2025-05-30 12:00:00+00:00,2620.7,2625.28,2530.0,2548.06,2382577.073
2025-05-30 18:00:00+00:00,2548.06,2589.45,2503.37,2529.63,1382301.09
2025-05-31 00:00:00+00:00,2529.62,2538.39,2474.0,2511.29,1580226.27
2025-05-31 06:00:00+00:00,2511.28,2537.97,2506.27,2518.6,614803.441
2025-05-31 12:00:00+00:00,2518.6,2550.0,2515.34,2526.23,853286.224
2025-05-31 18:00:00+00:00,2526.22,2550.0,2523.32,2527.08,398513.4
2025-06-01 00:00:00+00:00,2527.08,2529.67,2488.52,2517.45,738079.849
2025-06-01 06:00:00+00:00,2517.46,2518.1,2476.01,2496.32,698725.082
2025-06-01 12:00:00+00:00,2496.32,2547.0,2465.0,2537.88,1154364.314
2025-06-01 18:00:00+00:00,2537.88,2546.35,2491.56,2537.89,893702.484
2025-06-02 00:00:00+00:00,2537.89,2540.89,2482.0,2491.89,901335.424
2025-06-02 06:00:00+00:00,2491.89,2515.0,2472.74,2480.03,1103345.178
2025-06-02 12:00:00+00:00,2480.02,2556.34,2477.0,2548.89,1877047.438
2025-06-02 18:00:00+00:00,2548.89,2614.2,2522.88,2606.48,1393718.344
2025-06-03 00:00:00+00:00,2606.49,2649.0,2588.05,2613.3,1712258.435
2025-06-03 06:00:00+00:00,2613.3,2619.52,2593.47,2600.21,748952.537
2025-06-03 12:00:00+00:00,2600.21,2654.98,2596.36,2618.05,1754980.823
2025-06-03 18:00:00+00:00,2618.04,2627.77,2563.0,2592.16,975715.385
2025-06-04 00:00:00+00:00,2592.16,2644.17,2582.41,2623.66,1053373.613
2025-06-04 06:00:00+00:00,2623.65,2649.38,2620.21,2623.71,837261.21
2025-06-04 12:00:00+00:00,2623.71,2679.64,2593.2,2634.09,2441100.811
2025-06-04 18:00:00+00:00,2634.09,2641.34,2596.95,2606.62,952851.899
2025-06-05 00:00:00+00:00,2606.62,2633.76,2600.11,2612.08,725717.058
2025-06-05 06:00:00+00:00,2612.08,2617.16,2579.14,2606.64,981330.256
2025-06-05 12:00:00+00:00,2606.63,2640.0,2550.01,2569.22,2877175.075
2025-06-05 18:00:00+00:00,2569.21,2583.0,2390.0,2412.9,3908178.331
2025-06-06 00:00:00+00:00,2412.9,2464.6,2379.62,2458.72,1563067.794
2025-06-06 06:00:00+00:00,2458.71,2492.03,2448.01,2474.93,1151423.782
2025-06-06 12:00:00+00:00,2474.93,2529.67,2465.66,2498.4,2110486.564
2025-06-06 18:00:00+00:00,2498.41,2506.44,2471.51,2475.38,594041.403
2025-06-07 00:00:00+00:00,2475.38,2495.5,2455.85,2492.96,749949.596
2025-06-07 06:00:00+00:00,2492.97,2501.15,2480.25,2494.22,544438.182
2025-06-07 12:00:00+00:00,2494.23,2524.9,2491.28,2506.99,863912.27
2025-06-07 18:00:00+00:00,2506.99,2545.0,2506.26,2523.4,534614.713
2025-06-08 00:00:00+00:00,2523.41,2525.0,2507.25,2510.48,421698.949
2025-06-08 06:00:00+00:00,2510.49,2520.19,2483.28,2512.29,664148.526
2025-06-08 12:00:00+00:00,2512.29,2533.94,2498.68,2522.21,727951.646
2025-06-08 18:00:00+00:00,2522.21,2548.02,2497.41,2508.32,819153.418
2025-06-09 00:00:00+00:00,2508.31,2510.64,2475.83,2479.51,795094.065
2025-06-09 06:00:00+00:00,2479.51,2546.98,2476.32,2540.74,1370487.206
2025-06-09 12:00:00+00:00,2540.75,2575.36,2507.98,2570.34,1643654.645
2025-06-09 18:00:00+00:00,2570.34,2693.2,2566.89,2679.12,1763307.39
2025-06-10 00:00:00+00:00,2679.13,2726.83,2663.69,2669.86,1794524.33
2025-06-10 06:00:00+00:00,2669.86,2798.72,2655.0,2772.99,2181267.474
2025-06-10 12:00:00+00:00,2772.99,2778.5,2688.53,2739.96,2708638.038
2025-06-10 18:00:00+00:00,2739.96,2827.0,2730.01,2815.74,2145727.673
2025-06-11 00:00:00+00:00,2815.74,2834.23,2771.14,2792.84,1154113.452
2025-06-11 06:00:00+00:00,2792.84,2801.26,2753.01,2771.82,992712.78
2025-06-11 12:00:00+00:00,2771.82,2879.0,2762.88,2828.63,3649065.024
2025-06-11 18:00:00+00:00,2828.63,2832.45,2742.57,2770.34,2117987.313
2025-06-12 00:00:00+00:00,2770.35,2783.9,2745.01,2764.0,1160419.82
2025-06-12 06:00:00+00:00,2764.0,2775.75,2718.46,2728.76,1388651.755
2025-06-12 12:00:00+00:00,2728.76,2772.52,2710.78,2760.86,2198501.598
2025-06-12 18:00:00+00:00,2760.86,2762.7,2614.24,2641.38,2658321.094
2025-06-13 00:00:00+00:00,2641.38,2644.32,2433.8,2505.45,5389812.59
2025-06-13 06:00:00+00:00,2505.46,2544.87,2490.78,2543.93,1987828.726
2025-06-13 12:00:00+00:00,2543.93,2585.0,2502.65,2542.1,2757262.689
2025-06-13 18:00:00+00:00,2542.11,2582.16,2508.7,2578.09,1030978.991
2025-06-14 00:00:00+00:00,2578.1,2578.18,2545.83,2550.82,616212.443
2025-06-14 06:00:00+00:00,2550.82,2555.25,2517.33,2537.0,792255.99
2025-06-14 12:00:00+00:00,2537.01,2545.4,2486.68,2510.48,1241688.896
2025-06-14 18:00:00+00:00,2510.48,2539.16,2487.32,2529.66,915167.054
2025-06-15 00:00:00+00:00,2529.66,2551.98,2523.78,2550.24,593239.536
2025-06-15 06:00:00+00:00,2550.24,2552.23,2507.38,2515.19,788567.779
2025-06-15 12:00:00+00:00,2515.19,2559.76,2514.79,2552.51,1084404.237
2025-06-15 18:00:00+00:00,2552.51,2553.5,2490.38,2546.32,1031970.138
2025-06-16 00:00:00+00:00,2546.32,2620.74,2513.38,2606.25,1578281.244
2025-06-16 06:00:00+00:00,2606.25,2637.7,2591.62,2615.81,1429494.631
2025-06-16 12:00:00+00:00,2615.8,2656.51,2603.34,2632.74,1518806.261
2025-06-16 18:00:00+00:00,2632.75,2680.0,2533.1,2543.12,2575067.86
2025-06-17 00:00:00+00:00,2543.11,2617.74,2524.0,2578.9,2012036.439
2025-06-17 06:00:00+00:00,2578.9,2587.67,2540.65,2551.25,1104468.235
2025-06-17 12:00:00+00:00,2551.26,2567.39,2451.97,2465.77,3142484.135
2025-06-17 18:00:00+00:00,2465.76,2542.71,2463.0,2508.99,1745132.179
2025-06-18 00:00:00+00:00,2508.99,2545.1,2505.0,2535.92,774345.627
2025-06-18 06:00:00+00:00,2535.92,2547.35,2487.45,2512.59,1365099.526
2025-06-18 12:00:00+00:00,2512.6,2537.99,2465.0,2495.32,2772353.623
2025-06-18 18:00:00+00:00,2495.33,2536.75,2470.0,2523.49,1781906.892
2025-06-19 00:00:00+00:00,2523.5,2546.29,2505.52,2520.92,809012.941
2025-06-19 06:00:00+00:00,2520.92,2544.0,2515.36,2530.62,698773.42
2025-06-19 12:00:00+00:00,2530.61,2536.38,2483.58,2507.44,1438142.836
2025-06-19 18:00:00+00:00,2507.44,2531.85,2496.66,2520.18,720817.484
2025-06-20 00:00:00+00:00,2520.17,2530.58,2502.44,2514.69,615732.75
2025-06-20 06:00:00+00:00,2514.68,2568.56,2514.57,2548.68,1573653.901
2025-06-20 12:00:00+00:00,2548.68,2558.63,2363.88,2417.86,3854789.558
2025-06-20 18:00:00+00:00,2417.86,2437.2,2380.0,2405.42,1679995.578
2025-06-21 00:00:00+00:00,2405.43,2431.44,2394.66,2422.81,689337.846
2025-06-21 06:00:00+00:00,2422.81,2447.96,2418.65,2441.43,701774.998
2025-06-21 12:00:00+00:00,2441.43,2444.1,2395.27,2398.07,1167420.68
2025-06-21 18:00:00+00:00,2398.08,2410.9,2213.07,2294.63,3789247.925
2025-06-22 00:00:00+00:00,2294.64,2312.96,2243.19,2287.67,2579527.654
2025-06-22 06:00:00+00:00,2287.68,2297.4,2233.34,2272.0,1497872.376
2025-06-22 12:00:00+00:00,2272.0,2286.64,2155.1,2191.57,4610501.101
2025-06-22 18:00:00+00:00,2191.57,2236.0,2111.0,2226.33,2288525.247
2025-06-23 00:00:00+00:00,2226.33,2259.37,2221.0,2245.32,1025544.065
2025-06-23 06:00:00+00:00,2245.32,2277.77,2232.48,2252.16,1326637.122
2025-06-23 12:00:00+00:00,2252.17,2317.0,2187.01,2273.71,4336762.9
2025-06-23 18:00:00+00:00,2273.72,2440.0,2271.91,2410.39,3430657.95
2025-06-24 00:00:00+00:00,2410.4,2423.33,2388.05,2418.75,1279323.087
2025-06-24 06:00:00+00:00,2418.74,2450.0,2374.9,2408.3,2089972.433
2025-06-24 12:00:00+00:00,2408.3,2481.28,2401.46,2456.49,2455136.426
2025-06-24 18:00:00+00:00,2456.5,2462.17,2416.0,2447.58,848178.026
2025-06-25 00:00:00+00:00,2447.58,2467.84,2422.77,2428.01,942623.277
2025-06-25 06:00:00+00:00,2428.01,2449.93,2405.06,2427.96,1201299.689
2025-06-25 12:00:00+00:00,2427.93,2445.87,2388.23,2421.49,2118657.621
2025-06-25 18:00:00+00:00,2421.48,2455.27,2406.69,2417.28,737544.626
2025-06-26 00:00:00+00:00,2417.28,2520.0,2415.68,2474.73,1703509.36
2025-06-26 06:00:00+00:00,2474.73,2499.85,2438.0,2449.23,1218531.753
2025-06-26 12:00:00+00:00,2449.23,2458.93,2408.01,2419.48,1818065.752
2025-06-26 18:00:00+00:00,2419.49,2456.58,2392.12,2414.54,964887.647
2025-06-27 00:00:00+00:00,2414.59,2452.32,2377.0,2438.17,1087940.045
2025-06-27 06:00:00+00:00,2438.17,2463.38,2433.99,2446.26,933605.702
2025-06-27 12:00:00+00:00,2446.27,2456.33,2394.19,2403.49,1564266.197
2025-06-27 18:00:00+00:00,2403.49,2429.0,2387.01,2422.06,789670.55
2025-06-28 00:00:00+00:00,2422.07,2427.83,2404.75,2420.99,413358.088
2025-06-28 06:00:00+00:00,2420.99,2433.0,2418.29,2426.26,342385.583
2025-06-28 12:00:00+00:00,2426.26,2447.42,2418.75,2443.13,505577.653
2025-06-28 18:00:00+00:00,2443.13,2443.78,2425.8,2434.8,272590.435
2025-06-29 00:00:00+00:00,2434.8,2441.68,2423.12,2432.57,264486.177
2025-06-29 06:00:00+00:00,2432.57,2463.96,2431.3,2460.82,696240.803
2025-06-29 12:00:00+00:00,2460.81,2462.14,2428.0,2437.94,672099.136
2025-06-29 18:00:00+00:00,2437.93,2524.41,2406.45,2499.25,1433969.084
2025-06-30 00:00:00+00:00,2499.25,2523.43,2490.65,2501.9,851869.512
2025-06-30 06:00:00+00:00,2501.9,2502.94,2445.2,2457.19,1474984.626
2025-06-30 12:00:00+00:00,2457.19,2497.9,2431.87,2486.75,1830915.752
2025-06-30 18:00:00+00:00,2486.75,2521.59,2478.29,2484.3,1014716.815
2025-07-01 00:00:00+00:00,2484.3,2499.6,2450.0,2459.98,862623.807
2025-07-01 06:00:00+00:00,2459.97,2468.23,2441.14,2448.14,853135.43
2025-07-01 12:00:00+00:00,2448.13,2455.3,2405.05,2431.19,1690834.645
2025-07-01 18:00:00+00:00,2431.19,2432.35,2383.33,2403.65,1099582.148
2025-07-02 00:00:00+00:00,2403.66,2446.43,2367.53,2443.18,1099516.859
2025-07-02 06:00:00+00:00,2443.19,2460.0,2437.31,2444.53,893789.374
2025-07-02 12:00:00+00:00,2444.53,2588.73,2430.42,2565.98,3211392.922
2025-07-02 18:00:00+00:00,2565.98,2618.2,2562.55,2569.37,1404367.614
2025-07-03 00:00:00+00:00,2569.37,2600.65,2555.25,2588.3,1025113.271
2025-07-03 06:00:00+00:00,2588.31,2616.0,2580.24,2596.25,1122538.539
2025-07-03 12:00:00+00:00,2596.25,2635.0,2563.75,2576.02,2598070.864
2025-07-03 18:00:00+00:00,2576.03,2602.76,2572.88,2590.17,523034.57
2025-07-04 00:00:00+00:00,2590.18,2601.96,2562.25,2567.74,716883.694
2025-07-04 06:00:00+00:00,2567.74,2569.0,2525.77,2548.01,1462909.943
2025-07-04 12:00:00+00:00,2548.01,2554.84,2473.07,2495.77,2152049.821
2025-07-04 18:00:00+00:00,2495.77,2519.6,2473.33,2506.86,701828.262
2025-07-05 00:00:00+00:00,2506.87,2524.73,2496.79,2518.57,465667.359
2025-07-05 06:00:00+00:00,2518.57,2528.86,2507.65,2516.82,481806.356
2025-07-05 12:00:00+00:00,2516.82,2520.96,2490.0,2502.76,644514.554
2025-07-05 18:00:00+00:00,2502.77,2521.74,2486.31,2515.25,419824.742
2025-07-06 00:00:00+00:00,2515.25,2519.82,2507.45,2509.81,247570.48
2025-07-06 06:00:00+00:00,2509.81,2526.09,2502.25,2514.73,551979.185
2025-07-06 12:00:00+00:00,2514.72,2569.4,2510.56,2546.28,1517727.377
2025-07-06 18:00:00+00:00,2546.28,2607.08,2522.69,2569.14,1282888.121
2025-07-07 00:00:00+00:00,2569.14,2589.88,2549.03,2568.27,767880.288
2025-07-07 06:00:00+00:00,2568.26,2587.73,2551.23,2561.83,865285.546
2025-07-07 12:00:00+00:00,2561.83,2568.0,2505.37,2532.26,2196973.026
2025-07-07 18:00:00+00:00,2532.26,2557.0,2519.2,2541.37,737718.913
2025-07-08 00:00:00+00:00,2541.36,2553.82,2522.07,2550.99,673236.248
2025-07-08 06:00:00+00:00,2551.0,2584.99,2542.0,2573.88,1013126.474
2025-07-08 12:00:00+00:00,2573.88,2627.83,2556.36,2615.63,2067643.222
2025-07-08 18:00:00+00:00,2615.64,2624.91,2595.31,2613.97,720450.3
2025-07-09 00:00:00+00:00,2613.97,2649.0,2588.49,2626.77,1127791.907
2025-07-09 06:00:00+00:00,2626.77,2633.54,2602.54,2624.94,1008199.955
2025-07-09 12:00:00+00:00,2624.95,2674.5,2622.63,2660.59,2142866.392
2025-07-09 18:00:00+00:00,2660.59,2795.73,2660.08,2767.7,2990321.541
2025-07-10 00:00:00+00:00,2767.69,2798.0,2754.08,2780.22,932296.563
2025-07-10 06:00:00+00:00,2780.22,2822.23,2771.08,2777.38,1485547.803
2025-07-10 12:00:00+00:00,2777.38,2834.48,2756.72,2828.71,2544246.538
2025-07-10 18:00:00+00:00,2828.72,3010.44,2793.16,2950.62,3614281.178
2025-07-11 00:00:00+00:00,2950.61,3028.48,2913.72,3003.9,2027394.152
2025-07-11 06:00:00+00:00,3003.89,3040.95,2960.51,2983.22,2484103.667
2025-07-11 12:00:00+00:00,2983.22,3008.9,2935.05,2992.5,2375690.397
2025-07-11 18:00:00+00:00,2992.5,3009.55,2921.98,2956.93,1269130.465
2025-07-12 00:00:00+00:00,2956.94,2969.96,2929.13,2951.58,616385.225
2025-07-12 06:00:00+00:00,2951.58,2979.0,2943.72,2962.54,610303.845
2025-07-12 12:00:00+00:00,2962.55,2967.08,2902.8,2939.92,1618758.698
2025-07-12 18:00:00+00:00,2939.92,2947.0,2913.54,2941.87,433574.882
2025-07-13 00:00:00+00:00,2941.88,2963.0,2934.88,2949.26,523489.001
2025-07-13 06:00:00+00:00,2949.26,2967.89,2943.05,2963.32,522312.185
2025-07-13 12:00:00+00:00,2963.32,3019.52,2957.87,2990.66,1549384.379
2025-07-13 18:00:00+00:00,2990.65,3009.78,2930.0,2970.37,907930.361
2025-07-14 00:00:00+00:00,2970.37,3066.0,2961.44,3039.0,1981944.294
2025-07-14 06:00:00+00:00,3038.99,3083.0,3018.64,3051.1,1923134.166
2025-07-14 12:00:00+00:00,3051.1,3067.61,2990.69,3007.69,2039242.67
2025-07-14 18:00:00+00:00,3007.69,3017.75,2980.0,3012.26,712447.509
2025-07-15 00:00:00+00:00,3012.26,3022.5,2930.99,2973.45,1903462.835
2025-07-15 06:00:00+00:00,2973.44,2994.34,2958.0,2980.17,979012.932
2025-07-15 12:00:00+00:00,2980.16,3098.0,2965.78,3096.41,3837238.762
2025-07-15 18:00:00+00:00,3096.4,3144.48,3029.37,3137.62,1975948.008
2025-07-16 00:00:00+00:00,3137.62,3153.84,3099.6,3141.89,1382437.662
2025-07-16 06:00:00+00:00,3141.88,3174.0,3131.26,3149.9,1193983.773
2025-07-16 12:00:00+00:00,3149.9,3324.05,3146.26,3316.14,3916970.946
2025-07-16 18:00:00+00:00,3316.13,3423.47,3313.0,3370.55,2910893.286
2025-07-17 00:00:00+00:00,3370.54,3398.56,3311.0,3373.24,1500919.99
2025-07-17 06:00:00+00:00,3373.25,3482.62,3362.65,3434.69,2572121.321
2025-07-17 12:00:00+00:00,3434.68,3441.21,3362.0,3423.8,2492959.596
2025-07-17 18:00:00+00:00,3423.8,3524.0,3370.66,3476.65,2265515.392
2025-07-18 00:00:00+00:00,3476.66,3674.43,3458.0,3670.04,2910034.703
2025-07-18 06:00:00+00:00,3670.04,3670.31,3584.0,3612.0,1811473.004
2025-07-18 12:00:00+00:00,3612.01,3673.72,3530.55,3599.91,3209961.899
2025-07-18 18:00:00+00:00,3599.92,3607.05,3476.1,3546.36,2008740.255
2025-07-19 00:00:00+00:00,3546.36,3608.0,3505.0,3584.82,998287.308
2025-07-19 06:00:00+00:00,3584.81,3586.22,3536.78,3551.9,772231.617
2025-07-19 12:00:00+00:00,3551.89,3572.0,3525.72,3542.12,929541.119
2025-07-19 18:00:00+00:00,3542.12,3598.0,3536.08,3591.31,751484.373
2025-07-20 00:00:00+00:00,3591.32,3695.0,3578.05,3646.47,1453716.736
2025-07-20 06:00:00+00:00,3646.46,3770.0,3638.0,3755.7,1798887.841
2025-07-20 12:00:00+00:00,3755.7,3826.0,3724.0,3738.22,2384549.115
2025-07-20 18:00:00+00:00,3738.23,3771.88,3680.0,3755.67,1598188.66
2025-07-21 00:00:00+00:00,3755.68,3783.92,3700.19,3782.0,1155907.754
2025-07-21 06:00:00+00:00,3782.0,3838.0,3755.06,3808.8,1664149.656
2025-07-21 12:00:00+00:00,3808.88,3857.82,3735.3,3768.62,2645327.633
2025-07-21 18:00:00+00:00,3768.62,3798.98,3716.35,3760.96,1207194.268
2025-07-22 00:00:00+00:00,3760.95,3798.58,3651.0,3689.61,2242068.944
2025-07-22 06:00:00+00:00,3689.62,3719.38,3616.53,3704.39,2116437.183
2025-07-22 12:00:00+00:00,3704.4,3750.0,3626.0,3699.11,2445022.75
2025-07-22 18:00:00+00:00,3699.12,3751.61,3654.54,3746.01,1128257.329
2025-07-23 00:00:00+00:00,3746.02,3764.08,3700.02,3713.02,1160496.68
2025-07-23 06:00:00+00:00,3713.02,3715.0,3638.77,3670.91,1336968.934
2025-07-23 12:00:00+00:00,3670.9,3680.03,3553.0,3586.93,2963815.216
2025-07-23 18:00:00+00:00,3586.93,3634.98,3526.5,3627.49,1500903.547
2025-07-24 00:00:00+00:00,3627.5,3664.87,3555.0,3555.02,1413648.278
2025-07-24 06:00:00+00:00,3555.02,3660.0,3505.0,3654.32,2392488.657
2025-07-24 12:00:00+00:00,3654.33,3772.63,3611.11,3723.81,2847894.739
2025-07-24 18:00:00+00:00,3723.82,3753.65,3693.71,3706.2,1131837.941
2025-07-25 00:00:00+00:00,3706.22,3707.46,3570.13,3632.15,2389954.597
2025-07-25 06:00:00+00:00,3632.16,3746.42,3597.6,3720.0,2190183.834
2025-07-25 12:00:00+00:00,3720.01,3734.43,3600.0,3634.64,1958954.411
2025-07-25 18:00:00+00:00,3634.64,3729.53,3633.72,3724.17,874264.363
2025-07-26 00:00:00+00:00,3724.18,3766.83,3694.56,3746.69,848302.884
2025-07-26 06:00:00+00:00,3746.69,3783.62,3725.0,3738.44,958082.891
2025-07-26 12:00:00+00:00,3738.43,3753.0,3714.14,3722.35,712220.614
2025-07-26 18:00:00+00:00,3722.35,3795.2,3705.92,3740.0,809223.679
2025-07-27 00:00:00+00:00,3740.0,3810.28,3728.36,3789.84,742845.291
2025-07-27 06:00:00+00:00,3789.83,3840.0,3747.32,3814.16,1201656.777
2025-07-27 12:00:00+00:00,3814.17,3850.0,3790.61,3837.43,1157559.034
2025-07-27 18:00:00+00:00,3837.43,3878.53,3814.49,3871.47,959274.656
2025-07-28 00:00:00+00:00,3871.48,3940.81,3841.69,3929.11,1627413.999
2025-07-28 06:00:00+00:00,3929.1,3933.63,3856.61,3878.59,1184138.458
2025-07-28 12:00:00+00:00,3878.59,3888.8,3770.01,3783.22,2328941.092
2025-07-28 18:00:00+00:00,3783.23,3805.0,3751.03,3796.0,1150297.377
2025-07-29 00:00:00+00:00,3795.99,3819.99,3727.21,3805.86,1288763.819
2025-07-29 06:00:00+00:00,3805.87,3885.43,3800.0,3824.65,1694290.746
2025-07-29 12:00:00+00:00,3824.64,3874.97,3712.24,3768.06,2663174.734
2025-07-29 18:00:00+00:00,3768.05,3799.78,3740.0,3791.55,900014.86
2025-07-30 00:00:00+00:00,3791.55,3827.99,3753.69,3808.47,898481.594
2025-07-30 06:00:00+00:00,3808.47,3832.61,3742.0,3756.61,1161778.994
2025-07-30 12:00:00+00:00,3756.61,3830.94,3747.47,3803.63,1463547.747
2025-07-30 18:00:00+00:00,3803.62,3821.36,3670.0,3808.67,2234980.403
2025-07-31 00:00:00+00:00,3808.67,3870.0,3799.78,3857.94,972329.265
2025-07-31 06:00:00+00:00,3857.94,3878.0,3824.05,3836.87,700269.669
2025-07-31 12:00:00+00:00,3836.87,3844.01,3760.16,3774.17,2005701.156
2025-07-31 18:00:00+00:00,3774.17,3787.12,3682.23,3696.58,1719034.666
2025-08-01 00:00:00+00:00,3696.57,3722.9,3613.67,3673.28,2065047.353
2025-08-01 06:00:00+00:00,3673.28,3681.11,3583.44,3641.04,1746410.615
2025-08-01 12:00:00+00:00,3641.04,3674.84,3561.0,3570.28,2798582.019
2025-08-01 18:00:00+00:00,3570.27,3584.54,3428.86,3486.42,2583532.28
2025-08-02 00:00:00+00:00,3486.41,3536.48,3476.57,3517.92,772889.181
2025-08-02 06:00:00+00:00,3517.91,3523.0,3453.14,3506.93,1347927.579
2025-08-02 12:00:00+00:00,3506.93,3516.48,3412.77,3422.85,1531471.742
2025-08-02 18:00:00+00:00,3422.85,3442.49,3366.5,3392.42,1771777.988
2025-08-03 00:00:00+00:00,3392.42,3454.61,3353.51,3443.57,1052258.717
2025-08-03 06:00:00+00:00,3443.56,3514.0,3435.31,3483.4,854707.728
2025-08-03 12:00:00+00:00,3483.41,3502.68,3452.79,3488.41,907464.259
2025-08-03 18:00:00+00:00,3488.41,3520.97,3479.61,3495.0,613100.523
2025-08-04 00:00:00+00:00,3495.01,3575.0,3489.28,3531.8,1121689.782
2025-08-04 06:00:00+00:00,3531.8,3573.63,3518.36,3554.0,767637.234
2025-08-04 12:00:00+00:00,3554.01,3716.93,3549.16,3679.58,2417189.754
2025-08-04 18:00:00+00:00,3679.58,3735.0,3658.9,3719.42,1009995.623
2025-08-05 00:00:00+00:00,3719.41,3720.1,3642.32,3662.77,930288.715
2025-08-05 06:00:00+00:00,3662.76,3692.3,3598.74,3672.58,1535617.931
2025-08-05 12:00:00+00:00,3672.58,3678.89,3555.0,3603.83,2462965.098
2025-08-05 18:00:00+00:00,3603.82,3623.98,3542.58,3610.19,886296.402
2025-08-06 00:00:00+00:00,3610.19,3661.4,3562.34,3637.19,1059928.737
2025-08-06 06:00:00+00:00,3637.2,3648.0,3608.0,3618.16,844285.802
2025-08-06 12:00:00+00:00,3618.15,3685.33,3571.05,3680.75,1660719.714
2025-08-06 18:00:00+00:00,3680.75,3697.39,3648.19,3681.21,634102.933
2025-08-07 00:00:00+00:00,3681.21,3716.38,3645.78,3685.89,770888.532
2025-08-07 06:00:00+00:00,3685.89,3841.45,3685.0,3825.66,1943171.44
2025-08-07 12:00:00+00:00,3825.67,3864.54,3777.14,3827.91,1925235.862
2025-08-07 18:00:00+00:00,3827.89,3926.38,3805.85,3908.4,1297806.392
2025-08-08 00:00:00+00:00,3908.4,3968.81,3876.7,3900.23,1530329.106
2025-08-08 06:00:00+00:00,3900.23,3927.0,3883.11,3916.29,740167.626
2025-08-08 12:00:00+00:00,3916.28,4034.0,3890.06,4031.83,2733146.958
2025-08-08 18:00:00+00:00,4031.84,4070.0,4005.52,4009.05,1141699.167
2025-08-09 00:00:00+00:00,4009.04,4220.0,4005.02,4180.74,1924132.745
2025-08-09 06:00:00+00:00,4180.74,4248.87,4141.17,4189.39,1643062.341
2025-08-09 12:00:00+00:00,4189.39,4238.43,4152.57,4233.28,1390616.61
2025-08-09 18:00:00+00:00,4233.27,4325.24,4218.58,4259.1,1590221.034
2025-08-10 00:00:00+00:00,4259.11,4331.99,4205.0,4219.14,1634969.271
2025-08-10 06:00:00+00:00,4219.15,4235.45,4161.02,4179.11,1336828.428
2025-08-10 12:00:00+00:00,4179.11,4247.32,4160.0,4222.9,975550.29
2025-08-10 18:00:00+00:00,4222.91,4257.96,4184.05,4248.77,797776.662
2025-08-11 00:00:00+00:00,4248.77,4349.67,4236.36,4304.34,1651189.93
2025-08-11 06:00:00+00:00,4304.33,4310.67,4168.03,4183.51,1395230.278
2025-08-11 12:00:00+00:00,4183.51,4370.0,4164.23,4292.29,3032985.87
2025-08-11 18:00:00+00:00,4292.28,4307.5,4185.6,4221.31,1201232.267
2025-08-12 00:00:00+00:00,4221.31,4320.63,4216.61,4283.74,1117452.371
2025-08-12 06:00:00+00:00,4283.75,4332.74,4255.56,4289.35,1092441.036
2025-08-12 12:00:00+00:00,4289.35,4505.0,4276.1,4498.55,4086970.04
2025-08-12 18:00:00+00:00,4498.55,4640.0,4475.46,4589.31,2181853.716
2025-08-13 00:00:00+00:00,4589.31,4682.0,4562.59,4630.73,1703421.408
2025-08-13 06:00:00+00:00,4630.73,4716.0,4605.9,4689.37,1478025.846
2025-08-13 12:00:00+00:00,4689.38,4738.78,4613.11,4725.52,3011442.278
2025-08-13 18:00:00+00:00,4725.53,4783.62,4687.82,4748.37,1767142.953
2025-08-14 00:00:00+00:00,4748.36,4788.78,4706.0,4732.01,1354181.356
2025-08-14 06:00:00+00:00,4732.01,4794.0,4669.0,4719.0,1795406.301
2025-08-14 12:00:00+00:00,4718.99,4736.99,4455.0,4547.84,5762995.025
2025-08-14 18:00:00+00:00,4547.85,4572.46,4451.0,4545.26,1529976.988
2025-08-15 00:00:00+00:00,4545.26,4647.99,4535.27,4617.11,1118459.459
2025-08-15 06:00:00+00:00,4617.1,4666.0,4610.65,4632.4,891933.132
2025-08-15 12:00:00+00:00,4632.41,4670.23,4371.0,4437.02,4074153.569
2025-08-15 18:00:00+00:00,4437.02,4489.3,4364.0,4437.16,1335786.981
2025-08-16 00:00:00+00:00,4437.15,4488.33,4416.5,4419.68,841999.428
2025-08-16 06:00:00+00:00,4419.68,4462.24,4370.0,4385.89,1137601.711
2025-08-16 12:00:00+00:00,4385.9,4426.74,4373.0,4402.76,785250.32
2025-08-16 18:00:00+00:00,4402.75,4440.0,4396.63,4420.22,422103.389
2025-08-17 00:00:00+00:00,4420.22,4488.82,4392.45,4468.47,771892.971
2025-08-17 06:00:00+00:00,4468.48,4574.95,4441.41,4549.58,1239724.139
2025-08-17 12:00:00+00:00,4549.59,4564.59,4501.0,4521.65,966626.913
2025-08-17 18:00:00+00:00,4521.65,4532.15,4417.17,4470.66,1167885.153
2025-08-18 00:00:00+00:00,4470.66,4480.0,4257.66,4311.74,2807331.822
2025-08-18 06:00:00+00:00,4311.75,4322.0,4224.1,4272.91,2210112.596
2025-08-18 12:00:00+00:00,4272.9,4380.0,4269.14,4341.36,2231996.52
2025-08-18 18:00:00+00:00,4341.35,4386.21,4302.36,4311.73,983544.821
2025-08-19 00:00:00+00:00,4311.72,4354.22,4192.01,4228.88,1838275.448
2025-08-19 06:00:00+00:00,4228.88,4315.71,4202.29,4307.3,1099140.638
2025-08-19 12:00:00+00:00,4307.29,4340.0,4131.61,4184.26,3072757.632
2025-08-19 18:00:00+00:00,4184.27,4185.98,4064.96,4073.94,1630938.468
2025-08-20 00:00:00+00:00,4073.93,4182.48,4060.0,4180.99,1421208.882
2025-08-20 06:00:00+00:00,4180.99,4240.0,4146.24,4193.49,1503301.626
2025-08-20 12:00:00+00:00,4193.48,4363.0,4104.33,4341.76,3372124.196
2025-08-20 18:00:00+00:00,4341.76,4376.13,4261.0,4334.5,1373374.806
2025-08-21 00:00:00+00:00,4334.5,4338.94,4275.64,4316.0,939814.029
2025-08-21 06:00:00+00:00,4316.0,4316.5,4254.35,4277.01,1002195.793
2025-08-21 12:00:00+00:00,4277.0,4327.46,4206.0,4240.07,2119249.789
2025-08-21 18:00:00+00:00,4240.07,4273.17,4202.0,4223.7,876109.691
2025-08-22 00:00:00+00:00,4223.69,4313.51,4220.08,4289.06,943294.271
2025-08-22 06:00:00+00:00,4289.06,4352.97,4271.1,4272.72,1323263.531
2025-08-22 12:00:00+00:00,4272.71,4848.55,4206.0,4798.28,7418249.755
2025-08-22 18:00:00+00:00,4798.29,4888.49,4751.18,4830.37,2299476.076
2025-08-23 00:00:00+00:00,4830.36,4830.37,4662.25,4749.87,1790764.362
2025-08-23 06:00:00+00:00,4749.87,4761.69,4688.95,4703.6,824850.47
2025-08-23 12:00:00+00:00,4703.61,4769.0,4691.36,4748.01,958387.661
2025-08-23 18:00:00+00:00,4748.01,4797.24,4736.0,4777.26,423277.168
2025-08-24 00:00:00+00:00,4777.25,4816.55,4752.13,4782.23,681630.794
2025-08-24 06:00:00+00:00,4782.23,4785.94,4717.68,4745.95,813156.524
2025-08-24 12:00:00+00:00,4745.95,4935.98,4736.85,4903.27,1619121.644
2025-08-24 18:00:00+00:00,4903.28,4957.67,4702.47,4778.32,3247486.889
2025-08-25 00:00:00+00:00,4778.33,4796.8,4667.24,4703.47,1399000.342
2025-08-25 06:00:00+00:00,4703.48,4706.9,4518.0,4598.0,2432719.479
2025-08-25 12:00:00+00:00,4597.99,4683.26,4562.42,4585.23,2293080.096
2025-08-25 18:00:00+00:00,4585.22,4595.51,4331.15,4374.25,2979677.008
2025-08-26 00:00:00+00:00,4374.25,4449.55,4310.0,4428.18,1661356.322
2025-08-26 06:00:00+00:00,4428.18,4465.0,4391.61,4425.57,1094057.942
2025-08-26 12:00:00+00:00,4425.57,4576.31,4403.01,4519.28,2920487.399
2025-08-26 18:00:00+00:00,4519.29,4632.92,4518.72,4598.49,1157222.052
2025-08-27 00:00:00+00:00,4598.5,4643.93,4538.0,4612.01,1155747.453
2025-08-27 06:00:00+00:00,4612.01,4618.76,4553.0,4606.37,1031081.27
2025-08-27 12:00:00+00:00,4606.37,4662.5,4572.9,4629.58,1887195.59
2025-08-27 18:00:00+00:00,4629.58,4641.95,4479.01,4504.84,1692594.401
2025-08-28 00:00:00+00:00,4504.86,4585.99,4465.0,4568.13,933518.392
2025-08-28 06:00:00+00:00,4568.13,4633.12,4552.68,4592.72,833369.112
2025-08-28 12:00:00+00:00,4592.72,4612.93,4456.01,4488.01,1798646.107
2025-08-28 18:00:00+00:00,4488.0,4513.71,4425.0,4509.1,860904.308
2025-08-29 00:00:00+00:00,4509.1,4514.66,4432.09,4478.04,790233.922
2025-08-29 06:00:00+00:00,4478.03,4485.56,4316.2,4344.43,1672893.689
2025-08-29 12:00:00+00:00,4344.43,4456.24,4264.29,4330.36,2868243.815
2025-08-29 18:00:00+00:00,4330.36,4378.5,4302.9,4358.65,878282.685
2025-08-30 00:00:00+00:00,4358.65,4401.26,4254.97,4377.71,1313630.533
2025-08-30 06:00:00+00:00,4377.71,4414.45,4372.0,4389.93,560922.961
2025-08-30 12:00:00+00:00,4389.93,4391.87,4329.45,4360.01,746995.677
2025-08-30 18:00:00+00:00,4360.0,4376.6,4332.0,4372.0,321165.821
2025-08-31 00:00:00+00:00,4372.0,4489.85,4370.33,4457.49,995777.852
2025-08-31 06:00:00+00:00,4457.5,4482.46,4431.08,4474.53,651990.068
2025-08-31 12:00:00+00:00,4474.54,4498.0,4448.0,4474.82,762115.219
2025-08-31 18:00:00+00:00,4474.85,4489.0,4374.66,4389.58,746144.395
2025-09-01 00:00:00+00:00,4389.58,4429.91,4356.61,4392.33,1163509.422
2025-09-01 06:00:00+00:00,4392.33,4490.0,4372.24,4390.87,1417112.869
2025-09-01 12:00:00+00:00,4390.88,4422.17,4307.25,4320.55,1222447.853
2025-09-01 18:00:00+00:00,4320.54,4367.81,4205.49,4313.0,1644423.739
2025-09-02 00:00:00+00:00,4313.0,4393.96,4289.12,4382.64,875060.352
2025-09-02 06:00:00+00:00,4382.63,4414.73,4339.31,4346.05,897997.703
2025-09-02 12:00:00+00:00,4346.05,4395.2,4268.87,4317.18,2405840.669
2025-09-02 18:00:00+00:00,4317.19,4336.08,4254.33,4324.59,943708.77
2025-09-03 00:00:00+00:00,4324.58,4354.0,4281.0,4312.99,715570.244
2025-09-03 06:00:00+00:00,4313.0,4383.93,4285.0,4369.58,907898.503
2025-09-03 12:00:00+00:00,4369.58,4488.36,4339.56,4469.84,1801588.099
2025-09-03 18:00:00+00:00,4469.85,4480.0,4437.1,4448.22,455334.315
2025-09-04 00:00:00+00:00,4448.22,4480.99,4360.21,4372.81,1154162.476
2025-09-04 06:00:00+00:00,4372.81,4432.0,4353.36,4404.4,895882.362
2025-09-04 12:00:00+00:00,4404.4,4426.86,4283.33,4303.02,1940201.461
2025-09-04 18:00:00+00:00,4303.02,4351.23,4263.0,4295.68,903870.387
2025-09-05 00:00:00+00:00,4295.68,4340.71,4287.16,4336.23,631133.827
2025-09-05 06:00:00+00:00,4336.22,4426.77,4320.09,4415.57,1426329.056
2025-09-05 12:00:00+00:00,4415.56,4494.45,4252.47,4287.31,3517384.509
2025-09-05 18:00:00+00:00,4287.32,4340.88,4281.1,4305.71,751510.093
2025-09-06 00:00:00+00:00,4305.71,4327.0,4288.4,4292.79,348144.482
2025-09-06 06:00:00+00:00,4292.8,4313.36,4283.55,4298.08,301259.228
2025-09-06 12:00:00+00:00,4298.08,4307.1,4220.0,4270.9,1076309.727
2025-09-06 18:00:00+00:00,4270.89,4286.7,4249.32,4271.69,421841.33
2025-09-07 00:00:00+00:00,4271.68,4302.51,4269.0,4292.85,335802.429
2025-09-07 06:00:00+00:00,4292.85,4313.99,4276.78,4308.76,438084.51
2025-09-07 12:00:00+00:00,4308.77,4309.89,4270.01,4273.22,475513.376
2025-09-07 18:00:00+00:00,4273.22,4336.05,4267.44,4303.84,462070.237
2025-09-08 00:00:00+00:00,4303.83,4329.5,4276.21,4294.9,568105.687
2025-09-08 06:00:00+00:00,4294.89,4336.82,4284.77,4310.47,866430.231
2025-09-08 12:00:00+00:00,4310.46,4382.75,4297.52,4309.27,1456499.839
2025-09-08 18:00:00+00:00,4309.26,4333.99,4280.22,4303.98,655374.858
2025-09-09 00:00:00+00:00,4303.97,4319.4,4275.0,4316.99,562948.028
2025-09-09 06:00:00+00:00,4317.0,4380.77,4313.2,4345.83,1011244.645
2025-09-09 12:00:00+00:00,4345.83,4366.43,4275.0,4284.42,1595378.811
2025-09-09 18:00:00+00:00,4284.41,4318.71,4278.83,4308.4,353988.131
2025-09-10 00:00:00+00:00,4308.41,4325.53,4283.0,4306.33,526498.438
2025-09-10 06:00:00+00:00,4306.32,4333.01,4295.39,4329.58,544180.562
2025-09-10 12:00:00+00:00,4329.58,4453.56,4328.0,4364.53,2449959.205
2025-09-10 18:00:00+00:00,4364.52,4372.08,4297.01,4347.83,911585.269
2025-09-11 00:00:00+00:00,4347.83,4425.0,4336.8,4417.26,755992.35
2025-09-11 06:00:00+00:00,4417.27,4450.27,4404.77,4428.06,896455.914
2025-09-11 12:00:00+00:00,4428.06,4483.44,4328.88,4431.61,2043645.02
2025-09-11 18:00:00+00:00,4431.62,4467.85,4406.25,4456.86,539737.353
2025-09-12 00:00:00+00:00,4456.87,4557.59,4448.35,4556.6,1234967.361
2025-09-12 06:00:00+00:00,4556.61,4562.0,4502.3,4519.32,716798.115
2025-09-12 12:00:00+00:00,4519.32,4627.0,4501.66,4611.34,1357885.485
2025-09-12 18:00:00+00:00,4611.34,4750.0,4597.26,4710.83,1509550.243
2025-09-13 00:00:00+00:00,4710.82,4768.0,4690.4,4721.5,856235.665
2025-09-13 06:00:00+00:00,4721.51,4738.33,4699.03,4717.86,485053.316
2025-09-13 12:00:00+00:00,4717.86,4729.48,4603.0,4631.48,1446046.687
2025-09-13 18:00:00+00:00,4631.48,4670.94,4622.4,4664.74,384352.147
2025-09-14 00:00:00+00:00,4664.74,4691.3,4630.82,4674.24,493847.135
2025-09-14 06:00:00+00:00,4674.23,4679.99,4623.96,4632.87,449666.675
2025-09-14 12:00:00+00:00,4632.88,4642.94,4575.0,4618.38,1166792.538
2025-09-14 18:00:00+00:00,4618.37,4635.0,4590.01,4602.0,400953.563
2025-09-15 00:00:00+00:00,4602.0,4663.12,4578.01,4660.48,654531.959
2025-09-15 06:00:00+00:00,4660.48,4668.0,4495.72,4528.25,1768549.786
2025-09-15 12:00:00+00:00,4528.25,4540.14,4463.0,4507.52,1350967.16
2025-09-15 18:00:00+00:00,4507.51,4528.0,4474.0,4521.54,402356.087
2025-09-16 00:00:00+00:00,4521.54,4536.31,4485.02,4527.36,461862.849
2025-09-16 06:00:00+00:00,4527.37,4534.87,4490.97,4499.39,510550.639
2025-09-16 12:00:00+00:00,4499.4,4510.81,4421.01,4484.27,1671460.181
2025-09-16 18:00:00+00:00,4484.27,4523.19,4463.84,4499.41,465985.1
2025-09-17 00:00:00+00:00,4499.41,4551.49,4461.38,4512.39,794005.783
2025-09-17 06:00:00+00:00,4512.39,4554.09,4477.0,4489.22,892154.348
2025-09-17 12:00:00+00:00,4489.23,4532.16,4426.0,4426.0,969237.2
2025-09-17 18:00:00+00:00,4426.0,4615.26,4404.08,4588.3,2469109.822
2025-09-18 00:00:00+00:00,4588.31,4642.6,4577.69,4587.99,782842.324
2025-09-18 06:00:00+00:00,4587.99,4606.49,4551.75,4573.99,682972.106
2025-09-18 12:00:00+00:00,4573.99,4634.84,4555.17,4607.22,1068317.06
2025-09-18 18:00:00+00:00,4607.21,4620.91,4568.4,4585.31,394262.201
2025-09-19 00:00:00+00:00,4585.32,4619.5,4525.26,4538.5,946245.129
2025-09-19 06:00:00+00:00,4538.51,4546.78,4505.23,4511.46,601858.389
2025-09-19 12:00:00+00:00,4511.46,4542.0,4442.3,4457.66,1373443.897
2025-09-19 18:00:00+00:00,4457.67,4476.26,4433.0,4466.49,489791.115
2025-09-20 00:00:00+00:00,4466.48,4484.59,4451.62,4476.33,266730.677
2025-09-20 06:00:00+00:00,4476.32,4480.73,4453.21,4468.0,228758.77
2025-09-20 12:00:00+00:00,4467.99,4506.75,4461.5,4483.87,504892.601
2025-09-20 18:00:00+00:00,4483.87,4499.73,4468.95,4478.27,209714.928
2025-09-21 00:00:00+00:00,4478.26,4487.68,4454.29,4475.69,246489.319
2025-09-21 06:00:00+00:00,4475.7,4491.39,4440.07,4458.26,360519.189
2025-09-21 12:00:00+00:00,4458.25,4493.66,4458.01,4489.52,371807.454
2025-09-21 18:00:00+00:00,4489.52,4497.01,4440.01,4443.01,387439.61
2025-09-22 00:00:00+00:00,4443.0,4454.01,4210.0,4217.7,1820741.987
2025-09-22 06:00:00+00:00,4217.7,4226.41,4000.88,4179.53,2477714.344
2025-09-22 12:00:00+00:00,4179.54,4217.49,4144.11,4162.65,1110105.018
2025-09-22 18:00:00+00:00,4162.64,4207.33,4119.16,4196.86,691824.729
2025-09-23 00:00:00+00:00,4196.87,4209.99,4112.43,4181.08,975824.47
2025-09-23 06:00:00+00:00,4181.08,4230.06,4175.44,4189.68,711161.418
2025-09-23 12:00:00+00:00,4189.69,4209.73,4135.32,4147.1,1168401.459
2025-09-23 18:00:00+00:00,4147.1,4189.49,4137.08,4162.25,635802.235
2025-09-24 00:00:00+00:00,4162.25,4193.0,4070.0,4170.58,1240296.183
2025-09-24 06:00:00+00:00,4170.58,4197.06,4162.0,4179.96,525445.379
2025-09-24 12:00:00+00:00,4179.96,4204.99,4145.0,4181.34,877579.955
2025-09-24 18:00:00+00:00,4181.35,4182.22,4126.01,4150.51,403932.849
2025-09-25 00:00:00+00:00,4150.51,4158.95,3961.0,4023.0,2462023.011
2025-09-25 06:00:00+00:00,4023.0,4052.05,3984.25,4000.93,1153563.986
2025-09-25 12:00:00+00:00,4000.93,4021.75,3822.0,3837.05,3208083.27
2025-09-25 18:00:00+00:00,3837.04,3946.88,3822.75,3873.1,1628349.474
2025-09-26 00:00:00+00:00,3873.1,3975.99,3866.0,3919.61,1009945.293
2025-09-26 06:00:00+00:00,3919.62,3947.03,3871.0,3903.9,1076226.236
2025-09-26 12:00:00+00:00,3903.89,4044.0,3873.41,4042.26,1816740.724
2025-09-26 18:00:00+00:00,4042.26,4066.39,4002.64,4030.17,838085.482
2025-09-27 00:00:00+00:00,4030.17,4031.2,4001.8,4018.05,280829.309
2025-09-27 06:00:00+00:00,4018.05,4020.58,3971.45,4000.86,575962.501
2025-09-27 12:00:00+00:00,4000.87,4038.62,3979.6,4000.01,633128.089
2025-09-27 18:00:00+00:00,4000.0,4031.99,3984.89,4017.01,273170.24
2025-09-28 00:00:00+00:00,4017.01,4030.55,3992.09,4008.99,384124.499
2025-09-28 06:00:00+00:00,4009.0,4015.39,3982.45,3990.72,399768.997
2025-09-28 12:00:00+00:00,3990.73,4054.66,3963.1,4038.01,908997.016
2025-09-28 18:00:00+00:00,4038.0,4143.05,4031.0,4139.55,821939.787
2025-09-29 00:00:00+00:00,4139.54,4143.99,4101.3,4112.4,571746.421
2025-09-29 06:00:00+00:00,4112.4,4138.0,4086.23,4100.88,646029.456
2025-09-29 12:00:00+00:00,4100.88,4202.69,4080.0,4153.14,1839417.147
2025-09-29 18:00:00+00:00,4153.14,4234.27,4140.0,4212.98,724203.662
2025-09-30 00:00:00+00:00,4212.99,4246.87,4167.22,4182.43,750237.211
2025-09-30 06:00:00+00:00,4182.44,4206.17,4131.67,4162.78,811256.108
2025-09-30 12:00:00+00:00,4162.78,4174.0,4091.0,4099.52,1192638.986
2025-09-30 18:00:00+00:00,4099.52,4199.89,4091.61,4142.75,938760.637
2025-10-01 00:00:00+00:00,4142.75,4172.47,4120.61,4142.37,596953.558
2025-10-01 06:00:00+00:00,4142.36,4329.0,4121.33,4295.88,1891343.538
2025-10-01 12:00:00+00:00,4295.88,4343.29,4276.23,4291.55,1252512.34
2025-10-01 18:00:00+00:00,4291.55,4356.07,4284.55,4345.85,695695.921
2025-10-02 00:00:00+00:00,4345.85,4397.73,4330.11,4381.85,1061024.303
2025-10-02 06:00:00+00:00,4381.84,4422.3,4366.34,4377.24,722833.28
2025-10-02 12:00:00+00:00,4377.24,4476.78,4332.23,4464.17,1887201.584
2025-10-02 18:00:00+00:00,4464.18,4516.65,4453.46,4481.7,800607.077
2025-10-03 00:00:00+00:00,4481.7,4559.0,4459.01,4474.7,916228.133
2025-10-03 06:00:00+00:00,4474.69,4493.08,4426.0,4476.2,752892.379
2025-10-03 12:00:00+00:00,4476.2,4590.83,4433.64,4469.53,2095878.515
2025-10-03 18:00:00+00:00,4469.56,4544.01,4446.9,4511.11,656329.045
2025-10-04 00:00:00+00:00,4511.12,4515.48,4460.0,4501.61,492192.31
2025-10-04 06:00:00+00:00,4501.6,4515.8,4478.01,4482.43,381506.241
2025-10-04 12:00:00+00:00,4482.42,4509.89,4438.0,4462.18,771432.667
2025-10-04 18:00:00+00:00,4462.19,4492.42,4448.55,4484.79,242410.15
2025-10-05 00:00:00+00:00,4484.79,4587.99,4465.01,4568.08,1196309.294
2025-10-05 06:00:00+00:00,4568.08,4618.44,4521.61,4549.08,1184286.634
2025-10-05 12:00:00+00:00,4549.09,4549.09,4488.24,4510.21,652208.785
2025-10-05 18:00:00+00:00,4510.21,4524.0,4470.74,4512.34,443560.994
2025-10-06 00:00:00+00:00,4512.35,4551.74,4486.05,4526.23,707296.266
2025-10-06 06:00:00+00:00,4526.23,4593.25,4525.45,4569.54,790911.879
2025-10-06 12:00:00+00:00,4569.54,4718.0,4568.0,4694.31,1753511.199
2025-10-06 18:00:00+00:00,4694.3,4734.99,4670.4,4682.43,736830.629
2025-10-07 00:00:00+00:00,4682.42,4730.65,4660.03,4709.41,558089.662
2025-10-07 06:00:00+00:00,4709.42,4717.89,4636.0,4706.44,886544.424
2025-10-07 12:00:00+00:00,4706.44,4754.0,4452.04,4473.75,3534068.058
2025-10-07 18:00:00+00:00,4473.75,4514.66,4422.44,4445.76,967754.528
2025-10-08 00:00:00+00:00,4445.77,4497.05,4408.69,4436.16,895739.377
2025-10-08 06:00:00+00:00,4436.17,4505.0,4422.08,4485.21,648299.208
2025-10-08 12:00:00+00:00,4485.2,4556.75,4434.59,4536.99,1599245.905
2025-10-08 18:00:00+00:00,4536.99,4542.8,4495.01,4523.67,611798.962
2025-10-09 00:00:00+00:00,4523.66,4529.15,4400.0,4452.53,924595.568
2025-10-09 06:00:00+00:00,4452.54,4452.67,4316.59,4371.0,1515082.869
2025-10-09 12:00:00+00:00,4370.99,4411.46,4262.55,4332.65,2046675.121
2025-10-09 18:00:00+00:00,4332.66,4381.42,4298.17,4365.83,616217.098
2025-10-10 00:00:00+00:00,4365.83,4392.0,4325.18,4366.56,740189.809
2025-10-10 06:00:00+00:00,4366.57,4376.0,4311.0,4341.42,640481.985
2025-10-10 12:00:00+00:00,4341.42,4388.43,4067.44,4092.01,3416375.218
2025-10-10 18:00:00+00:00,4092.01,4098.47,3400.0,3819.99,7220072.035
2025-10-11 00:00:00+00:00,3820.0,3874.28,3725.0,3786.88,1664765.391
2025-10-11 06:00:00+00:00,3786.89,3856.0,3731.2,3838.68,1246761.01
2025-10-11 12:00:00+00:00,3838.67,3853.43,3783.07,3823.19,877777.418
2025-10-11 18:00:00+00:00,3823.19,3823.61,3640.0,3744.99,1426284.649
2025-10-12 00:00:00+00:00,3744.99,3821.95,3692.96,3804.25,1278530.65
2025-10-12 06:00:00+00:00,3804.24,3866.06,3801.69,3818.14,1526964.684
2025-10-12 12:00:00+00:00,3818.13,4175.9,3791.79,4125.21,4771758.928
2025-10-12 18:00:00+00:00,4125.22,4200.0,4077.59,4149.99,1895013.128
2025-10-13 00:00:00+00:00,4150.0,4219.43,4113.45,4129.99,1624751.789
2025-10-13 06:00:00+00:00,4130.0,4196.55,4034.12,4078.36,1919555.783
2025-10-13 12:00:00+00:00,4078.35,4239.0,4054.26,4233.6,3044408.436
2025-10-13 18:00:00+00:00,4233.6,4293.03,4197.33,4239.7,1278700.532
2025-10-14 00:00:00+00:00,4239.7,4262.0,4053.43,4068.54,1683991.516
2025-10-14 06:00:00+00:00,4068.55,4090.31,3885.09,3970.13,2780190.86
2025-10-14 12:00:00+00:00,3970.13,4163.25,3890.13,4099.36,3029721.754
2025-10-14 18:00:00+00:00,4099.36,4146.56,4046.01,4123.05,976109.144
2025-10-15 00:00:00+00:00,4123.06,4144.49,4059.0,4108.34,846828.391
2025-10-15 06:00:00+00:00,4108.35,4216.12,4071.5,4098.55,1301937.523
2025-10-15 12:00:00+00:00,4098.55,4106.09,3926.81,3990.96,2234879.892
2025-10-15 18:00:00+00:00,3990.96,4011.56,3925.0,3983.81,999598.204
2025-10-16 00:00:00+00:00,3983.8,4035.0,3973.76,3994.73,740964.004
2025-10-16 06:00:00+00:00,3994.72,4077.54,3937.3,4060.5,1259821.024
2025-10-16 12:00:00+00:00,4060.51,4089.34,3855.0,3920.15,2611173.38
2025-10-16 18:00:00+00:00,3920.14,3920.71,3822.5,3892.02,1119742.371
2025-10-17 00:00:00+00:00,3892.02,3948.06,3886.15,3893.91,663628.669
2025-10-17 06:00:00+00:00,3893.91,3905.28,3671.0,3776.3,3203521.867
2025-10-17 12:00:00+00:00,3776.29,3844.05,3712.51,3815.65,2102693.074
2025-10-17 18:00:00+00:00,3815.66,3882.0,3810.19,3829.99,683872.254
2025-10-18 00:00:00+00:00,3830.0,3880.63,3817.21,3865.08,542934.87
2025-10-18 06:00:00+00:00,3865.09,3926.0,3859.17,3880.78,648144.317
2025-10-18 12:00:00+00:00,3880.78,3898.0,3846.11,3892.1,491685.971
2025-10-18 18:00:00+00:00,3892.1,3907.92,3867.32,3887.01,256019.94
2025-10-19 00:00:00+00:00,3887.01,3919.48,3853.53,3895.0,436082.087
2025-10-19 06:00:00+00:00,3895.0,3960.0,3810.0,3922.2,1365723.053
2025-10-19 12:00:00+00:00,3922.21,4026.31,3906.76,3991.44,1098189.51
2025-10-19 18:00:00+00:00,3991.44,4030.0,3967.0,3980.59,478173.521
2025-10-20 00:00:00+00:00,3980.6,4073.81,3906.89,4059.26,1172946.336
2025-10-20 06:00:00+00:00,4059.26,4085.0,4010.58,4032.83,884973.815
2025-10-20 12:00:00+00:00,4032.83,4048.96,3920.3,3949.56,1454545.124
2025-10-20 18:00:00+00:00,3949.56,4001.96,3944.0,3977.54,451728.431
2025-10-21 00:00:00+00:00,3977.54,3984.68,3838.21,3862.04,1079159.676
2025-10-21 06:00:00+00:00,3862.04,3896.0,3850.02,3888.33,702713.82
2025-10-21 12:00:00+00:00,3888.34,4108.41,3850.2,4013.0,3112064.664
2025-10-21 18:00:00+00:00,4013.01,4021.85,3855.55,3871.11,1171520.591
2025-10-22 00:00:00+00:00,3871.11,3887.45,3815.37,3858.85,896224.946
2025-10-22 06:00:00+00:00,3858.86,3875.0,3765.0,3827.02,1023520.855
2025-10-22 12:00:00+00:00,3827.03,3875.56,3777.03,3805.88,1910934.613
2025-10-22 18:00:00+00:00,3805.88,3826.66,3706.31,3803.93,1184242.451
2025-10-23 00:00:00+00:00,3803.94,3848.42,3794.89,3845.97,479970.465
2025-10-23 06:00:00+00:00,3845.97,3905.47,3841.89,3861.86,958977.355
2025-10-23 12:00:00+00:00,3861.86,3933.4,3807.01,3919.39,1607490.54
2025-10-23 18:00:00+00:00,3919.38,3920.76,3816.88,3855.21,657498.556
2025-10-24 00:00:00+00:00,3855.22,3988.0,3844.02,3972.71,842130.809
2025-10-24 06:00:00+00:00,3972.72,3986.33,3924.0,3945.0,768029.478
2025-10-24 12:00:00+00:00,3944.99,4026.48,3864.28,3886.76,1683233.083
2025-10-24 18:00:00+00:00,3886.76,3943.81,3882.07,3933.19,362038.085
2025-10-25 00:00:00+00:00,3933.2,3938.03,3910.0,3929.86,284472.497
2025-10-25 06:00:00+00:00,3929.85,3963.26,3922.75,3938.66,408151.263
2025-10-25 12:00:00+00:00,3938.66,3955.0,3922.83,3933.27,301653.572
2025-10-25 18:00:00+00:00,3933.28,3968.93,3927.65,3952.25,300633.747
2025-10-26 00:00:00+00:00,3952.24,3960.0,3914.3,3940.98,304265.965
2025-10-26 06:00:00+00:00,3940.99,4054.0,3936.76,4043.08,898125.768
2025-10-26 12:00:00+00:00,4043.08,4098.0,4039.0,4058.39,972363.769
2025-10-26 18:00:00+00:00,4058.39,4179.27,4053.07,4156.37,754631.362
2025-10-27 00:00:00+00:00,4156.36,4253.0,4145.27,4231.4,1003143.337
2025-10-27 06:00:00+00:00,4231.4,4246.8,4130.0,4160.51,1067348.152
2025-10-27 12:00:00+00:00,4160.5,4224.0,4122.02,4219.1,1158734.675
2025-10-27 18:00:00+00:00,4219.1,4231.64,4090.61,4118.47,948735.638
2025-10-28 00:00:00+00:00,4118.46,4140.26,4064.29,4067.0,766604.323
2025-10-28 06:00:00+00:00,4067.01,4134.46,4066.0,4110.11,559834.042
2025-10-28 12:00:00+00:00,4110.11,4174.08,4066.0,4138.29,1364621.413
2025-10-28 18:00:00+00:00,4138.3,4149.87,3925.01,3977.56,1600916.44
2025-10-29 00:00:00+00:00,3977.56,4034.28,3962.28,4025.01,575600.958
2025-10-29 06:00:00+00:00,4025.0,4034.99,3982.0,4009.14,610324.843
2025-10-29 12:00:00+00:00,4009.13,4028.01,3923.56,4012.63,1225395.418
2025-10-29 18:00:00+00:00,4012.63,4017.11,3836.0,3900.38,2046889.115
2025-10-30 00:00:00+00:00,3900.38,3947.0,3836.82,3914.85,1307446.682
2025-10-30 06:00:00+00:00,3914.86,3943.0,3875.11,3879.52,766945.196
2025-10-30 12:00:00+00:00,3879.52,3883.19,3726.0,3769.66,2351108.521
2025-10-30 18:00:00+00:00,3769.66,3805.0,3677.7,3802.8,1343673.542
2025-10-31 00:00:00+00:00,3802.8,3872.0,3794.13,3849.06,1045937.114
2025-10-31 06:00:00+00:00,3849.06,3882.0,3816.29,3872.15,684239.882
2025-10-31 12:00:00+00:00,3872.16,3887.02,3802.64,3826.68,1355587.265
2025-10-31 18:00:00+00:00,3826.68,3904.9,3807.22,3846.42,730203.261
2025-11-01 00:00:00+00:00,3846.42,3867.66,3828.8,3853.96,292269.644
2025-11-01 06:00:00+00:00,3853.97,3882.0,3851.33,3876.08,285624.445
2025-11-01 12:00:00+00:00,3876.08,3907.61,3855.66,3864.19,521781.158
2025-11-01 18:00:00+00:00,3864.2,3890.0,3862.24,3872.14,170809.759
2025-11-02 00:00:00+00:00,3872.14,3915.98,3860.01,3901.05,309008.606
2025-11-02 06:00:00+00:00,3901.05,3917.0,3851.24,3888.92,600589.05
2025-11-02 12:00:00+00:00,3888.93,3892.98,3837.04,3857.7,533458.223
2025-11-02 18:00:00+00:00,3857.7,3915.0,3840.93,3904.8,373797.91
2025-11-03 00:00:00+00:00,3904.79,3913.34,3713.22,3730.25,1660683.092
2025-11-03 06:00:00+00:00,3730.26,3739.98,3650.13,3710.0,1483756.54
2025-11-03 12:00:00+00:00,3710.01,3747.36,3562.27,3664.65,2398104.593
2025-11-03 18:00:00+00:00,3664.65,3671.96,3556.0,3602.15,1056930.272
2025-11-04 00:00:00+00:00,3602.15,3653.65,3482.2,3490.3,1489963.93
2025-11-04 06:00:00+00:00,3490.31,3560.98,3460.0,3527.78,1780733.917
2025-11-04 12:00:00+00:00,3527.78,3586.12,3361.45,3371.57,2805356.014
2025-11-04 18:00:00+00:00,3371.58,3372.63,3055.0,3285.28,4602217.135
2025-11-05 00:00:00+00:00,3285.28,3353.8,3165.41,3324.07,1801810.977
2025-11-05 06:00:00+00:00,3324.07,3340.0,3272.24,3320.97,1013331.795
2025-11-05 12:00:00+00:00,3320.98,3446.82,3311.26,3433.79,1879860.06
2025-11-05 18:00:00+00:00,3433.78,3479.0,3413.62,3423.06,834906.146
2025-11-06 00:00:00+00:00,3423.06,3455.0,3373.7,3387.0,896551.245
2025-11-06 06:00:00+00:00,3387.0,3414.3,3357.94,3397.85,843535.416
2025-11-06 12:00:00+00:00,3397.84,3403.94,3245.0,3328.32,2315617.635
2025-11-06 18:00:00+00:00,3328.32,3351.81,3285.97,3313.7,867715.1
2025-11-07 00:00:00+00:00,3313.7,3370.0,3273.04,3365.4,896462.299
2025-11-07 06:00:00+00:00,3365.41,3368.66,3224.05,3258.62,1033824.986
2025-11-07 12:00:00+00:00,3258.61,3394.89,3192.92,3384.36,2172537.826
2025-11-07 18:00:00+00:00,3384.37,3472.23,3376.64,3434.36,901118.317
2025-11-08 00:00:00+00:00,3434.37,3490.0,3404.93,3429.86,719463.442
2025-11-08 06:00:00+00:00,3429.86,3468.43,3405.03,3411.53,652047.962
2025-11-08 12:00:00+00:00,3411.54,3416.74,3353.31,3397.69,950815.04
2025-11-08 18:00:00+00:00,3397.69,3414.33,3361.49,3400.07,341059.775
2025-11-09 00:00:00+00:00,3400.08,3407.2,3356.74,3403.9,478377.356
2025-11-09 06:00:00+00:00,3403.9,3434.0,3380.71,3426.99,569393.289
2025-11-09 12:00:00+00:00,3427.0,3563.19,3423.22,3514.0,1378505.404
2025-11-09 18:00:00+00:00,3514.0,3624.4,3508.78,3581.31,815828.8
2025-11-10 00:00:00+00:00,3581.31,3658.0,3548.88,3606.81,1010566.981
2025-11-10 06:00:00+00:00,3606.81,3630.3,3585.42,3608.9,584067.366
2025-11-10 12:00:00+00:00,3608.89,3620.71,3505.55,3553.38,1520136.602
2025-11-10 18:00:00+00:00,3553.38,3582.69,3527.04,3566.38,617321.76
2025-11-11 00:00:00+00:00,3566.38,3647.54,3541.48,3546.92,1142134.242
2025-11-11 06:00:00+00:00,3546.92,3585.29,3528.8,3572.4,766857.647
2025-11-11 12:00:00+00:00,3572.4,3593.0,3443.04,3471.5,1724038.452
2025-11-11 18:00:00+00:00,3471.49,3485.3,3403.02,3416.32,877413.603
2025-11-12 00:00:00+00:00,3416.33,3455.0,3408.14,3447.46,630035.906
2025-11-12 06:00:00+00:00,3447.45,3569.0,3422.17,3548.25,1019003.0
2025-11-12 12:00:00+00:00,3548.24,3587.24,3370.0,3428.01,2443536.474
2025-11-12 18:00:00+00:00,3428.0,3455.0,3370.8,3413.46,792478.059
2025-11-13 00:00:00+00:00,3413.45,3539.79,3375.09,3527.67,1249870.067
2025-11-13 06:00:00+00:00,3527.67,3565.0,3475.0,3499.98,1196281.257
2025-11-13 12:00:00+00:00,3499.97,3509.83,3252.0,3254.4,2941173.344
2025-11-13 18:00:00+00:00,3254.4,3270.58,3152.49,3230.12,2365927.122
2025-11-14 00:00:00+00:00,3230.13,3250.0,3104.0,3191.01,1851579.625
2025-11-14 06:00:00+00:00,3191.01,3239.67,3115.0,3142.93,1914460.509
2025-11-14 12:00:00+00:00,3142.93,3255.95,3068.0,3178.55,3116519.286
2025-11-14 18:00:00+00:00,3178.55,3219.6,3088.0,3111.2,1225096.063
2025-11-15 00:00:00+00:00,3111.2,3192.8,3109.16,3177.49,666786.854
2025-11-15 06:00:00+00:00,3177.5,3186.62,3132.66,3151.22,512265.605
2025-11-15 12:00:00+00:00,3151.21,3218.73,3146.0,3214.12,686018.085
2025-11-15 18:00:00+00:00,3214.12,3230.56,3151.33,3166.55,517477.071
2025-11-16 00:00:00+00:00,3166.56,3214.99,3130.01,3203.74,716952.331
2025-11-16 06:00:00+00:00,3203.73,3248.5,3158.35,3167.18,863063.496
2025-11-16 12:00:00+00:00,3167.17,3181.32,3025.0,3078.2,2285696.657
2025-11-16 18:00:00+00:00,3078.19,3127.21,3001.01,3094.05,1648339.308
2025-11-17 00:00:00+00:00,3094.04,3193.0,3067.77,3185.61,1111175.912
2025-11-17 06:00:00+00:00,3185.61,3223.22,3169.74,3202.57,733537.786
2025-11-17 12:00:00+00:00,3202.57,3210.22,3052.21,3057.52,2833243.908
2025-11-17 18:00:00+00:00,3057.51,3080.0,2958.0,3030.06,2042484.373
2025-11-18 00:00:00+00:00,3030.06,3049.0,2943.31,3011.14,2212714.113
2025-11-18 06:00:00+00:00,3011.14,3073.71,2972.28,3056.44,1273751.952
2025-11-18 12:00:00+00:00,3056.45,3167.89,3020.01,3134.29,2061037.286
2025-11-18 18:00:00+00:00,3134.32,3169.28,3095.99,3122.2,671159.491
2025-11-19 00:00:00+00:00,3122.2,3125.05,2990.15,3016.32,1264957.737
2025-11-19 06:00:00+00:00,3016.32,3112.96,3009.26,3082.5,1203568.808
2025-11-19 12:00:00+00:00,3082.5,3107.49,2895.0,2921.19,2974045.198
2025-11-19 18:00:00+00:00,2921.19,3026.57,2873.0,3024.09,2313356.124
2025-11-20 00:00:00+00:00,3024.08,3063.0,3003.41,3034.08,1184098.432
2025-11-20 06:00:00+00:00,3034.07,3043.68,2990.47,3022.13,845549.421
2025-11-20 12:00:00+00:00,3022.14,3048.0,2805.55,2832.16,4062956.046
2025-11-20 18:00:00+00:00,2832.16,2904.83,2788.01,2832.97,1916953.216
2025-11-21 00:00:00+00:00,2832.96,2885.84,2768.86,2808.53,1617344.618
2025-11-21 06:00:00+00:00,2808.54,2813.74,2642.65,2687.44,3425408.602
2025-11-21 12:00:00+00:00,2687.44,2805.94,2620.0,2779.4,4352138.928
2025-11-21 18:00:00+00:00,2779.39,2793.43,2707.0,2764.69,1332280.956
2025-11-22 00:00:00+00:00,2764.7,2783.34,2725.24,2743.15,588346.962
2025-11-22 06:00:00+00:00,2743.16,2770.0,2702.87,2734.0,921742.322
2025-11-22 12:00:00+00:00,2734.01,2758.0,2709.25,2748.64,765540.557
2025-11-22 18:00:00+00:00,2748.64,2798.0,2732.34,2769.06,434191.052
2025-11-23 00:00:00+00:00,2769.06,2850.94,2766.87,2823.72,898796.195
2025-11-23 06:00:00+00:00,2823.71,2831.47,2775.0,2814.41,675530.038
2025-11-23 12:00:00+00:00,2814.42,2857.0,2785.0,2791.3,1110707.762
2025-11-23 18:00:00+00:00,2791.3,2843.99,2791.29,2800.73,603929.722
2025-11-24 00:00:00+00:00,2800.74,2884.8,2761.38,2866.13,1740586.645
2025-11-24 06:00:00+00:00,2866.13,2867.65,2786.01,2802.07,968878.867
2025-11-24 12:00:00+00:00,2802.06,2942.99,2782.2,2938.62,2152181.376
2025-11-24 18:00:00+00:00,2938.63,2986.98,2927.89,2952.19,1296728.263
2025-11-25 00:00:00+00:00,2952.18,2952.51,2902.5,2927.25,838971.564
2025-11-25 06:00:00+00:00,2927.26,2927.63,2863.39,2889.53,955581.551
2025-11-25 12:00:00+00:00,2889.54,2952.99,2855.0,2934.85,1852994.612
2025-11-25 18:00:00+00:00,2934.86,2979.31,2870.03,2958.24,1126711.147
2025-11-26 00:00:00+00:00,2958.24,2983.8,2918.56,2942.74,718696.031
2025-11-26 06:00:00+00:00,2942.74,2953.81,2900.97,2912.82,687678.719
2025-11-26 12:00:00+00:00,2912.82,3033.3,2887.09,3025.66,1989853.468
2025-11-26 18:00:00+00:00,3025.66,3044.46,3006.66,3025.02,877199.566
2025-11-27 00:00:00+00:00,3025.02,3070.0,3002.0,3022.2,1045429.318
2025-11-27 06:00:00+00:00,3022.2,3044.0,3016.06,3026.75,523890.469
2025-11-27 12:00:00+00:00,3026.75,3028.75,2983.81,3018.53,958514.186
2025-11-27 18:00:00+00:00,3018.54,3043.5,3002.0,3013.8,431189.564
2025-11-28 00:00:00+00:00,3013.81,3028.0,2992.1,3022.97,530934.375
2025-11-28 06:00:00+00:00,3022.97,3080.0,2998.4,3032.44,1057079.726
2025-11-28 12:00:00+00:00,3032.44,3099.0,3009.36,3033.6,1738125.0
2025-11-28 18:00:00+00:00,3033.6,3059.85,3018.2,3029.8,552834.506
2025-11-29 00:00:00+00:00,3029.8,3051.46,3016.02,3031.61,354448.967
2025-11-29 06:00:00+00:00,3031.61,3037.45,2982.3,2998.45,740236.924
2025-11-29 12:00:00+00:00,2998.45,3015.0,2964.31,2968.63,699897.8
2025-11-29 18:00:00+00:00,2968.64,2999.0,2960.01,2987.96,463808.752
2025-11-30 00:00:00+00:00,2987.96,3011.97,2974.0,2990.61,396418.155
2025-11-30 06:00:00+00:00,2990.61,3019.29,2985.37,3001.76,365067.776
2025-11-30 12:00:00+00:00,3001.77,3052.21,2998.38,3039.86,767793.811
2025-11-30 18:00:00+00:00,3039.87,3040.34,2988.28,2990.02,449559.558
2025-12-01 00:00:00+00:00,2990.02,2998.84,2805.55,2826.77,2445868.167
2025-12-01 06:00:00+00:00,2826.77,2854.56,2818.48,2836.48,755180.931
2025-12-01 12:00:00+00:00,2836.48,2838.98,2718.07,2738.13,2430628.827
2025-12-01 18:00:00+00:00,2738.12,2818.0,2722.99,2797.47,1110152.795
2025-12-02 00:00:00+00:00,2797.48,2825.57,2781.38,2801.99,679253.981
2025-12-02 06:00:00+00:00,2801.99,2834.02,2780.6,2824.67,693662.262
2025-12-02 12:00:00+00:00,2824.68,3034.94,2815.0,3014.36,2862453.044
2025-12-02 18:00:00+00:00,3014.36,3032.53,2970.04,2994.63,845621.566
2025-12-03 00:00:00+00:00,2994.63,3069.46,2983.76,3057.19,952461.151
2025-12-03 06:00:00+00:00,3057.18,3084.34,3041.95,3071.95,840190.5
2025-12-03 12:00:00+00:00,3071.94,3145.14,3030.0,3126.38,2337774.866
2025-12-03 18:00:00+00:00,3126.39,3216.53,3103.0,3187.07,1330821.537
2025-12-04 00:00:00+00:00,3187.08,3239.27,3170.06,3184.09,1169234.714
2025-12-04 06:00:00+00:00,3184.1,3219.33,3173.45,3185.09,739602.276
2025-12-04 12:00:00+00:00,3185.09,3227.66,3131.01,3159.2,1917617.937
2025-12-04 18:00:00+00:00,3159.21,3164.07,3064.81,3132.01,1174644.184
2025-12-05 00:00:00+00:00,3132.01,3192.72,3131.05,3154.8,675650.816
2025-12-05 06:00:00+00:00,3154.8,3181.64,3106.01,3130.0,1075421.389
2025-12-05 12:00:00+00:00,3129.99,3157.0,2996.92,3032.04,2632338.927
2025-12-05 18:00:00+00:00,3032.05,3062.49,2978.0,3020.38,995316.878
2025-12-06 00:00:00+00:00,3020.38,3044.8,3011.0,3035.68,322055.756
2025-12-06 06:00:00+00:00,3035.67,3040.7,3012.0,3037.46,379633.832
2025-12-06 12:00:00+00:00,3037.46,3068.58,3025.0,3054.33,612274.052
2025-12-06 18:00:00+00:00,3054.33,3054.96,3023.0,3036.53,304649.518
2025-12-07 00:00:00+00:00,3036.53,3056.78,3030.65,3043.14,234702.892
2025-12-07 06:00:00+00:00,3043.13,3049.74,3023.25,3034.52,330207.89
2025-12-07 12:00:00+00:00,3034.52,3135.39,2903.75,3111.6,2552276.071
2025-12-07 18:00:00+00:00,3111.61,3150.0,3010.0,3058.14,1198900.472
2025-12-08 00:00:00+00:00,3058.14,3140.15,3038.76,3129.22,837713.466
2025-12-08 06:00:00+00:00,3129.22,3179.99,3120.97,3140.61,792014.319
2025-12-08 12:00:00+00:00,3140.61,3178.0,3087.34,3119.2,1998207.131
2025-12-08 18:00:00+00:00,3119.19,3152.0,3066.17,3123.14,670696.882
2025-12-09 00:00:00+00:00,3123.15,3142.3,3089.01,3106.95,704910.992
2025-12-09 06:00:00+00:00,3106.96,3129.6,3090.0,3116.91,525677.964
2025-12-09 12:00:00+00:00,3116.91,3397.5,3097.0,3374.39,3290465.548
2025-12-09 18:00:00+00:00,3374.39,3387.32,3283.51,3316.49,1068717.861
2025-12-10 00:00:00+00:00,3316.5,3334.92,3286.58,3321.1,534068.607
2025-12-10 06:00:00+00:00,3321.11,3374.93,3295.56,3316.75,889335.569
2025-12-10 12:00:00+00:00,3316.76,3387.0,3302.61,3368.92,1129095.274
2025-12-10 18:00:00+00:00,3368.92,3446.12,3316.9,3322.79,2259514.646
2025-12-11 00:00:00+00:00,3322.8,3326.74,3165.0,3212.88,1683181.622
2025-12-11 06:00:00+00:00,3212.88,3212.89,3175.2,3191.29,582071.718
2025-12-11 12:00:00+00:00,3191.29,3209.06,3142.92,3180.0,1605756.206
2025-12-11 18:00:00+00:00,3180.0,3272.43,3178.2,3235.77,1311953.559
2025-12-12 00:00:00+00:00,3235.78,3264.78,3183.33,3246.31,670116.677
2025-12-12 06:00:00+00:00,3246.3,3263.5,3225.02,3241.17,510159.435
2025-12-12 12:00:00+00:00,3241.17,3250.66,3041.1,3064.76,2804598.039
2025-12-12 18:00:00+00:00,3064.77,3096.48,3060.79,3083.34,631843.49
2025-12-13 00:00:00+00:00,3083.34,3094.07,3077.0,3087.91,216018.708
2025-12-13 06:00:00+00:00,3087.9,3135.0,3082.99,3117.99,528155.767
2025-12-13 12:00:00+00:00,3118.0,3125.99,3092.64,3099.56,453153.557
2025-12-13 18:00:00+00:00,3099.57,3118.99,3075.0,3113.01,252971.489
2025-12-14 00:00:00+00:00,3113.0,3128.65,3101.27,3110.35,282263.993
2025-12-14 06:00:00+00:00,3110.35,3118.72,3048.32,3083.45,572081.11
2025-12-14 12:00:00+00:00,3083.46,3107.26,3068.85,3083.17,924260.825
2025-12-14 18:00:00+00:00,3083.18,3102.94,3022.51,3062.02,911388.38
2025-12-15 00:00:00+00:00,3062.01,3150.0,3055.25,3119.03,967170.204
2025-12-15 06:00:00+00:00,3119.03,3177.0,3113.92,3155.69,785054.873
2025-12-15 12:00:00+00:00,3155.68,3157.9,2931.0,2935.41,2900922.676
2025-12-15 18:00:00+00:00,2935.41,2968.43,2890.51,2963.25,1427545.219
2025-12-16 00:00:00+00:00,2963.25,2976.94,2870.0,2921.69,1087153.921
2025-12-16 06:00:00+00:00,2921.69,2962.99,2916.17,2956.57,735295.513
2025-12-16 12:00:00+00:00,2956.57,2982.1,2885.46,2918.17,2004754.209
2025-12-16 18:00:00+00:00,2918.17,2966.98,2910.01,2960.84,674212.066
2025-12-17 00:00:00+00:00,2960.83,2973.52,2912.36,2929.39,612297.687
2025-12-17 06:00:00+00:00,2929.39,2953.12,2905.29,2927.36,587675.681
2025-12-17 12:00:00+00:00,2927.36,3030.0,2832.67,2846.33,3543703.197
2025-12-17 18:00:00+00:00,2846.38,2861.13,2789.52,2832.0,1142417.0
2025-12-18 00:00:00+00:00,2831.99,2846.81,2820.12,2824.02,533345.991
2025-12-18 06:00:00+00:00,2824.02,2863.18,2822.0,2857.65,508191.866
2025-12-18 12:00:00+00:00,2857.66,2997.05,2793.1,2844.45,3915609.539
2025-12-18 18:00:00+00:00,2844.46,2867.29,2772.97,2827.3,1398694.199
2025-12-19 00:00:00+00:00,2827.32,2934.93,2806.15,2921.63,1485476.648
2025-12-19 06:00:00+00:00,2921.63,2984.0,2914.32,2964.0,957939.679
2025-12-19 12:00:00+00:00,2964.0,3017.99,2933.0,2938.23,1961842.746
2025-12-19 18:00:00+00:00,2938.23,3002.0,2935.74,2978.33,619182.469
2025-12-20 00:00:00+00:00,2978.34,2992.81,2969.23,2979.02,260728.335
2025-12-20 06:00:00+00:00,2979.06,2989.4,2973.12,2985.98,269217.981
2025-12-20 12:00:00+00:00,2985.99,2992.97,2965.28,2976.49,406529.06
2025-12-20 18:00:00+00:00,2976.5,2984.75,2971.28,2976.54,101456.695
2025-12-21 00:00:00+00:00,2976.55,2979.91,2960.13,2972.18,218370.925
2025-12-21 06:00:00+00:00,2972.19,3011.99,2971.67,2995.16,456720.022
2025-12-21 12:00:00+00:00,2995.16,3004.0,2943.0,2982.44,827417.663
2025-12-21 18:00:00+00:00,2982.43,3011.34,2965.93,3000.62,378429.867
2025-12-22 00:00:00+00:00,3000.61,3060.39,2966.0,3026.82,1209455.316
2025-12-22 06:00:00+00:00,3026.83,3057.0,3021.0,3047.61,612248.111
2025-12-22 12:00:00+00:00,3047.61,3077.99,3020.4,3031.36,1246884.593
2025-12-22 18:00:00+00:00,3031.35,3039.6,2961.0,3008.49,959417.747
2025-12-23 00:00:00+00:00,3008.5,3035.0,2964.65,2974.16,732261.021
2025-12-23 06:00:00+00:00,2974.15,2977.4,2945.0,2972.06,624457.825
2025-12-23 12:00:00+00:00,2972.06,2973.0,2899.3,2909.4,1821540.904
2025-12-23 18:00:00+00:00,2909.4,2987.74,2907.28,2963.29,847676.404
2025-12-24 00:00:00+00:00,2963.29,2976.48,2916.11,2928.3,749299.882
2025-12-24 06:00:00+00:00,2928.3,2942.99,2912.18,2923.96,547560.582
2025-12-24 12:00:00+00:00,2923.96,2954.79,2886.75,2935.85,1043667.79
2025-12-24 18:00:00+00:00,2935.86,2962.69,2928.91,2946.23,282123.676
2025-12-25 00:00:00+00:00,2946.23,2955.92,2934.66,2940.99,227850.388
2025-12-25 06:00:00+00:00,2940.99,2946.0,2910.14,2923.51,389680.327
2025-12-25 12:00:00+00:00,2923.51,2969.99,2918.52,2951.48,652092.82
2025-12-25 18:00:00+00:00,2951.48,2965.0,2888.88,2902.32,564272.307
2025-12-26 00:00:00+00:00,2902.32,2994.0,2892.72,2971.99,1178072.804
2025-12-26 06:00:00+00:00,2972.0,2992.88,2951.87,2963.66,556029.672
2025-12-26 12:00:00+00:00,2963.65,2984.93,2893.0,2921.03,1530550.76
2025-12-26 18:00:00+00:00,2921.03,2938.0,2917.0,2926.82,247290.723
2025-12-27 00:00:00+00:00,2926.83,2932.47,2920.0,2929.58,145097.116
2025-12-27 06:00:00+00:00,2929.58,2939.82,2914.63,2929.58,296380.414
2025-12-27 12:00:00+00:00,2929.59,2932.72,2915.74,2927.06,186510.508
2025-12-27 18:00:00+00:00,2927.06,2959.84,2923.82,2947.61,271524.657
2025-12-28 00:00:00+00:00,2947.61,2950.63,2927.76,2933.77,229971.199
2025-12-28 06:00:00+00:00,2933.77,2946.46,2930.01,2942.99,231436.633
2025-12-28 12:00:00+00:00,2942.99,2959.99,2936.2,2944.6,304343.776
2025-12-28 18:00:00+00:00,2944.6,2954.5,2922.84,2949.6,390589.049
2025-12-29 00:00:00+00:00,2949.6,3056.0,2943.1,3036.01,1447056.11
2025-12-29 06:00:00+00:00,3036.01,3043.0,2955.36,2958.52,1274753.243
2025-12-29 12:00:00+00:00,2958.52,2964.92,2908.58,2942.28,1699527.105
2025-12-29 18:00:00+00:00,2942.28,2944.79,2911.1,2936.45,554124.228
2025-12-30 00:00:00+00:00,2936.45,2957.5,2917.48,2940.4,513573.959
2025-12-30 06:00:00+00:00,2940.4,3003.0,2939.03,2977.85,848098.889
2025-12-30 12:00:00+00:00,2977.85,3008.67,2956.79,2975.67,1258866.037
2025-12-30 18:00:00+00:00,2975.66,2977.99,2941.27,2972.22,539939.19
2025-12-31 00:00:00+00:00,2972.23,2983.97,2960.9,2973.67,375144.307
2025-12-31 06:00:00+00:00,2973.67,3002.01,2962.21,3000.48,435325.894
2025-12-31 12:00:00+00:00,3000.48,3027.73,2957.59,2974.56,1272650.017
2025-12-31 18:00:00+00:00,2974.56,2984.82,2962.2,2970.4,328394.579
2026-01-01 00:00:00+00:00,2970.4,2988.48,2970.0,2980.52,208886.765
2026-01-01 06:00:00+00:00,2980.51,2991.94,2975.0,2988.0,173967.274
2026-01-01 12:00:00+00:00,2988.0,3005.0,2976.0,2989.43,427963.275
2026-01-01 18:00:00+00:00,2989.42,3008.56,2983.67,3002.49,267286.607
2026-01-02 00:00:00+00:00,3002.5,3034.36,2990.67,3015.0,606610.375
2026-01-02 06:00:00+00:00,3015.01,3068.97,3012.71,3046.7,1053409.771
2026-01-02 12:00:00+00:00,3046.69,3149.0,3017.64,3121.93,2361465.843
2026-01-02 18:00:00+00:00,3121.94,3144.0,3095.02,3123.89,610797.736
2026-01-03 00:00:00+00:00,3123.88,3135.0,3103.01,3110.98,298993.939
2026-01-03 06:00:00+00:00,3110.99,3116.38,3074.52,3097.0,620125.429
2026-01-03 12:00:00+00:00,3097.0,3114.11,3092.19,3107.24,316856.2
2026-01-03 18:00:00+00:00,3107.24,3129.7,3103.8,3125.47,230622.032
2026-01-04 00:00:00+00:00,3125.46,3165.99,3124.76,3149.77,611320.224
2026-01-04 06:00:00+00:00,3149.77,3161.41,3122.58,3138.32,518379.601
2026-01-04 12:00:00+00:00,3138.32,3145.94,3115.0,3135.93,371639.504
2026-01-04 18:00:00+00:00,3135.93,3155.0,3117.0,3143.32,386563.461
2026-01-05 00:00:00+00:00,3143.33,3221.0,3141.5,3148.0,1325232.601
2026-01-05 06:00:00+00:00,3148.0,3183.36,3131.47,3178.88,701183.138
2026-01-05 12:00:00+00:00,3178.88,3230.86,3132.58,3212.21,1539962.158
2026-01-05 18:00:00+00:00,3212.22,3266.0,3183.67,3223.71,964577.603
2026-01-06 00:00:00+00:00,3223.72,3246.0,3201.91,3217.11,515267.125
2026-01-06 06:00:00+00:00,3217.11,3254.94,3210.02,3236.36,711168.819
2026-01-06 12:00:00+00:00,3236.36,3308.0,3188.01,3194.48,2337634.543
2026-01-06 18:00:00+00:00,3194.48,3301.64,3180.71,3295.46,1022964.994
2026-01-07 00:00:00+00:00,3295.46,3295.79,3238.0,3247.32,723434.789
2026-01-07 06:00:00+00:00,3247.32,3262.0,3194.28,3218.75,1072424.761
2026-01-07 12:00:00+00:00,3218.74,3228.0,3142.82,3150.75,1751897.871
2026-01-07 18:00:00+00:00,3150.76,3181.81,3123.01,3167.52,992568.727
2026-01-08 00:00:00+00:00,3167.53,3183.68,3132.33,3142.34,529237.538
2026-01-08 06:00:00+00:00,3142.34,3145.21,3086.26,3119.35,1291468.683
2026-01-08 12:00:00+00:00,3119.35,3138.44,3052.43,3133.33,1845081.234
2026-01-08 18:00:00+00:00,3133.33,3133.87,3087.35,3105.45,579187.978
2026-01-09 00:00:00+00:00,3105.44,3148.0,3077.46,3117.47,654640.653
2026-01-09 06:00:00+00:00,3117.47,3124.26,3066.0,3088.99,688465.563
2026-01-09 12:00:00+00:00,3089.0,3144.99,3056.79,3113.04,1707761.146
2026-01-09 18:00:00+00:00,3113.04,3117.7,3064.0,3087.15,638089.423
2026-01-10 00:00:00+00:00,3087.16,3093.53,3077.22,3085.81,186254.254
2026-01-10 06:00:00+00:00,3085.81,3102.68,3082.13,3095.64,195079.216
2026-01-10 12:00:00+00:00,3095.63,3102.75,3087.25,3091.33,174007.261
2026-01-10 18:00:00+00:00,3091.32,3092.81,3077.08,3085.47,135135.588
2026-01-11 00:00:00+00:00,3085.47,3101.0,3083.23,3098.05,129579.514
2026-01-11 06:00:00+00:00,3098.06,3108.45,3088.31,3103.8,201668.668
2026-01-11 12:00:00+00:00,3103.8,3147.0,3103.46,3125.99,689173.01
2026-01-11 18:00:00+00:00,3126.0,3132.98,3090.7,3122.0,493690.391
2026-01-12 00:00:00+00:00,3122.0,3170.88,3095.28,3157.56,935820.126
2026-01-12 06:00:00+00:00,3157.57,3164.53,3100.0,3114.12,828441.602
2026-01-12 12:00:00+00:00,3114.12,3145.93,3061.35,3103.45,1565286.911
2026-01-12 18:00:00+00:00,3103.46,3126.84,3083.0,3093.84,549798.1
2026-01-13 00:00:00+00:00,3093.85,3145.71,3090.18,3130.68,644750.852
2026-01-13 06:00:00+00:00,3130.68,3148.15,3120.66,3132.77,489173.932
2026-01-13 12:00:00+00:00,3132.77,3196.39,3127.94,3178.53,1753226.052
2026-01-13 18:00:00+00:00,3178.52,3383.63,3176.45,3324.69,1834404.981
2026-01-14 00:00:00+00:00,3324.68,3365.66,3314.01,3329.39,951995.507
2026-01-14 06:00:00+00:00,3329.38,3342.0,3281.59,3285.2,752669.777
2026-01-14 12:00:00+00:00,3285.19,3403.77,3280.0,3340.96,2157639.113
2026-01-14 18:00:00+00:00,3340.95,3402.15,3313.94,3353.27,1021849.437
2026-01-15 00:00:00+00:00,3353.28,3354.61,3275.36,3309.02,803839.973
2026-01-15 06:00:00+00:00,3309.02,3377.78,3308.0,3348.63,859763.817
2026-01-15 12:00:00+00:00,3348.63,3383.07,3282.07,3299.56,1729530.17
2026-01-15 18:00:00+00:00,3299.55,3322.15,3266.0,3317.0,738848.864
2026-01-16 00:00:00+00:00,3317.0,3325.34,3274.05,3307.58,595416.41
2026-01-16 06:00:00+00:00,3307.59,3319.43,3291.56,3300.69,387579.628
2026-01-16 12:00:00+00:00,3300.7,3317.17,3251.42,3283.15,1198361.175
2026-01-16 18:00:00+00:00,3283.15,3298.86,3263.06,3294.77,368824.943
2026-01-17 00:00:00+00:00,3294.77,3296.02,3282.39,3290.22,142802.082
2026-01-17 06:00:00+00:00,3290.22,3304.96,3285.82,3301.4,234583.139
2026-01-17 12:00:00+00:00,3301.39,3328.36,3298.0,3317.85,580810.913
2026-01-17 18:00:00+00:00,3317.84,3319.7,3295.42,3308.87,190431.723
2026-01-18 00:00:00+00:00,3308.86,3319.77,3294.52,3314.37,221990.351
2026-01-18 06:00:00+00:00,3314.37,3324.41,3301.56,3320.6,258664.058
2026-01-18 12:00:00+00:00,3320.61,3346.7,3312.71,3343.4,505336.144
2026-01-18 18:00:00+00:00,3343.39,3367.98,3277.42,3282.77,830527.917
2026-01-19 00:00:00+00:00,3282.77,3283.2,3175.0,3201.0,2021968.593
2026-01-19 06:00:00+00:00,3201.0,3229.66,3184.15,3222.18,541708.599
2026-01-19 12:00:00+00:00,3222.18,3234.71,3200.01,3218.3,421225.166
2026-01-19 18:00:00+00:00,3218.3,3224.0,3165.0,3188.01,580985.342
2026-01-20 00:00:00+00:00,3188.01,3199.73,3150.0,3170.13,797981.459
2026-01-20 06:00:00+00:00,3170.12,3171.0,3083.49,3108.14,1430699.816
2026-01-20 12:00:00+00:00,3108.15,3113.52,2982.42,2998.41,2524844.986
2026-01-20 18:00:00+00:00,2998.4,3007.92,2910.0,2938.24,1109691.357
2026-01-21 00:00:00+00:00,2938.25,3001.01,2920.08,2991.71,842434.495
2026-01-21 06:00:00+00:00,2991.71,2992.5,2935.0,2942.17,667395.025
2026-01-21 12:00:00+00:00,2942.17,3026.06,2864.29,2902.01,3291151.749
2026-01-21 18:00:00+00:00,2902.0,3069.34,2885.82,2980.66,1728713.248
2026-01-22 00:00:00+00:00,2980.67,3037.49,2979.28,3018.74,584412.497
2026-01-22 06:00:00+00:00,3018.74,3026.56,2976.07,2984.78,594382.974
2026-01-22 12:00:00+00:00,2984.79,3009.0,2904.11,2960.26,1816996.144
2026-01-22 18:00:00+00:00,2960.26,2971.84,2926.88,2951.21,515244.608
2026-01-23 00:00:00+00:00,2951.21,2983.62,2944.47,2966.97,371846.311
2026-01-23 06:00:00+00:00,2966.96,2974.39,2913.49,2939.52,744107.026
2026-01-23 12:00:00+00:00,2939.53,3020.45,2890.2,2986.02,1635491.391
2026-01-23 18:00:00+00:00,2986.03,3006.51,2929.0,2955.08,669656.438
2026-01-24 00:00:00+00:00,2955.08,2968.75,2947.72,2959.67,205000.236
2026-01-24 06:00:00+00:00,2959.68,2963.61,2953.03,2959.93,120619.306
2026-01-24 12:00:00+00:00,2959.93,2966.93,2942.0,2962.97,308370.573
2026-01-24 18:00:00+00:00,2962.97,2967.3,2947.0,2952.09,148595.162
2026-01-25 00:00:00+00:00,2952.09,2959.27,2935.5,2946.04,231523.143
2026-01-25 06:00:00+00:00,2946.03,2947.0,2918.55,2936.16,374421.643
2026-01-25 12:00:00+00:00,2936.15,2944.08,2874.1,2883.04,972616.421
2026-01-25 18:00:00+00:00,2883.04,2887.72,2784.15,2815.49,2060708.0
2026-01-26 00:00:00+00:00,2815.49,2898.02,2810.72,2868.14,1337277.608
2026-01-26 06:00:00+00:00,2868.14,2935.0,2864.52,2890.92,1185556.588
2026-01-26 12:00:00+00:00,2890.91,2950.0,2872.78,2908.36,1773189.671
2026-01-26 18:00:00+00:00,2908.36,2945.6,2893.9,2928.9,916600.703
2026-01-27 00:00:00+00:00,2928.89,2958.0,2910.93,2938.25,540612.46
2026-01-27 06:00:00+00:00,2938.25,2941.48,2898.89,2915.89,484484.118
2026-01-27 12:00:00+00:00,2915.88,2997.64,2904.15,2928.89,1723947.126
2026-01-27 18:00:00+00:00,2928.89,3034.99,2924.51,3024.92,1143885.114
2026-01-28 00:00:00+00:00,3024.92,3028.5,2991.53,3003.03,422114.791
2026-01-28 06:00:00+00:00,3003.04,3045.0,2985.33,3038.41,722596.118
2026-01-28 12:00:00+00:00,3038.4,3044.39,2981.7,3013.36,1076083.394
2026-01-28 18:00:00+00:00,3013.37,3038.1,2995.01,3009.36,754456.444
2026-01-29 00:00:00+00:00,3009.36,3012.04,2936.39,2950.08,893982.014
2026-01-29 06:00:00+00:00,2950.09,2969.0,2922.21,2928.08,607644.873
2026-01-29 12:00:00+00:00,2928.09,2938.0,2795.03,2823.19,2661814.114
2026-01-29 18:00:00+00:00,2823.18,2833.4,2752.5,2821.0,1593065.006
2026-01-30 00:00:00+00:00,2821.0,2827.27,2673.33,2745.78,1883253.477
2026-01-30 06:00:00+00:00,2745.78,2767.8,2695.03,2758.5,1222645.933
2026-01-30 12:00:00+00:00,2758.49,2765.5,2689.0,2711.16,1834731.947
2026-01-30 18:00:00+00:00,2711.16,2760.0,2634.63,2705.66,2143174.551
2026-01-31 00:00:00+00:00,2705.66,2713.43,2683.01,2696.98,388457.462
2026-01-31 06:00:00+00:00,2696.98,2700.0,2605.41,2639.04,1282551.945
2026-01-31 12:00:00+00:00,2639.04,2643.21,2350.56,2401.44,4435406.231
2026-01-31 18:00:00+00:00,2401.43,2473.2,2202.4,2450.38,3490916.287
2026-02-01 00:00:00+00:00,2450.38,2474.98,2422.79,2429.6,786262.444
2026-02-01 06:00:00+00:00,2429.6,2439.99,2374.65,2410.65,1466550.585
2026-02-01 12:00:00+00:00,2410.65,2411.31,2282.06,2313.08,2725010.912
2026-02-01 18:00:00+00:00,2313.07,2378.09,2218.0,2269.04,2506776.362
2026-02-02 00:00:00+00:00,2269.03,2322.71,2163.21,2196.71,3397698.543
2026-02-02 06:00:00+00:00,2196.7,2317.49,2156.0,2281.21,2841252.314
2026-02-02 12:00:00+00:00,2281.2,2395.4,2280.78,2355.07,2619400.841
2026-02-02 18:00:00+00:00,2355.07,2358.57,2311.47,2345.55,918192.886
2026-02-03 00:00:00+00:00,2345.56,2358.6,2282.01,2315.28,1392756.643
2026-02-03 06:00:00+00:00,2315.28,2333.0,2259.77,2275.63,1592440.733
2026-02-03 12:00:00+00:00,2275.63,2316.36,2191.23,2194.32,2964764.909
2026-02-03 18:00:00+00:00,2194.32,2353.97,2103.4,2232.23,4898246.192
2026-02-04 00:00:00+00:00,2232.23,2295.0,2221.77,2264.38,1078676.292
2026-02-04 06:00:00+00:00,2264.38,2294.38,2225.24,2253.73,1278389.274
2026-02-04 12:00:00+00:00,2253.73,2262.2,2091.55,2125.26,4954492.037
2026-02-04 18:00:00+00:00,2125.26,2195.0,2073.68,2147.01,3273907.013
2026-02-05 00:00:00+00:00,2147.01,2173.0,2076.26,2100.43,2632638.16
2026-02-05 06:00:00+00:00,2100.44,2149.38,2060.0,2078.74,2655720.248
2026-02-05 12:00:00+00:00,2078.72,2107.34,1925.41,1953.53,6223560.62
2026-02-05 18:00:00+00:00,1953.53,1967.93,1813.44,1824.95,5143541.713
2026-02-06 00:00:00+00:00,1824.94,1974.83,1736.02,1957.62,4507502.458
2026-02-06 06:00:00+00:00,1957.62,1966.08,1865.24,1931.76,2561885.514
2026-02-06 12:00:00+00:00,1931.75,2090.0,1914.0,2066.53,3871041.841
2026-02-06 18:00:00+00:00,2066.53,2095.1,2029.67,2062.54,2051712.115
2026-02-07 00:00:00+00:00,2062.55,2118.87,2031.76,2082.74,1372601.45
2026-02-07 06:00:00+00:00,2082.73,2092.7,1993.34,2017.52,1877531.135
2026-02-07 12:00:00+00:00,2017.53,2125.0,2008.18,2060.26,5144044.267
2026-02-07 18:00:00+00:00,2060.26,2116.79,2057.87,2085.93,848259.649
2026-02-08 00:00:00+00:00,2085.94,2106.0,2065.28,2083.55,641311.112
2026-02-08 06:00:00+00:00,2083.55,2137.0,2067.16,2130.98,1311782.095
2026-02-08 12:00:00+00:00,2130.98,2144.35,2070.91,2091.09,1448594.055
2026-02-08 18:00:00+00:00,2091.09,2152.0,2070.46,2088.6,1153492.017
2026-02-09 00:00:00+00:00,2088.59,2102.42,2052.92,2094.54,1042119.423
2026-02-09 06:00:00+00:00,2094.53,2094.54,2012.0,2027.43,1454816.679
2026-02-09 12:00:00+00:00,2027.44,2136.73,2008.0,2126.62,2300229.998
2026-02-09 18:00:00+00:00,2126.61,2148.0,2086.87,2103.96,1315223.281
2026-02-10 00:00:00+00:00,2103.96,2123.7,2043.08,2051.7,1196697.146
2026-02-10 06:00:00+00:00,2051.7,2056.6,1993.35,2001.87,1905551.631
2026-02-10 12:00:00+00:00,2001.87,2046.1,1983.77,2038.87,1851316.366
2026-02-10 18:00:00+00:00,2038.88,2041.61,1994.11,2021.51,765974.583
2026-02-11 00:00:00+00:00,2021.51,2031.0,1961.97,1973.3,1141717.32
2026-02-11 06:00:00+00:00,1973.31,1976.49,1930.39,1952.33,1487828.861
2026-02-11 12:00:00+00:00,1952.32,2015.43,1901.22,1928.92,3236522.715
2026-02-11 18:00:00+00:00,1928.93,1987.47,1914.42,1940.07,1135647.711
2026-02-12 00:00:00+00:00,1940.07,1977.0,1940.07,1969.8,774198.497
2026-02-12 06:00:00+00:00,1969.79,2000.9,1956.19,1987.88,1012710.238
2026-02-12 12:00:00+00:00,1987.87,1995.53,1893.77,1909.08,2473524.697
2026-02-12 18:00:00+00:00,1909.09,1952.27,1900.23,1947.15,989018.719
2026-02-13 00:00:00+00:00,1947.15,1957.94,1926.72,1932.99,695063.502
2026-02-13 06:00:00+00:00,1932.99,1968.49,1923.29,1959.25,923045.028
2026-02-13 12:00:00+00:00,1959.26,2073.0,1951.59,2058.36,2536601.954
2026-02-13 18:00:00+00:00,2058.36,2063.93,2036.76,2047.6,602214.456
2026-02-14 00:00:00+00:00,2047.6,2057.4,2041.0,2050.09,285211.271
2026-02-14 06:00:00+00:00,2050.1,2107.02,2047.2,2098.22,891682.34
2026-02-14 12:00:00+00:00,2098.22,2099.23,2063.16,2079.26,980527.845
2026-02-14 18:00:00+00:00,2079.27,2098.94,2077.08,2085.43,394388.362
2026-02-15 00:00:00+00:00,2085.43,2095.94,2034.35,2087.64,1253040.551
2026-02-15 06:00:00+00:00,2087.65,2102.73,2052.52,2060.97,803529.303
2026-02-15 12:00:00+00:00,2060.98,2067.8,1945.26,1970.13,1897708.922
2026-02-15 18:00:00+00:00,1970.13,1980.81,1926.83,1965.47,1308809.906
2026-02-16 00:00:00+00:00,1965.48,1980.64,1947.24,1956.93,699786.95
2026-02-16 06:00:00+00:00,1956.93,1992.23,1954.65,1975.15,829642.454
2026-02-16 12:00:00+00:00,1975.15,2023.3,1935.39,1978.02,2104451.135
2026-02-16 18:00:00+00:00,1978.01,2003.29,1965.14,1997.35,588603.102
2026-02-17 00:00:00+00:00,1997.36,2008.64,1963.5,1974.6,724798.654
2026-02-17 06:00:00+00:00,1974.6,1989.92,1960.19,1967.58,573911.233
2026-02-17 12:00:00+00:00,1967.58,2009.89,1940.01,1965.09,2270401.873
2026-02-17 18:00:00+00:00,1965.08,2014.91,1960.44,1990.68,846151.902
2026-02-18 00:00:00+00:00,1990.68,2001.96,1967.27,1995.29,564497.659
2026-02-18 06:00:00+00:00,1995.29,2038.27,1975.2,1980.19,1235096.161
2026-02-18 12:00:00+00:00,1980.19,2009.8,1953.2,1973.46,1909248.115
2026-02-18 18:00:00+00:00,1973.46,1976.83,1921.64,1954.77,1238351.543
2026-02-19 00:00:00+00:00,1954.77,1979.41,1949.1,1969.39,521661.265
2026-02-19 06:00:00+00:00,1969.38,1986.91,1946.11,1948.7,795920.556
2026-02-19 12:00:00+00:00,1948.71,1955.2,1905.5,1919.59,2191786.296
2026-02-19 18:00:00+00:00,1919.59,1953.0,1915.0,1948.15,659955.086
2026-02-20 00:00:00+00:00,1948.15,1964.84,1928.52,1954.33,885106.819
2026-02-20 06:00:00+00:00,1954.34,1972.99,1939.24,1942.76,791455.792
2026-02-20 12:00:00+00:00,1942.76,1980.27,1921.53,1965.6,2231125.837
2026-02-20 18:00:00+00:00,1965.6,1980.73,1958.0,1967.85,707008.905
2026-02-21 00:00:00+00:00,1967.85,1969.99,1955.07,1962.01,258293.444
2026-02-21 06:00:00+00:00,1962.01,1988.2,1959.0,1976.25,557213.824
2026-02-21 12:00:00+00:00,1976.24,1996.64,1968.31,1987.96,739050.494
2026-02-21 18:00:00+00:00,1987.95,1994.59,1967.03,1972.54,397756.516
2026-02-22 00:00:00+00:00,1972.54,1982.83,1966.1,1974.11,356087.492
2026-02-22 06:00:00+00:00,1974.1,1982.67,1969.04,1979.84,275054.205
2026-02-22 12:00:00+00:00,1979.85,1980.6,1933.0,1939.23,1174896.97
2026-02-22 18:00:00+00:00,1939.23,1960.0,1937.28,1957.01,375506.445
2026-02-23 00:00:00+00:00,1957.0,1957.58,1844.46,1864.26,2219251.161
2026-02-23 06:00:00+00:00,1864.26,1927.73,1862.33,1914.41,1370015.312
2026-02-23 12:00:00+00:00,1914.4,1935.27,1836.06,1862.99,2168323.822
2026-02-23 18:00:00+00:00,1862.99,1873.58,1845.7,1855.47,839232.989
2026-02-24 00:00:00+00:00,1855.47,1868.94,1810.46,1825.28,1729554.835
2026-02-24 06:00:00+00:00,1825.27,1835.55,1813.16,1825.74,839162.644
2026-02-24 12:00:00+00:00,1825.75,1864.58,1796.0,1854.39,2334997.534
2026-02-24 18:00:00+00:00,1854.39,1863.5,1843.74,1851.09,548150.172
2026-02-25 00:00:00+00:00,1851.1,1945.7,1845.7,1887.09,2057910.706
2026-02-25 06:00:00+00:00,1887.09,1927.89,1881.29,1925.28,883371.698
2026-02-25 12:00:00+00:00,1925.27,2084.93,1921.23,2073.1,3414574.953
2026-02-25 18:00:00+00:00,2073.1,2149.95,2033.18,2056.5,2152548.955
2026-02-26 00:00:00+00:00,2056.51,2083.09,2037.83,2065.19,1025891.165
2026-02-26 06:00:00+00:00,2065.18,2082.65,2043.47,2056.51,899124.4
2026-02-26 12:00:00+00:00,2056.52,2077.4,1975.8,1987.45,2400041.094
2026-02-26 18:00:00+00:00,1987.44,2042.6,1973.49,2026.71,992849.183
2026-02-27 00:00:00+00:00,2026.7,2063.71,1999.2,2040.68,1060638.292
2026-02-27 06:00:00+00:00,2040.68,2045.59,1951.48,1960.79,1575392.445
2026-02-27 12:00:00+00:00,1960.79,1968.0,1906.0,1930.99,2174667.567
2026-02-27 18:00:00+00:00,1930.99,1932.85,1885.0,1928.5,954579.936
2026-02-28 00:00:00+00:00,1928.51,1937.37,1912.2,1919.15,478883.811
2026-02-28 06:00:00+00:00,1919.16,1919.56,1834.06,1862.27,2567897.744
2026-02-28 12:00:00+00:00,1862.28,1914.99,1861.01,1905.82,1765736.862
2026-02-28 18:00:00+00:00,1905.82,1984.22,1900.18,1963.48,1601469.081
2026-03-01 00:00:00+00:00,1963.48,2054.67,1942.42,2010.44,2007082.578
2026-03-01 06:00:00+00:00,2010.44,2011.78,1971.02,1982.3,1126770.048
2026-03-01 12:00:00+00:00,1982.3,2027.77,1950.85,1960.05,1849007.904
2026-03-01 18:00:00+00:00,1960.05,1996.72,1905.91,1938.57,1830424.266
2026-03-02 00:00:00+00:00,1938.58,1988.52,1936.33,1969.99,1036655.621
2026-03-02 06:00:00+00:00,1970.0,1970.36,1916.0,1946.56,1327756.607
2026-03-02 12:00:00+00:00,1946.55,2089.0,1919.77,2040.12,3650510.667
2026-03-02 18:00:00+00:00,2040.12,2058.58,2014.46,2026.69,1107754.561
2026-03-03 00:00:00+00:00,2026.69,2041.22,1986.13,1992.46,1136761.945
2026-03-03 06:00:00+00:00,1992.47,2002.84,1938.01,1960.09,1757965.473
2026-03-03 12:00:00+00:00,1960.1,2013.33,1926.32,1979.55,2926829.772
2026-03-03 18:00:00+00:00,1979.55,2000.98,1958.16,1981.85,915657.145
2026-03-04 00:00:00+00:00,1981.85,1997.99,1943.4,1970.08,1033358.314
2026-03-04 06:00:00+00:00,1970.09,2093.0,1962.11,2054.18,2675879.914
2026-03-04 12:00:00+00:00,2054.18,2165.88,2035.2,2144.83,3117524.931
2026-03-04 18:00:00+00:00,2144.82,2199.47,2115.33,2125.98,1449940.609
2026-03-05 00:00:00+00:00,2125.97,2144.37,2106.32,2118.51,1083829.296
2026-03-05 06:00:00+00:00,2118.5,2163.0,2092.43,2136.76,1348461.488
2026-03-05 12:00:00+00:00,2136.76,2142.38,2053.3,2058.84,2441071.365
2026-03-05 18:00:00+00:00,2058.85,2099.3,2056.69,2072.18,762074.855
2026-03-06 00:00:00+00:00,2072.17,2092.39,2058.0,2067.63,738702.541
2026-03-06 06:00:00+00:00,2067.62,2086.57,2044.12,2050.02,933654.666
2026-03-06 12:00:00+00:00,2050.03,2062.0,1954.25,1965.76,2799660.466
2026-03-06 18:00:00+00:00,1965.75,1991.98,1965.43,1977.66,649989.881
2026-03-07 00:00:00+00:00,1977.66,1995.74,1961.66,1977.75,552064.149
2026-03-07 06:00:00+00:00,1977.76,1993.83,1966.01,1987.51,537906.208
2026-03-07 12:00:00+00:00,1987.52,1989.85,1969.2,1976.56,491163.398
2026-03-07 18:00:00+00:00,1976.56,1976.56,1946.87,1968.39,596529.328
2026-03-08 00:00:00+00:00,1968.39,1976.33,1927.58,1947.86,825958.211
2026-03-08 06:00:00+00:00,1947.86,1979.03,1941.68,1950.29,769881.431
2026-03-08 12:00:00+00:00,1950.28,1953.75,1922.86,1934.54,993991.976
2026-03-08 18:00:00+00:00,1934.54,1970.16,1906.63,1935.97,1513689.837
2026-03-09 00:00:00+00:00,1935.98,2013.33,1928.2,2009.86,1880618.14
2026-03-09 06:00:00+00:00,2009.86,2021.88,1962.27,1991.49,1351177.853
2026-03-09 12:00:00+00:00,1991.49,2039.21,1991.42,2015.89,1819329.877
2026-03-09 18:00:00+00:00,2015.88,2052.83,1988.18,1992.28,1216841.036
2026-03-10 00:00:00+00:00,1992.28,2053.93,1990.23,2043.28,1238435.23
2026-03-10 06:00:00+00:00,2043.28,2074.0,2035.33,2060.77,1020926.904
2026-03-10 12:00:00+00:00,2060.77,2088.0,2007.77,2070.69,2533425.161
2026-03-10 18:00:00+00:00,2070.7,2072.3,2015.78,2035.39,1211126.476
2026-03-11 00:00:00+00:00,2035.38,2041.0,2010.0,2013.26,820841.074
2026-03-11 06:00:00+00:00,2013.26,2033.54,2005.9,2016.96,705250.256
2026-03-11 12:00:00+00:00,2016.97,2084.98,2011.51,2067.11,2424186.628
2026-03-11 18:00:00+00:00,2067.11,2083.85,2044.12,2050.99,639784.852
2026-03-12 00:00:00+00:00,2050.98,2057.37,2016.17,2025.79,867006.075
2026-03-12 06:00:00+00:00,2025.8,2075.65,2023.5,2061.77,1149185.762
2026-03-12 12:00:00+00:00,2061.77,2094.57,2036.18,2057.27,2380661.224
2026-03-12 18:00:00+00:00,2057.27,2093.53,2044.0,2072.6,992376.388
2026-03-13 00:00:00+00:00,2072.6,2148.0,2069.1,2109.54,1593989.202
2026-03-13 06:00:00+00:00,2109.53,2133.0,2088.52,2120.02,1215605.245
2026-03-13 12:00:00+00:00,2120.01,2209.49,2088.44,2102.02,4056637.955
2026-03-13 18:00:00+00:00,2102.02,2116.39,2077.03,2091.01,902880.448
2026-03-14 00:00:00+00:00,2091.0,2105.75,2080.06,2091.3,645754.849
2026-03-14 06:00:00+00:00,2091.3,2091.3,2060.09,2072.65,713627.697
2026-03-14 12:00:00+00:00,2072.65,2079.55,2067.58,2073.97,403621.668
2026-03-14 18:00:00+00:00,2073.97,2098.58,2071.7,2095.27,384821.51
2026-03-15 00:00:00+00:00,2095.28,2116.35,2081.59,2106.89,662879.567
2026-03-15 06:00:00+00:00,2106.89,2123.25,2102.01,2118.6,480077.621
2026-03-15 12:00:00+00:00,2118.61,2118.96,2085.1,2109.65,861136.536
2026-03-15 18:00:00+00:00,2109.65,2202.87,2092.65,2177.73,1893560.585
2026-03-16 00:00:00+00:00,2177.73,2288.0,2163.32,2279.41,2692419.228
2026-03-16 06:00:00+00:00,2279.42,2280.78,2233.0,2268.81,1498567.521
2026-03-16 12:00:00+00:00,2268.82,2321.46,2253.51,2313.44,3063648.99
2026-03-16 18:00:00+00:00,2313.44,2385.78,2312.67,2351.66,1975718.791
2026-03-17 00:00:00+00:00,2351.66,2377.0,2292.57,2306.3,2118233.589
2026-03-17 06:00:00+00:00,2306.29,2337.5,2297.21,2325.75,1160179.947
2026-03-17 12:00:00+00:00,2325.75,2356.66,2303.0,2338.93,1631861.904
2026-03-17 18:00:00+00:00,2338.93,2345.0,2315.51,2316.45,584675.951
2026-03-18 00:00:00+00:00,2316.45,2349.99,2305.6,2317.52,839347.781
2026-03-18 06:00:00+00:00,2317.53,2332.98,2262.01,2268.1,1486162.272
2026-03-18 12:00:00+00:00,2268.11,2269.74,2163.03,2202.59,3414532.823
2026-03-18 18:00:00+00:00,2202.59,2219.0,2150.7,2201.95,1384959.549
2026-03-19 00:00:00+00:00,2201.96,2232.64,2185.3,2188.01,946148.068
2026-03-19 06:00:00+00:00,2188.01,2194.8,2141.79,2166.0,1626483.925
2026-03-19 12:00:00+00:00,2165.99,2166.58,2098.02,2126.09,2774424.099
2026-03-19 18:00:00+00:00,2126.09,2155.9,2113.01,2136.56,885652.816
2026-03-20 00:00:00+00:00,2136.56,2159.67,2131.07,2139.33,688604.081
2026-03-20 06:00:00+00:00,2139.32,2175.64,2120.04,2140.37,1317728.269
2026-03-20 12:00:00+00:00,2140.36,2152.0,2114.2,2135.91,1611783.467
2026-03-20 18:00:00+00:00,2135.92,2167.53,2116.28,2145.08,847057.834
2026-03-21 00:00:00+00:00,2145.08,2159.0,2142.88,2152.14,317110.21
2026-03-21 06:00:00+00:00,2152.14,2160.71,2148.45,2156.53,288366.414
2026-03-21 12:00:00+00:00,2156.54,2168.0,2140.15,2147.22,516638.754
2026-03-21 18:00:00+00:00,2147.22,2156.12,2068.78,2083.37,765953.168
2026-03-22 00:00:00+00:00,2083.37,2126.38,2045.57,2112.01,1403704.036
2026-03-22 06:00:00+00:00,2112.02,2112.59,2065.21,2068.97,945449.394
2026-03-22 12:00:00+00:00,2068.96,2092.6,2066.87,2078.46,652396.873
2026-03-22 18:00:00+00:00,2078.46,2079.54,2024.11,2052.85,1212815.995
2026-03-23 00:00:00+00:00,2052.86,2071.92,2034.38,2068.28,914656.844
2026-03-23 06:00:00+00:00,2068.27,2199.0,2021.58,2133.89,3444382.609
2026-03-23 12:00:00+00:00,2133.9,2192.54,2105.39,2151.45,3209925.124
2026-03-23 18:00:00+00:00,2151.45,2179.0,2139.06,2151.01,724544.721
2026-03-24 00:00:00+00:00,2151.0,2155.36,2122.78,2132.81,764682.851
2026-03-24 06:00:00+00:00,2132.81,2174.71,2130.67,2164.75,1067821.268
2026-03-24 12:00:00+00:00,2164.74,2169.37,2102.0,2108.38,1863916.21
2026-03-24 18:00:00+00:00,2108.38,2162.9,2103.52,2155.29,1014973.767
2026-03-25 00:00:00+00:00,2155.3,2179.72,2142.66,2167.78,812366.837
2026-03-25 06:00:00+00:00,2167.78,2200.11,2158.15,2185.01,1166027.71
2026-03-25 12:00:00+00:00,2185.01,2197.3,2145.59,2163.09,1786837.999
2026-03-25 18:00:00+00:00,2163.08,2184.99,2156.46,2168.0,502261.508
2026-03-26 00:00:00+00:00,2168.0,2171.32,2111.67,2118.63,1021924.166
2026-03-26 06:00:00+00:00,2118.63,2126.24,2061.0,2067.33,1554126.804
2026-03-26 12:00:00+00:00,2067.34,2093.64,2042.43,2048.22,1569344.983
2026-03-26 18:00:00+00:00,2048.22,2080.25,2033.22,2059.17,1300518.498
2026-03-27 00:00:00+00:00,2059.18,2076.43,2041.32,2060.18,718862.206
2026-03-27 06:00:00+00:00,2060.18,2071.59,1980.28,1990.24,1904687.111
2026-03-27 12:00:00+00:00,1990.24,2009.46,1966.2,1976.49,1870584.028
2026-03-27 18:00:00+00:00,1976.5,1996.55,1973.37,1991.58,529188.972
2026-03-28 00:00:00+00:00,1991.57,1994.3,1981.52,1993.04,313607.068
2026-03-28 06:00:00+00:00,1993.04,2007.63,1991.2,1996.41,521236.191
2026-03-28 12:00:00+00:00,1996.41,2049.36,1991.23,2019.85,1190779.179
2026-03-28 18:00:00+00:00,2019.85,2025.42,1988.16,1993.48,451433.49
2026-03-29 00:00:00+00:00,1993.48,2019.0,1990.53,2004.13,495724.853
2026-03-29 06:00:00+00:00,2004.13,2009.48,1990.4,2002.65,395731.604
2026-03-29 12:00:00+00:00,2002.65,2003.98,1982.21,1994.29,717840.285
2026-03-29 18:00:00+00:00,1994.3,2008.99,1936.54,1983.44,1223216.473
2026-03-30 00:00:00+00:00,1983.45,2058.27,1978.7,2046.82,1558213.612
2026-03-30 06:00:00+00:00,2046.83,2086.99,2040.08,2070.4,1135348.323
2026-03-30 12:00:00+00:00,2070.4,2084.82,2030.3,2040.67,1643986.752
2026-03-30 18:00:00+00:00,2040.66,2049.21,2012.14,2025.69,1120426.281
2026-03-31 00:00:00+00:00,2025.69,2093.0,2015.25,2063.39,1275701.934
2026-03-31 06:00:00+00:00,2063.39,2064.0,2011.25,2040.23,1258997.617
2026-03-31 12:00:00+00:00,2040.23,2124.51,2033.89,2092.52,3137336.486
2026-03-31 18:00:00+00:00,2092.51,2114.71,2087.0,2104.49,758750.282
2026-04-01 00:00:00+00:00,2104.48,2135.6,2081.19,2121.65,955205.039
2026-04-01 06:00:00+00:00,2121.65,2157.99,2121.61,2134.18,1257811.37
2026-04-01 12:00:00+00:00,2134.18,2167.2,2107.53,2135.86,1700379.196
2026-04-01 18:00:00+00:00,2135.86,2164.47,2122.23,2138.8,812718.201
2026-04-02 00:00:00+00:00,2138.8,2158.42,2037.23,2049.01,2379030.597
2026-04-02 06:00:00+00:00,2049.01,2055.74,2022.0,2032.04,803627.269
2026-04-02 12:00:00+00:00,2032.03,2076.0,2015.55,2046.0,1922293.061
2026-04-02 18:00:00+00:00,2046.01,2073.41,2042.18,2055.96,660009.466
2026-04-03 00:00:00+00:00,2055.97,2063.99,2038.35,2056.16,633045.86
2026-04-03 06:00:00+00:00,2056.16,2074.6,2052.02,2061.87,478645.076
2026-04-03 12:00:00+00:00,2061.88,2084.02,2040.26,2049.21,783625.787
2026-04-03 18:00:00+00:00,2049.2,2060.99,2044.2,2052.92,242393.074
2026-04-04 00:00:00+00:00,2052.93,2054.22,2046.87,2052.77,158046.32
2026-04-04 06:00:00+00:00,2052.78,2057.5,2046.45,2051.06,251093.547
2026-04-04 12:00:00+00:00,2051.06,2061.65,2043.0,2055.85,431284.123
2026-04-04 18:00:00+00:00,2055.85,2083.36,2053.75,2064.43,465768.47
2026-04-05 00:00:00+00:00,2064.43,2064.6,2046.0,2047.74,254449.145
2026-04-05 06:00:00+00:00,2047.74,2051.83,2026.32,2040.88,631100.593
2026-04-05 12:00:00+00:00,2040.88,2069.25,2020.61,2061.31,1118388.344
2026-04-05 18:00:00+00:00,2061.31,2123.23,2048.66,2109.35,1129139.386
2026-04-06 00:00:00+00:00,2109.36,2147.73,2109.36,2130.4,1045888.963
2026-04-06 06:00:00+00:00,2130.39,2174.41,2119.04,2150.55,1241132.083
2026-04-06 12:00:00+00:00,2150.54,2169.11,2122.0,2134.0,1680396.649
2026-04-06 18:00:00+00:00,2134.0,2154.42,2086.29,2106.14,1173580.564
2026-04-07 00:00:00+00:00,2106.14,2119.78,2091.93,2104.45,834386.773
2026-04-07 06:00:00+00:00,2104.45,2132.96,2080.57,2088.47,1212140.356
2026-04-07 12:00:00+00:00,2088.48,2115.81,2058.01,2098.29,1720339.589
2026-04-07 18:00:00+00:00,2098.29,2273.0,2081.41,2239.14,3114279.417
2026-04-08 00:00:00+00:00,2239.14,2251.98,2226.28,2239.73,1034805.511
2026-04-08 06:00:00+00:00,2239.73,2262.75,2234.13,2246.53,904424.146
2026-04-08 12:00:00+00:00,2246.53,2269.65,2186.03,2230.7,2194524.979
2026-04-08 18:00:00+00:00,2230.7,2231.66,2177.77,2188.87,932758.284
2026-04-09 00:00:00+00:00,2188.87,2193.23,2160.0,2181.13,743403.097
2026-04-09 06:00:00+00:00,2181.14,2196.53,2174.48,2179.02,568152.593
2026-04-09 12:00:00+00:00,2179.02,2230.0,2156.0,2221.96,2056074.398
2026-04-09 18:00:00+00:00,2221.97,2246.15,2181.7,2188.92,1097881.269
2026-04-10 00:00:00+00:00,2188.92,2203.19,2173.81,2196.05,638371.731
2026-04-10 06:00:00+00:00,2196.04,2223.0,2175.25,2214.72,834245.868
2026-04-10 12:00:00+00:00,2214.71,2257.55,2206.77,2247.18,1734389.854
2026-04-10 18:00:00+00:00,2247.17,2255.89,2233.74,2243.9,557299.025
2026-04-11 00:00:00+00:00,2243.91,2251.33,2227.03,2231.43,435875.154
2026-04-11 06:00:00+00:00,2231.43,2248.28,2228.26,2245.0,434047.691
2026-04-11 12:00:00+00:00,2245.0,2277.0,2232.2,2258.5,639543.13
2026-04-11 18:00:00+00:00,2258.5,2329.99,2255.72,2283.85,1365692.131
2026-04-12 00:00:00+00:00,2283.86,2288.12,2205.52,2216.0,1418749.376
2026-04-12 06:00:00+00:00,2216.0,2219.88,2192.42,2203.11,516652.508
2026-04-12 12:00:00+00:00,2203.11,2207.35,2173.0,2201.99,1037916.918
2026-04-12 18:00:00+00:00,2202.0,2217.7,2182.65,2190.62,731824.512
2026-04-13 00:00:00+00:00,2190.61,2207.9,2181.02,2190.36,487019.167
2026-04-13 06:00:00+00:00,2190.36,2201.47,2178.18,2186.3,616809.433
2026-04-13 12:00:00+00:00,2186.29,2243.0,2174.48,2224.11,2026216.032
2026-04-13 18:00:00+00:00,2224.12,2395.85,2217.42,2368.8,2670555.234
2026-04-14 00:00:00+00:00,2368.8,2378.0,2353.87,2354.96,729895.868
2026-04-14 06:00:00+00:00,2354.97,2395.3,2354.96,2373.12,1061818.194
2026-04-14 12:00:00+00:00,2373.13,2416.4,2322.61,2337.54,2721621.503
2026-04-14 18:00:00+00:00,2337.53,2343.42,2301.6,2321.17,918282.126
2026-04-15 00:00:00+00:00,2321.16,2342.07,2312.79,2318.29,636538.156
2026-04-15 06:00:00+00:00,2318.3,2340.0,2306.8,2336.2,715476.133
2026-04-15 12:00:00+00:00,2336.21,2358.84,2316.17,2347.57,1285785.512
2026-04-15 18:00:00+00:00,2347.57,2384.67,2344.87,2358.87,1017904.57
2026-04-16 00:00:00+00:00,2358.86,2368.45,2343.27,2355.72,512916.255
2026-04-16 06:00:00+00:00,2355.72,2359.47,2327.11,2334.42,750157.426
2026-04-16 12:00:00+00:00,2334.43,2352.0,2282.7,2324.52,2390374.747
2026-04-16 18:00:00+00:00,2324.52,2363.67,2319.0,2346.92,873986.909
2026-04-17 00:00:00+00:00,2346.93,2349.85,2314.08,2318.27,505631.851
2026-04-17 06:00:00+00:00,2318.26,2376.96,2316.52,2353.63,1092600.42
2026-04-17 12:00:00+00:00,2353.64,2463.86,2348.0,2439.02,3317825.465
2026-04-17 18:00:00+00:00,2439.02,2441.65,2414.12,2417.66,761568.491
2026-04-18 00:00:00+00:00,2417.65,2426.62,2397.0,2407.6,519006.828
2026-04-18 06:00:00+00:00,2407.61,2410.74,2341.52,2351.45,1284602.219
2026-04-18 12:00:00+00:00,2351.46,2374.15,2343.56,2360.0,731595.237
2026-04-18 18:00:00+00:00,2359.99,2362.32,2337.0,2348.99,479232.765
2026-04-19 00:00:00+00:00,2348.99,2353.99,2319.5,2331.24,553069.7
2026-04-19 06:00:00+00:00,2331.23,2331.84,2291.29,2327.66,910424.399
2026-04-19 12:00:00+00:00,2327.66,2348.92,2292.0,2295.0,1187359.327
2026-04-19 18:00:00+00:00,2294.99,2304.0,2250.91,2262.2,1083618.473
2026-04-20 00:00:00+00:00,2262.21,2292.91,2258.3,2269.01,693156.588
2026-04-20 06:00:00+00:00,2269.01,2331.88,2267.6,2306.94,1208164.558
2026-04-20 12:00:00+00:00,2306.95,2326.0,2276.71,2316.04,1520648.925
2026-04-20 18:00:00+00:00,2316.04,2346.84,2306.01,2312.59,1023173.136
2026-04-21 00:00:00+00:00,2312.59,2325.42,2297.51,2312.9,477992.581
2026-04-21 06:00:00+00:00,2312.89,2337.99,2306.41,2318.91,744824.805
2026-04-21 12:00:00+00:00,2318.91,2326.54,2280.82,2305.13,1602729.525
2026-04-21 18:00:00+00:00,2305.13,2330.0,2285.58,2326.13,1093443.549
2026-04-22 00:00:00+00:00,2326.12,2414.35,2311.41,2395.84,1944255.076
2026-04-22 06:00:00+00:00,2395.84,2399.84,2382.14,2397.59,653128.02
2026-04-22 12:00:00+00:00,2397.59,2423.0,2383.29,2398.33,1583841.636
2026-04-22 18:00:00+00:00,2398.32,2406.57,2372.6,2373.04,678248.936
2026-04-23 00:00:00+00:00,2373.05,2381.85,2330.0,2347.52,1258166.987
2026-04-23 06:00:00+00:00,2347.52,2357.72,2303.9,2327.93,1378579.603
2026-04-23 12:00:00+00:00,2327.92,2343.36,2283.31,2308.87,1425569.836
2026-04-23 18:00:00+00:00,2308.87,2337.76,2299.0,2328.94,714971.19
2026-04-24 00:00:00+00:00,2328.94,2336.46,2298.44,2313.8,662777.082
2026-04-24 06:00:00+00:00,2313.8,2331.0,2301.66,2326.7,733186.828
2026-04-24 12:00:00+00:00,2326.71,2330.36,2300.0,2318.53,1096861.111
2026-04-24 18:00:00+00:00,2318.53,2327.11,2305.2,2313.88,410761.91
2026-04-25 00:00:00+00:00,2313.87,2320.0,2310.0,2314.93,152571.691
2026-04-25 06:00:00+00:00,2314.93,2322.22,2309.51,2312.47,239332.074
2026-04-25 12:00:00+00:00,2312.47,2317.94,2298.98,2307.86,432347.62
2026-04-25 18:00:00+00:00,2307.85,2319.59,2306.0,2318.21,180107.833
2026-04-26 00:00:00+00:00,2318.21,2336.63,2305.07,2326.78,478236.967
2026-04-26 06:00:00+00:00,2326.78,2336.99,2325.85,2334.78,312617.239
2026-04-26 12:00:00+00:00,2334.78,2351.6,2321.97,2348.14,609113.483
2026-04-26 18:00:00+00:00,2348.15,2379.99,2346.0,2368.32,983986.433
2026-04-27 00:00:00+00:00,2368.32,2403.99,2317.0,2321.55,1645094.305
2026-04-27 06:00:00+00:00,2321.54,2327.58,2307.42,2318.77,746204.96
2026-04-27 12:00:00+00:00,2318.76,2328.72,2263.88,2285.2,1640756.565
2026-04-27 18:00:00+00:00,2285.19,2307.26,2273.23,2302.28,444381.949
2026-04-28 00:00:00+00:00,2302.28,2309.73,2278.52,2286.64,587935.389
2026-04-28 06:00:00+00:00,2286.65,2290.32,2266.54,2274.39,669989.4
2026-04-28 12:00:00+00:00,2274.39,2292.24,2256.03,2289.3,1015490.49
2026-04-28 18:00:00+00:00,2289.3,2304.93,2282.76,2288.37,442755.663
2026-04-29 00:00:00+00:00,2288.36,2342.15,2278.02,2327.84,1052068.836
2026-04-29 06:00:00+00:00,2327.84,2346.48,2318.61,2330.57,888521.389
2026-04-29 12:00:00+00:00,2330.56,2331.0,2260.66,2282.0,1653424.72
2026-04-29 18:00:00+00:00,2281.97,2284.86,2218.83,2251.52,1715526.939
2026-04-30 00:00:00+00:00,2251.53,2277.92,2230.1,2241.77,876123.507
2026-04-30 06:00:00+00:00,2241.78,2273.0,2240.85,2257.05,717295.664
2026-04-30 12:00:00+00:00,2257.05,2274.8,2244.96,2256.88,748323.08
2026-04-30 18:00:00+00:00,2256.88,2266.35,2250.98,2256.49,248739.927
2026-05-01 00:00:00+00:00,2256.5,2294.99,2256.03,2282.21,629256.609
2026-05-01 06:00:00+00:00,2282.22,2292.33,2270.62,2285.32,464949.668
2026-05-01 12:00:00+00:00,2285.32,2324.64,2282.68,2310.69,1530454.362
2026-05-01 18:00:00+00:00,2310.7,2311.49,2278.0,2294.34,493510.753
2026-05-02 00:00:00+00:00,2294.34,2308.09,2291.41,2298.18,277006.676
2026-05-02 06:00:00+00:00,2298.19,2306.9,2295.96,2301.0,187239.094
2026-05-02 12:00:00+00:00,2300.99,2312.94,2299.84,2304.74,237158.237
2026-05-02 18:00:00+00:00,2304.74,2342.0,2302.32,2315.9,477293.031
2026-05-03 00:00:00+00:00,2315.91,2316.62,2296.01,2302.88,396949.884
2026-05-03 06:00:00+00:00,2302.89,2327.29,2298.34,2318.87,433529.676
2026-05-03 12:00:00+00:00,2318.88,2334.42,2318.88,2330.63,440418.863
2026-05-03 18:00:00+00:00,2330.63,2356.75,2313.11,2321.67,813063.241
2026-05-04 00:00:00+00:00,2321.67,2398.88,2308.1,2375.23,1712820.244
2026-05-04 06:00:00+00:00,2375.23,2377.63,2313.05,2336.2,1607709.641
2026-05-04 12:00:00+00:00,2336.2,2382.0,2324.2,2368.91,1929787.093
2026-05-04 18:00:00+00:00,2368.91,2374.15,2343.61,2346.11,550417.826
2026-05-05 00:00:00+00:00,2346.12,2389.97,2344.0,2378.94,718868.547
2026-05-05 06:00:00+00:00,2378.93,2387.5,2365.14,2378.65,656939.506
2026-05-05 12:00:00+00:00,2378.65,2398.88,2358.16,2361.74,1479065.528
2026-05-05 18:00:00+00:00,2361.74,2387.88,2352.79,2359.47,829348.576
2026-05-06 00:00:00+00:00,2359.47,2379.88,2352.42,2363.69,661876.106
2026-05-06 06:00:00+00:00,2363.69,2422.52,2359.41,2408.99,1843893.343
2026-05-06 12:00:00+00:00,2408.99,2412.55,2343.27,2348.35,2127956.046
2026-05-06 18:00:00+00:00,2348.36,2356.03,2335.17,2349.7,697060.597
2026-05-07 00:00:00+00:00,2349.69,2351.29,2311.48,2330.19,997661.159
2026-05-07 06:00:00+00:00,2330.2,2345.83,2316.11,2329.02,847180.876
2026-05-07 12:00:00+00:00,2329.01,2335.88,2278.0,2298.56,1707536.278
2026-05-07 18:00:00+00:00,2298.56,2303.2,2278.74,2289.91,780303.669
2026-05-08 00:00:00+00:00,2289.92,2293.28,2263.43,2275.06,669940.546
2026-05-08 06:00:00+00:00,2275.05,2297.14,2266.0,2293.85,736680.74
2026-05-08 12:00:00+00:00,2293.85,2314.76,2268.32,2303.8,1220039.42
2026-05-08 18:00:00+00:00,2303.8,2320.66,2302.3,2306.17,635010.301
2026-05-09 00:00:00+00:00,2306.17,2324.51,2303.38,2313.7,394196.08
2026-05-09 06:00:00+00:00,2313.69,2319.38,2309.14,2313.68,289033.008
2026-05-09 12:00:00+00:00,2313.69,2332.95,2296.66,2328.74,937994.41
2026-05-09 18:00:00+00:00,2328.73,2337.79,2323.47,2325.22,269945.909
2026-05-10 00:00:00+00:00,2325.23,2333.95,2317.02,2326.23,253839.06
2026-05-10 06:00:00+00:00,2326.22,2333.1,2317.68,2321.5,263468.727
2026-05-10 12:00:00+00:00,2321.51,2367.66,2319.7,2363.42,1087440.481
2026-05-10 18:00:00+00:00,2363.42,2381.88,2310.01,2370.21,1742608.235
2026-05-11 00:00:00+00:00,2370.21,2373.91,2318.39,2334.01,1089696.863
2026-05-11 06:00:00+00:00,2334.0,2343.0,2325.47,2334.72,378278.338
2026-05-11 12:00:00+00:00,2334.72,2343.31,2302.51,2335.48,1252850.44
2026-05-11 18:00:00+00:00,2335.48,2344.88,2330.65,2338.61,365588.084
2026-05-12 00:00:00+00:00,2338.62,2339.8,2292.94,2309.01,721024.247
2026-05-12 06:00:00+00:00,2309.0,2312.79,2276.31,2285.91,953824.016
2026-05-12 12:00:00+00:00,2285.91,2294.09,2255.15,2275.7,1325786.739
2026-05-12 18:00:00+00:00,2275.69,2291.16,2272.59,2273.62,420208.734
2026-05-13 00:00:00+00:00,2273.61,2308.76,2271.6,2296.6,609676.763
2026-05-13 06:00:00+00:00,2296.6,2322.68,2295.65,2300.74,702064.658
2026-05-13 12:00:00+00:00,2300.74,2306.91,2233.0,2257.24,1977116.155
2026-05-13 18:00:00+00:00,2257.24,2267.98,2249.25,2257.54,339880.119
2026-05-14 00:00:00+00:00,2257.53,2272.92,2237.05,2267.23,714370.793
2026-05-14 06:00:00+00:00,2267.23,2274.52,2251.25,2252.81,651221.774
2026-05-14 12:00:00+00:00,2252.8,2318.6,2245.01,2307.28,2128009.459
2026-05-14 18:00:00+00:00,2307.27,2316.11,2278.87,2282.06,688881.244
2026-05-15 00:00:00+00:00,2282.06,2299.36,2236.25,2243.97,1202154.62
2026-05-15 06:00:00+00:00,2243.97,2270.64,2242.35,2256.32,697483.326
2026-05-15 12:00:00+00:00,2256.33,2259.67,2203.55,2228.41,1786516.906
2026-05-15 18:00:00+00:00,2228.4,2231.8,2213.09,2223.66,336510.152
2026-05-16 00:00:00+00:00,2223.65,2230.79,2216.54,2224.43,278932.035
2026-05-16 06:00:00+00:00,2224.42,2225.99,2160.5,2175.33,1489790.497
2026-05-16 12:00:00+00:00,2175.33,2187.42,2169.0,2177.87,458830.701
2026-05-16 18:00:00+00:00,2177.86,2184.33,2175.22,2179.66,155681.914
2026-05-17 00:00:00+00:00,2179.67,2194.9,2166.66,2184.9,522358.502
2026-05-17 06:00:00+00:00,2184.9,2197.63,2180.5,2191.13,335296.166
2026-05-17 12:00:00+00:00,2191.13,2197.41,2175.04,2182.69,414924.278
2026-05-17 18:00:00+00:00,2182.69,2194.0,2085.0,2129.88,1212293.323
2026-05-18 00:00:00+00:00,2129.88,2131.0,2102.93,2117.27,1014678.974
2026-05-18 06:00:00+00:00,2117.26,2139.18,2108.33,2132.98,688617.028
2026-05-18 12:00:00+00:00,2132.98,2156.52,2089.01,2107.01,1974531.355
2026-05-18 18:00:00+00:00,2107.0,2141.97,2074.26,2128.99,1426850.525
2026-05-19 00:00:00+00:00,2128.99,2146.99,2118.4,2134.26,705705.459
2026-05-19 06:00:00+00:00,2134.27,2144.22,2105.73,2109.74,842073.741
2026-05-19 12:00:00+00:00,2109.73,2126.95,2093.16,2114.86,1288225.466
2026-05-19 18:00:00+00:00,2114.86,2122.45,2101.21,2111.0,364966.496
2026-05-20 00:00:00+00:00,2110.99,2129.85,2101.79,2124.56,576122.81
2026-05-20 06:00:00+00:00,2124.55,2138.0,2123.18,2127.38,564539.457
2026-05-20 12:00:00+00:00,2127.38,2148.6,2112.5,2139.56,1295120.107
2026-05-20 18:00:00+00:00,2139.56,2140.72,2117.41,2128.6,386477.297
2026-05-21 00:00:00+00:00,2128.59,2157.0,2127.67,2135.41,600391.846
2026-05-21 06:00:00+00:00,2135.4,2147.51,2108.29,2114.08,940534.524
2026-05-21 12:00:00+00:00,2114.08,2152.78,2103.51,2145.67,1292075.842
2026-05-21 18:00:00+00:00,2145.67,2147.31,2120.03,2132.78,517092.318
2026-05-22 00:00:00+00:00,2132.78,2140.75,2124.05,2128.34,368460.466
2026-05-22 06:00:00+00:00,2128.34,2132.67,2117.76,2129.65,467453.25
2026-05-22 12:00:00+00:00,2129.64,2137.33,2111.0,2118.62,854403.558
2026-05-22 18:00:00+00:00,2118.63,2120.88,2056.05,2064.98,1663781.247
2026-05-23 00:00:00+00:00,2064.99,2071.1,2051.49,2064.0,451644.37
2026-05-23 06:00:00+00:00,2064.01,2064.88,2007.0,2030.46,1376861.463
2026-05-23 12:00:00+00:00,2030.46,2067.84,2026.1,2063.14,1047641.763
2026-05-23 18:00:00+00:00,2063.14,2149.86,2062.74,2116.82,1894014.521
2026-05-24 00:00:00+00:00,2116.82,2126.73,2112.0,2119.06,376375.626
2026-05-24 06:00:00+00:00,2119.05,2131.1,2116.63,2125.07,391193.398
2026-05-24 12:00:00+00:00,2125.08,2125.5,2075.6,2101.93,1046432.89
2026-05-24 18:00:00+00:00,2101.93,2107.49,2061.26,2098.99,782640.646
2026-05-25 00:00:00+00:00,2098.99,2112.67,2090.84,2107.21,571284.443
2026-05-25 06:00:00+00:00,2107.21,2123.72,2098.08,2113.89,563326.145
2026-05-25 12:00:00+00:00,2113.88,2141.6,2111.04,2127.82,689203.79
2026-05-25 18:00:00+00:00,2127.82,2133.12,2101.09,2111.64,506384.016
2026-05-26 00:00:00+00:00,2111.64,2112.95,2083.39,2099.82,721319.852
2026-05-26 06:00:00+00:00,2099.82,2136.84,2088.63,2120.0,989568.081
2026-05-26 12:00:00+00:00,2119.99,2139.66,2053.0,2069.9,2342024.561
2026-05-26 18:00:00+00:00,2069.9,2081.25,2064.56,2072.99,423539.672
2026-05-27 00:00:00+00:00,2073.0,2083.54,2055.0,2076.34,527790.925
2026-05-27 06:00:00+00:00,2076.34,2096.13,2073.74,2079.58,581906.098
2026-05-27 12:00:00+00:00,2079.57,2096.61,2043.43,2051.35,1623984.404
2026-05-27 18:00:00+00:00,2051.35,2065.99,2013.98,2023.7,1187633.912
2026-05-28 00:00:00+00:00,2023.7,2028.47,1965.48,1977.73,1934191.647
2026-05-28 06:00:00+00:00,1977.73,1997.95,1971.42,1988.73,732196.707
2026-05-28 12:00:00+00:00,1988.73,2026.82,1966.15,2018.42,1774063.931
2026-05-28 18:00:00+00:00,2018.43,2029.5,2004.43,2008.92,625226.02
2026-05-29 00:00:00+00:00,2008.92,2016.29,1995.74,2013.63,509581.507
2026-05-29 06:00:00+00:00,2013.63,2020.76,2001.29,2006.62,557798.189
2026-05-29 12:00:00+00:00,2006.63,2046.0,1975.37,2027.57,2508480.283
2026-05-29 18:00:00+00:00,2027.57,2030.99,2003.0,2013.35,829094.124
2026-05-30 00:00:00+00:00,2013.36,2023.3,2000.83,2015.04,504477.231
2026-05-30 06:00:00+00:00,2015.03,2021.88,2011.89,2016.54,246685.714
2026-05-30 12:00:00+00:00,2016.54,2031.51,2016.16,2026.42,428356.437
2026-05-30 18:00:00+00:00,2026.41,2030.79,2019.24,2021.58,232833.515
2026-05-31 00:00:00+00:00,2021.59,2037.55,2019.85,2029.27,360669.223
2026-05-31 06:00:00+00:00,2029.27,2030.2,2014.4,2022.23,366073.368
2026-05-31 12:00:00+00:00,2022.22,2025.7,1995.42,2005.03,877591.766
2026-05-31 18:00:00+00:00,2005.04,2022.27,1992.84,2006.31,513253.288
2026-06-01 00:00:00+00:00,2006.3,2020.9,1990.09,1993.61,879343.879
2026-06-01 06:00:00+00:00,1993.61,1994.38,1970.3,1980.73,980639.354
2026-06-01 12:00:00+00:00,1980.73,1996.42,1954.42,1989.86,2212623.496
2026-06-01 18:00:00+00:00,1989.86,2009.42,1982.56,2006.0,863752.863
2026-06-02 00:00:00+00:00,2006.01,2006.44,1961.31,1984.08,1197322.246
2026-06-02 06:00:00+00:00,1984.08,1989.65,1965.52,1977.52,958247.053
2026-06-02 12:00:00+00:00,1977.53,1982.07,1888.0,1923.49,3351166.88
2026-06-02 18:00:00+00:00,1923.5,1927.39,1837.01,1858.96,2486150.321
2026-06-03 00:00:00+00:00,1858.96,1875.88,1816.0,1872.66,2002086.499
2026-06-03 06:00:00+00:00,1872.66,1892.39,1866.91,1877.6,1294863.764
2026-06-03 12:00:00+00:00,1877.61,1879.62,1810.09,1827.4,2056001.526
2026-06-03 18:00:00+00:00,1827.41,1851.58,1767.71,1812.46,2251093.194
2026-06-04 00:00:00+00:00,1812.45,1819.9,1712.52,1783.37,3283673.763
2026-06-04 06:00:00+00:00,1783.37,1801.44,1728.88,1750.67,2171383.88
2026-06-04 12:00:00+00:00,1750.67,1793.66,1743.27,1767.05,1970247.87
2026-06-04 18:00:00+00:00,1767.04,1787.38,1751.6,1769.86,978561.86
2026-06-05 00:00:00+00:00,1769.85,1774.34,1680.1,1683.37,2510516.81
2026-06-05 06:00:00+00:00,1683.36,1689.23,1622.31,1662.39,3353064.627
2026-06-05 12:00:00+00:00,1662.39,1677.0,1546.0,1593.22,5394656.388
2026-06-05 18:00:00+00:00,1593.22,1618.85,1538.13,1582.35,3060600.766
2026-06-06 00:00:00+00:00,1582.35,1600.56,1503.6,1566.09,2503807.449
2026-06-06 06:00:00+00:00,1566.09,1592.8,1533.33,1557.73,2057705.569
2026-06-06 12:00:00+00:00,1557.74,1574.99,1542.72,1552.56,1317791.191
2026-06-06 18:00:00+00:00,1552.56,1569.0,1548.72,1568.6,659738.588
2026-06-07 00:00:00+00:00,1568.6,1608.8,1563.0,1602.99,1299670.276
2026-06-07 06:00:00+00:00,1603.0,1648.0,1597.33,1629.39,1776333.338
2026-06-07 12:00:00+00:00,1629.39,1639.59,1605.46,1630.09,1246333.096
2026-06-07 18:00:00+00:00,1630.08,1721.57,1601.99,1689.66,1862870.722
2026-06-08 00:00:00+00:00,1689.66,1710.97,1643.65,1652.65,1525667.101
2026-06-08 06:00:00+00:00,1652.65,1696.22,1651.66,1687.95,1299814.983
