ts_ms,open,high,low,close,volume
2022-06-09 12:00:00+00:00,0.01683,0.017147,0.016662,0.017057,217005832.0
2022-06-09 18:00:00+00:00,0.017053,0.017071,0.016706,0.016796,147340144.0
2022-06-10 00:00:00+00:00,0.016799,0.01683,0.016313,0.016718,251038140.0
2022-06-10 06:00:00+00:00,0.016717,0.016959,0.016421,0.016593,338046846.0
2022-06-10 12:00:00+00:00,0.016593,0.01671,0.015702,0.015869,503451074.0
2022-06-10 18:00:00+00:00,0.015869,0.016023,0.015524,0.015755,176509700.0
2022-06-11 00:00:00+00:00,0.015753,0.016049,0.015678,0.015922,118045082.0
2022-06-11 06:00:00+00:00,0.015925,0.016074,0.0151,0.01519,295869012.0
2022-06-11 12:00:00+00:00,0.015192,0.015344,0.01455,0.014904,419817653.0
2022-06-11 18:00:00+00:00,0.014904,0.015162,0.014787,0.014923,181212359.0
2022-06-12 00:00:00+00:00,0.014923,0.015001,0.013927,0.014156,442994373.0
2022-06-12 06:00:00+00:00,0.014146,0.014837,0.014132,0.014691,334154825.0
2022-06-12 12:00:00+00:00,0.0147,0.0155,0.014363,0.01517,615776536.0
2022-06-12 18:00:00+00:00,0.015172,0.015203,0.014241,0.014291,254733865.0
2022-06-13 00:00:00+00:00,0.014288,0.014485,0.013224,0.013403,741157032.0
2022-06-13 06:00:00+00:00,0.013404,0.013576,0.012569,0.012808,787446048.0
2022-06-13 12:00:00+00:00,0.012801,0.01386,0.012798,0.01367,759537938.0
2022-06-13 18:00:00+00:00,0.013665,0.014276,0.013128,0.013599,449743102.0
2022-06-14 00:00:00+00:00,0.013594,0.013984,0.012422,0.01384,623699528.0
2022-06-14 06:00:00+00:00,0.013837,0.014035,0.01314,0.013316,391849611.0
2022-06-14 12:00:00+00:00,0.013314,0.013782,0.01307,0.013313,440067822.0
2022-06-14 18:00:00+00:00,0.013315,0.013851,0.013143,0.013748,303638511.0
2022-06-15 00:00:00+00:00,0.013748,0.01388,0.012711,0.012999,365096309.0
2022-06-15 06:00:00+00:00,0.012997,0.013323,0.012448,0.013081,744830945.0
2022-06-15 12:00:00+00:00,0.013087,0.013546,0.012847,0.013372,559190426.0
2022-06-15 18:00:00+00:00,0.01338,0.014538,0.012812,0.014531,542896681.0
2022-06-16 00:00:00+00:00,0.014526,0.014741,0.014146,0.014152,284204809.0
2022-06-16 06:00:00+00:00,0.014147,0.014322,0.013186,0.013323,411457667.0
2022-06-16 12:00:00+00:00,0.013328,0.013625,0.013019,0.01334,442947752.0
2022-06-16 18:00:00+00:00,0.013336,0.013452,0.012748,0.012977,290377216.0
2022-06-17 00:00:00+00:00,0.012983,0.013481,0.012872,0.013369,313173151.0
2022-06-17 06:00:00+00:00,0.01337,0.013692,0.013286,0.013454,265781793.0
2022-06-17 12:00:00+00:00,0.013448,0.01354,0.013141,0.013335,278198309.0
2022-06-17 18:00:00+00:00,0.013336,0.013542,0.013229,0.013412,179631562.0
2022-06-18 00:00:00+00:00,0.013416,0.013801,0.013153,0.013329,283647055.0
2022-06-18 06:00:00+00:00,0.013332,0.01335,0.01231,0.012734,501733815.0
2022-06-18 12:00:00+00:00,0.012735,0.012812,0.012342,0.012416,199366482.0
2022-06-18 18:00:00+00:00,0.012421,0.012878,0.011756,0.012683,545409261.0
2022-06-19 00:00:00+00:00,0.012683,0.012886,0.012204,0.012351,331067072.0
2022-06-19 06:00:00+00:00,0.012352,0.013275,0.012292,0.013205,462509254.0
2022-06-19 12:00:00+00:00,0.013205,0.013314,0.01288,0.013044,290658531.0
2022-06-19 18:00:00+00:00,0.013039,0.013978,0.013028,0.013799,469927594.0
2022-06-20 00:00:00+00:00,0.013794,0.013882,0.01316,0.013476,314691323.0
2022-06-20 06:00:00+00:00,0.013475,0.0142,0.013392,0.014197,365558560.0
2022-06-20 12:00:00+00:00,0.014198,0.014271,0.013782,0.013811,311855555.0
2022-06-20 18:00:00+00:00,0.013808,0.0143,0.0137,0.014195,252224077.0
2022-06-21 00:00:00+00:00,0.014195,0.014619,0.013859,0.014528,313015802.0
2022-06-21 06:00:00+00:00,0.014522,0.015188,0.014384,0.014668,503719736.0
2022-06-21 12:00:00+00:00,0.014665,0.016788,0.014646,0.015871,1844586769.0
2022-06-21 18:00:00+00:00,0.01587,0.01625,0.015629,0.016152,651254359.0
2022-06-22 00:00:00+00:00,0.01616,0.016775,0.015272,0.015498,1159015732.0
2022-06-22 06:00:00+00:00,0.015499,0.015604,0.014996,0.015278,665492057.0
2022-06-22 12:00:00+00:00,0.015277,0.015345,0.01461,0.014803,738061405.0
2022-06-22 18:00:00+00:00,0.014801,0.014901,0.014417,0.014449,353568074.0
2022-06-23 00:00:00+00:00,0.01445,0.01489,0.014356,0.014807,418632297.0
2022-06-23 06:00:00+00:00,0.014799,0.01507,0.014701,0.014794,433841268.0
2022-06-23 12:00:00+00:00,0.01479,0.014914,0.014344,0.014544,345274166.0
2022-06-23 18:00:00+00:00,0.014544,0.015094,0.014496,0.015026,368733499.0
2022-06-24 00:00:00+00:00,0.015027,0.015317,0.014875,0.014909,401492580.0
2022-06-24 06:00:00+00:00,0.014915,0.015432,0.014769,0.015274,302018400.0
2022-06-24 12:00:00+00:00,0.015277,0.015476,0.014944,0.015006,317882876.0
2022-06-24 18:00:00+00:00,0.015003,0.015399,0.014958,0.015218,214526553.0
2022-06-25 00:00:00+00:00,0.015212,0.015469,0.014981,0.015214,296016882.0
2022-06-25 06:00:00+00:00,0.015216,0.015517,0.015112,0.015159,244100154.0
2022-06-25 12:00:00+00:00,0.015167,0.015246,0.014411,0.014704,393274699.0
2022-06-25 18:00:00+00:00,0.014704,0.015176,0.014651,0.015096,232189999.0
2022-06-26 00:00:00+00:00,0.015095,0.015234,0.014854,0.015107,266772785.0
2022-06-26 06:00:00+00:00,0.01511,0.01537,0.014905,0.015309,251785994.0
2022-06-26 12:00:00+00:00,0.015308,0.015368,0.014572,0.014697,269861076.0
2022-06-26 18:00:00+00:00,0.014702,0.014875,0.014189,0.01425,370423282.0
2022-06-27 00:00:00+00:00,0.01425,0.014586,0.01417,0.014474,243276721.0
2022-06-27 06:00:00+00:00,0.014469,0.014789,0.014405,0.01454,199663690.0
2022-06-27 12:00:00+00:00,0.014541,0.014655,0.014122,0.014434,380676917.0
2022-06-27 18:00:00+00:00,0.014432,0.014617,0.0142,0.014426,295719176.0
2022-06-28 00:00:00+00:00,0.014422,0.014577,0.014027,0.014246,254654511.0
2022-06-28 06:00:00+00:00,0.014244,0.014743,0.014243,0.014538,253337046.0
2022-06-28 12:00:00+00:00,0.014538,0.014714,0.014069,0.014134,281187783.0
2022-06-28 18:00:00+00:00,0.014131,0.014167,0.013662,0.013732,359061796.0
2022-06-29 00:00:00+00:00,0.013737,0.013932,0.0136,0.013721,297483439.0
2022-06-29 06:00:00+00:00,0.013725,0.01387,0.0135,0.013674,289982422.0
2022-06-29 12:00:00+00:00,0.013679,0.013797,0.013353,0.013622,384826989.0
2022-06-29 18:00:00+00:00,0.013626,0.013942,0.013513,0.013696,264029294.0
2022-06-30 00:00:00+00:00,0.013698,0.013754,0.013318,0.013467,254395740.0
2022-06-30 06:00:00+00:00,0.013468,0.013524,0.012697,0.012934,423000195.0
2022-06-30 12:00:00+00:00,0.012934,0.013202,0.012703,0.01308,275043950.0
2022-06-30 18:00:00+00:00,0.013084,0.013434,0.012768,0.013361,300824252.0
2022-07-01 00:00:00+00:00,0.013357,0.013765,0.012929,0.013017,376226373.0
2022-07-01 06:00:00+00:00,0.013013,0.013385,0.012878,0.013088,204275516.0
2022-07-01 12:00:00+00:00,0.013086,0.013353,0.013018,0.013294,193658089.0
2022-07-01 18:00:00+00:00,0.013293,0.013531,0.013109,0.013206,159480858.0
2022-07-02 00:00:00+00:00,0.013207,0.013311,0.012894,0.013179,252576084.0
2022-07-02 06:00:00+00:00,0.01318,0.01332,0.013054,0.01325,140461045.0
2022-07-02 12:00:00+00:00,0.013248,0.014121,0.013223,0.01373,365210448.0
2022-07-02 18:00:00+00:00,0.013731,0.014343,0.013716,0.01396,481101982.0
2022-07-03 00:00:00+00:00,0.013963,0.014187,0.013648,0.013745,639093774.0
2022-07-03 06:00:00+00:00,0.013752,0.013895,0.013501,0.013579,350201965.0
2022-07-03 12:00:00+00:00,0.013581,0.013606,0.013096,0.01337,515690605.0
2022-07-03 18:00:00+00:00,0.013373,0.013627,0.013282,0.013469,250671794.0
2022-07-04 00:00:00+00:00,0.013473,0.013525,0.013106,0.013294,277365979.0
2022-07-04 06:00:00+00:00,0.013289,0.013676,0.013172,0.013635,281824594.0
2022-07-04 12:00:00+00:00,0.013636,0.013827,0.013398,0.013726,267507484.0
2022-07-04 18:00:00+00:00,0.013721,0.01396,0.013602,0.013871,230285776.0
2022-07-05 00:00:00+00:00,0.013868,0.014006,0.01355,0.013849,245980095.0
2022-07-05 06:00:00+00:00,0.013847,0.013933,0.013337,0.013375,224772702.0
2022-07-05 12:00:00+00:00,0.013372,0.013478,0.013188,0.013395,229051761.0
2022-07-05 18:00:00+00:00,0.013394,0.013736,0.013343,0.013478,233458951.0
2022-07-06 00:00:00+00:00,0.013479,0.013618,0.013309,0.01347,221289803.0
2022-07-06 06:00:00+00:00,0.013475,0.013627,0.013375,0.013496,179817132.0
2022-07-06 12:00:00+00:00,0.013497,0.013672,0.013406,0.013481,204740973.0
2022-07-06 18:00:00+00:00,0.013484,0.013871,0.013443,0.013708,226931483.0
2022-07-07 00:00:00+00:00,0.013704,0.013753,0.013478,0.013521,179648651.0
2022-07-07 06:00:00+00:00,0.013519,0.013717,0.013486,0.013655,179519835.0
2022-07-07 12:00:00+00:00,0.013654,0.014049,0.013553,0.013898,258022910.0
2022-07-07 18:00:00+00:00,0.013899,0.014087,0.013832,0.013973,189431574.0
2022-07-08 00:00:00+00:00,0.013977,0.014418,0.013851,0.013959,270939033.0
2022-07-08 06:00:00+00:00,0.013957,0.014028,0.01358,0.013724,266124028.0
2022-07-08 12:00:00+00:00,0.013726,0.013954,0.013514,0.013829,259219627.0
2022-07-08 18:00:00+00:00,0.013828,0.014189,0.013816,0.01383,175246404.0
2022-07-09 00:00:00+00:00,0.01383,0.014113,0.013822,0.014058,144972726.0
2022-07-09 06:00:00+00:00,0.014061,0.014701,0.014033,0.014406,457565058.0
2022-07-09 12:00:00+00:00,0.014407,0.01462,0.014282,0.014549,239194938.0
2022-07-09 18:00:00+00:00,0.014548,0.014568,0.01437,0.014418,110558324.0
2022-07-10 00:00:00+00:00,0.014418,0.014559,0.014008,0.014333,253434369.0
2022-07-10 06:00:00+00:00,0.014332,0.014378,0.014124,0.014267,173168040.0
2022-07-10 12:00:00+00:00,0.014269,0.014305,0.013629,0.013753,306753369.0
2022-07-10 18:00:00+00:00,0.013751,0.013874,0.013682,0.013759,113149028.0
2022-07-11 00:00:00+00:00,0.013761,0.01377,0.013102,0.013155,330030403.0
2022-07-11 06:00:00+00:00,0.013152,0.013341,0.013038,0.013216,172455743.0
2022-07-11 12:00:00+00:00,0.013212,0.013399,0.013075,0.013291,169429418.0
2022-07-11 18:00:00+00:00,0.013292,0.013312,0.012718,0.012771,223649442.0
2022-07-12 00:00:00+00:00,0.012766,0.012924,0.012659,0.01286,205114304.0
2022-07-12 06:00:00+00:00,0.012856,0.012876,0.012602,0.012832,199340197.0
2022-07-12 12:00:00+00:00,0.012833,0.012983,0.012761,0.012897,138601347.0
2022-07-12 18:00:00+00:00,0.012899,0.012917,0.012543,0.012595,153299563.0
2022-07-13 00:00:00+00:00,0.012594,0.012876,0.012516,0.012804,116803327.0
2022-07-13 06:00:00+00:00,0.012806,0.013009,0.012742,0.012921,171490669.0
2022-07-13 12:00:00+00:00,0.012926,0.013062,0.012112,0.012861,508941506.0
2022-07-13 18:00:00+00:00,0.012859,0.013158,0.012733,0.01312,165184978.0
2022-07-14 00:00:00+00:00,0.013117,0.013161,0.012857,0.012942,170629119.0
2022-07-14 06:00:00+00:00,0.012936,0.012961,0.012632,0.012693,134616488.0
2022-07-14 12:00:00+00:00,0.012695,0.013375,0.012599,0.013323,307847165.0
2022-07-14 18:00:00+00:00,0.013327,0.013451,0.013135,0.013303,167487015.0
2022-07-15 00:00:00+00:00,0.013307,0.013615,0.013158,0.013544,269633194.0
2022-07-15 06:00:00+00:00,0.013547,0.013646,0.013374,0.013401,199478908.0
2022-07-15 12:00:00+00:00,0.013394,0.013545,0.013185,0.013233,182547808.0
2022-07-15 18:00:00+00:00,0.013234,0.013607,0.013234,0.013315,127019820.0
2022-07-16 00:00:00+00:00,0.013313,0.013379,0.013163,0.013221,91189366.0
2022-07-16 06:00:00+00:00,0.013218,0.013308,0.013101,0.013232,91752041.0
2022-07-16 12:00:00+00:00,0.013231,0.013788,0.013228,0.013524,242492111.0
2022-07-16 18:00:00+00:00,0.013524,0.013653,0.013377,0.013606,110785147.0
2022-07-17 00:00:00+00:00,0.013611,0.013711,0.013404,0.013659,122646946.0
2022-07-17 06:00:00+00:00,0.01366,0.013852,0.013443,0.013555,175145485.0
2022-07-17 12:00:00+00:00,0.01355,0.013639,0.013284,0.013333,190101203.0
2022-07-17 18:00:00+00:00,0.013325,0.013585,0.013279,0.013388,100810517.0
2022-07-18 00:00:00+00:00,0.013389,0.014212,0.013356,0.014161,388402334.0
2022-07-18 06:00:00+00:00,0.014163,0.014348,0.013987,0.01405,284938310.0
2022-07-18 12:00:00+00:00,0.01405,0.014399,0.013911,0.013922,237741412.0
2022-07-18 18:00:00+00:00,0.013923,0.01434,0.013719,0.014257,212884069.0
2022-07-19 00:00:00+00:00,0.014253,0.014429,0.013727,0.013975,331802767.0
2022-07-19 06:00:00+00:00,0.01398,0.014331,0.013789,0.014274,228463630.0
2022-07-19 12:00:00+00:00,0.014273,0.014801,0.014203,0.014684,602591423.0
2022-07-19 18:00:00+00:00,0.014685,0.014912,0.014627,0.014734,224927109.0
2022-07-20 00:00:00+00:00,0.014735,0.015111,0.01455,0.015069,300262528.0
2022-07-20 06:00:00+00:00,0.015072,0.015107,0.014266,0.014613,324896283.0
2022-07-20 12:00:00+00:00,0.014608,0.014847,0.014187,0.014221,282210211.0
2022-07-20 18:00:00+00:00,0.014217,0.014397,0.013575,0.013822,393392222.0
2022-07-21 00:00:00+00:00,0.013822,0.013843,0.013261,0.013567,423280231.0
2022-07-21 06:00:00+00:00,0.013571,0.013689,0.013426,0.013517,229034673.0
2022-07-21 12:00:00+00:00,0.013514,0.013976,0.013427,0.013756,293988694.0
2022-07-21 18:00:00+00:00,0.013756,0.013972,0.013652,0.013821,202961880.0
2022-07-22 00:00:00+00:00,0.013818,0.01399,0.013696,0.013936,191162452.0
2022-07-22 06:00:00+00:00,0.013934,0.01418,0.013842,0.014163,222266651.0
2022-07-22 12:00:00+00:00,0.014158,0.014232,0.013615,0.013695,286167761.0
2022-07-22 18:00:00+00:00,0.013689,0.013782,0.013392,0.013495,173136370.0
2022-07-23 00:00:00+00:00,0.013494,0.013933,0.013366,0.013799,214574872.0
2022-07-23 06:00:00+00:00,0.013808,0.013893,0.01336,0.013382,186066109.0
2022-07-23 12:00:00+00:00,0.013387,0.013571,0.013303,0.013343,174433843.0
2022-07-23 18:00:00+00:00,0.013347,0.013684,0.01325,0.013549,136737909.0
2022-07-24 00:00:00+00:00,0.013549,0.013823,0.013443,0.013778,188975839.0
2022-07-24 06:00:00+00:00,0.013776,0.01387,0.013619,0.013709,178667006.0
2022-07-24 12:00:00+00:00,0.013713,0.013795,0.013576,0.013726,131780192.0
2022-07-24 18:00:00+00:00,0.013725,0.013928,0.013551,0.01359,132926161.0
2022-07-25 00:00:00+00:00,0.013589,0.013697,0.012984,0.013173,254926753.0
2022-07-25 06:00:00+00:00,0.013173,0.013226,0.013051,0.013165,183463702.0
2022-07-25 12:00:00+00:00,0.013166,0.013214,0.012919,0.013132,240291882.0
2022-07-25 18:00:00+00:00,0.013131,0.013195,0.012687,0.012716,274652438.0
2022-07-26 00:00:00+00:00,0.012721,0.013024,0.012609,0.012905,371122711.0
2022-07-26 06:00:00+00:00,0.012908,0.013094,0.0127,0.012857,543745306.0
2022-07-26 12:00:00+00:00,0.01286,0.012953,0.0126,0.012833,351780347.0
2022-07-26 18:00:00+00:00,0.012832,0.013337,0.012757,0.013308,354038104.0
2022-07-27 00:00:00+00:00,0.013311,0.013351,0.0129,0.013197,288601472.0
2022-07-27 06:00:00+00:00,0.013197,0.013306,0.012991,0.013025,217614766.0
2022-07-27 12:00:00+00:00,0.013022,0.013344,0.012978,0.013177,217024257.0
2022-07-27 18:00:00+00:00,0.013171,0.013912,0.013171,0.013893,457439469.0
2022-07-28 00:00:00+00:00,0.013893,0.014098,0.013761,0.013996,295603283.0
2022-07-28 06:00:00+00:00,0.013996,0.014059,0.013752,0.014019,237316937.0
2022-07-28 12:00:00+00:00,0.01402,0.015191,0.013619,0.015131,808797176.0
2022-07-28 18:00:00+00:00,0.015129,0.015145,0.014778,0.014854,288129738.0
2022-07-29 00:00:00+00:00,0.014853,0.015773,0.014853,0.015229,644024729.0
2022-07-29 06:00:00+00:00,0.015226,0.015348,0.014396,0.014543,333030813.0
2022-07-29 12:00:00+00:00,0.014543,0.014869,0.014326,0.014571,328324131.0
2022-07-29 18:00:00+00:00,0.014572,0.014882,0.014502,0.014561,175200148.0
2022-07-30 00:00:00+00:00,0.014564,0.014786,0.0144,0.014621,197488777.0
2022-07-30 06:00:00+00:00,0.014616,0.01509,0.014558,0.014929,282683751.0
2022-07-30 12:00:00+00:00,0.014932,0.015331,0.014893,0.015244,210961295.0
2022-07-30 18:00:00+00:00,0.015238,0.0153,0.014337,0.014493,245833588.0
2022-07-31 00:00:00+00:00,0.014495,0.01488,0.014341,0.014707,214201864.0
2022-07-31 06:00:00+00:00,0.014707,0.014938,0.014412,0.014866,182045938.0
2022-07-31 12:00:00+00:00,0.014866,0.016454,0.014828,0.015428,1129997519.0
2022-07-31 18:00:00+00:00,0.015426,0.015593,0.014559,0.014709,373328885.0
2022-08-01 00:00:00+00:00,0.014709,0.015235,0.014644,0.015051,253047548.0
2022-08-01 06:00:00+00:00,0.015054,0.015205,0.01465,0.015146,328485946.0
2022-08-01 12:00:00+00:00,0.015148,0.015307,0.014751,0.0149,439410569.0
2022-08-01 18:00:00+00:00,0.014903,0.015499,0.014889,0.015304,273510797.0
2022-08-02 00:00:00+00:00,0.015308,0.015914,0.01441,0.014649,732371350.0
2022-08-02 06:00:00+00:00,0.014664,0.014902,0.014437,0.014656,240479853.0
2022-08-02 12:00:00+00:00,0.014653,0.01504,0.014406,0.01481,307006228.0
2022-08-02 18:00:00+00:00,0.014804,0.01492,0.014594,0.014748,150780403.0
2022-08-03 00:00:00+00:00,0.014751,0.014949,0.014292,0.014848,329564357.0
2022-08-03 06:00:00+00:00,0.014848,0.015066,0.014777,0.015028,201286793.0
2022-08-03 12:00:00+00:00,0.015027,0.015129,0.01484,0.015082,210506526.0
2022-08-03 18:00:00+00:00,0.01508,0.015195,0.014537,0.014676,188540647.0
2022-08-04 00:00:00+00:00,0.014677,0.014987,0.014646,0.014913,176143531.0
2022-08-04 06:00:00+00:00,0.014913,0.014983,0.014463,0.014547,217365166.0
2022-08-04 12:00:00+00:00,0.014546,0.014772,0.014351,0.01451,324810294.0
2022-08-04 18:00:00+00:00,0.014511,0.014635,0.0143,0.014579,199602985.0
2022-08-05 00:00:00+00:00,0.014583,0.014912,0.01453,0.014889,192663119.0
2022-08-05 06:00:00+00:00,0.01489,0.015106,0.014831,0.0151,163687737.0
2022-08-05 12:00:00+00:00,0.015099,0.015154,0.014681,0.014844,333345622.0
2022-08-05 18:00:00+00:00,0.014842,0.015238,0.014783,0.015225,199815558.0
2022-08-06 00:00:00+00:00,0.015227,0.015399,0.01515,0.015371,261481021.0
2022-08-06 06:00:00+00:00,0.015372,0.015584,0.015372,0.015479,279652629.0
2022-08-06 12:00:00+00:00,0.015479,0.015741,0.015409,0.015613,286830409.0
2022-08-06 18:00:00+00:00,0.015604,0.015687,0.015227,0.015361,202511796.0
2022-08-07 00:00:00+00:00,0.015357,0.01541,0.015,0.015206,195510132.0
2022-08-07 06:00:00+00:00,0.015206,0.015325,0.01512,0.01532,96745691.0
2022-08-07 12:00:00+00:00,0.015316,0.015432,0.015223,0.015357,185394169.0
2022-08-07 18:00:00+00:00,0.015354,0.015498,0.015142,0.015232,154754619.0
2022-08-08 00:00:00+00:00,0.015233,0.015428,0.015141,0.015385,158161779.0
2022-08-08 06:00:00+00:00,0.015385,0.015764,0.015384,0.015723,250204997.0
2022-08-08 12:00:00+00:00,0.015726,0.015797,0.01526,0.015422,240773821.0
2022-08-08 18:00:00+00:00,0.015422,0.015581,0.015176,0.015402,143779083.0
2022-08-09 00:00:00+00:00,0.015396,0.01565,0.015285,0.015584,190413771.0
2022-08-09 06:00:00+00:00,0.015582,0.01559,0.014789,0.01485,401105840.0
2022-08-09 12:00:00+00:00,0.014849,0.015032,0.014412,0.01451,431571253.0
2022-08-09 18:00:00+00:00,0.01451,0.01453,0.014236,0.014518,276351764.0
2022-08-10 00:00:00+00:00,0.014518,0.01452,0.014041,0.01429,321368666.0
2022-08-10 06:00:00+00:00,0.014289,0.015433,0.014216,0.014859,826038216.0
2022-08-10 12:00:00+00:00,0.014858,0.015882,0.014724,0.015614,784582465.0
2022-08-10 18:00:00+00:00,0.015615,0.016,0.015442,0.01589,540379106.0
2022-08-11 00:00:00+00:00,0.015889,0.016224,0.015822,0.015948,480679203.0
2022-08-11 06:00:00+00:00,0.015951,0.016331,0.015667,0.015934,461398376.0
2022-08-11 12:00:00+00:00,0.015934,0.016788,0.015827,0.016191,896042666.0
2022-08-11 18:00:00+00:00,0.01619,0.016209,0.01586,0.016129,235823439.0
2022-08-12 00:00:00+00:00,0.01613,0.017205,0.015729,0.016358,1024587303.0
2022-08-12 06:00:00+00:00,0.01636,0.016677,0.015842,0.015915,602434344.0
2022-08-12 12:00:00+00:00,0.015919,0.016249,0.015905,0.016148,388980220.0
2022-08-12 18:00:00+00:00,0.016149,0.016343,0.016052,0.016318,199114879.0
2022-08-13 00:00:00+00:00,0.016325,0.016379,0.016171,0.016291,183154943.0
2022-08-13 06:00:00+00:00,0.016285,0.0164,0.015946,0.016019,206735703.0
2022-08-13 12:00:00+00:00,0.016021,0.016249,0.015902,0.016227,131792130.0
2022-08-13 18:00:00+00:00,0.016226,0.016269,0.016017,0.016118,106587849.0
2022-08-14 00:00:00+00:00,0.016114,0.016459,0.016033,0.016457,128233665.0
2022-08-14 06:00:00+00:00,0.016456,0.016565,0.016242,0.016305,196156629.0
2022-08-14 12:00:00+00:00,0.016305,0.016326,0.015516,0.015686,260535846.0
2022-08-14 18:00:00+00:00,0.015684,0.015889,0.015613,0.015781,128497497.0
2022-08-15 00:00:00+00:00,0.015782,0.016317,0.015654,0.016146,252924277.0
2022-08-15 06:00:00+00:00,0.01614,0.016151,0.015415,0.015639,278304427.0
2022-08-15 12:00:00+00:00,0.015639,0.015999,0.015531,0.015878,182970417.0
2022-08-15 18:00:00+00:00,0.01588,0.015987,0.015609,0.0158,158474651.0
2022-08-16 00:00:00+00:00,0.0158,0.015976,0.015458,0.015556,208436112.0
2022-08-16 06:00:00+00:00,0.015557,0.01583,0.015518,0.015759,147327322.0
2022-08-16 12:00:00+00:00,0.015761,0.015833,0.015493,0.015582,187951435.0
2022-08-16 18:00:00+00:00,0.015581,0.0157,0.015442,0.015566,98342047.0
2022-08-17 00:00:00+00:00,0.015565,0.015998,0.01554,0.015993,183756684.0
2022-08-17 06:00:00+00:00,0.015988,0.016115,0.015449,0.015494,204560514.0
2022-08-17 12:00:00+00:00,0.015499,0.015517,0.014797,0.014945,434250765.0
2022-08-17 18:00:00+00:00,0.014949,0.015058,0.014533,0.014679,252186683.0
2022-08-18 00:00:00+00:00,0.014678,0.014869,0.014539,0.01481,154388883.0
2022-08-18 06:00:00+00:00,0.01481,0.014927,0.014695,0.014927,119531051.0
2022-08-18 12:00:00+00:00,0.014921,0.014987,0.014656,0.014726,114928607.0
2022-08-18 18:00:00+00:00,0.014714,0.014825,0.014045,0.014258,216162135.0
2022-08-19 00:00:00+00:00,0.014257,0.01426,0.01372,0.013891,327160110.0
2022-08-19 06:00:00+00:00,0.013891,0.014189,0.012967,0.013364,805342152.0
2022-08-19 12:00:00+00:00,0.013365,0.013607,0.013192,0.013465,327217207.0
2022-08-19 18:00:00+00:00,0.013465,0.013501,0.013024,0.013161,243315983.0
2022-08-20 00:00:00+00:00,0.013161,0.013538,0.013154,0.013416,208246662.0
2022-08-20 06:00:00+00:00,0.013415,0.013642,0.013413,0.013514,150957426.0
2022-08-20 12:00:00+00:00,0.013516,0.013538,0.013244,0.013332,185620116.0
2022-08-20 18:00:00+00:00,0.013331,0.013393,0.01295,0.013291,239960895.0
2022-08-21 00:00:00+00:00,0.013294,0.01337,0.013175,0.013262,115931858.0
2022-08-21 06:00:00+00:00,0.013262,0.013555,0.013107,0.013535,170713956.0
2022-08-21 12:00:00+00:00,0.013532,0.013694,0.013348,0.013575,153608737.0
2022-08-21 18:00:00+00:00,0.013576,0.013782,0.0134,0.013578,200213474.0
2022-08-22 00:00:00+00:00,0.013578,0.013603,0.013303,0.013451,152060801.0
2022-08-22 06:00:00+00:00,0.013447,0.01345,0.0128,0.013045,271967888.0
2022-08-22 12:00:00+00:00,0.01305,0.013261,0.012914,0.013088,311108021.0
2022-08-22 18:00:00+00:00,0.013087,0.013379,0.012887,0.013361,177739120.0
2022-08-23 00:00:00+00:00,0.013359,0.013439,0.012958,0.01296,169148356.0
2022-08-23 06:00:00+00:00,0.01296,0.013428,0.012944,0.013421,165755984.0
2022-08-23 12:00:00+00:00,0.013427,0.01354,0.013281,0.013334,173918962.0
2022-08-23 18:00:00+00:00,0.013334,0.013518,0.013327,0.013462,118448272.0
2022-08-24 00:00:00+00:00,0.013462,0.013512,0.013095,0.0133,175234909.0
2022-08-24 06:00:00+00:00,0.013303,0.013509,0.013186,0.01348,139982504.0
2022-08-24 12:00:00+00:00,0.013481,0.013712,0.013401,0.01355,244622738.0
2022-08-24 18:00:00+00:00,0.013549,0.013705,0.013329,0.013359,125061160.0
2022-08-25 00:00:00+00:00,0.013357,0.01359,0.013349,0.013547,95937193.0
2022-08-25 06:00:00+00:00,0.01355,0.014187,0.013546,0.013891,564918102.0
2022-08-25 12:00:00+00:00,0.01389,0.01402,0.013716,0.013891,358585047.0
2022-08-25 18:00:00+00:00,0.013896,0.014016,0.013821,0.013892,157722682.0
2022-08-26 00:00:00+00:00,0.013892,0.01408,0.013646,0.013736,303927622.0
2022-08-26 06:00:00+00:00,0.013733,0.013817,0.013224,0.013424,325983650.0
2022-08-26 12:00:00+00:00,0.013425,0.013864,0.012988,0.013084,411722601.0
2022-08-26 18:00:00+00:00,0.013083,0.013164,0.012746,0.012802,238058850.0
2022-08-27 00:00:00+00:00,0.012801,0.013,0.012691,0.012914,174763801.0
2022-08-27 06:00:00+00:00,0.012915,0.013112,0.012869,0.013025,167953335.0
2022-08-27 12:00:00+00:00,0.013027,0.013055,0.012767,0.012893,150183936.0
2022-08-27 18:00:00+00:00,0.012896,0.013086,0.01285,0.013014,105327462.0
2022-08-28 00:00:00+00:00,0.013013,0.013134,0.012906,0.01304,92409523.0
2022-08-28 06:00:00+00:00,0.013042,0.013171,0.013004,0.013123,90076287.0
2022-08-28 12:00:00+00:00,0.013123,0.013274,0.012928,0.013129,146007859.0
2022-08-28 18:00:00+00:00,0.013127,0.013212,0.012627,0.012718,126871157.0
2022-08-29 00:00:00+00:00,0.012717,0.014778,0.012532,0.013356,4151678252.0
2022-08-29 06:00:00+00:00,0.013351,0.013499,0.01293,0.01317,1155916125.0
2022-08-29 12:00:00+00:00,0.013168,0.013408,0.013067,0.013374,674073077.0
2022-08-29 18:00:00+00:00,0.013373,0.013458,0.013253,0.013407,249498079.0
2022-08-30 00:00:00+00:00,0.013405,0.01375,0.0133,0.013504,530425060.0
2022-08-30 06:00:00+00:00,0.013501,0.013626,0.013465,0.013529,264588972.0
2022-08-30 12:00:00+00:00,0.013529,0.013582,0.012836,0.012937,471316664.0
2022-08-30 18:00:00+00:00,0.012935,0.013195,0.01292,0.01309,218665920.0
2022-08-31 00:00:00+00:00,0.013089,0.01342,0.013087,0.01337,206361936.0
2022-08-31 06:00:00+00:00,0.013371,0.01367,0.013168,0.01327,684534509.0
2022-08-31 12:00:00+00:00,0.013267,0.013341,0.012937,0.01307,294133493.0
2022-08-31 18:00:00+00:00,0.013068,0.013248,0.012931,0.012983,184037516.0
2022-09-01 00:00:00+00:00,0.012984,0.01325,0.012811,0.012833,303825583.0
2022-09-01 06:00:00+00:00,0.012833,0.012958,0.012616,0.012944,239291654.0
2022-09-01 12:00:00+00:00,0.012945,0.012964,0.012609,0.012839,330762038.0
2022-09-01 18:00:00+00:00,0.01284,0.013089,0.012817,0.01305,185151051.0
2022-09-02 00:00:00+00:00,0.013052,0.01313,0.012848,0.013055,198081632.0
2022-09-02 06:00:00+00:00,0.013054,0.013057,0.012871,0.012958,149947646.0
2022-09-02 12:00:00+00:00,0.012959,0.013227,0.012855,0.012866,272541976.0
2022-09-02 18:00:00+00:00,0.012869,0.012956,0.012722,0.012905,151023471.0
2022-09-03 00:00:00+00:00,0.012904,0.012941,0.012746,0.012839,144152808.0
2022-09-03 06:00:00+00:00,0.012838,0.012853,0.012645,0.012746,137805874.0
2022-09-03 12:00:00+00:00,0.012745,0.012883,0.012731,0.012875,124317898.0
2022-09-03 18:00:00+00:00,0.012875,0.01289,0.012737,0.012855,75328209.0
2022-09-04 00:00:00+00:00,0.012853,0.012966,0.012853,0.012929,101998919.0
2022-09-04 06:00:00+00:00,0.012928,0.01296,0.012757,0.012951,128838722.0
2022-09-04 12:00:00+00:00,0.012951,0.013044,0.012827,0.012986,119088942.0
2022-09-04 18:00:00+00:00,0.012983,0.013075,0.01296,0.013051,94857530.0
2022-09-05 00:00:00+00:00,0.013051,0.013157,0.012786,0.012854,164403132.0
2022-09-05 06:00:00+00:00,0.012853,0.012882,0.012694,0.012786,216422457.0
2022-09-05 12:00:00+00:00,0.012785,0.012911,0.012736,0.012864,204343243.0
2022-09-05 18:00:00+00:00,0.012863,0.013006,0.01273,0.01296,180386546.0
2022-09-06 00:00:00+00:00,0.01296,0.013292,0.012833,0.013082,328341644.0
2022-09-06 06:00:00+00:00,0.013083,0.013191,0.013002,0.013125,157198381.0
2022-09-06 12:00:00+00:00,0.013124,0.013194,0.012211,0.012357,496424418.0
2022-09-06 18:00:00+00:00,0.012346,0.012352,0.012095,0.012156,344145411.0
2022-09-07 00:00:00+00:00,0.01216,0.012248,0.01183,0.012188,279803928.0
2022-09-07 06:00:00+00:00,0.012189,0.012301,0.01216,0.012197,166286969.0
2022-09-07 12:00:00+00:00,0.012197,0.012517,0.012166,0.012495,216947477.0
2022-09-07 18:00:00+00:00,0.012489,0.012824,0.012457,0.012612,272497944.0
2022-09-08 00:00:00+00:00,0.012612,0.01275,0.012557,0.012576,141549730.0
2022-09-08 06:00:00+00:00,0.012576,0.012667,0.012379,0.012595,147914091.0
2022-09-08 12:00:00+00:00,0.012595,0.012746,0.012361,0.012703,309374180.0
2022-09-08 18:00:00+00:00,0.012703,0.012817,0.012642,0.012778,111318052.0
2022-09-09 00:00:00+00:00,0.012778,0.013264,0.012743,0.013194,282703167.0
2022-09-09 06:00:00+00:00,0.013193,0.01335,0.013145,0.01319,242384693.0
2022-09-09 12:00:00+00:00,0.01319,0.013436,0.013086,0.013135,248116484.0
2022-09-09 18:00:00+00:00,0.013135,0.013419,0.013093,0.013331,134990701.0
2022-09-10 00:00:00+00:00,0.013333,0.013458,0.013056,0.013219,148797743.0
2022-09-10 06:00:00+00:00,0.013222,0.013542,0.013142,0.013247,169364249.0
2022-09-10 12:00:00+00:00,0.013248,0.013315,0.013074,0.013217,129951495.0
2022-09-10 18:00:00+00:00,0.013218,0.013379,0.01316,0.013272,96122471.0
2022-09-11 00:00:00+00:00,0.013272,0.0134,0.013136,0.013187,129902238.0
2022-09-11 06:00:00+00:00,0.013186,0.013257,0.012963,0.013243,119914175.0
2022-09-11 12:00:00+00:00,0.013241,0.01362,0.013176,0.01346,193983122.0
2022-09-11 18:00:00+00:00,0.01346,0.013518,0.013164,0.013435,169135252.0
2022-09-12 00:00:00+00:00,0.013435,0.0137,0.013201,0.01342,259874029.0
2022-09-12 06:00:00+00:00,0.013421,0.013669,0.013387,0.013611,198817399.0
2022-09-12 12:00:00+00:00,0.013612,0.013685,0.0131,0.013375,237052524.0
2022-09-12 18:00:00+00:00,0.013375,0.013465,0.013276,0.013459,94758542.0
2022-09-13 00:00:00+00:00,0.01346,0.014441,0.01308,0.013895,1310316717.0
2022-09-13 06:00:00+00:00,0.013892,0.014387,0.013757,0.013793,1038086107.0
2022-09-13 12:00:00+00:00,0.013791,0.013859,0.012744,0.012845,839057763.0
2022-09-13 18:00:00+00:00,0.012844,0.012869,0.012553,0.012649,290851672.0
2022-09-14 00:00:00+00:00,0.012649,0.012838,0.012591,0.012775,275344240.0
2022-09-14 06:00:00+00:00,0.012774,0.01281,0.012465,0.012562,268826538.0
2022-09-14 12:00:00+00:00,0.012562,0.012804,0.012455,0.012579,211196033.0
2022-09-14 18:00:00+00:00,0.012578,0.012786,0.012381,0.012699,166179409.0
2022-09-15 00:00:00+00:00,0.0127,0.012717,0.012191,0.012396,276279085.0
2022-09-15 06:00:00+00:00,0.012396,0.01272,0.01218,0.012522,255341497.0
2022-09-15 12:00:00+00:00,0.012521,0.012603,0.012128,0.012343,234181264.0
2022-09-15 18:00:00+00:00,0.012348,0.0124,0.012182,0.012267,93929936.0
2022-09-16 00:00:00+00:00,0.012267,0.01231,0.0121,0.012266,164104708.0
2022-09-16 06:00:00+00:00,0.012265,0.012354,0.012104,0.012341,123186328.0
2022-09-16 12:00:00+00:00,0.012341,0.01241,0.012129,0.012295,198833745.0
2022-09-16 18:00:00+00:00,0.012299,0.012449,0.012238,0.012412,83549725.0
2022-09-17 00:00:00+00:00,0.012413,0.012544,0.012393,0.01243,97925848.0
2022-09-17 06:00:00+00:00,0.012431,0.01253,0.012395,0.012458,76496066.0
2022-09-17 12:00:00+00:00,0.012458,0.012716,0.012428,0.012656,120982057.0
2022-09-17 18:00:00+00:00,0.012655,0.012777,0.012618,0.01274,53210572.0
2022-09-18 00:00:00+00:00,0.012739,0.012747,0.012607,0.012691,84273287.0
2022-09-18 06:00:00+00:00,0.012692,0.012706,0.012369,0.012372,195779670.0
2022-09-18 12:00:00+00:00,0.012372,0.012478,0.012179,0.012201,267119091.0
2022-09-18 18:00:00+00:00,0.012196,0.012298,0.011592,0.011925,336642645.0
2022-09-19 00:00:00+00:00,0.011926,0.012069,0.011605,0.011744,360528324.0
2022-09-19 06:00:00+00:00,0.011749,0.011913,0.011613,0.011845,196634135.0
2022-09-19 12:00:00+00:00,0.01185,0.012183,0.011823,0.011974,176151865.0
2022-09-19 18:00:00+00:00,0.011975,0.012271,0.01196,0.012151,151851739.0
2022-09-20 00:00:00+00:00,0.012151,0.012234,0.011964,0.012006,146488823.0
2022-09-20 06:00:00+00:00,0.012006,0.012144,0.011851,0.011892,142438749.0
2022-09-20 12:00:00+00:00,0.011891,0.012125,0.011719,0.011891,213483739.0
2022-09-20 18:00:00+00:00,0.011893,0.012082,0.011869,0.011983,127161165.0
2022-09-21 00:00:00+00:00,0.011982,0.012151,0.01194,0.012024,129159605.0
2022-09-21 06:00:00+00:00,0.012028,0.01208,0.011765,0.012074,172143889.0
2022-09-21 12:00:00+00:00,0.012077,0.012172,0.011862,0.012153,179258905.0
2022-09-21 18:00:00+00:00,0.012172,0.012535,0.011349,0.011625,654498153.0
2022-09-22 00:00:00+00:00,0.011625,0.011862,0.011593,0.011843,174773532.0
2022-09-22 06:00:00+00:00,0.011842,0.012209,0.011827,0.012196,288559840.0
2022-09-22 12:00:00+00:00,0.012197,0.012258,0.012014,0.012219,224995356.0
2022-09-22 18:00:00+00:00,0.012217,0.01247,0.012195,0.012337,211486325.0
2022-09-23 00:00:00+00:00,0.012335,0.012428,0.012183,0.012323,161730015.0
2022-09-23 06:00:00+00:00,0.012322,0.012372,0.011941,0.012016,242619067.0
2022-09-23 12:00:00+00:00,0.012021,0.012207,0.011806,0.012032,241771285.0
2022-09-23 18:00:00+00:00,0.012028,0.012327,0.011879,0.012238,135076303.0
2022-09-24 00:00:00+00:00,0.012235,0.012328,0.012166,0.012322,102072384.0
2022-09-24 06:00:00+00:00,0.012322,0.012326,0.012091,0.01221,106136774.0
2022-09-24 12:00:00+00:00,0.012212,0.012344,0.012206,0.012238,104362936.0
2022-09-24 18:00:00+00:00,0.012237,0.012291,0.011985,0.012023,95151181.0
2022-09-25 00:00:00+00:00,0.012021,0.012177,0.01201,0.012106,93758730.0
2022-09-25 06:00:00+00:00,0.012107,0.012157,0.012037,0.012141,99420869.0
2022-09-25 12:00:00+00:00,0.01214,0.012182,0.011872,0.012018,126776863.0
2022-09-25 18:00:00+00:00,0.012021,0.012048,0.01175,0.011895,121191994.0
2022-09-26 00:00:00+00:00,0.011892,0.012012,0.011674,0.011741,184170501.0
2022-09-26 06:00:00+00:00,0.011741,0.012016,0.011631,0.011826,228456292.0
2022-09-26 12:00:00+00:00,0.01183,0.012059,0.011776,0.011927,162609712.0
2022-09-26 18:00:00+00:00,0.011928,0.012025,0.011863,0.012008,102412444.0
2022-09-27 00:00:00+00:00,0.012005,0.012236,0.011969,0.012169,228197084.0
2022-09-27 06:00:00+00:00,0.012172,0.012237,0.012085,0.012127,172736747.0
2022-09-27 12:00:00+00:00,0.012124,0.012244,0.01161,0.011626,316321311.0
2022-09-27 18:00:00+00:00,0.011618,0.011784,0.011548,0.011731,159838861.0
2022-09-28 00:00:00+00:00,0.011736,0.011824,0.011384,0.011535,289278463.0
2022-09-28 06:00:00+00:00,0.011533,0.011637,0.0114,0.011571,186948121.0
2022-09-28 12:00:00+00:00,0.011567,0.011799,0.011565,0.011746,173119431.0
2022-09-28 18:00:00+00:00,0.01174,0.011883,0.011726,0.011785,135803622.0
2022-09-29 00:00:00+00:00,0.01179,0.011859,0.011685,0.011714,135287744.0
2022-09-29 06:00:00+00:00,0.011711,0.011791,0.011604,0.011708,123161171.0
2022-09-29 12:00:00+00:00,0.01171,0.011804,0.011524,0.011673,169168040.0
2022-09-29 18:00:00+00:00,0.01167,0.01192,0.011666,0.011877,141420547.0
2022-09-30 00:00:00+00:00,0.011882,0.011929,0.011785,0.011813,164494864.0
2022-09-30 06:00:00+00:00,0.011816,0.011964,0.011744,0.011769,148302535.0
2022-09-30 12:00:00+00:00,0.011766,0.012005,0.01167,0.011782,285314089.0
2022-09-30 18:00:00+00:00,0.011779,0.011862,0.011678,0.011772,131593198.0
2022-10-01 00:00:00+00:00,0.011772,0.011822,0.011727,0.011775,108763698.0
2022-10-01 06:00:00+00:00,0.011777,0.011777,0.011682,0.011744,74029600.0
2022-10-01 12:00:00+00:00,0.011742,0.011744,0.011609,0.011651,110409848.0
2022-10-01 18:00:00+00:00,0.011649,0.011702,0.0116,0.011654,84486964.0
2022-10-02 00:00:00+00:00,0.011652,0.011699,0.011629,0.011639,73932052.0
2022-10-02 06:00:00+00:00,0.011638,0.011678,0.011456,0.011557,152853665.0
2022-10-02 12:00:00+00:00,0.011558,0.011657,0.011506,0.011648,120207456.0
2022-10-02 18:00:00+00:00,0.011648,0.011731,0.011433,0.01146,162266454.0
2022-10-03 00:00:00+00:00,0.01146,0.01162,0.011313,0.011575,162212645.0
2022-10-03 06:00:00+00:00,0.01158,0.01164,0.011516,0.011631,186079489.0
2022-10-03 12:00:00+00:00,0.011632,0.011792,0.011541,0.011758,245767711.0
2022-10-03 18:00:00+00:00,0.011761,0.011871,0.011661,0.011773,157828359.0
2022-10-04 00:00:00+00:00,0.011771,0.011835,0.011663,0.011678,110987362.0
2022-10-04 06:00:00+00:00,0.011678,0.011835,0.011676,0.011812,140153827.0
2022-10-04 12:00:00+00:00,0.011812,0.011979,0.011775,0.011959,241958074.0
2022-10-04 18:00:00+00:00,0.011958,0.012096,0.011931,0.011994,130683210.0
2022-10-05 00:00:00+00:00,0.011996,0.012009,0.01186,0.011867,120327387.0
2022-10-05 06:00:00+00:00,0.011868,0.011915,0.011682,0.011728,184344244.0
2022-10-05 12:00:00+00:00,0.011727,0.011849,0.011622,0.011808,155347023.0
2022-10-05 18:00:00+00:00,0.011809,0.0119,0.011794,0.011883,90875492.0
2022-10-06 00:00:00+00:00,0.011884,0.012021,0.011882,0.011922,127116775.0
2022-10-06 06:00:00+00:00,0.011917,0.011918,0.011814,0.011885,101010154.0
2022-10-06 12:00:00+00:00,0.011885,0.011993,0.011775,0.011843,181292008.0
2022-10-06 18:00:00+00:00,0.011843,0.011844,0.011672,0.011761,93636671.0
2022-10-07 00:00:00+00:00,0.01176,0.011825,0.011756,0.011788,73471301.0
2022-10-07 06:00:00+00:00,0.011791,0.011831,0.011718,0.011826,83703027.0
2022-10-07 12:00:00+00:00,0.011826,0.011828,0.011582,0.011681,194824810.0
2022-10-07 18:00:00+00:00,0.011681,0.011748,0.011671,0.011738,74750666.0
2022-10-08 00:00:00+00:00,0.011738,0.011847,0.011718,0.01183,89143378.0
2022-10-08 06:00:00+00:00,0.011829,0.011909,0.011795,0.011894,81325617.0
2022-10-08 12:00:00+00:00,0.011894,0.01193,0.011818,0.011842,97046430.0
2022-10-08 18:00:00+00:00,0.011843,0.011843,0.011675,0.011745,84770244.0
2022-10-09 00:00:00+00:00,0.011744,0.011783,0.011729,0.01178,47388539.0
2022-10-09 06:00:00+00:00,0.01178,0.011892,0.011779,0.011873,77024358.0
2022-10-09 12:00:00+00:00,0.011873,0.011908,0.011846,0.011875,67304197.0
2022-10-09 18:00:00+00:00,0.011877,0.01188,0.011765,0.011835,64959065.0
2022-10-10 00:00:00+00:00,0.011835,0.01196,0.011776,0.011798,121549511.0
2022-10-10 06:00:00+00:00,0.011797,0.011859,0.0116,0.011746,187301148.0
2022-10-10 12:00:00+00:00,0.011746,0.011797,0.011643,0.011744,109984915.0
2022-10-10 18:00:00+00:00,0.011745,0.011758,0.0115,0.011603,183195159.0
2022-10-11 00:00:00+00:00,0.011604,0.011637,0.011415,0.011607,321049676.0
2022-10-11 06:00:00+00:00,0.011603,0.011694,0.01157,0.011655,204173827.0
2022-10-11 12:00:00+00:00,0.011659,0.011712,0.011446,0.011642,183639322.0
2022-10-11 18:00:00+00:00,0.01164,0.011644,0.011511,0.011566,107965328.0
2022-10-12 00:00:00+00:00,0.011565,0.011645,0.011533,0.011608,87504100.0
2022-10-12 06:00:00+00:00,0.011609,0.011691,0.01159,0.011634,82684557.0
2022-10-12 12:00:00+00:00,0.011633,0.011662,0.011493,0.011525,144485087.0
2022-10-12 18:00:00+00:00,0.011523,0.011624,0.011499,0.011558,78714540.0
2022-10-13 00:00:00+00:00,0.011558,0.011578,0.011321,0.01141,165745268.0
2022-10-13 06:00:00+00:00,0.011409,0.011409,0.0107,0.011021,448795500.0
2022-10-13 12:00:00+00:00,0.011022,0.0114,0.010737,0.011356,305026805.0
2022-10-13 18:00:00+00:00,0.011355,0.011555,0.011355,0.011417,151498704.0
2022-10-14 00:00:00+00:00,0.011417,0.011647,0.011352,0.011603,203706345.0
2022-10-14 06:00:00+00:00,0.011598,0.0116,0.011468,0.011481,110217061.0
2022-10-14 12:00:00+00:00,0.011483,0.011637,0.011212,0.011297,226849888.0
2022-10-14 18:00:00+00:00,0.011299,0.011305,0.011127,0.011277,161636115.0
2022-10-15 00:00:00+00:00,0.011275,0.011328,0.011233,0.011294,183744930.0
2022-10-15 06:00:00+00:00,0.011296,0.011321,0.011144,0.011306,181154762.0
2022-10-15 12:00:00+00:00,0.011311,0.011324,0.011206,0.011217,108140790.0
2022-10-15 18:00:00+00:00,0.011217,0.011234,0.01109,0.01117,102202672.0
2022-10-16 00:00:00+00:00,0.011171,0.011313,0.011163,0.011291,115364436.0
2022-10-16 06:00:00+00:00,0.011294,0.011389,0.011268,0.011314,168743583.0
2022-10-16 12:00:00+00:00,0.011316,0.011333,0.011269,0.011306,93858828.0
2022-10-16 18:00:00+00:00,0.011305,0.011471,0.011251,0.011337,144377183.0
2022-10-17 00:00:00+00:00,0.011337,0.011381,0.011229,0.011269,170073766.0
2022-10-17 06:00:00+00:00,0.011269,0.011399,0.011236,0.011339,245131501.0
2022-10-17 12:00:00+00:00,0.011339,0.011456,0.011312,0.01139,177351173.0
2022-10-17 18:00:00+00:00,0.011389,0.01151,0.011318,0.011482,148729331.0
2022-10-18 00:00:00+00:00,0.011483,0.011596,0.011396,0.011585,267571400.0
2022-10-18 06:00:00+00:00,0.011585,0.011599,0.011303,0.011436,434129666.0
2022-10-18 12:00:00+00:00,0.011436,0.011582,0.011315,0.011404,219768776.0
2022-10-18 18:00:00+00:00,0.011404,0.011478,0.011229,0.011391,170631661.0
2022-10-19 00:00:00+00:00,0.011393,0.011435,0.011277,0.011292,136272765.0
2022-10-19 06:00:00+00:00,0.011295,0.011319,0.011173,0.011241,125327098.0
2022-10-19 12:00:00+00:00,0.011242,0.011345,0.011181,0.011262,151611824.0
2022-10-19 18:00:00+00:00,0.011265,0.011311,0.010913,0.011014,215094518.0
2022-10-20 00:00:00+00:00,0.011015,0.011178,0.010896,0.01115,173045657.0
2022-10-20 06:00:00+00:00,0.01115,0.011236,0.011113,0.011205,99720890.0
2022-10-20 12:00:00+00:00,0.011205,0.011305,0.011094,0.011113,147488598.0
2022-10-20 18:00:00+00:00,0.011111,0.011111,0.010888,0.010984,178625745.0
2022-10-21 00:00:00+00:00,0.01098,0.011008,0.010813,0.010904,154880622.0
2022-10-21 06:00:00+00:00,0.010906,0.010956,0.010721,0.010831,174852451.0
2022-10-21 12:00:00+00:00,0.010828,0.011095,0.01063,0.011061,226348653.0
2022-10-21 18:00:00+00:00,0.011062,0.011145,0.011034,0.011084,103430436.0
2022-10-22 00:00:00+00:00,0.011083,0.011116,0.010951,0.010996,86437774.0
2022-10-22 06:00:00+00:00,0.010996,0.011111,0.010992,0.011084,104485597.0
2022-10-22 12:00:00+00:00,0.011083,0.011127,0.010975,0.011004,139937026.0
2022-10-22 18:00:00+00:00,0.011005,0.01108,0.010972,0.011032,107037685.0
2022-10-23 00:00:00+00:00,0.011032,0.011112,0.011004,0.01102,125721068.0
2022-10-23 06:00:00+00:00,0.011018,0.011045,0.010825,0.010892,186660496.0
2022-10-23 12:00:00+00:00,0.010892,0.011109,0.010831,0.011089,184370319.0
2022-10-23 18:00:00+00:00,0.011095,0.011267,0.011066,0.0112,219481692.0
2022-10-24 00:00:00+00:00,0.011199,0.011219,0.010952,0.010977,150851496.0
2022-10-24 06:00:00+00:00,0.010983,0.011017,0.010876,0.010977,129542752.0
2022-10-24 12:00:00+00:00,0.010976,0.011021,0.010794,0.010982,219342910.0
2022-10-24 18:00:00+00:00,0.01098,0.011065,0.010958,0.011053,142829271.0
2022-10-25 00:00:00+00:00,0.011052,0.011184,0.01101,0.011131,177805698.0
2022-10-25 06:00:00+00:00,0.01113,0.01115,0.010964,0.011042,131794470.0
2022-10-25 12:00:00+00:00,0.011042,0.011562,0.011015,0.011438,355965729.0
2022-10-25 18:00:00+00:00,0.011437,0.011528,0.011251,0.011284,226211414.0
2022-10-26 00:00:00+00:00,0.011285,0.011414,0.011275,0.011341,179784067.0
2022-10-26 06:00:00+00:00,0.011342,0.011523,0.01133,0.011432,161386583.0
2022-10-26 12:00:00+00:00,0.011427,0.011585,0.011305,0.011503,233138854.0
2022-10-26 18:00:00+00:00,0.011505,0.011539,0.01141,0.011473,112237097.0
2022-10-27 00:00:00+00:00,0.011472,0.011751,0.011446,0.011691,296676708.0
2022-10-27 06:00:00+00:00,0.011693,0.011817,0.011353,0.011417,296678185.0
2022-10-27 12:00:00+00:00,0.011416,0.011553,0.011282,0.011357,241056786.0
2022-10-27 18:00:00+00:00,0.011357,0.011436,0.011111,0.011183,207193786.0
2022-10-28 00:00:00+00:00,0.011184,0.011312,0.011092,0.011173,204467064.0
2022-10-28 06:00:00+00:00,0.011172,0.01119,0.01103,0.011135,161734742.0
2022-10-28 12:00:00+00:00,0.011136,0.0115,0.011067,0.01143,233391023.0
2022-10-28 18:00:00+00:00,0.011432,0.011558,0.011386,0.011459,144130622.0
2022-10-29 00:00:00+00:00,0.011456,0.011599,0.011429,0.011471,199514445.0
2022-10-29 06:00:00+00:00,0.011473,0.011662,0.011342,0.011386,269282885.0
2022-10-29 12:00:00+00:00,0.011386,0.011644,0.011338,0.011407,386889359.0
2022-10-29 18:00:00+00:00,0.011403,0.011557,0.011321,0.011467,239818386.0
2022-10-30 00:00:00+00:00,0.011467,0.011759,0.011405,0.011625,372705553.0
2022-10-30 06:00:00+00:00,0.011625,0.01191,0.0115,0.011765,592731720.0
2022-10-30 12:00:00+00:00,0.011766,0.011767,0.011335,0.011502,299942846.0
2022-10-30 18:00:00+00:00,0.011503,0.011575,0.011275,0.011446,167740825.0
2022-10-31 00:00:00+00:00,0.011448,0.011525,0.011257,0.011396,194020162.0
2022-10-31 06:00:00+00:00,0.011396,0.011581,0.011289,0.01154,182418760.0
2022-10-31 12:00:00+00:00,0.011541,0.011629,0.011252,0.011324,285111180.0
2022-10-31 18:00:00+00:00,0.011328,0.011428,0.011264,0.011374,160380604.0
2022-11-01 00:00:00+00:00,0.011377,0.011475,0.011119,0.011378,355646731.0
2022-11-01 06:00:00+00:00,0.01138,0.011512,0.011356,0.0114,166418280.0
2022-11-01 12:00:00+00:00,0.011401,0.011434,0.011168,0.011249,246917010.0
2022-11-01 18:00:00+00:00,0.011249,0.011299,0.01122,0.01123,105362458.0
2022-11-02 00:00:00+00:00,0.011227,0.011271,0.011104,0.011212,179388126.0
2022-11-02 06:00:00+00:00,0.011212,0.011247,0.010976,0.011111,244693070.0
2022-11-02 12:00:00+00:00,0.011112,0.011175,0.011002,0.011093,198784283.0
2022-11-02 18:00:00+00:00,0.011086,0.011374,0.010843,0.011047,310817456.0
2022-11-03 00:00:00+00:00,0.011042,0.011338,0.011008,0.011337,195429854.0
2022-11-03 06:00:00+00:00,0.011337,0.01157,0.01112,0.011212,385855295.0
2022-11-03 12:00:00+00:00,0.011207,0.011365,0.011105,0.011271,185378043.0
2022-11-03 18:00:00+00:00,0.01127,0.01131,0.011037,0.011148,234243758.0
2022-11-04 00:00:00+00:00,0.011143,0.011438,0.011083,0.011389,221117252.0
2022-11-04 06:00:00+00:00,0.011389,0.011629,0.011389,0.011484,290676599.0
2022-11-04 12:00:00+00:00,0.011485,0.011789,0.011356,0.011701,327025783.0
2022-11-04 18:00:00+00:00,0.011701,0.011902,0.01167,0.011848,179566047.0
2022-11-05 00:00:00+00:00,0.011848,0.012155,0.011816,0.011871,438214568.0
2022-11-05 06:00:00+00:00,0.011871,0.011981,0.01172,0.011901,243517611.0
2022-11-05 12:00:00+00:00,0.011898,0.012109,0.0118,0.012047,282933317.0
2022-11-05 18:00:00+00:00,0.012046,0.012215,0.011678,0.01185,396758638.0
2022-11-06 00:00:00+00:00,0.011848,0.01218,0.011761,0.011799,685778389.0
2022-11-06 06:00:00+00:00,0.011799,0.011902,0.011765,0.011829,231088609.0
2022-11-06 12:00:00+00:00,0.011829,0.011845,0.011532,0.011631,256376424.0
2022-11-06 18:00:00+00:00,0.011631,0.011642,0.011152,0.011208,362595604.0
2022-11-07 00:00:00+00:00,0.011204,0.011369,0.011153,0.011325,274952833.0
2022-11-07 06:00:00+00:00,0.011319,0.011339,0.010984,0.011304,259537497.0
2022-11-07 12:00:00+00:00,0.011305,0.011437,0.011214,0.011337,206124556.0
2022-11-07 18:00:00+00:00,0.011338,0.011522,0.011115,0.0113,233090464.0
2022-11-08 00:00:00+00:00,0.0113,0.011408,0.010577,0.010804,682115361.0
2022-11-08 06:00:00+00:00,0.010804,0.010992,0.010725,0.01086,382544609.0
2022-11-08 12:00:00+00:00,0.010857,0.01132,0.010608,0.010731,660961544.0
2022-11-08 18:00:00+00:00,0.010726,0.010813,0.00871,0.009791,1236237849.0
2022-11-09 00:00:00+00:00,0.009785,0.009837,0.009384,0.009562,742764193.0
2022-11-09 06:00:00+00:00,0.009563,0.009799,0.009,0.009479,775917079.0
2022-11-09 12:00:00+00:00,0.009484,0.009561,0.008804,0.008833,671225023.0
2022-11-09 18:00:00+00:00,0.008832,0.008942,0.007749,0.007987,1310036921.0
2022-11-10 00:00:00+00:00,0.007988,0.008656,0.007865,0.008617,1045775761.0
2022-11-10 06:00:00+00:00,0.008619,0.008807,0.00846,0.008602,773494851.0
2022-11-10 12:00:00+00:00,0.0086,0.009424,0.008583,0.008981,823880981.0
2022-11-10 18:00:00+00:00,0.008986,0.009373,0.008972,0.009266,375269801.0
2022-11-11 00:00:00+00:00,0.00927,0.00942,0.008815,0.009012,330427745.0
2022-11-11 06:00:00+00:00,0.009009,0.009171,0.008928,0.009074,207778881.0
2022-11-11 12:00:00+00:00,0.009074,0.0092,0.00844,0.008759,515142679.0
2022-11-11 18:00:00+00:00,0.008762,0.00888,0.008559,0.008872,191345194.0
2022-11-12 00:00:00+00:00,0.008873,0.008891,0.008404,0.008472,219986002.0
2022-11-12 06:00:00+00:00,0.008475,0.008694,0.008446,0.008539,197578064.0
2022-11-12 12:00:00+00:00,0.008538,0.008605,0.00839,0.008597,157051128.0
2022-11-12 18:00:00+00:00,0.008599,0.008636,0.008489,0.0086,138191376.0
2022-11-13 00:00:00+00:00,0.008597,0.008802,0.008576,0.008754,176991297.0
2022-11-13 06:00:00+00:00,0.008748,0.008758,0.008301,0.008442,197091985.0
2022-11-13 12:00:00+00:00,0.008443,0.008627,0.008357,0.008528,241107641.0
2022-11-13 18:00:00+00:00,0.008528,0.008581,0.008325,0.008424,169293983.0
2022-11-14 00:00:00+00:00,0.008431,0.008494,0.007809,0.007863,408370143.0
2022-11-14 06:00:00+00:00,0.007862,0.008338,0.007815,0.008248,326968626.0
2022-11-14 12:00:00+00:00,0.008247,0.008427,0.008106,0.00827,257917494.0
2022-11-14 18:00:00+00:00,0.008272,0.008335,0.00806,0.008328,194089992.0
2022-11-15 00:00:00+00:00,0.008329,0.008574,0.008194,0.008471,565399751.0
2022-11-15 06:00:00+00:00,0.008474,0.008565,0.00839,0.008491,311618790.0
2022-11-15 12:00:00+00:00,0.008497,0.008656,0.008465,0.008615,277917028.0
2022-11-15 18:00:00+00:00,0.008614,0.00862,0.008391,0.008519,153888114.0
2022-11-16 00:00:00+00:00,0.008518,0.008565,0.008431,0.008549,139831151.0
2022-11-16 06:00:00+00:00,0.008549,0.008568,0.008341,0.008353,251183391.0
2022-11-16 12:00:00+00:00,0.008359,0.00838,0.008081,0.008229,267612142.0
2022-11-16 18:00:00+00:00,0.008228,0.008255,0.008148,0.008221,132851473.0
2022-11-17 00:00:00+00:00,0.00822,0.008316,0.008087,0.008212,167935821.0
2022-11-17 06:00:00+00:00,0.00821,0.008246,0.008106,0.008151,117003153.0
2022-11-17 12:00:00+00:00,0.008152,0.008167,0.007982,0.008132,197852664.0
2022-11-17 18:00:00+00:00,0.00813,0.008154,0.00808,0.008112,81139676.0
2022-11-18 00:00:00+00:00,0.008115,0.00824,0.008099,0.008183,118840616.0
2022-11-18 06:00:00+00:00,0.008187,0.008204,0.008117,0.008164,95800068.0
2022-11-18 12:00:00+00:00,0.008164,0.008174,0.008017,0.008046,174633415.0
2022-11-18 18:00:00+00:00,0.008049,0.008183,0.008028,0.008164,128936139.0
2022-11-19 00:00:00+00:00,0.008162,0.008361,0.008148,0.008287,341446444.0
2022-11-19 06:00:00+00:00,0.008285,0.008484,0.008226,0.008415,681397714.0
2022-11-19 12:00:00+00:00,0.008414,0.00865,0.008352,0.008463,1815534580.0
2022-11-19 18:00:00+00:00,0.008463,0.008609,0.008457,0.008522,392168327.0
2022-11-20 00:00:00+00:00,0.008525,0.008789,0.008442,0.008667,488914716.0
2022-11-20 06:00:00+00:00,0.008667,0.008773,0.008395,0.008434,735498320.0
2022-11-20 12:00:00+00:00,0.008433,0.00885,0.008368,0.008398,731308728.0
2022-11-20 18:00:00+00:00,0.008402,0.008481,0.008092,0.00812,429125478.0
2022-11-21 00:00:00+00:00,0.008118,0.008186,0.007879,0.008034,425825002.0
2022-11-21 06:00:00+00:00,0.008035,0.008249,0.007988,0.008057,570339912.0
2022-11-21 12:00:00+00:00,0.008059,0.008223,0.007934,0.00797,305471549.0
2022-11-21 18:00:00+00:00,0.007969,0.008016,0.007725,0.007931,268740128.0
2022-11-22 00:00:00+00:00,0.007936,0.008033,0.007883,0.007933,174789287.0
2022-11-22 06:00:00+00:00,0.00793,0.00796,0.00764,0.007742,255617250.0
2022-11-22 12:00:00+00:00,0.007744,0.00818,0.007705,0.008086,364831928.0
2022-11-22 18:00:00+00:00,0.008086,0.008291,0.008068,0.008287,256992645.0
2022-11-23 00:00:00+00:00,0.008286,0.008543,0.008214,0.008497,250813095.0
2022-11-23 06:00:00+00:00,0.008501,0.008589,0.008488,0.008535,217787224.0
2022-11-23 12:00:00+00:00,0.008535,0.008535,0.008372,0.008407,190622823.0
2022-11-23 18:00:00+00:00,0.008404,0.008635,0.008396,0.008632,175279822.0
2022-11-24 00:00:00+00:00,0.00863,0.008962,0.008611,0.008785,587622632.0
2022-11-24 06:00:00+00:00,0.008785,0.008991,0.008559,0.008662,591740806.0
2022-11-24 12:00:00+00:00,0.008663,0.00878,0.008597,0.008693,226828339.0
2022-11-24 18:00:00+00:00,0.008696,0.008832,0.008684,0.008826,217316129.0
2022-11-25 00:00:00+00:00,0.008828,0.008829,0.008461,0.008538,272773548.0
2022-11-25 06:00:00+00:00,0.008536,0.008695,0.008519,0.008652,186813064.0
2022-11-25 12:00:00+00:00,0.008649,0.008725,0.008618,0.0087,204783391.0
2022-11-25 18:00:00+00:00,0.008699,0.008768,0.008698,0.008722,125135333.0
2022-11-26 00:00:00+00:00,0.008723,0.008839,0.008714,0.008758,210689454.0
2022-11-26 06:00:00+00:00,0.008761,0.008817,0.008714,0.008817,127538834.0
2022-11-26 12:00:00+00:00,0.008819,0.008906,0.008712,0.008765,191120368.0
2022-11-26 18:00:00+00:00,0.008763,0.008766,0.008617,0.008684,112858666.0
2022-11-27 00:00:00+00:00,0.008685,0.008726,0.008638,0.008651,120452780.0
2022-11-27 06:00:00+00:00,0.008651,0.008711,0.008627,0.008666,114087632.0
2022-11-27 12:00:00+00:00,0.008665,0.008721,0.008637,0.008676,147999790.0
2022-11-27 18:00:00+00:00,0.008674,0.008704,0.008457,0.008483,194534969.0
2022-11-28 00:00:00+00:00,0.008486,0.008568,0.008182,0.008233,339490853.0
2022-11-28 06:00:00+00:00,0.008233,0.008337,0.008228,0.008231,153154322.0
2022-11-28 12:00:00+00:00,0.008232,0.008406,0.00819,0.008342,247260137.0
2022-11-28 18:00:00+00:00,0.008339,0.008347,0.008275,0.008314,165636394.0
2022-11-29 00:00:00+00:00,0.008313,0.008505,0.008256,0.008452,270371495.0
2022-11-29 06:00:00+00:00,0.008452,0.008503,0.008426,0.008434,121160350.0
2022-11-29 12:00:00+00:00,0.008436,0.008469,0.008296,0.00836,206142260.0
2022-11-29 18:00:00+00:00,0.008361,0.008405,0.008337,0.008356,130357985.0
2022-11-30 00:00:00+00:00,0.008355,0.008638,0.008353,0.008571,243166023.0
2022-11-30 06:00:00+00:00,0.008571,0.008593,0.008459,0.008536,199866744.0
2022-11-30 12:00:00+00:00,0.008536,0.008577,0.008404,0.008454,257484582.0
2022-11-30 18:00:00+00:00,0.008456,0.0087,0.008402,0.008643,290541061.0
2022-12-01 00:00:00+00:00,0.008645,0.008688,0.008547,0.008601,198212540.0
2022-12-01 06:00:00+00:00,0.008599,0.008617,0.00854,0.00858,128181172.0
2022-12-01 12:00:00+00:00,0.008579,0.008656,0.008504,0.008595,241947683.0
2022-12-01 18:00:00+00:00,0.008595,0.008611,0.008522,0.008587,129454276.0
2022-12-02 00:00:00+00:00,0.008588,0.008649,0.00846,0.008558,191491352.0
2022-12-02 06:00:00+00:00,0.00856,0.008724,0.008544,0.008672,187093567.0
2022-12-02 12:00:00+00:00,0.008672,0.00873,0.008517,0.008695,297683974.0
2022-12-02 18:00:00+00:00,0.008695,0.008785,0.008681,0.008761,120091698.0
2022-12-03 00:00:00+00:00,0.008761,0.008854,0.008714,0.008727,179652067.0
2022-12-03 06:00:00+00:00,0.008726,0.008778,0.008647,0.008691,325226714.0
2022-12-03 12:00:00+00:00,0.008693,0.008711,0.008645,0.008655,145585124.0
2022-12-03 18:00:00+00:00,0.008657,0.008657,0.008481,0.008529,141588689.0
2022-12-04 00:00:00+00:00,0.008528,0.008624,0.008502,0.008604,99945105.0
2022-12-04 06:00:00+00:00,0.008604,0.008627,0.008531,0.008555,103308977.0
2022-12-04 12:00:00+00:00,0.008555,0.00859,0.008535,0.00855,138015738.0
2022-12-04 18:00:00+00:00,0.008552,0.008614,0.008515,0.008571,187576079.0
2022-12-05 00:00:00+00:00,0.00857,0.008662,0.008546,0.008649,225131714.0
2022-12-05 06:00:00+00:00,0.008646,0.008723,0.008631,0.008694,235812139.0
2022-12-05 12:00:00+00:00,0.008693,0.008696,0.008531,0.008577,200111165.0
2022-12-05 18:00:00+00:00,0.008574,0.008628,0.008445,0.008522,203498773.0
2022-12-06 00:00:00+00:00,0.008522,0.00858,0.008468,0.00849,152978197.0
2022-12-06 06:00:00+00:00,0.008491,0.008543,0.008446,0.008493,142404229.0
2022-12-06 12:00:00+00:00,0.008493,0.00854,0.008463,0.008513,153927934.0
2022-12-06 18:00:00+00:00,0.008513,0.008557,0.008454,0.008542,134297327.0
2022-12-07 00:00:00+00:00,0.008542,0.008571,0.008492,0.008503,115584257.0
2022-12-07 06:00:00+00:00,0.008503,0.008505,0.008134,0.008262,342451109.0
2022-12-07 12:00:00+00:00,0.008261,0.008343,0.008261,0.008266,124154012.0
2022-12-07 18:00:00+00:00,0.008264,0.008308,0.008195,0.008277,106506388.0
2022-12-08 00:00:00+00:00,0.008279,0.008311,0.008235,0.008283,128615598.0
2022-12-08 06:00:00+00:00,0.008279,0.008364,0.008237,0.008325,137088221.0
2022-12-08 12:00:00+00:00,0.008324,0.008405,0.008307,0.008382,127884002.0
2022-12-08 18:00:00+00:00,0.008382,0.008556,0.008367,0.008526,145177323.0
2022-12-09 00:00:00+00:00,0.008527,0.008543,0.00846,0.008518,101823292.0
2022-12-09 06:00:00+00:00,0.008519,0.008615,0.008514,0.008584,136337225.0
2022-12-09 12:00:00+00:00,0.008584,0.008604,0.008458,0.0085,135118785.0
2022-12-09 18:00:00+00:00,0.008499,0.008558,0.008457,0.008529,148169862.0
2022-12-10 00:00:00+00:00,0.008529,0.008561,0.008504,0.008534,101180802.0
2022-12-10 06:00:00+00:00,0.008534,0.008609,0.008474,0.008577,167168859.0
2022-12-10 12:00:00+00:00,0.008577,0.008628,0.008573,0.008598,128150324.0
2022-12-10 18:00:00+00:00,0.008597,0.008626,0.00854,0.008589,142742685.0
2022-12-11 00:00:00+00:00,0.008588,0.008678,0.008559,0.008634,142087851.0
2022-12-11 06:00:00+00:00,0.008633,0.008645,0.008565,0.008596,98825647.0
2022-12-11 12:00:00+00:00,0.008595,0.00861,0.008567,0.008602,85502944.0
2022-12-11 18:00:00+00:00,0.008602,0.008635,0.008382,0.008418,185886540.0
2022-12-12 00:00:00+00:00,0.008419,0.008427,0.008155,0.008223,246096704.0
2022-12-12 06:00:00+00:00,0.008222,0.008222,0.008089,0.008173,149504926.0
2022-12-12 12:00:00+00:00,0.008173,0.008186,0.00808,0.008169,161056062.0
2022-12-12 18:00:00+00:00,0.00817,0.008218,0.008113,0.0082,158579936.0
2022-12-13 00:00:00+00:00,0.0082,0.008221,0.008031,0.008065,148685703.0
2022-12-13 06:00:00+00:00,0.008064,0.008088,0.007826,0.008075,223366053.0
2022-12-13 12:00:00+00:00,0.008077,0.00836,0.008059,0.008195,269195384.0
2022-12-13 18:00:00+00:00,0.008191,0.00838,0.008187,0.008376,121646090.0
2022-12-14 00:00:00+00:00,0.008378,0.008466,0.008365,0.008409,171389987.0
2022-12-14 06:00:00+00:00,0.008409,0.008446,0.008364,0.00837,147121148.0
2022-12-14 12:00:00+00:00,0.00837,0.008428,0.00834,0.008399,121738656.0
2022-12-14 18:00:00+00:00,0.008398,0.008444,0.008162,0.008289,205464509.0
2022-12-15 00:00:00+00:00,0.008293,0.008314,0.008114,0.008232,125817746.0
2022-12-15 06:00:00+00:00,0.008232,0.00826,0.008211,0.008224,96189804.0
2022-12-15 12:00:00+00:00,0.008225,0.008232,0.008151,0.008172,138206084.0
2022-12-15 18:00:00+00:00,0.008173,0.00818,0.008057,0.008096,141959938.0
2022-12-16 00:00:00+00:00,0.008096,0.008115,0.008057,0.008075,91694028.0
2022-12-16 06:00:00+00:00,0.008072,0.008108,0.007733,0.007777,260259691.0
2022-12-16 12:00:00+00:00,0.007781,0.007798,0.007641,0.007694,210101270.0
2022-12-16 18:00:00+00:00,0.007693,0.007759,0.007145,0.007267,284734542.0
2022-12-17 00:00:00+00:00,0.007264,0.007269,0.006995,0.007201,229865025.0
2022-12-17 06:00:00+00:00,0.007203,0.007348,0.007168,0.007292,112184920.0
2022-12-17 12:00:00+00:00,0.007292,0.007334,0.007235,0.007275,117205254.0
2022-12-17 18:00:00+00:00,0.007273,0.007412,0.007246,0.007397,123129374.0
2022-12-18 00:00:00+00:00,0.007395,0.007419,0.007335,0.007366,87206704.0
2022-12-18 06:00:00+00:00,0.007367,0.007372,0.007265,0.007321,77363976.0
2022-12-18 12:00:00+00:00,0.007323,0.007348,0.007247,0.007255,70669838.0
2022-12-18 18:00:00+00:00,0.007257,0.007354,0.007256,0.007276,123475326.0
2022-12-19 00:00:00+00:00,0.007279,0.007352,0.007123,0.007186,135023111.0
2022-12-19 06:00:00+00:00,0.007189,0.007264,0.007168,0.007226,83327307.0
2022-12-19 12:00:00+00:00,0.007227,0.007259,0.006997,0.007044,159429661.0
2022-12-19 18:00:00+00:00,0.007046,0.007049,0.006666,0.006799,224545081.0
2022-12-20 00:00:00+00:00,0.006803,0.007043,0.006765,0.007028,179809939.0
2022-12-20 06:00:00+00:00,0.007027,0.007105,0.007015,0.0071,131663543.0
2022-12-20 12:00:00+00:00,0.007099,0.007179,0.007016,0.00714,151966407.0
2022-12-20 18:00:00+00:00,0.007139,0.00722,0.007128,0.007181,131683810.0
2022-12-21 00:00:00+00:00,0.007182,0.007195,0.006996,0.007078,177299941.0
2022-12-21 06:00:00+00:00,0.007074,0.007157,0.007067,0.007133,156981346.0
2022-12-21 12:00:00+00:00,0.007132,0.007205,0.007072,0.007135,157674453.0
2022-12-21 18:00:00+00:00,0.007135,0.007146,0.007074,0.007146,110374975.0
2022-12-22 00:00:00+00:00,0.007144,0.007196,0.007128,0.007132,108232653.0
2022-12-22 06:00:00+00:00,0.007132,0.007185,0.007094,0.007138,122116256.0
2022-12-22 12:00:00+00:00,0.00714,0.00717,0.006984,0.006996,178392456.0
2022-12-22 18:00:00+00:00,0.006994,0.00717,0.006965,0.007165,160033984.0
2022-12-23 00:00:00+00:00,0.007167,0.007209,0.007136,0.007149,123183264.0
2022-12-23 06:00:00+00:00,0.00715,0.007207,0.00712,0.007175,127650752.0
2022-12-23 12:00:00+00:00,0.007174,0.007213,0.007138,0.007164,133057402.0
2022-12-23 18:00:00+00:00,0.007166,0.007196,0.007136,0.007165,104165292.0
2022-12-24 00:00:00+00:00,0.007166,0.007216,0.007153,0.007182,97907396.0
2022-12-24 06:00:00+00:00,0.007181,0.007184,0.007122,0.007148,86878735.0
2022-12-24 12:00:00+00:00,0.007148,0.007168,0.007139,0.007156,66015700.0
2022-12-24 18:00:00+00:00,0.007155,0.007173,0.007121,0.007125,73473210.0
2022-12-25 00:00:00+00:00,0.007125,0.007149,0.007058,0.007078,135755118.0
2022-12-25 06:00:00+00:00,0.007077,0.007088,0.007057,0.007076,82581399.0
2022-12-25 12:00:00+00:00,0.007076,0.007084,0.006976,0.007004,134222121.0
2022-12-25 18:00:00+00:00,0.007004,0.007119,0.006969,0.007106,121012588.0
2022-12-26 00:00:00+00:00,0.007105,0.00714,0.007066,0.007104,105925664.0
2022-12-26 06:00:00+00:00,0.007102,0.007108,0.007048,0.007103,100811693.0
2022-12-26 12:00:00+00:00,0.007105,0.007107,0.007068,0.007081,83007207.0
2022-12-26 18:00:00+00:00,0.007079,0.00712,0.007066,0.007116,83354009.0
2022-12-27 00:00:00+00:00,0.007117,0.007163,0.007052,0.007064,93293433.0
2022-12-27 06:00:00+00:00,0.007064,0.007084,0.007017,0.007078,108792771.0
2022-12-27 12:00:00+00:00,0.007077,0.007082,0.006867,0.006908,195830227.0
2022-12-27 18:00:00+00:00,0.006908,0.007085,0.00689,0.007066,127776625.0
2022-12-28 00:00:00+00:00,0.007067,0.007489,0.007066,0.007291,5035127286.0
2022-12-28 06:00:00+00:00,0.00729,0.007422,0.007169,0.007259,4821164590.0
2022-12-28 12:00:00+00:00,0.007259,0.007272,0.007144,0.007194,2855474252.0
2022-12-28 18:00:00+00:00,0.007194,0.007303,0.00669,0.006791,2418792249.0
2022-12-29 00:00:00+00:00,0.006794,0.006841,0.006604,0.006677,1271588173.0
2022-12-29 06:00:00+00:00,0.006677,0.006688,0.006564,0.006676,1030747361.0
2022-12-29 12:00:00+00:00,0.006675,0.00678,0.006642,0.006714,858717814.0
2022-12-29 18:00:00+00:00,0.006713,0.006735,0.006436,0.006628,1050452168.0
2022-12-30 00:00:00+00:00,0.006629,0.006658,0.006537,0.006562,462345350.0
2022-12-30 06:00:00+00:00,0.006562,0.006584,0.00642,0.006503,334717227.0
2022-12-30 12:00:00+00:00,0.006503,0.006627,0.006491,0.00662,306051547.0
2022-12-30 18:00:00+00:00,0.006622,0.006734,0.006611,0.006718,310967931.0
2022-12-31 00:00:00+00:00,0.006717,0.006837,0.006645,0.006679,549934339.0
2022-12-31 06:00:00+00:00,0.00668,0.006757,0.006679,0.006738,205707570.0
2022-12-31 12:00:00+00:00,0.00674,0.0068,0.00672,0.006738,206711530.0
2022-12-31 18:00:00+00:00,0.006739,0.006788,0.006682,0.006736,149591060.0
2023-01-01 00:00:00+00:00,0.006737,0.006757,0.00665,0.006732,235580490.0
2023-01-01 06:00:00+00:00,0.006732,0.006774,0.006709,0.006759,130221786.0
2023-01-01 12:00:00+00:00,0.006759,0.006867,0.006755,0.00686,204492287.0
2023-01-01 18:00:00+00:00,0.006859,0.006941,0.00684,0.006929,211502078.0
2023-01-02 00:00:00+00:00,0.006929,0.006945,0.006796,0.006893,271802785.0
2023-01-02 06:00:00+00:00,0.006894,0.007029,0.006878,0.006958,301599002.0
2023-01-02 12:00:00+00:00,0.006959,0.007022,0.00692,0.007007,154875756.0
2023-01-02 18:00:00+00:00,0.007006,0.00711,0.006995,0.007099,206224036.0
2023-01-03 00:00:00+00:00,0.007098,0.007189,0.007025,0.007063,498213746.0
2023-01-03 06:00:00+00:00,0.007064,0.00712,0.006998,0.007017,187031743.0
2023-01-03 12:00:00+00:00,0.007018,0.007046,0.006894,0.00692,291174319.0
2023-01-03 18:00:00+00:00,0.00692,0.007,0.006901,0.006995,141062290.0
2023-01-04 00:00:00+00:00,0.006997,0.007159,0.006958,0.007134,280906361.0
2023-01-04 06:00:00+00:00,0.007135,0.007178,0.00708,0.007091,238938129.0
2023-01-04 12:00:00+00:00,0.007093,0.007184,0.007004,0.007133,252749504.0
2023-01-04 18:00:00+00:00,0.007134,0.007139,0.006987,0.007126,221495177.0
2023-01-05 00:00:00+00:00,0.007126,0.007208,0.007094,0.007196,180763819.0
2023-01-05 06:00:00+00:00,0.007196,0.007197,0.007057,0.007157,222860567.0
2023-01-05 12:00:00+00:00,0.007157,0.007162,0.00708,0.007119,205026639.0
2023-01-05 18:00:00+00:00,0.007119,0.007198,0.007084,0.007143,146721328.0
2023-01-06 00:00:00+00:00,0.007143,0.007184,0.007034,0.00705,161174882.0
2023-01-06 06:00:00+00:00,0.007051,0.007064,0.006946,0.00699,166301833.0
2023-01-06 12:00:00+00:00,0.006989,0.007171,0.006953,0.007126,268585894.0
2023-01-06 18:00:00+00:00,0.007127,0.007297,0.007127,0.00724,267860454.0
2023-01-07 00:00:00+00:00,0.007242,0.007336,0.007241,0.007262,225960020.0
2023-01-07 06:00:00+00:00,0.007262,0.007273,0.007192,0.007194,144209643.0
2023-01-07 12:00:00+00:00,0.007194,0.007237,0.007174,0.007212,122353072.0
2023-01-07 18:00:00+00:00,0.007212,0.00724,0.007176,0.007235,140902263.0
2023-01-08 00:00:00+00:00,0.007236,0.007361,0.007125,0.007197,451332996.0
2023-01-08 06:00:00+00:00,0.007197,0.007244,0.00717,0.007227,108793907.0
2023-01-08 12:00:00+00:00,0.007225,0.00727,0.007172,0.007203,205694932.0
2023-01-08 18:00:00+00:00,0.007202,0.007486,0.007198,0.007449,356568143.0
2023-01-09 00:00:00+00:00,0.00745,0.00761,0.00742,0.007522,436646899.0
2023-01-09 06:00:00+00:00,0.00752,0.007958,0.007456,0.007746,1124222049.0
2023-01-09 12:00:00+00:00,0.007746,0.00802,0.007702,0.007943,700698720.0
2023-01-09 18:00:00+00:00,0.007943,0.007986,0.007669,0.007723,351468141.0
2023-01-10 00:00:00+00:00,0.007728,0.007853,0.007561,0.007766,348560826.0
2023-01-10 06:00:00+00:00,0.007767,0.007868,0.007719,0.007769,227214489.0
2023-01-10 12:00:00+00:00,0.007768,0.007862,0.007714,0.00786,270818334.0
2023-01-10 18:00:00+00:00,0.007859,0.007982,0.007851,0.007949,265069031.0
2023-01-11 00:00:00+00:00,0.007954,0.007965,0.007723,0.007781,263060520.0
2023-01-11 06:00:00+00:00,0.007779,0.007844,0.007768,0.007781,157720381.0
2023-01-11 12:00:00+00:00,0.007781,0.00784,0.007681,0.007752,309719477.0
2023-01-11 18:00:00+00:00,0.007751,0.008244,0.00775,0.008196,360591403.0
2023-01-12 00:00:00+00:00,0.008192,0.00829,0.008135,0.00814,336050179.0
2023-01-12 06:00:00+00:00,0.008141,0.008216,0.007965,0.008056,236998234.0
2023-01-12 12:00:00+00:00,0.008054,0.008243,0.007854,0.008223,417844497.0
2023-01-12 18:00:00+00:00,0.008221,0.008275,0.008122,0.008249,233337518.0
2023-01-13 00:00:00+00:00,0.008249,0.008323,0.008136,0.008244,183949565.0
2023-01-13 06:00:00+00:00,0.008246,0.008468,0.008237,0.008381,242887396.0
2023-01-13 12:00:00+00:00,0.008382,0.00848,0.008306,0.008438,280486417.0
2023-01-13 18:00:00+00:00,0.008435,0.008861,0.008371,0.00886,294567379.0
2023-01-14 00:00:00+00:00,0.00886,0.009278,0.008844,0.009204,514105293.0
2023-01-14 06:00:00+00:00,0.009204,0.009601,0.008717,0.009199,590668974.0
2023-01-14 12:00:00+00:00,0.0092,0.009328,0.008999,0.009115,317426708.0
2023-01-14 18:00:00+00:00,0.009114,0.00926,0.009061,0.009222,173345257.0
2023-01-15 00:00:00+00:00,0.009216,0.009474,0.009018,0.009399,599307845.0
2023-01-15 06:00:00+00:00,0.009401,0.009571,0.009138,0.009375,953910818.0
2023-01-15 12:00:00+00:00,0.009375,0.009489,0.009238,0.009387,459162139.0
2023-01-15 18:00:00+00:00,0.009386,0.009492,0.009265,0.009373,225526305.0
2023-01-16 00:00:00+00:00,0.009374,0.009537,0.009265,0.009495,383856909.0
2023-01-16 06:00:00+00:00,0.009491,0.009551,0.008969,0.009193,437010859.0
2023-01-16 12:00:00+00:00,0.00919,0.009273,0.00898,0.009204,318343707.0
2023-01-16 18:00:00+00:00,0.009207,0.009393,0.009183,0.009325,300231207.0
2023-01-17 00:00:00+00:00,0.00932,0.009409,0.009157,0.009362,256783465.0
2023-01-17 06:00:00+00:00,0.00936,0.009576,0.009293,0.009528,245901408.0
2023-01-17 12:00:00+00:00,0.009526,0.00988,0.009483,0.009635,935504628.0
2023-01-17 18:00:00+00:00,0.009639,0.009664,0.009441,0.009485,322753137.0
2023-01-18 00:00:00+00:00,0.009487,0.009641,0.009455,0.009591,292136005.0
2023-01-18 06:00:00+00:00,0.00959,0.009595,0.009307,0.009407,269100645.0
2023-01-18 12:00:00+00:00,0.009406,0.009669,0.008742,0.009042,792074861.0
2023-01-18 18:00:00+00:00,0.009043,0.009153,0.008791,0.008816,276819651.0
2023-01-19 00:00:00+00:00,0.008821,0.009,0.008805,0.008953,254846247.0
2023-01-19 06:00:00+00:00,0.008955,0.009066,0.008894,0.008911,172376904.0
2023-01-19 12:00:00+00:00,0.008911,0.00902,0.008814,0.008871,201711601.0
2023-01-19 18:00:00+00:00,0.00887,0.009077,0.00885,0.00905,195963560.0
2023-01-20 00:00:00+00:00,0.009049,0.00912,0.008972,0.009014,240825896.0
2023-01-20 06:00:00+00:00,0.009014,0.009059,0.008929,0.008946,158812611.0
2023-01-20 12:00:00+00:00,0.008949,0.009242,0.008947,0.009216,250191849.0
2023-01-20 18:00:00+00:00,0.009215,0.009669,0.009193,0.009648,315595199.0
2023-01-21 00:00:00+00:00,0.009648,0.01015,0.00957,0.009768,712503393.0
2023-01-21 06:00:00+00:00,0.009768,0.009913,0.009477,0.009735,401816331.0
2023-01-21 12:00:00+00:00,0.009735,0.009811,0.009637,0.009752,298704586.0
2023-01-21 18:00:00+00:00,0.009747,0.009861,0.009591,0.009621,213988272.0
2023-01-22 00:00:00+00:00,0.009622,0.009729,0.009482,0.009576,210387297.0
2023-01-22 06:00:00+00:00,0.009578,0.009779,0.009555,0.009717,219617018.0
2023-01-22 12:00:00+00:00,0.009715,0.01013,0.009585,0.010075,701854823.0
2023-01-22 18:00:00+00:00,0.010071,0.010075,0.009538,0.009738,385579023.0
2023-01-23 00:00:00+00:00,0.009737,0.009898,0.00973,0.009781,215613968.0
2023-01-23 06:00:00+00:00,0.00978,0.009895,0.009722,0.00988,188077935.0
2023-01-23 12:00:00+00:00,0.009879,0.009899,0.009591,0.00988,399890358.0
2023-01-23 18:00:00+00:00,0.009877,0.010065,0.009815,0.010018,380177545.0
2023-01-24 00:00:00+00:00,0.010017,0.010383,0.009917,0.010272,515664955.0
2023-01-24 06:00:00+00:00,0.010266,0.010358,0.010065,0.010146,370568487.0
2023-01-24 12:00:00+00:00,0.010144,0.010352,0.010056,0.01032,408373869.0
2023-01-24 18:00:00+00:00,0.01032,0.010364,0.00949,0.009641,468791876.0
2023-01-25 00:00:00+00:00,0.009641,0.009775,0.009324,0.009767,434089377.0
2023-01-25 06:00:00+00:00,0.009767,0.010591,0.009724,0.009962,1206612305.0
2023-01-25 12:00:00+00:00,0.009965,0.010148,0.009856,0.010104,506832052.0
2023-01-25 18:00:00+00:00,0.010103,0.010492,0.010101,0.010388,499195821.0
2023-01-26 00:00:00+00:00,0.010393,0.010456,0.010196,0.010421,333611047.0
2023-01-26 06:00:00+00:00,0.010418,0.010458,0.010097,0.010143,342962652.0
2023-01-26 12:00:00+00:00,0.010142,0.010248,0.009882,0.010059,430541187.0
2023-01-26 18:00:00+00:00,0.010059,0.010183,0.010038,0.010136,203087538.0
2023-01-27 00:00:00+00:00,0.010129,0.010206,0.009864,0.010147,298406020.0
2023-01-27 06:00:00+00:00,0.010148,0.010748,0.010128,0.010325,684940708.0
2023-01-27 12:00:00+00:00,0.010327,0.010512,0.010218,0.010476,315112157.0
2023-01-27 18:00:00+00:00,0.010476,0.010581,0.01042,0.010554,182825300.0
2023-01-28 00:00:00+00:00,0.010554,0.010623,0.010441,0.01046,174735237.0
2023-01-28 06:00:00+00:00,0.01046,0.010497,0.010264,0.01027,153118361.0
2023-01-28 12:00:00+00:00,0.01027,0.010314,0.010043,0.010097,252677285.0
2023-01-28 18:00:00+00:00,0.010096,0.010186,0.009976,0.010166,184917924.0
2023-01-29 00:00:00+00:00,0.010167,0.010263,0.01003,0.010178,198757646.0
2023-01-29 06:00:00+00:00,0.010178,0.010298,0.010104,0.010271,157895706.0
2023-01-29 12:00:00+00:00,0.010267,0.010324,0.01017,0.010252,200077664.0
2023-01-29 18:00:00+00:00,0.010248,0.010397,0.010203,0.01035,199108520.0
2023-01-30 00:00:00+00:00,0.010351,0.010435,0.010149,0.01025,228882447.0
2023-01-30 06:00:00+00:00,0.010249,0.010249,0.009504,0.009574,609542163.0
2023-01-30 12:00:00+00:00,0.009575,0.009669,0.00945,0.009488,546026939.0
2023-01-30 18:00:00+00:00,0.009487,0.009521,0.008527,0.009362,586593909.0
2023-01-31 00:00:00+00:00,0.009366,0.00941,0.009265,0.009289,296821729.0
2023-01-31 06:00:00+00:00,0.009287,0.009424,0.009276,0.009355,223302195.0
2023-01-31 12:00:00+00:00,0.009355,0.009527,0.009313,0.009459,203490840.0
2023-01-31 18:00:00+00:00,0.009459,0.009583,0.009352,0.009479,363955947.0
2023-02-01 00:00:00+00:00,0.009476,0.009526,0.009387,0.009388,195928412.0
2023-02-01 06:00:00+00:00,0.009389,0.009395,0.009164,0.009347,263086235.0
2023-02-01 12:00:00+00:00,0.009351,0.009402,0.00908,0.009184,270535595.0
2023-02-01 18:00:00+00:00,0.009181,0.009884,0.009106,0.009825,530720924.0
2023-02-02 00:00:00+00:00,0.009829,0.01013,0.009828,0.010067,314118336.0
2023-02-02 06:00:00+00:00,0.010063,0.010162,0.009926,0.010118,253440360.0
2023-02-02 12:00:00+00:00,0.010115,0.010216,0.009909,0.010194,291157426.0
2023-02-02 18:00:00+00:00,0.010194,0.010345,0.009819,0.009976,306781532.0
2023-02-03 00:00:00+00:00,0.009978,0.010476,0.009916,0.010329,622274331.0
2023-02-03 06:00:00+00:00,0.010329,0.010562,0.010208,0.010474,479924121.0
2023-02-03 12:00:00+00:00,0.010475,0.010625,0.010229,0.01052,713377838.0
2023-02-03 18:00:00+00:00,0.01052,0.010885,0.010371,0.01082,491905880.0
2023-02-04 00:00:00+00:00,0.010817,0.010866,0.010612,0.010652,302784567.0
2023-02-04 06:00:00+00:00,0.010653,0.01079,0.010581,0.010767,206589212.0
2023-02-04 12:00:00+00:00,0.010763,0.010906,0.010709,0.010833,211631439.0
2023-02-04 18:00:00+00:00,0.010833,0.010837,0.010656,0.010759,148100259.0
2023-02-05 00:00:00+00:00,0.010762,0.011176,0.010691,0.011155,486000318.0
2023-02-05 06:00:00+00:00,0.011155,0.01126,0.01104,0.011102,404470221.0
2023-02-05 12:00:00+00:00,0.0111,0.01147,0.010519,0.010701,1000070989.0
2023-02-05 18:00:00+00:00,0.010699,0.010849,0.010479,0.010771,318557267.0
2023-02-06 00:00:00+00:00,0.010774,0.010921,0.010552,0.010676,417167698.0
2023-02-06 06:00:00+00:00,0.010676,0.010887,0.010505,0.010773,507004112.0
2023-02-06 12:00:00+00:00,0.010774,0.011115,0.01071,0.011009,559931435.0
2023-02-06 18:00:00+00:00,0.01101,0.011066,0.010692,0.010884,264286489.0
2023-02-07 00:00:00+00:00,0.010884,0.010895,0.010603,0.010687,333105182.0
2023-02-07 06:00:00+00:00,0.010687,0.011093,0.01065,0.011039,493456459.0
2023-02-07 12:00:00+00:00,0.011042,0.011089,0.010764,0.011064,381187934.0
2023-02-07 18:00:00+00:00,0.011068,0.011297,0.010767,0.011268,374302107.0
2023-02-08 00:00:00+00:00,0.011268,0.011705,0.011234,0.011388,425789144.0
2023-02-08 06:00:00+00:00,0.011388,0.011445,0.01111,0.011244,224717059.0
2023-02-08 12:00:00+00:00,0.011247,0.011517,0.010875,0.011406,607973487.0
2023-02-08 18:00:00+00:00,0.011406,0.011481,0.011155,0.011419,302973885.0
2023-02-09 00:00:00+00:00,0.011418,0.01157,0.010638,0.01096,587692920.0
2023-02-09 06:00:00+00:00,0.01096,0.011304,0.010903,0.011149,432533416.0
2023-02-09 12:00:00+00:00,0.011149,0.011816,0.011028,0.011189,881405856.0
2023-02-09 18:00:00+00:00,0.011186,0.011248,0.00992,0.01032,704027602.0
2023-02-10 00:00:00+00:00,0.010321,0.010396,0.010182,0.010279,405549742.0
2023-02-10 06:00:00+00:00,0.010274,0.010483,0.010248,0.010323,240718044.0
2023-02-10 12:00:00+00:00,0.010323,0.010478,0.010171,0.010311,315404397.0
2023-02-10 18:00:00+00:00,0.010311,0.010417,0.010219,0.010283,220918991.0
2023-02-11 00:00:00+00:00,0.010279,0.010316,0.010142,0.010167,149352512.0
2023-02-11 06:00:00+00:00,0.010167,0.010212,0.010089,0.010192,119047256.0
2023-02-11 12:00:00+00:00,0.010193,0.010391,0.010162,0.010296,168236967.0
2023-02-11 18:00:00+00:00,0.010296,0.010449,0.010248,0.010433,118470927.0
2023-02-12 00:00:00+00:00,0.010434,0.010438,0.010317,0.010391,85808689.0
2023-02-12 06:00:00+00:00,0.01039,0.010454,0.010353,0.010411,93590465.0
2023-02-12 12:00:00+00:00,0.010412,0.010609,0.010289,0.010587,176789225.0
2023-02-12 18:00:00+00:00,0.01059,0.010667,0.010144,0.010326,221737126.0
2023-02-13 00:00:00+00:00,0.010332,0.010375,0.009977,0.010163,246655540.0
2023-02-13 06:00:00+00:00,0.010164,0.010193,0.009528,0.009652,476272999.0
2023-02-13 12:00:00+00:00,0.009658,0.009761,0.009472,0.009561,329200755.0
2023-02-13 18:00:00+00:00,0.009563,0.009907,0.009557,0.009888,181216477.0
2023-02-14 00:00:00+00:00,0.009888,0.009914,0.009752,0.009795,142783834.0
2023-02-14 06:00:00+00:00,0.009796,0.009928,0.009723,0.009839,135883852.0
2023-02-14 12:00:00+00:00,0.009839,0.010102,0.009659,0.010022,453529725.0
2023-02-14 18:00:00+00:00,0.010025,0.010172,0.010022,0.010149,161856587.0
2023-02-15 00:00:00+00:00,0.010149,0.010195,0.010019,0.010067,135906169.0
2023-02-15 06:00:00+00:00,0.010072,0.01026,0.009988,0.010238,233974577.0
2023-02-15 12:00:00+00:00,0.010242,0.010465,0.010236,0.010447,301727085.0
2023-02-15 18:00:00+00:00,0.010445,0.011007,0.010397,0.010996,318764892.0
2023-02-16 00:00:00+00:00,0.010999,0.011224,0.010911,0.011157,331609004.0
2023-02-16 06:00:00+00:00,0.011157,0.01124,0.010941,0.010986,250041907.0
2023-02-16 12:00:00+00:00,0.010987,0.011188,0.010812,0.011155,411564489.0
2023-02-16 18:00:00+00:00,0.011158,0.011229,0.010421,0.010458,409745521.0
2023-02-17 00:00:00+00:00,0.010457,0.010863,0.010387,0.010761,245456177.0
2023-02-17 06:00:00+00:00,0.010761,0.010913,0.010717,0.010786,186135634.0
2023-02-17 12:00:00+00:00,0.010785,0.011039,0.010693,0.010987,409604455.0
2023-02-17 18:00:00+00:00,0.010988,0.011156,0.010808,0.01102,252843512.0
2023-02-18 00:00:00+00:00,0.011023,0.011135,0.011006,0.011086,163602339.0
2023-02-18 06:00:00+00:00,0.011088,0.011109,0.0109,0.01098,125446810.0
2023-02-18 12:00:00+00:00,0.01098,0.011131,0.010945,0.01108,184648946.0
2023-02-18 18:00:00+00:00,0.011081,0.011189,0.010981,0.011134,178638059.0
2023-02-19 00:00:00+00:00,0.011136,0.011194,0.011024,0.01111,170522279.0
2023-02-19 06:00:00+00:00,0.011111,0.011406,0.010948,0.011351,353095101.0
2023-02-19 12:00:00+00:00,0.01135,0.011888,0.011283,0.01137,1192786503.0
2023-02-19 18:00:00+00:00,0.011372,0.011433,0.011138,0.011311,457021137.0
2023-02-20 00:00:00+00:00,0.01131,0.01168,0.010938,0.011664,586336723.0
2023-02-20 06:00:00+00:00,0.011664,0.015449,0.011659,0.015074,19643526358.0
2023-02-20 12:00:00+00:00,0.015078,0.015854,0.014409,0.014721,11747440425.0
2023-02-20 18:00:00+00:00,0.014726,0.01529,0.014129,0.014359,3421291044.0
2023-02-21 00:00:00+00:00,0.014357,0.014891,0.013911,0.014308,3715448012.0
2023-02-21 06:00:00+00:00,0.014309,0.014392,0.013081,0.01312,2779950849.0
2023-02-21 12:00:00+00:00,0.013118,0.013356,0.012739,0.012925,1770935466.0
2023-02-21 18:00:00+00:00,0.012924,0.012953,0.012447,0.012556,1164386144.0
2023-02-22 00:00:00+00:00,0.012556,0.012644,0.012015,0.012181,1585667741.0
2023-02-22 06:00:00+00:00,0.012179,0.012255,0.011823,0.012085,1296471627.0
2023-02-22 12:00:00+00:00,0.012087,0.01216,0.011654,0.011721,1215555620.0
2023-02-22 18:00:00+00:00,0.011718,0.01221,0.011707,0.012126,842164799.0
2023-02-23 00:00:00+00:00,0.012126,0.012354,0.012008,0.012197,710915596.0
2023-02-23 06:00:00+00:00,0.012197,0.012307,0.011707,0.011826,789010065.0
2023-02-23 12:00:00+00:00,0.011824,0.01209,0.011728,0.011805,520713565.0
2023-02-23 18:00:00+00:00,0.011803,0.011889,0.011633,0.011813,319866317.0
2023-02-24 00:00:00+00:00,0.011812,0.011913,0.011593,0.011669,403164601.0
2023-02-24 06:00:00+00:00,0.011674,0.01181,0.011466,0.011651,614947150.0
2023-02-24 12:00:00+00:00,0.011648,0.011733,0.01105,0.011192,684392158.0
2023-02-24 18:00:00+00:00,0.011192,0.011276,0.010969,0.011261,361481801.0
2023-02-25 00:00:00+00:00,0.011261,0.011663,0.011256,0.011322,673460786.0
2023-02-25 06:00:00+00:00,0.011318,0.011557,0.011318,0.011433,346974169.0
2023-02-25 12:00:00+00:00,0.011433,0.011463,0.01125,0.011382,322345511.0
2023-02-25 18:00:00+00:00,0.011381,0.011383,0.0109,0.011267,558664041.0
2023-02-26 00:00:00+00:00,0.011267,0.011366,0.011136,0.011186,252428413.0
2023-02-26 06:00:00+00:00,0.011186,0.011559,0.011168,0.011481,297961327.0
2023-02-26 12:00:00+00:00,0.011482,0.011508,0.011283,0.011385,305414751.0
2023-02-26 18:00:00+00:00,0.011384,0.011567,0.011351,0.01153,257438716.0
2023-02-27 00:00:00+00:00,0.011529,0.011799,0.01127,0.011297,543605882.0
2023-02-27 06:00:00+00:00,0.0113,0.011417,0.011233,0.011408,254711199.0
2023-02-27 12:00:00+00:00,0.011409,0.011773,0.011351,0.011523,578572006.0
2023-02-27 18:00:00+00:00,0.011525,0.011623,0.011334,0.011595,301459321.0
2023-02-28 00:00:00+00:00,0.011595,0.011601,0.01133,0.011345,236465220.0
2023-02-28 06:00:00+00:00,0.011345,0.011398,0.011112,0.011266,317624316.0
2023-02-28 12:00:00+00:00,0.011267,0.011474,0.011248,0.011452,230384015.0
2023-02-28 18:00:00+00:00,0.011452,0.011471,0.01108,0.011161,261850689.0
2023-03-01 00:00:00+00:00,0.011162,0.01153,0.01101,0.011463,331037904.0
2023-03-01 06:00:00+00:00,0.011462,0.011743,0.011458,0.011658,440084579.0
2023-03-01 12:00:00+00:00,0.011661,0.011764,0.011549,0.011675,403211472.0
2023-03-01 18:00:00+00:00,0.011676,0.011818,0.011518,0.011792,185632181.0
2023-03-02 00:00:00+00:00,0.011793,0.01186,0.011513,0.011543,262844101.0
2023-03-02 06:00:00+00:00,0.011543,0.013,0.011312,0.012006,7964719271.0
2023-03-02 12:00:00+00:00,0.012006,0.012145,0.011735,0.011962,2284502307.0
2023-03-02 18:00:00+00:00,0.011962,0.012245,0.011947,0.012136,1253976637.0
2023-03-03 00:00:00+00:00,0.012135,0.012176,0.010369,0.011054,2113462211.0
2023-03-03 06:00:00+00:00,0.011054,0.01115,0.010959,0.011011,601655563.0
2023-03-03 12:00:00+00:00,0.011012,0.011085,0.010911,0.011029,462017432.0
2023-03-03 18:00:00+00:00,0.011026,0.011105,0.010885,0.011103,365707573.0
2023-03-04 00:00:00+00:00,0.011102,0.011182,0.010811,0.010847,370001122.0
2023-03-04 06:00:00+00:00,0.01085,0.0109,0.010694,0.010711,380876983.0
2023-03-04 12:00:00+00:00,0.010711,0.010817,0.010684,0.010707,269363441.0
2023-03-04 18:00:00+00:00,0.010707,0.010726,0.010327,0.010551,577362392.0
2023-03-05 00:00:00+00:00,0.010552,0.010737,0.010415,0.010649,461172209.0
2023-03-05 06:00:00+00:00,0.010649,0.010691,0.01051,0.01056,218337571.0
2023-03-05 12:00:00+00:00,0.010559,0.010605,0.010473,0.010493,276760645.0
2023-03-05 18:00:00+00:00,0.010492,0.010563,0.010279,0.010379,372484357.0
2023-03-06 00:00:00+00:00,0.01038,0.010419,0.010048,0.010168,453524823.0
2023-03-06 06:00:00+00:00,0.010168,0.010316,0.010139,0.010261,289660596.0
2023-03-06 12:00:00+00:00,0.010261,0.010552,0.01021,0.010462,437963239.0
2023-03-06 18:00:00+00:00,0.010462,0.010487,0.010316,0.010421,286613853.0
2023-03-07 00:00:00+00:00,0.010421,0.0106,0.010353,0.010462,330659570.0
2023-03-07 06:00:00+00:00,0.010461,0.010467,0.010137,0.010163,355398583.0
2023-03-07 12:00:00+00:00,0.01016,0.010245,0.009844,0.010161,550367496.0
2023-03-07 18:00:00+00:00,0.010159,0.01018,0.00989,0.010079,292344027.0
2023-03-08 00:00:00+00:00,0.01008,0.010122,0.009678,0.009735,260280056.0
2023-03-08 06:00:00+00:00,0.009736,0.00988,0.009656,0.009812,525565615.0
2023-03-08 12:00:00+00:00,0.009811,0.009819,0.009465,0.009642,583448666.0
2023-03-08 18:00:00+00:00,0.009642,0.009667,0.009298,0.009423,451503111.0
2023-03-09 00:00:00+00:00,0.009424,0.009657,0.009357,0.009522,410963465.0
2023-03-09 06:00:00+00:00,0.009521,0.009573,0.009374,0.009506,353932709.0
2023-03-09 12:00:00+00:00,0.009508,0.009746,0.009465,0.009583,363407135.0
2023-03-09 18:00:00+00:00,0.009585,0.009593,0.008628,0.008908,904375344.0
2023-03-10 00:00:00+00:00,0.008908,0.009011,0.008624,0.008965,492298890.0
2023-03-10 06:00:00+00:00,0.008965,0.009069,0.008463,0.008744,724552438.0
2023-03-10 12:00:00+00:00,0.008744,0.009058,0.008685,0.00896,675733170.0
2023-03-10 18:00:00+00:00,0.00896,0.0092,0.008923,0.009182,391292602.0
2023-03-11 00:00:00+00:00,0.009181,0.009416,0.009072,0.009192,410119725.0
2023-03-11 06:00:00+00:00,0.009192,0.009211,0.008685,0.008851,617650023.0
2023-03-11 12:00:00+00:00,0.00885,0.00891,0.008622,0.008864,278345695.0
2023-03-11 18:00:00+00:00,0.008867,0.009084,0.008829,0.009079,221288715.0
2023-03-12 00:00:00+00:00,0.009079,0.009116,0.008934,0.009052,204426542.0
2023-03-12 06:00:00+00:00,0.009055,0.009161,0.009017,0.009138,139298381.0
2023-03-12 12:00:00+00:00,0.009138,0.00925,0.008897,0.009225,255716316.0
2023-03-12 18:00:00+00:00,0.009221,0.00982,0.009158,0.0098,485274412.0
2023-03-13 00:00:00+00:00,0.009798,0.010066,0.009794,0.009987,500372635.0
2023-03-13 06:00:00+00:00,0.009987,0.010081,0.009581,0.009671,311229178.0
2023-03-13 12:00:00+00:00,0.009668,0.010399,0.00955,0.010284,693229157.0
2023-03-13 18:00:00+00:00,0.010283,0.010391,0.0102,0.010278,243608040.0
2023-03-14 00:00:00+00:00,0.010277,0.010482,0.010205,0.010378,313510917.0
2023-03-14 06:00:00+00:00,0.01038,0.010457,0.010121,0.010209,368003499.0
2023-03-14 12:00:00+00:00,0.010209,0.01112,0.010152,0.011007,813582779.0
2023-03-14 18:00:00+00:00,0.011009,0.011055,0.010443,0.010725,491647850.0
2023-03-15 00:00:00+00:00,0.010723,0.010902,0.010611,0.010773,298391927.0
2023-03-15 06:00:00+00:00,0.010772,0.010822,0.01025,0.010458,319877418.0
2023-03-15 12:00:00+00:00,0.010457,0.010637,0.009591,0.009782,911503585.0
2023-03-15 18:00:00+00:00,0.009786,0.009916,0.00965,0.009769,369420508.0
2023-03-16 00:00:00+00:00,0.009769,0.009901,0.009611,0.009873,374078424.0
2023-03-16 06:00:00+00:00,0.009873,0.010099,0.009837,0.010033,321757474.0
2023-03-16 12:00:00+00:00,0.010027,0.010044,0.009717,0.00995,307125865.0
2023-03-16 18:00:00+00:00,0.009945,0.01007,0.00984,0.010011,177185986.0
2023-03-17 00:00:00+00:00,0.010012,0.010272,0.00993,0.010224,228322001.0
2023-03-17 06:00:00+00:00,0.010224,0.010565,0.010201,0.010562,335732657.0
2023-03-17 12:00:00+00:00,0.010564,0.010578,0.010179,0.010309,339562318.0
2023-03-17 18:00:00+00:00,0.010311,0.010909,0.010229,0.010891,350982900.0
2023-03-18 00:00:00+00:00,0.010891,0.01122,0.010711,0.011125,354575109.0
2023-03-18 06:00:00+00:00,0.011123,0.011212,0.010883,0.011043,299788308.0
2023-03-18 12:00:00+00:00,0.011042,0.011192,0.010576,0.010912,469355411.0
2023-03-18 18:00:00+00:00,0.01091,0.011011,0.010654,0.010725,218620040.0
2023-03-19 00:00:00+00:00,0.010725,0.011081,0.010705,0.01101,218726998.0
2023-03-19 06:00:00+00:00,0.011009,0.011272,0.010755,0.011198,622284649.0
2023-03-19 12:00:00+00:00,0.0112,0.011513,0.010909,0.011108,1018349546.0
2023-03-19 18:00:00+00:00,0.01111,0.011513,0.011082,0.011305,551875810.0
2023-03-20 00:00:00+00:00,0.011307,0.011538,0.010946,0.010994,769640654.0
2023-03-20 06:00:00+00:00,0.010992,0.011258,0.010869,0.011062,373625116.0
2023-03-20 12:00:00+00:00,0.011063,0.011097,0.010693,0.0107,414354429.0
2023-03-20 18:00:00+00:00,0.010702,0.010813,0.010564,0.010611,368889439.0
2023-03-21 00:00:00+00:00,0.010616,0.010789,0.010466,0.010509,389652713.0
2023-03-21 06:00:00+00:00,0.010509,0.010557,0.010193,0.010529,458784414.0
2023-03-21 12:00:00+00:00,0.010528,0.01099,0.010487,0.010828,526916021.0
2023-03-21 18:00:00+00:00,0.010833,0.010929,0.010633,0.010862,324449934.0
2023-03-22 00:00:00+00:00,0.010862,0.01096,0.010664,0.010919,279491571.0
2023-03-22 06:00:00+00:00,0.010915,0.010934,0.010611,0.010655,403049893.0
2023-03-22 12:00:00+00:00,0.010656,0.010839,0.010465,0.010622,366804678.0
2023-03-22 18:00:00+00:00,0.010623,0.010856,0.010028,0.010433,720242823.0
2023-03-23 00:00:00+00:00,0.010433,0.010638,0.010407,0.010619,203292120.0
2023-03-23 06:00:00+00:00,0.010621,0.010806,0.010582,0.010775,200841528.0
2023-03-23 12:00:00+00:00,0.010775,0.011051,0.010581,0.010929,473176105.0
2023-03-23 18:00:00+00:00,0.010928,0.01102,0.010782,0.010986,255823454.0
2023-03-24 00:00:00+00:00,0.010984,0.011007,0.010802,0.010824,137775151.0
2023-03-24 06:00:00+00:00,0.010824,0.010877,0.010458,0.01054,263424925.0
2023-03-24 12:00:00+00:00,0.01054,0.010668,0.010125,0.010211,578040542.0
2023-03-24 18:00:00+00:00,0.01021,0.010438,0.010194,0.010389,231326857.0
2023-03-25 00:00:00+00:00,0.010392,0.010445,0.01028,0.010293,149697741.0
2023-03-25 06:00:00+00:00,0.010294,0.010369,0.01021,0.010323,122267837.0
2023-03-25 12:00:00+00:00,0.010323,0.010445,0.01022,0.010327,156128572.0
2023-03-25 18:00:00+00:00,0.010328,0.010363,0.010102,0.010247,171236453.0
2023-03-26 00:00:00+00:00,0.010248,0.010356,0.010158,0.010338,100489511.0
2023-03-26 06:00:00+00:00,0.010337,0.010475,0.010284,0.010448,128302077.0
2023-03-26 12:00:00+00:00,0.010448,0.010541,0.010303,0.010401,234598659.0
2023-03-26 18:00:00+00:00,0.010401,0.010526,0.010378,0.010478,133359965.0
2023-03-27 00:00:00+00:00,0.010479,0.010529,0.010356,0.010393,211883857.0
2023-03-27 06:00:00+00:00,0.010393,0.010627,0.010365,0.010527,456556192.0
2023-03-27 12:00:00+00:00,0.010527,0.010587,0.00973,0.009741,1119411785.0
2023-03-27 18:00:00+00:00,0.009743,0.009934,0.009712,0.009914,287672551.0
2023-03-28 00:00:00+00:00,0.009913,0.00999,0.009807,0.009947,273229897.0
2023-03-28 06:00:00+00:00,0.009947,0.010049,0.009731,0.009902,295384741.0
2023-03-28 12:00:00+00:00,0.009902,0.009952,0.009787,0.009848,254960020.0
2023-03-28 18:00:00+00:00,0.009849,0.010222,0.009849,0.01015,293203563.0
2023-03-29 00:00:00+00:00,0.010151,0.010336,0.010123,0.010291,183691134.0
2023-03-29 06:00:00+00:00,0.01029,0.010498,0.010261,0.010443,307040021.0
2023-03-29 12:00:00+00:00,0.010443,0.010617,0.010345,0.010607,429030652.0
2023-03-29 18:00:00+00:00,0.010607,0.010827,0.010584,0.010723,304175708.0
2023-03-30 00:00:00+00:00,0.010723,0.010801,0.010409,0.010652,545437417.0
2023-03-30 06:00:00+00:00,0.010652,0.010694,0.010333,0.010447,432472538.0
2023-03-30 12:00:00+00:00,0.010446,0.010482,0.010244,0.010333,400541264.0
2023-03-30 18:00:00+00:00,0.010329,0.010494,0.010278,0.010455,192782017.0
2023-03-31 00:00:00+00:00,0.010456,0.010543,0.010353,0.010401,219497292.0
2023-03-31 06:00:00+00:00,0.0104,0.01043,0.010187,0.010392,382633711.0
2023-03-31 12:00:00+00:00,0.010391,0.010727,0.01033,0.010661,355332935.0
2023-03-31 18:00:00+00:00,0.01066,0.010725,0.010579,0.010678,160885692.0
2023-04-01 00:00:00+00:00,0.010677,0.010982,0.010673,0.010978,352414710.0
2023-04-01 06:00:00+00:00,0.010979,0.01108,0.01075,0.010951,299100734.0
2023-04-01 12:00:00+00:00,0.010951,0.011085,0.010856,0.010948,366153649.0
2023-04-01 18:00:00+00:00,0.010949,0.011172,0.010948,0.011132,236174916.0
2023-04-02 00:00:00+00:00,0.011133,0.011191,0.01097,0.011031,200987480.0
2023-04-02 06:00:00+00:00,0.011031,0.011074,0.0109,0.010921,86065074.0
2023-04-02 12:00:00+00:00,0.010921,0.010928,0.010527,0.01064,195184493.0
2023-04-02 18:00:00+00:00,0.010637,0.010757,0.010525,0.010741,137867074.0
2023-04-03 00:00:00+00:00,0.010742,0.010768,0.010427,0.01057,197543764.0
2023-04-03 06:00:00+00:00,0.010575,0.010813,0.010515,0.010688,161383437.0
2023-04-03 12:00:00+00:00,0.010689,0.010759,0.01055,0.010702,258823752.0
2023-04-03 18:00:00+00:00,0.010702,0.010966,0.010455,0.010764,360247238.0
2023-04-04 00:00:00+00:00,0.010764,0.010822,0.010655,0.010734,136174961.0
2023-04-04 06:00:00+00:00,0.010733,0.011096,0.010703,0.011068,212850506.0
2023-04-04 12:00:00+00:00,0.011065,0.01155,0.010908,0.011106,839313967.0
2023-04-04 18:00:00+00:00,0.011105,0.011176,0.011014,0.011098,147522692.0
2023-04-05 00:00:00+00:00,0.011097,0.011373,0.010993,0.011341,204317295.0
2023-04-05 06:00:00+00:00,0.011341,0.011351,0.01116,0.011252,145151009.0
2023-04-05 12:00:00+00:00,0.011251,0.01127,0.010922,0.011079,239293179.0
2023-04-05 18:00:00+00:00,0.011078,0.011344,0.011024,0.011338,189571157.0
2023-04-06 00:00:00+00:00,0.011338,0.011525,0.0111,0.011404,550784349.0
2023-04-06 06:00:00+00:00,0.011405,0.01253,0.011301,0.012377,2525532565.0
2023-04-06 12:00:00+00:00,0.012376,0.013268,0.011412,0.011494,10868568866.0
2023-04-06 18:00:00+00:00,0.011494,0.011592,0.011233,0.011314,1243963391.0
2023-04-07 00:00:00+00:00,0.011313,0.011373,0.010987,0.01107,1154744283.0
2023-04-07 06:00:00+00:00,0.01107,0.011146,0.010861,0.010909,751979682.0
2023-04-07 12:00:00+00:00,0.010909,0.011009,0.010844,0.010938,661008473.0
2023-04-07 18:00:00+00:00,0.010938,0.011006,0.0109,0.010943,265352424.0
2023-04-08 00:00:00+00:00,0.010945,0.011095,0.010782,0.01107,421909061.0
2023-04-08 06:00:00+00:00,0.011072,0.011399,0.011069,0.011123,644266781.0
2023-04-08 12:00:00+00:00,0.011123,0.011192,0.011014,0.011022,230241041.0
2023-04-08 18:00:00+00:00,0.011022,0.011129,0.01096,0.011083,213269226.0
2023-04-09 00:00:00+00:00,0.011088,0.011151,0.010956,0.010966,198991359.0
2023-04-09 06:00:00+00:00,0.010966,0.010966,0.0108,0.010819,254401436.0
2023-04-09 12:00:00+00:00,0.01082,0.010868,0.010686,0.010751,198391753.0
2023-04-09 18:00:00+00:00,0.010752,0.011078,0.010744,0.010961,262044320.0
2023-04-10 00:00:00+00:00,0.010962,0.011026,0.010791,0.010851,208345635.0
2023-04-10 06:00:00+00:00,0.010851,0.010923,0.010814,0.010879,152962388.0
2023-04-10 12:00:00+00:00,0.010879,0.011144,0.010757,0.011061,349323453.0
2023-04-10 18:00:00+00:00,0.011063,0.011181,0.01099,0.011156,267665158.0
2023-04-11 00:00:00+00:00,0.011155,0.01157,0.011127,0.011199,1070311988.0
2023-04-11 06:00:00+00:00,0.011199,0.011359,0.011168,0.011233,379136071.0
2023-04-11 12:00:00+00:00,0.011233,0.011309,0.011136,0.011268,307911162.0
2023-04-11 18:00:00+00:00,0.011266,0.011357,0.011155,0.011196,274177944.0
2023-04-12 00:00:00+00:00,0.011194,0.011254,0.010645,0.010818,401403323.0
2023-04-12 06:00:00+00:00,0.010819,0.010956,0.010763,0.010806,166555140.0
2023-04-12 12:00:00+00:00,0.010807,0.011056,0.010751,0.010996,318926415.0
2023-04-12 18:00:00+00:00,0.010997,0.011066,0.010869,0.011006,230197091.0
2023-04-13 00:00:00+00:00,0.011007,0.01105,0.010891,0.01095,174155985.0
2023-04-13 06:00:00+00:00,0.010951,0.011221,0.010867,0.010999,331449459.0
2023-04-13 12:00:00+00:00,0.011,0.0112,0.010987,0.011166,217250926.0
2023-04-13 18:00:00+00:00,0.011165,0.011328,0.011124,0.011282,184207326.0
2023-04-14 00:00:00+00:00,0.01128,0.011594,0.011265,0.011544,355579880.0
2023-04-14 06:00:00+00:00,0.011546,0.011678,0.011443,0.011657,341078620.0
2023-04-14 12:00:00+00:00,0.011656,0.01166,0.011293,0.011546,425733490.0
2023-04-14 18:00:00+00:00,0.011545,0.01175,0.011533,0.01171,209124324.0
2023-04-15 00:00:00+00:00,0.01171,0.011824,0.011497,0.011581,221852936.0
2023-04-15 06:00:00+00:00,0.011581,0.011729,0.011487,0.011698,134059446.0
2023-04-15 12:00:00+00:00,0.011699,0.011853,0.011631,0.011723,389760766.0
2023-04-15 18:00:00+00:00,0.011724,0.011826,0.011666,0.011742,156957508.0
2023-04-16 00:00:00+00:00,0.011742,0.011852,0.011533,0.011801,248880309.0
2023-04-16 06:00:00+00:00,0.011801,0.012042,0.011762,0.011814,326520611.0
2023-04-16 12:00:00+00:00,0.011813,0.011998,0.011744,0.011985,190484840.0
2023-04-16 18:00:00+00:00,0.011984,0.012099,0.011887,0.012022,230973767.0
2023-04-17 00:00:00+00:00,0.012019,0.012056,0.011646,0.011806,309245042.0
2023-04-17 06:00:00+00:00,0.011808,0.01181,0.011433,0.011548,247379760.0
2023-04-17 12:00:00+00:00,0.011547,0.011679,0.011421,0.011519,348228946.0
2023-04-17 18:00:00+00:00,0.01152,0.011592,0.011351,0.011481,244034447.0
2023-04-18 00:00:00+00:00,0.011482,0.011677,0.011306,0.011662,211331327.0
2023-04-18 06:00:00+00:00,0.011661,0.011813,0.01163,0.011741,258833559.0
2023-04-18 12:00:00+00:00,0.011745,0.01243,0.01174,0.012023,1957881210.0
2023-04-18 18:00:00+00:00,0.012022,0.012225,0.011894,0.012207,465631978.0
2023-04-19 00:00:00+00:00,0.012205,0.01263,0.011941,0.01202,1011930780.0
2023-04-19 06:00:00+00:00,0.01202,0.012048,0.01084,0.011224,1048920646.0
2023-04-19 12:00:00+00:00,0.011224,0.011337,0.011031,0.011142,434288936.0
2023-04-19 18:00:00+00:00,0.011144,0.011187,0.010754,0.01102,410538052.0
2023-04-20 00:00:00+00:00,0.01102,0.011135,0.010814,0.010992,389206100.0
2023-04-20 06:00:00+00:00,0.010992,0.011119,0.01088,0.010912,306365202.0
2023-04-20 12:00:00+00:00,0.01091,0.011092,0.010555,0.010638,580343640.0
2023-04-20 18:00:00+00:00,0.010634,0.010764,0.01058,0.010658,353451422.0
2023-04-21 00:00:00+00:00,0.01066,0.010816,0.01061,0.010704,249798645.0
2023-04-21 06:00:00+00:00,0.010705,0.010725,0.0105,0.010606,391701323.0
2023-04-21 12:00:00+00:00,0.010605,0.01075,0.010511,0.010636,315449816.0
2023-04-21 18:00:00+00:00,0.010634,0.010673,0.0101,0.010338,480478357.0
2023-04-22 00:00:00+00:00,0.010342,0.010491,0.010322,0.01049,247010905.0
2023-04-22 06:00:00+00:00,0.01049,0.010525,0.010388,0.010495,204814891.0
2023-04-22 12:00:00+00:00,0.010494,0.010584,0.010414,0.010523,308875337.0
2023-04-22 18:00:00+00:00,0.010522,0.010587,0.010461,0.010565,154865347.0
2023-04-23 00:00:00+00:00,0.010567,0.010589,0.010401,0.010565,192113394.0
2023-04-23 06:00:00+00:00,0.010568,0.010615,0.010459,0.010538,183306730.0
2023-04-23 12:00:00+00:00,0.01054,0.010555,0.010249,0.010294,277468722.0
2023-04-23 18:00:00+00:00,0.010294,0.010418,0.010108,0.010392,298832708.0
2023-04-24 00:00:00+00:00,0.010395,0.010535,0.010294,0.010345,259744576.0
2023-04-24 06:00:00+00:00,0.010345,0.010391,0.010187,0.010389,241209485.0
2023-04-24 12:00:00+00:00,0.01039,0.010473,0.010142,0.010316,296573198.0
2023-04-24 18:00:00+00:00,0.010316,0.010414,0.010301,0.01032,168905490.0
2023-04-25 00:00:00+00:00,0.01032,0.010413,0.0102,0.010285,244906637.0
2023-04-25 06:00:00+00:00,0.010285,0.010438,0.010106,0.010166,1518496877.0
2023-04-25 12:00:00+00:00,0.010167,0.010255,0.01005,0.010214,407849833.0
2023-04-25 18:00:00+00:00,0.010214,0.010526,0.010168,0.010501,324718479.0
2023-04-26 00:00:00+00:00,0.010499,0.010532,0.01042,0.010509,264400776.0
2023-04-26 06:00:00+00:00,0.010507,0.010734,0.010419,0.010702,354468635.0
2023-04-26 12:00:00+00:00,0.010702,0.010901,0.010699,0.010746,383757556.0
2023-04-26 18:00:00+00:00,0.010746,0.010799,0.009842,0.010391,766211345.0
2023-04-27 00:00:00+00:00,0.010391,0.010685,0.010318,0.010525,418048844.0
2023-04-27 06:00:00+00:00,0.010528,0.010548,0.010338,0.010372,284511096.0
2023-04-27 12:00:00+00:00,0.010372,0.010602,0.010267,0.010557,436062403.0
2023-04-27 18:00:00+00:00,0.010555,0.010737,0.010498,0.010571,362875605.0
2023-04-28 00:00:00+00:00,0.010571,0.010618,0.010452,0.010512,251359311.0
2023-04-28 06:00:00+00:00,0.010512,0.010535,0.010351,0.010364,256666965.0
2023-04-28 12:00:00+00:00,0.010359,0.010449,0.010272,0.010417,252098146.0
2023-04-28 18:00:00+00:00,0.010418,0.010495,0.010367,0.010466,113181648.0
2023-04-29 00:00:00+00:00,0.010465,0.010591,0.010398,0.010562,112636871.0
2023-04-29 06:00:00+00:00,0.010563,0.010674,0.010543,0.010665,208619715.0
2023-04-29 12:00:00+00:00,0.010664,0.010743,0.010553,0.010696,283402572.0
2023-04-29 18:00:00+00:00,0.010695,0.010825,0.010667,0.010806,251939652.0
2023-04-30 00:00:00+00:00,0.010806,0.01083,0.010583,0.010726,288991697.0
2023-04-30 06:00:00+00:00,0.010725,0.01074,0.010555,0.010578,214353916.0
2023-04-30 12:00:00+00:00,0.010578,0.010733,0.010524,0.010664,218767156.0
2023-04-30 18:00:00+00:00,0.010662,0.01069,0.010419,0.010483,306861361.0
2023-05-01 00:00:00+00:00,0.010484,0.010552,0.010172,0.010401,326160559.0
2023-05-01 06:00:00+00:00,0.010401,0.010462,0.010349,0.010352,140295454.0
2023-05-01 12:00:00+00:00,0.010353,0.010404,0.01019,0.010305,293751426.0
2023-05-01 18:00:00+00:00,0.010308,0.01031,0.010101,0.01028,295312812.0
2023-05-02 00:00:00+00:00,0.010279,0.010297,0.010141,0.010214,268357575.0
2023-05-02 06:00:00+00:00,0.010214,0.010344,0.01021,0.010331,166979257.0
2023-05-02 12:00:00+00:00,0.010331,0.010418,0.010201,0.010345,285904209.0
2023-05-02 18:00:00+00:00,0.010346,0.010414,0.010304,0.010373,168996358.0
2023-05-03 00:00:00+00:00,0.010371,0.010477,0.010279,0.01037,592143831.0
2023-05-03 06:00:00+00:00,0.010371,0.010467,0.010253,0.01026,273689431.0
2023-05-03 12:00:00+00:00,0.01026,0.010279,0.010071,0.010156,371177219.0
2023-05-03 18:00:00+00:00,0.010153,0.010586,0.010142,0.010531,484372092.0
2023-05-04 00:00:00+00:00,0.010531,0.010544,0.010394,0.010471,174259917.0
2023-05-04 06:00:00+00:00,0.010474,0.010488,0.010398,0.010408,109994156.0
2023-05-04 12:00:00+00:00,0.010408,0.010418,0.010266,0.01031,182136511.0
2023-05-04 18:00:00+00:00,0.010312,0.010341,0.010278,0.010333,98487731.0
2023-05-05 00:00:00+00:00,0.010334,0.010455,0.010298,0.010407,151317134.0
2023-05-05 06:00:00+00:00,0.010406,0.01044,0.01037,0.010412,109235435.0
2023-05-05 12:00:00+00:00,0.010418,0.01058,0.01022,0.010535,329235401.0
2023-05-05 18:00:00+00:00,0.010536,0.010605,0.01048,0.010573,147949589.0
2023-05-06 00:00:00+00:00,0.010574,0.010651,0.010418,0.010445,151907391.0
2023-05-06 06:00:00+00:00,0.010445,0.01047,0.010293,0.010416,162141688.0
2023-05-06 12:00:00+00:00,0.010418,0.010422,0.010023,0.010078,259490314.0
2023-05-06 18:00:00+00:00,0.010078,0.010223,0.010078,0.010169,131076150.0
2023-05-07 00:00:00+00:00,0.01017,0.010234,0.010047,0.010097,157629884.0
2023-05-07 06:00:00+00:00,0.010098,0.010107,0.010044,0.010067,111161939.0
2023-05-07 12:00:00+00:00,0.010068,0.010166,0.010009,0.010063,197055471.0
2023-05-07 18:00:00+00:00,0.010062,0.010119,0.009961,0.010006,174989472.0
2023-05-08 00:00:00+00:00,0.010006,0.010074,0.0095,0.009646,466213450.0
2023-05-08 06:00:00+00:00,0.009646,0.0097,0.009455,0.009686,262952135.0
2023-05-08 12:00:00+00:00,0.009687,0.009743,0.0092,0.009248,312986588.0
2023-05-08 18:00:00+00:00,0.0092,0.009328,0.008995,0.009311,516781707.0
2023-05-09 00:00:00+00:00,0.009311,0.009395,0.009263,0.009376,159056328.0
2023-05-09 06:00:00+00:00,0.009378,0.009461,0.009298,0.009399,257465659.0
2023-05-09 12:00:00+00:00,0.0094,0.009436,0.009256,0.009334,262932493.0
2023-05-09 18:00:00+00:00,0.009334,0.009436,0.009296,0.009423,137119293.0
2023-05-10 00:00:00+00:00,0.009425,0.009455,0.009324,0.009441,163588633.0
2023-05-10 06:00:00+00:00,0.00944,0.00944,0.009311,0.009371,148597648.0
2023-05-10 12:00:00+00:00,0.009372,0.009623,0.009024,0.00936,712260282.0
2023-05-10 18:00:00+00:00,0.00936,0.009645,0.009314,0.009519,380360930.0
2023-05-11 00:00:00+00:00,0.009519,0.009525,0.009332,0.009388,233758143.0
2023-05-11 06:00:00+00:00,0.009388,0.009414,0.009248,0.009356,215033123.0
2023-05-11 12:00:00+00:00,0.009354,0.009469,0.00903,0.009115,473491163.0
2023-05-11 18:00:00+00:00,0.009118,0.009245,0.00902,0.009189,231394041.0
2023-05-12 00:00:00+00:00,0.009192,0.009243,0.008948,0.009031,311262922.0
2023-05-12 06:00:00+00:00,0.009029,0.009221,0.008979,0.00913,184536942.0
2023-05-12 12:00:00+00:00,0.00913,0.009238,0.009091,0.009135,211560909.0
2023-05-12 18:00:00+00:00,0.009135,0.00934,0.00891,0.009329,390124809.0
2023-05-13 00:00:00+00:00,0.009331,0.009358,0.009215,0.009232,128606985.0
2023-05-13 06:00:00+00:00,0.009231,0.00935,0.009218,0.009277,97898731.0
2023-05-13 12:00:00+00:00,0.009276,0.00932,0.009186,0.009248,115480396.0
2023-05-13 18:00:00+00:00,0.009248,0.009332,0.009213,0.00928,115325307.0
2023-05-14 00:00:00+00:00,0.009282,0.009339,0.00918,0.009328,129848336.0
2023-05-14 06:00:00+00:00,0.009329,0.00938,0.009305,0.009316,78025484.0
2023-05-14 12:00:00+00:00,0.009317,0.009413,0.009273,0.009316,122116757.0
2023-05-14 18:00:00+00:00,0.009317,0.009388,0.009236,0.009373,105979713.0
2023-05-15 00:00:00+00:00,0.009373,0.009479,0.00928,0.009441,273766597.0
2023-05-15 06:00:00+00:00,0.009443,0.00956,0.009421,0.009446,153036640.0
2023-05-15 12:00:00+00:00,0.009447,0.009508,0.009373,0.009466,197201180.0
2023-05-15 18:00:00+00:00,0.009463,0.009519,0.00941,0.009437,134485785.0
2023-05-16 00:00:00+00:00,0.009437,0.009478,0.009311,0.009453,184846291.0
2023-05-16 06:00:00+00:00,0.009451,0.00951,0.009421,0.009475,123178847.0
2023-05-16 12:00:00+00:00,0.009474,0.00951,0.009422,0.009485,190373577.0
2023-05-16 18:00:00+00:00,0.009482,0.009568,0.009407,0.009544,129112839.0
2023-05-17 00:00:00+00:00,0.009544,0.009665,0.009515,0.009579,168907679.0
2023-05-17 06:00:00+00:00,0.009576,0.009612,0.009476,0.009502,179451199.0
2023-05-17 12:00:00+00:00,0.009503,0.009668,0.00944,0.009661,187933271.0
2023-05-17 18:00:00+00:00,0.009661,0.009788,0.009659,0.00974,196043543.0
2023-05-18 00:00:00+00:00,0.009743,0.009776,0.009678,0.009717,150101005.0
2023-05-18 06:00:00+00:00,0.009717,0.009796,0.009682,0.009724,177113343.0
2023-05-18 12:00:00+00:00,0.009724,0.009748,0.00945,0.009486,343976456.0
2023-05-18 18:00:00+00:00,0.00949,0.009644,0.009448,0.009551,181169127.0
2023-05-19 00:00:00+00:00,0.009552,0.00965,0.009503,0.009623,143109766.0
2023-05-19 06:00:00+00:00,0.009625,0.009729,0.009555,0.009575,260854662.0
2023-05-19 12:00:00+00:00,0.009575,0.009666,0.009501,0.009639,232667444.0
2023-05-19 18:00:00+00:00,0.009637,0.009651,0.009567,0.009608,108713916.0
2023-05-20 00:00:00+00:00,0.009608,0.009616,0.009514,0.009587,94337441.0
2023-05-20 06:00:00+00:00,0.009586,0.009627,0.009578,0.009616,80024679.0
2023-05-20 12:00:00+00:00,0.009617,0.009675,0.009592,0.009673,85194016.0
2023-05-20 18:00:00+00:00,0.009673,0.009683,0.009613,0.009636,94458384.0
2023-05-21 00:00:00+00:00,0.009638,0.009673,0.00957,0.009606,91043724.0
2023-05-21 06:00:00+00:00,0.009606,0.009608,0.00946,0.009473,126214149.0
2023-05-21 12:00:00+00:00,0.009472,0.009498,0.009336,0.009385,178630388.0
2023-05-21 18:00:00+00:00,0.009384,0.009456,0.009313,0.009399,104347302.0
2023-05-22 00:00:00+00:00,0.009399,0.009426,0.00924,0.009335,217056821.0
2023-05-22 06:00:00+00:00,0.009332,0.009493,0.00933,0.009478,127911007.0
2023-05-22 12:00:00+00:00,0.009478,0.009538,0.009428,0.009491,173953762.0
2023-05-22 18:00:00+00:00,0.009492,0.00955,0.009488,0.009514,98736708.0
2023-05-23 00:00:00+00:00,0.009515,0.009692,0.009441,0.009629,282690837.0
2023-05-23 06:00:00+00:00,0.009629,0.009681,0.009557,0.009649,203816349.0
2023-05-23 12:00:00+00:00,0.009649,0.009977,0.00954,0.009545,1915972282.0
2023-05-23 18:00:00+00:00,0.009545,0.009555,0.009482,0.009532,341134087.0
2023-05-24 00:00:00+00:00,0.009531,0.009532,0.009114,0.009247,592832834.0
2023-05-24 06:00:00+00:00,0.009248,0.009253,0.009133,0.009159,266706418.0
2023-05-24 12:00:00+00:00,0.009159,0.009193,0.008971,0.009134,352743059.0
2023-05-24 18:00:00+00:00,0.009134,0.009294,0.009065,0.009229,262209299.0
2023-05-25 00:00:00+00:00,0.00923,0.009278,0.009001,0.009247,238925065.0
2023-05-25 06:00:00+00:00,0.009247,0.00926,0.008956,0.009006,420948548.0
2023-05-25 12:00:00+00:00,0.009004,0.009088,0.00892,0.008989,238392436.0
2023-05-25 18:00:00+00:00,0.008988,0.009065,0.008966,0.009002,173026563.0
2023-05-26 00:00:00+00:00,0.009,0.00906,0.008933,0.00897,167895982.0
2023-05-26 06:00:00+00:00,0.00897,0.009073,0.008964,0.009059,122914825.0
2023-05-26 12:00:00+00:00,0.009059,0.009195,0.009029,0.009088,177362417.0
2023-05-26 18:00:00+00:00,0.009088,0.009186,0.009041,0.009137,120233268.0
2023-05-27 00:00:00+00:00,0.009138,0.00924,0.0091,0.009223,111849758.0
2023-05-27 06:00:00+00:00,0.009223,0.009226,0.009144,0.009213,93959833.0
2023-05-27 12:00:00+00:00,0.009212,0.00924,0.009139,0.009215,117455833.0
2023-05-27 18:00:00+00:00,0.009215,0.009354,0.009199,0.009301,292847632.0
2023-05-28 00:00:00+00:00,0.009301,0.009425,0.009283,0.009361,188979326.0
2023-05-28 06:00:00+00:00,0.009362,0.009381,0.009292,0.009298,163784596.0
2023-05-28 12:00:00+00:00,0.009297,0.009356,0.009222,0.009354,202009079.0
2023-05-28 18:00:00+00:00,0.009354,0.0096,0.00934,0.009464,323811805.0
2023-05-29 00:00:00+00:00,0.009465,0.00956,0.009375,0.009467,209383270.0
2023-05-29 06:00:00+00:00,0.009468,0.009544,0.009441,0.009515,154903409.0
2023-05-29 12:00:00+00:00,0.009517,0.009523,0.009325,0.009431,258277891.0
2023-05-29 18:00:00+00:00,0.009431,0.009462,0.009353,0.009428,128778860.0
2023-05-30 00:00:00+00:00,0.009428,0.009491,0.00935,0.009389,164394140.0
2023-05-30 06:00:00+00:00,0.00939,0.00977,0.009351,0.009619,1066463674.0
2023-05-30 12:00:00+00:00,0.009619,0.009624,0.009287,0.009359,627306727.0
2023-05-30 18:00:00+00:00,0.00936,0.009446,0.009346,0.009383,229938951.0
2023-05-31 00:00:00+00:00,0.009383,0.009424,0.009053,0.009073,389240010.0
2023-05-31 06:00:00+00:00,0.009071,0.009132,0.009037,0.009074,364949867.0
2023-05-31 12:00:00+00:00,0.009075,0.009162,0.009036,0.009154,298229432.0
2023-05-31 18:00:00+00:00,0.009157,0.009187,0.009055,0.009151,144497601.0
2023-06-01 00:00:00+00:00,0.009151,0.009202,0.008969,0.009123,226340336.0
2023-06-01 06:00:00+00:00,0.009124,0.009145,0.009051,0.00914,147427764.0
2023-06-01 12:00:00+00:00,0.009141,0.009197,0.009063,0.009155,167683567.0
2023-06-01 18:00:00+00:00,0.009155,0.009188,0.00908,0.009123,108050946.0
2023-06-02 00:00:00+00:00,0.009123,0.0093,0.009024,0.009274,165384520.0
2023-06-02 06:00:00+00:00,0.009274,0.009332,0.009243,0.009313,124020021.0
2023-06-02 12:00:00+00:00,0.009312,0.009338,0.009171,0.009278,177525298.0
2023-06-02 18:00:00+00:00,0.009278,0.009379,0.009273,0.009335,138823398.0
2023-06-03 00:00:00+00:00,0.009335,0.00934,0.009244,0.009275,105032857.0
2023-06-03 06:00:00+00:00,0.009279,0.009376,0.009277,0.009344,86323404.0
2023-06-03 12:00:00+00:00,0.009344,0.009371,0.009264,0.009286,86858680.0
2023-06-03 18:00:00+00:00,0.009287,0.009301,0.009235,0.009277,106630607.0
2023-06-04 00:00:00+00:00,0.009277,0.009366,0.009261,0.009339,91615812.0
2023-06-04 06:00:00+00:00,0.00934,0.009397,0.009322,0.009359,110238926.0
2023-06-04 12:00:00+00:00,0.00936,0.009366,0.009255,0.009295,85180137.0
2023-06-04 18:00:00+00:00,0.009291,0.009393,0.009234,0.009274,106426584.0
2023-06-05 00:00:00+00:00,0.009272,0.009278,0.009093,0.009162,173439274.0
2023-06-05 06:00:00+00:00,0.009161,0.009171,0.009061,0.009116,94661177.0
2023-06-05 12:00:00+00:00,0.009117,0.009138,0.008086,0.008542,568985976.0
2023-06-05 18:00:00+00:00,0.008541,0.008652,0.008443,0.008609,255189786.0
2023-06-06 00:00:00+00:00,0.008609,0.00873,0.008559,0.00869,131645642.0
2023-06-06 06:00:00+00:00,0.008691,0.00872,0.00865,0.008686,95657083.0
2023-06-06 12:00:00+00:00,0.008687,0.008879,0.008567,0.008873,315926950.0
2023-06-06 18:00:00+00:00,0.008874,0.008983,0.008865,0.008972,151862378.0
2023-06-07 00:00:00+00:00,0.008972,0.008973,0.008823,0.008824,129384393.0
2023-06-07 06:00:00+00:00,0.008824,0.008831,0.008585,0.00874,237292897.0
2023-06-07 12:00:00+00:00,0.008742,0.008751,0.008488,0.008586,280435910.0
2023-06-07 18:00:00+00:00,0.008584,0.008605,0.008451,0.008521,133420948.0
2023-06-08 00:00:00+00:00,0.008522,0.008595,0.008414,0.008533,180609063.0
2023-06-08 06:00:00+00:00,0.008529,0.008579,0.008471,0.008559,182773028.0
2023-06-08 12:00:00+00:00,0.008559,0.008664,0.00851,0.00854,188513874.0
2023-06-08 18:00:00+00:00,0.008539,0.00861,0.008507,0.008571,80872385.0
2023-06-09 00:00:00+00:00,0.008572,0.008583,0.008458,0.008502,159199310.0
2023-06-09 06:00:00+00:00,0.008502,0.008605,0.008419,0.008504,290693023.0
2023-06-09 12:00:00+00:00,0.008503,0.008605,0.008468,0.008497,258533095.0
2023-06-09 18:00:00+00:00,0.008497,0.008509,0.00833,0.008468,176846991.0
2023-06-10 00:00:00+00:00,0.008468,0.008473,0.006628,0.007072,1283066543.0
2023-06-10 06:00:00+00:00,0.007076,0.007435,0.007009,0.007428,685470206.0
2023-06-10 12:00:00+00:00,0.007428,0.007533,0.007301,0.00749,659664195.0
2023-06-10 18:00:00+00:00,0.00749,0.007632,0.007329,0.007599,510324021.0
2023-06-11 00:00:00+00:00,0.0076,0.007633,0.007521,0.007588,304657191.0
2023-06-11 06:00:00+00:00,0.007588,0.007626,0.007494,0.007503,293332491.0
2023-06-11 12:00:00+00:00,0.007501,0.007598,0.007416,0.007554,303759200.0
2023-06-11 18:00:00+00:00,0.007557,0.007629,0.00748,0.007539,283363497.0
2023-06-12 00:00:00+00:00,0.00754,0.007558,0.007302,0.007448,434906413.0
2023-06-12 06:00:00+00:00,0.007447,0.007562,0.007417,0.00747,293986481.0
2023-06-12 12:00:00+00:00,0.00747,0.007529,0.007403,0.007489,221180131.0
2023-06-12 18:00:00+00:00,0.007484,0.00758,0.007425,0.007541,170586087.0
2023-06-13 00:00:00+00:00,0.007543,0.007631,0.0075,0.007603,214630967.0
2023-06-13 06:00:00+00:00,0.007604,0.007672,0.007558,0.007672,178010579.0
2023-06-13 12:00:00+00:00,0.007673,0.007768,0.007467,0.007562,410902955.0
2023-06-13 18:00:00+00:00,0.007564,0.007625,0.007504,0.007557,162027580.0
2023-06-14 00:00:00+00:00,0.007558,0.007604,0.007496,0.007506,130797160.0
2023-06-14 06:00:00+00:00,0.007505,0.007607,0.007486,0.00759,143201380.0
2023-06-14 12:00:00+00:00,0.00759,0.007619,0.007548,0.007617,159872893.0
2023-06-14 18:00:00+00:00,0.007617,0.007617,0.007078,0.007287,648312420.0
2023-06-15 00:00:00+00:00,0.007286,0.007383,0.00727,0.007316,205107386.0
2023-06-15 06:00:00+00:00,0.007316,0.007339,0.007159,0.007258,204050009.0
2023-06-15 12:00:00+00:00,0.007259,0.007315,0.007187,0.007291,137201744.0
2023-06-15 18:00:00+00:00,0.007289,0.007496,0.007255,0.007384,169802261.0
2023-06-16 00:00:00+00:00,0.007385,0.007471,0.007318,0.007466,148085109.0
2023-06-16 06:00:00+00:00,0.007466,0.007474,0.007294,0.007334,132382977.0
2023-06-16 12:00:00+00:00,0.007334,0.007483,0.007277,0.007474,204342631.0
2023-06-16 18:00:00+00:00,0.007474,0.007571,0.007424,0.007442,153819242.0
2023-06-17 00:00:00+00:00,0.007444,0.007654,0.007377,0.007627,196874261.0
2023-06-17 06:00:00+00:00,0.00763,0.007645,0.007543,0.007556,154474452.0
2023-06-17 12:00:00+00:00,0.007557,0.007587,0.007499,0.007539,123575638.0
2023-06-17 18:00:00+00:00,0.007538,0.00759,0.007531,0.007568,67072897.0
2023-06-18 00:00:00+00:00,0.007567,0.007577,0.007483,0.00753,166516571.0
2023-06-18 06:00:00+00:00,0.007529,0.007563,0.007489,0.007554,140082925.0
2023-06-18 12:00:00+00:00,0.007555,0.007633,0.007542,0.0076,162989735.0
2023-06-18 18:00:00+00:00,0.007601,0.007612,0.007389,0.00749,187153331.0
2023-06-19 00:00:00+00:00,0.00749,0.007564,0.007415,0.007563,107685039.0
2023-06-19 06:00:00+00:00,0.007562,0.007575,0.007519,0.007547,91334068.0
2023-06-19 12:00:00+00:00,0.007546,0.007567,0.007443,0.007538,166310715.0
2023-06-19 18:00:00+00:00,0.00754,0.007612,0.00745,0.007513,219251317.0
2023-06-20 00:00:00+00:00,0.007515,0.007573,0.007427,0.007437,187868333.0
2023-06-20 06:00:00+00:00,0.007436,0.007446,0.007353,0.007381,154696831.0
2023-06-20 12:00:00+00:00,0.007381,0.007387,0.007172,0.007352,442604267.0
2023-06-20 18:00:00+00:00,0.007353,0.007581,0.007353,0.007565,365979326.0
2023-06-21 00:00:00+00:00,0.007565,0.007912,0.00756,0.007894,431002306.0
2023-06-21 06:00:00+00:00,0.007895,0.007942,0.007776,0.007921,345863837.0
2023-06-21 12:00:00+00:00,0.00792,0.00805,0.007797,0.008017,574263192.0
2023-06-21 18:00:00+00:00,0.008018,0.008252,0.007955,0.008117,466545503.0
2023-06-22 00:00:00+00:00,0.008117,0.008396,0.008105,0.008293,334733302.0
2023-06-22 06:00:00+00:00,0.008294,0.008378,0.008009,0.008127,341673766.0
2023-06-22 12:00:00+00:00,0.00812,0.008288,0.007997,0.008285,350811922.0
2023-06-22 18:00:00+00:00,0.008285,0.008291,0.008081,0.008124,179451125.0
2023-06-23 00:00:00+00:00,0.008125,0.008317,0.008108,0.008288,190129700.0
2023-06-23 06:00:00+00:00,0.008288,0.008352,0.008248,0.008331,190246304.0
2023-06-23 12:00:00+00:00,0.008333,0.008678,0.008227,0.00867,533419752.0
2023-06-23 18:00:00+00:00,0.008664,0.008717,0.008514,0.008581,278858572.0
2023-06-24 00:00:00+00:00,0.008581,0.008752,0.008479,0.00874,251916220.0
2023-06-24 06:00:00+00:00,0.008746,0.008805,0.008622,0.008787,185954860.0
2023-06-24 12:00:00+00:00,0.008787,0.008943,0.008486,0.008661,471131529.0
2023-06-24 18:00:00+00:00,0.008664,0.008807,0.008601,0.008773,185866329.0
2023-06-25 00:00:00+00:00,0.008773,0.009054,0.008733,0.009026,337660989.0
2023-06-25 06:00:00+00:00,0.009026,0.009076,0.008839,0.008872,264256688.0
2023-06-25 12:00:00+00:00,0.008873,0.008895,0.008622,0.008725,236575005.0
2023-06-25 18:00:00+00:00,0.008727,0.008746,0.008617,0.008709,135949745.0
2023-06-26 00:00:00+00:00,0.008707,0.008727,0.00844,0.008531,306779122.0
2023-06-26 06:00:00+00:00,0.008533,0.008714,0.008493,0.008685,245867750.0
2023-06-26 12:00:00+00:00,0.008685,0.008945,0.008507,0.008558,514138534.0
2023-06-26 18:00:00+00:00,0.008556,0.008683,0.008467,0.008637,227852969.0
2023-06-27 00:00:00+00:00,0.008634,0.008774,0.008561,0.008631,186812017.0
2023-06-27 06:00:00+00:00,0.008631,0.008674,0.008537,0.008668,130890502.0
2023-06-27 12:00:00+00:00,0.008667,0.008781,0.008541,0.008701,305913136.0
2023-06-27 18:00:00+00:00,0.008703,0.00877,0.00865,0.008684,129587331.0
2023-06-28 00:00:00+00:00,0.008685,0.008701,0.008462,0.008497,209082190.0
2023-06-28 06:00:00+00:00,0.008497,0.008501,0.008227,0.008301,321351057.0
2023-06-28 12:00:00+00:00,0.008298,0.008365,0.008106,0.008135,326558944.0
2023-06-28 18:00:00+00:00,0.008135,0.008169,0.007802,0.007978,601468460.0
2023-06-29 00:00:00+00:00,0.007978,0.008057,0.007926,0.008005,173098290.0
2023-06-29 06:00:00+00:00,0.008008,0.008227,0.007993,0.008212,210639156.0
2023-06-29 12:00:00+00:00,0.008212,0.00822,0.008036,0.008079,188484969.0
2023-06-29 18:00:00+00:00,0.008078,0.008182,0.008062,0.008123,145206586.0
2023-06-30 00:00:00+00:00,0.008124,0.008464,0.008037,0.008332,348803006.0
2023-06-30 06:00:00+00:00,0.008331,0.008513,0.008269,0.008503,346095565.0
2023-06-30 12:00:00+00:00,0.0085,0.008581,0.007847,0.008451,863828702.0
2023-06-30 18:00:00+00:00,0.008451,0.008486,0.008304,0.008452,200073547.0
2023-07-01 00:00:00+00:00,0.008451,0.008625,0.008352,0.008457,361543722.0
2023-07-01 06:00:00+00:00,0.008457,0.008852,0.008417,0.008752,701387655.0
2023-07-01 12:00:00+00:00,0.008752,0.008772,0.008542,0.008562,246005181.0
2023-07-01 18:00:00+00:00,0.008562,0.008698,0.008539,0.008698,149723880.0
2023-07-02 00:00:00+00:00,0.008698,0.008708,0.008509,0.008607,228935401.0
2023-07-02 06:00:00+00:00,0.008607,0.008645,0.008538,0.008578,131137504.0
2023-07-02 12:00:00+00:00,0.008582,0.008604,0.008352,0.008444,275898743.0
2023-07-02 18:00:00+00:00,0.008441,0.008654,0.008401,0.008623,154443231.0
2023-07-03 00:00:00+00:00,0.008623,0.0087,0.008555,0.008628,154029596.0
2023-07-03 06:00:00+00:00,0.008627,0.0087,0.008543,0.008676,189170399.0
2023-07-03 12:00:00+00:00,0.008677,0.008763,0.008596,0.008709,263435730.0
2023-07-03 18:00:00+00:00,0.008711,0.008788,0.008651,0.008715,127757499.0
2023-07-04 00:00:00+00:00,0.008719,0.008818,0.008643,0.008689,248599588.0
2023-07-04 06:00:00+00:00,0.008691,0.008715,0.008553,0.008699,173040118.0
2023-07-04 12:00:00+00:00,0.008697,0.008757,0.008578,0.008643,231733527.0
2023-07-04 18:00:00+00:00,0.008642,0.008719,0.0085,0.008615,185013545.0
2023-07-05 00:00:00+00:00,0.008616,0.008873,0.008598,0.00883,309205728.0
2023-07-05 06:00:00+00:00,0.008827,0.008844,0.008347,0.008472,426125941.0
2023-07-05 12:00:00+00:00,0.008471,0.008496,0.008294,0.008436,332498235.0
2023-07-05 18:00:00+00:00,0.008438,0.008482,0.008351,0.008445,106963742.0
2023-07-06 00:00:00+00:00,0.008443,0.008488,0.008307,0.008477,182944552.0
2023-07-06 06:00:00+00:00,0.008476,0.008731,0.008448,0.008514,263308747.0
2023-07-06 12:00:00+00:00,0.008513,0.008532,0.008154,0.008341,379870247.0
2023-07-06 18:00:00+00:00,0.008342,0.008416,0.008148,0.008175,165624826.0
2023-07-07 00:00:00+00:00,0.008176,0.008348,0.008074,0.008334,213551962.0
2023-07-07 06:00:00+00:00,0.008334,0.008367,0.008251,0.008309,121373167.0
2023-07-07 12:00:00+00:00,0.00831,0.00841,0.008241,0.008309,182189475.0
2023-07-07 18:00:00+00:00,0.008309,0.008356,0.008243,0.00835,77018893.0
2023-07-08 00:00:00+00:00,0.00835,0.008428,0.008253,0.00829,146920741.0
2023-07-08 06:00:00+00:00,0.00829,0.008355,0.008233,0.008264,129710869.0
2023-07-08 12:00:00+00:00,0.008265,0.008314,0.008226,0.008275,78555064.0
2023-07-08 18:00:00+00:00,0.00827,0.008325,0.008167,0.008309,142211866.0
2023-07-09 00:00:00+00:00,0.008306,0.008378,0.008261,0.008294,131119071.0
2023-07-09 06:00:00+00:00,0.008294,0.00837,0.008241,0.008325,87568026.0
2023-07-09 12:00:00+00:00,0.008325,0.008387,0.008272,0.008338,121370300.0
2023-07-09 18:00:00+00:00,0.008337,0.008347,0.008244,0.008273,89696330.0
2023-07-10 00:00:00+00:00,0.008276,0.00828,0.008036,0.008129,318807991.0
2023-07-10 06:00:00+00:00,0.00813,0.008232,0.008051,0.008195,137844933.0
2023-07-10 12:00:00+00:00,0.008196,0.008328,0.008181,0.008295,185292189.0
2023-07-10 18:00:00+00:00,0.008295,0.008457,0.00826,0.008307,268275107.0
2023-07-11 00:00:00+00:00,0.008307,0.00854,0.008235,0.008507,302897455.0
2023-07-11 06:00:00+00:00,0.008508,0.008543,0.008377,0.008436,197168605.0
2023-07-11 12:00:00+00:00,0.008434,0.008457,0.008372,0.008412,132293818.0
2023-07-11 18:00:00+00:00,0.008412,0.008617,0.008363,0.008575,254265069.0
2023-07-12 00:00:00+00:00,0.008575,0.008732,0.00857,0.008722,273410953.0
2023-07-12 06:00:00+00:00,0.008722,0.008737,0.008626,0.008686,254124163.0
2023-07-12 12:00:00+00:00,0.008685,0.008834,0.008612,0.008685,541303853.0
2023-07-12 18:00:00+00:00,0.008685,0.008756,0.008596,0.008712,264493164.0
2023-07-13 00:00:00+00:00,0.008712,0.008805,0.008534,0.008599,250076381.0
2023-07-13 06:00:00+00:00,0.008599,0.008856,0.008597,0.008755,1212841851.0
2023-07-13 12:00:00+00:00,0.008756,0.009091,0.00866,0.009059,666718446.0
2023-07-13 18:00:00+00:00,0.009059,0.009424,0.008985,0.009393,657956486.0
2023-07-14 00:00:00+00:00,0.009395,0.009564,0.00929,0.009407,453334554.0
2023-07-14 06:00:00+00:00,0.009405,0.009431,0.009226,0.009345,236310684.0
2023-07-14 12:00:00+00:00,0.009343,0.009493,0.009133,0.009143,475894221.0
2023-07-14 18:00:00+00:00,0.009148,0.009216,0.00871,0.008996,610222398.0
2023-07-15 00:00:00+00:00,0.008997,0.009148,0.008912,0.009092,287407476.0
2023-07-15 06:00:00+00:00,0.009091,0.009484,0.009087,0.009317,378570193.0
2023-07-15 12:00:00+00:00,0.009317,0.009351,0.00915,0.009243,224485885.0
2023-07-15 18:00:00+00:00,0.009244,0.009404,0.009227,0.009396,182921002.0
2023-07-16 00:00:00+00:00,0.009395,0.009395,0.009103,0.009232,228914798.0
2023-07-16 06:00:00+00:00,0.009236,0.009327,0.009192,0.009271,142207734.0
2023-07-16 12:00:00+00:00,0.00927,0.009382,0.009241,0.009281,194840181.0
2023-07-16 18:00:00+00:00,0.009281,0.009284,0.009081,0.009148,188609309.0
2023-07-17 00:00:00+00:00,0.009143,0.009301,0.009014,0.009206,346247201.0
2023-07-17 06:00:00+00:00,0.009206,0.009307,0.008852,0.009078,325652419.0
2023-07-17 12:00:00+00:00,0.009078,0.009269,0.008984,0.009069,281640660.0
2023-07-17 18:00:00+00:00,0.009069,0.009257,0.008929,0.009227,231410704.0
2023-07-18 00:00:00+00:00,0.009228,0.009294,0.009117,0.009127,169865784.0
2023-07-18 06:00:00+00:00,0.009127,0.009153,0.008876,0.008889,228020517.0
2023-07-18 12:00:00+00:00,0.008888,0.00895,0.008686,0.008814,526738474.0
2023-07-18 18:00:00+00:00,0.008814,0.00888,0.00875,0.008828,188181600.0
2023-07-19 00:00:00+00:00,0.008829,0.008958,0.008788,0.008901,172240720.0
2023-07-19 06:00:00+00:00,0.0089,0.008919,0.008706,0.008864,208067901.0
2023-07-19 12:00:00+00:00,0.008864,0.008886,0.008704,0.00883,237271914.0
2023-07-19 18:00:00+00:00,0.00883,0.008907,0.00877,0.008795,133164197.0
2023-07-20 00:00:00+00:00,0.008796,0.008917,0.008758,0.008902,188262735.0
2023-07-20 06:00:00+00:00,0.008902,0.009058,0.008853,0.009027,255362091.0
2023-07-20 12:00:00+00:00,0.00903,0.009053,0.008759,0.008831,230254260.0
2023-07-20 18:00:00+00:00,0.008831,0.008893,0.008733,0.008849,118684840.0
2023-07-21 00:00:00+00:00,0.008848,0.008995,0.008759,0.008907,147525614.0
2023-07-21 06:00:00+00:00,0.00891,0.008943,0.008819,0.008917,114960233.0
2023-07-21 12:00:00+00:00,0.008917,0.008979,0.00889,0.008967,125124869.0
2023-07-21 18:00:00+00:00,0.008972,0.009011,0.008866,0.008947,159182640.0
2023-07-22 00:00:00+00:00,0.008947,0.009053,0.008925,0.009007,174169498.0
2023-07-22 06:00:00+00:00,0.009007,0.009053,0.008873,0.008923,231528898.0
2023-07-22 12:00:00+00:00,0.008924,0.009025,0.00892,0.008985,117097010.0
2023-07-22 18:00:00+00:00,0.008982,0.009047,0.008846,0.008961,207072989.0
2023-07-23 00:00:00+00:00,0.008963,0.009235,0.008904,0.009164,324108985.0
2023-07-23 06:00:00+00:00,0.009162,0.009187,0.009058,0.009079,233200819.0
2023-07-23 12:00:00+00:00,0.009077,0.009139,0.009043,0.009127,165153706.0
2023-07-23 18:00:00+00:00,0.009127,0.009151,0.008975,0.009089,146144034.0
2023-07-24 00:00:00+00:00,0.00909,0.009134,0.008862,0.009005,226332471.0
2023-07-24 06:00:00+00:00,0.009004,0.009042,0.00858,0.008725,339349327.0
2023-07-24 12:00:00+00:00,0.008725,0.008741,0.008479,0.008552,345905225.0
2023-07-24 18:00:00+00:00,0.008552,0.008603,0.008509,0.008571,128659222.0
2023-07-25 00:00:00+00:00,0.008569,0.008648,0.008475,0.00855,173297507.0
2023-07-25 06:00:00+00:00,0.008549,0.008683,0.008516,0.00863,172875038.0
2023-07-25 12:00:00+00:00,0.008631,0.0087,0.008583,0.008693,146219095.0
2023-07-25 18:00:00+00:00,0.008696,0.008719,0.008622,0.00869,129985561.0
2023-07-26 00:00:00+00:00,0.008691,0.008745,0.00861,0.008716,210383656.0
2023-07-26 06:00:00+00:00,0.008715,0.008749,0.008629,0.008649,120321493.0
2023-07-26 12:00:00+00:00,0.00865,0.008776,0.008637,0.008667,136732882.0
2023-07-26 18:00:00+00:00,0.008667,0.008915,0.008659,0.008817,227647653.0
2023-07-27 00:00:00+00:00,0.008816,0.008988,0.008772,0.008959,147271369.0
2023-07-27 06:00:00+00:00,0.008959,0.009038,0.008886,0.008988,136948512.0
2023-07-27 12:00:00+00:00,0.008988,0.009008,0.008845,0.008898,156095276.0
2023-07-27 18:00:00+00:00,0.008899,0.008955,0.008786,0.008916,110333829.0
2023-07-28 00:00:00+00:00,0.008917,0.009,0.00884,0.008869,135893002.0
2023-07-28 06:00:00+00:00,0.008871,0.009052,0.008854,0.009028,158589299.0
2023-07-28 12:00:00+00:00,0.009029,0.009186,0.009007,0.009095,278557979.0
2023-07-28 18:00:00+00:00,0.009096,0.009189,0.009088,0.009149,172570690.0
2023-07-29 00:00:00+00:00,0.009147,0.009217,0.009137,0.009178,117041045.0
2023-07-29 06:00:00+00:00,0.00918,0.009295,0.009102,0.009216,314166399.0
2023-07-29 12:00:00+00:00,0.009216,0.009369,0.009205,0.009326,269035480.0
2023-07-29 18:00:00+00:00,0.009325,0.009338,0.009258,0.009317,170951678.0
2023-07-30 00:00:00+00:00,0.009318,0.00937,0.009169,0.009217,219511090.0
2023-07-30 06:00:00+00:00,0.009218,0.009319,0.009075,0.009105,296657778.0
2023-07-30 12:00:00+00:00,0.009104,0.009149,0.009002,0.009145,211051560.0
2023-07-30 18:00:00+00:00,0.009145,0.009146,0.0088,0.008986,254877575.0
2023-07-31 00:00:00+00:00,0.008985,0.009119,0.008928,0.009012,172187703.0
2023-07-31 06:00:00+00:00,0.009012,0.009042,0.008945,0.009014,134239903.0
2023-07-31 12:00:00+00:00,0.009014,0.009166,0.00893,0.009022,483506886.0
2023-07-31 18:00:00+00:00,0.009023,0.00913,0.008862,0.00908,250722866.0
2023-08-01 00:00:00+00:00,0.009079,0.009131,0.008638,0.008889,330132014.0
2023-08-01 06:00:00+00:00,0.008885,0.008936,0.008855,0.008899,125451786.0
2023-08-01 12:00:00+00:00,0.008902,0.008995,0.008802,0.008972,181948051.0
2023-08-01 18:00:00+00:00,0.008972,0.009149,0.008968,0.009141,138504509.0
2023-08-02 00:00:00+00:00,0.00914,0.009187,0.008966,0.008979,190509241.0
2023-08-02 06:00:00+00:00,0.008979,0.009008,0.00888,0.008993,129537373.0
2023-08-02 12:00:00+00:00,0.008993,0.009016,0.008782,0.008884,220306490.0
2023-08-02 18:00:00+00:00,0.008884,0.008961,0.008863,0.00888,73358653.0
2023-08-03 00:00:00+00:00,0.008879,0.008983,0.008832,0.008875,114414117.0
2023-08-03 06:00:00+00:00,0.008876,0.00888,0.008753,0.008826,136181058.0
2023-08-03 12:00:00+00:00,0.008825,0.008925,0.008758,0.008851,118564546.0
2023-08-03 18:00:00+00:00,0.008851,0.008954,0.008791,0.008821,101318073.0
2023-08-04 00:00:00+00:00,0.008821,0.009004,0.0088,0.008857,186291059.0
2023-08-04 06:00:00+00:00,0.008858,0.008881,0.008749,0.008795,140248917.0
2023-08-04 12:00:00+00:00,0.008794,0.008916,0.008786,0.00887,103002944.0
2023-08-04 18:00:00+00:00,0.008868,0.008875,0.008765,0.00886,111910246.0
2023-08-05 00:00:00+00:00,0.008861,0.008884,0.008775,0.008806,60081038.0
2023-08-05 06:00:00+00:00,0.008807,0.008834,0.008699,0.008754,105263490.0
2023-08-05 12:00:00+00:00,0.008754,0.008818,0.008722,0.008769,78521979.0
2023-08-05 18:00:00+00:00,0.00877,0.008789,0.008718,0.008778,71314014.0
2023-08-06 00:00:00+00:00,0.008777,0.00891,0.00876,0.008817,111920883.0
2023-08-06 06:00:00+00:00,0.008817,0.008824,0.008714,0.008741,77971111.0
2023-08-06 12:00:00+00:00,0.008743,0.008754,0.00863,0.008702,151455086.0
2023-08-06 18:00:00+00:00,0.008703,0.008732,0.008643,0.008663,64860042.0
2023-08-07 00:00:00+00:00,0.008667,0.008783,0.008639,0.008727,105536229.0
2023-08-07 06:00:00+00:00,0.008727,0.008752,0.00865,0.008697,107713010.0
2023-08-07 12:00:00+00:00,0.008699,0.008707,0.008363,0.008477,264421342.0
2023-08-07 18:00:00+00:00,0.008476,0.008633,0.008461,0.008625,121764000.0
2023-08-08 00:00:00+00:00,0.008625,0.008628,0.00852,0.008586,59737577.0
2023-08-08 06:00:00+00:00,0.008585,0.008594,0.0085,0.008593,67905653.0
2023-08-08 12:00:00+00:00,0.008592,0.008666,0.008548,0.008642,110407163.0
2023-08-08 18:00:00+00:00,0.008642,0.008718,0.008611,0.008643,129459892.0
2023-08-09 00:00:00+00:00,0.008643,0.008679,0.008564,0.008618,81116359.0
2023-08-09 06:00:00+00:00,0.008618,0.008631,0.008584,0.008618,64619893.0
2023-08-09 12:00:00+00:00,0.008616,0.008704,0.008568,0.008569,108533514.0
2023-08-09 18:00:00+00:00,0.00857,0.008636,0.008522,0.008628,97606113.0
2023-08-10 00:00:00+00:00,0.008628,0.008628,0.008476,0.008505,61006948.0
2023-08-10 06:00:00+00:00,0.008503,0.008849,0.008479,0.008581,1150844675.0
2023-08-10 12:00:00+00:00,0.008581,0.008687,0.008505,0.008515,323824237.0
2023-08-10 18:00:00+00:00,0.008516,0.008591,0.008503,0.008568,125929345.0
2023-08-11 00:00:00+00:00,0.008567,0.008585,0.008484,0.008584,141614324.0
2023-08-11 06:00:00+00:00,0.008584,0.008596,0.008516,0.00855,116406340.0
2023-08-11 12:00:00+00:00,0.008548,0.008605,0.008504,0.008558,132412424.0
2023-08-11 18:00:00+00:00,0.008555,0.008591,0.008533,0.008587,34253441.0
2023-08-12 00:00:00+00:00,0.008586,0.008597,0.008524,0.008532,89429114.0
2023-08-12 06:00:00+00:00,0.008532,0.008534,0.008442,0.008455,95188802.0
2023-08-12 12:00:00+00:00,0.008457,0.008545,0.008445,0.008519,122087615.0
2023-08-12 18:00:00+00:00,0.00852,0.008531,0.008467,0.008511,61063800.0
2023-08-13 00:00:00+00:00,0.00851,0.008523,0.008471,0.008494,61536343.0
2023-08-13 06:00:00+00:00,0.008494,0.008542,0.008453,0.008516,125498473.0
2023-08-13 12:00:00+00:00,0.008515,0.008539,0.008453,0.008533,82947956.0
2023-08-13 18:00:00+00:00,0.008533,0.008609,0.008405,0.008447,115616251.0
2023-08-14 00:00:00+00:00,0.008446,0.008508,0.008375,0.008487,104317315.0
2023-08-14 06:00:00+00:00,0.008487,0.008493,0.008405,0.008415,87457435.0
2023-08-14 12:00:00+00:00,0.008415,0.008495,0.008381,0.008431,112283995.0
2023-08-14 18:00:00+00:00,0.008428,0.008464,0.008385,0.008415,86155127.0
2023-08-15 00:00:00+00:00,0.008416,0.008435,0.008269,0.008288,227503720.0
2023-08-15 06:00:00+00:00,0.008287,0.00841,0.008273,0.00831,300121029.0
2023-08-15 12:00:00+00:00,0.008311,0.008346,0.008214,0.008334,133985467.0
2023-08-15 18:00:00+00:00,0.008333,0.008345,0.007534,0.008011,460276346.0
2023-08-16 00:00:00+00:00,0.008011,0.008054,0.007977,0.007984,122059511.0
2023-08-16 06:00:00+00:00,0.007985,0.007996,0.007766,0.007815,306664874.0
2023-08-16 12:00:00+00:00,0.007815,0.007835,0.00768,0.007809,268719261.0
2023-08-16 18:00:00+00:00,0.007809,0.00784,0.007434,0.007644,313284668.0
2023-08-17 00:00:00+00:00,0.007645,0.007773,0.00748,0.007767,157261475.0
2023-08-17 06:00:00+00:00,0.007766,0.007793,0.007639,0.00767,183589429.0
2023-08-17 12:00:00+00:00,0.00767,0.007697,0.007441,0.007598,291369282.0
2023-08-17 18:00:00+00:00,0.007598,0.007635,0.006259,0.00699,629193054.0
2023-08-18 00:00:00+00:00,0.006994,0.007215,0.006973,0.00721,408220554.0
2023-08-18 06:00:00+00:00,0.00721,0.007282,0.007148,0.007189,183365449.0
2023-08-18 12:00:00+00:00,0.007189,0.007201,0.007003,0.007168,244610567.0
2023-08-18 18:00:00+00:00,0.007168,0.00723,0.007139,0.007208,94207012.0
2023-08-19 00:00:00+00:00,0.007207,0.007216,0.00712,0.007144,135498205.0
2023-08-19 06:00:00+00:00,0.007143,0.007249,0.007133,0.007235,96833037.0
2023-08-19 12:00:00+00:00,0.007235,0.007308,0.007201,0.00723,134771771.0
2023-08-19 18:00:00+00:00,0.007232,0.007246,0.007163,0.007222,96838413.0
2023-08-20 00:00:00+00:00,0.007222,0.007289,0.007212,0.007227,103802766.0
2023-08-20 06:00:00+00:00,0.007227,0.00726,0.007193,0.007254,63034849.0
2023-08-20 12:00:00+00:00,0.007254,0.007292,0.007164,0.007243,103271845.0
2023-08-20 18:00:00+00:00,0.007242,0.007293,0.00723,0.007277,57752897.0
2023-08-21 00:00:00+00:00,0.007276,0.007295,0.007187,0.007226,97347134.0
2023-08-21 06:00:00+00:00,0.007228,0.007242,0.007059,0.007136,209884176.0
2023-08-21 12:00:00+00:00,0.007137,0.007186,0.006947,0.007073,214676481.0
2023-08-21 18:00:00+00:00,0.007072,0.007177,0.007062,0.007146,67426664.0
2023-08-22 00:00:00+00:00,0.007148,0.00721,0.00712,0.007141,65217294.0
2023-08-22 06:00:00+00:00,0.007141,0.007252,0.007121,0.0072,103827508.0
2023-08-22 12:00:00+00:00,0.007198,0.00722,0.006998,0.007013,253629757.0
2023-08-22 18:00:00+00:00,0.007014,0.007241,0.00694,0.007207,266659752.0
2023-08-23 00:00:00+00:00,0.007205,0.007246,0.007179,0.007231,124057165.0
2023-08-23 06:00:00+00:00,0.00723,0.007295,0.007204,0.007209,99059659.0
2023-08-23 12:00:00+00:00,0.00721,0.007443,0.007159,0.007422,154933598.0
2023-08-23 18:00:00+00:00,0.007422,0.007463,0.007322,0.007386,134315392.0
2023-08-24 00:00:00+00:00,0.007386,0.00747,0.00731,0.007316,197426355.0
2023-08-24 06:00:00+00:00,0.007316,0.007359,0.007265,0.007324,109266753.0
2023-08-24 12:00:00+00:00,0.007322,0.007341,0.00717,0.007245,308932957.0
2023-08-24 18:00:00+00:00,0.007243,0.007267,0.007128,0.007211,122464843.0
2023-08-25 00:00:00+00:00,0.007211,0.00722,0.007032,0.007136,364845978.0
2023-08-25 06:00:00+00:00,0.007137,0.007316,0.007129,0.007261,336732871.0
2023-08-25 12:00:00+00:00,0.00726,0.007297,0.007181,0.007282,257184215.0
2023-08-25 18:00:00+00:00,0.007281,0.007352,0.007262,0.00734,137552581.0
2023-08-26 00:00:00+00:00,0.007341,0.007376,0.007279,0.00729,187401302.0
2023-08-26 06:00:00+00:00,0.00729,0.007353,0.007283,0.007352,116175036.0
2023-08-26 12:00:00+00:00,0.007352,0.007363,0.007266,0.007274,124899714.0
2023-08-26 18:00:00+00:00,0.007274,0.007342,0.007261,0.007297,92509302.0
2023-08-27 00:00:00+00:00,0.007296,0.007343,0.007279,0.007316,62779058.0
2023-08-27 06:00:00+00:00,0.007315,0.007316,0.007246,0.007258,79405985.0
2023-08-27 12:00:00+00:00,0.007255,0.00728,0.007189,0.0072,176806613.0
2023-08-27 18:00:00+00:00,0.0072,0.007256,0.007185,0.007247,81815275.0
2023-08-28 00:00:00+00:00,0.007245,0.007249,0.007053,0.007125,195707307.0
2023-08-28 06:00:00+00:00,0.007124,0.007164,0.007043,0.007157,108696072.0
2023-08-28 12:00:00+00:00,0.007156,0.007314,0.007153,0.007287,144420215.0
2023-08-28 18:00:00+00:00,0.007287,0.007309,0.007205,0.00728,194189397.0
2023-08-29 00:00:00+00:00,0.00728,0.007303,0.007151,0.007162,106771272.0
2023-08-29 06:00:00+00:00,0.007162,0.007162,0.007069,0.007104,119932192.0
2023-08-29 12:00:00+00:00,0.007101,0.007557,0.007084,0.007548,742664689.0
2023-08-29 18:00:00+00:00,0.007547,0.007574,0.007433,0.007471,177074406.0
2023-08-30 00:00:00+00:00,0.007471,0.007504,0.007399,0.007451,138632015.0
2023-08-30 06:00:00+00:00,0.007453,0.007485,0.007393,0.007403,160079109.0
2023-08-30 12:00:00+00:00,0.007403,0.007439,0.007274,0.007365,164306973.0
2023-08-30 18:00:00+00:00,0.007365,0.007397,0.007332,0.007367,106933274.0
2023-08-31 00:00:00+00:00,0.007367,0.007386,0.007284,0.00737,96582038.0
2023-08-31 06:00:00+00:00,0.007369,0.007401,0.007303,0.007374,137510051.0
2023-08-31 12:00:00+00:00,0.007375,0.007383,0.006969,0.007125,348314733.0
2023-08-31 18:00:00+00:00,0.007122,0.007149,0.007003,0.007095,147680555.0
2023-09-01 00:00:00+00:00,0.007094,0.007158,0.007081,0.007141,72571680.0
2023-09-01 06:00:00+00:00,0.00714,0.007155,0.007048,0.007079,130164035.0
2023-09-01 12:00:00+00:00,0.00708,0.007111,0.006898,0.006927,220918583.0
2023-09-01 18:00:00+00:00,0.006927,0.007008,0.00691,0.006949,132186345.0
2023-09-02 00:00:00+00:00,0.006949,0.006998,0.006926,0.006949,96656465.0
2023-09-02 06:00:00+00:00,0.006947,0.007009,0.006903,0.006999,86557779.0
2023-09-02 12:00:00+00:00,0.006997,0.007042,0.006959,0.006972,102294416.0
2023-09-02 18:00:00+00:00,0.006973,0.006993,0.0069,0.006972,148607287.0
2023-09-03 00:00:00+00:00,0.006972,0.006981,0.006864,0.006981,182688005.0
2023-09-03 06:00:00+00:00,0.006979,0.007016,0.006942,0.007009,112124643.0
2023-09-03 12:00:00+00:00,0.007007,0.00706,0.006915,0.00699,298394963.0
2023-09-03 18:00:00+00:00,0.006991,0.007051,0.006985,0.00702,73042064.0
2023-09-04 00:00:00+00:00,0.007021,0.007155,0.00702,0.007046,110313499.0
2023-09-04 06:00:00+00:00,0.007044,0.0071,0.006995,0.007002,79136676.0
2023-09-04 12:00:00+00:00,0.007002,0.007048,0.006925,0.007012,140070248.0
2023-09-04 18:00:00+00:00,0.007013,0.007029,0.006912,0.006982,78716706.0
2023-09-05 00:00:00+00:00,0.006984,0.006999,0.006884,0.00698,100014497.0
2023-09-05 06:00:00+00:00,0.00698,0.007042,0.006955,0.007037,82510663.0
2023-09-05 12:00:00+00:00,0.007036,0.00709,0.006992,0.007065,127579636.0
2023-09-05 18:00:00+00:00,0.007065,0.007095,0.007033,0.007062,65123504.0
2023-09-06 00:00:00+00:00,0.007062,0.007126,0.007033,0.007033,75500962.0
2023-09-06 06:00:00+00:00,0.007033,0.007094,0.00702,0.007065,67866268.0
2023-09-06 12:00:00+00:00,0.007068,0.00712,0.006934,0.007074,187256527.0
2023-09-06 18:00:00+00:00,0.007072,0.007115,0.007004,0.007115,104291000.0
2023-09-07 00:00:00+00:00,0.007115,0.007235,0.007032,0.007036,284463664.0
2023-09-07 06:00:00+00:00,0.007038,0.007055,0.006988,0.006995,95505846.0
2023-09-07 12:00:00+00:00,0.006998,0.007111,0.006987,0.007108,121616827.0
2023-09-07 18:00:00+00:00,0.007105,0.007177,0.007071,0.007159,101954129.0
2023-09-08 00:00:00+00:00,0.007161,0.007209,0.007111,0.007176,93261503.0
2023-09-08 06:00:00+00:00,0.007178,0.007186,0.007017,0.007073,163155137.0
2023-09-08 12:00:00+00:00,0.007073,0.00711,0.007042,0.007058,93883737.0
2023-09-08 18:00:00+00:00,0.007058,0.007098,0.007046,0.007094,44914280.0
2023-09-09 00:00:00+00:00,0.007095,0.007373,0.007092,0.007201,794398184.0
2023-09-09 06:00:00+00:00,0.007201,0.007232,0.007142,0.007169,126557889.0
2023-09-09 12:00:00+00:00,0.007168,0.00723,0.007135,0.007218,113582437.0
2023-09-09 18:00:00+00:00,0.007219,0.007287,0.007181,0.007195,203969068.0
2023-09-10 00:00:00+00:00,0.007195,0.007197,0.006761,0.006935,370088665.0
2023-09-10 06:00:00+00:00,0.006937,0.006996,0.00693,0.00693,93628662.0
2023-09-10 12:00:00+00:00,0.006931,0.006977,0.00679,0.006804,395758501.0
2023-09-10 18:00:00+00:00,0.006804,0.006913,0.006761,0.006868,131508971.0
2023-09-11 00:00:00+00:00,0.006867,0.006988,0.006775,0.006863,206063086.0
2023-09-11 06:00:00+00:00,0.006863,0.006877,0.006608,0.006716,308010712.0
2023-09-11 12:00:00+00:00,0.006714,0.006785,0.006628,0.006769,238045469.0
2023-09-11 18:00:00+00:00,0.006769,0.006771,0.00658,0.006715,202364365.0
2023-09-12 00:00:00+00:00,0.006716,0.006955,0.006606,0.006729,492519789.0
2023-09-12 06:00:00+00:00,0.00673,0.00692,0.006703,0.006873,219812296.0
2023-09-12 12:00:00+00:00,0.006877,0.006909,0.006724,0.006732,245492971.0
2023-09-12 18:00:00+00:00,0.006733,0.0068,0.006725,0.006747,149083481.0
2023-09-13 00:00:00+00:00,0.006744,0.006767,0.006683,0.00671,135607224.0
2023-09-13 06:00:00+00:00,0.00671,0.006899,0.006693,0.006837,204654372.0
2023-09-13 12:00:00+00:00,0.006837,0.006929,0.006781,0.006843,160717200.0
2023-09-13 18:00:00+00:00,0.006842,0.006917,0.006827,0.006855,57453859.0
2023-09-14 00:00:00+00:00,0.006855,0.006983,0.006846,0.006875,157874184.0
2023-09-14 06:00:00+00:00,0.006876,0.006977,0.00686,0.006972,120054597.0
2023-09-14 12:00:00+00:00,0.006972,0.007033,0.006915,0.007022,167748286.0
2023-09-14 18:00:00+00:00,0.007021,0.007063,0.006971,0.007049,77459539.0
2023-09-15 00:00:00+00:00,0.007049,0.007153,0.007001,0.00709,173906190.0
2023-09-15 06:00:00+00:00,0.007089,0.007106,0.007023,0.007039,82812376.0
2023-09-15 12:00:00+00:00,0.007041,0.00714,0.007019,0.007117,116716996.0
2023-09-15 18:00:00+00:00,0.007118,0.007309,0.007109,0.00729,153269489.0
2023-09-16 00:00:00+00:00,0.007289,0.007417,0.007276,0.007362,202157641.0
2023-09-16 06:00:00+00:00,0.00736,0.007373,0.007298,0.00734,107533003.0
2023-09-16 12:00:00+00:00,0.00734,0.007344,0.007232,0.00729,96485565.0
2023-09-16 18:00:00+00:00,0.007288,0.007336,0.007253,0.007315,68206627.0
2023-09-17 00:00:00+00:00,0.007316,0.007318,0.007093,0.007186,156008118.0
2023-09-17 06:00:00+00:00,0.007188,0.007191,0.007113,0.007119,54646009.0
2023-09-17 12:00:00+00:00,0.007119,0.007133,0.006974,0.006977,102485739.0
2023-09-17 18:00:00+00:00,0.006976,0.007013,0.006846,0.006888,140744878.0
2023-09-18 00:00:00+00:00,0.006889,0.007011,0.006808,0.006997,146093798.0
2023-09-18 06:00:00+00:00,0.006997,0.007136,0.006969,0.007135,131631224.0
2023-09-18 12:00:00+00:00,0.007136,0.007197,0.007057,0.007081,131706127.0
2023-09-18 18:00:00+00:00,0.007083,0.007119,0.007043,0.007057,93552618.0
2023-09-19 00:00:00+00:00,0.007057,0.007137,0.007009,0.007096,98957011.0
2023-09-19 06:00:00+00:00,0.007096,0.007264,0.007072,0.007164,179175951.0
2023-09-19 12:00:00+00:00,0.007165,0.007219,0.007122,0.00716,73959633.0
2023-09-19 18:00:00+00:00,0.007162,0.007179,0.00713,0.007163,53667045.0
2023-09-20 00:00:00+00:00,0.007164,0.007236,0.007095,0.007098,118353228.0
2023-09-20 06:00:00+00:00,0.007097,0.007106,0.007,0.007049,99509796.0
2023-09-20 12:00:00+00:00,0.00705,0.00716,0.007013,0.007127,152906317.0
2023-09-20 18:00:00+00:00,0.007127,0.007224,0.007036,0.007216,108990702.0
2023-09-21 00:00:00+00:00,0.007216,0.007237,0.007144,0.007185,150154035.0
2023-09-21 06:00:00+00:00,0.007185,0.007198,0.007003,0.007036,135668686.0
2023-09-21 12:00:00+00:00,0.007035,0.007092,0.006971,0.007035,175873063.0
2023-09-21 18:00:00+00:00,0.007035,0.007073,0.007011,0.007027,96960771.0
2023-09-22 00:00:00+00:00,0.007027,0.007075,0.006964,0.007048,148897736.0
2023-09-22 06:00:00+00:00,0.007048,0.007101,0.007008,0.007096,65056056.0
2023-09-22 12:00:00+00:00,0.007096,0.007143,0.007079,0.007129,137005326.0
2023-09-22 18:00:00+00:00,0.007128,0.00722,0.007113,0.007215,88185440.0
2023-09-23 00:00:00+00:00,0.007216,0.007339,0.007192,0.007262,303400223.0
2023-09-23 06:00:00+00:00,0.007262,0.007326,0.007254,0.007317,197486565.0
2023-09-23 12:00:00+00:00,0.007316,0.007344,0.007248,0.007309,240608353.0
2023-09-23 18:00:00+00:00,0.00731,0.007329,0.00729,0.007299,92729464.0
2023-09-24 00:00:00+00:00,0.007299,0.007305,0.007225,0.007246,149613259.0
2023-09-24 06:00:00+00:00,0.007245,0.007275,0.007219,0.007243,87869012.0
2023-09-24 12:00:00+00:00,0.007243,0.007252,0.007188,0.007219,114429216.0
2023-09-24 18:00:00+00:00,0.007219,0.007236,0.007013,0.007069,153479412.0
2023-09-25 00:00:00+00:00,0.00707,0.00717,0.00699,0.007125,148818414.0
2023-09-25 06:00:00+00:00,0.007124,0.00714,0.007059,0.007074,217416414.0
2023-09-25 12:00:00+00:00,0.007074,0.007181,0.007046,0.007154,149740920.0
2023-09-25 18:00:00+00:00,0.007154,0.007194,0.00714,0.00719,59998024.0
2023-09-26 00:00:00+00:00,0.007191,0.00739,0.007159,0.007173,529988397.0
2023-09-26 06:00:00+00:00,0.007174,0.007183,0.007078,0.007106,142568515.0
2023-09-26 12:00:00+00:00,0.007107,0.007138,0.00704,0.007069,108765858.0
2023-09-26 18:00:00+00:00,0.007072,0.007084,0.007,0.007076,85800000.0
2023-09-27 00:00:00+00:00,0.007077,0.007123,0.007047,0.007051,348595670.0
2023-09-27 06:00:00+00:00,0.007052,0.007158,0.00703,0.007148,377018376.0
2023-09-27 12:00:00+00:00,0.007148,0.007158,0.006951,0.007009,188691593.0
2023-09-27 18:00:00+00:00,0.00701,0.007027,0.00695,0.007014,165535417.0
2023-09-28 00:00:00+00:00,0.007014,0.007071,0.006972,0.007015,438870936.0
2023-09-28 06:00:00+00:00,0.007012,0.007094,0.006996,0.007057,204238909.0
2023-09-28 12:00:00+00:00,0.007059,0.007177,0.007059,0.00714,124945987.0
2023-09-28 18:00:00+00:00,0.007143,0.007179,0.007081,0.007179,108197351.0
2023-09-29 00:00:00+00:00,0.007179,0.007887,0.007176,0.00773,5765787607.0
2023-09-29 06:00:00+00:00,0.00773,0.008232,0.007693,0.007764,7494119995.0
2023-09-29 12:00:00+00:00,0.007765,0.007794,0.007462,0.007467,2397153714.0
2023-09-29 18:00:00+00:00,0.007469,0.007585,0.007465,0.007562,604572289.0
2023-09-30 00:00:00+00:00,0.007561,0.007564,0.007245,0.007357,1061678683.0
2023-09-30 06:00:00+00:00,0.007356,0.007397,0.007269,0.007281,731373385.0
2023-09-30 12:00:00+00:00,0.00728,0.007415,0.007267,0.007408,490985945.0
2023-09-30 18:00:00+00:00,0.007407,0.007461,0.007379,0.007416,393865594.0
2023-10-01 00:00:00+00:00,0.007417,0.007505,0.007399,0.007489,409756045.0
2023-10-01 06:00:00+00:00,0.007492,0.007619,0.007483,0.007591,601759246.0
2023-10-01 12:00:00+00:00,0.007592,0.007616,0.007434,0.007468,607516378.0
2023-10-01 18:00:00+00:00,0.007469,0.007716,0.007467,0.00764,393496182.0
2023-10-02 00:00:00+00:00,0.007642,0.007661,0.007461,0.007492,667940225.0
2023-10-02 06:00:00+00:00,0.00749,0.007553,0.007402,0.00742,445287367.0
2023-10-02 12:00:00+00:00,0.007422,0.00745,0.007287,0.007363,512406658.0
2023-10-02 18:00:00+00:00,0.007363,0.007365,0.00708,0.007225,438331842.0
2023-10-03 00:00:00+00:00,0.007226,0.007327,0.007189,0.007223,720026991.0
2023-10-03 06:00:00+00:00,0.007224,0.007273,0.007172,0.007192,254115030.0
2023-10-03 12:00:00+00:00,0.007193,0.007266,0.007145,0.007224,282629874.0
2023-10-03 18:00:00+00:00,0.007224,0.007239,0.007109,0.00712,226210983.0
2023-10-04 00:00:00+00:00,0.007121,0.007121,0.006758,0.006981,652634910.0
2023-10-04 06:00:00+00:00,0.006981,0.007059,0.006949,0.007031,259752911.0
2023-10-04 12:00:00+00:00,0.00703,0.007061,0.006971,0.00701,193832537.0
2023-10-04 18:00:00+00:00,0.00701,0.007107,0.006983,0.007055,262938660.0
2023-10-05 00:00:00+00:00,0.007056,0.007079,0.007001,0.00703,143502915.0
2023-10-05 06:00:00+00:00,0.007029,0.007049,0.006995,0.007008,100308540.0
2023-10-05 12:00:00+00:00,0.007008,0.007052,0.006915,0.00696,210386025.0
2023-10-05 18:00:00+00:00,0.006961,0.007021,0.006934,0.006972,111992787.0
2023-10-06 00:00:00+00:00,0.006974,0.007043,0.006965,0.00702,105471863.0
2023-10-06 06:00:00+00:00,0.007019,0.007073,0.007013,0.00705,130897898.0
2023-10-06 12:00:00+00:00,0.00705,0.007147,0.006977,0.007122,240225103.0
2023-10-06 18:00:00+00:00,0.007122,0.007175,0.007107,0.007153,124176440.0
2023-10-07 00:00:00+00:00,0.007153,0.007191,0.007125,0.007163,100375497.0
2023-10-07 06:00:00+00:00,0.007162,0.007176,0.007118,0.007139,84150010.0
2023-10-07 12:00:00+00:00,0.007141,0.007176,0.00711,0.007129,80943172.0
2023-10-07 18:00:00+00:00,0.007127,0.007146,0.007074,0.007146,92558246.0
2023-10-08 00:00:00+00:00,0.007145,0.007155,0.00706,0.00708,119602657.0
2023-10-08 06:00:00+00:00,0.00708,0.007119,0.007018,0.007041,94459035.0
2023-10-08 12:00:00+00:00,0.007041,0.007151,0.007032,0.007147,117525564.0
2023-10-08 18:00:00+00:00,0.007147,0.007193,0.007117,0.007175,125109480.0
2023-10-09 00:00:00+00:00,0.007176,0.007202,0.007108,0.007148,140702522.0
2023-10-09 06:00:00+00:00,0.007147,0.007157,0.006834,0.006863,394311312.0
2023-10-09 12:00:00+00:00,0.006862,0.006901,0.006671,0.006841,381040118.0
2023-10-09 18:00:00+00:00,0.006842,0.00688,0.006804,0.006869,134016466.0
2023-10-10 00:00:00+00:00,0.006868,0.006911,0.006828,0.006876,148537956.0
2023-10-10 06:00:00+00:00,0.006877,0.006941,0.006815,0.006828,233983479.0
2023-10-10 12:00:00+00:00,0.006828,0.006864,0.00677,0.006793,245491572.0
2023-10-10 18:00:00+00:00,0.006794,0.006858,0.00674,0.006818,144286832.0
2023-10-11 00:00:00+00:00,0.006818,0.006886,0.006708,0.006761,245575083.0
2023-10-11 06:00:00+00:00,0.006761,0.00685,0.006734,0.006827,124490758.0
2023-10-11 12:00:00+00:00,0.006826,0.006841,0.006714,0.006774,176037490.0
2023-10-11 18:00:00+00:00,0.006774,0.006852,0.006751,0.00685,78175450.0
2023-10-12 00:00:00+00:00,0.00685,0.00685,0.006756,0.006832,109263026.0
2023-10-12 06:00:00+00:00,0.006833,0.007135,0.006761,0.006799,2258955232.0
2023-10-12 12:00:00+00:00,0.0068,0.006907,0.00676,0.006835,683570426.0
2023-10-12 18:00:00+00:00,0.006835,0.006874,0.006805,0.006855,190531281.0
2023-10-13 00:00:00+00:00,0.006856,0.007164,0.006815,0.007002,1015691514.0
2023-10-13 06:00:00+00:00,0.007001,0.007113,0.006912,0.006927,518358255.0
2023-10-13 12:00:00+00:00,0.006928,0.007019,0.006924,0.007,265246445.0
2023-10-13 18:00:00+00:00,0.007,0.007114,0.006982,0.007034,205729658.0
2023-10-14 00:00:00+00:00,0.007035,0.007035,0.006919,0.006922,206928527.0
2023-10-14 06:00:00+00:00,0.006924,0.006957,0.006902,0.006936,150830668.0
2023-10-14 12:00:00+00:00,0.006936,0.006936,0.006875,0.006933,216095996.0
2023-10-14 18:00:00+00:00,0.006933,0.006973,0.006931,0.006944,114477556.0
2023-10-15 00:00:00+00:00,0.006945,0.007038,0.006941,0.00702,206114277.0
2023-10-15 06:00:00+00:00,0.00702,0.007111,0.007008,0.007058,228762728.0
2023-10-15 12:00:00+00:00,0.007058,0.007127,0.006987,0.007117,361028562.0
2023-10-15 18:00:00+00:00,0.007117,0.007181,0.007105,0.007171,189749572.0
2023-10-16 00:00:00+00:00,0.007172,0.007287,0.007111,0.007247,379049256.0
2023-10-16 06:00:00+00:00,0.007248,0.007265,0.007183,0.007215,228625015.0
2023-10-16 12:00:00+00:00,0.007215,0.007422,0.007107,0.0072,583419497.0
2023-10-16 18:00:00+00:00,0.007199,0.007279,0.007171,0.007223,229256760.0
2023-10-17 00:00:00+00:00,0.007224,0.007246,0.007142,0.007164,175288854.0
2023-10-17 06:00:00+00:00,0.007164,0.007164,0.007068,0.007128,235409752.0
2023-10-17 12:00:00+00:00,0.00713,0.007139,0.006956,0.007098,242519602.0
2023-10-17 18:00:00+00:00,0.0071,0.007133,0.007042,0.007125,136344452.0
2023-10-18 00:00:00+00:00,0.007124,0.007337,0.007088,0.007275,419978537.0
2023-10-18 06:00:00+00:00,0.007275,0.007385,0.007263,0.007308,491435500.0
2023-10-18 12:00:00+00:00,0.007308,0.007398,0.007192,0.007321,643714968.0
2023-10-18 18:00:00+00:00,0.007321,0.007356,0.007259,0.007327,377125700.0
2023-10-19 00:00:00+00:00,0.007326,0.007337,0.007103,0.0072,423144740.0
2023-10-19 06:00:00+00:00,0.0072,0.007227,0.00712,0.007123,183708456.0
2023-10-19 12:00:00+00:00,0.007122,0.007338,0.007086,0.007221,497383167.0
2023-10-19 18:00:00+00:00,0.007222,0.007255,0.007168,0.007198,101735464.0
2023-10-20 00:00:00+00:00,0.007198,0.007402,0.007155,0.007372,220797697.0
2023-10-20 06:00:00+00:00,0.007371,0.007584,0.007357,0.007538,415747016.0
2023-10-20 12:00:00+00:00,0.007538,0.007702,0.007473,0.007659,749611911.0
2023-10-20 18:00:00+00:00,0.007659,0.007674,0.007588,0.007659,164218642.0
2023-10-21 00:00:00+00:00,0.00766,0.007718,0.007605,0.007699,249133885.0
2023-10-21 06:00:00+00:00,0.007699,0.0078,0.007693,0.007783,321434772.0
2023-10-21 12:00:00+00:00,0.007786,0.007914,0.007785,0.007878,300956837.0
2023-10-21 18:00:00+00:00,0.007879,0.007908,0.007769,0.007857,244502448.0
2023-10-22 00:00:00+00:00,0.007857,0.007915,0.007756,0.007834,254215676.0
2023-10-22 06:00:00+00:00,0.007834,0.007845,0.007532,0.007607,363250509.0
2023-10-22 12:00:00+00:00,0.007607,0.007651,0.007539,0.007614,193756861.0
2023-10-22 18:00:00+00:00,0.007614,0.007728,0.00754,0.007718,251634143.0
2023-10-23 00:00:00+00:00,0.007719,0.007807,0.007661,0.007703,280320982.0
2023-10-23 06:00:00+00:00,0.007703,0.007728,0.007533,0.007631,228312609.0
2023-10-23 12:00:00+00:00,0.007632,0.007746,0.007583,0.007703,330285723.0
2023-10-23 18:00:00+00:00,0.007704,0.008083,0.007672,0.008002,452622605.0
2023-10-24 00:00:00+00:00,0.008003,0.008163,0.007905,0.007951,361624716.0
2023-10-24 06:00:00+00:00,0.00795,0.008104,0.00782,0.008103,324991847.0
2023-10-24 12:00:00+00:00,0.008102,0.008235,0.007707,0.00791,641112953.0
2023-10-24 18:00:00+00:00,0.007914,0.008044,0.007832,0.008009,193974263.0
2023-10-25 00:00:00+00:00,0.008009,0.008137,0.007958,0.008003,169349124.0
2023-10-25 06:00:00+00:00,0.008006,0.008066,0.007798,0.007986,201624722.0
2023-10-25 12:00:00+00:00,0.007986,0.008152,0.007895,0.008001,412605168.0
2023-10-25 18:00:00+00:00,0.008,0.008042,0.007927,0.00804,130010618.0
2023-10-26 00:00:00+00:00,0.008039,0.008168,0.007949,0.008078,450326912.0
2023-10-26 06:00:00+00:00,0.008077,0.008251,0.007967,0.008029,366511720.0
2023-10-26 12:00:00+00:00,0.008026,0.008146,0.007649,0.007859,434816643.0
2023-10-26 18:00:00+00:00,0.007859,0.007988,0.007841,0.007925,136871967.0
2023-10-27 00:00:00+00:00,0.007925,0.007936,0.007683,0.007801,217331792.0
2023-10-27 06:00:00+00:00,0.007801,0.007938,0.007755,0.007859,148229855.0
2023-10-27 12:00:00+00:00,0.00786,0.007991,0.007661,0.00771,243505572.0
2023-10-27 18:00:00+00:00,0.007712,0.00776,0.007622,0.007748,140099387.0
2023-10-28 00:00:00+00:00,0.007748,0.007924,0.007725,0.007852,136288513.0
2023-10-28 06:00:00+00:00,0.007851,0.008113,0.007842,0.00806,368398445.0
2023-10-28 12:00:00+00:00,0.008058,0.008112,0.00799,0.008028,202555629.0
2023-10-28 18:00:00+00:00,0.00803,0.008098,0.007997,0.008031,137614869.0
2023-10-29 00:00:00+00:00,0.008029,0.008107,0.007908,0.008107,267205825.0
2023-10-29 06:00:00+00:00,0.008106,0.008324,0.008102,0.008201,329677330.0
2023-10-29 12:00:00+00:00,0.008202,0.008344,0.008172,0.008292,194141556.0
2023-10-29 18:00:00+00:00,0.008292,0.008354,0.008222,0.008259,121418588.0
2023-10-30 00:00:00+00:00,0.008263,0.008293,0.008146,0.008156,206073284.0
2023-10-30 06:00:00+00:00,0.008154,0.008308,0.008069,0.008294,198908644.0
2023-10-30 12:00:00+00:00,0.008293,0.00833,0.008014,0.008132,189444166.0
2023-10-30 18:00:00+00:00,0.008132,0.008277,0.008127,0.008265,92025126.0
2023-10-31 00:00:00+00:00,0.008264,0.008384,0.008199,0.008239,198802973.0
2023-10-31 06:00:00+00:00,0.008238,0.008295,0.00803,0.008213,166625558.0
2023-10-31 12:00:00+00:00,0.008216,0.008241,0.00765,0.007933,399877641.0
2023-10-31 18:00:00+00:00,0.007934,0.00825,0.00792,0.008246,202547933.0
2023-11-01 00:00:00+00:00,0.008248,0.008313,0.007985,0.007997,183731242.0
2023-11-01 06:00:00+00:00,0.008,0.008101,0.007965,0.008022,140583734.0
2023-11-01 12:00:00+00:00,0.008023,0.008213,0.007941,0.008202,253196237.0
2023-11-01 18:00:00+00:00,0.008205,0.008513,0.008175,0.00843,249124915.0
2023-11-02 00:00:00+00:00,0.00843,0.008522,0.008324,0.008345,224801762.0
2023-11-02 06:00:00+00:00,0.008345,0.008613,0.008337,0.008602,238166546.0
2023-11-02 12:00:00+00:00,0.008604,0.008604,0.008189,0.008394,483032707.0
2023-11-02 18:00:00+00:00,0.008395,0.008483,0.008342,0.008421,116585601.0
2023-11-03 00:00:00+00:00,0.008421,0.008445,0.008139,0.008359,240048928.0
2023-11-03 06:00:00+00:00,0.00836,0.008409,0.00818,0.008241,186128395.0
2023-11-03 12:00:00+00:00,0.00824,0.008501,0.008199,0.008388,227362382.0
2023-11-03 18:00:00+00:00,0.008386,0.008528,0.008378,0.008494,142156760.0
2023-11-04 00:00:00+00:00,0.008493,0.008566,0.008456,0.008559,168627344.0
2023-11-04 06:00:00+00:00,0.008559,0.008914,0.008558,0.008837,553209518.0
2023-11-04 12:00:00+00:00,0.008837,0.008839,0.008576,0.008691,328787705.0
2023-11-04 18:00:00+00:00,0.008692,0.008796,0.008629,0.008747,126841799.0
2023-11-05 00:00:00+00:00,0.008746,0.008855,0.008683,0.008763,260450850.0
2023-11-05 06:00:00+00:00,0.008762,0.008829,0.00868,0.008819,211048370.0
2023-11-05 12:00:00+00:00,0.008821,0.009047,0.008666,0.008825,530708249.0
2023-11-05 18:00:00+00:00,0.008821,0.00885,0.008594,0.008772,185147629.0
2023-11-06 00:00:00+00:00,0.008772,0.008981,0.008711,0.008807,358192285.0
2023-11-06 06:00:00+00:00,0.008806,0.009007,0.008804,0.008948,248599369.0
2023-11-06 12:00:00+00:00,0.008947,0.009036,0.008883,0.008929,194828547.0
2023-11-06 18:00:00+00:00,0.008931,0.009197,0.008875,0.009138,385165536.0
2023-11-07 00:00:00+00:00,0.009139,0.009143,0.008865,0.008966,232412299.0
2023-11-07 06:00:00+00:00,0.008968,0.009053,0.008771,0.008834,314454396.0
2023-11-07 12:00:00+00:00,0.008836,0.00892,0.008668,0.008903,235553428.0
2023-11-07 18:00:00+00:00,0.008906,0.009065,0.008899,0.008999,215783716.0
2023-11-08 00:00:00+00:00,0.008996,0.009022,0.008878,0.008909,131072013.0
2023-11-08 06:00:00+00:00,0.008909,0.009105,0.008892,0.009023,146996488.0
2023-11-08 12:00:00+00:00,0.009021,0.009168,0.008974,0.009162,193702366.0
2023-11-08 18:00:00+00:00,0.009162,0.009265,0.009123,0.009181,198613931.0
2023-11-09 00:00:00+00:00,0.00918,0.009436,0.009128,0.00942,223679052.0
2023-11-09 06:00:00+00:00,0.009422,0.009489,0.009299,0.009352,179242624.0
2023-11-09 12:00:00+00:00,0.009351,0.009622,0.008116,0.008938,1115482016.0
2023-11-09 18:00:00+00:00,0.00894,0.009049,0.008555,0.009038,468034827.0
2023-11-10 00:00:00+00:00,0.009037,0.009375,0.008977,0.009326,382771520.0
2023-11-10 06:00:00+00:00,0.009327,0.009417,0.00908,0.009355,276033789.0
2023-11-10 12:00:00+00:00,0.009356,0.00938,0.008924,0.009302,317549508.0
2023-11-10 18:00:00+00:00,0.0093,0.00949,0.009293,0.009464,202761155.0
2023-11-11 00:00:00+00:00,0.009464,0.00959,0.009234,0.009432,372165819.0
2023-11-11 06:00:00+00:00,0.009432,0.009757,0.009403,0.009687,330072907.0
2023-11-11 12:00:00+00:00,0.009688,0.009883,0.009617,0.009844,257323757.0
2023-11-11 18:00:00+00:00,0.009842,0.009893,0.009671,0.009822,167454634.0
2023-11-12 00:00:00+00:00,0.009822,0.011615,0.009796,0.010111,4643387701.0
2023-11-12 06:00:00+00:00,0.010112,0.010284,0.009994,0.01001,611850756.0
2023-11-12 12:00:00+00:00,0.010011,0.010065,0.009689,0.009783,516390649.0
2023-11-12 18:00:00+00:00,0.009784,0.009914,0.009729,0.009838,297592681.0
2023-11-13 00:00:00+00:00,0.009837,0.009878,0.009378,0.009566,710436740.0
2023-11-13 06:00:00+00:00,0.009563,0.009648,0.009402,0.009449,297159324.0
2023-11-13 12:00:00+00:00,0.009449,0.009621,0.009171,0.009443,486620244.0
2023-11-13 18:00:00+00:00,0.009443,0.009591,0.009159,0.009284,366598022.0
2023-11-14 00:00:00+00:00,0.009286,0.00942,0.009072,0.009406,421354024.0
2023-11-14 06:00:00+00:00,0.009407,0.009444,0.009007,0.00908,306529174.0
2023-11-14 12:00:00+00:00,0.00908,0.009358,0.009054,0.009117,358206154.0
2023-11-14 18:00:00+00:00,0.009118,0.009151,0.008539,0.009005,896985442.0
2023-11-15 00:00:00+00:00,0.009008,0.009162,0.008974,0.009159,257795682.0
2023-11-15 06:00:00+00:00,0.009159,0.009321,0.009112,0.009294,175753417.0
2023-11-15 12:00:00+00:00,0.009296,0.009323,0.00917,0.009213,200666627.0
2023-11-15 18:00:00+00:00,0.009215,0.009409,0.009165,0.00937,262777648.0
2023-11-16 00:00:00+00:00,0.009369,0.009502,0.009288,0.009486,232393049.0
2023-11-16 06:00:00+00:00,0.009487,0.009553,0.009313,0.009374,229045137.0
2023-11-16 12:00:00+00:00,0.009376,0.00938,0.009055,0.009218,364046857.0
2023-11-16 18:00:00+00:00,0.009218,0.00926,0.008936,0.009169,331364379.0
2023-11-17 00:00:00+00:00,0.009169,0.009405,0.009152,0.009325,139624210.0
2023-11-17 06:00:00+00:00,0.009326,0.009372,0.009103,0.009178,190148628.0
2023-11-17 12:00:00+00:00,0.009185,0.009298,0.008784,0.009122,497054143.0
2023-11-17 18:00:00+00:00,0.00912,0.00926,0.009052,0.009253,148912343.0
2023-11-18 00:00:00+00:00,0.009254,0.009273,0.009017,0.009025,199955415.0
2023-11-18 06:00:00+00:00,0.009025,0.009091,0.008793,0.009,178669523.0
2023-11-18 12:00:00+00:00,0.009,0.009161,0.008887,0.00914,212649199.0
2023-11-18 18:00:00+00:00,0.009142,0.00918,0.009057,0.009154,114589629.0
2023-11-19 00:00:00+00:00,0.009154,0.009155,0.00894,0.009102,155986260.0
2023-11-19 06:00:00+00:00,0.009103,0.009247,0.009077,0.009153,137457124.0
2023-11-19 12:00:00+00:00,0.009154,0.009359,0.009129,0.009321,163665973.0
2023-11-19 18:00:00+00:00,0.009321,0.009479,0.009305,0.009397,184021376.0
2023-11-20 00:00:00+00:00,0.009397,0.009467,0.009301,0.009327,153775302.0
2023-11-20 06:00:00+00:00,0.009327,0.009497,0.009301,0.0094,147967211.0
2023-11-20 12:00:00+00:00,0.009399,0.009416,0.009154,0.009382,322580472.0
2023-11-20 18:00:00+00:00,0.009383,0.009414,0.009011,0.009113,235483576.0
2023-11-21 00:00:00+00:00,0.009113,0.0092,0.008975,0.00908,178775709.0
2023-11-21 06:00:00+00:00,0.00908,0.009122,0.009005,0.00902,97871832.0
2023-11-21 12:00:00+00:00,0.00902,0.009042,0.00855,0.008623,482326226.0
2023-11-21 18:00:00+00:00,0.008623,0.008719,0.008201,0.008275,437722154.0
2023-11-22 00:00:00+00:00,0.008268,0.008593,0.008232,0.008549,210769029.0
2023-11-22 06:00:00+00:00,0.00855,0.008695,0.008549,0.008601,143090114.0
2023-11-22 12:00:00+00:00,0.0086,0.008673,0.008492,0.008611,230415765.0
2023-11-22 18:00:00+00:00,0.008612,0.008856,0.008602,0.008775,166364729.0
2023-11-23 00:00:00+00:00,0.008777,0.008864,0.008745,0.008787,104141805.0
2023-11-23 06:00:00+00:00,0.008784,0.008814,0.00863,0.008682,137162330.0
2023-11-23 12:00:00+00:00,0.008682,0.008763,0.008551,0.008753,160342639.0
2023-11-23 18:00:00+00:00,0.008752,0.008806,0.008678,0.00877,80178530.0
2023-11-24 00:00:00+00:00,0.008769,0.008858,0.008762,0.008853,94847282.0
2023-11-24 06:00:00+00:00,0.008853,0.008991,0.008834,0.008873,119677611.0
2023-11-24 12:00:00+00:00,0.008873,0.008994,0.00885,0.008919,127499132.0
2023-11-24 18:00:00+00:00,0.008919,0.008926,0.008784,0.008856,107880783.0
2023-11-25 00:00:00+00:00,0.008858,0.009121,0.008802,0.009035,310981996.0
2023-11-25 06:00:00+00:00,0.009036,0.009065,0.008818,0.008874,268858157.0
2023-11-25 12:00:00+00:00,0.008875,0.008956,0.008864,0.008915,180149156.0
2023-11-25 18:00:00+00:00,0.008915,0.009025,0.008875,0.009021,108450887.0
2023-11-26 00:00:00+00:00,0.009021,0.009065,0.00895,0.009027,101901580.0
2023-11-26 06:00:00+00:00,0.009027,0.009069,0.008971,0.008987,117043677.0
2023-11-26 12:00:00+00:00,0.008987,0.009085,0.008709,0.008881,358773567.0
2023-11-26 18:00:00+00:00,0.008882,0.009037,0.008824,0.009001,158741457.0
2023-11-27 00:00:00+00:00,0.008999,0.009119,0.008832,0.008851,157069610.0
2023-11-27 06:00:00+00:00,0.00885,0.008907,0.008665,0.008724,254452230.0
2023-11-27 12:00:00+00:00,0.008723,0.00877,0.008552,0.008607,259330059.0
2023-11-27 18:00:00+00:00,0.008606,0.008647,0.00846,0.008623,166841966.0
2023-11-28 00:00:00+00:00,0.008623,0.008668,0.008394,0.0084,149103781.0
2023-11-28 06:00:00+00:00,0.0084,0.008584,0.008388,0.008578,145385926.0
2023-11-28 12:00:00+00:00,0.008578,0.008778,0.008495,0.008756,194426686.0
2023-11-28 18:00:00+00:00,0.008757,0.008798,0.008663,0.008712,110403581.0
2023-11-29 00:00:00+00:00,0.008712,0.008763,0.008661,0.008693,74963383.0
2023-11-29 06:00:00+00:00,0.008693,0.008832,0.008655,0.008737,126582998.0
2023-11-29 12:00:00+00:00,0.008737,0.009492,0.008718,0.009007,1817575122.0
2023-11-29 18:00:00+00:00,0.009006,0.00935,0.008969,0.009339,924944914.0
2023-11-30 00:00:00+00:00,0.009339,0.00943,0.009081,0.009099,633721619.0
2023-11-30 06:00:00+00:00,0.009099,0.009193,0.008984,0.00911,307827111.0
2023-11-30 12:00:00+00:00,0.009109,0.00913,0.008935,0.009025,265512125.0
2023-11-30 18:00:00+00:00,0.009024,0.009162,0.009003,0.009133,145989604.0
2023-12-01 00:00:00+00:00,0.009133,0.009179,0.009034,0.009059,129207741.0
2023-12-01 06:00:00+00:00,0.009058,0.009144,0.009044,0.00908,120661102.0
2023-12-01 12:00:00+00:00,0.009081,0.009338,0.009075,0.009271,290153517.0
2023-12-01 18:00:00+00:00,0.009269,0.009373,0.009247,0.009367,155322028.0
2023-12-02 00:00:00+00:00,0.00937,0.009391,0.009264,0.009362,152324564.0
2023-12-02 06:00:00+00:00,0.009362,0.009485,0.009346,0.009394,196804092.0
2023-12-02 12:00:00+00:00,0.009395,0.009498,0.009242,0.00946,271217102.0
2023-12-02 18:00:00+00:00,0.00946,0.009562,0.009405,0.009493,216871017.0
2023-12-03 00:00:00+00:00,0.009493,0.009521,0.009304,0.00936,149768532.0
2023-12-03 06:00:00+00:00,0.009358,0.009565,0.009323,0.009442,325524947.0
2023-12-03 12:00:00+00:00,0.00944,0.009442,0.009248,0.009307,224166049.0
2023-12-03 18:00:00+00:00,0.009308,0.009558,0.009305,0.009465,200596632.0
2023-12-04 00:00:00+00:00,0.009464,0.009706,0.009408,0.00959,395997176.0
2023-12-04 06:00:00+00:00,0.009586,0.009723,0.009039,0.009421,516021598.0
2023-12-04 12:00:00+00:00,0.00942,0.009769,0.009211,0.009696,720032244.0
2023-12-04 18:00:00+00:00,0.009695,0.009906,0.00963,0.009801,752752889.0
2023-12-05 00:00:00+00:00,0.009802,0.010516,0.009673,0.010376,929914246.0
2023-12-05 06:00:00+00:00,0.010376,0.010377,0.009602,0.009742,914637401.0
2023-12-05 12:00:00+00:00,0.009745,0.009801,0.00954,0.009791,537075557.0
2023-12-05 18:00:00+00:00,0.009795,0.009859,0.009615,0.009677,296769853.0
2023-12-06 00:00:00+00:00,0.009676,0.009877,0.009364,0.009517,416383721.0
2023-12-06 06:00:00+00:00,0.009517,0.009564,0.009237,0.009389,467518684.0
2023-12-06 12:00:00+00:00,0.009388,0.009764,0.009365,0.009733,458935909.0
2023-12-06 18:00:00+00:00,0.009731,0.00978,0.009462,0.009562,261102946.0
2023-12-07 00:00:00+00:00,0.00956,0.009668,0.0095,0.009654,143584759.0
2023-12-07 06:00:00+00:00,0.009654,0.009674,0.009279,0.009493,223175969.0
2023-12-07 12:00:00+00:00,0.009494,0.009758,0.009461,0.009735,242214117.0
2023-12-07 18:00:00+00:00,0.009735,0.009752,0.009569,0.00971,136185225.0
2023-12-08 00:00:00+00:00,0.009709,0.009874,0.009637,0.009835,183803708.0
2023-12-08 06:00:00+00:00,0.009834,0.009992,0.009724,0.009948,390277353.0
2023-12-08 12:00:00+00:00,0.009947,0.010151,0.009845,0.010075,324985334.0
2023-12-08 18:00:00+00:00,0.010075,0.010343,0.01006,0.010196,458092714.0
2023-12-09 00:00:00+00:00,0.010197,0.010444,0.010094,0.010415,295685350.0
2023-12-09 06:00:00+00:00,0.010415,0.010435,0.010055,0.01022,339658053.0
2023-12-09 12:00:00+00:00,0.01022,0.010377,0.010079,0.010183,432352658.0
2023-12-09 18:00:00+00:00,0.010183,0.010331,0.01,0.010093,200368714.0
2023-12-10 00:00:00+00:00,0.010094,0.010254,0.010094,0.01021,172890683.0
2023-12-10 06:00:00+00:00,0.01021,0.010214,0.009716,0.009863,297920575.0
2023-12-10 12:00:00+00:00,0.009864,0.010047,0.00986,0.009893,171580981.0
2023-12-10 18:00:00+00:00,0.009895,0.010174,0.009892,0.010107,220341266.0
2023-12-11 00:00:00+00:00,0.010108,0.010141,0.008858,0.009465,835571019.0
2023-12-11 06:00:00+00:00,0.009468,0.009545,0.009292,0.009517,231302686.0
2023-12-11 12:00:00+00:00,0.00952,0.009557,0.00929,0.009352,384196329.0
2023-12-11 18:00:00+00:00,0.009352,0.009426,0.009122,0.009384,305620542.0
2023-12-12 00:00:00+00:00,0.009384,0.009629,0.009369,0.009484,190788515.0
2023-12-12 06:00:00+00:00,0.009486,0.010752,0.009412,0.009766,3398588228.0
2023-12-12 12:00:00+00:00,0.009766,0.01022,0.009743,0.009885,1279699101.0
2023-12-12 18:00:00+00:00,0.009885,0.010115,0.009841,0.01004,387457701.0
2023-12-13 00:00:00+00:00,0.01004,0.010089,0.009457,0.009645,740066323.0
2023-12-13 06:00:00+00:00,0.009647,0.010389,0.009456,0.010088,1244979212.0
2023-12-13 12:00:00+00:00,0.010087,0.010764,0.009956,0.010683,1654850069.0
2023-12-13 18:00:00+00:00,0.010684,0.011193,0.010672,0.010799,1372403501.0
2023-12-14 00:00:00+00:00,0.010801,0.011338,0.010774,0.011016,1278977481.0
2023-12-14 06:00:00+00:00,0.011015,0.011821,0.010961,0.011671,1691809411.0
2023-12-14 12:00:00+00:00,0.011669,0.01387,0.0109,0.011705,12917229615.0
2023-12-14 18:00:00+00:00,0.011705,0.011769,0.011116,0.011237,2005201134.0
2023-12-15 00:00:00+00:00,0.011238,0.01132,0.010782,0.010792,1635423965.0
2023-12-15 06:00:00+00:00,0.010792,0.01092,0.010439,0.01045,1258986971.0
2023-12-15 12:00:00+00:00,0.010449,0.010541,0.010103,0.010194,2450900659.0
2023-12-15 18:00:00+00:00,0.010193,0.010351,0.00968,0.009763,1192431460.0
2023-12-16 00:00:00+00:00,0.009764,0.010088,0.009587,0.010017,923514823.0
2023-12-16 06:00:00+00:00,0.010018,0.010249,0.009977,0.010222,766370189.0
2023-12-16 12:00:00+00:00,0.010221,0.010548,0.010187,0.010433,939473069.0
2023-12-16 18:00:00+00:00,0.010434,0.010444,0.010133,0.010287,701016614.0
2023-12-17 00:00:00+00:00,0.010286,0.010326,0.00994,0.010022,571948377.0
2023-12-17 06:00:00+00:00,0.01002,0.010159,0.009919,0.010132,461606553.0
2023-12-17 12:00:00+00:00,0.010132,0.010212,0.009951,0.01013,534203518.0
2023-12-17 18:00:00+00:00,0.010131,0.010186,0.009837,0.00992,347265343.0
2023-12-18 00:00:00+00:00,0.009919,0.009986,0.009556,0.009727,571564773.0
2023-12-18 06:00:00+00:00,0.009726,0.009857,0.009254,0.009495,994334108.0
2023-12-18 12:00:00+00:00,0.009495,0.009701,0.009384,0.009624,551191251.0
2023-12-18 18:00:00+00:00,0.009624,0.009997,0.009576,0.009988,552289080.0
2023-12-19 00:00:00+00:00,0.009988,0.010129,0.009889,0.009988,364887662.0
2023-12-19 06:00:00+00:00,0.009988,0.010185,0.009939,0.010018,466801614.0
2023-12-19 12:00:00+00:00,0.010018,0.010029,0.00963,0.00966,536272682.0
2023-12-19 18:00:00+00:00,0.009661,0.009806,0.009608,0.009705,281497203.0
2023-12-20 00:00:00+00:00,0.009706,0.009796,0.009576,0.009786,351352825.0
2023-12-20 06:00:00+00:00,0.009787,0.009969,0.00971,0.009916,327774707.0
2023-12-20 12:00:00+00:00,0.009913,0.01016,0.009875,0.01013,434483797.0
2023-12-20 18:00:00+00:00,0.010131,0.010141,0.00982,0.010026,342852517.0
2023-12-21 00:00:00+00:00,0.010025,0.010033,0.009828,0.009894,419104410.0
2023-12-21 06:00:00+00:00,0.009893,0.010071,0.009869,0.01,352422104.0
2023-12-21 12:00:00+00:00,0.010002,0.010052,0.009757,0.009882,366204512.0
2023-12-21 18:00:00+00:00,0.009882,0.010078,0.009882,0.010066,248186295.0
2023-12-22 00:00:00+00:00,0.010066,0.010184,0.009923,0.010068,396556373.0
2023-12-22 06:00:00+00:00,0.010069,0.010102,0.009808,0.010055,576788144.0
2023-12-22 12:00:00+00:00,0.010056,0.010092,0.009887,0.010085,297398413.0
2023-12-22 18:00:00+00:00,0.010086,0.010209,0.010022,0.010202,178402505.0
2023-12-23 00:00:00+00:00,0.010202,0.010253,0.009888,0.010056,391932272.0
2023-12-23 06:00:00+00:00,0.010056,0.010148,0.009963,0.010117,185128213.0
2023-12-23 12:00:00+00:00,0.010118,0.010384,0.01007,0.010303,590150770.0
2023-12-23 18:00:00+00:00,0.010303,0.010346,0.01019,0.010238,268651490.0
2023-12-24 00:00:00+00:00,0.010238,0.010308,0.010022,0.010128,403980937.0
2023-12-24 06:00:00+00:00,0.01013,0.01019,0.009964,0.010136,345115301.0
2023-12-24 12:00:00+00:00,0.010135,0.010227,0.010087,0.010188,312975778.0
2023-12-24 18:00:00+00:00,0.010188,0.010225,0.009588,0.009845,486158586.0
2023-12-25 00:00:00+00:00,0.009843,0.009995,0.00974,0.009988,257468065.0
2023-12-25 06:00:00+00:00,0.009989,0.010107,0.009944,0.010082,242003705.0
2023-12-25 12:00:00+00:00,0.010083,0.010285,0.009984,0.010188,418314052.0
2023-12-25 18:00:00+00:00,0.01019,0.010235,0.010045,0.010128,184826799.0
2023-12-26 00:00:00+00:00,0.010127,0.010267,0.00987,0.009965,330551696.0
2023-12-26 06:00:00+00:00,0.009965,0.010198,0.009857,0.010186,389963947.0
2023-12-26 12:00:00+00:00,0.010184,0.010292,0.0093,0.009774,824480694.0
2023-12-26 18:00:00+00:00,0.009776,0.010042,0.009682,0.010025,340883417.0
2023-12-27 00:00:00+00:00,0.010024,0.010083,0.009723,0.009911,258735624.0
2023-12-27 06:00:00+00:00,0.009908,0.010134,0.009859,0.010084,228682318.0
2023-12-27 12:00:00+00:00,0.010083,0.010199,0.010013,0.010167,302753189.0
2023-12-27 18:00:00+00:00,0.01017,0.010248,0.01008,0.010169,219400659.0
2023-12-28 00:00:00+00:00,0.010169,0.010486,0.010138,0.010361,561047716.0
2023-12-28 06:00:00+00:00,0.010362,0.010569,0.010182,0.010534,757992325.0
2023-12-28 12:00:00+00:00,0.010528,0.010552,0.0099,0.010032,926755806.0
2023-12-28 18:00:00+00:00,0.010028,0.010092,0.00986,0.010006,275381294.0
2023-12-29 00:00:00+00:00,0.010005,0.010057,0.009739,0.010022,397440442.0
2023-12-29 06:00:00+00:00,0.010021,0.010248,0.009911,0.010228,304533205.0
2023-12-29 12:00:00+00:00,0.01023,0.010435,0.00999,0.010099,654770015.0
2023-12-29 18:00:00+00:00,0.010098,0.010294,0.009946,0.010205,309038237.0
2023-12-30 00:00:00+00:00,0.010205,0.010292,0.010085,0.010215,174515659.0
2023-12-30 06:00:00+00:00,0.010216,0.010217,0.009851,0.009971,230234310.0
2023-12-30 12:00:00+00:00,0.009973,0.010154,0.009951,0.010114,209034378.0
2023-12-30 18:00:00+00:00,0.010112,0.010145,0.010001,0.010094,93071897.0
2023-12-31 00:00:00+00:00,0.010094,0.01016,0.009976,0.010128,162787950.0
2023-12-31 06:00:00+00:00,0.010128,0.010277,0.010113,0.010199,247234775.0
2023-12-31 12:00:00+00:00,0.010199,0.010243,0.010096,0.010183,175932901.0
2023-12-31 18:00:00+00:00,0.010184,0.010196,0.009663,0.009935,250004923.0
2024-01-01 00:00:00+00:00,0.009936,0.010106,0.009841,0.009856,185496281.0
2024-01-01 06:00:00+00:00,0.009856,0.010065,0.009846,0.010052,106328073.0
2024-01-01 12:00:00+00:00,0.010052,0.010113,0.010021,0.010098,119506127.0
2024-01-01 18:00:00+00:00,0.010099,0.010269,0.010099,0.010251,138533603.0
2024-01-02 00:00:00+00:00,0.010251,0.010395,0.010222,0.010339,212433409.0
2024-01-02 06:00:00+00:00,0.010339,0.010409,0.010287,0.010342,211127042.0
2024-01-02 12:00:00+00:00,0.010343,0.010371,0.010043,0.0101,317551958.0
2024-01-02 18:00:00+00:00,0.010102,0.010136,0.009958,0.010083,197127732.0
2024-01-03 00:00:00+00:00,0.010083,0.0103,0.010064,0.010276,165514787.0
2024-01-03 06:00:00+00:00,0.010276,0.010414,0.009853,0.009931,331265819.0
2024-01-03 12:00:00+00:00,0.009933,0.009945,0.007777,0.009148,1793517883.0
2024-01-03 18:00:00+00:00,0.009148,0.009226,0.008917,0.00919,232526905.0
2024-01-04 00:00:00+00:00,0.009188,0.009289,0.009014,0.009234,523206460.0
2024-01-04 06:00:00+00:00,0.009235,0.009292,0.009032,0.009135,213956386.0
2024-01-04 12:00:00+00:00,0.009138,0.009266,0.009112,0.009166,295083213.0
2024-01-04 18:00:00+00:00,0.009166,0.009261,0.009104,0.009167,190061150.0
2024-01-05 00:00:00+00:00,0.009167,0.009262,0.008705,0.008964,353913585.0
2024-01-05 06:00:00+00:00,0.008963,0.009033,0.008774,0.008849,312680021.0
2024-01-05 12:00:00+00:00,0.008848,0.008954,0.008542,0.008699,465811455.0
2024-01-05 18:00:00+00:00,0.008702,0.008895,0.008671,0.008893,186654867.0
2024-01-06 00:00:00+00:00,0.008894,0.008896,0.008596,0.008678,308135159.0
2024-01-06 06:00:00+00:00,0.008681,0.00881,0.008449,0.0088,343877084.0
2024-01-06 12:00:00+00:00,0.008801,0.009084,0.00872,0.009052,262129334.0
2024-01-06 18:00:00+00:00,0.009051,0.009076,0.008837,0.008993,263926311.0
2024-01-07 00:00:00+00:00,0.008993,0.009039,0.008841,0.008981,230530800.0
2024-01-07 06:00:00+00:00,0.008981,0.009141,0.008851,0.008916,291243741.0
2024-01-07 12:00:00+00:00,0.008913,0.008962,0.00873,0.008838,215006866.0
2024-01-07 18:00:00+00:00,0.008838,0.00888,0.008479,0.008645,257463656.0
2024-01-08 00:00:00+00:00,0.008646,0.0087,0.008101,0.008499,599669145.0
2024-01-08 06:00:00+00:00,0.008501,0.008626,0.008417,0.00861,254431140.0
2024-01-08 12:00:00+00:00,0.008609,0.008918,0.008603,0.00891,386796122.0
2024-01-08 18:00:00+00:00,0.008909,0.009086,0.008889,0.009061,190568246.0
2024-01-09 00:00:00+00:00,0.009063,0.009105,0.008836,0.009011,252470357.0
2024-01-09 06:00:00+00:00,0.00901,0.009022,0.008811,0.00888,139909627.0
2024-01-09 12:00:00+00:00,0.008881,0.008903,0.008502,0.008616,329074839.0
2024-01-09 18:00:00+00:00,0.008619,0.008737,0.008442,0.008696,522898635.0
2024-01-10 00:00:00+00:00,0.008695,0.008834,0.008653,0.008779,144269735.0
2024-01-10 06:00:00+00:00,0.00878,0.008816,0.008527,0.008782,189959532.0
2024-01-10 12:00:00+00:00,0.008779,0.008794,0.00841,0.008742,379886798.0
2024-01-10 18:00:00+00:00,0.008744,0.009355,0.008582,0.009165,568169452.0
2024-01-11 00:00:00+00:00,0.009167,0.009336,0.009111,0.009219,327062748.0
2024-01-11 06:00:00+00:00,0.009217,0.009463,0.009091,0.009459,243960426.0
2024-01-11 12:00:00+00:00,0.009457,0.009662,0.009108,0.009416,570566551.0
2024-01-11 18:00:00+00:00,0.009416,0.009511,0.009343,0.009467,145728752.0
2024-01-12 00:00:00+00:00,0.009467,0.009591,0.009367,0.009575,202675265.0
2024-01-12 06:00:00+00:00,0.009572,0.009619,0.009334,0.00947,201298763.0
2024-01-12 12:00:00+00:00,0.009469,0.009545,0.008787,0.00906,459873909.0
2024-01-12 18:00:00+00:00,0.009063,0.009136,0.008563,0.008858,334840860.0
2024-01-13 00:00:00+00:00,0.008863,0.008914,0.008577,0.008906,189838298.0
2024-01-13 06:00:00+00:00,0.008906,0.008952,0.008823,0.008879,123316869.0
2024-01-13 12:00:00+00:00,0.00888,0.008964,0.008837,0.008945,141790207.0
2024-01-13 18:00:00+00:00,0.008944,0.009044,0.008907,0.008977,119489855.0
2024-01-14 00:00:00+00:00,0.008978,0.008982,0.008802,0.008902,118312107.0
2024-01-14 06:00:00+00:00,0.008902,0.008946,0.008846,0.008864,79159743.0
2024-01-14 12:00:00+00:00,0.008866,0.008932,0.008819,0.00889,110009130.0
2024-01-14 18:00:00+00:00,0.00889,0.008921,0.008563,0.008588,223692692.0
2024-01-15 00:00:00+00:00,0.008588,0.008846,0.008572,0.00881,148601930.0
2024-01-15 06:00:00+00:00,0.008813,0.008997,0.008696,0.008923,334278810.0
2024-01-15 12:00:00+00:00,0.008923,0.008995,0.008757,0.008905,356398830.0
2024-01-15 18:00:00+00:00,0.008907,0.008991,0.00879,0.008901,140299656.0
2024-01-16 00:00:00+00:00,0.008898,0.008974,0.008862,0.008908,143406564.0
2024-01-16 06:00:00+00:00,0.008908,0.009163,0.008891,0.009081,333183816.0
2024-01-16 12:00:00+00:00,0.00908,0.00911,0.008802,0.009005,257240312.0
2024-01-16 18:00:00+00:00,0.009003,0.009088,0.008921,0.009017,88258517.0
2024-01-17 00:00:00+00:00,0.00902,0.009101,0.008927,0.008938,86151448.0
2024-01-17 06:00:00+00:00,0.008937,0.009024,0.008834,0.009008,151351354.0
2024-01-17 12:00:00+00:00,0.009008,0.009056,0.008797,0.008928,202339269.0
2024-01-17 18:00:00+00:00,0.00893,0.008953,0.008761,0.008933,106034134.0
2024-01-18 00:00:00+00:00,0.00893,0.00895,0.008815,0.008896,123349220.0
2024-01-18 06:00:00+00:00,0.008895,0.008975,0.008772,0.008832,171783723.0
2024-01-18 12:00:00+00:00,0.008831,0.008887,0.008562,0.008629,297499932.0
2024-01-18 18:00:00+00:00,0.008628,0.008656,0.008383,0.008555,237623125.0
2024-01-19 00:00:00+00:00,0.008553,0.008603,0.008295,0.008469,231583345.0
2024-01-19 06:00:00+00:00,0.008469,0.008599,0.008468,0.008577,82388064.0
2024-01-19 12:00:00+00:00,0.008578,0.008581,0.00806,0.008318,453276961.0
2024-01-19 18:00:00+00:00,0.008318,0.0085,0.008285,0.008474,138233770.0
2024-01-20 00:00:00+00:00,0.008476,0.008523,0.008394,0.008498,99287445.0
2024-01-20 06:00:00+00:00,0.0085,0.008552,0.008431,0.008543,102463715.0
2024-01-20 12:00:00+00:00,0.008544,0.008593,0.008471,0.008526,102715848.0
2024-01-20 18:00:00+00:00,0.008527,0.008721,0.00848,0.008708,113332714.0
2024-01-21 00:00:00+00:00,0.008707,0.008764,0.008632,0.008713,118934944.0
2024-01-21 06:00:00+00:00,0.008714,0.008744,0.00865,0.008684,90905662.0
2024-01-21 12:00:00+00:00,0.008683,0.008754,0.008626,0.008689,157746005.0
2024-01-21 18:00:00+00:00,0.008688,0.008701,0.008566,0.008586,94784044.0
2024-01-22 00:00:00+00:00,0.008585,0.008658,0.008382,0.008491,218973557.0
2024-01-22 06:00:00+00:00,0.008491,0.008524,0.008251,0.008392,175375948.0
2024-01-22 12:00:00+00:00,0.008388,0.008474,0.008212,0.008329,225918099.0
2024-01-22 18:00:00+00:00,0.008327,0.008381,0.008105,0.008246,296031316.0
2024-01-23 00:00:00+00:00,0.008245,0.008391,0.008163,0.008364,110969207.0
2024-01-23 06:00:00+00:00,0.008364,0.008385,0.007776,0.007887,404341884.0
2024-01-23 12:00:00+00:00,0.007884,0.008015,0.007701,0.007939,268272597.0
2024-01-23 18:00:00+00:00,0.007939,0.008069,0.007849,0.008065,129242466.0
2024-01-24 00:00:00+00:00,0.008068,0.008154,0.007966,0.008077,180519950.0
2024-01-24 06:00:00+00:00,0.008079,0.008237,0.008038,0.008154,191661371.0
2024-01-24 12:00:00+00:00,0.008154,0.008187,0.008033,0.008139,170012267.0
2024-01-24 18:00:00+00:00,0.008139,0.008192,0.008017,0.008185,103250929.0
2024-01-25 00:00:00+00:00,0.008185,0.008214,0.008057,0.008086,119818158.0
2024-01-25 06:00:00+00:00,0.008087,0.008275,0.00806,0.008241,134437553.0
2024-01-25 12:00:00+00:00,0.008242,0.008259,0.008015,0.008123,166208197.0
2024-01-25 18:00:00+00:00,0.008124,0.008242,0.008109,0.008227,142573700.0
2024-01-26 00:00:00+00:00,0.008228,0.008332,0.008148,0.008315,151998676.0
2024-01-26 06:00:00+00:00,0.008318,0.008468,0.008242,0.008449,221226196.0
2024-01-26 12:00:00+00:00,0.008451,0.008502,0.008354,0.008467,123635543.0
2024-01-26 18:00:00+00:00,0.008467,0.008573,0.00844,0.008498,164794915.0
2024-01-27 00:00:00+00:00,0.008498,0.008561,0.008421,0.008452,111091945.0
2024-01-27 06:00:00+00:00,0.00845,0.008489,0.008397,0.008478,71867250.0
2024-01-27 12:00:00+00:00,0.008479,0.008562,0.008459,0.008524,55846871.0
2024-01-27 18:00:00+00:00,0.008526,0.00864,0.008522,0.008629,101302931.0
2024-01-28 00:00:00+00:00,0.00863,0.00873,0.008593,0.00866,78948835.0
2024-01-28 06:00:00+00:00,0.008659,0.008685,0.008562,0.00861,75670913.0
2024-01-28 12:00:00+00:00,0.00861,0.008711,0.008523,0.008648,130062741.0
2024-01-28 18:00:00+00:00,0.008648,0.008657,0.008447,0.008541,112664493.0
2024-01-29 00:00:00+00:00,0.00854,0.008623,0.008494,0.008553,138298760.0
2024-01-29 06:00:00+00:00,0.008552,0.008593,0.008483,0.008546,74900016.0
2024-01-29 12:00:00+00:00,0.008545,0.008678,0.008375,0.008633,182054749.0
2024-01-29 18:00:00+00:00,0.008633,0.008684,0.008596,0.008675,75990757.0
2024-01-30 00:00:00+00:00,0.008674,0.00879,0.008626,0.008698,119126864.0
2024-01-30 06:00:00+00:00,0.008698,0.0088,0.008628,0.008782,94388833.0
2024-01-30 12:00:00+00:00,0.00878,0.008799,0.008618,0.008729,135634734.0
2024-01-30 18:00:00+00:00,0.008727,0.008734,0.008483,0.008553,153931501.0
2024-01-31 00:00:00+00:00,0.008554,0.008592,0.008433,0.008567,157072495.0
2024-01-31 06:00:00+00:00,0.008569,0.008577,0.008344,0.008418,143474750.0
2024-01-31 12:00:00+00:00,0.008418,0.008464,0.008227,0.00842,162725711.0
2024-01-31 18:00:00+00:00,0.008419,0.008433,0.008167,0.008231,152431440.0
2024-02-01 00:00:00+00:00,0.008231,0.008372,0.008133,0.008267,176699342.0
2024-02-01 06:00:00+00:00,0.00827,0.008289,0.008155,0.008229,132719794.0
2024-02-01 12:00:00+00:00,0.00823,0.008372,0.008222,0.008309,132561445.0
2024-02-01 18:00:00+00:00,0.008308,0.008325,0.008234,0.008316,78717808.0
2024-02-02 00:00:00+00:00,0.008315,0.008372,0.008275,0.008312,80914291.0
2024-02-02 06:00:00+00:00,0.008311,0.008343,0.008251,0.008292,104189843.0
2024-02-02 12:00:00+00:00,0.008292,0.008375,0.008152,0.008284,195902715.0
2024-02-02 18:00:00+00:00,0.008284,0.008353,0.00825,0.008331,63455666.0
2024-02-03 00:00:00+00:00,0.008331,0.008364,0.008291,0.008345,55700833.0
2024-02-03 06:00:00+00:00,0.008345,0.008345,0.008275,0.008282,48447331.0
2024-02-03 12:00:00+00:00,0.008281,0.008344,0.008202,0.008336,72552213.0
2024-02-03 18:00:00+00:00,0.008338,0.008352,0.008281,0.008299,80249504.0
2024-02-04 00:00:00+00:00,0.008299,0.008303,0.008212,0.00823,52343002.0
2024-02-04 06:00:00+00:00,0.008229,0.008246,0.008171,0.008218,86301351.0
2024-02-04 12:00:00+00:00,0.008218,0.008244,0.008174,0.00822,64326058.0
2024-02-04 18:00:00+00:00,0.00822,0.008235,0.008117,0.00816,111208749.0
2024-02-05 00:00:00+00:00,0.008159,0.008238,0.008039,0.008203,158409251.0
2024-02-05 06:00:00+00:00,0.008203,0.008364,0.008198,0.008356,99940917.0
2024-02-05 12:00:00+00:00,0.008357,0.00838,0.008203,0.00824,154543604.0
2024-02-05 18:00:00+00:00,0.00824,0.008268,0.008125,0.008195,130176642.0
2024-02-06 00:00:00+00:00,0.008196,0.008252,0.00816,0.008209,73968939.0
2024-02-06 06:00:00+00:00,0.008209,0.008243,0.008121,0.008154,121343232.0
2024-02-06 12:00:00+00:00,0.008151,0.008193,0.008083,0.008179,155177606.0
2024-02-06 18:00:00+00:00,0.008182,0.008216,0.008149,0.008158,57890445.0
2024-02-07 00:00:00+00:00,0.008159,0.008225,0.008114,0.008196,104892912.0
2024-02-07 06:00:00+00:00,0.008195,0.008223,0.008153,0.008178,63079424.0
2024-02-07 12:00:00+00:00,0.008179,0.008323,0.008173,0.008314,136419160.0
2024-02-07 18:00:00+00:00,0.008315,0.008414,0.008286,0.00839,94301894.0
2024-02-08 00:00:00+00:00,0.00839,0.008423,0.008349,0.008366,66400150.0
2024-02-08 06:00:00+00:00,0.008369,0.008417,0.008325,0.008374,66519558.0
2024-02-08 12:00:00+00:00,0.008375,0.008466,0.00831,0.008361,131246517.0
2024-02-08 18:00:00+00:00,0.008362,0.008431,0.008358,0.008415,117648129.0
2024-02-09 00:00:00+00:00,0.008416,0.008528,0.008411,0.008502,97370255.0
2024-02-09 06:00:00+00:00,0.008504,0.008574,0.008475,0.008561,83965757.0
2024-02-09 12:00:00+00:00,0.008561,0.008631,0.008471,0.008572,169275375.0
2024-02-09 18:00:00+00:00,0.008573,0.008631,0.008525,0.008598,88702090.0
2024-02-10 00:00:00+00:00,0.008598,0.008673,0.00853,0.008544,96410480.0
2024-02-10 06:00:00+00:00,0.008545,0.008556,0.008384,0.008458,134695218.0
2024-02-10 12:00:00+00:00,0.008459,0.00853,0.00841,0.008513,85250588.0
2024-02-10 18:00:00+00:00,0.008513,0.008624,0.008509,0.008571,99037382.0
2024-02-11 00:00:00+00:00,0.008571,0.008674,0.008548,0.008645,84274307.0
2024-02-11 06:00:00+00:00,0.008645,0.008705,0.008585,0.008638,75595737.0
2024-02-11 12:00:00+00:00,0.00864,0.008653,0.008569,0.008625,84023984.0
2024-02-11 18:00:00+00:00,0.008625,0.008643,0.008517,0.008578,130634517.0
2024-02-12 00:00:00+00:00,0.008579,0.008643,0.008467,0.008515,91291435.0
2024-02-12 06:00:00+00:00,0.008515,0.008592,0.008411,0.008469,76100710.0
2024-02-12 12:00:00+00:00,0.008467,0.008732,0.008419,0.008693,112330615.0
2024-02-12 18:00:00+00:00,0.008696,0.008742,0.008658,0.008688,120355537.0
2024-02-13 00:00:00+00:00,0.008689,0.009017,0.008645,0.008716,412773669.0
2024-02-13 06:00:00+00:00,0.008717,0.008737,0.008601,0.008638,177555653.0
2024-02-13 12:00:00+00:00,0.008639,0.008646,0.008332,0.008491,311036307.0
2024-02-13 18:00:00+00:00,0.008492,0.008571,0.008475,0.008527,100238419.0
2024-02-14 00:00:00+00:00,0.008527,0.008622,0.008441,0.008498,201908051.0
2024-02-14 06:00:00+00:00,0.008498,0.008719,0.008496,0.008699,193978723.0
2024-02-14 12:00:00+00:00,0.008699,0.008724,0.008586,0.008664,207001072.0
2024-02-14 18:00:00+00:00,0.008664,0.008735,0.008641,0.008698,119599824.0
2024-02-15 00:00:00+00:00,0.008699,0.00885,0.008651,0.008734,314387014.0
2024-02-15 06:00:00+00:00,0.008733,0.008923,0.008731,0.008902,191039110.0
2024-02-15 12:00:00+00:00,0.008901,0.009061,0.008808,0.008882,482632367.0
2024-02-15 18:00:00+00:00,0.008883,0.008941,0.008757,0.008894,236319903.0
2024-02-16 00:00:00+00:00,0.008894,0.009037,0.008814,0.009022,161352179.0
2024-02-16 06:00:00+00:00,0.009022,0.009081,0.008902,0.009041,193056653.0
2024-02-16 12:00:00+00:00,0.009041,0.009087,0.008723,0.008825,279769783.0
2024-02-16 18:00:00+00:00,0.008827,0.008994,0.008798,0.008972,100123698.0
2024-02-17 00:00:00+00:00,0.008973,0.008987,0.008816,0.008869,129225306.0
2024-02-17 06:00:00+00:00,0.00887,0.0089,0.008771,0.008833,114037363.0
2024-02-17 12:00:00+00:00,0.008833,0.008895,0.008591,0.008805,243406830.0
2024-02-17 18:00:00+00:00,0.008807,0.008905,0.008781,0.008874,97242068.0
2024-02-18 00:00:00+00:00,0.008875,0.008925,0.008777,0.008916,117119971.0
2024-02-18 06:00:00+00:00,0.008917,0.009369,0.008883,0.009366,748436407.0
2024-02-18 12:00:00+00:00,0.009367,0.009587,0.009165,0.00924,826129466.0
2024-02-18 18:00:00+00:00,0.00924,0.009269,0.009103,0.0092,247572918.0
2024-02-19 00:00:00+00:00,0.009201,0.009555,0.009165,0.009424,660694835.0
2024-02-19 06:00:00+00:00,0.009424,0.009529,0.009306,0.00942,400801811.0
2024-02-19 12:00:00+00:00,0.009419,0.009513,0.009255,0.00939,393167154.0
2024-02-19 18:00:00+00:00,0.009389,0.00948,0.009348,0.009418,226089592.0
2024-02-20 00:00:00+00:00,0.009418,0.009551,0.009194,0.009456,364871093.0
2024-02-20 06:00:00+00:00,0.009455,0.009498,0.009171,0.009466,269566658.0
2024-02-20 12:00:00+00:00,0.009466,0.009544,0.00885,0.00908,728445232.0
2024-02-20 18:00:00+00:00,0.009079,0.009388,0.009057,0.009317,172255684.0
2024-02-21 00:00:00+00:00,0.009319,0.009469,0.009307,0.009321,200074979.0
2024-02-21 06:00:00+00:00,0.00932,0.009356,0.008885,0.008985,363132220.0
2024-02-21 12:00:00+00:00,0.008987,0.009114,0.008816,0.008899,337272323.0
2024-02-21 18:00:00+00:00,0.008899,0.00912,0.008782,0.009105,223457064.0
2024-02-22 00:00:00+00:00,0.009106,0.009187,0.008896,0.009181,185245294.0
2024-02-22 06:00:00+00:00,0.009181,0.009462,0.00918,0.009455,348607111.0
2024-02-22 12:00:00+00:00,0.009456,0.009505,0.009263,0.009441,255804798.0
2024-02-22 18:00:00+00:00,0.009443,0.009487,0.00932,0.00934,198607614.0
2024-02-23 00:00:00+00:00,0.00934,0.009461,0.00911,0.009283,988334580.0
2024-02-23 06:00:00+00:00,0.00928,0.009439,0.009188,0.009427,1468156857.0
2024-02-23 12:00:00+00:00,0.009428,0.009488,0.009146,0.00944,561455025.0
2024-02-23 18:00:00+00:00,0.009442,0.009545,0.009263,0.009404,381428276.0
2024-02-24 00:00:00+00:00,0.009404,0.009483,0.009238,0.009425,264777788.0
2024-02-24 06:00:00+00:00,0.009425,0.009796,0.009386,0.009551,458331692.0
2024-02-24 12:00:00+00:00,0.009553,0.009815,0.00948,0.009793,433477147.0
2024-02-24 18:00:00+00:00,0.009796,0.009865,0.009725,0.009779,248523002.0
2024-02-25 00:00:00+00:00,0.009779,0.009799,0.009645,0.009745,209000161.0
2024-02-25 06:00:00+00:00,0.009745,0.009816,0.009673,0.009744,135725054.0
2024-02-25 12:00:00+00:00,0.009745,0.009852,0.009698,0.009835,190833656.0
2024-02-25 18:00:00+00:00,0.009836,0.009989,0.009805,0.009956,244454130.0
2024-02-26 00:00:00+00:00,0.009957,0.009961,0.009769,0.009885,168682393.0
2024-02-26 06:00:00+00:00,0.009889,0.010011,0.009567,0.00979,379804358.0
2024-02-26 12:00:00+00:00,0.009792,0.010143,0.009736,0.01012,321267859.0
2024-02-26 18:00:00+00:00,0.010123,0.010167,0.009973,0.010143,184201582.0
2024-02-27 00:00:00+00:00,0.010144,0.010302,0.010066,0.010207,264010244.0
2024-02-27 06:00:00+00:00,0.010207,0.010235,0.00999,0.010184,212220665.0
2024-02-27 12:00:00+00:00,0.010185,0.010266,0.009969,0.010153,300902271.0
2024-02-27 18:00:00+00:00,0.010153,0.010321,0.010145,0.010249,206875307.0
2024-02-28 00:00:00+00:00,0.01025,0.010382,0.010169,0.010372,198651190.0
2024-02-28 06:00:00+00:00,0.010373,0.010636,0.010237,0.010388,830110023.0
2024-02-28 12:00:00+00:00,0.010388,0.010868,0.009,0.010243,1117237425.0
2024-02-28 18:00:00+00:00,0.010245,0.010475,0.009704,0.010432,605521799.0
2024-02-29 00:00:00+00:00,0.010432,0.011035,0.010286,0.010943,504094856.0
2024-02-29 06:00:00+00:00,0.010943,0.011247,0.010715,0.01094,507052959.0
2024-02-29 12:00:00+00:00,0.01094,0.011233,0.010673,0.010787,387023487.0
2024-02-29 18:00:00+00:00,0.010788,0.010916,0.01034,0.010711,314296568.0
2024-03-01 00:00:00+00:00,0.010714,0.011264,0.010713,0.011164,560696608.0
2024-03-01 06:00:00+00:00,0.011165,0.011214,0.011011,0.011123,244513432.0
2024-03-01 12:00:00+00:00,0.011123,0.011479,0.01096,0.011411,345504454.0
2024-03-01 18:00:00+00:00,0.01141,0.011697,0.011343,0.011676,215955374.0
2024-03-02 00:00:00+00:00,0.011676,0.011677,0.011286,0.011504,336113962.0
2024-03-02 06:00:00+00:00,0.011503,0.0118,0.011322,0.011519,488736255.0
2024-03-02 12:00:00+00:00,0.011517,0.012073,0.011507,0.01201,589793945.0
2024-03-02 18:00:00+00:00,0.01201,0.012289,0.011925,0.012247,202778981.0
2024-03-03 00:00:00+00:00,0.012246,0.01246,0.011915,0.012293,556410171.0
2024-03-03 06:00:00+00:00,0.012295,0.012363,0.01095,0.01205,909255724.0
2024-03-03 12:00:00+00:00,0.01205,0.01211,0.011686,0.011839,424212263.0
2024-03-03 18:00:00+00:00,0.011843,0.011964,0.011774,0.011889,174629609.0
2024-03-04 00:00:00+00:00,0.011887,0.012644,0.011887,0.012122,1103271973.0
2024-03-04 06:00:00+00:00,0.012126,0.012732,0.012082,0.012437,970092138.0
2024-03-04 12:00:00+00:00,0.012437,0.012704,0.011914,0.011932,911159953.0
2024-03-04 18:00:00+00:00,0.011931,0.012673,0.011739,0.012303,623941680.0
2024-03-05 00:00:00+00:00,0.012308,0.012322,0.011597,0.011964,550469858.0
2024-03-05 06:00:00+00:00,0.011964,0.012448,0.011824,0.012387,496423497.0
2024-03-05 12:00:00+00:00,0.012385,0.012532,0.011201,0.011858,1101235696.0
2024-03-05 18:00:00+00:00,0.011858,0.011866,0.00915,0.011092,1294651929.0
2024-03-06 00:00:00+00:00,0.011094,0.011454,0.010621,0.01145,527901257.0
2024-03-06 06:00:00+00:00,0.011449,0.011791,0.011299,0.011687,792045299.0
2024-03-06 12:00:00+00:00,0.011685,0.011774,0.011114,0.011577,780288077.0
2024-03-06 18:00:00+00:00,0.011574,0.011826,0.01145,0.011801,244370695.0
2024-03-07 00:00:00+00:00,0.011801,0.01336,0.011708,0.012406,2016460883.0
2024-03-07 06:00:00+00:00,0.012406,0.013027,0.012241,0.012659,1456882867.0
2024-03-07 12:00:00+00:00,0.01266,0.012801,0.012331,0.012737,767654872.0
2024-03-07 18:00:00+00:00,0.012737,0.012819,0.012586,0.012766,357262451.0
2024-03-08 00:00:00+00:00,0.012765,0.012827,0.01241,0.012467,419732135.0
2024-03-08 06:00:00+00:00,0.012467,0.012704,0.012415,0.012525,303356642.0
2024-03-08 12:00:00+00:00,0.012524,0.012621,0.011832,0.012461,791480987.0
2024-03-08 18:00:00+00:00,0.012462,0.012564,0.012293,0.012507,207171993.0
2024-03-09 00:00:00+00:00,0.012505,0.012562,0.012352,0.012493,208684353.0
2024-03-09 06:00:00+00:00,0.012494,0.012728,0.012383,0.012639,295015435.0
2024-03-09 12:00:00+00:00,0.012638,0.012998,0.012593,0.012746,647916107.0
2024-03-09 18:00:00+00:00,0.012748,0.012802,0.012669,0.01277,149201946.0
2024-03-10 00:00:00+00:00,0.012773,0.013423,0.012706,0.012962,717428884.0
2024-03-10 06:00:00+00:00,0.012965,0.01318,0.012682,0.012704,488947127.0
2024-03-10 12:00:00+00:00,0.012705,0.012772,0.01221,0.01266,519251647.0
2024-03-10 18:00:00+00:00,0.012664,0.013009,0.012501,0.012902,321119707.0
2024-03-11 00:00:00+00:00,0.012901,0.012929,0.0121,0.012662,486621848.0
2024-03-11 06:00:00+00:00,0.012663,0.012979,0.01254,0.012897,390361170.0
2024-03-11 12:00:00+00:00,0.012896,0.013528,0.012769,0.013306,1011241545.0
2024-03-11 18:00:00+00:00,0.013305,0.01358,0.013275,0.013525,372687907.0
2024-03-12 00:00:00+00:00,0.013531,0.013848,0.013271,0.013554,667058296.0
2024-03-12 06:00:00+00:00,0.013554,0.013558,0.012918,0.013147,671338285.0
2024-03-12 12:00:00+00:00,0.013149,0.013925,0.012879,0.013777,2038062214.0
2024-03-12 18:00:00+00:00,0.013779,0.014102,0.013675,0.014095,961372151.0
2024-03-13 00:00:00+00:00,0.014092,0.01448,0.013836,0.014454,672164480.0
2024-03-13 06:00:00+00:00,0.014453,0.014621,0.014051,0.014083,507319966.0
2024-03-13 12:00:00+00:00,0.014087,0.014235,0.013677,0.014038,525114511.0
2024-03-13 18:00:00+00:00,0.014037,0.01421,0.01389,0.014183,185622815.0
2024-03-14 00:00:00+00:00,0.014184,0.014203,0.013693,0.013908,292237852.0
2024-03-14 06:00:00+00:00,0.01391,0.014066,0.013422,0.013625,315467758.0
2024-03-14 12:00:00+00:00,0.013625,0.013703,0.013004,0.013384,689505251.0
2024-03-14 18:00:00+00:00,0.013382,0.013667,0.012673,0.013602,520127688.0
2024-03-15 00:00:00+00:00,0.013604,0.013716,0.012042,0.012325,893387950.0
2024-03-15 06:00:00+00:00,0.012325,0.012686,0.011399,0.01207,821092189.0
2024-03-15 12:00:00+00:00,0.01207,0.012303,0.011947,0.012228,413337688.0
2024-03-15 18:00:00+00:00,0.012228,0.012638,0.011938,0.012447,393365891.0
2024-03-16 00:00:00+00:00,0.012448,0.012537,0.012147,0.012312,226028368.0
2024-03-16 06:00:00+00:00,0.012314,0.01259,0.012077,0.012204,306615612.0
2024-03-16 12:00:00+00:00,0.012206,0.012227,0.011506,0.011535,463762284.0
2024-03-16 18:00:00+00:00,0.011538,0.01158,0.011073,0.011314,560681134.0
2024-03-17 00:00:00+00:00,0.011312,0.011501,0.010985,0.01124,339526247.0
2024-03-17 06:00:00+00:00,0.011244,0.011598,0.010633,0.011436,623160470.0
2024-03-17 12:00:00+00:00,0.011434,0.011893,0.011237,0.011872,379869637.0
2024-03-17 18:00:00+00:00,0.011874,0.011966,0.011716,0.011798,151600539.0
2024-03-18 00:00:00+00:00,0.011799,0.011847,0.011344,0.011818,223331064.0
2024-03-18 06:00:00+00:00,0.011818,0.011851,0.011337,0.011526,218149630.0
2024-03-18 12:00:00+00:00,0.011525,0.01157,0.010844,0.010977,365024907.0
2024-03-18 18:00:00+00:00,0.010978,0.011163,0.0108,0.011015,205953880.0
2024-03-19 00:00:00+00:00,0.011012,0.011119,0.0101,0.010252,615003753.0
2024-03-19 06:00:00+00:00,0.010252,0.010311,0.009543,0.009875,967115957.0
2024-03-19 12:00:00+00:00,0.009877,0.010503,0.009764,0.01041,706575904.0
2024-03-19 18:00:00+00:00,0.010409,0.010498,0.00952,0.009756,525056536.0
2024-03-20 00:00:00+00:00,0.009757,0.01004,0.009309,0.009556,632544328.0
2024-03-20 06:00:00+00:00,0.009551,0.010168,0.00953,0.01013,453628227.0
2024-03-20 12:00:00+00:00,0.010128,0.010324,0.009567,0.010054,646096605.0
2024-03-20 18:00:00+00:00,0.010056,0.010828,0.010056,0.010799,460452643.0
2024-03-21 00:00:00+00:00,0.010795,0.010997,0.010474,0.010659,422496001.0
2024-03-21 06:00:00+00:00,0.01066,0.010862,0.010607,0.010782,259763764.0
2024-03-21 12:00:00+00:00,0.010783,0.010981,0.010697,0.010781,329962442.0
2024-03-21 18:00:00+00:00,0.010776,0.010816,0.010414,0.010745,352707376.0
2024-03-22 00:00:00+00:00,0.010745,0.011482,0.010632,0.011027,1781223546.0
2024-03-22 06:00:00+00:00,0.011026,0.011128,0.010576,0.010623,533861589.0
2024-03-22 12:00:00+00:00,0.010622,0.010755,0.010202,0.010465,650693195.0
2024-03-22 18:00:00+00:00,0.010464,0.010531,0.010163,0.01048,355291810.0
2024-03-23 00:00:00+00:00,0.01048,0.010573,0.010275,0.010469,258787631.0
2024-03-23 06:00:00+00:00,0.010469,0.010704,0.010433,0.010627,255093304.0
2024-03-23 12:00:00+00:00,0.010628,0.010807,0.010591,0.010786,285643759.0
2024-03-23 18:00:00+00:00,0.010786,0.010836,0.010523,0.010543,220299627.0
2024-03-24 00:00:00+00:00,0.010545,0.01076,0.010512,0.01067,234510394.0
2024-03-24 06:00:00+00:00,0.01067,0.010841,0.01053,0.010783,236414882.0
2024-03-24 12:00:00+00:00,0.010781,0.010984,0.010715,0.010847,292573654.0
2024-03-24 18:00:00+00:00,0.010848,0.01122,0.010845,0.011191,266304064.0
2024-03-25 00:00:00+00:00,0.011194,0.011263,0.011077,0.011227,200950458.0
2024-03-25 06:00:00+00:00,0.011227,0.01135,0.011093,0.0112,239912868.0
2024-03-25 12:00:00+00:00,0.011202,0.011774,0.011185,0.011742,419825139.0
2024-03-25 18:00:00+00:00,0.011741,0.011852,0.011542,0.011727,221691218.0
2024-03-26 00:00:00+00:00,0.011729,0.012381,0.011724,0.01233,430399089.0
2024-03-26 06:00:00+00:00,0.012338,0.012507,0.01223,0.012308,388531364.0
2024-03-26 12:00:00+00:00,0.012303,0.012726,0.012056,0.012486,978326080.0
2024-03-26 18:00:00+00:00,0.012483,0.012868,0.012235,0.012755,517623577.0
2024-03-27 00:00:00+00:00,0.012755,0.012848,0.01237,0.012476,582472153.0
2024-03-27 06:00:00+00:00,0.012474,0.012674,0.012095,0.012656,646900492.0
2024-03-27 12:00:00+00:00,0.012656,0.012855,0.01201,0.01226,987104663.0
2024-03-27 18:00:00+00:00,0.012257,0.012388,0.012069,0.012212,340623579.0
2024-03-28 00:00:00+00:00,0.012213,0.012325,0.011871,0.012205,387539691.0
2024-03-28 06:00:00+00:00,0.012205,0.012643,0.012155,0.012415,332457944.0
2024-03-28 12:00:00+00:00,0.012417,0.012638,0.01214,0.012593,501691920.0
2024-03-28 18:00:00+00:00,0.012592,0.012704,0.012492,0.012635,233516052.0
2024-03-29 00:00:00+00:00,0.012636,0.01284,0.012443,0.012609,500388120.0
2024-03-29 06:00:00+00:00,0.012606,0.012925,0.012304,0.012889,457107032.0
2024-03-29 12:00:00+00:00,0.012889,0.012961,0.012497,0.012605,545387318.0
2024-03-29 18:00:00+00:00,0.012606,0.012752,0.012426,0.012724,224436049.0
2024-03-30 00:00:00+00:00,0.012724,0.01273,0.012461,0.012572,245236937.0
2024-03-30 06:00:00+00:00,0.012572,0.012594,0.012335,0.012585,249951676.0
2024-03-30 12:00:00+00:00,0.012582,0.012697,0.01247,0.012687,310660034.0
2024-03-30 18:00:00+00:00,0.012687,0.012809,0.01233,0.012431,294161296.0
2024-03-31 00:00:00+00:00,0.012432,0.012633,0.012343,0.012567,232900275.0
2024-03-31 06:00:00+00:00,0.012563,0.012591,0.012427,0.012541,147753619.0
2024-03-31 12:00:00+00:00,0.012542,0.012851,0.012523,0.012763,445349308.0
2024-03-31 18:00:00+00:00,0.012759,0.01306,0.012718,0.012814,276185970.0
2024-04-01 00:00:00+00:00,0.012811,0.012815,0.011801,0.012044,531713772.0
2024-04-01 06:00:00+00:00,0.012052,0.012312,0.011795,0.011851,619323090.0
2024-04-01 12:00:00+00:00,0.011852,0.01208,0.011341,0.011533,702014817.0
2024-04-01 18:00:00+00:00,0.011532,0.011783,0.011359,0.011739,248664087.0
2024-04-02 00:00:00+00:00,0.011741,0.011802,0.010623,0.011034,645192696.0
2024-04-02 06:00:00+00:00,0.011036,0.011196,0.010569,0.010805,465100868.0
2024-04-02 12:00:00+00:00,0.010803,0.011047,0.010562,0.010886,383540926.0
2024-04-02 18:00:00+00:00,0.010888,0.010929,0.010687,0.010733,172620331.0
2024-04-03 00:00:00+00:00,0.010733,0.010963,0.01031,0.010889,392025812.0
2024-04-03 06:00:00+00:00,0.010886,0.011097,0.010809,0.010887,269851113.0
2024-04-03 12:00:00+00:00,0.010887,0.011033,0.010676,0.010729,328761731.0
2024-04-03 18:00:00+00:00,0.010728,0.010784,0.010504,0.010702,237093830.0
2024-04-04 00:00:00+00:00,0.010703,0.010839,0.010431,0.010657,237554790.0
2024-04-04 06:00:00+00:00,0.010657,0.010932,0.010638,0.010914,170126710.0
2024-04-04 12:00:00+00:00,0.01091,0.011244,0.010893,0.01123,273191248.0
2024-04-04 18:00:00+00:00,0.011229,0.01128,0.010821,0.011069,223623814.0
2024-04-05 00:00:00+00:00,0.011069,0.011095,0.01065,0.010819,254826929.0
2024-04-05 06:00:00+00:00,0.010817,0.010905,0.010553,0.010561,241415050.0
2024-04-05 12:00:00+00:00,0.010565,0.011037,0.010479,0.010917,332470976.0
2024-04-05 18:00:00+00:00,0.010917,0.011021,0.010886,0.010924,138363205.0
2024-04-06 00:00:00+00:00,0.010923,0.0111,0.010832,0.011076,150663104.0
2024-04-06 06:00:00+00:00,0.011076,0.011121,0.010955,0.010977,82915945.0
2024-04-06 12:00:00+00:00,0.010977,0.011024,0.010856,0.01099,125372481.0
2024-04-06 18:00:00+00:00,0.010991,0.01119,0.010955,0.011085,92871037.0
2024-04-07 00:00:00+00:00,0.011086,0.011251,0.011056,0.011171,138196329.0
2024-04-07 06:00:00+00:00,0.011172,0.011233,0.011135,0.011221,83657230.0
2024-04-07 12:00:00+00:00,0.011221,0.011322,0.011182,0.011262,133737723.0
2024-04-07 18:00:00+00:00,0.01126,0.011343,0.011164,0.011337,113178057.0
2024-04-08 00:00:00+00:00,0.011337,0.011384,0.011067,0.011203,175268730.0
2024-04-08 06:00:00+00:00,0.011201,0.011775,0.011148,0.011738,320142763.0
2024-04-08 12:00:00+00:00,0.01174,0.012239,0.011718,0.011989,773100352.0
2024-04-08 18:00:00+00:00,0.011989,0.012065,0.011938,0.012,210705168.0
2024-04-09 00:00:00+00:00,0.012,0.012135,0.01178,0.011891,307148097.0
2024-04-09 06:00:00+00:00,0.011894,0.011919,0.011409,0.011725,325682495.0
2024-04-09 12:00:00+00:00,0.011724,0.012021,0.011513,0.012015,562774226.0
2024-04-09 18:00:00+00:00,0.012014,0.012156,0.011792,0.011939,376408879.0
2024-04-10 00:00:00+00:00,0.011937,0.012043,0.011547,0.01194,514503386.0
2024-04-10 06:00:00+00:00,0.011942,0.012227,0.011715,0.011799,639911167.0
2024-04-10 12:00:00+00:00,0.011799,0.011823,0.01127,0.011777,773129915.0
2024-04-10 18:00:00+00:00,0.011778,0.012299,0.011563,0.012283,382539658.0
2024-04-11 00:00:00+00:00,0.012282,0.012922,0.012168,0.012773,1489302461.0
2024-04-11 06:00:00+00:00,0.012773,0.0129,0.012159,0.012193,851332343.0
2024-04-11 12:00:00+00:00,0.012191,0.0128,0.01218,0.012729,1132000998.0
2024-04-11 18:00:00+00:00,0.012727,0.013182,0.011626,0.012509,2638031189.0
2024-04-12 00:00:00+00:00,0.012506,0.013716,0.012336,0.012504,2831695739.0
2024-04-12 06:00:00+00:00,0.012504,0.013527,0.012448,0.013421,2268230753.0
2024-04-12 12:00:00+00:00,0.01342,0.013736,0.01197,0.012343,3797991524.0
2024-04-12 18:00:00+00:00,0.012344,0.012484,0.00988,0.011045,3108262196.0
2024-04-13 00:00:00+00:00,0.011042,0.011042,0.010148,0.010646,1248393130.0
2024-04-13 06:00:00+00:00,0.010645,0.010949,0.010373,0.010401,874994772.0
2024-04-13 12:00:00+00:00,0.010401,0.010478,0.009329,0.009487,1708169310.0
2024-04-13 18:00:00+00:00,0.009486,0.009693,0.007421,0.008795,3023219975.0
2024-04-14 00:00:00+00:00,0.008796,0.009131,0.008358,0.009075,1014917359.0
2024-04-14 06:00:00+00:00,0.009076,0.009372,0.008966,0.009333,1058105614.0
2024-04-14 12:00:00+00:00,0.009332,0.009654,0.008901,0.009155,1907520154.0
2024-04-14 18:00:00+00:00,0.009158,0.009749,0.009041,0.009631,808112660.0
2024-04-15 00:00:00+00:00,0.009636,0.009665,0.00924,0.009559,649201915.0
2024-04-15 06:00:00+00:00,0.009554,0.010886,0.00952,0.010461,1885638445.0
2024-04-15 12:00:00+00:00,0.010463,0.010597,0.009477,0.009597,1560473323.0
2024-04-15 18:00:00+00:00,0.009596,0.009756,0.009221,0.009657,863073309.0
2024-04-16 00:00:00+00:00,0.009655,0.009749,0.008982,0.009257,902431086.0
2024-04-16 06:00:00+00:00,0.009257,0.009623,0.00902,0.009377,671855285.0
2024-04-16 12:00:00+00:00,0.009374,0.009374,0.008871,0.009186,836369178.0
2024-04-16 18:00:00+00:00,0.009185,0.009423,0.009082,0.009243,467050001.0
2024-04-17 00:00:00+00:00,0.009243,0.009328,0.009052,0.009159,490279550.0
2024-04-17 06:00:00+00:00,0.009159,0.009169,0.008793,0.008799,524498064.0
2024-04-17 12:00:00+00:00,0.0088,0.008942,0.00854,0.008902,974341308.0
2024-04-17 18:00:00+00:00,0.008903,0.00913,0.008798,0.008828,536505772.0
2024-04-18 00:00:00+00:00,0.008829,0.009057,0.008579,0.008888,473091979.0
2024-04-18 06:00:00+00:00,0.008888,0.009096,0.008636,0.009018,449801303.0
2024-04-18 12:00:00+00:00,0.009018,0.009329,0.00881,0.009026,563753668.0
2024-04-18 18:00:00+00:00,0.009025,0.009448,0.00898,0.00937,303772466.0
2024-04-19 00:00:00+00:00,0.00937,0.009745,0.008881,0.00921,1556068546.0
2024-04-19 06:00:00+00:00,0.009212,0.009705,0.009134,0.009613,753064066.0
2024-04-19 12:00:00+00:00,0.009612,0.009756,0.009497,0.009705,517384780.0
2024-04-19 18:00:00+00:00,0.009704,0.009705,0.009294,0.009468,319671012.0
2024-04-20 00:00:00+00:00,0.009468,0.009595,0.0093,0.009527,356955858.0
2024-04-20 06:00:00+00:00,0.009526,0.00958,0.009356,0.009517,220515937.0
2024-04-20 12:00:00+00:00,0.009516,0.009943,0.009464,0.009928,304087500.0
2024-04-20 18:00:00+00:00,0.009928,0.010034,0.009857,0.009924,242815704.0
2024-04-21 00:00:00+00:00,0.009923,0.010048,0.009763,0.009842,325668259.0
2024-04-21 06:00:00+00:00,0.009841,0.009893,0.00971,0.009826,278114510.0
2024-04-21 12:00:00+00:00,0.009827,0.01001,0.00957,0.009703,679420442.0
2024-04-21 18:00:00+00:00,0.009701,0.009864,0.009649,0.009745,276700515.0
2024-04-22 00:00:00+00:00,0.009745,0.010198,0.009734,0.010178,581086324.0
2024-04-22 06:00:00+00:00,0.010177,0.010301,0.009981,0.010073,411717091.0
2024-04-22 12:00:00+00:00,0.010073,0.010133,0.009853,0.010043,396030647.0
2024-04-22 18:00:00+00:00,0.010042,0.010173,0.009985,0.010067,199518206.0
2024-04-23 00:00:00+00:00,0.010065,0.010197,0.009815,0.009948,298871443.0
2024-04-23 06:00:00+00:00,0.009948,0.010001,0.009782,0.009866,263243247.0
2024-04-23 12:00:00+00:00,0.009865,0.010013,0.009794,0.009986,335529843.0
2024-04-23 18:00:00+00:00,0.009986,0.010063,0.009889,0.009962,239509928.0
2024-04-24 00:00:00+00:00,0.009963,0.010354,0.009955,0.010218,794321650.0
2024-04-24 06:00:00+00:00,0.010219,0.010284,0.010102,0.010242,329866466.0
2024-04-24 12:00:00+00:00,0.010243,0.010279,0.009581,0.009779,579949338.0
2024-04-24 18:00:00+00:00,0.009778,0.009786,0.009432,0.009579,317759560.0
2024-04-25 00:00:00+00:00,0.009581,0.009632,0.009239,0.009444,366977799.0
2024-04-25 06:00:00+00:00,0.009445,0.009501,0.009267,0.009366,274008580.0
2024-04-25 12:00:00+00:00,0.009367,0.009778,0.009234,0.009772,332505635.0
2024-04-25 18:00:00+00:00,0.009772,0.009978,0.00969,0.0097,250878874.0
2024-04-26 00:00:00+00:00,0.009701,0.009723,0.009423,0.009657,305998814.0
2024-04-26 06:00:00+00:00,0.009654,0.009666,0.00948,0.009519,243907922.0
2024-04-26 12:00:00+00:00,0.009516,0.009721,0.009389,0.009602,313679425.0
2024-04-26 18:00:00+00:00,0.0096,0.009641,0.009423,0.009457,126929418.0
2024-04-27 00:00:00+00:00,0.009457,0.009572,0.00912,0.009449,397966494.0
2024-04-27 06:00:00+00:00,0.009448,0.009722,0.009394,0.009472,535022069.0
2024-04-27 12:00:00+00:00,0.009472,0.009756,0.00944,0.009704,248961954.0
2024-04-27 18:00:00+00:00,0.009705,0.009746,0.009563,0.009629,151534626.0
2024-04-28 00:00:00+00:00,0.009629,0.009806,0.009543,0.009705,227564431.0
2024-04-28 06:00:00+00:00,0.009704,0.009783,0.009543,0.009561,163791751.0
2024-04-28 12:00:00+00:00,0.009555,0.009708,0.009538,0.009698,161318690.0
2024-04-28 18:00:00+00:00,0.009701,0.009759,0.009443,0.009495,178308740.0
2024-04-29 00:00:00+00:00,0.009495,0.009573,0.009276,0.009354,234554448.0
2024-04-29 06:00:00+00:00,0.009354,0.009358,0.009074,0.009189,300055682.0
2024-04-29 12:00:00+00:00,0.009189,0.009402,0.00914,0.009357,219813547.0
2024-04-29 18:00:00+00:00,0.009356,0.009481,0.0092,0.009423,159554335.0
2024-04-30 00:00:00+00:00,0.009425,0.009533,0.009236,0.009297,223940922.0
2024-04-30 06:00:00+00:00,0.009301,0.009371,0.008783,0.008818,319558471.0
2024-04-30 12:00:00+00:00,0.008809,0.008888,0.008599,0.008702,462013826.0
2024-04-30 18:00:00+00:00,0.008701,0.008981,0.008616,0.008873,321736770.0
2024-05-01 00:00:00+00:00,0.008872,0.008928,0.008653,0.008813,248122894.0
2024-05-01 06:00:00+00:00,0.008814,0.008835,0.008262,0.008588,428521971.0
2024-05-01 12:00:00+00:00,0.008588,0.008687,0.008416,0.008606,339800443.0
2024-05-01 18:00:00+00:00,0.008606,0.008953,0.008601,0.008895,408674177.0
2024-05-02 00:00:00+00:00,0.0089,0.008931,0.00859,0.008695,286956578.0
2024-05-02 06:00:00+00:00,0.008695,0.008894,0.008642,0.008874,187973911.0
2024-05-02 12:00:00+00:00,0.008874,0.008997,0.008772,0.008991,240205924.0
2024-05-02 18:00:00+00:00,0.008991,0.009151,0.008933,0.009013,200413172.0
2024-05-03 00:00:00+00:00,0.009012,0.009193,0.008966,0.009066,189215427.0
2024-05-03 06:00:00+00:00,0.009066,0.009079,0.008869,0.008906,194841739.0
2024-05-03 12:00:00+00:00,0.008904,0.009497,0.008888,0.009467,338993164.0
2024-05-03 18:00:00+00:00,0.009467,0.009556,0.009378,0.009425,136847215.0
2024-05-04 00:00:00+00:00,0.009424,0.009484,0.009296,0.009361,193531457.0
2024-05-04 06:00:00+00:00,0.009361,0.009466,0.00929,0.009356,131930437.0
2024-05-04 12:00:00+00:00,0.009357,0.009476,0.009322,0.009394,178634199.0
2024-05-04 18:00:00+00:00,0.009393,0.009492,0.009337,0.009352,106879568.0
2024-05-05 00:00:00+00:00,0.009352,0.009399,0.009152,0.009181,201533003.0
2024-05-05 06:00:00+00:00,0.009179,0.009327,0.009165,0.009314,117919032.0
2024-05-05 12:00:00+00:00,0.009311,0.0095,0.009227,0.009441,206370468.0
2024-05-05 18:00:00+00:00,0.009441,0.009442,0.009327,0.009366,131293345.0
2024-05-06 00:00:00+00:00,0.009367,0.009437,0.009223,0.009364,171608793.0
2024-05-06 06:00:00+00:00,0.009367,0.009629,0.009305,0.00944,420938027.0
2024-05-06 12:00:00+00:00,0.009439,0.009457,0.009103,0.009217,432558938.0
2024-05-06 18:00:00+00:00,0.009219,0.009278,0.00912,0.009126,155480454.0
2024-05-07 00:00:00+00:00,0.009125,0.009242,0.008965,0.009037,226496180.0
2024-05-07 06:00:00+00:00,0.009036,0.009234,0.00898,0.00906,227560703.0
2024-05-07 12:00:00+00:00,0.009059,0.009256,0.009052,0.009196,204091275.0
2024-05-07 18:00:00+00:00,0.009196,0.009201,0.008925,0.008972,217704134.0
2024-05-08 00:00:00+00:00,0.008971,0.009036,0.008853,0.008935,200550687.0
2024-05-08 06:00:00+00:00,0.008933,0.008995,0.008834,0.008907,264337781.0
2024-05-08 12:00:00+00:00,0.008908,0.009185,0.00882,0.009123,336181551.0
2024-05-08 18:00:00+00:00,0.009122,0.009183,0.008901,0.008971,246883182.0
2024-05-09 00:00:00+00:00,0.008971,0.009084,0.008942,0.009041,142601836.0
2024-05-09 06:00:00+00:00,0.009042,0.009076,0.008761,0.008885,173627813.0
2024-05-09 12:00:00+00:00,0.008885,0.009102,0.008811,0.009045,195956838.0
2024-05-09 18:00:00+00:00,0.009045,0.00921,0.009033,0.009168,135314078.0
2024-05-10 00:00:00+00:00,0.009168,0.009243,0.009114,0.009181,113784008.0
2024-05-10 06:00:00+00:00,0.009181,0.009249,0.009167,0.009246,121631977.0
2024-05-10 12:00:00+00:00,0.009243,0.009266,0.00873,0.008814,389479278.0
2024-05-10 18:00:00+00:00,0.008814,0.008854,0.008672,0.008799,263524819.0
2024-05-11 00:00:00+00:00,0.008799,0.008912,0.008747,0.008773,138475460.0
2024-05-11 06:00:00+00:00,0.008772,0.008809,0.008648,0.008713,135762898.0
2024-05-11 12:00:00+00:00,0.008712,0.008849,0.008703,0.008807,180849237.0
2024-05-11 18:00:00+00:00,0.008807,0.008811,0.008595,0.008608,189205184.0
2024-05-12 00:00:00+00:00,0.008608,0.008656,0.008568,0.008616,133274580.0
2024-05-12 06:00:00+00:00,0.008616,0.008629,0.008511,0.008569,153313657.0
2024-05-12 12:00:00+00:00,0.00857,0.008656,0.008533,0.008555,148697826.0
2024-05-12 18:00:00+00:00,0.008556,0.008569,0.008412,0.008471,127601205.0
2024-05-13 00:00:00+00:00,0.00847,0.008557,0.00817,0.008235,333853958.0
2024-05-13 06:00:00+00:00,0.008234,0.008715,0.008232,0.008633,366612375.0
2024-05-13 12:00:00+00:00,0.008635,0.008737,0.008552,0.008581,244871635.0
2024-05-13 18:00:00+00:00,0.00858,0.008611,0.008512,0.008564,129926575.0
2024-05-14 00:00:00+00:00,0.008563,0.008663,0.00843,0.008609,293055834.0
2024-05-14 06:00:00+00:00,0.008609,0.008618,0.008408,0.008553,236828689.0
2024-05-14 12:00:00+00:00,0.008553,0.008621,0.008393,0.008432,301139934.0
2024-05-14 18:00:00+00:00,0.008433,0.008528,0.008367,0.008387,96253747.0
2024-05-15 00:00:00+00:00,0.008388,0.008528,0.008368,0.008502,147432280.0
2024-05-15 06:00:00+00:00,0.008503,0.008588,0.008412,0.008482,144064314.0
2024-05-15 12:00:00+00:00,0.008482,0.008822,0.008452,0.008813,319064169.0
2024-05-15 18:00:00+00:00,0.008813,0.008941,0.00878,0.00889,195161033.0
2024-05-16 00:00:00+00:00,0.00889,0.009068,0.008833,0.008994,196360961.0
2024-05-16 06:00:00+00:00,0.008993,0.009046,0.008948,0.008997,146125255.0
2024-05-16 12:00:00+00:00,0.008996,0.008999,0.008731,0.008887,301753178.0
2024-05-16 18:00:00+00:00,0.008888,0.008969,0.008862,0.008946,137284421.0
2024-05-17 00:00:00+00:00,0.008943,0.009008,0.008822,0.008983,149629227.0
2024-05-17 06:00:00+00:00,0.008982,0.009159,0.008912,0.00906,212187477.0
2024-05-17 12:00:00+00:00,0.009059,0.009225,0.009021,0.009131,198156564.0
2024-05-17 18:00:00+00:00,0.009131,0.009179,0.009049,0.009133,105626038.0
2024-05-18 00:00:00+00:00,0.009135,0.009195,0.009084,0.009155,101574785.0
2024-05-18 06:00:00+00:00,0.009155,0.009211,0.009127,0.009147,97488516.0
2024-05-18 12:00:00+00:00,0.009147,0.009192,0.009041,0.009163,175089904.0
2024-05-18 18:00:00+00:00,0.009163,0.009222,0.009115,0.009203,109501043.0
2024-05-19 00:00:00+00:00,0.009203,0.009239,0.009131,0.009139,100578106.0
2024-05-19 06:00:00+00:00,0.009138,0.00916,0.008979,0.00905,149608161.0
2024-05-19 12:00:00+00:00,0.009048,0.00906,0.008817,0.008856,184392439.0
2024-05-19 18:00:00+00:00,0.008856,0.0089,0.008755,0.008808,171132468.0
2024-05-20 00:00:00+00:00,0.008809,0.009056,0.008683,0.009027,197004116.0
2024-05-20 06:00:00+00:00,0.009028,0.009038,0.008821,0.008922,138613081.0
2024-05-20 12:00:00+00:00,0.008923,0.009095,0.008839,0.009093,164348639.0
2024-05-20 18:00:00+00:00,0.009091,0.009681,0.009036,0.009657,525239524.0
2024-05-21 00:00:00+00:00,0.009658,0.009787,0.009465,0.009577,283079177.0
2024-05-21 06:00:00+00:00,0.009579,0.00964,0.009545,0.009569,118034752.0
2024-05-21 12:00:00+00:00,0.00957,0.009697,0.009482,0.009675,241537101.0
2024-05-21 18:00:00+00:00,0.009675,0.0097,0.009459,0.009654,164833439.0
2024-05-22 00:00:00+00:00,0.009654,0.009689,0.009404,0.009597,153397966.0
2024-05-22 06:00:00+00:00,0.009597,0.009639,0.009487,0.009488,197621761.0
2024-05-22 12:00:00+00:00,0.009487,0.009636,0.00933,0.009504,256361906.0
2024-05-22 18:00:00+00:00,0.009501,0.009535,0.00936,0.009448,176306755.0
2024-05-23 00:00:00+00:00,0.009452,0.009591,0.009406,0.009532,124310820.0
2024-05-23 06:00:00+00:00,0.009532,0.009598,0.009355,0.009541,134098665.0
2024-05-23 12:00:00+00:00,0.009539,0.009589,0.009094,0.009162,380520988.0
2024-05-23 18:00:00+00:00,0.009163,0.009312,0.008796,0.00929,468217887.0
2024-05-24 00:00:00+00:00,0.00929,0.009402,0.009161,0.009183,184477647.0
2024-05-24 06:00:00+00:00,0.009182,0.009269,0.009001,0.009264,144840736.0
2024-05-24 12:00:00+00:00,0.009263,0.009376,0.009199,0.009293,132528007.0
2024-05-24 18:00:00+00:00,0.009292,0.009373,0.009279,0.009364,89582078.0
2024-05-25 00:00:00+00:00,0.009364,0.009525,0.009302,0.009495,148549271.0
2024-05-25 06:00:00+00:00,0.009494,0.009503,0.009396,0.009406,118722152.0
2024-05-25 12:00:00+00:00,0.009407,0.009413,0.009314,0.00935,106332542.0
2024-05-25 18:00:00+00:00,0.009351,0.009409,0.009349,0.009402,76174716.0
2024-05-26 00:00:00+00:00,0.009403,0.00941,0.009259,0.009336,110382131.0
2024-05-26 06:00:00+00:00,0.009336,0.009383,0.009229,0.009272,96279607.0
2024-05-26 12:00:00+00:00,0.00927,0.009288,0.009145,0.009161,120716774.0
2024-05-26 18:00:00+00:00,0.00916,0.009172,0.009009,0.009085,119161700.0
2024-05-27 00:00:00+00:00,0.009084,0.009152,0.009006,0.009061,162339509.0
2024-05-27 06:00:00+00:00,0.00906,0.009127,0.009011,0.009117,191546421.0
2024-05-27 12:00:00+00:00,0.009117,0.009383,0.009061,0.00929,212609014.0
2024-05-27 18:00:00+00:00,0.009291,0.009314,0.009039,0.009088,255177960.0
2024-05-28 00:00:00+00:00,0.009088,0.009094,0.008769,0.008859,390851838.0
2024-05-28 06:00:00+00:00,0.008862,0.009018,0.008808,0.008981,146579308.0
2024-05-28 12:00:00+00:00,0.008981,0.008993,0.008827,0.008913,354230370.0
2024-05-28 18:00:00+00:00,0.00891,0.009029,0.008812,0.008938,144492114.0
2024-05-29 00:00:00+00:00,0.008937,0.009089,0.008887,0.009066,143478421.0
2024-05-29 06:00:00+00:00,0.009065,0.009113,0.008902,0.009032,208105605.0
2024-05-29 12:00:00+00:00,0.009033,0.009081,0.008856,0.008971,213550765.0
2024-05-29 18:00:00+00:00,0.008973,0.008979,0.008771,0.008799,119880527.0
2024-05-30 00:00:00+00:00,0.008798,0.008888,0.008768,0.008805,125222170.0
2024-05-30 06:00:00+00:00,0.008805,0.008825,0.008546,0.008742,264760209.0
2024-05-30 12:00:00+00:00,0.00874,0.008918,0.008738,0.008895,203491177.0
2024-05-30 18:00:00+00:00,0.008894,0.00892,0.008731,0.008738,147619103.0
2024-05-31 00:00:00+00:00,0.008739,0.008767,0.008599,0.008664,162319921.0
2024-05-31 06:00:00+00:00,0.008663,0.008726,0.008637,0.008685,112387120.0
2024-05-31 12:00:00+00:00,0.008685,0.008772,0.008506,0.008629,208884499.0
2024-05-31 18:00:00+00:00,0.008628,0.008721,0.008604,0.00868,104944998.0
2024-06-01 00:00:00+00:00,0.00868,0.008687,0.008632,0.00866,71272183.0
2024-06-01 06:00:00+00:00,0.00866,0.008663,0.008615,0.008622,44271199.0
2024-06-01 12:00:00+00:00,0.008621,0.008689,0.008602,0.00867,78065654.0
2024-06-01 18:00:00+00:00,0.008669,0.008694,0.008627,0.008678,93409679.0
2024-06-02 00:00:00+00:00,0.008678,0.008763,0.008659,0.008707,110175362.0
2024-06-02 06:00:00+00:00,0.008706,0.008755,0.008578,0.008679,120027952.0
2024-06-02 12:00:00+00:00,0.00868,0.008718,0.008613,0.008616,97776223.0
2024-06-02 18:00:00+00:00,0.008616,0.008636,0.008537,0.008572,117544115.0
2024-06-03 00:00:00+00:00,0.008572,0.00871,0.008502,0.008669,178788008.0
2024-06-03 06:00:00+00:00,0.00867,0.008746,0.008589,0.008616,161790032.0
2024-06-03 12:00:00+00:00,0.008616,0.008712,0.008514,0.008605,154516423.0
2024-06-03 18:00:00+00:00,0.008604,0.008637,0.008486,0.008513,112909655.0
2024-06-04 00:00:00+00:00,0.008511,0.008571,0.008445,0.008519,144639734.0
2024-06-04 06:00:00+00:00,0.008521,0.008546,0.008452,0.008537,156910624.0
2024-06-04 12:00:00+00:00,0.008537,0.008704,0.008514,0.008654,248682272.0
2024-06-04 18:00:00+00:00,0.008653,0.008715,0.008613,0.008697,133905795.0
2024-06-05 00:00:00+00:00,0.008698,0.00874,0.008646,0.008695,181502244.0
2024-06-05 06:00:00+00:00,0.008692,0.008741,0.00864,0.008709,123356170.0
2024-06-05 12:00:00+00:00,0.008709,0.008758,0.008602,0.008748,233555895.0
2024-06-05 18:00:00+00:00,0.008747,0.008771,0.008689,0.00876,110743401.0
2024-06-06 00:00:00+00:00,0.008761,0.008779,0.008624,0.008635,114829220.0
2024-06-06 06:00:00+00:00,0.008634,0.008704,0.008592,0.00866,137043366.0
2024-06-06 12:00:00+00:00,0.00866,0.008699,0.008613,0.008649,148023674.0
2024-06-06 18:00:00+00:00,0.008649,0.008661,0.008469,0.008611,169306466.0
2024-06-07 00:00:00+00:00,0.008611,0.008679,0.008551,0.008661,165419688.0
2024-06-07 06:00:00+00:00,0.00866,0.008767,0.008634,0.008737,145762785.0
2024-06-07 12:00:00+00:00,0.008739,0.008778,0.008476,0.008483,327576819.0
2024-06-07 18:00:00+00:00,0.008481,0.008494,0.007304,0.008051,1104994738.0
2024-06-08 00:00:00+00:00,0.008051,0.008107,0.007981,0.008007,170492212.0
2024-06-08 06:00:00+00:00,0.008006,0.008036,0.007778,0.007792,177397471.0
2024-06-08 12:00:00+00:00,0.007793,0.007825,0.007602,0.007655,275649893.0
2024-06-08 18:00:00+00:00,0.007656,0.007717,0.007507,0.007589,170365820.0
2024-06-09 00:00:00+00:00,0.007592,0.007679,0.007552,0.007671,143634896.0
2024-06-09 06:00:00+00:00,0.007671,0.007742,0.007652,0.007705,140691781.0
2024-06-09 12:00:00+00:00,0.007705,0.007791,0.007695,0.007768,123119056.0
2024-06-09 18:00:00+00:00,0.00777,0.007841,0.007754,0.007798,123592502.0
2024-06-10 00:00:00+00:00,0.007798,0.00781,0.007683,0.007702,136608414.0
2024-06-10 06:00:00+00:00,0.007704,0.007792,0.007555,0.007735,209841631.0
2024-06-10 12:00:00+00:00,0.007736,0.007862,0.007635,0.007834,158877624.0
2024-06-10 18:00:00+00:00,0.007835,0.007848,0.007648,0.007679,128140672.0
2024-06-11 00:00:00+00:00,0.00768,0.007735,0.007448,0.007605,363448420.0
2024-06-11 06:00:00+00:00,0.007604,0.007641,0.007487,0.007514,187707975.0
2024-06-11 12:00:00+00:00,0.007515,0.007562,0.0072,0.007408,558039835.0
2024-06-11 18:00:00+00:00,0.007407,0.007489,0.007379,0.007447,206941442.0
2024-06-12 00:00:00+00:00,0.007446,0.007562,0.00729,0.0075,186342579.0
2024-06-12 06:00:00+00:00,0.0075,0.00765,0.007495,0.007567,141682434.0
2024-06-12 12:00:00+00:00,0.007569,0.007917,0.007561,0.007909,319070395.0
2024-06-12 18:00:00+00:00,0.00791,0.00791,0.007628,0.007781,369530071.0
2024-06-13 00:00:00+00:00,0.007781,0.007856,0.007593,0.007785,318712935.0
2024-06-13 06:00:00+00:00,0.007786,0.007927,0.007749,0.007861,535882651.0
2024-06-13 12:00:00+00:00,0.007859,0.007952,0.007612,0.007772,620745785.0
2024-06-13 18:00:00+00:00,0.007766,0.007837,0.00763,0.007658,234602140.0
2024-06-14 00:00:00+00:00,0.00766,0.007721,0.007575,0.007704,281041658.0
2024-06-14 06:00:00+00:00,0.007701,0.007718,0.007615,0.007638,207192394.0
2024-06-14 12:00:00+00:00,0.007638,0.007683,0.007022,0.007292,577964761.0
2024-06-14 18:00:00+00:00,0.007291,0.007417,0.007216,0.007351,265103838.0
2024-06-15 00:00:00+00:00,0.00735,0.007415,0.007302,0.007413,107159034.0
2024-06-15 06:00:00+00:00,0.007412,0.007456,0.007372,0.007417,112275591.0
2024-06-15 12:00:00+00:00,0.007415,0.007521,0.007403,0.007505,121272184.0
2024-06-15 18:00:00+00:00,0.007504,0.007517,0.007417,0.007499,113784588.0
2024-06-16 00:00:00+00:00,0.0075,0.007526,0.007423,0.007502,121899401.0
2024-06-16 06:00:00+00:00,0.007501,0.00763,0.007474,0.007584,137346511.0
2024-06-16 12:00:00+00:00,0.007581,0.007688,0.007574,0.007636,173988829.0
2024-06-16 18:00:00+00:00,0.007637,0.007698,0.007612,0.007646,149488395.0
2024-06-17 00:00:00+00:00,0.007646,0.007672,0.007231,0.007247,333303079.0
2024-06-17 06:00:00+00:00,0.007249,0.007251,0.00688,0.006984,519762112.0
2024-06-17 12:00:00+00:00,0.006983,0.007032,0.0067,0.007009,496559308.0
2024-06-17 18:00:00+00:00,0.007009,0.00707,0.006739,0.006755,295784706.0
2024-06-18 00:00:00+00:00,0.006756,0.006802,0.005774,0.006337,1262087891.0
2024-06-18 06:00:00+00:00,0.006335,0.006381,0.006258,0.006322,299053628.0
2024-06-18 12:00:00+00:00,0.006323,0.00634,0.006032,0.00607,644298290.0
2024-06-18 18:00:00+00:00,0.006068,0.006326,0.006023,0.006319,355375965.0
2024-06-19 00:00:00+00:00,0.00632,0.00654,0.006257,0.006501,345931819.0
2024-06-19 06:00:00+00:00,0.006499,0.006557,0.006387,0.006457,265890923.0
2024-06-19 12:00:00+00:00,0.006457,0.006573,0.006365,0.006518,264515359.0
2024-06-19 18:00:00+00:00,0.006516,0.006553,0.006464,0.006526,127097687.0
2024-06-20 00:00:00+00:00,0.006525,0.00674,0.006485,0.006729,232316527.0
2024-06-20 06:00:00+00:00,0.006727,0.007073,0.006727,0.006892,615587297.0
2024-06-20 12:00:00+00:00,0.006892,0.006901,0.006538,0.006676,389421667.0
2024-06-20 18:00:00+00:00,0.006675,0.006714,0.006562,0.006575,158323074.0
2024-06-21 00:00:00+00:00,0.006576,0.006765,0.006542,0.006744,261861732.0
2024-06-21 06:00:00+00:00,0.006743,0.006749,0.006561,0.006683,273815918.0
2024-06-21 12:00:00+00:00,0.006682,0.006759,0.006513,0.006531,355889351.0
2024-06-21 18:00:00+00:00,0.006532,0.006673,0.006493,0.006595,160883884.0
2024-06-22 00:00:00+00:00,0.006594,0.006629,0.006503,0.006629,151085688.0
2024-06-22 06:00:00+00:00,0.006628,0.006676,0.006551,0.006674,148081487.0
2024-06-22 12:00:00+00:00,0.006673,0.006698,0.006653,0.006679,161747110.0
2024-06-22 18:00:00+00:00,0.00668,0.006822,0.006675,0.006821,180068184.0
2024-06-23 00:00:00+00:00,0.006821,0.006842,0.006761,0.006768,247798419.0
2024-06-23 06:00:00+00:00,0.006769,0.006796,0.006716,0.006732,85297353.0
2024-06-23 12:00:00+00:00,0.006732,0.006751,0.00653,0.006595,167045463.0
2024-06-23 18:00:00+00:00,0.006594,0.006619,0.006474,0.006515,202342620.0
2024-06-24 00:00:00+00:00,0.006515,0.006615,0.006303,0.006343,291592491.0
2024-06-24 06:00:00+00:00,0.006342,0.006398,0.006073,0.006282,535090742.0
2024-06-24 12:00:00+00:00,0.006277,0.006512,0.006274,0.006423,287342234.0
2024-06-24 18:00:00+00:00,0.006422,0.006558,0.006256,0.006551,291284434.0
2024-06-25 00:00:00+00:00,0.006551,0.006584,0.006478,0.006556,241440458.0
2024-06-25 06:00:00+00:00,0.006556,0.006723,0.006543,0.006708,232999527.0
2024-06-25 12:00:00+00:00,0.006707,0.006772,0.006648,0.006729,159202611.0
2024-06-25 18:00:00+00:00,0.006728,0.006784,0.006609,0.006622,227661994.0
2024-06-26 00:00:00+00:00,0.006623,0.00673,0.00662,0.006639,259028182.0
2024-06-26 06:00:00+00:00,0.006639,0.006676,0.006558,0.006573,137307676.0
2024-06-26 12:00:00+00:00,0.006572,0.00659,0.00636,0.006438,225631246.0
2024-06-26 18:00:00+00:00,0.006439,0.006526,0.006382,0.006393,204496662.0
2024-06-27 00:00:00+00:00,0.006395,0.006396,0.006289,0.006302,138737412.0
2024-06-27 06:00:00+00:00,0.006303,0.006519,0.006294,0.00649,182104442.0
2024-06-27 12:00:00+00:00,0.006489,0.00664,0.006484,0.006617,269005491.0
2024-06-27 18:00:00+00:00,0.006617,0.006676,0.006605,0.006653,125479897.0
2024-06-28 00:00:00+00:00,0.006653,0.006706,0.006567,0.006633,170947643.0
2024-06-28 06:00:00+00:00,0.006631,0.006701,0.006594,0.006677,142533074.0
2024-06-28 12:00:00+00:00,0.006677,0.006743,0.00659,0.006617,283961570.0
2024-06-28 18:00:00+00:00,0.006615,0.006676,0.006538,0.006542,162036244.0
2024-06-29 00:00:00+00:00,0.006542,0.006631,0.006534,0.006571,128861405.0
2024-06-29 06:00:00+00:00,0.006568,0.006613,0.006535,0.006559,78831978.0
2024-06-29 12:00:00+00:00,0.006561,0.006587,0.00652,0.006534,116200808.0
2024-06-29 18:00:00+00:00,0.006533,0.006552,0.006406,0.006438,141987639.0
2024-06-30 00:00:00+00:00,0.006441,0.006483,0.006381,0.006409,113432903.0
2024-06-30 06:00:00+00:00,0.006409,0.006586,0.006403,0.006531,138627372.0
2024-06-30 12:00:00+00:00,0.006531,0.006596,0.0065,0.006569,123196316.0
2024-06-30 18:00:00+00:00,0.006569,0.006691,0.006535,0.006664,137760670.0
2024-07-01 00:00:00+00:00,0.006665,0.006734,0.006624,0.006634,168505217.0
2024-07-01 06:00:00+00:00,0.006635,0.006646,0.006553,0.006575,173494926.0
2024-07-01 12:00:00+00:00,0.006575,0.00663,0.006487,0.006625,176147743.0
2024-07-01 18:00:00+00:00,0.006624,0.00666,0.006502,0.006519,145981848.0
2024-07-02 00:00:00+00:00,0.006517,0.006537,0.006434,0.006455,189000571.0
2024-07-02 06:00:00+00:00,0.006454,0.006673,0.005933,0.006089,6180738346.0
2024-07-02 12:00:00+00:00,0.00609,0.006157,0.005983,0.006028,1025116936.0
2024-07-02 18:00:00+00:00,0.006027,0.006075,0.005994,0.006037,722169816.0
2024-07-03 00:00:00+00:00,0.006038,0.00604,0.005865,0.006012,858759053.0
2024-07-03 06:00:00+00:00,0.006013,0.00627,0.006006,0.006155,1683518187.0
2024-07-03 12:00:00+00:00,0.006155,0.006288,0.006077,0.006093,1419129345.0
2024-07-03 18:00:00+00:00,0.006094,0.006119,0.005973,0.006021,647191901.0
2024-07-04 00:00:00+00:00,0.006021,0.006046,0.00572,0.005925,864893004.0
2024-07-04 06:00:00+00:00,0.005926,0.005943,0.005747,0.005787,569841617.0
2024-07-04 12:00:00+00:00,0.005785,0.005833,0.005575,0.005827,568675078.0
2024-07-04 18:00:00+00:00,0.005826,0.005914,0.005666,0.005693,458385568.0
2024-07-05 00:00:00+00:00,0.005694,0.005694,0.00439,0.005021,2949549404.0
2024-07-05 06:00:00+00:00,0.005021,0.005164,0.004798,0.005129,939629300.0
2024-07-05 12:00:00+00:00,0.00513,0.005398,0.005081,0.005317,785940031.0
2024-07-05 18:00:00+00:00,0.005318,0.005333,0.00525,0.005309,425504722.0
2024-07-06 00:00:00+00:00,0.005309,0.005465,0.005243,0.005277,430648119.0
2024-07-06 06:00:00+00:00,0.005276,0.005402,0.005252,0.005339,269831836.0
2024-07-06 12:00:00+00:00,0.005339,0.005677,0.005333,0.005628,429733555.0
2024-07-06 18:00:00+00:00,0.005627,0.005741,0.005602,0.005702,234273328.0
2024-07-07 00:00:00+00:00,0.005702,0.005734,0.005576,0.005636,298919994.0
2024-07-07 06:00:00+00:00,0.005635,0.005695,0.005515,0.005676,264893606.0
2024-07-07 12:00:00+00:00,0.005675,0.005742,0.005491,0.005576,418876509.0
2024-07-07 18:00:00+00:00,0.005578,0.005608,0.005337,0.005375,357816353.0
2024-07-08 00:00:00+00:00,0.005376,0.005515,0.005155,0.005486,592809497.0
2024-07-08 06:00:00+00:00,0.005487,0.005815,0.005436,0.005765,631596103.0
2024-07-08 12:00:00+00:00,0.005763,0.005775,0.005422,0.0056,705250567.0
2024-07-08 18:00:00+00:00,0.005599,0.005644,0.005553,0.005622,219841957.0
2024-07-09 00:00:00+00:00,0.005621,0.005721,0.005547,0.005666,390806675.0
2024-07-09 06:00:00+00:00,0.005664,0.005731,0.005609,0.005657,245565550.0
2024-07-09 12:00:00+00:00,0.005656,0.005751,0.005604,0.005615,306216509.0
2024-07-09 18:00:00+00:00,0.005616,0.005685,0.005597,0.005655,167749464.0
2024-07-10 00:00:00+00:00,0.005653,0.005778,0.005602,0.005731,235496273.0
2024-07-10 06:00:00+00:00,0.005729,0.005753,0.005672,0.005685,159343802.0
2024-07-10 12:00:00+00:00,0.005684,0.005797,0.005641,0.005758,271059354.0
2024-07-10 18:00:00+00:00,0.005758,0.00576,0.005644,0.005689,159283612.0
2024-07-11 00:00:00+00:00,0.005688,0.005824,0.005643,0.005761,221155396.0
2024-07-11 06:00:00+00:00,0.005761,0.005796,0.00572,0.005783,152392291.0
2024-07-11 12:00:00+00:00,0.005782,0.005863,0.005674,0.005764,313087560.0
2024-07-11 18:00:00+00:00,0.005764,0.005802,0.005646,0.005666,184142259.0
2024-07-12 00:00:00+00:00,0.005667,0.005755,0.005607,0.005705,144721999.0
2024-07-12 06:00:00+00:00,0.005705,0.005766,0.005616,0.005654,157564272.0
2024-07-12 12:00:00+00:00,0.005655,0.00581,0.005646,0.005783,235057761.0
2024-07-12 18:00:00+00:00,0.005784,0.005817,0.005717,0.005785,126483949.0
2024-07-13 00:00:00+00:00,0.005784,0.005803,0.005747,0.005799,87931859.0
2024-07-13 06:00:00+00:00,0.005798,0.005832,0.005773,0.005806,107760603.0
2024-07-13 12:00:00+00:00,0.005806,0.005884,0.005795,0.005864,130054116.0
2024-07-13 18:00:00+00:00,0.005864,0.005914,0.005796,0.005857,158138973.0
2024-07-14 00:00:00+00:00,0.005856,0.005948,0.005847,0.005917,135414864.0
2024-07-14 06:00:00+00:00,0.005915,0.005919,0.005845,0.005874,129190126.0
2024-07-14 12:00:00+00:00,0.005874,0.005897,0.005797,0.005889,147884786.0
2024-07-14 18:00:00+00:00,0.005888,0.006018,0.00586,0.005982,141945519.0
2024-07-15 00:00:00+00:00,0.00598,0.00612,0.005977,0.006012,383854567.0
2024-07-15 06:00:00+00:00,0.006012,0.006116,0.006012,0.006066,167276742.0
2024-07-15 12:00:00+00:00,0.006066,0.006136,0.006045,0.006069,207484247.0
2024-07-15 18:00:00+00:00,0.006071,0.006226,0.006056,0.006209,233578652.0
2024-07-16 00:00:00+00:00,0.006212,0.006303,0.00612,0.006151,294117090.0
2024-07-16 06:00:00+00:00,0.006151,0.006185,0.005965,0.006092,313078832.0
2024-07-16 12:00:00+00:00,0.006091,0.006337,0.006042,0.00631,279943324.0
2024-07-16 18:00:00+00:00,0.006311,0.006319,0.006213,0.006272,168245393.0
2024-07-17 00:00:00+00:00,0.006272,0.006365,0.006248,0.006327,170554761.0
2024-07-17 06:00:00+00:00,0.006325,0.006418,0.006278,0.006345,206336244.0
2024-07-17 12:00:00+00:00,0.006347,0.006426,0.00619,0.006263,240219890.0
2024-07-17 18:00:00+00:00,0.006264,0.006347,0.006217,0.006223,160623326.0
2024-07-18 00:00:00+00:00,0.006224,0.006386,0.006224,0.006269,179429828.0
2024-07-18 06:00:00+00:00,0.006269,0.00632,0.006211,0.006292,155843664.0
2024-07-18 12:00:00+00:00,0.00629,0.006301,0.006013,0.00609,252582615.0
2024-07-18 18:00:00+00:00,0.006091,0.006207,0.006011,0.006163,142788062.0
2024-07-19 00:00:00+00:00,0.006163,0.006268,0.006046,0.006244,161798182.0
2024-07-19 06:00:00+00:00,0.006242,0.006311,0.006167,0.006205,303756570.0
2024-07-19 12:00:00+00:00,0.006206,0.006344,0.006183,0.006305,191652785.0
2024-07-19 18:00:00+00:00,0.006305,0.006372,0.006302,0.006364,217505782.0
2024-07-20 00:00:00+00:00,0.006365,0.006397,0.006325,0.006353,143630068.0
2024-07-20 06:00:00+00:00,0.006353,0.006385,0.006311,0.00633,102442732.0
2024-07-20 12:00:00+00:00,0.00633,0.006404,0.006281,0.006402,116114450.0
2024-07-20 18:00:00+00:00,0.006402,0.006407,0.006292,0.006326,108517885.0
2024-07-21 00:00:00+00:00,0.006326,0.006397,0.006289,0.006334,115569253.0
2024-07-21 06:00:00+00:00,0.006334,0.006493,0.006262,0.006287,284821425.0
2024-07-21 12:00:00+00:00,0.006288,0.006316,0.006162,0.006202,183832159.0
2024-07-21 18:00:00+00:00,0.006203,0.00638,0.006043,0.006336,261190644.0
2024-07-22 00:00:00+00:00,0.006338,0.006439,0.006195,0.006222,247262415.0
2024-07-22 06:00:00+00:00,0.006221,0.00624,0.006137,0.006232,208141860.0
2024-07-22 12:00:00+00:00,0.006232,0.00628,0.006139,0.006189,177239133.0
2024-07-22 18:00:00+00:00,0.006188,0.006228,0.006033,0.006078,159654983.0
2024-07-23 00:00:00+00:00,0.006076,0.006165,0.005953,0.005972,229396479.0
2024-07-23 06:00:00+00:00,0.005972,0.006156,0.005959,0.006114,213786175.0
2024-07-23 12:00:00+00:00,0.006112,0.006187,0.005881,0.005967,273307090.0
2024-07-23 18:00:00+00:00,0.005965,0.006021,0.005943,0.006009,133278180.0
2024-07-24 00:00:00+00:00,0.006009,0.006037,0.005933,0.005995,121072916.0
2024-07-24 06:00:00+00:00,0.005997,0.006126,0.005983,0.006098,83542159.0
2024-07-24 12:00:00+00:00,0.006098,0.006173,0.006054,0.006103,182443630.0
2024-07-24 18:00:00+00:00,0.006101,0.006113,0.005893,0.005939,200904821.0
2024-07-25 00:00:00+00:00,0.00594,0.005978,0.005661,0.005751,327939851.0
2024-07-25 06:00:00+00:00,0.00575,0.005798,0.005697,0.005745,122875506.0
2024-07-25 12:00:00+00:00,0.005746,0.005779,0.005624,0.005766,191909388.0
2024-07-25 18:00:00+00:00,0.005766,0.005816,0.005543,0.005796,281991092.0
2024-07-26 00:00:00+00:00,0.005795,0.005908,0.005771,0.005903,126401826.0
2024-07-26 06:00:00+00:00,0.005903,0.005943,0.005864,0.005893,98738193.0
2024-07-26 12:00:00+00:00,0.005893,0.00599,0.005876,0.00598,148599990.0
2024-07-26 18:00:00+00:00,0.005978,0.006155,0.005974,0.006153,163400080.0
2024-07-27 00:00:00+00:00,0.006152,0.006206,0.006116,0.006199,140553168.0
2024-07-27 06:00:00+00:00,0.006198,0.006295,0.006192,0.006259,196445637.0
2024-07-27 12:00:00+00:00,0.00626,0.006352,0.006208,0.006263,272055045.0
2024-07-27 18:00:00+00:00,0.006263,0.006382,0.00617,0.006291,290103456.0
2024-07-28 00:00:00+00:00,0.006289,0.006328,0.006158,0.006228,157633825.0
2024-07-28 06:00:00+00:00,0.006225,0.006274,0.006191,0.006234,129628106.0
2024-07-28 12:00:00+00:00,0.006234,0.006311,0.00618,0.0063,195918090.0
2024-07-28 18:00:00+00:00,0.006301,0.006366,0.006192,0.006322,275703192.0
2024-07-29 00:00:00+00:00,0.006323,0.006406,0.006265,0.006341,422680540.0
2024-07-29 06:00:00+00:00,0.006341,0.006399,0.006327,0.006392,153637580.0
2024-07-29 12:00:00+00:00,0.006392,0.006413,0.006174,0.006287,286355985.0
2024-07-29 18:00:00+00:00,0.006286,0.006354,0.00624,0.006285,191165055.0
2024-07-30 00:00:00+00:00,0.006286,0.006375,0.006218,0.006265,195549751.0
2024-07-30 06:00:00+00:00,0.006265,0.006379,0.006238,0.006261,214542601.0
2024-07-30 12:00:00+00:00,0.006261,0.006303,0.006139,0.006166,169339061.0
2024-07-30 18:00:00+00:00,0.006165,0.00618,0.005981,0.006073,172236345.0
2024-07-31 00:00:00+00:00,0.006073,0.006121,0.005996,0.006095,143142959.0
2024-07-31 06:00:00+00:00,0.006094,0.006164,0.006044,0.00607,135136125.0
2024-07-31 12:00:00+00:00,0.00607,0.006139,0.006042,0.006083,137145209.0
2024-07-31 18:00:00+00:00,0.006083,0.006137,0.005909,0.005922,229568436.0
2024-08-01 00:00:00+00:00,0.005923,0.005988,0.005721,0.005842,192127606.0
2024-08-01 06:00:00+00:00,0.005842,0.005867,0.005765,0.005858,126772458.0
2024-08-01 12:00:00+00:00,0.005858,0.005904,0.005514,0.00561,375619046.0
2024-08-01 18:00:00+00:00,0.005608,0.005878,0.005436,0.005845,386297910.0
2024-08-02 00:00:00+00:00,0.005844,0.005869,0.005691,0.005695,176647290.0
2024-08-02 06:00:00+00:00,0.005697,0.005777,0.005608,0.005738,161237146.0
2024-08-02 12:00:00+00:00,0.005738,0.005859,0.005443,0.005582,430406178.0
2024-08-02 18:00:00+00:00,0.005583,0.005593,0.005433,0.005523,228536326.0
2024-08-03 00:00:00+00:00,0.005524,0.005582,0.00535,0.00558,250495937.0
2024-08-03 06:00:00+00:00,0.005581,0.005604,0.005523,0.005542,142367909.0
2024-08-03 12:00:00+00:00,0.005542,0.005572,0.005203,0.005217,281620039.0
2024-08-03 18:00:00+00:00,0.005216,0.005274,0.00515,0.005247,246281352.0
2024-08-04 00:00:00+00:00,0.005246,0.005349,0.005217,0.005314,140142827.0
2024-08-04 06:00:00+00:00,0.005314,0.005336,0.005229,0.005255,163599899.0
2024-08-04 12:00:00+00:00,0.005253,0.00528,0.004752,0.004872,509300949.0
2024-08-04 18:00:00+00:00,0.004873,0.005047,0.004814,0.004861,389092454.0
2024-08-05 00:00:00+00:00,0.004861,0.004919,0.004043,0.004339,1907620608.0
2024-08-05 06:00:00+00:00,0.004339,0.004471,0.003981,0.004251,1409005615.0
2024-08-05 12:00:00+00:00,0.00425,0.004695,0.0041,0.004635,1372819723.0
2024-08-05 18:00:00+00:00,0.004636,0.004645,0.00447,0.004552,476179038.0
2024-08-06 00:00:00+00:00,0.004553,0.004847,0.004544,0.004824,379980227.0
2024-08-06 06:00:00+00:00,0.004824,0.004859,0.004682,0.004706,289036457.0
2024-08-06 12:00:00+00:00,0.004703,0.004853,0.004611,0.004768,407262180.0
2024-08-06 18:00:00+00:00,0.004768,0.004844,0.004736,0.004763,165249208.0
2024-08-07 00:00:00+00:00,0.004763,0.004921,0.004725,0.004877,289634352.0
2024-08-07 06:00:00+00:00,0.004877,0.00495,0.004847,0.004861,200287141.0
2024-08-07 12:00:00+00:00,0.004863,0.004925,0.004673,0.004735,333103271.0
2024-08-07 18:00:00+00:00,0.004736,0.004758,0.004641,0.00473,272457958.0
2024-08-08 00:00:00+00:00,0.00473,0.004958,0.004638,0.004953,292274366.0
2024-08-08 06:00:00+00:00,0.004953,0.004972,0.004896,0.004933,156417199.0
2024-08-08 12:00:00+00:00,0.004932,0.00518,0.004924,0.005089,491782633.0
2024-08-08 18:00:00+00:00,0.005089,0.005267,0.005088,0.005255,217305708.0
2024-08-09 00:00:00+00:00,0.005252,0.005256,0.005191,0.005249,243379336.0
2024-08-09 06:00:00+00:00,0.005249,0.00533,0.005232,0.005277,282463819.0
2024-08-09 12:00:00+00:00,0.005276,0.005319,0.005142,0.005193,253008256.0
2024-08-09 18:00:00+00:00,0.005192,0.005273,0.005169,0.005269,142050323.0
2024-08-10 00:00:00+00:00,0.00527,0.005334,0.00523,0.005257,153928526.0
2024-08-10 06:00:00+00:00,0.005259,0.005317,0.005249,0.005312,103386019.0
2024-08-10 12:00:00+00:00,0.005312,0.005357,0.005267,0.005354,143134886.0
2024-08-10 18:00:00+00:00,0.005353,0.005388,0.005331,0.00536,127111446.0
2024-08-11 00:00:00+00:00,0.005358,0.005368,0.00527,0.005294,148392144.0
2024-08-11 06:00:00+00:00,0.005295,0.005387,0.005256,0.005266,145433291.0
2024-08-11 12:00:00+00:00,0.005265,0.005285,0.005165,0.005213,187588687.0
2024-08-11 18:00:00+00:00,0.005212,0.005225,0.005,0.005035,227664391.0
2024-08-12 00:00:00+00:00,0.005035,0.005127,0.005034,0.005086,187600493.0
2024-08-12 06:00:00+00:00,0.005083,0.00525,0.00493,0.005226,372380054.0
2024-08-12 12:00:00+00:00,0.005227,0.005268,0.005,0.005232,432503357.0
2024-08-12 18:00:00+00:00,0.005234,0.005247,0.005108,0.005216,196381531.0
2024-08-13 00:00:00+00:00,0.005216,0.005239,0.005111,0.005162,191055926.0
2024-08-13 06:00:00+00:00,0.005163,0.005193,0.0051,0.005141,144251662.0
2024-08-13 12:00:00+00:00,0.005143,0.005377,0.005143,0.005344,263492451.0
2024-08-13 18:00:00+00:00,0.005344,0.005353,0.005284,0.00533,113188194.0
2024-08-14 00:00:00+00:00,0.005327,0.005336,0.005269,0.005271,89816182.0
2024-08-14 06:00:00+00:00,0.005269,0.005319,0.005235,0.005271,148476425.0
2024-08-14 12:00:00+00:00,0.005271,0.005341,0.005129,0.005218,333336252.0
2024-08-14 18:00:00+00:00,0.005216,0.005238,0.005173,0.005223,102093118.0
2024-08-15 00:00:00+00:00,0.005222,0.005248,0.005173,0.005177,143384154.0
2024-08-15 06:00:00+00:00,0.005174,0.005226,0.005136,0.005202,162547975.0
2024-08-15 12:00:00+00:00,0.005203,0.005269,0.00504,0.005043,236250811.0
2024-08-15 18:00:00+00:00,0.005042,0.005042,0.004881,0.004969,349017075.0
2024-08-16 00:00:00+00:00,0.004971,0.005003,0.004918,0.004978,158977673.0
2024-08-16 06:00:00+00:00,0.004978,0.005018,0.004945,0.004959,122905704.0
2024-08-16 12:00:00+00:00,0.00496,0.004994,0.004816,0.004922,429462689.0
2024-08-16 18:00:00+00:00,0.004921,0.004957,0.004892,0.004903,209432440.0
2024-08-17 00:00:00+00:00,0.004904,0.004947,0.004882,0.004936,133341528.0
2024-08-17 06:00:00+00:00,0.004935,0.004971,0.004924,0.004971,97041908.0
2024-08-17 12:00:00+00:00,0.00497,0.005031,0.004956,0.004957,250102327.0
2024-08-17 18:00:00+00:00,0.004958,0.004988,0.004934,0.004982,117108459.0
2024-08-18 00:00:00+00:00,0.00498,0.004985,0.004887,0.004909,142610517.0
2024-08-18 06:00:00+00:00,0.004909,0.005026,0.004899,0.005024,177614548.0
2024-08-18 12:00:00+00:00,0.005024,0.005091,0.005014,0.005024,191056231.0
2024-08-18 18:00:00+00:00,0.005026,0.005116,0.004997,0.005004,160956398.0
2024-08-19 00:00:00+00:00,0.005004,0.005055,0.004934,0.004975,268012397.0
2024-08-19 06:00:00+00:00,0.004975,0.005127,0.004968,0.005101,282863073.0
2024-08-19 12:00:00+00:00,0.005103,0.00516,0.005038,0.005106,269877386.0
2024-08-19 18:00:00+00:00,0.005108,0.005187,0.005077,0.005181,120113237.0
2024-08-20 00:00:00+00:00,0.00518,0.005296,0.005162,0.005253,202777203.0
2024-08-20 06:00:00+00:00,0.005251,0.005273,0.005213,0.005224,133500881.0
2024-08-20 12:00:00+00:00,0.005224,0.005299,0.005132,0.00521,203171672.0
2024-08-20 18:00:00+00:00,0.00521,0.005286,0.005204,0.005234,102399664.0
2024-08-21 00:00:00+00:00,0.005234,0.005301,0.005197,0.005269,155955339.0
2024-08-21 06:00:00+00:00,0.00527,0.005298,0.005205,0.005226,154988287.0
2024-08-21 12:00:00+00:00,0.005224,0.005325,0.005144,0.005308,272392718.0
2024-08-21 18:00:00+00:00,0.005309,0.005444,0.005303,0.00537,155517678.0
2024-08-22 00:00:00+00:00,0.005369,0.005384,0.005294,0.005381,123649211.0
2024-08-22 06:00:00+00:00,0.00538,0.005489,0.005369,0.005473,154830550.0
2024-08-22 12:00:00+00:00,0.00547,0.0055,0.005419,0.00545,153791641.0
2024-08-22 18:00:00+00:00,0.005453,0.005529,0.00545,0.005467,145558148.0
2024-08-23 00:00:00+00:00,0.005467,0.00551,0.005442,0.005507,167411489.0
2024-08-23 06:00:00+00:00,0.005505,0.005552,0.00547,0.00548,147839918.0
2024-08-23 12:00:00+00:00,0.005481,0.00573,0.005476,0.00572,275189049.0
2024-08-23 18:00:00+00:00,0.00572,0.005753,0.005674,0.005712,184692129.0
2024-08-24 00:00:00+00:00,0.005712,0.005738,0.005619,0.005658,154086940.0
2024-08-24 06:00:00+00:00,0.005658,0.00583,0.005634,0.005759,283256210.0
2024-08-24 12:00:00+00:00,0.005761,0.005852,0.00574,0.005823,163809905.0
2024-08-24 18:00:00+00:00,0.00582,0.005962,0.005681,0.005776,645186018.0
2024-08-25 00:00:00+00:00,0.005778,0.00581,0.005601,0.005704,282767779.0
2024-08-25 06:00:00+00:00,0.005705,0.005711,0.00551,0.005632,245196264.0
2024-08-25 12:00:00+00:00,0.005632,0.005717,0.005625,0.005651,142674108.0
2024-08-25 18:00:00+00:00,0.00565,0.005709,0.005596,0.005608,135164203.0
2024-08-26 00:00:00+00:00,0.005609,0.005658,0.005534,0.005557,197190527.0
2024-08-26 06:00:00+00:00,0.005557,0.005632,0.005501,0.005504,508948503.0
2024-08-26 12:00:00+00:00,0.005506,0.005529,0.005296,0.005306,351527749.0
2024-08-26 18:00:00+00:00,0.005308,0.00537,0.005254,0.005254,268085606.0
2024-08-27 00:00:00+00:00,0.005255,0.005371,0.005255,0.005367,184657867.0
2024-08-27 06:00:00+00:00,0.005367,0.005367,0.005161,0.005218,189123148.0
2024-08-27 12:00:00+00:00,0.005216,0.005234,0.005119,0.005188,346912936.0
2024-08-27 18:00:00+00:00,0.00519,0.005219,0.004788,0.004931,583785893.0
2024-08-28 00:00:00+00:00,0.004931,0.00494,0.004844,0.004919,211532046.0
2024-08-28 06:00:00+00:00,0.004919,0.005067,0.004804,0.005022,370815734.0
2024-08-28 12:00:00+00:00,0.005021,0.005037,0.004742,0.004827,463594073.0
2024-08-28 18:00:00+00:00,0.004827,0.004983,0.004816,0.004905,287427357.0
2024-08-29 00:00:00+00:00,0.004903,0.004966,0.004897,0.004961,184170690.0
2024-08-29 06:00:00+00:00,0.004961,0.005045,0.004936,0.005001,184691602.0
2024-08-29 12:00:00+00:00,0.005001,0.005104,0.004991,0.005013,197231631.0
2024-08-29 18:00:00+00:00,0.005013,0.005016,0.004846,0.004908,232824523.0
2024-08-30 00:00:00+00:00,0.004907,0.004942,0.004843,0.004874,177908902.0
2024-08-30 06:00:00+00:00,0.004875,0.004964,0.004866,0.004939,157544950.0
2024-08-30 12:00:00+00:00,0.004939,0.004991,0.004691,0.004793,450246801.0
2024-08-30 18:00:00+00:00,0.004793,0.004943,0.004784,0.004932,248132005.0
2024-08-31 00:00:00+00:00,0.004931,0.004972,0.004915,0.004922,85170512.0
2024-08-31 06:00:00+00:00,0.004921,0.004949,0.004859,0.004923,142343251.0
2024-08-31 12:00:00+00:00,0.004924,0.004939,0.00484,0.004873,132224888.0
2024-08-31 18:00:00+00:00,0.004875,0.004917,0.004848,0.004894,108540623.0
2024-09-01 00:00:00+00:00,0.004895,0.004908,0.004786,0.004801,167622352.0
2024-09-01 06:00:00+00:00,0.004801,0.004895,0.004776,0.004822,214617743.0
2024-09-01 12:00:00+00:00,0.004822,0.004838,0.004718,0.004752,263807975.0
2024-09-01 18:00:00+00:00,0.004751,0.004873,0.004638,0.004688,302077530.0
2024-09-02 00:00:00+00:00,0.004687,0.004793,0.004675,0.004726,346352653.0
2024-09-02 06:00:00+00:00,0.004727,0.004872,0.004664,0.004834,248697661.0
2024-09-02 12:00:00+00:00,0.004835,0.00491,0.004785,0.004883,225287129.0
2024-09-02 18:00:00+00:00,0.004882,0.004959,0.004838,0.00494,165755481.0
2024-09-03 00:00:00+00:00,0.004939,0.005031,0.004926,0.004994,125242212.0
2024-09-03 06:00:00+00:00,0.004995,0.005029,0.004943,0.004984,213945889.0
2024-09-03 12:00:00+00:00,0.004983,0.005012,0.004744,0.004789,261450435.0
2024-09-03 18:00:00+00:00,0.00479,0.004813,0.004688,0.004692,226885402.0
2024-09-04 00:00:00+00:00,0.004692,0.004758,0.004482,0.004685,444468211.0
2024-09-04 06:00:00+00:00,0.004685,0.004768,0.004666,0.004681,199865187.0
2024-09-04 12:00:00+00:00,0.00468,0.00492,0.004658,0.004844,294753044.0
2024-09-04 18:00:00+00:00,0.004844,0.004886,0.004816,0.004851,120579390.0
2024-09-05 00:00:00+00:00,0.004851,0.004868,0.004726,0.004763,153544732.0
2024-09-05 06:00:00+00:00,0.004762,0.004809,0.004708,0.004739,200743398.0
2024-09-05 12:00:00+00:00,0.004738,0.004785,0.004652,0.004696,260780191.0
2024-09-05 18:00:00+00:00,0.004697,0.00471,0.004593,0.004634,143384423.0
2024-09-06 00:00:00+00:00,0.004634,0.004698,0.004616,0.004652,161835988.0
2024-09-06 06:00:00+00:00,0.004652,0.004664,0.004569,0.00465,144019862.0
2024-09-06 12:00:00+00:00,0.004651,0.004766,0.004505,0.004549,547762952.0
2024-09-06 18:00:00+00:00,0.004549,0.00455,0.004328,0.004474,394238823.0
2024-09-07 00:00:00+00:00,0.004472,0.004505,0.004438,0.004483,166979298.0
2024-09-07 06:00:00+00:00,0.004486,0.004571,0.004479,0.004562,162757334.0
2024-09-07 12:00:00+00:00,0.004562,0.004608,0.004496,0.004511,149883180.0
2024-09-07 18:00:00+00:00,0.004509,0.004568,0.004462,0.004508,146476257.0
2024-09-08 00:00:00+00:00,0.004509,0.004611,0.004479,0.004577,104967630.0
2024-09-08 06:00:00+00:00,0.004579,0.004665,0.004579,0.004602,154117741.0
2024-09-08 12:00:00+00:00,0.004603,0.004616,0.004491,0.004581,251156133.0
2024-09-08 18:00:00+00:00,0.004583,0.004654,0.004537,0.0046,163604696.0
2024-09-09 00:00:00+00:00,0.004601,0.004643,0.004582,0.0046,181235855.0
2024-09-09 06:00:00+00:00,0.004599,0.004721,0.004594,0.004693,150995052.0
2024-09-09 12:00:00+00:00,0.004693,0.0048,0.004643,0.004784,276673710.0
2024-09-09 18:00:00+00:00,0.004786,0.004835,0.004767,0.004773,249077744.0
2024-09-10 00:00:00+00:00,0.004773,0.004789,0.004695,0.004757,428428568.0
2024-09-10 06:00:00+00:00,0.004756,0.004809,0.004715,0.004806,207347532.0
2024-09-10 12:00:00+00:00,0.004806,0.004824,0.004745,0.004812,283069895.0
2024-09-10 18:00:00+00:00,0.004811,0.004855,0.004796,0.004802,142508380.0
2024-09-11 00:00:00+00:00,0.004802,0.004803,0.004671,0.004689,279669369.0
2024-09-11 06:00:00+00:00,0.00469,0.004742,0.004678,0.004711,106251821.0
2024-09-11 12:00:00+00:00,0.004713,0.004773,0.004612,0.004743,291367733.0
2024-09-11 18:00:00+00:00,0.004743,0.00476,0.004708,0.004711,98363559.0
2024-09-12 00:00:00+00:00,0.004711,0.004788,0.00471,0.004758,129472372.0
2024-09-12 06:00:00+00:00,0.004758,0.004775,0.004738,0.004757,115471692.0
2024-09-12 12:00:00+00:00,0.004757,0.004828,0.004712,0.004824,444407676.0
2024-09-12 18:00:00+00:00,0.004823,0.004861,0.004788,0.004845,199107638.0
2024-09-13 00:00:00+00:00,0.004846,0.004859,0.004823,0.004849,129184374.0
2024-09-13 06:00:00+00:00,0.004849,0.004874,0.00482,0.004823,203650956.0
2024-09-13 12:00:00+00:00,0.004823,0.004939,0.004793,0.00482,553813459.0
2024-09-13 18:00:00+00:00,0.00482,0.004887,0.004812,0.004868,229686726.0
2024-09-14 00:00:00+00:00,0.004868,0.004896,0.004801,0.004802,126944168.0
2024-09-14 06:00:00+00:00,0.004803,0.004856,0.004789,0.004814,151551729.0
2024-09-14 12:00:00+00:00,0.004814,0.00486,0.004799,0.00481,126048458.0
2024-09-14 18:00:00+00:00,0.00481,0.004817,0.004761,0.004809,133133481.0
2024-09-15 00:00:00+00:00,0.004809,0.004842,0.004795,0.004802,58369862.0
2024-09-15 06:00:00+00:00,0.004802,0.004814,0.004752,0.004785,82416696.0
2024-09-15 12:00:00+00:00,0.004784,0.004803,0.004729,0.004744,123124210.0
2024-09-15 18:00:00+00:00,0.004743,0.004766,0.004585,0.004626,178709953.0
2024-09-16 00:00:00+00:00,0.004627,0.004649,0.004538,0.004646,291741158.0
2024-09-16 06:00:00+00:00,0.004645,0.004683,0.004582,0.004624,157412724.0
2024-09-16 12:00:00+00:00,0.004623,0.004623,0.00452,0.004574,191836004.0
2024-09-16 18:00:00+00:00,0.004575,0.004575,0.004498,0.004544,133793915.0
2024-09-17 00:00:00+00:00,0.004544,0.004627,0.004501,0.004621,97968779.0
2024-09-17 06:00:00+00:00,0.004621,0.004658,0.004582,0.004624,154698016.0
2024-09-17 12:00:00+00:00,0.004622,0.004738,0.004599,0.004701,256321021.0
2024-09-17 18:00:00+00:00,0.004701,0.004721,0.004635,0.004662,135507763.0
2024-09-18 00:00:00+00:00,0.004661,0.004823,0.004623,0.004751,495983887.0
2024-09-18 06:00:00+00:00,0.004753,0.004773,0.00463,0.004702,316226779.0
2024-09-18 12:00:00+00:00,0.004702,0.004707,0.004571,0.004643,307985972.0
2024-09-18 18:00:00+00:00,0.004642,0.004889,0.004635,0.004889,329269206.0
2024-09-19 00:00:00+00:00,0.004888,0.004944,0.004843,0.004906,333531121.0
2024-09-19 06:00:00+00:00,0.004907,0.004987,0.00487,0.004981,205711723.0
2024-09-19 12:00:00+00:00,0.00498,0.005134,0.004958,0.005117,283713052.0
2024-09-19 18:00:00+00:00,0.005118,0.005158,0.005055,0.005097,292125159.0
2024-09-20 00:00:00+00:00,0.005096,0.005275,0.00504,0.005244,329218244.0
2024-09-20 06:00:00+00:00,0.005245,0.005285,0.005172,0.00519,269591802.0
2024-09-20 12:00:00+00:00,0.005189,0.005229,0.005121,0.005137,293601716.0
2024-09-20 18:00:00+00:00,0.005136,0.005292,0.005108,0.00528,146488053.0
2024-09-21 00:00:00+00:00,0.005282,0.005402,0.00526,0.005343,403530292.0
2024-09-21 06:00:00+00:00,0.00534,0.005499,0.005339,0.005491,329357590.0
2024-09-21 12:00:00+00:00,0.005492,0.005579,0.005447,0.005459,615378889.0
2024-09-21 18:00:00+00:00,0.00546,0.00557,0.005444,0.005549,137452922.0
2024-09-22 00:00:00+00:00,0.00555,0.005565,0.005329,0.005385,451258171.0
2024-09-22 06:00:00+00:00,0.005386,0.00543,0.005317,0.005359,193479088.0
2024-09-22 12:00:00+00:00,0.005359,0.005406,0.005296,0.005388,169381813.0
2024-09-22 18:00:00+00:00,0.005388,0.00541,0.005238,0.005387,200838945.0
2024-09-23 00:00:00+00:00,0.005388,0.005499,0.005281,0.005479,263890065.0
2024-09-23 06:00:00+00:00,0.00548,0.005612,0.00541,0.005606,276878997.0
2024-09-23 12:00:00+00:00,0.005605,0.005651,0.005523,0.005612,314253215.0
2024-09-23 18:00:00+00:00,0.005611,0.005671,0.005584,0.005652,159638807.0
2024-09-24 00:00:00+00:00,0.005651,0.005676,0.005511,0.005569,229486653.0
2024-09-24 06:00:00+00:00,0.005568,0.005702,0.005563,0.005669,197782341.0
2024-09-24 12:00:00+00:00,0.00567,0.005724,0.005542,0.005642,236254638.0
2024-09-24 18:00:00+00:00,0.00564,0.00572,0.005604,0.005698,150327507.0
2024-09-25 00:00:00+00:00,0.005698,0.005751,0.005646,0.005714,218642160.0
2024-09-25 06:00:00+00:00,0.005713,0.005723,0.005611,0.005678,170127537.0
2024-09-25 12:00:00+00:00,0.005679,0.005723,0.005617,0.005637,197902063.0
2024-09-25 18:00:00+00:00,0.005634,0.005686,0.005569,0.005602,133213844.0
2024-09-26 00:00:00+00:00,0.005604,0.005675,0.005504,0.005665,223504823.0
2024-09-26 06:00:00+00:00,0.005665,0.005763,0.005658,0.005726,199973962.0
2024-09-26 12:00:00+00:00,0.005727,0.005807,0.005676,0.005729,247684396.0
2024-09-26 18:00:00+00:00,0.005728,0.005777,0.00567,0.005746,175795513.0
2024-09-27 00:00:00+00:00,0.005746,0.00586,0.005692,0.005832,291701600.0
2024-09-27 06:00:00+00:00,0.005832,0.005856,0.00576,0.005803,177566433.0
2024-09-27 12:00:00+00:00,0.005804,0.005875,0.005775,0.005805,226098558.0
2024-09-27 18:00:00+00:00,0.005804,0.005845,0.005768,0.005826,305263756.0
2024-09-28 00:00:00+00:00,0.005826,0.005891,0.005793,0.005814,204000185.0
2024-09-28 06:00:00+00:00,0.005814,0.005834,0.005632,0.005744,265586294.0
2024-09-28 12:00:00+00:00,0.005746,0.005748,0.005653,0.005675,158510036.0
2024-09-28 18:00:00+00:00,0.005675,0.0057,0.005576,0.005673,118355651.0
2024-09-29 00:00:00+00:00,0.005674,0.0057,0.005605,0.005631,281435885.0
2024-09-29 06:00:00+00:00,0.00563,0.00564,0.005532,0.005603,222851025.0
2024-09-29 12:00:00+00:00,0.005603,0.005667,0.00554,0.005651,211692774.0
2024-09-29 18:00:00+00:00,0.005651,0.005704,0.005572,0.005608,161629773.0
2024-09-30 00:00:00+00:00,0.005608,0.005636,0.005428,0.005518,371595706.0
2024-09-30 06:00:00+00:00,0.005518,0.005577,0.005401,0.005504,483692004.0
2024-09-30 12:00:00+00:00,0.005503,0.005536,0.005398,0.005462,389457799.0
2024-09-30 18:00:00+00:00,0.005464,0.005477,0.005282,0.005333,252134845.0
2024-10-01 00:00:00+00:00,0.005332,0.005504,0.005311,0.005466,249477147.0
2024-10-01 06:00:00+00:00,0.005467,0.005523,0.005467,0.005501,499545417.0
2024-10-01 12:00:00+00:00,0.0055,0.005524,0.004809,0.00503,888708153.0
2024-10-01 18:00:00+00:00,0.005028,0.00504,0.004828,0.004882,474444077.0
2024-10-02 00:00:00+00:00,0.00488,0.005,0.004847,0.004971,227602621.0
2024-10-02 06:00:00+00:00,0.00497,0.005023,0.004812,0.004883,347454259.0
2024-10-02 12:00:00+00:00,0.004884,0.004931,0.004792,0.004826,350099384.0
2024-10-02 18:00:00+00:00,0.004826,0.004827,0.004641,0.004724,353455607.0
2024-10-03 00:00:00+00:00,0.004725,0.004836,0.00468,0.004788,228930481.0
2024-10-03 06:00:00+00:00,0.004787,0.004812,0.004629,0.004689,426465527.0
2024-10-03 12:00:00+00:00,0.00469,0.004753,0.004581,0.004673,376314976.0
2024-10-03 18:00:00+00:00,0.004673,0.004726,0.004638,0.004716,179606244.0
2024-10-04 00:00:00+00:00,0.004717,0.004825,0.004686,0.00482,169238682.0
2024-10-04 06:00:00+00:00,0.004821,0.004872,0.004784,0.004815,161330876.0
2024-10-04 12:00:00+00:00,0.004813,0.004914,0.00476,0.004874,292306966.0
2024-10-04 18:00:00+00:00,0.004873,0.004906,0.00486,0.004896,77150201.0
2024-10-05 00:00:00+00:00,0.004896,0.004932,0.004847,0.004928,107714531.0
2024-10-05 06:00:00+00:00,0.004928,0.004987,0.004905,0.004981,86473673.0
2024-10-05 12:00:00+00:00,0.004982,0.005017,0.004907,0.004913,157635792.0
2024-10-05 18:00:00+00:00,0.004913,0.004938,0.004843,0.004933,93961475.0
2024-10-06 00:00:00+00:00,0.004934,0.005011,0.004925,0.004972,173935811.0
2024-10-06 06:00:00+00:00,0.004972,0.005072,0.004969,0.005063,214092561.0
2024-10-06 12:00:00+00:00,0.005063,0.005112,0.005045,0.005052,194236142.0
2024-10-06 18:00:00+00:00,0.005051,0.005106,0.005026,0.005103,104812361.0
2024-10-07 00:00:00+00:00,0.005105,0.005236,0.00509,0.005195,170002127.0
2024-10-07 06:00:00+00:00,0.005195,0.00525,0.005062,0.005131,220581319.0
2024-10-07 12:00:00+00:00,0.00513,0.005209,0.005086,0.005193,262553149.0
2024-10-07 18:00:00+00:00,0.005195,0.005204,0.005028,0.005039,195625670.0
2024-10-08 00:00:00+00:00,0.00504,0.005125,0.004999,0.005033,176596192.0
2024-10-08 06:00:00+00:00,0.005033,0.005061,0.004935,0.00505,574286185.0
2024-10-08 12:00:00+00:00,0.00505,0.005059,0.004924,0.004976,278977178.0
2024-10-08 18:00:00+00:00,0.004976,0.005052,0.004926,0.005003,136629230.0
2024-10-09 00:00:00+00:00,0.005002,0.005051,0.00496,0.005022,123209655.0
2024-10-09 06:00:00+00:00,0.005023,0.005032,0.004942,0.004959,163950159.0
2024-10-09 12:00:00+00:00,0.004959,0.004965,0.004827,0.004864,241958300.0
2024-10-09 18:00:00+00:00,0.004862,0.004875,0.004732,0.004814,169336674.0
2024-10-10 00:00:00+00:00,0.004814,0.004869,0.004775,0.004859,121740900.0
2024-10-10 06:00:00+00:00,0.004862,0.004876,0.004762,0.004851,121494115.0
2024-10-10 12:00:00+00:00,0.004847,0.004856,0.004682,0.004704,196772494.0
2024-10-10 18:00:00+00:00,0.004699,0.004827,0.004662,0.004826,164373543.0
2024-10-11 00:00:00+00:00,0.004825,0.0049,0.004813,0.004862,111207431.0
2024-10-11 06:00:00+00:00,0.004862,0.004943,0.004862,0.00491,94487017.0
2024-10-11 12:00:00+00:00,0.004908,0.005028,0.004908,0.005026,153901296.0
2024-10-11 18:00:00+00:00,0.005024,0.005072,0.004997,0.005062,104307633.0
2024-10-12 00:00:00+00:00,0.005062,0.005162,0.005054,0.005162,161668095.0
2024-10-12 06:00:00+00:00,0.005162,0.005244,0.005151,0.005162,226451863.0
2024-10-12 12:00:00+00:00,0.005161,0.00522,0.005148,0.005182,128868917.0
2024-10-12 18:00:00+00:00,0.005182,0.005211,0.00515,0.005186,86427687.0
2024-10-13 00:00:00+00:00,0.005187,0.005225,0.005137,0.005215,110564177.0
2024-10-13 06:00:00+00:00,0.005216,0.00523,0.005077,0.005081,144733046.0
2024-10-13 12:00:00+00:00,0.00508,0.005137,0.004984,0.004986,185519023.0
2024-10-13 18:00:00+00:00,0.004986,0.005079,0.004952,0.005034,165708580.0
2024-10-14 00:00:00+00:00,0.005036,0.00517,0.004991,0.005105,227075590.0
2024-10-14 06:00:00+00:00,0.005106,0.005196,0.005074,0.005126,231857153.0
2024-10-14 12:00:00+00:00,0.005127,0.005217,0.00511,0.005195,201797010.0
2024-10-14 18:00:00+00:00,0.005197,0.00525,0.005172,0.005224,149109287.0
2024-10-15 00:00:00+00:00,0.005225,0.005276,0.005162,0.005177,229165063.0
2024-10-15 06:00:00+00:00,0.005177,0.005285,0.005093,0.005123,329838595.0
2024-10-15 12:00:00+00:00,0.005125,0.005284,0.005003,0.005205,684068919.0
2024-10-15 18:00:00+00:00,0.005202,0.005245,0.005095,0.005235,168425659.0
2024-10-16 00:00:00+00:00,0.005235,0.005247,0.00512,0.005159,213106319.0
2024-10-16 06:00:00+00:00,0.005159,0.005217,0.00508,0.005176,210423830.0
2024-10-16 12:00:00+00:00,0.005176,0.00521,0.005087,0.005131,231059715.0
2024-10-16 18:00:00+00:00,0.005131,0.005197,0.005126,0.005139,101736880.0
2024-10-17 00:00:00+00:00,0.005139,0.005177,0.005054,0.005059,135314447.0
2024-10-17 06:00:00+00:00,0.005059,0.005099,0.004976,0.004982,167060483.0
2024-10-17 12:00:00+00:00,0.004979,0.005058,0.004966,0.004975,542536140.0
2024-10-17 18:00:00+00:00,0.004974,0.005007,0.004912,0.004986,149544991.0
2024-10-18 00:00:00+00:00,0.004986,0.005025,0.004949,0.005012,153998260.0
2024-10-18 06:00:00+00:00,0.005014,0.00505,0.005004,0.005012,111127070.0
2024-10-18 12:00:00+00:00,0.005013,0.005108,0.004981,0.005099,346646090.0
2024-10-18 18:00:00+00:00,0.005099,0.005211,0.00508,0.00521,178095749.0
2024-10-19 00:00:00+00:00,0.00521,0.005257,0.005202,0.005244,168154744.0
2024-10-19 06:00:00+00:00,0.005245,0.005247,0.005109,0.005109,213690806.0
2024-10-19 12:00:00+00:00,0.005108,0.005173,0.005088,0.0051,120226783.0
2024-10-19 18:00:00+00:00,0.0051,0.005146,0.0051,0.005144,89798008.0
2024-10-20 00:00:00+00:00,0.005143,0.005152,0.005086,0.005137,98045021.0
2024-10-20 06:00:00+00:00,0.005138,0.005201,0.005134,0.005192,121919208.0
2024-10-20 12:00:00+00:00,0.005191,0.005304,0.005169,0.005264,262049200.0
2024-10-20 18:00:00+00:00,0.005265,0.005374,0.005263,0.005372,167533910.0
2024-10-21 00:00:00+00:00,0.005373,0.005387,0.005308,0.005374,195646591.0
2024-10-21 06:00:00+00:00,0.005372,0.005397,0.005229,0.005254,236535567.0
2024-10-21 12:00:00+00:00,0.005251,0.005268,0.005106,0.005169,294683307.0
2024-10-21 18:00:00+00:00,0.005169,0.005212,0.005142,0.005148,84871041.0
2024-10-22 00:00:00+00:00,0.00515,0.005198,0.005084,0.005181,163699308.0
2024-10-22 06:00:00+00:00,0.005181,0.005196,0.005044,0.0051,195033342.0
2024-10-22 12:00:00+00:00,0.0051,0.005126,0.005026,0.005083,190483447.0
2024-10-22 18:00:00+00:00,0.005084,0.005143,0.005076,0.005106,91974805.0
2024-10-23 00:00:00+00:00,0.005106,0.005113,0.004984,0.004993,181059456.0
2024-10-23 06:00:00+00:00,0.004992,0.005028,0.00489,0.004902,225079909.0
2024-10-23 12:00:00+00:00,0.004903,0.004916,0.004766,0.004773,296352426.0
2024-10-23 18:00:00+00:00,0.004773,0.004885,0.004707,0.004864,222952078.0
2024-10-24 00:00:00+00:00,0.004865,0.004945,0.00485,0.004933,154700363.0
2024-10-24 06:00:00+00:00,0.004933,0.004944,0.004789,0.004864,197915767.0
2024-10-24 12:00:00+00:00,0.004863,0.004917,0.004851,0.004907,173272898.0
2024-10-24 18:00:00+00:00,0.004907,0.005003,0.004905,0.004969,180503894.0
2024-10-25 00:00:00+00:00,0.004968,0.004989,0.004844,0.004875,164930171.0
2024-10-25 06:00:00+00:00,0.004876,0.004935,0.004821,0.004924,185545773.0
2024-10-25 12:00:00+00:00,0.004925,0.004964,0.004807,0.004816,227293792.0
2024-10-25 18:00:00+00:00,0.004816,0.004859,0.004337,0.004567,755682737.0
2024-10-26 00:00:00+00:00,0.004567,0.004621,0.00448,0.004614,336113736.0
2024-10-26 06:00:00+00:00,0.004613,0.004626,0.004571,0.004588,147971652.0
2024-10-26 12:00:00+00:00,0.004588,0.004595,0.004475,0.004542,182576527.0
2024-10-26 18:00:00+00:00,0.004543,0.004614,0.004539,0.004594,85650941.0
2024-10-27 00:00:00+00:00,0.004595,0.004658,0.004576,0.004648,138958027.0
2024-10-27 06:00:00+00:00,0.004649,0.00467,0.004622,0.004624,114347283.0
2024-10-27 12:00:00+00:00,0.004624,0.004729,0.004619,0.004711,124527896.0
2024-10-27 18:00:00+00:00,0.004713,0.00475,0.004665,0.00471,109098082.0
2024-10-28 00:00:00+00:00,0.00471,0.004726,0.004565,0.004611,183223985.0
2024-10-28 06:00:00+00:00,0.004611,0.004703,0.004595,0.004669,164119201.0
2024-10-28 12:00:00+00:00,0.004668,0.004702,0.004574,0.004613,236976881.0
2024-10-28 18:00:00+00:00,0.004613,0.004788,0.004599,0.004757,182696289.0
2024-10-29 00:00:00+00:00,0.004756,0.004872,0.004747,0.004855,202641294.0
2024-10-29 06:00:00+00:00,0.004857,0.004875,0.004834,0.004857,176109270.0
2024-10-29 12:00:00+00:00,0.004856,0.004977,0.004827,0.004955,207065682.0
2024-10-29 18:00:00+00:00,0.004956,0.00499,0.004849,0.00498,184935002.0
2024-10-30 00:00:00+00:00,0.00498,0.004994,0.00491,0.004946,160865920.0
2024-10-30 06:00:00+00:00,0.004946,0.004984,0.004865,0.004873,158096876.0
2024-10-30 12:00:00+00:00,0.004876,0.004953,0.004847,0.004899,224850887.0
2024-10-30 18:00:00+00:00,0.0049,0.004938,0.004865,0.004869,186266739.0
2024-10-31 00:00:00+00:00,0.004869,0.004878,0.004799,0.004808,149672783.0
2024-10-31 06:00:00+00:00,0.004807,0.004807,0.004708,0.00472,183659163.0
2024-10-31 12:00:00+00:00,0.004718,0.004741,0.004571,0.004587,304492845.0
2024-10-31 18:00:00+00:00,0.004588,0.004589,0.004526,0.004566,266081979.0
2024-11-01 00:00:00+00:00,0.004566,0.004578,0.004483,0.004551,225669610.0
2024-11-01 06:00:00+00:00,0.004551,0.004615,0.004475,0.004609,232786373.0
2024-11-01 12:00:00+00:00,0.00461,0.004703,0.004504,0.004588,453276534.0
2024-11-01 18:00:00+00:00,0.004588,0.00459,0.004498,0.004557,171504595.0
2024-11-02 00:00:00+00:00,0.004556,0.004625,0.00455,0.004586,194222447.0
2024-11-02 06:00:00+00:00,0.004587,0.004591,0.004548,0.004557,114903054.0
2024-11-02 12:00:00+00:00,0.004556,0.004563,0.004463,0.004488,240054288.0
2024-11-02 18:00:00+00:00,0.004489,0.004522,0.004469,0.004508,125000999.0
2024-11-03 00:00:00+00:00,0.004508,0.004521,0.004339,0.004434,332473708.0
2024-11-03 06:00:00+00:00,0.004435,0.004476,0.004393,0.004396,138993622.0
2024-11-03 12:00:00+00:00,0.004397,0.004411,0.004252,0.004317,430327949.0
2024-11-03 18:00:00+00:00,0.004318,0.004394,0.004261,0.004358,210711263.0
2024-11-04 00:00:00+00:00,0.004359,0.004426,0.004292,0.004312,336057620.0
2024-11-04 06:00:00+00:00,0.004312,0.004381,0.004292,0.004353,219430758.0
2024-11-04 12:00:00+00:00,0.004354,0.004389,0.004241,0.004272,846987954.0
2024-11-04 18:00:00+00:00,0.004273,0.004297,0.00415,0.004235,399275959.0
2024-11-05 00:00:00+00:00,0.004234,0.004342,0.004234,0.004336,272157406.0
2024-11-05 06:00:00+00:00,0.004337,0.004347,0.004305,0.004321,158911882.0
2024-11-05 12:00:00+00:00,0.004321,0.004468,0.004316,0.004425,376149767.0
2024-11-05 18:00:00+00:00,0.004426,0.004437,0.004328,0.0044,167565275.0
2024-11-06 00:00:00+00:00,0.0044,0.004702,0.004398,0.00468,518869176.0
2024-11-06 06:00:00+00:00,0.004681,0.004747,0.004578,0.004731,370823853.0
2024-11-06 12:00:00+00:00,0.004729,0.004747,0.004645,0.004737,242237242.0
2024-11-06 18:00:00+00:00,0.004736,0.00489,0.004734,0.004862,188635867.0
2024-11-07 00:00:00+00:00,0.004861,0.004986,0.004852,0.004883,306307374.0
2024-11-07 06:00:00+00:00,0.004884,0.004892,0.004781,0.004829,177505290.0
2024-11-07 12:00:00+00:00,0.00483,0.004948,0.004799,0.004936,161253862.0
2024-11-07 18:00:00+00:00,0.004939,0.004963,0.004862,0.004901,195985408.0
2024-11-08 00:00:00+00:00,0.004902,0.004933,0.004813,0.004867,180304187.0
2024-11-08 06:00:00+00:00,0.004867,0.004874,0.004794,0.004865,115298775.0
2024-11-08 12:00:00+00:00,0.004866,0.004926,0.004759,0.004835,234777200.0
2024-11-08 18:00:00+00:00,0.004837,0.004936,0.004826,0.004934,150544217.0
2024-11-09 00:00:00+00:00,0.004934,0.005024,0.004872,0.005023,225856510.0
2024-11-09 06:00:00+00:00,0.005022,0.005074,0.004982,0.005073,197607251.0
2024-11-09 12:00:00+00:00,0.005072,0.005092,0.004896,0.004966,251039738.0
2024-11-09 18:00:00+00:00,0.004967,0.005137,0.00496,0.005134,254953551.0
2024-11-10 00:00:00+00:00,0.005135,0.005331,0.005089,0.005313,351238462.0
2024-11-10 06:00:00+00:00,0.005313,0.005452,0.005283,0.005443,354820823.0
2024-11-10 12:00:00+00:00,0.005444,0.005595,0.005348,0.005556,472493063.0
2024-11-10 18:00:00+00:00,0.005556,0.005617,0.005147,0.005412,684865614.0
2024-11-11 00:00:00+00:00,0.005411,0.005606,0.005282,0.005348,473311968.0
2024-11-11 06:00:00+00:00,0.005347,0.005513,0.005294,0.005506,390864348.0
2024-11-11 12:00:00+00:00,0.005508,0.005585,0.005347,0.005564,613394639.0
2024-11-11 18:00:00+00:00,0.005564,0.005722,0.005484,0.005705,398127997.0
2024-11-12 00:00:00+00:00,0.005704,0.005858,0.005506,0.005651,1161344277.0
2024-11-12 06:00:00+00:00,0.005651,0.006058,0.00541,0.005701,1541988107.0
2024-11-12 12:00:00+00:00,0.005701,0.005904,0.005444,0.005581,1444647635.0
2024-11-12 18:00:00+00:00,0.005581,0.005841,0.005578,0.005771,460779110.0
2024-11-13 00:00:00+00:00,0.005772,0.005884,0.005264,0.005333,953465658.0
2024-11-13 06:00:00+00:00,0.005334,0.005408,0.005229,0.00531,434485113.0
2024-11-13 12:00:00+00:00,0.005308,0.005639,0.005256,0.005616,621778503.0
2024-11-13 18:00:00+00:00,0.005617,0.005655,0.005254,0.005479,636411608.0
2024-11-14 00:00:00+00:00,0.005481,0.005577,0.005306,0.005516,551541853.0
2024-11-14 06:00:00+00:00,0.005514,0.005598,0.005311,0.005387,414249890.0
2024-11-14 12:00:00+00:00,0.005384,0.005431,0.005138,0.005289,607532562.0
2024-11-14 18:00:00+00:00,0.005289,0.005354,0.005103,0.005199,343529396.0
2024-11-15 00:00:00+00:00,0.005199,0.005245,0.005041,0.005164,446090933.0
2024-11-15 06:00:00+00:00,0.005164,0.005356,0.005133,0.005352,226783193.0
2024-11-15 12:00:00+00:00,0.005353,0.005476,0.00526,0.005435,499878761.0
2024-11-15 18:00:00+00:00,0.005434,0.00576,0.005407,0.005727,434663061.0
2024-11-16 00:00:00+00:00,0.005728,0.005904,0.005702,0.005896,466260914.0
2024-11-16 06:00:00+00:00,0.005893,0.006042,0.005781,0.006041,517313834.0
2024-11-16 12:00:00+00:00,0.006041,0.006144,0.005905,0.00611,752159991.0
2024-11-16 18:00:00+00:00,0.006109,0.006262,0.006101,0.00626,323117793.0
2024-11-17 00:00:00+00:00,0.006261,0.006261,0.00586,0.005913,634468962.0
2024-11-17 06:00:00+00:00,0.005911,0.006043,0.005874,0.005876,310328406.0
2024-11-17 12:00:00+00:00,0.005877,0.005995,0.005819,0.005858,283500872.0
2024-11-17 18:00:00+00:00,0.005857,0.005862,0.005588,0.0057,496944560.0
2024-11-18 00:00:00+00:00,0.0057,0.005946,0.005661,0.005938,274373473.0
2024-11-18 06:00:00+00:00,0.005937,0.006111,0.005935,0.005982,414051426.0
2024-11-18 12:00:00+00:00,0.005982,0.006605,0.005915,0.006377,1074896962.0
2024-11-18 18:00:00+00:00,0.006377,0.006387,0.006163,0.006345,560155374.0
2024-11-19 00:00:00+00:00,0.006343,0.006576,0.006278,0.006458,929591608.0
2024-11-19 06:00:00+00:00,0.006456,0.006734,0.006378,0.006505,1538380467.0
2024-11-19 12:00:00+00:00,0.006504,0.006621,0.006353,0.006445,495674381.0
2024-11-19 18:00:00+00:00,0.006445,0.006508,0.006221,0.006419,445272065.0
2024-11-20 00:00:00+00:00,0.00642,0.00642,0.005964,0.006147,496933531.0
2024-11-20 06:00:00+00:00,0.006145,0.00624,0.006091,0.006186,278500729.0
2024-11-20 12:00:00+00:00,0.006188,0.006387,0.006037,0.006039,642195482.0
2024-11-20 18:00:00+00:00,0.006039,0.006169,0.005897,0.006061,458258184.0
2024-11-21 00:00:00+00:00,0.006062,0.006155,0.005826,0.006116,478587865.0
2024-11-21 06:00:00+00:00,0.006118,0.006191,0.005989,0.006181,334364577.0
2024-11-21 12:00:00+00:00,0.00618,0.007057,0.006176,0.006351,4061972609.0
2024-11-21 18:00:00+00:00,0.00635,0.006443,0.006313,0.0064,386884816.0
2024-11-22 00:00:00+00:00,0.006401,0.006616,0.006278,0.006518,764716630.0
2024-11-22 06:00:00+00:00,0.006518,0.006772,0.006465,0.00655,1549095374.0
2024-11-22 12:00:00+00:00,0.006551,0.006643,0.006321,0.006492,800806911.0
2024-11-22 18:00:00+00:00,0.006492,0.006791,0.006403,0.006781,543075273.0
2024-11-23 00:00:00+00:00,0.006778,0.006929,0.00663,0.006854,905831218.0
2024-11-23 06:00:00+00:00,0.006855,0.006978,0.006809,0.006912,863817843.0
2024-11-23 12:00:00+00:00,0.006911,0.007175,0.006694,0.006993,1099070489.0
2024-11-23 18:00:00+00:00,0.006994,0.007105,0.006827,0.007031,753615820.0
2024-11-24 00:00:00+00:00,0.007028,0.007468,0.00697,0.007394,967480191.0
2024-11-24 06:00:00+00:00,0.007394,0.007506,0.007001,0.007002,1037071038.0
2024-11-24 12:00:00+00:00,0.007004,0.007101,0.006636,0.006857,1202792906.0
2024-11-24 18:00:00+00:00,0.006851,0.007459,0.00684,0.007459,594361896.0
2024-11-25 00:00:00+00:00,0.007456,0.007524,0.007149,0.007482,833710274.0
2024-11-25 06:00:00+00:00,0.007482,0.007632,0.007378,0.00755,770460570.0
2024-11-25 12:00:00+00:00,0.007549,0.007786,0.007236,0.007351,1959035878.0
2024-11-25 18:00:00+00:00,0.007351,0.007459,0.007027,0.007194,676171265.0
2024-11-26 00:00:00+00:00,0.007193,0.007698,0.007118,0.007674,589516167.0
2024-11-26 06:00:00+00:00,0.007675,0.007806,0.00698,0.007158,1265997168.0
2024-11-26 12:00:00+00:00,0.007153,0.007416,0.006958,0.007388,764546452.0
2024-11-26 18:00:00+00:00,0.00739,0.007699,0.007123,0.007686,632785726.0
2024-11-27 00:00:00+00:00,0.007688,0.008262,0.007625,0.007835,3698041445.0
2024-11-27 06:00:00+00:00,0.007836,0.007977,0.007574,0.007702,931754292.0
2024-11-27 12:00:00+00:00,0.007701,0.007904,0.007539,0.007899,709817942.0
2024-11-27 18:00:00+00:00,0.007899,0.00801,0.007842,0.007989,396434814.0
2024-11-28 00:00:00+00:00,0.007989,0.007991,0.007642,0.007799,541595365.0
2024-11-28 06:00:00+00:00,0.007796,0.007862,0.007689,0.0078,263149740.0
2024-11-28 12:00:00+00:00,0.0078,0.007954,0.007697,0.007831,498674642.0
2024-11-28 18:00:00+00:00,0.007832,0.008078,0.007828,0.007997,279929688.0
2024-11-29 00:00:00+00:00,0.007997,0.008031,0.007745,0.007756,361487584.0
2024-11-29 06:00:00+00:00,0.007756,0.008067,0.007692,0.008051,402211565.0
2024-11-29 12:00:00+00:00,0.008052,0.008267,0.00794,0.008178,545410608.0
2024-11-29 18:00:00+00:00,0.008174,0.008479,0.008132,0.00838,324618679.0
2024-11-30 00:00:00+00:00,0.00838,0.008383,0.008104,0.008239,514553470.0
2024-11-30 06:00:00+00:00,0.008241,0.008274,0.008063,0.008205,394573798.0
2024-11-30 12:00:00+00:00,0.008209,0.008555,0.0082,0.008552,559719520.0
2024-11-30 18:00:00+00:00,0.008552,0.008772,0.008531,0.008721,457319165.0
2024-12-01 00:00:00+00:00,0.008721,0.008721,0.00833,0.008435,480251976.0
2024-12-01 06:00:00+00:00,0.008433,0.009112,0.008426,0.008948,1011330834.0
2024-12-01 12:00:00+00:00,0.008948,0.009728,0.008924,0.009298,3135769879.0
2024-12-01 18:00:00+00:00,0.009297,0.009558,0.008848,0.009079,1347993132.0
2024-12-02 00:00:00+00:00,0.00908,0.010344,0.00908,0.009355,5174642420.0
2024-12-02 06:00:00+00:00,0.009352,0.009402,0.008692,0.008952,1537170767.0
2024-12-02 12:00:00+00:00,0.008951,0.009628,0.00891,0.009233,1161181389.0
2024-12-02 18:00:00+00:00,0.009232,0.009908,0.009229,0.009628,925960282.0
2024-12-03 00:00:00+00:00,0.009626,0.010484,0.009447,0.010163,1762938899.0
2024-12-03 06:00:00+00:00,0.010164,0.01051,0.009721,0.010299,1565376258.0
2024-12-03 12:00:00+00:00,0.010298,0.0106,0.009346,0.010092,2943322363.0
2024-12-03 18:00:00+00:00,0.010095,0.011504,0.009896,0.011491,1658462770.0
2024-12-04 00:00:00+00:00,0.011486,0.011834,0.010776,0.011304,2910291246.0
2024-12-04 06:00:00+00:00,0.011304,0.011444,0.011075,0.011357,879037151.0
2024-12-04 12:00:00+00:00,0.011354,0.011544,0.010669,0.010959,1169494579.0
2024-12-04 18:00:00+00:00,0.01096,0.011354,0.010567,0.011023,723573299.0
2024-12-05 00:00:00+00:00,0.011022,0.012055,0.010397,0.010561,2883195453.0
2024-12-05 06:00:00+00:00,0.010565,0.010944,0.01045,0.010921,670904867.0
2024-12-05 12:00:00+00:00,0.010919,0.010987,0.010651,0.010925,679044560.0
2024-12-05 18:00:00+00:00,0.010926,0.010963,0.01022,0.010617,703720112.0
2024-12-06 00:00:00+00:00,0.01062,0.010931,0.01045,0.010698,579604513.0
2024-12-06 06:00:00+00:00,0.010699,0.010723,0.010155,0.01023,536488047.0
2024-12-06 12:00:00+00:00,0.010228,0.010565,0.009956,0.010515,776652314.0
2024-12-06 18:00:00+00:00,0.010514,0.010901,0.01049,0.010894,380960987.0
2024-12-07 00:00:00+00:00,0.010893,0.011101,0.01061,0.010689,558775271.0
2024-12-07 06:00:00+00:00,0.010686,0.010844,0.010434,0.010523,443926238.0
2024-12-07 12:00:00+00:00,0.010522,0.010664,0.010327,0.010373,300543988.0
2024-12-07 18:00:00+00:00,0.010372,0.010544,0.010366,0.010501,198811632.0
2024-12-08 00:00:00+00:00,0.0105,0.010552,0.010171,0.010224,351034732.0
2024-12-08 06:00:00+00:00,0.010226,0.010365,0.010076,0.010293,245920710.0
2024-12-08 12:00:00+00:00,0.010292,0.010409,0.010204,0.010321,202183194.0
2024-12-08 18:00:00+00:00,0.010321,0.010472,0.010196,0.010433,158950077.0
2024-12-09 00:00:00+00:00,0.010433,0.010436,0.009811,0.01002,451899806.0
2024-12-09 06:00:00+00:00,0.01002,0.010024,0.009201,0.009235,890246086.0
2024-12-09 12:00:00+00:00,0.009234,0.009724,0.009165,0.009381,656694760.0
2024-12-09 18:00:00+00:00,0.009381,0.009493,0.007188,0.008403,1830636247.0
2024-12-10 00:00:00+00:00,0.008402,0.008545,0.007709,0.008217,1055983170.0
2024-12-10 06:00:00+00:00,0.008213,0.008378,0.008136,0.008236,421567002.0
2024-12-10 12:00:00+00:00,0.008237,0.008259,0.0072,0.007204,1223886373.0
2024-12-10 18:00:00+00:00,0.007204,0.008038,0.007169,0.007928,605324118.0
2024-12-11 00:00:00+00:00,0.00793,0.007974,0.007537,0.007879,593918667.0
2024-12-11 06:00:00+00:00,0.007878,0.008253,0.007784,0.008171,437612726.0
2024-12-11 12:00:00+00:00,0.008171,0.008843,0.008152,0.008628,608179767.0
2024-12-11 18:00:00+00:00,0.008631,0.008846,0.008603,0.008789,205589979.0
2024-12-12 00:00:00+00:00,0.008789,0.009388,0.008683,0.009306,619994679.0
2024-12-12 06:00:00+00:00,0.009307,0.009561,0.008965,0.009017,657496343.0
2024-12-12 12:00:00+00:00,0.009018,0.009321,0.009017,0.009261,545666957.0
2024-12-12 18:00:00+00:00,0.009259,0.00927,0.008864,0.009036,413362183.0
2024-12-13 00:00:00+00:00,0.009036,0.009097,0.008716,0.008892,472342343.0
2024-12-13 06:00:00+00:00,0.00889,0.008966,0.008663,0.008856,299165050.0
2024-12-13 12:00:00+00:00,0.008856,0.008998,0.008703,0.008904,442948525.0
2024-12-13 18:00:00+00:00,0.008905,0.008993,0.008761,0.00897,205694274.0
2024-12-14 00:00:00+00:00,0.00897,0.009044,0.008806,0.008877,250360290.0
2024-12-14 06:00:00+00:00,0.008877,0.008973,0.00877,0.008788,238708342.0
2024-12-14 12:00:00+00:00,0.008787,0.008804,0.00829,0.008335,490932890.0
2024-12-14 18:00:00+00:00,0.008334,0.008476,0.00824,0.00844,251439311.0
2024-12-15 00:00:00+00:00,0.00844,0.008514,0.008286,0.008384,241783920.0
2024-12-15 06:00:00+00:00,0.008384,0.008486,0.008139,0.008429,408854627.0
2024-12-15 12:00:00+00:00,0.008428,0.008787,0.008398,0.00862,331229409.0
2024-12-15 18:00:00+00:00,0.008621,0.008737,0.008272,0.008705,357304690.0
2024-12-16 00:00:00+00:00,0.008706,0.008861,0.008434,0.008525,300680534.0
2024-12-16 06:00:00+00:00,0.008524,0.00857,0.00811,0.008134,275149824.0
2024-12-16 12:00:00+00:00,0.008131,0.008628,0.008122,0.008563,364011143.0
2024-12-16 18:00:00+00:00,0.008563,0.008672,0.008401,0.00842,202324504.0
2024-12-17 00:00:00+00:00,0.008418,0.008442,0.008067,0.008169,431113864.0
2024-12-17 06:00:00+00:00,0.00817,0.00833,0.008077,0.008274,286491988.0
2024-12-17 12:00:00+00:00,0.008275,0.00835,0.007913,0.008193,631912470.0
2024-12-17 18:00:00+00:00,0.008192,0.008212,0.007795,0.007884,330719015.0
2024-12-18 00:00:00+00:00,0.007884,0.00791,0.007519,0.007609,504905097.0
2024-12-18 06:00:00+00:00,0.007613,0.00769,0.007488,0.007663,563168465.0
2024-12-18 12:00:00+00:00,0.007663,0.007668,0.007426,0.007605,617485288.0
2024-12-18 18:00:00+00:00,0.007606,0.007707,0.006751,0.007002,1219942186.0
2024-12-19 00:00:00+00:00,0.007004,0.007112,0.006608,0.007056,772340892.0
2024-12-19 06:00:00+00:00,0.007057,0.007176,0.006929,0.007108,319520462.0
2024-12-19 12:00:00+00:00,0.007109,0.007121,0.006429,0.006567,738927235.0
2024-12-19 18:00:00+00:00,0.006562,0.006571,0.006192,0.006421,990243104.0
2024-12-20 00:00:00+00:00,0.006418,0.006717,0.006295,0.006488,419448859.0
2024-12-20 06:00:00+00:00,0.006485,0.006623,0.005637,0.00566,1217702598.0
2024-12-20 12:00:00+00:00,0.005663,0.006678,0.005656,0.00666,1068062964.0
2024-12-20 18:00:00+00:00,0.00666,0.006905,0.006582,0.006863,302802796.0
2024-12-21 00:00:00+00:00,0.006864,0.007192,0.006802,0.007192,248979861.0
2024-12-21 06:00:00+00:00,0.007192,0.007346,0.007052,0.007123,446714454.0
2024-12-21 12:00:00+00:00,0.007124,0.007127,0.006494,0.006601,677596084.0
2024-12-21 18:00:00+00:00,0.006601,0.006632,0.00639,0.006491,347236879.0
2024-12-22 00:00:00+00:00,0.006491,0.006633,0.006358,0.006505,362606765.0
2024-12-22 06:00:00+00:00,0.006505,0.006745,0.006468,0.006678,252017309.0
2024-12-22 12:00:00+00:00,0.00668,0.006857,0.006559,0.006645,513335551.0
2024-12-22 18:00:00+00:00,0.006645,0.006745,0.006392,0.006587,418969037.0
2024-12-23 00:00:00+00:00,0.006589,0.006864,0.006412,0.006712,476883601.0
2024-12-23 06:00:00+00:00,0.006711,0.006799,0.006559,0.006719,293530429.0
2024-12-23 12:00:00+00:00,0.006719,0.006839,0.006585,0.00675,399692472.0
2024-12-23 18:00:00+00:00,0.006749,0.007121,0.00667,0.007022,310983181.0
2024-12-24 00:00:00+00:00,0.007021,0.00704,0.006833,0.007018,219970034.0
2024-12-24 06:00:00+00:00,0.00702,0.007128,0.006901,0.007118,256357005.0
2024-12-24 12:00:00+00:00,0.007118,0.007458,0.00704,0.007347,307798921.0
2024-12-24 18:00:00+00:00,0.007347,0.007401,0.007186,0.007324,184553068.0
2024-12-25 00:00:00+00:00,0.007323,0.007344,0.007192,0.007327,222161717.0
2024-12-25 06:00:00+00:00,0.007327,0.007351,0.007153,0.00716,213918609.0
2024-12-25 12:00:00+00:00,0.007162,0.00725,0.007043,0.007157,189207264.0
2024-12-25 18:00:00+00:00,0.007157,0.007175,0.006988,0.007066,142212222.0
2024-12-26 00:00:00+00:00,0.007065,0.007124,0.006771,0.006775,261107272.0
2024-12-26 06:00:00+00:00,0.006776,0.006783,0.006544,0.0067,285155907.0
2024-12-26 12:00:00+00:00,0.006699,0.006711,0.006521,0.006563,279978868.0
2024-12-26 18:00:00+00:00,0.006564,0.006621,0.006486,0.006569,187303292.0
2024-12-27 00:00:00+00:00,0.006569,0.006684,0.00651,0.006628,250106654.0
2024-12-27 06:00:00+00:00,0.006627,0.006899,0.006536,0.006845,363445823.0
2024-12-27 12:00:00+00:00,0.006846,0.006862,0.006532,0.0067,316110668.0
2024-12-27 18:00:00+00:00,0.006699,0.00673,0.006558,0.006612,188469921.0
2024-12-28 00:00:00+00:00,0.006612,0.006745,0.006603,0.006735,249587712.0
2024-12-28 06:00:00+00:00,0.006733,0.006739,0.006622,0.00668,183620275.0
2024-12-28 12:00:00+00:00,0.006679,0.006975,0.006654,0.006942,321712951.0
2024-12-28 18:00:00+00:00,0.006942,0.006995,0.006863,0.00699,144893605.0
2024-12-29 00:00:00+00:00,0.00699,0.007015,0.00683,0.006893,267254719.0
2024-12-29 06:00:00+00:00,0.006895,0.006937,0.00678,0.006784,213429166.0
2024-12-29 12:00:00+00:00,0.006783,0.006846,0.006635,0.006655,259653750.0
2024-12-29 18:00:00+00:00,0.006654,0.006667,0.006522,0.006599,162792214.0
2024-12-30 00:00:00+00:00,0.0066,0.006818,0.006562,0.006763,229109706.0
2024-12-30 06:00:00+00:00,0.006763,0.006868,0.006596,0.006679,359398113.0
2024-12-30 12:00:00+00:00,0.006679,0.006761,0.006325,0.006554,638072172.0
2024-12-30 18:00:00+00:00,0.006552,0.006745,0.006446,0.006503,366535117.0
2024-12-31 00:00:00+00:00,0.006503,0.006504,0.00626,0.006319,278357754.0
2024-12-31 06:00:00+00:00,0.00632,0.006555,0.006303,0.006458,238823835.0
2024-12-31 12:00:00+00:00,0.006464,0.006625,0.006322,0.006388,358311041.0
2024-12-31 18:00:00+00:00,0.006388,0.006432,0.006327,0.006375,192332405.0
2025-01-01 00:00:00+00:00,0.006374,0.006472,0.006313,0.006347,143345355.0
2025-01-01 06:00:00+00:00,0.006348,0.006367,0.00623,0.006328,156514473.0
2025-01-01 12:00:00+00:00,0.006326,0.006547,0.006307,0.00649,281363613.0
2025-01-01 18:00:00+00:00,0.006493,0.006695,0.006463,0.006677,239318026.0
2025-01-02 00:00:00+00:00,0.006677,0.006821,0.00666,0.006738,293535291.0
2025-01-02 06:00:00+00:00,0.006737,0.006846,0.006676,0.006832,177445568.0
2025-01-02 12:00:00+00:00,0.006833,0.006918,0.006716,0.006758,357527943.0
2025-01-02 18:00:00+00:00,0.006758,0.006813,0.006684,0.006789,155463038.0
2025-01-03 00:00:00+00:00,0.006789,0.006857,0.006705,0.006737,249355803.0
2025-01-03 06:00:00+00:00,0.006737,0.006944,0.006692,0.006928,251554886.0
2025-01-03 12:00:00+00:00,0.00693,0.007242,0.006905,0.007185,318630537.0
2025-01-03 18:00:00+00:00,0.007184,0.007247,0.00717,0.007199,162090856.0
2025-01-04 00:00:00+00:00,0.007199,0.007253,0.007088,0.007214,224647887.0
2025-01-04 06:00:00+00:00,0.007213,0.007338,0.007145,0.007217,257831620.0
2025-01-04 12:00:00+00:00,0.007216,0.007322,0.007106,0.007177,212562790.0
2025-01-04 18:00:00+00:00,0.007178,0.007251,0.007158,0.007208,113472610.0
2025-01-05 00:00:00+00:00,0.007208,0.007275,0.007102,0.007258,253338593.0
2025-01-05 06:00:00+00:00,0.007259,0.00736,0.007185,0.007246,293481707.0
2025-01-05 12:00:00+00:00,0.007246,0.007342,0.007169,0.00723,304124287.0
2025-01-05 18:00:00+00:00,0.007231,0.007377,0.007182,0.007323,160162887.0
2025-01-06 00:00:00+00:00,0.007324,0.007492,0.007183,0.007461,346630491.0
2025-01-06 06:00:00+00:00,0.007459,0.007545,0.007369,0.007545,481323536.0
2025-01-06 12:00:00+00:00,0.007542,0.00781,0.007437,0.007692,474409926.0
2025-01-06 18:00:00+00:00,0.007691,0.007797,0.007609,0.007729,264272754.0
2025-01-07 00:00:00+00:00,0.007729,0.007782,0.007592,0.007643,249934417.0
2025-01-07 06:00:00+00:00,0.007643,0.00774,0.007486,0.007531,285672537.0
2025-01-07 12:00:00+00:00,0.007532,0.007609,0.007057,0.007095,751065067.0
2025-01-07 18:00:00+00:00,0.007094,0.007128,0.0068,0.00681,415885810.0
2025-01-08 00:00:00+00:00,0.00681,0.006889,0.006543,0.006555,448377521.0
2025-01-08 06:00:00+00:00,0.006553,0.006605,0.006395,0.006467,313207019.0
2025-01-08 12:00:00+00:00,0.006467,0.00684,0.006411,0.006725,909282211.0
2025-01-08 18:00:00+00:00,0.006726,0.006934,0.006664,0.006911,479606423.0
2025-01-09 00:00:00+00:00,0.006913,0.0078,0.006913,0.007458,7801606822.0
2025-01-09 06:00:00+00:00,0.007462,0.007949,0.007217,0.007823,5423296708.0
2025-01-09 12:00:00+00:00,0.007822,0.008039,0.007402,0.007693,11646798408.0
2025-01-09 18:00:00+00:00,0.007692,0.00833,0.007608,0.008204,8331645847.0
2025-01-10 00:00:00+00:00,0.008206,0.008226,0.007453,0.007512,6511668102.0
2025-01-10 06:00:00+00:00,0.007515,0.007642,0.007415,0.007607,2434686764.0
2025-01-10 12:00:00+00:00,0.007606,0.007676,0.007181,0.007629,3419404427.0
2025-01-10 18:00:00+00:00,0.007629,0.00795,0.007618,0.007694,1977364661.0
2025-01-11 00:00:00+00:00,0.007695,0.008091,0.007563,0.007926,2877083577.0
2025-01-11 06:00:00+00:00,0.007925,0.008032,0.007629,0.007629,2305164126.0
2025-01-11 12:00:00+00:00,0.007629,0.007827,0.00743,0.007449,1386847305.0
2025-01-11 18:00:00+00:00,0.00745,0.007839,0.007406,0.007672,1178213056.0
2025-01-12 00:00:00+00:00,0.007672,0.00795,0.007524,0.007695,2138687181.0
2025-01-12 06:00:00+00:00,0.007693,0.007696,0.007423,0.007425,931299875.0
2025-01-12 12:00:00+00:00,0.007426,0.007663,0.007341,0.007565,1241113355.0
2025-01-12 18:00:00+00:00,0.007564,0.007753,0.007257,0.007338,1189674389.0
2025-01-13 00:00:00+00:00,0.007338,0.007502,0.007014,0.007033,1631125141.0
2025-01-13 06:00:00+00:00,0.007033,0.007079,0.006361,0.006366,2554845531.0
2025-01-13 12:00:00+00:00,0.006367,0.006584,0.006203,0.006357,2100157406.0
2025-01-13 18:00:00+00:00,0.006358,0.006865,0.006262,0.006769,1210506246.0
2025-01-14 00:00:00+00:00,0.00677,0.006771,0.006584,0.006646,991603311.0
2025-01-14 06:00:00+00:00,0.006646,0.006886,0.006619,0.006809,1623001489.0
2025-01-14 12:00:00+00:00,0.006809,0.008253,0.006747,0.008207,6542768338.0
2025-01-14 18:00:00+00:00,0.00821,0.008392,0.007814,0.007881,6180989386.0
2025-01-15 00:00:00+00:00,0.007881,0.007953,0.007501,0.00765,3199038282.0
2025-01-15 06:00:00+00:00,0.00765,0.00765,0.007285,0.007328,2491522505.0
2025-01-15 12:00:00+00:00,0.007328,0.007856,0.007255,0.007588,2862389814.0
2025-01-15 18:00:00+00:00,0.007589,0.007944,0.00758,0.007873,1671857421.0
2025-01-16 00:00:00+00:00,0.007873,0.007875,0.007428,0.007448,1231785485.0
2025-01-16 06:00:00+00:00,0.007448,0.007478,0.007158,0.007291,1946903147.0
2025-01-16 12:00:00+00:00,0.007291,0.007379,0.007017,0.007296,2306131957.0
2025-01-16 18:00:00+00:00,0.007297,0.007357,0.007124,0.007223,855949650.0
2025-01-17 00:00:00+00:00,0.007224,0.00735,0.007153,0.007314,941604194.0
2025-01-17 06:00:00+00:00,0.007313,0.007331,0.00719,0.007244,734882526.0
2025-01-17 12:00:00+00:00,0.007244,0.007311,0.00714,0.007164,861246424.0
2025-01-17 18:00:00+00:00,0.007164,0.007361,0.007146,0.007324,456102573.0
2025-01-18 00:00:00+00:00,0.007323,0.00736,0.006821,0.006822,997825464.0
2025-01-18 06:00:00+00:00,0.00682,0.006939,0.006771,0.006903,666383460.0
2025-01-18 12:00:00+00:00,0.006905,0.006972,0.006724,0.006732,665646630.0
2025-01-18 18:00:00+00:00,0.006731,0.006877,0.006702,0.006858,372280297.0
2025-01-19 00:00:00+00:00,0.006858,0.007006,0.006728,0.006787,495935437.0
2025-01-19 06:00:00+00:00,0.006788,0.006788,0.006344,0.006391,1217310664.0
2025-01-19 12:00:00+00:00,0.006392,0.006909,0.006377,0.006896,1063047562.0
2025-01-19 18:00:00+00:00,0.006897,0.006987,0.006277,0.006391,2029471890.0
2025-01-20 00:00:00+00:00,0.006392,0.006576,0.006182,0.006454,1707842416.0
2025-01-20 06:00:00+00:00,0.006456,0.006923,0.006456,0.006725,1186622976.0
2025-01-20 12:00:00+00:00,0.006725,0.00673,0.006199,0.006371,1443312292.0
2025-01-20 18:00:00+00:00,0.006376,0.006542,0.0063,0.006424,475777317.0
2025-01-21 00:00:00+00:00,0.006422,0.006442,0.006156,0.006206,565759562.0
2025-01-21 06:00:00+00:00,0.006207,0.006468,0.006175,0.006445,360678241.0
2025-01-21 12:00:00+00:00,0.006447,0.006677,0.006412,0.006672,439077380.0
2025-01-21 18:00:00+00:00,0.006672,0.006703,0.006474,0.006515,246259188.0
2025-01-22 00:00:00+00:00,0.006515,0.006555,0.006424,0.006487,226878869.0
2025-01-22 06:00:00+00:00,0.006488,0.00654,0.006438,0.006524,234172731.0
2025-01-22 12:00:00+00:00,0.006524,0.00657,0.006373,0.006466,246707141.0
2025-01-22 18:00:00+00:00,0.006466,0.006479,0.006259,0.006288,264616279.0
2025-01-23 00:00:00+00:00,0.006288,0.006295,0.006117,0.006188,285028775.0
2025-01-23 06:00:00+00:00,0.006187,0.006258,0.006136,0.006181,184510801.0
2025-01-23 12:00:00+00:00,0.006182,0.006391,0.006087,0.006306,412095535.0
2025-01-23 18:00:00+00:00,0.006306,0.006312,0.006042,0.006248,532649388.0
2025-01-24 00:00:00+00:00,0.00625,0.006354,0.006061,0.00635,326283860.0
2025-01-24 06:00:00+00:00,0.006351,0.006397,0.006282,0.006359,289550061.0
2025-01-24 12:00:00+00:00,0.00636,0.006426,0.00624,0.006289,316382300.0
2025-01-24 18:00:00+00:00,0.006288,0.006307,0.006065,0.006107,307935476.0
2025-01-25 00:00:00+00:00,0.006106,0.006217,0.006019,0.006168,285000237.0
2025-01-25 06:00:00+00:00,0.006167,0.006228,0.006126,0.006216,162847001.0
2025-01-25 12:00:00+00:00,0.006214,0.006253,0.00616,0.006226,157955711.0
2025-01-25 18:00:00+00:00,0.006223,0.006273,0.006207,0.006239,158142906.0
2025-01-26 00:00:00+00:00,0.006239,0.006387,0.006209,0.006384,227223873.0
2025-01-26 06:00:00+00:00,0.006386,0.006433,0.006295,0.006381,205565981.0
2025-01-26 12:00:00+00:00,0.006382,0.00642,0.006336,0.006388,190495000.0
2025-01-26 18:00:00+00:00,0.006386,0.006427,0.006147,0.00618,445633565.0
2025-01-27 00:00:00+00:00,0.00618,0.006227,0.005902,0.005944,458914856.0
2025-01-27 06:00:00+00:00,0.005945,0.005965,0.005675,0.005821,639080020.0
2025-01-27 12:00:00+00:00,0.00582,0.006088,0.005787,0.005912,497548612.0
2025-01-27 18:00:00+00:00,0.00591,0.006127,0.005845,0.006082,311827748.0
2025-01-28 00:00:00+00:00,0.00608,0.006125,0.005982,0.006068,190348777.0
2025-01-28 06:00:00+00:00,0.00607,0.006093,0.00594,0.005966,155816797.0
2025-01-28 12:00:00+00:00,0.005967,0.006012,0.005852,0.005883,209575843.0
2025-01-28 18:00:00+00:00,0.005883,0.005911,0.005603,0.005638,294434984.0
2025-01-29 00:00:00+00:00,0.005638,0.005767,0.005592,0.005767,248608463.0
2025-01-29 06:00:00+00:00,0.005767,0.00585,0.005738,0.005783,151607652.0
2025-01-29 12:00:00+00:00,0.005783,0.00579,0.005609,0.005716,208406833.0
2025-01-29 18:00:00+00:00,0.005717,0.005972,0.005604,0.005785,429998119.0
2025-01-30 00:00:00+00:00,0.005786,0.005978,0.005743,0.005937,133457481.0
2025-01-30 06:00:00+00:00,0.005938,0.005971,0.00587,0.005949,123181323.0
2025-01-30 12:00:00+00:00,0.005948,0.006074,0.0059,0.006053,187561055.0
2025-01-30 18:00:00+00:00,0.006051,0.006053,0.005936,0.005937,107226431.0
2025-01-31 00:00:00+00:00,0.005939,0.005989,0.00584,0.005893,138504201.0
2025-01-31 06:00:00+00:00,0.005894,0.006049,0.005884,0.006033,141716994.0
2025-01-31 12:00:00+00:00,0.006034,0.006327,0.00601,0.006073,976174058.0
2025-01-31 18:00:00+00:00,0.006074,0.006115,0.005897,0.006009,325988074.0
2025-02-01 00:00:00+00:00,0.006008,0.006153,0.005954,0.006124,315256667.0
2025-02-01 06:00:00+00:00,0.006124,0.006135,0.00595,0.005985,332128204.0
2025-02-01 12:00:00+00:00,0.005984,0.006059,0.005834,0.005862,250185342.0
2025-02-01 18:00:00+00:00,0.005863,0.005866,0.005494,0.005531,376411771.0
2025-02-02 00:00:00+00:00,0.005531,0.005635,0.0054,0.005504,379359023.0
2025-02-02 06:00:00+00:00,0.005504,0.005559,0.00537,0.005384,277654987.0
2025-02-02 12:00:00+00:00,0.005384,0.005474,0.005022,0.005066,645964081.0
2025-02-02 18:00:00+00:00,0.005067,0.005142,0.004788,0.005029,1184750874.0
2025-02-03 00:00:00+00:00,0.005029,0.00503,0.00395,0.004558,2663412262.0
2025-02-03 06:00:00+00:00,0.004559,0.004787,0.004521,0.004737,791237158.0
2025-02-03 12:00:00+00:00,0.004738,0.005012,0.004601,0.005001,955412413.0
2025-02-03 18:00:00+00:00,0.004998,0.005266,0.004956,0.005198,330152584.0
2025-02-04 00:00:00+00:00,0.005197,0.005244,0.004759,0.004776,574169333.0
2025-02-04 06:00:00+00:00,0.004778,0.004911,0.004698,0.00486,390522616.0
2025-02-04 12:00:00+00:00,0.004862,0.005055,0.004862,0.004995,353405752.0
2025-02-04 18:00:00+00:00,0.004994,0.005116,0.004767,0.004881,554405075.0
2025-02-05 00:00:00+00:00,0.004881,0.004972,0.004816,0.004962,248464245.0
2025-02-05 06:00:00+00:00,0.004961,0.005006,0.004883,0.004991,140213515.0
2025-02-05 12:00:00+00:00,0.004989,0.005025,0.004755,0.004785,281255295.0
2025-02-05 18:00:00+00:00,0.004787,0.004912,0.004734,0.004798,188357802.0
2025-02-06 00:00:00+00:00,0.004798,0.004877,0.004758,0.004852,147570787.0
2025-02-06 06:00:00+00:00,0.004852,0.00491,0.004771,0.004822,173128767.0
2025-02-06 12:00:00+00:00,0.004823,0.004832,0.004558,0.00461,422133020.0
2025-02-06 18:00:00+00:00,0.004611,0.004667,0.004539,0.004592,227149561.0
2025-02-07 00:00:00+00:00,0.004593,0.00472,0.00457,0.004661,224752998.0
2025-02-07 06:00:00+00:00,0.004661,0.004756,0.004571,0.004752,149207086.0
2025-02-07 12:00:00+00:00,0.004751,0.004923,0.004716,0.004746,446716191.0
2025-02-07 18:00:00+00:00,0.004745,0.004821,0.004519,0.004671,274074975.0
2025-02-08 00:00:00+00:00,0.004671,0.004715,0.004612,0.004643,171733676.0
2025-02-08 06:00:00+00:00,0.004645,0.004723,0.00463,0.004664,125549927.0
2025-02-08 12:00:00+00:00,0.004666,0.004824,0.004641,0.004796,292141997.0
2025-02-08 18:00:00+00:00,0.004796,0.004916,0.004786,0.004891,262984234.0
2025-02-09 00:00:00+00:00,0.004891,0.005012,0.004863,0.004953,181771911.0
2025-02-09 06:00:00+00:00,0.004953,0.005107,0.004934,0.005033,150001722.0
2025-02-09 12:00:00+00:00,0.005033,0.005066,0.004909,0.004958,217104317.0
2025-02-09 18:00:00+00:00,0.004958,0.004974,0.004762,0.004932,254743049.0
2025-02-10 00:00:00+00:00,0.004932,0.004996,0.00476,0.004936,290441236.0
2025-02-10 06:00:00+00:00,0.004937,0.005027,0.004906,0.005011,157788315.0
2025-02-10 12:00:00+00:00,0.005011,0.005076,0.00489,0.004914,251054109.0
2025-02-10 18:00:00+00:00,0.004913,0.004961,0.004879,0.004952,164324504.0
2025-02-11 00:00:00+00:00,0.004951,0.005197,0.004945,0.00515,444193756.0
2025-02-11 06:00:00+00:00,0.005149,0.005193,0.005021,0.005059,256770439.0
2025-02-11 12:00:00+00:00,0.005059,0.005065,0.004893,0.004906,286894934.0
2025-02-11 18:00:00+00:00,0.004906,0.004907,0.004762,0.004836,310087228.0
2025-02-12 00:00:00+00:00,0.004837,0.004869,0.004746,0.004791,197094017.0
2025-02-12 06:00:00+00:00,0.004793,0.004894,0.004759,0.004868,145895391.0
2025-02-12 12:00:00+00:00,0.004869,0.005081,0.004721,0.005052,454067962.0
2025-02-12 18:00:00+00:00,0.005052,0.00521,0.004986,0.005146,162338523.0
2025-02-13 00:00:00+00:00,0.005148,0.005188,0.005062,0.005088,141931097.0
2025-02-13 06:00:00+00:00,0.00509,0.00511,0.004948,0.005007,190555916.0
2025-02-13 12:00:00+00:00,0.005007,0.005049,0.004924,0.004983,220174044.0
2025-02-13 18:00:00+00:00,0.004983,0.005061,0.004953,0.005032,102272606.0
2025-02-14 00:00:00+00:00,0.005032,0.005098,0.005007,0.005037,113389314.0
2025-02-14 06:00:00+00:00,0.005037,0.005123,0.005008,0.005058,109819345.0
2025-02-14 12:00:00+00:00,0.00506,0.005206,0.005024,0.005191,193986437.0
2025-02-14 18:00:00+00:00,0.005191,0.005216,0.005041,0.005141,254930545.0
2025-02-15 00:00:00+00:00,0.005142,0.005158,0.005099,0.00511,85994641.0
2025-02-15 06:00:00+00:00,0.005111,0.005121,0.005035,0.005072,159348706.0
2025-02-15 12:00:00+00:00,0.005073,0.005127,0.005011,0.005027,301683939.0
2025-02-15 18:00:00+00:00,0.005027,0.005072,0.004965,0.005003,111450175.0
2025-02-16 00:00:00+00:00,0.005003,0.005049,0.004939,0.004991,236575941.0
2025-02-16 06:00:00+00:00,0.00499,0.005172,0.004978,0.005146,343206451.0
2025-02-16 12:00:00+00:00,0.005146,0.005147,0.004999,0.005099,221739253.0
2025-02-16 18:00:00+00:00,0.005097,0.005168,0.005049,0.00511,257364711.0
2025-02-17 00:00:00+00:00,0.00511,0.005159,0.005031,0.005114,199315280.0
2025-02-17 06:00:00+00:00,0.005115,0.0052,0.005063,0.005163,306392483.0
2025-02-17 12:00:00+00:00,0.005161,0.005239,0.005011,0.005059,378498654.0
2025-02-17 18:00:00+00:00,0.005059,0.005151,0.004996,0.0051,160501909.0
2025-02-18 00:00:00+00:00,0.005099,0.005106,0.004913,0.004916,203874125.0
2025-02-18 06:00:00+00:00,0.004916,0.004918,0.004764,0.004824,405769827.0
2025-02-18 12:00:00+00:00,0.004822,0.004912,0.004682,0.004731,278316735.0
2025-02-18 18:00:00+00:00,0.004732,0.004814,0.004706,0.004813,134360882.0
2025-02-19 00:00:00+00:00,0.004812,0.004856,0.004771,0.004844,140866683.0
2025-02-19 06:00:00+00:00,0.004844,0.005106,0.004832,0.005076,235077259.0
2025-02-19 12:00:00+00:00,0.005076,0.00512,0.004983,0.00504,304917868.0
2025-02-19 18:00:00+00:00,0.00504,0.005072,0.004962,0.005038,131291317.0
2025-02-20 00:00:00+00:00,0.005039,0.005147,0.005029,0.005087,251229049.0
2025-02-20 06:00:00+00:00,0.005088,0.005111,0.005026,0.005077,129313807.0
2025-02-20 12:00:00+00:00,0.005077,0.005135,0.005024,0.00512,160809308.0
2025-02-20 18:00:00+00:00,0.005119,0.005189,0.005105,0.005173,121130348.0
2025-02-21 00:00:00+00:00,0.005173,0.005189,0.005097,0.005146,153619583.0
2025-02-21 06:00:00+00:00,0.005146,0.00528,0.005138,0.00524,182604178.0
2025-02-21 12:00:00+00:00,0.005241,0.005358,0.005075,0.005083,341467077.0
2025-02-21 18:00:00+00:00,0.005082,0.005101,0.00493,0.005003,274026593.0
2025-02-22 00:00:00+00:00,0.005003,0.005212,0.004969,0.005181,223999318.0
2025-02-22 06:00:00+00:00,0.005181,0.005224,0.005125,0.005161,210388972.0
2025-02-22 12:00:00+00:00,0.005161,0.005232,0.005144,0.005228,229092581.0
2025-02-22 18:00:00+00:00,0.005228,0.005254,0.005204,0.00523,82953159.0
2025-02-23 00:00:00+00:00,0.005231,0.005236,0.005166,0.005197,204818152.0
2025-02-23 06:00:00+00:00,0.005196,0.005282,0.005167,0.00518,124261360.0
2025-02-23 12:00:00+00:00,0.00518,0.0052,0.005078,0.005142,134376364.0
2025-02-23 18:00:00+00:00,0.005142,0.005188,0.005091,0.005148,68425488.0
2025-02-24 00:00:00+00:00,0.005147,0.005179,0.004892,0.004979,191375640.0
2025-02-24 06:00:00+00:00,0.00498,0.004991,0.004837,0.004906,192461151.0
2025-02-24 12:00:00+00:00,0.004906,0.004928,0.004737,0.004786,245633378.0
2025-02-24 18:00:00+00:00,0.004786,0.004799,0.004411,0.004504,537156739.0
2025-02-25 00:00:00+00:00,0.004504,0.004579,0.00439,0.004538,412762969.0
2025-02-25 06:00:00+00:00,0.004539,0.00455,0.004281,0.004466,554525140.0
2025-02-25 12:00:00+00:00,0.004468,0.004548,0.004386,0.004502,400786798.0
2025-02-25 18:00:00+00:00,0.004503,0.004661,0.004462,0.00461,196575403.0
2025-02-26 00:00:00+00:00,0.00461,0.004672,0.00457,0.004615,116160853.0
2025-02-26 06:00:00+00:00,0.004617,0.00469,0.004599,0.004627,117580555.0
2025-02-26 12:00:00+00:00,0.004631,0.004657,0.004475,0.004501,330129105.0
2025-02-26 18:00:00+00:00,0.004499,0.004637,0.004399,0.00455,239665446.0
2025-02-27 00:00:00+00:00,0.004551,0.004638,0.004503,0.004633,117729195.0
2025-02-27 06:00:00+00:00,0.004631,0.004677,0.004621,0.004646,111523651.0
2025-02-27 12:00:00+00:00,0.004646,0.00466,0.004539,0.004584,266451612.0
2025-02-27 18:00:00+00:00,0.004583,0.004602,0.004451,0.004567,151880044.0
2025-02-28 00:00:00+00:00,0.004568,0.004577,0.004232,0.004329,619678886.0
2025-02-28 06:00:00+00:00,0.00433,0.004416,0.004249,0.004376,279139923.0
2025-02-28 12:00:00+00:00,0.004375,0.004637,0.004367,0.00459,289824659.0
2025-02-28 18:00:00+00:00,0.00459,0.004654,0.004582,0.004617,148986389.0
2025-03-01 00:00:00+00:00,0.004618,0.004654,0.004572,0.004619,161870002.0
2025-03-01 06:00:00+00:00,0.00462,0.004632,0.004489,0.004502,154631017.0
2025-03-01 12:00:00+00:00,0.004502,0.004525,0.004442,0.004495,132562993.0
2025-03-01 18:00:00+00:00,0.004495,0.004616,0.004482,0.004604,119172265.0
2025-03-02 00:00:00+00:00,0.004604,0.004624,0.004551,0.004593,114071382.0
2025-03-02 06:00:00+00:00,0.004592,0.004616,0.004535,0.004601,176597537.0
2025-03-02 12:00:00+00:00,0.0046,0.004925,0.00452,0.004894,638026296.0
2025-03-02 18:00:00+00:00,0.004894,0.004996,0.004823,0.004972,367119173.0
2025-03-03 00:00:00+00:00,0.004971,0.00499,0.00478,0.004864,229805630.0
2025-03-03 06:00:00+00:00,0.004863,0.004869,0.004657,0.004727,235088647.0
2025-03-03 12:00:00+00:00,0.004727,0.004792,0.004602,0.004631,305079826.0
2025-03-03 18:00:00+00:00,0.004632,0.004634,0.004299,0.004336,620263376.0
2025-03-04 00:00:00+00:00,0.004336,0.004369,0.004114,0.004249,607822209.0
2025-03-04 06:00:00+00:00,0.004251,0.004269,0.004201,0.004219,220035219.0
2025-03-04 12:00:00+00:00,0.004218,0.004282,0.004016,0.004222,650289724.0
2025-03-04 18:00:00+00:00,0.004223,0.004362,0.004211,0.004304,221005391.0
2025-03-05 00:00:00+00:00,0.004305,0.004333,0.004239,0.004258,154662358.0
2025-03-05 06:00:00+00:00,0.004257,0.004417,0.004232,0.004352,165100880.0
2025-03-05 12:00:00+00:00,0.004352,0.004405,0.004274,0.00436,236910293.0
2025-03-05 18:00:00+00:00,0.004361,0.004436,0.004342,0.004423,120601599.0
2025-03-06 00:00:00+00:00,0.004423,0.004549,0.004383,0.004529,197528599.0
2025-03-06 06:00:00+00:00,0.00453,0.004533,0.004458,0.004493,139750777.0
2025-03-06 12:00:00+00:00,0.004494,0.004502,0.004334,0.004353,278523008.0
2025-03-06 18:00:00+00:00,0.004354,0.004424,0.004316,0.004365,140627576.0
2025-03-07 00:00:00+00:00,0.004367,0.00441,0.004161,0.00435,345281036.0
2025-03-07 06:00:00+00:00,0.00435,0.004449,0.004322,0.00443,169929997.0
2025-03-07 12:00:00+00:00,0.00443,0.00451,0.004377,0.004435,319981335.0
2025-03-07 18:00:00+00:00,0.004434,0.004519,0.004344,0.004368,259140113.0
2025-03-08 00:00:00+00:00,0.004368,0.004395,0.004296,0.00435,124351972.0
2025-03-08 06:00:00+00:00,0.004351,0.00436,0.004276,0.004299,105157313.0
2025-03-08 12:00:00+00:00,0.0043,0.004446,0.004283,0.004349,269745934.0
2025-03-08 18:00:00+00:00,0.004348,0.004392,0.004308,0.004343,89146762.0
2025-03-09 00:00:00+00:00,0.004343,0.004374,0.004275,0.004276,92701531.0
2025-03-09 06:00:00+00:00,0.004277,0.004295,0.004174,0.004188,137161514.0
2025-03-09 12:00:00+00:00,0.004187,0.0042,0.003938,0.003951,394021907.0
2025-03-09 18:00:00+00:00,0.00395,0.004027,0.003894,0.003936,275556788.0
2025-03-10 00:00:00+00:00,0.003936,0.004089,0.00388,0.004079,336840496.0
2025-03-10 06:00:00+00:00,0.00408,0.004439,0.004056,0.004415,732056928.0
2025-03-10 12:00:00+00:00,0.004415,0.00557,0.004391,0.004926,45517803423.0
2025-03-10 18:00:00+00:00,0.004924,0.005474,0.004825,0.005132,14077719440.0
2025-03-11 00:00:00+00:00,0.005132,0.005329,0.004559,0.005025,19416537678.0
2025-03-11 06:00:00+00:00,0.005025,0.005164,0.004653,0.005008,13440792931.0
2025-03-11 12:00:00+00:00,0.005009,0.005198,0.004785,0.004919,8045343873.0
2025-03-11 18:00:00+00:00,0.004919,0.005176,0.004905,0.005103,4115919208.0
2025-03-12 00:00:00+00:00,0.005103,0.005164,0.004759,0.004814,6084848596.0
2025-03-12 06:00:00+00:00,0.004814,0.004878,0.004718,0.004828,2681632749.0
2025-03-12 12:00:00+00:00,0.004828,0.004923,0.004647,0.00471,3224749851.0
2025-03-12 18:00:00+00:00,0.004709,0.004808,0.004637,0.004803,1580680040.0
2025-03-13 00:00:00+00:00,0.004802,0.004802,0.00457,0.004575,2283057400.0
2025-03-13 06:00:00+00:00,0.004577,0.004651,0.004527,0.004622,1407227336.0
2025-03-13 12:00:00+00:00,0.004622,0.004646,0.004472,0.004505,1613601510.0
2025-03-13 18:00:00+00:00,0.004505,0.004663,0.004502,0.004653,1245980239.0
2025-03-14 00:00:00+00:00,0.004653,0.005068,0.004585,0.004957,4847888262.0
2025-03-14 06:00:00+00:00,0.004956,0.00538,0.004808,0.005366,8678100367.0
2025-03-14 12:00:00+00:00,0.005366,0.0057,0.005305,0.005526,17685036891.0
2025-03-14 18:00:00+00:00,0.005526,0.005674,0.00473,0.004735,10479988810.0
2025-03-15 00:00:00+00:00,0.004734,0.004992,0.004698,0.004895,9474607834.0
2025-03-15 06:00:00+00:00,0.004896,0.004922,0.004838,0.004876,2220152346.0
2025-03-15 12:00:00+00:00,0.004876,0.004952,0.004846,0.004882,1722319274.0
2025-03-15 18:00:00+00:00,0.004883,0.00494,0.004849,0.004911,1222561904.0
2025-03-16 00:00:00+00:00,0.004911,0.004913,0.004694,0.00473,1759795226.0
2025-03-16 06:00:00+00:00,0.00473,0.004731,0.004574,0.004588,1302835414.0
2025-03-16 12:00:00+00:00,0.004589,0.004612,0.004496,0.004575,1324473999.0
2025-03-16 18:00:00+00:00,0.004575,0.004593,0.004482,0.004582,714374754.0
2025-03-17 00:00:00+00:00,0.004581,0.004594,0.004458,0.00447,950623197.0
2025-03-17 06:00:00+00:00,0.004471,0.004555,0.004433,0.004502,742529406.0
2025-03-17 12:00:00+00:00,0.004502,0.004585,0.004471,0.004565,828354117.0
2025-03-17 18:00:00+00:00,0.004564,0.004598,0.004506,0.00454,471469981.0
2025-03-18 00:00:00+00:00,0.00454,0.004545,0.004355,0.004411,815983908.0
2025-03-18 06:00:00+00:00,0.00441,0.004415,0.004317,0.004327,660471697.0
2025-03-18 12:00:00+00:00,0.004326,0.004355,0.004258,0.004274,651860585.0
2025-03-18 18:00:00+00:00,0.004273,0.004365,0.004259,0.004349,462285588.0
2025-03-19 00:00:00+00:00,0.004351,0.004412,0.004351,0.004358,428504160.0
2025-03-19 06:00:00+00:00,0.004358,0.004384,0.004294,0.004356,524635009.0
2025-03-19 12:00:00+00:00,0.004357,0.004373,0.004253,0.004291,689557370.0
2025-03-19 18:00:00+00:00,0.00429,0.004375,0.004262,0.004355,525699260.0
2025-03-20 00:00:00+00:00,0.004355,0.004368,0.004287,0.004324,374480528.0
2025-03-20 06:00:00+00:00,0.004324,0.004354,0.004255,0.004276,344093545.0
2025-03-20 12:00:00+00:00,0.004277,0.004317,0.004221,0.00427,414147974.0
2025-03-20 18:00:00+00:00,0.004271,0.00431,0.004243,0.004298,236618246.0
2025-03-21 00:00:00+00:00,0.004297,0.00432,0.004244,0.00426,315213169.0
2025-03-21 06:00:00+00:00,0.00426,0.004268,0.004144,0.004155,610180230.0
2025-03-21 12:00:00+00:00,0.004155,0.004175,0.004121,0.004147,395465625.0
2025-03-21 18:00:00+00:00,0.004148,0.00421,0.004137,0.00416,306481106.0
2025-03-22 00:00:00+00:00,0.004162,0.004226,0.004139,0.004221,301882526.0
2025-03-22 06:00:00+00:00,0.004222,0.004267,0.004213,0.004247,242645619.0
2025-03-22 12:00:00+00:00,0.004246,0.004295,0.004219,0.004291,263774540.0
2025-03-22 18:00:00+00:00,0.00429,0.004309,0.004181,0.004217,310233691.0
2025-03-23 00:00:00+00:00,0.004218,0.004231,0.004167,0.004181,309996585.0
2025-03-23 06:00:00+00:00,0.004181,0.004198,0.004151,0.004188,243753205.0
2025-03-23 12:00:00+00:00,0.004188,0.004196,0.00409,0.004107,374136681.0
2025-03-23 18:00:00+00:00,0.004107,0.004171,0.004096,0.004166,246952976.0
2025-03-24 00:00:00+00:00,0.004168,0.00426,0.004122,0.004249,431880255.0
2025-03-24 06:00:00+00:00,0.00425,0.004325,0.004247,0.004267,463391072.0
2025-03-24 12:00:00+00:00,0.004267,0.004304,0.004232,0.004263,388347620.0
2025-03-24 18:00:00+00:00,0.004263,0.004308,0.004245,0.004295,226514145.0
2025-03-25 00:00:00+00:00,0.004294,0.004341,0.004251,0.004273,548773670.0
2025-03-25 06:00:00+00:00,0.004273,0.004329,0.004266,0.004318,232303259.0
2025-03-25 12:00:00+00:00,0.004318,0.004337,0.004274,0.00433,297256003.0
2025-03-25 18:00:00+00:00,0.00433,0.004357,0.004304,0.004343,239448501.0
2025-03-26 00:00:00+00:00,0.004343,0.004376,0.004305,0.004364,264499838.0
2025-03-26 06:00:00+00:00,0.004363,0.004452,0.004359,0.004419,295858226.0
2025-03-26 12:00:00+00:00,0.004419,0.004421,0.004239,0.00427,657409271.0
2025-03-26 18:00:00+00:00,0.004269,0.004327,0.004219,0.00427,365333318.0
2025-03-27 00:00:00+00:00,0.004271,0.004352,0.004256,0.004309,245763744.0
2025-03-27 06:00:00+00:00,0.004309,0.004329,0.004192,0.004198,279069217.0
2025-03-27 12:00:00+00:00,0.004196,0.004278,0.004146,0.004204,436756678.0
2025-03-27 18:00:00+00:00,0.004204,0.004315,0.004197,0.004286,217600780.0
2025-03-28 00:00:00+00:00,0.004286,0.004295,0.004097,0.004097,488209015.0
2025-03-28 06:00:00+00:00,0.004096,0.004121,0.004023,0.00408,763986518.0
2025-03-28 12:00:00+00:00,0.00408,0.004101,0.003991,0.004009,373891432.0
2025-03-28 18:00:00+00:00,0.004009,0.004081,0.003988,0.004071,227109950.0
2025-03-29 00:00:00+00:00,0.004072,0.004094,0.003964,0.003991,281672236.0
2025-03-29 06:00:00+00:00,0.003989,0.004,0.003883,0.003909,376980565.0
2025-03-29 12:00:00+00:00,0.00391,0.003958,0.003796,0.003843,490488585.0
2025-03-29 18:00:00+00:00,0.003843,0.003875,0.003797,0.003852,246603106.0
2025-03-30 00:00:00+00:00,0.003853,0.003936,0.003814,0.003907,245618889.0
2025-03-30 06:00:00+00:00,0.003908,0.003944,0.003817,0.003882,325195520.0
2025-03-30 12:00:00+00:00,0.003883,0.003902,0.003801,0.003841,337199089.0
2025-03-30 18:00:00+00:00,0.003842,0.003916,0.003797,0.003845,306883173.0
2025-03-31 00:00:00+00:00,0.003845,0.003886,0.003743,0.003839,513157113.0
2025-03-31 06:00:00+00:00,0.00384,0.003855,0.003744,0.003831,376681534.0
2025-03-31 12:00:00+00:00,0.00383,0.003936,0.003815,0.003868,427719153.0
2025-03-31 18:00:00+00:00,0.003867,0.003936,0.003854,0.003872,253162259.0
2025-04-01 00:00:00+00:00,0.003872,0.003928,0.003868,0.003895,292969599.0
2025-04-01 06:00:00+00:00,0.003896,0.003974,0.003842,0.003861,464400042.0
2025-04-01 12:00:00+00:00,0.003861,0.003976,0.003819,0.003923,404785222.0
2025-04-01 18:00:00+00:00,0.003923,0.003924,0.00383,0.003875,253348265.0
2025-04-02 00:00:00+00:00,0.003875,0.003875,0.003739,0.003747,425945618.0
2025-04-02 06:00:00+00:00,0.003746,0.003796,0.003713,0.003765,313995844.0
2025-04-02 12:00:00+00:00,0.003765,0.0039,0.003743,0.003804,377154417.0
2025-04-02 18:00:00+00:00,0.003803,0.003914,0.003576,0.003633,745477508.0
2025-04-03 00:00:00+00:00,0.003633,0.003771,0.003612,0.003734,292958906.0
2025-04-03 06:00:00+00:00,0.003732,0.003744,0.003549,0.003573,524088025.0
2025-04-03 12:00:00+00:00,0.003572,0.003587,0.003486,0.003565,458678310.0
2025-04-03 18:00:00+00:00,0.003565,0.003669,0.003546,0.00365,267362968.0
2025-04-04 00:00:00+00:00,0.003651,0.003666,0.003594,0.003653,270973083.0
2025-04-04 06:00:00+00:00,0.003653,0.003681,0.003472,0.003531,649528345.0
2025-04-04 12:00:00+00:00,0.00353,0.003631,0.003498,0.003613,470829425.0
2025-04-04 18:00:00+00:00,0.003614,0.003628,0.003564,0.003596,557122592.0
2025-04-05 00:00:00+00:00,0.003597,0.003628,0.003581,0.003589,188186061.0
2025-04-05 06:00:00+00:00,0.00359,0.003635,0.003585,0.003605,141070597.0
2025-04-05 12:00:00+00:00,0.003604,0.003612,0.003532,0.003542,170739170.0
2025-04-05 18:00:00+00:00,0.003542,0.003587,0.003522,0.003582,268944566.0
2025-04-06 00:00:00+00:00,0.003583,0.003595,0.003523,0.00357,157502562.0
2025-04-06 06:00:00+00:00,0.003571,0.003595,0.003549,0.003578,209402940.0
2025-04-06 12:00:00+00:00,0.003577,0.003579,0.003321,0.00333,597150422.0
2025-04-06 18:00:00+00:00,0.003329,0.003329,0.003077,0.003154,959989452.0
2025-04-07 00:00:00+00:00,0.003154,0.003234,0.003045,0.003065,681836899.0
2025-04-07 06:00:00+00:00,0.003066,0.003092,0.002831,0.003034,1130265033.0
2025-04-07 12:00:00+00:00,0.003036,0.003346,0.003036,0.003224,1415580788.0
2025-04-07 18:00:00+00:00,0.003226,0.003266,0.003182,0.00321,301518597.0
2025-04-08 00:00:00+00:00,0.003211,0.003307,0.003182,0.00322,319407134.0
2025-04-08 06:00:00+00:00,0.003219,0.00325,0.003169,0.003244,233355238.0
2025-04-08 12:00:00+00:00,0.003246,0.003264,0.003054,0.00311,418268114.0
2025-04-08 18:00:00+00:00,0.00311,0.003147,0.003053,0.003083,307579707.0
2025-04-09 00:00:00+00:00,0.003082,0.003187,0.002972,0.003178,631358441.0
2025-04-09 06:00:00+00:00,0.00318,0.003259,0.003172,0.003189,533233662.0
2025-04-09 12:00:00+00:00,0.003188,0.003455,0.003172,0.003452,2206676497.0
2025-04-09 18:00:00+00:00,0.003452,0.003474,0.00342,0.003435,467226583.0
2025-04-10 00:00:00+00:00,0.003437,0.003483,0.003404,0.003465,554813481.0
2025-04-10 06:00:00+00:00,0.003464,0.003534,0.00338,0.003405,1407662292.0
2025-04-10 12:00:00+00:00,0.003405,0.003471,0.003282,0.003338,574633191.0
2025-04-10 18:00:00+00:00,0.003338,0.003419,0.003337,0.003404,229397032.0
2025-04-11 00:00:00+00:00,0.003404,0.003481,0.003387,0.003471,277804060.0
2025-04-11 06:00:00+00:00,0.003471,0.003573,0.003458,0.003558,384039736.0
2025-04-11 12:00:00+00:00,0.003559,0.003599,0.003503,0.003578,560822002.0
2025-04-11 18:00:00+00:00,0.003578,0.003591,0.003548,0.003557,441997900.0
2025-04-12 00:00:00+00:00,0.003557,0.003563,0.003488,0.003529,277209565.0
2025-04-12 06:00:00+00:00,0.003529,0.003646,0.003524,0.003626,222196882.0
2025-04-12 12:00:00+00:00,0.003626,0.003731,0.003618,0.00367,311452202.0
2025-04-12 18:00:00+00:00,0.003671,0.003692,0.003645,0.003685,125399930.0
2025-04-13 00:00:00+00:00,0.003686,0.003716,0.003595,0.003612,179499928.0
2025-04-13 06:00:00+00:00,0.003613,0.003664,0.003607,0.003641,151337443.0
2025-04-13 12:00:00+00:00,0.003641,0.003669,0.003542,0.00366,242734991.0
2025-04-13 18:00:00+00:00,0.00366,0.003676,0.003463,0.003508,716953224.0
2025-04-14 00:00:00+00:00,0.003509,0.003603,0.003499,0.003503,243587860.0
2025-04-14 06:00:00+00:00,0.003503,0.003576,0.003446,0.003565,196269050.0
2025-04-14 12:00:00+00:00,0.003566,0.00357,0.003417,0.003493,359489633.0
2025-04-14 18:00:00+00:00,0.003493,0.003518,0.003449,0.003459,153788913.0
2025-04-15 00:00:00+00:00,0.00346,0.003496,0.003435,0.003469,157990948.0
2025-04-15 06:00:00+00:00,0.003469,0.003542,0.003451,0.003522,191275832.0
2025-04-15 12:00:00+00:00,0.003522,0.003572,0.003461,0.003473,276273994.0
2025-04-15 18:00:00+00:00,0.003473,0.003494,0.00344,0.003453,143178756.0
2025-04-16 00:00:00+00:00,0.003453,0.003513,0.003431,0.00348,192149299.0
2025-04-16 06:00:00+00:00,0.00348,0.003512,0.003443,0.0035,187835334.0
2025-04-16 12:00:00+00:00,0.0035,0.003569,0.003403,0.003412,371936016.0
2025-04-16 18:00:00+00:00,0.003411,0.00353,0.003409,0.003475,274499000.0
2025-04-17 00:00:00+00:00,0.003475,0.00365,0.003466,0.003635,222723729.0
2025-04-17 06:00:00+00:00,0.003634,0.003705,0.003586,0.003671,949988212.0
2025-04-17 12:00:00+00:00,0.003671,0.003822,0.003666,0.003749,1507618590.0
2025-04-17 18:00:00+00:00,0.003749,0.003782,0.003673,0.003768,415656833.0
2025-04-18 00:00:00+00:00,0.003768,0.003802,0.003621,0.003798,700854573.0
2025-04-18 06:00:00+00:00,0.003799,0.003925,0.003743,0.003784,899369090.0
2025-04-18 12:00:00+00:00,0.003785,0.003811,0.003746,0.003809,254720296.0
2025-04-18 18:00:00+00:00,0.003808,0.003828,0.003753,0.003757,177831336.0
2025-04-19 00:00:00+00:00,0.003758,0.003977,0.003745,0.0038,1281060020.0
2025-04-19 06:00:00+00:00,0.0038,0.003804,0.00375,0.003755,192148821.0
2025-04-19 12:00:00+00:00,0.003755,0.003835,0.003718,0.003827,238519770.0
2025-04-19 18:00:00+00:00,0.003827,0.003845,0.003796,0.003822,155951769.0
2025-04-20 00:00:00+00:00,0.00382,0.003872,0.003765,0.003822,265809008.0
2025-04-20 06:00:00+00:00,0.003822,0.00384,0.0037,0.003729,305563623.0
2025-04-20 12:00:00+00:00,0.003728,0.003837,0.003723,0.003829,223536886.0
2025-04-20 18:00:00+00:00,0.003829,0.00387,0.003812,0.003867,156795028.0
2025-04-21 00:00:00+00:00,0.003866,0.003921,0.003816,0.003878,337867370.0
2025-04-21 06:00:00+00:00,0.003879,0.003921,0.003856,0.003874,172883579.0
2025-04-21 12:00:00+00:00,0.003874,0.003909,0.003788,0.003837,221435862.0
2025-04-21 18:00:00+00:00,0.003836,0.003887,0.003791,0.003811,143376007.0
2025-04-22 00:00:00+00:00,0.003813,0.003846,0.003738,0.003761,278048273.0
2025-04-22 06:00:00+00:00,0.003762,0.003806,0.003711,0.003802,185381321.0
2025-04-22 12:00:00+00:00,0.003802,0.003938,0.0038,0.003874,268400951.0
2025-04-22 18:00:00+00:00,0.003874,0.003984,0.003843,0.003962,192421313.0
2025-04-23 00:00:00+00:00,0.003963,0.004063,0.003938,0.004027,315298508.0
2025-04-23 06:00:00+00:00,0.004025,0.004062,0.003977,0.004017,196348295.0
2025-04-23 12:00:00+00:00,0.004016,0.004062,0.003905,0.00397,395872936.0
2025-04-23 18:00:00+00:00,0.003972,0.004004,0.003912,0.003965,212008820.0
2025-04-24 00:00:00+00:00,0.003965,0.003975,0.003809,0.003863,329713411.0
2025-04-24 06:00:00+00:00,0.003862,0.003883,0.003771,0.003876,173200261.0
2025-04-24 12:00:00+00:00,0.003876,0.004014,0.003865,0.003937,235631008.0
2025-04-24 18:00:00+00:00,0.003936,0.004003,0.003936,0.003993,123143604.0
2025-04-25 00:00:00+00:00,0.003994,0.00405,0.003946,0.00404,212963830.0
2025-04-25 06:00:00+00:00,0.00404,0.004075,0.00401,0.004052,176358567.0
2025-04-25 12:00:00+00:00,0.004053,0.004082,0.003991,0.004021,194269474.0
2025-04-25 18:00:00+00:00,0.00402,0.004075,0.004005,0.004044,127461206.0
2025-04-26 00:00:00+00:00,0.004044,0.004146,0.004043,0.004096,253134660.0
2025-04-26 06:00:00+00:00,0.004094,0.004153,0.00401,0.004027,422857178.0
2025-04-26 12:00:00+00:00,0.004026,0.004118,0.004,0.004098,178470299.0
2025-04-26 18:00:00+00:00,0.004098,0.004161,0.004091,0.004155,122802570.0
2025-04-27 00:00:00+00:00,0.004156,0.004184,0.004014,0.004056,354281800.0
2025-04-27 06:00:00+00:00,0.004057,0.004124,0.004028,0.004103,188741922.0
2025-04-27 12:00:00+00:00,0.004102,0.004121,0.003978,0.004008,260769702.0
2025-04-27 18:00:00+00:00,0.004008,0.004043,0.003965,0.003972,152010464.0
2025-04-28 00:00:00+00:00,0.003973,0.004006,0.003867,0.003969,274737415.0
2025-04-28 06:00:00+00:00,0.00397,0.004088,0.00397,0.00407,236329818.0
2025-04-28 12:00:00+00:00,0.004071,0.004081,0.003877,0.003987,306351910.0
2025-04-28 18:00:00+00:00,0.003987,0.004035,0.003965,0.004022,116382663.0
2025-04-29 00:00:00+00:00,0.004024,0.004072,0.004014,0.004044,120975303.0
2025-04-29 06:00:00+00:00,0.004044,0.004117,0.003971,0.003998,200802873.0
2025-04-29 12:00:00+00:00,0.003999,0.004057,0.003965,0.004028,175893658.0
2025-04-29 18:00:00+00:00,0.004028,0.004034,0.003874,0.003919,205460722.0
2025-04-30 00:00:00+00:00,0.00392,0.003955,0.00388,0.003922,145004994.0
2025-04-30 06:00:00+00:00,0.003923,0.003968,0.003867,0.003949,194818839.0
2025-04-30 12:00:00+00:00,0.003951,0.003955,0.003767,0.003865,370224366.0
2025-04-30 18:00:00+00:00,0.003865,0.003964,0.003857,0.003943,150880516.0
2025-05-01 00:00:00+00:00,0.003944,0.003983,0.003896,0.003947,110300592.0
2025-05-01 06:00:00+00:00,0.003948,0.004056,0.003931,0.004017,118556919.0
2025-05-01 12:00:00+00:00,0.004018,0.004034,0.003948,0.003965,190564465.0
2025-05-01 18:00:00+00:00,0.003966,0.003999,0.003949,0.003968,136366673.0
2025-05-02 00:00:00+00:00,0.003967,0.003997,0.003928,0.003941,116219388.0
2025-05-02 06:00:00+00:00,0.003941,0.003999,0.003923,0.003969,190493540.0
2025-05-02 12:00:00+00:00,0.003969,0.004023,0.003944,0.003984,170965272.0
2025-05-02 18:00:00+00:00,0.003985,0.004022,0.003953,0.004017,101967554.0
2025-05-03 00:00:00+00:00,0.004018,0.004029,0.003955,0.003994,145131658.0
2025-05-03 06:00:00+00:00,0.003994,0.003997,0.003865,0.00387,159862056.0
2025-05-03 12:00:00+00:00,0.003871,0.003909,0.003767,0.003829,212356348.0
2025-05-03 18:00:00+00:00,0.00383,0.00385,0.003799,0.0038,160009185.0
2025-05-04 00:00:00+00:00,0.003801,0.003813,0.003741,0.003766,189929342.0
2025-05-04 06:00:00+00:00,0.003766,0.003775,0.003696,0.003727,200399555.0
2025-05-04 12:00:00+00:00,0.003727,0.003745,0.003644,0.003672,190927857.0
2025-05-04 18:00:00+00:00,0.003672,0.003683,0.003617,0.003633,171353802.0
2025-05-05 00:00:00+00:00,0.003633,0.003687,0.003602,0.003684,214740575.0
2025-05-05 06:00:00+00:00,0.003684,0.003714,0.003623,0.003647,232654807.0
2025-05-05 12:00:00+00:00,0.003648,0.003817,0.00363,0.00379,298264346.0
2025-05-05 18:00:00+00:00,0.003791,0.003852,0.003739,0.00376,398000239.0
2025-05-06 00:00:00+00:00,0.00376,0.003761,0.003657,0.00366,280893233.0
2025-05-06 06:00:00+00:00,0.003661,0.00367,0.003508,0.003527,332105240.0
2025-05-06 12:00:00+00:00,0.003529,0.00357,0.003486,0.003526,335361172.0
2025-05-06 18:00:00+00:00,0.003527,0.003602,0.003458,0.003595,282882783.0
2025-05-07 00:00:00+00:00,0.003592,0.003626,0.003548,0.003563,215976882.0
2025-05-07 06:00:00+00:00,0.003562,0.003612,0.003545,0.003592,183351684.0
2025-05-07 12:00:00+00:00,0.003593,0.003596,0.00349,0.003525,214995180.0
2025-05-07 18:00:00+00:00,0.003525,0.003579,0.003498,0.003559,163424164.0
2025-05-08 00:00:00+00:00,0.00356,0.003741,0.003553,0.003722,246494207.0
2025-05-08 06:00:00+00:00,0.003721,0.003786,0.003721,0.003756,189765883.0
2025-05-08 12:00:00+00:00,0.003757,0.003883,0.003733,0.003874,241907022.0
2025-05-08 18:00:00+00:00,0.003874,0.004029,0.003858,0.004008,304233138.0
2025-05-09 00:00:00+00:00,0.004007,0.004041,0.003958,0.004023,261937577.0
2025-05-09 06:00:00+00:00,0.004023,0.004209,0.004012,0.004132,564737789.0
2025-05-09 12:00:00+00:00,0.004131,0.004171,0.004051,0.004165,337933013.0
2025-05-09 18:00:00+00:00,0.004164,0.004189,0.004123,0.004185,147990842.0
2025-05-10 00:00:00+00:00,0.004186,0.004473,0.004185,0.004354,1615658132.0
2025-05-10 06:00:00+00:00,0.004354,0.004427,0.004271,0.004287,420108304.0
2025-05-10 12:00:00+00:00,0.004288,0.004397,0.004287,0.004348,260807105.0
2025-05-10 18:00:00+00:00,0.004348,0.004543,0.004323,0.004536,248649095.0
2025-05-11 00:00:00+00:00,0.004536,0.0049,0.004339,0.004411,1584193688.0
2025-05-11 06:00:00+00:00,0.004412,0.004429,0.004224,0.004361,506410518.0
2025-05-11 12:00:00+00:00,0.00436,0.004396,0.00423,0.004324,295159389.0
2025-05-11 18:00:00+00:00,0.004324,0.004381,0.004294,0.004336,234005460.0
2025-05-12 00:00:00+00:00,0.004335,0.004398,0.00427,0.004326,296927963.0
2025-05-12 06:00:00+00:00,0.004327,0.004501,0.004315,0.004343,426452202.0
2025-05-12 12:00:00+00:00,0.004344,0.004452,0.004224,0.004298,505952478.0
2025-05-12 18:00:00+00:00,0.004298,0.004322,0.004098,0.004312,351843749.0
2025-05-13 00:00:00+00:00,0.004311,0.004317,0.004059,0.00418,404101635.0
2025-05-13 06:00:00+00:00,0.004179,0.004273,0.004178,0.004257,209168198.0
2025-05-13 12:00:00+00:00,0.004258,0.00436,0.004205,0.004349,261257834.0
2025-05-13 18:00:00+00:00,0.004349,0.004439,0.004345,0.004391,203737473.0
2025-05-14 00:00:00+00:00,0.004392,0.00443,0.004315,0.004398,334818972.0
2025-05-14 06:00:00+00:00,0.004398,0.004407,0.004203,0.00432,373812017.0
2025-05-14 12:00:00+00:00,0.00432,0.00434,0.004181,0.004237,291937428.0
2025-05-14 18:00:00+00:00,0.004237,0.004264,0.004171,0.004201,129253131.0
2025-05-15 00:00:00+00:00,0.0042,0.004261,0.004036,0.004045,339846862.0
2025-05-15 06:00:00+00:00,0.004046,0.004082,0.003908,0.003981,500264146.0
2025-05-15 12:00:00+00:00,0.003981,0.004114,0.003882,0.00407,486411086.0
2025-05-15 18:00:00+00:00,0.004069,0.004076,0.003909,0.003993,364102288.0
2025-05-16 00:00:00+00:00,0.003991,0.004071,0.00397,0.004042,259138939.0
2025-05-16 06:00:00+00:00,0.004042,0.004069,0.003968,0.004028,247604655.0
2025-05-16 12:00:00+00:00,0.004029,0.00404,0.003924,0.003935,224028832.0
2025-05-16 18:00:00+00:00,0.003935,0.003973,0.003858,0.003892,224932051.0
2025-05-17 00:00:00+00:00,0.003892,0.003912,0.003771,0.003829,324625555.0
2025-05-17 06:00:00+00:00,0.003829,0.003861,0.00378,0.003814,216744772.0
2025-05-17 12:00:00+00:00,0.003812,0.003846,0.003759,0.003797,234848480.0
2025-05-17 18:00:00+00:00,0.003798,0.003838,0.003746,0.003789,242680385.0
2025-05-18 00:00:00+00:00,0.003791,0.003877,0.00377,0.003873,189599626.0
2025-05-18 06:00:00+00:00,0.003872,0.003933,0.003835,0.003866,248620878.0
2025-05-18 12:00:00+00:00,0.003865,0.003998,0.003841,0.003894,241737377.0
2025-05-18 18:00:00+00:00,0.003895,0.003959,0.003714,0.003942,481368954.0
2025-05-19 00:00:00+00:00,0.003942,0.003966,0.003677,0.003733,397138275.0
2025-05-19 06:00:00+00:00,0.003733,0.00377,0.003669,0.003719,283951888.0
2025-05-19 12:00:00+00:00,0.003718,0.003877,0.003674,0.003842,281171520.0
2025-05-19 18:00:00+00:00,0.003841,0.00385,0.003794,0.003844,180854140.0
2025-05-20 00:00:00+00:00,0.003844,0.003918,0.003823,0.003884,226512562.0
2025-05-20 06:00:00+00:00,0.003885,0.003895,0.003823,0.003848,218796653.0
2025-05-20 12:00:00+00:00,0.003848,0.003897,0.003795,0.003888,366866466.0
2025-05-20 18:00:00+00:00,0.003886,0.003972,0.003816,0.00396,327728050.0
2025-05-21 00:00:00+00:00,0.003961,0.003992,0.003882,0.00398,302448476.0
2025-05-21 06:00:00+00:00,0.00398,0.004002,0.003888,0.003946,263894127.0
2025-05-21 12:00:00+00:00,0.003945,0.004052,0.003863,0.003903,552958571.0
2025-05-21 18:00:00+00:00,0.003904,0.004058,0.003891,0.004017,320391589.0
2025-05-22 00:00:00+00:00,0.004018,0.00409,0.00401,0.004056,300021851.0
2025-05-22 06:00:00+00:00,0.004056,0.004132,0.004044,0.004094,233137024.0
2025-05-22 12:00:00+00:00,0.004095,0.004179,0.004087,0.004174,254994025.0
2025-05-22 18:00:00+00:00,0.004174,0.004191,0.004132,0.004175,148737239.0
2025-05-23 00:00:00+00:00,0.004176,0.004245,0.004149,0.004186,242140185.0
2025-05-23 06:00:00+00:00,0.004184,0.004198,0.003956,0.00399,397386287.0
2025-05-23 12:00:00+00:00,0.003991,0.004085,0.003894,0.004045,587273528.0
2025-05-23 18:00:00+00:00,0.004044,0.004056,0.003864,0.003885,239973771.0
2025-05-24 00:00:00+00:00,0.003886,0.003968,0.003866,0.003948,223625402.0
2025-05-24 06:00:00+00:00,0.003946,0.00399,0.003929,0.003971,125294747.0
2025-05-24 12:00:00+00:00,0.003971,0.004041,0.003955,0.004002,178056302.0
2025-05-24 18:00:00+00:00,0.004,0.004015,0.003914,0.003931,144920234.0
2025-05-25 00:00:00+00:00,0.003932,0.003943,0.003841,0.003878,192895983.0
2025-05-25 06:00:00+00:00,0.003877,0.003878,0.00377,0.003827,187776040.0
2025-05-25 12:00:00+00:00,0.003827,0.003861,0.003756,0.003801,184802734.0
2025-05-25 18:00:00+00:00,0.003802,0.003936,0.003786,0.003927,234800991.0
2025-05-26 00:00:00+00:00,0.003927,0.003968,0.003904,0.003944,240988822.0
2025-05-26 06:00:00+00:00,0.003942,0.003985,0.003919,0.003929,154449359.0
2025-05-26 12:00:00+00:00,0.003929,0.003954,0.003828,0.003838,292017058.0
2025-05-26 18:00:00+00:00,0.003837,0.003902,0.003829,0.003873,133538905.0
2025-05-27 00:00:00+00:00,0.003873,0.003901,0.003791,0.003876,171598195.0
2025-05-27 06:00:00+00:00,0.003876,0.00395,0.003876,0.003935,148559575.0
2025-05-27 12:00:00+00:00,0.003935,0.003992,0.003893,0.003975,203136403.0
2025-05-27 18:00:00+00:00,0.003974,0.003979,0.003883,0.003921,113972430.0
2025-05-28 00:00:00+00:00,0.003921,0.003954,0.003899,0.003928,156698630.0
2025-05-28 06:00:00+00:00,0.003925,0.003926,0.00382,0.003906,248613193.0
2025-05-28 12:00:00+00:00,0.003907,0.00396,0.003793,0.003835,302440385.0
2025-05-28 18:00:00+00:00,0.003835,0.003882,0.003771,0.003872,177419932.0
2025-05-29 00:00:00+00:00,0.003872,0.003939,0.003848,0.003879,288028646.0
2025-05-29 06:00:00+00:00,0.003878,0.003887,0.003831,0.003846,163140799.0
2025-05-29 12:00:00+00:00,0.003846,0.003849,0.003608,0.003721,880337876.0
2025-05-29 18:00:00+00:00,0.003722,0.003765,0.003681,0.003711,195847102.0
2025-05-30 00:00:00+00:00,0.003709,0.003733,0.003491,0.003651,548146373.0
2025-05-30 06:00:00+00:00,0.003651,0.003651,0.003576,0.003623,362883290.0
2025-05-30 12:00:00+00:00,0.003622,0.00363,0.003472,0.003545,389258555.0
2025-05-30 18:00:00+00:00,0.003545,0.003597,0.003453,0.003477,313356236.0
2025-05-31 00:00:00+00:00,0.003476,0.003486,0.00333,0.003377,770364803.0
2025-05-31 06:00:00+00:00,0.003376,0.003417,0.003337,0.003353,270024653.0
2025-05-31 12:00:00+00:00,0.003353,0.003442,0.00335,0.003401,217017687.0
2025-05-31 18:00:00+00:00,0.0034,0.003421,0.00337,0.003374,172100540.0
2025-06-01 00:00:00+00:00,0.003374,0.003416,0.003345,0.003406,180441001.0
2025-06-01 06:00:00+00:00,0.003406,0.003406,0.003311,0.003353,481144761.0
2025-06-01 12:00:00+00:00,0.003353,0.003417,0.003332,0.003408,206027069.0
2025-06-01 18:00:00+00:00,0.003408,0.003468,0.003382,0.003458,150168578.0
2025-06-02 00:00:00+00:00,0.003459,0.00349,0.003402,0.003423,207221811.0
2025-06-02 06:00:00+00:00,0.003424,0.003476,0.003404,0.00342,200868021.0
2025-06-02 12:00:00+00:00,0.003419,0.003489,0.003413,0.003451,243355685.0
2025-06-02 18:00:00+00:00,0.003451,0.003537,0.003418,0.003529,213463906.0
2025-06-03 00:00:00+00:00,0.003529,0.003611,0.003528,0.003575,175963676.0
2025-06-03 06:00:00+00:00,0.003575,0.003614,0.003533,0.003599,146480538.0
2025-06-03 12:00:00+00:00,0.003598,0.003665,0.003584,0.003662,210468190.0
2025-06-03 18:00:00+00:00,0.003662,0.003678,0.003596,0.00361,191442171.0
2025-06-04 00:00:00+00:00,0.003611,0.003672,0.003603,0.003645,149961673.0
2025-06-04 06:00:00+00:00,0.003646,0.003651,0.003578,0.003581,167962250.0
2025-06-04 12:00:00+00:00,0.003581,0.003618,0.003538,0.003585,330625751.0
2025-06-04 18:00:00+00:00,0.003585,0.003593,0.003516,0.003536,139186770.0
2025-06-05 00:00:00+00:00,0.003536,0.003573,0.00351,0.003514,154308933.0
2025-06-05 06:00:00+00:00,0.003515,0.003595,0.003495,0.003518,277437389.0
2025-06-05 12:00:00+00:00,0.003518,0.003566,0.003468,0.003496,200186732.0
2025-06-05 18:00:00+00:00,0.003497,0.003498,0.00328,0.003345,569113423.0
2025-06-06 00:00:00+00:00,0.003345,0.003415,0.003331,0.003408,212822327.0
2025-06-06 06:00:00+00:00,0.003407,0.003503,0.003403,0.003491,724857853.0
2025-06-06 12:00:00+00:00,0.003489,0.00427,0.003429,0.003589,23856913730.0
2025-06-06 18:00:00+00:00,0.003589,0.003611,0.003465,0.003526,2015181745.0
2025-06-07 00:00:00+00:00,0.003525,0.00356,0.003414,0.003557,1873301611.0
2025-06-07 06:00:00+00:00,0.003557,0.00364,0.003544,0.003623,1428351139.0
2025-06-07 12:00:00+00:00,0.003623,0.003671,0.003558,0.003608,1705274201.0
2025-06-07 18:00:00+00:00,0.003607,0.003784,0.003604,0.003748,892126610.0
2025-06-08 00:00:00+00:00,0.003746,0.004058,0.003691,0.003822,10931244969.0
2025-06-08 06:00:00+00:00,0.003822,0.003929,0.003807,0.003866,4008650304.0
2025-06-08 12:00:00+00:00,0.003866,0.003957,0.00382,0.003868,3699463807.0
2025-06-08 18:00:00+00:00,0.003869,0.00393,0.003838,0.003923,1574019533.0
2025-06-09 00:00:00+00:00,0.003923,0.004051,0.003733,0.003742,4937865138.0
2025-06-09 06:00:00+00:00,0.003742,0.003913,0.003742,0.003912,1737111653.0
2025-06-09 12:00:00+00:00,0.003912,0.004023,0.003908,0.003995,1867026661.0
2025-06-09 18:00:00+00:00,0.003995,0.00415,0.003971,0.004132,940102494.0
2025-06-10 00:00:00+00:00,0.004131,0.004302,0.004035,0.004099,2284263623.0
2025-06-10 06:00:00+00:00,0.0041,0.004274,0.004064,0.004244,1367541809.0
2025-06-10 12:00:00+00:00,0.004244,0.004337,0.004161,0.004219,1096798270.0
2025-06-10 18:00:00+00:00,0.00422,0.00432,0.00421,0.00429,487195070.0
2025-06-11 00:00:00+00:00,0.004288,0.004291,0.004119,0.004159,784227292.0
2025-06-11 06:00:00+00:00,0.004159,0.004526,0.004098,0.004121,2534951769.0
2025-06-11 12:00:00+00:00,0.004121,0.004199,0.00407,0.00407,774451440.0
2025-06-11 18:00:00+00:00,0.004071,0.004099,0.003949,0.00397,639438587.0
2025-06-12 00:00:00+00:00,0.003969,0.003984,0.003902,0.003937,527906448.0
2025-06-12 06:00:00+00:00,0.003936,0.004057,0.003916,0.003976,833964918.0
2025-06-12 12:00:00+00:00,0.003974,0.004106,0.003823,0.003853,1382921989.0
2025-06-12 18:00:00+00:00,0.003853,0.003857,0.00364,0.003641,659012884.0
2025-06-13 00:00:00+00:00,0.003641,0.003651,0.003414,0.003554,1669004497.0
2025-06-13 06:00:00+00:00,0.003554,0.003618,0.003519,0.003548,542604336.0
2025-06-13 12:00:00+00:00,0.003547,0.003564,0.003448,0.003549,650261406.0
2025-06-13 18:00:00+00:00,0.003548,0.003554,0.003479,0.00353,256131879.0
2025-06-14 00:00:00+00:00,0.00353,0.003531,0.003462,0.003509,358213523.0
2025-06-14 06:00:00+00:00,0.003509,0.003511,0.003453,0.003481,357166843.0
2025-06-14 12:00:00+00:00,0.00348,0.003515,0.00337,0.003391,507396631.0
2025-06-14 18:00:00+00:00,0.003392,0.003412,0.003347,0.0034,305361786.0
2025-06-15 00:00:00+00:00,0.0034,0.003535,0.00339,0.00351,611480157.0
2025-06-15 06:00:00+00:00,0.00351,0.003637,0.003406,0.003428,2266750165.0
2025-06-15 12:00:00+00:00,0.003428,0.003454,0.003378,0.003441,767668380.0
2025-06-15 18:00:00+00:00,0.003442,0.003451,0.00338,0.003429,411706391.0
2025-06-16 00:00:00+00:00,0.003428,0.003494,0.003385,0.003481,490521539.0
2025-06-16 06:00:00+00:00,0.003482,0.003612,0.003476,0.003529,984082415.0
2025-06-16 12:00:00+00:00,0.003529,0.00358,0.003481,0.003545,589627384.0
2025-06-16 18:00:00+00:00,0.003545,0.003576,0.003414,0.003428,425733646.0
2025-06-17 00:00:00+00:00,0.003427,0.003463,0.003364,0.003433,464027675.0
2025-06-17 06:00:00+00:00,0.003433,0.003445,0.003362,0.003379,269727449.0
2025-06-17 12:00:00+00:00,0.003379,0.003411,0.00324,0.003265,479228354.0
2025-06-17 18:00:00+00:00,0.003264,0.003363,0.003252,0.003281,302250533.0
2025-06-18 00:00:00+00:00,0.003281,0.003333,0.003261,0.003315,270707117.0
2025-06-18 06:00:00+00:00,0.003315,0.003324,0.003206,0.003242,315925064.0
2025-06-18 12:00:00+00:00,0.003243,0.003252,0.003144,0.00324,489644965.0
2025-06-18 18:00:00+00:00,0.003239,0.003287,0.003185,0.003273,250323561.0
2025-06-19 00:00:00+00:00,0.003273,0.003289,0.003211,0.003229,320046859.0
2025-06-19 06:00:00+00:00,0.003229,0.003249,0.003209,0.003225,203677359.0
2025-06-19 12:00:00+00:00,0.003226,0.003237,0.003158,0.003208,286962722.0
2025-06-19 18:00:00+00:00,0.003209,0.003236,0.003187,0.003208,216502350.0
2025-06-20 00:00:00+00:00,0.003208,0.003252,0.003192,0.003241,335174806.0
2025-06-20 06:00:00+00:00,0.003241,0.003306,0.003228,0.003301,358287211.0
2025-06-20 12:00:00+00:00,0.003301,0.003314,0.003099,0.003165,496376070.0
2025-06-20 18:00:00+00:00,0.003164,0.003216,0.003115,0.003131,267317908.0
2025-06-21 00:00:00+00:00,0.003131,0.003177,0.00312,0.003171,189650088.0
2025-06-21 06:00:00+00:00,0.003171,0.00319,0.003163,0.003175,113286761.0
2025-06-21 12:00:00+00:00,0.003175,0.003182,0.003044,0.003067,282736768.0
2025-06-21 18:00:00+00:00,0.003067,0.003082,0.002886,0.003011,855903748.0
2025-06-22 00:00:00+00:00,0.003012,0.003047,0.002948,0.002993,395763783.0
2025-06-22 06:00:00+00:00,0.002993,0.003009,0.002932,0.002949,260636722.0
2025-06-22 12:00:00+00:00,0.002949,0.002965,0.002817,0.002881,585851106.0
2025-06-22 18:00:00+00:00,0.002882,0.002918,0.002787,0.002917,378466100.0
2025-06-23 00:00:00+00:00,0.002917,0.002939,0.002889,0.002935,238272129.0
2025-06-23 06:00:00+00:00,0.002935,0.002964,0.00293,0.002958,157016249.0
2025-06-23 12:00:00+00:00,0.002958,0.003063,0.002944,0.00306,506872867.0
2025-06-23 18:00:00+00:00,0.00306,0.003237,0.003057,0.003221,355724505.0
2025-06-24 00:00:00+00:00,0.003221,0.003234,0.003182,0.003234,253825708.0
2025-06-24 06:00:00+00:00,0.003234,0.003246,0.003178,0.003197,235954202.0
2025-06-24 12:00:00+00:00,0.003198,0.00326,0.003185,0.003231,234474241.0
2025-06-24 18:00:00+00:00,0.00323,0.003266,0.003205,0.003266,166358663.0
2025-06-25 00:00:00+00:00,0.003265,0.00327,0.003215,0.00322,164659205.0
2025-06-25 06:00:00+00:00,0.003219,0.00325,0.0032,0.003245,224117268.0
2025-06-25 12:00:00+00:00,0.003246,0.003262,0.003153,0.00318,259442101.0
2025-06-25 18:00:00+00:00,0.003179,0.003236,0.003164,0.003186,185306704.0
2025-06-26 00:00:00+00:00,0.003186,0.003319,0.003184,0.003297,788034540.0
2025-06-26 06:00:00+00:00,0.003296,0.003305,0.003195,0.003235,541129862.0
2025-06-26 12:00:00+00:00,0.003234,0.003236,0.003119,0.003137,352321730.0
2025-06-26 18:00:00+00:00,0.003136,0.003206,0.003133,0.003158,221952542.0
2025-06-27 00:00:00+00:00,0.003158,0.0032,0.003103,0.003165,201277011.0
2025-06-27 06:00:00+00:00,0.003166,0.003179,0.003122,0.00313,215528473.0
2025-06-27 12:00:00+00:00,0.00313,0.003198,0.003101,0.003161,342215040.0
2025-06-27 18:00:00+00:00,0.003158,0.003171,0.003106,0.00316,151353681.0
2025-06-28 00:00:00+00:00,0.00316,0.003171,0.003131,0.003137,131399385.0
2025-06-28 06:00:00+00:00,0.003137,0.003178,0.003132,0.003171,111829126.0
2025-06-28 12:00:00+00:00,0.003172,0.003238,0.003164,0.003233,169464659.0
2025-06-28 18:00:00+00:00,0.003234,0.003266,0.00322,0.003246,136711087.0
2025-06-29 00:00:00+00:00,0.003246,0.003262,0.003219,0.003252,110452927.0
2025-06-29 06:00:00+00:00,0.003252,0.003287,0.003246,0.003268,108119153.0
2025-06-29 12:00:00+00:00,0.003268,0.00328,0.003227,0.003274,117351853.0
2025-06-29 18:00:00+00:00,0.003274,0.003375,0.003259,0.003348,252964942.0
2025-06-30 00:00:00+00:00,0.003348,0.003371,0.00328,0.003295,177898767.0
2025-06-30 06:00:00+00:00,0.003296,0.003301,0.003248,0.003265,142030731.0
2025-06-30 12:00:00+00:00,0.003265,0.003296,0.003213,0.00328,228408957.0
2025-06-30 18:00:00+00:00,0.003281,0.003312,0.003258,0.003283,134819840.0
2025-07-01 00:00:00+00:00,0.003282,0.003285,0.003186,0.003216,179521085.0
2025-07-01 06:00:00+00:00,0.003217,0.003218,0.003163,0.003171,167016082.0
2025-07-01 12:00:00+00:00,0.003172,0.003196,0.003136,0.00317,175661348.0
2025-07-01 18:00:00+00:00,0.003171,0.003174,0.00313,0.003149,119667504.0
2025-07-02 00:00:00+00:00,0.003148,0.003217,0.003129,0.003211,156237915.0
2025-07-02 06:00:00+00:00,0.00321,0.003257,0.003201,0.003233,105848153.0
2025-07-02 12:00:00+00:00,0.003234,0.003413,0.003226,0.003405,337788317.0
2025-07-02 18:00:00+00:00,0.003406,0.003448,0.003375,0.003378,247701453.0
2025-07-03 00:00:00+00:00,0.003379,0.003426,0.003356,0.003424,183502278.0
2025-07-03 06:00:00+00:00,0.003424,0.003433,0.003375,0.003385,148341225.0
2025-07-03 12:00:00+00:00,0.003384,0.003438,0.003358,0.003396,235742189.0
2025-07-03 18:00:00+00:00,0.003397,0.003449,0.003375,0.003412,273055880.0
2025-07-04 00:00:00+00:00,0.003412,0.003419,0.003315,0.003333,191512369.0
2025-07-04 06:00:00+00:00,0.003333,0.003334,0.003265,0.003299,168422160.0
2025-07-04 12:00:00+00:00,0.003299,0.003319,0.003194,0.003224,243077580.0
2025-07-04 18:00:00+00:00,0.003223,0.003246,0.003183,0.003245,176442807.0
2025-07-05 00:00:00+00:00,0.003245,0.003274,0.003227,0.003261,145036529.0
2025-07-05 06:00:00+00:00,0.003262,0.003276,0.003235,0.003247,101570785.0
2025-07-05 12:00:00+00:00,0.003248,0.003257,0.003206,0.00321,155566536.0
2025-07-05 18:00:00+00:00,0.003211,0.003242,0.00318,0.00323,109543425.0
2025-07-06 00:00:00+00:00,0.00323,0.003234,0.003207,0.003216,78983241.0
2025-07-06 06:00:00+00:00,0.003216,0.003237,0.003198,0.003221,78482519.0
2025-07-06 12:00:00+00:00,0.00322,0.003283,0.003216,0.003277,123615168.0
2025-07-06 18:00:00+00:00,0.003276,0.003312,0.003247,0.003276,117761192.0
2025-07-07 00:00:00+00:00,0.003276,0.003316,0.003251,0.003309,247969686.0
2025-07-07 06:00:00+00:00,0.003309,0.003359,0.003299,0.003337,216683603.0
2025-07-07 12:00:00+00:00,0.003336,0.003385,0.003258,0.00329,233175104.0
2025-07-07 18:00:00+00:00,0.00329,0.003312,0.003236,0.003291,139285094.0
2025-07-08 00:00:00+00:00,0.003291,0.003297,0.003252,0.003294,149411149.0
2025-07-08 06:00:00+00:00,0.003295,0.003354,0.003278,0.003353,95251629.0
2025-07-08 12:00:00+00:00,0.003352,0.003382,0.003307,0.003378,167554220.0
2025-07-08 18:00:00+00:00,0.003379,0.003409,0.003374,0.003405,118020620.0
2025-07-09 00:00:00+00:00,0.003405,0.003477,0.003375,0.003457,257941186.0
2025-07-09 06:00:00+00:00,0.003458,0.003606,0.003453,0.003546,701094921.0
2025-07-09 12:00:00+00:00,0.003547,0.003557,0.003466,0.003493,351353653.0
2025-07-09 18:00:00+00:00,0.003494,0.003574,0.003484,0.003535,217433245.0
2025-07-10 00:00:00+00:00,0.003536,0.003551,0.00351,0.003515,151359595.0
2025-07-10 06:00:00+00:00,0.003514,0.003554,0.003507,0.003543,197371508.0
2025-07-10 12:00:00+00:00,0.003543,0.003584,0.0035,0.003579,254220155.0
2025-07-10 18:00:00+00:00,0.00358,0.003797,0.003558,0.003712,470629537.0
2025-07-11 00:00:00+00:00,0.003712,0.003791,0.003643,0.003765,795425510.0
2025-07-11 06:00:00+00:00,0.003764,0.003787,0.003674,0.003723,379420048.0
2025-07-11 12:00:00+00:00,0.003724,0.003874,0.003689,0.003861,449194400.0
2025-07-11 18:00:00+00:00,0.003862,0.004051,0.003667,0.003779,1542994259.0
2025-07-12 00:00:00+00:00,0.003779,0.003905,0.003682,0.003897,482987794.0
2025-07-12 06:00:00+00:00,0.003897,0.00396,0.003789,0.003819,580626277.0
2025-07-12 12:00:00+00:00,0.003821,0.003867,0.003667,0.003749,438631566.0
2025-07-12 18:00:00+00:00,0.003749,0.003762,0.003672,0.003741,209262694.0
2025-07-13 00:00:00+00:00,0.003741,0.003758,0.003685,0.003716,188319846.0
2025-07-13 06:00:00+00:00,0.003715,0.003783,0.003711,0.003751,198752516.0
2025-07-13 12:00:00+00:00,0.003751,0.003861,0.003743,0.003801,241539928.0
2025-07-13 18:00:00+00:00,0.003799,0.003824,0.0037,0.003759,161559367.0
2025-07-14 00:00:00+00:00,0.003761,0.003889,0.003742,0.00384,269043756.0
2025-07-14 06:00:00+00:00,0.00384,0.003878,0.0038,0.003814,163180761.0
2025-07-14 12:00:00+00:00,0.003813,0.003844,0.0037,0.00374,257573513.0
2025-07-14 18:00:00+00:00,0.00374,0.00374,0.003666,0.003716,136921042.0
2025-07-15 00:00:00+00:00,0.003714,0.00373,0.003556,0.003621,379143908.0
2025-07-15 06:00:00+00:00,0.003621,0.003636,0.003563,0.003603,248319511.0
2025-07-15 12:00:00+00:00,0.003603,0.003709,0.003564,0.003709,361084730.0
2025-07-15 18:00:00+00:00,0.003708,0.003766,0.003635,0.003764,176197841.0
2025-07-16 00:00:00+00:00,0.003764,0.003838,0.003694,0.003747,316317197.0
2025-07-16 06:00:00+00:00,0.003747,0.00378,0.003712,0.003727,171505574.0
2025-07-16 12:00:00+00:00,0.003728,0.003783,0.003691,0.003701,293783591.0
2025-07-16 18:00:00+00:00,0.003702,0.00376,0.003672,0.003713,507247767.0
2025-07-17 00:00:00+00:00,0.003713,0.003751,0.003611,0.003676,401702623.0
2025-07-17 06:00:00+00:00,0.003677,0.003754,0.003659,0.003699,268026245.0
2025-07-17 12:00:00+00:00,0.003699,0.00372,0.003605,0.003673,416570340.0
2025-07-17 18:00:00+00:00,0.003672,0.003741,0.003568,0.003704,291100822.0
2025-07-18 00:00:00+00:00,0.003702,0.003873,0.003692,0.00387,384349173.0
2025-07-18 06:00:00+00:00,0.00387,0.003872,0.00373,0.003777,411218001.0
2025-07-18 12:00:00+00:00,0.003776,0.003837,0.003657,0.003712,531082696.0
2025-07-18 18:00:00+00:00,0.003711,0.003713,0.003558,0.003641,381864975.0
2025-07-19 00:00:00+00:00,0.003641,0.003709,0.003576,0.003687,211349850.0
2025-07-19 06:00:00+00:00,0.003686,0.003761,0.00366,0.003696,531846141.0
2025-07-19 12:00:00+00:00,0.003695,0.003884,0.003684,0.003867,1064116928.0
2025-07-19 18:00:00+00:00,0.003864,0.003997,0.003725,0.00385,1293741283.0
2025-07-20 00:00:00+00:00,0.003852,0.003926,0.003793,0.003877,726289814.0
2025-07-20 06:00:00+00:00,0.003878,0.004068,0.003849,0.004056,647454749.0
2025-07-20 12:00:00+00:00,0.004055,0.005391,0.004034,0.004435,10312045764.0
2025-07-20 18:00:00+00:00,0.004435,0.004547,0.00432,0.004478,2106772273.0
2025-07-21 00:00:00+00:00,0.004477,0.00454,0.004267,0.004461,2016882933.0
2025-07-21 06:00:00+00:00,0.004461,0.004631,0.004409,0.004448,1478994566.0
2025-07-21 12:00:00+00:00,0.004447,0.004481,0.00431,0.004363,956835344.0
2025-07-21 18:00:00+00:00,0.004363,0.004391,0.004255,0.004322,442904130.0
2025-07-22 00:00:00+00:00,0.004322,0.004343,0.004047,0.004074,1056508713.0
2025-07-22 06:00:00+00:00,0.004074,0.004193,0.00406,0.004172,563183997.0
2025-07-22 12:00:00+00:00,0.004171,0.004247,0.004108,0.004191,598242434.0
2025-07-22 18:00:00+00:00,0.004189,0.004276,0.004169,0.00426,413263111.0
2025-07-23 00:00:00+00:00,0.004261,0.004261,0.004177,0.004225,291583811.0
2025-07-23 06:00:00+00:00,0.004224,0.004448,0.004171,0.004241,2231412301.0
2025-07-23 12:00:00+00:00,0.004241,0.004253,0.003978,0.004024,1221877771.0
2025-07-23 18:00:00+00:00,0.004026,0.004073,0.003875,0.003988,451062809.0
2025-07-24 00:00:00+00:00,0.003988,0.00408,0.003816,0.003832,460283029.0
2025-07-24 06:00:00+00:00,0.003832,0.003987,0.003705,0.003973,569249731.0
2025-07-24 12:00:00+00:00,0.003972,0.00404,0.003881,0.003993,413722957.0
2025-07-24 18:00:00+00:00,0.003991,0.004019,0.003898,0.003915,176830016.0
2025-07-25 00:00:00+00:00,0.003916,0.003949,0.003808,0.003838,367164686.0
2025-07-25 06:00:00+00:00,0.003838,0.004002,0.003808,0.003994,418725283.0
2025-07-25 12:00:00+00:00,0.003994,0.004026,0.003846,0.003914,355855578.0
2025-07-25 18:00:00+00:00,0.003914,0.004021,0.003903,0.004021,152784876.0
2025-07-26 00:00:00+00:00,0.00402,0.004117,0.003996,0.004009,591088206.0
2025-07-26 06:00:00+00:00,0.004009,0.004107,0.003997,0.004047,323548582.0
2025-07-26 12:00:00+00:00,0.004047,0.00419,0.00403,0.004151,914800578.0
2025-07-26 18:00:00+00:00,0.004153,0.004233,0.00413,0.004192,308431450.0
2025-07-27 00:00:00+00:00,0.00419,0.004204,0.004142,0.004196,255278108.0
2025-07-27 06:00:00+00:00,0.004195,0.004232,0.004115,0.00417,442458689.0
2025-07-27 12:00:00+00:00,0.00417,0.004343,0.004158,0.004247,979014226.0
2025-07-27 18:00:00+00:00,0.004247,0.004275,0.004194,0.004266,216058539.0
2025-07-28 00:00:00+00:00,0.004267,0.004274,0.004115,0.004211,421543252.0
2025-07-28 06:00:00+00:00,0.004211,0.00422,0.004133,0.004145,212870894.0
2025-07-28 12:00:00+00:00,0.004146,0.004153,0.003959,0.003966,504312874.0
2025-07-28 18:00:00+00:00,0.003967,0.00397,0.003838,0.003898,385166210.0
2025-07-29 00:00:00+00:00,0.003898,0.004019,0.003815,0.003988,365150776.0
2025-07-29 06:00:00+00:00,0.003987,0.004224,0.003931,0.00397,1331658673.0
2025-07-29 12:00:00+00:00,0.00397,0.004024,0.003826,0.003888,445416856.0
2025-07-29 18:00:00+00:00,0.003888,0.003929,0.003823,0.003922,207587411.0
2025-07-30 00:00:00+00:00,0.003921,0.003923,0.003837,0.003872,199285013.0
2025-07-30 06:00:00+00:00,0.003872,0.003885,0.003691,0.003732,363021027.0
2025-07-30 12:00:00+00:00,0.003732,0.003824,0.003708,0.003815,297688618.0
2025-07-30 18:00:00+00:00,0.003814,0.003833,0.003615,0.003829,303134118.0
2025-07-31 00:00:00+00:00,0.003828,0.003886,0.003822,0.003875,143315678.0
2025-07-31 06:00:00+00:00,0.003874,0.003901,0.003852,0.003865,134730249.0
2025-07-31 12:00:00+00:00,0.003866,0.003869,0.003723,0.003767,280493248.0
2025-07-31 18:00:00+00:00,0.003768,0.003788,0.003612,0.003628,260932086.0
2025-08-01 00:00:00+00:00,0.003629,0.00369,0.003549,0.003621,319889093.0
2025-08-01 06:00:00+00:00,0.00362,0.003646,0.003544,0.003605,248453457.0
2025-08-01 12:00:00+00:00,0.003605,0.00365,0.00354,0.003585,305292330.0
2025-08-01 18:00:00+00:00,0.003585,0.003638,0.003474,0.00358,308759727.0
2025-08-02 00:00:00+00:00,0.00358,0.003629,0.003569,0.003611,126876889.0
2025-08-02 06:00:00+00:00,0.003611,0.003616,0.003531,0.003579,150898991.0
2025-08-02 12:00:00+00:00,0.00358,0.003602,0.003494,0.003506,204901560.0
2025-08-02 18:00:00+00:00,0.003505,0.003561,0.003465,0.003516,245704635.0
2025-08-03 00:00:00+00:00,0.003515,0.003573,0.00346,0.003563,154978429.0
2025-08-03 06:00:00+00:00,0.003563,0.003618,0.003551,0.003592,134444546.0
2025-08-03 12:00:00+00:00,0.003593,0.003604,0.003566,0.003593,114134384.0
2025-08-03 18:00:00+00:00,0.003594,0.003612,0.00358,0.003585,72004290.0
2025-08-04 00:00:00+00:00,0.003586,0.00365,0.003585,0.003617,127527091.0
2025-08-04 06:00:00+00:00,0.003617,0.00364,0.003598,0.00361,105542828.0
2025-08-04 12:00:00+00:00,0.00361,0.003695,0.00359,0.003674,184793021.0
2025-08-04 18:00:00+00:00,0.003674,0.003693,0.003646,0.003689,79943592.0
2025-08-05 00:00:00+00:00,0.003689,0.003697,0.003618,0.003633,170840285.0
2025-08-05 06:00:00+00:00,0.003633,0.003677,0.003555,0.003669,254592524.0
2025-08-05 12:00:00+00:00,0.00367,0.003679,0.003512,0.003573,277133900.0
2025-08-05 18:00:00+00:00,0.003573,0.003573,0.00349,0.003556,148808325.0
2025-08-06 00:00:00+00:00,0.003556,0.003559,0.003459,0.003528,210997967.0
2025-08-06 06:00:00+00:00,0.003529,0.003559,0.003499,0.003518,215389029.0
2025-08-06 12:00:00+00:00,0.003519,0.003585,0.003489,0.003582,193816198.0
2025-08-06 18:00:00+00:00,0.003581,0.003594,0.00356,0.003572,110217655.0
2025-08-07 00:00:00+00:00,0.003572,0.003594,0.003544,0.003573,125494833.0
2025-08-07 06:00:00+00:00,0.003574,0.003689,0.003571,0.003683,349609325.0
2025-08-07 12:00:00+00:00,0.003682,0.003686,0.003596,0.003642,197267012.0
2025-08-07 18:00:00+00:00,0.003641,0.003711,0.003619,0.003708,166816301.0
2025-08-08 00:00:00+00:00,0.003708,0.003743,0.003666,0.003675,268361616.0
2025-08-08 06:00:00+00:00,0.003675,0.003737,0.003671,0.003728,138332183.0
2025-08-08 12:00:00+00:00,0.003728,0.003784,0.003674,0.003784,207145327.0
2025-08-08 18:00:00+00:00,0.003783,0.003801,0.003771,0.003777,109239952.0
2025-08-09 00:00:00+00:00,0.003778,0.003864,0.003776,0.003856,176020548.0
2025-08-09 06:00:00+00:00,0.003855,0.003887,0.003828,0.003858,188340185.0
2025-08-09 12:00:00+00:00,0.003859,0.003879,0.003794,0.003844,227362158.0
2025-08-09 18:00:00+00:00,0.003844,0.003868,0.003803,0.00382,136270444.0
2025-08-10 00:00:00+00:00,0.003819,0.003885,0.003806,0.00382,292555709.0
2025-08-10 06:00:00+00:00,0.003819,0.003832,0.003725,0.003747,338179998.0
2025-08-10 12:00:00+00:00,0.003747,0.003816,0.003714,0.003801,193273918.0
2025-08-10 18:00:00+00:00,0.003802,0.003823,0.003748,0.00379,116567247.0
2025-08-11 00:00:00+00:00,0.00379,0.003887,0.003767,0.00384,176120202.0
2025-08-11 06:00:00+00:00,0.003841,0.003847,0.003689,0.003702,237368493.0
2025-08-11 12:00:00+00:00,0.003704,0.003786,0.003666,0.003741,246525120.0
2025-08-11 18:00:00+00:00,0.003739,0.003837,0.003625,0.003641,687963910.0
2025-08-12 00:00:00+00:00,0.003644,0.003704,0.003623,0.003642,159557824.0
2025-08-12 06:00:00+00:00,0.003642,0.003673,0.003569,0.00361,252695732.0
2025-08-12 12:00:00+00:00,0.00361,0.003819,0.003597,0.003805,343504639.0
2025-08-12 18:00:00+00:00,0.003805,0.003875,0.003796,0.003819,343464376.0
2025-08-13 00:00:00+00:00,0.00382,0.003887,0.003805,0.003826,265541774.0
2025-08-13 06:00:00+00:00,0.003826,0.003993,0.003811,0.003989,716820361.0
2025-08-13 12:00:00+00:00,0.003989,0.003999,0.003859,0.003925,455520079.0
2025-08-13 18:00:00+00:00,0.003925,0.003952,0.003882,0.003929,164722039.0
2025-08-14 00:00:00+00:00,0.003931,0.003973,0.003895,0.003914,243345528.0
2025-08-14 06:00:00+00:00,0.003915,0.003915,0.003813,0.003835,306193269.0
2025-08-14 12:00:00+00:00,0.003836,0.003854,0.003504,0.003606,964439948.0
2025-08-14 18:00:00+00:00,0.003606,0.003625,0.003526,0.003594,267316743.0
2025-08-15 00:00:00+00:00,0.003594,0.003674,0.003581,0.003663,170423482.0
2025-08-15 06:00:00+00:00,0.003663,0.003689,0.003582,0.003583,274051641.0
2025-08-15 12:00:00+00:00,0.003584,0.003624,0.003401,0.003468,644666324.0
2025-08-15 18:00:00+00:00,0.003468,0.003542,0.003441,0.003522,271290853.0
2025-08-16 00:00:00+00:00,0.00352,0.003577,0.003518,0.003563,171736450.0
2025-08-16 06:00:00+00:00,0.003563,0.003593,0.003527,0.003541,151301718.0
2025-08-16 12:00:00+00:00,0.003541,0.003617,0.00353,0.003595,154622343.0
2025-08-16 18:00:00+00:00,0.003597,0.003628,0.003584,0.003615,83393563.0
2025-08-17 00:00:00+00:00,0.003617,0.003639,0.00359,0.003623,91069048.0
2025-08-17 06:00:00+00:00,0.003623,0.003654,0.003608,0.00364,94070477.0
2025-08-17 12:00:00+00:00,0.003641,0.003672,0.003623,0.003628,125231959.0
2025-08-17 18:00:00+00:00,0.00363,0.003637,0.003577,0.003592,116434488.0
2025-08-18 00:00:00+00:00,0.003593,0.003598,0.003453,0.003508,231216834.0
2025-08-18 06:00:00+00:00,0.003507,0.00351,0.003449,0.003498,198835046.0
2025-08-18 12:00:00+00:00,0.003499,0.003543,0.003482,0.00352,172217620.0
2025-08-18 18:00:00+00:00,0.00352,0.003566,0.003504,0.003517,120318136.0
2025-08-19 00:00:00+00:00,0.003518,0.003556,0.003441,0.003491,223168295.0
2025-08-19 06:00:00+00:00,0.00349,0.00355,0.003473,0.003541,198042268.0
2025-08-19 12:00:00+00:00,0.00354,0.003544,0.003407,0.003441,354438805.0
2025-08-19 18:00:00+00:00,0.00344,0.003442,0.003383,0.003391,220568592.0
2025-08-20 00:00:00+00:00,0.003391,0.00345,0.003373,0.003448,169894796.0
2025-08-20 06:00:00+00:00,0.003448,0.00348,0.003416,0.003458,159028728.0
2025-08-20 12:00:00+00:00,0.00346,0.003512,0.003386,0.003503,340128742.0
2025-08-20 18:00:00+00:00,0.003503,0.003533,0.003462,0.003517,130284611.0
2025-08-21 00:00:00+00:00,0.003517,0.003552,0.003498,0.003525,125034145.0
2025-08-21 06:00:00+00:00,0.003524,0.003524,0.003455,0.003467,141036870.0
2025-08-21 12:00:00+00:00,0.003467,0.003503,0.003442,0.003468,162844568.0
2025-08-21 18:00:00+00:00,0.003469,0.003493,0.00345,0.003464,86288289.0
2025-08-22 00:00:00+00:00,0.003465,0.003495,0.00341,0.003428,333512809.0
2025-08-22 06:00:00+00:00,0.003426,0.003461,0.003393,0.003393,371984671.0
2025-08-22 12:00:00+00:00,0.003395,0.003673,0.003344,0.003658,603060804.0
2025-08-22 18:00:00+00:00,0.003659,0.003718,0.003659,0.003684,234163657.0
2025-08-23 00:00:00+00:00,0.003685,0.003702,0.003604,0.003692,257872886.0
2025-08-23 06:00:00+00:00,0.003691,0.003699,0.003638,0.003647,257052794.0
2025-08-23 12:00:00+00:00,0.003647,0.003665,0.00362,0.003644,111094935.0
2025-08-23 18:00:00+00:00,0.003645,0.003672,0.00364,0.003648,80709704.0
2025-08-24 00:00:00+00:00,0.003649,0.003666,0.003594,0.003595,123179666.0
2025-08-24 06:00:00+00:00,0.003596,0.003597,0.003518,0.003537,186775453.0
2025-08-24 12:00:00+00:00,0.003537,0.003628,0.003535,0.003615,183743727.0
2025-08-24 18:00:00+00:00,0.003616,0.003738,0.00351,0.003583,663072774.0
2025-08-25 00:00:00+00:00,0.003583,0.004131,0.003533,0.003729,5288212584.0
2025-08-25 06:00:00+00:00,0.00373,0.004259,0.003697,0.003867,14781249728.0
2025-08-25 12:00:00+00:00,0.003865,0.004169,0.003798,0.003938,9608921207.0
2025-08-25 18:00:00+00:00,0.003939,0.003961,0.003602,0.003698,4080488060.0
2025-08-26 00:00:00+00:00,0.003698,0.003698,0.003433,0.003453,2849703995.0
2025-08-26 06:00:00+00:00,0.003454,0.003504,0.003428,0.003452,1429549738.0
2025-08-26 12:00:00+00:00,0.003454,0.003522,0.003434,0.003487,1395882267.0
2025-08-26 18:00:00+00:00,0.003487,0.003574,0.003485,0.003507,989112296.0
2025-08-27 00:00:00+00:00,0.003507,0.003542,0.003411,0.003436,1331514924.0
2025-08-27 06:00:00+00:00,0.003436,0.003437,0.003375,0.003413,810397321.0
2025-08-27 12:00:00+00:00,0.003413,0.00347,0.00339,0.003424,562537407.0
2025-08-27 18:00:00+00:00,0.003424,0.003445,0.003364,0.003406,615052138.0
2025-08-28 00:00:00+00:00,0.003406,0.003421,0.003354,0.003386,565954685.0
2025-08-28 06:00:00+00:00,0.003387,0.00342,0.003375,0.003414,308947305.0
2025-08-28 12:00:00+00:00,0.003415,0.003451,0.003364,0.003399,530999878.0
2025-08-28 18:00:00+00:00,0.003399,0.003431,0.003356,0.003425,263981320.0
2025-08-29 00:00:00+00:00,0.003425,0.003438,0.003371,0.003394,425023335.0
2025-08-29 06:00:00+00:00,0.003394,0.003397,0.003235,0.003283,818687288.0
2025-08-29 12:00:00+00:00,0.003283,0.003364,0.003248,0.003254,562227905.0
2025-08-29 18:00:00+00:00,0.003254,0.003302,0.003239,0.003294,218570108.0
2025-08-30 00:00:00+00:00,0.003295,0.003422,0.00328,0.00336,958295621.0
2025-08-30 06:00:00+00:00,0.00336,0.003385,0.003351,0.003363,258540605.0
2025-08-30 12:00:00+00:00,0.003363,0.003389,0.003327,0.003336,312029022.0
2025-08-30 18:00:00+00:00,0.003335,0.003368,0.003326,0.003359,137095170.0
2025-08-31 00:00:00+00:00,0.003359,0.003383,0.003334,0.003338,261222848.0
2025-08-31 06:00:00+00:00,0.003338,0.003342,0.003292,0.003317,212913828.0
2025-08-31 12:00:00+00:00,0.003319,0.003323,0.003283,0.003304,150414060.0
2025-08-31 18:00:00+00:00,0.003303,0.003332,0.003262,0.003267,148364963.0
2025-09-01 00:00:00+00:00,0.003266,0.003274,0.003152,0.003186,384299407.0
2025-09-01 06:00:00+00:00,0.003185,0.003267,0.003157,0.003193,292453470.0
2025-09-01 12:00:00+00:00,0.003193,0.003211,0.003142,0.003154,224489284.0
2025-09-01 18:00:00+00:00,0.003153,0.003188,0.003075,0.003155,335958243.0
2025-09-02 00:00:00+00:00,0.003155,0.003224,0.003147,0.003206,192534361.0
2025-09-02 06:00:00+00:00,0.003207,0.003213,0.003172,0.003178,137907573.0
2025-09-02 12:00:00+00:00,0.003179,0.003223,0.003125,0.00319,283876820.0
2025-09-02 18:00:00+00:00,0.003189,0.00323,0.003166,0.003223,104860266.0
2025-09-03 00:00:00+00:00,0.003225,0.003249,0.003207,0.003215,121476326.0
2025-09-03 06:00:00+00:00,0.003216,0.003265,0.003203,0.003253,135359206.0
2025-09-03 12:00:00+00:00,0.003254,0.003297,0.003237,0.003295,210447178.0
2025-09-03 18:00:00+00:00,0.003294,0.003307,0.003277,0.003297,99686015.0
2025-09-04 00:00:00+00:00,0.003296,0.003312,0.003194,0.003209,440784384.0
2025-09-04 06:00:00+00:00,0.00321,0.003219,0.003192,0.003202,149949826.0
2025-09-04 12:00:00+00:00,0.003201,0.003225,0.003152,0.003156,205736272.0
2025-09-04 18:00:00+00:00,0.003156,0.003205,0.003138,0.003175,107177971.0
2025-09-05 00:00:00+00:00,0.003175,0.003223,0.003174,0.00322,126577041.0
2025-09-05 06:00:00+00:00,0.00322,0.003261,0.003208,0.003248,146102943.0
2025-09-05 12:00:00+00:00,0.003247,0.003286,0.003184,0.00321,244100593.0
2025-09-05 18:00:00+00:00,0.003209,0.003247,0.003195,0.003238,102017832.0
2025-09-06 00:00:00+00:00,0.003239,0.003277,0.003229,0.003231,129865560.0
2025-09-06 06:00:00+00:00,0.003231,0.003238,0.00322,0.003234,67842444.0
2025-09-06 12:00:00+00:00,0.003234,0.003245,0.003195,0.003209,120360038.0
2025-09-06 18:00:00+00:00,0.003209,0.003242,0.003201,0.003231,95897001.0
2025-09-07 00:00:00+00:00,0.003231,0.003274,0.003227,0.003271,121815242.0
2025-09-07 06:00:00+00:00,0.003271,0.003277,0.003248,0.003274,122730972.0
2025-09-07 12:00:00+00:00,0.003274,0.003276,0.00324,0.003241,128088548.0
2025-09-07 18:00:00+00:00,0.003241,0.003284,0.003231,0.003271,91506515.0
2025-09-08 00:00:00+00:00,0.003271,0.003307,0.00325,0.003279,169027453.0
2025-09-08 06:00:00+00:00,0.003278,0.003315,0.003264,0.003295,324250426.0
2025-09-08 12:00:00+00:00,0.003296,0.003345,0.003289,0.003314,162729826.0
2025-09-08 18:00:00+00:00,0.003315,0.003343,0.003289,0.003329,126773630.0
2025-09-09 00:00:00+00:00,0.003329,0.003344,0.003283,0.003334,217723477.0
2025-09-09 06:00:00+00:00,0.003335,0.003399,0.003335,0.003389,249047829.0
2025-09-09 12:00:00+00:00,0.003389,0.003406,0.003298,0.003317,342871114.0
2025-09-09 18:00:00+00:00,0.003317,0.003357,0.003312,0.003346,143527605.0
2025-09-10 00:00:00+00:00,0.003346,0.003398,0.003328,0.003376,209109649.0
2025-09-10 06:00:00+00:00,0.003377,0.003383,0.003331,0.003348,188102778.0
2025-09-10 12:00:00+00:00,0.003347,0.003391,0.003322,0.003356,260468256.0
2025-09-10 18:00:00+00:00,0.003356,0.003369,0.003311,0.003368,110870549.0
2025-09-11 00:00:00+00:00,0.003367,0.003403,0.003361,0.003384,134200086.0
2025-09-11 06:00:00+00:00,0.003384,0.003409,0.003361,0.003362,185457201.0
2025-09-11 12:00:00+00:00,0.003362,0.003389,0.003314,0.003355,332412911.0
2025-09-11 18:00:00+00:00,0.003356,0.003398,0.003349,0.003393,89970305.0
2025-09-12 00:00:00+00:00,0.003393,0.00341,0.003373,0.0034,119365145.0
2025-09-12 06:00:00+00:00,0.003401,0.003436,0.003354,0.003362,254686170.0
2025-09-12 12:00:00+00:00,0.003363,0.003428,0.003347,0.00342,127333604.0
2025-09-12 18:00:00+00:00,0.00342,0.003459,0.003416,0.00345,188579071.0
2025-09-13 00:00:00+00:00,0.00345,0.003457,0.003423,0.003441,154671245.0
2025-09-13 06:00:00+00:00,0.003441,0.003489,0.003438,0.003487,164963660.0
2025-09-13 12:00:00+00:00,0.003488,0.003501,0.003417,0.003465,282171697.0
2025-09-13 18:00:00+00:00,0.003466,0.003492,0.003454,0.003489,101065632.0
2025-09-14 00:00:00+00:00,0.003489,0.003495,0.003422,0.003463,187694481.0
2025-09-14 06:00:00+00:00,0.003463,0.003475,0.003386,0.00339,171800252.0
2025-09-14 12:00:00+00:00,0.00339,0.003401,0.003338,0.003391,246538033.0
2025-09-14 18:00:00+00:00,0.003391,0.003401,0.003351,0.00336,113519953.0
2025-09-15 00:00:00+00:00,0.00336,0.003427,0.003344,0.003424,180985585.0
2025-09-15 06:00:00+00:00,0.003424,0.003424,0.003253,0.003282,504382155.0
2025-09-15 12:00:00+00:00,0.003282,0.003298,0.003241,0.003277,278182153.0
2025-09-15 18:00:00+00:00,0.003278,0.003304,0.003267,0.003298,130688037.0
2025-09-16 00:00:00+00:00,0.003299,0.003299,0.003244,0.003288,131614185.0
2025-09-16 06:00:00+00:00,0.003289,0.003316,0.003272,0.003287,148202715.0
2025-09-16 12:00:00+00:00,0.003287,0.003345,0.003261,0.003331,196532832.0
2025-09-16 18:00:00+00:00,0.003331,0.003353,0.003323,0.003337,69211935.0
2025-09-17 00:00:00+00:00,0.003337,0.00336,0.003294,0.003325,145168273.0
2025-09-17 06:00:00+00:00,0.003325,0.00334,0.003282,0.003298,120898434.0
2025-09-17 12:00:00+00:00,0.003298,0.003331,0.00327,0.003292,159926997.0
2025-09-17 18:00:00+00:00,0.003289,0.003428,0.003284,0.003414,400118030.0
2025-09-18 00:00:00+00:00,0.003415,0.003429,0.003396,0.003401,173755577.0
2025-09-18 06:00:00+00:00,0.003402,0.003411,0.003373,0.0034,135048444.0
2025-09-18 12:00:00+00:00,0.003401,0.003454,0.00338,0.003451,209856340.0
2025-09-18 18:00:00+00:00,0.00345,0.003465,0.00343,0.003449,188244718.0
2025-09-19 00:00:00+00:00,0.003449,0.003486,0.003392,0.003419,266825820.0
2025-09-19 06:00:00+00:00,0.003419,0.003422,0.003342,0.00335,220410350.0
2025-09-19 12:00:00+00:00,0.003349,0.003367,0.003307,0.00332,230135629.0
2025-09-19 18:00:00+00:00,0.00332,0.003415,0.003292,0.003316,508502141.0
2025-09-20 00:00:00+00:00,0.003316,0.003351,0.003299,0.003351,137683959.0
2025-09-20 06:00:00+00:00,0.00335,0.003361,0.003315,0.003334,109098192.0
2025-09-20 12:00:00+00:00,0.003333,0.003389,0.003326,0.003359,150776239.0
2025-09-20 18:00:00+00:00,0.00336,0.003375,0.003341,0.003365,79814995.0
2025-09-21 00:00:00+00:00,0.003364,0.003379,0.00334,0.003378,110122528.0
2025-09-21 06:00:00+00:00,0.003378,0.003383,0.003302,0.003316,158416051.0
2025-09-21 12:00:00+00:00,0.003316,0.003343,0.003291,0.003315,188601258.0
2025-09-21 18:00:00+00:00,0.003316,0.00332,0.003275,0.003276,140589412.0
2025-09-22 00:00:00+00:00,0.003276,0.003288,0.003152,0.003157,576978441.0
2025-09-22 06:00:00+00:00,0.003154,0.003158,0.002885,0.003049,758593438.0
2025-09-22 12:00:00+00:00,0.003049,0.003102,0.003032,0.003048,234503461.0
2025-09-22 18:00:00+00:00,0.003047,0.003077,0.003027,0.003076,139506771.0
2025-09-23 00:00:00+00:00,0.003076,0.003088,0.003037,0.003078,209409633.0
2025-09-23 06:00:00+00:00,0.003078,0.003103,0.003071,0.003083,218414820.0
2025-09-23 12:00:00+00:00,0.003083,0.003122,0.003055,0.003077,241839099.0
2025-09-23 18:00:00+00:00,0.003076,0.003086,0.003052,0.003064,128064054.0
2025-09-24 00:00:00+00:00,0.003065,0.003099,0.003007,0.003079,330917622.0
2025-09-24 06:00:00+00:00,0.003079,0.003094,0.003064,0.003092,146787616.0
2025-09-24 12:00:00+00:00,0.003093,0.003129,0.003085,0.00311,172800828.0
2025-09-24 18:00:00+00:00,0.00311,0.003111,0.003058,0.00307,113865637.0
2025-09-25 00:00:00+00:00,0.00307,0.003074,0.002989,0.003027,324911071.0
2025-09-25 06:00:00+00:00,0.003027,0.00303,0.00299,0.002996,210150142.0
2025-09-25 12:00:00+00:00,0.002996,0.003043,0.002901,0.002918,516095454.0
2025-09-25 18:00:00+00:00,0.002917,0.00299,0.002905,0.002939,299833160.0
2025-09-26 00:00:00+00:00,0.002939,0.002975,0.002928,0.002951,216193756.0
2025-09-26 06:00:00+00:00,0.002951,0.002982,0.002926,0.002949,213394988.0
2025-09-26 12:00:00+00:00,0.002949,0.00305,0.002927,0.003049,367190251.0
2025-09-26 18:00:00+00:00,0.003049,0.003061,0.003023,0.003041,141137499.0
2025-09-27 00:00:00+00:00,0.00304,0.00304,0.003003,0.003012,113682478.0
2025-09-27 06:00:00+00:00,0.003013,0.003014,0.002973,0.002996,127819749.0
2025-09-27 12:00:00+00:00,0.002997,0.00302,0.002986,0.003,158569190.0
2025-09-27 18:00:00+00:00,0.003,0.003022,0.002986,0.002998,84924048.0
2025-09-28 00:00:00+00:00,0.002999,0.003002,0.002968,0.002989,105177552.0
2025-09-28 06:00:00+00:00,0.00299,0.002993,0.002953,0.002963,114400784.0
2025-09-28 12:00:00+00:00,0.002963,0.003004,0.00294,0.002988,151569968.0
2025-09-28 18:00:00+00:00,0.002988,0.003049,0.002984,0.003032,145574526.0
2025-09-29 00:00:00+00:00,0.003033,0.003039,0.002995,0.00301,140736954.0
2025-09-29 06:00:00+00:00,0.003009,0.003024,0.00295,0.002967,198663701.0
2025-09-29 12:00:00+00:00,0.002967,0.003023,0.002925,0.002984,364515232.0
2025-09-29 18:00:00+00:00,0.002983,0.00303,0.002972,0.002991,151131532.0
2025-09-30 00:00:00+00:00,0.002991,0.002997,0.002946,0.00298,223037165.0
2025-09-30 06:00:00+00:00,0.002979,0.002987,0.002934,0.002953,203214053.0
2025-09-30 12:00:00+00:00,0.002952,0.002959,0.00291,0.002931,243466761.0
2025-09-30 18:00:00+00:00,0.00293,0.002983,0.002926,0.002968,157692813.0
2025-10-01 00:00:00+00:00,0.002968,0.002983,0.002944,0.002967,138488158.0
2025-10-01 06:00:00+00:00,0.002967,0.003064,0.002945,0.003045,425743165.0
2025-10-01 12:00:00+00:00,0.003046,0.003059,0.003026,0.003046,158334244.0
2025-10-01 18:00:00+00:00,0.003046,0.003073,0.003046,0.003069,141215076.0
2025-10-02 00:00:00+00:00,0.00307,0.003133,0.003069,0.003123,230177951.0
2025-10-02 06:00:00+00:00,0.003123,0.003139,0.003105,0.003106,117692475.0
2025-10-02 12:00:00+00:00,0.003108,0.003125,0.003048,0.003122,294063524.0
2025-10-02 18:00:00+00:00,0.003122,0.00315,0.003113,0.003128,142547524.0
2025-10-03 00:00:00+00:00,0.003127,0.003131,0.003089,0.003106,151429229.0
2025-10-03 06:00:00+00:00,0.003106,0.00311,0.003074,0.003083,150049530.0
2025-10-03 12:00:00+00:00,0.003082,0.003188,0.003074,0.003119,400484602.0
2025-10-03 18:00:00+00:00,0.003119,0.003178,0.003103,0.003154,172082341.0
2025-10-04 00:00:00+00:00,0.003156,0.00316,0.003103,0.003127,154901632.0
2025-10-04 06:00:00+00:00,0.003128,0.003144,0.00307,0.003086,207690397.0
2025-10-04 12:00:00+00:00,0.003087,0.003109,0.003062,0.003072,235410160.0
2025-10-04 18:00:00+00:00,0.003073,0.003085,0.003066,0.003081,74432736.0
2025-10-05 00:00:00+00:00,0.003081,0.003159,0.003057,0.003159,257051082.0
2025-10-05 06:00:00+00:00,0.003159,0.003189,0.003115,0.003134,208254516.0
2025-10-05 12:00:00+00:00,0.003134,0.003161,0.003118,0.003124,181219472.0
2025-10-05 18:00:00+00:00,0.003124,0.003128,0.003081,0.003092,139274744.0
2025-10-06 00:00:00+00:00,0.003093,0.00316,0.003078,0.003156,278229086.0
2025-10-06 06:00:00+00:00,0.003157,0.003167,0.003122,0.003146,174678468.0
2025-10-06 12:00:00+00:00,0.003147,0.003204,0.003146,0.003193,200257066.0
2025-10-06 18:00:00+00:00,0.003192,0.003202,0.003169,0.003173,125947236.0
2025-10-07 00:00:00+00:00,0.003173,0.003195,0.003156,0.00318,129198193.0
2025-10-07 06:00:00+00:00,0.003179,0.003183,0.003124,0.003176,196281968.0
2025-10-07 12:00:00+00:00,0.003176,0.003198,0.003047,0.003069,516143638.0
2025-10-07 18:00:00+00:00,0.003069,0.003077,0.003029,0.003037,171833272.0
2025-10-08 00:00:00+00:00,0.003036,0.00306,0.003003,0.003021,244784570.0
2025-10-08 06:00:00+00:00,0.003022,0.003061,0.003014,0.00303,174647120.0
2025-10-08 12:00:00+00:00,0.003031,0.003124,0.003013,0.00312,361407214.0
2025-10-08 18:00:00+00:00,0.003121,0.003124,0.003078,0.003088,127426741.0
2025-10-09 00:00:00+00:00,0.003088,0.003114,0.003021,0.003082,390529470.0
2025-10-09 06:00:00+00:00,0.003082,0.003084,0.002991,0.003009,340738153.0
2025-10-09 12:00:00+00:00,0.003009,0.003032,0.002951,0.003006,369929620.0
2025-10-09 18:00:00+00:00,0.003007,0.003026,0.002995,0.003008,154131734.0
2025-10-10 00:00:00+00:00,0.003009,0.003056,0.002989,0.003037,214159517.0
2025-10-10 06:00:00+00:00,0.003038,0.003046,0.003,0.003041,141826592.0
2025-10-10 12:00:00+00:00,0.003041,0.003065,0.002877,0.002903,723472869.0
2025-10-10 18:00:00+00:00,0.002902,0.002912,0.001176,0.002164,4360323123.0
2025-10-11 00:00:00+00:00,0.002164,0.002352,0.002138,0.002257,1499137397.0
2025-10-11 06:00:00+00:00,0.002257,0.002689,0.002246,0.002401,1763050835.0
2025-10-11 12:00:00+00:00,0.002401,0.002402,0.002337,0.002385,659983301.0
2025-10-11 18:00:00+00:00,0.002386,0.002388,0.00217,0.00225,1383668741.0
2025-10-12 00:00:00+00:00,0.00225,0.002299,0.002215,0.002291,327435779.0
2025-10-12 06:00:00+00:00,0.002291,0.00232,0.002274,0.002313,216554417.0
2025-10-12 12:00:00+00:00,0.002314,0.002494,0.002292,0.00248,685182729.0
2025-10-12 18:00:00+00:00,0.002481,0.002541,0.002452,0.002489,364122068.0
2025-10-13 00:00:00+00:00,0.002488,0.002505,0.002441,0.002475,274336113.0
2025-10-13 06:00:00+00:00,0.002476,0.002543,0.002417,0.002486,471987932.0
2025-10-13 12:00:00+00:00,0.002484,0.002609,0.002467,0.002609,596006625.0
2025-10-13 18:00:00+00:00,0.002606,0.002672,0.00259,0.002649,202231905.0
2025-10-14 00:00:00+00:00,0.002649,0.002666,0.002505,0.002515,377474526.0
2025-10-14 06:00:00+00:00,0.002516,0.002535,0.002405,0.002481,769801863.0
2025-10-14 12:00:00+00:00,0.002483,0.002608,0.00242,0.002554,487879364.0
2025-10-14 18:00:00+00:00,0.002556,0.002584,0.002503,0.002549,274298178.0
2025-10-15 00:00:00+00:00,0.002549,0.002572,0.002514,0.002541,227395516.0
2025-10-15 06:00:00+00:00,0.002541,0.002598,0.00251,0.00253,230052713.0
2025-10-15 12:00:00+00:00,0.002528,0.002537,0.002418,0.00245,454761455.0
2025-10-15 18:00:00+00:00,0.002451,0.002457,0.002382,0.002423,196033188.0
2025-10-16 00:00:00+00:00,0.002422,0.002484,0.002416,0.002467,211734889.0
2025-10-16 06:00:00+00:00,0.002467,0.002526,0.002416,0.002508,396001389.0
2025-10-16 12:00:00+00:00,0.002508,0.002522,0.002368,0.00242,478810949.0
2025-10-16 18:00:00+00:00,0.00242,0.002426,0.002335,0.002382,190666411.0
2025-10-17 00:00:00+00:00,0.002381,0.002456,0.002378,0.002391,282799028.0
2025-10-17 06:00:00+00:00,0.002391,0.002399,0.002228,0.002331,632872598.0
2025-10-17 12:00:00+00:00,0.002331,0.002377,0.002283,0.002351,235342623.0
2025-10-17 18:00:00+00:00,0.002351,0.002408,0.002343,0.002373,157117427.0
2025-10-18 00:00:00+00:00,0.002373,0.002406,0.002362,0.00239,191955365.0
2025-10-18 06:00:00+00:00,0.002389,0.002424,0.002374,0.002408,170541061.0
2025-10-18 12:00:00+00:00,0.002407,0.002416,0.002346,0.00239,212215911.0
2025-10-18 18:00:00+00:00,0.002388,0.002404,0.002374,0.002394,79786539.0
2025-10-19 00:00:00+00:00,0.002393,0.002409,0.002362,0.002387,81239530.0
2025-10-19 06:00:00+00:00,0.002386,0.002441,0.00235,0.002424,244576100.0
2025-10-19 12:00:00+00:00,0.002424,0.002473,0.002409,0.002448,171084106.0
2025-10-19 18:00:00+00:00,0.002448,0.00246,0.002429,0.002434,83247928.0
2025-10-20 00:00:00+00:00,0.002434,0.00249,0.002388,0.002477,256248511.0
2025-10-20 06:00:00+00:00,0.002477,0.0025,0.002461,0.002484,215661876.0
2025-10-20 12:00:00+00:00,0.002484,0.00249,0.002397,0.002411,382117826.0
2025-10-20 18:00:00+00:00,0.002412,0.002447,0.002402,0.002407,113953037.0
2025-10-21 00:00:00+00:00,0.002406,0.002412,0.00231,0.00232,198711468.0
2025-10-21 06:00:00+00:00,0.00232,0.002371,0.002309,0.002367,151307089.0
2025-10-21 12:00:00+00:00,0.002366,0.00255,0.002361,0.002493,535289909.0
2025-10-21 18:00:00+00:00,0.002493,0.002511,0.002383,0.00239,345928824.0
2025-10-22 00:00:00+00:00,0.00239,0.002405,0.002356,0.002376,235947798.0
2025-10-22 06:00:00+00:00,0.002375,0.002393,0.002324,0.002376,327462323.0
2025-10-22 12:00:00+00:00,0.002376,0.002409,0.002329,0.002335,457878021.0
2025-10-22 18:00:00+00:00,0.002333,0.002354,0.002246,0.002319,411786935.0
2025-10-23 00:00:00+00:00,0.002317,0.002348,0.002311,0.002347,113375666.0
2025-10-23 06:00:00+00:00,0.002347,0.002377,0.002335,0.002339,176223630.0
2025-10-23 12:00:00+00:00,0.002338,0.002404,0.002319,0.002397,159150734.0
2025-10-23 18:00:00+00:00,0.002398,0.002399,0.002336,0.002364,123923645.0
2025-10-24 00:00:00+00:00,0.002365,0.002405,0.002348,0.002401,135980105.0
2025-10-24 06:00:00+00:00,0.0024,0.002406,0.002345,0.002367,118829806.0
2025-10-24 12:00:00+00:00,0.002367,0.002416,0.002326,0.002345,209416009.0
2025-10-24 18:00:00+00:00,0.002345,0.002403,0.002344,0.002397,80843299.0
2025-10-25 00:00:00+00:00,0.002398,0.0024,0.002355,0.00236,106308693.0
2025-10-25 06:00:00+00:00,0.002361,0.002376,0.002353,0.002364,83410502.0
2025-10-25 12:00:00+00:00,0.002363,0.002383,0.002362,0.002378,76854825.0
2025-10-25 18:00:00+00:00,0.002378,0.002401,0.002374,0.002385,66032285.0
2025-10-26 00:00:00+00:00,0.002384,0.002388,0.002361,0.002382,84899595.0
2025-10-26 06:00:00+00:00,0.002382,0.002451,0.002376,0.002445,259194295.0
2025-10-26 12:00:00+00:00,0.002445,0.002466,0.002439,0.00244,138524561.0
2025-10-26 18:00:00+00:00,0.00244,0.002492,0.002422,0.002475,163839804.0
2025-10-27 00:00:00+00:00,0.002475,0.002503,0.002472,0.002484,154030954.0
2025-10-27 06:00:00+00:00,0.002483,0.002489,0.002426,0.00245,166631043.0
2025-10-27 12:00:00+00:00,0.002449,0.002466,0.002406,0.002462,162804258.0
2025-10-27 18:00:00+00:00,0.002462,0.002469,0.002382,0.002393,115716989.0
2025-10-28 00:00:00+00:00,0.002392,0.002425,0.002378,0.002382,142425410.0
2025-10-28 06:00:00+00:00,0.002383,0.002435,0.00238,0.002402,113219086.0
2025-10-28 12:00:00+00:00,0.002402,0.002442,0.002372,0.00242,216590395.0
2025-10-28 18:00:00+00:00,0.002418,0.002429,0.002299,0.002335,324963111.0
2025-10-29 00:00:00+00:00,0.002335,0.002366,0.002332,0.002362,112997048.0
2025-10-29 06:00:00+00:00,0.002361,0.002371,0.002334,0.00236,107275738.0
2025-10-29 12:00:00+00:00,0.002361,0.002377,0.002307,0.002377,139796893.0
2025-10-29 18:00:00+00:00,0.002376,0.002399,0.002265,0.002332,453166477.0
2025-10-30 00:00:00+00:00,0.002332,0.002359,0.002239,0.002306,356962453.0
2025-10-30 06:00:00+00:00,0.002304,0.002323,0.002261,0.002268,227362435.0
2025-10-30 12:00:00+00:00,0.002268,0.002272,0.002139,0.002171,503278837.0
2025-10-30 18:00:00+00:00,0.002171,0.002221,0.002142,0.002219,206273212.0
2025-10-31 00:00:00+00:00,0.00222,0.002258,0.002212,0.002236,183978908.0
2025-10-31 06:00:00+00:00,0.002237,0.002239,0.0022,0.002225,164162094.0
2025-10-31 12:00:00+00:00,0.002227,0.00224,0.00216,0.002176,255343871.0
2025-10-31 18:00:00+00:00,0.002176,0.002219,0.002168,0.002189,171077221.0
2025-11-01 00:00:00+00:00,0.002189,0.002214,0.002172,0.002181,173159007.0
2025-11-01 06:00:00+00:00,0.002182,0.002227,0.002177,0.002216,173313089.0
2025-11-01 12:00:00+00:00,0.002217,0.002243,0.002194,0.002233,218347419.0
2025-11-01 18:00:00+00:00,0.002233,0.00226,0.002231,0.002257,98436968.0
2025-11-02 00:00:00+00:00,0.002256,0.002257,0.002225,0.002255,133014028.0
2025-11-02 06:00:00+00:00,0.002255,0.002266,0.002205,0.00224,197814609.0
2025-11-02 12:00:00+00:00,0.00224,0.002242,0.002157,0.002191,191912398.0
2025-11-02 18:00:00+00:00,0.00219,0.002241,0.002165,0.002235,116678821.0
2025-11-03 00:00:00+00:00,0.002235,0.002238,0.002076,0.002095,427649067.0
2025-11-03 06:00:00+00:00,0.002095,0.002123,0.002051,0.002078,307619324.0
2025-11-03 12:00:00+00:00,0.002078,0.002102,0.001884,0.002021,1015669554.0
2025-11-03 18:00:00+00:00,0.002022,0.002028,0.00193,0.001972,335427646.0
2025-11-04 00:00:00+00:00,0.001974,0.002035,0.001933,0.001934,379737876.0
2025-11-04 06:00:00+00:00,0.001934,0.001998,0.001905,0.00197,551486571.0
2025-11-04 12:00:00+00:00,0.00197,0.002026,0.001898,0.001946,483084397.0
2025-11-04 18:00:00+00:00,0.001945,0.001947,0.001808,0.00192,1134697017.0
2025-11-05 00:00:00+00:00,0.00192,0.001936,0.001816,0.001925,476847123.0
2025-11-05 06:00:00+00:00,0.001924,0.00193,0.001883,0.001925,209523080.0
2025-11-05 12:00:00+00:00,0.001925,0.002003,0.001921,0.001997,293983263.0
2025-11-05 18:00:00+00:00,0.001996,0.002028,0.001989,0.002008,216256894.0
2025-11-06 00:00:00+00:00,0.002007,0.00204,0.001977,0.001998,233317019.0
2025-11-06 06:00:00+00:00,0.001999,0.00201,0.001974,0.001983,183730315.0
2025-11-06 12:00:00+00:00,0.001983,0.002023,0.001935,0.001985,399808564.0
2025-11-06 18:00:00+00:00,0.001983,0.002003,0.001959,0.001986,295893593.0
2025-11-07 00:00:00+00:00,0.001985,0.002057,0.001973,0.002054,361850846.0
2025-11-07 06:00:00+00:00,0.002054,0.002078,0.001999,0.002022,276388535.0
2025-11-07 12:00:00+00:00,0.002023,0.002213,0.001978,0.00221,681218737.0
2025-11-07 18:00:00+00:00,0.00221,0.002233,0.002177,0.002194,438606186.0
2025-11-08 00:00:00+00:00,0.002193,0.002234,0.002147,0.002148,347099072.0
2025-11-08 06:00:00+00:00,0.002148,0.00219,0.002123,0.002171,207211153.0
2025-11-08 12:00:00+00:00,0.002171,0.002177,0.002105,0.00214,259519803.0
2025-11-08 18:00:00+00:00,0.00214,0.002161,0.002124,0.002158,115894111.0
2025-11-09 00:00:00+00:00,0.002157,0.002163,0.002075,0.002101,168577649.0
2025-11-09 06:00:00+00:00,0.002099,0.002146,0.002089,0.002141,163197963.0
2025-11-09 12:00:00+00:00,0.002142,0.002206,0.002133,0.002184,240744725.0
2025-11-09 18:00:00+00:00,0.002184,0.002216,0.002165,0.002178,143468488.0
2025-11-10 00:00:00+00:00,0.002179,0.002221,0.00216,0.002205,207072410.0
2025-11-10 06:00:00+00:00,0.002206,0.002229,0.002172,0.002203,227933299.0
2025-11-10 12:00:00+00:00,0.002203,0.002213,0.002143,0.002183,299040191.0
2025-11-10 18:00:00+00:00,0.002183,0.002248,0.002168,0.002215,246505422.0
2025-11-11 00:00:00+00:00,0.002217,0.002244,0.002168,0.002179,296410166.0
2025-11-11 06:00:00+00:00,0.002181,0.002281,0.002152,0.002225,702309989.0
2025-11-11 12:00:00+00:00,0.002224,0.002259,0.002162,0.002206,592435320.0
2025-11-11 18:00:00+00:00,0.002206,0.002221,0.002101,0.002105,280114429.0
2025-11-12 00:00:00+00:00,0.002107,0.002181,0.00209,0.00218,225466218.0
2025-11-12 06:00:00+00:00,0.002179,0.002209,0.002152,0.0022,292499860.0
2025-11-12 12:00:00+00:00,0.0022,0.002231,0.002063,0.002085,534999142.0
2025-11-12 18:00:00+00:00,0.002083,0.002109,0.002047,0.002086,186299664.0
2025-11-13 00:00:00+00:00,0.002086,0.002124,0.002058,0.002117,235489552.0
2025-11-13 06:00:00+00:00,0.002117,0.002123,0.002055,0.002062,262856952.0
2025-11-13 12:00:00+00:00,0.002062,0.00209,0.001972,0.001975,381944058.0
2025-11-13 18:00:00+00:00,0.001976,0.001999,0.001911,0.00198,316800063.0
2025-11-14 00:00:00+00:00,0.00198,0.001992,0.001883,0.001951,367529625.0
2025-11-14 06:00:00+00:00,0.001952,0.001969,0.001902,0.001914,253371464.0
2025-11-14 12:00:00+00:00,0.001913,0.001985,0.001877,0.001947,394918161.0
2025-11-14 18:00:00+00:00,0.001946,0.001978,0.001875,0.001908,277610980.0
2025-11-15 00:00:00+00:00,0.001906,0.001996,0.001903,0.001988,144720983.0
2025-11-15 06:00:00+00:00,0.001988,0.002013,0.001934,0.001943,163055044.0
2025-11-15 12:00:00+00:00,0.001943,0.001989,0.001938,0.001985,121274937.0
2025-11-15 18:00:00+00:00,0.001986,0.00199,0.001945,0.001965,86374648.0
2025-11-16 00:00:00+00:00,0.001964,0.00199,0.001929,0.001982,173859476.0
2025-11-16 06:00:00+00:00,0.001982,0.001994,0.001919,0.001924,138480085.0
2025-11-16 12:00:00+00:00,0.001925,0.00194,0.00184,0.001864,386980021.0
2025-11-16 18:00:00+00:00,0.001865,0.0019,0.00183,0.001882,253658291.0
2025-11-17 00:00:00+00:00,0.001881,0.001919,0.001861,0.001904,185083689.0
2025-11-17 06:00:00+00:00,0.001906,0.00193,0.001896,0.00192,111293884.0
2025-11-17 12:00:00+00:00,0.00192,0.001957,0.001852,0.001856,375069791.0
2025-11-17 18:00:00+00:00,0.001856,0.00187,0.001817,0.001859,258700924.0
2025-11-18 00:00:00+00:00,0.001859,0.001872,0.001814,0.001844,368064421.0
2025-11-18 06:00:00+00:00,0.001844,0.001857,0.00181,0.00182,295875919.0
2025-11-18 12:00:00+00:00,0.001821,0.001903,0.001808,0.001884,267786156.0
2025-11-18 18:00:00+00:00,0.001884,0.001901,0.001866,0.001872,99398642.0
2025-11-19 00:00:00+00:00,0.001873,0.001881,0.0018,0.001811,128221557.0
2025-11-19 06:00:00+00:00,0.001811,0.001856,0.001807,0.001851,146980027.0
2025-11-19 12:00:00+00:00,0.001852,0.001874,0.00176,0.001785,303165804.0
2025-11-19 18:00:00+00:00,0.001784,0.001854,0.001745,0.001846,261785685.0
2025-11-20 00:00:00+00:00,0.001846,0.001866,0.001838,0.001862,101768722.0
2025-11-20 06:00:00+00:00,0.001862,0.001873,0.001851,0.001873,103044365.0
2025-11-20 12:00:00+00:00,0.001873,0.001926,0.001764,0.001771,599686487.0
2025-11-20 18:00:00+00:00,0.00177,0.001829,0.001741,0.001781,328668644.0
2025-11-21 00:00:00+00:00,0.001782,0.001831,0.001754,0.001768,260091557.0
2025-11-21 06:00:00+00:00,0.001768,0.001778,0.001591,0.001653,608315903.0
2025-11-21 12:00:00+00:00,0.001653,0.001755,0.001618,0.001727,590614207.0
2025-11-21 18:00:00+00:00,0.001729,0.001752,0.001663,0.001716,380256276.0
2025-11-22 00:00:00+00:00,0.001717,0.001721,0.001667,0.001675,252330822.0
2025-11-22 06:00:00+00:00,0.001675,0.001698,0.001655,0.001685,213398787.0
2025-11-22 12:00:00+00:00,0.001685,0.001706,0.001658,0.001691,170042955.0
2025-11-22 18:00:00+00:00,0.001691,0.001714,0.001673,0.00169,133643679.0
2025-11-23 00:00:00+00:00,0.001689,0.001728,0.001688,0.001726,331749447.0
2025-11-23 06:00:00+00:00,0.001725,0.001725,0.001687,0.001718,141160522.0
2025-11-23 12:00:00+00:00,0.001717,0.001734,0.001697,0.001701,177276467.0
2025-11-23 18:00:00+00:00,0.001701,0.001719,0.001681,0.001686,111979600.0
2025-11-24 00:00:00+00:00,0.001686,0.001725,0.001669,0.001714,190653336.0
2025-11-24 06:00:00+00:00,0.001714,0.001715,0.001659,0.001682,209100709.0
2025-11-24 12:00:00+00:00,0.001682,0.001778,0.001663,0.001777,417705011.0
2025-11-24 18:00:00+00:00,0.001778,0.00193,0.001775,0.001886,2112595260.0
2025-11-25 00:00:00+00:00,0.001886,0.002042,0.001855,0.001925,5661284393.0
2025-11-25 06:00:00+00:00,0.001925,0.002171,0.001918,0.002,15153616274.0
2025-11-25 12:00:00+00:00,0.002,0.002112,0.001961,0.002026,9387169635.0
2025-11-25 18:00:00+00:00,0.002027,0.002031,0.001936,0.001996,2984333182.0
2025-11-26 00:00:00+00:00,0.001996,0.002001,0.001903,0.001931,1698676792.0
2025-11-26 06:00:00+00:00,0.001931,0.001937,0.001875,0.001881,1206913711.0
2025-11-26 12:00:00+00:00,0.001882,0.001901,0.001844,0.001898,1411486599.0
2025-11-26 18:00:00+00:00,0.001898,0.001967,0.001883,0.001954,1754942300.0
2025-11-27 00:00:00+00:00,0.001954,0.001997,0.001913,0.001925,938916350.0
2025-11-27 06:00:00+00:00,0.001924,0.001948,0.001906,0.001931,478311384.0
2025-11-27 12:00:00+00:00,0.001931,0.001964,0.001917,0.001943,419089432.0
2025-11-27 18:00:00+00:00,0.001942,0.001969,0.001939,0.001962,221887368.0
2025-11-28 00:00:00+00:00,0.001962,0.002072,0.001939,0.001941,1518171756.0
2025-11-28 06:00:00+00:00,0.001942,0.00197,0.001914,0.001967,643940292.0
2025-11-28 12:00:00+00:00,0.001966,0.001991,0.001949,0.001963,482513159.0
2025-11-28 18:00:00+00:00,0.001963,0.001985,0.001952,0.001968,221607844.0
2025-11-29 00:00:00+00:00,0.001968,0.002208,0.001958,0.002123,3049861709.0
2025-11-29 06:00:00+00:00,0.002125,0.00221,0.002037,0.002181,4370084339.0
2025-11-29 12:00:00+00:00,0.002183,0.002247,0.002032,0.002047,6129996065.0
2025-11-29 18:00:00+00:00,0.002048,0.002078,0.00203,0.002045,1060196437.0
2025-11-30 00:00:00+00:00,0.002045,0.002109,0.002009,0.002014,3552405728.0
2025-11-30 06:00:00+00:00,0.002015,0.002067,0.001985,0.001995,1393931670.0
2025-11-30 12:00:00+00:00,0.001996,0.002072,0.001991,0.002067,741205220.0
2025-11-30 18:00:00+00:00,0.002067,0.002267,0.002062,0.002226,2403899679.0
2025-12-01 00:00:00+00:00,0.002225,0.002238,0.002072,0.002121,4768200356.0
2025-12-01 06:00:00+00:00,0.002121,0.002223,0.002115,0.002172,2137730926.0
2025-12-01 12:00:00+00:00,0.002171,0.002326,0.002152,0.00216,6609850321.0
2025-12-01 18:00:00+00:00,0.00216,0.002355,0.002117,0.002323,3078226678.0
2025-12-02 00:00:00+00:00,0.002322,0.002346,0.002211,0.00223,1935281364.0
2025-12-02 06:00:00+00:00,0.00223,0.002244,0.002167,0.002227,1145488101.0
2025-12-02 12:00:00+00:00,0.002228,0.002326,0.002214,0.002296,1121078940.0
2025-12-02 18:00:00+00:00,0.002296,0.002494,0.002293,0.002492,1940725709.0
2025-12-03 00:00:00+00:00,0.002491,0.002521,0.002181,0.002195,2437036954.0
2025-12-03 06:00:00+00:00,0.002195,0.002218,0.002083,0.002102,1482104116.0
2025-12-03 12:00:00+00:00,0.002101,0.002118,0.002,0.002026,1727725956.0
2025-12-03 18:00:00+00:00,0.002025,0.002036,0.001967,0.001975,1115347691.0
2025-12-04 00:00:00+00:00,0.001973,0.001984,0.001873,0.001909,1625930477.0
2025-12-04 06:00:00+00:00,0.001908,0.001937,0.001894,0.001907,801917404.0
2025-12-04 12:00:00+00:00,0.001907,0.001907,0.001827,0.001842,1162525460.0
2025-12-04 18:00:00+00:00,0.001844,0.001853,0.001793,0.001821,930630048.0
2025-12-05 00:00:00+00:00,0.001821,0.001826,0.001778,0.001791,587058676.0
2025-12-05 06:00:00+00:00,0.001791,0.001942,0.001789,0.001884,2116085100.0
2025-12-05 12:00:00+00:00,0.001884,0.001912,0.001828,0.001845,1285320601.0
2025-12-05 18:00:00+00:00,0.001844,0.001863,0.001827,0.001859,411072735.0
2025-12-06 00:00:00+00:00,0.001859,0.001912,0.00179,0.001813,1798431886.0
2025-12-06 06:00:00+00:00,0.001814,0.001823,0.001798,0.001809,360606622.0
2025-12-06 12:00:00+00:00,0.001809,0.001829,0.001799,0.001828,346536093.0
2025-12-06 18:00:00+00:00,0.001827,0.00184,0.001811,0.001819,378995315.0
2025-12-07 00:00:00+00:00,0.001818,0.001819,0.001794,0.001802,276586948.0
2025-12-07 06:00:00+00:00,0.001803,0.001809,0.00177,0.001771,325801811.0
2025-12-07 12:00:00+00:00,0.001772,0.001804,0.001724,0.001796,554548093.0
2025-12-07 18:00:00+00:00,0.001795,0.001805,0.001734,0.001752,295779789.0
2025-12-08 00:00:00+00:00,0.001752,0.00179,0.001746,0.001783,182038554.0
2025-12-08 06:00:00+00:00,0.001782,0.001796,0.001765,0.001779,208157532.0
2025-12-08 12:00:00+00:00,0.001779,0.001792,0.001751,0.001769,379236117.0
2025-12-08 18:00:00+00:00,0.001768,0.00178,0.001745,0.001773,178527710.0
2025-12-09 00:00:00+00:00,0.001773,0.001778,0.001742,0.001758,172964848.0
2025-12-09 06:00:00+00:00,0.001758,0.001768,0.001748,0.001757,118617703.0
2025-12-09 12:00:00+00:00,0.001758,0.001838,0.001752,0.001817,472867984.0
2025-12-09 18:00:00+00:00,0.001816,0.001823,0.001776,0.001796,225165943.0
2025-12-10 00:00:00+00:00,0.001797,0.001819,0.001793,0.001808,226934986.0
2025-12-10 06:00:00+00:00,0.001809,0.001813,0.001786,0.001795,282232773.0
2025-12-10 12:00:00+00:00,0.001794,0.001804,0.001781,0.001797,230826088.0
2025-12-10 18:00:00+00:00,0.001797,0.001846,0.001766,0.001778,511350716.0
2025-12-11 00:00:00+00:00,0.001778,0.001784,0.001706,0.001732,366316342.0
2025-12-11 06:00:00+00:00,0.001731,0.001742,0.001713,0.001735,236018270.0
2025-12-11 12:00:00+00:00,0.001734,0.001741,0.001713,0.00173,282671009.0
2025-12-11 18:00:00+00:00,0.001729,0.001772,0.001726,0.001742,350089310.0
2025-12-12 00:00:00+00:00,0.001742,0.001748,0.001721,0.001737,239665724.0
2025-12-12 06:00:00+00:00,0.001737,0.001746,0.001728,0.001732,109533681.0
2025-12-12 12:00:00+00:00,0.001732,0.001736,0.00165,0.001673,416457510.0
2025-12-12 18:00:00+00:00,0.001675,0.001712,0.001673,0.001702,136354301.0
2025-12-13 00:00:00+00:00,0.001704,0.001718,0.001698,0.001715,92889075.0
2025-12-13 06:00:00+00:00,0.001714,0.001722,0.001705,0.001712,91144542.0
2025-12-13 12:00:00+00:00,0.001711,0.001731,0.001709,0.001723,127325497.0
2025-12-13 18:00:00+00:00,0.001724,0.001737,0.001708,0.001715,105344784.0
2025-12-14 00:00:00+00:00,0.001716,0.001726,0.001697,0.0017,105624151.0
2025-12-14 06:00:00+00:00,0.001699,0.001702,0.001661,0.001678,135735413.0
2025-12-14 12:00:00+00:00,0.001678,0.001685,0.001628,0.001634,218968028.0
2025-12-14 18:00:00+00:00,0.001633,0.001643,0.001592,0.001608,285119573.0
2025-12-15 00:00:00+00:00,0.001608,0.001645,0.001603,0.00161,260673359.0
2025-12-15 06:00:00+00:00,0.001611,0.001612,0.001577,0.001589,350351845.0
2025-12-15 12:00:00+00:00,0.001589,0.001593,0.001513,0.001515,578007763.0
2025-12-15 18:00:00+00:00,0.001515,0.001543,0.001503,0.001536,196926950.0
2025-12-16 00:00:00+00:00,0.001537,0.001539,0.001498,0.00152,210672616.0
2025-12-16 06:00:00+00:00,0.00152,0.001569,0.001505,0.001564,199833506.0
2025-12-16 12:00:00+00:00,0.001564,0.001572,0.001532,0.001553,311658262.0
2025-12-16 18:00:00+00:00,0.001553,0.001566,0.001544,0.001555,132474710.0
2025-12-17 00:00:00+00:00,0.001554,0.00156,0.001527,0.001535,197190448.0
2025-12-17 06:00:00+00:00,0.001536,0.001546,0.001532,0.001541,154870431.0
2025-12-17 12:00:00+00:00,0.001541,0.001571,0.001492,0.001493,535600390.0
2025-12-17 18:00:00+00:00,0.001493,0.001501,0.00147,0.001482,291186649.0
2025-12-18 00:00:00+00:00,0.001481,0.001496,0.001458,0.001459,249224193.0
2025-12-18 06:00:00+00:00,0.00146,0.001488,0.001458,0.001487,217333037.0
2025-12-18 12:00:00+00:00,0.001487,0.001527,0.00144,0.001474,543188814.0
2025-12-18 18:00:00+00:00,0.001474,0.001476,0.001418,0.001452,451654973.0
2025-12-19 00:00:00+00:00,0.001453,0.001505,0.001438,0.001493,366229164.0
2025-12-19 06:00:00+00:00,0.001494,0.001519,0.00149,0.001511,180138425.0
2025-12-19 12:00:00+00:00,0.00151,0.001553,0.001496,0.001521,507058975.0
2025-12-19 18:00:00+00:00,0.001521,0.001567,0.001519,0.001555,225943503.0
2025-12-20 00:00:00+00:00,0.001555,0.001562,0.001534,0.001539,213064634.0
2025-12-20 06:00:00+00:00,0.001538,0.001556,0.001532,0.001546,178330639.0
2025-12-20 12:00:00+00:00,0.001546,0.001547,0.001528,0.00154,160142987.0
2025-12-20 18:00:00+00:00,0.00154,0.001548,0.001537,0.001547,122579086.0
2025-12-21 00:00:00+00:00,0.001548,0.001574,0.001537,0.001548,763245391.0
2025-12-21 06:00:00+00:00,0.001548,0.001591,0.001546,0.001558,518033646.0
2025-12-21 12:00:00+00:00,0.001558,0.001585,0.001498,0.001527,993325678.0
2025-12-21 18:00:00+00:00,0.001526,0.00155,0.001511,0.001544,262836584.0
2025-12-22 00:00:00+00:00,0.001544,0.001621,0.001541,0.00161,1285185179.0
2025-12-22 06:00:00+00:00,0.001612,0.001664,0.001595,0.001627,1572788600.0
2025-12-22 12:00:00+00:00,0.001626,0.001666,0.001606,0.001646,793123189.0
2025-12-22 18:00:00+00:00,0.001645,0.001647,0.001603,0.001629,348882783.0
2025-12-23 00:00:00+00:00,0.00163,0.00163,0.001584,0.001599,326770225.0
2025-12-23 06:00:00+00:00,0.001599,0.00163,0.00159,0.001626,234920912.0
2025-12-23 12:00:00+00:00,0.001626,0.001657,0.001607,0.001607,448950114.0
2025-12-23 18:00:00+00:00,0.001608,0.001657,0.001607,0.001655,205341612.0
2025-12-24 00:00:00+00:00,0.001656,0.001662,0.001613,0.001622,233592641.0
2025-12-24 06:00:00+00:00,0.001623,0.001635,0.001604,0.00161,225330018.0
2025-12-24 12:00:00+00:00,0.00161,0.001635,0.001597,0.001623,199220302.0
2025-12-24 18:00:00+00:00,0.001622,0.001653,0.001622,0.001636,125565815.0
2025-12-25 00:00:00+00:00,0.001635,0.001651,0.001625,0.001647,134070079.0
2025-12-25 06:00:00+00:00,0.001647,0.001661,0.00163,0.001637,194645410.0
2025-12-25 12:00:00+00:00,0.001637,0.001654,0.001632,0.00164,175110556.0
2025-12-25 18:00:00+00:00,0.001641,0.001649,0.00158,0.001586,169414175.0
2025-12-26 00:00:00+00:00,0.001587,0.001629,0.001585,0.001608,224529347.0
2025-12-26 06:00:00+00:00,0.001607,0.001617,0.001597,0.00161,125001397.0
2025-12-26 12:00:00+00:00,0.00161,0.001614,0.001576,0.001587,194921493.0
2025-12-26 18:00:00+00:00,0.001587,0.001603,0.001583,0.001588,83540926.0
2025-12-27 00:00:00+00:00,0.001589,0.001596,0.00158,0.001582,142027927.0
2025-12-27 06:00:00+00:00,0.001583,0.001616,0.00154,0.001607,535237262.0
2025-12-27 12:00:00+00:00,0.001606,0.001627,0.001586,0.001611,395099564.0
2025-12-27 18:00:00+00:00,0.00161,0.001641,0.001606,0.001632,222188263.0
2025-12-28 00:00:00+00:00,0.001633,0.001706,0.001631,0.001699,970495631.0
2025-12-28 06:00:00+00:00,0.0017,0.001732,0.001652,0.001656,725807238.0
2025-12-28 12:00:00+00:00,0.001656,0.001656,0.001622,0.001628,422757493.0
2025-12-28 18:00:00+00:00,0.001628,0.001629,0.001582,0.001603,404200027.0
2025-12-29 00:00:00+00:00,0.001602,0.001623,0.001588,0.001609,387436294.0
2025-12-29 06:00:00+00:00,0.001608,0.001733,0.001604,0.00165,1619174155.0
2025-12-29 12:00:00+00:00,0.00165,0.001667,0.001614,0.001647,484874832.0
2025-12-29 18:00:00+00:00,0.001647,0.001648,0.001602,0.001619,268578551.0
2025-12-30 00:00:00+00:00,0.001618,0.001635,0.001576,0.001597,577364253.0
2025-12-30 06:00:00+00:00,0.001597,0.001599,0.001571,0.001588,257891132.0
2025-12-30 12:00:00+00:00,0.001588,0.001709,0.001578,0.001663,1786318098.0
2025-12-30 18:00:00+00:00,0.001664,0.001727,0.001659,0.001719,836053357.0
2025-12-31 00:00:00+00:00,0.001719,0.00192,0.001672,0.001859,7021836434.0
2025-12-31 06:00:00+00:00,0.00186,0.001867,0.001736,0.00178,5547286316.0
2025-12-31 12:00:00+00:00,0.001782,0.001825,0.001769,0.001785,1883225439.0
2025-12-31 18:00:00+00:00,0.001785,0.001875,0.001772,0.001812,1146080286.0
2026-01-01 00:00:00+00:00,0.001812,0.002028,0.001741,0.001957,2287738580.0
2026-01-01 06:00:00+00:00,0.001957,0.00198,0.001775,0.001821,3001417222.0
2026-01-01 12:00:00+00:00,0.001821,0.001853,0.001807,0.001838,638030729.0
2026-01-01 18:00:00+00:00,0.001838,0.001872,0.001834,0.001864,336687428.0
2026-01-02 00:00:00+00:00,0.001863,0.001893,0.001794,0.001803,791542062.0
2026-01-02 06:00:00+00:00,0.001803,0.001841,0.001795,0.001826,366077064.0
2026-01-02 12:00:00+00:00,0.001825,0.001851,0.001784,0.001831,560625403.0
2026-01-02 18:00:00+00:00,0.001831,0.001888,0.001818,0.001864,277571407.0
2026-01-03 00:00:00+00:00,0.001864,0.001895,0.001832,0.001838,482468580.0
2026-01-03 06:00:00+00:00,0.001838,0.001854,0.001813,0.001847,278355064.0
2026-01-03 12:00:00+00:00,0.001846,0.001875,0.001842,0.001859,204048457.0
2026-01-03 18:00:00+00:00,0.001859,0.001868,0.001843,0.001861,164155423.0
2026-01-04 00:00:00+00:00,0.001861,0.001867,0.001841,0.00185,206110031.0
2026-01-04 06:00:00+00:00,0.00185,0.001853,0.001825,0.001836,230001217.0
2026-01-04 12:00:00+00:00,0.001835,0.001869,0.001834,0.001863,308013772.0
2026-01-04 18:00:00+00:00,0.001864,0.001864,0.001835,0.001848,222196660.0
2026-01-05 00:00:00+00:00,0.001847,0.001873,0.001825,0.001836,401757804.0
2026-01-05 06:00:00+00:00,0.001835,0.001844,0.001803,0.001827,200617377.0
2026-01-05 12:00:00+00:00,0.001827,0.001863,0.001816,0.001861,299462240.0
2026-01-05 18:00:00+00:00,0.001861,0.001891,0.001856,0.001882,152423440.0
2026-01-06 00:00:00+00:00,0.001883,0.001975,0.001866,0.001953,577378331.0
2026-01-06 06:00:00+00:00,0.001953,0.002014,0.001922,0.001958,841991924.0
2026-01-06 12:00:00+00:00,0.001957,0.001972,0.001862,0.001863,463738520.0
2026-01-06 18:00:00+00:00,0.001864,0.001939,0.001859,0.001937,160005219.0
2026-01-07 00:00:00+00:00,0.001937,0.001938,0.0019,0.001911,191242015.0
2026-01-07 06:00:00+00:00,0.00191,0.001934,0.00188,0.001898,203235372.0
2026-01-07 12:00:00+00:00,0.001898,0.001935,0.001878,0.001933,531190497.0
2026-01-07 18:00:00+00:00,0.001934,0.002037,0.001933,0.002027,536141846.0
2026-01-08 00:00:00+00:00,0.002026,0.00203,0.001964,0.001991,652647566.0
2026-01-08 06:00:00+00:00,0.001991,0.002001,0.001912,0.001943,394302749.0
2026-01-08 12:00:00+00:00,0.001943,0.002013,0.001924,0.001932,991270626.0
2026-01-08 18:00:00+00:00,0.001932,0.001965,0.001819,0.001828,2366126318.0
2026-01-09 00:00:00+00:00,0.001828,0.001832,0.001711,0.001731,4168697115.0
2026-01-09 06:00:00+00:00,0.00173,0.001748,0.001692,0.001708,1771934949.0
2026-01-09 12:00:00+00:00,0.001709,0.001765,0.00168,0.00171,2008381271.0
2026-01-09 18:00:00+00:00,0.00171,0.001734,0.001688,0.001705,1072196363.0
2026-01-10 00:00:00+00:00,0.001704,0.001723,0.001689,0.001698,756904368.0
2026-01-10 06:00:00+00:00,0.001698,0.001723,0.001695,0.001699,484222416.0
2026-01-10 12:00:00+00:00,0.0017,0.001717,0.001696,0.001702,398747264.0
2026-01-10 18:00:00+00:00,0.001703,0.00172,0.001697,0.001701,249200512.0
2026-01-11 00:00:00+00:00,0.001702,0.001713,0.001691,0.001694,254133160.0
2026-01-11 06:00:00+00:00,0.001694,0.001716,0.001694,0.001711,221509194.0
2026-01-11 12:00:00+00:00,0.001712,0.001732,0.001693,0.001711,355731839.0
2026-01-11 18:00:00+00:00,0.001711,0.001712,0.001665,0.001683,339305351.0
2026-01-12 00:00:00+00:00,0.001684,0.001708,0.001654,0.0017,496323447.0
2026-01-12 06:00:00+00:00,0.001699,0.001704,0.001659,0.001667,316220881.0
2026-01-12 12:00:00+00:00,0.001667,0.001669,0.001629,0.001637,446169766.0
2026-01-12 18:00:00+00:00,0.001637,0.001651,0.001621,0.001624,284100822.0
2026-01-13 00:00:00+00:00,0.001624,0.001629,0.001611,0.001618,335205095.0
2026-01-13 06:00:00+00:00,0.001617,0.001648,0.001615,0.001638,303653450.0
2026-01-13 12:00:00+00:00,0.001638,0.001683,0.00163,0.00167,415106072.0
2026-01-13 18:00:00+00:00,0.00167,0.001701,0.001661,0.001687,280199734.0
2026-01-14 00:00:00+00:00,0.001687,0.001722,0.001687,0.001698,294225672.0
2026-01-14 06:00:00+00:00,0.001697,0.001719,0.001683,0.001698,241809496.0
2026-01-14 12:00:00+00:00,0.001698,0.001726,0.001692,0.001704,282684940.0
2026-01-14 18:00:00+00:00,0.001704,0.001728,0.001682,0.001718,269286723.0
2026-01-15 00:00:00+00:00,0.001718,0.001719,0.001659,0.001676,290365197.0
2026-01-15 06:00:00+00:00,0.001675,0.001702,0.001667,0.001694,156803513.0
2026-01-15 12:00:00+00:00,0.001694,0.001698,0.001656,0.001663,232385737.0
2026-01-15 18:00:00+00:00,0.001664,0.001667,0.001631,0.00164,288735364.0
2026-01-16 00:00:00+00:00,0.001641,0.001646,0.001613,0.001628,379906515.0
2026-01-16 06:00:00+00:00,0.001628,0.001645,0.001626,0.001641,177983351.0
2026-01-16 12:00:00+00:00,0.001641,0.001647,0.001602,0.00164,382968703.0
2026-01-16 18:00:00+00:00,0.00164,0.001657,0.001626,0.001655,158756910.0
2026-01-17 00:00:00+00:00,0.001655,0.00167,0.001647,0.001663,183126164.0
2026-01-17 06:00:00+00:00,0.001664,0.001679,0.001655,0.001664,145635239.0
2026-01-17 12:00:00+00:00,0.001664,0.001705,0.001662,0.001677,298236006.0
2026-01-17 18:00:00+00:00,0.001678,0.001681,0.001653,0.001665,179685609.0
2026-01-18 00:00:00+00:00,0.001665,0.001677,0.001637,0.001643,273305630.0
2026-01-18 06:00:00+00:00,0.001643,0.001656,0.001638,0.001651,144862554.0
2026-01-18 12:00:00+00:00,0.001651,0.001659,0.001638,0.001657,167441223.0
2026-01-18 18:00:00+00:00,0.001657,0.001675,0.001606,0.001611,259798485.0
2026-01-19 00:00:00+00:00,0.001611,0.001612,0.001474,0.001571,820805880.0
2026-01-19 06:00:00+00:00,0.001571,0.001584,0.00156,0.001578,209728258.0
2026-01-19 12:00:00+00:00,0.001578,0.001602,0.001566,0.001593,180374939.0
2026-01-19 18:00:00+00:00,0.001593,0.0016,0.001574,0.001582,156539650.0
2026-01-20 00:00:00+00:00,0.001581,0.001583,0.001563,0.00157,177103832.0
2026-01-20 06:00:00+00:00,0.001569,0.00157,0.001534,0.001549,236573100.0
2026-01-20 12:00:00+00:00,0.001548,0.001561,0.001517,0.001523,248765109.0
2026-01-20 18:00:00+00:00,0.001524,0.001526,0.001464,0.001497,249194023.0
2026-01-21 00:00:00+00:00,0.001498,0.001547,0.001497,0.001543,173894582.0
2026-01-21 06:00:00+00:00,0.001543,0.001549,0.001517,0.00152,156661746.0
2026-01-21 12:00:00+00:00,0.00152,0.001546,0.001494,0.001511,347866969.0
2026-01-21 18:00:00+00:00,0.00151,0.001565,0.001506,0.001545,227434707.0
2026-01-22 00:00:00+00:00,0.001545,0.001565,0.001544,0.001551,109223931.0
2026-01-22 06:00:00+00:00,0.001551,0.001553,0.001538,0.001541,138676116.0
2026-01-22 12:00:00+00:00,0.001541,0.001549,0.001514,0.00154,190537396.0
2026-01-22 18:00:00+00:00,0.001539,0.001539,0.00152,0.001535,94867349.0
2026-01-23 00:00:00+00:00,0.001535,0.001556,0.001533,0.001549,121931206.0
2026-01-23 06:00:00+00:00,0.001548,0.001558,0.001537,0.001558,151235785.0
2026-01-23 12:00:00+00:00,0.001557,0.001581,0.001531,0.001569,247618462.0
2026-01-23 18:00:00+00:00,0.001569,0.001574,0.001538,0.00156,177178266.0
2026-01-24 00:00:00+00:00,0.00156,0.001566,0.001548,0.001557,103846541.0
2026-01-24 06:00:00+00:00,0.001557,0.001561,0.001548,0.001556,89685847.0
2026-01-24 12:00:00+00:00,0.001557,0.001562,0.001534,0.001545,146110268.0
2026-01-24 18:00:00+00:00,0.001546,0.001553,0.001539,0.001551,47533466.0
2026-01-25 00:00:00+00:00,0.001551,0.001583,0.001544,0.001553,236869185.0
2026-01-25 06:00:00+00:00,0.001552,0.001556,0.001534,0.001538,135018655.0
2026-01-25 12:00:00+00:00,0.001538,0.001548,0.001482,0.001489,264810418.0
2026-01-25 18:00:00+00:00,0.001489,0.001489,0.001438,0.001472,282311475.0
2026-01-26 00:00:00+00:00,0.001473,0.001514,0.001461,0.001513,271969319.0
2026-01-26 06:00:00+00:00,0.001512,0.001527,0.001503,0.001518,228765724.0
2026-01-26 12:00:00+00:00,0.001518,0.001558,0.001516,0.001545,324030513.0
2026-01-26 18:00:00+00:00,0.001545,0.001559,0.001532,0.001538,150232903.0
2026-01-27 00:00:00+00:00,0.001538,0.001557,0.001528,0.001534,213598492.0
2026-01-27 06:00:00+00:00,0.001534,0.001536,0.001513,0.001521,209419110.0
2026-01-27 12:00:00+00:00,0.001521,0.001534,0.001505,0.001522,240503264.0
2026-01-27 18:00:00+00:00,0.001522,0.001553,0.001521,0.001548,144501553.0
2026-01-28 00:00:00+00:00,0.001548,0.001549,0.001531,0.001535,174708715.0
2026-01-28 06:00:00+00:00,0.001536,0.001571,0.001532,0.001569,198010700.0
2026-01-28 12:00:00+00:00,0.001569,0.001622,0.001568,0.001589,788507539.0
2026-01-28 18:00:00+00:00,0.001589,0.001631,0.001581,0.001621,385975113.0
2026-01-29 00:00:00+00:00,0.001622,0.001628,0.001554,0.001564,391360513.0
2026-01-29 06:00:00+00:00,0.001564,0.001575,0.001537,0.001552,222211292.0
2026-01-29 12:00:00+00:00,0.001552,0.001558,0.001485,0.001512,681384012.0
2026-01-29 18:00:00+00:00,0.001513,0.00153,0.001491,0.001517,322542737.0
2026-01-30 00:00:00+00:00,0.001517,0.001523,0.001448,0.001479,653249164.0
2026-01-30 06:00:00+00:00,0.001479,0.001509,0.001455,0.001503,300998225.0
2026-01-30 12:00:00+00:00,0.001504,0.001523,0.00149,0.001491,334602703.0
2026-01-30 18:00:00+00:00,0.001492,0.001515,0.001458,0.001503,239961461.0
2026-01-31 00:00:00+00:00,0.001503,0.001505,0.001486,0.001502,138357140.0
2026-01-31 06:00:00+00:00,0.001501,0.001526,0.001475,0.001482,361382514.0
2026-01-31 12:00:00+00:00,0.001482,0.00149,0.001323,0.001353,876315957.0
2026-01-31 18:00:00+00:00,0.001352,0.001411,0.00127,0.001409,603446154.0
2026-02-01 00:00:00+00:00,0.001408,0.001416,0.001395,0.001397,271662689.0
2026-02-01 06:00:00+00:00,0.001398,0.001461,0.001394,0.001421,512597366.0
2026-02-01 12:00:00+00:00,0.001421,0.001451,0.00138,0.001395,380752243.0
2026-02-01 18:00:00+00:00,0.001396,0.001421,0.001351,0.001384,281958669.0
2026-02-02 00:00:00+00:00,0.001385,0.001436,0.001323,0.00134,937966084.0
2026-02-02 06:00:00+00:00,0.00134,0.00138,0.001315,0.001372,429191010.0
2026-02-02 12:00:00+00:00,0.001373,0.001426,0.001371,0.001411,391987559.0
2026-02-02 18:00:00+00:00,0.001411,0.001419,0.001398,0.001411,123008619.0
2026-02-03 00:00:00+00:00,0.00141,0.001441,0.001391,0.001422,213736616.0
2026-02-03 06:00:00+00:00,0.001422,0.001476,0.001412,0.001434,661633241.0
2026-02-03 12:00:00+00:00,0.001434,0.00145,0.001378,0.001378,447620657.0
2026-02-03 18:00:00+00:00,0.001379,0.001441,0.001346,0.001395,454352388.0
2026-02-04 00:00:00+00:00,0.001396,0.00143,0.001395,0.001415,191893649.0
2026-02-04 06:00:00+00:00,0.001415,0.001426,0.001384,0.001394,175140767.0
2026-02-04 12:00:00+00:00,0.001394,0.001396,0.0013,0.001319,581713484.0
2026-02-04 18:00:00+00:00,0.001319,0.001349,0.001306,0.001336,453699150.0
2026-02-05 00:00:00+00:00,0.001336,0.001344,0.001286,0.001299,379963984.0
2026-02-05 06:00:00+00:00,0.001299,0.001318,0.001268,0.001277,386745558.0
2026-02-05 12:00:00+00:00,0.001278,0.001296,0.001192,0.001206,968388741.0
2026-02-05 18:00:00+00:00,0.001207,0.001218,0.001136,0.001144,811701551.0
2026-02-06 00:00:00+00:00,0.001143,0.001198,0.001044,0.001197,1179758553.0
2026-02-06 06:00:00+00:00,0.001197,0.00122,0.001161,0.001215,363378753.0
2026-02-06 12:00:00+00:00,0.001214,0.001288,0.001208,0.001276,347967248.0
2026-02-06 18:00:00+00:00,0.001277,0.00128,0.00125,0.001272,210882816.0
2026-02-07 00:00:00+00:00,0.001273,0.001278,0.001252,0.001261,183762480.0
2026-02-07 06:00:00+00:00,0.001261,0.001266,0.001216,0.001234,215947406.0
2026-02-07 12:00:00+00:00,0.001232,0.001266,0.001231,0.001256,322428216.0
2026-02-07 18:00:00+00:00,0.001256,0.001275,0.001253,0.001256,160294904.0
2026-02-08 00:00:00+00:00,0.001257,0.001267,0.001248,0.00125,156019619.0
2026-02-08 06:00:00+00:00,0.00125,0.001263,0.001238,0.001255,150007197.0
2026-02-08 12:00:00+00:00,0.001256,0.001256,0.001214,0.001223,170843721.0
2026-02-08 18:00:00+00:00,0.001223,0.001246,0.00121,0.001218,130082815.0
2026-02-09 00:00:00+00:00,0.001218,0.001243,0.001215,0.001241,122625543.0
2026-02-09 06:00:00+00:00,0.00124,0.001241,0.001177,0.001195,232909599.0
2026-02-09 12:00:00+00:00,0.001196,0.001244,0.00119,0.001239,449295776.0
2026-02-09 18:00:00+00:00,0.00124,0.001245,0.001227,0.001233,130792703.0
2026-02-10 00:00:00+00:00,0.001233,0.001244,0.001212,0.001214,113230189.0
2026-02-10 06:00:00+00:00,0.001214,0.001217,0.001193,0.001195,170890154.0
2026-02-10 12:00:00+00:00,0.001195,0.001251,0.001188,0.001237,369090957.0
2026-02-10 18:00:00+00:00,0.001237,0.00125,0.001224,0.001236,215329290.0
2026-02-11 00:00:00+00:00,0.001236,0.001248,0.001212,0.001215,215547626.0
2026-02-11 06:00:00+00:00,0.001215,0.001217,0.001188,0.001196,218129191.0
2026-02-11 12:00:00+00:00,0.001197,0.001232,0.001181,0.001209,276374567.0
2026-02-11 18:00:00+00:00,0.001209,0.001223,0.001201,0.001212,162267027.0
2026-02-12 00:00:00+00:00,0.001212,0.001239,0.001209,0.001233,129551003.0
2026-02-12 06:00:00+00:00,0.001233,0.001269,0.001232,0.001259,236245385.0
2026-02-12 12:00:00+00:00,0.00126,0.001261,0.00121,0.001217,218978111.0
2026-02-12 18:00:00+00:00,0.001218,0.001246,0.001217,0.001246,132323472.0
2026-02-13 00:00:00+00:00,0.001246,0.001251,0.001216,0.00122,164721457.0
2026-02-13 06:00:00+00:00,0.001219,0.001257,0.001217,0.001247,157808436.0
2026-02-13 12:00:00+00:00,0.001247,0.001288,0.00124,0.001283,244500301.0
2026-02-13 18:00:00+00:00,0.001283,0.001285,0.001275,0.001283,100441237.0
2026-02-14 00:00:00+00:00,0.001283,0.001292,0.001281,0.00129,163946652.0
2026-02-14 06:00:00+00:00,0.00129,0.001313,0.001285,0.001311,131484556.0
2026-02-14 12:00:00+00:00,0.001311,0.001313,0.001295,0.001306,132462370.0
2026-02-14 18:00:00+00:00,0.001306,0.001325,0.001304,0.001314,142870390.0
2026-02-15 00:00:00+00:00,0.001313,0.00135,0.001307,0.001335,515423653.0
2026-02-15 06:00:00+00:00,0.001335,0.001338,0.00128,0.001285,371469869.0
2026-02-15 12:00:00+00:00,0.001285,0.001286,0.00124,0.001252,276061616.0
2026-02-15 18:00:00+00:00,0.001252,0.001285,0.001248,0.001277,171489237.0
2026-02-16 00:00:00+00:00,0.001277,0.001305,0.001261,0.001284,179499641.0
2026-02-16 06:00:00+00:00,0.001284,0.001288,0.001252,0.001273,169754763.0
2026-02-16 12:00:00+00:00,0.001273,0.001302,0.001258,0.001271,198266229.0
2026-02-16 18:00:00+00:00,0.001271,0.001303,0.001271,0.001297,124868339.0
2026-02-17 00:00:00+00:00,0.001297,0.001298,0.001267,0.001273,107591722.0
2026-02-17 06:00:00+00:00,0.001273,0.001281,0.00126,0.001268,116037814.0
2026-02-17 12:00:00+00:00,0.001268,0.001293,0.001262,0.001271,212029699.0
2026-02-17 18:00:00+00:00,0.00127,0.001283,0.001264,0.00127,110318820.0
2026-02-18 00:00:00+00:00,0.001269,0.001279,0.001258,0.001266,150948916.0
2026-02-18 06:00:00+00:00,0.001265,0.001272,0.001247,0.001253,152338628.0
2026-02-18 12:00:00+00:00,0.001253,0.001269,0.001238,0.001248,248184133.0
2026-02-18 18:00:00+00:00,0.001249,0.001251,0.001222,0.001229,180185394.0
2026-02-19 00:00:00+00:00,0.00123,0.001236,0.00122,0.001227,132732983.0
2026-02-19 06:00:00+00:00,0.001228,0.001234,0.001197,0.001202,175622686.0
2026-02-19 12:00:00+00:00,0.001202,0.001211,0.001186,0.001192,221561394.0
2026-02-19 18:00:00+00:00,0.001192,0.001217,0.001189,0.001216,125265163.0
2026-02-20 00:00:00+00:00,0.001215,0.001224,0.001205,0.001208,182520795.0
2026-02-20 06:00:00+00:00,0.001207,0.001223,0.0012,0.001205,140625729.0
2026-02-20 12:00:00+00:00,0.001205,0.001228,0.001182,0.001226,326049902.0
2026-02-20 18:00:00+00:00,0.001226,0.001232,0.001217,0.00123,123515872.0
2026-02-21 00:00:00+00:00,0.001231,0.00124,0.001225,0.001236,84661217.0
2026-02-21 06:00:00+00:00,0.001237,0.001251,0.001229,0.001242,114687702.0
2026-02-21 12:00:00+00:00,0.001242,0.001246,0.001226,0.001228,94675701.0
2026-02-21 18:00:00+00:00,0.001229,0.00123,0.001217,0.001221,109066173.0
2026-02-22 00:00:00+00:00,0.001221,0.001221,0.001198,0.001201,107073042.0
2026-02-22 06:00:00+00:00,0.001201,0.001216,0.001198,0.001211,90080552.0
2026-02-22 12:00:00+00:00,0.001211,0.001211,0.001185,0.001196,169171403.0
2026-02-22 18:00:00+00:00,0.001196,0.0012,0.001188,0.001196,73590629.0
2026-02-23 00:00:00+00:00,0.001196,0.0012,0.00114,0.001153,345924770.0
2026-02-23 06:00:00+00:00,0.001154,0.001175,0.001153,0.001169,147272302.0
2026-02-23 12:00:00+00:00,0.001169,0.001182,0.001119,0.001134,260063475.0
2026-02-23 18:00:00+00:00,0.001135,0.00115,0.001128,0.00114,174108074.0
2026-02-24 00:00:00+00:00,0.00114,0.001159,0.001128,0.001138,278117939.0
2026-02-24 06:00:00+00:00,0.001137,0.00114,0.001123,0.00114,170358931.0
2026-02-24 12:00:00+00:00,0.00114,0.001167,0.001124,0.001159,199662609.0
2026-02-24 18:00:00+00:00,0.00116,0.001175,0.001153,0.001165,193094905.0
2026-02-25 00:00:00+00:00,0.001165,0.001264,0.001165,0.001242,1097311660.0
2026-02-25 06:00:00+00:00,0.001243,0.001262,0.001201,0.001214,711330212.0
2026-02-25 12:00:00+00:00,0.001212,0.001242,0.001207,0.001239,391191716.0
2026-02-25 18:00:00+00:00,0.00124,0.00126,0.001213,0.001223,360316307.0
2026-02-26 00:00:00+00:00,0.001223,0.001241,0.001207,0.001213,333022525.0
2026-02-26 06:00:00+00:00,0.001213,0.001223,0.001205,0.001208,218477216.0
2026-02-26 12:00:00+00:00,0.001208,0.001217,0.001174,0.001184,310394624.0
2026-02-26 18:00:00+00:00,0.001184,0.001221,0.001182,0.001213,167604267.0
2026-02-27 00:00:00+00:00,0.001214,0.001218,0.001193,0.001212,199702890.0
2026-02-27 06:00:00+00:00,0.001212,0.00122,0.001188,0.001193,231431338.0
2026-02-27 12:00:00+00:00,0.001193,0.001209,0.001181,0.001209,227000866.0
2026-02-27 18:00:00+00:00,0.001209,0.00121,0.001165,0.001185,161856359.0
2026-02-28 00:00:00+00:00,0.001184,0.001185,0.00114,0.001143,206769867.0
2026-02-28 06:00:00+00:00,0.001144,0.001147,0.001098,0.001106,545084164.0
2026-02-28 12:00:00+00:00,0.001107,0.001145,0.001106,0.00114,287224764.0
2026-02-28 18:00:00+00:00,0.001139,0.001203,0.001137,0.001196,311985170.0
2026-03-01 00:00:00+00:00,0.001197,0.00123,0.001184,0.001211,416655830.0
2026-03-01 06:00:00+00:00,0.001211,0.001211,0.001178,0.001181,193006704.0
2026-03-01 12:00:00+00:00,0.001181,0.001194,0.001158,0.001167,197159113.0
2026-03-01 18:00:00+00:00,0.001166,0.001181,0.001139,0.001162,254736344.0
2026-03-02 00:00:00+00:00,0.001162,0.001185,0.001161,0.001169,171918975.0
2026-03-02 06:00:00+00:00,0.001168,0.001173,0.001148,0.00117,194418357.0
2026-03-02 12:00:00+00:00,0.00117,0.001225,0.001155,0.001214,343226201.0
2026-03-02 18:00:00+00:00,0.001214,0.001231,0.001201,0.00121,328566669.0
2026-03-03 00:00:00+00:00,0.001209,0.00121,0.001183,0.001192,233140763.0
2026-03-03 06:00:00+00:00,0.001192,0.001196,0.00115,0.001161,257169654.0
2026-03-03 12:00:00+00:00,0.001162,0.001199,0.001154,0.001199,297124402.0
2026-03-03 18:00:00+00:00,0.001198,0.00121,0.001181,0.001189,224960513.0
2026-03-04 00:00:00+00:00,0.00119,0.001195,0.001145,0.001159,281878399.0
2026-03-04 06:00:00+00:00,0.001159,0.001199,0.001155,0.001169,313314016.0
2026-03-04 12:00:00+00:00,0.001169,0.001195,0.001162,0.001193,332260113.0
2026-03-04 18:00:00+00:00,0.001192,0.001222,0.001185,0.001211,332312312.0
2026-03-05 00:00:00+00:00,0.00121,0.001211,0.001179,0.001183,258288766.0
2026-03-05 06:00:00+00:00,0.001182,0.001186,0.001162,0.001172,312704515.0
2026-03-05 12:00:00+00:00,0.001173,0.00118,0.001123,0.001125,417349477.0
2026-03-05 18:00:00+00:00,0.001125,0.001141,0.001112,0.001129,570203314.0
2026-03-06 00:00:00+00:00,0.00113,0.001157,0.001126,0.001136,293911629.0
2026-03-06 06:00:00+00:00,0.001136,0.00115,0.001123,0.001127,187634950.0
2026-03-06 12:00:00+00:00,0.001127,0.00114,0.001086,0.001097,395823807.0
2026-03-06 18:00:00+00:00,0.001096,0.001107,0.001095,0.001098,109932837.0
2026-03-07 00:00:00+00:00,0.001098,0.001118,0.00109,0.001103,180810729.0
2026-03-07 06:00:00+00:00,0.001103,0.001115,0.001084,0.001107,173252253.0
2026-03-07 12:00:00+00:00,0.001106,0.001112,0.001088,0.001106,130274401.0
2026-03-07 18:00:00+00:00,0.001105,0.001106,0.00107,0.00108,190485029.0
2026-03-08 00:00:00+00:00,0.00108,0.001097,0.001077,0.001093,191904001.0
2026-03-08 06:00:00+00:00,0.001092,0.001097,0.001084,0.001096,178372764.0
2026-03-08 12:00:00+00:00,0.001095,0.001119,0.001087,0.001118,319681855.0
2026-03-08 18:00:00+00:00,0.001119,0.001132,0.001084,0.001091,337593203.0
2026-03-09 00:00:00+00:00,0.001091,0.001124,0.001089,0.00112,250152036.0
2026-03-09 06:00:00+00:00,0.001119,0.00112,0.0011,0.001109,138115742.0
2026-03-09 12:00:00+00:00,0.001108,0.001128,0.001106,0.001126,204513459.0
2026-03-09 18:00:00+00:00,0.001126,0.001155,0.001123,0.001135,278502421.0
2026-03-10 00:00:00+00:00,0.001135,0.001152,0.001129,0.00114,191050738.0
2026-03-10 06:00:00+00:00,0.001141,0.001158,0.001135,0.001155,181188536.0
2026-03-10 12:00:00+00:00,0.001156,0.001173,0.001142,0.00116,265820980.0
2026-03-10 18:00:00+00:00,0.00116,0.00116,0.001145,0.001157,122472226.0
2026-03-11 00:00:00+00:00,0.001156,0.001163,0.001148,0.001154,171815916.0
2026-03-11 06:00:00+00:00,0.001154,0.001169,0.001146,0.001146,127210324.0
2026-03-11 12:00:00+00:00,0.001147,0.001168,0.001144,0.001158,158972493.0
2026-03-11 18:00:00+00:00,0.001158,0.001167,0.001155,0.001158,93816351.0
2026-03-12 00:00:00+00:00,0.001158,0.001166,0.001135,0.001139,195017883.0
2026-03-12 06:00:00+00:00,0.00114,0.001158,0.001138,0.001148,129471150.0
2026-03-12 12:00:00+00:00,0.001147,0.001155,0.001131,0.001142,162747943.0
2026-03-12 18:00:00+00:00,0.001143,0.001144,0.001134,0.001135,111442889.0
2026-03-13 00:00:00+00:00,0.001135,0.001157,0.001133,0.001149,166180267.0
2026-03-13 06:00:00+00:00,0.001148,0.00115,0.001131,0.001148,236395576.0
2026-03-13 12:00:00+00:00,0.001148,0.001173,0.001146,0.001152,393516108.0
2026-03-13 18:00:00+00:00,0.001152,0.00116,0.001142,0.00115,131175631.0
2026-03-14 00:00:00+00:00,0.00115,0.001151,0.001135,0.00114,100919763.0
2026-03-14 06:00:00+00:00,0.00114,0.00114,0.001122,0.001133,122555734.0
2026-03-14 12:00:00+00:00,0.001133,0.001143,0.001131,0.001136,94406146.0
2026-03-14 18:00:00+00:00,0.001136,0.00114,0.001127,0.001133,71558406.0
2026-03-15 00:00:00+00:00,0.001133,0.001148,0.001125,0.001143,135389606.0
2026-03-15 06:00:00+00:00,0.001143,0.001174,0.001139,0.001165,387981181.0
2026-03-15 12:00:00+00:00,0.001166,0.001169,0.001145,0.001154,287344963.0
2026-03-15 18:00:00+00:00,0.001154,0.001162,0.001143,0.001154,185753575.0
2026-03-16 00:00:00+00:00,0.001155,0.001179,0.001152,0.001171,402941628.0
2026-03-16 06:00:00+00:00,0.001171,0.001182,0.001161,0.001175,243323956.0
2026-03-16 12:00:00+00:00,0.001176,0.001196,0.001169,0.001192,245842062.0
2026-03-16 18:00:00+00:00,0.001193,0.001209,0.001191,0.001206,122932531.0
2026-03-17 00:00:00+00:00,0.001205,0.001214,0.001179,0.001183,205982959.0
2026-03-17 06:00:00+00:00,0.001184,0.001212,0.001179,0.001208,219460447.0
2026-03-17 12:00:00+00:00,0.001207,0.001215,0.001194,0.00121,226420685.0
2026-03-17 18:00:00+00:00,0.001211,0.001215,0.001201,0.001204,87734170.0
2026-03-18 00:00:00+00:00,0.001204,0.001222,0.001196,0.001204,159651420.0
2026-03-18 06:00:00+00:00,0.001203,0.001215,0.001181,0.001183,231207409.0
2026-03-18 12:00:00+00:00,0.001182,0.001182,0.001147,0.001167,342276069.0
2026-03-18 18:00:00+00:00,0.001168,0.001175,0.001152,0.001173,257621721.0
2026-03-19 00:00:00+00:00,0.001172,0.001177,0.001159,0.001162,137479794.0
2026-03-19 06:00:00+00:00,0.001162,0.001164,0.001142,0.001142,147924846.0
2026-03-19 12:00:00+00:00,0.001143,0.001146,0.001124,0.001137,159965418.0
2026-03-19 18:00:00+00:00,0.001138,0.001143,0.001127,0.001138,107308061.0
2026-03-20 00:00:00+00:00,0.001138,0.001151,0.001137,0.001144,98494894.0
2026-03-20 06:00:00+00:00,0.001145,0.001147,0.001135,0.001142,87346577.0
2026-03-20 12:00:00+00:00,0.001142,0.001144,0.001119,0.001132,157607632.0
2026-03-20 18:00:00+00:00,0.001132,0.001138,0.001117,0.001129,73636848.0
2026-03-21 00:00:00+00:00,0.001129,0.001146,0.001125,0.001127,143949878.0
2026-03-21 06:00:00+00:00,0.001126,0.001128,0.001108,0.001113,95663397.0
2026-03-21 12:00:00+00:00,0.001114,0.00114,0.001113,0.001132,155075776.0
2026-03-21 18:00:00+00:00,0.001132,0.001136,0.001096,0.001102,237573893.0
2026-03-22 00:00:00+00:00,0.0011,0.001114,0.001084,0.00111,189269119.0
2026-03-22 06:00:00+00:00,0.001109,0.00111,0.001085,0.001085,103200438.0
2026-03-22 12:00:00+00:00,0.001086,0.001096,0.001085,0.001087,98030127.0
2026-03-22 18:00:00+00:00,0.001087,0.00109,0.001066,0.001077,139579897.0
2026-03-23 00:00:00+00:00,0.001077,0.001095,0.001068,0.00109,131416178.0
2026-03-23 06:00:00+00:00,0.001089,0.001116,0.001066,0.001105,358421291.0
2026-03-23 12:00:00+00:00,0.001105,0.001132,0.001097,0.001118,236463746.0
2026-03-23 18:00:00+00:00,0.001118,0.00114,0.001116,0.001121,154519638.0
2026-03-24 00:00:00+00:00,0.001122,0.001141,0.001113,0.001123,318981971.0
2026-03-24 06:00:00+00:00,0.001123,0.001157,0.001121,0.001149,551110954.0
2026-03-24 12:00:00+00:00,0.001148,0.001157,0.001118,0.00112,605696520.0
2026-03-24 18:00:00+00:00,0.001121,0.001138,0.001118,0.001137,169929364.0
2026-03-25 00:00:00+00:00,0.001137,0.001146,0.001122,0.001125,305247245.0
2026-03-25 06:00:00+00:00,0.001124,0.001129,0.001113,0.001122,259773522.0
2026-03-25 12:00:00+00:00,0.001123,0.001126,0.00111,0.001116,220119046.0
2026-03-25 18:00:00+00:00,0.001117,0.001123,0.001107,0.001123,124559305.0
2026-03-26 00:00:00+00:00,0.001123,0.001127,0.001081,0.001084,176557689.0
2026-03-26 06:00:00+00:00,0.001083,0.001085,0.001063,0.001068,294139645.0
2026-03-26 12:00:00+00:00,0.001068,0.001089,0.001066,0.00107,227409460.0
2026-03-26 18:00:00+00:00,0.001071,0.001083,0.001063,0.00108,140606427.0
2026-03-27 00:00:00+00:00,0.00108,0.001085,0.001074,0.001081,157714885.0
2026-03-27 06:00:00+00:00,0.00108,0.001095,0.001043,0.001049,318236853.0
2026-03-27 12:00:00+00:00,0.001049,0.001059,0.001044,0.001046,172980427.0
2026-03-27 18:00:00+00:00,0.001046,0.001053,0.001043,0.001047,96604472.0
2026-03-28 00:00:00+00:00,0.001047,0.00105,0.001036,0.001044,127172709.0
2026-03-28 06:00:00+00:00,0.001044,0.001056,0.001041,0.001048,122983078.0
2026-03-28 12:00:00+00:00,0.001047,0.001062,0.001045,0.001047,175901857.0
2026-03-28 18:00:00+00:00,0.001047,0.001051,0.001031,0.001033,120454763.0
2026-03-29 00:00:00+00:00,0.001034,0.001035,0.001025,0.001033,127983790.0
2026-03-29 06:00:00+00:00,0.001033,0.001038,0.001022,0.001028,113966841.0
2026-03-29 12:00:00+00:00,0.001028,0.001028,0.001007,0.001019,205333528.0
2026-03-29 18:00:00+00:00,0.00102,0.001029,0.000996,0.001013,199646327.0
2026-03-30 00:00:00+00:00,0.001013,0.001043,0.001011,0.001034,174980574.0
2026-03-30 06:00:00+00:00,0.001035,0.001058,0.001031,0.001052,126302311.0
2026-03-30 12:00:00+00:00,0.001052,0.001055,0.001028,0.001031,120452081.0
2026-03-30 18:00:00+00:00,0.001032,0.001033,0.001018,0.001024,97059668.0
2026-03-31 00:00:00+00:00,0.001024,0.00105,0.001023,0.001039,134915980.0
2026-03-31 06:00:00+00:00,0.001038,0.00105,0.001025,0.001034,170858037.0
2026-03-31 12:00:00+00:00,0.001035,0.001099,0.001031,0.001092,490025377.0
2026-03-31 18:00:00+00:00,0.001092,0.001101,0.001071,0.001076,322168943.0
2026-04-01 00:00:00+00:00,0.001075,0.001098,0.00106,0.001098,274326064.0
2026-04-01 06:00:00+00:00,0.001098,0.001127,0.001085,0.001095,415675768.0
2026-04-01 12:00:00+00:00,0.001095,0.00113,0.001084,0.001129,733328951.0
2026-04-01 18:00:00+00:00,0.001129,0.001135,0.001091,0.001102,628682507.0
2026-04-02 00:00:00+00:00,0.001102,0.001116,0.001058,0.001068,319951028.0
2026-04-02 06:00:00+00:00,0.001067,0.001092,0.001063,0.001068,221587093.0
2026-04-02 12:00:00+00:00,0.001067,0.00108,0.001041,0.001053,834504290.0
2026-04-02 18:00:00+00:00,0.001053,0.001066,0.001052,0.001058,194397141.0
2026-04-03 00:00:00+00:00,0.001058,0.001075,0.001049,0.00107,159103797.0
2026-04-03 06:00:00+00:00,0.00107,0.001096,0.001065,0.001087,241892938.0
2026-04-03 12:00:00+00:00,0.001087,0.001087,0.001056,0.001071,269628274.0
2026-04-03 18:00:00+00:00,0.001072,0.001093,0.001071,0.001089,267336228.0
2026-04-04 00:00:00+00:00,0.001089,0.001091,0.001075,0.001077,163672622.0
2026-04-04 06:00:00+00:00,0.001077,0.001087,0.001067,0.001082,179311148.0
2026-04-04 12:00:00+00:00,0.001082,0.001089,0.00107,0.001084,159291111.0
2026-04-04 18:00:00+00:00,0.001084,0.001086,0.001074,0.001076,94211285.0
2026-04-05 00:00:00+00:00,0.001077,0.001078,0.001054,0.001055,108977856.0
2026-04-05 06:00:00+00:00,0.001056,0.00106,0.001045,0.001053,171135073.0
2026-04-05 12:00:00+00:00,0.001053,0.001061,0.00104,0.001052,266733520.0
2026-04-05 18:00:00+00:00,0.001053,0.00107,0.001046,0.001069,183053164.0
2026-04-06 00:00:00+00:00,0.001069,0.001104,0.001069,0.00109,290976948.0
2026-04-06 06:00:00+00:00,0.001091,0.001097,0.001081,0.001088,240436750.0
2026-04-06 12:00:00+00:00,0.001088,0.001099,0.001086,0.001094,194997422.0
2026-04-06 18:00:00+00:00,0.001093,0.001095,0.001072,0.001076,128260577.0
2026-04-07 00:00:00+00:00,0.001076,0.001081,0.00106,0.001065,145721977.0
2026-04-07 06:00:00+00:00,0.001065,0.001072,0.001057,0.001059,176283914.0
2026-04-07 12:00:00+00:00,0.001058,0.00106,0.001044,0.00105,287286037.0
2026-04-07 18:00:00+00:00,0.001049,0.001115,0.001047,0.00111,293099138.0
2026-04-08 00:00:00+00:00,0.001109,0.001113,0.001095,0.001104,248432436.0
2026-04-08 06:00:00+00:00,0.001105,0.001108,0.001087,0.001093,177960347.0
2026-04-08 12:00:00+00:00,0.001093,0.0011,0.001075,0.001097,290084660.0
2026-04-08 18:00:00+00:00,0.001097,0.001098,0.001069,0.00107,131330070.0
2026-04-09 00:00:00+00:00,0.00107,0.00108,0.001062,0.001068,154114587.0
2026-04-09 06:00:00+00:00,0.001067,0.001083,0.001067,0.001075,161223748.0
2026-04-09 12:00:00+00:00,0.001074,0.001095,0.001067,0.00109,173221228.0
2026-04-09 18:00:00+00:00,0.001091,0.001106,0.001082,0.001085,134405988.0
2026-04-10 00:00:00+00:00,0.001085,0.0011,0.00108,0.001089,177133938.0
2026-04-10 06:00:00+00:00,0.00109,0.001091,0.001072,0.001083,173792315.0
2026-04-10 12:00:00+00:00,0.001083,0.001104,0.001081,0.001086,194126521.0
2026-04-10 18:00:00+00:00,0.001087,0.001103,0.001085,0.001095,80307698.0
2026-04-11 00:00:00+00:00,0.001095,0.001096,0.001072,0.001075,92838982.0
2026-04-11 06:00:00+00:00,0.001076,0.001079,0.00107,0.001073,107966194.0
2026-04-11 12:00:00+00:00,0.001073,0.001083,0.001063,0.00108,184503598.0
2026-04-11 18:00:00+00:00,0.00108,0.001095,0.001077,0.001088,102246865.0
2026-04-12 00:00:00+00:00,0.001089,0.001089,0.001047,0.001052,308486560.0
2026-04-12 06:00:00+00:00,0.001052,0.001058,0.001036,0.001039,139162959.0
2026-04-12 12:00:00+00:00,0.001039,0.001082,0.001031,0.001077,488031716.0
2026-04-12 18:00:00+00:00,0.001077,0.001118,0.001062,0.001071,781173806.0
2026-04-13 00:00:00+00:00,0.001071,0.001078,0.001059,0.001067,283646279.0
2026-04-13 06:00:00+00:00,0.001067,0.001085,0.001061,0.001071,598808762.0
2026-04-13 12:00:00+00:00,0.001071,0.001079,0.001057,0.001064,326920714.0
2026-04-13 18:00:00+00:00,0.001065,0.001108,0.001061,0.001104,258840646.0
2026-04-14 00:00:00+00:00,0.001104,0.001106,0.001085,0.001088,163893680.0
2026-04-14 06:00:00+00:00,0.001088,0.0011,0.001078,0.001083,490202392.0
2026-04-14 12:00:00+00:00,0.001083,0.001091,0.001072,0.001078,317852691.0
2026-04-14 18:00:00+00:00,0.001077,0.001091,0.001065,0.001085,230374995.0
2026-04-15 00:00:00+00:00,0.001085,0.001243,0.001082,0.001154,9514618165.0
2026-04-15 06:00:00+00:00,0.001153,0.001154,0.001082,0.001089,2632057568.0
2026-04-15 12:00:00+00:00,0.001089,0.00111,0.001088,0.001105,676003042.0
2026-04-15 18:00:00+00:00,0.001105,0.001116,0.001101,0.00111,408564332.0
2026-04-16 00:00:00+00:00,0.001111,0.001137,0.001099,0.001132,871572329.0
2026-04-16 06:00:00+00:00,0.001133,0.001137,0.001114,0.001119,573354881.0
2026-04-16 12:00:00+00:00,0.00112,0.001139,0.001106,0.00113,557315169.0
2026-04-16 18:00:00+00:00,0.001131,0.001149,0.00113,0.001141,451648189.0
2026-04-17 00:00:00+00:00,0.001142,0.001153,0.001127,0.001132,597932506.0
2026-04-17 06:00:00+00:00,0.001131,0.001173,0.001129,0.001148,767431743.0
2026-04-17 12:00:00+00:00,0.001148,0.00117,0.001147,0.001152,500694149.0
2026-04-17 18:00:00+00:00,0.001153,0.001153,0.001138,0.001147,215437099.0
2026-04-18 00:00:00+00:00,0.001147,0.001163,0.001143,0.001163,339634642.0
2026-04-18 06:00:00+00:00,0.001163,0.001168,0.001131,0.001143,362551965.0
2026-04-18 12:00:00+00:00,0.001143,0.001153,0.001129,0.00114,432078443.0
2026-04-18 18:00:00+00:00,0.001141,0.001142,0.001123,0.001124,229276811.0
2026-04-19 00:00:00+00:00,0.001124,0.001125,0.001102,0.001106,287465894.0
2026-04-19 06:00:00+00:00,0.001105,0.001112,0.001089,0.001103,515591915.0
2026-04-19 12:00:00+00:00,0.001103,0.001115,0.001091,0.001092,234532494.0
2026-04-19 18:00:00+00:00,0.001092,0.001099,0.001067,0.001068,348862546.0
2026-04-20 00:00:00+00:00,0.001069,0.001089,0.001068,0.001077,235650862.0
2026-04-20 06:00:00+00:00,0.001077,0.001091,0.001076,0.001087,204221046.0
2026-04-20 12:00:00+00:00,0.001087,0.001103,0.001085,0.001094,285234334.0
2026-04-20 18:00:00+00:00,0.001094,0.001102,0.001087,0.001092,160468504.0
2026-04-21 00:00:00+00:00,0.001092,0.001098,0.001082,0.001095,172194000.0
2026-04-21 06:00:00+00:00,0.001095,0.001107,0.001091,0.001105,189354259.0
2026-04-21 12:00:00+00:00,0.001105,0.001106,0.00108,0.001087,387317436.0
2026-04-21 18:00:00+00:00,0.001086,0.001099,0.00107,0.001097,218387655.0
2026-04-22 00:00:00+00:00,0.001098,0.001116,0.001097,0.001113,380734764.0
2026-04-22 06:00:00+00:00,0.001112,0.001112,0.001101,0.001108,200498129.0
2026-04-22 12:00:00+00:00,0.001107,0.00111,0.001095,0.001109,213057020.0
2026-04-22 18:00:00+00:00,0.001108,0.001111,0.001088,0.001088,160570451.0
2026-04-23 00:00:00+00:00,0.001088,0.001091,0.001066,0.001075,320896310.0
2026-04-23 06:00:00+00:00,0.001074,0.00108,0.001063,0.001075,269672056.0
2026-04-23 12:00:00+00:00,0.001075,0.001092,0.001064,0.001072,726739802.0
2026-04-23 18:00:00+00:00,0.001072,0.001088,0.001067,0.001088,212652359.0
2026-04-24 00:00:00+00:00,0.001088,0.001096,0.001073,0.001075,344284029.0
2026-04-24 06:00:00+00:00,0.001076,0.001098,0.001072,0.001088,845085105.0
2026-04-24 12:00:00+00:00,0.001089,0.001113,0.001087,0.001097,513474942.0
2026-04-24 18:00:00+00:00,0.001097,0.001109,0.001092,0.001096,405682493.0
2026-04-25 00:00:00+00:00,0.001097,0.001152,0.001076,0.001104,1477848264.0
2026-04-25 06:00:00+00:00,0.001105,0.00111,0.001096,0.001098,405653626.0
2026-04-25 12:00:00+00:00,0.001098,0.001106,0.001077,0.00108,310086573.0
2026-04-25 18:00:00+00:00,0.00108,0.001089,0.001078,0.001086,243431973.0
2026-04-26 00:00:00+00:00,0.001086,0.001105,0.001082,0.001102,314358785.0
2026-04-26 06:00:00+00:00,0.001101,0.001117,0.0011,0.001116,302800674.0
2026-04-26 12:00:00+00:00,0.001115,0.00112,0.001092,0.001099,306450767.0
2026-04-26 18:00:00+00:00,0.001099,0.001103,0.001092,0.001098,257075901.0
2026-04-27 00:00:00+00:00,0.001098,0.001109,0.001081,0.001084,350895947.0
2026-04-27 06:00:00+00:00,0.001083,0.001088,0.001074,0.001083,346144252.0
2026-04-27 12:00:00+00:00,0.001083,0.001091,0.001063,0.001072,447298376.0
2026-04-27 18:00:00+00:00,0.001072,0.001098,0.001059,0.001092,265779223.0
2026-04-28 00:00:00+00:00,0.001092,0.001098,0.001074,0.001093,398983443.0
2026-04-28 06:00:00+00:00,0.001092,0.001096,0.001077,0.00108,284737384.0
2026-04-28 12:00:00+00:00,0.00108,0.001089,0.001074,0.001085,314937777.0
2026-04-28 18:00:00+00:00,0.001086,0.001094,0.00108,0.001084,151875942.0
2026-04-29 00:00:00+00:00,0.001085,0.001089,0.001076,0.001087,209960546.0
2026-04-29 06:00:00+00:00,0.001088,0.001089,0.001073,0.001081,189562414.0
2026-04-29 12:00:00+00:00,0.001081,0.001082,0.001055,0.001069,367639557.0
2026-04-29 18:00:00+00:00,0.00107,0.00107,0.001039,0.001066,411785365.0
2026-04-30 00:00:00+00:00,0.001065,0.001075,0.001037,0.001046,481793409.0
2026-04-30 06:00:00+00:00,0.001046,0.001057,0.001042,0.001047,272617043.0
2026-04-30 12:00:00+00:00,0.001047,0.001061,0.001044,0.001059,289018347.0
2026-04-30 18:00:00+00:00,0.001059,0.001065,0.001045,0.001047,179032299.0
2026-05-01 00:00:00+00:00,0.001048,0.001067,0.001047,0.001053,272343131.0
2026-05-01 06:00:00+00:00,0.001053,0.001063,0.001046,0.001059,214062311.0
2026-05-01 12:00:00+00:00,0.001059,0.001076,0.001058,0.001067,261412255.0
2026-05-01 18:00:00+00:00,0.001068,0.001069,0.001055,0.001059,125332034.0
2026-05-02 00:00:00+00:00,0.001059,0.001061,0.001046,0.001049,247018808.0
2026-05-02 06:00:00+00:00,0.001049,0.001056,0.001041,0.001049,280049685.0
2026-05-02 12:00:00+00:00,0.001048,0.001054,0.001042,0.001051,240125422.0
2026-05-02 18:00:00+00:00,0.001052,0.001064,0.001047,0.00106,132878556.0
2026-05-03 00:00:00+00:00,0.00106,0.00107,0.001047,0.001051,241479371.0
2026-05-03 06:00:00+00:00,0.00105,0.001059,0.001049,0.001054,176554750.0
2026-05-03 12:00:00+00:00,0.001054,0.001072,0.001054,0.001062,210403345.0
2026-05-03 18:00:00+00:00,0.001061,0.001066,0.001055,0.001059,147214748.0
2026-05-04 00:00:00+00:00,0.001059,0.001085,0.001054,0.001074,311646495.0
2026-05-04 06:00:00+00:00,0.001074,0.001075,0.001047,0.001062,297263503.0
2026-05-04 12:00:00+00:00,0.001062,0.001077,0.001057,0.001075,234894532.0
2026-05-04 18:00:00+00:00,0.001075,0.001077,0.001059,0.001061,202649965.0
2026-05-05 00:00:00+00:00,0.001062,0.00109,0.00106,0.001083,358720281.0
2026-05-05 06:00:00+00:00,0.001083,0.001088,0.001071,0.001083,206294037.0
2026-05-05 12:00:00+00:00,0.001083,0.001087,0.001072,0.001077,265268076.0
2026-05-05 18:00:00+00:00,0.001077,0.001093,0.001076,0.001085,217974799.0
2026-05-06 00:00:00+00:00,0.001085,0.001113,0.001085,0.001106,421991068.0
2026-05-06 06:00:00+00:00,0.001107,0.001132,0.001103,0.001117,840815009.0
2026-05-06 12:00:00+00:00,0.001118,0.001121,0.001097,0.001104,524281472.0
2026-05-06 18:00:00+00:00,0.001105,0.001113,0.001101,0.00111,269911890.0
2026-05-07 00:00:00+00:00,0.00111,0.00111,0.001089,0.001104,337592766.0
2026-05-07 06:00:00+00:00,0.001104,0.001123,0.001099,0.001117,260304270.0
2026-05-07 12:00:00+00:00,0.001117,0.00113,0.001099,0.001113,360799261.0
2026-05-07 18:00:00+00:00,0.001115,0.001121,0.001105,0.001113,203300301.0
2026-05-08 00:00:00+00:00,0.001113,0.001115,0.001102,0.001108,154240905.0
2026-05-08 06:00:00+00:00,0.001107,0.001122,0.0011,0.001111,405365717.0
2026-05-08 12:00:00+00:00,0.001111,0.001149,0.001107,0.001144,605833888.0
2026-05-08 18:00:00+00:00,0.001144,0.001161,0.001144,0.001149,253084129.0
2026-05-09 00:00:00+00:00,0.001149,0.001166,0.001149,0.001151,259865413.0
2026-05-09 06:00:00+00:00,0.001151,0.00116,0.001141,0.00115,345844327.0
2026-05-09 12:00:00+00:00,0.00115,0.001152,0.001134,0.001146,320373614.0
2026-05-09 18:00:00+00:00,0.001147,0.001152,0.001143,0.001147,201871204.0
2026-05-10 00:00:00+00:00,0.001147,0.001168,0.001133,0.001167,312864027.0
2026-05-10 06:00:00+00:00,0.001166,0.001175,0.001157,0.001163,368352004.0
2026-05-10 12:00:00+00:00,0.001163,0.001207,0.001159,0.001195,807294814.0
2026-05-10 18:00:00+00:00,0.001195,0.001207,0.001167,0.001196,491829395.0
2026-05-11 00:00:00+00:00,0.001197,0.001201,0.001164,0.001179,406424568.0
2026-05-11 06:00:00+00:00,0.001179,0.001201,0.001174,0.001194,460003239.0
2026-05-11 12:00:00+00:00,0.001195,0.001262,0.001189,0.001258,1164259956.0
2026-05-11 18:00:00+00:00,0.001259,0.001274,0.001243,0.001246,1607928890.0
2026-05-12 00:00:00+00:00,0.001246,0.001248,0.001208,0.001216,1053015308.0
2026-05-12 06:00:00+00:00,0.001216,0.00122,0.001193,0.001205,574011128.0
2026-05-12 12:00:00+00:00,0.001205,0.001218,0.001177,0.001192,658535303.0
2026-05-12 18:00:00+00:00,0.001193,0.001205,0.001189,0.001193,249892309.0
2026-05-13 00:00:00+00:00,0.001193,0.001211,0.001189,0.001199,224623931.0
2026-05-13 06:00:00+00:00,0.001199,0.001212,0.00119,0.001192,245471961.0
2026-05-13 12:00:00+00:00,0.001192,0.001195,0.001138,0.001153,534529647.0
2026-05-13 18:00:00+00:00,0.001154,0.001171,0.001151,0.001159,248555978.0
2026-05-14 00:00:00+00:00,0.001159,0.001163,0.001139,0.001153,185048773.0
2026-05-14 06:00:00+00:00,0.001153,0.001156,0.001146,0.001149,153187919.0
2026-05-14 12:00:00+00:00,0.001149,0.001217,0.001146,0.001194,1111617349.0
2026-05-14 18:00:00+00:00,0.001194,0.001202,0.001171,0.001173,257345520.0
2026-05-15 00:00:00+00:00,0.001173,0.001182,0.001144,0.001144,425014340.0
2026-05-15 06:00:00+00:00,0.001144,0.001165,0.001143,0.001146,431339762.0
2026-05-15 12:00:00+00:00,0.001146,0.001146,0.001067,0.001109,1373978570.0
2026-05-15 18:00:00+00:00,0.001109,0.001113,0.001098,0.001103,287863960.0
2026-05-16 00:00:00+00:00,0.001103,0.001112,0.001092,0.001093,190172281.0
2026-05-16 06:00:00+00:00,0.001093,0.001094,0.00106,0.00107,538662711.0
2026-05-16 12:00:00+00:00,0.001071,0.001096,0.001067,0.001092,301989435.0
2026-05-16 18:00:00+00:00,0.001092,0.001094,0.00108,0.00108,109948262.0
2026-05-17 00:00:00+00:00,0.001081,0.001093,0.001066,0.001087,246494426.0
2026-05-17 06:00:00+00:00,0.001087,0.00109,0.001081,0.001084,204471671.0
2026-05-17 12:00:00+00:00,0.001084,0.001087,0.001069,0.001074,218279494.0
2026-05-17 18:00:00+00:00,0.001074,0.001082,0.001021,0.001053,383615133.0
2026-05-18 00:00:00+00:00,0.001053,0.001064,0.001045,0.001057,354481063.0
2026-05-18 06:00:00+00:00,0.001057,0.001061,0.001043,0.001057,269355103.0
2026-05-18 12:00:00+00:00,0.001057,0.00107,0.001041,0.001051,232441688.0
2026-05-18 18:00:00+00:00,0.001052,0.001073,0.001042,0.001071,239912606.0
2026-05-19 00:00:00+00:00,0.00107,0.001076,0.00106,0.001066,221983266.0
2026-05-19 06:00:00+00:00,0.001065,0.001069,0.001042,0.001043,227656203.0
2026-05-19 12:00:00+00:00,0.001043,0.001056,0.001042,0.001047,315106086.0
2026-05-19 18:00:00+00:00,0.001048,0.00105,0.001034,0.00104,149166865.0
2026-05-20 00:00:00+00:00,0.00104,0.001051,0.001034,0.001049,180093748.0
2026-05-20 06:00:00+00:00,0.001049,0.001055,0.001042,0.001044,187637515.0
2026-05-20 12:00:00+00:00,0.001044,0.001068,0.001037,0.001065,326234165.0
2026-05-20 18:00:00+00:00,0.001066,0.001068,0.001053,0.001059,151041415.0
2026-05-21 00:00:00+00:00,0.001059,0.001073,0.001058,0.001061,186363599.0
2026-05-21 06:00:00+00:00,0.001061,0.001076,0.001057,0.001057,410360359.0
2026-05-21 12:00:00+00:00,0.001057,0.001093,0.001055,0.001091,289463241.0
2026-05-21 18:00:00+00:00,0.001091,0.001105,0.001084,0.001096,283205304.0
2026-05-22 00:00:00+00:00,0.001097,0.001098,0.001086,0.001091,247184375.0
2026-05-22 06:00:00+00:00,0.001091,0.001094,0.001079,0.001084,297937729.0
2026-05-22 12:00:00+00:00,0.001085,0.001096,0.001074,0.001085,261283341.0
2026-05-22 18:00:00+00:00,0.001085,0.001089,0.001055,0.001062,490900801.0
2026-05-23 00:00:00+00:00,0.001063,0.001079,0.001059,0.001075,279020262.0
2026-05-23 06:00:00+00:00,0.001076,0.001079,0.001035,0.001039,519282189.0
2026-05-23 12:00:00+00:00,0.001038,0.001076,0.001035,0.001074,283798714.0
2026-05-23 18:00:00+00:00,0.001074,0.0011,0.001074,0.00108,338638865.0
2026-05-24 00:00:00+00:00,0.001081,0.001084,0.001064,0.001068,265348927.0
2026-05-24 06:00:00+00:00,0.001068,0.001075,0.001064,0.001065,235867646.0
2026-05-24 12:00:00+00:00,0.001065,0.001065,0.001038,0.001051,332689870.0
2026-05-24 18:00:00+00:00,0.001052,0.001052,0.001028,0.001045,271953148.0
2026-05-25 00:00:00+00:00,0.001046,0.001065,0.001043,0.001061,218593141.0
2026-05-25 06:00:00+00:00,0.001061,0.001069,0.001056,0.001062,258443981.0
2026-05-25 12:00:00+00:00,0.001062,0.001072,0.001058,0.001069,244611604.0
2026-05-25 18:00:00+00:00,0.001068,0.001072,0.001049,0.001053,235227167.0
2026-05-26 00:00:00+00:00,0.001053,0.001053,0.001032,0.001039,347096515.0
2026-05-26 06:00:00+00:00,0.001039,0.001052,0.001026,0.001046,483577481.0
2026-05-26 12:00:00+00:00,0.001046,0.001059,0.001023,0.001026,570962685.0
2026-05-26 18:00:00+00:00,0.001026,0.001033,0.001021,0.00103,217121529.0
2026-05-27 00:00:00+00:00,0.001029,0.001038,0.001011,0.001025,361700751.0
2026-05-27 06:00:00+00:00,0.001025,0.001035,0.001015,0.00102,848492708.0
2026-05-27 12:00:00+00:00,0.001019,0.001039,0.001014,0.00102,548313378.0
2026-05-27 18:00:00+00:00,0.001019,0.00103,0.001001,0.001011,572092000.0
2026-05-28 00:00:00+00:00,0.001011,0.001021,0.000979,0.00099,1086802459.0
2026-05-28 06:00:00+00:00,0.00099,0.001001,0.000981,0.000984,371521813.0
2026-05-28 12:00:00+00:00,0.000984,0.001027,0.000981,0.00102,618987162.0
2026-05-28 18:00:00+00:00,0.00102,0.001029,0.001006,0.00101,320309496.0
2026-05-29 00:00:00+00:00,0.001011,0.001017,0.000999,0.001011,332472294.0
2026-05-29 06:00:00+00:00,0.001011,0.00102,0.001004,0.001006,217628341.0
2026-05-29 12:00:00+00:00,0.001006,0.001031,0.000995,0.001025,369561794.0
2026-05-29 18:00:00+00:00,0.001024,0.001028,0.001008,0.001024,200666300.0
2026-05-30 00:00:00+00:00,0.001024,0.001053,0.001024,0.001038,462243580.0
2026-05-30 06:00:00+00:00,0.001038,0.00104,0.001029,0.001031,175324119.0
2026-05-30 12:00:00+00:00,0.001031,0.001039,0.001029,0.001036,160026832.0
2026-05-30 18:00:00+00:00,0.001036,0.001038,0.001023,0.001027,113879324.0
2026-05-31 00:00:00+00:00,0.001027,0.001037,0.001024,0.001033,147255908.0
2026-05-31 06:00:00+00:00,0.001032,0.001043,0.001024,0.001031,174962965.0
2026-05-31 12:00:00+00:00,0.001031,0.001036,0.001011,0.001019,196318468.0
2026-05-31 18:00:00+00:00,0.001019,0.00104,0.00101,0.001039,169117783.0
2026-06-01 00:00:00+00:00,0.001039,0.001041,0.001024,0.001026,187207553.0
2026-06-01 06:00:00+00:00,0.001026,0.001027,0.001011,0.001013,207466925.0
2026-06-01 12:00:00+00:00,0.001014,0.001031,0.001,0.001029,365963000.0
2026-06-01 18:00:00+00:00,0.001029,0.00103,0.001014,0.001024,153961885.0
2026-06-02 00:00:00+00:00,0.001025,0.001027,0.000999,0.001006,240922262.0
2026-06-02 06:00:00+00:00,0.001007,0.00101,0.000995,0.001002,190289052.0
2026-06-02 12:00:00+00:00,0.001002,0.001005,0.000948,0.000982,607218995.0
2026-06-02 18:00:00+00:00,0.000982,0.000986,0.000936,0.000958,612683924.0
2026-06-03 00:00:00+00:00,0.000958,0.000979,0.00092,0.000978,777823313.0
2026-06-03 06:00:00+00:00,0.000978,0.000991,0.000973,0.000986,328428351.0
2026-06-03 12:00:00+00:00,0.000986,0.000988,0.000958,0.000975,305223313.0
2026-06-03 18:00:00+00:00,0.000975,0.000981,0.000946,0.000957,303563538.0
2026-06-04 00:00:00+00:00,0.000956,0.000962,0.000875,0.000914,964142487.0
2026-06-04 06:00:00+00:00,0.000914,0.000925,0.000874,0.000887,445942870.0
2026-06-04 12:00:00+00:00,0.000887,0.000922,0.000882,0.000909,374323088.0
2026-06-04 18:00:00+00:00,0.000909,0.000921,0.00088,0.000894,270027280.0
2026-06-05 00:00:00+00:00,0.000893,0.000895,0.000854,0.000856,505423048.0
2026-06-05 06:00:00+00:00,0.000855,0.000857,0.000815,0.000843,789022006.0
2026-06-05 12:00:00+00:00,0.000843,0.000861,0.000804,0.000833,951329398.0
2026-06-05 18:00:00+00:00,0.000833,0.000845,0.000796,0.000824,485105179.0
2026-06-06 00:00:00+00:00,0.000824,0.000834,0.00077,0.000801,584451769.0
2026-06-06 06:00:00+00:00,0.000801,0.00082,0.000792,0.000809,298925366.0
2026-06-06 12:00:00+00:00,0.000809,0.00082,0.000797,0.0008,241462147.0
2026-06-06 18:00:00+00:00,0.0008,0.000808,0.000797,0.000807,161965124.0
2026-06-07 00:00:00+00:00,0.000806,0.000826,0.000805,0.000817,866495212.0
2026-06-07 06:00:00+00:00,0.000816,0.000831,0.000811,0.000817,305445946.0
2026-06-07 12:00:00+00:00,0.000818,0.00082,0.000799,0.000814,363449730.0
2026-06-07 18:00:00+00:00,0.000813,0.000838,0.000789,0.000821,531565407.0
2026-06-08 00:00:00+00:00,0.000822,0.000832,0.000799,0.000802,381262085.0
2026-06-08 06:00:00+00:00,0.000802,0.000831,0.0008,0.000829,345290964.0
