ts_ms,open,high,low,close,volume
2022-06-09 12:00:00+00:00,2.671,2.79,2.639,2.734,3583130.8
2022-06-09 18:00:00+00:00,2.732,2.76,2.647,2.693,1842067.8
2022-06-10 00:00:00+00:00,2.693,2.739,2.6,2.713,1612650.7
2022-06-10 06:00:00+00:00,2.715,2.732,2.624,2.674,1611444.2
2022-06-10 12:00:00+00:00,2.675,2.69,2.43,2.479,3464864.8
2022-06-10 18:00:00+00:00,2.478,2.514,2.436,2.447,1335182.1
2022-06-11 00:00:00+00:00,2.448,2.539,2.444,2.503,1438111.4
2022-06-11 06:00:00+00:00,2.503,2.525,2.36,2.381,2135084.7
2022-06-11 12:00:00+00:00,2.382,2.395,2.263,2.312,2946827.3
2022-06-11 18:00:00+00:00,2.311,2.357,2.291,2.33,1356618.7
2022-06-12 00:00:00+00:00,2.33,2.346,2.227,2.272,5194661.5
2022-06-12 06:00:00+00:00,2.271,2.312,2.214,2.249,3825232.2
2022-06-12 12:00:00+00:00,2.25,2.333,2.21,2.274,3998070.9
2022-06-12 18:00:00+00:00,2.274,2.288,2.176,2.215,3302515.7
2022-06-13 00:00:00+00:00,2.215,2.266,1.896,1.909,17595299.9
2022-06-13 06:00:00+00:00,1.908,1.982,1.768,1.796,10480450.4
2022-06-13 12:00:00+00:00,1.795,1.909,1.741,1.858,7954437.5
2022-06-13 18:00:00+00:00,1.858,1.932,1.803,1.906,4193765.2
2022-06-14 00:00:00+00:00,1.905,1.926,1.681,1.9,7146763.8
2022-06-14 06:00:00+00:00,1.901,1.939,1.775,1.796,6206611.7
2022-06-14 12:00:00+00:00,1.797,1.881,1.741,1.828,5260227.3
2022-06-14 18:00:00+00:00,1.827,1.869,1.758,1.854,3044180.4
2022-06-15 00:00:00+00:00,1.854,1.86,1.702,1.735,3314701.1
2022-06-15 06:00:00+00:00,1.733,1.752,1.628,1.722,5048299.2
2022-06-15 12:00:00+00:00,1.722,1.756,1.624,1.729,4428926.8
2022-06-15 18:00:00+00:00,1.73,1.98,1.647,1.95,6613230.3
2022-06-16 00:00:00+00:00,1.951,2.013,1.89,1.891,2819965.5
2022-06-16 06:00:00+00:00,1.891,1.905,1.778,1.798,3025429.1
2022-06-16 12:00:00+00:00,1.796,1.851,1.756,1.797,3109682.5
2022-06-16 18:00:00+00:00,1.798,1.803,1.712,1.743,3223359.7
2022-06-17 00:00:00+00:00,1.743,1.785,1.712,1.757,2326976.8
2022-06-17 06:00:00+00:00,1.757,1.806,1.722,1.754,2505910.1
2022-06-17 12:00:00+00:00,1.753,1.768,1.697,1.721,4256681.3
2022-06-17 18:00:00+00:00,1.72,1.746,1.7,1.713,1908248.3
2022-06-18 00:00:00+00:00,1.713,1.75,1.662,1.676,1932873.7
2022-06-18 06:00:00+00:00,1.677,1.679,1.537,1.585,4505624.1
2022-06-18 12:00:00+00:00,1.584,1.605,1.527,1.529,2838362.5
2022-06-18 18:00:00+00:00,1.53,1.584,1.421,1.552,4539450.1
2022-06-19 00:00:00+00:00,1.551,1.587,1.483,1.52,2302002.6
2022-06-19 06:00:00+00:00,1.52,1.727,1.507,1.665,4128792.3
2022-06-19 12:00:00+00:00,1.666,1.898,1.633,1.88,9776640.0
2022-06-19 18:00:00+00:00,1.88,2.179,1.85,2.088,55499699.8
2022-06-20 00:00:00+00:00,2.088,3.0,1.966,2.908,112187031.0
2022-06-20 06:00:00+00:00,2.908,3.158,2.704,2.876,188316973.2
2022-06-20 12:00:00+00:00,2.876,3.029,2.561,2.863,148114299.5
2022-06-20 18:00:00+00:00,2.863,3.444,2.817,3.264,131882413.1
2022-06-21 00:00:00+00:00,3.262,3.308,2.944,3.01,82351621.5
2022-06-21 06:00:00+00:00,3.01,3.386,2.983,3.038,68563350.7
2022-06-21 12:00:00+00:00,3.037,3.2,2.904,2.928,42890858.2
2022-06-21 18:00:00+00:00,2.928,3.183,2.877,3.124,30259783.7
2022-06-22 00:00:00+00:00,3.124,3.65,3.118,3.498,72695546.8
2022-06-22 06:00:00+00:00,3.498,3.642,3.248,3.316,56241406.7
2022-06-22 12:00:00+00:00,3.316,3.417,3.119,3.182,44886466.9
2022-06-22 18:00:00+00:00,3.182,3.205,2.955,2.969,17873975.4
2022-06-23 00:00:00+00:00,2.968,3.15,2.96,3.056,16592616.6
2022-06-23 06:00:00+00:00,3.057,3.246,2.958,3.098,23191531.8
2022-06-23 12:00:00+00:00,3.098,3.148,2.93,3.012,17615918.5
2022-06-23 18:00:00+00:00,3.013,3.179,2.984,3.109,11524123.0
2022-06-24 00:00:00+00:00,3.109,3.336,2.979,3.013,23484109.7
2022-06-24 06:00:00+00:00,3.013,3.059,2.95,3.005,9983433.7
2022-06-24 12:00:00+00:00,3.005,3.087,2.972,2.991,11730237.4
2022-06-24 18:00:00+00:00,2.99,3.143,2.989,3.026,7905317.4
2022-06-25 00:00:00+00:00,3.027,3.069,2.865,2.884,12707410.9
2022-06-25 06:00:00+00:00,2.881,2.942,2.832,2.839,12621299.1
2022-06-25 12:00:00+00:00,2.84,2.89,2.777,2.864,12474650.2
2022-06-25 18:00:00+00:00,2.864,2.93,2.827,2.854,6654630.8
2022-06-26 00:00:00+00:00,2.853,2.95,2.838,2.861,6931699.1
2022-06-26 06:00:00+00:00,2.86,2.983,2.83,2.939,7319460.7
2022-06-26 12:00:00+00:00,2.937,2.982,2.76,2.781,7305973.9
2022-06-26 18:00:00+00:00,2.781,2.809,2.65,2.663,6760785.0
2022-06-27 00:00:00+00:00,2.664,2.737,2.65,2.686,5789868.4
2022-06-27 06:00:00+00:00,2.685,2.798,2.675,2.752,6143403.5
2022-06-27 12:00:00+00:00,2.75,2.76,2.414,2.447,14868865.9
2022-06-27 18:00:00+00:00,2.447,2.495,2.399,2.433,10894094.9
2022-06-28 00:00:00+00:00,2.432,2.476,2.318,2.343,14729846.6
2022-06-28 06:00:00+00:00,2.344,2.479,2.343,2.436,11425061.6
2022-06-28 12:00:00+00:00,2.436,2.594,2.315,2.326,24287918.0
2022-06-28 18:00:00+00:00,2.326,2.586,2.285,2.48,20745240.4
2022-06-29 00:00:00+00:00,2.481,2.71,2.476,2.601,24707573.1
2022-06-29 06:00:00+00:00,2.601,2.678,2.504,2.591,21449729.6
2022-06-29 12:00:00+00:00,2.591,2.646,2.506,2.521,20575236.3
2022-06-29 18:00:00+00:00,2.522,2.559,2.365,2.379,11915873.9
2022-06-30 00:00:00+00:00,2.379,2.405,2.308,2.322,8048639.2
2022-06-30 06:00:00+00:00,2.321,2.331,2.101,2.124,14250001.7
2022-06-30 12:00:00+00:00,2.124,2.257,2.1,2.216,16910024.5
2022-06-30 18:00:00+00:00,2.217,2.29,2.15,2.28,9639875.9
2022-07-01 00:00:00+00:00,2.281,2.334,2.159,2.205,10713892.3
2022-07-01 06:00:00+00:00,2.205,2.27,2.161,2.18,5183356.9
2022-07-01 12:00:00+00:00,2.18,2.26,2.156,2.234,8178092.9
2022-07-01 18:00:00+00:00,2.233,2.283,2.186,2.227,5355545.0
2022-07-02 00:00:00+00:00,2.228,2.437,2.202,2.3,20425164.2
2022-07-02 06:00:00+00:00,2.3,2.35,2.236,2.284,6840622.7
2022-07-02 12:00:00+00:00,2.284,2.616,2.268,2.564,32716060.5
2022-07-02 18:00:00+00:00,2.564,2.645,2.508,2.604,19817389.9
2022-07-03 00:00:00+00:00,2.604,2.85,2.6,2.65,32204497.6
2022-07-03 06:00:00+00:00,2.652,2.686,2.571,2.672,17926571.6
2022-07-03 12:00:00+00:00,2.672,2.792,2.569,2.634,34860822.5
2022-07-03 18:00:00+00:00,2.634,2.677,2.57,2.588,11591627.2
2022-07-04 00:00:00+00:00,2.587,2.633,2.492,2.534,9821156.3
2022-07-04 06:00:00+00:00,2.534,2.955,2.502,2.934,43666540.1
2022-07-04 12:00:00+00:00,2.934,2.959,2.725,2.8,25025387.3
2022-07-04 18:00:00+00:00,2.799,2.879,2.74,2.835,9170304.3
2022-07-05 00:00:00+00:00,2.836,2.848,2.693,2.733,11665559.5
2022-07-05 06:00:00+00:00,2.734,2.768,2.578,2.586,9472433.2
2022-07-05 12:00:00+00:00,2.586,2.634,2.529,2.609,9502406.3
2022-07-05 18:00:00+00:00,2.609,2.736,2.598,2.644,7346658.9
2022-07-06 00:00:00+00:00,2.644,2.788,2.581,2.726,8219830.7
2022-07-06 06:00:00+00:00,2.726,2.732,2.638,2.641,6719110.9
2022-07-06 12:00:00+00:00,2.641,2.643,2.553,2.587,8250195.3
2022-07-06 18:00:00+00:00,2.588,2.65,2.567,2.614,6516622.9
2022-07-07 00:00:00+00:00,2.613,2.679,2.586,2.611,6671426.5
2022-07-07 06:00:00+00:00,2.612,2.667,2.6,2.626,5104065.9
2022-07-07 12:00:00+00:00,2.626,2.83,2.585,2.709,10774641.4
2022-07-07 18:00:00+00:00,2.71,2.759,2.651,2.661,5354512.1
2022-07-08 00:00:00+00:00,2.663,2.733,2.635,2.662,5505785.8
2022-07-08 06:00:00+00:00,2.661,2.674,2.513,2.536,7480614.1
2022-07-08 12:00:00+00:00,2.535,2.581,2.479,2.541,8166441.0
2022-07-08 18:00:00+00:00,2.542,2.563,2.492,2.496,4033821.3
2022-07-09 00:00:00+00:00,2.495,2.571,2.494,2.564,3583719.6
2022-07-09 06:00:00+00:00,2.564,2.592,2.523,2.524,3503806.7
2022-07-09 12:00:00+00:00,2.525,2.572,2.5,2.563,3030046.6
2022-07-09 18:00:00+00:00,2.563,2.677,2.526,2.594,6576104.8
2022-07-10 00:00:00+00:00,2.594,2.648,2.439,2.501,9191338.8
2022-07-10 06:00:00+00:00,2.501,2.503,2.444,2.459,3392724.0
2022-07-10 12:00:00+00:00,2.459,2.481,2.382,2.428,5530582.1
2022-07-10 18:00:00+00:00,2.429,2.468,2.415,2.441,3011428.6
2022-07-11 00:00:00+00:00,2.441,2.442,2.341,2.359,6464341.6
2022-07-11 06:00:00+00:00,2.359,2.386,2.31,2.35,3712084.3
2022-07-11 12:00:00+00:00,2.35,2.481,2.314,2.467,7092745.3
2022-07-11 18:00:00+00:00,2.467,2.491,2.275,2.304,7890723.9
2022-07-12 00:00:00+00:00,2.303,2.428,2.298,2.395,6698464.7
2022-07-12 06:00:00+00:00,2.394,2.468,2.329,2.446,16580762.1
2022-07-12 12:00:00+00:00,2.445,2.495,2.415,2.439,12624753.0
2022-07-12 18:00:00+00:00,2.44,2.442,2.313,2.323,8822392.7
2022-07-13 00:00:00+00:00,2.323,2.398,2.301,2.368,6667168.2
2022-07-13 06:00:00+00:00,2.368,2.413,2.332,2.381,4260847.6
2022-07-13 12:00:00+00:00,2.381,2.441,2.208,2.434,12349457.3
2022-07-13 18:00:00+00:00,2.435,2.562,2.382,2.515,6599439.7
2022-07-14 00:00:00+00:00,2.514,2.695,2.51,2.652,12452070.0
2022-07-14 06:00:00+00:00,2.652,2.666,2.588,2.637,10770451.5
2022-07-14 12:00:00+00:00,2.636,2.789,2.55,2.778,22229585.9
2022-07-14 18:00:00+00:00,2.779,2.795,2.677,2.708,5813901.1
2022-07-15 00:00:00+00:00,2.708,2.754,2.654,2.713,5393619.8
2022-07-15 06:00:00+00:00,2.713,2.729,2.64,2.655,6133587.9
2022-07-15 12:00:00+00:00,2.655,2.683,2.565,2.57,5524175.8
2022-07-15 18:00:00+00:00,2.57,2.636,2.512,2.548,6511507.4
2022-07-16 00:00:00+00:00,2.547,2.597,2.532,2.577,3869787.5
2022-07-16 06:00:00+00:00,2.579,2.813,2.571,2.755,8449692.8
2022-07-16 12:00:00+00:00,2.754,2.949,2.731,2.855,15204913.5
2022-07-16 18:00:00+00:00,2.856,2.908,2.796,2.802,5630536.2
2022-07-17 00:00:00+00:00,2.802,2.863,2.748,2.803,5864626.8
2022-07-17 06:00:00+00:00,2.802,2.829,2.693,2.755,5089538.9
2022-07-17 12:00:00+00:00,2.756,2.762,2.636,2.651,5645479.9
2022-07-17 18:00:00+00:00,2.651,2.733,2.648,2.655,3483395.8
2022-07-18 00:00:00+00:00,2.655,2.839,2.651,2.821,6305971.7
2022-07-18 06:00:00+00:00,2.821,2.887,2.765,2.821,7047176.1
2022-07-18 12:00:00+00:00,2.821,3.121,2.786,2.892,15823339.9
2022-07-18 18:00:00+00:00,2.892,2.961,2.746,2.936,7540009.9
2022-07-19 00:00:00+00:00,2.936,2.994,2.774,2.85,7702758.8
2022-07-19 06:00:00+00:00,2.849,2.918,2.771,2.887,4505391.6
2022-07-19 12:00:00+00:00,2.887,3.026,2.862,2.98,7268322.7
2022-07-19 18:00:00+00:00,2.981,3.045,2.938,2.967,4558676.6
2022-07-20 00:00:00+00:00,2.968,3.157,2.926,3.137,6614108.7
2022-07-20 06:00:00+00:00,3.137,3.199,2.974,3.129,9272512.8
2022-07-20 12:00:00+00:00,3.128,3.185,2.935,2.995,8705316.0
2022-07-20 18:00:00+00:00,2.995,3.061,2.793,2.858,9135362.0
2022-07-21 00:00:00+00:00,2.858,2.921,2.767,2.832,4618122.5
2022-07-21 06:00:00+00:00,2.833,2.874,2.789,2.813,3321947.2
2022-07-21 12:00:00+00:00,2.812,3.275,2.801,3.22,15209423.0
2022-07-21 18:00:00+00:00,3.22,3.365,3.205,3.282,12385255.4
2022-07-22 00:00:00+00:00,3.283,3.4,3.195,3.249,9596306.6
2022-07-22 06:00:00+00:00,3.249,3.309,3.2,3.282,7191781.0
2022-07-22 12:00:00+00:00,3.283,3.294,3.054,3.089,8675055.8
2022-07-22 18:00:00+00:00,3.09,3.128,2.98,3.013,5327649.6
2022-07-23 00:00:00+00:00,3.012,3.18,2.969,3.093,3969973.9
2022-07-23 06:00:00+00:00,3.094,3.14,2.915,2.927,4284703.3
2022-07-23 12:00:00+00:00,2.926,2.994,2.899,2.932,3656233.4
2022-07-23 18:00:00+00:00,2.931,3.284,2.911,3.232,7389172.2
2022-07-24 00:00:00+00:00,3.232,3.328,3.188,3.276,6771693.3
2022-07-24 06:00:00+00:00,3.277,3.467,3.275,3.382,14473193.4
2022-07-24 12:00:00+00:00,3.382,3.405,3.303,3.358,10980106.0
2022-07-24 18:00:00+00:00,3.358,3.532,3.323,3.419,15713046.7
2022-07-25 00:00:00+00:00,3.419,3.468,3.235,3.39,16435006.3
2022-07-25 06:00:00+00:00,3.391,3.414,3.278,3.322,9141223.3
2022-07-25 12:00:00+00:00,3.323,3.33,3.084,3.099,11145260.7
2022-07-25 18:00:00+00:00,3.099,3.182,2.963,2.972,9623016.9
2022-07-26 00:00:00+00:00,2.971,3.063,2.933,3.04,8400596.8
2022-07-26 06:00:00+00:00,3.04,3.047,2.929,2.965,5621652.4
2022-07-26 12:00:00+00:00,2.965,2.995,2.812,2.861,7948282.2
2022-07-26 18:00:00+00:00,2.862,2.971,2.807,2.962,4956624.4
2022-07-27 00:00:00+00:00,2.963,2.991,2.875,2.983,4097958.3
2022-07-27 06:00:00+00:00,2.983,3.033,2.909,2.914,4598726.1
2022-07-27 12:00:00+00:00,2.914,3.046,2.891,2.963,5737208.0
2022-07-27 18:00:00+00:00,2.965,3.762,2.965,3.742,18327444.3
2022-07-28 00:00:00+00:00,3.743,4.089,3.681,3.823,23335946.6
2022-07-28 06:00:00+00:00,3.824,3.836,3.67,3.749,11883610.3
2022-07-28 12:00:00+00:00,3.75,4.445,3.595,4.231,31491155.5
2022-07-28 18:00:00+00:00,4.231,4.4,4.11,4.13,12656735.4
2022-07-29 00:00:00+00:00,4.131,4.238,4.061,4.163,6802095.5
2022-07-29 06:00:00+00:00,4.164,4.17,3.878,3.927,6981116.5
2022-07-29 12:00:00+00:00,3.926,4.171,3.85,3.952,8965431.2
2022-07-29 18:00:00+00:00,3.952,4.211,3.901,4.04,6260019.9
2022-07-30 00:00:00+00:00,4.04,4.04,3.719,3.777,5673358.9
2022-07-30 06:00:00+00:00,3.776,3.958,3.768,3.923,4890193.1
2022-07-30 12:00:00+00:00,3.923,4.025,3.871,3.948,5050561.3
2022-07-30 18:00:00+00:00,3.949,3.956,3.55,3.638,7088075.9
2022-07-31 00:00:00+00:00,3.638,3.746,3.596,3.681,3951789.9
2022-07-31 06:00:00+00:00,3.681,3.77,3.621,3.742,3623844.0
2022-07-31 12:00:00+00:00,3.743,3.829,3.698,3.721,4748045.9
2022-07-31 18:00:00+00:00,3.722,3.811,3.515,3.556,5965099.4
2022-08-01 00:00:00+00:00,3.556,3.776,3.53,3.685,4336141.4
2022-08-01 06:00:00+00:00,3.686,3.774,3.551,3.664,6378322.1
2022-08-01 12:00:00+00:00,3.663,3.747,3.41,3.416,8205600.8
2022-08-01 18:00:00+00:00,3.417,3.647,3.411,3.598,5697006.9
2022-08-02 00:00:00+00:00,3.599,3.674,3.312,3.386,5660669.3
2022-08-02 06:00:00+00:00,3.386,3.55,3.361,3.502,6198636.7
2022-08-02 12:00:00+00:00,3.503,4.132,3.421,3.914,24679346.9
2022-08-02 18:00:00+00:00,3.914,3.985,3.781,3.802,14581960.1
2022-08-03 00:00:00+00:00,3.803,3.935,3.682,3.811,12728807.4
2022-08-03 06:00:00+00:00,3.811,3.975,3.804,3.916,11242307.9
2022-08-03 12:00:00+00:00,3.915,4.047,3.79,3.823,9102467.0
2022-08-03 18:00:00+00:00,3.823,3.903,3.654,3.702,6050796.4
2022-08-04 00:00:00+00:00,3.701,3.973,3.696,3.877,6821460.7
2022-08-04 06:00:00+00:00,3.878,3.883,3.686,3.716,8346538.5
2022-08-04 12:00:00+00:00,3.716,3.797,3.641,3.702,5821891.3
2022-08-04 18:00:00+00:00,3.702,3.789,3.645,3.775,3511522.4
2022-08-05 00:00:00+00:00,3.775,4.189,3.764,4.097,9338075.0
2022-08-05 06:00:00+00:00,4.097,4.154,3.932,4.034,5920191.7
2022-08-05 12:00:00+00:00,4.034,4.036,3.814,3.831,6279512.3
2022-08-05 18:00:00+00:00,3.831,4.087,3.816,4.052,4760705.0
2022-08-06 00:00:00+00:00,4.052,4.264,3.999,4.087,8895938.1
2022-08-06 06:00:00+00:00,4.087,4.114,4.019,4.048,2763046.7
2022-08-06 12:00:00+00:00,4.049,4.294,4.027,4.236,5286108.9
2022-08-06 18:00:00+00:00,4.235,4.4,4.218,4.27,12514702.3
2022-08-07 00:00:00+00:00,4.27,4.289,4.084,4.099,5381254.9
2022-08-07 06:00:00+00:00,4.098,4.134,4.045,4.094,3914891.9
2022-08-07 12:00:00+00:00,4.095,4.177,4.041,4.126,5193045.1
2022-08-07 18:00:00+00:00,4.127,4.208,4.054,4.081,4244888.9
2022-08-08 00:00:00+00:00,4.082,4.167,4.046,4.153,3129710.7
2022-08-08 06:00:00+00:00,4.152,4.301,4.128,4.24,5031706.4
2022-08-08 12:00:00+00:00,4.24,4.26,4.065,4.127,3887147.8
2022-08-08 18:00:00+00:00,4.128,4.148,4.009,4.089,2613979.5
2022-08-09 00:00:00+00:00,4.09,4.125,4.048,4.092,2268050.0
2022-08-09 06:00:00+00:00,4.093,4.094,3.812,3.866,6122122.2
2022-08-09 12:00:00+00:00,3.866,3.891,3.708,3.814,3908959.6
2022-08-09 18:00:00+00:00,3.814,3.868,3.781,3.808,2096867.5
2022-08-10 00:00:00+00:00,3.809,3.828,3.701,3.753,3680236.5
2022-08-10 06:00:00+00:00,3.752,3.821,3.722,3.806,2301864.9
2022-08-10 12:00:00+00:00,3.806,4.109,3.795,4.095,7677931.7
2022-08-10 18:00:00+00:00,4.094,4.201,3.994,4.195,5009687.4
2022-08-11 00:00:00+00:00,4.196,4.344,4.131,4.235,7859379.6
2022-08-11 06:00:00+00:00,4.235,4.313,4.12,4.128,5406548.9
2022-08-11 12:00:00+00:00,4.129,4.19,4.062,4.077,5489663.1
2022-08-11 18:00:00+00:00,4.077,4.077,3.969,4.028,2739734.0
2022-08-12 00:00:00+00:00,4.027,4.104,3.914,4.068,3343423.6
2022-08-12 06:00:00+00:00,4.069,4.087,3.886,3.909,3908736.0
2022-08-12 12:00:00+00:00,3.91,4.073,3.9,4.038,5240206.0
2022-08-12 18:00:00+00:00,4.038,4.18,4.007,4.141,4298495.5
2022-08-13 00:00:00+00:00,4.14,4.15,4.066,4.122,2413795.9
2022-08-13 06:00:00+00:00,4.122,4.151,3.984,4.017,2070740.3
2022-08-13 12:00:00+00:00,4.015,4.077,3.98,4.071,1457383.8
2022-08-13 18:00:00+00:00,4.07,4.072,3.95,3.968,2060583.8
2022-08-14 00:00:00+00:00,3.969,4.072,3.946,4.046,1987811.7
2022-08-14 06:00:00+00:00,4.047,4.127,4.006,4.02,2993390.2
2022-08-14 12:00:00+00:00,4.02,4.025,3.783,3.813,3410425.4
2022-08-14 18:00:00+00:00,3.812,3.849,3.782,3.815,1957286.1
2022-08-15 00:00:00+00:00,3.814,3.946,3.782,3.87,2703731.4
2022-08-15 06:00:00+00:00,3.871,3.879,3.703,3.739,3106620.7
2022-08-15 12:00:00+00:00,3.738,3.796,3.665,3.741,2936246.7
2022-08-15 18:00:00+00:00,3.742,3.756,3.578,3.688,2739236.9
2022-08-16 00:00:00+00:00,3.687,3.758,3.601,3.627,2879354.9
2022-08-16 06:00:00+00:00,3.626,3.79,3.624,3.729,3353186.3
2022-08-16 12:00:00+00:00,3.73,3.74,3.628,3.69,3725156.8
2022-08-16 18:00:00+00:00,3.69,3.742,3.631,3.677,2336652.4
2022-08-17 00:00:00+00:00,3.676,3.811,3.667,3.792,2777780.8
2022-08-17 06:00:00+00:00,3.791,3.84,3.627,3.646,4366516.9
2022-08-17 12:00:00+00:00,3.645,3.645,3.452,3.553,5419576.5
2022-08-17 18:00:00+00:00,3.553,3.599,3.441,3.5,3186578.5
2022-08-18 00:00:00+00:00,3.5,3.555,3.469,3.533,2547267.9
2022-08-18 06:00:00+00:00,3.533,3.56,3.485,3.54,2534643.2
2022-08-18 12:00:00+00:00,3.54,3.572,3.455,3.49,3228622.4
2022-08-18 18:00:00+00:00,3.491,3.499,3.2,3.244,5495500.1
2022-08-19 00:00:00+00:00,3.244,3.275,3.022,3.078,7447739.5
2022-08-19 06:00:00+00:00,3.078,3.086,2.9,2.981,8632118.7
2022-08-19 12:00:00+00:00,2.981,3.03,2.805,2.826,11104807.2
2022-08-19 18:00:00+00:00,2.825,2.895,2.711,2.798,7731987.3
2022-08-20 00:00:00+00:00,2.797,2.867,2.788,2.835,4181975.4
2022-08-20 06:00:00+00:00,2.836,2.91,2.833,2.887,3161389.1
2022-08-20 12:00:00+00:00,2.887,2.91,2.804,2.839,3257448.9
2022-08-20 18:00:00+00:00,2.837,2.853,2.635,2.741,8329988.7
2022-08-21 00:00:00+00:00,2.742,2.809,2.74,2.791,2416606.3
2022-08-21 06:00:00+00:00,2.792,2.891,2.748,2.881,3982882.0
2022-08-21 12:00:00+00:00,2.882,2.899,2.797,2.85,3309323.7
2022-08-21 18:00:00+00:00,2.85,3.114,2.834,3.107,8918550.2
2022-08-22 00:00:00+00:00,3.106,3.11,2.938,3.001,9442572.3
2022-08-22 06:00:00+00:00,3.002,3.004,2.78,2.899,9828400.8
2022-08-22 12:00:00+00:00,2.899,2.985,2.852,2.912,14714731.6
2022-08-22 18:00:00+00:00,2.912,3.009,2.853,2.999,5506719.5
2022-08-23 00:00:00+00:00,2.999,3.044,2.907,2.911,9086019.3
2022-08-23 06:00:00+00:00,2.911,3.147,2.905,3.122,8267181.4
2022-08-23 12:00:00+00:00,3.122,3.232,3.042,3.049,6968524.4
2022-08-23 18:00:00+00:00,3.049,3.097,3.009,3.049,3869064.0
2022-08-24 00:00:00+00:00,3.05,3.057,2.955,3.022,4018308.2
2022-08-24 06:00:00+00:00,3.022,3.064,2.96,3.046,3301516.1
2022-08-24 12:00:00+00:00,3.045,3.147,3.036,3.086,4060848.6
2022-08-24 18:00:00+00:00,3.086,3.139,3.019,3.03,2744545.4
2022-08-25 00:00:00+00:00,3.031,3.08,3.019,3.061,3110450.9
2022-08-25 06:00:00+00:00,3.06,3.107,2.98,2.998,3908010.2
2022-08-25 12:00:00+00:00,2.997,3.013,2.911,2.957,5155990.3
2022-08-25 18:00:00+00:00,2.957,3.021,2.943,3.014,3022256.7
2022-08-26 00:00:00+00:00,3.014,3.043,2.921,2.945,3489349.4
2022-08-26 06:00:00+00:00,2.945,3.274,2.94,3.197,25515534.0
2022-08-26 12:00:00+00:00,3.196,3.29,2.818,2.846,37062917.8
2022-08-26 18:00:00+00:00,2.846,2.89,2.66,2.717,14585160.2
2022-08-27 00:00:00+00:00,2.716,2.734,2.6,2.673,6527067.4
2022-08-27 06:00:00+00:00,2.673,2.786,2.661,2.733,7851987.4
2022-08-27 12:00:00+00:00,2.733,2.846,2.708,2.796,10529742.9
2022-08-27 18:00:00+00:00,2.796,2.919,2.791,2.889,6772229.6
2022-08-28 00:00:00+00:00,2.889,2.913,2.826,2.908,8259610.4
2022-08-28 06:00:00+00:00,2.908,3.028,2.899,2.975,18681216.3
2022-08-28 12:00:00+00:00,2.976,3.13,2.934,3.06,24964616.0
2022-08-28 18:00:00+00:00,3.061,3.154,2.953,2.969,17255923.4
2022-08-29 00:00:00+00:00,2.968,3.094,2.918,2.996,15661877.9
2022-08-29 06:00:00+00:00,2.996,3.027,2.779,2.883,17364395.6
2022-08-29 12:00:00+00:00,2.883,3.57,2.872,3.398,31249702.5
2022-08-29 18:00:00+00:00,3.398,3.578,3.397,3.467,45560184.3
2022-08-30 00:00:00+00:00,3.467,3.55,3.296,3.298,22892409.9
2022-08-30 06:00:00+00:00,3.297,3.333,3.172,3.205,20139026.0
2022-08-30 12:00:00+00:00,3.205,3.247,3.029,3.058,21087469.3
2022-08-30 18:00:00+00:00,3.058,3.135,2.963,2.974,14881607.3
2022-08-31 00:00:00+00:00,2.975,3.142,2.973,3.082,11900887.0
2022-08-31 06:00:00+00:00,3.083,3.093,2.97,3.021,11026743.2
2022-08-31 12:00:00+00:00,3.021,3.03,2.912,2.932,12703322.6
2022-08-31 18:00:00+00:00,2.933,3.063,2.911,2.955,10679960.3
2022-09-01 00:00:00+00:00,2.954,3.171,2.948,3.099,15501290.7
2022-09-01 06:00:00+00:00,3.1,3.112,2.952,2.98,10143667.3
2022-09-01 12:00:00+00:00,2.98,2.981,2.791,2.841,13818989.4
2022-09-01 18:00:00+00:00,2.841,2.935,2.836,2.929,5316215.3
2022-09-02 00:00:00+00:00,2.928,2.998,2.888,2.958,6572121.5
2022-09-02 06:00:00+00:00,2.959,2.986,2.88,2.92,4612579.2
2022-09-02 12:00:00+00:00,2.92,3.257,2.896,3.067,22766212.3
2022-09-02 18:00:00+00:00,3.067,3.129,2.991,3.024,9076316.9
2022-09-03 00:00:00+00:00,3.024,3.064,2.92,2.978,5572716.8
2022-09-03 06:00:00+00:00,2.979,2.979,2.889,2.936,5352533.4
2022-09-03 12:00:00+00:00,2.935,2.951,2.903,2.931,4247823.8
2022-09-03 18:00:00+00:00,2.931,2.947,2.86,2.937,6516113.5
2022-09-04 00:00:00+00:00,2.937,2.967,2.917,2.952,3287126.3
2022-09-04 06:00:00+00:00,2.952,2.971,2.894,2.966,5133068.7
2022-09-04 12:00:00+00:00,2.967,2.986,2.92,2.961,3003662.7
2022-09-04 18:00:00+00:00,2.961,2.986,2.942,2.98,2406158.9
2022-09-05 00:00:00+00:00,2.979,3.024,2.925,2.949,3471011.9
2022-09-05 06:00:00+00:00,2.95,2.975,2.912,2.948,3329051.5
2022-09-05 12:00:00+00:00,2.948,3.04,2.932,2.969,4753370.3
2022-09-05 18:00:00+00:00,2.969,3.012,2.933,3.002,2858990.5
2022-09-06 00:00:00+00:00,3.002,3.067,2.923,3.003,5232183.7
2022-09-06 06:00:00+00:00,3.003,3.089,2.955,3.027,6814598.3
2022-09-06 12:00:00+00:00,3.027,3.027,2.747,2.788,10103956.1
2022-09-06 18:00:00+00:00,2.788,2.835,2.704,2.792,5404310.1
2022-09-07 00:00:00+00:00,2.792,2.821,2.708,2.761,4772366.2
2022-09-07 06:00:00+00:00,2.762,2.796,2.754,2.783,1923730.5
2022-09-07 12:00:00+00:00,2.784,2.961,2.766,2.954,5576829.0
2022-09-07 18:00:00+00:00,2.955,3.038,2.934,2.984,4969458.7
2022-09-08 00:00:00+00:00,2.985,3.011,2.896,2.901,3186113.1
2022-09-08 06:00:00+00:00,2.901,2.932,2.842,2.905,3810340.8
2022-09-08 12:00:00+00:00,2.905,2.964,2.822,2.903,5748479.3
2022-09-08 18:00:00+00:00,2.902,2.951,2.889,2.928,2040174.8
2022-09-09 00:00:00+00:00,2.928,3.071,2.924,3.043,4163492.2
2022-09-09 06:00:00+00:00,3.044,3.056,2.983,3.021,4735753.2
2022-09-09 12:00:00+00:00,3.022,3.105,2.973,2.989,5361476.4
2022-09-09 18:00:00+00:00,2.988,3.043,2.965,2.997,2419038.3
2022-09-10 00:00:00+00:00,2.998,3.063,2.974,3.008,3770201.6
2022-09-10 06:00:00+00:00,3.008,3.151,3.002,3.018,5871987.3
2022-09-10 12:00:00+00:00,3.018,3.04,2.925,2.977,4642659.5
2022-09-10 18:00:00+00:00,2.978,3.055,2.964,3.02,2802173.9
2022-09-11 00:00:00+00:00,3.02,3.053,2.997,3.021,2135451.6
2022-09-11 06:00:00+00:00,3.021,3.04,2.957,2.996,2560606.6
2022-09-11 12:00:00+00:00,2.995,3.026,2.968,2.991,2553038.1
2022-09-11 18:00:00+00:00,2.991,2.992,2.882,2.957,3233391.9
2022-09-12 00:00:00+00:00,2.957,3.025,2.886,2.939,5119337.7
2022-09-12 06:00:00+00:00,2.939,3.025,2.926,3.003,3368237.2
2022-09-12 12:00:00+00:00,3.004,3.036,2.879,2.97,4547588.6
2022-09-12 18:00:00+00:00,2.969,2.982,2.926,2.94,2020342.7
2022-09-13 00:00:00+00:00,2.94,2.957,2.876,2.95,2714774.8
2022-09-13 06:00:00+00:00,2.95,2.987,2.912,2.961,2802324.1
2022-09-13 12:00:00+00:00,2.962,2.972,2.725,2.804,7352287.3
2022-09-13 18:00:00+00:00,2.804,2.805,2.698,2.715,4339577.9
2022-09-14 00:00:00+00:00,2.715,2.772,2.698,2.758,2427894.4
2022-09-14 06:00:00+00:00,2.758,2.764,2.68,2.703,3164584.3
2022-09-14 12:00:00+00:00,2.704,2.719,2.651,2.676,4471609.8
2022-09-14 18:00:00+00:00,2.674,2.727,2.626,2.714,3255655.2
2022-09-15 00:00:00+00:00,2.714,2.715,2.583,2.625,4614789.7
2022-09-15 06:00:00+00:00,2.625,2.759,2.575,2.659,6419343.4
2022-09-15 12:00:00+00:00,2.659,2.684,2.564,2.629,4563533.8
2022-09-15 18:00:00+00:00,2.63,2.636,2.565,2.582,1730417.5
2022-09-16 00:00:00+00:00,2.583,2.618,2.534,2.611,2895614.1
2022-09-16 06:00:00+00:00,2.611,2.637,2.562,2.632,2336806.7
2022-09-16 12:00:00+00:00,2.632,2.645,2.534,2.549,4717854.0
2022-09-16 18:00:00+00:00,2.55,2.594,2.522,2.592,2160793.7
2022-09-17 00:00:00+00:00,2.593,2.661,2.59,2.641,1932233.2
2022-09-17 06:00:00+00:00,2.642,2.672,2.616,2.625,1534350.2
2022-09-17 12:00:00+00:00,2.624,2.728,2.624,2.704,2384377.4
2022-09-17 18:00:00+00:00,2.703,2.74,2.667,2.731,1776993.4
2022-09-18 00:00:00+00:00,2.731,2.737,2.675,2.702,2070563.8
2022-09-18 06:00:00+00:00,2.703,2.719,2.61,2.618,2900755.8
2022-09-18 12:00:00+00:00,2.618,2.634,2.527,2.536,3279755.3
2022-09-18 18:00:00+00:00,2.536,2.57,2.32,2.435,5340998.6
2022-09-19 00:00:00+00:00,2.436,2.471,2.358,2.387,4069899.2
2022-09-19 06:00:00+00:00,2.386,2.424,2.359,2.413,2190788.8
2022-09-19 12:00:00+00:00,2.412,2.513,2.41,2.452,3005354.2
2022-09-19 18:00:00+00:00,2.453,2.524,2.452,2.503,2001500.1
2022-09-20 00:00:00+00:00,2.503,2.519,2.471,2.483,2267401.8
2022-09-20 06:00:00+00:00,2.484,2.542,2.445,2.462,2821547.0
2022-09-20 12:00:00+00:00,2.462,2.522,2.419,2.442,4788694.6
2022-09-20 18:00:00+00:00,2.443,2.485,2.293,2.352,9310915.0
2022-09-21 00:00:00+00:00,2.353,2.367,2.314,2.338,5390194.1
2022-09-21 06:00:00+00:00,2.337,2.387,2.275,2.381,5398074.7
2022-09-21 12:00:00+00:00,2.382,2.406,2.318,2.405,5894988.9
2022-09-21 18:00:00+00:00,2.404,2.503,2.236,2.282,12469509.4
2022-09-22 00:00:00+00:00,2.282,2.356,2.28,2.336,2487698.1
2022-09-22 06:00:00+00:00,2.335,2.417,2.333,2.415,2881980.2
2022-09-22 12:00:00+00:00,2.415,2.416,2.351,2.407,3313933.3
2022-09-22 18:00:00+00:00,2.408,2.549,2.401,2.503,4985409.6
2022-09-23 00:00:00+00:00,2.503,2.553,2.478,2.503,3900892.3
2022-09-23 06:00:00+00:00,2.503,2.526,2.369,2.396,4157262.2
2022-09-23 12:00:00+00:00,2.396,2.44,2.353,2.421,5004781.0
2022-09-23 18:00:00+00:00,2.421,2.506,2.389,2.475,3618403.6
2022-09-24 00:00:00+00:00,2.475,2.526,2.469,2.507,1940285.8
2022-09-24 06:00:00+00:00,2.507,2.513,2.46,2.466,1435917.7
2022-09-24 12:00:00+00:00,2.465,2.531,2.465,2.492,2882089.7
2022-09-24 18:00:00+00:00,2.492,2.505,2.401,2.406,3287002.0
2022-09-25 00:00:00+00:00,2.407,2.465,2.404,2.445,1576329.7
2022-09-25 06:00:00+00:00,2.446,2.452,2.411,2.44,2268879.8
2022-09-25 12:00:00+00:00,2.441,2.455,2.331,2.371,4554643.1
2022-09-25 18:00:00+00:00,2.371,2.376,2.301,2.316,2986126.5
2022-09-26 00:00:00+00:00,2.316,2.346,2.267,2.276,4446890.6
2022-09-26 06:00:00+00:00,2.276,2.31,2.244,2.275,4669375.0
2022-09-26 12:00:00+00:00,2.276,2.339,2.263,2.3,4021234.3
2022-09-26 18:00:00+00:00,2.3,2.326,2.278,2.324,3044470.3
2022-09-27 00:00:00+00:00,2.323,2.414,2.311,2.406,4292606.8
2022-09-27 06:00:00+00:00,2.406,2.423,2.359,2.365,2688122.8
2022-09-27 12:00:00+00:00,2.364,2.394,2.267,2.287,5471398.5
2022-09-27 18:00:00+00:00,2.287,2.299,2.221,2.26,4913493.0
2022-09-28 00:00:00+00:00,2.261,2.262,2.153,2.222,5897522.2
2022-09-28 06:00:00+00:00,2.223,2.292,2.182,2.282,5305523.8
2022-09-28 12:00:00+00:00,2.282,2.499,2.279,2.455,24205985.0
2022-09-28 18:00:00+00:00,2.455,2.5,2.427,2.448,9012850.3
2022-09-29 00:00:00+00:00,2.449,2.482,2.401,2.406,9337938.6
2022-09-29 06:00:00+00:00,2.407,2.412,2.341,2.368,7074022.3
2022-09-29 12:00:00+00:00,2.369,2.418,2.322,2.363,6206217.5
2022-09-29 18:00:00+00:00,2.363,2.433,2.362,2.419,3331605.8
2022-09-30 00:00:00+00:00,2.419,2.433,2.375,2.386,3852978.7
2022-09-30 06:00:00+00:00,2.386,2.405,2.337,2.342,3232179.3
2022-09-30 12:00:00+00:00,2.342,2.431,2.332,2.393,8150370.1
2022-09-30 18:00:00+00:00,2.391,2.437,2.343,2.377,4704785.8
2022-10-01 00:00:00+00:00,2.378,2.402,2.366,2.394,2206229.1
2022-10-01 06:00:00+00:00,2.394,2.421,2.347,2.36,4343642.7
2022-10-01 12:00:00+00:00,2.36,2.365,2.301,2.319,3122558.6
2022-10-01 18:00:00+00:00,2.318,2.326,2.291,2.316,1915430.4
2022-10-02 00:00:00+00:00,2.316,2.329,2.301,2.311,1621740.8
2022-10-02 06:00:00+00:00,2.312,2.324,2.256,2.266,4134031.3
2022-10-02 12:00:00+00:00,2.267,2.298,2.244,2.26,3654640.3
2022-10-02 18:00:00+00:00,2.259,2.289,2.202,2.215,3151604.5
2022-10-03 00:00:00+00:00,2.215,2.261,2.188,2.243,3593132.7
2022-10-03 06:00:00+00:00,2.243,2.266,2.227,2.256,2706253.4
2022-10-03 12:00:00+00:00,2.257,2.324,2.241,2.294,4863090.3
2022-10-03 18:00:00+00:00,2.294,2.323,2.265,2.295,2458885.3
2022-10-04 00:00:00+00:00,2.295,2.324,2.268,2.291,2879425.1
2022-10-04 06:00:00+00:00,2.291,2.337,2.288,2.313,2967687.1
2022-10-04 12:00:00+00:00,2.313,2.356,2.306,2.329,3732192.9
2022-10-04 18:00:00+00:00,2.33,2.36,2.322,2.337,1761176.6
2022-10-05 00:00:00+00:00,2.338,2.355,2.315,2.335,2748588.7
2022-10-05 06:00:00+00:00,2.336,2.37,2.291,2.304,3578658.1
2022-10-05 12:00:00+00:00,2.304,2.32,2.254,2.305,4334300.4
2022-10-05 18:00:00+00:00,2.305,2.332,2.295,2.329,1732145.9
2022-10-06 00:00:00+00:00,2.33,2.369,2.328,2.348,3084562.4
2022-10-06 06:00:00+00:00,2.347,2.348,2.284,2.303,3895764.7
2022-10-06 12:00:00+00:00,2.303,2.316,2.265,2.294,7738838.0
2022-10-06 18:00:00+00:00,2.293,2.293,2.239,2.254,2226756.5
2022-10-07 00:00:00+00:00,2.255,2.284,2.253,2.278,1344150.8
2022-10-07 06:00:00+00:00,2.279,2.29,2.262,2.273,1595242.0
2022-10-07 12:00:00+00:00,2.273,2.275,2.217,2.241,5552329.8
2022-10-07 18:00:00+00:00,2.241,2.252,2.229,2.249,1068447.9
2022-10-08 00:00:00+00:00,2.249,2.265,2.242,2.25,1056397.4
2022-10-08 06:00:00+00:00,2.251,2.257,2.238,2.25,997410.1
2022-10-08 12:00:00+00:00,2.25,2.25,2.23,2.242,964934.2
2022-10-08 18:00:00+00:00,2.241,2.243,2.189,2.212,1692984.8
2022-10-09 00:00:00+00:00,2.212,2.223,2.207,2.223,886462.9
2022-10-09 06:00:00+00:00,2.223,2.259,2.221,2.246,1663605.5
2022-10-09 12:00:00+00:00,2.247,2.27,2.247,2.252,1061519.2
2022-10-09 18:00:00+00:00,2.252,2.256,2.231,2.248,1117942.8
2022-10-10 00:00:00+00:00,2.248,2.283,2.246,2.254,2111017.2
2022-10-10 06:00:00+00:00,2.254,2.266,2.2,2.218,2819952.1
2022-10-10 12:00:00+00:00,2.218,2.222,2.167,2.197,3902847.7
2022-10-10 18:00:00+00:00,2.198,2.198,2.092,2.116,3856467.7
2022-10-11 00:00:00+00:00,2.115,2.116,2.037,2.067,4723609.6
2022-10-11 06:00:00+00:00,2.067,2.093,2.064,2.092,3847557.3
2022-10-11 12:00:00+00:00,2.092,2.112,2.048,2.089,3678316.8
2022-10-11 18:00:00+00:00,2.09,2.094,2.041,2.062,2583557.7
2022-10-12 00:00:00+00:00,2.062,2.092,2.052,2.078,1727105.8
2022-10-12 06:00:00+00:00,2.079,2.114,2.076,2.091,1958744.6
2022-10-12 12:00:00+00:00,2.091,2.096,2.038,2.047,2657004.6
2022-10-12 18:00:00+00:00,2.047,2.069,2.034,2.061,1524110.0
2022-10-13 00:00:00+00:00,2.061,2.07,1.985,2.037,3023138.5
2022-10-13 06:00:00+00:00,2.038,2.044,1.858,1.943,8947830.1
2022-10-13 12:00:00+00:00,1.943,2.182,1.866,2.157,13161918.5
2022-10-13 18:00:00+00:00,2.157,2.24,2.152,2.18,9012316.6
2022-10-14 00:00:00+00:00,2.179,2.26,2.177,2.195,5573381.5
2022-10-14 06:00:00+00:00,2.196,2.205,2.128,2.129,5381905.1
2022-10-14 12:00:00+00:00,2.129,2.187,2.074,2.098,6176773.8
2022-10-14 18:00:00+00:00,2.098,2.099,2.037,2.068,3728963.5
2022-10-15 00:00:00+00:00,2.067,2.08,2.041,2.072,2249594.9
2022-10-15 06:00:00+00:00,2.072,2.123,2.039,2.122,3000519.3
2022-10-15 12:00:00+00:00,2.121,2.122,2.063,2.07,2681461.9
2022-10-15 18:00:00+00:00,2.071,2.08,2.04,2.057,2039158.7
2022-10-16 00:00:00+00:00,2.057,2.092,2.054,2.084,1420879.2
2022-10-16 06:00:00+00:00,2.084,2.114,2.078,2.1,1289651.4
2022-10-16 12:00:00+00:00,2.1,2.243,2.099,2.223,13264055.7
2022-10-16 18:00:00+00:00,2.224,2.344,2.206,2.282,34241350.0
2022-10-17 00:00:00+00:00,2.282,2.291,2.242,2.261,13166889.7
2022-10-17 06:00:00+00:00,2.261,2.333,2.253,2.298,17904468.4
2022-10-17 12:00:00+00:00,2.299,2.394,2.286,2.322,19028527.8
2022-10-17 18:00:00+00:00,2.321,2.335,2.3,2.327,5749425.3
2022-10-18 00:00:00+00:00,2.327,2.359,2.279,2.321,6194331.3
2022-10-18 06:00:00+00:00,2.322,2.35,2.26,2.301,7964579.1
2022-10-18 12:00:00+00:00,2.3,2.348,2.242,2.335,9855327.8
2022-10-18 18:00:00+00:00,2.334,2.39,2.269,2.364,8560942.4
2022-10-19 00:00:00+00:00,2.365,2.386,2.308,2.312,5285343.8
2022-10-19 06:00:00+00:00,2.311,2.374,2.293,2.348,5732582.5
2022-10-19 12:00:00+00:00,2.347,2.444,2.315,2.392,18546168.9
2022-10-19 18:00:00+00:00,2.392,2.394,2.253,2.281,8097812.1
2022-10-20 00:00:00+00:00,2.281,2.352,2.25,2.344,6046370.1
2022-10-20 06:00:00+00:00,2.343,2.393,2.286,2.305,10827930.4
2022-10-20 12:00:00+00:00,2.305,2.323,2.224,2.235,7366072.6
2022-10-20 18:00:00+00:00,2.234,2.266,2.187,2.24,6855031.4
2022-10-21 00:00:00+00:00,2.24,2.246,2.172,2.187,4864822.0
2022-10-21 06:00:00+00:00,2.187,2.206,2.138,2.15,5961215.1
2022-10-21 12:00:00+00:00,2.151,2.229,2.116,2.216,7136776.9
2022-10-21 18:00:00+00:00,2.216,2.229,2.189,2.2,2243962.9
2022-10-22 00:00:00+00:00,2.2,2.223,2.186,2.196,1746797.6
2022-10-22 06:00:00+00:00,2.195,2.269,2.195,2.236,3523769.3
2022-10-22 12:00:00+00:00,2.237,2.247,2.204,2.21,2970223.4
2022-10-22 18:00:00+00:00,2.21,2.225,2.195,2.209,1710721.2
2022-10-23 00:00:00+00:00,2.209,2.235,2.195,2.213,1823138.8
2022-10-23 06:00:00+00:00,2.212,2.22,2.144,2.149,2947671.4
2022-10-23 12:00:00+00:00,2.149,2.184,2.136,2.178,3359154.2
2022-10-23 18:00:00+00:00,2.178,2.282,2.172,2.267,4809935.8
2022-10-24 00:00:00+00:00,2.267,2.284,2.227,2.259,3060147.9
2022-10-24 06:00:00+00:00,2.259,2.304,2.256,2.279,5845467.2
2022-10-24 12:00:00+00:00,2.278,2.287,2.183,2.187,6372100.3
2022-10-24 18:00:00+00:00,2.187,2.22,2.183,2.189,2745475.7
2022-10-25 00:00:00+00:00,2.19,2.25,2.186,2.239,2370968.4
2022-10-25 06:00:00+00:00,2.238,2.26,2.205,2.254,2483553.5
2022-10-25 12:00:00+00:00,2.254,2.349,2.246,2.333,8260879.1
2022-10-25 18:00:00+00:00,2.332,2.36,2.281,2.292,4473224.4
2022-10-26 00:00:00+00:00,2.293,2.449,2.293,2.424,9453520.4
2022-10-26 06:00:00+00:00,2.424,2.478,2.402,2.404,7312094.2
2022-10-26 12:00:00+00:00,2.404,2.49,2.391,2.443,9123006.6
2022-10-26 18:00:00+00:00,2.443,2.455,2.409,2.438,3529794.6
2022-10-27 00:00:00+00:00,2.438,2.518,2.42,2.451,6331249.2
2022-10-27 06:00:00+00:00,2.451,2.479,2.397,2.467,6065993.8
2022-10-27 12:00:00+00:00,2.466,2.515,2.431,2.458,6297173.0
2022-10-27 18:00:00+00:00,2.458,2.489,2.366,2.385,4599635.8
2022-10-28 00:00:00+00:00,2.386,2.424,2.327,2.347,3969849.1
2022-10-28 06:00:00+00:00,2.348,2.353,2.306,2.329,3620084.5
2022-10-28 12:00:00+00:00,2.329,2.446,2.305,2.43,5925069.7
2022-10-28 18:00:00+00:00,2.43,2.454,2.413,2.416,2101994.2
2022-10-29 00:00:00+00:00,2.417,2.472,2.393,2.453,2502996.0
2022-10-29 06:00:00+00:00,2.454,2.545,2.449,2.486,4372918.8
2022-10-29 12:00:00+00:00,2.486,2.58,2.468,2.517,6165466.5
2022-10-29 18:00:00+00:00,2.516,2.616,2.506,2.525,5383857.9
2022-10-30 00:00:00+00:00,2.526,2.56,2.507,2.523,2170505.0
2022-10-30 06:00:00+00:00,2.522,2.583,2.488,2.507,3147964.3
2022-10-30 12:00:00+00:00,2.508,2.523,2.443,2.466,2750175.9
2022-10-30 18:00:00+00:00,2.466,2.481,2.401,2.442,2033671.4
2022-10-31 00:00:00+00:00,2.442,2.467,2.395,2.436,2191760.7
2022-10-31 06:00:00+00:00,2.436,2.488,2.382,2.486,3147330.6
2022-10-31 12:00:00+00:00,2.485,2.516,2.418,2.445,5337885.3
2022-10-31 18:00:00+00:00,2.446,2.526,2.446,2.502,2925589.8
2022-11-01 00:00:00+00:00,2.502,2.604,2.501,2.545,4935904.5
2022-11-01 06:00:00+00:00,2.545,2.599,2.519,2.588,6467864.8
2022-11-01 12:00:00+00:00,2.589,2.645,2.544,2.574,9866472.6
2022-11-01 18:00:00+00:00,2.573,2.577,2.491,2.501,3514899.4
2022-11-02 00:00:00+00:00,2.501,2.537,2.479,2.489,2745307.3
2022-11-02 06:00:00+00:00,2.489,2.494,2.394,2.397,3986006.6
2022-11-02 12:00:00+00:00,2.397,2.402,2.346,2.367,4272890.2
2022-11-02 18:00:00+00:00,2.365,2.493,2.322,2.371,8919368.9
2022-11-03 00:00:00+00:00,2.371,2.524,2.366,2.522,3282188.6
2022-11-03 06:00:00+00:00,2.523,2.583,2.446,2.478,6232442.6
2022-11-03 12:00:00+00:00,2.477,2.519,2.439,2.446,4253286.0
2022-11-03 18:00:00+00:00,2.445,2.465,2.403,2.427,2757877.3
2022-11-04 00:00:00+00:00,2.427,2.548,2.41,2.531,3108441.8
2022-11-04 06:00:00+00:00,2.531,2.699,2.529,2.603,6875366.7
2022-11-04 12:00:00+00:00,2.603,2.732,2.566,2.711,9203885.6
2022-11-04 18:00:00+00:00,2.71,2.746,2.655,2.719,3411683.9
2022-11-05 00:00:00+00:00,2.719,2.79,2.679,2.71,4765655.2
2022-11-05 06:00:00+00:00,2.711,2.781,2.676,2.752,3183764.3
2022-11-05 12:00:00+00:00,2.752,2.758,2.662,2.689,2821396.3
2022-11-05 18:00:00+00:00,2.689,2.704,2.613,2.652,3350630.6
2022-11-06 00:00:00+00:00,2.652,2.674,2.591,2.619,2619804.5
2022-11-06 06:00:00+00:00,2.619,2.669,2.617,2.66,1820300.1
2022-11-06 12:00:00+00:00,2.66,2.66,2.575,2.615,2841323.3
2022-11-06 18:00:00+00:00,2.616,2.616,2.505,2.512,2813029.7
2022-11-07 00:00:00+00:00,2.511,2.55,2.493,2.518,4023199.1
2022-11-07 06:00:00+00:00,2.518,2.632,2.452,2.623,4689690.1
2022-11-07 12:00:00+00:00,2.623,2.778,2.623,2.709,18591870.2
2022-11-07 18:00:00+00:00,2.71,2.749,2.55,2.593,8506514.0
2022-11-08 00:00:00+00:00,2.593,2.659,2.33,2.365,11928759.2
2022-11-08 06:00:00+00:00,2.365,2.46,2.343,2.386,6772720.4
2022-11-08 12:00:00+00:00,2.386,2.516,2.292,2.294,13277061.3
2022-11-08 18:00:00+00:00,2.295,2.316,1.866,2.113,21211015.7
2022-11-09 00:00:00+00:00,2.113,2.161,2.01,2.051,7222479.2
2022-11-09 06:00:00+00:00,2.052,2.09,1.894,2.008,9316060.2
2022-11-09 12:00:00+00:00,2.008,2.031,1.873,1.888,7817922.4
2022-11-09 18:00:00+00:00,1.887,1.905,1.641,1.706,9695239.6
2022-11-10 00:00:00+00:00,1.706,1.839,1.672,1.834,5860587.5
2022-11-10 06:00:00+00:00,1.833,1.871,1.767,1.783,5665413.4
2022-11-10 12:00:00+00:00,1.782,2.053,1.679,1.931,9131442.3
2022-11-10 18:00:00+00:00,1.931,1.988,1.924,1.943,4061071.2
2022-11-11 00:00:00+00:00,1.944,1.963,1.821,1.883,3423474.5
2022-11-11 06:00:00+00:00,1.882,1.96,1.873,1.917,2328220.2
2022-11-11 12:00:00+00:00,1.915,1.953,1.767,1.832,5325715.4
2022-11-11 18:00:00+00:00,1.831,1.87,1.792,1.867,1701351.9
2022-11-12 00:00:00+00:00,1.868,1.87,1.683,1.696,3611097.5
2022-11-12 06:00:00+00:00,1.696,1.758,1.67,1.716,5648684.4
2022-11-12 12:00:00+00:00,1.717,1.729,1.595,1.618,17328973.4
2022-11-12 18:00:00+00:00,1.617,1.618,1.596,1.614,6009006.0
2022-11-13 00:00:00+00:00,1.614,1.71,1.598,1.699,5641553.8
2022-11-13 06:00:00+00:00,1.698,1.718,1.579,1.64,7642968.1
2022-11-13 12:00:00+00:00,1.639,1.654,1.594,1.615,5496505.3
2022-11-13 18:00:00+00:00,1.616,1.62,1.542,1.571,5223571.6
2022-11-14 00:00:00+00:00,1.572,1.643,1.533,1.57,6832030.7
2022-11-14 06:00:00+00:00,1.571,1.693,1.568,1.653,5263864.6
2022-11-14 12:00:00+00:00,1.651,1.694,1.591,1.665,6440930.4
2022-11-14 18:00:00+00:00,1.665,1.878,1.663,1.813,20504207.3
2022-11-15 00:00:00+00:00,1.813,1.857,1.734,1.744,8791610.7
2022-11-15 06:00:00+00:00,1.743,1.828,1.736,1.81,5800450.6
2022-11-15 12:00:00+00:00,1.81,1.862,1.787,1.831,8330521.6
2022-11-15 18:00:00+00:00,1.831,1.833,1.746,1.793,4656427.0
2022-11-16 00:00:00+00:00,1.793,1.815,1.763,1.791,2750691.9
2022-11-16 06:00:00+00:00,1.79,1.798,1.738,1.779,3051464.4
2022-11-16 12:00:00+00:00,1.778,1.865,1.718,1.815,11707525.3
2022-11-16 18:00:00+00:00,1.815,1.853,1.781,1.793,6621567.2
2022-11-17 00:00:00+00:00,1.794,1.826,1.745,1.808,4283475.9
2022-11-17 06:00:00+00:00,1.808,1.828,1.76,1.774,3922740.7
2022-11-17 12:00:00+00:00,1.774,1.782,1.702,1.721,6417683.1
2022-11-17 18:00:00+00:00,1.721,1.747,1.71,1.722,3556436.1
2022-11-18 00:00:00+00:00,1.722,1.757,1.72,1.742,1829845.2
2022-11-18 06:00:00+00:00,1.742,1.744,1.711,1.721,2160797.2
2022-11-18 12:00:00+00:00,1.72,1.744,1.7,1.717,2442238.0
2022-11-18 18:00:00+00:00,1.716,1.763,1.713,1.751,3114167.0
2022-11-19 00:00:00+00:00,1.752,1.755,1.693,1.707,2029809.2
2022-11-19 06:00:00+00:00,1.707,1.724,1.694,1.723,1359885.1
2022-11-19 12:00:00+00:00,1.723,1.749,1.717,1.736,1795350.9
2022-11-19 18:00:00+00:00,1.735,1.757,1.729,1.745,1265666.2
2022-11-20 00:00:00+00:00,1.745,1.773,1.735,1.762,1507283.5
2022-11-20 06:00:00+00:00,1.762,1.795,1.713,1.723,3331810.9
2022-11-20 12:00:00+00:00,1.723,1.749,1.714,1.725,1915831.7
2022-11-20 18:00:00+00:00,1.725,1.743,1.656,1.665,3080559.3
2022-11-21 00:00:00+00:00,1.664,1.685,1.591,1.628,3436370.0
2022-11-21 06:00:00+00:00,1.628,1.644,1.576,1.596,4609521.8
2022-11-21 12:00:00+00:00,1.596,1.623,1.584,1.588,2765123.9
2022-11-21 18:00:00+00:00,1.588,1.608,1.544,1.592,3700706.2
2022-11-22 00:00:00+00:00,1.592,1.624,1.587,1.615,1828177.9
2022-11-22 06:00:00+00:00,1.615,1.62,1.563,1.581,2114555.4
2022-11-22 12:00:00+00:00,1.581,1.668,1.569,1.652,4272778.5
2022-11-22 18:00:00+00:00,1.651,1.699,1.648,1.689,2925093.4
2022-11-23 00:00:00+00:00,1.689,1.757,1.665,1.702,5368546.1
2022-11-23 06:00:00+00:00,1.702,1.735,1.688,1.725,2463494.9
2022-11-23 12:00:00+00:00,1.726,1.752,1.705,1.73,3263317.4
2022-11-23 18:00:00+00:00,1.729,1.757,1.718,1.732,2169503.0
2022-11-24 00:00:00+00:00,1.731,1.765,1.719,1.74,2248106.3
2022-11-24 06:00:00+00:00,1.74,1.814,1.727,1.739,5195481.2
2022-11-24 12:00:00+00:00,1.74,1.785,1.713,1.744,4482912.8
2022-11-24 18:00:00+00:00,1.745,1.748,1.72,1.726,1272008.5
2022-11-25 00:00:00+00:00,1.725,1.732,1.65,1.656,2437162.6
2022-11-25 06:00:00+00:00,1.655,1.701,1.649,1.686,2781635.7
2022-11-25 12:00:00+00:00,1.686,1.696,1.653,1.686,7837431.2
2022-11-25 18:00:00+00:00,1.686,1.705,1.677,1.703,2348922.4
2022-11-26 00:00:00+00:00,1.703,1.773,1.699,1.762,3893092.3
2022-11-26 06:00:00+00:00,1.762,1.763,1.715,1.721,2232904.3
2022-11-26 12:00:00+00:00,1.722,1.733,1.691,1.695,3283584.9
2022-11-26 18:00:00+00:00,1.694,1.695,1.636,1.659,2686665.5
2022-11-27 00:00:00+00:00,1.659,1.69,1.657,1.678,1590939.7
2022-11-27 06:00:00+00:00,1.678,1.693,1.667,1.685,2385516.1
2022-11-27 12:00:00+00:00,1.685,1.715,1.68,1.71,1801683.4
2022-11-27 18:00:00+00:00,1.711,1.711,1.645,1.67,2555945.8
2022-11-28 00:00:00+00:00,1.67,1.687,1.599,1.664,4657747.1
2022-11-28 06:00:00+00:00,1.665,1.674,1.641,1.657,2305127.2
2022-11-28 12:00:00+00:00,1.658,1.692,1.621,1.684,3669372.1
2022-11-28 18:00:00+00:00,1.685,1.685,1.652,1.655,1759655.4
2022-11-29 00:00:00+00:00,1.655,1.682,1.631,1.671,2719875.7
2022-11-29 06:00:00+00:00,1.671,1.702,1.664,1.665,2345296.2
2022-11-29 12:00:00+00:00,1.666,1.688,1.633,1.647,3289633.7
2022-11-29 18:00:00+00:00,1.647,1.652,1.624,1.64,2082024.2
2022-11-30 00:00:00+00:00,1.64,1.711,1.64,1.684,3704136.2
2022-11-30 06:00:00+00:00,1.684,1.703,1.675,1.697,2028929.8
2022-11-30 12:00:00+00:00,1.697,1.715,1.666,1.678,3812211.9
2022-11-30 18:00:00+00:00,1.678,1.745,1.668,1.731,3834943.3
2022-12-01 00:00:00+00:00,1.731,1.775,1.728,1.743,3214568.5
2022-12-01 06:00:00+00:00,1.744,1.748,1.718,1.744,2679536.8
2022-12-01 12:00:00+00:00,1.744,1.764,1.708,1.727,4894935.2
2022-12-01 18:00:00+00:00,1.726,1.734,1.707,1.717,1780136.0
2022-12-02 00:00:00+00:00,1.717,1.734,1.69,1.705,2533655.2
2022-12-02 06:00:00+00:00,1.704,1.736,1.697,1.721,1879532.1
2022-12-02 12:00:00+00:00,1.721,1.747,1.688,1.745,4942304.3
2022-12-02 18:00:00+00:00,1.745,1.809,1.731,1.792,4446957.6
2022-12-03 00:00:00+00:00,1.792,1.792,1.748,1.751,2089913.8
2022-12-03 06:00:00+00:00,1.75,1.755,1.726,1.748,2139707.0
2022-12-03 12:00:00+00:00,1.748,1.757,1.731,1.733,1194969.7
2022-12-03 18:00:00+00:00,1.732,1.744,1.698,1.709,1378758.3
2022-12-04 00:00:00+00:00,1.71,1.762,1.709,1.752,1896102.2
2022-12-04 06:00:00+00:00,1.753,1.757,1.722,1.727,1002481.2
2022-12-04 12:00:00+00:00,1.728,1.768,1.715,1.766,2214346.4
2022-12-04 18:00:00+00:00,1.766,1.772,1.749,1.762,1881808.3
2022-12-05 00:00:00+00:00,1.762,1.832,1.753,1.817,3281408.3
2022-12-05 06:00:00+00:00,1.817,1.846,1.799,1.827,3817073.1
2022-12-05 12:00:00+00:00,1.826,1.914,1.801,1.836,13053957.3
2022-12-05 18:00:00+00:00,1.836,1.925,1.828,1.916,11491899.4
2022-12-06 00:00:00+00:00,1.917,2.01,1.872,1.954,20109029.5
2022-12-06 06:00:00+00:00,1.954,1.97,1.907,1.917,13062748.5
2022-12-06 12:00:00+00:00,1.918,1.925,1.878,1.89,8631850.0
2022-12-06 18:00:00+00:00,1.89,1.933,1.876,1.896,4855230.3
2022-12-07 00:00:00+00:00,1.895,1.942,1.885,1.903,3818914.0
2022-12-07 06:00:00+00:00,1.903,1.969,1.839,1.967,14291288.3
2022-12-07 12:00:00+00:00,1.967,2.017,1.929,1.99,27417844.6
2022-12-07 18:00:00+00:00,1.99,1.991,1.951,1.966,8060648.7
2022-12-08 00:00:00+00:00,1.965,1.985,1.933,1.94,7087594.6
2022-12-08 06:00:00+00:00,1.939,1.972,1.925,1.956,6648093.4
2022-12-08 12:00:00+00:00,1.956,1.97,1.909,1.914,6606038.3
2022-12-08 18:00:00+00:00,1.914,1.977,1.908,1.93,5471280.5
2022-12-09 00:00:00+00:00,1.93,1.977,1.868,1.875,7472646.7
2022-12-09 06:00:00+00:00,1.874,1.924,1.873,1.898,4676578.2
2022-12-09 12:00:00+00:00,1.899,1.957,1.872,1.9,7743987.5
2022-12-09 18:00:00+00:00,1.899,1.911,1.87,1.894,5637303.2
2022-12-10 00:00:00+00:00,1.893,1.927,1.892,1.896,2766403.2
2022-12-10 06:00:00+00:00,1.897,1.917,1.887,1.908,1941822.6
2022-12-10 12:00:00+00:00,1.909,1.922,1.885,1.893,4241190.6
2022-12-10 18:00:00+00:00,1.893,1.92,1.892,1.917,1840134.2
2022-12-11 00:00:00+00:00,1.917,1.94,1.913,1.934,1678836.3
2022-12-11 06:00:00+00:00,1.933,1.959,1.928,1.942,3292767.8
2022-12-11 12:00:00+00:00,1.943,1.964,1.929,1.955,3104765.3
2022-12-11 18:00:00+00:00,1.956,1.98,1.923,1.928,4954362.0
2022-12-12 00:00:00+00:00,1.927,1.93,1.82,1.829,5402200.5
2022-12-12 06:00:00+00:00,1.83,1.848,1.82,1.844,2887544.3
2022-12-12 12:00:00+00:00,1.843,1.932,1.818,1.901,11830706.7
2022-12-12 18:00:00+00:00,1.902,1.906,1.874,1.882,3352419.4
2022-12-13 00:00:00+00:00,1.883,1.89,1.852,1.859,2348482.4
2022-12-13 06:00:00+00:00,1.858,1.873,1.811,1.841,6674582.4
2022-12-13 12:00:00+00:00,1.841,1.903,1.804,1.835,6505159.0
2022-12-13 18:00:00+00:00,1.835,1.861,1.828,1.861,2036314.2
2022-12-14 00:00:00+00:00,1.86,1.9,1.858,1.895,1894358.5
2022-12-14 06:00:00+00:00,1.895,1.929,1.884,1.896,2664851.4
2022-12-14 12:00:00+00:00,1.895,1.911,1.881,1.883,2197116.1
2022-12-14 18:00:00+00:00,1.883,1.899,1.828,1.866,3727537.7
2022-12-15 00:00:00+00:00,1.867,1.88,1.833,1.869,2298393.7
2022-12-15 06:00:00+00:00,1.869,1.88,1.842,1.852,1556333.7
2022-12-15 12:00:00+00:00,1.852,1.852,1.818,1.826,2102514.1
2022-12-15 18:00:00+00:00,1.826,1.833,1.796,1.807,1879991.4
2022-12-16 00:00:00+00:00,1.808,1.823,1.795,1.808,1925802.7
2022-12-16 06:00:00+00:00,1.809,1.821,1.675,1.691,6932606.2
2022-12-16 12:00:00+00:00,1.691,1.704,1.642,1.642,4993415.1
2022-12-16 18:00:00+00:00,1.642,1.654,1.519,1.544,8462641.1
2022-12-17 00:00:00+00:00,1.543,1.573,1.507,1.561,3462291.7
2022-12-17 06:00:00+00:00,1.56,1.592,1.552,1.565,2265054.3
2022-12-17 12:00:00+00:00,1.565,1.581,1.547,1.577,2185256.3
2022-12-17 18:00:00+00:00,1.577,1.61,1.567,1.603,2933705.7
2022-12-18 00:00:00+00:00,1.603,1.614,1.588,1.607,1521733.2
2022-12-18 06:00:00+00:00,1.607,1.624,1.592,1.602,3279629.6
2022-12-18 12:00:00+00:00,1.602,1.603,1.588,1.595,1641798.0
2022-12-18 18:00:00+00:00,1.596,1.625,1.596,1.611,3109008.0
2022-12-19 00:00:00+00:00,1.611,1.632,1.572,1.595,3224270.5
2022-12-19 06:00:00+00:00,1.596,1.637,1.588,1.629,2637239.1
2022-12-19 12:00:00+00:00,1.629,1.633,1.561,1.565,3871803.0
2022-12-19 18:00:00+00:00,1.566,1.575,1.506,1.533,3910946.7
2022-12-20 00:00:00+00:00,1.533,1.635,1.528,1.608,4174646.4
2022-12-20 06:00:00+00:00,1.608,1.619,1.593,1.609,2542924.3
2022-12-20 12:00:00+00:00,1.609,1.651,1.604,1.609,4490054.8
2022-12-20 18:00:00+00:00,1.61,1.628,1.607,1.617,2095079.7
2022-12-21 00:00:00+00:00,1.617,1.62,1.571,1.586,2756490.6
2022-12-21 06:00:00+00:00,1.585,1.608,1.581,1.599,2315569.1
2022-12-21 12:00:00+00:00,1.6,1.602,1.572,1.58,2248043.5
2022-12-21 18:00:00+00:00,1.581,1.581,1.538,1.546,2447820.9
2022-12-22 00:00:00+00:00,1.545,1.558,1.532,1.546,2332391.2
2022-12-22 06:00:00+00:00,1.546,1.574,1.532,1.573,3441293.8
2022-12-22 12:00:00+00:00,1.573,1.575,1.523,1.531,2892001.5
2022-12-22 18:00:00+00:00,1.53,1.576,1.527,1.569,2321274.2
2022-12-23 00:00:00+00:00,1.569,1.593,1.562,1.579,2227400.2
2022-12-23 06:00:00+00:00,1.58,1.583,1.564,1.569,1968306.6
2022-12-23 12:00:00+00:00,1.57,1.583,1.55,1.56,2433617.7
2022-12-23 18:00:00+00:00,1.56,1.562,1.536,1.54,1557022.4
2022-12-24 00:00:00+00:00,1.54,1.543,1.526,1.538,2016021.5
2022-12-24 06:00:00+00:00,1.537,1.544,1.514,1.523,2897944.3
2022-12-24 12:00:00+00:00,1.524,1.537,1.52,1.533,1341292.6
2022-12-24 18:00:00+00:00,1.534,1.535,1.509,1.515,2898587.9
2022-12-25 00:00:00+00:00,1.515,1.516,1.494,1.499,2273659.0
2022-12-25 06:00:00+00:00,1.499,1.503,1.469,1.48,4496349.3
2022-12-25 12:00:00+00:00,1.479,1.485,1.45,1.455,4221189.1
2022-12-25 18:00:00+00:00,1.454,1.481,1.451,1.478,3598280.5
2022-12-26 00:00:00+00:00,1.478,1.504,1.473,1.483,2252845.9
2022-12-26 06:00:00+00:00,1.483,1.486,1.445,1.458,4602074.4
2022-12-26 12:00:00+00:00,1.458,1.463,1.446,1.451,2532782.2
2022-12-26 18:00:00+00:00,1.45,1.483,1.446,1.481,3074443.3
2022-12-27 00:00:00+00:00,1.48,1.492,1.469,1.482,2603609.7
2022-12-27 06:00:00+00:00,1.483,1.494,1.47,1.487,2893249.1
2022-12-27 12:00:00+00:00,1.487,1.524,1.456,1.474,6391388.5
2022-12-27 18:00:00+00:00,1.473,1.491,1.459,1.489,2449251.3
2022-12-28 00:00:00+00:00,1.49,1.502,1.444,1.46,4122480.2
2022-12-28 06:00:00+00:00,1.46,1.463,1.446,1.459,2907127.8
2022-12-28 12:00:00+00:00,1.459,1.48,1.453,1.473,4315436.9
2022-12-28 18:00:00+00:00,1.473,1.48,1.423,1.44,3628653.1
2022-12-29 00:00:00+00:00,1.441,1.46,1.431,1.452,2711871.4
2022-12-29 06:00:00+00:00,1.451,1.451,1.425,1.44,2420187.2
2022-12-29 12:00:00+00:00,1.441,1.448,1.429,1.443,2455481.6
2022-12-29 18:00:00+00:00,1.444,1.449,1.396,1.428,4373555.7
2022-12-30 00:00:00+00:00,1.428,1.442,1.414,1.421,2239509.1
2022-12-30 06:00:00+00:00,1.42,1.425,1.395,1.422,2543736.8
2022-12-30 12:00:00+00:00,1.423,1.445,1.41,1.442,3398649.1
2022-12-30 18:00:00+00:00,1.443,1.457,1.438,1.452,2060739.3
2022-12-31 00:00:00+00:00,1.452,1.453,1.439,1.44,1065553.6
2022-12-31 06:00:00+00:00,1.441,1.47,1.44,1.469,1914704.7
2022-12-31 12:00:00+00:00,1.468,1.482,1.453,1.454,2301013.3
2022-12-31 18:00:00+00:00,1.455,1.462,1.434,1.436,1544247.7
2023-01-01 00:00:00+00:00,1.437,1.448,1.429,1.436,1375633.1
2023-01-01 06:00:00+00:00,1.436,1.441,1.425,1.438,1073071.5
2023-01-01 12:00:00+00:00,1.438,1.473,1.438,1.467,2857237.4
2023-01-01 18:00:00+00:00,1.466,1.477,1.459,1.476,1691969.2
2023-01-02 00:00:00+00:00,1.475,1.478,1.448,1.455,2470652.7
2023-01-02 06:00:00+00:00,1.454,1.511,1.452,1.495,4175001.5
2023-01-02 12:00:00+00:00,1.494,1.51,1.49,1.501,1932846.5
2023-01-02 18:00:00+00:00,1.501,1.531,1.499,1.508,2207285.0
2023-01-03 00:00:00+00:00,1.509,1.518,1.5,1.516,1426420.2
2023-01-03 06:00:00+00:00,1.516,1.542,1.514,1.523,2304855.5
2023-01-03 12:00:00+00:00,1.522,1.538,1.497,1.503,2799385.7
2023-01-03 18:00:00+00:00,1.503,1.532,1.5,1.529,1127051.6
2023-01-04 00:00:00+00:00,1.529,1.599,1.516,1.599,3612575.9
2023-01-04 06:00:00+00:00,1.598,1.607,1.581,1.588,2380075.1
2023-01-04 12:00:00+00:00,1.588,1.648,1.587,1.627,5832669.5
2023-01-04 18:00:00+00:00,1.626,1.638,1.573,1.603,3624634.5
2023-01-05 00:00:00+00:00,1.603,1.619,1.574,1.589,2795280.0
2023-01-05 06:00:00+00:00,1.589,1.59,1.545,1.553,3987528.0
2023-01-05 12:00:00+00:00,1.553,1.603,1.534,1.588,4308667.7
2023-01-05 18:00:00+00:00,1.588,1.588,1.527,1.538,3705123.8
2023-01-06 00:00:00+00:00,1.537,1.59,1.535,1.547,4313353.1
2023-01-06 06:00:00+00:00,1.547,1.555,1.528,1.538,3289315.7
2023-01-06 12:00:00+00:00,1.538,1.627,1.522,1.605,6962775.1
2023-01-06 18:00:00+00:00,1.605,1.639,1.602,1.626,3783095.9
2023-01-07 00:00:00+00:00,1.626,1.674,1.617,1.63,2856463.1
2023-01-07 06:00:00+00:00,1.63,1.642,1.615,1.625,1371855.9
2023-01-07 12:00:00+00:00,1.624,1.755,1.617,1.716,23049501.1
2023-01-07 18:00:00+00:00,1.715,1.722,1.678,1.68,4112419.1
2023-01-08 00:00:00+00:00,1.681,1.687,1.642,1.657,3973918.2
2023-01-08 06:00:00+00:00,1.658,1.689,1.657,1.658,3414690.1
2023-01-08 12:00:00+00:00,1.658,1.696,1.652,1.673,4150869.1
2023-01-08 18:00:00+00:00,1.673,1.774,1.672,1.765,5955304.4
2023-01-09 00:00:00+00:00,1.765,1.795,1.736,1.768,5062190.1
2023-01-09 06:00:00+00:00,1.768,1.825,1.768,1.797,4577346.2
2023-01-09 12:00:00+00:00,1.796,1.834,1.758,1.804,6051667.2
2023-01-09 18:00:00+00:00,1.804,1.819,1.742,1.762,4043160.5
2023-01-10 00:00:00+00:00,1.761,1.807,1.733,1.789,3338153.9
2023-01-10 06:00:00+00:00,1.79,1.796,1.771,1.782,2224953.0
2023-01-10 12:00:00+00:00,1.781,1.809,1.757,1.798,2898209.3
2023-01-10 18:00:00+00:00,1.798,1.806,1.77,1.78,2220453.9
2023-01-11 00:00:00+00:00,1.779,1.795,1.751,1.769,2041518.8
2023-01-11 06:00:00+00:00,1.77,1.784,1.75,1.755,1458577.1
2023-01-11 12:00:00+00:00,1.755,1.755,1.701,1.707,2833654.8
2023-01-11 18:00:00+00:00,1.706,1.82,1.705,1.815,3960737.0
2023-01-12 00:00:00+00:00,1.815,1.85,1.792,1.793,3784920.9
2023-01-12 06:00:00+00:00,1.793,1.837,1.768,1.784,3867555.5
2023-01-12 12:00:00+00:00,1.783,1.823,1.73,1.814,5516079.9
2023-01-12 18:00:00+00:00,1.814,1.836,1.796,1.823,2766192.7
2023-01-13 00:00:00+00:00,1.822,1.872,1.802,1.86,2858283.1
2023-01-13 06:00:00+00:00,1.859,1.867,1.832,1.835,3306763.5
2023-01-13 12:00:00+00:00,1.836,1.885,1.798,1.861,4350732.1
2023-01-13 18:00:00+00:00,1.861,1.943,1.848,1.922,5446010.9
2023-01-14 00:00:00+00:00,1.922,2.007,1.921,1.986,6028835.7
2023-01-14 06:00:00+00:00,1.987,2.341,1.983,2.181,27337761.7
2023-01-14 12:00:00+00:00,2.18,2.18,2.04,2.063,7793097.7
2023-01-14 18:00:00+00:00,2.064,2.116,2.029,2.1,3273042.9
2023-01-15 00:00:00+00:00,2.1,2.107,2.018,2.056,3695982.3
2023-01-15 06:00:00+00:00,2.056,2.172,1.994,2.153,6241483.7
2023-01-15 12:00:00+00:00,2.154,2.259,2.136,2.156,10404036.5
2023-01-15 18:00:00+00:00,2.156,2.22,2.121,2.172,4824028.8
2023-01-16 00:00:00+00:00,2.173,2.314,2.127,2.291,4768838.7
2023-01-16 06:00:00+00:00,2.29,2.315,2.085,2.161,6746943.5
2023-01-16 12:00:00+00:00,2.161,2.198,2.099,2.168,4307404.9
2023-01-16 18:00:00+00:00,2.169,2.171,2.107,2.126,2529079.7
2023-01-17 00:00:00+00:00,2.125,2.178,2.084,2.174,3577362.7
2023-01-17 06:00:00+00:00,2.174,2.277,2.157,2.258,3982475.8
2023-01-17 12:00:00+00:00,2.258,2.396,2.218,2.291,15557875.3
2023-01-17 18:00:00+00:00,2.29,2.325,2.214,2.221,3807034.0
2023-01-18 00:00:00+00:00,2.222,2.291,2.209,2.255,3476326.5
2023-01-18 06:00:00+00:00,2.256,2.258,2.187,2.246,2911451.9
2023-01-18 12:00:00+00:00,2.245,2.31,2.018,2.095,10327270.0
2023-01-18 18:00:00+00:00,2.096,2.116,2.044,2.056,3684384.0
2023-01-19 00:00:00+00:00,2.055,2.162,2.049,2.138,3249706.6
2023-01-19 06:00:00+00:00,2.138,2.147,2.1,2.115,2010767.4
2023-01-19 12:00:00+00:00,2.115,2.168,2.081,2.131,3250779.7
2023-01-19 18:00:00+00:00,2.132,2.397,2.125,2.258,19258916.3
2023-01-20 00:00:00+00:00,2.258,2.465,2.222,2.403,13811889.5
2023-01-20 06:00:00+00:00,2.403,2.45,2.33,2.382,24980766.6
2023-01-20 12:00:00+00:00,2.383,2.463,2.345,2.435,21906437.7
2023-01-20 18:00:00+00:00,2.435,2.745,2.411,2.592,23820700.7
2023-01-21 00:00:00+00:00,2.591,2.644,2.561,2.618,6650104.7
2023-01-21 06:00:00+00:00,2.618,2.677,2.52,2.592,8262978.4
2023-01-21 12:00:00+00:00,2.591,2.623,2.53,2.577,5321531.9
2023-01-21 18:00:00+00:00,2.577,2.637,2.52,2.542,4033943.9
2023-01-22 00:00:00+00:00,2.542,2.643,2.542,2.607,3262656.9
2023-01-22 06:00:00+00:00,2.607,2.634,2.567,2.573,2589653.2
2023-01-22 12:00:00+00:00,2.573,2.671,2.552,2.629,5641706.4
2023-01-22 18:00:00+00:00,2.628,2.631,2.48,2.598,4791742.3
2023-01-23 00:00:00+00:00,2.597,2.683,2.581,2.595,3693433.9
2023-01-23 06:00:00+00:00,2.595,2.61,2.553,2.602,2336011.9
2023-01-23 12:00:00+00:00,2.601,2.609,2.51,2.538,5696782.3
2023-01-23 18:00:00+00:00,2.537,2.577,2.523,2.571,2744320.8
2023-01-24 00:00:00+00:00,2.571,2.631,2.544,2.574,2928013.6
2023-01-24 06:00:00+00:00,2.573,2.591,2.524,2.539,2804637.6
2023-01-24 12:00:00+00:00,2.539,2.568,2.458,2.492,3848958.0
2023-01-24 18:00:00+00:00,2.491,2.503,2.257,2.332,5686049.7
2023-01-25 00:00:00+00:00,2.332,2.356,2.277,2.328,4133393.8
2023-01-25 06:00:00+00:00,2.328,2.368,2.304,2.326,3393716.3
2023-01-25 12:00:00+00:00,2.325,2.467,2.321,2.439,9600548.1
2023-01-25 18:00:00+00:00,2.438,2.566,2.406,2.471,4885304.1
2023-01-26 00:00:00+00:00,2.472,2.497,2.445,2.486,2312588.9
2023-01-26 06:00:00+00:00,2.487,2.497,2.411,2.432,2299288.9
2023-01-26 12:00:00+00:00,2.431,2.452,2.348,2.376,5242615.7
2023-01-26 18:00:00+00:00,2.377,2.416,2.361,2.41,2453117.0
2023-01-27 00:00:00+00:00,2.409,2.425,2.317,2.379,2766382.8
2023-01-27 06:00:00+00:00,2.379,2.633,2.371,2.516,5574866.2
2023-01-27 12:00:00+00:00,2.516,2.563,2.464,2.534,7847392.1
2023-01-27 18:00:00+00:00,2.533,2.572,2.515,2.544,3259037.0
2023-01-28 00:00:00+00:00,2.544,2.577,2.484,2.509,2163534.5
2023-01-28 06:00:00+00:00,2.51,2.515,2.446,2.467,1764310.1
2023-01-28 12:00:00+00:00,2.466,2.471,2.42,2.457,2647638.9
2023-01-28 18:00:00+00:00,2.458,2.47,2.426,2.449,2037632.5
2023-01-29 00:00:00+00:00,2.448,2.506,2.421,2.47,2326635.8
2023-01-29 06:00:00+00:00,2.469,2.484,2.422,2.46,2808481.7
2023-01-29 12:00:00+00:00,2.46,2.466,2.425,2.449,2353984.5
2023-01-29 18:00:00+00:00,2.449,2.492,2.437,2.486,3056851.8
2023-01-30 00:00:00+00:00,2.486,2.509,2.429,2.46,2410666.0
2023-01-30 06:00:00+00:00,2.459,2.461,2.28,2.295,5664535.5
2023-01-30 12:00:00+00:00,2.296,2.329,2.265,2.289,3676250.7
2023-01-30 18:00:00+00:00,2.29,2.296,2.18,2.286,5437931.3
2023-01-31 00:00:00+00:00,2.287,2.303,2.265,2.277,2250895.7
2023-01-31 06:00:00+00:00,2.276,2.337,2.258,2.286,3112477.5
2023-01-31 12:00:00+00:00,2.287,2.353,2.268,2.347,3238366.7
2023-01-31 18:00:00+00:00,2.347,2.348,2.247,2.302,3148946.9
2023-02-01 00:00:00+00:00,2.301,2.333,2.278,2.321,2220345.9
2023-02-01 06:00:00+00:00,2.321,2.33,2.23,2.272,2619698.4
2023-02-01 12:00:00+00:00,2.272,2.286,2.187,2.217,3453130.8
2023-02-01 18:00:00+00:00,2.216,2.737,2.205,2.67,22550961.3
2023-02-02 00:00:00+00:00,2.669,2.756,2.615,2.712,9585605.8
2023-02-02 06:00:00+00:00,2.711,2.711,2.611,2.651,5774204.4
2023-02-02 12:00:00+00:00,2.65,2.705,2.562,2.683,11612782.7
2023-02-02 18:00:00+00:00,2.682,2.703,2.494,2.512,9869480.0
2023-02-03 00:00:00+00:00,2.512,2.535,2.463,2.529,4156997.2
2023-02-03 06:00:00+00:00,2.529,2.569,2.453,2.566,4037642.4
2023-02-03 12:00:00+00:00,2.565,2.661,2.488,2.606,7425865.9
2023-02-03 18:00:00+00:00,2.606,2.609,2.502,2.565,3787220.9
2023-02-04 00:00:00+00:00,2.566,2.595,2.519,2.538,1921407.6
2023-02-04 06:00:00+00:00,2.538,2.822,2.527,2.729,12531434.4
2023-02-04 12:00:00+00:00,2.728,2.904,2.701,2.777,15716246.0
2023-02-04 18:00:00+00:00,2.777,2.778,2.669,2.711,6783181.8
2023-02-05 00:00:00+00:00,2.711,2.726,2.665,2.677,3623464.9
2023-02-05 06:00:00+00:00,2.678,2.762,2.656,2.698,4412107.2
2023-02-05 12:00:00+00:00,2.698,2.747,2.493,2.534,11836768.5
2023-02-05 18:00:00+00:00,2.533,2.57,2.495,2.56,3466560.5
2023-02-06 00:00:00+00:00,2.56,2.622,2.457,2.524,3408519.6
2023-02-06 06:00:00+00:00,2.525,2.569,2.487,2.547,3958042.9
2023-02-06 12:00:00+00:00,2.547,2.915,2.522,2.781,21178057.4
2023-02-06 18:00:00+00:00,2.781,2.832,2.713,2.786,10356090.7
2023-02-07 00:00:00+00:00,2.785,2.955,2.757,2.944,10877210.8
2023-02-07 06:00:00+00:00,2.943,2.959,2.779,2.865,12443028.8
2023-02-07 12:00:00+00:00,2.865,2.911,2.786,2.904,7627203.2
2023-02-07 18:00:00+00:00,2.904,2.958,2.807,2.923,6548215.2
2023-02-08 00:00:00+00:00,2.922,3.026,2.884,2.953,7894403.3
2023-02-08 06:00:00+00:00,2.952,2.974,2.817,2.86,3819002.4
2023-02-08 12:00:00+00:00,2.86,2.868,2.578,2.674,10172078.6
2023-02-08 18:00:00+00:00,2.674,2.69,2.614,2.688,3857083.1
2023-02-09 00:00:00+00:00,2.688,2.719,2.514,2.627,5933402.8
2023-02-09 06:00:00+00:00,2.627,2.67,2.602,2.633,3515834.9
2023-02-09 12:00:00+00:00,2.633,2.671,2.512,2.555,4852454.9
2023-02-09 18:00:00+00:00,2.555,2.584,2.282,2.376,8625188.1
2023-02-10 00:00:00+00:00,2.376,2.399,2.323,2.361,4597854.5
2023-02-10 06:00:00+00:00,2.361,2.432,2.356,2.384,3496457.2
2023-02-10 12:00:00+00:00,2.385,2.495,2.372,2.407,4874096.3
2023-02-10 18:00:00+00:00,2.406,2.461,2.327,2.393,2796512.6
2023-02-11 00:00:00+00:00,2.392,2.41,2.36,2.381,1541544.1
2023-02-11 06:00:00+00:00,2.38,2.415,2.362,2.396,1320151.3
2023-02-11 12:00:00+00:00,2.396,2.455,2.395,2.423,1972404.5
2023-02-11 18:00:00+00:00,2.423,2.455,2.395,2.442,1438619.0
2023-02-12 00:00:00+00:00,2.442,2.46,2.419,2.428,1189466.0
2023-02-12 06:00:00+00:00,2.428,2.455,2.406,2.432,1588363.7
2023-02-12 12:00:00+00:00,2.431,2.502,2.392,2.497,3971143.9
2023-02-12 18:00:00+00:00,2.497,2.508,2.309,2.352,3986063.3
2023-02-13 00:00:00+00:00,2.352,2.404,2.308,2.384,3128387.5
2023-02-13 06:00:00+00:00,2.385,2.399,2.218,2.298,4392337.9
2023-02-13 12:00:00+00:00,2.299,2.473,2.291,2.337,9496833.5
2023-02-13 18:00:00+00:00,2.336,2.413,2.334,2.399,3283828.1
2023-02-14 00:00:00+00:00,2.398,2.399,2.337,2.348,1826349.7
2023-02-14 06:00:00+00:00,2.348,2.388,2.326,2.348,2308393.9
2023-02-14 12:00:00+00:00,2.348,2.502,2.297,2.455,7905729.4
2023-02-14 18:00:00+00:00,2.454,2.504,2.452,2.488,3090174.2
2023-02-15 00:00:00+00:00,2.487,2.493,2.428,2.434,2101801.6
2023-02-15 06:00:00+00:00,2.434,2.491,2.426,2.485,2107992.1
2023-02-15 12:00:00+00:00,2.486,2.56,2.486,2.527,5455636.0
2023-02-15 18:00:00+00:00,2.526,2.748,2.506,2.735,7547094.9
2023-02-16 00:00:00+00:00,2.734,2.765,2.674,2.691,4058878.7
2023-02-16 06:00:00+00:00,2.691,2.705,2.627,2.652,2361906.7
2023-02-16 12:00:00+00:00,2.652,2.76,2.588,2.754,5888990.8
2023-02-16 18:00:00+00:00,2.755,2.763,2.4,2.439,9927973.3
2023-02-17 00:00:00+00:00,2.439,2.516,2.422,2.488,3985728.9
2023-02-17 06:00:00+00:00,2.488,2.585,2.484,2.54,3243533.6
2023-02-17 12:00:00+00:00,2.539,2.642,2.512,2.596,5863162.6
2023-02-17 18:00:00+00:00,2.597,2.67,2.556,2.622,3561842.5
2023-02-18 00:00:00+00:00,2.622,2.653,2.593,2.65,2564459.2
2023-02-18 06:00:00+00:00,2.649,2.649,2.54,2.579,2617487.3
2023-02-18 12:00:00+00:00,2.579,2.611,2.557,2.595,2157874.5
2023-02-18 18:00:00+00:00,2.595,2.632,2.574,2.6,1848359.3
2023-02-19 00:00:00+00:00,2.601,2.624,2.576,2.615,1999781.1
2023-02-19 06:00:00+00:00,2.615,2.661,2.564,2.65,2533500.2
2023-02-19 12:00:00+00:00,2.65,2.779,2.595,2.619,9027392.6
2023-02-19 18:00:00+00:00,2.619,2.654,2.57,2.615,3155982.0
2023-02-20 00:00:00+00:00,2.614,2.691,2.508,2.659,3706010.2
2023-02-20 06:00:00+00:00,2.659,2.821,2.642,2.768,7936969.4
2023-02-20 12:00:00+00:00,2.767,2.84,2.714,2.765,6517577.3
2023-02-20 18:00:00+00:00,2.765,2.784,2.728,2.763,2093537.6
2023-02-21 00:00:00+00:00,2.763,2.804,2.734,2.762,2490041.2
2023-02-21 06:00:00+00:00,2.761,2.817,2.611,2.618,4843356.7
2023-02-21 12:00:00+00:00,2.618,2.661,2.585,2.629,3635603.1
2023-02-21 18:00:00+00:00,2.628,2.647,2.54,2.612,2543684.2
2023-02-22 00:00:00+00:00,2.612,2.634,2.522,2.551,3003143.7
2023-02-22 06:00:00+00:00,2.551,2.558,2.445,2.49,3045953.9
2023-02-22 12:00:00+00:00,2.49,2.519,2.391,2.414,3616121.4
2023-02-22 18:00:00+00:00,2.413,2.511,2.412,2.505,4013776.3
2023-02-23 00:00:00+00:00,2.505,2.562,2.487,2.529,3356325.4
2023-02-23 06:00:00+00:00,2.53,2.555,2.441,2.465,4655414.0
2023-02-23 12:00:00+00:00,2.464,2.804,2.45,2.587,15361850.6
2023-02-23 18:00:00+00:00,2.587,2.636,2.553,2.619,2923161.1
2023-02-24 00:00:00+00:00,2.619,2.644,2.568,2.608,3666549.4
2023-02-24 06:00:00+00:00,2.608,2.794,2.595,2.674,15621093.8
2023-02-24 12:00:00+00:00,2.674,2.682,2.462,2.663,11490760.4
2023-02-24 18:00:00+00:00,2.664,2.771,2.59,2.642,9998855.5
2023-02-25 00:00:00+00:00,2.642,2.698,2.481,2.496,6023649.9
2023-02-25 06:00:00+00:00,2.496,2.603,2.496,2.546,2958350.7
2023-02-25 12:00:00+00:00,2.546,2.577,2.5,2.532,2776410.2
2023-02-25 18:00:00+00:00,2.532,2.533,2.396,2.468,4362417.2
2023-02-26 00:00:00+00:00,2.467,2.567,2.418,2.486,3201528.2
2023-02-26 06:00:00+00:00,2.486,2.509,2.474,2.501,1348541.5
2023-02-26 12:00:00+00:00,2.501,2.554,2.466,2.55,2315063.9
2023-02-26 18:00:00+00:00,2.55,2.684,2.542,2.671,3717102.4
2023-02-27 00:00:00+00:00,2.671,2.689,2.596,2.603,2451248.2
2023-02-27 06:00:00+00:00,2.603,2.653,2.585,2.645,2979751.2
2023-02-27 12:00:00+00:00,2.646,2.819,2.629,2.782,12480914.2
2023-02-27 18:00:00+00:00,2.782,2.835,2.666,2.821,8328962.2
2023-02-28 00:00:00+00:00,2.82,2.969,2.778,2.865,14152656.1
2023-02-28 06:00:00+00:00,2.866,2.882,2.784,2.833,8264049.9
2023-02-28 12:00:00+00:00,2.835,2.95,2.831,2.879,12138857.9
2023-02-28 18:00:00+00:00,2.879,2.93,2.765,2.782,8242697.9
2023-03-01 00:00:00+00:00,2.782,2.902,2.756,2.844,6069217.6
2023-03-01 06:00:00+00:00,2.843,3.005,2.828,2.993,8900766.5
2023-03-01 12:00:00+00:00,2.993,3.06,2.939,3.016,11053573.1
2023-03-01 18:00:00+00:00,3.016,3.043,2.953,3.031,5206677.4
2023-03-02 00:00:00+00:00,3.031,3.048,2.84,2.858,5651838.6
2023-03-02 06:00:00+00:00,2.858,2.906,2.812,2.847,5246180.3
2023-03-02 12:00:00+00:00,2.847,2.912,2.775,2.848,9171865.7
2023-03-02 18:00:00+00:00,2.849,2.927,2.849,2.893,4891566.1
2023-03-03 00:00:00+00:00,2.894,2.911,2.552,2.618,9360772.7
2023-03-03 06:00:00+00:00,2.618,2.809,2.616,2.801,5012341.0
2023-03-03 12:00:00+00:00,2.8,2.895,2.76,2.847,14058418.9
2023-03-03 18:00:00+00:00,2.848,2.915,2.772,2.875,9171664.5
2023-03-04 00:00:00+00:00,2.875,2.995,2.859,2.914,16571745.6
2023-03-04 06:00:00+00:00,2.914,2.98,2.88,2.97,23129043.8
2023-03-04 12:00:00+00:00,2.97,3.044,2.917,2.931,28053656.0
2023-03-04 18:00:00+00:00,2.931,2.97,2.757,2.873,25948232.9
2023-03-05 00:00:00+00:00,2.872,3.029,2.857,3.008,17488966.4
2023-03-05 06:00:00+00:00,3.007,3.379,2.968,3.151,40296241.0
2023-03-05 12:00:00+00:00,3.15,3.271,3.111,3.129,27839160.9
2023-03-05 18:00:00+00:00,3.13,3.184,3.076,3.109,13345019.9
2023-03-06 00:00:00+00:00,3.109,3.147,3.043,3.135,17483643.1
2023-03-06 06:00:00+00:00,3.136,3.27,3.124,3.212,29134002.0
2023-03-06 12:00:00+00:00,3.211,3.3,3.16,3.175,22955502.8
2023-03-06 18:00:00+00:00,3.175,3.181,3.104,3.114,10962277.4
2023-03-07 00:00:00+00:00,3.115,3.155,3.06,3.084,10221644.8
2023-03-07 06:00:00+00:00,3.084,3.086,2.907,2.911,15058093.8
2023-03-07 12:00:00+00:00,2.91,3.04,2.877,2.96,24870507.4
2023-03-07 18:00:00+00:00,2.959,2.977,2.801,2.926,14560550.7
2023-03-08 00:00:00+00:00,2.925,2.951,2.81,2.847,9248632.7
2023-03-08 06:00:00+00:00,2.848,2.892,2.777,2.789,10228576.0
2023-03-08 12:00:00+00:00,2.789,2.796,2.675,2.683,14786672.1
2023-03-08 18:00:00+00:00,2.684,2.693,2.55,2.604,12046719.0
2023-03-09 00:00:00+00:00,2.604,2.613,2.507,2.513,9396892.0
2023-03-09 06:00:00+00:00,2.512,2.581,2.487,2.516,11631822.2
2023-03-09 12:00:00+00:00,2.515,2.613,2.447,2.543,18765190.3
2023-03-09 18:00:00+00:00,2.544,2.551,2.26,2.364,24601309.6
2023-03-10 00:00:00+00:00,2.364,2.374,2.196,2.267,13674345.2
2023-03-10 06:00:00+00:00,2.267,2.281,2.097,2.138,17417466.5
2023-03-10 12:00:00+00:00,2.137,2.251,2.092,2.214,23753344.3
2023-03-10 18:00:00+00:00,2.214,2.262,2.157,2.238,9930413.1
2023-03-11 00:00:00+00:00,2.238,2.308,2.164,2.19,12275322.2
2023-03-11 06:00:00+00:00,2.189,2.192,2.014,2.066,17613687.7
2023-03-11 12:00:00+00:00,2.065,2.09,1.984,2.066,11884298.1
2023-03-11 18:00:00+00:00,2.067,2.188,2.063,2.18,12332465.0
2023-03-12 00:00:00+00:00,2.179,2.22,2.137,2.185,6740029.8
2023-03-12 06:00:00+00:00,2.185,2.191,2.134,2.166,7013136.3
2023-03-12 12:00:00+00:00,2.166,2.25,2.105,2.243,12211292.5
2023-03-12 18:00:00+00:00,2.244,2.799,2.233,2.783,32316180.2
2023-03-13 00:00:00+00:00,2.782,3.012,2.763,2.874,46582185.9
2023-03-13 06:00:00+00:00,2.874,2.951,2.735,2.795,39026271.2
2023-03-13 12:00:00+00:00,2.795,3.376,2.795,3.114,86542099.7
2023-03-13 18:00:00+00:00,3.115,3.223,3.086,3.147,19704335.8
2023-03-14 00:00:00+00:00,3.148,3.222,3.069,3.098,19291172.0
2023-03-14 06:00:00+00:00,3.098,3.14,3.025,3.07,13588295.6
2023-03-14 12:00:00+00:00,3.071,3.302,3.03,3.068,33358851.0
2023-03-14 18:00:00+00:00,3.067,3.258,2.88,3.143,29110832.6
2023-03-15 00:00:00+00:00,3.143,3.332,3.063,3.193,19737291.9
2023-03-15 06:00:00+00:00,3.192,3.391,3.031,3.14,29372673.0
2023-03-15 12:00:00+00:00,3.139,3.173,2.525,2.608,43591962.1
2023-03-15 18:00:00+00:00,2.608,2.718,2.525,2.649,22353494.3
2023-03-16 00:00:00+00:00,2.65,2.732,2.514,2.718,24054101.7
2023-03-16 06:00:00+00:00,2.718,3.02,2.682,2.936,39594212.3
2023-03-16 12:00:00+00:00,2.936,2.968,2.799,2.819,28312999.1
2023-03-16 18:00:00+00:00,2.818,2.909,2.771,2.808,11294263.4
2023-03-17 00:00:00+00:00,2.807,2.893,2.716,2.747,20242680.1
2023-03-17 06:00:00+00:00,2.746,3.132,2.734,3.121,27472157.5
2023-03-17 12:00:00+00:00,3.121,3.16,2.787,2.922,29351863.6
2023-03-17 18:00:00+00:00,2.922,3.046,2.899,3.038,16292326.2
2023-03-18 00:00:00+00:00,3.038,3.114,2.943,3.013,15386821.4
2023-03-18 06:00:00+00:00,3.012,3.132,2.912,3.097,10636551.1
2023-03-18 12:00:00+00:00,3.096,3.104,2.75,2.881,17350720.4
2023-03-18 18:00:00+00:00,2.88,2.949,2.844,2.866,5167655.7
2023-03-19 00:00:00+00:00,2.866,2.952,2.863,2.896,5756996.1
2023-03-19 06:00:00+00:00,2.895,2.91,2.789,2.867,6941521.0
2023-03-19 12:00:00+00:00,2.868,2.987,2.84,2.921,8979266.7
2023-03-19 18:00:00+00:00,2.921,2.988,2.846,2.869,8364505.5
2023-03-20 00:00:00+00:00,2.869,3.104,2.795,2.911,23924335.6
2023-03-20 06:00:00+00:00,2.91,3.079,2.847,3.074,20034438.4
2023-03-20 12:00:00+00:00,3.073,3.207,3.028,3.083,37472420.0
2023-03-20 18:00:00+00:00,3.081,3.128,2.963,2.991,18990460.0
2023-03-21 00:00:00+00:00,2.99,3.045,2.903,2.944,12455188.8
2023-03-21 06:00:00+00:00,2.944,2.968,2.81,2.865,13333277.2
2023-03-21 12:00:00+00:00,2.865,3.039,2.829,2.878,21344812.6
2023-03-21 18:00:00+00:00,2.879,2.91,2.783,2.856,10069351.3
2023-03-22 00:00:00+00:00,2.856,2.857,2.755,2.817,7734971.7
2023-03-22 06:00:00+00:00,2.816,2.82,2.735,2.769,7382684.2
2023-03-22 12:00:00+00:00,2.769,2.848,2.718,2.778,10753482.5
2023-03-22 18:00:00+00:00,2.778,2.893,2.571,2.68,18264277.0
2023-03-23 00:00:00+00:00,2.68,2.727,2.622,2.718,5281507.3
2023-03-23 06:00:00+00:00,2.719,2.739,2.696,2.717,4162989.4
2023-03-23 12:00:00+00:00,2.717,2.78,2.636,2.7,10045703.6
2023-03-23 18:00:00+00:00,2.7,2.711,2.625,2.707,5446207.9
2023-03-24 00:00:00+00:00,2.708,2.756,2.684,2.695,4341099.0
2023-03-24 06:00:00+00:00,2.695,2.701,2.528,2.571,7993594.7
2023-03-24 12:00:00+00:00,2.571,2.62,2.477,2.512,8236004.1
2023-03-24 18:00:00+00:00,2.512,2.546,2.474,2.531,4497725.0
2023-03-25 00:00:00+00:00,2.531,2.566,2.486,2.492,3881981.1
2023-03-25 06:00:00+00:00,2.492,2.51,2.414,2.431,4678635.0
2023-03-25 12:00:00+00:00,2.43,2.51,2.396,2.467,5678123.5
2023-03-25 18:00:00+00:00,2.467,2.48,2.359,2.409,6231034.3
2023-03-26 00:00:00+00:00,2.408,2.443,2.396,2.428,3337653.8
2023-03-26 06:00:00+00:00,2.428,2.469,2.402,2.445,3986043.8
2023-03-26 12:00:00+00:00,2.446,2.503,2.406,2.438,5203434.8
2023-03-26 18:00:00+00:00,2.438,2.493,2.419,2.468,4358043.5
2023-03-27 00:00:00+00:00,2.469,2.492,2.391,2.4,4554967.4
2023-03-27 06:00:00+00:00,2.4,2.548,2.39,2.52,12577719.9
2023-03-27 12:00:00+00:00,2.521,2.522,2.28,2.317,21484419.1
2023-03-27 18:00:00+00:00,2.317,2.351,2.287,2.342,6274453.8
2023-03-28 00:00:00+00:00,2.343,2.349,2.285,2.324,6442279.2
2023-03-28 06:00:00+00:00,2.324,2.394,2.308,2.371,7493019.6
2023-03-28 12:00:00+00:00,2.371,2.378,2.302,2.306,7564557.6
2023-03-28 18:00:00+00:00,2.307,2.424,2.305,2.395,8652302.4
2023-03-29 00:00:00+00:00,2.396,2.484,2.381,2.46,8493339.3
2023-03-29 06:00:00+00:00,2.459,2.514,2.44,2.493,7986030.6
2023-03-29 12:00:00+00:00,2.493,2.519,2.44,2.501,7623432.0
2023-03-29 18:00:00+00:00,2.502,2.588,2.494,2.559,6091839.8
2023-03-30 00:00:00+00:00,2.558,2.587,2.462,2.49,8578858.3
2023-03-30 06:00:00+00:00,2.491,2.508,2.434,2.488,4327781.1
2023-03-30 12:00:00+00:00,2.488,2.51,2.376,2.387,7124221.2
2023-03-30 18:00:00+00:00,2.387,2.437,2.384,2.431,3756509.4
2023-03-31 00:00:00+00:00,2.431,2.473,2.41,2.416,6967749.9
2023-03-31 06:00:00+00:00,2.417,2.43,2.364,2.395,4462869.3
2023-03-31 12:00:00+00:00,2.394,2.533,2.384,2.503,6878978.2
2023-03-31 18:00:00+00:00,2.502,2.603,2.486,2.557,6156299.5
2023-04-01 00:00:00+00:00,2.557,2.587,2.531,2.572,5245813.4
2023-04-01 06:00:00+00:00,2.571,2.573,2.507,2.529,3605371.7
2023-04-01 12:00:00+00:00,2.529,2.577,2.511,2.559,4414484.0
2023-04-01 18:00:00+00:00,2.558,2.584,2.533,2.579,2632286.1
2023-04-02 00:00:00+00:00,2.578,2.594,2.534,2.559,2673592.3
2023-04-02 06:00:00+00:00,2.559,2.66,2.551,2.643,5570866.0
2023-04-02 12:00:00+00:00,2.644,2.653,2.504,2.579,8292386.2
2023-04-02 18:00:00+00:00,2.58,2.605,2.511,2.558,5393153.2
2023-04-03 00:00:00+00:00,2.559,2.639,2.45,2.611,9883901.9
2023-04-03 06:00:00+00:00,2.611,2.699,2.592,2.649,15501082.8
2023-04-03 12:00:00+00:00,2.649,2.662,2.549,2.556,7241454.2
2023-04-03 18:00:00+00:00,2.555,2.637,2.48,2.544,8813771.8
2023-04-04 00:00:00+00:00,2.545,2.572,2.526,2.541,2895143.0
2023-04-04 06:00:00+00:00,2.542,2.633,2.54,2.625,4329596.8
2023-04-04 12:00:00+00:00,2.625,2.746,2.624,2.705,9930388.1
2023-04-04 18:00:00+00:00,2.705,2.788,2.7,2.759,6260025.6
2023-04-05 00:00:00+00:00,2.759,2.882,2.746,2.796,6604842.7
2023-04-05 06:00:00+00:00,2.797,2.803,2.741,2.75,3000305.2
2023-04-05 12:00:00+00:00,2.75,2.761,2.656,2.691,5643656.3
2023-04-05 18:00:00+00:00,2.691,2.721,2.672,2.711,2511226.5
2023-04-06 00:00:00+00:00,2.711,2.728,2.64,2.716,3214226.3
2023-04-06 06:00:00+00:00,2.716,2.718,2.638,2.689,3269991.1
2023-04-06 12:00:00+00:00,2.69,2.729,2.686,2.697,3438626.3
2023-04-06 18:00:00+00:00,2.697,2.701,2.652,2.678,2044609.3
2023-04-07 00:00:00+00:00,2.679,2.703,2.65,2.674,2314134.7
2023-04-07 06:00:00+00:00,2.675,2.688,2.62,2.656,2561970.2
2023-04-07 12:00:00+00:00,2.655,2.697,2.631,2.674,3021145.1
2023-04-07 18:00:00+00:00,2.674,2.682,2.638,2.643,1365390.1
2023-04-08 00:00:00+00:00,2.643,2.703,2.604,2.702,2192246.9
2023-04-08 06:00:00+00:00,2.703,2.722,2.672,2.676,1655121.5
2023-04-08 12:00:00+00:00,2.676,2.678,2.633,2.64,1455694.9
2023-04-08 18:00:00+00:00,2.639,2.644,2.59,2.628,2309933.9
2023-04-09 00:00:00+00:00,2.628,2.648,2.584,2.599,2212866.4
2023-04-09 06:00:00+00:00,2.599,2.599,2.539,2.565,2592926.7
2023-04-09 12:00:00+00:00,2.565,2.583,2.543,2.562,1867555.5
2023-04-09 18:00:00+00:00,2.561,2.674,2.556,2.632,3121684.7
2023-04-10 00:00:00+00:00,2.631,2.655,2.581,2.592,2153510.2
2023-04-10 06:00:00+00:00,2.591,2.645,2.586,2.617,2153459.0
2023-04-10 12:00:00+00:00,2.618,2.677,2.59,2.669,2725057.5
2023-04-10 18:00:00+00:00,2.669,2.701,2.658,2.698,3346473.7
2023-04-11 00:00:00+00:00,2.698,2.731,2.66,2.68,3585780.1
2023-04-11 06:00:00+00:00,2.68,2.7,2.655,2.668,2168641.6
2023-04-11 12:00:00+00:00,2.667,2.687,2.614,2.635,4286137.3
2023-04-11 18:00:00+00:00,2.635,2.668,2.616,2.629,2100220.2
2023-04-12 00:00:00+00:00,2.63,2.639,2.501,2.556,4484733.8
2023-04-12 06:00:00+00:00,2.556,2.586,2.544,2.559,2511512.6
2023-04-12 12:00:00+00:00,2.559,2.627,2.542,2.591,5444443.8
2023-04-12 18:00:00+00:00,2.591,2.598,2.544,2.574,2465300.3
2023-04-13 00:00:00+00:00,2.575,2.582,2.54,2.572,1800517.5
2023-04-13 06:00:00+00:00,2.571,2.648,2.545,2.599,3719344.2
2023-04-13 12:00:00+00:00,2.598,2.664,2.598,2.657,4389770.9
2023-04-13 18:00:00+00:00,2.657,2.664,2.615,2.636,2207031.1
2023-04-14 00:00:00+00:00,2.635,2.764,2.628,2.726,5595966.0
2023-04-14 06:00:00+00:00,2.727,2.781,2.683,2.736,4878237.7
2023-04-14 12:00:00+00:00,2.736,2.748,2.63,2.71,8158555.0
2023-04-14 18:00:00+00:00,2.711,2.775,2.701,2.738,3676528.5
2023-04-15 00:00:00+00:00,2.739,2.792,2.685,2.731,3579697.1
2023-04-15 06:00:00+00:00,2.731,2.816,2.714,2.792,4268537.2
2023-04-15 12:00:00+00:00,2.793,2.842,2.756,2.768,5763056.4
2023-04-15 18:00:00+00:00,2.768,2.789,2.741,2.751,2630869.0
2023-04-16 00:00:00+00:00,2.752,2.76,2.683,2.757,3532785.7
2023-04-16 06:00:00+00:00,2.757,2.812,2.721,2.722,3847003.8
2023-04-16 12:00:00+00:00,2.722,2.847,2.713,2.824,4802921.9
2023-04-16 18:00:00+00:00,2.824,2.879,2.785,2.842,4844217.6
2023-04-17 00:00:00+00:00,2.843,2.846,2.724,2.786,5181792.4
2023-04-17 06:00:00+00:00,2.786,2.792,2.694,2.721,3871698.7
2023-04-17 12:00:00+00:00,2.721,2.747,2.696,2.718,3595832.6
2023-04-17 18:00:00+00:00,2.718,2.765,2.716,2.758,2329926.7
2023-04-18 00:00:00+00:00,2.758,2.824,2.705,2.821,3271989.5
2023-04-18 06:00:00+00:00,2.822,3.0,2.821,2.974,11265061.7
2023-04-18 12:00:00+00:00,2.974,2.989,2.853,2.859,8247967.1
2023-04-18 18:00:00+00:00,2.859,3.031,2.852,3.02,11649084.3
2023-04-19 00:00:00+00:00,3.02,3.091,2.958,3.078,9101564.8
2023-04-19 06:00:00+00:00,3.078,3.081,2.732,2.868,19558521.3
2023-04-19 12:00:00+00:00,2.869,3.063,2.844,2.938,17671490.9
2023-04-19 18:00:00+00:00,2.937,2.97,2.8,2.837,11318449.1
2023-04-20 00:00:00+00:00,2.836,3.029,2.825,2.905,16847260.6
2023-04-20 06:00:00+00:00,2.905,3.015,2.841,2.857,10655100.7
2023-04-20 12:00:00+00:00,2.857,2.933,2.643,2.675,13947211.2
2023-04-20 18:00:00+00:00,2.674,2.732,2.659,2.698,6251758.4
2023-04-21 00:00:00+00:00,2.699,2.735,2.678,2.694,3834653.4
2023-04-21 06:00:00+00:00,2.695,2.738,2.654,2.667,5150860.9
2023-04-21 12:00:00+00:00,2.668,2.685,2.604,2.646,8055089.1
2023-04-21 18:00:00+00:00,2.646,2.672,2.452,2.49,10345660.8
2023-04-22 00:00:00+00:00,2.49,2.496,2.452,2.487,2857774.6
2023-04-22 06:00:00+00:00,2.487,2.509,2.455,2.475,3775957.9
2023-04-22 12:00:00+00:00,2.475,2.555,2.462,2.524,5747956.4
2023-04-22 18:00:00+00:00,2.525,2.548,2.5,2.54,2297993.5
2023-04-23 00:00:00+00:00,2.541,2.544,2.483,2.521,2498380.9
2023-04-23 06:00:00+00:00,2.522,2.543,2.508,2.531,2016941.9
2023-04-23 12:00:00+00:00,2.532,2.539,2.442,2.457,3550006.6
2023-04-23 18:00:00+00:00,2.458,2.487,2.405,2.481,3702622.0
2023-04-24 00:00:00+00:00,2.481,2.517,2.434,2.453,3441038.3
2023-04-24 06:00:00+00:00,2.453,2.5,2.416,2.498,2912497.6
2023-04-24 12:00:00+00:00,2.498,2.522,2.408,2.478,4159549.9
2023-04-24 18:00:00+00:00,2.477,2.499,2.464,2.473,1993136.4
2023-04-25 00:00:00+00:00,2.474,2.48,2.413,2.432,2782624.7
2023-04-25 06:00:00+00:00,2.433,2.435,2.385,2.408,3169508.2
2023-04-25 12:00:00+00:00,2.409,2.419,2.324,2.365,6261634.5
2023-04-25 18:00:00+00:00,2.366,2.483,2.349,2.482,5351558.3
2023-04-26 00:00:00+00:00,2.482,2.494,2.456,2.472,4590991.0
2023-04-26 06:00:00+00:00,2.473,2.541,2.424,2.527,5306523.8
2023-04-26 12:00:00+00:00,2.526,2.607,2.518,2.589,7307691.4
2023-04-26 18:00:00+00:00,2.589,2.59,2.256,2.409,10454492.6
2023-04-27 00:00:00+00:00,2.408,2.495,2.394,2.439,4341156.3
2023-04-27 06:00:00+00:00,2.44,2.444,2.388,2.403,3258041.8
2023-04-27 12:00:00+00:00,2.403,2.456,2.372,2.448,4363752.5
2023-04-27 18:00:00+00:00,2.448,2.493,2.42,2.451,3208069.7
2023-04-28 00:00:00+00:00,2.451,2.473,2.434,2.457,1898072.0
2023-04-28 06:00:00+00:00,2.457,2.467,2.417,2.421,2364620.1
2023-04-28 12:00:00+00:00,2.421,2.446,2.388,2.427,3175944.9
2023-04-28 18:00:00+00:00,2.426,2.45,2.406,2.439,1861552.9
2023-04-29 00:00:00+00:00,2.439,2.476,2.433,2.461,1601562.2
2023-04-29 06:00:00+00:00,2.46,2.471,2.442,2.459,1498963.5
2023-04-29 12:00:00+00:00,2.459,2.512,2.45,2.479,2968022.2
2023-04-29 18:00:00+00:00,2.48,2.497,2.457,2.473,1473938.2
2023-04-30 00:00:00+00:00,2.472,2.473,2.423,2.442,1418178.6
2023-04-30 06:00:00+00:00,2.441,2.454,2.425,2.428,1635374.7
2023-04-30 12:00:00+00:00,2.429,2.496,2.425,2.463,2562288.1
2023-04-30 18:00:00+00:00,2.463,2.466,2.396,2.426,2710142.1
2023-05-01 00:00:00+00:00,2.426,2.443,2.349,2.399,2954747.5
2023-05-01 06:00:00+00:00,2.399,2.409,2.385,2.389,1176600.0
2023-05-01 12:00:00+00:00,2.389,2.404,2.34,2.362,2138467.0
2023-05-01 18:00:00+00:00,2.361,2.364,2.303,2.346,2153855.9
2023-05-02 00:00:00+00:00,2.345,2.347,2.321,2.342,1390291.6
2023-05-02 06:00:00+00:00,2.342,2.365,2.331,2.346,1379635.2
2023-05-02 12:00:00+00:00,2.346,2.378,2.32,2.367,2879748.0
2023-05-02 18:00:00+00:00,2.367,2.464,2.359,2.442,3676582.8
2023-05-03 00:00:00+00:00,2.441,2.478,2.422,2.425,5287535.3
2023-05-03 06:00:00+00:00,2.425,2.473,2.423,2.433,4690449.1
2023-05-03 12:00:00+00:00,2.432,2.445,2.377,2.401,8104410.6
2023-05-03 18:00:00+00:00,2.4,2.518,2.393,2.506,8320911.2
2023-05-04 00:00:00+00:00,2.506,2.538,2.492,2.516,2765393.9
2023-05-04 06:00:00+00:00,2.516,2.523,2.481,2.487,1767743.2
2023-05-04 12:00:00+00:00,2.486,2.493,2.453,2.466,2769783.8
2023-05-04 18:00:00+00:00,2.467,2.497,2.442,2.488,2328155.4
2023-05-05 00:00:00+00:00,2.487,2.504,2.458,2.47,1976660.6
2023-05-05 06:00:00+00:00,2.469,2.504,2.46,2.493,2451156.0
2023-05-05 12:00:00+00:00,2.493,2.583,2.427,2.569,7099232.8
2023-05-05 18:00:00+00:00,2.57,2.582,2.545,2.568,2627985.9
2023-05-06 00:00:00+00:00,2.567,2.573,2.478,2.481,2784481.2
2023-05-06 06:00:00+00:00,2.482,2.487,2.405,2.423,3895328.5
2023-05-06 12:00:00+00:00,2.423,2.429,2.336,2.377,4714288.1
2023-05-06 18:00:00+00:00,2.377,2.407,2.372,2.388,1491665.8
2023-05-07 00:00:00+00:00,2.388,2.402,2.359,2.388,1599968.2
2023-05-07 06:00:00+00:00,2.387,2.394,2.367,2.375,1367890.2
2023-05-07 12:00:00+00:00,2.375,2.403,2.351,2.359,2087096.6
2023-05-07 18:00:00+00:00,2.359,2.395,2.351,2.359,2117385.1
2023-05-08 00:00:00+00:00,2.359,2.385,2.218,2.24,5588667.2
2023-05-08 06:00:00+00:00,2.24,2.279,2.21,2.265,3573134.8
2023-05-08 12:00:00+00:00,2.266,2.289,2.17,2.178,4303381.9
2023-05-08 18:00:00+00:00,2.174,2.196,2.097,2.165,7069483.7
2023-05-09 00:00:00+00:00,2.164,2.189,2.146,2.166,2253537.9
2023-05-09 06:00:00+00:00,2.167,2.187,2.124,2.179,2843967.8
2023-05-09 12:00:00+00:00,2.179,2.189,2.146,2.163,3307042.8
2023-05-09 18:00:00+00:00,2.164,2.167,2.121,2.128,2886477.3
2023-05-10 00:00:00+00:00,2.129,2.146,2.104,2.134,2777275.2
2023-05-10 06:00:00+00:00,2.134,2.135,2.103,2.132,1857222.8
2023-05-10 12:00:00+00:00,2.132,2.228,2.006,2.115,9531983.5
2023-05-10 18:00:00+00:00,2.114,2.189,2.105,2.174,3757055.7
2023-05-11 00:00:00+00:00,2.174,2.175,2.092,2.108,2978933.3
2023-05-11 06:00:00+00:00,2.107,2.117,2.07,2.084,2404977.8
2023-05-11 12:00:00+00:00,2.084,2.109,1.967,2.001,6442448.3
2023-05-11 18:00:00+00:00,2.0,2.048,1.986,2.017,2575173.1
2023-05-12 00:00:00+00:00,2.017,2.02,1.937,1.957,3556088.3
2023-05-12 06:00:00+00:00,1.958,2.018,1.94,2.005,3000421.9
2023-05-12 12:00:00+00:00,2.005,2.046,1.992,2.009,3697971.7
2023-05-12 18:00:00+00:00,2.009,2.077,1.963,2.077,3902890.7
2023-05-13 00:00:00+00:00,2.076,2.078,2.032,2.033,1778021.8
2023-05-13 06:00:00+00:00,2.034,2.055,2.029,2.033,1451270.1
2023-05-13 12:00:00+00:00,2.034,2.049,2.001,2.009,2154017.9
2023-05-13 18:00:00+00:00,2.009,2.032,2.004,2.014,1510176.6
2023-05-14 00:00:00+00:00,2.013,2.03,1.985,2.027,1926665.9
2023-05-14 06:00:00+00:00,2.026,2.04,2.016,2.022,1256244.4
2023-05-14 12:00:00+00:00,2.021,2.083,2.011,2.081,2934885.9
2023-05-14 18:00:00+00:00,2.081,2.081,2.05,2.061,1853503.2
2023-05-15 00:00:00+00:00,2.061,2.087,2.02,2.075,3270056.0
2023-05-15 06:00:00+00:00,2.076,2.124,2.071,2.102,2469800.0
2023-05-15 12:00:00+00:00,2.102,2.131,2.081,2.108,2944725.0
2023-05-15 18:00:00+00:00,2.108,2.116,2.082,2.093,2104226.0
2023-05-16 00:00:00+00:00,2.092,2.103,2.057,2.09,2638043.3
2023-05-16 06:00:00+00:00,2.09,2.126,2.073,2.101,2601108.4
2023-05-16 12:00:00+00:00,2.102,2.162,2.076,2.159,5076031.1
2023-05-16 18:00:00+00:00,2.159,2.167,2.13,2.147,3615262.9
2023-05-17 00:00:00+00:00,2.148,2.22,2.133,2.207,4124618.8
2023-05-17 06:00:00+00:00,2.206,2.232,2.165,2.171,6855112.2
2023-05-17 12:00:00+00:00,2.171,2.199,2.139,2.189,5833768.6
2023-05-17 18:00:00+00:00,2.19,2.52,2.19,2.414,29938457.2
2023-05-18 00:00:00+00:00,2.415,2.44,2.377,2.381,7862392.1
2023-05-18 06:00:00+00:00,2.381,2.447,2.363,2.424,8409215.5
2023-05-18 12:00:00+00:00,2.425,2.433,2.306,2.32,9729879.9
2023-05-18 18:00:00+00:00,2.32,2.459,2.311,2.411,10677730.5
2023-05-19 00:00:00+00:00,2.411,2.429,2.383,2.391,4374060.5
2023-05-19 06:00:00+00:00,2.391,2.4,2.36,2.361,3388932.7
2023-05-19 12:00:00+00:00,2.362,2.418,2.349,2.388,4624074.6
2023-05-19 18:00:00+00:00,2.387,2.409,2.373,2.397,2361071.7
2023-05-20 00:00:00+00:00,2.396,2.408,2.362,2.388,2387281.5
2023-05-20 06:00:00+00:00,2.388,2.4,2.366,2.399,1477863.1
2023-05-20 12:00:00+00:00,2.399,2.447,2.384,2.437,2484661.0
2023-05-20 18:00:00+00:00,2.436,2.436,2.381,2.391,1994172.4
2023-05-21 00:00:00+00:00,2.391,2.4,2.369,2.374,1186838.9
2023-05-21 06:00:00+00:00,2.374,2.379,2.338,2.352,1660675.6
2023-05-21 12:00:00+00:00,2.351,2.4,2.33,2.351,3034345.2
2023-05-21 18:00:00+00:00,2.351,2.359,2.312,2.325,1972366.4
2023-05-22 00:00:00+00:00,2.326,2.364,2.295,2.348,3179816.3
2023-05-22 06:00:00+00:00,2.349,2.447,2.348,2.446,4432466.0
2023-05-22 12:00:00+00:00,2.445,2.467,2.417,2.442,7956942.8
2023-05-22 18:00:00+00:00,2.442,2.448,2.407,2.413,2664331.1
2023-05-23 00:00:00+00:00,2.414,2.49,2.4,2.477,3959541.3
2023-05-23 06:00:00+00:00,2.478,2.489,2.437,2.459,3182020.4
2023-05-23 12:00:00+00:00,2.458,2.534,2.437,2.502,5921018.7
2023-05-23 18:00:00+00:00,2.503,2.504,2.444,2.463,2921731.9
2023-05-24 00:00:00+00:00,2.462,2.5,2.386,2.46,5628301.7
2023-05-24 06:00:00+00:00,2.459,2.647,2.436,2.55,22304415.9
2023-05-24 12:00:00+00:00,2.551,2.552,2.359,2.407,15863394.8
2023-05-24 18:00:00+00:00,2.407,2.483,2.391,2.422,5101826.6
2023-05-25 00:00:00+00:00,2.423,2.428,2.269,2.28,8243203.2
2023-05-25 06:00:00+00:00,2.281,2.314,2.25,2.314,5755457.2
2023-05-25 12:00:00+00:00,2.313,2.343,2.297,2.318,5359557.3
2023-05-25 18:00:00+00:00,2.318,2.352,2.301,2.31,2646735.8
2023-05-26 00:00:00+00:00,2.31,2.357,2.296,2.352,3489985.5
2023-05-26 06:00:00+00:00,2.352,2.405,2.339,2.382,6800606.4
2023-05-26 12:00:00+00:00,2.381,2.419,2.374,2.401,5711942.5
2023-05-26 18:00:00+00:00,2.402,2.434,2.387,2.406,3102537.4
2023-05-27 00:00:00+00:00,2.407,2.456,2.394,2.434,2478051.5
2023-05-27 06:00:00+00:00,2.434,2.439,2.401,2.414,2292235.7
2023-05-27 12:00:00+00:00,2.413,2.419,2.382,2.403,2029853.4
2023-05-27 18:00:00+00:00,2.403,2.417,2.394,2.402,1301830.1
2023-05-28 00:00:00+00:00,2.401,2.464,2.39,2.438,2537325.9
2023-05-28 06:00:00+00:00,2.439,2.444,2.417,2.438,1638556.6
2023-05-28 12:00:00+00:00,2.438,2.443,2.4,2.418,2630183.6
2023-05-28 18:00:00+00:00,2.418,2.535,2.409,2.491,3776654.7
2023-05-29 00:00:00+00:00,2.49,2.503,2.429,2.445,2837824.0
2023-05-29 06:00:00+00:00,2.446,2.449,2.406,2.426,2059363.0
2023-05-29 12:00:00+00:00,2.426,2.43,2.37,2.403,3027105.2
2023-05-29 18:00:00+00:00,2.402,2.427,2.397,2.408,1579172.5
2023-05-30 00:00:00+00:00,2.408,2.459,2.379,2.422,2138549.6
2023-05-30 06:00:00+00:00,2.423,2.468,2.399,2.463,2773212.0
2023-05-30 12:00:00+00:00,2.463,2.472,2.387,2.403,3708113.5
2023-05-30 18:00:00+00:00,2.403,2.417,2.393,2.399,1552807.6
2023-05-31 00:00:00+00:00,2.399,2.434,2.334,2.348,3757698.9
2023-05-31 06:00:00+00:00,2.347,2.363,2.324,2.336,2641406.6
2023-05-31 12:00:00+00:00,2.337,2.352,2.301,2.327,3382463.8
2023-05-31 18:00:00+00:00,2.327,2.334,2.308,2.323,1656085.6
2023-06-01 00:00:00+00:00,2.324,2.342,2.29,2.328,2429812.2
2023-06-01 06:00:00+00:00,2.329,2.392,2.316,2.347,4226614.3
2023-06-01 12:00:00+00:00,2.348,2.366,2.328,2.358,2717582.4
2023-06-01 18:00:00+00:00,2.358,2.368,2.315,2.323,1997426.3
2023-06-02 00:00:00+00:00,2.324,2.373,2.297,2.369,2029668.1
2023-06-02 06:00:00+00:00,2.37,2.382,2.34,2.378,2221640.7
2023-06-02 12:00:00+00:00,2.377,2.388,2.349,2.375,3633205.5
2023-06-02 18:00:00+00:00,2.376,2.405,2.373,2.378,1638155.9
2023-06-03 00:00:00+00:00,2.378,2.38,2.344,2.35,2159085.6
2023-06-03 06:00:00+00:00,2.351,2.379,2.35,2.359,1670552.0
2023-06-03 12:00:00+00:00,2.358,2.376,2.333,2.344,3400754.7
2023-06-03 18:00:00+00:00,2.343,2.359,2.327,2.357,2353529.3
2023-06-04 00:00:00+00:00,2.356,2.367,2.326,2.356,1516300.6
2023-06-04 06:00:00+00:00,2.357,2.386,2.353,2.377,1267830.6
2023-06-04 12:00:00+00:00,2.377,2.382,2.343,2.36,1430849.2
2023-06-04 18:00:00+00:00,2.361,2.394,2.347,2.358,1847316.5
2023-06-05 00:00:00+00:00,2.358,2.368,2.313,2.345,3111151.2
2023-06-05 06:00:00+00:00,2.346,2.382,2.334,2.36,2332643.3
2023-06-05 12:00:00+00:00,2.36,2.387,2.084,2.293,16426509.3
2023-06-05 18:00:00+00:00,2.294,2.295,2.218,2.231,5864077.1
2023-06-06 00:00:00+00:00,2.232,2.255,2.207,2.234,2392809.3
2023-06-06 06:00:00+00:00,2.234,2.273,2.221,2.256,2918850.7
2023-06-06 12:00:00+00:00,2.256,2.283,2.163,2.274,8666030.1
2023-06-06 18:00:00+00:00,2.274,2.33,2.257,2.296,3262029.8
2023-06-07 00:00:00+00:00,2.297,2.297,2.244,2.253,2346478.6
2023-06-07 06:00:00+00:00,2.254,2.257,2.183,2.221,2575004.9
2023-06-07 12:00:00+00:00,2.22,2.224,2.138,2.139,5420609.2
2023-06-07 18:00:00+00:00,2.14,2.149,2.09,2.102,2759284.6
2023-06-08 00:00:00+00:00,2.103,2.119,2.07,2.084,2154825.7
2023-06-08 06:00:00+00:00,2.083,2.133,2.077,2.127,1775705.1
2023-06-08 12:00:00+00:00,2.127,2.151,2.067,2.084,2854915.0
2023-06-08 18:00:00+00:00,2.084,2.09,2.057,2.064,1885713.7
2023-06-09 00:00:00+00:00,2.064,2.079,2.029,2.075,2786489.1
2023-06-09 06:00:00+00:00,2.074,2.077,2.047,2.065,2044814.1
2023-06-09 12:00:00+00:00,2.064,2.088,2.033,2.05,3189507.2
2023-06-09 18:00:00+00:00,2.05,2.06,2.013,2.054,2665996.6
2023-06-10 00:00:00+00:00,2.054,2.057,1.589,1.732,13733389.9
2023-06-10 06:00:00+00:00,1.732,1.794,1.69,1.792,6352623.1
2023-06-10 12:00:00+00:00,1.792,1.792,1.72,1.766,5480220.1
2023-06-10 18:00:00+00:00,1.765,1.769,1.708,1.738,3195790.0
2023-06-11 00:00:00+00:00,1.737,1.762,1.723,1.759,2179527.0
2023-06-11 06:00:00+00:00,1.759,1.768,1.745,1.765,1718213.8
2023-06-11 12:00:00+00:00,1.765,1.796,1.749,1.786,3009644.0
2023-06-11 18:00:00+00:00,1.786,1.823,1.762,1.78,2937818.1
2023-06-12 00:00:00+00:00,1.78,1.781,1.701,1.746,3864949.1
2023-06-12 06:00:00+00:00,1.746,1.895,1.734,1.839,9756848.7
2023-06-12 12:00:00+00:00,1.84,1.84,1.789,1.81,4469745.5
2023-06-12 18:00:00+00:00,1.81,1.818,1.784,1.804,3183071.0
2023-06-13 00:00:00+00:00,1.804,1.835,1.79,1.824,2743050.9
2023-06-13 06:00:00+00:00,1.825,1.84,1.807,1.838,3192714.7
2023-06-13 12:00:00+00:00,1.839,1.867,1.762,1.795,5366127.5
2023-06-13 18:00:00+00:00,1.794,1.825,1.792,1.812,2060304.2
2023-06-14 00:00:00+00:00,1.812,1.826,1.798,1.798,1526676.0
2023-06-14 06:00:00+00:00,1.799,1.829,1.795,1.823,1510493.0
2023-06-14 12:00:00+00:00,1.824,1.854,1.812,1.852,2147795.6
2023-06-14 18:00:00+00:00,1.853,1.866,1.746,1.772,6380546.9
2023-06-15 00:00:00+00:00,1.772,1.792,1.747,1.758,2286501.5
2023-06-15 06:00:00+00:00,1.758,1.762,1.725,1.749,2551825.3
2023-06-15 12:00:00+00:00,1.749,1.779,1.715,1.743,4866484.6
2023-06-15 18:00:00+00:00,1.743,1.786,1.736,1.753,2716914.6
2023-06-16 00:00:00+00:00,1.753,1.779,1.726,1.771,1976832.6
2023-06-16 06:00:00+00:00,1.77,1.792,1.757,1.771,1987714.3
2023-06-16 12:00:00+00:00,1.77,1.812,1.765,1.812,2798867.9
2023-06-16 18:00:00+00:00,1.812,1.849,1.806,1.821,2066404.4
2023-06-17 00:00:00+00:00,1.821,1.88,1.807,1.87,1982483.7
2023-06-17 06:00:00+00:00,1.871,1.884,1.857,1.86,1642432.3
2023-06-17 12:00:00+00:00,1.86,1.892,1.854,1.868,1858376.4
2023-06-17 18:00:00+00:00,1.867,1.881,1.858,1.862,851509.5
2023-06-18 00:00:00+00:00,1.861,1.889,1.845,1.879,1378580.2
2023-06-18 06:00:00+00:00,1.88,1.881,1.688,1.817,4924619.8
2023-06-18 12:00:00+00:00,1.817,1.845,1.812,1.84,1781155.5
2023-06-18 18:00:00+00:00,1.839,1.84,1.781,1.805,2972184.0
2023-06-19 00:00:00+00:00,1.805,1.814,1.786,1.813,1229651.2
2023-06-19 06:00:00+00:00,1.813,1.822,1.801,1.81,1253946.5
2023-06-19 12:00:00+00:00,1.81,1.818,1.78,1.806,2274373.2
2023-06-19 18:00:00+00:00,1.806,1.838,1.796,1.802,2474663.6
2023-06-20 00:00:00+00:00,1.803,1.821,1.789,1.806,1656840.8
2023-06-20 06:00:00+00:00,1.806,1.812,1.791,1.804,1245777.7
2023-06-20 12:00:00+00:00,1.804,1.857,1.76,1.857,3276498.4
2023-06-20 18:00:00+00:00,1.856,1.915,1.853,1.907,3416827.6
2023-06-21 00:00:00+00:00,1.906,1.962,1.898,1.949,3139929.8
2023-06-21 06:00:00+00:00,1.949,1.95,1.909,1.926,2345603.5
2023-06-21 12:00:00+00:00,1.926,2.004,1.908,1.977,5493366.6
2023-06-21 18:00:00+00:00,1.978,1.996,1.951,1.96,3332774.7
2023-06-22 00:00:00+00:00,1.96,1.991,1.947,1.966,3916431.9
2023-06-22 06:00:00+00:00,1.966,1.973,1.89,1.926,4838567.8
2023-06-22 12:00:00+00:00,1.925,1.97,1.919,1.936,3735435.8
2023-06-22 18:00:00+00:00,1.936,1.941,1.912,1.916,1624512.3
2023-06-23 00:00:00+00:00,1.916,1.936,1.906,1.936,1540486.4
2023-06-23 06:00:00+00:00,1.935,1.939,1.9,1.912,1971692.8
2023-06-23 12:00:00+00:00,1.912,2.011,1.89,1.99,6727434.3
2023-06-23 18:00:00+00:00,1.991,1.998,1.954,1.98,2994612.7
2023-06-24 00:00:00+00:00,1.981,1.993,1.959,1.979,3028641.8
2023-06-24 06:00:00+00:00,1.979,1.98,1.936,1.948,2350445.8
2023-06-24 12:00:00+00:00,1.948,1.97,1.883,1.91,4864898.6
2023-06-24 18:00:00+00:00,1.91,1.928,1.898,1.927,1621054.0
2023-06-25 00:00:00+00:00,1.926,2.143,1.914,2.097,10756270.1
2023-06-25 06:00:00+00:00,2.097,2.435,2.082,2.291,34965167.9
2023-06-25 12:00:00+00:00,2.29,2.403,2.16,2.174,23908185.6
2023-06-25 18:00:00+00:00,2.174,2.216,2.151,2.183,7094044.1
2023-06-26 00:00:00+00:00,2.184,2.187,2.115,2.135,6790046.8
2023-06-26 06:00:00+00:00,2.136,2.167,2.127,2.139,5094971.4
2023-06-26 12:00:00+00:00,2.14,2.186,2.067,2.105,6870551.7
2023-06-26 18:00:00+00:00,2.105,2.118,2.055,2.075,3416261.3
2023-06-27 00:00:00+00:00,2.075,2.181,2.058,2.145,5648151.8
2023-06-27 06:00:00+00:00,2.145,2.178,2.099,2.134,5063552.0
2023-06-27 12:00:00+00:00,2.135,2.164,2.088,2.136,5112240.7
2023-06-27 18:00:00+00:00,2.136,2.137,2.105,2.123,1737933.5
2023-06-28 00:00:00+00:00,2.124,2.125,2.059,2.069,3370127.6
2023-06-28 06:00:00+00:00,2.07,2.07,1.992,2.046,4324172.9
2023-06-28 12:00:00+00:00,2.046,2.063,1.99,2.0,4646553.3
2023-06-28 18:00:00+00:00,2.001,2.053,1.888,2.03,6326445.9
2023-06-29 00:00:00+00:00,2.029,2.115,2.008,2.077,9077950.9
2023-06-29 06:00:00+00:00,2.078,2.278,2.069,2.264,27723216.9
2023-06-29 12:00:00+00:00,2.263,2.388,2.192,2.227,39277162.6
2023-06-29 18:00:00+00:00,2.228,2.258,2.215,2.218,9943334.8
2023-06-30 00:00:00+00:00,2.219,2.4,2.183,2.33,20953437.5
2023-06-30 06:00:00+00:00,2.33,2.421,2.289,2.354,18183148.3
2023-06-30 12:00:00+00:00,2.354,2.366,2.083,2.283,22250234.4
2023-06-30 18:00:00+00:00,2.284,2.316,2.255,2.291,6067460.7
2023-07-01 00:00:00+00:00,2.291,2.32,2.246,2.263,5075376.2
2023-07-01 06:00:00+00:00,2.263,2.284,2.246,2.259,3612190.9
2023-07-01 12:00:00+00:00,2.26,2.29,2.245,2.256,3263859.0
2023-07-01 18:00:00+00:00,2.257,2.295,2.257,2.291,2339846.9
2023-07-02 00:00:00+00:00,2.292,2.301,2.235,2.284,3824822.7
2023-07-02 06:00:00+00:00,2.284,2.384,2.252,2.359,8827165.1
2023-07-02 12:00:00+00:00,2.359,2.368,2.277,2.28,8477481.1
2023-07-02 18:00:00+00:00,2.279,2.36,2.271,2.343,4109585.1
2023-07-03 00:00:00+00:00,2.344,2.397,2.313,2.362,4554637.7
2023-07-03 06:00:00+00:00,2.362,2.362,2.219,2.252,10417979.0
2023-07-03 12:00:00+00:00,2.253,2.287,2.206,2.249,8274114.3
2023-07-03 18:00:00+00:00,2.249,2.262,2.201,2.216,4402164.0
2023-07-04 00:00:00+00:00,2.216,2.27,2.17,2.264,7969135.4
2023-07-04 06:00:00+00:00,2.263,2.285,2.182,2.221,9457222.6
2023-07-04 12:00:00+00:00,2.221,2.248,2.166,2.187,9337996.7
2023-07-04 18:00:00+00:00,2.187,2.206,2.122,2.182,5360456.1
2023-07-05 00:00:00+00:00,2.182,2.192,2.143,2.181,3782439.6
2023-07-05 06:00:00+00:00,2.182,2.194,2.055,2.126,9540173.1
2023-07-05 12:00:00+00:00,2.125,2.152,2.066,2.111,7413225.3
2023-07-05 18:00:00+00:00,2.111,2.123,2.085,2.115,2741503.6
2023-07-06 00:00:00+00:00,2.115,2.147,2.085,2.141,4083395.4
2023-07-06 06:00:00+00:00,2.14,2.185,2.121,2.131,5016137.7
2023-07-06 12:00:00+00:00,2.131,2.137,2.036,2.113,7494477.9
2023-07-06 18:00:00+00:00,2.113,2.124,2.057,2.059,4029639.0
2023-07-07 00:00:00+00:00,2.059,2.096,2.031,2.09,4259161.5
2023-07-07 06:00:00+00:00,2.09,2.104,2.07,2.072,3024416.0
2023-07-07 12:00:00+00:00,2.072,2.109,2.06,2.099,4718793.5
2023-07-07 18:00:00+00:00,2.099,2.107,2.076,2.102,2305720.5
2023-07-08 00:00:00+00:00,2.102,2.13,2.077,2.101,2240685.5
2023-07-08 06:00:00+00:00,2.101,2.128,2.086,2.097,1876348.0
2023-07-08 12:00:00+00:00,2.098,2.109,2.077,2.086,2166570.4
2023-07-08 18:00:00+00:00,2.085,2.092,2.051,2.087,1875340.4
2023-07-09 00:00:00+00:00,2.088,2.117,2.076,2.081,1656759.4
2023-07-09 06:00:00+00:00,2.082,2.094,2.07,2.086,1545081.0
2023-07-09 12:00:00+00:00,2.086,2.116,2.078,2.1,3501522.5
2023-07-09 18:00:00+00:00,2.101,2.107,2.064,2.072,2013148.3
2023-07-10 00:00:00+00:00,2.072,2.074,1.991,2.011,7294992.7
2023-07-10 06:00:00+00:00,2.011,2.024,1.975,2.004,5620917.6
2023-07-10 12:00:00+00:00,2.005,2.039,1.991,2.02,5453954.1
2023-07-10 18:00:00+00:00,2.02,2.091,2.015,2.041,4227878.2
2023-07-11 00:00:00+00:00,2.042,2.056,2.02,2.048,2890731.6
2023-07-11 06:00:00+00:00,2.049,2.06,2.024,2.038,2405656.6
2023-07-11 12:00:00+00:00,2.039,2.047,2.004,2.024,3611332.6
2023-07-11 18:00:00+00:00,2.025,2.034,2.003,2.032,1978785.3
2023-07-12 00:00:00+00:00,2.031,2.066,2.023,2.062,2557075.2
2023-07-12 06:00:00+00:00,2.062,2.078,2.044,2.049,2108738.5
2023-07-12 12:00:00+00:00,2.049,2.079,2.004,2.024,5372401.3
2023-07-12 18:00:00+00:00,2.024,2.057,1.99,2.048,3059682.4
2023-07-13 00:00:00+00:00,2.049,2.051,1.992,2.016,2737998.4
2023-07-13 06:00:00+00:00,2.017,2.083,2.014,2.077,5692181.6
2023-07-13 12:00:00+00:00,2.077,2.155,2.046,2.145,8563843.0
2023-07-13 18:00:00+00:00,2.145,2.194,2.12,2.186,7583834.6
2023-07-14 00:00:00+00:00,2.186,2.424,2.172,2.375,19434861.5
2023-07-14 06:00:00+00:00,2.375,2.843,2.253,2.59,74023351.1
2023-07-14 12:00:00+00:00,2.59,3.309,2.554,2.845,240797085.0
2023-07-14 18:00:00+00:00,2.845,2.908,2.68,2.735,70568601.3
2023-07-15 00:00:00+00:00,2.735,2.736,2.573,2.578,39214451.6
2023-07-15 06:00:00+00:00,2.578,2.751,2.554,2.731,49951014.0
2023-07-15 12:00:00+00:00,2.73,2.957,2.674,2.724,63209631.1
2023-07-15 18:00:00+00:00,2.724,2.825,2.72,2.817,16414241.1
2023-07-16 00:00:00+00:00,2.818,2.892,2.764,2.838,23521324.6
2023-07-16 06:00:00+00:00,2.838,2.855,2.713,2.752,17813517.8
2023-07-16 12:00:00+00:00,2.752,2.81,2.662,2.676,18163405.8
2023-07-16 18:00:00+00:00,2.677,2.687,2.611,2.642,11899606.9
2023-07-17 00:00:00+00:00,2.641,2.799,2.632,2.692,15322475.0
2023-07-17 06:00:00+00:00,2.692,2.723,2.577,2.614,15306597.8
2023-07-17 12:00:00+00:00,2.615,2.632,2.533,2.55,15452734.5
2023-07-17 18:00:00+00:00,2.55,2.663,2.527,2.658,9973109.3
2023-07-18 00:00:00+00:00,2.659,2.733,2.631,2.652,11144157.5
2023-07-18 06:00:00+00:00,2.652,2.74,2.603,2.609,12413405.7
2023-07-18 12:00:00+00:00,2.61,2.68,2.584,2.62,13348610.0
2023-07-18 18:00:00+00:00,2.621,2.65,2.577,2.61,5799650.4
2023-07-19 00:00:00+00:00,2.61,2.82,2.591,2.788,18370936.7
2023-07-19 06:00:00+00:00,2.789,2.833,2.734,2.804,13066733.6
2023-07-19 12:00:00+00:00,2.803,2.816,2.739,2.784,13046337.5
2023-07-19 18:00:00+00:00,2.783,2.795,2.7,2.71,7245043.8
2023-07-20 00:00:00+00:00,2.71,2.745,2.701,2.745,8284757.8
2023-07-20 06:00:00+00:00,2.745,3.18,2.7,3.124,47311088.3
2023-07-20 12:00:00+00:00,3.124,3.169,2.901,2.924,36603365.5
2023-07-20 18:00:00+00:00,2.924,2.941,2.87,2.907,9000389.4
2023-07-21 00:00:00+00:00,2.907,3.06,2.85,2.994,20080471.2
2023-07-21 06:00:00+00:00,2.994,3.055,2.967,3.007,23427531.5
2023-07-21 12:00:00+00:00,3.008,3.224,3.005,3.147,36630269.6
2023-07-21 18:00:00+00:00,3.148,3.198,2.967,2.992,19936068.8
2023-07-22 00:00:00+00:00,2.992,3.028,2.938,2.939,8836501.1
2023-07-22 06:00:00+00:00,2.939,3.021,2.931,2.975,8681756.6
2023-07-22 12:00:00+00:00,2.976,3.087,2.968,3.041,8425645.2
2023-07-22 18:00:00+00:00,3.041,3.07,2.966,3.005,7988051.0
2023-07-23 00:00:00+00:00,3.005,3.117,2.982,3.064,10429206.1
2023-07-23 06:00:00+00:00,3.064,3.138,2.883,2.9,18363351.3
2023-07-23 12:00:00+00:00,2.899,2.937,2.857,2.931,10159569.7
2023-07-23 18:00:00+00:00,2.931,2.935,2.875,2.891,5907911.4
2023-07-24 00:00:00+00:00,2.891,2.929,2.824,2.83,10979382.3
2023-07-24 06:00:00+00:00,2.83,2.849,2.716,2.814,11668163.8
2023-07-24 12:00:00+00:00,2.815,2.873,2.767,2.803,9607167.0
2023-07-24 18:00:00+00:00,2.803,2.843,2.754,2.774,4732304.6
2023-07-25 00:00:00+00:00,2.773,2.789,2.727,2.737,5365455.0
2023-07-25 06:00:00+00:00,2.738,2.76,2.705,2.75,4994444.1
2023-07-25 12:00:00+00:00,2.75,2.828,2.725,2.788,6659541.0
2023-07-25 18:00:00+00:00,2.788,2.792,2.73,2.747,2881680.3
2023-07-26 00:00:00+00:00,2.748,2.8,2.567,2.582,22949975.3
2023-07-26 06:00:00+00:00,2.583,2.69,2.57,2.66,10015399.1
2023-07-26 12:00:00+00:00,2.659,2.769,2.653,2.692,8819050.1
2023-07-26 18:00:00+00:00,2.693,2.964,2.691,2.825,21919543.6
2023-07-27 00:00:00+00:00,2.825,2.977,2.778,2.927,16979149.2
2023-07-27 06:00:00+00:00,2.927,3.019,2.902,2.925,21627889.6
2023-07-27 12:00:00+00:00,2.926,2.959,2.876,2.887,12354348.5
2023-07-27 18:00:00+00:00,2.888,2.889,2.843,2.863,6328217.4
2023-07-28 00:00:00+00:00,2.862,2.912,2.776,2.793,8028406.3
2023-07-28 06:00:00+00:00,2.793,2.803,2.766,2.776,5382415.2
2023-07-28 12:00:00+00:00,2.776,2.855,2.759,2.774,8093399.2
2023-07-28 18:00:00+00:00,2.773,2.835,2.757,2.816,5630325.4
2023-07-29 00:00:00+00:00,2.816,2.881,2.795,2.795,6069586.8
2023-07-29 06:00:00+00:00,2.796,2.837,2.792,2.797,3207554.8
2023-07-29 12:00:00+00:00,2.798,2.857,2.796,2.839,7271785.5
2023-07-29 18:00:00+00:00,2.839,2.871,2.828,2.843,3692735.3
2023-07-30 00:00:00+00:00,2.844,2.846,2.824,2.843,3606405.4
2023-07-30 06:00:00+00:00,2.843,2.85,2.787,2.804,2798065.6
2023-07-30 12:00:00+00:00,2.803,2.809,2.726,2.742,4436981.0
2023-07-30 18:00:00+00:00,2.741,2.742,2.626,2.716,7145549.3
2023-07-31 00:00:00+00:00,2.716,2.795,2.662,2.673,7662526.7
2023-07-31 06:00:00+00:00,2.673,2.716,2.663,2.676,5011526.0
2023-07-31 12:00:00+00:00,2.676,2.684,2.545,2.562,14209472.5
2023-07-31 18:00:00+00:00,2.563,2.573,2.522,2.565,6357721.3
2023-08-01 00:00:00+00:00,2.565,2.572,2.45,2.493,11046910.5
2023-08-01 06:00:00+00:00,2.492,2.544,2.487,2.497,9512513.2
2023-08-01 12:00:00+00:00,2.497,2.505,2.366,2.431,17663468.0
2023-08-01 18:00:00+00:00,2.43,2.492,2.424,2.492,7036014.5
2023-08-02 00:00:00+00:00,2.491,2.508,2.434,2.454,11041011.4
2023-08-02 06:00:00+00:00,2.454,2.546,2.419,2.544,9531880.7
2023-08-02 12:00:00+00:00,2.544,2.613,2.488,2.52,31260372.8
2023-08-02 18:00:00+00:00,2.521,2.546,2.469,2.471,6602539.0
2023-08-03 00:00:00+00:00,2.471,2.496,2.429,2.442,16962472.9
2023-08-03 06:00:00+00:00,2.442,2.448,2.401,2.432,10348466.5
2023-08-03 12:00:00+00:00,2.432,2.442,2.393,2.409,10122755.2
2023-08-03 18:00:00+00:00,2.409,2.442,2.395,2.406,5078721.5
2023-08-04 00:00:00+00:00,2.406,2.443,2.382,2.404,14958177.9
2023-08-04 06:00:00+00:00,2.404,2.445,2.354,2.389,12259329.8
2023-08-04 12:00:00+00:00,2.389,2.584,2.386,2.479,17809890.6
2023-08-04 18:00:00+00:00,2.479,2.52,2.43,2.495,10768777.2
2023-08-05 00:00:00+00:00,2.496,2.539,2.458,2.494,12483781.8
2023-08-05 06:00:00+00:00,2.493,2.53,2.465,2.502,5920909.8
2023-08-05 12:00:00+00:00,2.502,2.55,2.475,2.51,9163400.8
2023-08-05 18:00:00+00:00,2.511,2.544,2.502,2.542,3215720.8
2023-08-06 00:00:00+00:00,2.541,2.596,2.529,2.591,10210378.9
2023-08-06 06:00:00+00:00,2.591,2.599,2.517,2.58,8415170.2
2023-08-06 12:00:00+00:00,2.58,2.588,2.524,2.548,5256520.5
2023-08-06 18:00:00+00:00,2.548,2.568,2.533,2.544,3198193.8
2023-08-07 00:00:00+00:00,2.544,2.647,2.542,2.601,8223251.1
2023-08-07 06:00:00+00:00,2.602,2.606,2.518,2.563,7676243.5
2023-08-07 12:00:00+00:00,2.564,2.6,2.456,2.504,10098748.1
2023-08-07 18:00:00+00:00,2.505,2.548,2.502,2.521,3393665.2
2023-08-08 00:00:00+00:00,2.521,2.536,2.474,2.486,4184957.3
2023-08-08 06:00:00+00:00,2.485,2.492,2.435,2.49,8513587.6
2023-08-08 12:00:00+00:00,2.49,2.595,2.483,2.592,10866942.5
2023-08-08 18:00:00+00:00,2.593,2.619,2.562,2.582,4673884.6
2023-08-09 00:00:00+00:00,2.583,2.626,2.564,2.609,5265973.3
2023-08-09 06:00:00+00:00,2.609,2.64,2.594,2.623,5796289.1
2023-08-09 12:00:00+00:00,2.624,2.63,2.576,2.596,9045509.8
2023-08-09 18:00:00+00:00,2.596,2.623,2.565,2.593,6325949.8
2023-08-10 00:00:00+00:00,2.593,2.626,2.577,2.615,3692749.4
2023-08-10 06:00:00+00:00,2.615,2.657,2.591,2.591,8430968.8
2023-08-10 12:00:00+00:00,2.591,2.623,2.573,2.588,5959777.7
2023-08-10 18:00:00+00:00,2.587,2.608,2.554,2.587,3809377.1
2023-08-11 00:00:00+00:00,2.586,2.605,2.564,2.601,5185180.5
2023-08-11 06:00:00+00:00,2.6,2.602,2.568,2.571,2709133.8
2023-08-11 12:00:00+00:00,2.571,2.577,2.53,2.539,4436834.9
2023-08-11 18:00:00+00:00,2.538,2.546,2.521,2.544,1547039.9
2023-08-12 00:00:00+00:00,2.545,2.555,2.516,2.528,5842966.4
2023-08-12 06:00:00+00:00,2.528,2.551,2.522,2.543,1560010.7
2023-08-12 12:00:00+00:00,2.543,2.565,2.537,2.55,1730850.2
2023-08-12 18:00:00+00:00,2.55,2.554,2.526,2.546,1304006.3
2023-08-13 00:00:00+00:00,2.547,2.549,2.517,2.519,1940671.3
2023-08-13 06:00:00+00:00,2.518,2.534,2.49,2.496,2868544.4
2023-08-13 12:00:00+00:00,2.496,2.507,2.476,2.505,2932865.1
2023-08-13 18:00:00+00:00,2.505,2.535,2.488,2.496,2717714.8
2023-08-14 00:00:00+00:00,2.497,2.521,2.476,2.502,2612278.9
2023-08-14 06:00:00+00:00,2.502,2.512,2.483,2.496,1910640.6
2023-08-14 12:00:00+00:00,2.495,2.545,2.48,2.487,3461061.5
2023-08-14 18:00:00+00:00,2.486,2.496,2.463,2.485,2301664.2
2023-08-15 00:00:00+00:00,2.485,2.495,2.425,2.434,2763008.5
2023-08-15 06:00:00+00:00,2.435,2.513,2.431,2.461,9233004.6
2023-08-15 12:00:00+00:00,2.46,2.469,2.398,2.416,5739676.0
2023-08-15 18:00:00+00:00,2.416,2.417,2.207,2.341,8504414.4
2023-08-16 00:00:00+00:00,2.341,2.352,2.305,2.31,3377483.9
2023-08-16 06:00:00+00:00,2.31,2.342,2.285,2.335,3350424.2
2023-08-16 12:00:00+00:00,2.336,2.379,2.302,2.374,8569238.0
2023-08-16 18:00:00+00:00,2.373,2.377,2.25,2.31,7716896.8
2023-08-17 00:00:00+00:00,2.31,2.352,2.27,2.329,5019419.5
2023-08-17 06:00:00+00:00,2.328,2.33,2.256,2.257,3385330.5
2023-08-17 12:00:00+00:00,2.257,2.274,2.208,2.244,8885727.1
2023-08-17 18:00:00+00:00,2.245,2.249,1.85,2.073,17030129.9
2023-08-18 00:00:00+00:00,2.073,2.115,2.041,2.101,7767288.1
2023-08-18 06:00:00+00:00,2.102,2.185,2.098,2.166,5171031.8
2023-08-18 12:00:00+00:00,2.166,2.178,2.115,2.158,5172017.5
2023-08-18 18:00:00+00:00,2.158,2.19,2.15,2.176,2486666.3
2023-08-19 00:00:00+00:00,2.176,2.216,2.167,2.171,2855228.4
2023-08-19 06:00:00+00:00,2.17,2.2,2.164,2.196,2147309.6
2023-08-19 12:00:00+00:00,2.196,2.247,2.193,2.233,2568375.8
2023-08-19 18:00:00+00:00,2.233,2.246,2.219,2.243,1837657.4
2023-08-20 00:00:00+00:00,2.242,2.248,2.213,2.213,1572695.5
2023-08-20 06:00:00+00:00,2.214,2.259,2.203,2.244,4378093.4
2023-08-20 12:00:00+00:00,2.245,2.245,2.162,2.176,3788716.8
2023-08-20 18:00:00+00:00,2.177,2.184,2.135,2.141,3341150.4
2023-08-21 00:00:00+00:00,2.141,2.153,2.121,2.136,3082343.4
2023-08-21 06:00:00+00:00,2.137,2.144,2.075,2.103,5495582.5
2023-08-21 12:00:00+00:00,2.103,2.133,2.055,2.102,6209204.7
2023-08-21 18:00:00+00:00,2.102,2.112,2.087,2.089,2053967.2
2023-08-22 00:00:00+00:00,2.088,2.098,2.058,2.072,2109245.3
2023-08-22 06:00:00+00:00,2.072,2.116,2.072,2.087,3935105.4
2023-08-22 12:00:00+00:00,2.086,2.098,2.013,2.02,7561312.5
2023-08-22 18:00:00+00:00,2.02,2.078,1.979,2.069,5652879.3
2023-08-23 00:00:00+00:00,2.069,2.1,2.066,2.075,2561439.1
2023-08-23 06:00:00+00:00,2.075,2.098,2.073,2.077,2811035.1
2023-08-23 12:00:00+00:00,2.076,2.24,2.062,2.23,8015324.5
2023-08-23 18:00:00+00:00,2.23,2.231,2.127,2.133,6541436.0
2023-08-24 00:00:00+00:00,2.133,2.149,2.114,2.145,4501657.5
2023-08-24 06:00:00+00:00,2.145,2.152,2.11,2.112,3441067.9
2023-08-24 12:00:00+00:00,2.112,2.114,2.047,2.07,6071751.1
2023-08-24 18:00:00+00:00,2.071,2.084,2.036,2.071,3551854.9
2023-08-25 00:00:00+00:00,2.071,2.078,1.999,2.061,9258068.5
2023-08-25 06:00:00+00:00,2.062,2.069,2.038,2.04,4122282.8
2023-08-25 12:00:00+00:00,2.039,2.07,2.014,2.022,6147394.9
2023-08-25 18:00:00+00:00,2.022,2.1,2.016,2.061,2272398.7
2023-08-26 00:00:00+00:00,2.061,2.073,2.046,2.055,2336907.6
2023-08-26 06:00:00+00:00,2.056,2.075,2.051,2.072,1414032.4
2023-08-26 12:00:00+00:00,2.072,2.086,2.063,2.071,1793025.6
2023-08-26 18:00:00+00:00,2.07,2.077,2.061,2.07,1135076.1
2023-08-27 00:00:00+00:00,2.07,2.09,2.066,2.079,1433152.2
2023-08-27 06:00:00+00:00,2.078,2.09,2.066,2.08,2306880.4
2023-08-27 12:00:00+00:00,2.08,2.155,2.076,2.102,7765036.8
2023-08-27 18:00:00+00:00,2.102,2.118,2.089,2.108,1883080.0
2023-08-28 00:00:00+00:00,2.107,2.116,2.071,2.102,3978179.0
2023-08-28 06:00:00+00:00,2.102,2.129,2.088,2.116,5490409.6
2023-08-28 12:00:00+00:00,2.116,2.144,2.098,2.119,3069997.7
2023-08-28 18:00:00+00:00,2.119,2.12,2.073,2.075,2330760.4
2023-08-29 00:00:00+00:00,2.075,2.088,2.064,2.078,4845877.3
2023-08-29 06:00:00+00:00,2.079,2.08,2.026,2.036,2764823.5
2023-08-29 12:00:00+00:00,2.036,2.139,2.035,2.093,15093596.3
2023-08-29 18:00:00+00:00,2.092,2.1,2.052,2.057,4058822.8
2023-08-30 00:00:00+00:00,2.057,2.084,2.035,2.054,5818253.6
2023-08-30 06:00:00+00:00,2.053,2.074,2.034,2.037,3799143.2
2023-08-30 12:00:00+00:00,2.036,2.052,2.006,2.016,7146682.6
2023-08-30 18:00:00+00:00,2.016,2.017,1.985,1.989,3290460.8
2023-08-31 00:00:00+00:00,1.989,1.989,1.932,1.981,7630991.2
2023-08-31 06:00:00+00:00,1.981,2.02,1.949,2.006,7969742.4
2023-08-31 12:00:00+00:00,2.006,2.027,1.883,1.982,16657510.6
2023-08-31 18:00:00+00:00,1.982,1.984,1.909,1.925,6836540.8
2023-09-01 00:00:00+00:00,1.925,1.953,1.922,1.941,3306763.7
2023-09-01 06:00:00+00:00,1.94,1.945,1.923,1.933,3131769.5
2023-09-01 12:00:00+00:00,1.932,1.946,1.895,1.912,7674751.2
2023-09-01 18:00:00+00:00,1.913,1.958,1.908,1.933,4940018.2
2023-09-02 00:00:00+00:00,1.933,1.945,1.923,1.932,2256276.1
2023-09-02 06:00:00+00:00,1.931,1.951,1.904,1.949,3136745.9
2023-09-02 12:00:00+00:00,1.948,1.983,1.937,1.961,5007966.5
2023-09-02 18:00:00+00:00,1.962,1.973,1.946,1.968,2485004.1
2023-09-03 00:00:00+00:00,1.969,1.984,1.959,1.972,2016863.7
2023-09-03 06:00:00+00:00,1.971,2.016,1.964,1.992,9366620.1
2023-09-03 12:00:00+00:00,1.992,2.036,1.945,1.961,8605073.5
2023-09-03 18:00:00+00:00,1.96,2.026,1.959,2.0,6201812.9
2023-09-04 00:00:00+00:00,1.999,2.195,1.995,2.098,19426493.3
2023-09-04 06:00:00+00:00,2.099,2.299,2.081,2.199,40667335.5
2023-09-04 12:00:00+00:00,2.198,2.236,2.132,2.189,23914569.0
2023-09-04 18:00:00+00:00,2.19,2.199,2.14,2.182,7669365.8
2023-09-05 00:00:00+00:00,2.182,2.224,2.124,2.15,12627817.1
2023-09-05 06:00:00+00:00,2.149,2.242,2.141,2.235,9661119.5
2023-09-05 12:00:00+00:00,2.234,2.306,2.183,2.282,17920351.7
2023-09-05 18:00:00+00:00,2.283,2.284,2.254,2.256,5260671.9
2023-09-06 00:00:00+00:00,2.257,2.35,2.209,2.267,12847818.0
2023-09-06 06:00:00+00:00,2.267,2.547,2.263,2.495,63133624.9
2023-09-06 12:00:00+00:00,2.495,2.502,2.294,2.361,44376585.0
2023-09-06 18:00:00+00:00,2.361,2.378,2.265,2.286,9069115.6
2023-09-07 00:00:00+00:00,2.285,2.329,2.282,2.306,8460451.5
2023-09-07 06:00:00+00:00,2.306,2.356,2.267,2.322,15023471.3
2023-09-07 12:00:00+00:00,2.322,2.37,2.301,2.313,13986212.2
2023-09-07 18:00:00+00:00,2.314,2.328,2.271,2.291,6578216.6
2023-09-08 00:00:00+00:00,2.291,2.319,2.227,2.233,7086011.4
2023-09-08 06:00:00+00:00,2.233,2.272,2.172,2.18,9896166.2
2023-09-08 12:00:00+00:00,2.179,2.202,2.171,2.193,4236297.2
2023-09-08 18:00:00+00:00,2.194,2.201,2.143,2.172,4048241.3
2023-09-09 00:00:00+00:00,2.172,2.263,2.129,2.175,11609546.5
2023-09-09 06:00:00+00:00,2.175,2.189,2.164,2.166,2847296.0
2023-09-09 12:00:00+00:00,2.165,2.184,2.145,2.171,3183844.1
2023-09-09 18:00:00+00:00,2.171,2.193,2.162,2.173,1873084.1
2023-09-10 00:00:00+00:00,2.172,2.182,2.05,2.118,7683348.9
2023-09-10 06:00:00+00:00,2.118,2.193,2.113,2.163,5948840.7
2023-09-10 12:00:00+00:00,2.163,2.169,2.108,2.132,5612874.3
2023-09-10 18:00:00+00:00,2.132,2.159,2.122,2.137,2774312.2
2023-09-11 00:00:00+00:00,2.137,2.157,2.123,2.156,2958388.8
2023-09-11 06:00:00+00:00,2.157,2.158,2.01,2.065,6902176.5
2023-09-11 12:00:00+00:00,2.064,2.093,2.043,2.079,5805526.8
2023-09-11 18:00:00+00:00,2.079,2.079,2.017,2.041,3485948.7
2023-09-12 00:00:00+00:00,2.042,2.12,2.024,2.088,4950745.4
2023-09-12 06:00:00+00:00,2.088,2.189,2.072,2.123,5613898.4
2023-09-12 12:00:00+00:00,2.124,2.127,2.041,2.042,8347495.9
2023-09-12 18:00:00+00:00,2.043,2.085,2.027,2.035,2194060.4
2023-09-13 00:00:00+00:00,2.035,2.088,2.026,2.072,3853425.3
2023-09-13 06:00:00+00:00,2.073,2.135,2.055,2.056,6337895.3
2023-09-13 12:00:00+00:00,2.056,2.135,2.044,2.095,6461388.3
2023-09-13 18:00:00+00:00,2.096,2.152,2.081,2.084,4415216.0
2023-09-14 00:00:00+00:00,2.084,2.142,2.074,2.078,3336017.0
2023-09-14 06:00:00+00:00,2.079,2.099,2.062,2.084,2102609.5
2023-09-14 12:00:00+00:00,2.085,2.103,2.066,2.087,3558302.9
2023-09-14 18:00:00+00:00,2.088,2.129,2.074,2.116,2988556.4
2023-09-15 00:00:00+00:00,2.115,2.16,2.108,2.146,2769681.7
2023-09-15 06:00:00+00:00,2.145,2.157,2.105,2.11,2280343.6
2023-09-15 12:00:00+00:00,2.11,2.136,2.106,2.126,2025684.4
2023-09-15 18:00:00+00:00,2.125,2.189,2.123,2.187,2087907.4
2023-09-16 00:00:00+00:00,2.186,2.257,2.185,2.201,3421894.0
2023-09-16 06:00:00+00:00,2.2,2.212,2.184,2.203,1881044.8
2023-09-16 12:00:00+00:00,2.203,2.208,2.173,2.192,1669187.4
2023-09-16 18:00:00+00:00,2.192,2.198,2.176,2.191,1062715.1
2023-09-17 00:00:00+00:00,2.19,2.191,2.118,2.155,2942831.9
2023-09-17 06:00:00+00:00,2.156,2.182,2.144,2.166,989705.3
2023-09-17 12:00:00+00:00,2.167,2.17,2.123,2.126,1530302.6
2023-09-17 18:00:00+00:00,2.126,2.139,2.101,2.129,2020976.0
2023-09-18 00:00:00+00:00,2.129,2.163,2.101,2.153,2524892.5
2023-09-18 06:00:00+00:00,2.154,2.18,2.146,2.168,2528774.3
2023-09-18 12:00:00+00:00,2.168,2.206,2.132,2.149,5707950.3
2023-09-18 18:00:00+00:00,2.149,2.181,2.138,2.164,1511122.3
2023-09-19 00:00:00+00:00,2.163,2.17,2.133,2.154,1685903.3
2023-09-19 06:00:00+00:00,2.155,2.194,2.148,2.162,3119882.3
2023-09-19 12:00:00+00:00,2.162,2.17,2.138,2.147,2421822.3
2023-09-19 18:00:00+00:00,2.147,2.158,2.133,2.153,1060810.9
2023-09-20 00:00:00+00:00,2.153,2.173,2.133,2.144,2155053.7
2023-09-20 06:00:00+00:00,2.145,2.155,2.116,2.134,2598669.0
2023-09-20 12:00:00+00:00,2.133,2.156,2.105,2.149,4428727.7
2023-09-20 18:00:00+00:00,2.149,2.198,2.08,2.103,10497241.1
2023-09-21 00:00:00+00:00,2.103,2.143,2.097,2.126,2952346.6
2023-09-21 06:00:00+00:00,2.126,2.127,2.036,2.057,4028248.8
2023-09-21 12:00:00+00:00,2.057,2.064,2.036,2.047,2894409.4
2023-09-21 18:00:00+00:00,2.048,2.064,2.025,2.051,1728064.4
2023-09-22 00:00:00+00:00,2.052,2.084,2.032,2.082,2253044.4
2023-09-22 06:00:00+00:00,2.082,2.109,2.077,2.106,1457517.3
2023-09-22 12:00:00+00:00,2.106,2.125,2.089,2.111,3484314.0
2023-09-22 18:00:00+00:00,2.112,2.128,2.099,2.124,1811186.9
2023-09-23 00:00:00+00:00,2.124,2.14,2.108,2.13,2682506.7
2023-09-23 06:00:00+00:00,2.131,2.139,2.11,2.112,1438821.3
2023-09-23 12:00:00+00:00,2.112,2.115,1.949,1.999,11929420.6
2023-09-23 18:00:00+00:00,1.999,2.013,1.985,2.001,3524579.3
2023-09-24 00:00:00+00:00,2.002,2.003,1.945,1.973,5119089.7
2023-09-24 06:00:00+00:00,1.974,1.985,1.964,1.978,2843864.4
2023-09-24 12:00:00+00:00,1.979,1.98,1.957,1.973,3053041.1
2023-09-24 18:00:00+00:00,1.974,1.982,1.933,1.951,4192343.8
2023-09-25 00:00:00+00:00,1.952,1.978,1.923,1.96,3877815.8
2023-09-25 06:00:00+00:00,1.96,1.998,1.957,1.978,4353595.2
2023-09-25 12:00:00+00:00,1.977,1.998,1.97,1.996,3010501.0
2023-09-25 18:00:00+00:00,1.996,2.002,1.974,1.985,1905084.3
2023-09-26 00:00:00+00:00,1.985,1.997,1.98,1.983,1476081.7
2023-09-26 06:00:00+00:00,1.983,1.987,1.958,1.986,2033009.1
2023-09-26 12:00:00+00:00,1.986,1.994,1.97,1.984,2516709.8
2023-09-26 18:00:00+00:00,1.983,1.992,1.961,1.989,1572732.1
2023-09-27 00:00:00+00:00,1.988,2.021,1.985,2.008,2687733.6
2023-09-27 06:00:00+00:00,2.008,2.063,2.0,2.049,4442552.5
2023-09-27 12:00:00+00:00,2.048,2.067,2.005,2.055,7817206.0
2023-09-27 18:00:00+00:00,2.054,2.072,2.007,2.025,6487621.8
2023-09-28 00:00:00+00:00,2.025,2.044,1.987,2.007,2790981.5
2023-09-28 06:00:00+00:00,2.007,2.031,2.001,2.018,2711989.1
2023-09-28 12:00:00+00:00,2.018,2.104,2.007,2.085,7981197.1
2023-09-28 18:00:00+00:00,2.085,2.098,2.052,2.07,2691749.1
2023-09-29 00:00:00+00:00,2.071,2.095,2.04,2.088,2420607.7
2023-09-29 06:00:00+00:00,2.087,2.123,2.053,2.062,6373646.3
2023-09-29 12:00:00+00:00,2.061,2.074,2.04,2.052,3017097.9
2023-09-29 18:00:00+00:00,2.052,2.068,2.043,2.056,1594212.6
2023-09-30 00:00:00+00:00,2.057,2.07,2.034,2.046,1934553.6
2023-09-30 06:00:00+00:00,2.047,2.059,2.041,2.046,1484173.6
2023-09-30 12:00:00+00:00,2.046,2.105,2.043,2.092,2979165.7
2023-09-30 18:00:00+00:00,2.093,2.103,2.072,2.082,1576900.0
2023-10-01 00:00:00+00:00,2.083,2.14,2.076,2.117,2010134.2
2023-10-01 06:00:00+00:00,2.117,2.146,2.103,2.132,2805903.6
2023-10-01 12:00:00+00:00,2.131,2.145,2.107,2.124,3175307.5
2023-10-01 18:00:00+00:00,2.123,2.19,2.098,2.171,4476496.5
2023-10-02 00:00:00+00:00,2.171,2.176,2.131,2.144,2633736.9
2023-10-02 06:00:00+00:00,2.144,2.166,2.142,2.148,2358077.6
2023-10-02 12:00:00+00:00,2.148,2.165,2.082,2.115,4903700.2
2023-10-02 18:00:00+00:00,2.116,2.117,2.042,2.062,3665093.5
2023-10-03 00:00:00+00:00,2.063,2.115,2.056,2.066,4429517.3
2023-10-03 06:00:00+00:00,2.065,2.084,2.038,2.049,2644667.9
2023-10-03 12:00:00+00:00,2.049,2.077,2.024,2.061,4561099.6
2023-10-03 18:00:00+00:00,2.062,2.062,2.025,2.035,2385828.4
2023-10-04 00:00:00+00:00,2.035,2.035,1.954,2.009,4455466.6
2023-10-04 06:00:00+00:00,2.009,2.033,1.997,2.027,1872019.7
2023-10-04 12:00:00+00:00,2.027,2.048,2.005,2.037,3363612.4
2023-10-04 18:00:00+00:00,2.036,2.049,2.023,2.043,1651564.1
2023-10-05 00:00:00+00:00,2.043,2.048,2.016,2.029,6170567.8
2023-10-05 06:00:00+00:00,2.029,2.041,2.018,2.019,1743065.6
2023-10-05 12:00:00+00:00,2.02,2.026,1.977,1.995,3744207.8
2023-10-05 18:00:00+00:00,1.996,1.998,1.97,1.974,2138883.0
2023-10-06 00:00:00+00:00,1.975,1.999,1.962,1.989,1754351.5
2023-10-06 06:00:00+00:00,1.989,2.043,1.985,2.013,3475261.9
2023-10-06 12:00:00+00:00,2.012,2.028,1.985,2.023,4290823.0
2023-10-06 18:00:00+00:00,2.023,2.038,2.018,2.034,1206482.3
2023-10-07 00:00:00+00:00,2.034,2.038,2.0,2.014,1785693.5
2023-10-07 06:00:00+00:00,2.014,2.018,1.993,2.004,1594189.5
2023-10-07 12:00:00+00:00,2.003,2.019,1.998,2.004,1232684.4
2023-10-07 18:00:00+00:00,2.003,2.01,1.991,2.005,718836.6
2023-10-08 00:00:00+00:00,2.005,2.015,1.995,2.004,1039001.5
2023-10-08 06:00:00+00:00,2.004,2.01,1.974,1.982,1550500.3
2023-10-08 12:00:00+00:00,1.981,2.02,1.98,2.011,1508881.9
2023-10-08 18:00:00+00:00,2.01,2.029,1.997,2.025,1389015.3
2023-10-09 00:00:00+00:00,2.024,2.025,1.998,2.008,1567999.9
2023-10-09 06:00:00+00:00,2.009,2.015,1.85,1.924,5099778.6
2023-10-09 12:00:00+00:00,1.923,1.934,1.865,1.927,5123566.5
2023-10-09 18:00:00+00:00,1.926,1.939,1.911,1.924,1418162.4
2023-10-10 00:00:00+00:00,1.924,1.936,1.911,1.932,1384095.8
2023-10-10 06:00:00+00:00,1.931,1.966,1.931,1.955,1736634.9
2023-10-10 12:00:00+00:00,1.955,1.967,1.914,1.916,3784566.6
2023-10-10 18:00:00+00:00,1.916,1.925,1.892,1.922,1648357.3
2023-10-11 00:00:00+00:00,1.923,1.933,1.874,1.91,2676944.1
2023-10-11 06:00:00+00:00,1.911,1.945,1.902,1.937,2021076.5
2023-10-11 12:00:00+00:00,1.937,1.943,1.899,1.911,3664120.1
2023-10-11 18:00:00+00:00,1.911,1.926,1.904,1.925,1316689.3
2023-10-12 00:00:00+00:00,1.926,1.93,1.893,1.91,1569594.1
2023-10-12 06:00:00+00:00,1.91,1.921,1.855,1.879,6090589.0
2023-10-12 12:00:00+00:00,1.879,1.884,1.838,1.864,3878973.7
2023-10-12 18:00:00+00:00,1.864,1.868,1.837,1.847,2002545.8
2023-10-13 00:00:00+00:00,1.846,1.854,1.827,1.828,2433374.0
2023-10-13 06:00:00+00:00,1.829,1.858,1.826,1.85,2023132.3
2023-10-13 12:00:00+00:00,1.85,1.869,1.837,1.844,2705197.8
2023-10-13 18:00:00+00:00,1.843,1.887,1.838,1.873,2451120.5
2023-10-14 00:00:00+00:00,1.872,1.876,1.857,1.859,989540.0
2023-10-14 06:00:00+00:00,1.858,1.87,1.846,1.864,1256660.3
2023-10-14 12:00:00+00:00,1.865,1.875,1.859,1.867,1022178.6
2023-10-14 18:00:00+00:00,1.866,1.867,1.847,1.85,859529.7
2023-10-15 00:00:00+00:00,1.85,1.864,1.84,1.86,1582313.3
2023-10-15 06:00:00+00:00,1.859,1.876,1.855,1.868,1738742.2
2023-10-15 12:00:00+00:00,1.868,1.871,1.846,1.862,1655941.3
2023-10-15 18:00:00+00:00,1.861,1.878,1.856,1.871,1276122.1
2023-10-16 00:00:00+00:00,1.872,1.922,1.865,1.919,2650578.7
2023-10-16 06:00:00+00:00,1.919,1.922,1.897,1.912,1762889.8
2023-10-16 12:00:00+00:00,1.912,1.971,1.884,1.898,6536778.7
2023-10-16 18:00:00+00:00,1.899,1.936,1.899,1.922,1573344.7
2023-10-17 00:00:00+00:00,1.921,1.938,1.916,1.93,1511544.1
2023-10-17 06:00:00+00:00,1.93,1.957,1.913,1.942,2093687.5
2023-10-17 12:00:00+00:00,1.943,1.946,1.868,1.924,4712660.4
2023-10-17 18:00:00+00:00,1.925,1.932,1.907,1.93,1639915.3
2023-10-18 00:00:00+00:00,1.929,1.964,1.924,1.939,2359551.0
2023-10-18 06:00:00+00:00,1.939,1.958,1.923,1.95,2067238.7
2023-10-18 12:00:00+00:00,1.95,1.97,1.938,1.95,3945371.4
2023-10-18 18:00:00+00:00,1.95,1.962,1.903,1.906,2701217.9
2023-10-19 00:00:00+00:00,1.905,1.914,1.852,1.879,4557219.2
2023-10-19 06:00:00+00:00,1.88,1.891,1.866,1.885,2403862.0
2023-10-19 12:00:00+00:00,1.885,1.934,1.876,1.897,5381953.3
2023-10-19 18:00:00+00:00,1.898,1.907,1.884,1.901,1715684.7
2023-10-20 00:00:00+00:00,1.901,1.945,1.891,1.927,2678037.1
2023-10-20 06:00:00+00:00,1.927,1.994,1.923,1.964,4379543.0
2023-10-20 12:00:00+00:00,1.964,1.965,1.939,1.964,2709776.8
2023-10-20 18:00:00+00:00,1.964,1.978,1.954,1.97,1137324.0
2023-10-21 00:00:00+00:00,1.97,1.978,1.947,1.961,1397284.0
2023-10-21 06:00:00+00:00,1.96,2.009,1.959,2.006,2116080.3
2023-10-21 12:00:00+00:00,2.006,2.104,1.994,2.098,5413832.8
2023-10-21 18:00:00+00:00,2.099,2.106,2.058,2.068,3380025.4
2023-10-22 00:00:00+00:00,2.069,2.128,2.052,2.118,2686279.4
2023-10-22 06:00:00+00:00,2.118,2.136,2.06,2.098,5657331.6
2023-10-22 12:00:00+00:00,2.098,2.132,2.074,2.106,4601890.1
2023-10-22 18:00:00+00:00,2.106,2.127,2.079,2.121,2197288.2
2023-10-23 00:00:00+00:00,2.122,2.184,2.113,2.165,4886050.1
2023-10-23 06:00:00+00:00,2.165,2.192,2.118,2.174,5593724.2
2023-10-23 12:00:00+00:00,2.175,2.214,2.147,2.163,5353581.5
2023-10-23 18:00:00+00:00,2.163,2.25,2.127,2.236,6856435.1
2023-10-24 00:00:00+00:00,2.237,2.31,2.225,2.262,6743679.9
2023-10-24 06:00:00+00:00,2.262,2.357,2.231,2.334,5841772.1
2023-10-24 12:00:00+00:00,2.334,2.365,2.166,2.246,8496854.0
2023-10-24 18:00:00+00:00,2.246,2.298,2.216,2.29,3626190.2
2023-10-25 00:00:00+00:00,2.289,2.343,2.273,2.292,4750066.8
2023-10-25 06:00:00+00:00,2.291,2.32,2.251,2.291,4761565.8
2023-10-25 12:00:00+00:00,2.29,2.399,2.29,2.333,8330042.9
2023-10-25 18:00:00+00:00,2.333,2.362,2.316,2.36,3872640.3
2023-10-26 00:00:00+00:00,2.36,2.449,2.347,2.408,4685371.1
2023-10-26 06:00:00+00:00,2.407,2.47,2.34,2.364,6737963.4
2023-10-26 12:00:00+00:00,2.364,2.396,2.255,2.331,7090187.0
2023-10-26 18:00:00+00:00,2.331,2.336,2.296,2.311,2138031.7
2023-10-27 00:00:00+00:00,2.311,2.315,2.257,2.299,2096151.4
2023-10-27 06:00:00+00:00,2.298,2.324,2.278,2.297,2270939.6
2023-10-27 12:00:00+00:00,2.297,2.315,2.22,2.266,3597415.9
2023-10-27 18:00:00+00:00,2.266,2.298,2.22,2.284,2125386.9
2023-10-28 00:00:00+00:00,2.285,2.323,2.278,2.301,1704800.2
2023-10-28 06:00:00+00:00,2.302,2.32,2.28,2.292,1841596.9
2023-10-28 12:00:00+00:00,2.293,2.336,2.26,2.335,2659107.3
2023-10-28 18:00:00+00:00,2.334,2.337,2.309,2.32,1228683.8
2023-10-29 00:00:00+00:00,2.32,2.337,2.274,2.302,2167092.9
2023-10-29 06:00:00+00:00,2.303,2.327,2.296,2.317,1298302.7
2023-10-29 12:00:00+00:00,2.317,2.345,2.309,2.323,1956727.5
2023-10-29 18:00:00+00:00,2.324,2.353,2.311,2.321,1559114.8
2023-10-30 00:00:00+00:00,2.321,2.333,2.283,2.287,1835330.1
2023-10-30 06:00:00+00:00,2.288,2.352,2.27,2.348,2158724.1
2023-10-30 12:00:00+00:00,2.348,2.354,2.261,2.288,2853552.3
2023-10-30 18:00:00+00:00,2.288,2.33,2.281,2.328,1166508.0
2023-10-31 00:00:00+00:00,2.327,2.349,2.287,2.311,1737954.4
2023-10-31 06:00:00+00:00,2.311,2.34,2.25,2.334,3002867.0
2023-10-31 12:00:00+00:00,2.334,2.342,2.171,2.239,5313270.1
2023-10-31 18:00:00+00:00,2.24,2.268,2.227,2.262,1512628.8
2023-11-01 00:00:00+00:00,2.262,2.265,2.187,2.194,1713351.0
2023-11-01 06:00:00+00:00,2.194,2.228,2.182,2.208,1416450.9
2023-11-01 12:00:00+00:00,2.209,2.25,2.173,2.231,3228139.6
2023-11-01 18:00:00+00:00,2.23,2.389,2.222,2.354,5741285.4
2023-11-02 00:00:00+00:00,2.355,2.5,2.337,2.409,6938481.7
2023-11-02 06:00:00+00:00,2.41,2.506,2.391,2.471,7399749.5
2023-11-02 12:00:00+00:00,2.471,2.492,2.303,2.369,9061262.4
2023-11-02 18:00:00+00:00,2.369,2.387,2.32,2.345,4036626.0
2023-11-03 00:00:00+00:00,2.344,2.346,2.252,2.319,2723620.9
2023-11-03 06:00:00+00:00,2.318,2.379,2.314,2.343,3261428.6
2023-11-03 12:00:00+00:00,2.343,2.404,2.315,2.328,3639884.2
2023-11-03 18:00:00+00:00,2.329,2.417,2.326,2.402,2126203.4
2023-11-04 00:00:00+00:00,2.401,2.415,2.379,2.394,1329389.5
2023-11-04 06:00:00+00:00,2.394,2.443,2.383,2.423,1942556.1
2023-11-04 12:00:00+00:00,2.423,2.455,2.372,2.406,2478541.3
2023-11-04 18:00:00+00:00,2.406,2.454,2.378,2.434,1588111.3
2023-11-05 00:00:00+00:00,2.433,2.493,2.407,2.478,3513148.1
2023-11-05 06:00:00+00:00,2.479,2.501,2.446,2.497,3032385.7
2023-11-05 12:00:00+00:00,2.498,2.532,2.416,2.485,4814529.7
2023-11-05 18:00:00+00:00,2.484,2.508,2.418,2.484,2043496.8
2023-11-06 00:00:00+00:00,2.484,2.546,2.458,2.487,2859725.9
2023-11-06 06:00:00+00:00,2.487,2.64,2.481,2.619,4840515.3
2023-11-06 12:00:00+00:00,2.62,2.631,2.551,2.569,3058515.2
2023-11-06 18:00:00+00:00,2.568,2.593,2.544,2.58,2214594.6
2023-11-07 00:00:00+00:00,2.58,2.584,2.487,2.54,2393593.5
2023-11-07 06:00:00+00:00,2.539,2.554,2.465,2.492,2467557.4
2023-11-07 12:00:00+00:00,2.492,2.498,2.395,2.454,2931415.8
2023-11-07 18:00:00+00:00,2.454,2.528,2.454,2.482,2470918.9
2023-11-08 00:00:00+00:00,2.481,2.521,2.456,2.515,1571993.1
2023-11-08 06:00:00+00:00,2.515,2.613,2.506,2.547,3433662.5
2023-11-08 12:00:00+00:00,2.546,2.615,2.523,2.612,3459306.7
2023-11-08 18:00:00+00:00,2.612,2.703,2.61,2.642,4591301.6
2023-11-09 00:00:00+00:00,2.642,2.734,2.625,2.705,3150438.0
2023-11-09 06:00:00+00:00,2.704,2.77,2.693,2.768,3554331.8
2023-11-09 12:00:00+00:00,2.768,2.807,2.248,2.546,12183287.1
2023-11-09 18:00:00+00:00,2.547,2.654,2.446,2.642,3948878.6
2023-11-10 00:00:00+00:00,2.642,2.712,2.611,2.711,3052086.2
2023-11-10 06:00:00+00:00,2.711,2.714,2.59,2.689,2837950.6
2023-11-10 12:00:00+00:00,2.689,2.689,2.544,2.641,4028891.0
2023-11-10 18:00:00+00:00,2.64,2.738,2.634,2.717,2079860.7
2023-11-11 00:00:00+00:00,2.717,2.733,2.573,2.636,2994682.1
2023-11-11 06:00:00+00:00,2.636,2.669,2.607,2.62,1519346.4
2023-11-11 12:00:00+00:00,2.621,2.767,2.607,2.73,3460723.6
2023-11-11 18:00:00+00:00,2.73,2.767,2.636,2.67,2872508.3
2023-11-12 00:00:00+00:00,2.671,2.688,2.571,2.669,2723011.6
2023-11-12 06:00:00+00:00,2.669,2.876,2.661,2.844,4752517.0
2023-11-12 12:00:00+00:00,2.843,2.934,2.793,2.858,6492182.5
2023-11-12 18:00:00+00:00,2.857,2.945,2.839,2.87,4307356.5
2023-11-13 00:00:00+00:00,2.871,2.978,2.762,2.831,4889054.8
2023-11-13 06:00:00+00:00,2.831,2.85,2.71,2.739,3047650.1
2023-11-13 12:00:00+00:00,2.74,2.802,2.67,2.707,4677179.7
2023-11-13 18:00:00+00:00,2.707,2.765,2.563,2.567,4782113.8
2023-11-14 00:00:00+00:00,2.567,2.652,2.517,2.649,3438577.3
2023-11-14 06:00:00+00:00,2.649,2.662,2.544,2.565,2434276.1
2023-11-14 12:00:00+00:00,2.565,2.691,2.551,2.564,4428230.3
2023-11-14 18:00:00+00:00,2.564,2.638,2.425,2.607,4903646.0
2023-11-15 00:00:00+00:00,2.607,2.716,2.603,2.715,2434595.9
2023-11-15 06:00:00+00:00,2.715,2.776,2.689,2.754,4098334.9
2023-11-15 12:00:00+00:00,2.754,2.945,2.721,2.932,8298729.4
2023-11-15 18:00:00+00:00,2.931,3.089,2.905,3.036,11140287.1
2023-11-16 00:00:00+00:00,3.037,3.34,3.018,3.201,15616649.6
2023-11-16 06:00:00+00:00,3.202,3.29,3.128,3.196,10939189.6
2023-11-16 12:00:00+00:00,3.195,3.244,3.017,3.078,15946194.3
2023-11-16 18:00:00+00:00,3.078,3.08,2.84,2.875,10062132.0
2023-11-17 00:00:00+00:00,2.876,3.057,2.875,3.015,14565800.4
2023-11-17 06:00:00+00:00,3.015,3.116,2.912,2.986,8285645.6
2023-11-17 12:00:00+00:00,2.987,3.007,2.771,2.945,9516919.1
2023-11-17 18:00:00+00:00,2.945,3.036,2.917,2.975,5477154.9
2023-11-18 00:00:00+00:00,2.974,2.977,2.812,2.814,4179068.1
2023-11-18 06:00:00+00:00,2.814,2.881,2.754,2.835,4223939.1
2023-11-18 12:00:00+00:00,2.836,2.98,2.733,2.91,8025575.0
2023-11-18 18:00:00+00:00,2.911,2.983,2.88,2.98,3756813.9
2023-11-19 00:00:00+00:00,2.979,2.985,2.856,2.944,3644487.5
2023-11-19 06:00:00+00:00,2.944,3.104,2.942,2.987,6840403.8
2023-11-19 12:00:00+00:00,2.987,3.218,2.961,3.208,7433448.2
2023-11-19 18:00:00+00:00,3.209,3.46,3.205,3.432,17990045.1
2023-11-20 00:00:00+00:00,3.433,3.648,3.392,3.566,20884502.4
2023-11-20 06:00:00+00:00,3.566,3.737,3.52,3.684,22275386.0
2023-11-20 12:00:00+00:00,3.685,3.715,3.38,3.451,32728773.6
2023-11-20 18:00:00+00:00,3.452,3.512,3.31,3.475,9591775.7
2023-11-21 00:00:00+00:00,3.474,3.476,3.335,3.448,8221942.6
2023-11-21 06:00:00+00:00,3.448,3.548,3.361,3.384,9364690.3
2023-11-21 12:00:00+00:00,3.384,3.391,3.11,3.173,16015518.4
2023-11-21 18:00:00+00:00,3.173,3.556,3.112,3.224,24830621.8
2023-11-22 00:00:00+00:00,3.224,3.685,3.217,3.668,16324210.6
2023-11-22 06:00:00+00:00,3.667,3.811,3.558,3.628,23178635.0
2023-11-22 12:00:00+00:00,3.627,3.659,3.371,3.421,25373553.0
2023-11-22 18:00:00+00:00,3.42,3.505,3.389,3.422,7825773.5
2023-11-23 00:00:00+00:00,3.422,3.487,3.34,3.394,6965469.5
2023-11-23 06:00:00+00:00,3.394,3.503,3.358,3.499,8140364.3
2023-11-23 12:00:00+00:00,3.499,3.521,3.356,3.373,8461945.7
2023-11-23 18:00:00+00:00,3.373,3.41,3.346,3.365,3311304.1
2023-11-24 00:00:00+00:00,3.365,3.481,3.35,3.457,4349271.8
2023-11-24 06:00:00+00:00,3.457,3.558,3.433,3.436,7066322.6
2023-11-24 12:00:00+00:00,3.435,3.658,3.431,3.629,9186269.3
2023-11-24 18:00:00+00:00,3.629,3.657,3.527,3.602,4235916.8
2023-11-25 00:00:00+00:00,3.602,3.75,3.564,3.701,4469066.0
2023-11-25 06:00:00+00:00,3.7,3.782,3.659,3.696,5546043.1
2023-11-25 12:00:00+00:00,3.695,3.746,3.63,3.639,4278532.4
2023-11-25 18:00:00+00:00,3.638,3.672,3.612,3.634,2284355.1
2023-11-26 00:00:00+00:00,3.634,3.649,3.542,3.578,3165681.4
2023-11-26 06:00:00+00:00,3.577,3.588,3.491,3.501,3070351.6
2023-11-26 12:00:00+00:00,3.501,3.514,3.37,3.427,6195362.2
2023-11-26 18:00:00+00:00,3.427,3.473,3.416,3.434,2549739.1
2023-11-27 00:00:00+00:00,3.435,3.475,3.353,3.361,2687028.3
2023-11-27 06:00:00+00:00,3.361,3.393,3.244,3.262,4805687.5
2023-11-27 12:00:00+00:00,3.263,3.37,3.252,3.283,6045663.0
2023-11-27 18:00:00+00:00,3.282,3.31,3.182,3.289,3611810.3
2023-11-28 00:00:00+00:00,3.289,3.338,3.208,3.212,2658492.9
2023-11-28 06:00:00+00:00,3.212,3.336,3.208,3.332,3584523.0
2023-11-28 12:00:00+00:00,3.332,3.384,3.251,3.382,4864030.0
2023-11-28 18:00:00+00:00,3.382,3.431,3.336,3.408,3670815.4
2023-11-29 00:00:00+00:00,3.407,3.426,3.368,3.406,2100101.7
2023-11-29 06:00:00+00:00,3.405,3.536,3.372,3.377,5599363.9
2023-11-29 12:00:00+00:00,3.377,3.43,3.288,3.349,4489669.3
2023-11-29 18:00:00+00:00,3.349,3.379,3.328,3.354,1583605.6
2023-11-30 00:00:00+00:00,3.353,3.394,3.296,3.325,3220655.1
2023-11-30 06:00:00+00:00,3.325,3.359,3.297,3.354,2041396.8
2023-11-30 12:00:00+00:00,3.354,3.36,3.271,3.337,2887107.7
2023-11-30 18:00:00+00:00,3.337,3.34,3.298,3.312,1506993.7
2023-12-01 00:00:00+00:00,3.312,3.353,3.271,3.326,2347974.5
2023-12-01 06:00:00+00:00,3.326,3.424,3.311,3.397,2632113.7
2023-12-01 12:00:00+00:00,3.398,3.403,3.313,3.334,2467060.6
2023-12-01 18:00:00+00:00,3.334,3.458,3.325,3.422,3121896.8
2023-12-02 00:00:00+00:00,3.421,3.545,3.41,3.498,4285317.1
2023-12-02 06:00:00+00:00,3.499,3.618,3.499,3.552,3814774.3
2023-12-02 12:00:00+00:00,3.552,3.712,3.552,3.63,5333097.4
2023-12-02 18:00:00+00:00,3.63,3.69,3.595,3.648,3826570.8
2023-12-03 00:00:00+00:00,3.648,3.75,3.646,3.726,3892972.4
2023-12-03 06:00:00+00:00,3.726,3.921,3.676,3.861,7163445.7
2023-12-03 12:00:00+00:00,3.861,3.983,3.787,3.858,8080990.7
2023-12-03 18:00:00+00:00,3.858,3.97,3.81,3.822,5104446.7
2023-12-04 00:00:00+00:00,3.821,3.913,3.786,3.814,3644545.6
2023-12-04 06:00:00+00:00,3.815,3.932,3.508,3.705,8190014.0
2023-12-04 12:00:00+00:00,3.705,3.761,3.624,3.708,4654771.1
2023-12-04 18:00:00+00:00,3.709,3.75,3.674,3.744,2000309.2
2023-12-05 00:00:00+00:00,3.744,3.798,3.64,3.672,2795438.0
2023-12-05 06:00:00+00:00,3.671,3.726,3.529,3.565,4565212.8
2023-12-05 12:00:00+00:00,3.564,3.683,3.517,3.678,3733561.6
2023-12-05 18:00:00+00:00,3.678,4.165,3.639,4.055,18376710.2
2023-12-06 00:00:00+00:00,4.055,4.065,3.765,3.837,7123097.2
2023-12-06 06:00:00+00:00,3.838,3.854,3.662,3.731,4979642.2
2023-12-06 12:00:00+00:00,3.73,3.8,3.663,3.724,5358899.7
2023-12-06 18:00:00+00:00,3.725,3.769,3.628,3.661,3406898.4
2023-12-07 00:00:00+00:00,3.661,3.883,3.645,3.828,5577936.4
2023-12-07 06:00:00+00:00,3.829,3.837,3.634,3.694,5316514.7
2023-12-07 12:00:00+00:00,3.693,3.871,3.665,3.786,5339329.8
2023-12-07 18:00:00+00:00,3.787,3.796,3.666,3.743,3004860.3
2023-12-08 00:00:00+00:00,3.742,3.844,3.709,3.841,2328026.3
2023-12-08 06:00:00+00:00,3.842,3.875,3.749,3.838,5057060.2
2023-12-08 12:00:00+00:00,3.838,3.881,3.763,3.79,3338937.6
2023-12-08 18:00:00+00:00,3.791,3.879,3.777,3.853,1962799.5
2023-12-09 00:00:00+00:00,3.853,3.933,3.822,3.834,2152358.0
2023-12-09 06:00:00+00:00,3.835,3.947,3.71,3.839,7414756.2
2023-12-09 12:00:00+00:00,3.84,3.861,3.731,3.746,3268633.5
2023-12-09 18:00:00+00:00,3.747,3.926,3.73,3.888,3790871.4
2023-12-10 00:00:00+00:00,3.888,4.357,3.865,4.075,14194721.3
2023-12-10 06:00:00+00:00,4.076,4.116,3.949,4.074,7912541.3
2023-12-10 12:00:00+00:00,4.075,4.341,4.075,4.256,17016063.1
2023-12-10 18:00:00+00:00,4.256,4.479,4.246,4.394,14894583.1
2023-12-11 00:00:00+00:00,4.394,4.68,3.85,4.372,26245157.5
2023-12-11 06:00:00+00:00,4.37,4.7,4.205,4.676,17607164.3
2023-12-11 12:00:00+00:00,4.675,4.738,4.438,4.469,20317551.4
2023-12-11 18:00:00+00:00,4.47,4.68,4.378,4.537,14309974.8
2023-12-12 00:00:00+00:00,4.536,4.956,4.5,4.828,10165049.1
2023-12-12 06:00:00+00:00,4.829,4.829,4.638,4.729,6325857.1
2023-12-12 12:00:00+00:00,4.729,4.823,4.124,4.201,18768698.8
2023-12-12 18:00:00+00:00,4.202,4.337,4.195,4.234,6104646.1
2023-12-13 00:00:00+00:00,4.234,4.257,3.969,4.049,8169919.1
2023-12-13 06:00:00+00:00,4.049,4.283,3.933,4.268,9805912.5
2023-12-13 12:00:00+00:00,4.267,4.399,4.23,4.315,9257641.2
2023-12-13 18:00:00+00:00,4.314,4.528,4.282,4.377,6717251.8
2023-12-14 00:00:00+00:00,4.377,4.403,4.189,4.285,7233762.4
2023-12-14 06:00:00+00:00,4.285,4.39,4.218,4.334,4198153.9
2023-12-14 12:00:00+00:00,4.333,4.35,4.033,4.27,6696027.5
2023-12-14 18:00:00+00:00,4.27,4.394,4.238,4.327,4745262.7
2023-12-15 00:00:00+00:00,4.327,4.339,4.174,4.181,3506476.3
2023-12-15 06:00:00+00:00,4.181,4.32,4.172,4.241,3422034.4
2023-12-15 12:00:00+00:00,4.241,4.249,4.062,4.147,4916991.5
2023-12-15 18:00:00+00:00,4.148,4.218,4.006,4.021,2979024.4
2023-12-16 00:00:00+00:00,4.021,4.157,3.95,4.125,3039228.8
2023-12-16 06:00:00+00:00,4.124,4.142,4.065,4.12,2491253.4
2023-12-16 12:00:00+00:00,4.12,4.215,4.086,4.176,2938264.9
2023-12-16 18:00:00+00:00,4.175,4.19,4.026,4.062,2507527.8
2023-12-17 00:00:00+00:00,4.061,4.1,3.925,3.955,2582998.1
2023-12-17 06:00:00+00:00,3.955,3.99,3.916,3.971,2246354.0
2023-12-17 12:00:00+00:00,3.971,3.978,3.872,3.938,3407483.7
2023-12-17 18:00:00+00:00,3.939,3.958,3.759,3.774,3073853.1
2023-12-18 00:00:00+00:00,3.774,3.817,3.605,3.614,5179382.9
2023-12-18 06:00:00+00:00,3.614,3.674,3.415,3.526,8643807.3
2023-12-18 12:00:00+00:00,3.526,3.644,3.499,3.612,3965848.0
2023-12-18 18:00:00+00:00,3.612,3.72,3.573,3.706,3061264.7
2023-12-19 00:00:00+00:00,3.705,3.818,3.682,3.694,3048165.0
2023-12-19 06:00:00+00:00,3.695,3.771,3.661,3.692,2650197.3
2023-12-19 12:00:00+00:00,3.692,3.734,3.564,3.57,3256412.6
2023-12-19 18:00:00+00:00,3.569,3.649,3.553,3.602,1999470.7
2023-12-20 00:00:00+00:00,3.601,3.785,3.587,3.757,3263187.9
2023-12-20 06:00:00+00:00,3.756,3.799,3.703,3.742,3222962.0
2023-12-20 12:00:00+00:00,3.741,3.848,3.709,3.843,3406127.7
2023-12-20 18:00:00+00:00,3.842,3.845,3.693,3.727,4573753.0
2023-12-21 00:00:00+00:00,3.727,3.832,3.702,3.776,2689976.1
2023-12-21 06:00:00+00:00,3.776,3.951,3.765,3.905,3163278.2
2023-12-21 12:00:00+00:00,3.904,3.923,3.775,3.833,4544426.2
2023-12-21 18:00:00+00:00,3.834,3.893,3.8,3.817,3089290.1
2023-12-22 00:00:00+00:00,3.817,4.002,3.817,3.972,3802076.5
2023-12-22 06:00:00+00:00,3.971,4.108,3.828,4.022,9251193.3
2023-12-22 12:00:00+00:00,4.022,4.11,3.932,4.107,4639910.9
2023-12-22 18:00:00+00:00,4.107,4.23,4.069,4.226,4577566.6
2023-12-23 00:00:00+00:00,4.227,4.256,3.976,4.041,5021105.2
2023-12-23 06:00:00+00:00,4.04,4.079,3.965,3.979,3228907.3
2023-12-23 12:00:00+00:00,3.979,4.118,3.979,4.086,2312027.5
2023-12-23 18:00:00+00:00,4.086,4.167,4.021,4.043,3479332.3
2023-12-24 00:00:00+00:00,4.044,4.146,4.001,4.087,3242277.9
2023-12-24 06:00:00+00:00,4.088,4.187,4.015,4.069,4244739.6
2023-12-24 12:00:00+00:00,4.069,4.235,4.058,4.201,3170541.8
2023-12-24 18:00:00+00:00,4.202,4.239,3.973,4.091,3558019.9
2023-12-25 00:00:00+00:00,4.091,4.263,4.059,4.258,3560039.7
2023-12-25 06:00:00+00:00,4.259,4.262,4.097,4.106,2922668.1
2023-12-25 12:00:00+00:00,4.106,4.17,4.037,4.063,3332482.3
2023-12-25 18:00:00+00:00,4.064,4.085,3.956,4.057,3430567.5
2023-12-26 00:00:00+00:00,4.057,4.106,3.955,3.994,2887480.5
2023-12-26 06:00:00+00:00,3.993,4.014,3.915,4.005,3434763.3
2023-12-26 12:00:00+00:00,4.002,4.051,3.585,3.759,6385976.7
2023-12-26 18:00:00+00:00,3.759,3.873,3.749,3.863,3032180.4
2023-12-27 00:00:00+00:00,3.863,3.91,3.743,3.856,2376043.3
2023-12-27 06:00:00+00:00,3.856,4.064,3.831,4.037,3165247.2
2023-12-27 12:00:00+00:00,4.037,4.379,4.0,4.248,7474824.7
2023-12-27 18:00:00+00:00,4.248,4.316,4.154,4.163,2903220.0
2023-12-28 00:00:00+00:00,4.164,4.357,4.158,4.235,4228421.8
2023-12-28 06:00:00+00:00,4.234,4.46,4.161,4.404,6722726.5
2023-12-28 12:00:00+00:00,4.403,4.434,4.071,4.136,8322980.4
2023-12-28 18:00:00+00:00,4.137,4.15,4.029,4.05,2752664.2
2023-12-29 00:00:00+00:00,4.05,4.085,3.926,4.044,3079741.0
2023-12-29 06:00:00+00:00,4.044,4.16,3.944,4.129,2727876.1
2023-12-29 12:00:00+00:00,4.129,4.161,3.824,3.878,5878783.0
2023-12-29 18:00:00+00:00,3.876,3.923,3.766,3.892,3022211.5
2023-12-30 00:00:00+00:00,3.893,3.979,3.873,3.92,1701902.8
2023-12-30 06:00:00+00:00,3.92,3.932,3.788,3.822,1399958.4
2023-12-30 12:00:00+00:00,3.822,3.965,3.812,3.92,2152033.8
2023-12-30 18:00:00+00:00,3.918,3.929,3.826,3.861,1503476.1
2023-12-31 00:00:00+00:00,3.861,3.892,3.791,3.836,1235374.8
2023-12-31 06:00:00+00:00,3.836,3.913,3.833,3.866,1218545.9
2023-12-31 12:00:00+00:00,3.866,4.065,3.851,4.014,6687803.1
2023-12-31 18:00:00+00:00,4.014,4.044,3.75,3.868,3804997.4
2024-01-01 00:00:00+00:00,3.867,3.96,3.854,3.875,2193563.7
2024-01-01 06:00:00+00:00,3.875,3.938,3.865,3.888,1493386.1
2024-01-01 12:00:00+00:00,3.889,3.975,3.867,3.941,1489843.1
2024-01-01 18:00:00+00:00,3.942,4.104,3.942,4.092,2457123.6
2024-01-02 00:00:00+00:00,4.093,4.158,4.059,4.118,2196266.1
2024-01-02 06:00:00+00:00,4.117,4.227,4.014,4.036,2865074.8
2024-01-02 12:00:00+00:00,4.035,4.054,3.891,3.929,3036225.8
2024-01-02 18:00:00+00:00,3.929,3.944,3.871,3.898,1691848.3
2024-01-03 00:00:00+00:00,3.898,4.004,3.875,3.977,1971984.7
2024-01-03 06:00:00+00:00,3.977,3.98,3.798,3.825,3667176.9
2024-01-03 12:00:00+00:00,3.826,3.827,3.017,3.516,11962478.5
2024-01-03 18:00:00+00:00,3.515,3.543,3.422,3.489,1973558.1
2024-01-04 00:00:00+00:00,3.489,3.584,3.416,3.58,1537578.8
2024-01-04 06:00:00+00:00,3.58,3.64,3.498,3.571,2240436.2
2024-01-04 12:00:00+00:00,3.57,3.686,3.568,3.599,2468317.4
2024-01-04 18:00:00+00:00,3.598,3.66,3.581,3.622,1869850.5
2024-01-05 00:00:00+00:00,3.622,3.679,3.437,3.496,2982307.8
2024-01-05 06:00:00+00:00,3.495,3.517,3.408,3.418,1953853.7
2024-01-05 12:00:00+00:00,3.418,3.425,3.209,3.307,5787101.4
2024-01-05 18:00:00+00:00,3.307,3.441,3.284,3.431,5715660.4
2024-01-06 00:00:00+00:00,3.431,3.509,3.36,3.4,3662384.1
2024-01-06 06:00:00+00:00,3.401,3.563,3.282,3.494,7015499.0
2024-01-06 12:00:00+00:00,3.495,3.575,3.418,3.473,4907860.1
2024-01-06 18:00:00+00:00,3.473,3.482,3.39,3.459,2302538.4
2024-01-07 00:00:00+00:00,3.459,3.575,3.45,3.517,2101030.6
2024-01-07 06:00:00+00:00,3.518,3.537,3.454,3.485,1981202.6
2024-01-07 12:00:00+00:00,3.486,3.526,3.4,3.451,2236153.8
2024-01-07 18:00:00+00:00,3.451,3.467,3.265,3.304,2588062.2
2024-01-08 00:00:00+00:00,3.305,3.322,3.075,3.317,5648895.0
2024-01-08 06:00:00+00:00,3.316,3.386,3.236,3.337,2973165.5
2024-01-08 12:00:00+00:00,3.337,3.429,3.322,3.427,2889052.3
2024-01-08 18:00:00+00:00,3.426,3.462,3.337,3.358,3119189.5
2024-01-09 00:00:00+00:00,3.357,3.371,3.259,3.339,2577046.5
2024-01-09 06:00:00+00:00,3.339,3.357,3.243,3.302,2392080.2
2024-01-09 12:00:00+00:00,3.302,3.314,3.133,3.191,3894641.1
2024-01-09 18:00:00+00:00,3.191,3.368,3.126,3.326,5790452.3
2024-01-10 00:00:00+00:00,3.326,3.472,3.318,3.432,3201759.1
2024-01-10 06:00:00+00:00,3.431,3.697,3.346,3.643,7508069.8
2024-01-10 12:00:00+00:00,3.643,3.709,3.438,3.665,11553522.9
2024-01-10 18:00:00+00:00,3.666,3.924,3.575,3.864,8241984.9
2024-01-11 00:00:00+00:00,3.865,3.957,3.807,3.916,4239967.5
2024-01-11 06:00:00+00:00,3.916,4.01,3.816,3.994,5329702.4
2024-01-11 12:00:00+00:00,3.994,4.06,3.76,3.919,8752326.6
2024-01-11 18:00:00+00:00,3.919,4.043,3.874,3.937,4000078.9
2024-01-12 00:00:00+00:00,3.937,3.955,3.819,3.875,2033626.6
2024-01-12 06:00:00+00:00,3.874,3.986,3.802,3.936,2534235.2
2024-01-12 12:00:00+00:00,3.935,4.059,3.711,3.818,7323576.8
2024-01-12 18:00:00+00:00,3.817,3.887,3.561,3.75,4212136.6
2024-01-13 00:00:00+00:00,3.75,3.803,3.618,3.742,2713188.2
2024-01-13 06:00:00+00:00,3.742,3.775,3.676,3.705,1706442.5
2024-01-13 12:00:00+00:00,3.705,3.785,3.688,3.751,1656103.0
2024-01-13 18:00:00+00:00,3.75,3.784,3.725,3.762,1048656.2
2024-01-14 00:00:00+00:00,3.761,3.764,3.65,3.71,1407167.7
2024-01-14 06:00:00+00:00,3.709,3.758,3.68,3.693,1181108.4
2024-01-14 12:00:00+00:00,3.692,3.713,3.645,3.669,1680880.7
2024-01-14 18:00:00+00:00,3.67,3.685,3.526,3.542,2093771.2
2024-01-15 00:00:00+00:00,3.543,3.647,3.534,3.624,1135482.3
2024-01-15 06:00:00+00:00,3.624,3.689,3.574,3.66,1335867.4
2024-01-15 12:00:00+00:00,3.661,3.696,3.527,3.564,2130261.0
2024-01-15 18:00:00+00:00,3.565,3.633,3.522,3.549,1642652.4
2024-01-16 00:00:00+00:00,3.55,3.623,3.548,3.584,1150895.0
2024-01-16 06:00:00+00:00,3.584,3.63,3.558,3.602,1325076.0
2024-01-16 12:00:00+00:00,3.602,3.618,3.45,3.566,3378086.8
2024-01-16 18:00:00+00:00,3.567,3.652,3.541,3.635,1889177.5
2024-01-17 00:00:00+00:00,3.634,3.665,3.574,3.582,1047354.4
2024-01-17 06:00:00+00:00,3.582,3.613,3.533,3.587,1475249.6
2024-01-17 12:00:00+00:00,3.587,3.592,3.511,3.59,2528552.9
2024-01-17 18:00:00+00:00,3.59,3.622,3.562,3.589,1266117.4
2024-01-18 00:00:00+00:00,3.59,3.591,3.506,3.548,1284986.5
2024-01-18 06:00:00+00:00,3.549,3.584,3.463,3.474,1723109.4
2024-01-18 12:00:00+00:00,3.474,3.491,3.33,3.365,3021633.9
2024-01-18 18:00:00+00:00,3.365,3.379,3.263,3.363,2049250.3
2024-01-19 00:00:00+00:00,3.364,3.4,3.274,3.398,1664146.6
2024-01-19 06:00:00+00:00,3.397,3.416,3.369,3.376,1436806.8
2024-01-19 12:00:00+00:00,3.375,3.393,3.168,3.276,3659522.3
2024-01-19 18:00:00+00:00,3.276,3.364,3.249,3.355,1615181.4
2024-01-20 00:00:00+00:00,3.354,3.377,3.301,3.318,1300197.0
2024-01-20 06:00:00+00:00,3.317,3.34,3.257,3.272,958031.6
2024-01-20 12:00:00+00:00,3.271,3.314,3.25,3.28,2114334.0
2024-01-20 18:00:00+00:00,3.279,3.342,3.255,3.322,2077441.4
2024-01-21 00:00:00+00:00,3.321,3.335,3.284,3.31,850173.8
2024-01-21 06:00:00+00:00,3.309,3.342,3.29,3.316,718910.1
2024-01-21 12:00:00+00:00,3.316,3.394,3.309,3.345,1656625.2
2024-01-21 18:00:00+00:00,3.345,3.362,3.271,3.278,821283.6
2024-01-22 00:00:00+00:00,3.277,3.313,3.203,3.291,1965718.7
2024-01-22 06:00:00+00:00,3.291,3.349,3.238,3.247,2932021.6
2024-01-22 12:00:00+00:00,3.247,3.411,3.215,3.266,5903428.8
2024-01-22 18:00:00+00:00,3.266,3.334,3.18,3.201,4368613.9
2024-01-23 00:00:00+00:00,3.201,3.241,3.144,3.218,1858532.4
2024-01-23 06:00:00+00:00,3.218,3.244,2.963,3.035,4725648.3
2024-01-23 12:00:00+00:00,3.036,3.123,2.98,3.081,3601260.2
2024-01-23 18:00:00+00:00,3.08,3.117,3.03,3.111,1927374.3
2024-01-24 00:00:00+00:00,3.11,3.141,3.063,3.103,1433315.3
2024-01-24 06:00:00+00:00,3.103,3.214,3.081,3.182,1871317.0
2024-01-24 12:00:00+00:00,3.183,3.211,3.131,3.174,1690936.9
2024-01-24 18:00:00+00:00,3.173,3.219,3.115,3.203,1114684.8
2024-01-25 00:00:00+00:00,3.204,3.224,3.106,3.127,1439388.0
2024-01-25 06:00:00+00:00,3.128,3.188,3.103,3.137,1652116.3
2024-01-25 12:00:00+00:00,3.137,3.151,3.042,3.089,1741537.4
2024-01-25 18:00:00+00:00,3.089,3.149,3.089,3.125,1080563.0
2024-01-26 00:00:00+00:00,3.125,3.185,3.097,3.164,754878.2
2024-01-26 06:00:00+00:00,3.164,3.251,3.126,3.245,1408333.7
2024-01-26 12:00:00+00:00,3.245,3.267,3.202,3.244,1932634.7
2024-01-26 18:00:00+00:00,3.244,3.259,3.188,3.223,1959433.4
2024-01-27 00:00:00+00:00,3.224,3.266,3.215,3.223,856966.8
2024-01-27 06:00:00+00:00,3.224,3.255,3.203,3.24,1146670.4
2024-01-27 12:00:00+00:00,3.24,3.282,3.231,3.242,1753233.4
2024-01-27 18:00:00+00:00,3.241,3.252,3.216,3.235,1200769.7
2024-01-28 00:00:00+00:00,3.235,3.305,3.226,3.274,1067179.2
2024-01-28 06:00:00+00:00,3.274,3.313,3.237,3.25,1289590.6
2024-01-28 12:00:00+00:00,3.251,3.252,3.168,3.204,1984854.7
2024-01-28 18:00:00+00:00,3.204,3.207,3.133,3.172,1218511.3
2024-01-29 00:00:00+00:00,3.173,3.214,3.155,3.189,676846.6
2024-01-29 06:00:00+00:00,3.189,3.225,3.159,3.211,1133863.7
2024-01-29 12:00:00+00:00,3.211,3.232,3.137,3.22,2865133.6
2024-01-29 18:00:00+00:00,3.22,3.265,3.211,3.259,1051104.2
2024-01-30 00:00:00+00:00,3.259,3.27,3.212,3.215,1032055.4
2024-01-30 06:00:00+00:00,3.215,3.299,3.19,3.284,1676755.1
2024-01-30 12:00:00+00:00,3.284,3.299,3.195,3.283,2446452.2
2024-01-30 18:00:00+00:00,3.282,3.289,3.197,3.212,1344743.7
2024-01-31 00:00:00+00:00,3.211,3.226,3.156,3.203,1657534.3
2024-01-31 06:00:00+00:00,3.204,3.205,3.089,3.127,1617587.1
2024-01-31 12:00:00+00:00,3.127,3.153,3.048,3.152,1669094.8
2024-01-31 18:00:00+00:00,3.152,3.155,3.026,3.057,1909887.3
2024-02-01 00:00:00+00:00,3.056,3.08,3.009,3.054,1616804.9
2024-02-01 06:00:00+00:00,3.054,3.072,3.041,3.052,921951.4
2024-02-01 12:00:00+00:00,3.051,3.152,3.044,3.128,2047548.0
2024-02-01 18:00:00+00:00,3.128,3.158,3.105,3.149,1108775.1
2024-02-02 00:00:00+00:00,3.15,3.205,3.141,3.183,1355458.3
2024-02-02 06:00:00+00:00,3.182,3.204,3.164,3.19,1078369.7
2024-02-02 12:00:00+00:00,3.19,3.203,3.125,3.159,1749979.1
2024-02-02 18:00:00+00:00,3.159,3.182,3.145,3.179,680131.4
2024-02-03 00:00:00+00:00,3.178,3.202,3.162,3.187,606987.6
2024-02-03 06:00:00+00:00,3.187,3.189,3.114,3.128,1261750.2
2024-02-03 12:00:00+00:00,3.129,3.158,3.104,3.153,780979.3
2024-02-03 18:00:00+00:00,3.153,3.161,3.101,3.109,845029.8
2024-02-04 00:00:00+00:00,3.11,3.122,3.075,3.091,841399.6
2024-02-04 06:00:00+00:00,3.091,3.108,3.046,3.093,970087.2
2024-02-04 12:00:00+00:00,3.092,3.133,3.09,3.127,1021497.4
2024-02-04 18:00:00+00:00,3.128,3.203,3.09,3.095,2490561.4
2024-02-05 00:00:00+00:00,3.094,3.112,3.032,3.096,1417879.3
2024-02-05 06:00:00+00:00,3.095,3.127,3.081,3.119,1275475.0
2024-02-05 12:00:00+00:00,3.119,3.138,3.047,3.085,2062948.3
2024-02-05 18:00:00+00:00,3.084,3.102,3.044,3.08,1022113.0
2024-02-06 00:00:00+00:00,3.079,3.119,3.072,3.098,848398.6
2024-02-06 06:00:00+00:00,3.098,3.177,3.091,3.141,2004484.7
2024-02-06 12:00:00+00:00,3.142,3.227,3.128,3.156,3668088.3
2024-02-06 18:00:00+00:00,3.157,3.244,3.157,3.216,1964639.6
2024-02-07 00:00:00+00:00,3.216,3.254,3.204,3.237,1392934.2
2024-02-07 06:00:00+00:00,3.236,3.307,3.227,3.262,3647564.9
2024-02-07 12:00:00+00:00,3.262,3.383,3.241,3.359,3434565.2
2024-02-07 18:00:00+00:00,3.358,3.39,3.331,3.345,1973148.3
2024-02-08 00:00:00+00:00,3.344,3.363,3.314,3.34,1110588.4
2024-02-08 06:00:00+00:00,3.339,3.386,3.313,3.361,1355289.3
2024-02-08 12:00:00+00:00,3.362,3.444,3.317,3.344,3249947.6
2024-02-08 18:00:00+00:00,3.344,3.388,3.342,3.345,1260391.2
2024-02-09 00:00:00+00:00,3.346,3.435,3.343,3.427,1403995.9
2024-02-09 06:00:00+00:00,3.427,3.449,3.397,3.448,1432512.5
2024-02-09 12:00:00+00:00,3.447,3.5,3.401,3.473,2747144.3
2024-02-09 18:00:00+00:00,3.473,3.54,3.467,3.483,2649162.2
2024-02-10 00:00:00+00:00,3.482,3.573,3.466,3.49,2115594.7
2024-02-10 06:00:00+00:00,3.49,3.521,3.411,3.482,2360661.3
2024-02-10 12:00:00+00:00,3.481,3.485,3.428,3.442,1841026.3
2024-02-10 18:00:00+00:00,3.443,3.502,3.438,3.459,1253096.2
2024-02-11 00:00:00+00:00,3.46,3.485,3.436,3.478,946268.7
2024-02-11 06:00:00+00:00,3.478,3.514,3.469,3.487,845100.1
2024-02-11 12:00:00+00:00,3.487,3.487,3.401,3.444,1453115.4
2024-02-11 18:00:00+00:00,3.444,3.483,3.41,3.479,1131362.8
2024-02-12 00:00:00+00:00,3.48,3.527,3.454,3.474,1613776.3
2024-02-12 06:00:00+00:00,3.473,3.511,3.369,3.399,1873977.1
2024-02-12 12:00:00+00:00,3.399,3.619,3.381,3.61,3747227.2
2024-02-12 18:00:00+00:00,3.609,3.665,3.526,3.622,2941752.4
2024-02-13 00:00:00+00:00,3.623,3.673,3.59,3.606,1542817.8
2024-02-13 06:00:00+00:00,3.605,3.639,3.561,3.602,2780627.8
2024-02-13 12:00:00+00:00,3.602,3.632,3.466,3.621,4127218.1
2024-02-13 18:00:00+00:00,3.62,3.652,3.586,3.614,1273995.1
2024-02-14 00:00:00+00:00,3.614,3.635,3.578,3.608,1131074.2
2024-02-14 06:00:00+00:00,3.608,3.705,3.596,3.665,2093580.3
2024-02-14 12:00:00+00:00,3.665,3.787,3.613,3.663,5257896.7
2024-02-14 18:00:00+00:00,3.663,3.697,3.641,3.668,1526365.4
2024-02-15 00:00:00+00:00,3.668,3.718,3.635,3.663,1905826.6
2024-02-15 06:00:00+00:00,3.663,3.781,3.657,3.737,2154791.9
2024-02-15 12:00:00+00:00,3.737,3.84,3.688,3.735,3868891.2
2024-02-15 18:00:00+00:00,3.735,3.754,3.633,3.73,2021891.3
2024-02-16 00:00:00+00:00,3.731,3.755,3.692,3.736,1019336.5
2024-02-16 06:00:00+00:00,3.737,3.746,3.635,3.724,1779599.8
2024-02-16 12:00:00+00:00,3.724,3.742,3.539,3.604,4462880.5
2024-02-16 18:00:00+00:00,3.604,3.649,3.583,3.643,959796.4
2024-02-17 00:00:00+00:00,3.644,3.669,3.624,3.655,850407.4
2024-02-17 06:00:00+00:00,3.654,3.693,3.601,3.62,1558988.3
2024-02-17 12:00:00+00:00,3.62,3.65,3.514,3.612,1891912.6
2024-02-17 18:00:00+00:00,3.611,3.678,3.597,3.675,1008326.5
2024-02-18 00:00:00+00:00,3.675,3.71,3.617,3.697,1057970.0
2024-02-18 06:00:00+00:00,3.697,3.747,3.646,3.71,1190142.1
2024-02-18 12:00:00+00:00,3.711,3.741,3.681,3.734,1082144.3
2024-02-18 18:00:00+00:00,3.733,3.8,3.713,3.768,1451402.4
2024-02-19 00:00:00+00:00,3.769,3.914,3.763,3.902,1719373.5
2024-02-19 06:00:00+00:00,3.901,3.939,3.777,3.838,2899557.9
2024-02-19 12:00:00+00:00,3.837,3.876,3.722,3.787,3143337.2
2024-02-19 18:00:00+00:00,3.787,3.903,3.759,3.822,2175208.5
2024-02-20 00:00:00+00:00,3.822,3.851,3.705,3.795,1901280.4
2024-02-20 06:00:00+00:00,3.795,3.854,3.684,3.781,1927195.4
2024-02-20 12:00:00+00:00,3.782,3.859,3.528,3.605,5126114.5
2024-02-20 18:00:00+00:00,3.604,3.733,3.592,3.701,1751694.5
2024-02-21 00:00:00+00:00,3.701,3.715,3.605,3.609,1072594.9
2024-02-21 06:00:00+00:00,3.609,3.625,3.44,3.453,3250653.6
2024-02-21 12:00:00+00:00,3.453,3.507,3.392,3.437,2604946.7
2024-02-21 18:00:00+00:00,3.437,3.544,3.4,3.536,1767239.1
2024-02-22 00:00:00+00:00,3.537,3.542,3.438,3.488,1259124.3
2024-02-22 06:00:00+00:00,3.487,3.612,3.487,3.559,1684473.0
2024-02-22 12:00:00+00:00,3.558,3.619,3.518,3.583,2597648.5
2024-02-22 18:00:00+00:00,3.583,3.602,3.505,3.512,1576086.3
2024-02-23 00:00:00+00:00,3.512,3.567,3.403,3.452,1879955.7
2024-02-23 06:00:00+00:00,3.451,3.484,3.41,3.468,1653754.8
2024-02-23 12:00:00+00:00,3.467,3.868,3.415,3.825,12504058.2
2024-02-23 18:00:00+00:00,3.826,3.832,3.619,3.664,5519579.5
2024-02-24 00:00:00+00:00,3.665,3.895,3.64,3.882,6303126.9
2024-02-24 06:00:00+00:00,3.883,4.168,3.837,3.974,10405278.3
2024-02-24 12:00:00+00:00,3.973,3.978,3.807,3.874,4204515.4
2024-02-24 18:00:00+00:00,3.874,4.093,3.838,4.043,6160731.5
2024-02-25 00:00:00+00:00,4.042,4.074,3.851,3.886,3926339.5
2024-02-25 06:00:00+00:00,3.885,3.973,3.865,3.93,2604400.4
2024-02-25 12:00:00+00:00,3.929,3.951,3.87,3.942,2429660.3
2024-02-25 18:00:00+00:00,3.941,4.005,3.899,3.923,2856731.6
2024-02-26 00:00:00+00:00,3.923,4.143,3.901,4.065,3808498.6
2024-02-26 06:00:00+00:00,4.065,4.136,3.917,4.019,4408666.0
2024-02-26 12:00:00+00:00,4.02,4.203,3.998,4.142,5732657.1
2024-02-26 18:00:00+00:00,4.141,4.176,4.067,4.099,2317609.2
2024-02-27 00:00:00+00:00,4.099,4.15,3.966,4.024,3371925.7
2024-02-27 06:00:00+00:00,4.024,4.068,3.98,4.064,2351822.7
2024-02-27 12:00:00+00:00,4.065,4.072,3.881,3.992,3975337.3
2024-02-27 18:00:00+00:00,3.992,4.021,3.865,3.877,2625020.2
2024-02-28 00:00:00+00:00,3.878,3.947,3.843,3.935,2120688.8
2024-02-28 06:00:00+00:00,3.936,4.022,3.843,3.887,3711141.5
2024-02-28 12:00:00+00:00,3.885,4.079,3.42,3.815,8045978.2
2024-02-28 18:00:00+00:00,3.816,4.053,3.705,3.973,5795171.6
2024-02-29 00:00:00+00:00,3.973,4.129,3.929,4.057,2949841.0
2024-02-29 06:00:00+00:00,4.058,4.337,4.026,4.334,4852552.6
2024-02-29 12:00:00+00:00,4.333,4.564,4.193,4.276,10559407.8
2024-02-29 18:00:00+00:00,4.277,4.312,4.039,4.187,4081693.1
2024-03-01 00:00:00+00:00,4.187,4.42,4.187,4.339,4871087.7
2024-03-01 06:00:00+00:00,4.339,4.478,4.303,4.343,4572464.8
2024-03-01 12:00:00+00:00,4.343,4.57,4.322,4.406,6982999.6
2024-03-01 18:00:00+00:00,4.406,4.574,4.382,4.547,3059639.9
2024-03-02 00:00:00+00:00,4.548,4.665,4.45,4.523,3628347.9
2024-03-02 06:00:00+00:00,4.522,4.66,4.471,4.618,3698592.6
2024-03-02 12:00:00+00:00,4.617,4.746,4.582,4.622,3507812.0
2024-03-02 18:00:00+00:00,4.622,4.658,4.551,4.631,1624334.3
2024-03-03 00:00:00+00:00,4.631,4.737,4.56,4.566,2767677.8
2024-03-03 06:00:00+00:00,4.566,4.575,4.0,4.406,7549913.1
2024-03-03 12:00:00+00:00,4.406,4.551,4.393,4.487,3187715.6
2024-03-03 18:00:00+00:00,4.487,4.508,4.417,4.446,1641102.9
2024-03-04 00:00:00+00:00,4.446,4.511,4.336,4.488,3346037.9
2024-03-04 06:00:00+00:00,4.489,4.569,4.35,4.425,3924289.8
2024-03-04 12:00:00+00:00,4.425,4.598,4.298,4.316,7896772.9
2024-03-04 18:00:00+00:00,4.316,4.469,4.288,4.417,2614374.1
2024-03-05 00:00:00+00:00,4.417,4.565,4.263,4.535,6001588.1
2024-03-05 06:00:00+00:00,4.535,4.699,4.38,4.618,7059760.7
2024-03-05 12:00:00+00:00,4.618,4.705,4.132,4.279,10875968.4
2024-03-05 18:00:00+00:00,4.279,4.28,3.369,4.013,11974605.2
2024-03-06 00:00:00+00:00,4.012,4.164,3.862,4.142,3191849.9
2024-03-06 06:00:00+00:00,4.141,4.335,4.117,4.27,3996758.2
2024-03-06 12:00:00+00:00,4.268,4.348,4.127,4.332,7729636.7
2024-03-06 18:00:00+00:00,4.333,4.445,4.284,4.375,3323556.1
2024-03-07 00:00:00+00:00,4.376,4.545,4.353,4.377,4496803.5
2024-03-07 06:00:00+00:00,4.376,4.56,4.341,4.509,2677668.9
2024-03-07 12:00:00+00:00,4.509,4.52,4.385,4.502,2855714.6
2024-03-07 18:00:00+00:00,4.502,4.591,4.47,4.507,2030909.5
2024-03-08 00:00:00+00:00,4.506,4.592,4.39,4.418,1817153.3
2024-03-08 06:00:00+00:00,4.418,4.466,4.374,4.397,1721261.5
2024-03-08 12:00:00+00:00,4.397,4.429,4.15,4.313,6514370.6
2024-03-08 18:00:00+00:00,4.312,4.324,4.254,4.295,1950147.1
2024-03-09 00:00:00+00:00,4.295,4.387,4.276,4.337,1509274.1
2024-03-09 06:00:00+00:00,4.335,4.42,4.318,4.412,2492137.2
2024-03-09 12:00:00+00:00,4.413,4.483,4.345,4.361,2787679.2
2024-03-09 18:00:00+00:00,4.362,4.369,4.314,4.349,1266415.7
2024-03-10 00:00:00+00:00,4.35,4.413,4.319,4.357,2071670.3
2024-03-10 06:00:00+00:00,4.358,4.532,4.351,4.427,3333082.0
2024-03-10 12:00:00+00:00,4.428,4.457,4.209,4.334,3767547.3
2024-03-10 18:00:00+00:00,4.335,4.379,4.163,4.375,2335946.2
2024-03-11 00:00:00+00:00,4.374,4.429,4.075,4.284,5895845.9
2024-03-11 06:00:00+00:00,4.283,4.519,4.247,4.447,4591714.3
2024-03-11 12:00:00+00:00,4.446,4.643,4.384,4.636,5559990.7
2024-03-11 18:00:00+00:00,4.635,4.784,4.596,4.74,4927089.0
2024-03-12 00:00:00+00:00,4.74,4.918,4.685,4.729,5063550.2
2024-03-12 06:00:00+00:00,4.729,4.814,4.539,4.727,5263507.3
2024-03-12 12:00:00+00:00,4.727,4.855,4.463,4.759,8989100.1
2024-03-12 18:00:00+00:00,4.76,5.158,4.719,5.091,8354637.1
2024-03-13 00:00:00+00:00,5.091,5.216,5.032,5.133,5801576.5
2024-03-13 06:00:00+00:00,5.132,5.293,5.032,5.054,5813260.4
2024-03-13 12:00:00+00:00,5.055,5.069,4.843,4.927,5249763.1
2024-03-13 18:00:00+00:00,4.927,4.989,4.866,4.953,1869825.8
2024-03-14 00:00:00+00:00,4.952,4.998,4.774,4.848,2600082.0
2024-03-14 06:00:00+00:00,4.848,4.92,4.754,4.804,3138013.0
2024-03-14 12:00:00+00:00,4.804,4.841,4.58,4.734,6305364.5
2024-03-14 18:00:00+00:00,4.735,4.917,4.45,4.751,7705610.4
2024-03-15 00:00:00+00:00,4.752,4.805,4.254,4.356,7806681.8
2024-03-15 06:00:00+00:00,4.356,4.504,4.073,4.277,7964416.8
2024-03-15 12:00:00+00:00,4.277,4.351,4.209,4.274,3240317.3
2024-03-15 18:00:00+00:00,4.275,4.426,4.145,4.287,3270936.2
2024-03-16 00:00:00+00:00,4.288,4.353,4.227,4.283,2194832.1
2024-03-16 06:00:00+00:00,4.283,4.417,4.243,4.273,2214912.8
2024-03-16 12:00:00+00:00,4.274,4.274,4.05,4.082,4103064.0
2024-03-16 18:00:00+00:00,4.083,4.102,3.876,4.001,5574939.6
2024-03-17 00:00:00+00:00,4.0,4.085,3.926,4.017,1884950.9
2024-03-17 06:00:00+00:00,4.018,4.11,3.81,4.054,3979614.2
2024-03-17 12:00:00+00:00,4.055,4.187,3.961,4.15,2885857.2
2024-03-17 18:00:00+00:00,4.15,4.171,4.076,4.104,1610419.1
2024-03-18 00:00:00+00:00,4.105,4.225,3.972,4.196,2767521.9
2024-03-18 06:00:00+00:00,4.196,4.199,3.988,4.067,2796817.2
2024-03-18 12:00:00+00:00,4.067,4.084,3.811,3.886,5340583.3
2024-03-18 18:00:00+00:00,3.885,3.927,3.818,3.896,1987414.8
2024-03-19 00:00:00+00:00,3.896,3.94,3.64,3.692,4478492.8
2024-03-19 06:00:00+00:00,3.692,3.705,3.471,3.672,5948882.8
2024-03-19 12:00:00+00:00,3.672,3.804,3.626,3.757,3348881.4
2024-03-19 18:00:00+00:00,3.757,3.777,3.48,3.56,2783402.4
2024-03-20 00:00:00+00:00,3.558,3.677,3.436,3.51,3159252.4
2024-03-20 06:00:00+00:00,3.51,3.769,3.509,3.767,2295777.2
2024-03-20 12:00:00+00:00,3.767,3.833,3.54,3.729,5165253.7
2024-03-20 18:00:00+00:00,3.729,4.008,3.729,4.006,3715005.5
2024-03-21 00:00:00+00:00,4.007,4.259,3.973,4.11,6560874.9
2024-03-21 06:00:00+00:00,4.11,4.319,4.072,4.258,5085176.9
2024-03-21 12:00:00+00:00,4.257,4.43,4.23,4.338,6141681.5
2024-03-21 18:00:00+00:00,4.338,4.42,4.213,4.373,4297566.8
2024-03-22 00:00:00+00:00,4.372,4.41,4.252,4.389,3179666.7
2024-03-22 06:00:00+00:00,4.389,4.495,4.228,4.253,5027617.9
2024-03-22 12:00:00+00:00,4.252,4.378,4.162,4.279,5587897.4
2024-03-22 18:00:00+00:00,4.279,4.375,4.177,4.297,3096868.9
2024-03-23 00:00:00+00:00,4.298,4.393,4.221,4.337,2411433.3
2024-03-23 06:00:00+00:00,4.337,4.523,4.28,4.314,4091121.6
2024-03-23 12:00:00+00:00,4.314,4.45,4.285,4.376,2580015.1
2024-03-23 18:00:00+00:00,4.376,4.512,4.368,4.403,2275402.4
2024-03-24 00:00:00+00:00,4.403,4.599,4.38,4.52,3388393.5
2024-03-24 06:00:00+00:00,4.52,4.595,4.334,4.558,4220710.2
2024-03-24 12:00:00+00:00,4.557,4.783,4.463,4.509,5821182.0
2024-03-24 18:00:00+00:00,4.508,4.62,4.508,4.591,2396894.1
2024-03-25 00:00:00+00:00,4.592,4.854,4.537,4.83,3368802.2
2024-03-25 06:00:00+00:00,4.83,4.855,4.672,4.687,2984587.2
2024-03-25 12:00:00+00:00,4.687,5.227,4.652,5.129,8565403.4
2024-03-25 18:00:00+00:00,5.129,5.225,5.012,5.109,3792327.8
2024-03-26 00:00:00+00:00,5.108,5.171,4.955,5.036,3109093.3
2024-03-26 06:00:00+00:00,5.037,5.127,4.943,5.067,3480963.7
2024-03-26 12:00:00+00:00,5.066,5.134,4.846,4.991,6075545.3
2024-03-26 18:00:00+00:00,4.992,5.037,4.905,4.924,1765870.6
2024-03-27 00:00:00+00:00,4.924,5.099,4.884,5.007,2263588.1
2024-03-27 06:00:00+00:00,5.008,5.014,4.791,4.896,2717371.5
2024-03-27 12:00:00+00:00,4.897,5.093,4.746,4.992,6291608.1
2024-03-27 18:00:00+00:00,4.992,5.005,4.778,4.789,2211906.7
2024-03-28 00:00:00+00:00,4.789,4.845,4.661,4.785,2205511.6
2024-03-28 06:00:00+00:00,4.785,5.032,4.757,4.887,2974255.1
2024-03-28 12:00:00+00:00,4.887,4.999,4.765,4.922,2906372.4
2024-03-28 18:00:00+00:00,4.921,5.12,4.872,5.062,2712774.5
2024-03-29 00:00:00+00:00,5.061,5.115,4.904,4.928,3262421.2
2024-03-29 06:00:00+00:00,4.928,4.949,4.793,4.879,2469597.6
2024-03-29 12:00:00+00:00,4.879,4.941,4.736,4.758,2763816.4
2024-03-29 18:00:00+00:00,4.758,4.792,4.706,4.768,1191703.0
2024-03-30 00:00:00+00:00,4.768,4.799,4.704,4.731,1178819.5
2024-03-30 06:00:00+00:00,4.731,4.748,4.657,4.744,1228910.5
2024-03-30 12:00:00+00:00,4.744,4.753,4.589,4.63,2400580.6
2024-03-30 18:00:00+00:00,4.631,4.633,4.531,4.567,1583734.5
2024-03-31 00:00:00+00:00,4.567,4.685,4.542,4.672,1255930.4
2024-03-31 06:00:00+00:00,4.673,4.725,4.639,4.675,1178388.2
2024-03-31 12:00:00+00:00,4.675,4.738,4.64,4.731,1585283.2
2024-03-31 18:00:00+00:00,4.732,4.756,4.65,4.671,1169730.5
2024-04-01 00:00:00+00:00,4.671,4.717,4.383,4.441,3081316.5
2024-04-01 06:00:00+00:00,4.441,4.54,4.42,4.457,2747866.8
2024-04-01 12:00:00+00:00,4.457,4.527,4.288,4.357,3229378.9
2024-04-01 18:00:00+00:00,4.358,4.436,4.303,4.414,1443291.5
2024-04-02 00:00:00+00:00,4.414,4.421,4.095,4.26,3741837.5
2024-04-02 06:00:00+00:00,4.259,4.287,4.068,4.139,2893334.5
2024-04-02 12:00:00+00:00,4.138,4.18,4.03,4.063,2347752.7
2024-04-02 18:00:00+00:00,4.062,4.091,4.01,4.025,1260868.8
2024-04-03 00:00:00+00:00,4.024,4.105,3.883,4.068,2514699.1
2024-04-03 06:00:00+00:00,4.067,4.214,4.065,4.1,3294743.8
2024-04-03 12:00:00+00:00,4.1,4.144,3.969,4.0,2363174.5
2024-04-03 18:00:00+00:00,4.0,4.018,3.906,3.98,1708089.7
2024-04-04 00:00:00+00:00,3.98,4.027,3.863,3.974,1617393.3
2024-04-04 06:00:00+00:00,3.973,4.091,3.971,4.085,1641368.5
2024-04-04 12:00:00+00:00,4.085,4.165,4.079,4.153,2145988.4
2024-04-04 18:00:00+00:00,4.153,4.163,4.007,4.082,1891093.4
2024-04-05 00:00:00+00:00,4.083,4.083,3.92,3.981,2149409.1
2024-04-05 06:00:00+00:00,3.982,4.006,3.857,3.864,1506556.6
2024-04-05 12:00:00+00:00,3.864,4.01,3.832,3.919,2443111.3
2024-04-05 18:00:00+00:00,3.919,3.966,3.9,3.911,949515.0
2024-04-06 00:00:00+00:00,3.91,3.999,3.89,3.984,917122.7
2024-04-06 06:00:00+00:00,3.984,4.0,3.938,3.945,732791.1
2024-04-06 12:00:00+00:00,3.945,3.987,3.919,3.968,825821.6
2024-04-06 18:00:00+00:00,3.968,4.004,3.939,3.974,758811.7
2024-04-07 00:00:00+00:00,3.973,4.027,3.959,4.021,1476465.6
2024-04-07 06:00:00+00:00,4.022,4.028,3.971,4.01,947475.0
2024-04-07 12:00:00+00:00,4.01,4.046,3.971,3.985,1310432.6
2024-04-07 18:00:00+00:00,3.985,4.015,3.921,4.012,1238583.9
2024-04-08 00:00:00+00:00,4.012,4.033,3.913,3.969,1292270.9
2024-04-08 06:00:00+00:00,3.968,4.23,3.961,4.211,2680699.3
2024-04-08 12:00:00+00:00,4.212,4.387,4.196,4.375,2736062.5
2024-04-08 18:00:00+00:00,4.375,4.414,4.327,4.328,1689806.0
2024-04-09 00:00:00+00:00,4.328,4.378,4.215,4.271,1666117.1
2024-04-09 06:00:00+00:00,4.271,4.284,4.09,4.187,2603133.9
2024-04-09 12:00:00+00:00,4.188,4.198,3.999,4.056,2888059.1
2024-04-09 18:00:00+00:00,4.056,4.096,3.986,3.998,1246031.4
2024-04-10 00:00:00+00:00,3.997,4.03,3.865,3.94,2143771.3
2024-04-10 06:00:00+00:00,3.94,3.965,3.841,3.879,1697342.3
2024-04-10 12:00:00+00:00,3.879,3.902,3.696,3.884,4234727.6
2024-04-10 18:00:00+00:00,3.884,3.939,3.812,3.925,1918130.0
2024-04-11 00:00:00+00:00,3.924,3.982,3.899,3.97,1154934.3
2024-04-11 06:00:00+00:00,3.969,4.034,3.843,3.853,1541373.9
2024-04-11 12:00:00+00:00,3.852,3.934,3.791,3.862,2521192.0
2024-04-11 18:00:00+00:00,3.862,3.882,3.826,3.867,1253194.0
2024-04-12 00:00:00+00:00,3.866,3.947,3.854,3.908,816825.8
2024-04-12 06:00:00+00:00,3.907,3.913,3.838,3.87,912693.5
2024-04-12 12:00:00+00:00,3.87,3.87,3.363,3.48,5194343.7
2024-04-12 18:00:00+00:00,3.479,3.5,2.777,3.235,10848858.0
2024-04-13 00:00:00+00:00,3.235,3.269,3.082,3.239,3528050.5
2024-04-13 06:00:00+00:00,3.239,3.251,3.165,3.169,2391029.8
2024-04-13 12:00:00+00:00,3.169,3.213,2.88,2.931,6852311.1
2024-04-13 18:00:00+00:00,2.93,3.034,2.356,2.785,15194066.3
2024-04-14 00:00:00+00:00,2.784,2.843,2.64,2.825,4863596.7
2024-04-14 06:00:00+00:00,2.825,2.91,2.788,2.807,3530070.8
2024-04-14 12:00:00+00:00,2.806,2.918,2.743,2.829,5089299.2
2024-04-14 18:00:00+00:00,2.829,3.009,2.795,2.969,3034460.3
2024-04-15 00:00:00+00:00,2.969,3.058,2.898,3.045,2531825.0
2024-04-15 06:00:00+00:00,3.045,3.221,3.033,3.178,3209931.9
2024-04-15 12:00:00+00:00,3.177,3.243,2.915,2.95,6018160.2
2024-04-15 18:00:00+00:00,2.95,2.973,2.822,2.942,3535873.8
2024-04-16 00:00:00+00:00,2.942,2.975,2.774,2.858,2492764.4
2024-04-16 06:00:00+00:00,2.859,2.987,2.832,2.946,2346914.9
2024-04-16 12:00:00+00:00,2.947,2.947,2.763,2.865,3647419.4
2024-04-16 18:00:00+00:00,2.865,2.935,2.84,2.884,1669542.8
2024-04-17 00:00:00+00:00,2.883,2.932,2.817,2.883,1705416.9
2024-04-17 06:00:00+00:00,2.882,2.908,2.797,2.798,1725494.3
2024-04-17 12:00:00+00:00,2.798,2.849,2.694,2.816,4331522.3
2024-04-17 18:00:00+00:00,2.817,2.928,2.773,2.785,3062174.7
2024-04-18 00:00:00+00:00,2.785,2.829,2.715,2.77,2379473.6
2024-04-18 06:00:00+00:00,2.77,2.834,2.697,2.81,2456841.6
2024-04-18 12:00:00+00:00,2.811,2.883,2.739,2.789,2882490.3
2024-04-18 18:00:00+00:00,2.788,2.876,2.768,2.861,1223617.8
2024-04-19 00:00:00+00:00,2.861,2.861,2.622,2.795,3677312.9
2024-04-19 06:00:00+00:00,2.795,2.972,2.774,2.943,3057059.2
2024-04-19 12:00:00+00:00,2.943,2.991,2.906,2.975,1813277.3
2024-04-19 18:00:00+00:00,2.976,3.015,2.902,2.952,1872462.0
2024-04-20 00:00:00+00:00,2.951,3.029,2.909,3.0,1604802.5
2024-04-20 06:00:00+00:00,2.999,3.021,2.923,2.944,1244369.5
2024-04-20 12:00:00+00:00,2.944,3.14,2.94,3.135,1296604.3
2024-04-20 18:00:00+00:00,3.134,3.145,3.078,3.117,1295801.8
2024-04-21 00:00:00+00:00,3.117,3.145,3.048,3.101,1134500.6
2024-04-21 06:00:00+00:00,3.102,3.122,3.034,3.079,963668.7
2024-04-21 12:00:00+00:00,3.079,3.087,2.976,3.028,1428392.4
2024-04-21 18:00:00+00:00,3.029,3.094,3.016,3.056,985607.2
2024-04-22 00:00:00+00:00,3.055,3.157,3.035,3.153,1650512.8
2024-04-22 06:00:00+00:00,3.153,3.17,3.088,3.124,1420617.2
2024-04-22 12:00:00+00:00,3.124,3.167,3.101,3.142,1765853.9
2024-04-22 18:00:00+00:00,3.142,3.179,3.096,3.146,1402826.3
2024-04-23 00:00:00+00:00,3.146,3.182,3.06,3.104,1340121.1
2024-04-23 06:00:00+00:00,3.104,3.108,2.987,3.014,1794403.0
2024-04-23 12:00:00+00:00,3.013,3.051,2.981,3.036,2479706.3
2024-04-23 18:00:00+00:00,3.036,3.039,2.984,3.01,1175389.9
2024-04-24 00:00:00+00:00,3.01,3.107,2.992,3.099,1782261.5
2024-04-24 06:00:00+00:00,3.1,3.124,3.04,3.108,2010857.3
2024-04-24 12:00:00+00:00,3.109,3.126,2.87,2.919,3901018.1
2024-04-24 18:00:00+00:00,2.919,2.92,2.81,2.857,2264884.7
2024-04-25 00:00:00+00:00,2.856,2.89,2.762,2.821,1758562.5
2024-04-25 06:00:00+00:00,2.821,2.843,2.774,2.828,1936820.7
2024-04-25 12:00:00+00:00,2.828,2.947,2.778,2.922,2125178.5
2024-04-25 18:00:00+00:00,2.921,3.012,2.906,2.951,1571654.9
2024-04-26 00:00:00+00:00,2.951,2.984,2.886,2.962,1731642.8
2024-04-26 06:00:00+00:00,2.962,2.962,2.875,2.888,1243111.9
2024-04-26 12:00:00+00:00,2.887,2.976,2.848,2.91,1731785.9
2024-04-26 18:00:00+00:00,2.91,2.938,2.863,2.876,838178.5
2024-04-27 00:00:00+00:00,2.876,2.896,2.75,2.865,2006623.6
2024-04-27 06:00:00+00:00,2.865,2.878,2.794,2.816,995024.8
2024-04-27 12:00:00+00:00,2.817,2.964,2.809,2.962,1673427.7
2024-04-27 18:00:00+00:00,2.962,2.994,2.88,2.94,1686821.5
2024-04-28 00:00:00+00:00,2.94,3.005,2.925,2.967,1117734.4
2024-04-28 06:00:00+00:00,2.966,3.025,2.946,2.956,1934623.4
2024-04-28 12:00:00+00:00,2.956,2.999,2.95,2.992,1377780.0
2024-04-28 18:00:00+00:00,2.991,3.019,2.925,2.942,1579673.5
2024-04-29 00:00:00+00:00,2.942,2.997,2.891,2.939,1952267.4
2024-04-29 06:00:00+00:00,2.939,2.943,2.853,2.858,1903091.9
2024-04-29 12:00:00+00:00,2.858,2.899,2.81,2.878,1978995.7
2024-04-29 18:00:00+00:00,2.877,2.935,2.821,2.899,1321999.1
2024-04-30 00:00:00+00:00,2.899,2.936,2.815,2.829,1368296.4
2024-04-30 06:00:00+00:00,2.829,2.847,2.636,2.651,2919635.5
2024-04-30 12:00:00+00:00,2.65,2.667,2.56,2.602,3172392.9
2024-04-30 18:00:00+00:00,2.602,2.668,2.554,2.646,2137689.8
2024-05-01 00:00:00+00:00,2.646,2.662,2.589,2.598,1573421.0
2024-05-01 06:00:00+00:00,2.598,2.601,2.456,2.555,3411284.2
2024-05-01 12:00:00+00:00,2.555,2.585,2.511,2.575,1798204.9
2024-05-01 18:00:00+00:00,2.576,2.702,2.575,2.649,2934907.6
2024-05-02 00:00:00+00:00,2.65,2.657,2.56,2.581,1189306.9
2024-05-02 06:00:00+00:00,2.581,2.63,2.556,2.628,1634295.4
2024-05-02 12:00:00+00:00,2.628,2.667,2.573,2.649,2703830.9
2024-05-02 18:00:00+00:00,2.65,2.687,2.614,2.652,1694448.7
2024-05-03 00:00:00+00:00,2.652,2.73,2.638,2.683,1974590.5
2024-05-03 06:00:00+00:00,2.684,2.692,2.639,2.673,1394057.5
2024-05-03 12:00:00+00:00,2.673,2.817,2.665,2.799,2840929.0
2024-05-03 18:00:00+00:00,2.798,2.855,2.784,2.832,1287731.9
2024-05-04 00:00:00+00:00,2.831,2.853,2.803,2.831,845900.0
2024-05-04 06:00:00+00:00,2.83,2.882,2.809,2.858,1072824.6
2024-05-04 12:00:00+00:00,2.857,2.879,2.836,2.853,1230513.1
2024-05-04 18:00:00+00:00,2.853,2.88,2.805,2.814,1056481.5
2024-05-05 00:00:00+00:00,2.814,2.822,2.753,2.783,1515731.0
2024-05-05 06:00:00+00:00,2.783,2.839,2.779,2.817,795782.4
2024-05-05 12:00:00+00:00,2.816,2.878,2.787,2.842,1391531.1
2024-05-05 18:00:00+00:00,2.841,2.847,2.805,2.838,912197.5
2024-05-06 00:00:00+00:00,2.837,2.882,2.816,2.877,865277.4
2024-05-06 06:00:00+00:00,2.877,2.951,2.85,2.877,2344683.5
2024-05-06 12:00:00+00:00,2.877,2.882,2.776,2.791,2602050.5
2024-05-06 18:00:00+00:00,2.791,2.815,2.76,2.768,1001749.5
2024-05-07 00:00:00+00:00,2.768,2.79,2.713,2.734,1346594.7
2024-05-07 06:00:00+00:00,2.733,2.798,2.713,2.734,1176208.4
2024-05-07 12:00:00+00:00,2.734,2.776,2.701,2.708,1783131.0
2024-05-07 18:00:00+00:00,2.707,2.71,2.595,2.614,2889332.6
2024-05-08 00:00:00+00:00,2.614,2.625,2.578,2.601,1484495.6
2024-05-08 06:00:00+00:00,2.6,2.609,2.552,2.565,1474299.9
2024-05-08 12:00:00+00:00,2.565,2.599,2.53,2.584,2702313.1
2024-05-08 18:00:00+00:00,2.585,2.613,2.535,2.548,2344272.2
2024-05-09 00:00:00+00:00,2.548,2.581,2.54,2.573,1056601.2
2024-05-09 06:00:00+00:00,2.572,2.589,2.493,2.538,1756974.5
2024-05-09 12:00:00+00:00,2.539,2.666,2.536,2.61,2467316.2
2024-05-09 18:00:00+00:00,2.609,2.676,2.599,2.654,1216004.1
2024-05-10 00:00:00+00:00,2.655,2.68,2.633,2.647,1292783.0
2024-05-10 06:00:00+00:00,2.648,2.725,2.645,2.724,1686713.9
2024-05-10 12:00:00+00:00,2.724,2.733,2.569,2.591,4529580.5
2024-05-10 18:00:00+00:00,2.591,2.614,2.554,2.581,1839873.2
2024-05-11 00:00:00+00:00,2.581,2.605,2.557,2.587,1187868.6
2024-05-11 06:00:00+00:00,2.587,2.603,2.571,2.593,1313306.9
2024-05-11 12:00:00+00:00,2.592,2.63,2.577,2.604,1190806.7
2024-05-11 18:00:00+00:00,2.605,2.613,2.554,2.561,732770.4
2024-05-12 00:00:00+00:00,2.561,2.582,2.546,2.577,775290.2
2024-05-12 06:00:00+00:00,2.576,2.581,2.542,2.562,923366.2
2024-05-12 12:00:00+00:00,2.561,2.609,2.552,2.572,994111.4
2024-05-12 18:00:00+00:00,2.571,2.574,2.517,2.533,1003337.1
2024-05-13 00:00:00+00:00,2.532,2.548,2.412,2.441,3037826.5
2024-05-13 06:00:00+00:00,2.442,2.594,2.442,2.531,2085406.0
2024-05-13 12:00:00+00:00,2.532,2.537,2.443,2.449,3320259.3
2024-05-13 18:00:00+00:00,2.448,2.457,2.404,2.415,1511673.6
2024-05-14 00:00:00+00:00,2.414,2.44,2.377,2.408,2140675.3
2024-05-14 06:00:00+00:00,2.409,2.413,2.334,2.408,2068885.4
2024-05-14 12:00:00+00:00,2.408,2.433,2.322,2.346,2746295.6
2024-05-14 18:00:00+00:00,2.346,2.382,2.338,2.343,1196439.0
2024-05-15 00:00:00+00:00,2.344,2.398,2.326,2.396,1386740.7
2024-05-15 06:00:00+00:00,2.395,2.452,2.383,2.424,2113519.8
2024-05-15 12:00:00+00:00,2.424,2.565,2.404,2.517,4644112.8
2024-05-15 18:00:00+00:00,2.518,2.592,2.517,2.567,1816478.9
2024-05-16 00:00:00+00:00,2.567,2.62,2.564,2.595,1432797.2
2024-05-16 06:00:00+00:00,2.595,2.627,2.576,2.587,1197835.3
2024-05-16 12:00:00+00:00,2.586,2.588,2.5,2.537,2905916.8
2024-05-16 18:00:00+00:00,2.538,2.558,2.527,2.554,812458.7
2024-05-17 00:00:00+00:00,2.553,2.595,2.531,2.584,1002549.1
2024-05-17 06:00:00+00:00,2.583,2.754,2.569,2.666,3157455.8
2024-05-17 12:00:00+00:00,2.666,2.733,2.647,2.68,2585393.4
2024-05-17 18:00:00+00:00,2.68,2.686,2.653,2.658,1259205.5
2024-05-18 00:00:00+00:00,2.658,2.705,2.646,2.693,1273118.5
2024-05-18 06:00:00+00:00,2.694,2.711,2.678,2.679,1178366.0
2024-05-18 12:00:00+00:00,2.68,2.71,2.652,2.694,1915845.7
2024-05-18 18:00:00+00:00,2.694,2.708,2.676,2.686,695160.4
2024-05-19 00:00:00+00:00,2.685,2.704,2.658,2.663,827513.2
2024-05-19 06:00:00+00:00,2.663,2.675,2.62,2.648,1093880.5
2024-05-19 12:00:00+00:00,2.647,2.65,2.559,2.564,1586558.7
2024-05-19 18:00:00+00:00,2.564,2.578,2.534,2.562,1089943.7
2024-05-20 00:00:00+00:00,2.561,2.666,2.506,2.643,1878460.5
2024-05-20 06:00:00+00:00,2.642,2.644,2.56,2.58,1571111.1
2024-05-20 12:00:00+00:00,2.581,2.654,2.554,2.652,1659522.4
2024-05-20 18:00:00+00:00,2.652,2.944,2.647,2.937,6458588.4
2024-05-21 00:00:00+00:00,2.937,3.009,2.904,2.948,2847594.3
2024-05-21 06:00:00+00:00,2.948,3.031,2.921,2.997,2625114.2
2024-05-21 12:00:00+00:00,2.998,3.024,2.919,2.973,3816452.7
2024-05-21 18:00:00+00:00,2.973,2.984,2.901,2.927,1904680.0
2024-05-22 00:00:00+00:00,2.926,2.934,2.844,2.895,1594574.2
2024-05-22 06:00:00+00:00,2.895,2.913,2.849,2.849,1476443.0
2024-05-22 12:00:00+00:00,2.849,2.898,2.804,2.859,2877560.8
2024-05-22 18:00:00+00:00,2.858,2.886,2.807,2.864,1890699.9
2024-05-23 00:00:00+00:00,2.864,2.905,2.857,2.874,1085088.9
2024-05-23 06:00:00+00:00,2.873,2.914,2.83,2.91,1498725.2
2024-05-23 12:00:00+00:00,2.911,2.984,2.771,2.773,5406261.7
2024-05-23 18:00:00+00:00,2.774,2.921,2.675,2.875,5195901.3
2024-05-24 00:00:00+00:00,2.874,2.978,2.857,2.861,2000109.6
2024-05-24 06:00:00+00:00,2.86,2.905,2.771,2.9,2213782.6
2024-05-24 12:00:00+00:00,2.901,2.929,2.807,2.84,2031186.6
2024-05-24 18:00:00+00:00,2.84,2.9,2.834,2.895,1141417.1
2024-05-25 00:00:00+00:00,2.895,3.048,2.888,3.001,2674392.6
2024-05-25 06:00:00+00:00,3.001,3.003,2.892,2.898,1950922.1
2024-05-25 12:00:00+00:00,2.899,2.949,2.861,2.905,1724124.9
2024-05-25 18:00:00+00:00,2.904,2.938,2.901,2.934,890413.8
2024-05-26 00:00:00+00:00,2.932,2.935,2.878,2.903,1204339.1
2024-05-26 06:00:00+00:00,2.904,2.936,2.883,2.929,1165214.6
2024-05-26 12:00:00+00:00,2.93,3.002,2.899,2.981,2245957.6
2024-05-26 18:00:00+00:00,2.98,3.06,2.953,3.019,1972234.6
2024-05-27 00:00:00+00:00,3.019,3.303,2.998,3.161,6650703.8
2024-05-27 06:00:00+00:00,3.16,3.163,3.076,3.105,3137632.0
2024-05-27 12:00:00+00:00,3.105,3.187,3.096,3.16,3074547.5
2024-05-27 18:00:00+00:00,3.16,3.172,3.103,3.124,1511414.3
2024-05-28 00:00:00+00:00,3.124,3.137,2.977,3.019,3912050.7
2024-05-28 06:00:00+00:00,3.02,3.041,2.992,3.022,1452451.6
2024-05-28 12:00:00+00:00,3.021,3.045,2.975,2.996,1900271.5
2024-05-28 18:00:00+00:00,2.995,3.025,2.954,2.984,1317890.1
2024-05-29 00:00:00+00:00,2.984,3.031,2.959,3.016,1171729.7
2024-05-29 06:00:00+00:00,3.017,3.039,2.953,2.97,1592276.1
2024-05-29 12:00:00+00:00,2.969,2.989,2.881,2.93,2295373.0
2024-05-29 18:00:00+00:00,2.929,2.931,2.863,2.877,1303388.8
2024-05-30 00:00:00+00:00,2.878,2.922,2.772,2.825,2529217.4
2024-05-30 06:00:00+00:00,2.826,2.838,2.743,2.812,3276364.3
2024-05-30 12:00:00+00:00,2.811,2.854,2.79,2.844,1905131.0
2024-05-30 18:00:00+00:00,2.844,2.849,2.768,2.782,1344504.5
2024-05-31 00:00:00+00:00,2.781,2.812,2.762,2.79,1187479.6
2024-05-31 06:00:00+00:00,2.789,2.842,2.783,2.835,1153881.1
2024-05-31 12:00:00+00:00,2.835,2.879,2.775,2.831,2380500.6
2024-05-31 18:00:00+00:00,2.831,2.862,2.817,2.842,942684.1
2024-06-01 00:00:00+00:00,2.842,2.934,2.837,2.921,1539821.0
2024-06-01 06:00:00+00:00,2.92,2.959,2.9,2.959,1336816.5
2024-06-01 12:00:00+00:00,2.958,2.994,2.917,2.935,1649496.6
2024-06-01 18:00:00+00:00,2.935,2.938,2.883,2.904,869071.0
2024-06-02 00:00:00+00:00,2.902,2.921,2.879,2.883,791542.8
2024-06-02 06:00:00+00:00,2.883,2.903,2.822,2.873,1218990.4
2024-06-02 12:00:00+00:00,2.874,2.892,2.742,2.744,2508583.1
2024-06-02 18:00:00+00:00,2.744,2.763,2.707,2.718,2155912.5
2024-06-03 00:00:00+00:00,2.718,2.758,2.623,2.68,3572662.9
2024-06-03 06:00:00+00:00,2.68,2.719,2.661,2.678,1922723.0
2024-06-03 12:00:00+00:00,2.679,2.707,2.641,2.664,2351997.3
2024-06-03 18:00:00+00:00,2.664,2.67,2.61,2.624,1474153.3
2024-06-04 00:00:00+00:00,2.624,2.695,2.615,2.68,1191031.0
2024-06-04 06:00:00+00:00,2.681,2.698,2.645,2.663,1613962.0
2024-06-04 12:00:00+00:00,2.662,2.728,2.636,2.725,2050512.7
2024-06-04 18:00:00+00:00,2.724,2.758,2.715,2.754,1164515.4
2024-06-05 00:00:00+00:00,2.753,2.791,2.741,2.766,1200400.2
2024-06-05 06:00:00+00:00,2.766,2.806,2.759,2.801,1796583.0
2024-06-05 12:00:00+00:00,2.801,2.818,2.772,2.811,1493470.5
2024-06-05 18:00:00+00:00,2.812,2.829,2.792,2.812,1121659.6
2024-06-06 00:00:00+00:00,2.812,2.813,2.75,2.755,1105686.7
2024-06-06 06:00:00+00:00,2.755,2.809,2.742,2.803,933956.5
2024-06-06 12:00:00+00:00,2.802,2.806,2.757,2.774,1405801.3
2024-06-06 18:00:00+00:00,2.774,2.779,2.709,2.752,1449515.9
2024-06-07 00:00:00+00:00,2.752,2.766,2.724,2.759,751763.4
2024-06-07 06:00:00+00:00,2.759,2.777,2.721,2.755,1023154.8
2024-06-07 12:00:00+00:00,2.755,2.789,2.653,2.653,3525255.2
2024-06-07 18:00:00+00:00,2.653,2.661,2.259,2.512,9404042.8
2024-06-08 00:00:00+00:00,2.512,2.539,2.49,2.506,1108842.8
2024-06-08 06:00:00+00:00,2.506,2.524,2.424,2.438,1441048.5
2024-06-08 12:00:00+00:00,2.438,2.466,2.392,2.421,2146761.1
2024-06-08 18:00:00+00:00,2.421,2.441,2.363,2.396,1559127.3
2024-06-09 00:00:00+00:00,2.396,2.422,2.376,2.41,1161270.6
2024-06-09 06:00:00+00:00,2.41,2.433,2.402,2.422,875943.0
2024-06-09 12:00:00+00:00,2.422,2.448,2.41,2.432,900472.5
2024-06-09 18:00:00+00:00,2.432,2.457,2.422,2.433,683869.8
2024-06-10 00:00:00+00:00,2.434,2.442,2.394,2.404,915560.5
2024-06-10 06:00:00+00:00,2.405,2.43,2.357,2.416,1897618.9
2024-06-10 12:00:00+00:00,2.416,2.455,2.379,2.443,1604389.8
2024-06-10 18:00:00+00:00,2.443,2.445,2.367,2.385,1065157.0
2024-06-11 00:00:00+00:00,2.384,2.392,2.289,2.339,2696151.6
2024-06-11 06:00:00+00:00,2.338,2.353,2.306,2.322,1312837.6
2024-06-11 12:00:00+00:00,2.322,2.331,2.199,2.233,3801225.0
2024-06-11 18:00:00+00:00,2.233,2.251,2.226,2.233,938294.2
2024-06-12 00:00:00+00:00,2.233,2.281,2.189,2.257,1658413.5
2024-06-12 06:00:00+00:00,2.257,2.299,2.253,2.269,1305476.6
2024-06-12 12:00:00+00:00,2.269,2.405,2.269,2.392,2701889.6
2024-06-12 18:00:00+00:00,2.392,2.392,2.289,2.347,2753076.1
2024-06-13 00:00:00+00:00,2.347,2.347,2.24,2.293,1451498.5
2024-06-13 06:00:00+00:00,2.293,2.301,2.248,2.256,915496.4
2024-06-13 12:00:00+00:00,2.257,2.307,2.192,2.22,2730194.2
2024-06-13 18:00:00+00:00,2.22,2.233,2.169,2.197,1707482.0
2024-06-14 00:00:00+00:00,2.196,2.224,2.16,2.219,1709051.8
2024-06-14 06:00:00+00:00,2.218,2.236,2.199,2.219,1029360.3
2024-06-14 12:00:00+00:00,2.22,2.235,2.029,2.086,3633863.2
2024-06-14 18:00:00+00:00,2.085,2.155,2.052,2.129,2092130.9
2024-06-15 00:00:00+00:00,2.129,2.192,2.125,2.181,996105.0
2024-06-15 06:00:00+00:00,2.182,2.207,2.171,2.183,855506.4
2024-06-15 12:00:00+00:00,2.182,2.238,2.176,2.202,1677781.1
2024-06-15 18:00:00+00:00,2.202,2.203,2.162,2.18,740054.5
2024-06-16 00:00:00+00:00,2.181,2.185,2.139,2.179,888911.6
2024-06-16 06:00:00+00:00,2.179,2.199,2.166,2.181,843115.4
2024-06-16 12:00:00+00:00,2.181,2.21,2.171,2.192,956668.3
2024-06-16 18:00:00+00:00,2.192,2.222,2.182,2.201,834619.5
2024-06-17 00:00:00+00:00,2.2,2.222,2.111,2.12,1620534.9
2024-06-17 06:00:00+00:00,2.121,2.124,2.005,2.056,2698282.8
2024-06-17 12:00:00+00:00,2.056,2.07,1.937,2.043,3047620.6
2024-06-17 18:00:00+00:00,2.042,2.073,1.994,1.997,1484964.9
2024-06-18 00:00:00+00:00,1.997,2.006,1.7,1.879,9404316.4
2024-06-18 06:00:00+00:00,1.878,1.915,1.86,1.873,2532986.5
2024-06-18 12:00:00+00:00,1.874,1.89,1.814,1.862,3347150.3
2024-06-18 18:00:00+00:00,1.863,1.914,1.823,1.907,6087550.3
2024-06-19 00:00:00+00:00,1.906,2.005,1.884,1.986,2805910.9
2024-06-19 06:00:00+00:00,1.987,2.027,1.982,2.0,1716370.2
2024-06-19 12:00:00+00:00,1.999,2.03,1.958,1.998,2947088.1
2024-06-19 18:00:00+00:00,1.999,2.013,1.962,1.984,1009389.7
2024-06-20 00:00:00+00:00,1.984,2.047,1.972,2.031,1339902.5
2024-06-20 06:00:00+00:00,2.03,2.086,2.02,2.062,1583633.2
2024-06-20 12:00:00+00:00,2.062,2.066,1.979,2.021,2067114.6
2024-06-20 18:00:00+00:00,2.02,2.027,1.983,1.988,721939.7
2024-06-21 00:00:00+00:00,1.987,2.019,1.968,2.008,1109324.6
2024-06-21 06:00:00+00:00,2.008,2.029,1.955,2.02,1512162.7
2024-06-21 12:00:00+00:00,2.019,2.043,1.974,1.981,1636697.9
2024-06-21 18:00:00+00:00,1.98,2.019,1.967,2.008,1090972.2
2024-06-22 00:00:00+00:00,2.007,2.009,1.979,1.984,542409.7
2024-06-22 06:00:00+00:00,1.985,1.996,1.961,1.986,696124.5
2024-06-22 12:00:00+00:00,1.987,2.0,1.979,1.983,651193.8
2024-06-22 18:00:00+00:00,1.983,1.986,1.965,1.978,469458.0
2024-06-23 00:00:00+00:00,1.979,2.015,1.973,2.009,532567.4
2024-06-23 06:00:00+00:00,2.008,2.048,2.007,2.033,798794.7
2024-06-23 12:00:00+00:00,2.033,2.039,1.975,1.999,1147134.6
2024-06-23 18:00:00+00:00,1.997,2.009,1.937,1.954,1591174.4
2024-06-24 00:00:00+00:00,1.954,1.985,1.85,1.864,2189283.2
2024-06-24 06:00:00+00:00,1.863,1.948,1.829,1.933,3869005.7
2024-06-24 12:00:00+00:00,1.932,1.965,1.911,1.941,2080787.3
2024-06-24 18:00:00+00:00,1.94,2.01,1.916,2.006,1823364.7
2024-06-25 00:00:00+00:00,2.005,2.077,1.992,2.051,1854398.2
2024-06-25 06:00:00+00:00,2.051,2.052,1.999,2.029,1318163.7
2024-06-25 12:00:00+00:00,2.029,2.04,2.007,2.01,1414364.5
2024-06-25 18:00:00+00:00,2.011,2.054,2.008,2.024,762355.8
2024-06-26 00:00:00+00:00,2.023,2.052,2.003,2.016,833577.4
2024-06-26 06:00:00+00:00,2.016,2.037,1.989,2.004,1161022.9
2024-06-26 12:00:00+00:00,2.005,2.014,1.942,1.974,1784507.1
2024-06-26 18:00:00+00:00,1.974,2.021,1.959,1.992,978971.1
2024-06-27 00:00:00+00:00,1.993,2.004,1.949,1.954,1000202.1
2024-06-27 06:00:00+00:00,1.954,1.991,1.939,1.98,1001786.6
2024-06-27 12:00:00+00:00,1.979,2.048,1.978,2.029,2126810.2
2024-06-27 18:00:00+00:00,2.029,2.038,2.013,2.018,1124438.6
2024-06-28 00:00:00+00:00,2.017,2.072,1.996,2.054,1201329.1
2024-06-28 06:00:00+00:00,2.054,2.08,2.028,2.075,1608176.0
2024-06-28 12:00:00+00:00,2.075,2.106,1.983,1.996,3351723.6
2024-06-28 18:00:00+00:00,1.996,2.01,1.952,1.964,1629802.4
2024-06-29 00:00:00+00:00,1.964,1.986,1.944,1.947,952743.0
2024-06-29 06:00:00+00:00,1.947,1.949,1.919,1.936,2076118.8
2024-06-29 12:00:00+00:00,1.936,1.972,1.914,1.919,1872390.6
2024-06-29 18:00:00+00:00,1.919,1.92,1.892,1.913,1245379.5
2024-06-30 00:00:00+00:00,1.912,1.945,1.886,1.922,1783290.0
2024-06-30 06:00:00+00:00,1.922,1.949,1.909,1.919,1574399.6
2024-06-30 12:00:00+00:00,1.92,1.958,1.91,1.946,978777.6
2024-06-30 18:00:00+00:00,1.946,1.998,1.938,1.995,1140015.8
2024-07-01 00:00:00+00:00,1.994,2.068,1.978,2.035,1887465.0
2024-07-01 06:00:00+00:00,2.035,2.051,2.001,2.007,1324876.7
2024-07-01 12:00:00+00:00,2.008,2.014,1.958,2.01,1994940.4
2024-07-01 18:00:00+00:00,2.011,2.032,1.979,1.992,1032313.3
2024-07-02 00:00:00+00:00,1.991,2.014,1.98,2.005,664943.4
2024-07-02 06:00:00+00:00,2.005,2.01,1.975,1.98,782787.4
2024-07-02 12:00:00+00:00,1.979,1.997,1.944,1.966,1221979.1
2024-07-02 18:00:00+00:00,1.967,1.995,1.967,1.988,820008.2
2024-07-03 00:00:00+00:00,1.987,1.99,1.918,1.937,1377406.6
2024-07-03 06:00:00+00:00,1.936,1.957,1.906,1.934,1158534.4
2024-07-03 12:00:00+00:00,1.935,1.936,1.859,1.866,2585860.4
2024-07-03 18:00:00+00:00,1.866,1.877,1.839,1.858,1827022.9
2024-07-04 00:00:00+00:00,1.858,1.877,1.76,1.821,2643183.9
2024-07-04 06:00:00+00:00,1.822,1.826,1.763,1.772,1800600.9
2024-07-04 12:00:00+00:00,1.773,1.777,1.708,1.737,2312181.1
2024-07-04 18:00:00+00:00,1.736,1.737,1.632,1.649,2384284.9
2024-07-05 00:00:00+00:00,1.65,1.651,1.387,1.482,12418058.8
2024-07-05 06:00:00+00:00,1.481,1.507,1.433,1.487,3283310.2
2024-07-05 12:00:00+00:00,1.488,1.555,1.472,1.543,2924756.9
2024-07-05 18:00:00+00:00,1.543,1.551,1.503,1.526,1647861.9
2024-07-06 00:00:00+00:00,1.526,1.583,1.523,1.554,1769616.0
2024-07-06 06:00:00+00:00,1.554,1.6,1.552,1.591,818938.0
2024-07-06 12:00:00+00:00,1.59,1.639,1.573,1.633,1560727.7
2024-07-06 18:00:00+00:00,1.633,1.659,1.624,1.653,871830.2
2024-07-07 00:00:00+00:00,1.652,1.662,1.603,1.62,960817.5
2024-07-07 06:00:00+00:00,1.621,1.636,1.602,1.633,734778.6
2024-07-07 12:00:00+00:00,1.633,1.645,1.56,1.611,1646684.8
2024-07-07 18:00:00+00:00,1.61,1.612,1.517,1.528,1742516.4
2024-07-08 00:00:00+00:00,1.529,1.57,1.479,1.551,2768456.7
2024-07-08 06:00:00+00:00,1.551,1.647,1.53,1.632,2226741.2
2024-07-08 12:00:00+00:00,1.631,1.637,1.551,1.58,2807550.2
2024-07-08 18:00:00+00:00,1.579,1.613,1.574,1.599,994799.2
2024-07-09 00:00:00+00:00,1.598,1.625,1.577,1.615,1062044.6
2024-07-09 06:00:00+00:00,1.614,1.65,1.609,1.627,1143101.9
2024-07-09 12:00:00+00:00,1.626,1.655,1.606,1.629,1214910.8
2024-07-09 18:00:00+00:00,1.629,1.662,1.626,1.655,847707.6
2024-07-10 00:00:00+00:00,1.656,1.693,1.631,1.675,968793.6
2024-07-10 06:00:00+00:00,1.674,1.678,1.628,1.645,1417505.6
2024-07-10 12:00:00+00:00,1.644,1.686,1.632,1.646,1489457.0
2024-07-10 18:00:00+00:00,1.646,1.654,1.623,1.65,682345.1
2024-07-11 00:00:00+00:00,1.65,1.666,1.625,1.645,754125.8
2024-07-11 06:00:00+00:00,1.643,1.676,1.634,1.655,1588981.4
2024-07-11 12:00:00+00:00,1.655,1.689,1.616,1.64,2123213.6
2024-07-11 18:00:00+00:00,1.64,1.661,1.614,1.615,1171369.2
2024-07-12 00:00:00+00:00,1.615,1.651,1.608,1.639,789117.6
2024-07-12 06:00:00+00:00,1.639,1.665,1.608,1.612,1155366.5
2024-07-12 12:00:00+00:00,1.612,1.681,1.607,1.672,1387610.3
2024-07-12 18:00:00+00:00,1.672,1.703,1.663,1.686,1192994.0
2024-07-13 00:00:00+00:00,1.687,1.694,1.669,1.684,464158.8
2024-07-13 06:00:00+00:00,1.683,1.703,1.675,1.696,966910.3
2024-07-13 12:00:00+00:00,1.695,1.705,1.671,1.677,565380.3
2024-07-13 18:00:00+00:00,1.677,1.713,1.654,1.687,854874.4
2024-07-14 00:00:00+00:00,1.688,1.714,1.683,1.706,613782.7
2024-07-14 06:00:00+00:00,1.706,1.729,1.686,1.715,1298084.6
2024-07-14 12:00:00+00:00,1.715,1.737,1.696,1.733,1261222.7
2024-07-14 18:00:00+00:00,1.732,1.868,1.727,1.841,4049288.7
2024-07-15 00:00:00+00:00,1.841,1.931,1.828,1.919,3336855.6
2024-07-15 06:00:00+00:00,1.919,1.938,1.848,1.852,3227010.3
2024-07-15 12:00:00+00:00,1.852,1.892,1.848,1.879,1990422.3
2024-07-15 18:00:00+00:00,1.879,1.932,1.873,1.922,1381779.8
2024-07-16 00:00:00+00:00,1.923,1.953,1.874,1.883,1643670.2
2024-07-16 06:00:00+00:00,1.883,1.893,1.817,1.87,2067771.8
2024-07-16 12:00:00+00:00,1.869,1.922,1.834,1.912,2114621.7
2024-07-16 18:00:00+00:00,1.912,1.915,1.878,1.903,1089309.8
2024-07-17 00:00:00+00:00,1.902,1.947,1.902,1.921,916025.3
2024-07-17 06:00:00+00:00,1.921,1.954,1.902,1.926,1147255.1
2024-07-17 12:00:00+00:00,1.927,1.967,1.893,1.917,1671378.7
2024-07-17 18:00:00+00:00,1.917,1.952,1.914,1.926,1060838.0
2024-07-18 00:00:00+00:00,1.927,1.99,1.926,1.986,1049647.3
2024-07-18 06:00:00+00:00,1.987,2.03,1.957,1.987,2546248.8
2024-07-18 12:00:00+00:00,1.987,2.018,1.888,1.916,2247690.7
2024-07-18 18:00:00+00:00,1.915,1.93,1.885,1.921,1359304.9
2024-07-19 00:00:00+00:00,1.92,1.936,1.875,1.918,1672514.5
2024-07-19 06:00:00+00:00,1.918,1.936,1.892,1.921,1013763.1
2024-07-19 12:00:00+00:00,1.922,1.98,1.918,1.974,1379872.6
2024-07-19 18:00:00+00:00,1.974,1.983,1.947,1.961,1544693.1
2024-07-20 00:00:00+00:00,1.961,1.966,1.924,1.95,902178.5
2024-07-20 06:00:00+00:00,1.949,1.99,1.947,1.96,1230209.1
2024-07-20 12:00:00+00:00,1.961,1.995,1.944,1.99,1286860.6
2024-07-20 18:00:00+00:00,1.989,1.997,1.819,1.883,4768573.8
2024-07-21 00:00:00+00:00,1.884,1.908,1.879,1.889,2046447.3
2024-07-21 06:00:00+00:00,1.888,1.901,1.855,1.888,1587595.2
2024-07-21 12:00:00+00:00,1.889,1.909,1.845,1.862,2286792.9
2024-07-21 18:00:00+00:00,1.861,1.919,1.802,1.914,3751852.5
2024-07-22 00:00:00+00:00,1.913,1.924,1.855,1.864,1298282.9
2024-07-22 06:00:00+00:00,1.863,1.872,1.837,1.865,2237858.9
2024-07-22 12:00:00+00:00,1.866,1.875,1.825,1.835,1462026.2
2024-07-22 18:00:00+00:00,1.835,1.869,1.807,1.811,1480544.5
2024-07-23 00:00:00+00:00,1.812,1.85,1.752,1.768,2443512.4
2024-07-23 06:00:00+00:00,1.769,1.847,1.745,1.818,2579749.3
2024-07-23 12:00:00+00:00,1.818,1.831,1.738,1.769,2366095.3
2024-07-23 18:00:00+00:00,1.769,1.797,1.749,1.767,1254093.4
2024-07-24 00:00:00+00:00,1.768,1.784,1.742,1.761,972595.0
2024-07-24 06:00:00+00:00,1.76,1.799,1.749,1.791,678982.2
2024-07-24 12:00:00+00:00,1.789,1.793,1.732,1.755,1436953.5
2024-07-24 18:00:00+00:00,1.754,1.755,1.671,1.696,2312728.5
2024-07-25 00:00:00+00:00,1.696,1.729,1.6,1.643,3894094.3
2024-07-25 06:00:00+00:00,1.643,1.662,1.617,1.634,1059371.9
2024-07-25 12:00:00+00:00,1.635,1.673,1.613,1.653,1487856.4
2024-07-25 18:00:00+00:00,1.653,1.666,1.597,1.649,1576742.7
2024-07-26 00:00:00+00:00,1.649,1.737,1.634,1.732,2792741.4
2024-07-26 06:00:00+00:00,1.731,1.747,1.703,1.708,1188371.7
2024-07-26 12:00:00+00:00,1.707,1.735,1.693,1.712,1311824.0
2024-07-26 18:00:00+00:00,1.712,1.742,1.71,1.739,533881.1
2024-07-27 00:00:00+00:00,1.738,1.743,1.719,1.727,385401.8
2024-07-27 06:00:00+00:00,1.726,1.735,1.706,1.719,719958.1
2024-07-27 12:00:00+00:00,1.719,1.753,1.688,1.698,1403061.4
2024-07-27 18:00:00+00:00,1.698,1.74,1.662,1.715,1843193.5
2024-07-28 00:00:00+00:00,1.716,1.72,1.668,1.682,907357.9
2024-07-28 06:00:00+00:00,1.682,1.724,1.681,1.709,612082.6
2024-07-28 12:00:00+00:00,1.71,1.746,1.705,1.743,1200393.0
2024-07-28 18:00:00+00:00,1.743,1.826,1.716,1.752,5645249.3
2024-07-29 00:00:00+00:00,1.752,1.808,1.749,1.796,1800247.4
2024-07-29 06:00:00+00:00,1.795,1.838,1.794,1.825,2484210.7
2024-07-29 12:00:00+00:00,1.825,1.826,1.751,1.771,2180230.9
2024-07-29 18:00:00+00:00,1.771,1.806,1.769,1.8,1250083.3
2024-07-30 00:00:00+00:00,1.801,1.833,1.776,1.812,1627972.7
2024-07-30 06:00:00+00:00,1.811,1.831,1.794,1.81,897756.3
2024-07-30 12:00:00+00:00,1.81,1.82,1.763,1.772,1432458.8
2024-07-30 18:00:00+00:00,1.771,1.776,1.701,1.713,2096728.3
2024-07-31 00:00:00+00:00,1.713,1.739,1.695,1.725,1233894.1
2024-07-31 06:00:00+00:00,1.724,1.744,1.698,1.715,989261.2
2024-07-31 12:00:00+00:00,1.715,1.75,1.703,1.718,1254589.4
2024-07-31 18:00:00+00:00,1.719,1.721,1.641,1.647,3835058.1
2024-08-01 00:00:00+00:00,1.646,1.66,1.598,1.635,1989579.4
2024-08-01 06:00:00+00:00,1.635,1.663,1.614,1.654,878142.3
2024-08-01 12:00:00+00:00,1.654,1.67,1.538,1.571,3377599.7
2024-08-01 18:00:00+00:00,1.57,1.631,1.525,1.626,2716053.7
2024-08-02 00:00:00+00:00,1.625,1.639,1.576,1.576,1125193.1
2024-08-02 06:00:00+00:00,1.577,1.618,1.555,1.61,1301753.7
2024-08-02 12:00:00+00:00,1.61,1.633,1.511,1.541,3140735.2
2024-08-02 18:00:00+00:00,1.541,1.544,1.487,1.51,2326925.7
2024-08-03 00:00:00+00:00,1.51,1.537,1.473,1.537,1657654.2
2024-08-03 06:00:00+00:00,1.538,1.553,1.525,1.525,1007427.4
2024-08-03 12:00:00+00:00,1.525,1.541,1.444,1.451,2946602.3
2024-08-03 18:00:00+00:00,1.451,1.457,1.409,1.446,2668154.0
2024-08-04 00:00:00+00:00,1.446,1.487,1.444,1.482,1114084.9
2024-08-04 06:00:00+00:00,1.481,1.488,1.446,1.454,1189868.9
2024-08-04 12:00:00+00:00,1.453,1.465,1.321,1.357,4205104.1
2024-08-04 18:00:00+00:00,1.357,1.407,1.336,1.353,3043746.9
2024-08-05 00:00:00+00:00,1.353,1.366,1.112,1.187,14314393.0
2024-08-05 06:00:00+00:00,1.187,1.211,1.083,1.128,12792556.2
2024-08-05 12:00:00+00:00,1.128,1.306,1.082,1.264,10433124.7
2024-08-05 18:00:00+00:00,1.265,1.268,1.211,1.232,3504508.3
2024-08-06 00:00:00+00:00,1.232,1.322,1.228,1.317,3862635.4
2024-08-06 06:00:00+00:00,1.316,1.323,1.269,1.282,2729748.6
2024-08-06 12:00:00+00:00,1.281,1.333,1.256,1.303,3523430.9
2024-08-06 18:00:00+00:00,1.303,1.315,1.271,1.284,2320475.5
2024-08-07 00:00:00+00:00,1.284,1.339,1.273,1.321,1918776.8
2024-08-07 06:00:00+00:00,1.321,1.339,1.3,1.301,1549013.8
2024-08-07 12:00:00+00:00,1.301,1.313,1.215,1.225,4665313.3
2024-08-07 18:00:00+00:00,1.225,1.235,1.189,1.204,4888438.1
2024-08-08 00:00:00+00:00,1.205,1.27,1.18,1.257,3669729.5
2024-08-08 06:00:00+00:00,1.258,1.266,1.242,1.258,1735031.4
2024-08-08 12:00:00+00:00,1.258,1.337,1.248,1.315,3965331.0
2024-08-08 18:00:00+00:00,1.315,1.37,1.31,1.368,2056042.0
2024-08-09 00:00:00+00:00,1.368,1.369,1.321,1.33,1876963.7
2024-08-09 06:00:00+00:00,1.33,1.345,1.31,1.328,1315686.1
2024-08-09 12:00:00+00:00,1.327,1.33,1.275,1.296,2943678.1
2024-08-09 18:00:00+00:00,1.297,1.31,1.283,1.31,1450417.2
2024-08-10 00:00:00+00:00,1.309,1.326,1.284,1.29,1140411.5
2024-08-10 06:00:00+00:00,1.291,1.326,1.288,1.325,991551.9
2024-08-10 12:00:00+00:00,1.325,1.326,1.303,1.316,924240.4
2024-08-10 18:00:00+00:00,1.317,1.324,1.309,1.317,739944.1
2024-08-11 00:00:00+00:00,1.318,1.333,1.313,1.327,839455.8
2024-08-11 06:00:00+00:00,1.326,1.36,1.318,1.324,1129172.9
2024-08-11 12:00:00+00:00,1.324,1.329,1.268,1.284,1824688.3
2024-08-11 18:00:00+00:00,1.283,1.286,1.212,1.221,2437309.0
2024-08-12 00:00:00+00:00,1.221,1.279,1.217,1.265,2950187.0
2024-08-12 06:00:00+00:00,1.265,1.343,1.245,1.331,3711347.7
2024-08-12 12:00:00+00:00,1.331,1.379,1.288,1.354,3737257.6
2024-08-12 18:00:00+00:00,1.355,1.363,1.318,1.345,1937540.8
2024-08-13 00:00:00+00:00,1.345,1.349,1.308,1.328,1396692.4
2024-08-13 06:00:00+00:00,1.328,1.341,1.305,1.321,1180054.5
2024-08-13 12:00:00+00:00,1.321,1.378,1.319,1.376,2234083.6
2024-08-13 18:00:00+00:00,1.375,1.378,1.351,1.375,1385119.7
2024-08-14 00:00:00+00:00,1.374,1.382,1.342,1.342,1175437.9
2024-08-14 06:00:00+00:00,1.342,1.352,1.327,1.338,1309188.2
2024-08-14 12:00:00+00:00,1.338,1.374,1.297,1.325,9785396.1
2024-08-14 18:00:00+00:00,1.325,1.34,1.315,1.339,1795003.2
2024-08-15 00:00:00+00:00,1.338,1.345,1.32,1.321,1377861.4
2024-08-15 06:00:00+00:00,1.321,1.331,1.302,1.329,1924789.4
2024-08-15 12:00:00+00:00,1.33,1.366,1.311,1.313,2397184.1
2024-08-15 18:00:00+00:00,1.313,1.331,1.278,1.32,3497270.1
2024-08-16 00:00:00+00:00,1.32,1.324,1.287,1.319,1626463.7
2024-08-16 06:00:00+00:00,1.319,1.345,1.316,1.324,1817944.2
2024-08-16 12:00:00+00:00,1.325,1.33,1.274,1.312,3006853.4
2024-08-16 18:00:00+00:00,1.312,1.352,1.307,1.331,1734556.0
2024-08-17 00:00:00+00:00,1.33,1.347,1.318,1.346,1340966.9
2024-08-17 06:00:00+00:00,1.347,1.353,1.321,1.328,1587575.2
2024-08-17 12:00:00+00:00,1.327,1.349,1.314,1.344,1842970.3
2024-08-17 18:00:00+00:00,1.344,1.39,1.333,1.388,1862723.0
2024-08-18 00:00:00+00:00,1.389,1.425,1.388,1.414,4630078.5
2024-08-18 06:00:00+00:00,1.414,1.433,1.412,1.42,2557560.0
2024-08-18 12:00:00+00:00,1.419,1.421,1.392,1.395,1391932.4
2024-08-18 18:00:00+00:00,1.394,1.412,1.377,1.379,1051816.4
2024-08-19 00:00:00+00:00,1.38,1.417,1.375,1.406,1549395.0
2024-08-19 06:00:00+00:00,1.406,1.433,1.38,1.398,2284428.9
2024-08-19 12:00:00+00:00,1.398,1.41,1.356,1.383,2234007.8
2024-08-19 18:00:00+00:00,1.383,1.424,1.373,1.414,1562118.9
2024-08-20 00:00:00+00:00,1.414,1.467,1.409,1.464,1816924.7
2024-08-20 06:00:00+00:00,1.465,1.468,1.427,1.435,1585510.2
2024-08-20 12:00:00+00:00,1.435,1.438,1.37,1.382,2275948.9
2024-08-20 18:00:00+00:00,1.381,1.402,1.378,1.394,1286312.3
2024-08-21 00:00:00+00:00,1.393,1.408,1.382,1.406,900201.7
2024-08-21 06:00:00+00:00,1.405,1.447,1.403,1.42,1710008.1
2024-08-21 12:00:00+00:00,1.42,1.489,1.411,1.488,3095858.9
2024-08-21 18:00:00+00:00,1.488,1.551,1.485,1.534,4176025.0
2024-08-22 00:00:00+00:00,1.535,1.54,1.505,1.519,2955633.3
2024-08-22 06:00:00+00:00,1.519,1.526,1.499,1.523,1587433.3
2024-08-22 12:00:00+00:00,1.522,1.525,1.492,1.494,2395072.4
2024-08-22 18:00:00+00:00,1.495,1.511,1.487,1.507,1765359.9
2024-08-23 00:00:00+00:00,1.506,1.537,1.5,1.537,1509140.4
2024-08-23 06:00:00+00:00,1.536,1.552,1.516,1.532,2056978.4
2024-08-23 12:00:00+00:00,1.531,1.598,1.531,1.595,2989985.0
2024-08-23 18:00:00+00:00,1.595,1.665,1.586,1.638,2443242.6
2024-08-24 00:00:00+00:00,1.639,1.652,1.623,1.639,1318474.0
2024-08-24 06:00:00+00:00,1.638,1.746,1.626,1.694,6988050.4
2024-08-24 12:00:00+00:00,1.693,1.725,1.677,1.701,2758858.2
2024-08-24 18:00:00+00:00,1.701,1.717,1.625,1.655,2879573.3
2024-08-25 00:00:00+00:00,1.655,1.659,1.59,1.616,2185724.1
2024-08-25 06:00:00+00:00,1.616,1.62,1.56,1.594,2176745.6
2024-08-25 12:00:00+00:00,1.593,1.624,1.59,1.603,1695572.3
2024-08-25 18:00:00+00:00,1.603,1.626,1.584,1.587,1510548.5
2024-08-26 00:00:00+00:00,1.587,1.607,1.565,1.581,1262072.7
2024-08-26 06:00:00+00:00,1.58,1.597,1.561,1.581,1224216.6
2024-08-26 12:00:00+00:00,1.581,1.584,1.523,1.525,1882984.9
2024-08-26 18:00:00+00:00,1.526,1.541,1.504,1.506,1517284.2
2024-08-27 00:00:00+00:00,1.506,1.54,1.503,1.538,1144217.4
2024-08-27 06:00:00+00:00,1.538,1.54,1.475,1.49,1449449.3
2024-08-27 12:00:00+00:00,1.489,1.502,1.462,1.476,1764691.4
2024-08-27 18:00:00+00:00,1.476,1.485,1.357,1.389,3702582.5
2024-08-28 00:00:00+00:00,1.388,1.388,1.351,1.376,1899965.0
2024-08-28 06:00:00+00:00,1.375,1.421,1.344,1.396,2732981.9
2024-08-28 12:00:00+00:00,1.396,1.405,1.317,1.348,3300013.4
2024-08-28 18:00:00+00:00,1.348,1.384,1.345,1.363,2143265.0
2024-08-29 00:00:00+00:00,1.364,1.378,1.354,1.373,795514.6
2024-08-29 06:00:00+00:00,1.372,1.387,1.362,1.377,1011800.3
2024-08-29 12:00:00+00:00,1.377,1.416,1.372,1.388,1748820.6
2024-08-29 18:00:00+00:00,1.388,1.388,1.345,1.361,2196845.4
2024-08-30 00:00:00+00:00,1.362,1.378,1.355,1.362,884456.0
2024-08-30 06:00:00+00:00,1.362,1.404,1.36,1.389,1524938.2
2024-08-30 12:00:00+00:00,1.389,1.401,1.299,1.335,3133061.8
2024-08-30 18:00:00+00:00,1.335,1.376,1.331,1.37,1774911.8
2024-08-31 00:00:00+00:00,1.369,1.374,1.355,1.356,538150.9
2024-08-31 06:00:00+00:00,1.356,1.361,1.336,1.353,650588.2
2024-08-31 12:00:00+00:00,1.353,1.355,1.323,1.33,761943.9
2024-08-31 18:00:00+00:00,1.33,1.345,1.314,1.333,1247431.1
2024-09-01 00:00:00+00:00,1.333,1.345,1.302,1.307,1039609.5
2024-09-01 06:00:00+00:00,1.307,1.328,1.305,1.314,738912.2
2024-09-01 12:00:00+00:00,1.315,1.318,1.277,1.287,1479107.8
2024-09-01 18:00:00+00:00,1.287,1.317,1.247,1.26,1853459.7
2024-09-02 00:00:00+00:00,1.259,1.285,1.256,1.273,971811.8
2024-09-02 06:00:00+00:00,1.273,1.309,1.251,1.296,1603103.2
2024-09-02 12:00:00+00:00,1.295,1.317,1.281,1.316,1394550.1
2024-09-02 18:00:00+00:00,1.316,1.34,1.301,1.327,1337865.1
2024-09-03 00:00:00+00:00,1.327,1.352,1.321,1.329,910867.6
2024-09-03 06:00:00+00:00,1.33,1.336,1.316,1.323,1164863.3
2024-09-03 12:00:00+00:00,1.322,1.334,1.265,1.276,1980147.9
2024-09-03 18:00:00+00:00,1.275,1.308,1.271,1.28,2201685.7
2024-09-04 00:00:00+00:00,1.281,1.294,1.214,1.261,2473832.2
2024-09-04 06:00:00+00:00,1.26,1.302,1.259,1.283,1225529.9
2024-09-04 12:00:00+00:00,1.282,1.4,1.272,1.368,6141809.8
2024-09-04 18:00:00+00:00,1.367,1.385,1.349,1.364,3146432.4
2024-09-05 00:00:00+00:00,1.364,1.369,1.324,1.335,2104026.4
2024-09-05 06:00:00+00:00,1.334,1.339,1.313,1.317,1981450.3
2024-09-05 12:00:00+00:00,1.317,1.338,1.278,1.293,3730727.6
2024-09-05 18:00:00+00:00,1.293,1.3,1.263,1.275,1763722.9
2024-09-06 00:00:00+00:00,1.275,1.297,1.263,1.275,1688425.7
2024-09-06 06:00:00+00:00,1.275,1.282,1.248,1.271,1856589.2
2024-09-06 12:00:00+00:00,1.27,1.304,1.224,1.24,6880016.7
2024-09-06 18:00:00+00:00,1.24,1.241,1.181,1.235,6284449.2
2024-09-07 00:00:00+00:00,1.236,1.261,1.227,1.255,2567602.8
2024-09-07 06:00:00+00:00,1.256,1.284,1.255,1.273,1435393.0
2024-09-07 12:00:00+00:00,1.274,1.306,1.26,1.265,1913972.7
2024-09-07 18:00:00+00:00,1.264,1.283,1.253,1.263,1224734.4
2024-09-08 00:00:00+00:00,1.263,1.3,1.256,1.294,1434726.2
2024-09-08 06:00:00+00:00,1.293,1.302,1.272,1.276,1496414.0
2024-09-08 12:00:00+00:00,1.277,1.277,1.247,1.269,1744420.7
2024-09-08 18:00:00+00:00,1.269,1.307,1.262,1.288,1624186.6
2024-09-09 00:00:00+00:00,1.288,1.31,1.286,1.296,2219259.1
2024-09-09 06:00:00+00:00,1.296,1.328,1.295,1.327,1339263.2
2024-09-09 12:00:00+00:00,1.327,1.358,1.313,1.351,3008390.1
2024-09-09 18:00:00+00:00,1.351,1.369,1.345,1.349,1653299.7
2024-09-10 00:00:00+00:00,1.349,1.355,1.332,1.354,1052556.3
2024-09-10 06:00:00+00:00,1.354,1.386,1.348,1.384,1741095.3
2024-09-10 12:00:00+00:00,1.385,1.414,1.369,1.405,2843110.1
2024-09-10 18:00:00+00:00,1.405,1.423,1.396,1.403,2517710.0
2024-09-11 00:00:00+00:00,1.403,1.414,1.388,1.405,3216866.3
2024-09-11 06:00:00+00:00,1.406,1.427,1.356,1.37,4947772.2
2024-09-11 12:00:00+00:00,1.37,1.401,1.346,1.389,3774845.1
2024-09-11 18:00:00+00:00,1.389,1.397,1.363,1.366,2223372.6
2024-09-12 00:00:00+00:00,1.365,1.402,1.365,1.396,1398278.1
2024-09-12 06:00:00+00:00,1.395,1.407,1.381,1.384,1404353.9
2024-09-12 12:00:00+00:00,1.384,1.392,1.355,1.386,1925371.5
2024-09-12 18:00:00+00:00,1.387,1.395,1.378,1.386,1362279.0
2024-09-13 00:00:00+00:00,1.386,1.398,1.38,1.386,1533969.2
2024-09-13 06:00:00+00:00,1.386,1.415,1.375,1.394,1768193.6
2024-09-13 12:00:00+00:00,1.395,1.448,1.383,1.437,2515907.3
2024-09-13 18:00:00+00:00,1.437,1.471,1.434,1.459,1685746.9
2024-09-14 00:00:00+00:00,1.46,1.467,1.436,1.437,890840.6
2024-09-14 06:00:00+00:00,1.436,1.45,1.429,1.435,970232.3
2024-09-14 12:00:00+00:00,1.434,1.453,1.426,1.435,1535868.9
2024-09-14 18:00:00+00:00,1.434,1.443,1.423,1.438,1294938.8
2024-09-15 00:00:00+00:00,1.438,1.479,1.434,1.445,1959201.8
2024-09-15 06:00:00+00:00,1.445,1.448,1.418,1.427,879404.2
2024-09-15 12:00:00+00:00,1.427,1.439,1.394,1.398,1550407.7
2024-09-15 18:00:00+00:00,1.399,1.409,1.348,1.364,2213817.1
2024-09-16 00:00:00+00:00,1.364,1.367,1.325,1.364,1992933.4
2024-09-16 06:00:00+00:00,1.363,1.395,1.352,1.365,1789248.1
2024-09-16 12:00:00+00:00,1.364,1.365,1.319,1.338,2219838.0
2024-09-16 18:00:00+00:00,1.338,1.338,1.31,1.324,1326289.0
2024-09-17 00:00:00+00:00,1.324,1.348,1.304,1.347,2596327.5
2024-09-17 06:00:00+00:00,1.347,1.359,1.335,1.348,1295223.8
2024-09-17 12:00:00+00:00,1.349,1.422,1.346,1.409,2870485.1
2024-09-17 18:00:00+00:00,1.409,1.421,1.386,1.416,2798001.0
2024-09-18 00:00:00+00:00,1.416,1.425,1.392,1.394,1162465.7
2024-09-18 06:00:00+00:00,1.395,1.409,1.351,1.362,1991870.1
2024-09-18 12:00:00+00:00,1.363,1.371,1.322,1.344,1817735.6
2024-09-18 18:00:00+00:00,1.344,1.448,1.34,1.446,3515383.4
2024-09-19 00:00:00+00:00,1.447,1.496,1.442,1.493,2570368.9
2024-09-19 06:00:00+00:00,1.493,1.497,1.478,1.487,1358678.0
2024-09-19 12:00:00+00:00,1.486,1.511,1.475,1.502,2330613.1
2024-09-19 18:00:00+00:00,1.502,1.535,1.485,1.489,4442045.4
2024-09-20 00:00:00+00:00,1.49,1.554,1.473,1.547,2211856.3
2024-09-20 06:00:00+00:00,1.548,1.586,1.531,1.552,3438535.7
2024-09-20 12:00:00+00:00,1.552,1.572,1.521,1.526,3261986.0
2024-09-20 18:00:00+00:00,1.526,1.589,1.511,1.582,1993828.8
2024-09-21 00:00:00+00:00,1.581,1.624,1.544,1.557,3541502.6
2024-09-21 06:00:00+00:00,1.556,1.58,1.554,1.575,1229372.0
2024-09-21 12:00:00+00:00,1.574,1.606,1.564,1.594,1654438.9
2024-09-21 18:00:00+00:00,1.594,1.627,1.591,1.616,1612623.9
2024-09-22 00:00:00+00:00,1.616,1.618,1.577,1.579,1149045.0
2024-09-22 06:00:00+00:00,1.58,1.598,1.525,1.541,2745167.4
2024-09-22 12:00:00+00:00,1.541,1.559,1.505,1.535,1665933.3
2024-09-22 18:00:00+00:00,1.536,1.546,1.487,1.526,2176859.1
2024-09-23 00:00:00+00:00,1.527,1.603,1.497,1.599,2561613.1
2024-09-23 06:00:00+00:00,1.6,1.611,1.578,1.596,1634870.3
2024-09-23 12:00:00+00:00,1.596,1.637,1.582,1.603,2796625.7
2024-09-23 18:00:00+00:00,1.603,1.607,1.584,1.595,1085437.9
2024-09-24 00:00:00+00:00,1.595,1.601,1.566,1.595,1299426.1
2024-09-24 06:00:00+00:00,1.596,1.678,1.595,1.67,5324594.7
2024-09-24 12:00:00+00:00,1.67,1.696,1.633,1.68,3455280.1
2024-09-24 18:00:00+00:00,1.68,1.702,1.666,1.678,1596984.6
2024-09-25 00:00:00+00:00,1.678,1.708,1.665,1.674,1613668.3
2024-09-25 06:00:00+00:00,1.673,1.673,1.642,1.666,1382435.5
2024-09-25 12:00:00+00:00,1.666,1.721,1.646,1.669,3990234.8
2024-09-25 18:00:00+00:00,1.669,1.688,1.644,1.658,3001715.3
2024-09-26 00:00:00+00:00,1.658,1.699,1.624,1.693,2626332.3
2024-09-26 06:00:00+00:00,1.694,1.735,1.689,1.726,3463451.5
2024-09-26 12:00:00+00:00,1.725,1.735,1.684,1.691,3957446.2
2024-09-26 18:00:00+00:00,1.691,1.706,1.672,1.695,1692343.3
2024-09-27 00:00:00+00:00,1.694,1.72,1.675,1.717,1707863.2
2024-09-27 06:00:00+00:00,1.718,1.733,1.681,1.697,2458443.9
2024-09-27 12:00:00+00:00,1.697,1.735,1.684,1.704,3031584.3
2024-09-27 18:00:00+00:00,1.703,1.73,1.696,1.72,1051295.5
2024-09-28 00:00:00+00:00,1.72,1.768,1.717,1.717,2083148.1
2024-09-28 06:00:00+00:00,1.718,1.72,1.652,1.703,2233787.6
2024-09-28 12:00:00+00:00,1.702,1.706,1.676,1.691,1238139.8
2024-09-28 18:00:00+00:00,1.69,1.698,1.661,1.695,819268.9
2024-09-29 00:00:00+00:00,1.695,1.705,1.672,1.677,848578.1
2024-09-29 06:00:00+00:00,1.677,1.684,1.64,1.667,1350841.0
2024-09-29 12:00:00+00:00,1.668,1.693,1.646,1.683,1309476.3
2024-09-29 18:00:00+00:00,1.683,1.707,1.668,1.676,1180845.6
2024-09-30 00:00:00+00:00,1.676,1.679,1.621,1.648,2474416.2
2024-09-30 06:00:00+00:00,1.649,1.664,1.613,1.635,2322737.2
2024-09-30 12:00:00+00:00,1.634,1.649,1.608,1.619,1670255.1
2024-09-30 18:00:00+00:00,1.62,1.624,1.564,1.579,1754413.3
2024-10-01 00:00:00+00:00,1.578,1.607,1.568,1.584,2275348.8
2024-10-01 06:00:00+00:00,1.584,1.614,1.584,1.594,1386746.5
2024-10-01 12:00:00+00:00,1.594,1.61,1.395,1.462,9202469.7
2024-10-01 18:00:00+00:00,1.462,1.464,1.385,1.411,4861570.7
2024-10-02 00:00:00+00:00,1.41,1.458,1.404,1.443,1726928.1
2024-10-02 06:00:00+00:00,1.443,1.468,1.397,1.415,1972407.6
2024-10-02 12:00:00+00:00,1.414,1.421,1.373,1.377,3080028.1
2024-10-02 18:00:00+00:00,1.378,1.378,1.317,1.341,3875654.9
2024-10-03 00:00:00+00:00,1.341,1.374,1.328,1.364,1625380.6
2024-10-03 06:00:00+00:00,1.364,1.372,1.305,1.329,2738116.2
2024-10-03 12:00:00+00:00,1.329,1.343,1.292,1.324,5111804.5
2024-10-03 18:00:00+00:00,1.325,1.343,1.315,1.337,2147329.2
2024-10-04 00:00:00+00:00,1.337,1.373,1.327,1.369,1815223.6
2024-10-04 06:00:00+00:00,1.369,1.381,1.353,1.36,1532450.0
2024-10-04 12:00:00+00:00,1.359,1.406,1.343,1.389,2913659.4
2024-10-04 18:00:00+00:00,1.389,1.392,1.379,1.39,1051797.8
2024-10-05 00:00:00+00:00,1.389,1.41,1.384,1.409,1324874.0
2024-10-05 06:00:00+00:00,1.409,1.419,1.401,1.415,1176870.1
2024-10-05 12:00:00+00:00,1.415,1.425,1.387,1.397,1510220.7
2024-10-05 18:00:00+00:00,1.398,1.399,1.365,1.385,1075890.8
2024-10-06 00:00:00+00:00,1.385,1.41,1.382,1.401,1010330.1
2024-10-06 06:00:00+00:00,1.401,1.408,1.389,1.405,703417.8
2024-10-06 12:00:00+00:00,1.405,1.439,1.397,1.419,1912225.1
2024-10-06 18:00:00+00:00,1.419,1.434,1.404,1.431,875191.3
2024-10-07 00:00:00+00:00,1.431,1.486,1.428,1.473,1900211.7
2024-10-07 06:00:00+00:00,1.474,1.503,1.451,1.481,1906166.5
2024-10-07 12:00:00+00:00,1.481,1.515,1.464,1.51,2489781.8
2024-10-07 18:00:00+00:00,1.511,1.513,1.455,1.455,2443974.8
2024-10-08 00:00:00+00:00,1.454,1.471,1.43,1.44,1489438.4
2024-10-08 06:00:00+00:00,1.44,1.441,1.403,1.432,2153508.3
2024-10-08 12:00:00+00:00,1.433,1.438,1.392,1.404,2649629.3
2024-10-08 18:00:00+00:00,1.404,1.421,1.389,1.409,1389334.3
2024-10-09 00:00:00+00:00,1.409,1.436,1.402,1.432,1383248.3
2024-10-09 06:00:00+00:00,1.432,1.432,1.406,1.412,1414287.2
2024-10-09 12:00:00+00:00,1.411,1.428,1.384,1.405,2547466.2
2024-10-09 18:00:00+00:00,1.405,1.406,1.351,1.361,2268919.0
2024-10-10 00:00:00+00:00,1.361,1.407,1.355,1.406,1310258.3
2024-10-10 06:00:00+00:00,1.405,1.409,1.362,1.395,1296822.8
2024-10-10 12:00:00+00:00,1.395,1.406,1.36,1.369,3158596.6
2024-10-10 18:00:00+00:00,1.368,1.417,1.358,1.417,1894834.2
2024-10-11 00:00:00+00:00,1.418,1.431,1.405,1.418,1051316.0
2024-10-11 06:00:00+00:00,1.418,1.445,1.417,1.435,1735758.0
2024-10-11 12:00:00+00:00,1.434,1.455,1.429,1.454,1565044.5
2024-10-11 18:00:00+00:00,1.454,1.468,1.447,1.455,1066138.7
2024-10-12 00:00:00+00:00,1.455,1.471,1.448,1.468,759862.9
2024-10-12 06:00:00+00:00,1.468,1.499,1.459,1.487,1358936.0
2024-10-12 12:00:00+00:00,1.487,1.504,1.481,1.49,1391464.8
2024-10-12 18:00:00+00:00,1.491,1.496,1.475,1.477,1054800.9
2024-10-13 00:00:00+00:00,1.478,1.481,1.453,1.467,914635.8
2024-10-13 06:00:00+00:00,1.467,1.477,1.45,1.451,863305.7
2024-10-13 12:00:00+00:00,1.45,1.463,1.422,1.43,1298153.9
2024-10-13 18:00:00+00:00,1.429,1.466,1.417,1.454,892960.1
2024-10-14 00:00:00+00:00,1.454,1.498,1.439,1.479,1690378.9
2024-10-14 06:00:00+00:00,1.48,1.538,1.472,1.528,2156906.2
2024-10-14 12:00:00+00:00,1.528,1.561,1.523,1.543,1720649.2
2024-10-14 18:00:00+00:00,1.543,1.569,1.54,1.55,1265381.6
2024-10-15 00:00:00+00:00,1.55,1.557,1.504,1.508,1400200.6
2024-10-15 06:00:00+00:00,1.508,1.53,1.462,1.472,2435897.6
2024-10-15 12:00:00+00:00,1.472,1.54,1.445,1.5,5184541.0
2024-10-15 18:00:00+00:00,1.5,1.512,1.465,1.499,1300373.8
2024-10-16 00:00:00+00:00,1.5,1.521,1.475,1.503,1993102.7
2024-10-16 06:00:00+00:00,1.502,1.519,1.478,1.506,2096545.3
2024-10-16 12:00:00+00:00,1.505,1.514,1.459,1.471,1944159.2
2024-10-16 18:00:00+00:00,1.471,1.486,1.459,1.467,1088989.8
2024-10-17 00:00:00+00:00,1.467,1.485,1.451,1.454,1286031.0
2024-10-17 06:00:00+00:00,1.454,1.462,1.419,1.421,1522868.2
2024-10-17 12:00:00+00:00,1.421,1.443,1.411,1.426,1773249.7
2024-10-17 18:00:00+00:00,1.426,1.44,1.406,1.439,1291120.1
2024-10-18 00:00:00+00:00,1.44,1.464,1.429,1.447,1250651.0
2024-10-18 06:00:00+00:00,1.447,1.458,1.442,1.448,891836.1
2024-10-18 12:00:00+00:00,1.448,1.453,1.422,1.435,1931970.0
2024-10-18 18:00:00+00:00,1.435,1.451,1.432,1.449,1188551.1
2024-10-19 00:00:00+00:00,1.448,1.468,1.446,1.454,986892.0
2024-10-19 06:00:00+00:00,1.455,1.472,1.436,1.437,1730847.0
2024-10-19 12:00:00+00:00,1.436,1.459,1.434,1.439,1076501.6
2024-10-19 18:00:00+00:00,1.439,1.461,1.436,1.457,706856.6
2024-10-20 00:00:00+00:00,1.458,1.46,1.436,1.459,758525.3
2024-10-20 06:00:00+00:00,1.459,1.538,1.456,1.535,4251529.8
2024-10-20 12:00:00+00:00,1.535,1.6,1.529,1.579,6197627.8
2024-10-20 18:00:00+00:00,1.579,1.629,1.579,1.625,3408825.6
2024-10-21 00:00:00+00:00,1.626,1.638,1.594,1.603,2225577.4
2024-10-21 06:00:00+00:00,1.602,1.615,1.547,1.555,3079740.9
2024-10-21 12:00:00+00:00,1.556,1.564,1.505,1.526,3281548.6
2024-10-21 18:00:00+00:00,1.526,1.543,1.515,1.522,1464966.3
2024-10-22 00:00:00+00:00,1.522,1.546,1.503,1.539,1646599.2
2024-10-22 06:00:00+00:00,1.539,1.55,1.499,1.513,1869471.1
2024-10-22 12:00:00+00:00,1.513,1.532,1.493,1.531,2683208.1
2024-10-22 18:00:00+00:00,1.53,1.553,1.522,1.531,1775177.5
2024-10-23 00:00:00+00:00,1.53,1.541,1.504,1.516,1057885.9
2024-10-23 06:00:00+00:00,1.515,1.528,1.475,1.477,1567278.0
2024-10-23 12:00:00+00:00,1.476,1.491,1.421,1.422,3550997.3
2024-10-23 18:00:00+00:00,1.422,1.459,1.406,1.455,1921691.4
2024-10-24 00:00:00+00:00,1.455,1.496,1.453,1.487,1332329.5
2024-10-24 06:00:00+00:00,1.487,1.496,1.452,1.461,1587993.2
2024-10-24 12:00:00+00:00,1.461,1.495,1.454,1.486,1598546.2
2024-10-24 18:00:00+00:00,1.485,1.526,1.483,1.51,1773180.8
2024-10-25 00:00:00+00:00,1.511,1.526,1.483,1.487,1439826.0
2024-10-25 06:00:00+00:00,1.487,1.515,1.455,1.511,1878939.7
2024-10-25 12:00:00+00:00,1.512,1.519,1.452,1.455,1907699.5
2024-10-25 18:00:00+00:00,1.455,1.478,1.343,1.4,4141743.3
2024-10-26 00:00:00+00:00,1.4,1.416,1.382,1.408,1684181.3
2024-10-26 06:00:00+00:00,1.408,1.414,1.389,1.395,885090.0
2024-10-26 12:00:00+00:00,1.394,1.4,1.354,1.382,1343879.2
2024-10-26 18:00:00+00:00,1.382,1.415,1.376,1.399,924681.2
2024-10-27 00:00:00+00:00,1.4,1.409,1.387,1.404,700173.2
2024-10-27 06:00:00+00:00,1.403,1.407,1.383,1.386,475699.2
2024-10-27 12:00:00+00:00,1.386,1.414,1.386,1.402,926733.2
2024-10-27 18:00:00+00:00,1.402,1.421,1.392,1.413,886204.2
2024-10-28 00:00:00+00:00,1.414,1.42,1.361,1.377,1325807.2
2024-10-28 06:00:00+00:00,1.378,1.423,1.37,1.408,1532344.3
2024-10-28 12:00:00+00:00,1.408,1.411,1.324,1.342,2644304.2
2024-10-28 18:00:00+00:00,1.341,1.41,1.339,1.394,1537044.4
2024-10-29 00:00:00+00:00,1.395,1.47,1.395,1.462,2411813.9
2024-10-29 06:00:00+00:00,1.462,1.475,1.451,1.461,1386096.6
2024-10-29 12:00:00+00:00,1.461,1.509,1.453,1.494,5189390.5
2024-10-29 18:00:00+00:00,1.494,1.506,1.448,1.497,1974052.5
2024-10-30 00:00:00+00:00,1.498,1.514,1.472,1.509,1316766.5
2024-10-30 06:00:00+00:00,1.508,1.521,1.479,1.48,1767296.2
2024-10-30 12:00:00+00:00,1.48,1.511,1.47,1.477,2432808.0
2024-10-30 18:00:00+00:00,1.477,1.507,1.467,1.482,2055680.5
2024-10-31 00:00:00+00:00,1.482,1.493,1.461,1.469,1343637.6
2024-10-31 06:00:00+00:00,1.469,1.469,1.43,1.437,1501210.9
2024-10-31 12:00:00+00:00,1.437,1.442,1.383,1.392,2301696.0
2024-10-31 18:00:00+00:00,1.392,1.392,1.368,1.387,1568284.8
2024-11-01 00:00:00+00:00,1.386,1.399,1.361,1.389,1257789.4
2024-11-01 06:00:00+00:00,1.389,1.404,1.369,1.397,1458541.6
2024-11-01 12:00:00+00:00,1.396,1.424,1.364,1.392,2695352.2
2024-11-01 18:00:00+00:00,1.392,1.395,1.364,1.386,1235690.0
2024-11-02 00:00:00+00:00,1.386,1.404,1.385,1.394,878358.2
2024-11-02 06:00:00+00:00,1.395,1.398,1.378,1.381,604402.2
2024-11-02 12:00:00+00:00,1.381,1.384,1.351,1.355,1357188.5
2024-11-02 18:00:00+00:00,1.354,1.359,1.345,1.352,879755.9
2024-11-03 00:00:00+00:00,1.352,1.356,1.299,1.302,2287637.4
2024-11-03 06:00:00+00:00,1.302,1.318,1.289,1.29,1488642.6
2024-11-03 12:00:00+00:00,1.29,1.299,1.241,1.257,3001760.7
2024-11-03 18:00:00+00:00,1.257,1.296,1.233,1.283,2076210.7
2024-11-04 00:00:00+00:00,1.282,1.319,1.269,1.287,1305174.1
2024-11-04 06:00:00+00:00,1.287,1.303,1.271,1.286,1394116.9
2024-11-04 12:00:00+00:00,1.286,1.302,1.256,1.265,2060544.9
2024-11-04 18:00:00+00:00,1.266,1.27,1.227,1.249,2310909.8
2024-11-05 00:00:00+00:00,1.249,1.286,1.248,1.279,1474713.7
2024-11-05 06:00:00+00:00,1.28,1.289,1.271,1.277,936843.7
2024-11-05 12:00:00+00:00,1.276,1.322,1.269,1.303,2805555.3
2024-11-05 18:00:00+00:00,1.303,1.309,1.277,1.296,1411098.0
2024-11-06 00:00:00+00:00,1.295,1.426,1.295,1.425,4879029.0
2024-11-06 06:00:00+00:00,1.424,1.45,1.388,1.445,4006473.7
2024-11-06 12:00:00+00:00,1.445,1.472,1.419,1.435,4140779.6
2024-11-06 18:00:00+00:00,1.435,1.493,1.434,1.484,2188276.9
2024-11-07 00:00:00+00:00,1.484,1.546,1.476,1.525,3753146.7
2024-11-07 06:00:00+00:00,1.525,1.526,1.481,1.491,1671813.8
2024-11-07 12:00:00+00:00,1.491,1.517,1.463,1.513,2279642.9
2024-11-07 18:00:00+00:00,1.513,1.524,1.482,1.498,1951799.1
2024-11-08 00:00:00+00:00,1.498,1.529,1.474,1.509,2967673.5
2024-11-08 06:00:00+00:00,1.509,1.54,1.497,1.532,2764095.9
2024-11-08 12:00:00+00:00,1.532,1.625,1.519,1.54,6595051.4
2024-11-08 18:00:00+00:00,1.54,1.574,1.529,1.571,2555290.6
2024-11-09 00:00:00+00:00,1.571,1.601,1.544,1.59,2500427.3
2024-11-09 06:00:00+00:00,1.591,1.633,1.571,1.62,2118296.5
2024-11-09 12:00:00+00:00,1.62,1.625,1.556,1.587,2981828.5
2024-11-09 18:00:00+00:00,1.587,1.649,1.579,1.614,3327347.3
2024-11-10 00:00:00+00:00,1.614,1.635,1.575,1.621,5696560.2
2024-11-10 06:00:00+00:00,1.621,1.673,1.609,1.665,4099975.2
2024-11-10 12:00:00+00:00,1.664,1.703,1.632,1.684,4343051.3
2024-11-10 18:00:00+00:00,1.684,1.711,1.558,1.645,5693434.8
2024-11-11 00:00:00+00:00,1.646,1.698,1.593,1.611,3232041.4
2024-11-11 06:00:00+00:00,1.61,1.66,1.59,1.658,2585671.9
2024-11-11 12:00:00+00:00,1.658,1.707,1.605,1.702,5364330.2
2024-11-11 18:00:00+00:00,1.701,1.736,1.659,1.724,4697384.6
2024-11-12 00:00:00+00:00,1.724,1.725,1.653,1.685,3326584.1
2024-11-12 06:00:00+00:00,1.684,1.742,1.529,1.594,8011395.9
2024-11-12 12:00:00+00:00,1.594,1.615,1.535,1.572,5605785.6
2024-11-12 18:00:00+00:00,1.572,1.635,1.57,1.605,2334049.0
2024-11-13 00:00:00+00:00,1.606,1.626,1.474,1.484,4102466.4
2024-11-13 06:00:00+00:00,1.484,1.528,1.466,1.514,2533098.5
2024-11-13 12:00:00+00:00,1.513,1.609,1.498,1.595,4634690.2
2024-11-13 18:00:00+00:00,1.595,1.606,1.462,1.524,4849886.9
2024-11-14 00:00:00+00:00,1.525,1.565,1.501,1.564,1561428.5
2024-11-14 06:00:00+00:00,1.564,1.587,1.51,1.536,2145823.1
2024-11-14 12:00:00+00:00,1.536,1.547,1.467,1.51,3480650.9
2024-11-14 18:00:00+00:00,1.509,1.54,1.471,1.494,2908724.3
2024-11-15 00:00:00+00:00,1.495,1.516,1.446,1.474,2168105.5
2024-11-15 06:00:00+00:00,1.473,1.53,1.457,1.523,2398470.9
2024-11-15 12:00:00+00:00,1.522,1.535,1.458,1.497,3098973.9
2024-11-15 18:00:00+00:00,1.497,1.556,1.487,1.552,1803778.1
2024-11-16 00:00:00+00:00,1.553,1.631,1.547,1.609,3311674.3
2024-11-16 06:00:00+00:00,1.609,1.658,1.58,1.657,2172340.9
2024-11-16 12:00:00+00:00,1.658,1.687,1.609,1.679,2988182.4
2024-11-16 18:00:00+00:00,1.679,1.713,1.678,1.696,2365931.6
2024-11-17 00:00:00+00:00,1.697,1.719,1.605,1.658,3706547.6
2024-11-17 06:00:00+00:00,1.658,1.71,1.653,1.671,2878095.9
2024-11-17 12:00:00+00:00,1.671,1.704,1.642,1.66,1749644.6
2024-11-17 18:00:00+00:00,1.66,1.663,1.591,1.619,1848267.8
2024-11-18 00:00:00+00:00,1.619,1.784,1.609,1.783,4187129.4
2024-11-18 06:00:00+00:00,1.784,1.91,1.782,1.826,13721681.1
2024-11-18 12:00:00+00:00,1.825,1.889,1.793,1.884,7355759.3
2024-11-18 18:00:00+00:00,1.884,1.889,1.775,1.816,5129658.3
2024-11-19 00:00:00+00:00,1.815,1.819,1.764,1.79,2190432.3
2024-11-19 06:00:00+00:00,1.789,1.803,1.75,1.775,2201019.3
2024-11-19 12:00:00+00:00,1.775,1.807,1.756,1.791,3074307.8
2024-11-19 18:00:00+00:00,1.79,1.801,1.714,1.768,3196969.7
2024-11-20 00:00:00+00:00,1.767,1.768,1.679,1.735,1889643.4
2024-11-20 06:00:00+00:00,1.735,1.784,1.716,1.743,2162688.5
2024-11-20 12:00:00+00:00,1.743,1.778,1.676,1.679,3306135.6
2024-11-20 18:00:00+00:00,1.68,1.689,1.634,1.659,2900972.3
2024-11-21 00:00:00+00:00,1.658,1.692,1.6,1.679,2608046.1
2024-11-21 06:00:00+00:00,1.68,1.696,1.648,1.676,1973503.9
2024-11-21 12:00:00+00:00,1.676,1.868,1.674,1.854,8653085.2
2024-11-21 18:00:00+00:00,1.854,1.865,1.83,1.845,2662513.9
2024-11-22 00:00:00+00:00,1.846,1.855,1.791,1.832,2285889.1
2024-11-22 06:00:00+00:00,1.832,1.848,1.804,1.839,2250704.1
2024-11-22 12:00:00+00:00,1.838,1.867,1.757,1.786,4008069.3
2024-11-22 18:00:00+00:00,1.787,1.905,1.761,1.903,2914271.1
2024-11-23 00:00:00+00:00,1.903,1.969,1.881,1.947,5918041.7
2024-11-23 06:00:00+00:00,1.946,2.001,1.943,1.978,2965084.1
2024-11-23 12:00:00+00:00,1.977,2.076,1.948,2.038,6776538.2
2024-11-23 18:00:00+00:00,2.038,2.177,2.018,2.099,8428181.3
2024-11-24 00:00:00+00:00,2.101,2.243,2.084,2.212,4005657.1
2024-11-24 06:00:00+00:00,2.211,2.243,2.0,2.041,6742200.7
2024-11-24 12:00:00+00:00,2.042,2.075,1.963,2.007,6165084.7
2024-11-24 18:00:00+00:00,2.007,2.144,2.004,2.138,3905118.9
2024-11-25 00:00:00+00:00,2.138,2.157,2.047,2.143,4054900.3
2024-11-25 06:00:00+00:00,2.143,2.372,2.103,2.315,7264773.7
2024-11-25 12:00:00+00:00,2.316,2.456,2.216,2.3,9761745.5
2024-11-25 18:00:00+00:00,2.3,2.337,2.195,2.231,4422131.9
2024-11-26 00:00:00+00:00,2.231,2.331,2.213,2.301,2721501.7
2024-11-26 06:00:00+00:00,2.3,2.307,2.096,2.144,3944229.9
2024-11-26 12:00:00+00:00,2.144,2.176,2.101,2.144,2772296.1
2024-11-26 18:00:00+00:00,2.143,2.224,2.072,2.215,3206719.3
2024-11-27 00:00:00+00:00,2.215,2.329,2.17,2.296,4017856.0
2024-11-27 06:00:00+00:00,2.296,2.395,2.293,2.38,3483378.7
2024-11-27 12:00:00+00:00,2.38,2.554,2.344,2.458,7657689.1
2024-11-27 18:00:00+00:00,2.458,2.463,2.394,2.42,2930662.4
2024-11-28 00:00:00+00:00,2.421,2.421,2.317,2.348,2718605.9
2024-11-28 06:00:00+00:00,2.348,2.395,2.255,2.267,3205857.6
2024-11-28 12:00:00+00:00,2.267,2.341,2.253,2.333,4141817.7
2024-11-28 18:00:00+00:00,2.333,2.413,2.331,2.381,2382053.8
2024-11-29 00:00:00+00:00,2.381,2.404,2.331,2.338,2086443.5
2024-11-29 06:00:00+00:00,2.338,2.38,2.298,2.379,1557413.5
2024-11-29 12:00:00+00:00,2.38,2.399,2.353,2.362,1768787.7
2024-11-29 18:00:00+00:00,2.363,2.409,2.332,2.379,1125391.0
2024-11-30 00:00:00+00:00,2.379,2.453,2.36,2.444,1731303.8
2024-11-30 06:00:00+00:00,2.445,2.559,2.439,2.528,2947190.5
2024-11-30 12:00:00+00:00,2.528,2.657,2.522,2.651,4045949.2
2024-11-30 18:00:00+00:00,2.65,2.676,2.613,2.63,2600621.6
2024-12-01 00:00:00+00:00,2.629,2.631,2.515,2.522,3404553.7
2024-12-01 06:00:00+00:00,2.522,2.569,2.486,2.533,2348997.6
2024-12-01 12:00:00+00:00,2.533,2.578,2.502,2.529,2417835.6
2024-12-01 18:00:00+00:00,2.528,2.546,2.464,2.535,1971556.6
2024-12-02 00:00:00+00:00,2.534,2.649,2.44,2.524,4930998.4
2024-12-02 06:00:00+00:00,2.524,2.552,2.382,2.411,5085040.0
2024-12-02 12:00:00+00:00,2.412,2.677,2.401,2.528,5682995.0
2024-12-02 18:00:00+00:00,2.529,2.75,2.527,2.746,4355136.5
2024-12-03 00:00:00+00:00,2.746,2.816,2.67,2.789,3261879.3
2024-12-03 06:00:00+00:00,2.79,2.845,2.688,2.806,4153610.3
2024-12-03 12:00:00+00:00,2.806,2.892,2.643,2.877,8606842.4
2024-12-03 18:00:00+00:00,2.877,2.987,2.821,2.956,4069903.2
2024-12-04 00:00:00+00:00,2.956,2.965,2.841,2.876,2596203.7
2024-12-04 06:00:00+00:00,2.876,3.116,2.816,3.091,4343258.3
2024-12-04 12:00:00+00:00,3.092,3.215,2.969,3.081,6490996.1
2024-12-04 18:00:00+00:00,3.082,3.165,2.978,3.035,3929583.9
2024-12-05 00:00:00+00:00,3.034,3.116,2.872,3.023,6609903.8
2024-12-05 06:00:00+00:00,3.024,3.073,2.988,3.022,2550181.1
2024-12-05 12:00:00+00:00,3.021,3.049,2.91,3.048,3207800.7
2024-12-05 18:00:00+00:00,3.047,3.049,2.81,2.935,4334689.6
2024-12-06 00:00:00+00:00,2.935,3.294,2.931,3.237,6294763.5
2024-12-06 06:00:00+00:00,3.237,3.332,3.087,3.132,4711440.2
2024-12-06 12:00:00+00:00,3.131,3.27,3.047,3.205,4374648.9
2024-12-06 18:00:00+00:00,3.205,3.369,3.193,3.254,3635812.4
2024-12-07 00:00:00+00:00,3.255,3.375,3.21,3.276,3674662.6
2024-12-07 06:00:00+00:00,3.275,3.322,3.11,3.163,3471989.5
2024-12-07 12:00:00+00:00,3.162,3.204,3.081,3.098,2376073.6
2024-12-07 18:00:00+00:00,3.099,3.201,3.096,3.197,1351504.7
2024-12-08 00:00:00+00:00,3.198,3.241,3.075,3.157,2387694.3
2024-12-08 06:00:00+00:00,3.157,3.281,3.123,3.251,3058494.8
2024-12-08 12:00:00+00:00,3.25,3.692,3.203,3.406,19694959.3
2024-12-08 18:00:00+00:00,3.407,3.438,3.321,3.386,4500921.3
2024-12-09 00:00:00+00:00,3.385,3.414,3.25,3.292,4118546.4
2024-12-09 06:00:00+00:00,3.292,3.296,3.092,3.107,4778050.4
2024-12-09 12:00:00+00:00,3.106,3.265,3.05,3.054,6177774.3
2024-12-09 18:00:00+00:00,3.054,3.097,2.297,2.762,15322285.3
2024-12-10 00:00:00+00:00,2.761,2.844,2.581,2.843,6961348.3
2024-12-10 06:00:00+00:00,2.843,2.972,2.805,2.892,5138075.4
2024-12-10 12:00:00+00:00,2.893,2.917,2.432,2.434,13858201.8
2024-12-10 18:00:00+00:00,2.434,2.76,2.424,2.702,5804693.2
2024-12-11 00:00:00+00:00,2.703,2.788,2.585,2.699,4672389.3
2024-12-11 06:00:00+00:00,2.698,2.812,2.667,2.774,2865957.7
2024-12-11 12:00:00+00:00,2.774,3.029,2.774,2.87,5984275.9
2024-12-11 18:00:00+00:00,2.869,2.954,2.863,2.928,2091124.9
2024-12-12 00:00:00+00:00,2.928,3.363,2.874,3.28,6618545.3
2024-12-12 06:00:00+00:00,3.28,3.338,3.113,3.129,4853297.6
2024-12-12 12:00:00+00:00,3.129,3.259,3.128,3.229,5237451.9
2024-12-12 18:00:00+00:00,3.228,3.232,3.094,3.155,3672467.4
2024-12-13 00:00:00+00:00,3.156,3.257,3.067,3.112,3743039.8
2024-12-13 06:00:00+00:00,3.112,3.147,3.033,3.113,2339360.4
2024-12-13 12:00:00+00:00,3.114,3.137,3.011,3.112,3026856.8
2024-12-13 18:00:00+00:00,3.112,3.123,3.033,3.109,1557741.2
2024-12-14 00:00:00+00:00,3.11,3.206,3.094,3.108,2165902.2
2024-12-14 06:00:00+00:00,3.108,3.205,3.083,3.119,2807901.8
2024-12-14 12:00:00+00:00,3.119,3.134,2.892,2.899,5172134.6
2024-12-14 18:00:00+00:00,2.898,2.912,2.815,2.878,2367230.0
2024-12-15 00:00:00+00:00,2.877,2.943,2.832,2.941,2833175.7
2024-12-15 06:00:00+00:00,2.941,2.963,2.842,2.893,2738149.0
2024-12-15 12:00:00+00:00,2.893,3.009,2.875,2.922,3212117.6
2024-12-15 18:00:00+00:00,2.921,2.981,2.802,2.972,2722769.1
2024-12-16 00:00:00+00:00,2.972,3.103,2.907,2.919,3731593.1
2024-12-16 06:00:00+00:00,2.919,2.944,2.776,2.787,2529976.1
2024-12-16 12:00:00+00:00,2.787,2.943,2.785,2.894,2894787.9
2024-12-16 18:00:00+00:00,2.894,2.991,2.857,2.87,2908959.6
2024-12-17 00:00:00+00:00,2.871,2.881,2.794,2.844,2222859.5
2024-12-17 06:00:00+00:00,2.843,2.88,2.799,2.835,2724063.2
2024-12-17 12:00:00+00:00,2.834,2.854,2.673,2.764,3636109.7
2024-12-17 18:00:00+00:00,2.764,2.773,2.626,2.668,1831067.6
2024-12-18 00:00:00+00:00,2.668,2.705,2.566,2.614,3008181.5
2024-12-18 06:00:00+00:00,2.614,2.632,2.565,2.603,2071194.6
2024-12-18 12:00:00+00:00,2.602,2.605,2.493,2.572,3525947.2
2024-12-18 18:00:00+00:00,2.572,2.641,2.345,2.373,9323072.5
2024-12-19 00:00:00+00:00,2.373,2.417,2.233,2.381,5595482.4
2024-12-19 06:00:00+00:00,2.382,2.431,2.342,2.388,1866162.4
2024-12-19 12:00:00+00:00,2.388,2.394,2.11,2.165,5768002.7
2024-12-19 18:00:00+00:00,2.164,2.203,2.053,2.137,9057498.5
2024-12-20 00:00:00+00:00,2.136,2.241,2.102,2.138,3007539.4
2024-12-20 06:00:00+00:00,2.137,2.183,1.843,1.851,9703028.6
2024-12-20 12:00:00+00:00,1.852,2.208,1.847,2.199,5830880.6
2024-12-20 18:00:00+00:00,2.199,2.258,2.163,2.198,3964831.2
2024-12-21 00:00:00+00:00,2.198,2.219,2.158,2.2,3414770.8
2024-12-21 06:00:00+00:00,2.201,2.242,2.127,2.142,4011477.7
2024-12-21 12:00:00+00:00,2.142,2.149,1.972,2.012,5567681.9
2024-12-21 18:00:00+00:00,2.013,2.025,1.938,1.971,2665323.0
2024-12-22 00:00:00+00:00,1.972,2.016,1.924,1.962,2754227.5
2024-12-22 06:00:00+00:00,1.962,2.039,1.952,2.005,2627828.7
2024-12-22 12:00:00+00:00,2.004,2.033,1.942,2.0,2655834.3
2024-12-22 18:00:00+00:00,2.001,2.019,1.914,1.974,3063472.4
2024-12-23 00:00:00+00:00,1.973,2.072,1.923,2.02,3466547.5
2024-12-23 06:00:00+00:00,2.02,2.041,1.965,2.005,2003842.9
2024-12-23 12:00:00+00:00,2.006,2.039,1.959,2.008,2617669.7
2024-12-23 18:00:00+00:00,2.006,2.154,1.972,2.1,3257068.2
2024-12-24 00:00:00+00:00,2.1,2.113,2.037,2.113,2021658.8
2024-12-24 06:00:00+00:00,2.113,2.204,2.06,2.186,8154715.8
2024-12-24 12:00:00+00:00,2.186,2.329,2.146,2.284,6438766.8
2024-12-24 18:00:00+00:00,2.284,2.313,2.215,2.226,2371270.3
2024-12-25 00:00:00+00:00,2.224,2.266,2.182,2.264,2828625.4
2024-12-25 06:00:00+00:00,2.264,2.32,2.225,2.231,3737641.6
2024-12-25 12:00:00+00:00,2.233,2.253,2.179,2.201,2366734.9
2024-12-25 18:00:00+00:00,2.201,2.217,2.16,2.204,1593322.5
2024-12-26 00:00:00+00:00,2.203,2.233,2.117,2.12,2969314.1
2024-12-26 06:00:00+00:00,2.12,2.126,2.031,2.069,2623051.5
2024-12-26 12:00:00+00:00,2.07,2.074,2.005,2.017,2382355.1
2024-12-26 18:00:00+00:00,2.018,2.046,1.992,2.029,2388900.1
2024-12-27 00:00:00+00:00,2.028,2.1,2.012,2.069,2440972.8
2024-12-27 06:00:00+00:00,2.068,2.172,2.022,2.147,3274015.1
2024-12-27 12:00:00+00:00,2.148,2.148,2.026,2.116,2724963.0
2024-12-27 18:00:00+00:00,2.116,2.122,2.046,2.067,1451205.3
2024-12-28 00:00:00+00:00,2.068,2.074,2.041,2.053,1097343.9
2024-12-28 06:00:00+00:00,2.053,2.086,2.02,2.059,1850622.2
2024-12-28 12:00:00+00:00,2.059,2.134,2.034,2.116,2608701.9
2024-12-28 18:00:00+00:00,2.116,2.144,2.088,2.128,1363428.3
2024-12-29 00:00:00+00:00,2.129,2.131,2.089,2.093,1015845.6
2024-12-29 06:00:00+00:00,2.092,2.116,2.075,2.076,1486189.7
2024-12-29 12:00:00+00:00,2.076,2.105,2.02,2.03,1713558.1
2024-12-29 18:00:00+00:00,2.029,2.032,1.986,2.011,1292733.9
2024-12-30 00:00:00+00:00,2.01,2.104,1.998,2.04,2226194.7
2024-12-30 06:00:00+00:00,2.04,2.079,1.985,2.017,1940305.8
2024-12-30 12:00:00+00:00,2.017,2.038,1.919,2.01,3563659.3
2024-12-30 18:00:00+00:00,2.01,2.059,1.957,1.986,2957899.7
2024-12-31 00:00:00+00:00,1.986,1.989,1.922,1.938,1530147.2
2024-12-31 06:00:00+00:00,1.938,2.0,1.929,1.966,1655019.2
2024-12-31 12:00:00+00:00,1.966,2.026,1.917,1.942,2780718.3
2024-12-31 18:00:00+00:00,1.943,1.952,1.898,1.917,1721323.1
2025-01-01 00:00:00+00:00,1.916,1.954,1.913,1.923,1384721.3
2025-01-01 06:00:00+00:00,1.923,1.939,1.892,1.926,1394955.4
2025-01-01 12:00:00+00:00,1.926,1.987,1.917,1.969,1957550.3
2025-01-01 18:00:00+00:00,1.969,2.028,1.958,2.013,1782978.3
2025-01-02 00:00:00+00:00,2.013,2.08,2.009,2.068,1504498.5
2025-01-02 06:00:00+00:00,2.068,2.112,2.048,2.102,1531418.9
2025-01-02 12:00:00+00:00,2.103,2.154,2.058,2.072,2408345.9
2025-01-02 18:00:00+00:00,2.072,2.089,2.042,2.069,1287396.3
2025-01-03 00:00:00+00:00,2.069,2.09,2.039,2.051,1403338.4
2025-01-03 06:00:00+00:00,2.052,2.109,2.032,2.102,1738382.9
2025-01-03 12:00:00+00:00,2.101,2.214,2.096,2.195,3196880.3
2025-01-03 18:00:00+00:00,2.195,2.228,2.183,2.196,1475465.6
2025-01-04 00:00:00+00:00,2.195,2.211,2.16,2.19,1220556.7
2025-01-04 06:00:00+00:00,2.191,2.198,2.141,2.164,1553249.6
2025-01-04 12:00:00+00:00,2.164,2.265,2.162,2.201,3589853.0
2025-01-04 18:00:00+00:00,2.201,2.223,2.183,2.211,1300137.9
2025-01-05 00:00:00+00:00,2.211,2.214,2.163,2.172,1330978.9
2025-01-05 06:00:00+00:00,2.173,2.189,2.143,2.16,1608338.7
2025-01-05 12:00:00+00:00,2.16,2.183,2.134,2.148,1473954.4
2025-01-05 18:00:00+00:00,2.148,2.203,2.131,2.183,1303081.7
2025-01-06 00:00:00+00:00,2.183,2.228,2.137,2.216,2243639.9
2025-01-06 06:00:00+00:00,2.217,2.218,2.162,2.206,1686208.1
2025-01-06 12:00:00+00:00,2.206,2.276,2.153,2.199,3017168.3
2025-01-06 18:00:00+00:00,2.199,2.227,2.177,2.203,1505647.0
2025-01-07 00:00:00+00:00,2.203,2.206,2.144,2.157,1019790.1
2025-01-07 06:00:00+00:00,2.156,2.177,2.104,2.12,1952319.6
2025-01-07 12:00:00+00:00,2.121,2.149,1.975,1.981,6959342.0
2025-01-07 18:00:00+00:00,1.981,2.0,1.926,1.928,2893468.0
2025-01-08 00:00:00+00:00,1.927,1.957,1.864,1.869,2692293.4
2025-01-08 06:00:00+00:00,1.869,1.894,1.825,1.861,2596148.1
2025-01-08 12:00:00+00:00,1.862,1.893,1.738,1.809,4602194.6
2025-01-08 18:00:00+00:00,1.809,1.863,1.8,1.853,2637551.0
2025-01-09 00:00:00+00:00,1.852,1.882,1.833,1.838,1502610.6
2025-01-09 06:00:00+00:00,1.839,1.842,1.781,1.821,1884455.2
2025-01-09 12:00:00+00:00,1.821,1.844,1.746,1.791,3496105.9
2025-01-09 18:00:00+00:00,1.791,1.813,1.734,1.781,2366901.1
2025-01-10 00:00:00+00:00,1.782,1.846,1.778,1.824,3035433.6
2025-01-10 06:00:00+00:00,1.825,1.876,1.815,1.843,1857497.9
2025-01-10 12:00:00+00:00,1.843,1.85,1.758,1.842,4545384.2
2025-01-10 18:00:00+00:00,1.841,1.845,1.801,1.823,1770187.4
2025-01-11 00:00:00+00:00,1.823,1.839,1.792,1.812,1025612.8
2025-01-11 06:00:00+00:00,1.813,1.821,1.786,1.815,881428.9
2025-01-11 12:00:00+00:00,1.815,1.817,1.78,1.785,976917.6
2025-01-11 18:00:00+00:00,1.785,1.854,1.781,1.82,2760373.8
2025-01-12 00:00:00+00:00,1.821,1.837,1.812,1.821,1049753.5
2025-01-12 06:00:00+00:00,1.82,1.823,1.778,1.803,1264148.8
2025-01-12 12:00:00+00:00,1.802,1.821,1.783,1.807,1370333.5
2025-01-12 18:00:00+00:00,1.808,1.817,1.751,1.786,1349445.1
2025-01-13 00:00:00+00:00,1.786,1.84,1.72,1.726,2628504.6
2025-01-13 06:00:00+00:00,1.726,1.734,1.569,1.569,4805813.9
2025-01-13 12:00:00+00:00,1.57,1.674,1.559,1.61,5569511.1
2025-01-13 18:00:00+00:00,1.609,1.696,1.585,1.684,3653007.8
2025-01-14 00:00:00+00:00,1.684,1.734,1.674,1.706,2116679.4
2025-01-14 06:00:00+00:00,1.707,1.763,1.696,1.721,2142470.9
2025-01-14 12:00:00+00:00,1.72,1.752,1.698,1.742,2548187.9
2025-01-14 18:00:00+00:00,1.742,1.795,1.735,1.781,1761766.8
2025-01-15 00:00:00+00:00,1.782,1.802,1.761,1.786,1672920.6
2025-01-15 06:00:00+00:00,1.785,1.813,1.723,1.737,2269414.9
2025-01-15 12:00:00+00:00,1.738,1.877,1.727,1.834,4896330.9
2025-01-15 18:00:00+00:00,1.835,1.914,1.835,1.913,2064839.3
2025-01-16 00:00:00+00:00,1.912,1.916,1.865,1.886,1655790.3
2025-01-16 06:00:00+00:00,1.886,1.907,1.843,1.89,1901569.2
2025-01-16 12:00:00+00:00,1.89,1.909,1.819,1.887,5162939.0
2025-01-16 18:00:00+00:00,1.887,1.904,1.832,1.85,1599077.3
2025-01-17 00:00:00+00:00,1.849,1.907,1.849,1.888,2291135.1
2025-01-17 06:00:00+00:00,1.888,1.948,1.882,1.931,3062634.8
2025-01-17 12:00:00+00:00,1.93,1.983,1.909,1.934,4007713.7
2025-01-17 18:00:00+00:00,1.934,1.995,1.927,1.979,1877859.6
2025-01-18 00:00:00+00:00,1.98,2.006,1.826,1.826,3617123.5
2025-01-18 06:00:00+00:00,1.826,1.862,1.788,1.834,3723579.4
2025-01-18 12:00:00+00:00,1.833,1.85,1.766,1.77,3285410.0
2025-01-18 18:00:00+00:00,1.769,1.82,1.752,1.81,2046914.1
2025-01-19 00:00:00+00:00,1.809,1.873,1.798,1.82,2389524.3
2025-01-19 06:00:00+00:00,1.82,1.82,1.64,1.653,7621649.1
2025-01-19 12:00:00+00:00,1.653,1.802,1.65,1.781,5521880.7
2025-01-19 18:00:00+00:00,1.781,1.823,1.585,1.618,13437981.4
2025-01-20 00:00:00+00:00,1.618,1.62,1.533,1.595,10069710.2
2025-01-20 06:00:00+00:00,1.595,1.75,1.594,1.693,7468704.2
2025-01-20 12:00:00+00:00,1.694,1.708,1.599,1.634,8149190.5
2025-01-20 18:00:00+00:00,1.635,1.673,1.6,1.62,3056296.5
2025-01-21 00:00:00+00:00,1.62,1.625,1.546,1.564,4005611.7
2025-01-21 06:00:00+00:00,1.564,1.676,1.556,1.674,3246045.5
2025-01-21 12:00:00+00:00,1.674,1.77,1.652,1.766,4567639.1
2025-01-21 18:00:00+00:00,1.766,1.772,1.711,1.727,2712833.5
2025-01-22 00:00:00+00:00,1.727,1.747,1.696,1.706,1628539.0
2025-01-22 06:00:00+00:00,1.707,1.721,1.674,1.715,2007852.3
2025-01-22 12:00:00+00:00,1.714,1.722,1.669,1.702,2484433.6
2025-01-22 18:00:00+00:00,1.702,1.705,1.631,1.648,2141274.3
2025-01-23 00:00:00+00:00,1.648,1.651,1.61,1.618,1654046.1
2025-01-23 06:00:00+00:00,1.617,1.627,1.586,1.602,1517379.2
2025-01-23 12:00:00+00:00,1.602,1.668,1.58,1.638,4754666.1
2025-01-23 18:00:00+00:00,1.638,1.64,1.556,1.614,5679027.4
2025-01-24 00:00:00+00:00,1.614,1.649,1.547,1.647,2737034.9
2025-01-24 06:00:00+00:00,1.648,1.65,1.613,1.645,2115836.5
2025-01-24 12:00:00+00:00,1.646,1.677,1.603,1.621,3422868.5
2025-01-24 18:00:00+00:00,1.621,1.632,1.561,1.572,2386700.9
2025-01-25 00:00:00+00:00,1.572,1.596,1.54,1.58,1534335.5
2025-01-25 06:00:00+00:00,1.579,1.589,1.552,1.586,1103950.2
2025-01-25 12:00:00+00:00,1.585,1.623,1.571,1.595,2463240.5
2025-01-25 18:00:00+00:00,1.595,1.603,1.58,1.584,1304386.9
2025-01-26 00:00:00+00:00,1.583,1.616,1.574,1.61,1044245.5
2025-01-26 06:00:00+00:00,1.61,1.623,1.585,1.609,973257.7
2025-01-26 12:00:00+00:00,1.609,1.631,1.598,1.627,1114897.2
2025-01-26 18:00:00+00:00,1.628,1.647,1.547,1.55,2106671.0
2025-01-27 00:00:00+00:00,1.55,1.554,1.444,1.46,4828612.7
2025-01-27 06:00:00+00:00,1.46,1.464,1.373,1.398,5114896.6
2025-01-27 12:00:00+00:00,1.398,1.475,1.396,1.433,3379378.9
2025-01-27 18:00:00+00:00,1.432,1.513,1.416,1.488,2282323.4
2025-01-28 00:00:00+00:00,1.488,1.52,1.467,1.511,1335634.1
2025-01-28 06:00:00+00:00,1.511,1.516,1.48,1.504,1319809.3
2025-01-28 12:00:00+00:00,1.504,1.552,1.491,1.511,3002211.0
2025-01-28 18:00:00+00:00,1.51,1.51,1.397,1.417,2733829.9
2025-01-29 00:00:00+00:00,1.417,1.463,1.412,1.456,1574231.4
2025-01-29 06:00:00+00:00,1.457,1.502,1.454,1.481,1655687.5
2025-01-29 12:00:00+00:00,1.481,1.514,1.455,1.504,2966482.6
2025-01-29 18:00:00+00:00,1.504,1.569,1.468,1.508,4810770.1
2025-01-30 00:00:00+00:00,1.508,1.569,1.494,1.557,1854079.3
2025-01-30 06:00:00+00:00,1.557,1.617,1.539,1.58,2215393.1
2025-01-30 12:00:00+00:00,1.58,1.612,1.554,1.6,3049926.9
2025-01-30 18:00:00+00:00,1.6,1.606,1.563,1.568,1975413.7
2025-01-31 00:00:00+00:00,1.568,1.588,1.539,1.584,1513228.0
2025-01-31 06:00:00+00:00,1.584,1.652,1.578,1.649,2082101.5
2025-01-31 12:00:00+00:00,1.649,1.686,1.626,1.634,3127383.4
2025-01-31 18:00:00+00:00,1.634,1.641,1.575,1.605,2174693.4
2025-02-01 00:00:00+00:00,1.605,1.622,1.582,1.608,1370429.6
2025-02-01 06:00:00+00:00,1.608,1.609,1.544,1.568,1378654.8
2025-02-01 12:00:00+00:00,1.569,1.584,1.536,1.542,1359385.2
2025-02-01 18:00:00+00:00,1.541,1.541,1.43,1.445,2727715.6
2025-02-02 00:00:00+00:00,1.444,1.481,1.385,1.439,2436571.0
2025-02-02 06:00:00+00:00,1.439,1.446,1.383,1.385,1742766.2
2025-02-02 12:00:00+00:00,1.386,1.425,1.284,1.295,5414819.7
2025-02-02 18:00:00+00:00,1.296,1.32,1.16,1.259,10026240.9
2025-02-03 00:00:00+00:00,1.259,1.259,0.912,1.084,25371597.4
2025-02-03 06:00:00+00:00,1.084,1.157,1.067,1.135,6064891.1
2025-02-03 12:00:00+00:00,1.136,1.249,1.094,1.219,9759667.9
2025-02-03 18:00:00+00:00,1.219,1.285,1.212,1.261,3691719.0
2025-02-04 00:00:00+00:00,1.26,1.272,1.104,1.105,8170366.3
2025-02-04 06:00:00+00:00,1.106,1.126,1.047,1.074,11287075.5
2025-02-04 12:00:00+00:00,1.074,1.115,1.065,1.092,12807586.7
2025-02-04 18:00:00+00:00,1.092,1.139,1.039,1.098,12095154.4
2025-02-05 00:00:00+00:00,1.099,1.128,1.087,1.122,3663081.6
2025-02-05 06:00:00+00:00,1.122,1.127,1.094,1.119,4028508.7
2025-02-05 12:00:00+00:00,1.118,1.136,1.063,1.069,6729274.7
2025-02-05 18:00:00+00:00,1.068,1.087,1.029,1.053,5885306.0
2025-02-06 00:00:00+00:00,1.052,1.063,1.038,1.045,3799208.5
2025-02-06 06:00:00+00:00,1.044,1.066,1.025,1.037,4214376.6
2025-02-06 12:00:00+00:00,1.037,1.042,0.981,0.992,8882445.2
2025-02-06 18:00:00+00:00,0.991,0.999,0.96,0.971,4692952.0
2025-02-07 00:00:00+00:00,0.971,1.001,0.96,0.999,4733001.3
2025-02-07 06:00:00+00:00,0.999,1.013,0.975,1.005,4761226.5
2025-02-07 12:00:00+00:00,1.005,1.046,0.986,0.997,7830917.5
2025-02-07 18:00:00+00:00,0.996,1.014,0.925,0.967,6193574.2
2025-02-08 00:00:00+00:00,0.967,0.991,0.94,0.952,3934680.8
2025-02-08 06:00:00+00:00,0.952,0.984,0.947,0.964,4546669.2
2025-02-08 12:00:00+00:00,0.963,0.986,0.949,0.973,5379828.3
2025-02-08 18:00:00+00:00,0.974,0.984,0.957,0.971,4352807.8
2025-02-09 00:00:00+00:00,0.971,1.002,0.96,0.987,3177002.6
2025-02-09 06:00:00+00:00,0.987,0.995,0.962,0.962,3830305.7
2025-02-09 12:00:00+00:00,0.962,0.982,0.944,0.959,5502947.9
2025-02-09 18:00:00+00:00,0.959,0.973,0.914,0.966,4547799.9
2025-02-10 00:00:00+00:00,0.965,0.99,0.933,0.968,5226185.3
2025-02-10 06:00:00+00:00,0.968,0.99,0.962,0.978,2439053.3
2025-02-10 12:00:00+00:00,0.978,1.01,0.953,1.01,5472166.1
2025-02-10 18:00:00+00:00,1.009,1.034,0.995,1.018,6105262.2
2025-02-11 00:00:00+00:00,1.017,1.057,1.014,1.053,3437578.7
2025-02-11 06:00:00+00:00,1.054,1.067,1.013,1.024,3566851.7
2025-02-11 12:00:00+00:00,1.025,1.027,0.978,0.984,5027413.0
2025-02-11 18:00:00+00:00,0.984,0.984,0.946,0.962,6316265.5
2025-02-12 00:00:00+00:00,0.962,0.979,0.949,0.959,3646395.9
2025-02-12 06:00:00+00:00,0.96,0.965,0.944,0.955,3202004.2
2025-02-12 12:00:00+00:00,0.955,1.019,0.917,1.008,11043729.4
2025-02-12 18:00:00+00:00,1.009,1.055,0.998,1.038,4479535.6
2025-02-13 00:00:00+00:00,1.038,1.054,1.015,1.019,3687436.0
2025-02-13 06:00:00+00:00,1.019,1.024,0.984,0.995,4731875.5
2025-02-13 12:00:00+00:00,0.996,1.015,0.988,0.996,5100848.2
2025-02-13 18:00:00+00:00,0.996,1.061,0.991,1.039,6349043.2
2025-02-14 00:00:00+00:00,1.04,1.047,0.981,1.037,12814122.8
2025-02-14 06:00:00+00:00,1.037,1.045,0.978,0.996,13357344.8
2025-02-14 12:00:00+00:00,0.997,1.053,0.99,1.046,6743574.0
2025-02-14 18:00:00+00:00,1.047,1.058,1.007,1.029,7298435.4
2025-02-15 00:00:00+00:00,1.029,1.042,1.018,1.026,2429235.3
2025-02-15 06:00:00+00:00,1.026,1.028,0.996,1.005,3720044.7
2025-02-15 12:00:00+00:00,1.006,1.011,0.974,0.982,4003338.7
2025-02-15 18:00:00+00:00,0.982,1.004,0.974,0.987,4801756.8
2025-02-16 00:00:00+00:00,0.987,0.998,0.968,0.99,3283238.9
2025-02-16 06:00:00+00:00,0.989,1.03,0.979,1.025,2751097.2
2025-02-16 12:00:00+00:00,1.025,1.038,0.983,0.989,5683246.6
2025-02-16 18:00:00+00:00,0.989,0.99,0.962,0.98,5047482.8
2025-02-17 00:00:00+00:00,0.98,1.008,0.969,0.988,3474867.9
2025-02-17 06:00:00+00:00,0.988,1.021,0.979,1.014,3781612.3
2025-02-17 12:00:00+00:00,1.014,1.044,0.99,0.994,5939718.5
2025-02-17 18:00:00+00:00,0.994,1.02,0.979,1.011,3764709.1
2025-02-18 00:00:00+00:00,1.011,1.014,0.972,0.976,3571841.9
2025-02-18 06:00:00+00:00,0.975,0.976,0.941,0.966,5051525.9
2025-02-18 12:00:00+00:00,0.966,0.974,0.905,0.932,12994402.6
2025-02-18 18:00:00+00:00,0.932,0.965,0.92,0.964,4646148.3
2025-02-19 00:00:00+00:00,0.964,0.97,0.942,0.954,3562132.1
2025-02-19 06:00:00+00:00,0.955,0.985,0.951,0.974,3064005.4
2025-02-19 12:00:00+00:00,0.975,0.978,0.948,0.966,4110294.2
2025-02-19 18:00:00+00:00,0.965,0.974,0.928,0.952,10474437.1
2025-02-20 00:00:00+00:00,0.952,0.98,0.95,0.963,3277810.2
2025-02-20 06:00:00+00:00,0.962,0.965,0.948,0.962,2816680.3
2025-02-20 12:00:00+00:00,0.962,0.989,0.951,0.979,4312400.4
2025-02-20 18:00:00+00:00,0.979,1.007,0.978,0.997,3944806.4
2025-02-21 00:00:00+00:00,0.997,0.999,0.971,0.99,4379243.6
2025-02-21 06:00:00+00:00,0.99,1.053,0.987,1.043,4773577.6
2025-02-21 12:00:00+00:00,1.043,1.074,0.987,0.988,8239474.6
2025-02-21 18:00:00+00:00,0.988,0.991,0.941,0.958,6213888.3
2025-02-22 00:00:00+00:00,0.959,0.98,0.95,0.977,2747194.4
2025-02-22 06:00:00+00:00,0.977,0.999,0.965,0.989,2665470.0
2025-02-22 12:00:00+00:00,0.99,1.007,0.979,1.003,2989395.6
2025-02-22 18:00:00+00:00,1.002,1.037,0.994,1.025,3226834.1
2025-02-23 00:00:00+00:00,1.026,1.035,1.001,1.011,2117996.0
2025-02-23 06:00:00+00:00,1.012,1.028,1.005,1.009,2305536.1
2025-02-23 12:00:00+00:00,1.008,1.016,0.986,1.004,2754400.1
2025-02-23 18:00:00+00:00,1.004,1.01,0.985,1.004,2081161.9
2025-02-24 00:00:00+00:00,1.004,1.007,0.931,0.979,7599056.6
2025-02-24 06:00:00+00:00,0.979,0.986,0.951,0.968,3667166.6
2025-02-24 12:00:00+00:00,0.967,0.981,0.937,0.95,5553868.8
2025-02-24 18:00:00+00:00,0.949,0.95,0.858,0.882,12065925.7
2025-02-25 00:00:00+00:00,0.881,0.908,0.846,0.895,8972315.1
2025-02-25 06:00:00+00:00,0.895,0.899,0.813,0.86,18710502.9
2025-02-25 12:00:00+00:00,0.861,0.881,0.84,0.87,7851273.9
2025-02-25 18:00:00+00:00,0.871,0.909,0.859,0.897,5484616.3
2025-02-26 00:00:00+00:00,0.898,0.918,0.889,0.9,4144225.2
2025-02-26 06:00:00+00:00,0.9,0.917,0.896,0.897,2805293.5
2025-02-26 12:00:00+00:00,0.897,0.906,0.855,0.859,6887139.0
2025-02-26 18:00:00+00:00,0.86,0.888,0.826,0.873,9261793.7
2025-02-27 00:00:00+00:00,0.873,0.898,0.862,0.895,4661772.9
2025-02-27 06:00:00+00:00,0.895,0.934,0.893,0.918,4115529.0
2025-02-27 12:00:00+00:00,0.918,0.923,0.886,0.896,3792157.5
2025-02-27 18:00:00+00:00,0.896,0.908,0.868,0.901,4036022.9
2025-02-28 00:00:00+00:00,0.902,0.904,0.816,0.827,11010659.7
2025-02-28 06:00:00+00:00,0.828,0.854,0.815,0.843,5946392.9
2025-02-28 12:00:00+00:00,0.843,0.903,0.835,0.9,5601458.7
2025-02-28 18:00:00+00:00,0.9,0.919,0.895,0.91,3345767.2
2025-03-01 00:00:00+00:00,0.91,0.913,0.894,0.897,2617020.5
2025-03-01 06:00:00+00:00,0.897,0.902,0.863,0.868,2842187.1
2025-03-01 12:00:00+00:00,0.868,0.881,0.86,0.873,3440324.7
2025-03-01 18:00:00+00:00,0.873,0.893,0.868,0.89,2960776.6
2025-03-02 00:00:00+00:00,0.889,0.91,0.879,0.905,2709881.5
2025-03-02 06:00:00+00:00,0.906,0.923,0.888,0.913,4307039.9
2025-03-02 12:00:00+00:00,0.913,1.017,0.897,1.002,12228602.9
2025-03-02 18:00:00+00:00,1.002,1.019,0.981,1.007,4231167.0
2025-03-03 00:00:00+00:00,1.008,1.01,0.961,0.975,3977443.5
2025-03-03 06:00:00+00:00,0.975,0.976,0.93,0.951,4826312.4
2025-03-03 12:00:00+00:00,0.951,1.0,0.936,0.957,15292512.3
2025-03-03 18:00:00+00:00,0.956,0.959,0.888,0.895,10708600.6
2025-03-04 00:00:00+00:00,0.895,0.899,0.812,0.858,11840601.6
2025-03-04 06:00:00+00:00,0.857,0.887,0.851,0.883,5489259.7
2025-03-04 12:00:00+00:00,0.882,0.912,0.832,0.907,14287139.5
2025-03-04 18:00:00+00:00,0.908,0.946,0.906,0.931,6021609.3
2025-03-05 00:00:00+00:00,0.931,0.944,0.907,0.909,4209617.5
2025-03-05 06:00:00+00:00,0.909,0.975,0.902,0.922,5799291.4
2025-03-05 12:00:00+00:00,0.922,0.951,0.918,0.946,6602631.5
2025-03-05 18:00:00+00:00,0.946,0.959,0.931,0.937,3206057.8
2025-03-06 00:00:00+00:00,0.937,0.956,0.924,0.948,3922283.7
2025-03-06 06:00:00+00:00,0.948,0.951,0.931,0.942,2874986.8
2025-03-06 12:00:00+00:00,0.941,0.943,0.883,0.891,5217179.7
2025-03-06 18:00:00+00:00,0.891,0.899,0.875,0.888,3884676.2
2025-03-07 00:00:00+00:00,0.888,0.894,0.843,0.887,6339601.9
2025-03-07 06:00:00+00:00,0.887,0.915,0.884,0.909,2562706.3
2025-03-07 12:00:00+00:00,0.909,0.948,0.898,0.925,8831667.3
2025-03-07 18:00:00+00:00,0.924,0.954,0.906,0.916,6258412.5
2025-03-08 00:00:00+00:00,0.917,0.926,0.889,0.899,3321018.6
2025-03-08 06:00:00+00:00,0.899,0.901,0.86,0.867,2977994.3
2025-03-08 12:00:00+00:00,0.866,0.893,0.861,0.89,2688610.1
2025-03-08 18:00:00+00:00,0.891,0.908,0.883,0.885,2053946.5
2025-03-09 00:00:00+00:00,0.885,0.889,0.87,0.871,1777699.2
2025-03-09 06:00:00+00:00,0.872,0.88,0.851,0.861,2938560.1
2025-03-09 12:00:00+00:00,0.861,0.87,0.818,0.819,5433186.3
2025-03-09 18:00:00+00:00,0.819,0.84,0.799,0.812,5721252.8
2025-03-10 00:00:00+00:00,0.812,0.855,0.8,0.851,4392246.0
2025-03-10 06:00:00+00:00,0.85,0.896,0.839,0.881,5416098.9
2025-03-10 12:00:00+00:00,0.881,0.897,0.794,0.799,10043519.4
2025-03-10 18:00:00+00:00,0.798,0.817,0.762,0.781,9912585.1
2025-03-11 00:00:00+00:00,0.781,0.8,0.723,0.789,9781454.5
2025-03-11 06:00:00+00:00,0.789,0.801,0.781,0.786,3393565.8
2025-03-11 12:00:00+00:00,0.785,0.804,0.754,0.789,7995942.1
2025-03-11 18:00:00+00:00,0.789,0.825,0.789,0.804,3975359.2
2025-03-12 00:00:00+00:00,0.805,0.815,0.771,0.781,4855819.2
2025-03-12 06:00:00+00:00,0.782,0.842,0.776,0.839,7788596.3
2025-03-12 12:00:00+00:00,0.839,0.856,0.789,0.802,7520624.4
2025-03-12 18:00:00+00:00,0.801,0.826,0.801,0.825,4257008.9
2025-03-13 00:00:00+00:00,0.825,0.828,0.794,0.798,3301753.1
2025-03-13 06:00:00+00:00,0.797,0.825,0.79,0.821,3820281.2
2025-03-13 12:00:00+00:00,0.821,0.834,0.782,0.784,5071035.0
2025-03-13 18:00:00+00:00,0.785,0.81,0.783,0.802,2815675.5
2025-03-14 00:00:00+00:00,0.802,0.819,0.799,0.81,4154553.0
2025-03-14 06:00:00+00:00,0.81,0.839,0.806,0.832,3573158.1
2025-03-14 12:00:00+00:00,0.832,0.851,0.825,0.839,4274777.5
2025-03-14 18:00:00+00:00,0.839,0.846,0.825,0.827,2491360.9
2025-03-15 00:00:00+00:00,0.827,0.84,0.817,0.835,2594056.0
2025-03-15 06:00:00+00:00,0.834,0.849,0.831,0.846,3361825.1
2025-03-15 12:00:00+00:00,0.847,0.853,0.835,0.845,3190539.8
2025-03-15 18:00:00+00:00,0.845,0.859,0.84,0.857,1843762.8
2025-03-16 00:00:00+00:00,0.857,0.858,0.837,0.849,2324969.1
2025-03-16 06:00:00+00:00,0.849,0.856,0.818,0.821,3159350.3
2025-03-16 12:00:00+00:00,0.821,0.838,0.813,0.831,4500174.8
2025-03-16 18:00:00+00:00,0.831,0.833,0.803,0.809,2745867.0
2025-03-17 00:00:00+00:00,0.81,0.837,0.807,0.823,2348087.3
2025-03-17 06:00:00+00:00,0.823,0.854,0.813,0.847,3111647.9
2025-03-17 12:00:00+00:00,0.848,0.866,0.835,0.862,5633968.3
2025-03-17 18:00:00+00:00,0.862,0.875,0.859,0.87,2551202.5
2025-03-18 00:00:00+00:00,0.87,0.873,0.849,0.862,2747234.8
2025-03-18 06:00:00+00:00,0.862,0.865,0.841,0.843,2996650.0
2025-03-18 12:00:00+00:00,0.844,0.847,0.81,0.813,3850382.9
2025-03-18 18:00:00+00:00,0.812,0.843,0.801,0.842,2649357.2
2025-03-19 00:00:00+00:00,0.842,0.861,0.84,0.851,3040055.1
2025-03-19 06:00:00+00:00,0.851,0.872,0.839,0.87,3683994.0
2025-03-19 12:00:00+00:00,0.869,0.885,0.855,0.865,6569024.8
2025-03-19 18:00:00+00:00,0.864,0.894,0.85,0.889,4825123.1
2025-03-20 00:00:00+00:00,0.889,0.895,0.873,0.879,2146790.3
2025-03-20 06:00:00+00:00,0.88,0.9,0.865,0.865,2533233.4
2025-03-20 12:00:00+00:00,0.866,0.887,0.85,0.863,2958278.1
2025-03-20 18:00:00+00:00,0.864,0.878,0.862,0.872,2061580.5
2025-03-21 00:00:00+00:00,0.873,0.884,0.868,0.875,1868990.1
2025-03-21 06:00:00+00:00,0.875,0.876,0.831,0.837,3177799.4
2025-03-21 12:00:00+00:00,0.837,0.843,0.827,0.839,3742270.1
2025-03-21 18:00:00+00:00,0.838,0.853,0.834,0.846,1741641.8
2025-03-22 00:00:00+00:00,0.846,0.852,0.832,0.85,2022219.3
2025-03-22 06:00:00+00:00,0.851,0.872,0.85,0.86,2034762.5
2025-03-22 12:00:00+00:00,0.86,0.862,0.85,0.86,1100713.9
2025-03-22 18:00:00+00:00,0.861,0.87,0.855,0.864,1178828.4
2025-03-23 00:00:00+00:00,0.865,0.881,0.854,0.878,1862961.6
2025-03-23 06:00:00+00:00,0.878,0.883,0.868,0.87,1577805.0
2025-03-23 12:00:00+00:00,0.87,0.874,0.85,0.853,1683155.2
2025-03-23 18:00:00+00:00,0.853,0.892,0.852,0.888,3593549.3
2025-03-24 00:00:00+00:00,0.888,0.906,0.867,0.898,3534156.2
2025-03-24 06:00:00+00:00,0.899,0.928,0.899,0.91,3787277.1
2025-03-24 12:00:00+00:00,0.911,0.916,0.896,0.907,2630128.6
2025-03-24 18:00:00+00:00,0.907,0.925,0.9,0.922,3490114.2
2025-03-25 00:00:00+00:00,0.922,0.935,0.897,0.911,2974356.3
2025-03-25 06:00:00+00:00,0.911,0.917,0.897,0.911,1753016.2
2025-03-25 12:00:00+00:00,0.912,0.914,0.895,0.91,2269828.6
2025-03-25 18:00:00+00:00,0.911,0.936,0.9,0.931,4208140.2
2025-03-26 00:00:00+00:00,0.931,0.931,0.901,0.918,2678559.2
2025-03-26 06:00:00+00:00,0.919,0.949,0.915,0.933,10239186.3
2025-03-26 12:00:00+00:00,0.934,0.939,0.91,0.923,11372003.0
2025-03-26 18:00:00+00:00,0.923,0.926,0.891,0.905,5540391.3
2025-03-27 00:00:00+00:00,0.904,0.936,0.901,0.917,3470076.1
2025-03-27 06:00:00+00:00,0.918,0.93,0.902,0.904,3321794.5
2025-03-27 12:00:00+00:00,0.904,0.926,0.894,0.903,5018815.6
2025-03-27 18:00:00+00:00,0.903,0.917,0.901,0.902,2487809.0
2025-03-28 00:00:00+00:00,0.903,0.926,0.86,0.866,6920367.2
2025-03-28 06:00:00+00:00,0.865,0.872,0.832,0.844,4308656.1
2025-03-28 12:00:00+00:00,0.843,0.851,0.821,0.829,3156239.0
2025-03-28 18:00:00+00:00,0.829,0.834,0.82,0.829,1846030.4
2025-03-29 00:00:00+00:00,0.829,0.839,0.802,0.805,2497660.7
2025-03-29 06:00:00+00:00,0.804,0.805,0.778,0.784,3486127.0
2025-03-29 12:00:00+00:00,0.785,0.798,0.762,0.77,4551933.1
2025-03-29 18:00:00+00:00,0.771,0.778,0.763,0.774,1793912.9
2025-03-30 00:00:00+00:00,0.774,0.786,0.766,0.777,1698557.2
2025-03-30 06:00:00+00:00,0.778,0.788,0.774,0.779,1286348.8
2025-03-30 12:00:00+00:00,0.779,0.786,0.764,0.776,1746668.0
2025-03-30 18:00:00+00:00,0.776,0.788,0.763,0.773,2205340.3
2025-03-31 00:00:00+00:00,0.774,0.783,0.755,0.769,3425227.7
2025-03-31 06:00:00+00:00,0.769,0.772,0.735,0.754,3817194.0
2025-03-31 12:00:00+00:00,0.754,0.772,0.745,0.755,3617757.6
2025-03-31 18:00:00+00:00,0.755,0.767,0.753,0.761,2692825.0
2025-04-01 00:00:00+00:00,0.761,0.766,0.736,0.748,5107060.3
2025-04-01 06:00:00+00:00,0.748,0.777,0.74,0.75,6183074.7
2025-04-01 12:00:00+00:00,0.749,0.774,0.721,0.73,11944327.6
2025-04-01 18:00:00+00:00,0.73,0.731,0.707,0.711,4711962.8
2025-04-02 00:00:00+00:00,0.711,0.717,0.672,0.675,6226971.6
2025-04-02 06:00:00+00:00,0.674,0.692,0.67,0.677,3781375.5
2025-04-02 12:00:00+00:00,0.677,0.708,0.66,0.689,10942326.3
2025-04-02 18:00:00+00:00,0.69,0.715,0.64,0.652,8492372.8
2025-04-03 00:00:00+00:00,0.652,0.682,0.65,0.672,3619432.1
2025-04-03 06:00:00+00:00,0.672,0.679,0.635,0.643,4254498.3
2025-04-03 12:00:00+00:00,0.643,0.646,0.624,0.642,4927750.6
2025-04-03 18:00:00+00:00,0.642,0.659,0.635,0.65,2721640.2
2025-04-04 00:00:00+00:00,0.65,0.655,0.631,0.649,2477370.6
2025-04-04 06:00:00+00:00,0.65,0.663,0.615,0.627,5186075.4
2025-04-04 12:00:00+00:00,0.627,0.665,0.625,0.659,6883236.4
2025-04-04 18:00:00+00:00,0.659,0.664,0.652,0.659,1809451.1
2025-04-05 00:00:00+00:00,0.659,0.686,0.658,0.68,4209473.5
2025-04-05 06:00:00+00:00,0.679,0.696,0.67,0.685,3858767.6
2025-04-05 12:00:00+00:00,0.685,0.689,0.662,0.663,2299668.2
2025-04-05 18:00:00+00:00,0.663,0.679,0.661,0.678,1384760.9
2025-04-06 00:00:00+00:00,0.677,0.68,0.67,0.679,1308813.3
2025-04-06 06:00:00+00:00,0.679,0.682,0.669,0.673,1503083.8
2025-04-06 12:00:00+00:00,0.672,0.674,0.626,0.628,4029219.9
2025-04-06 18:00:00+00:00,0.628,0.629,0.587,0.612,9900193.6
2025-04-07 00:00:00+00:00,0.612,0.629,0.582,0.589,6243550.5
2025-04-07 06:00:00+00:00,0.589,0.596,0.547,0.576,10471826.4
2025-04-07 12:00:00+00:00,0.576,0.639,0.572,0.613,11489578.8
2025-04-07 18:00:00+00:00,0.612,0.623,0.601,0.613,2759852.9
2025-04-08 00:00:00+00:00,0.614,0.644,0.61,0.611,4498414.8
2025-04-08 06:00:00+00:00,0.612,0.615,0.593,0.612,2932336.0
2025-04-08 12:00:00+00:00,0.612,0.616,0.572,0.584,5728263.1
2025-04-08 18:00:00+00:00,0.584,0.593,0.573,0.582,3107847.4
2025-04-09 00:00:00+00:00,0.582,0.6,0.553,0.596,5526440.2
2025-04-09 06:00:00+00:00,0.596,0.613,0.59,0.594,3308934.3
2025-04-09 12:00:00+00:00,0.594,0.652,0.588,0.651,7329442.4
2025-04-09 18:00:00+00:00,0.651,0.665,0.643,0.656,4464778.6
2025-04-10 00:00:00+00:00,0.655,0.656,0.623,0.631,5874780.9
2025-04-10 06:00:00+00:00,0.631,0.636,0.619,0.623,4675313.7
2025-04-10 12:00:00+00:00,0.623,0.637,0.606,0.618,5861057.9
2025-04-10 18:00:00+00:00,0.618,0.628,0.614,0.623,1871338.4
2025-04-11 00:00:00+00:00,0.622,0.639,0.619,0.635,1938190.4
2025-04-11 06:00:00+00:00,0.636,0.648,0.632,0.634,2417914.9
2025-04-11 12:00:00+00:00,0.634,0.658,0.628,0.653,3212015.8
2025-04-11 18:00:00+00:00,0.653,0.656,0.643,0.646,1199361.9
2025-04-12 00:00:00+00:00,0.646,0.648,0.637,0.645,944629.1
2025-04-12 06:00:00+00:00,0.644,0.656,0.644,0.653,857959.3
2025-04-12 12:00:00+00:00,0.654,0.681,0.652,0.675,2614852.9
2025-04-12 18:00:00+00:00,0.675,0.681,0.671,0.672,923944.6
2025-04-13 00:00:00+00:00,0.672,0.675,0.637,0.647,2178805.0
2025-04-13 06:00:00+00:00,0.646,0.658,0.642,0.653,2372381.2
2025-04-13 12:00:00+00:00,0.653,0.661,0.635,0.658,2467376.9
2025-04-13 18:00:00+00:00,0.658,0.662,0.614,0.631,4938575.0
2025-04-14 00:00:00+00:00,0.632,0.652,0.63,0.636,2079814.8
2025-04-14 06:00:00+00:00,0.636,0.656,0.624,0.654,3546606.2
2025-04-14 12:00:00+00:00,0.654,0.66,0.625,0.642,8075640.9
2025-04-14 18:00:00+00:00,0.643,0.652,0.637,0.644,2016413.9
2025-04-15 00:00:00+00:00,0.644,0.658,0.635,0.655,2632188.6
2025-04-15 06:00:00+00:00,0.655,0.662,0.647,0.656,2407058.5
2025-04-15 12:00:00+00:00,0.656,0.663,0.638,0.642,3420031.8
2025-04-15 18:00:00+00:00,0.642,0.643,0.622,0.628,3146851.5
2025-04-16 00:00:00+00:00,0.627,0.642,0.621,0.633,2104393.8
2025-04-16 06:00:00+00:00,0.633,0.64,0.622,0.63,2103291.9
2025-04-16 12:00:00+00:00,0.63,0.644,0.616,0.619,5514620.1
2025-04-16 18:00:00+00:00,0.618,0.637,0.613,0.615,3693465.8
2025-04-17 00:00:00+00:00,0.615,0.629,0.606,0.626,2962231.5
2025-04-17 06:00:00+00:00,0.626,0.628,0.618,0.623,1481381.0
2025-04-17 12:00:00+00:00,0.623,0.636,0.607,0.634,2758457.6
2025-04-17 18:00:00+00:00,0.635,0.638,0.615,0.619,1565028.6
2025-04-18 00:00:00+00:00,0.618,0.629,0.613,0.628,2421664.0
2025-04-18 06:00:00+00:00,0.629,0.636,0.622,0.632,1909156.2
2025-04-18 12:00:00+00:00,0.631,0.642,0.621,0.626,4144093.9
2025-04-18 18:00:00+00:00,0.627,0.627,0.616,0.62,2111649.1
2025-04-19 00:00:00+00:00,0.62,0.632,0.617,0.63,1953395.5
2025-04-19 06:00:00+00:00,0.63,0.638,0.621,0.625,1960027.5
2025-04-19 12:00:00+00:00,0.625,0.648,0.621,0.642,3976444.2
2025-04-19 18:00:00+00:00,0.642,0.651,0.637,0.644,2277271.9
2025-04-20 00:00:00+00:00,0.644,0.665,0.639,0.654,2322099.6
2025-04-20 06:00:00+00:00,0.653,0.655,0.622,0.631,3682079.7
2025-04-20 12:00:00+00:00,0.631,0.649,0.63,0.643,3131860.4
2025-04-20 18:00:00+00:00,0.644,0.654,0.638,0.648,2235892.3
2025-04-21 00:00:00+00:00,0.647,0.668,0.646,0.664,3513074.1
2025-04-21 06:00:00+00:00,0.664,0.689,0.657,0.673,8445552.0
2025-04-21 12:00:00+00:00,0.673,0.682,0.653,0.666,5489470.8
2025-04-21 18:00:00+00:00,0.666,0.668,0.657,0.663,2274012.8
2025-04-22 00:00:00+00:00,0.663,0.679,0.645,0.659,2703530.8
2025-04-22 06:00:00+00:00,0.659,0.699,0.645,0.693,7354071.0
2025-04-22 12:00:00+00:00,0.693,0.71,0.689,0.705,6876782.8
2025-04-22 18:00:00+00:00,0.705,0.723,0.702,0.718,3820232.0
2025-04-23 00:00:00+00:00,0.718,0.735,0.71,0.731,3296348.5
2025-04-23 06:00:00+00:00,0.73,0.743,0.722,0.739,3185379.7
2025-04-23 12:00:00+00:00,0.739,0.747,0.713,0.732,5187948.6
2025-04-23 18:00:00+00:00,0.731,0.739,0.713,0.732,2289781.0
2025-04-24 00:00:00+00:00,0.732,0.736,0.709,0.721,2930694.0
2025-04-24 06:00:00+00:00,0.72,0.721,0.681,0.7,21287524.2
2025-04-24 12:00:00+00:00,0.7,0.758,0.696,0.749,9574782.3
2025-04-24 18:00:00+00:00,0.749,0.772,0.742,0.746,5362772.0
2025-04-25 00:00:00+00:00,0.746,0.768,0.744,0.762,3596653.9
2025-04-25 06:00:00+00:00,0.762,0.781,0.76,0.776,4048308.6
2025-04-25 12:00:00+00:00,0.776,0.78,0.748,0.757,4948376.6
2025-04-25 18:00:00+00:00,0.757,0.768,0.755,0.762,1418673.6
2025-04-26 00:00:00+00:00,0.762,0.79,0.761,0.769,3245196.9
2025-04-26 06:00:00+00:00,0.769,0.782,0.747,0.749,2944761.6
2025-04-26 12:00:00+00:00,0.749,0.769,0.742,0.763,2548634.1
2025-04-26 18:00:00+00:00,0.763,0.776,0.759,0.774,1036566.9
2025-04-27 00:00:00+00:00,0.774,0.776,0.746,0.752,1892840.9
2025-04-27 06:00:00+00:00,0.752,0.759,0.748,0.75,1004016.8
2025-04-27 12:00:00+00:00,0.75,0.755,0.733,0.74,2027582.3
2025-04-27 18:00:00+00:00,0.74,0.752,0.724,0.727,1660277.5
2025-04-28 00:00:00+00:00,0.727,0.733,0.699,0.72,3893178.4
2025-04-28 06:00:00+00:00,0.72,0.751,0.72,0.737,4295162.0
2025-04-28 12:00:00+00:00,0.737,0.738,0.706,0.728,3220612.5
2025-04-28 18:00:00+00:00,0.728,0.744,0.725,0.735,1564260.6
2025-04-29 00:00:00+00:00,0.736,0.747,0.734,0.736,2043848.5
2025-04-29 06:00:00+00:00,0.736,0.752,0.729,0.735,1753521.6
2025-04-29 12:00:00+00:00,0.735,0.74,0.718,0.724,2477479.5
2025-04-29 18:00:00+00:00,0.724,0.728,0.694,0.706,2517688.3
2025-04-30 00:00:00+00:00,0.706,0.721,0.699,0.717,1731243.4
2025-04-30 06:00:00+00:00,0.717,0.73,0.707,0.729,1305142.1
2025-04-30 12:00:00+00:00,0.729,0.732,0.686,0.707,3821497.2
2025-04-30 18:00:00+00:00,0.706,0.718,0.702,0.71,1590040.7
2025-05-01 00:00:00+00:00,0.711,0.724,0.705,0.714,1528515.0
2025-05-01 06:00:00+00:00,0.715,0.742,0.71,0.73,2727622.0
2025-05-01 12:00:00+00:00,0.73,0.736,0.718,0.728,2727648.6
2025-05-01 18:00:00+00:00,0.728,0.734,0.717,0.723,1239019.7
2025-05-02 00:00:00+00:00,0.723,0.741,0.721,0.724,1544755.1
2025-05-02 06:00:00+00:00,0.724,0.729,0.716,0.717,1453781.3
2025-05-02 12:00:00+00:00,0.717,0.726,0.71,0.719,1904712.5
2025-05-02 18:00:00+00:00,0.719,0.722,0.707,0.72,1325400.5
2025-05-03 00:00:00+00:00,0.72,0.722,0.707,0.711,1018837.0
2025-05-03 06:00:00+00:00,0.71,0.711,0.69,0.691,1462483.8
2025-05-03 12:00:00+00:00,0.692,0.694,0.66,0.672,3181771.0
2025-05-03 18:00:00+00:00,0.673,0.68,0.667,0.67,1274504.8
2025-05-04 00:00:00+00:00,0.669,0.68,0.663,0.675,2088700.1
2025-05-04 06:00:00+00:00,0.674,0.677,0.656,0.665,1928918.7
2025-05-04 12:00:00+00:00,0.666,0.669,0.653,0.659,1847215.5
2025-05-04 18:00:00+00:00,0.659,0.663,0.648,0.654,1955308.1
2025-05-05 00:00:00+00:00,0.654,0.667,0.649,0.667,2010434.3
2025-05-05 06:00:00+00:00,0.667,0.671,0.642,0.646,2845729.0
2025-05-05 12:00:00+00:00,0.646,0.656,0.637,0.655,5986870.9
2025-05-05 18:00:00+00:00,0.654,0.66,0.634,0.644,1909395.2
2025-05-06 00:00:00+00:00,0.644,0.653,0.636,0.641,1864205.6
2025-05-06 06:00:00+00:00,0.64,0.646,0.624,0.63,3354781.2
2025-05-06 12:00:00+00:00,0.63,0.639,0.624,0.631,3240923.4
2025-05-06 18:00:00+00:00,0.631,0.643,0.613,0.641,2789330.9
2025-05-07 00:00:00+00:00,0.641,0.657,0.638,0.639,4785150.8
2025-05-07 06:00:00+00:00,0.638,0.656,0.638,0.653,2111304.7
2025-05-07 12:00:00+00:00,0.653,0.653,0.629,0.639,2551802.5
2025-05-07 18:00:00+00:00,0.639,0.65,0.633,0.647,2970294.0
2025-05-08 00:00:00+00:00,0.647,0.676,0.646,0.668,3154102.0
2025-05-08 06:00:00+00:00,0.668,0.68,0.667,0.679,3422020.4
2025-05-08 12:00:00+00:00,0.68,0.707,0.673,0.703,5119998.4
2025-05-08 18:00:00+00:00,0.703,0.754,0.699,0.753,9407775.5
2025-05-09 00:00:00+00:00,0.754,0.772,0.75,0.768,3382774.1
2025-05-09 06:00:00+00:00,0.768,0.819,0.766,0.807,8009159.8
2025-05-09 12:00:00+00:00,0.808,0.813,0.783,0.809,5322912.1
2025-05-09 18:00:00+00:00,0.809,0.811,0.794,0.81,2220502.6
2025-05-10 00:00:00+00:00,0.809,0.827,0.798,0.815,3638408.8
2025-05-10 06:00:00+00:00,0.815,0.836,0.806,0.813,3688159.5
2025-05-10 12:00:00+00:00,0.812,0.846,0.809,0.833,3677480.1
2025-05-10 18:00:00+00:00,0.833,0.913,0.832,0.911,4867811.2
2025-05-11 00:00:00+00:00,0.91,0.91,0.847,0.886,9411793.7
2025-05-11 06:00:00+00:00,0.886,0.887,0.834,0.872,4938216.7
2025-05-11 12:00:00+00:00,0.872,0.879,0.836,0.865,4873317.9
2025-05-11 18:00:00+00:00,0.865,0.882,0.858,0.865,3004790.5
2025-05-12 00:00:00+00:00,0.864,0.884,0.848,0.875,2866031.8
2025-05-12 06:00:00+00:00,0.875,0.93,0.87,0.896,5204754.7
2025-05-12 12:00:00+00:00,0.896,0.913,0.864,0.876,5666816.3
2025-05-12 18:00:00+00:00,0.876,0.882,0.834,0.877,4230637.3
2025-05-13 00:00:00+00:00,0.877,0.877,0.827,0.851,3382426.1
2025-05-13 06:00:00+00:00,0.85,0.885,0.85,0.879,4288576.5
2025-05-13 12:00:00+00:00,0.88,0.913,0.868,0.91,5447679.9
2025-05-13 18:00:00+00:00,0.911,0.94,0.91,0.924,4339529.8
2025-05-14 00:00:00+00:00,0.924,0.964,0.921,0.95,6184465.8
2025-05-14 06:00:00+00:00,0.95,0.953,0.899,0.916,3713971.0
2025-05-14 12:00:00+00:00,0.916,0.93,0.882,0.894,5066948.1
2025-05-14 18:00:00+00:00,0.895,0.908,0.879,0.88,3750502.5
2025-05-15 00:00:00+00:00,0.88,0.898,0.859,0.86,2159391.3
2025-05-15 06:00:00+00:00,0.861,0.868,0.823,0.84,5977519.3
2025-05-15 12:00:00+00:00,0.841,0.867,0.812,0.859,4346779.5
2025-05-15 18:00:00+00:00,0.858,0.859,0.8,0.824,2958064.1
2025-05-16 00:00:00+00:00,0.825,0.846,0.821,0.842,1631732.4
2025-05-16 06:00:00+00:00,0.841,0.845,0.823,0.837,1595188.5
2025-05-16 12:00:00+00:00,0.837,0.839,0.802,0.809,2607753.6
2025-05-16 18:00:00+00:00,0.809,0.819,0.774,0.784,3077296.6
2025-05-17 00:00:00+00:00,0.784,0.79,0.764,0.777,2415439.0
2025-05-17 06:00:00+00:00,0.777,0.807,0.774,0.801,3642802.7
2025-05-17 12:00:00+00:00,0.8,0.802,0.777,0.787,2311996.0
2025-05-17 18:00:00+00:00,0.787,0.796,0.776,0.785,2611489.1
2025-05-18 00:00:00+00:00,0.785,0.82,0.784,0.817,1757944.1
2025-05-18 06:00:00+00:00,0.817,0.831,0.808,0.811,1550504.3
2025-05-18 12:00:00+00:00,0.811,0.843,0.807,0.808,3419652.8
2025-05-18 18:00:00+00:00,0.808,0.822,0.76,0.82,3997962.8
2025-05-19 00:00:00+00:00,0.819,0.823,0.765,0.775,2193473.7
2025-05-19 06:00:00+00:00,0.774,0.785,0.763,0.772,2259115.9
2025-05-19 12:00:00+00:00,0.771,0.806,0.758,0.796,4324090.1
2025-05-19 18:00:00+00:00,0.796,0.8,0.782,0.792,1366101.0
2025-05-20 00:00:00+00:00,0.792,0.866,0.789,0.846,8078634.5
2025-05-20 06:00:00+00:00,0.845,0.854,0.804,0.812,4369490.2
2025-05-20 12:00:00+00:00,0.811,0.813,0.792,0.805,3154171.9
2025-05-20 18:00:00+00:00,0.806,0.821,0.789,0.813,2196260.4
2025-05-21 00:00:00+00:00,0.813,0.829,0.799,0.825,2552840.2
2025-05-21 06:00:00+00:00,0.824,0.828,0.788,0.801,4318096.7
2025-05-21 12:00:00+00:00,0.801,0.838,0.784,0.792,7137114.8
2025-05-21 18:00:00+00:00,0.792,0.833,0.788,0.815,4219705.0
2025-05-22 00:00:00+00:00,0.814,0.834,0.814,0.816,4976482.5
2025-05-22 06:00:00+00:00,0.816,0.844,0.808,0.832,4935076.4
2025-05-22 12:00:00+00:00,0.832,0.872,0.822,0.863,8287943.0
2025-05-22 18:00:00+00:00,0.864,0.869,0.848,0.859,3182201.1
2025-05-23 00:00:00+00:00,0.859,0.88,0.85,0.858,3423984.2
2025-05-23 06:00:00+00:00,0.858,0.868,0.812,0.82,4563703.9
2025-05-23 12:00:00+00:00,0.821,0.828,0.792,0.811,6210448.3
2025-05-23 18:00:00+00:00,0.812,0.815,0.767,0.772,2785825.9
2025-05-24 00:00:00+00:00,0.772,0.789,0.765,0.786,1676747.2
2025-05-24 06:00:00+00:00,0.785,0.795,0.778,0.788,1719080.6
2025-05-24 12:00:00+00:00,0.787,0.793,0.779,0.787,1613244.5
2025-05-24 18:00:00+00:00,0.786,0.79,0.776,0.78,1526682.7
2025-05-25 00:00:00+00:00,0.779,0.783,0.763,0.773,2016271.7
2025-05-25 06:00:00+00:00,0.772,0.774,0.743,0.75,4023709.5
2025-05-25 12:00:00+00:00,0.75,0.757,0.735,0.748,2099240.4
2025-05-25 18:00:00+00:00,0.748,0.765,0.739,0.762,2549939.9
2025-05-26 00:00:00+00:00,0.762,0.783,0.757,0.779,2058799.8
2025-05-26 06:00:00+00:00,0.778,0.793,0.778,0.781,1951909.5
2025-05-26 12:00:00+00:00,0.78,0.788,0.756,0.76,2915972.5
2025-05-26 18:00:00+00:00,0.76,0.775,0.758,0.767,1512253.8
2025-05-27 00:00:00+00:00,0.768,0.779,0.75,0.775,2484907.8
2025-05-27 06:00:00+00:00,0.774,0.8,0.774,0.799,2151166.5
2025-05-27 12:00:00+00:00,0.798,0.806,0.781,0.793,3579492.7
2025-05-27 18:00:00+00:00,0.793,0.795,0.773,0.775,2217835.4
2025-05-28 00:00:00+00:00,0.775,0.783,0.768,0.779,2315032.4
2025-05-28 06:00:00+00:00,0.779,0.788,0.764,0.785,4588969.2
2025-05-28 12:00:00+00:00,0.786,0.799,0.764,0.775,4411352.0
2025-05-28 18:00:00+00:00,0.775,0.779,0.753,0.777,2661915.4
2025-05-29 00:00:00+00:00,0.778,0.81,0.772,0.787,4231566.9
2025-05-29 06:00:00+00:00,0.787,0.792,0.779,0.782,1928376.6
2025-05-29 12:00:00+00:00,0.781,0.782,0.745,0.752,5449539.6
2025-05-29 18:00:00+00:00,0.752,0.758,0.738,0.74,2301390.2
2025-05-30 00:00:00+00:00,0.74,0.748,0.696,0.727,5039181.6
2025-05-30 06:00:00+00:00,0.726,0.726,0.71,0.715,4257124.0
2025-05-30 12:00:00+00:00,0.716,0.719,0.681,0.689,4318738.1
2025-05-30 18:00:00+00:00,0.689,0.696,0.653,0.659,2866998.7
2025-05-31 00:00:00+00:00,0.659,0.665,0.632,0.66,4220417.5
2025-05-31 06:00:00+00:00,0.66,0.672,0.659,0.662,2656808.3
2025-05-31 12:00:00+00:00,0.662,0.678,0.66,0.666,2246434.2
2025-05-31 18:00:00+00:00,0.666,0.683,0.665,0.676,1815432.5
2025-06-01 00:00:00+00:00,0.675,0.693,0.67,0.684,1960839.6
2025-06-01 06:00:00+00:00,0.684,0.688,0.665,0.671,1820259.7
2025-06-01 12:00:00+00:00,0.671,0.694,0.664,0.689,2036155.5
2025-06-01 18:00:00+00:00,0.689,0.693,0.678,0.692,1376676.7
2025-06-02 00:00:00+00:00,0.692,0.693,0.668,0.674,2465251.0
2025-06-02 06:00:00+00:00,0.674,0.685,0.668,0.672,2325852.2
2025-06-02 12:00:00+00:00,0.671,0.686,0.669,0.682,1803942.4
2025-06-02 18:00:00+00:00,0.682,0.708,0.673,0.702,3057158.9
2025-06-03 00:00:00+00:00,0.702,0.716,0.695,0.709,3076712.4
2025-06-03 06:00:00+00:00,0.709,0.715,0.695,0.704,4152652.2
2025-06-03 12:00:00+00:00,0.705,0.722,0.702,0.719,3715995.7
2025-06-03 18:00:00+00:00,0.718,0.718,0.693,0.698,2555825.8
2025-06-04 00:00:00+00:00,0.698,0.714,0.693,0.698,4837434.6
2025-06-04 06:00:00+00:00,0.698,0.701,0.683,0.686,1823446.9
2025-06-04 12:00:00+00:00,0.686,0.692,0.674,0.681,2785117.8
2025-06-04 18:00:00+00:00,0.682,0.686,0.664,0.667,2132043.3
2025-06-05 00:00:00+00:00,0.668,0.676,0.665,0.668,2785681.3
2025-06-05 06:00:00+00:00,0.668,0.686,0.665,0.682,3923563.9
2025-06-05 12:00:00+00:00,0.682,0.697,0.668,0.672,3713191.2
2025-06-05 18:00:00+00:00,0.672,0.674,0.623,0.638,7930917.0
2025-06-06 00:00:00+00:00,0.638,0.648,0.633,0.646,1990332.8
2025-06-06 06:00:00+00:00,0.646,0.65,0.641,0.643,4076901.1
2025-06-06 12:00:00+00:00,0.644,0.665,0.632,0.638,4197200.1
2025-06-06 18:00:00+00:00,0.637,0.638,0.626,0.63,2071750.5
2025-06-07 00:00:00+00:00,0.631,0.649,0.627,0.647,1738059.6
2025-06-07 06:00:00+00:00,0.648,0.659,0.645,0.658,2392841.0
2025-06-07 12:00:00+00:00,0.658,0.662,0.649,0.65,1921557.5
2025-06-07 18:00:00+00:00,0.65,0.664,0.65,0.659,1114808.4
2025-06-08 00:00:00+00:00,0.658,0.66,0.65,0.651,1135084.9
2025-06-08 06:00:00+00:00,0.651,0.657,0.645,0.655,1337038.2
2025-06-08 12:00:00+00:00,0.656,0.665,0.649,0.661,1898289.1
2025-06-08 18:00:00+00:00,0.661,0.669,0.656,0.657,1498484.9
2025-06-09 00:00:00+00:00,0.657,0.659,0.63,0.634,4798963.0
2025-06-09 06:00:00+00:00,0.635,0.662,0.632,0.658,3730256.6
2025-06-09 12:00:00+00:00,0.659,0.663,0.647,0.659,3241806.8
2025-06-09 18:00:00+00:00,0.659,0.685,0.657,0.682,3814024.2
2025-06-10 00:00:00+00:00,0.682,0.692,0.675,0.677,3000078.6
2025-06-10 06:00:00+00:00,0.677,0.715,0.673,0.713,5634976.3
2025-06-10 12:00:00+00:00,0.713,0.725,0.699,0.72,5004328.0
2025-06-10 18:00:00+00:00,0.719,0.743,0.716,0.74,6230715.3
2025-06-11 00:00:00+00:00,0.741,0.745,0.723,0.738,3504129.2
2025-06-11 06:00:00+00:00,0.738,0.744,0.711,0.722,5295726.8
2025-06-11 12:00:00+00:00,0.723,0.742,0.715,0.72,4604185.3
2025-06-11 18:00:00+00:00,0.719,0.723,0.69,0.7,4872023.2
2025-06-12 00:00:00+00:00,0.699,0.7,0.685,0.695,2976392.3
2025-06-12 06:00:00+00:00,0.695,0.7,0.671,0.671,2511594.5
2025-06-12 12:00:00+00:00,0.671,0.688,0.668,0.68,2523478.1
2025-06-12 18:00:00+00:00,0.679,0.68,0.64,0.643,2853053.9
2025-06-13 00:00:00+00:00,0.643,0.644,0.59,0.604,10044475.5
2025-06-13 06:00:00+00:00,0.603,0.609,0.592,0.599,4910363.7
2025-06-13 12:00:00+00:00,0.6,0.619,0.593,0.614,3452214.2
2025-06-13 18:00:00+00:00,0.613,0.618,0.602,0.617,2303016.6
2025-06-14 00:00:00+00:00,0.616,0.619,0.609,0.618,1525175.7
2025-06-14 06:00:00+00:00,0.618,0.62,0.609,0.616,1298214.6
2025-06-14 12:00:00+00:00,0.615,0.617,0.599,0.604,2521557.5
2025-06-14 18:00:00+00:00,0.603,0.617,0.596,0.614,2348929.6
2025-06-15 00:00:00+00:00,0.615,0.619,0.61,0.616,1840285.9
2025-06-15 06:00:00+00:00,0.617,0.617,0.603,0.609,2394265.6
2025-06-15 12:00:00+00:00,0.608,0.613,0.601,0.605,2843835.6
2025-06-15 18:00:00+00:00,0.605,0.612,0.589,0.611,3500916.2
2025-06-16 00:00:00+00:00,0.611,0.631,0.603,0.628,2700533.5
2025-06-16 06:00:00+00:00,0.629,0.643,0.628,0.637,2787515.6
2025-06-16 12:00:00+00:00,0.636,0.645,0.63,0.635,2696030.9
2025-06-16 18:00:00+00:00,0.636,0.642,0.611,0.613,3137780.7
2025-06-17 00:00:00+00:00,0.612,0.625,0.6,0.612,2968833.8
2025-06-17 06:00:00+00:00,0.612,0.613,0.595,0.598,3093879.4
2025-06-17 12:00:00+00:00,0.598,0.603,0.574,0.581,4598625.6
2025-06-17 18:00:00+00:00,0.581,0.6,0.578,0.585,2314158.3
2025-06-18 00:00:00+00:00,0.585,0.601,0.583,0.596,2288784.4
2025-06-18 06:00:00+00:00,0.596,0.597,0.573,0.583,2061149.1
2025-06-18 12:00:00+00:00,0.583,0.587,0.568,0.582,2408251.3
2025-06-18 18:00:00+00:00,0.583,0.595,0.571,0.588,2093286.0
2025-06-19 00:00:00+00:00,0.588,0.602,0.586,0.591,2681844.4
2025-06-19 06:00:00+00:00,0.591,0.599,0.589,0.593,1590027.9
2025-06-19 12:00:00+00:00,0.593,0.595,0.579,0.588,2567021.3
2025-06-19 18:00:00+00:00,0.588,0.597,0.585,0.594,2319364.0
2025-06-20 00:00:00+00:00,0.594,0.595,0.578,0.584,3017721.9
2025-06-20 06:00:00+00:00,0.584,0.601,0.583,0.595,3689931.3
2025-06-20 12:00:00+00:00,0.596,0.599,0.548,0.56,9377658.6
2025-06-20 18:00:00+00:00,0.56,0.571,0.554,0.56,3268911.4
2025-06-21 00:00:00+00:00,0.56,0.568,0.559,0.564,2389182.2
2025-06-21 06:00:00+00:00,0.563,0.564,0.555,0.557,2850964.0
2025-06-21 12:00:00+00:00,0.557,0.558,0.528,0.531,7110783.7
2025-06-21 18:00:00+00:00,0.53,0.534,0.505,0.523,7608288.1
2025-06-22 00:00:00+00:00,0.524,0.531,0.515,0.524,5149509.9
2025-06-22 06:00:00+00:00,0.523,0.526,0.51,0.519,3873560.0
2025-06-22 12:00:00+00:00,0.518,0.523,0.491,0.497,8579470.5
2025-06-22 18:00:00+00:00,0.498,0.507,0.479,0.506,6017574.7
2025-06-23 00:00:00+00:00,0.506,0.514,0.506,0.512,2822288.5
2025-06-23 06:00:00+00:00,0.512,0.518,0.509,0.513,2608490.6
2025-06-23 12:00:00+00:00,0.514,0.527,0.5,0.522,5976874.4
2025-06-23 18:00:00+00:00,0.522,0.56,0.521,0.557,5559455.1
2025-06-24 00:00:00+00:00,0.558,0.581,0.557,0.581,3619659.7
2025-06-24 06:00:00+00:00,0.58,0.656,0.573,0.577,28622123.9
2025-06-24 12:00:00+00:00,0.577,0.591,0.569,0.581,7851584.3
2025-06-24 18:00:00+00:00,0.581,0.588,0.573,0.587,3816864.7
2025-06-25 00:00:00+00:00,0.588,0.609,0.583,0.603,9006022.6
2025-06-25 06:00:00+00:00,0.604,0.604,0.589,0.601,6277834.7
2025-06-25 12:00:00+00:00,0.601,0.604,0.58,0.586,5805253.2
2025-06-25 18:00:00+00:00,0.585,0.592,0.576,0.581,3191590.8
2025-06-26 00:00:00+00:00,0.581,0.645,0.578,0.595,12753904.0
2025-06-26 06:00:00+00:00,0.596,0.605,0.581,0.582,5129777.3
2025-06-26 12:00:00+00:00,0.581,0.582,0.56,0.563,6688211.2
2025-06-26 18:00:00+00:00,0.563,0.577,0.56,0.564,5190115.6
2025-06-27 00:00:00+00:00,0.565,0.585,0.558,0.58,4874796.7
2025-06-27 06:00:00+00:00,0.58,0.592,0.575,0.577,7002223.5
2025-06-27 12:00:00+00:00,0.577,0.585,0.568,0.573,4416742.2
2025-06-27 18:00:00+00:00,0.573,0.581,0.566,0.578,3175008.6
2025-06-28 00:00:00+00:00,0.577,0.578,0.568,0.572,1546391.1
2025-06-28 06:00:00+00:00,0.571,0.581,0.569,0.579,1846383.7
2025-06-28 12:00:00+00:00,0.58,0.591,0.575,0.59,1986592.5
2025-06-28 18:00:00+00:00,0.59,0.593,0.585,0.59,1431927.6
2025-06-29 00:00:00+00:00,0.59,0.59,0.576,0.582,2765073.6
2025-06-29 06:00:00+00:00,0.582,0.594,0.582,0.588,1594395.4
2025-06-29 12:00:00+00:00,0.589,0.593,0.58,0.589,1867633.4
2025-06-29 18:00:00+00:00,0.589,0.621,0.585,0.614,3674238.9
2025-06-30 00:00:00+00:00,0.614,0.617,0.592,0.594,3425854.0
2025-06-30 06:00:00+00:00,0.594,0.601,0.584,0.584,3995659.9
2025-06-30 12:00:00+00:00,0.584,0.589,0.575,0.584,3753108.4
2025-06-30 18:00:00+00:00,0.583,0.591,0.579,0.582,2306293.5
2025-07-01 00:00:00+00:00,0.583,0.585,0.56,0.564,3450809.7
2025-07-01 06:00:00+00:00,0.564,0.571,0.56,0.565,2714987.3
2025-07-01 12:00:00+00:00,0.564,0.569,0.559,0.563,2701324.0
2025-07-01 18:00:00+00:00,0.564,0.567,0.547,0.553,4319428.1
2025-07-02 00:00:00+00:00,0.553,0.563,0.546,0.562,2408407.7
2025-07-02 06:00:00+00:00,0.563,0.57,0.559,0.566,2341675.6
2025-07-02 12:00:00+00:00,0.567,0.599,0.562,0.592,4493122.4
2025-07-02 18:00:00+00:00,0.592,0.605,0.591,0.594,3479577.7
2025-07-03 00:00:00+00:00,0.595,0.609,0.594,0.608,3120335.5
2025-07-03 06:00:00+00:00,0.608,0.611,0.596,0.597,2901055.8
2025-07-03 12:00:00+00:00,0.597,0.609,0.59,0.595,4568355.7
2025-07-03 18:00:00+00:00,0.595,0.6,0.592,0.596,1717334.0
2025-07-04 00:00:00+00:00,0.596,0.602,0.585,0.585,2147871.0
2025-07-04 06:00:00+00:00,0.586,0.586,0.567,0.569,3080145.1
2025-07-04 12:00:00+00:00,0.57,0.571,0.546,0.554,4694458.8
2025-07-04 18:00:00+00:00,0.554,0.56,0.549,0.556,2277935.4
2025-07-05 00:00:00+00:00,0.556,0.563,0.553,0.56,2581538.0
2025-07-05 06:00:00+00:00,0.56,0.566,0.556,0.559,2579801.5
2025-07-05 12:00:00+00:00,0.559,0.559,0.55,0.553,2568905.1
2025-07-05 18:00:00+00:00,0.553,0.562,0.547,0.56,2560135.0
2025-07-06 00:00:00+00:00,0.56,0.562,0.555,0.559,1587334.8
2025-07-06 06:00:00+00:00,0.558,0.565,0.555,0.559,1951121.5
2025-07-06 12:00:00+00:00,0.559,0.572,0.557,0.566,2231160.0
2025-07-06 18:00:00+00:00,0.566,0.576,0.56,0.565,1957928.1
2025-07-07 00:00:00+00:00,0.566,0.574,0.564,0.566,1403027.8
2025-07-07 06:00:00+00:00,0.567,0.57,0.56,0.563,1537367.1
2025-07-07 12:00:00+00:00,0.562,0.569,0.554,0.557,2436732.4
2025-07-07 18:00:00+00:00,0.557,0.562,0.546,0.555,2582039.8
2025-07-08 00:00:00+00:00,0.555,0.559,0.544,0.553,3741510.6
2025-07-08 06:00:00+00:00,0.553,0.563,0.551,0.561,2994249.0
2025-07-08 12:00:00+00:00,0.56,0.57,0.554,0.569,3529957.1
2025-07-08 18:00:00+00:00,0.569,0.577,0.568,0.571,2506655.0
2025-07-09 00:00:00+00:00,0.571,0.579,0.566,0.577,3562863.3
2025-07-09 06:00:00+00:00,0.577,0.585,0.574,0.582,2745497.9
2025-07-09 12:00:00+00:00,0.582,0.588,0.576,0.58,4222343.0
2025-07-09 18:00:00+00:00,0.58,0.607,0.58,0.605,5361781.9
2025-07-10 00:00:00+00:00,0.606,0.61,0.6,0.606,2387123.3
2025-07-10 06:00:00+00:00,0.605,0.611,0.604,0.606,3710905.6
2025-07-10 12:00:00+00:00,0.607,0.625,0.601,0.623,6232776.3
2025-07-10 18:00:00+00:00,0.624,0.653,0.618,0.649,5293277.3
2025-07-11 00:00:00+00:00,0.649,0.678,0.637,0.673,4514295.6
2025-07-11 06:00:00+00:00,0.673,0.679,0.654,0.667,4661375.9
2025-07-11 12:00:00+00:00,0.668,0.683,0.657,0.677,9386739.1
2025-07-11 18:00:00+00:00,0.678,0.68,0.642,0.655,5377583.3
2025-07-12 00:00:00+00:00,0.654,0.663,0.64,0.655,3267716.9
2025-07-12 06:00:00+00:00,0.655,0.664,0.651,0.655,2903983.9
2025-07-12 12:00:00+00:00,0.656,0.659,0.625,0.639,5254991.1
2025-07-12 18:00:00+00:00,0.64,0.644,0.628,0.64,2586005.9
2025-07-13 00:00:00+00:00,0.64,0.654,0.636,0.643,3400258.7
2025-07-13 06:00:00+00:00,0.643,0.657,0.642,0.654,2446910.4
2025-07-13 12:00:00+00:00,0.654,0.67,0.65,0.661,3981491.6
2025-07-13 18:00:00+00:00,0.662,0.668,0.642,0.651,3373981.2
2025-07-14 00:00:00+00:00,0.65,0.682,0.648,0.671,3615496.8
2025-07-14 06:00:00+00:00,0.67,0.674,0.655,0.66,4579792.6
2025-07-14 12:00:00+00:00,0.661,0.668,0.641,0.648,3990113.6
2025-07-14 18:00:00+00:00,0.649,0.649,0.632,0.639,2025249.7
2025-07-15 00:00:00+00:00,0.639,0.644,0.614,0.625,3819045.8
2025-07-15 06:00:00+00:00,0.626,0.631,0.617,0.624,2455289.7
2025-07-15 12:00:00+00:00,0.624,0.65,0.615,0.649,4571853.0
2025-07-15 18:00:00+00:00,0.649,0.663,0.636,0.66,3534573.2
2025-07-16 00:00:00+00:00,0.661,0.672,0.651,0.664,2886032.9
2025-07-16 06:00:00+00:00,0.663,0.676,0.66,0.665,2256206.0
2025-07-16 12:00:00+00:00,0.665,0.683,0.657,0.68,5597110.0
2025-07-16 18:00:00+00:00,0.68,0.694,0.672,0.677,5307397.7
2025-07-17 00:00:00+00:00,0.677,0.686,0.653,0.673,4291578.0
2025-07-17 06:00:00+00:00,0.673,0.692,0.666,0.685,4433519.0
2025-07-17 12:00:00+00:00,0.685,0.693,0.661,0.678,6474615.1
2025-07-17 18:00:00+00:00,0.678,0.694,0.655,0.682,5291703.6
2025-07-18 00:00:00+00:00,0.683,0.739,0.676,0.738,6499119.4
2025-07-18 06:00:00+00:00,0.737,0.743,0.708,0.716,6412645.2
2025-07-18 12:00:00+00:00,0.716,0.733,0.692,0.707,7172540.2
2025-07-18 18:00:00+00:00,0.707,0.709,0.672,0.704,8829218.0
2025-07-19 00:00:00+00:00,0.705,0.72,0.679,0.708,5709398.4
2025-07-19 06:00:00+00:00,0.708,0.71,0.685,0.69,3195822.2
2025-07-19 12:00:00+00:00,0.691,0.697,0.679,0.692,3037627.5
2025-07-19 18:00:00+00:00,0.692,0.732,0.69,0.725,7097114.1
2025-07-20 00:00:00+00:00,0.725,0.744,0.721,0.742,4984496.9
2025-07-20 06:00:00+00:00,0.742,0.772,0.738,0.764,9622747.3
2025-07-20 12:00:00+00:00,0.765,0.775,0.753,0.755,7504936.4
2025-07-20 18:00:00+00:00,0.755,0.761,0.733,0.746,5641809.9
2025-07-21 00:00:00+00:00,0.745,0.765,0.729,0.76,4752224.0
2025-07-21 06:00:00+00:00,0.76,0.778,0.758,0.768,4847325.0
2025-07-21 12:00:00+00:00,0.768,0.783,0.747,0.759,6966711.3
2025-07-21 18:00:00+00:00,0.759,0.767,0.742,0.757,3905480.6
2025-07-22 00:00:00+00:00,0.756,0.763,0.719,0.727,6706334.2
2025-07-22 06:00:00+00:00,0.728,0.734,0.705,0.722,4475189.9
2025-07-22 12:00:00+00:00,0.722,0.733,0.705,0.72,4147023.4
2025-07-22 18:00:00+00:00,0.72,0.739,0.712,0.738,3159243.2
2025-07-23 00:00:00+00:00,0.738,0.74,0.72,0.73,2574303.4
2025-07-23 06:00:00+00:00,0.73,0.732,0.701,0.707,3760451.9
2025-07-23 12:00:00+00:00,0.707,0.71,0.656,0.667,7802082.4
2025-07-23 18:00:00+00:00,0.667,0.674,0.635,0.66,5906521.6
2025-07-24 00:00:00+00:00,0.66,0.672,0.627,0.629,5099680.6
2025-07-24 06:00:00+00:00,0.628,0.652,0.607,0.649,9061602.8
2025-07-24 12:00:00+00:00,0.65,0.665,0.634,0.655,5149725.5
2025-07-24 18:00:00+00:00,0.655,0.66,0.634,0.637,4195905.8
2025-07-25 00:00:00+00:00,0.637,0.639,0.614,0.622,5878005.3
2025-07-25 06:00:00+00:00,0.623,0.647,0.617,0.643,6439169.0
2025-07-25 12:00:00+00:00,0.644,0.647,0.619,0.628,5546038.2
2025-07-25 18:00:00+00:00,0.628,0.65,0.627,0.649,4950891.9
2025-07-26 00:00:00+00:00,0.649,0.652,0.642,0.65,2240187.3
2025-07-26 06:00:00+00:00,0.649,0.658,0.646,0.652,2757216.4
2025-07-26 12:00:00+00:00,0.651,0.656,0.646,0.65,2845925.1
2025-07-26 18:00:00+00:00,0.65,0.662,0.645,0.647,2788603.7
2025-07-27 00:00:00+00:00,0.647,0.663,0.645,0.66,1979225.0
2025-07-27 06:00:00+00:00,0.661,0.666,0.649,0.658,2969572.0
2025-07-27 12:00:00+00:00,0.658,0.672,0.654,0.669,3066275.9
2025-07-27 18:00:00+00:00,0.669,0.682,0.668,0.678,3929332.8
2025-07-28 00:00:00+00:00,0.679,0.698,0.668,0.695,4811908.2
2025-07-28 06:00:00+00:00,0.695,0.699,0.681,0.684,3216210.3
2025-07-28 12:00:00+00:00,0.685,0.686,0.647,0.649,6507045.6
2025-07-28 18:00:00+00:00,0.649,0.651,0.625,0.633,5773738.3
2025-07-29 00:00:00+00:00,0.633,0.64,0.615,0.639,4439461.5
2025-07-29 06:00:00+00:00,0.64,0.654,0.627,0.633,3168236.6
2025-07-29 12:00:00+00:00,0.633,0.642,0.607,0.62,4891955.0
2025-07-29 18:00:00+00:00,0.621,0.625,0.607,0.623,2954908.7
2025-07-30 00:00:00+00:00,0.622,0.624,0.61,0.615,3452029.5
2025-07-30 06:00:00+00:00,0.616,0.617,0.591,0.595,4654702.2
2025-07-30 12:00:00+00:00,0.596,0.614,0.59,0.612,5972231.4
2025-07-30 18:00:00+00:00,0.612,0.616,0.575,0.612,8833442.4
2025-07-31 00:00:00+00:00,0.612,0.626,0.609,0.623,2509438.6
2025-07-31 06:00:00+00:00,0.623,0.627,0.617,0.618,2623129.4
2025-07-31 12:00:00+00:00,0.618,0.619,0.594,0.599,8319320.1
2025-07-31 18:00:00+00:00,0.599,0.605,0.578,0.58,5658564.3
2025-08-01 00:00:00+00:00,0.581,0.585,0.564,0.575,5294266.8
2025-08-01 06:00:00+00:00,0.576,0.581,0.563,0.576,5243071.6
2025-08-01 12:00:00+00:00,0.576,0.585,0.562,0.566,7618226.1
2025-08-01 18:00:00+00:00,0.567,0.577,0.55,0.566,7234878.1
2025-08-02 00:00:00+00:00,0.566,0.573,0.563,0.569,1969084.4
2025-08-02 06:00:00+00:00,0.568,0.569,0.551,0.562,4454828.5
2025-08-02 12:00:00+00:00,0.562,0.567,0.547,0.55,5562021.3
2025-08-02 18:00:00+00:00,0.551,0.563,0.543,0.558,6887457.0
2025-08-03 00:00:00+00:00,0.558,0.567,0.548,0.566,3188320.0
2025-08-03 06:00:00+00:00,0.566,0.577,0.562,0.575,2683415.3
2025-08-03 12:00:00+00:00,0.575,0.578,0.569,0.576,4929440.3
2025-08-03 18:00:00+00:00,0.576,0.585,0.574,0.58,3911552.7
2025-08-04 00:00:00+00:00,0.579,0.592,0.578,0.59,3373421.4
2025-08-04 06:00:00+00:00,0.591,0.596,0.585,0.587,3470003.5
2025-08-04 12:00:00+00:00,0.587,0.617,0.586,0.611,6551745.8
2025-08-04 18:00:00+00:00,0.611,0.618,0.606,0.614,3227430.5
2025-08-05 00:00:00+00:00,0.614,0.616,0.599,0.603,3782132.2
2025-08-05 06:00:00+00:00,0.602,0.608,0.589,0.607,4809317.0
2025-08-05 12:00:00+00:00,0.606,0.607,0.574,0.58,5198656.9
2025-08-05 18:00:00+00:00,0.58,0.583,0.567,0.583,3358777.6
2025-08-06 00:00:00+00:00,0.583,0.589,0.565,0.584,6312476.4
2025-08-06 06:00:00+00:00,0.584,0.593,0.579,0.584,3685838.1
2025-08-06 12:00:00+00:00,0.584,0.601,0.574,0.6,6198543.2
2025-08-06 18:00:00+00:00,0.599,0.603,0.594,0.598,2645286.1
2025-08-07 00:00:00+00:00,0.598,0.607,0.591,0.599,3802430.5
2025-08-07 06:00:00+00:00,0.599,0.62,0.597,0.618,6176754.0
2025-08-07 12:00:00+00:00,0.619,0.621,0.6,0.607,4959737.7
2025-08-07 18:00:00+00:00,0.607,0.622,0.602,0.621,4027050.9
2025-08-08 00:00:00+00:00,0.621,0.633,0.615,0.619,11790269.1
2025-08-08 06:00:00+00:00,0.619,0.635,0.619,0.629,3360443.8
2025-08-08 12:00:00+00:00,0.628,0.64,0.616,0.64,5761765.5
2025-08-08 18:00:00+00:00,0.64,0.642,0.634,0.638,3444808.1
2025-08-09 00:00:00+00:00,0.637,0.659,0.635,0.658,3821987.5
2025-08-09 06:00:00+00:00,0.658,0.667,0.651,0.664,4095468.6
2025-08-09 12:00:00+00:00,0.664,0.67,0.655,0.666,5814697.5
2025-08-09 18:00:00+00:00,0.666,0.677,0.663,0.67,3780868.5
2025-08-10 00:00:00+00:00,0.67,0.688,0.669,0.673,6127269.5
2025-08-10 06:00:00+00:00,0.673,0.674,0.646,0.649,6096043.0
2025-08-10 12:00:00+00:00,0.649,0.67,0.644,0.667,3944845.0
2025-08-10 18:00:00+00:00,0.668,0.678,0.658,0.667,4199225.9
2025-08-11 00:00:00+00:00,0.668,0.695,0.665,0.682,6459254.8
2025-08-11 06:00:00+00:00,0.683,0.685,0.642,0.645,4385056.3
2025-08-11 12:00:00+00:00,0.644,0.667,0.64,0.653,5423319.0
2025-08-11 18:00:00+00:00,0.652,0.659,0.629,0.636,4750361.5
2025-08-12 00:00:00+00:00,0.635,0.656,0.634,0.644,4744635.4
2025-08-12 06:00:00+00:00,0.644,0.656,0.635,0.647,4537883.1
2025-08-12 12:00:00+00:00,0.648,0.686,0.644,0.681,8327277.9
2025-08-12 18:00:00+00:00,0.681,0.701,0.678,0.686,6862510.6
2025-08-13 00:00:00+00:00,0.687,0.696,0.675,0.685,5915271.2
2025-08-13 06:00:00+00:00,0.684,0.711,0.68,0.711,5939520.7
2025-08-13 12:00:00+00:00,0.711,0.718,0.699,0.715,9165141.9
2025-08-13 18:00:00+00:00,0.716,0.733,0.704,0.725,5109490.6
2025-08-14 00:00:00+00:00,0.725,0.735,0.713,0.721,4263615.9
2025-08-14 06:00:00+00:00,0.721,0.721,0.695,0.701,4711977.7
2025-08-14 12:00:00+00:00,0.701,0.704,0.65,0.655,11826207.5
2025-08-14 18:00:00+00:00,0.656,0.659,0.64,0.653,3845159.4
2025-08-15 00:00:00+00:00,0.653,0.669,0.65,0.666,2465350.8
2025-08-15 06:00:00+00:00,0.665,0.675,0.662,0.664,3398594.8
2025-08-15 12:00:00+00:00,0.665,0.676,0.639,0.656,6523088.7
2025-08-15 18:00:00+00:00,0.656,0.724,0.655,0.714,15613574.9
2025-08-16 00:00:00+00:00,0.714,0.744,0.707,0.712,14474677.0
2025-08-16 06:00:00+00:00,0.713,0.716,0.688,0.696,9765997.5
2025-08-16 12:00:00+00:00,0.697,0.724,0.693,0.713,10047668.5
2025-08-16 18:00:00+00:00,0.712,0.719,0.705,0.708,4439989.2
2025-08-17 00:00:00+00:00,0.707,0.725,0.702,0.719,4601948.5
2025-08-17 06:00:00+00:00,0.719,0.727,0.715,0.719,3837951.4
2025-08-17 12:00:00+00:00,0.718,0.728,0.708,0.716,6573442.2
2025-08-17 18:00:00+00:00,0.717,0.718,0.699,0.701,4485008.5
2025-08-18 00:00:00+00:00,0.7,0.702,0.667,0.682,7544549.8
2025-08-18 06:00:00+00:00,0.682,0.682,0.666,0.668,5646444.5
2025-08-18 12:00:00+00:00,0.667,0.681,0.66,0.669,5797314.6
2025-08-18 18:00:00+00:00,0.668,0.68,0.663,0.665,3826482.8
2025-08-19 00:00:00+00:00,0.664,0.675,0.649,0.659,4298930.5
2025-08-19 06:00:00+00:00,0.659,0.675,0.651,0.674,3131533.2
2025-08-19 12:00:00+00:00,0.675,0.675,0.645,0.648,6041282.9
2025-08-19 18:00:00+00:00,0.649,0.651,0.631,0.633,4162937.8
2025-08-20 00:00:00+00:00,0.632,0.653,0.627,0.652,4461918.4
2025-08-20 06:00:00+00:00,0.651,0.657,0.64,0.648,3541845.7
2025-08-20 12:00:00+00:00,0.649,0.669,0.633,0.664,5603404.6
2025-08-20 18:00:00+00:00,0.665,0.67,0.653,0.665,3192124.5
2025-08-21 00:00:00+00:00,0.665,0.671,0.658,0.667,2868142.2
2025-08-21 06:00:00+00:00,0.667,0.668,0.647,0.651,4012694.5
2025-08-21 12:00:00+00:00,0.652,0.657,0.637,0.649,5233060.7
2025-08-21 18:00:00+00:00,0.649,0.657,0.644,0.652,3023034.7
2025-08-22 00:00:00+00:00,0.652,0.659,0.631,0.642,4551739.4
2025-08-22 06:00:00+00:00,0.643,0.648,0.624,0.628,3168126.2
2025-08-22 12:00:00+00:00,0.627,0.704,0.615,0.699,14821963.6
2025-08-22 18:00:00+00:00,0.7,0.712,0.696,0.712,3464844.2
2025-08-23 00:00:00+00:00,0.711,0.728,0.692,0.725,4552081.3
2025-08-23 06:00:00+00:00,0.725,0.73,0.708,0.719,3539935.1
2025-08-23 12:00:00+00:00,0.719,0.723,0.704,0.72,6073470.9
2025-08-23 18:00:00+00:00,0.72,0.799,0.718,0.732,32400473.3
2025-08-24 00:00:00+00:00,0.733,0.742,0.703,0.704,6207689.5
2025-08-24 06:00:00+00:00,0.704,0.705,0.68,0.682,6408297.2
2025-08-24 12:00:00+00:00,0.682,0.71,0.681,0.707,5487338.6
2025-08-24 18:00:00+00:00,0.707,0.73,0.687,0.693,11257747.2
2025-08-25 00:00:00+00:00,0.693,0.706,0.676,0.683,5485105.0
2025-08-25 06:00:00+00:00,0.683,0.684,0.65,0.658,7262801.5
2025-08-25 12:00:00+00:00,0.658,0.663,0.645,0.648,5582214.7
2025-08-25 18:00:00+00:00,0.648,0.653,0.625,0.64,7525600.6
2025-08-26 00:00:00+00:00,0.64,0.652,0.633,0.64,4115288.3
2025-08-26 06:00:00+00:00,0.64,0.648,0.635,0.639,3600945.7
2025-08-26 12:00:00+00:00,0.639,0.695,0.635,0.679,14794479.2
2025-08-26 18:00:00+00:00,0.678,0.788,0.677,0.768,60923346.9
2025-08-27 00:00:00+00:00,0.768,0.771,0.731,0.742,35473228.0
2025-08-27 06:00:00+00:00,0.742,0.795,0.723,0.742,43869825.7
2025-08-27 12:00:00+00:00,0.743,0.752,0.724,0.735,17526503.3
2025-08-27 18:00:00+00:00,0.735,0.737,0.712,0.715,11486117.5
2025-08-28 00:00:00+00:00,0.715,0.74,0.713,0.727,10914295.3
2025-08-28 06:00:00+00:00,0.726,0.736,0.721,0.73,6469159.2
2025-08-28 12:00:00+00:00,0.73,0.752,0.711,0.721,12060282.5
2025-08-28 18:00:00+00:00,0.72,0.738,0.708,0.738,4668174.4
2025-08-29 00:00:00+00:00,0.738,0.739,0.723,0.727,3567072.7
2025-08-29 06:00:00+00:00,0.726,0.729,0.682,0.689,7635808.1
2025-08-29 12:00:00+00:00,0.689,0.715,0.673,0.676,7869319.6
2025-08-29 18:00:00+00:00,0.676,0.698,0.67,0.689,4379494.6
2025-08-30 00:00:00+00:00,0.689,0.708,0.675,0.703,4209495.4
2025-08-30 06:00:00+00:00,0.702,0.713,0.702,0.708,2663298.6
2025-08-30 12:00:00+00:00,0.708,0.709,0.695,0.7,4001244.9
2025-08-30 18:00:00+00:00,0.7,0.705,0.697,0.704,2242485.0
2025-08-31 00:00:00+00:00,0.703,0.72,0.702,0.708,2813407.6
2025-08-31 06:00:00+00:00,0.708,0.709,0.695,0.701,1767671.1
2025-08-31 12:00:00+00:00,0.701,0.702,0.691,0.692,2641366.9
2025-08-31 18:00:00+00:00,0.691,0.698,0.678,0.68,3826002.6
2025-09-01 00:00:00+00:00,0.679,0.68,0.656,0.664,5031771.8
2025-09-01 06:00:00+00:00,0.664,0.699,0.658,0.67,5081159.7
2025-09-01 12:00:00+00:00,0.671,0.674,0.654,0.657,4069284.4
2025-09-01 18:00:00+00:00,0.657,0.664,0.642,0.66,4447854.7
2025-09-02 00:00:00+00:00,0.66,0.69,0.657,0.681,4133302.6
2025-09-02 06:00:00+00:00,0.68,0.684,0.668,0.669,2455105.2
2025-09-02 12:00:00+00:00,0.669,0.683,0.654,0.672,4540962.9
2025-09-02 18:00:00+00:00,0.672,0.682,0.662,0.681,2083326.9
2025-09-03 00:00:00+00:00,0.681,0.684,0.669,0.671,2343397.9
2025-09-03 06:00:00+00:00,0.67,0.678,0.665,0.673,2688329.7
2025-09-03 12:00:00+00:00,0.673,0.691,0.669,0.689,5053187.4
2025-09-03 18:00:00+00:00,0.689,0.697,0.685,0.689,1895130.2
2025-09-04 00:00:00+00:00,0.689,0.692,0.662,0.665,3019065.0
2025-09-04 06:00:00+00:00,0.665,0.667,0.654,0.659,3954988.3
2025-09-04 12:00:00+00:00,0.659,0.663,0.647,0.65,5149146.2
2025-09-04 18:00:00+00:00,0.65,0.658,0.643,0.646,2775318.9
2025-09-05 00:00:00+00:00,0.646,0.664,0.645,0.661,3220220.5
2025-09-05 06:00:00+00:00,0.662,0.68,0.659,0.672,3319805.1
2025-09-05 12:00:00+00:00,0.673,0.686,0.657,0.661,6213909.6
2025-09-05 18:00:00+00:00,0.662,0.675,0.658,0.671,2720307.5
2025-09-06 00:00:00+00:00,0.67,0.675,0.663,0.666,1350161.4
2025-09-06 06:00:00+00:00,0.666,0.668,0.656,0.658,1763993.1
2025-09-06 12:00:00+00:00,0.659,0.666,0.655,0.659,2802957.6
2025-09-06 18:00:00+00:00,0.659,0.666,0.653,0.664,1769260.0
2025-09-07 00:00:00+00:00,0.664,0.679,0.662,0.678,2017504.1
2025-09-07 06:00:00+00:00,0.678,0.679,0.667,0.673,1591829.6
2025-09-07 12:00:00+00:00,0.672,0.674,0.661,0.661,3346734.4
2025-09-07 18:00:00+00:00,0.661,0.67,0.655,0.664,3271749.7
2025-09-08 00:00:00+00:00,0.664,0.674,0.661,0.667,2907993.5
2025-09-08 06:00:00+00:00,0.667,0.681,0.662,0.677,4292945.5
2025-09-08 12:00:00+00:00,0.678,0.692,0.675,0.685,4596026.0
2025-09-08 18:00:00+00:00,0.686,0.692,0.682,0.691,2541877.5
2025-09-09 00:00:00+00:00,0.69,0.699,0.681,0.697,3396069.3
2025-09-09 06:00:00+00:00,0.697,0.716,0.697,0.704,3961022.8
2025-09-09 12:00:00+00:00,0.705,0.711,0.682,0.685,4196237.8
2025-09-09 18:00:00+00:00,0.686,0.692,0.683,0.687,1236467.1
2025-09-10 00:00:00+00:00,0.688,0.698,0.681,0.696,1928677.4
2025-09-10 06:00:00+00:00,0.696,0.698,0.685,0.688,2137654.8
2025-09-10 12:00:00+00:00,0.688,0.709,0.687,0.697,4145693.4
2025-09-10 18:00:00+00:00,0.698,0.699,0.682,0.696,2038891.4
2025-09-11 00:00:00+00:00,0.695,0.707,0.695,0.704,2178813.0
2025-09-11 06:00:00+00:00,0.705,0.715,0.696,0.696,2566137.4
2025-09-11 12:00:00+00:00,0.696,0.71,0.684,0.695,4213055.4
2025-09-11 18:00:00+00:00,0.695,0.707,0.69,0.706,1560106.7
2025-09-12 00:00:00+00:00,0.706,0.713,0.697,0.71,1640185.5
2025-09-12 06:00:00+00:00,0.71,0.711,0.696,0.698,2286038.9
2025-09-12 12:00:00+00:00,0.698,0.725,0.694,0.72,4172309.7
2025-09-12 18:00:00+00:00,0.721,0.729,0.716,0.726,3103313.1
2025-09-13 00:00:00+00:00,0.726,0.732,0.722,0.731,2408052.5
2025-09-13 06:00:00+00:00,0.731,0.737,0.725,0.734,3530706.8
2025-09-13 12:00:00+00:00,0.734,0.734,0.708,0.717,5780642.5
2025-09-13 18:00:00+00:00,0.717,0.724,0.715,0.721,1722034.2
2025-09-14 00:00:00+00:00,0.721,0.723,0.701,0.714,2197512.9
2025-09-14 06:00:00+00:00,0.715,0.716,0.691,0.694,2913556.3
2025-09-14 12:00:00+00:00,0.694,0.698,0.676,0.692,4918761.2
2025-09-14 18:00:00+00:00,0.693,0.696,0.684,0.686,1617681.0
2025-09-15 00:00:00+00:00,0.686,0.702,0.68,0.701,2396794.8
2025-09-15 06:00:00+00:00,0.701,0.701,0.665,0.673,5587894.8
2025-09-15 12:00:00+00:00,0.673,0.676,0.656,0.665,4992146.6
2025-09-15 18:00:00+00:00,0.665,0.672,0.661,0.668,2526031.1
2025-09-16 00:00:00+00:00,0.669,0.672,0.657,0.67,1967967.4
2025-09-16 06:00:00+00:00,0.671,0.681,0.667,0.675,2977768.3
2025-09-16 12:00:00+00:00,0.674,0.686,0.669,0.681,4814059.1
2025-09-16 18:00:00+00:00,0.682,0.685,0.675,0.677,2377447.9
2025-09-17 00:00:00+00:00,0.677,0.686,0.667,0.676,2465350.6
2025-09-17 06:00:00+00:00,0.676,0.678,0.662,0.669,1876412.1
2025-09-17 12:00:00+00:00,0.669,0.678,0.66,0.666,2544319.9
2025-09-17 18:00:00+00:00,0.666,0.703,0.665,0.698,6111598.2
2025-09-18 00:00:00+00:00,0.698,0.705,0.693,0.7,3267318.2
2025-09-18 06:00:00+00:00,0.699,0.704,0.692,0.697,3322170.6
2025-09-18 12:00:00+00:00,0.696,0.72,0.693,0.72,4697609.9
2025-09-18 18:00:00+00:00,0.72,0.724,0.712,0.721,5215899.4
2025-09-19 00:00:00+00:00,0.722,0.735,0.706,0.714,5840604.0
2025-09-19 06:00:00+00:00,0.715,0.715,0.688,0.69,4287063.9
2025-09-19 12:00:00+00:00,0.689,0.699,0.68,0.682,4336526.3
2025-09-19 18:00:00+00:00,0.681,0.687,0.672,0.677,3236705.9
2025-09-20 00:00:00+00:00,0.677,0.685,0.669,0.684,3695370.6
2025-09-20 06:00:00+00:00,0.683,0.687,0.671,0.678,2700299.7
2025-09-20 12:00:00+00:00,0.678,0.692,0.673,0.686,2887972.9
2025-09-20 18:00:00+00:00,0.686,0.692,0.68,0.684,2047350.6
2025-09-21 00:00:00+00:00,0.685,0.695,0.68,0.695,2581998.8
2025-09-21 06:00:00+00:00,0.695,0.706,0.672,0.676,6288921.6
2025-09-21 12:00:00+00:00,0.676,0.688,0.672,0.68,4790892.1
2025-09-21 18:00:00+00:00,0.68,0.683,0.671,0.672,2819705.4
2025-09-22 00:00:00+00:00,0.671,0.676,0.635,0.636,8566479.2
2025-09-22 06:00:00+00:00,0.636,0.637,0.584,0.612,15015205.0
2025-09-22 12:00:00+00:00,0.612,0.62,0.605,0.612,4774945.9
2025-09-22 18:00:00+00:00,0.612,0.645,0.607,0.623,7871089.2
2025-09-23 00:00:00+00:00,0.623,0.635,0.614,0.631,8081634.9
2025-09-23 06:00:00+00:00,0.631,0.672,0.629,0.655,13824248.5
2025-09-23 12:00:00+00:00,0.656,0.725,0.651,0.674,41607220.6
2025-09-23 18:00:00+00:00,0.674,0.676,0.649,0.66,10767651.2
2025-09-24 00:00:00+00:00,0.66,0.707,0.657,0.705,15118197.0
2025-09-24 06:00:00+00:00,0.704,0.73,0.694,0.728,13254997.7
2025-09-24 12:00:00+00:00,0.727,0.785,0.723,0.783,22113809.0
2025-09-24 18:00:00+00:00,0.783,0.973,0.769,0.913,117553841.1
2025-09-25 00:00:00+00:00,0.913,0.936,0.788,0.79,89569725.3
2025-09-25 06:00:00+00:00,0.79,0.822,0.777,0.791,44286661.0
2025-09-25 12:00:00+00:00,0.791,0.849,0.789,0.809,63157804.6
2025-09-25 18:00:00+00:00,0.809,0.824,0.774,0.793,25021711.9
2025-09-26 00:00:00+00:00,0.792,0.818,0.782,0.803,21974514.2
2025-09-26 06:00:00+00:00,0.804,0.993,0.8,0.984,125085623.0
2025-09-26 12:00:00+00:00,0.983,1.172,0.894,1.152,145405015.6
2025-09-26 18:00:00+00:00,1.153,1.194,1.023,1.046,59152982.1
2025-09-27 00:00:00+00:00,1.045,1.259,1.033,1.203,85455888.7
2025-09-27 06:00:00+00:00,1.203,1.263,1.09,1.197,82816266.3
2025-09-27 12:00:00+00:00,1.197,1.2,1.11,1.134,43983617.1
2025-09-27 18:00:00+00:00,1.134,1.149,1.077,1.117,25452942.5
2025-09-28 00:00:00+00:00,1.118,1.142,1.056,1.081,29884499.7
2025-09-28 06:00:00+00:00,1.081,1.103,1.047,1.075,16066875.1
2025-09-28 12:00:00+00:00,1.074,1.114,1.033,1.082,20151461.8
2025-09-28 18:00:00+00:00,1.083,1.125,1.071,1.092,13970951.4
2025-09-29 00:00:00+00:00,1.093,1.11,0.995,1.002,16643265.4
2025-09-29 06:00:00+00:00,1.001,1.273,0.997,1.178,51227887.5
2025-09-29 12:00:00+00:00,1.179,1.204,1.08,1.167,37413915.6
2025-09-29 18:00:00+00:00,1.168,1.193,1.088,1.098,15502508.1
2025-09-30 00:00:00+00:00,1.098,1.164,1.074,1.156,15670192.3
2025-09-30 06:00:00+00:00,1.155,1.179,1.061,1.109,25307538.3
2025-09-30 12:00:00+00:00,1.108,1.167,1.068,1.119,25367145.3
2025-09-30 18:00:00+00:00,1.12,1.125,1.052,1.076,12072129.7
2025-10-01 00:00:00+00:00,1.077,1.14,1.057,1.081,20656248.3
2025-10-01 06:00:00+00:00,1.082,1.149,1.06,1.108,18270448.0
2025-10-01 12:00:00+00:00,1.109,1.146,1.076,1.144,17447913.0
2025-10-01 18:00:00+00:00,1.144,1.399,1.131,1.268,62594199.1
2025-10-02 00:00:00+00:00,1.269,1.383,1.266,1.3,27099560.5
2025-10-02 06:00:00+00:00,1.299,1.325,1.232,1.264,16324274.7
2025-10-02 12:00:00+00:00,1.263,1.302,1.238,1.258,14321193.5
2025-10-02 18:00:00+00:00,1.258,1.264,1.22,1.234,7846872.7
2025-10-03 00:00:00+00:00,1.234,1.237,1.182,1.207,10759299.7
2025-10-03 06:00:00+00:00,1.207,1.215,1.188,1.203,5945508.7
2025-10-03 12:00:00+00:00,1.203,1.266,1.196,1.231,12252728.0
2025-10-03 18:00:00+00:00,1.231,1.245,1.205,1.214,4955420.6
2025-10-04 00:00:00+00:00,1.214,1.226,1.184,1.186,4069062.0
2025-10-04 06:00:00+00:00,1.186,1.193,1.158,1.175,5579649.6
2025-10-04 12:00:00+00:00,1.176,1.193,1.148,1.167,5598507.3
2025-10-04 18:00:00+00:00,1.166,1.204,1.165,1.19,4371013.2
2025-10-05 00:00:00+00:00,1.19,1.21,1.176,1.186,4515708.0
2025-10-05 06:00:00+00:00,1.186,1.235,1.162,1.172,10740018.3
2025-10-05 12:00:00+00:00,1.173,1.181,1.123,1.126,6748856.5
2025-10-05 18:00:00+00:00,1.127,1.134,1.116,1.126,4109966.5
2025-10-06 00:00:00+00:00,1.125,1.174,1.122,1.126,6234914.8
2025-10-06 06:00:00+00:00,1.127,1.162,1.122,1.15,5009439.3
2025-10-06 12:00:00+00:00,1.152,1.206,1.141,1.167,7451766.6
2025-10-06 18:00:00+00:00,1.167,1.225,1.158,1.186,7887572.1
2025-10-07 00:00:00+00:00,1.187,1.291,1.181,1.244,13046030.4
2025-10-07 06:00:00+00:00,1.243,1.26,1.193,1.204,7214438.6
2025-10-07 12:00:00+00:00,1.204,1.208,1.122,1.139,10644057.0
2025-10-07 18:00:00+00:00,1.139,1.144,1.103,1.109,4822980.9
2025-10-08 00:00:00+00:00,1.11,1.134,1.101,1.12,3236873.4
2025-10-08 06:00:00+00:00,1.119,1.148,1.106,1.113,4531783.5
2025-10-08 12:00:00+00:00,1.114,1.139,1.103,1.133,4722851.2
2025-10-08 18:00:00+00:00,1.133,1.136,1.104,1.118,3679634.2
2025-10-09 00:00:00+00:00,1.118,1.12,1.074,1.093,4289952.8
2025-10-09 06:00:00+00:00,1.093,1.095,1.058,1.082,4256743.5
2025-10-09 12:00:00+00:00,1.083,1.133,1.074,1.129,7315646.2
2025-10-09 18:00:00+00:00,1.129,1.236,1.129,1.227,20370124.1
2025-10-10 00:00:00+00:00,1.227,1.365,1.225,1.264,29969076.2
2025-10-10 06:00:00+00:00,1.263,1.441,1.248,1.406,40214251.7
2025-10-10 12:00:00+00:00,1.406,1.444,1.262,1.278,33673263.6
2025-10-10 18:00:00+00:00,1.278,1.294,0.466,0.981,66703921.6
2025-10-11 00:00:00+00:00,0.98,1.099,0.951,1.031,26681785.0
2025-10-11 06:00:00+00:00,1.031,1.07,1.011,1.061,11563301.0
2025-10-11 12:00:00+00:00,1.061,1.081,0.975,0.989,10261938.0
2025-10-11 18:00:00+00:00,0.988,0.991,0.899,0.94,9778159.2
2025-10-12 00:00:00+00:00,0.941,0.985,0.922,0.96,6072216.3
2025-10-12 06:00:00+00:00,0.959,1.004,0.956,0.98,6118375.0
2025-10-12 12:00:00+00:00,0.98,1.535,0.963,1.516,57234308.2
2025-10-12 18:00:00+00:00,1.516,1.864,1.47,1.701,108649937.1
2025-10-13 00:00:00+00:00,1.701,1.917,1.614,1.835,74698274.2
2025-10-13 06:00:00+00:00,1.834,2.573,1.821,2.191,146833105.3
2025-10-13 12:00:00+00:00,2.191,2.487,2.126,2.477,116054461.5
2025-10-13 18:00:00+00:00,2.477,2.578,2.221,2.289,70322692.7
2025-10-14 00:00:00+00:00,2.289,2.316,2.085,2.112,47006089.3
2025-10-14 06:00:00+00:00,2.113,2.146,1.907,1.969,52299548.2
2025-10-14 12:00:00+00:00,1.969,2.024,1.814,1.982,61951854.7
2025-10-14 18:00:00+00:00,1.982,2.076,1.936,2.025,29913847.7
2025-10-15 00:00:00+00:00,2.024,2.257,1.942,1.95,46302728.2
2025-10-15 06:00:00+00:00,1.951,2.032,1.842,1.95,27859100.8
2025-10-15 12:00:00+00:00,1.95,1.973,1.787,1.809,24963421.6
2025-10-15 18:00:00+00:00,1.808,1.816,1.681,1.688,21529149.0
2025-10-16 00:00:00+00:00,1.689,1.703,1.567,1.589,23858510.7
2025-10-16 06:00:00+00:00,1.589,1.666,1.521,1.637,23642349.5
2025-10-16 12:00:00+00:00,1.638,1.73,1.557,1.586,38672074.0
2025-10-16 18:00:00+00:00,1.585,1.594,1.394,1.445,22651414.5
2025-10-17 00:00:00+00:00,1.445,1.493,1.418,1.424,15620153.5
2025-10-17 06:00:00+00:00,1.423,1.479,1.326,1.471,35162930.1
2025-10-17 12:00:00+00:00,1.471,1.545,1.396,1.425,36802162.7
2025-10-17 18:00:00+00:00,1.424,1.452,1.366,1.373,12797924.7
2025-10-18 00:00:00+00:00,1.374,1.419,1.351,1.375,10636607.7
2025-10-18 06:00:00+00:00,1.375,1.54,1.365,1.407,25572763.5
2025-10-18 12:00:00+00:00,1.407,1.41,1.324,1.379,14763298.9
2025-10-18 18:00:00+00:00,1.379,1.4,1.36,1.37,6749326.7
2025-10-19 00:00:00+00:00,1.37,1.475,1.356,1.391,16374161.0
2025-10-19 06:00:00+00:00,1.392,1.521,1.377,1.446,32406319.0
2025-10-19 12:00:00+00:00,1.447,1.624,1.386,1.592,38567828.7
2025-10-19 18:00:00+00:00,1.593,1.747,1.545,1.557,40763557.5
2025-10-20 00:00:00+00:00,1.558,1.783,1.477,1.777,42608819.4
2025-10-20 06:00:00+00:00,1.777,1.832,1.622,1.666,35554528.4
2025-10-20 12:00:00+00:00,1.667,1.754,1.583,1.588,35327265.1
2025-10-20 18:00:00+00:00,1.587,1.638,1.54,1.618,15249033.7
2025-10-21 00:00:00+00:00,1.618,1.647,1.504,1.506,18239120.4
2025-10-21 06:00:00+00:00,1.506,1.517,1.456,1.475,19927007.1
2025-10-21 12:00:00+00:00,1.476,1.724,1.47,1.57,39552913.6
2025-10-21 18:00:00+00:00,1.569,1.587,1.452,1.471,17642335.4
2025-10-22 00:00:00+00:00,1.47,1.523,1.444,1.459,16675211.6
2025-10-22 06:00:00+00:00,1.459,1.465,1.383,1.403,17778647.3
2025-10-22 12:00:00+00:00,1.403,1.425,1.329,1.338,20846021.0
2025-10-22 18:00:00+00:00,1.338,1.354,1.259,1.276,17917459.5
2025-10-23 00:00:00+00:00,1.277,1.31,1.265,1.278,13103527.3
2025-10-23 06:00:00+00:00,1.278,1.323,1.269,1.27,13305910.0
2025-10-23 12:00:00+00:00,1.27,1.305,1.247,1.286,24188422.0
2025-10-23 18:00:00+00:00,1.286,1.291,1.231,1.248,12198774.1
2025-10-24 00:00:00+00:00,1.248,1.276,1.233,1.254,12286191.1
2025-10-24 06:00:00+00:00,1.253,1.259,1.216,1.242,12508789.2
2025-10-24 12:00:00+00:00,1.243,1.304,1.222,1.236,23954694.0
2025-10-24 18:00:00+00:00,1.236,1.355,1.234,1.298,24898765.6
2025-10-25 00:00:00+00:00,1.299,1.3,1.228,1.23,9456944.3
2025-10-25 06:00:00+00:00,1.23,1.249,1.21,1.248,10910796.5
2025-10-25 12:00:00+00:00,1.248,1.255,1.223,1.223,10336486.2
2025-10-25 18:00:00+00:00,1.224,1.241,1.182,1.205,9690168.7
2025-10-26 00:00:00+00:00,1.206,1.218,1.162,1.176,11714933.8
2025-10-26 06:00:00+00:00,1.177,1.255,1.176,1.248,12122146.0
2025-10-26 12:00:00+00:00,1.248,1.268,1.228,1.233,10397204.9
2025-10-26 18:00:00+00:00,1.233,1.26,1.198,1.199,8883664.1
2025-10-27 00:00:00+00:00,1.199,1.226,1.177,1.205,12631711.7
2025-10-27 06:00:00+00:00,1.205,1.238,1.15,1.164,16764028.9
2025-10-27 12:00:00+00:00,1.165,1.196,1.144,1.178,19931147.8
2025-10-27 18:00:00+00:00,1.177,1.192,1.144,1.162,10530604.3
2025-10-28 00:00:00+00:00,1.162,1.179,1.15,1.159,10200965.8
2025-10-28 06:00:00+00:00,1.16,1.183,1.155,1.163,8094960.6
2025-10-28 12:00:00+00:00,1.163,1.21,1.106,1.145,23153597.6
2025-10-28 18:00:00+00:00,1.145,1.158,1.097,1.109,12286975.0
2025-10-29 00:00:00+00:00,1.109,1.117,1.092,1.106,6773231.7
2025-10-29 06:00:00+00:00,1.105,1.143,1.103,1.132,7833524.3
2025-10-29 12:00:00+00:00,1.132,1.162,1.114,1.159,10383633.8
2025-10-29 18:00:00+00:00,1.159,1.2,1.09,1.111,26393961.0
2025-10-30 00:00:00+00:00,1.112,1.132,1.046,1.082,19048179.4
2025-10-30 06:00:00+00:00,1.081,1.082,1.045,1.048,8194862.5
2025-10-30 12:00:00+00:00,1.048,1.051,0.963,0.987,19796207.3
2025-10-30 18:00:00+00:00,0.988,1.01,0.958,1.008,11184255.7
2025-10-31 00:00:00+00:00,1.008,1.024,0.997,1.014,8647380.0
2025-10-31 06:00:00+00:00,1.015,1.021,0.993,1.006,6917583.9
2025-10-31 12:00:00+00:00,1.006,1.01,0.965,0.97,10532956.1
2025-10-31 18:00:00+00:00,0.97,1.012,0.967,1.0,6794297.7
2025-11-01 00:00:00+00:00,1.001,1.031,0.992,0.997,5866803.8
2025-11-01 06:00:00+00:00,0.998,1.018,0.995,1.004,5312654.1
2025-11-01 12:00:00+00:00,1.003,1.01,0.986,0.998,6468535.4
2025-11-01 18:00:00+00:00,0.998,1.018,0.985,1.004,5731353.6
2025-11-02 00:00:00+00:00,1.004,1.033,0.988,1.027,7084337.5
2025-11-02 06:00:00+00:00,1.028,1.154,1.017,1.075,35540925.9
2025-11-02 12:00:00+00:00,1.074,1.079,0.998,1.024,15943472.7
2025-11-02 18:00:00+00:00,1.024,1.062,0.998,1.055,8815617.0
2025-11-03 00:00:00+00:00,1.055,1.058,0.923,0.924,16979849.0
2025-11-03 06:00:00+00:00,0.923,0.961,0.917,0.93,15141656.4
2025-11-03 12:00:00+00:00,0.93,0.955,0.826,0.948,29424246.1
2025-11-03 18:00:00+00:00,0.948,0.949,0.889,0.901,10954111.9
2025-11-04 00:00:00+00:00,0.901,0.921,0.863,0.867,12090916.5
2025-11-04 06:00:00+00:00,0.867,0.909,0.864,0.881,13806685.4
2025-11-04 12:00:00+00:00,0.881,0.901,0.837,0.859,19164614.1
2025-11-04 18:00:00+00:00,0.858,0.868,0.791,0.846,34815156.0
2025-11-05 00:00:00+00:00,0.847,0.85,0.791,0.84,12629967.9
2025-11-05 06:00:00+00:00,0.84,0.859,0.829,0.855,7822035.4
2025-11-05 12:00:00+00:00,0.854,0.875,0.847,0.863,9589830.0
2025-11-05 18:00:00+00:00,0.863,0.874,0.849,0.85,4971135.5
2025-11-06 00:00:00+00:00,0.851,0.852,0.825,0.831,7656541.5
2025-11-06 06:00:00+00:00,0.831,0.841,0.821,0.829,6044173.7
2025-11-06 12:00:00+00:00,0.829,0.84,0.788,0.821,14413722.6
2025-11-06 18:00:00+00:00,0.82,0.83,0.8,0.811,6811677.8
2025-11-07 00:00:00+00:00,0.811,0.848,0.797,0.846,8977657.9
2025-11-07 06:00:00+00:00,0.846,0.867,0.805,0.812,12288052.2
2025-11-07 12:00:00+00:00,0.812,0.894,0.788,0.889,22066848.5
2025-11-07 18:00:00+00:00,0.889,0.908,0.876,0.884,11256389.9
2025-11-08 00:00:00+00:00,0.883,0.894,0.841,0.842,9714513.5
2025-11-08 06:00:00+00:00,0.843,0.867,0.831,0.857,8774537.6
2025-11-08 12:00:00+00:00,0.857,0.864,0.816,0.836,9497944.6
2025-11-08 18:00:00+00:00,0.835,0.842,0.825,0.835,3618949.0
2025-11-09 00:00:00+00:00,0.835,0.852,0.804,0.817,7175946.0
2025-11-09 06:00:00+00:00,0.816,0.835,0.809,0.827,5253824.0
2025-11-09 12:00:00+00:00,0.827,0.862,0.82,0.847,9070658.2
2025-11-09 18:00:00+00:00,0.846,0.886,0.845,0.863,7547062.0
2025-11-10 00:00:00+00:00,0.863,0.888,0.857,0.863,6388240.9
2025-11-10 06:00:00+00:00,0.863,0.907,0.86,0.884,9807828.8
2025-11-10 12:00:00+00:00,0.884,0.894,0.843,0.852,10714528.9
2025-11-10 18:00:00+00:00,0.853,0.879,0.841,0.861,11465593.4
2025-11-11 00:00:00+00:00,0.862,0.883,0.826,0.836,9152016.6
2025-11-11 06:00:00+00:00,0.835,0.839,0.793,0.808,10124722.0
2025-11-11 12:00:00+00:00,0.807,0.818,0.789,0.81,8562806.0
2025-11-11 18:00:00+00:00,0.811,0.816,0.774,0.776,7166273.7
2025-11-12 00:00:00+00:00,0.776,0.808,0.773,0.804,5295744.7
2025-11-12 06:00:00+00:00,0.804,0.834,0.792,0.828,5505817.6
2025-11-12 12:00:00+00:00,0.829,0.845,0.766,0.782,13177608.0
2025-11-12 18:00:00+00:00,0.783,0.79,0.761,0.775,6473615.1
2025-11-13 00:00:00+00:00,0.775,0.816,0.772,0.812,7010074.3
2025-11-13 06:00:00+00:00,0.813,0.816,0.79,0.796,5648250.7
2025-11-13 12:00:00+00:00,0.796,0.798,0.726,0.727,13559342.5
2025-11-13 18:00:00+00:00,0.727,0.743,0.709,0.734,11916586.1
2025-11-14 00:00:00+00:00,0.735,0.742,0.694,0.726,8632876.7
2025-11-14 06:00:00+00:00,0.727,0.748,0.715,0.722,7885408.9
2025-11-14 12:00:00+00:00,0.723,0.747,0.706,0.732,9693346.7
2025-11-14 18:00:00+00:00,0.731,0.746,0.702,0.717,6254828.2
2025-11-15 00:00:00+00:00,0.716,0.737,0.714,0.731,5228588.6
2025-11-15 06:00:00+00:00,0.73,0.74,0.709,0.717,5110439.4
2025-11-15 12:00:00+00:00,0.717,0.743,0.716,0.742,7478406.3
2025-11-15 18:00:00+00:00,0.743,0.744,0.723,0.734,4266187.4
2025-11-16 00:00:00+00:00,0.734,0.745,0.717,0.736,4986215.2
2025-11-16 06:00:00+00:00,0.735,0.739,0.713,0.717,4241643.8
2025-11-16 12:00:00+00:00,0.716,0.724,0.679,0.694,9294820.4
2025-11-16 18:00:00+00:00,0.693,0.709,0.674,0.696,8807842.1
2025-11-17 00:00:00+00:00,0.697,0.715,0.688,0.709,5153738.7
2025-11-17 06:00:00+00:00,0.71,0.719,0.704,0.708,5119428.3
2025-11-17 12:00:00+00:00,0.707,0.718,0.671,0.676,15083660.5
2025-11-17 18:00:00+00:00,0.676,0.684,0.665,0.68,19098089.0
2025-11-18 00:00:00+00:00,0.68,0.705,0.667,0.694,9370886.3
2025-11-18 06:00:00+00:00,0.694,0.698,0.681,0.689,5915236.0
2025-11-18 12:00:00+00:00,0.69,0.71,0.68,0.699,9007945.7
2025-11-18 18:00:00+00:00,0.7,0.707,0.691,0.699,6355769.8
2025-11-19 00:00:00+00:00,0.698,0.701,0.666,0.672,4995347.0
2025-11-19 06:00:00+00:00,0.671,0.686,0.669,0.677,4333806.4
2025-11-19 12:00:00+00:00,0.677,0.684,0.638,0.651,11003348.6
2025-11-19 18:00:00+00:00,0.65,0.675,0.636,0.672,7896578.0
2025-11-20 00:00:00+00:00,0.673,0.674,0.658,0.659,5045676.0
2025-11-20 06:00:00+00:00,0.659,0.67,0.658,0.666,4500335.9
2025-11-20 12:00:00+00:00,0.667,0.679,0.623,0.633,19765618.5
2025-11-20 18:00:00+00:00,0.633,0.648,0.615,0.628,10475644.7
2025-11-21 00:00:00+00:00,0.628,0.648,0.623,0.634,8031476.6
2025-11-21 06:00:00+00:00,0.634,0.639,0.562,0.595,17580883.7
2025-11-21 12:00:00+00:00,0.594,0.624,0.582,0.613,15627794.6
2025-11-21 18:00:00+00:00,0.614,0.614,0.561,0.583,13151203.5
2025-11-22 00:00:00+00:00,0.583,0.588,0.552,0.56,11695384.4
2025-11-22 06:00:00+00:00,0.56,0.574,0.553,0.569,7789769.1
2025-11-22 12:00:00+00:00,0.57,0.577,0.556,0.571,6049869.0
2025-11-22 18:00:00+00:00,0.572,0.576,0.559,0.564,4626812.0
2025-11-23 00:00:00+00:00,0.564,0.576,0.555,0.574,4448407.6
2025-11-23 06:00:00+00:00,0.574,0.609,0.565,0.597,12465284.6
2025-11-23 12:00:00+00:00,0.597,0.646,0.586,0.611,22624636.8
2025-11-23 18:00:00+00:00,0.611,0.618,0.586,0.586,8316437.9
2025-11-24 00:00:00+00:00,0.586,0.603,0.581,0.59,8588327.7
2025-11-24 06:00:00+00:00,0.589,0.59,0.551,0.562,14678655.4
2025-11-24 12:00:00+00:00,0.563,0.596,0.559,0.593,13510142.4
2025-11-24 18:00:00+00:00,0.594,0.6,0.582,0.583,7310232.8
2025-11-25 00:00:00+00:00,0.582,0.583,0.552,0.558,8798612.6
2025-11-25 06:00:00+00:00,0.558,0.564,0.543,0.546,12590767.8
2025-11-25 12:00:00+00:00,0.545,0.562,0.541,0.558,11424099.3
2025-11-25 18:00:00+00:00,0.558,0.572,0.548,0.568,7936992.3
2025-11-26 00:00:00+00:00,0.568,0.572,0.553,0.555,4401452.8
2025-11-26 06:00:00+00:00,0.555,0.567,0.542,0.557,8717340.4
2025-11-26 12:00:00+00:00,0.558,0.589,0.552,0.586,14642797.7
2025-11-26 18:00:00+00:00,0.585,0.593,0.579,0.584,5988049.6
2025-11-27 00:00:00+00:00,0.583,0.599,0.581,0.588,6034922.4
2025-11-27 06:00:00+00:00,0.587,0.611,0.581,0.586,12175088.9
2025-11-27 12:00:00+00:00,0.586,0.591,0.574,0.586,7174097.2
2025-11-27 18:00:00+00:00,0.585,0.59,0.571,0.574,4302485.5
2025-11-28 00:00:00+00:00,0.573,0.577,0.561,0.563,4362943.2
2025-11-28 06:00:00+00:00,0.563,0.575,0.557,0.567,5274216.2
2025-11-28 12:00:00+00:00,0.567,0.576,0.553,0.556,7912951.8
2025-11-28 18:00:00+00:00,0.556,0.568,0.551,0.562,4185385.8
2025-11-29 00:00:00+00:00,0.563,0.57,0.561,0.563,10115632.3
2025-11-29 06:00:00+00:00,0.563,0.564,0.553,0.557,4198124.0
2025-11-29 12:00:00+00:00,0.558,0.559,0.545,0.546,4743447.4
2025-11-29 18:00:00+00:00,0.546,0.553,0.543,0.55,3474827.9
2025-11-30 00:00:00+00:00,0.55,0.551,0.539,0.544,3907458.9
2025-11-30 06:00:00+00:00,0.543,0.55,0.538,0.54,4387405.8
2025-11-30 12:00:00+00:00,0.539,0.551,0.534,0.547,5446714.1
2025-11-30 18:00:00+00:00,0.548,0.554,0.54,0.541,6840525.5
2025-12-01 00:00:00+00:00,0.541,0.543,0.495,0.498,19342515.0
2025-12-01 06:00:00+00:00,0.499,0.522,0.498,0.51,8944190.2
2025-12-01 12:00:00+00:00,0.51,0.516,0.499,0.503,11558540.9
2025-12-01 18:00:00+00:00,0.503,0.516,0.499,0.512,6221806.2
2025-12-02 00:00:00+00:00,0.512,0.518,0.505,0.508,4820899.9
2025-12-02 06:00:00+00:00,0.508,0.518,0.502,0.514,5170134.6
2025-12-02 12:00:00+00:00,0.514,0.561,0.509,0.55,13944490.4
2025-12-02 18:00:00+00:00,0.55,0.556,0.541,0.547,4278006.3
2025-12-03 00:00:00+00:00,0.547,0.557,0.544,0.553,4406467.1
2025-12-03 06:00:00+00:00,0.554,0.565,0.553,0.561,4807946.2
2025-12-03 12:00:00+00:00,0.562,0.567,0.545,0.566,8071142.7
2025-12-03 18:00:00+00:00,0.567,0.571,0.56,0.568,4063294.8
2025-12-04 00:00:00+00:00,0.568,0.573,0.562,0.566,2936151.7
2025-12-04 06:00:00+00:00,0.566,0.573,0.558,0.561,3745098.9
2025-12-04 12:00:00+00:00,0.561,0.566,0.545,0.55,6209807.5
2025-12-04 18:00:00+00:00,0.55,0.551,0.527,0.536,7051171.4
2025-12-05 00:00:00+00:00,0.536,0.541,0.526,0.53,3158687.4
2025-12-05 06:00:00+00:00,0.531,0.538,0.518,0.52,5310735.7
2025-12-05 12:00:00+00:00,0.52,0.523,0.487,0.49,17389332.1
2025-12-05 18:00:00+00:00,0.489,0.505,0.485,0.5,8213674.1
2025-12-06 00:00:00+00:00,0.501,0.503,0.489,0.49,2717975.9
2025-12-06 06:00:00+00:00,0.49,0.494,0.486,0.492,4736972.1
2025-12-06 12:00:00+00:00,0.491,0.513,0.488,0.511,7677123.3
2025-12-06 18:00:00+00:00,0.512,0.519,0.495,0.502,6468836.7
2025-12-07 00:00:00+00:00,0.501,0.506,0.496,0.499,3545593.2
2025-12-07 06:00:00+00:00,0.499,0.501,0.492,0.493,3241710.7
2025-12-07 12:00:00+00:00,0.494,0.498,0.473,0.492,10210521.4
2025-12-07 18:00:00+00:00,0.492,0.499,0.472,0.479,6921597.9
2025-12-08 00:00:00+00:00,0.479,0.499,0.477,0.498,3933903.6
2025-12-08 06:00:00+00:00,0.497,0.502,0.492,0.5,3298666.6
2025-12-08 12:00:00+00:00,0.499,0.507,0.488,0.495,9348010.8
2025-12-08 18:00:00+00:00,0.494,0.501,0.486,0.497,5030031.9
2025-12-09 00:00:00+00:00,0.497,0.501,0.483,0.485,4070807.1
2025-12-09 06:00:00+00:00,0.484,0.492,0.482,0.487,3390458.9
2025-12-09 12:00:00+00:00,0.487,0.529,0.486,0.522,9498736.7
2025-12-09 18:00:00+00:00,0.522,0.525,0.502,0.513,5145554.5
2025-12-10 00:00:00+00:00,0.512,0.516,0.5,0.501,3244935.5
2025-12-10 06:00:00+00:00,0.502,0.504,0.491,0.493,4713549.8
2025-12-10 12:00:00+00:00,0.493,0.505,0.489,0.499,6776143.2
2025-12-10 18:00:00+00:00,0.498,0.519,0.483,0.485,14013684.8
2025-12-11 00:00:00+00:00,0.486,0.488,0.463,0.475,7094804.1
2025-12-11 06:00:00+00:00,0.475,0.482,0.469,0.476,5542009.8
2025-12-11 12:00:00+00:00,0.475,0.48,0.466,0.468,7083667.4
2025-12-11 18:00:00+00:00,0.467,0.487,0.466,0.475,6923954.6
2025-12-12 00:00:00+00:00,0.476,0.482,0.467,0.481,4528024.4
2025-12-12 06:00:00+00:00,0.481,0.484,0.474,0.481,3591125.0
2025-12-12 12:00:00+00:00,0.48,0.481,0.444,0.449,14071427.2
2025-12-12 18:00:00+00:00,0.448,0.463,0.447,0.459,6918386.9
2025-12-13 00:00:00+00:00,0.46,0.465,0.457,0.459,3803123.4
2025-12-13 06:00:00+00:00,0.459,0.466,0.457,0.459,4528101.5
2025-12-13 12:00:00+00:00,0.459,0.469,0.458,0.463,5118398.0
2025-12-13 18:00:00+00:00,0.463,0.466,0.459,0.465,2765146.5
2025-12-14 00:00:00+00:00,0.465,0.466,0.456,0.457,2564240.5
2025-12-14 06:00:00+00:00,0.457,0.461,0.449,0.454,5498980.9
2025-12-14 12:00:00+00:00,0.453,0.456,0.441,0.442,6095526.5
2025-12-14 18:00:00+00:00,0.441,0.446,0.432,0.438,8084714.8
2025-12-15 00:00:00+00:00,0.438,0.452,0.437,0.45,5578974.6
2025-12-15 06:00:00+00:00,0.45,0.453,0.443,0.445,5276210.6
2025-12-15 12:00:00+00:00,0.444,0.448,0.411,0.411,18952122.6
2025-12-15 18:00:00+00:00,0.411,0.425,0.407,0.423,11431888.4
2025-12-16 00:00:00+00:00,0.424,0.425,0.415,0.423,5485618.2
2025-12-16 06:00:00+00:00,0.423,0.43,0.416,0.429,5731092.6
2025-12-16 12:00:00+00:00,0.429,0.449,0.422,0.429,19855240.7
2025-12-16 18:00:00+00:00,0.429,0.437,0.428,0.434,6138371.0
2025-12-17 00:00:00+00:00,0.433,0.436,0.425,0.428,6350925.2
2025-12-17 06:00:00+00:00,0.428,0.431,0.418,0.422,6907881.7
2025-12-17 12:00:00+00:00,0.422,0.435,0.403,0.403,22028029.1
2025-12-17 18:00:00+00:00,0.404,0.408,0.398,0.402,13079331.2
2025-12-18 00:00:00+00:00,0.402,0.403,0.394,0.395,6210043.9
2025-12-18 06:00:00+00:00,0.394,0.407,0.394,0.405,6938190.6
2025-12-18 12:00:00+00:00,0.406,0.423,0.387,0.396,24276661.4
2025-12-18 18:00:00+00:00,0.396,0.4,0.382,0.39,19349050.3
2025-12-19 00:00:00+00:00,0.389,0.407,0.386,0.399,12670281.4
2025-12-19 06:00:00+00:00,0.4,0.408,0.398,0.405,7686396.2
2025-12-19 12:00:00+00:00,0.404,0.416,0.403,0.404,17137622.4
2025-12-19 18:00:00+00:00,0.405,0.422,0.404,0.419,9748679.8
2025-12-20 00:00:00+00:00,0.42,0.423,0.416,0.421,3323581.6
2025-12-20 06:00:00+00:00,0.422,0.431,0.42,0.427,5293337.1
2025-12-20 12:00:00+00:00,0.427,0.427,0.42,0.422,3782037.2
2025-12-20 18:00:00+00:00,0.423,0.425,0.421,0.421,2135076.1
2025-12-21 00:00:00+00:00,0.421,0.422,0.414,0.416,4166935.8
2025-12-21 06:00:00+00:00,0.415,0.422,0.415,0.415,4529901.3
2025-12-21 12:00:00+00:00,0.416,0.417,0.401,0.408,8728353.5
2025-12-21 18:00:00+00:00,0.408,0.412,0.403,0.41,4064088.9
2025-12-22 00:00:00+00:00,0.41,0.419,0.403,0.412,9315835.9
2025-12-22 06:00:00+00:00,0.412,0.422,0.411,0.421,6443734.2
2025-12-22 12:00:00+00:00,0.42,0.436,0.419,0.427,12354003.1
2025-12-22 18:00:00+00:00,0.427,0.43,0.413,0.423,8943012.6
2025-12-23 00:00:00+00:00,0.423,0.431,0.417,0.42,4657995.1
2025-12-23 06:00:00+00:00,0.421,0.422,0.414,0.417,3870227.0
2025-12-23 12:00:00+00:00,0.417,0.427,0.409,0.416,8854936.5
2025-12-23 18:00:00+00:00,0.417,0.444,0.416,0.43,11228425.7
2025-12-24 00:00:00+00:00,0.43,0.434,0.419,0.42,4612961.0
2025-12-24 06:00:00+00:00,0.42,0.426,0.417,0.42,3912007.4
2025-12-24 12:00:00+00:00,0.42,0.429,0.415,0.424,5663136.9
2025-12-24 18:00:00+00:00,0.425,0.442,0.424,0.442,4217906.3
2025-12-25 00:00:00+00:00,0.441,0.447,0.433,0.439,4259603.8
2025-12-25 06:00:00+00:00,0.439,0.446,0.431,0.433,4280798.5
2025-12-25 12:00:00+00:00,0.434,0.438,0.43,0.436,3156903.0
2025-12-25 18:00:00+00:00,0.435,0.439,0.42,0.422,3592118.6
2025-12-26 00:00:00+00:00,0.421,0.441,0.417,0.436,5537448.8
2025-12-26 06:00:00+00:00,0.437,0.438,0.431,0.434,2143622.5
2025-12-26 12:00:00+00:00,0.434,0.436,0.422,0.426,5491553.7
2025-12-26 18:00:00+00:00,0.426,0.436,0.425,0.433,2913153.2
2025-12-27 00:00:00+00:00,0.433,0.445,0.432,0.44,2575918.3
2025-12-27 06:00:00+00:00,0.441,0.449,0.437,0.449,3372658.0
2025-12-27 12:00:00+00:00,0.448,0.449,0.442,0.445,3839942.3
2025-12-27 18:00:00+00:00,0.444,0.453,0.441,0.449,2426656.8
2025-12-28 00:00:00+00:00,0.45,0.451,0.445,0.449,1872158.2
2025-12-28 06:00:00+00:00,0.448,0.45,0.444,0.446,1516019.0
2025-12-28 12:00:00+00:00,0.446,0.447,0.439,0.441,4143529.5
2025-12-28 18:00:00+00:00,0.442,0.442,0.429,0.433,4029404.4
2025-12-29 00:00:00+00:00,0.432,0.445,0.431,0.442,6554340.0
2025-12-29 06:00:00+00:00,0.443,0.446,0.433,0.439,4245317.2
2025-12-29 12:00:00+00:00,0.439,0.44,0.419,0.423,7808233.1
2025-12-29 18:00:00+00:00,0.424,0.425,0.417,0.418,3552804.0
2025-12-30 00:00:00+00:00,0.418,0.424,0.414,0.417,4408829.4
2025-12-30 06:00:00+00:00,0.417,0.425,0.415,0.421,3548509.6
2025-12-30 12:00:00+00:00,0.422,0.429,0.414,0.423,4553199.4
2025-12-30 18:00:00+00:00,0.422,0.423,0.415,0.419,2057063.6
2025-12-31 00:00:00+00:00,0.419,0.419,0.412,0.414,3115184.7
2025-12-31 06:00:00+00:00,0.414,0.418,0.413,0.415,1975301.1
2025-12-31 12:00:00+00:00,0.416,0.416,0.398,0.402,6028124.3
2025-12-31 18:00:00+00:00,0.402,0.413,0.4,0.411,4826938.5
2026-01-01 00:00:00+00:00,0.41,0.414,0.408,0.412,3275905.3
2026-01-01 06:00:00+00:00,0.413,0.418,0.411,0.418,2041278.4
2026-01-01 12:00:00+00:00,0.418,0.464,0.415,0.438,23168335.1
2026-01-01 18:00:00+00:00,0.438,0.45,0.435,0.447,4390151.5
2026-01-02 00:00:00+00:00,0.447,0.452,0.442,0.446,4081042.0
2026-01-02 06:00:00+00:00,0.446,0.451,0.44,0.443,5522570.5
2026-01-02 12:00:00+00:00,0.442,0.462,0.441,0.456,8510042.4
2026-01-02 18:00:00+00:00,0.457,0.467,0.455,0.46,4095884.6
2026-01-03 00:00:00+00:00,0.461,0.467,0.456,0.464,3554108.0
2026-01-03 06:00:00+00:00,0.465,0.468,0.448,0.45,3539846.8
2026-01-03 12:00:00+00:00,0.45,0.456,0.448,0.453,2987281.5
2026-01-03 18:00:00+00:00,0.453,0.458,0.448,0.458,2998785.7
2026-01-04 00:00:00+00:00,0.458,0.464,0.455,0.464,3476379.2
2026-01-04 06:00:00+00:00,0.463,0.464,0.453,0.46,3719206.8
2026-01-04 12:00:00+00:00,0.461,0.472,0.456,0.47,4736575.6
2026-01-04 18:00:00+00:00,0.47,0.471,0.458,0.463,3325446.6
2026-01-05 00:00:00+00:00,0.463,0.476,0.46,0.461,4551543.0
2026-01-05 06:00:00+00:00,0.46,0.467,0.456,0.462,3524429.3
2026-01-05 12:00:00+00:00,0.463,0.476,0.46,0.474,6807799.7
2026-01-05 18:00:00+00:00,0.475,0.493,0.473,0.489,4971974.0
2026-01-06 00:00:00+00:00,0.489,0.498,0.483,0.494,5163109.1
2026-01-06 06:00:00+00:00,0.494,0.523,0.487,0.522,6830057.5
2026-01-06 12:00:00+00:00,0.523,0.562,0.503,0.509,42962516.6
2026-01-06 18:00:00+00:00,0.508,0.554,0.506,0.534,17234366.4
2026-01-07 00:00:00+00:00,0.534,0.535,0.508,0.512,9443863.2
2026-01-07 06:00:00+00:00,0.512,0.521,0.505,0.512,7727616.6
2026-01-07 12:00:00+00:00,0.511,0.513,0.49,0.498,11112153.2
2026-01-07 18:00:00+00:00,0.497,0.5,0.488,0.494,6107955.9
2026-01-08 00:00:00+00:00,0.494,0.506,0.492,0.498,5185317.3
2026-01-08 06:00:00+00:00,0.499,0.502,0.478,0.489,6987792.1
2026-01-08 12:00:00+00:00,0.489,0.496,0.472,0.494,9212394.3
2026-01-08 18:00:00+00:00,0.493,0.494,0.481,0.488,2950157.9
2026-01-09 00:00:00+00:00,0.488,0.494,0.484,0.488,3620656.1
2026-01-09 06:00:00+00:00,0.488,0.491,0.476,0.483,3394193.9
2026-01-09 12:00:00+00:00,0.483,0.498,0.476,0.492,8913951.1
2026-01-09 18:00:00+00:00,0.492,0.492,0.477,0.483,3984323.8
2026-01-10 00:00:00+00:00,0.484,0.486,0.474,0.475,2487020.2
2026-01-10 06:00:00+00:00,0.474,0.483,0.471,0.482,2893470.9
2026-01-10 12:00:00+00:00,0.483,0.487,0.477,0.478,2351138.9
2026-01-10 18:00:00+00:00,0.477,0.486,0.468,0.472,2837296.4
2026-01-11 00:00:00+00:00,0.472,0.478,0.469,0.474,2112466.5
2026-01-11 06:00:00+00:00,0.475,0.484,0.472,0.48,3597605.9
2026-01-11 12:00:00+00:00,0.48,0.483,0.471,0.478,3201846.2
2026-01-11 18:00:00+00:00,0.478,0.478,0.459,0.466,3929391.7
2026-01-12 00:00:00+00:00,0.466,0.483,0.46,0.477,5843348.2
2026-01-12 06:00:00+00:00,0.477,0.479,0.46,0.464,4778516.9
2026-01-12 12:00:00+00:00,0.464,0.477,0.455,0.471,6487369.5
2026-01-12 18:00:00+00:00,0.47,0.474,0.455,0.457,3684976.2
2026-01-13 00:00:00+00:00,0.456,0.461,0.45,0.451,4755352.9
2026-01-13 06:00:00+00:00,0.451,0.471,0.448,0.464,8411835.6
2026-01-13 12:00:00+00:00,0.465,0.487,0.462,0.479,10655159.1
2026-01-13 18:00:00+00:00,0.48,0.514,0.476,0.504,8665479.8
2026-01-14 00:00:00+00:00,0.504,0.512,0.502,0.508,4935119.5
2026-01-14 06:00:00+00:00,0.507,0.516,0.503,0.507,4597601.2
2026-01-14 12:00:00+00:00,0.507,0.514,0.497,0.502,6303124.4
2026-01-14 18:00:00+00:00,0.502,0.505,0.489,0.491,5478721.9
2026-01-15 00:00:00+00:00,0.491,0.496,0.477,0.482,3872860.3
2026-01-15 06:00:00+00:00,0.482,0.493,0.48,0.488,3466302.6
2026-01-15 12:00:00+00:00,0.487,0.494,0.469,0.473,5516324.1
2026-01-15 18:00:00+00:00,0.473,0.474,0.457,0.464,4534365.4
2026-01-16 00:00:00+00:00,0.464,0.466,0.457,0.461,3647051.7
2026-01-16 06:00:00+00:00,0.461,0.47,0.46,0.464,2991623.7
2026-01-16 12:00:00+00:00,0.464,0.465,0.45,0.462,5136822.7
2026-01-16 18:00:00+00:00,0.462,0.475,0.459,0.473,2995962.8
2026-01-17 00:00:00+00:00,0.474,0.486,0.472,0.482,3522532.1
2026-01-17 06:00:00+00:00,0.482,0.507,0.481,0.49,7259345.3
2026-01-17 12:00:00+00:00,0.49,0.505,0.489,0.496,6730996.2
2026-01-17 18:00:00+00:00,0.495,0.5,0.486,0.487,3679707.6
2026-01-18 00:00:00+00:00,0.487,0.494,0.477,0.479,4057310.9
2026-01-18 06:00:00+00:00,0.479,0.483,0.476,0.479,1916678.6
2026-01-18 12:00:00+00:00,0.48,0.482,0.472,0.48,2700390.3
2026-01-18 18:00:00+00:00,0.48,0.486,0.453,0.454,4683147.0
2026-01-19 00:00:00+00:00,0.454,0.454,0.403,0.437,17936966.1
2026-01-19 06:00:00+00:00,0.438,0.448,0.436,0.439,7404418.1
2026-01-19 12:00:00+00:00,0.439,0.444,0.435,0.441,6172686.9
2026-01-19 18:00:00+00:00,0.442,0.449,0.435,0.438,4611627.8
2026-01-20 00:00:00+00:00,0.438,0.442,0.433,0.434,4105988.9
2026-01-20 06:00:00+00:00,0.435,0.436,0.421,0.422,4981860.5
2026-01-20 12:00:00+00:00,0.421,0.429,0.415,0.418,6730427.8
2026-01-20 18:00:00+00:00,0.417,0.419,0.406,0.412,3973083.9
2026-01-21 00:00:00+00:00,0.412,0.437,0.411,0.427,5097097.9
2026-01-21 06:00:00+00:00,0.428,0.43,0.42,0.421,3072462.5
2026-01-21 12:00:00+00:00,0.421,0.437,0.414,0.42,9940630.3
2026-01-21 18:00:00+00:00,0.42,0.44,0.418,0.428,7513749.3
2026-01-22 00:00:00+00:00,0.428,0.441,0.427,0.435,3786640.1
2026-01-22 06:00:00+00:00,0.435,0.436,0.424,0.424,3139177.9
2026-01-22 12:00:00+00:00,0.425,0.427,0.414,0.422,6228142.2
2026-01-22 18:00:00+00:00,0.423,0.425,0.413,0.416,4090049.0
2026-01-23 00:00:00+00:00,0.415,0.427,0.414,0.426,2616578.3
2026-01-23 06:00:00+00:00,0.426,0.431,0.416,0.42,4406001.1
2026-01-23 12:00:00+00:00,0.42,0.437,0.412,0.431,7451127.3
2026-01-23 18:00:00+00:00,0.431,0.434,0.417,0.422,3970941.3
2026-01-24 00:00:00+00:00,0.423,0.428,0.42,0.423,2113590.4
2026-01-24 06:00:00+00:00,0.423,0.424,0.42,0.422,1031612.8
2026-01-24 12:00:00+00:00,0.423,0.424,0.413,0.418,2285467.8
2026-01-24 18:00:00+00:00,0.419,0.419,0.414,0.416,1354785.8
2026-01-25 00:00:00+00:00,0.416,0.42,0.411,0.415,1619123.2
2026-01-25 06:00:00+00:00,0.416,0.418,0.411,0.414,1356255.7
2026-01-25 12:00:00+00:00,0.414,0.415,0.402,0.404,2695358.5
2026-01-25 18:00:00+00:00,0.404,0.406,0.384,0.397,4200337.9
2026-01-26 00:00:00+00:00,0.397,0.408,0.395,0.405,2775017.1
2026-01-26 06:00:00+00:00,0.404,0.413,0.402,0.405,2327554.9
2026-01-26 12:00:00+00:00,0.405,0.416,0.403,0.414,3206991.3
2026-01-26 18:00:00+00:00,0.415,0.419,0.411,0.413,4831851.7
2026-01-27 00:00:00+00:00,0.414,0.416,0.411,0.413,1400370.7
2026-01-27 06:00:00+00:00,0.413,0.415,0.41,0.41,1971882.8
2026-01-27 12:00:00+00:00,0.41,0.417,0.403,0.407,4166242.7
2026-01-27 18:00:00+00:00,0.407,0.422,0.405,0.42,3836316.2
2026-01-28 00:00:00+00:00,0.421,0.423,0.413,0.416,2539026.1
2026-01-28 06:00:00+00:00,0.416,0.418,0.411,0.418,3411593.0
2026-01-28 12:00:00+00:00,0.417,0.417,0.407,0.413,4695385.7
2026-01-28 18:00:00+00:00,0.413,0.422,0.409,0.418,5902756.9
2026-01-29 00:00:00+00:00,0.419,0.42,0.404,0.406,4669373.3
2026-01-29 06:00:00+00:00,0.407,0.412,0.4,0.401,4248979.7
2026-01-29 12:00:00+00:00,0.402,0.406,0.377,0.385,10882037.7
2026-01-29 18:00:00+00:00,0.386,0.392,0.376,0.388,6125728.1
2026-01-30 00:00:00+00:00,0.388,0.391,0.372,0.377,9961873.3
2026-01-30 06:00:00+00:00,0.376,0.391,0.372,0.389,5949524.5
2026-01-30 12:00:00+00:00,0.389,0.402,0.38,0.394,14231714.1
2026-01-30 18:00:00+00:00,0.393,0.41,0.387,0.401,10878931.3
2026-01-31 00:00:00+00:00,0.4,0.403,0.397,0.4,4255000.3
2026-01-31 06:00:00+00:00,0.401,0.402,0.375,0.377,6937689.5
2026-01-31 12:00:00+00:00,0.377,0.38,0.341,0.345,29324228.6
2026-01-31 18:00:00+00:00,0.345,0.361,0.325,0.357,27326384.0
2026-02-01 00:00:00+00:00,0.358,0.361,0.352,0.356,5228156.6
2026-02-01 06:00:00+00:00,0.355,0.366,0.354,0.361,4591984.6
2026-02-01 12:00:00+00:00,0.361,0.364,0.342,0.346,11064925.4
2026-02-01 18:00:00+00:00,0.346,0.354,0.328,0.334,19526052.1
2026-02-02 00:00:00+00:00,0.335,0.347,0.322,0.331,23740071.3
2026-02-02 06:00:00+00:00,0.331,0.344,0.326,0.34,15348722.2
2026-02-02 12:00:00+00:00,0.341,0.358,0.34,0.354,9810814.3
2026-02-02 18:00:00+00:00,0.354,0.357,0.351,0.355,4560890.3
2026-02-03 00:00:00+00:00,0.354,0.356,0.342,0.349,8009174.8
2026-02-03 06:00:00+00:00,0.348,0.354,0.342,0.343,11609249.7
2026-02-03 12:00:00+00:00,0.344,0.353,0.334,0.334,19221663.9
2026-02-03 18:00:00+00:00,0.334,0.359,0.327,0.341,24784062.6
2026-02-04 00:00:00+00:00,0.341,0.349,0.339,0.34,6055698.4
2026-02-04 06:00:00+00:00,0.34,0.342,0.331,0.334,5913574.6
2026-02-04 12:00:00+00:00,0.334,0.335,0.313,0.321,20071738.7
2026-02-04 18:00:00+00:00,0.321,0.337,0.317,0.327,11241907.3
2026-02-05 00:00:00+00:00,0.327,0.333,0.316,0.319,10360264.9
2026-02-05 06:00:00+00:00,0.32,0.324,0.307,0.313,10245409.6
2026-02-05 12:00:00+00:00,0.312,0.317,0.287,0.291,32549564.0
2026-02-05 18:00:00+00:00,0.291,0.296,0.27,0.278,32600543.2
2026-02-06 00:00:00+00:00,0.279,0.291,0.245,0.282,49909745.0
2026-02-06 06:00:00+00:00,0.282,0.287,0.27,0.284,15484086.7
2026-02-06 12:00:00+00:00,0.284,0.306,0.281,0.302,22714996.3
2026-02-06 18:00:00+00:00,0.302,0.305,0.294,0.299,12946032.4
2026-02-07 00:00:00+00:00,0.3,0.307,0.294,0.302,8555678.0
2026-02-07 06:00:00+00:00,0.301,0.305,0.29,0.293,9334935.7
2026-02-07 12:00:00+00:00,0.292,0.309,0.292,0.299,19051732.2
2026-02-07 18:00:00+00:00,0.299,0.304,0.292,0.294,4879532.2
2026-02-08 00:00:00+00:00,0.294,0.298,0.292,0.293,3881432.2
2026-02-08 06:00:00+00:00,0.294,0.296,0.288,0.292,5677045.5
2026-02-08 12:00:00+00:00,0.293,0.295,0.284,0.287,6601057.6
2026-02-08 18:00:00+00:00,0.287,0.297,0.286,0.288,5886553.9
2026-02-09 00:00:00+00:00,0.288,0.295,0.284,0.294,7361114.6
2026-02-09 06:00:00+00:00,0.294,0.294,0.281,0.282,7256236.1
2026-02-09 12:00:00+00:00,0.281,0.296,0.28,0.295,11279849.1
2026-02-09 18:00:00+00:00,0.295,0.298,0.289,0.29,8035134.9
2026-02-10 00:00:00+00:00,0.291,0.293,0.279,0.28,5893354.6
2026-02-10 06:00:00+00:00,0.28,0.286,0.276,0.283,8706527.2
2026-02-10 12:00:00+00:00,0.283,0.293,0.283,0.289,14660156.9
2026-02-10 18:00:00+00:00,0.289,0.29,0.279,0.283,5910717.4
2026-02-11 00:00:00+00:00,0.283,0.286,0.276,0.277,6988955.3
2026-02-11 06:00:00+00:00,0.277,0.278,0.269,0.272,8629197.3
2026-02-11 12:00:00+00:00,0.273,0.287,0.27,0.274,22468411.6
2026-02-11 18:00:00+00:00,0.274,0.286,0.272,0.28,13504564.1
2026-02-12 00:00:00+00:00,0.281,0.285,0.277,0.283,4716081.3
2026-02-12 06:00:00+00:00,0.284,0.289,0.283,0.287,6695316.3
2026-02-12 12:00:00+00:00,0.287,0.292,0.281,0.281,20800880.3
2026-02-12 18:00:00+00:00,0.281,0.291,0.28,0.287,8632955.6
2026-02-13 00:00:00+00:00,0.287,0.289,0.281,0.281,7993216.1
2026-02-13 06:00:00+00:00,0.281,0.289,0.28,0.288,6458353.6
2026-02-13 12:00:00+00:00,0.288,0.302,0.285,0.298,15958293.2
2026-02-13 18:00:00+00:00,0.298,0.302,0.296,0.3,5711359.7
2026-02-14 00:00:00+00:00,0.3,0.303,0.295,0.296,5707677.1
2026-02-14 06:00:00+00:00,0.295,0.304,0.295,0.303,4553359.0
2026-02-14 12:00:00+00:00,0.302,0.31,0.3,0.307,5178001.6
2026-02-14 18:00:00+00:00,0.307,0.315,0.307,0.311,7005993.5
2026-02-15 00:00:00+00:00,0.311,0.313,0.303,0.311,7606074.0
2026-02-15 06:00:00+00:00,0.31,0.312,0.302,0.303,4356626.7
2026-02-15 12:00:00+00:00,0.304,0.304,0.285,0.288,9664012.6
2026-02-15 18:00:00+00:00,0.288,0.291,0.284,0.289,6272842.1
2026-02-16 00:00:00+00:00,0.289,0.296,0.289,0.291,8267973.6
2026-02-16 06:00:00+00:00,0.291,0.296,0.29,0.295,4915622.2
2026-02-16 12:00:00+00:00,0.295,0.308,0.289,0.292,16315916.2
2026-02-16 18:00:00+00:00,0.292,0.299,0.291,0.296,6100534.9
2026-02-17 00:00:00+00:00,0.296,0.298,0.291,0.293,5099531.4
2026-02-17 06:00:00+00:00,0.293,0.296,0.289,0.293,4913281.9
2026-02-17 12:00:00+00:00,0.294,0.301,0.287,0.294,12283818.9
2026-02-17 18:00:00+00:00,0.294,0.3,0.293,0.297,5932121.2
2026-02-18 00:00:00+00:00,0.296,0.302,0.294,0.299,4677503.4
2026-02-18 06:00:00+00:00,0.3,0.325,0.299,0.319,41982551.7
2026-02-18 12:00:00+00:00,0.32,0.328,0.302,0.303,24698400.1
2026-02-18 18:00:00+00:00,0.304,0.305,0.294,0.296,14937775.5
2026-02-19 00:00:00+00:00,0.296,0.31,0.293,0.309,8898379.0
2026-02-19 06:00:00+00:00,0.309,0.318,0.3,0.307,16002516.8
2026-02-19 12:00:00+00:00,0.308,0.35,0.301,0.339,130728190.1
2026-02-19 18:00:00+00:00,0.339,0.348,0.322,0.342,45112070.9
2026-02-20 00:00:00+00:00,0.342,0.38,0.328,0.372,84521427.1
2026-02-20 06:00:00+00:00,0.371,0.398,0.356,0.381,129405949.1
2026-02-20 12:00:00+00:00,0.381,0.385,0.356,0.373,56510988.4
2026-02-20 18:00:00+00:00,0.372,0.416,0.368,0.391,50630945.6
2026-02-21 00:00:00+00:00,0.392,0.4,0.373,0.381,46792807.8
2026-02-21 06:00:00+00:00,0.381,0.401,0.379,0.388,28468719.7
2026-02-21 12:00:00+00:00,0.388,0.424,0.383,0.405,71872618.8
2026-02-21 18:00:00+00:00,0.404,0.441,0.402,0.415,66412281.0
2026-02-22 00:00:00+00:00,0.415,0.418,0.391,0.413,29074877.7
2026-02-22 06:00:00+00:00,0.414,0.438,0.4,0.403,51037721.3
2026-02-22 12:00:00+00:00,0.402,0.419,0.392,0.403,28952396.8
2026-02-22 18:00:00+00:00,0.402,0.433,0.402,0.428,23613717.2
2026-02-23 00:00:00+00:00,0.429,0.441,0.402,0.407,38459461.6
2026-02-23 06:00:00+00:00,0.408,0.426,0.403,0.411,32674919.2
2026-02-23 12:00:00+00:00,0.411,0.413,0.391,0.397,26768349.5
2026-02-23 18:00:00+00:00,0.397,0.4,0.372,0.373,20944516.0
2026-02-24 00:00:00+00:00,0.372,0.38,0.353,0.358,20541394.2
2026-02-24 06:00:00+00:00,0.358,0.359,0.335,0.345,23878422.1
2026-02-24 12:00:00+00:00,0.345,0.375,0.342,0.367,30575140.7
2026-02-24 18:00:00+00:00,0.368,0.391,0.352,0.361,26993802.4
2026-02-25 00:00:00+00:00,0.361,0.379,0.358,0.359,23403899.7
2026-02-25 06:00:00+00:00,0.359,0.369,0.356,0.367,13632159.7
2026-02-25 12:00:00+00:00,0.367,0.387,0.364,0.376,21849640.6
2026-02-25 18:00:00+00:00,0.376,0.38,0.361,0.364,11015495.6
2026-02-26 00:00:00+00:00,0.364,0.37,0.361,0.363,9015241.1
2026-02-26 06:00:00+00:00,0.363,0.374,0.359,0.363,9486550.9
2026-02-26 12:00:00+00:00,0.364,0.365,0.343,0.346,15353237.8
2026-02-26 18:00:00+00:00,0.346,0.35,0.339,0.342,8125008.2
2026-02-27 00:00:00+00:00,0.343,0.355,0.34,0.349,8760407.7
2026-02-27 06:00:00+00:00,0.35,0.352,0.339,0.339,8483909.9
2026-02-27 12:00:00+00:00,0.339,0.342,0.329,0.334,11150468.5
2026-02-27 18:00:00+00:00,0.334,0.334,0.322,0.328,6176109.1
2026-02-28 00:00:00+00:00,0.328,0.333,0.327,0.331,4009012.8
2026-02-28 06:00:00+00:00,0.332,0.333,0.311,0.311,14187869.0
2026-02-28 12:00:00+00:00,0.312,0.321,0.306,0.309,9592109.2
2026-02-28 18:00:00+00:00,0.31,0.324,0.308,0.321,7171061.9
2026-03-01 00:00:00+00:00,0.321,0.331,0.313,0.327,8119957.4
2026-03-01 06:00:00+00:00,0.327,0.328,0.316,0.321,5684935.8
2026-03-01 12:00:00+00:00,0.321,0.323,0.311,0.313,7532069.4
2026-03-01 18:00:00+00:00,0.312,0.317,0.303,0.31,7152050.0
2026-03-02 00:00:00+00:00,0.31,0.317,0.31,0.31,6431735.4
2026-03-02 06:00:00+00:00,0.31,0.312,0.304,0.309,7253678.3
2026-03-02 12:00:00+00:00,0.309,0.328,0.303,0.322,18780460.0
2026-03-02 18:00:00+00:00,0.323,0.324,0.308,0.31,8027339.4
2026-03-03 00:00:00+00:00,0.309,0.312,0.304,0.309,9046685.3
2026-03-03 06:00:00+00:00,0.309,0.313,0.298,0.301,10040952.3
2026-03-03 12:00:00+00:00,0.301,0.315,0.298,0.308,16878353.1
2026-03-03 18:00:00+00:00,0.308,0.313,0.303,0.311,6979968.7
2026-03-04 00:00:00+00:00,0.31,0.313,0.307,0.313,9488387.8
2026-03-04 06:00:00+00:00,0.312,0.344,0.31,0.331,25815975.8
2026-03-04 12:00:00+00:00,0.331,0.352,0.329,0.339,22155252.8
2026-03-04 18:00:00+00:00,0.338,0.343,0.327,0.331,10402760.0
2026-03-05 00:00:00+00:00,0.33,0.335,0.328,0.329,7257665.6
2026-03-05 06:00:00+00:00,0.329,0.337,0.328,0.331,9146920.0
2026-03-05 12:00:00+00:00,0.332,0.336,0.323,0.325,14573619.1
2026-03-05 18:00:00+00:00,0.325,0.334,0.324,0.329,7099381.7
2026-03-06 00:00:00+00:00,0.328,0.336,0.325,0.329,7748259.1
2026-03-06 06:00:00+00:00,0.329,0.331,0.319,0.32,6188047.5
2026-03-06 12:00:00+00:00,0.319,0.324,0.312,0.313,11134991.7
2026-03-06 18:00:00+00:00,0.314,0.32,0.313,0.32,3212777.2
2026-03-07 00:00:00+00:00,0.32,0.324,0.318,0.32,2990130.0
2026-03-07 06:00:00+00:00,0.319,0.32,0.313,0.314,3483295.4
2026-03-07 12:00:00+00:00,0.314,0.316,0.31,0.312,4610023.2
2026-03-07 18:00:00+00:00,0.313,0.315,0.306,0.308,4084277.1
2026-03-08 00:00:00+00:00,0.307,0.309,0.3,0.305,4637008.9
2026-03-08 06:00:00+00:00,0.305,0.312,0.304,0.307,5218634.0
2026-03-08 12:00:00+00:00,0.307,0.31,0.298,0.302,5699011.8
2026-03-08 18:00:00+00:00,0.303,0.307,0.296,0.302,8028043.5
2026-03-09 00:00:00+00:00,0.302,0.325,0.301,0.321,11866613.7
2026-03-09 06:00:00+00:00,0.322,0.322,0.309,0.312,8661178.8
2026-03-09 12:00:00+00:00,0.313,0.322,0.312,0.319,10199381.9
2026-03-09 18:00:00+00:00,0.318,0.329,0.31,0.31,8381075.9
2026-03-10 00:00:00+00:00,0.31,0.317,0.308,0.314,8927308.1
2026-03-10 06:00:00+00:00,0.313,0.319,0.311,0.315,6232036.1
2026-03-10 12:00:00+00:00,0.314,0.322,0.309,0.317,8737880.0
2026-03-10 18:00:00+00:00,0.316,0.317,0.31,0.312,5004334.1
2026-03-11 00:00:00+00:00,0.312,0.314,0.306,0.307,4587776.6
2026-03-11 06:00:00+00:00,0.307,0.313,0.305,0.306,4867369.9
2026-03-11 12:00:00+00:00,0.306,0.319,0.306,0.311,7772610.8
2026-03-11 18:00:00+00:00,0.311,0.32,0.311,0.319,3915183.8
2026-03-12 00:00:00+00:00,0.318,0.321,0.313,0.314,4763173.1
2026-03-12 06:00:00+00:00,0.314,0.321,0.313,0.317,4320145.6
2026-03-12 12:00:00+00:00,0.316,0.321,0.31,0.311,8955611.8
2026-03-12 18:00:00+00:00,0.312,0.315,0.309,0.313,3818281.5
2026-03-13 00:00:00+00:00,0.313,0.326,0.312,0.319,5391792.3
2026-03-13 06:00:00+00:00,0.319,0.32,0.316,0.32,5666119.1
2026-03-13 12:00:00+00:00,0.32,0.326,0.315,0.315,13253465.9
2026-03-13 18:00:00+00:00,0.316,0.318,0.311,0.313,3908157.9
2026-03-14 00:00:00+00:00,0.312,0.315,0.31,0.312,3295726.9
2026-03-14 06:00:00+00:00,0.311,0.312,0.306,0.308,3733844.2
2026-03-14 12:00:00+00:00,0.308,0.311,0.305,0.308,4537591.7
2026-03-14 18:00:00+00:00,0.308,0.309,0.303,0.307,4569449.1
2026-03-15 00:00:00+00:00,0.306,0.317,0.305,0.314,7613759.0
2026-03-15 06:00:00+00:00,0.313,0.325,0.312,0.322,10194327.4
2026-03-15 12:00:00+00:00,0.322,0.329,0.315,0.318,11901431.2
2026-03-15 18:00:00+00:00,0.318,0.324,0.315,0.32,7365085.5
2026-03-16 00:00:00+00:00,0.32,0.327,0.317,0.326,7267489.0
2026-03-16 06:00:00+00:00,0.326,0.326,0.319,0.322,5334517.6
2026-03-16 12:00:00+00:00,0.322,0.328,0.318,0.328,10081015.9
2026-03-16 18:00:00+00:00,0.328,0.335,0.325,0.33,8278249.2
2026-03-17 00:00:00+00:00,0.33,0.333,0.321,0.324,7392406.3
2026-03-17 06:00:00+00:00,0.324,0.334,0.322,0.333,6542484.6
2026-03-17 12:00:00+00:00,0.333,0.334,0.321,0.325,8838642.3
2026-03-17 18:00:00+00:00,0.324,0.33,0.32,0.322,4340936.0
2026-03-18 00:00:00+00:00,0.321,0.329,0.32,0.328,4589443.3
2026-03-18 06:00:00+00:00,0.327,0.332,0.316,0.316,7304893.3
2026-03-18 12:00:00+00:00,0.316,0.317,0.304,0.31,11964759.2
2026-03-18 18:00:00+00:00,0.31,0.314,0.304,0.313,3915878.1
2026-03-19 00:00:00+00:00,0.312,0.314,0.306,0.307,4529142.0
2026-03-19 06:00:00+00:00,0.307,0.312,0.304,0.306,3691851.8
2026-03-19 12:00:00+00:00,0.307,0.31,0.301,0.305,6243732.2
2026-03-19 18:00:00+00:00,0.305,0.334,0.305,0.33,17319379.8
2026-03-20 00:00:00+00:00,0.329,0.332,0.324,0.325,10455461.3
2026-03-20 06:00:00+00:00,0.325,0.334,0.322,0.325,8567213.4
2026-03-20 12:00:00+00:00,0.326,0.329,0.316,0.318,8153983.4
2026-03-20 18:00:00+00:00,0.318,0.324,0.312,0.319,4945468.8
2026-03-21 00:00:00+00:00,0.319,0.32,0.313,0.316,3313362.4
2026-03-21 06:00:00+00:00,0.315,0.315,0.309,0.311,2586878.4
2026-03-21 12:00:00+00:00,0.31,0.312,0.308,0.309,3798378.2
2026-03-21 18:00:00+00:00,0.309,0.31,0.298,0.3,4754719.2
2026-03-22 00:00:00+00:00,0.3,0.306,0.294,0.302,10177084.7
2026-03-22 06:00:00+00:00,0.302,0.304,0.295,0.295,4271342.5
2026-03-22 12:00:00+00:00,0.295,0.299,0.289,0.29,4383837.3
2026-03-22 18:00:00+00:00,0.29,0.292,0.283,0.284,6206602.9
2026-03-23 00:00:00+00:00,0.285,0.29,0.283,0.285,6509492.2
2026-03-23 06:00:00+00:00,0.286,0.302,0.282,0.298,11616598.5
2026-03-23 12:00:00+00:00,0.299,0.302,0.291,0.298,6728910.5
2026-03-23 18:00:00+00:00,0.298,0.304,0.296,0.303,4906728.1
2026-03-24 00:00:00+00:00,0.303,0.306,0.296,0.301,8026231.6
2026-03-24 06:00:00+00:00,0.3,0.303,0.296,0.299,6017512.0
2026-03-24 12:00:00+00:00,0.3,0.3,0.292,0.294,6039405.7
2026-03-24 18:00:00+00:00,0.294,0.303,0.292,0.299,5975693.9
2026-03-25 00:00:00+00:00,0.299,0.304,0.298,0.299,3404784.3
2026-03-25 06:00:00+00:00,0.299,0.302,0.298,0.3,4007277.9
2026-03-25 12:00:00+00:00,0.299,0.303,0.298,0.3,6050694.0
2026-03-25 18:00:00+00:00,0.299,0.302,0.296,0.299,3838295.4
2026-03-26 00:00:00+00:00,0.299,0.302,0.292,0.293,5004473.3
2026-03-26 06:00:00+00:00,0.292,0.297,0.289,0.29,9401801.1
2026-03-26 12:00:00+00:00,0.29,0.293,0.284,0.285,8429662.5
2026-03-26 18:00:00+00:00,0.285,0.291,0.283,0.285,7332498.2
2026-03-27 00:00:00+00:00,0.285,0.295,0.285,0.294,4795616.6
2026-03-27 06:00:00+00:00,0.293,0.295,0.281,0.284,11844014.5
2026-03-27 12:00:00+00:00,0.284,0.284,0.276,0.277,10655272.7
2026-03-27 18:00:00+00:00,0.277,0.279,0.273,0.277,5119770.0
2026-03-28 00:00:00+00:00,0.276,0.28,0.271,0.279,7310488.5
2026-03-28 06:00:00+00:00,0.279,0.282,0.278,0.28,2584179.2
2026-03-28 12:00:00+00:00,0.28,0.287,0.279,0.281,4850350.5
2026-03-28 18:00:00+00:00,0.281,0.283,0.275,0.276,3623070.1
2026-03-29 00:00:00+00:00,0.276,0.279,0.275,0.277,4202218.2
2026-03-29 06:00:00+00:00,0.277,0.278,0.273,0.276,3726212.4
2026-03-29 12:00:00+00:00,0.276,0.281,0.272,0.276,5583168.7
2026-03-29 18:00:00+00:00,0.276,0.278,0.267,0.274,6444026.3
2026-03-30 00:00:00+00:00,0.274,0.281,0.273,0.277,6272151.4
2026-03-30 06:00:00+00:00,0.277,0.285,0.277,0.283,5192496.4
2026-03-30 12:00:00+00:00,0.283,0.284,0.277,0.279,5174119.8
2026-03-30 18:00:00+00:00,0.28,0.28,0.273,0.276,6675272.4
2026-03-31 00:00:00+00:00,0.275,0.282,0.275,0.276,4945539.5
2026-03-31 06:00:00+00:00,0.277,0.28,0.275,0.278,5728875.2
2026-03-31 12:00:00+00:00,0.278,0.29,0.277,0.286,8593365.4
2026-03-31 18:00:00+00:00,0.285,0.289,0.284,0.288,3810674.9
2026-04-01 00:00:00+00:00,0.288,0.295,0.286,0.291,7424048.0
2026-04-01 06:00:00+00:00,0.292,0.295,0.285,0.285,4694592.1
2026-04-01 12:00:00+00:00,0.286,0.291,0.285,0.286,6516957.0
2026-04-01 18:00:00+00:00,0.286,0.287,0.28,0.28,3318029.2
2026-04-02 00:00:00+00:00,0.28,0.284,0.271,0.277,9316992.2
2026-04-02 06:00:00+00:00,0.278,0.281,0.274,0.276,4616478.9
2026-04-02 12:00:00+00:00,0.277,0.28,0.273,0.275,7676088.0
2026-04-02 18:00:00+00:00,0.275,0.279,0.274,0.278,2425048.4
2026-04-03 00:00:00+00:00,0.278,0.28,0.274,0.277,6047972.2
2026-04-03 06:00:00+00:00,0.278,0.285,0.275,0.282,6011103.6
2026-04-03 12:00:00+00:00,0.282,0.284,0.276,0.278,4301527.4
2026-04-03 18:00:00+00:00,0.278,0.28,0.277,0.278,2893201.8
2026-04-04 00:00:00+00:00,0.278,0.279,0.275,0.277,2306061.8
2026-04-04 06:00:00+00:00,0.276,0.278,0.275,0.277,2232522.8
2026-04-04 12:00:00+00:00,0.278,0.28,0.273,0.279,3413286.9
2026-04-04 18:00:00+00:00,0.279,0.282,0.278,0.279,1902758.2
2026-04-05 00:00:00+00:00,0.28,0.28,0.274,0.274,2157176.6
2026-04-05 06:00:00+00:00,0.274,0.281,0.271,0.28,4833602.0
2026-04-05 12:00:00+00:00,0.28,0.282,0.272,0.279,10647715.5
2026-04-05 18:00:00+00:00,0.279,0.296,0.277,0.286,34583344.8
2026-04-06 00:00:00+00:00,0.286,0.29,0.284,0.289,6126268.8
2026-04-06 06:00:00+00:00,0.29,0.291,0.286,0.289,6854392.7
2026-04-06 12:00:00+00:00,0.289,0.315,0.288,0.298,34296631.4
2026-04-06 18:00:00+00:00,0.297,0.299,0.286,0.291,7581956.4
2026-04-07 00:00:00+00:00,0.29,0.297,0.288,0.291,7078115.9
2026-04-07 06:00:00+00:00,0.292,0.292,0.284,0.285,7441563.4
2026-04-07 12:00:00+00:00,0.285,0.29,0.282,0.29,5593819.0
2026-04-07 18:00:00+00:00,0.29,0.303,0.286,0.302,14553770.9
2026-04-08 00:00:00+00:00,0.302,0.302,0.298,0.3,4793927.4
2026-04-08 06:00:00+00:00,0.301,0.302,0.298,0.299,4249939.9
2026-04-08 12:00:00+00:00,0.3,0.301,0.293,0.293,7738054.5
2026-04-08 18:00:00+00:00,0.294,0.295,0.287,0.287,4961487.1
2026-04-09 00:00:00+00:00,0.287,0.29,0.286,0.287,7709465.8
2026-04-09 06:00:00+00:00,0.286,0.292,0.286,0.291,3588297.4
2026-04-09 12:00:00+00:00,0.291,0.3,0.287,0.298,8641621.3
2026-04-09 18:00:00+00:00,0.298,0.301,0.293,0.293,4798638.0
2026-04-10 00:00:00+00:00,0.293,0.295,0.291,0.293,4324593.1
2026-04-10 06:00:00+00:00,0.293,0.294,0.288,0.292,3378570.3
2026-04-10 12:00:00+00:00,0.292,0.3,0.291,0.295,5544302.2
2026-04-10 18:00:00+00:00,0.294,0.298,0.293,0.293,2162222.9
2026-04-11 00:00:00+00:00,0.294,0.295,0.289,0.292,2806565.2
2026-04-11 06:00:00+00:00,0.291,0.292,0.288,0.289,1592087.1
2026-04-11 12:00:00+00:00,0.289,0.292,0.286,0.291,3439475.8
2026-04-11 18:00:00+00:00,0.29,0.296,0.289,0.29,3635932.9
2026-04-12 00:00:00+00:00,0.29,0.292,0.281,0.283,4696306.8
2026-04-12 06:00:00+00:00,0.283,0.289,0.282,0.284,2942693.8
2026-04-12 12:00:00+00:00,0.284,0.286,0.28,0.286,4279771.1
2026-04-12 18:00:00+00:00,0.285,0.286,0.279,0.28,3522006.7
2026-04-13 00:00:00+00:00,0.28,0.284,0.279,0.281,2776296.4
2026-04-13 06:00:00+00:00,0.28,0.286,0.278,0.282,4766332.9
2026-04-13 12:00:00+00:00,0.282,0.288,0.281,0.283,8966043.3
2026-04-13 18:00:00+00:00,0.283,0.296,0.281,0.294,6578194.1
2026-04-14 00:00:00+00:00,0.294,0.296,0.289,0.292,6030357.6
2026-04-14 06:00:00+00:00,0.292,0.294,0.29,0.292,4293447.9
2026-04-14 12:00:00+00:00,0.291,0.293,0.286,0.287,9908183.6
2026-04-14 18:00:00+00:00,0.287,0.288,0.281,0.288,5144577.0
2026-04-15 00:00:00+00:00,0.287,0.294,0.286,0.291,8276553.5
2026-04-15 06:00:00+00:00,0.292,0.295,0.289,0.293,7184234.1
2026-04-15 12:00:00+00:00,0.293,0.296,0.289,0.295,8607329.7
2026-04-15 18:00:00+00:00,0.295,0.297,0.292,0.294,4484337.0
2026-04-16 00:00:00+00:00,0.293,0.301,0.292,0.297,6247456.1
2026-04-16 06:00:00+00:00,0.297,0.301,0.295,0.3,7763434.5
2026-04-16 12:00:00+00:00,0.3,0.305,0.295,0.3,17028334.1
2026-04-16 18:00:00+00:00,0.3,0.31,0.3,0.309,6937199.2
2026-04-17 00:00:00+00:00,0.308,0.309,0.295,0.297,9031879.5
2026-04-17 06:00:00+00:00,0.297,0.31,0.296,0.308,8446723.6
2026-04-17 12:00:00+00:00,0.307,0.315,0.307,0.311,11616358.0
2026-04-17 18:00:00+00:00,0.311,0.312,0.306,0.307,6450277.9
2026-04-18 00:00:00+00:00,0.306,0.31,0.304,0.31,4747880.7
2026-04-18 06:00:00+00:00,0.309,0.314,0.299,0.303,8785632.9
2026-04-18 12:00:00+00:00,0.302,0.307,0.299,0.302,6917866.6
2026-04-18 18:00:00+00:00,0.302,0.302,0.296,0.297,5255102.6
2026-04-19 00:00:00+00:00,0.296,0.298,0.292,0.292,6579621.4
2026-04-19 06:00:00+00:00,0.292,0.295,0.288,0.292,6106969.7
2026-04-19 12:00:00+00:00,0.292,0.296,0.288,0.289,5995305.2
2026-04-19 18:00:00+00:00,0.289,0.292,0.282,0.285,8573957.9
2026-04-20 00:00:00+00:00,0.284,0.289,0.284,0.285,4423556.2
2026-04-20 06:00:00+00:00,0.284,0.292,0.284,0.288,5998053.8
2026-04-20 12:00:00+00:00,0.288,0.302,0.288,0.299,10062674.8
2026-04-20 18:00:00+00:00,0.299,0.302,0.291,0.293,5438692.2
2026-04-21 00:00:00+00:00,0.292,0.295,0.288,0.294,3376273.9
2026-04-21 06:00:00+00:00,0.294,0.295,0.292,0.293,3332557.8
2026-04-21 12:00:00+00:00,0.292,0.294,0.287,0.288,7132437.2
2026-04-21 18:00:00+00:00,0.289,0.292,0.286,0.291,3916747.9
2026-04-22 00:00:00+00:00,0.292,0.302,0.29,0.299,4972678.9
2026-04-22 06:00:00+00:00,0.3,0.3017,0.2983,0.2992,4159183.7
2026-04-22 12:00:00+00:00,0.2993,0.3014,0.2976,0.301,3412745.7
2026-04-22 18:00:00+00:00,0.3011,0.3021,0.296,0.2964,3421049.5
2026-04-23 00:00:00+00:00,0.2965,0.2977,0.2921,0.2943,5353386.3
2026-04-23 06:00:00+00:00,0.2943,0.2965,0.2912,0.2933,3395654.3
2026-04-23 12:00:00+00:00,0.2933,0.2998,0.2928,0.2956,4317549.5
2026-04-23 18:00:00+00:00,0.2956,0.301,0.2934,0.3006,3158046.9
2026-04-24 00:00:00+00:00,0.3006,0.3023,0.2983,0.3009,3916108.6
2026-04-24 06:00:00+00:00,0.301,0.3043,0.2995,0.3042,3675576.8
2026-04-24 12:00:00+00:00,0.3041,0.3059,0.3006,0.3035,3291079.8
2026-04-24 18:00:00+00:00,0.3036,0.3069,0.3023,0.3041,2871930.3
2026-04-25 00:00:00+00:00,0.304,0.3099,0.303,0.3094,2605677.5
2026-04-25 06:00:00+00:00,0.3095,0.3109,0.3066,0.3071,2364428.9
2026-04-25 12:00:00+00:00,0.3072,0.3072,0.2996,0.3001,2431542.9
2026-04-25 18:00:00+00:00,0.3,0.3019,0.2989,0.3018,1515595.3
2026-04-26 00:00:00+00:00,0.3018,0.3036,0.2967,0.3029,2667944.2
2026-04-26 06:00:00+00:00,0.303,0.3139,0.3013,0.3128,4791625.6
2026-04-26 12:00:00+00:00,0.3128,0.3207,0.3099,0.3152,8680449.3
2026-04-26 18:00:00+00:00,0.3152,0.3269,0.3132,0.3227,7028826.2
2026-04-27 00:00:00+00:00,0.3228,0.3482,0.3162,0.3173,29038865.2
2026-04-27 06:00:00+00:00,0.3172,0.3194,0.3093,0.3123,9568588.8
2026-04-27 12:00:00+00:00,0.3124,0.3261,0.3111,0.3133,10464566.1
2026-04-27 18:00:00+00:00,0.3132,0.3157,0.3081,0.3143,3485594.2
2026-04-28 00:00:00+00:00,0.3143,0.3172,0.3112,0.3135,2851509.1
2026-04-28 06:00:00+00:00,0.3135,0.316,0.3075,0.3088,3105672.6
2026-04-28 12:00:00+00:00,0.3088,0.3105,0.3062,0.309,2896233.6
2026-04-28 18:00:00+00:00,0.309,0.318,0.3089,0.3154,2805208.4
2026-04-29 00:00:00+00:00,0.3155,0.3243,0.3146,0.3214,3629261.3
2026-04-29 06:00:00+00:00,0.3215,0.3216,0.316,0.3173,3151370.9
2026-04-29 12:00:00+00:00,0.3174,0.3176,0.3085,0.3132,13964946.9
2026-04-29 18:00:00+00:00,0.3132,0.3135,0.3026,0.3092,5073764.4
2026-04-30 00:00:00+00:00,0.3092,0.3129,0.3071,0.3103,2773828.1
2026-04-30 06:00:00+00:00,0.3102,0.3123,0.3085,0.311,2270459.1
2026-04-30 12:00:00+00:00,0.311,0.3131,0.3042,0.3047,3800533.5
2026-04-30 18:00:00+00:00,0.3046,0.3064,0.2969,0.3013,3300627.1
2026-05-01 00:00:00+00:00,0.3013,0.3109,0.3006,0.3106,4383494.6
2026-05-01 06:00:00+00:00,0.3107,0.316,0.3089,0.3105,4322763.9
2026-05-01 12:00:00+00:00,0.3105,0.3139,0.3093,0.3116,2851363.3
2026-05-01 18:00:00+00:00,0.3115,0.3126,0.3071,0.3083,2011392.5
2026-05-02 00:00:00+00:00,0.3084,0.3114,0.3073,0.3088,1830437.2
2026-05-02 06:00:00+00:00,0.3087,0.3125,0.3084,0.3107,1506298.9
2026-05-02 12:00:00+00:00,0.3107,0.3407,0.3105,0.3304,10831123.1
2026-05-02 18:00:00+00:00,0.3304,0.3361,0.3281,0.3298,5378853.3
2026-05-03 00:00:00+00:00,0.3296,0.3305,0.3181,0.3186,3598457.5
2026-05-03 06:00:00+00:00,0.3185,0.3215,0.3149,0.3163,3199994.5
2026-05-03 12:00:00+00:00,0.3164,0.3249,0.3143,0.3213,4309697.2
2026-05-03 18:00:00+00:00,0.3214,0.3272,0.3157,0.3166,4110964.4
2026-05-04 00:00:00+00:00,0.3165,0.332,0.3157,0.3283,6702654.6
2026-05-04 06:00:00+00:00,0.3284,0.3284,0.314,0.3171,5470671.3
2026-05-04 12:00:00+00:00,0.317,0.3212,0.3143,0.3197,4335492.0
2026-05-04 18:00:00+00:00,0.3197,0.3212,0.3151,0.3154,2655001.7
2026-05-05 00:00:00+00:00,0.3155,0.3229,0.3153,0.3222,2429141.6
2026-05-05 06:00:00+00:00,0.3222,0.3248,0.3196,0.3204,3332718.5
2026-05-05 12:00:00+00:00,0.3204,0.3242,0.3178,0.3191,3182457.6
2026-05-05 18:00:00+00:00,0.319,0.3373,0.319,0.3243,8662356.4
2026-05-06 00:00:00+00:00,0.3243,0.3298,0.3213,0.3271,3182480.6
2026-05-06 06:00:00+00:00,0.3271,0.3356,0.3243,0.332,4116628.2
2026-05-06 12:00:00+00:00,0.3323,0.3324,0.322,0.3296,4723804.8
2026-05-06 18:00:00+00:00,0.3296,0.3322,0.3256,0.3304,2983400.1
2026-05-07 00:00:00+00:00,0.3304,0.3331,0.3226,0.3317,3589059.8
2026-05-07 06:00:00+00:00,0.3317,0.3374,0.3279,0.329,3739628.0
2026-05-07 12:00:00+00:00,0.3289,0.334,0.3205,0.325,4607582.8
2026-05-07 18:00:00+00:00,0.325,0.3468,0.3247,0.3452,8129098.1
2026-05-08 00:00:00+00:00,0.3453,0.3459,0.3336,0.3411,6072487.4
2026-05-08 06:00:00+00:00,0.3411,0.343,0.3353,0.3413,4736383.5
2026-05-08 12:00:00+00:00,0.3412,0.3616,0.3386,0.3545,16699853.4
2026-05-08 18:00:00+00:00,0.3547,0.3689,0.3546,0.3664,9703652.1
2026-05-09 00:00:00+00:00,0.3664,0.3755,0.3632,0.3643,5719826.2
2026-05-09 06:00:00+00:00,0.3643,0.365,0.3561,0.3596,4647676.2
2026-05-09 12:00:00+00:00,0.3596,0.3671,0.3561,0.3609,4664277.7
2026-05-09 18:00:00+00:00,0.361,0.3616,0.3552,0.356,2543629.3
2026-05-10 00:00:00+00:00,0.3559,0.3599,0.3514,0.3591,2251128.2
2026-05-10 06:00:00+00:00,0.3591,0.3639,0.3571,0.3587,1956819.3
2026-05-10 12:00:00+00:00,0.3586,0.3663,0.3571,0.3655,2158829.1
2026-05-10 18:00:00+00:00,0.3656,0.3687,0.3531,0.3634,4220619.6
2026-05-11 00:00:00+00:00,0.3635,0.3644,0.3507,0.3562,3009234.7
2026-05-11 06:00:00+00:00,0.3563,0.3574,0.3527,0.3555,2467266.2
2026-05-11 12:00:00+00:00,0.3556,0.3558,0.3475,0.3539,4057535.5
2026-05-11 18:00:00+00:00,0.3539,0.3584,0.3536,0.3556,2155104.5
2026-05-12 00:00:00+00:00,0.3556,0.3556,0.3469,0.3531,2204369.4
2026-05-12 06:00:00+00:00,0.3531,0.3537,0.3475,0.3503,2672577.0
2026-05-12 12:00:00+00:00,0.3503,0.353,0.3414,0.345,4774859.3
2026-05-12 18:00:00+00:00,0.3449,0.3489,0.3444,0.346,1837928.6
2026-05-13 00:00:00+00:00,0.346,0.3555,0.3448,0.3528,2158729.3
2026-05-13 06:00:00+00:00,0.3528,0.3577,0.3483,0.349,2004767.2
2026-05-13 12:00:00+00:00,0.3489,0.3501,0.3234,0.33,7574087.5
2026-05-13 18:00:00+00:00,0.33,0.3326,0.3264,0.3292,1983214.9
2026-05-14 00:00:00+00:00,0.3292,0.3321,0.322,0.3266,1951876.2
2026-05-14 06:00:00+00:00,0.3265,0.3305,0.3252,0.3269,1491631.8
2026-05-14 12:00:00+00:00,0.3268,0.3384,0.3268,0.3354,2605539.5
2026-05-14 18:00:00+00:00,0.3353,0.3378,0.3293,0.33,2147560.0
2026-05-15 00:00:00+00:00,0.3299,0.3335,0.3234,0.3239,1794742.2
2026-05-15 06:00:00+00:00,0.3239,0.3307,0.3235,0.3268,1620344.5
2026-05-15 12:00:00+00:00,0.3267,0.3267,0.3102,0.3182,4820253.9
2026-05-15 18:00:00+00:00,0.3182,0.3211,0.315,0.3198,1738754.1
2026-05-16 00:00:00+00:00,0.3198,0.3216,0.3145,0.3164,1387211.3
2026-05-16 06:00:00+00:00,0.3165,0.3165,0.3045,0.3079,2964548.8
2026-05-16 12:00:00+00:00,0.3079,0.3132,0.3075,0.3123,1310600.8
2026-05-16 18:00:00+00:00,0.3122,0.3128,0.3107,0.3121,952668.5
2026-05-17 00:00:00+00:00,0.312,0.3194,0.3083,0.3173,2615821.7
2026-05-17 06:00:00+00:00,0.3174,0.3197,0.3155,0.3159,1639535.3
2026-05-17 12:00:00+00:00,0.3158,0.3164,0.3112,0.3124,1708295.3
2026-05-17 18:00:00+00:00,0.3125,0.3167,0.2943,0.3066,2768082.2
2026-05-18 00:00:00+00:00,0.3066,0.3081,0.3023,0.3034,2503771.1
2026-05-18 06:00:00+00:00,0.3032,0.3057,0.2993,0.3036,2747238.7
2026-05-18 12:00:00+00:00,0.3036,0.3065,0.2981,0.3033,2457727.5
2026-05-18 18:00:00+00:00,0.3032,0.3125,0.2998,0.3107,1512992.8
2026-05-19 00:00:00+00:00,0.3108,0.3123,0.3073,0.3094,1203289.0
2026-05-19 06:00:00+00:00,0.3093,0.311,0.3057,0.306,1009832.0
2026-05-19 12:00:00+00:00,0.3059,0.3093,0.3032,0.3076,1400157.7
2026-05-19 18:00:00+00:00,0.3077,0.3084,0.3024,0.3041,1160710.2
2026-05-20 00:00:00+00:00,0.304,0.3098,0.3022,0.3092,1202021.9
2026-05-20 06:00:00+00:00,0.3093,0.3177,0.3068,0.3138,2979607.1
2026-05-20 12:00:00+00:00,0.3137,0.32,0.3117,0.3169,2838513.5
2026-05-20 18:00:00+00:00,0.3168,0.3179,0.3127,0.3142,1272655.8
2026-05-21 00:00:00+00:00,0.3143,0.317,0.3117,0.3128,1612744.6
2026-05-21 06:00:00+00:00,0.3128,0.3156,0.3089,0.3094,1548374.1
2026-05-21 12:00:00+00:00,0.3094,0.3186,0.3078,0.3178,2193250.9
2026-05-21 18:00:00+00:00,0.3178,0.3186,0.314,0.3174,1344657.0
2026-05-22 00:00:00+00:00,0.3174,0.3199,0.3145,0.3185,1222215.3
2026-05-22 06:00:00+00:00,0.3185,0.3218,0.3155,0.3194,1982312.2
2026-05-22 12:00:00+00:00,0.3194,0.3254,0.3138,0.3146,3870959.0
2026-05-22 18:00:00+00:00,0.3146,0.315,0.3001,0.3024,3399243.7
2026-05-23 00:00:00+00:00,0.3025,0.3058,0.3007,0.3021,1191169.4
2026-05-23 06:00:00+00:00,0.302,0.3025,0.2906,0.2953,3268842.4
2026-05-23 12:00:00+00:00,0.2953,0.3035,0.2948,0.3019,1666833.5
2026-05-23 18:00:00+00:00,0.302,0.315,0.3018,0.3087,1910715.1
2026-05-24 00:00:00+00:00,0.3088,0.3093,0.3043,0.3058,918689.7
2026-05-24 06:00:00+00:00,0.3058,0.308,0.3048,0.3052,1560873.8
2026-05-24 12:00:00+00:00,0.3053,0.3054,0.2974,0.3008,1925790.8
2026-05-24 18:00:00+00:00,0.3009,0.301,0.2938,0.2992,1996605.5
2026-05-25 00:00:00+00:00,0.2993,0.307,0.2993,0.3065,2117246.8
2026-05-25 06:00:00+00:00,0.3066,0.3104,0.3053,0.3089,1992798.7
2026-05-25 12:00:00+00:00,0.309,0.3264,0.308,0.3241,6056966.4
2026-05-25 18:00:00+00:00,0.3241,0.3264,0.3163,0.3186,4623679.8
2026-05-26 00:00:00+00:00,0.3187,0.3198,0.3123,0.3152,3568632.6
2026-05-26 06:00:00+00:00,0.3152,0.3196,0.3111,0.3189,2763339.3
2026-05-26 12:00:00+00:00,0.3189,0.3205,0.3117,0.3151,5138587.3
2026-05-26 18:00:00+00:00,0.315,0.3173,0.3122,0.3148,1725069.6
2026-05-27 00:00:00+00:00,0.3149,0.3219,0.3135,0.3209,2650395.6
2026-05-27 06:00:00+00:00,0.3213,0.3221,0.3126,0.313,2776194.7
2026-05-27 12:00:00+00:00,0.3131,0.3181,0.3098,0.3127,2864543.3
2026-05-27 18:00:00+00:00,0.3127,0.317,0.3044,0.3077,2455605.8
2026-05-28 00:00:00+00:00,0.3077,0.3093,0.2958,0.2973,3242786.9
2026-05-28 06:00:00+00:00,0.2972,0.2995,0.2933,0.2944,2274295.7
2026-05-28 12:00:00+00:00,0.2942,0.3137,0.2911,0.3133,3761962.7
2026-05-28 18:00:00+00:00,0.3133,0.3212,0.3061,0.3079,3985416.2
2026-05-29 00:00:00+00:00,0.3079,0.3109,0.3032,0.3064,1783563.6
2026-05-29 06:00:00+00:00,0.3065,0.3085,0.3012,0.3024,2433454.0
2026-05-29 12:00:00+00:00,0.3024,0.3128,0.2975,0.3062,5986029.0
2026-05-29 18:00:00+00:00,0.3062,0.3067,0.2972,0.299,3117115.4
2026-05-30 00:00:00+00:00,0.2989,0.3019,0.295,0.2992,3012329.0
2026-05-30 06:00:00+00:00,0.2991,0.3003,0.2971,0.2979,1395204.9
2026-05-30 12:00:00+00:00,0.298,0.2994,0.2942,0.2978,2157964.4
2026-05-30 18:00:00+00:00,0.2978,0.3009,0.295,0.296,2074260.1
2026-05-31 00:00:00+00:00,0.2961,0.301,0.2958,0.2989,1371332.5
2026-05-31 06:00:00+00:00,0.2988,0.3009,0.2968,0.2982,1629773.8
2026-05-31 12:00:00+00:00,0.2982,0.2997,0.2914,0.2943,2274916.2
2026-05-31 18:00:00+00:00,0.2944,0.2966,0.2922,0.2947,2305356.5
2026-06-01 00:00:00+00:00,0.2948,0.297,0.2892,0.2906,2791101.5
2026-06-01 06:00:00+00:00,0.2908,0.2942,0.2841,0.2859,3596336.7
2026-06-01 12:00:00+00:00,0.286,0.2924,0.2803,0.2908,3600397.0
2026-06-01 18:00:00+00:00,0.2907,0.2919,0.2857,0.2891,1575592.9
2026-06-02 00:00:00+00:00,0.2892,0.2894,0.2818,0.282,2018450.7
2026-06-02 06:00:00+00:00,0.282,0.2854,0.2811,0.284,2103549.9
2026-06-02 12:00:00+00:00,0.2839,0.2848,0.2705,0.277,4545915.5
2026-06-02 18:00:00+00:00,0.2771,0.2787,0.2632,0.2692,4454159.0
2026-06-03 00:00:00+00:00,0.2693,0.2776,0.2651,0.2773,2967650.4
2026-06-03 06:00:00+00:00,0.2771,0.2795,0.2746,0.2772,1834076.7
2026-06-03 12:00:00+00:00,0.2772,0.2805,0.271,0.2746,2651600.7
2026-06-03 18:00:00+00:00,0.2747,0.2776,0.2668,0.2713,2883751.3
2026-06-04 00:00:00+00:00,0.2713,0.2739,0.248,0.2589,6831431.8
2026-06-04 06:00:00+00:00,0.2588,0.262,0.251,0.2552,3903915.3
2026-06-04 12:00:00+00:00,0.2552,0.2647,0.2531,0.2605,3136318.2
2026-06-04 18:00:00+00:00,0.2605,0.2639,0.2525,0.2578,2271755.5
2026-06-05 00:00:00+00:00,0.2578,0.2592,0.2476,0.2482,3259616.6
2026-06-05 06:00:00+00:00,0.2483,0.2489,0.2337,0.2432,7168465.2
2026-06-05 12:00:00+00:00,0.2431,0.2459,0.2303,0.239,6075815.5
2026-06-05 18:00:00+00:00,0.239,0.2405,0.224,0.2345,5427589.6
2026-06-06 00:00:00+00:00,0.2346,0.238,0.2172,0.2283,4148810.1
2026-06-06 06:00:00+00:00,0.2284,0.2351,0.2262,0.2304,2557325.8
2026-06-06 12:00:00+00:00,0.2304,0.2366,0.2292,0.2332,2083469.1
2026-06-06 18:00:00+00:00,0.2332,0.2356,0.2312,0.2347,1239281.1
2026-06-07 00:00:00+00:00,0.2347,0.2421,0.2345,0.2397,1669548.5
2026-06-07 06:00:00+00:00,0.2397,0.2468,0.239,0.2425,1791989.1
2026-06-07 12:00:00+00:00,0.2424,0.2436,0.2376,0.2418,1443405.1
2026-06-07 18:00:00+00:00,0.2418,0.2503,0.2365,0.2454,2137244.5
2026-06-08 00:00:00+00:00,0.2454,0.2491,0.2413,0.2426,1504483.6
2026-06-08 06:00:00+00:00,0.2427,0.2506,0.2426,0.2489,2432609.1
