timestamp,open,high,low,close,volume
2022-05-29 00:00:00+00:00,0.3863,0.3871,0.3794,0.3832,54169282.0
2022-05-29 06:00:00+00:00,0.3832,0.3866,0.3823,0.386,46954202.0
2022-05-29 12:00:00+00:00,0.3861,0.3908,0.3858,0.387,52164712.0
2022-05-29 18:00:00+00:00,0.387,0.3899,0.3849,0.3891,36871026.0
2022-05-30 00:00:00+00:00,0.3891,0.4021,0.3866,0.4017,101254224.0
2022-05-30 06:00:00+00:00,0.4017,0.4057,0.3968,0.3999,86242943.0
2022-05-30 12:00:00+00:00,0.3998,0.4026,0.3948,0.401,73921085.0
2022-05-30 18:00:00+00:00,0.4009,0.4197,0.3998,0.4187,109821029.0
2022-05-31 00:00:00+00:00,0.4188,0.4342,0.4152,0.4252,131043060.0
2022-05-31 06:00:00+00:00,0.4252,0.426,0.4143,0.4218,110700629.0
2022-05-31 12:00:00+00:00,0.4218,0.4236,0.4065,0.4177,111640738.0
2022-05-31 18:00:00+00:00,0.4177,0.4257,0.4118,0.4217,68929206.0
2022-06-01 00:00:00+00:00,0.4217,0.4266,0.4152,0.4199,79752649.0
2022-06-01 06:00:00+00:00,0.4199,0.4225,0.4132,0.4161,77861269.0
2022-06-01 12:00:00+00:00,0.4162,0.4221,0.4,0.4032,149173029.0
2022-06-01 18:00:00+00:00,0.4032,0.4053,0.3887,0.398,130196881.0
2022-06-02 00:00:00+00:00,0.3981,0.3997,0.3907,0.3932,101241890.0
2022-06-02 06:00:00+00:00,0.3932,0.4002,0.3925,0.3997,85455835.0
2022-06-02 12:00:00+00:00,0.3998,0.4015,0.3921,0.3986,96665518.0
2022-06-02 18:00:00+00:00,0.3987,0.4072,0.3953,0.4055,67331871.0
2022-06-03 00:00:00+00:00,0.4054,0.4105,0.4037,0.4077,63673571.0
2022-06-03 06:00:00+00:00,0.4077,0.4084,0.3911,0.3934,89506561.0
2022-06-03 12:00:00+00:00,0.3933,0.3953,0.3843,0.3844,96434924.0
2022-06-03 18:00:00+00:00,0.3844,0.3937,0.3839,0.3904,34173548.0
2022-06-04 00:00:00+00:00,0.3903,0.3913,0.3846,0.3907,44266620.0
2022-06-04 06:00:00+00:00,0.3908,0.3927,0.3887,0.3895,35280052.0
2022-06-04 12:00:00+00:00,0.3896,0.3931,0.3869,0.3901,31169977.0
2022-06-04 18:00:00+00:00,0.3901,0.3944,0.3895,0.3925,23314857.0
2022-06-05 00:00:00+00:00,0.3925,0.3946,0.3895,0.3919,28206508.0
2022-06-05 06:00:00+00:00,0.392,0.3972,0.3908,0.3941,40986837.0
2022-06-05 12:00:00+00:00,0.3942,0.3981,0.3909,0.3976,32372977.0
2022-06-05 18:00:00+00:00,0.3977,0.3995,0.3948,0.3953,32643327.0
2022-06-06 00:00:00+00:00,0.3954,0.4048,0.394,0.4012,68092088.0
2022-06-06 06:00:00+00:00,0.4013,0.4099,0.3997,0.4043,83068733.0
2022-06-06 12:00:00+00:00,0.4043,0.4064,0.3955,0.3976,67228645.0
2022-06-06 18:00:00+00:00,0.3977,0.4041,0.396,0.4026,35377676.0
2022-06-07 00:00:00+00:00,0.4027,0.4029,0.3846,0.3914,146570763.0
2022-06-07 06:00:00+00:00,0.3915,0.3932,0.3876,0.3895,67694739.0
2022-06-07 12:00:00+00:00,0.3896,0.398,0.3882,0.3969,62567094.0
2022-06-07 18:00:00+00:00,0.397,0.4175,0.3969,0.4076,141952445.0
2022-06-08 00:00:00+00:00,0.4076,0.4104,0.3947,0.4,117901940.0
2022-06-08 06:00:00+00:00,0.4,0.4018,0.3974,0.399,62545343.0
2022-06-08 12:00:00+00:00,0.3989,0.4043,0.3956,0.4009,66024702.0
2022-06-08 18:00:00+00:00,0.4008,0.4037,0.397,0.4006,60604311.0
2022-06-09 00:00:00+00:00,0.4007,0.4032,0.3975,0.4027,68354840.0
2022-06-09 06:00:00+00:00,0.4028,0.4041,0.4003,0.4013,61218046.0
2022-06-09 12:00:00+00:00,0.4013,0.4029,0.3965,0.4018,69207531.0
2022-06-09 18:00:00+00:00,0.4017,0.4023,0.3981,0.4002,54994901.0
2022-06-10 00:00:00+00:00,0.4002,0.4088,0.3935,0.4067,84952046.0
2022-06-10 06:00:00+00:00,0.4068,0.4118,0.3992,0.4009,74976747.0
2022-06-10 12:00:00+00:00,0.4009,0.4018,0.3762,0.3826,178179317.0
2022-06-10 18:00:00+00:00,0.3826,0.3861,0.38,0.3815,61700096.0
2022-06-11 00:00:00+00:00,0.3815,0.3869,0.3809,0.3854,36515305.0
2022-06-11 06:00:00+00:00,0.3854,0.3887,0.3736,0.3762,73871731.0
2022-06-11 12:00:00+00:00,0.3762,0.3778,0.3566,0.3624,158671148.0
2022-06-11 18:00:00+00:00,0.3624,0.3694,0.3557,0.3599,66118551.0
2022-06-12 00:00:00+00:00,0.3598,0.3624,0.3394,0.3432,168542223.0
2022-06-12 06:00:00+00:00,0.3432,0.354,0.343,0.3496,70152467.0
2022-06-12 12:00:00+00:00,0.3496,0.3654,0.3397,0.3609,104680314.0
2022-06-12 18:00:00+00:00,0.3608,0.3625,0.3428,0.3433,83941140.0
2022-06-13 00:00:00+00:00,0.3433,0.3507,0.3229,0.3235,263654056.26
2022-06-13 06:00:00+00:00,0.3235,0.3279,0.3035,0.3102,355942426.81
2022-06-13 12:00:00+00:00,0.3102,0.323,0.3012,0.3172,294569677.0
2022-06-13 18:00:00+00:00,0.3173,0.3292,0.3048,0.3118,114585833.0
2022-06-14 00:00:00+00:00,0.3117,0.3267,0.2936,0.321,322803539.0
2022-06-14 06:00:00+00:00,0.321,0.3226,0.3085,0.3116,181065361.0
2022-06-14 12:00:00+00:00,0.3118,0.3232,0.3089,0.3174,153810927.0
2022-06-14 18:00:00+00:00,0.3174,0.323,0.31,0.3214,120738806.0
2022-06-15 00:00:00+00:00,0.3215,0.3242,0.3003,0.3053,170510877.0
2022-06-15 06:00:00+00:00,0.3052,0.3119,0.3,0.3096,247638795.0
2022-06-15 12:00:00+00:00,0.3096,0.3166,0.3022,0.3103,160976048.0
2022-06-15 18:00:00+00:00,0.3104,0.3469,0.298,0.3436,286067152.0
2022-06-16 00:00:00+00:00,0.3436,0.3475,0.3339,0.3346,127924471.0
2022-06-16 06:00:00+00:00,0.3345,0.3367,0.313,0.3151,177186108.0
2022-06-16 12:00:00+00:00,0.315,0.3223,0.3101,0.3159,182320395.0
2022-06-16 18:00:00+00:00,0.316,0.3227,0.3073,0.3132,102385569.0
2022-06-17 00:00:00+00:00,0.3132,0.3332,0.3105,0.3295,137482590.0
2022-06-17 06:00:00+00:00,0.3296,0.3397,0.3247,0.3253,130466225.0
2022-06-17 12:00:00+00:00,0.3253,0.3279,0.3168,0.3196,111530002.0
2022-06-17 18:00:00+00:00,0.3196,0.3235,0.3161,0.321,51176285.0
2022-06-18 00:00:00+00:00,0.321,0.3263,0.3165,0.3197,67731016.0
2022-06-18 06:00:00+00:00,0.3198,0.3205,0.3008,0.3056,207883138.0
2022-06-18 12:00:00+00:00,0.3057,0.3096,0.3003,0.3034,86951595.0
2022-06-18 18:00:00+00:00,0.3034,0.3142,0.2872,0.3075,193412176.71
2022-06-19 00:00:00+00:00,0.3074,0.3113,0.2981,0.3013,96977947.0
2022-06-19 06:00:00+00:00,0.3013,0.318,0.2997,0.3132,108708805.0
2022-06-19 12:00:00+00:00,0.3132,0.3186,0.3105,0.3155,78091279.0
2022-06-19 18:00:00+00:00,0.3155,0.333,0.3152,0.3264,109617464.0
2022-06-20 00:00:00+00:00,0.3262,0.3284,0.3135,0.3181,108984147.0
2022-06-20 06:00:00+00:00,0.318,0.3289,0.315,0.3269,108929854.0
2022-06-20 12:00:00+00:00,0.3269,0.3283,0.317,0.3172,81718161.0
2022-06-20 18:00:00+00:00,0.3171,0.3254,0.3158,0.3227,56528924.0
2022-06-21 00:00:00+00:00,0.3226,0.3283,0.3187,0.3272,85226173.0
2022-06-21 06:00:00+00:00,0.3273,0.3322,0.3252,0.3266,112648634.0
2022-06-21 12:00:00+00:00,0.3265,0.3374,0.326,0.332,114115460.0
2022-06-21 18:00:00+00:00,0.3319,0.3352,0.3266,0.3294,67700890.0
2022-06-22 00:00:00+00:00,0.3294,0.3297,0.3206,0.3241,88232871.0
2022-06-22 06:00:00+00:00,0.324,0.3252,0.319,0.3233,85326843.0
2022-06-22 12:00:00+00:00,0.3233,0.3279,0.3194,0.3223,82102185.0
2022-06-22 18:00:00+00:00,0.3224,0.3262,0.3199,0.3223,59433229.0
2022-06-23 00:00:00+00:00,0.3223,0.33,0.3213,0.3266,77956163.0
2022-06-23 06:00:00+00:00,0.3266,0.3297,0.3257,0.328,73976134.0
2022-06-23 12:00:00+00:00,0.328,0.3308,0.324,0.3266,71886695.0
2022-06-23 18:00:00+00:00,0.3265,0.3371,0.3263,0.3358,69607623.0
2022-06-24 00:00:00+00:00,0.3357,0.3771,0.3348,0.3655,247243144.0
2022-06-24 06:00:00+00:00,0.3655,0.3871,0.3639,0.372,169868741.0
2022-06-24 12:00:00+00:00,0.3719,0.3757,0.3523,0.3525,120151046.0
2022-06-24 18:00:00+00:00,0.3526,0.3714,0.3523,0.3672,73023988.0
2022-06-25 00:00:00+00:00,0.3672,0.3741,0.3625,0.3678,66880538.0
2022-06-25 06:00:00+00:00,0.3678,0.3727,0.3671,0.3678,44408044.0
2022-06-25 12:00:00+00:00,0.3679,0.3689,0.3542,0.3579,65562925.0
2022-06-25 18:00:00+00:00,0.3579,0.3693,0.356,0.3676,39824518.0
2022-06-26 00:00:00+00:00,0.3677,0.3697,0.3627,0.3679,38665486.0
2022-06-26 06:00:00+00:00,0.368,0.3727,0.3639,0.3717,45516990.0
2022-06-26 12:00:00+00:00,0.3717,0.3751,0.3594,0.3631,65954833.0
2022-06-26 18:00:00+00:00,0.363,0.3687,0.3576,0.3592,44049503.0
2022-06-27 00:00:00+00:00,0.3591,0.3671,0.3586,0.3603,82100156.0
2022-06-27 06:00:00+00:00,0.3603,0.3657,0.3598,0.3624,49090823.0
2022-06-27 12:00:00+00:00,0.3624,0.3639,0.348,0.3526,88104288.0
2022-06-27 18:00:00+00:00,0.3525,0.3597,0.3487,0.3537,55221236.0
2022-06-28 00:00:00+00:00,0.3537,0.3557,0.3406,0.3452,91702802.0
2022-06-28 06:00:00+00:00,0.3453,0.3544,0.3452,0.3483,71964416.0
2022-06-28 12:00:00+00:00,0.3483,0.352,0.3403,0.3424,84627704.0
2022-06-28 18:00:00+00:00,0.3423,0.344,0.3353,0.3375,67858284.0
2022-06-29 00:00:00+00:00,0.3375,0.3417,0.3323,0.335,75242913.0
2022-06-29 06:00:00+00:00,0.3351,0.3351,0.325,0.3273,107348499.0
2022-06-29 12:00:00+00:00,0.3274,0.3291,0.3201,0.3273,92414094.0
2022-06-29 18:00:00+00:00,0.3272,0.3343,0.3263,0.3296,54822188.0
2022-06-30 00:00:00+00:00,0.3296,0.3307,0.322,0.326,66626905.0
2022-06-30 06:00:00+00:00,0.3261,0.3267,0.3063,0.3101,148732002.0
2022-06-30 12:00:00+00:00,0.3102,0.3205,0.3056,0.3189,106976079.0
2022-06-30 18:00:00+00:00,0.3189,0.3333,0.3152,0.3321,140813660.0
2022-07-01 00:00:00+00:00,0.332,0.3363,0.31,0.3156,128602485.0
2022-07-01 06:00:00+00:00,0.3156,0.3216,0.3113,0.3136,101599004.0
2022-07-01 12:00:00+00:00,0.3137,0.317,0.3109,0.3127,90701549.0
2022-07-01 18:00:00+00:00,0.3127,0.3196,0.3116,0.3139,52139705.0
2022-07-02 00:00:00+00:00,0.3142,0.3158,0.3089,0.3131,56964909.0
2022-07-02 06:00:00+00:00,0.3132,0.3142,0.3096,0.3118,49595333.0
2022-07-02 12:00:00+00:00,0.3117,0.3158,0.311,0.3145,37352337.0
2022-07-02 18:00:00+00:00,0.3146,0.3181,0.3139,0.3156,35570145.0
2022-07-03 00:00:00+00:00,0.3157,0.3169,0.3085,0.3119,45843572.0
2022-07-03 06:00:00+00:00,0.3119,0.3135,0.3106,0.3124,42482766.0
2022-07-03 12:00:00+00:00,0.3124,0.317,0.3095,0.3163,36937090.0
2022-07-03 18:00:00+00:00,0.3163,0.3258,0.3161,0.3215,69438240.0
2022-07-04 00:00:00+00:00,0.3216,0.3247,0.3163,0.3189,66920498.0
2022-07-04 06:00:00+00:00,0.3189,0.324,0.3146,0.3229,83475746.0
2022-07-04 12:00:00+00:00,0.3231,0.3275,0.3196,0.3247,80540674.0
2022-07-04 18:00:00+00:00,0.3247,0.33,0.3221,0.3287,45953326.0
2022-07-05 00:00:00+00:00,0.3287,0.331,0.325,0.327,70980259.0
2022-07-05 06:00:00+00:00,0.327,0.3294,0.3166,0.3173,87352522.0
2022-07-05 12:00:00+00:00,0.3173,0.3198,0.3128,0.3193,97075007.0
2022-07-05 18:00:00+00:00,0.3194,0.3279,0.3187,0.3252,77341335.0
2022-07-06 00:00:00+00:00,0.3252,0.3271,0.32,0.3238,81194126.0
2022-07-06 06:00:00+00:00,0.3239,0.3269,0.321,0.3228,68285394.0
2022-07-06 12:00:00+00:00,0.3227,0.3265,0.3207,0.3252,78426894.0
2022-07-06 18:00:00+00:00,0.3251,0.334,0.3238,0.3324,67452726.0
2022-07-07 00:00:00+00:00,0.3324,0.3353,0.3269,0.3298,56320274.0
2022-07-07 06:00:00+00:00,0.3298,0.3328,0.3281,0.3292,61739343.0
2022-07-07 12:00:00+00:00,0.3292,0.339,0.3288,0.3366,76273057.0
2022-07-07 18:00:00+00:00,0.3366,0.3456,0.3364,0.3422,66731089.0
2022-07-08 00:00:00+00:00,0.3423,0.359,0.3418,0.3521,132791897.0
2022-07-08 06:00:00+00:00,0.3521,0.3565,0.339,0.3408,113910235.0
2022-07-08 12:00:00+00:00,0.3408,0.3459,0.3359,0.3382,83697895.0
2022-07-08 18:00:00+00:00,0.3382,0.3475,0.3378,0.3402,52869914.0
2022-07-09 00:00:00+00:00,0.3403,0.3444,0.3392,0.3426,42579124.0
2022-07-09 06:00:00+00:00,0.3425,0.346,0.3395,0.3413,34894504.0
2022-07-09 12:00:00+00:00,0.3414,0.347,0.3407,0.3462,31939804.0
2022-07-09 18:00:00+00:00,0.3462,0.3477,0.3436,0.3448,22385800.0
2022-07-10 00:00:00+00:00,0.3448,0.3449,0.3353,0.3394,50281959.0
2022-07-10 06:00:00+00:00,0.3393,0.3411,0.3353,0.3376,26600323.0
2022-07-10 12:00:00+00:00,0.3376,0.3387,0.3197,0.3251,105530058.0
2022-07-10 18:00:00+00:00,0.3251,0.3306,0.3222,0.3255,57824823.0
2022-07-11 00:00:00+00:00,0.3256,0.3291,0.3182,0.3193,66573532.0
2022-07-11 06:00:00+00:00,0.3193,0.3292,0.3173,0.3255,71020391.0
2022-07-11 12:00:00+00:00,0.3255,0.3286,0.3212,0.3263,54121558.0
2022-07-11 18:00:00+00:00,0.3263,0.3263,0.3108,0.3152,54823036.0
2022-07-12 00:00:00+00:00,0.3152,0.3182,0.3126,0.3165,60663197.0
2022-07-12 06:00:00+00:00,0.3164,0.3166,0.3078,0.3118,81436644.0
2022-07-12 12:00:00+00:00,0.3119,0.3155,0.3101,0.3141,43616695.0
2022-07-12 18:00:00+00:00,0.3141,0.3149,0.308,0.3116,48351242.0
2022-07-13 00:00:00+00:00,0.3117,0.316,0.3069,0.3152,44044844.0
2022-07-13 06:00:00+00:00,0.3151,0.3215,0.3139,0.3173,58656944.0
2022-07-13 12:00:00+00:00,0.3173,0.322,0.302,0.3173,169860271.0
2022-07-13 18:00:00+00:00,0.3173,0.326,0.3154,0.3237,81901805.0
2022-07-14 00:00:00+00:00,0.3236,0.3251,0.3192,0.3224,61551691.0
2022-07-14 06:00:00+00:00,0.3224,0.3228,0.3131,0.3142,76426435.0
2022-07-14 12:00:00+00:00,0.3141,0.3281,0.3122,0.3275,110972688.0
2022-07-14 18:00:00+00:00,0.3275,0.334,0.3258,0.3338,74508569.0
2022-07-15 00:00:00+00:00,0.3338,0.349,0.3318,0.3416,126704342.0
2022-07-15 06:00:00+00:00,0.3415,0.3438,0.334,0.3351,113315869.0
2022-07-15 12:00:00+00:00,0.335,0.3379,0.3275,0.3282,88180663.0
2022-07-15 18:00:00+00:00,0.3282,0.3384,0.3273,0.3342,64682769.0
2022-07-16 00:00:00+00:00,0.3341,0.3379,0.3313,0.3337,33641147.0
2022-07-16 06:00:00+00:00,0.3337,0.342,0.3321,0.3391,70168957.0
2022-07-16 12:00:00+00:00,0.3391,0.3565,0.3391,0.3514,113936113.0
2022-07-16 18:00:00+00:00,0.3513,0.354,0.3479,0.3505,53740959.0
2022-07-17 00:00:00+00:00,0.3504,0.358,0.3474,0.3549,50701082.0
2022-07-17 06:00:00+00:00,0.3548,0.3614,0.3485,0.3518,51132244.0
2022-07-17 12:00:00+00:00,0.3519,0.3546,0.3413,0.3445,65580490.0
2022-07-17 18:00:00+00:00,0.3444,0.3514,0.3419,0.3433,35841869.0
2022-07-18 00:00:00+00:00,0.3434,0.3655,0.3429,0.365,112880178.0
2022-07-18 06:00:00+00:00,0.365,0.3701,0.3614,0.3644,126411208.0
2022-07-18 12:00:00+00:00,0.3644,0.3687,0.3572,0.3577,103494372.0
2022-07-18 18:00:00+00:00,0.3577,0.3673,0.3525,0.3653,61451931.0
2022-07-19 00:00:00+00:00,0.3652,0.3695,0.3515,0.3578,99488342.0
2022-07-19 06:00:00+00:00,0.3579,0.3624,0.3527,0.3595,83180253.0
2022-07-19 12:00:00+00:00,0.3595,0.3725,0.3587,0.3696,119234557.0
2022-07-19 18:00:00+00:00,0.3695,0.3767,0.3673,0.3729,70732745.0
2022-07-20 00:00:00+00:00,0.3728,0.3802,0.3676,0.3775,62878648.0
2022-07-20 06:00:00+00:00,0.3775,0.3817,0.3683,0.3735,99122701.0
2022-07-20 12:00:00+00:00,0.3735,0.3782,0.3644,0.365,94077164.0
2022-07-20 18:00:00+00:00,0.365,0.3707,0.3572,0.3635,73773652.0
2022-07-21 00:00:00+00:00,0.3635,0.3672,0.3521,0.3586,65976775.0
2022-07-21 06:00:00+00:00,0.3586,0.3595,0.3504,0.3528,81225340.0
2022-07-21 12:00:00+00:00,0.3528,0.3619,0.3485,0.3599,77473743.0
2022-07-21 18:00:00+00:00,0.3599,0.3685,0.3596,0.3669,52122411.0
2022-07-22 00:00:00+00:00,0.3668,0.3695,0.3596,0.3654,52499124.0
2022-07-22 06:00:00+00:00,0.3655,0.3698,0.3612,0.3694,64029599.0
2022-07-22 12:00:00+00:00,0.3694,0.3716,0.3582,0.3598,67690528.0
2022-07-22 18:00:00+00:00,0.3599,0.3625,0.3541,0.3578,47085198.0
2022-07-23 00:00:00+00:00,0.3578,0.3628,0.3557,0.3605,31068050.0
2022-07-23 06:00:00+00:00,0.3605,0.3623,0.351,0.3516,39533295.0
2022-07-23 12:00:00+00:00,0.3517,0.3563,0.3501,0.3523,37730693.0
2022-07-23 18:00:00+00:00,0.3523,0.3605,0.3498,0.3592,32140298.0
2022-07-24 00:00:00+00:00,0.3592,0.3639,0.3558,0.3625,43437796.0
2022-07-24 06:00:00+00:00,0.3625,0.3664,0.3593,0.3633,39086318.0
2022-07-24 12:00:00+00:00,0.3633,0.3667,0.3587,0.3633,39238398.0
2022-07-24 18:00:00+00:00,0.3633,0.3653,0.3575,0.3586,32947737.0
2022-07-25 00:00:00+00:00,0.3585,0.3602,0.3422,0.3471,82789215.0
2022-07-25 06:00:00+00:00,0.3471,0.3489,0.3435,0.3467,42558326.0
2022-07-25 12:00:00+00:00,0.3468,0.3496,0.3415,0.3442,56550520.0
2022-07-25 18:00:00+00:00,0.3442,0.3476,0.335,0.3362,68879435.0
2022-07-26 00:00:00+00:00,0.3362,0.3374,0.33,0.3349,82103767.0
2022-07-26 06:00:00+00:00,0.3349,0.3353,0.3276,0.3312,62775516.0
2022-07-26 12:00:00+00:00,0.3313,0.3331,0.3252,0.3289,58908911.0
2022-07-26 18:00:00+00:00,0.329,0.3385,0.3275,0.3372,44728370.0
2022-07-27 00:00:00+00:00,0.3373,0.3397,0.3304,0.3365,54360738.0
2022-07-27 06:00:00+00:00,0.3366,0.3383,0.333,0.3343,51355343.0
2022-07-27 12:00:00+00:00,0.3344,0.3408,0.3337,0.338,55188525.0
2022-07-27 18:00:00+00:00,0.338,0.3597,0.3379,0.3594,109916084.0
2022-07-28 00:00:00+00:00,0.3594,0.3622,0.355,0.3585,59419146.0
2022-07-28 06:00:00+00:00,0.3585,0.3585,0.3519,0.3573,67773553.0
2022-07-28 12:00:00+00:00,0.3573,0.3747,0.3489,0.3723,142148908.0
2022-07-28 18:00:00+00:00,0.3723,0.3792,0.3678,0.3739,69039581.0
2022-07-29 00:00:00+00:00,0.3738,0.3799,0.3672,0.3775,73350011.0
2022-07-29 06:00:00+00:00,0.3776,0.3798,0.3661,0.3676,78158769.0
2022-07-29 12:00:00+00:00,0.3676,0.3728,0.3596,0.3626,83402645.0
2022-07-29 18:00:00+00:00,0.3626,0.374,0.3623,0.3679,41544834.0
2022-07-30 00:00:00+00:00,0.3679,0.3715,0.3629,0.3673,41449898.0
2022-07-30 06:00:00+00:00,0.3672,0.3731,0.3662,0.3711,41498602.0
2022-07-30 12:00:00+00:00,0.3712,0.4099,0.3705,0.4035,218767159.0
2022-07-30 18:00:00+00:00,0.4035,0.4055,0.3846,0.3879,86439212.0
2022-07-31 00:00:00+00:00,0.388,0.3937,0.3864,0.3867,54232203.0
2022-07-31 06:00:00+00:00,0.3866,0.3975,0.3821,0.3907,58767469.0
2022-07-31 12:00:00+00:00,0.3906,0.3945,0.3866,0.394,52223926.0
2022-07-31 18:00:00+00:00,0.394,0.3989,0.3782,0.3792,66590494.0
2022-08-01 00:00:00+00:00,0.3791,0.386,0.3782,0.3814,52398976.0
2022-08-01 06:00:00+00:00,0.3814,0.3816,0.373,0.3781,59508047.0
2022-08-01 12:00:00+00:00,0.378,0.3807,0.3712,0.3729,65503769.0
2022-08-01 18:00:00+00:00,0.373,0.3806,0.371,0.3791,38318893.0
2022-08-02 00:00:00+00:00,0.3791,0.3946,0.3667,0.3702,100937634.0
2022-08-02 06:00:00+00:00,0.3702,0.3727,0.3672,0.3713,51805087.0
2022-08-02 12:00:00+00:00,0.3712,0.3792,0.367,0.3754,75160158.0
2022-08-02 18:00:00+00:00,0.3755,0.3767,0.3705,0.3714,33440445.0
2022-08-03 00:00:00+00:00,0.3714,0.372,0.3631,0.3688,69335562.0
2022-08-03 06:00:00+00:00,0.3689,0.3745,0.3677,0.3732,54531033.0
2022-08-03 12:00:00+00:00,0.3732,0.3763,0.3705,0.3747,47827731.0
2022-08-03 18:00:00+00:00,0.3746,0.3775,0.3674,0.3695,40560276.0
2022-08-04 00:00:00+00:00,0.3695,0.3747,0.369,0.3742,47178961.0
2022-08-04 06:00:00+00:00,0.3742,0.375,0.3678,0.3696,43720060.0
2022-08-04 12:00:00+00:00,0.3695,0.372,0.3643,0.3665,55697680.0
2022-08-04 18:00:00+00:00,0.3665,0.3717,0.3643,0.371,24263593.0
2022-08-05 00:00:00+00:00,0.371,0.3771,0.3701,0.3757,34792055.0
2022-08-05 06:00:00+00:00,0.3758,0.3785,0.3719,0.3774,53903841.0
2022-08-05 12:00:00+00:00,0.3774,0.378,0.3678,0.368,58126487.0
2022-08-05 18:00:00+00:00,0.368,0.377,0.3673,0.3764,31347689.0
2022-08-06 00:00:00+00:00,0.3764,0.378,0.3733,0.3745,23658310.0
2022-08-06 06:00:00+00:00,0.3744,0.376,0.3738,0.3743,21606258.0
2022-08-06 12:00:00+00:00,0.3743,0.3758,0.3715,0.374,24349625.0
2022-08-06 18:00:00+00:00,0.374,0.3749,0.3703,0.3715,19044286.0
2022-08-07 00:00:00+00:00,0.3715,0.3726,0.3682,0.3714,22894874.0
2022-08-07 06:00:00+00:00,0.3715,0.3724,0.3708,0.3721,16700498.0
2022-08-07 12:00:00+00:00,0.3721,0.3755,0.3721,0.3748,31934355.0
2022-08-07 18:00:00+00:00,0.3747,0.3772,0.3712,0.3722,22902635.0
2022-08-08 00:00:00+00:00,0.3723,0.3765,0.371,0.3757,34433350.0
2022-08-08 06:00:00+00:00,0.3757,0.3838,0.3757,0.3821,79723333.0
2022-08-08 12:00:00+00:00,0.382,0.3847,0.3771,0.38,64875351.0
2022-08-08 18:00:00+00:00,0.3801,0.3833,0.3719,0.3787,42444182.0
2022-08-09 00:00:00+00:00,0.3787,0.3801,0.3746,0.3767,31777923.0
2022-08-09 06:00:00+00:00,0.3767,0.3779,0.3679,0.3687,51500296.0
2022-08-09 12:00:00+00:00,0.3687,0.3708,0.3606,0.3644,59800726.0
2022-08-09 18:00:00+00:00,0.3644,0.3696,0.3637,0.3672,25279868.0
2022-08-10 00:00:00+00:00,0.3672,0.3676,0.3583,0.3607,51000436.0
2022-08-10 06:00:00+00:00,0.3606,0.365,0.3589,0.3647,37127461.0
2022-08-10 12:00:00+00:00,0.3648,0.3795,0.3641,0.3775,90272493.0
2022-08-10 18:00:00+00:00,0.3775,0.3815,0.3733,0.3814,40216919.0
2022-08-11 00:00:00+00:00,0.3814,0.386,0.3792,0.3819,52347290.0
2022-08-11 06:00:00+00:00,0.3819,0.3832,0.3784,0.3804,46967921.0
2022-08-11 12:00:00+00:00,0.3805,0.385,0.3772,0.3806,76098011.0
2022-08-11 18:00:00+00:00,0.3806,0.3821,0.377,0.3802,36890454.0
2022-08-12 00:00:00+00:00,0.3801,0.3806,0.3745,0.3774,42777532.0
2022-08-12 06:00:00+00:00,0.3773,0.3788,0.3699,0.3713,55377877.0
2022-08-12 12:00:00+00:00,0.3714,0.3742,0.3711,0.3723,37220804.0
2022-08-12 18:00:00+00:00,0.3724,0.3804,0.3721,0.3796,34001769.0
2022-08-13 00:00:00+00:00,0.3797,0.3835,0.3781,0.3809,35342172.0
2022-08-13 06:00:00+00:00,0.381,0.3876,0.3774,0.3797,45146412.0
2022-08-13 12:00:00+00:00,0.3796,0.3818,0.3767,0.3809,22318859.0
2022-08-13 18:00:00+00:00,0.3808,0.3814,0.3763,0.378,19921509.0
2022-08-14 00:00:00+00:00,0.3779,0.3889,0.3767,0.386,42654752.0
2022-08-14 06:00:00+00:00,0.3859,0.3922,0.3847,0.385,51962585.0
2022-08-14 12:00:00+00:00,0.385,0.3862,0.3738,0.3764,55375531.0
2022-08-14 18:00:00+00:00,0.3763,0.3805,0.3739,0.3757,34751431.0
2022-08-15 00:00:00+00:00,0.3756,0.3852,0.3741,0.3819,53719088.0
2022-08-15 06:00:00+00:00,0.3819,0.3821,0.3658,0.3681,96824112.0
2022-08-15 12:00:00+00:00,0.3682,0.3745,0.3662,0.3716,42550159.0
2022-08-15 18:00:00+00:00,0.3715,0.377,0.3702,0.3751,38259535.0
2022-08-16 00:00:00+00:00,0.375,0.3773,0.3666,0.371,60605297.0
2022-08-16 06:00:00+00:00,0.371,0.3779,0.3707,0.3766,51021467.0
2022-08-16 12:00:00+00:00,0.3766,0.3777,0.3712,0.374,49434245.0
2022-08-16 18:00:00+00:00,0.3741,0.3784,0.3708,0.377,35843966.0
2022-08-17 00:00:00+00:00,0.377,0.3923,0.3768,0.3875,111643190.0
2022-08-17 06:00:00+00:00,0.3874,0.3899,0.3754,0.3774,72945417.0
2022-08-17 12:00:00+00:00,0.3774,0.3778,0.368,0.3755,79987614.0
2022-08-17 18:00:00+00:00,0.3755,0.3831,0.3729,0.3795,68949396.0
2022-08-18 00:00:00+00:00,0.3796,0.3815,0.3721,0.3749,51563078.0
2022-08-18 06:00:00+00:00,0.3749,0.3789,0.3725,0.3789,50379891.0
2022-08-18 12:00:00+00:00,0.3789,0.38,0.3731,0.3749,48810605.0
2022-08-18 18:00:00+00:00,0.3749,0.3797,0.3691,0.3704,55694855.0
2022-08-19 00:00:00+00:00,0.3703,0.3707,0.3586,0.3615,108023073.0
2022-08-19 06:00:00+00:00,0.3615,0.3623,0.3309,0.3387,180413016.0
2022-08-19 12:00:00+00:00,0.3386,0.3413,0.3344,0.3387,82132332.0
2022-08-19 18:00:00+00:00,0.3387,0.3424,0.3314,0.3344,67262587.0
2022-08-20 00:00:00+00:00,0.3345,0.3423,0.3344,0.3398,57564603.0
2022-08-20 06:00:00+00:00,0.3398,0.3428,0.339,0.3415,42332400.0
2022-08-20 12:00:00+00:00,0.3416,0.3423,0.339,0.339,38150088.0
2022-08-20 18:00:00+00:00,0.339,0.3406,0.3321,0.3368,68171228.0
2022-08-21 00:00:00+00:00,0.3368,0.34,0.3355,0.3389,38860848.0
2022-08-21 06:00:00+00:00,0.3388,0.3475,0.3372,0.345,71271082.0
2022-08-21 12:00:00+00:00,0.3451,0.3464,0.342,0.3433,38274542.0
2022-08-21 18:00:00+00:00,0.3432,0.3485,0.3423,0.3449,37189225.0
2022-08-22 00:00:00+00:00,0.3448,0.3452,0.3362,0.3413,53728479.0
2022-08-22 06:00:00+00:00,0.3414,0.3415,0.3313,0.3356,91024608.0
2022-08-22 12:00:00+00:00,0.3357,0.3387,0.3331,0.3357,68667749.0
2022-08-22 18:00:00+00:00,0.3358,0.3453,0.3329,0.344,45704215.0
2022-08-23 00:00:00+00:00,0.344,0.3448,0.3331,0.3336,53947503.0
2022-08-23 06:00:00+00:00,0.3336,0.3412,0.3326,0.3409,60953343.0
2022-08-23 12:00:00+00:00,0.341,0.345,0.3392,0.3427,64418417.0
2022-08-23 18:00:00+00:00,0.3427,0.348,0.3425,0.3472,45525580.0
2022-08-24 00:00:00+00:00,0.3473,0.3477,0.3389,0.3428,52822538.0
2022-08-24 06:00:00+00:00,0.3427,0.3447,0.3392,0.3437,43721362.0
2022-08-24 12:00:00+00:00,0.3436,0.3476,0.3422,0.3457,50198035.0
2022-08-24 18:00:00+00:00,0.3457,0.3525,0.3451,0.3456,44018801.0
2022-08-25 00:00:00+00:00,0.3456,0.3503,0.3435,0.348,49574727.0
2022-08-25 06:00:00+00:00,0.348,0.3509,0.3453,0.3487,64153132.0
2022-08-25 12:00:00+00:00,0.3486,0.35,0.3437,0.3468,56295241.0
2022-08-25 18:00:00+00:00,0.3469,0.3522,0.3463,0.3491,30807970.0
2022-08-26 00:00:00+00:00,0.3491,0.3498,0.3457,0.347,39967635.0
2022-08-26 06:00:00+00:00,0.347,0.3712,0.3459,0.3534,161442087.0
2022-08-26 12:00:00+00:00,0.3535,0.36,0.3331,0.3353,162992096.0
2022-08-26 18:00:00+00:00,0.3352,0.3433,0.3325,0.3393,74809940.0
2022-08-27 00:00:00+00:00,0.3393,0.3447,0.3283,0.3328,64574547.0
2022-08-27 06:00:00+00:00,0.3327,0.3379,0.3313,0.3371,36377330.0
2022-08-27 12:00:00+00:00,0.337,0.3373,0.3308,0.334,47691396.0
2022-08-27 18:00:00+00:00,0.334,0.3369,0.3324,0.3346,27228181.0
2022-08-28 00:00:00+00:00,0.3346,0.3362,0.3318,0.3343,38657647.0
2022-08-28 06:00:00+00:00,0.3343,0.3357,0.333,0.3353,25949640.0
2022-08-28 12:00:00+00:00,0.3353,0.3373,0.3328,0.3348,30212009.0
2022-08-28 18:00:00+00:00,0.3349,0.3361,0.3213,0.3224,54165294.0
2022-08-29 00:00:00+00:00,0.3223,0.3254,0.3186,0.3216,66829979.0
2022-08-29 06:00:00+00:00,0.3216,0.3244,0.3187,0.323,74865327.0
2022-08-29 12:00:00+00:00,0.3231,0.3313,0.3228,0.3283,86275889.0
2022-08-29 18:00:00+00:00,0.3282,0.3342,0.3265,0.3337,40885062.0
2022-08-30 00:00:00+00:00,0.3337,0.3341,0.3283,0.3316,53336455.0
2022-08-30 06:00:00+00:00,0.3316,0.3359,0.3301,0.3308,46175655.0
2022-08-30 12:00:00+00:00,0.3307,0.3315,0.32,0.3214,77237168.0
2022-08-30 18:00:00+00:00,0.3213,0.3308,0.3212,0.3267,37129830.0
2022-08-31 00:00:00+00:00,0.3268,0.3336,0.3267,0.3326,49681713.0
2022-08-31 06:00:00+00:00,0.3326,0.3339,0.3289,0.3304,49701052.0
2022-08-31 12:00:00+00:00,0.3303,0.3324,0.323,0.3252,63606649.0
2022-08-31 18:00:00+00:00,0.3253,0.3314,0.3251,0.3277,32054428.0
2022-09-01 00:00:00+00:00,0.3276,0.3292,0.3224,0.3267,46585745.0
2022-09-01 06:00:00+00:00,0.3267,0.3275,0.3238,0.3269,42497409.0
2022-09-01 12:00:00+00:00,0.3268,0.3273,0.3215,0.3247,59387549.0
2022-09-01 18:00:00+00:00,0.3247,0.3334,0.3244,0.3331,35094284.0
2022-09-02 00:00:00+00:00,0.3332,0.335,0.328,0.3336,38514296.0
2022-09-02 06:00:00+00:00,0.3336,0.3355,0.3277,0.3292,42566316.0
2022-09-02 12:00:00+00:00,0.3291,0.3336,0.3258,0.3268,58681287.0
2022-09-02 18:00:00+00:00,0.3267,0.3317,0.3253,0.3314,39839537.0
2022-09-03 00:00:00+00:00,0.3315,0.335,0.3276,0.3309,40590841.0
2022-09-03 06:00:00+00:00,0.331,0.331,0.3265,0.329,27483724.0
2022-09-03 12:00:00+00:00,0.329,0.3314,0.3284,0.3305,20290935.0
2022-09-03 18:00:00+00:00,0.3306,0.3309,0.3278,0.3297,14952404.0
2022-09-04 00:00:00+00:00,0.3296,0.3328,0.3291,0.3313,21251844.0
2022-09-04 06:00:00+00:00,0.3312,0.3317,0.3275,0.3311,33648459.0
2022-09-04 12:00:00+00:00,0.3311,0.3327,0.3289,0.3315,21305963.0
2022-09-04 18:00:00+00:00,0.3314,0.3324,0.3295,0.3317,19707127.0
2022-09-05 00:00:00+00:00,0.3318,0.3334,0.3258,0.327,42403643.0
2022-09-05 06:00:00+00:00,0.3269,0.3287,0.3225,0.3246,47493153.0
2022-09-05 12:00:00+00:00,0.3245,0.3303,0.3242,0.3296,53593067.0
2022-09-05 18:00:00+00:00,0.3296,0.3338,0.3279,0.3329,34831013.0
2022-09-06 00:00:00+00:00,0.3329,0.3431,0.3307,0.3352,106390926.0
2022-09-06 06:00:00+00:00,0.3353,0.338,0.3321,0.3361,56840227.0
2022-09-06 12:00:00+00:00,0.336,0.3369,0.3232,0.3252,103793097.0
2022-09-06 18:00:00+00:00,0.3251,0.3253,0.3154,0.3212,70129645.0
2022-09-07 00:00:00+00:00,0.3212,0.3233,0.312,0.3166,80858255.0
2022-09-07 06:00:00+00:00,0.3167,0.3234,0.3156,0.3231,51512030.0
2022-09-07 12:00:00+00:00,0.323,0.3297,0.3216,0.3281,52816307.0
2022-09-07 18:00:00+00:00,0.3281,0.3386,0.3281,0.3369,82522997.0
2022-09-08 00:00:00+00:00,0.3369,0.3377,0.3308,0.3345,48849898.0
2022-09-08 06:00:00+00:00,0.3346,0.3361,0.3284,0.3325,60465595.0
2022-09-08 12:00:00+00:00,0.3325,0.3356,0.3282,0.3336,71679561.0
2022-09-08 18:00:00+00:00,0.3337,0.3434,0.3336,0.3396,53594905.0
2022-09-09 00:00:00+00:00,0.3396,0.3511,0.3394,0.3496,82535918.0
2022-09-09 06:00:00+00:00,0.3497,0.3558,0.3484,0.3508,80333784.0
2022-09-09 12:00:00+00:00,0.3508,0.3539,0.3447,0.3448,97533180.0
2022-09-09 18:00:00+00:00,0.3448,0.3597,0.3447,0.3568,74446145.0
2022-09-10 00:00:00+00:00,0.3568,0.3585,0.352,0.3569,62962647.0
2022-09-10 06:00:00+00:00,0.357,0.3622,0.3514,0.3546,55809803.0
2022-09-10 12:00:00+00:00,0.3546,0.358,0.3526,0.3545,37215330.0
2022-09-10 18:00:00+00:00,0.3545,0.3601,0.3544,0.3573,30022478.0
2022-09-11 00:00:00+00:00,0.3574,0.359,0.3543,0.3551,25028606.0
2022-09-11 06:00:00+00:00,0.3551,0.3569,0.3516,0.3548,31583317.0
2022-09-11 12:00:00+00:00,0.3549,0.3578,0.3538,0.3557,32723557.0
2022-09-11 18:00:00+00:00,0.3558,0.3604,0.3485,0.3552,56823610.0
2022-09-12 00:00:00+00:00,0.3551,0.358,0.3478,0.3529,70116274.0
2022-09-12 06:00:00+00:00,0.3529,0.3574,0.3508,0.3547,66485253.0
2022-09-12 12:00:00+00:00,0.3548,0.3576,0.3487,0.3545,53929636.0
2022-09-12 18:00:00+00:00,0.3544,0.3602,0.353,0.3598,52612601.0
2022-09-13 00:00:00+00:00,0.3598,0.3603,0.3511,0.3554,60394404.0
2022-09-13 06:00:00+00:00,0.3553,0.3576,0.3533,0.3568,58973737.0
2022-09-13 12:00:00+00:00,0.3569,0.3576,0.3377,0.3406,158963770.0
2022-09-13 18:00:00+00:00,0.3405,0.3411,0.3308,0.3326,85946467.0
2022-09-14 00:00:00+00:00,0.3326,0.3375,0.3312,0.3371,81928101.0
2022-09-14 06:00:00+00:00,0.3371,0.3383,0.3336,0.3352,77159210.0
2022-09-14 12:00:00+00:00,0.3351,0.3385,0.3339,0.3366,76945975.0
2022-09-14 18:00:00+00:00,0.3365,0.3442,0.333,0.3415,72571675.0
2022-09-15 00:00:00+00:00,0.3415,0.3424,0.3324,0.3374,116451757.0
2022-09-15 06:00:00+00:00,0.3374,0.3429,0.3337,0.3352,98517138.0
2022-09-15 12:00:00+00:00,0.3353,0.336,0.325,0.3281,128299649.0
2022-09-15 18:00:00+00:00,0.3281,0.3305,0.3241,0.3261,62967581.0
2022-09-16 00:00:00+00:00,0.3261,0.3294,0.3216,0.3249,75281239.0
2022-09-16 06:00:00+00:00,0.3248,0.3312,0.3226,0.3302,62143452.0
2022-09-16 12:00:00+00:00,0.3303,0.3397,0.3271,0.3368,100836952.0
2022-09-16 18:00:00+00:00,0.3368,0.3581,0.3354,0.3552,131742097.0
2022-09-17 00:00:00+00:00,0.3552,0.3553,0.3484,0.3496,72016175.0
2022-09-17 06:00:00+00:00,0.3496,0.3565,0.3464,0.3528,55425309.0
2022-09-17 12:00:00+00:00,0.3528,0.3794,0.3513,0.3754,230349295.0
2022-09-17 18:00:00+00:00,0.3755,0.381,0.3709,0.3762,85217101.0
2022-09-18 00:00:00+00:00,0.3762,0.3767,0.3649,0.3699,76733200.0
2022-09-18 06:00:00+00:00,0.3699,0.3945,0.3692,0.3779,214579981.0
2022-09-18 12:00:00+00:00,0.3778,0.3918,0.3744,0.3896,136282585.0
2022-09-18 18:00:00+00:00,0.3896,0.3981,0.3556,0.3576,253262652.0
2022-09-19 00:00:00+00:00,0.3578,0.3655,0.3401,0.3536,218323658.0
2022-09-19 06:00:00+00:00,0.3537,0.3566,0.3431,0.3506,175051636.0
2022-09-19 12:00:00+00:00,0.3506,0.3747,0.3487,0.3745,130870551.0
2022-09-19 18:00:00+00:00,0.3745,0.3932,0.3693,0.3848,212927132.0
2022-09-20 00:00:00+00:00,0.3847,0.3904,0.3704,0.379,179554116.0
2022-09-20 06:00:00+00:00,0.379,0.3833,0.3738,0.3816,136223392.0
2022-09-20 12:00:00+00:00,0.3817,0.4242,0.3742,0.4034,552999449.0
2022-09-20 18:00:00+00:00,0.4034,0.4205,0.4015,0.414,245015472.0
2022-09-21 00:00:00+00:00,0.4139,0.4154,0.403,0.4055,163091038.0
2022-09-21 06:00:00+00:00,0.4055,0.4082,0.39,0.4055,208538318.0
2022-09-21 12:00:00+00:00,0.4056,0.4075,0.3884,0.3993,174694573.0
2022-09-21 18:00:00+00:00,0.3993,0.434,0.38,0.3936,379411888.0
2022-09-22 00:00:00+00:00,0.3936,0.4263,0.3933,0.4202,232482613.0
2022-09-22 06:00:00+00:00,0.4203,0.4365,0.4157,0.4325,222246817.0
2022-09-22 12:00:00+00:00,0.4325,0.4505,0.4287,0.4497,368037724.0
2022-09-22 18:00:00+00:00,0.4497,0.5,0.4458,0.4862,500067774.0
2022-09-23 00:00:00+00:00,0.4861,0.559,0.4769,0.5374,488644881.0
2022-09-23 06:00:00+00:00,0.5374,0.5436,0.4787,0.488,538588931.0
2022-09-23 12:00:00+00:00,0.488,0.4993,0.463,0.4718,390569784.0
2022-09-23 18:00:00+00:00,0.4717,0.5288,0.4564,0.5069,402822149.0
2022-09-24 00:00:00+00:00,0.5069,0.5144,0.4961,0.5085,189688931.0
2022-09-24 06:00:00+00:00,0.5085,0.5195,0.4844,0.4942,171496805.0
2022-09-24 12:00:00+00:00,0.4941,0.4999,0.4717,0.4947,167848636.0
2022-09-24 18:00:00+00:00,0.4947,0.5085,0.4817,0.4878,182124349.0
2022-09-25 00:00:00+00:00,0.4879,0.493,0.4757,0.4857,102885553.0
2022-09-25 06:00:00+00:00,0.4857,0.504,0.4818,0.5003,129156258.0
2022-09-25 12:00:00+00:00,0.5002,0.5215,0.4852,0.5047,335452890.0
2022-09-25 18:00:00+00:00,0.5048,0.5069,0.486,0.4917,170667862.0
2022-09-26 00:00:00+00:00,0.4916,0.502,0.4671,0.4675,176432810.0
2022-09-26 06:00:00+00:00,0.4675,0.4814,0.4576,0.4635,216363540.0
2022-09-26 12:00:00+00:00,0.4636,0.4779,0.46,0.4714,146598981.0
2022-09-26 18:00:00+00:00,0.4715,0.4791,0.4643,0.4683,87124899.0
2022-09-27 00:00:00+00:00,0.4682,0.4819,0.4647,0.4789,138183963.0
2022-09-27 06:00:00+00:00,0.4789,0.4882,0.4662,0.4693,144139306.0
2022-09-27 12:00:00+00:00,0.4693,0.483,0.435,0.4426,253126106.0
2022-09-27 18:00:00+00:00,0.4425,0.451,0.4377,0.4457,92944636.0
2022-09-28 00:00:00+00:00,0.4458,0.4504,0.4179,0.4306,162748838.0
2022-09-28 06:00:00+00:00,0.4308,0.4325,0.4168,0.4278,160067281.0
2022-09-28 12:00:00+00:00,0.4278,0.4388,0.4267,0.4306,145727883.0
2022-09-28 18:00:00+00:00,0.4308,0.4558,0.4296,0.4489,127376281.0
2022-09-29 00:00:00+00:00,0.4491,0.4518,0.4369,0.4389,93710522.0
2022-09-29 06:00:00+00:00,0.4389,0.4431,0.4339,0.4403,85147200.0
2022-09-29 12:00:00+00:00,0.4404,0.4407,0.4266,0.4337,113554976.0
2022-09-29 18:00:00+00:00,0.4338,0.5109,0.4313,0.4877,496254003.0
2022-09-30 00:00:00+00:00,0.4876,0.4939,0.4721,0.4878,147026768.0
2022-09-30 06:00:00+00:00,0.4878,0.4969,0.4772,0.4791,169639915.0
2022-09-30 12:00:00+00:00,0.4791,0.4992,0.4667,0.4944,187993530.0
2022-09-30 18:00:00+00:00,0.4944,0.4989,0.4737,0.4799,178368090.0
2022-10-01 00:00:00+00:00,0.4799,0.4817,0.4667,0.4746,77201822.0
2022-10-01 06:00:00+00:00,0.4745,0.478,0.4683,0.4737,61676792.0
2022-10-01 12:00:00+00:00,0.4737,0.4865,0.47,0.4741,152060810.0
2022-10-01 18:00:00+00:00,0.4742,0.4778,0.4717,0.4754,41805777.0
2022-10-02 00:00:00+00:00,0.4753,0.4785,0.473,0.4752,40600231.0
2022-10-02 06:00:00+00:00,0.4752,0.4785,0.45,0.4608,132911208.0
2022-10-02 12:00:00+00:00,0.4609,0.4643,0.4526,0.4597,69559256.0
2022-10-02 18:00:00+00:00,0.4597,0.4633,0.443,0.4485,88254753.0
2022-10-03 00:00:00+00:00,0.4485,0.4548,0.4372,0.4421,90164254.0
2022-10-03 06:00:00+00:00,0.4422,0.4469,0.438,0.4463,82722384.0
2022-10-03 12:00:00+00:00,0.4463,0.4592,0.4439,0.4574,112155867.0
2022-10-03 18:00:00+00:00,0.4573,0.4694,0.454,0.4621,108582930.0
2022-10-04 00:00:00+00:00,0.4622,0.4627,0.4515,0.4544,83050554.0
2022-10-04 06:00:00+00:00,0.4545,0.4755,0.4537,0.4717,151330245.0
2022-10-04 12:00:00+00:00,0.4717,0.4847,0.4679,0.479,178178756.0
2022-10-04 18:00:00+00:00,0.4791,0.4858,0.4772,0.4795,115735249.0
2022-10-05 00:00:00+00:00,0.4795,0.493,0.4716,0.4895,104020871.0
2022-10-05 06:00:00+00:00,0.4895,0.496,0.4736,0.4783,164496129.0
2022-10-05 12:00:00+00:00,0.4782,0.4973,0.4746,0.4949,182552056.0
2022-10-05 18:00:00+00:00,0.495,0.502,0.4878,0.4887,131606560.0
2022-10-06 00:00:00+00:00,0.4888,0.5063,0.4883,0.5017,107753450.0
2022-10-06 06:00:00+00:00,0.5017,0.5018,0.491,0.4983,97395266.0
2022-10-06 12:00:00+00:00,0.4983,0.503,0.49,0.4974,111788112.0
2022-10-06 18:00:00+00:00,0.4974,0.5041,0.4889,0.4934,95686676.0
2022-10-07 00:00:00+00:00,0.4934,0.4949,0.482,0.4891,69556844.0
2022-10-07 06:00:00+00:00,0.4891,0.4932,0.4849,0.4904,49824183.0
2022-10-07 12:00:00+00:00,0.4904,0.5085,0.48,0.5072,195890877.0
2022-10-07 18:00:00+00:00,0.5071,0.5339,0.5069,0.5177,208228896.0
2022-10-08 00:00:00+00:00,0.5177,0.5292,0.515,0.5231,120238454.0
2022-10-08 06:00:00+00:00,0.5231,0.5232,0.5126,0.5194,75755271.0
2022-10-08 12:00:00+00:00,0.5193,0.5265,0.5141,0.5226,77791297.0
2022-10-08 18:00:00+00:00,0.5226,0.5257,0.5111,0.517,66998724.0
2022-10-09 00:00:00+00:00,0.5171,0.5171,0.506,0.5132,56799530.0
2022-10-09 06:00:00+00:00,0.5132,0.52,0.5117,0.5188,52888403.0
2022-10-09 12:00:00+00:00,0.5186,0.5345,0.5156,0.5296,113152944.0
2022-10-09 18:00:00+00:00,0.5296,0.549,0.5284,0.5325,143538311.0
2022-10-10 00:00:00+00:00,0.5325,0.538,0.5258,0.5288,84181490.0
2022-10-10 06:00:00+00:00,0.5288,0.5301,0.5116,0.5181,147360563.0
2022-10-10 12:00:00+00:00,0.5182,0.5287,0.5142,0.527,123093012.0
2022-10-10 18:00:00+00:00,0.5271,0.5293,0.4927,0.4939,165102670.0
2022-10-11 00:00:00+00:00,0.4939,0.4989,0.4852,0.4889,120207748.0
2022-10-11 06:00:00+00:00,0.4889,0.4923,0.4768,0.4876,123486476.0
2022-10-11 12:00:00+00:00,0.4876,0.5025,0.4825,0.4954,116168947.0
2022-10-11 18:00:00+00:00,0.4955,0.4991,0.4812,0.4861,85416572.0
2022-10-12 00:00:00+00:00,0.486,0.491,0.482,0.4891,66357336.0
2022-10-12 06:00:00+00:00,0.4891,0.4929,0.4856,0.4908,56201457.0
2022-10-12 12:00:00+00:00,0.4908,0.496,0.4831,0.4881,85132200.0
2022-10-12 18:00:00+00:00,0.4881,0.4911,0.4854,0.4881,37530991.0
2022-10-13 00:00:00+00:00,0.4881,0.4898,0.4652,0.4717,107369894.0
2022-10-13 06:00:00+00:00,0.4716,0.4725,0.4401,0.4571,191207180.0
2022-10-13 12:00:00+00:00,0.4571,0.4856,0.4458,0.4817,227943391.0
2022-10-13 18:00:00+00:00,0.4816,0.4894,0.4788,0.4791,75231144.0
2022-10-14 00:00:00+00:00,0.4791,0.507,0.4782,0.4986,135793828.0
2022-10-14 06:00:00+00:00,0.4985,0.505,0.494,0.4986,101441884.0
2022-10-14 12:00:00+00:00,0.4986,0.5125,0.4877,0.4967,149419532.0
2022-10-14 18:00:00+00:00,0.4967,0.4967,0.4809,0.4883,70603965.0
2022-10-15 00:00:00+00:00,0.4882,0.49,0.4839,0.4873,32522505.0
2022-10-15 06:00:00+00:00,0.4873,0.4888,0.4774,0.4855,45717520.0
2022-10-15 12:00:00+00:00,0.4856,0.4896,0.4822,0.484,36487308.0
2022-10-15 18:00:00+00:00,0.484,0.485,0.4783,0.4818,40435790.0
2022-10-16 00:00:00+00:00,0.4818,0.4876,0.4815,0.4837,24714380.0
2022-10-16 06:00:00+00:00,0.4837,0.4862,0.4796,0.4831,50904667.0
2022-10-16 12:00:00+00:00,0.4832,0.4842,0.4732,0.4734,67363539.0
2022-10-16 18:00:00+00:00,0.4734,0.4829,0.468,0.4766,77911515.0
2022-10-17 00:00:00+00:00,0.4765,0.4768,0.4627,0.4681,63981020.0
2022-10-17 06:00:00+00:00,0.4682,0.4763,0.4653,0.4756,71507666.0
2022-10-17 12:00:00+00:00,0.4755,0.4825,0.4727,0.4784,74241446.0
2022-10-17 18:00:00+00:00,0.4784,0.482,0.4712,0.4804,56781420.0
2022-10-18 00:00:00+00:00,0.4804,0.4843,0.4714,0.4759,65281924.0
2022-10-18 06:00:00+00:00,0.4758,0.4775,0.4663,0.4702,82719259.0
2022-10-18 12:00:00+00:00,0.4702,0.4731,0.4628,0.4694,71825074.0
2022-10-18 18:00:00+00:00,0.4695,0.4702,0.4571,0.4658,69863464.0
2022-10-19 00:00:00+00:00,0.4657,0.4667,0.4581,0.4615,74546201.0
2022-10-19 06:00:00+00:00,0.4614,0.4617,0.452,0.4542,86647502.0
2022-10-19 12:00:00+00:00,0.4543,0.4615,0.4513,0.4588,71949083.0
2022-10-19 18:00:00+00:00,0.4588,0.4643,0.4471,0.4504,97184721.0
2022-10-20 00:00:00+00:00,0.4504,0.4634,0.4497,0.4606,70037147.0
2022-10-20 06:00:00+00:00,0.4607,0.4639,0.4572,0.4628,62307869.0
2022-10-20 12:00:00+00:00,0.4628,0.4646,0.4475,0.45,74481655.0
2022-10-20 18:00:00+00:00,0.4499,0.4547,0.4224,0.4465,189917374.0
2022-10-21 00:00:00+00:00,0.4465,0.4509,0.4406,0.4477,88397150.0
2022-10-21 06:00:00+00:00,0.4477,0.4487,0.4377,0.4409,74952361.0
2022-10-21 12:00:00+00:00,0.4409,0.4524,0.4336,0.4496,119268578.0
2022-10-21 18:00:00+00:00,0.4497,0.4617,0.4485,0.4614,79382462.0
2022-10-22 00:00:00+00:00,0.4613,0.4629,0.4561,0.4571,41574882.0
2022-10-22 06:00:00+00:00,0.4571,0.4675,0.4566,0.4667,33803128.0
2022-10-22 12:00:00+00:00,0.4666,0.4708,0.4615,0.4621,68537582.0
2022-10-22 18:00:00+00:00,0.4621,0.4664,0.4605,0.4653,25006911.0
2022-10-23 00:00:00+00:00,0.4653,0.4659,0.4581,0.4603,35620509.0
2022-10-23 06:00:00+00:00,0.4603,0.4616,0.4518,0.4528,43754173.0
2022-10-23 12:00:00+00:00,0.4528,0.4654,0.4527,0.464,41900293.0
2022-10-23 18:00:00+00:00,0.4641,0.4726,0.4595,0.4688,80344062.0
2022-10-24 00:00:00+00:00,0.4688,0.473,0.4548,0.4564,76097965.0
2022-10-24 06:00:00+00:00,0.4564,0.4591,0.452,0.458,77216086.0
2022-10-24 12:00:00+00:00,0.458,0.4593,0.4478,0.4565,73808787.0
2022-10-24 18:00:00+00:00,0.4565,0.4598,0.4522,0.4529,42067155.0
2022-10-25 00:00:00+00:00,0.453,0.4569,0.4434,0.4477,67966417.0
2022-10-25 06:00:00+00:00,0.4478,0.4497,0.4444,0.4477,44713086.0
2022-10-25 12:00:00+00:00,0.4478,0.468,0.4454,0.4656,129895563.0
2022-10-25 18:00:00+00:00,0.4655,0.4728,0.4556,0.4605,107786333.0
2022-10-26 00:00:00+00:00,0.4606,0.4637,0.4562,0.4632,60354615.0
2022-10-26 06:00:00+00:00,0.4631,0.4685,0.4608,0.4646,76610498.0
2022-10-26 12:00:00+00:00,0.4646,0.4715,0.4614,0.4653,102748697.0
2022-10-26 18:00:00+00:00,0.4652,0.4711,0.4622,0.4689,69086267.0
2022-10-27 00:00:00+00:00,0.4689,0.4824,0.4671,0.4738,126057944.0
2022-10-27 06:00:00+00:00,0.4738,0.4763,0.4685,0.4712,86870845.0
2022-10-27 12:00:00+00:00,0.4713,0.4759,0.4642,0.4689,94066302.0
2022-10-27 18:00:00+00:00,0.469,0.4734,0.4584,0.4615,79152109.0
2022-10-28 00:00:00+00:00,0.4615,0.4669,0.4595,0.4614,56194006.0
2022-10-28 06:00:00+00:00,0.4614,0.4632,0.4564,0.46,52270439.0
2022-10-28 12:00:00+00:00,0.46,0.47,0.457,0.4673,89937733.0
2022-10-28 18:00:00+00:00,0.4674,0.4755,0.4671,0.4744,60109444.0
2022-10-29 00:00:00+00:00,0.4743,0.4748,0.4696,0.4701,35349957.0
2022-10-29 06:00:00+00:00,0.4701,0.4837,0.4696,0.4709,92995560.0
2022-10-29 12:00:00+00:00,0.471,0.479,0.4676,0.4699,96342784.0
2022-10-29 18:00:00+00:00,0.4699,0.4766,0.4657,0.4701,59687200.0
2022-10-30 00:00:00+00:00,0.4702,0.4735,0.4657,0.4671,41836150.0
2022-10-30 06:00:00+00:00,0.4671,0.4714,0.4606,0.4651,59324902.0
2022-10-30 12:00:00+00:00,0.4652,0.4652,0.4579,0.463,44878075.0
2022-10-30 18:00:00+00:00,0.463,0.464,0.4537,0.4582,36792275.0
2022-10-31 00:00:00+00:00,0.4582,0.4606,0.4483,0.4579,68201491.0
2022-10-31 06:00:00+00:00,0.4578,0.4632,0.4541,0.4576,63336333.0
2022-10-31 12:00:00+00:00,0.4576,0.4611,0.4476,0.453,73995007.0
2022-10-31 18:00:00+00:00,0.4531,0.4674,0.4517,0.4641,86099303.0
2022-11-01 00:00:00+00:00,0.464,0.4643,0.4571,0.4598,75572368.0
2022-11-01 06:00:00+00:00,0.4599,0.4652,0.4583,0.4613,72385371.0
2022-11-01 12:00:00+00:00,0.4614,0.463,0.4543,0.462,68347782.0
2022-11-01 18:00:00+00:00,0.462,0.467,0.4608,0.4636,56247365.0
2022-11-02 00:00:00+00:00,0.4635,0.4659,0.4579,0.4598,52364330.0
2022-11-02 06:00:00+00:00,0.4597,0.4609,0.4512,0.4544,65460062.0
2022-11-02 12:00:00+00:00,0.4543,0.4622,0.4522,0.4589,53093414.0
2022-11-02 18:00:00+00:00,0.459,0.4655,0.4451,0.4497,134409790.0
2022-11-03 00:00:00+00:00,0.4498,0.4591,0.4487,0.4574,70580554.0
2022-11-03 06:00:00+00:00,0.4575,0.4598,0.4537,0.455,48109991.0
2022-11-03 12:00:00+00:00,0.4551,0.4578,0.4519,0.4555,60015409.0
2022-11-03 18:00:00+00:00,0.4556,0.4597,0.4536,0.4548,42699635.0
2022-11-04 00:00:00+00:00,0.4548,0.463,0.4532,0.4617,51327711.0
2022-11-04 06:00:00+00:00,0.4617,0.5078,0.4615,0.4889,269860694.0
2022-11-04 12:00:00+00:00,0.4888,0.5038,0.485,0.4919,165869436.0
2022-11-04 18:00:00+00:00,0.4918,0.5066,0.4894,0.5064,74921588.0
2022-11-05 00:00:00+00:00,0.5063,0.51,0.4946,0.4988,67268704.0
2022-11-05 06:00:00+00:00,0.4988,0.5017,0.4915,0.4971,37839169.0
2022-11-05 12:00:00+00:00,0.4972,0.5033,0.492,0.4987,41149325.0
2022-11-05 18:00:00+00:00,0.4987,0.5094,0.489,0.493,53103502.0
2022-11-06 00:00:00+00:00,0.493,0.4947,0.487,0.4882,33123884.0
2022-11-06 06:00:00+00:00,0.4882,0.4928,0.4872,0.4905,27044446.0
2022-11-06 12:00:00+00:00,0.4905,0.4927,0.4813,0.4875,45147295.0
2022-11-06 18:00:00+00:00,0.4874,0.4895,0.468,0.4709,57810182.0
2022-11-07 00:00:00+00:00,0.4708,0.476,0.4683,0.4703,67968618.0
2022-11-07 06:00:00+00:00,0.4703,0.4725,0.461,0.4701,84497645.0
2022-11-07 12:00:00+00:00,0.4701,0.48,0.4697,0.4739,80719896.0
2022-11-07 18:00:00+00:00,0.4739,0.4767,0.4585,0.4648,92147759.0
2022-11-08 00:00:00+00:00,0.4647,0.4669,0.423,0.4309,197804946.0
2022-11-08 06:00:00+00:00,0.4309,0.4437,0.4279,0.4374,139194247.0
2022-11-08 12:00:00+00:00,0.4374,0.4568,0.4288,0.4304,220222883.0
2022-11-08 18:00:00+00:00,0.4303,0.4348,0.3355,0.4059,420860573.0
2022-11-09 00:00:00+00:00,0.4059,0.411,0.3794,0.3851,199678046.0
2022-11-09 06:00:00+00:00,0.3851,0.3943,0.3551,0.3753,264736777.0
2022-11-09 12:00:00+00:00,0.3754,0.3862,0.3526,0.3564,219013241.0
2022-11-09 18:00:00+00:00,0.3564,0.3622,0.316,0.3331,224646133.0
2022-11-10 00:00:00+00:00,0.3332,0.378,0.3301,0.3708,234639600.0
2022-11-10 06:00:00+00:00,0.3708,0.3743,0.3556,0.3603,194839654.0
2022-11-10 12:00:00+00:00,0.3604,0.3966,0.3591,0.3772,279502360.0
2022-11-10 18:00:00+00:00,0.3772,0.403,0.3746,0.3942,106089238.0
2022-11-11 00:00:00+00:00,0.3942,0.3991,0.3753,0.3888,157817798.0
2022-11-11 06:00:00+00:00,0.3887,0.3963,0.3834,0.3892,88753475.0
2022-11-11 12:00:00+00:00,0.3892,0.3969,0.3661,0.3767,160692497.0
2022-11-11 18:00:00+00:00,0.3766,0.3868,0.3674,0.3843,70682060.0
2022-11-12 00:00:00+00:00,0.3843,0.3846,0.3625,0.3652,75523766.0
2022-11-12 06:00:00+00:00,0.3652,0.3719,0.364,0.3716,62122774.0
2022-11-12 12:00:00+00:00,0.3716,0.3731,0.3601,0.3619,77238813.0
2022-11-12 18:00:00+00:00,0.3619,0.3672,0.3592,0.3636,39936083.0
2022-11-13 00:00:00+00:00,0.3635,0.3694,0.3615,0.3653,33790178.0
2022-11-13 06:00:00+00:00,0.3653,0.3661,0.3474,0.3512,92167260.0
2022-11-13 12:00:00+00:00,0.3512,0.3563,0.3423,0.3457,107838805.0
2022-11-13 18:00:00+00:00,0.3458,0.3468,0.3325,0.3408,100714206.0
2022-11-14 00:00:00+00:00,0.3409,0.3483,0.321,0.3248,168586852.0
2022-11-14 06:00:00+00:00,0.3248,0.353,0.324,0.35,165232799.0
2022-11-14 12:00:00+00:00,0.35,0.3583,0.3386,0.343,143426941.0
2022-11-14 18:00:00+00:00,0.343,0.3796,0.3415,0.3776,216300445.0
2022-11-15 00:00:00+00:00,0.3775,0.3879,0.3668,0.3749,156878004.0
2022-11-15 06:00:00+00:00,0.3748,0.3892,0.3743,0.3795,119767708.0
2022-11-15 12:00:00+00:00,0.3796,0.3977,0.3779,0.3909,152635026.0
2022-11-15 18:00:00+00:00,0.3908,0.3914,0.3764,0.3888,112024487.0
2022-11-16 00:00:00+00:00,0.3887,0.3896,0.379,0.3872,79044788.0
2022-11-16 06:00:00+00:00,0.3873,0.3915,0.375,0.3764,93520939.0
2022-11-16 12:00:00+00:00,0.3764,0.3772,0.3614,0.3702,121262158.0
2022-11-16 18:00:00+00:00,0.3702,0.3776,0.3667,0.3752,69448525.0
2022-11-17 00:00:00+00:00,0.3751,0.3873,0.3705,0.3836,102708101.0
2022-11-17 06:00:00+00:00,0.3836,0.3839,0.3691,0.3744,107520212.0
2022-11-17 12:00:00+00:00,0.3744,0.3804,0.3714,0.376,134526902.0
2022-11-17 18:00:00+00:00,0.376,0.3853,0.3756,0.3819,69017198.0
2022-11-18 00:00:00+00:00,0.3819,0.3878,0.3789,0.3804,84339947.0
2022-11-18 06:00:00+00:00,0.3804,0.3849,0.3775,0.3812,66023219.0
2022-11-18 12:00:00+00:00,0.3812,0.384,0.3733,0.3788,90309390.0
2022-11-18 18:00:00+00:00,0.3787,0.3838,0.3784,0.3829,51918553.0
2022-11-19 00:00:00+00:00,0.3829,0.3832,0.3752,0.3782,43756482.0
2022-11-19 06:00:00+00:00,0.3783,0.381,0.3775,0.3804,37979638.0
2022-11-19 12:00:00+00:00,0.3804,0.3829,0.3781,0.3814,30721970.0
2022-11-19 18:00:00+00:00,0.3814,0.3886,0.3804,0.3841,32855283.0
2022-11-20 00:00:00+00:00,0.3842,0.3969,0.3837,0.391,67572660.0
2022-11-20 06:00:00+00:00,0.391,0.3912,0.3736,0.3752,75380023.0
2022-11-20 12:00:00+00:00,0.3751,0.3762,0.3696,0.3726,72089287.0
2022-11-20 18:00:00+00:00,0.3726,0.3791,0.3585,0.3608,93331872.0
2022-11-21 00:00:00+00:00,0.3608,0.3621,0.3457,0.3586,185135598.0
2022-11-21 06:00:00+00:00,0.3586,0.3591,0.3484,0.3498,113774415.0
2022-11-21 12:00:00+00:00,0.3498,0.3593,0.3472,0.356,124590282.0
2022-11-21 18:00:00+00:00,0.356,0.369,0.3494,0.3645,168206179.0
2022-11-22 00:00:00+00:00,0.3645,0.3674,0.3541,0.3542,116965716.0
2022-11-22 06:00:00+00:00,0.3542,0.363,0.3513,0.3606,105862369.0
2022-11-22 12:00:00+00:00,0.3605,0.3748,0.3595,0.3708,152037011.0
2022-11-22 18:00:00+00:00,0.3707,0.3784,0.3707,0.3757,89840151.0
2022-11-23 00:00:00+00:00,0.3758,0.3788,0.3682,0.3743,109186923.0
2022-11-23 06:00:00+00:00,0.3742,0.3823,0.3742,0.3768,92223548.0
2022-11-23 12:00:00+00:00,0.3767,0.3778,0.3709,0.3768,78457333.0
2022-11-23 18:00:00+00:00,0.3768,0.3824,0.3742,0.3815,74190998.0
2022-11-24 00:00:00+00:00,0.3816,0.3843,0.3781,0.3798,83807499.0
2022-11-24 06:00:00+00:00,0.3798,0.3845,0.3742,0.3787,73957341.0
2022-11-24 12:00:00+00:00,0.3786,0.4043,0.3779,0.3994,172504193.0
2022-11-24 18:00:00+00:00,0.3993,0.405,0.3957,0.4018,123818858.0
2022-11-25 00:00:00+00:00,0.4018,0.4019,0.3888,0.3985,93600876.0
2022-11-25 06:00:00+00:00,0.3985,0.4194,0.3982,0.4057,190370976.0
2022-11-25 12:00:00+00:00,0.4058,0.4097,0.3987,0.4029,82641738.0
2022-11-25 18:00:00+00:00,0.4029,0.4108,0.4002,0.4078,61889667.0
2022-11-26 00:00:00+00:00,0.4077,0.4146,0.4033,0.4077,52832642.0
2022-11-26 06:00:00+00:00,0.4077,0.4091,0.4046,0.4066,34648332.0
2022-11-26 12:00:00+00:00,0.4067,0.4093,0.3989,0.4021,48235757.0
2022-11-26 18:00:00+00:00,0.4021,0.4034,0.3927,0.396,48864660.0
2022-11-27 00:00:00+00:00,0.396,0.4032,0.3952,0.4012,32809866.0
2022-11-27 06:00:00+00:00,0.4012,0.4089,0.398,0.4068,59123735.0
2022-11-27 12:00:00+00:00,0.4067,0.4096,0.3985,0.399,61343944.0
2022-11-27 18:00:00+00:00,0.399,0.4044,0.3942,0.3962,46154637.0
2022-11-28 00:00:00+00:00,0.3961,0.3991,0.373,0.3796,154019614.0
2022-11-28 06:00:00+00:00,0.3796,0.3847,0.3777,0.3778,80614677.0
2022-11-28 12:00:00+00:00,0.3778,0.3882,0.3733,0.3864,123545669.0
2022-11-28 18:00:00+00:00,0.3863,0.391,0.3828,0.3888,76750337.0
2022-11-29 00:00:00+00:00,0.3888,0.3949,0.3829,0.3916,115693393.0
2022-11-29 06:00:00+00:00,0.3916,0.3948,0.3901,0.3927,74652608.0
2022-11-29 12:00:00+00:00,0.3927,0.3946,0.3863,0.3896,76786463.0
2022-11-29 18:00:00+00:00,0.3896,0.4039,0.3893,0.3981,88505613.0
2022-11-30 00:00:00+00:00,0.3981,0.4089,0.3964,0.4016,103957981.0
2022-11-30 06:00:00+00:00,0.4015,0.4043,0.3987,0.4005,65963381.0
2022-11-30 12:00:00+00:00,0.4005,0.4029,0.3934,0.3957,70009587.0
2022-11-30 18:00:00+00:00,0.3956,0.4117,0.3926,0.4078,89826275.0
2022-12-01 00:00:00+00:00,0.4078,0.4093,0.3983,0.3987,69646818.0
2022-12-01 06:00:00+00:00,0.3987,0.4015,0.3976,0.4005,55552755.0
2022-12-01 12:00:00+00:00,0.4005,0.4029,0.3944,0.3967,83455640.0
2022-12-01 18:00:00+00:00,0.3967,0.3983,0.3947,0.3969,42548290.0
2022-12-02 00:00:00+00:00,0.3968,0.3975,0.3838,0.3894,92438794.0
2022-12-02 06:00:00+00:00,0.3894,0.3917,0.3881,0.3905,53955636.0
2022-12-02 12:00:00+00:00,0.3904,0.3913,0.3854,0.39,64911428.0
2022-12-02 18:00:00+00:00,0.39,0.3968,0.3895,0.3961,46571220.0
2022-12-03 00:00:00+00:00,0.3961,0.3968,0.3911,0.3922,35628211.0
2022-12-03 06:00:00+00:00,0.3922,0.3951,0.3873,0.3943,41976717.0
2022-12-03 12:00:00+00:00,0.3944,0.3973,0.3924,0.3936,44473120.0
2022-12-03 18:00:00+00:00,0.3936,0.3946,0.3853,0.3873,30841190.0
2022-12-04 00:00:00+00:00,0.3873,0.3921,0.387,0.3908,22368874.0
2022-12-04 06:00:00+00:00,0.3909,0.3915,0.3879,0.3895,36511644.0
2022-12-04 12:00:00+00:00,0.3894,0.3909,0.386,0.3904,30610180.0
2022-12-04 18:00:00+00:00,0.3904,0.3932,0.387,0.3895,44943801.0
2022-12-05 00:00:00+00:00,0.3895,0.3954,0.3887,0.3945,82298960.0
2022-12-05 06:00:00+00:00,0.3945,0.3946,0.3899,0.3929,85254319.0
2022-12-05 12:00:00+00:00,0.3929,0.3942,0.3886,0.3918,74575050.0
2022-12-05 18:00:00+00:00,0.3919,0.3933,0.38,0.3893,96076742.0
2022-12-06 00:00:00+00:00,0.3893,0.3908,0.3808,0.3838,81449732.0
2022-12-06 06:00:00+00:00,0.3837,0.3852,0.3808,0.3847,82791034.0
2022-12-06 12:00:00+00:00,0.3846,0.3904,0.3846,0.3885,86408354.0
2022-12-06 18:00:00+00:00,0.3885,0.3925,0.3864,0.3914,51542519.0
2022-12-07 00:00:00+00:00,0.3914,0.3925,0.3846,0.3884,69519733.0
2022-12-07 06:00:00+00:00,0.3883,0.3886,0.3733,0.3782,128680663.0
2022-12-07 12:00:00+00:00,0.3782,0.384,0.3781,0.3825,61654038.0
2022-12-07 18:00:00+00:00,0.3824,0.384,0.3793,0.3835,47878891.0
2022-12-08 00:00:00+00:00,0.3834,0.3912,0.3831,0.3875,70592998.0
2022-12-08 06:00:00+00:00,0.3876,0.3894,0.3826,0.3859,67932219.0
2022-12-08 12:00:00+00:00,0.3859,0.3916,0.3845,0.39,62260010.0
2022-12-08 18:00:00+00:00,0.39,0.3962,0.3889,0.3941,75469880.0
2022-12-09 00:00:00+00:00,0.3942,0.3952,0.3896,0.3908,62769300.0
2022-12-09 06:00:00+00:00,0.3907,0.3946,0.3895,0.3901,93113765.0
2022-12-09 12:00:00+00:00,0.3901,0.3917,0.3843,0.3875,68499387.0
2022-12-09 18:00:00+00:00,0.3874,0.3899,0.3859,0.3889,35152653.0
2022-12-10 00:00:00+00:00,0.3889,0.3892,0.3869,0.3871,25229739.0
2022-12-10 06:00:00+00:00,0.3871,0.3886,0.386,0.3879,36004276.0
2022-12-10 12:00:00+00:00,0.3878,0.3893,0.3866,0.3872,20020362.0
2022-12-10 18:00:00+00:00,0.3872,0.388,0.3854,0.3865,18178833.0
2022-12-11 00:00:00+00:00,0.3865,0.3886,0.3863,0.3875,16000971.0
2022-12-11 06:00:00+00:00,0.3875,0.3876,0.3854,0.3862,18127069.0
2022-12-11 12:00:00+00:00,0.3862,0.3872,0.3846,0.3868,16721613.0
2022-12-11 18:00:00+00:00,0.3868,0.3876,0.3778,0.3809,45524475.0
2022-12-12 00:00:00+00:00,0.3808,0.3829,0.3707,0.3761,103035692.0
2022-12-12 06:00:00+00:00,0.376,0.3781,0.3722,0.3737,87715044.0
2022-12-12 12:00:00+00:00,0.3737,0.3776,0.3727,0.3772,75211430.0
2022-12-12 18:00:00+00:00,0.3771,0.3898,0.3764,0.3874,82066290.0
2022-12-13 00:00:00+00:00,0.3875,0.3879,0.3786,0.382,95042301.0
2022-12-13 06:00:00+00:00,0.382,0.3869,0.3801,0.386,114608146.0
2022-12-13 12:00:00+00:00,0.386,0.397,0.3857,0.3888,156919041.0
2022-12-13 18:00:00+00:00,0.3887,0.3965,0.3885,0.3952,73548582.0
2022-12-14 00:00:00+00:00,0.3953,0.3956,0.389,0.3892,80082472.0
2022-12-14 06:00:00+00:00,0.3892,0.3918,0.388,0.39,61177514.0
2022-12-14 12:00:00+00:00,0.39,0.3941,0.3895,0.3915,65803905.0
2022-12-14 18:00:00+00:00,0.3915,0.395,0.3768,0.3853,122543295.0
2022-12-15 00:00:00+00:00,0.3852,0.3867,0.3769,0.3806,68076869.0
2022-12-15 06:00:00+00:00,0.3807,0.3822,0.3779,0.3804,42581627.0
2022-12-15 12:00:00+00:00,0.3804,0.3833,0.379,0.3796,58006489.0
2022-12-15 18:00:00+00:00,0.3796,0.3797,0.3735,0.378,57875181.0
2022-12-16 00:00:00+00:00,0.3779,0.379,0.3762,0.3789,44816009.0
2022-12-16 06:00:00+00:00,0.3788,0.3799,0.3569,0.3651,121065094.0
2022-12-16 12:00:00+00:00,0.3651,0.3654,0.3566,0.3574,96507758.0
2022-12-16 18:00:00+00:00,0.3575,0.3657,0.344,0.3511,114039711.0
2022-12-17 00:00:00+00:00,0.351,0.3598,0.3495,0.353,88534198.0
2022-12-17 06:00:00+00:00,0.353,0.3568,0.3516,0.3526,46293429.0
2022-12-17 12:00:00+00:00,0.3526,0.3538,0.3467,0.3487,35389707.0
2022-12-17 18:00:00+00:00,0.3486,0.3554,0.3484,0.3545,38275088.0
2022-12-18 00:00:00+00:00,0.3545,0.3556,0.3514,0.3543,27244086.0
2022-12-18 06:00:00+00:00,0.3543,0.3543,0.3487,0.3523,29961135.0
2022-12-18 12:00:00+00:00,0.3523,0.3527,0.3473,0.3493,29465410.0
2022-12-18 18:00:00+00:00,0.3493,0.3526,0.3474,0.3499,28751162.0
2022-12-19 00:00:00+00:00,0.3499,0.353,0.3376,0.3402,103292798.0
2022-12-19 06:00:00+00:00,0.3403,0.346,0.3398,0.3423,83360939.0
2022-12-19 12:00:00+00:00,0.3424,0.3436,0.3335,0.3375,100049919.0
2022-12-19 18:00:00+00:00,0.3375,0.3415,0.332,0.3389,78996206.0
2022-12-20 00:00:00+00:00,0.3389,0.3448,0.3359,0.3442,105943341.0
2022-12-20 06:00:00+00:00,0.3442,0.3471,0.3406,0.3437,75514468.0
2022-12-20 12:00:00+00:00,0.3437,0.3493,0.3425,0.3454,67769977.0
2022-12-20 18:00:00+00:00,0.3454,0.3532,0.345,0.3482,63196996.0
2022-12-21 00:00:00+00:00,0.3482,0.3505,0.3371,0.3431,109483436.0
2022-12-21 06:00:00+00:00,0.3431,0.3448,0.339,0.3437,70997901.0
2022-12-21 12:00:00+00:00,0.3437,0.3444,0.3411,0.3415,59008504.0
2022-12-21 18:00:00+00:00,0.3414,0.3473,0.3412,0.3449,47936110.0
2022-12-22 00:00:00+00:00,0.3448,0.3472,0.3417,0.3429,58385501.0
2022-12-22 06:00:00+00:00,0.3428,0.3481,0.3418,0.3464,69848855.0
2022-12-22 12:00:00+00:00,0.3464,0.347,0.3414,0.3418,70319415.0
2022-12-22 18:00:00+00:00,0.3418,0.3503,0.3417,0.3492,56601542.0
2022-12-23 00:00:00+00:00,0.3492,0.351,0.3471,0.3502,59679588.0
2022-12-23 06:00:00+00:00,0.3501,0.3521,0.3475,0.3511,57864507.0
2022-12-23 12:00:00+00:00,0.351,0.3545,0.349,0.3515,58638349.0
2022-12-23 18:00:00+00:00,0.3515,0.355,0.3506,0.3543,45700098.0
2022-12-24 00:00:00+00:00,0.3542,0.3544,0.3515,0.3519,21030826.0
2022-12-24 06:00:00+00:00,0.3519,0.3526,0.3509,0.3522,15724645.0
2022-12-24 12:00:00+00:00,0.3522,0.3527,0.3513,0.3515,15119863.0
2022-12-24 18:00:00+00:00,0.3516,0.3528,0.3512,0.3517,10982578.0
2022-12-25 00:00:00+00:00,0.3518,0.3519,0.3481,0.3495,24668703.0
2022-12-25 06:00:00+00:00,0.3494,0.3496,0.347,0.3472,18277928.0
2022-12-25 12:00:00+00:00,0.3471,0.348,0.3439,0.3455,30594199.0
2022-12-25 18:00:00+00:00,0.3455,0.347,0.3442,0.3457,26803765.0
2022-12-26 00:00:00+00:00,0.3457,0.3504,0.3455,0.3496,50773189.0
2022-12-26 06:00:00+00:00,0.3496,0.3518,0.3492,0.3509,55320664.0
2022-12-26 12:00:00+00:00,0.3509,0.3653,0.3509,0.3648,109717468.0
2022-12-26 18:00:00+00:00,0.3647,0.37,0.3629,0.3658,122023560.0
2022-12-27 00:00:00+00:00,0.3657,0.3676,0.3586,0.3615,88533609.0
2022-12-27 06:00:00+00:00,0.3615,0.3731,0.3614,0.3685,123205242.0
2022-12-27 12:00:00+00:00,0.3684,0.3713,0.3639,0.3682,97915209.0
2022-12-27 18:00:00+00:00,0.3681,0.3722,0.3661,0.3675,75540710.0
2022-12-28 00:00:00+00:00,0.3675,0.3687,0.3546,0.356,141640813.0
2022-12-28 06:00:00+00:00,0.3559,0.3598,0.3557,0.3585,59434114.0
2022-12-28 12:00:00+00:00,0.3585,0.362,0.3553,0.3584,76703356.0
2022-12-28 18:00:00+00:00,0.3583,0.3599,0.3555,0.3558,59317464.0
2022-12-29 00:00:00+00:00,0.3559,0.3577,0.3423,0.3475,121894115.0
2022-12-29 06:00:00+00:00,0.3475,0.3485,0.3429,0.3435,74062360.0
2022-12-29 12:00:00+00:00,0.3434,0.3472,0.3428,0.3455,54208977.0
2022-12-29 18:00:00+00:00,0.3455,0.3461,0.3361,0.3421,97654573.0
2022-12-30 00:00:00+00:00,0.3421,0.3449,0.3337,0.3375,92672271.0
2022-12-30 06:00:00+00:00,0.3374,0.34,0.3337,0.3382,66253469.0
2022-12-30 12:00:00+00:00,0.3382,0.3406,0.3363,0.3405,58211655.0
2022-12-30 18:00:00+00:00,0.3405,0.3461,0.3402,0.3451,52900223.0
2022-12-31 00:00:00+00:00,0.345,0.3452,0.34,0.3407,30165874.0
2022-12-31 06:00:00+00:00,0.3408,0.3444,0.3405,0.3437,31296420.0
2022-12-31 12:00:00+00:00,0.3437,0.3453,0.3407,0.3419,28131669.0
2022-12-31 18:00:00+00:00,0.3419,0.3437,0.3384,0.3389,48562735.0
2023-01-01 00:00:00+00:00,0.3389,0.339,0.3354,0.3367,38852061.0
2023-01-01 06:00:00+00:00,0.3367,0.3386,0.3358,0.3385,19184032.0
2023-01-01 12:00:00+00:00,0.3384,0.3388,0.3363,0.338,22213724.0
2023-01-01 18:00:00+00:00,0.3381,0.34,0.3377,0.3387,21777004.0
2023-01-02 00:00:00+00:00,0.3386,0.3395,0.3,0.3316,280285553.0
2023-01-02 06:00:00+00:00,0.3316,0.3479,0.3308,0.3445,153828361.0
2023-01-02 12:00:00+00:00,0.3445,0.3555,0.3422,0.353,125406708.0
2023-01-02 18:00:00+00:00,0.3529,0.3549,0.3474,0.3482,87999865.0
2023-01-03 00:00:00+00:00,0.3482,0.3483,0.3417,0.3479,99981142.0
2023-01-03 06:00:00+00:00,0.3478,0.352,0.3437,0.3441,91236054.0
2023-01-03 12:00:00+00:00,0.3441,0.3473,0.3395,0.3428,97652932.0
2023-01-03 18:00:00+00:00,0.3427,0.3468,0.3415,0.3436,57540206.0
2023-01-04 00:00:00+00:00,0.3436,0.3525,0.3421,0.3493,98908646.0
2023-01-04 06:00:00+00:00,0.3493,0.351,0.3472,0.3491,82505668.0
2023-01-04 12:00:00+00:00,0.349,0.3493,0.3434,0.3469,86153093.0
2023-01-04 18:00:00+00:00,0.3469,0.3605,0.339,0.3472,105105389.0
2023-01-05 00:00:00+00:00,0.3471,0.3487,0.344,0.3478,45617096.0
2023-01-05 06:00:00+00:00,0.3477,0.3478,0.337,0.3418,86747348.0
2023-01-05 12:00:00+00:00,0.3418,0.3424,0.3377,0.338,76722075.0
2023-01-05 18:00:00+00:00,0.338,0.342,0.3333,0.338,56443149.0
2023-01-06 00:00:00+00:00,0.338,0.3407,0.3347,0.3364,65467014.0
2023-01-06 06:00:00+00:00,0.3363,0.3369,0.3311,0.3346,74427892.0
2023-01-06 12:00:00+00:00,0.3345,0.3383,0.3331,0.3373,81641943.0
2023-01-06 18:00:00+00:00,0.3373,0.3462,0.3372,0.3443,56768080.0
2023-01-07 00:00:00+00:00,0.3442,0.3455,0.3423,0.3429,29146783.0
2023-01-07 06:00:00+00:00,0.3429,0.3433,0.3413,0.3427,19416408.0
2023-01-07 12:00:00+00:00,0.3426,0.3457,0.342,0.3432,35310496.0
2023-01-07 18:00:00+00:00,0.3431,0.3456,0.3427,0.3442,19977737.0
2023-01-08 00:00:00+00:00,0.3442,0.345,0.3354,0.3408,57967354.0
2023-01-08 06:00:00+00:00,0.3407,0.342,0.3381,0.3387,38924576.0
2023-01-08 12:00:00+00:00,0.3387,0.3438,0.3387,0.3393,35064532.0
2023-01-08 18:00:00+00:00,0.3393,0.3469,0.3388,0.3452,53559862.0
2023-01-09 00:00:00+00:00,0.3452,0.3545,0.3437,0.3518,143184590.0
2023-01-09 06:00:00+00:00,0.3518,0.3525,0.3468,0.3504,123537543.0
2023-01-09 12:00:00+00:00,0.3503,0.357,0.3444,0.3555,142109862.0
2023-01-09 18:00:00+00:00,0.3554,0.3576,0.3464,0.349,118914620.0
2023-01-10 00:00:00+00:00,0.3489,0.3524,0.3432,0.3494,87879205.0
2023-01-10 06:00:00+00:00,0.3494,0.3507,0.3465,0.3491,93982220.0
2023-01-10 12:00:00+00:00,0.349,0.3507,0.3465,0.35,88292677.0
2023-01-10 18:00:00+00:00,0.3499,0.3541,0.3499,0.3507,68423758.0
2023-01-11 00:00:00+00:00,0.3506,0.368,0.3477,0.3628,160109261.0
2023-01-11 06:00:00+00:00,0.3627,0.3662,0.3568,0.3619,135119354.0
2023-01-11 12:00:00+00:00,0.3618,0.375,0.3609,0.3701,189596000.0
2023-01-11 18:00:00+00:00,0.3702,0.3785,0.3683,0.3728,141212846.0
2023-01-12 00:00:00+00:00,0.3728,0.382,0.3705,0.3743,135673247.0
2023-01-12 06:00:00+00:00,0.3743,0.3751,0.3682,0.369,90172178.0
2023-01-12 12:00:00+00:00,0.3689,0.3756,0.3607,0.3753,181924408.0
2023-01-12 18:00:00+00:00,0.3753,0.3784,0.3729,0.3748,97984398.0
2023-01-13 00:00:00+00:00,0.3748,0.38,0.3703,0.3763,88875283.0
2023-01-13 06:00:00+00:00,0.3762,0.3781,0.3735,0.3746,91559315.0
2023-01-13 12:00:00+00:00,0.3746,0.375,0.368,0.3736,104111098.0
2023-01-13 18:00:00+00:00,0.3735,0.3868,0.3731,0.3858,120575218.0
2023-01-14 00:00:00+00:00,0.3857,0.4063,0.385,0.402,225402389.0
2023-01-14 06:00:00+00:00,0.402,0.4089,0.3766,0.3925,211034030.0
2023-01-14 12:00:00+00:00,0.3925,0.3974,0.3866,0.3914,106901534.0
2023-01-14 18:00:00+00:00,0.3915,0.3969,0.3908,0.3953,39443117.0
2023-01-15 00:00:00+00:00,0.3953,0.3969,0.3842,0.3887,92068041.0
2023-01-15 06:00:00+00:00,0.3886,0.389,0.38,0.384,62294601.0
2023-01-15 12:00:00+00:00,0.384,0.39,0.3795,0.3865,84982652.0
2023-01-15 18:00:00+00:00,0.3865,0.3874,0.3824,0.3845,54668966.0
2023-01-16 00:00:00+00:00,0.3846,0.4064,0.3841,0.4031,167562808.0
2023-01-16 06:00:00+00:00,0.403,0.4033,0.3777,0.3847,162963617.0
2023-01-16 12:00:00+00:00,0.3847,0.3895,0.378,0.3892,105181514.0
2023-01-16 18:00:00+00:00,0.3892,0.3942,0.3843,0.3855,106333160.0
2023-01-17 00:00:00+00:00,0.3855,0.3888,0.379,0.3876,95501640.0
2023-01-17 06:00:00+00:00,0.3875,0.3917,0.3849,0.3881,83372195.0
2023-01-17 12:00:00+00:00,0.388,0.3923,0.384,0.389,105696986.0
2023-01-17 18:00:00+00:00,0.389,0.3987,0.3865,0.3868,93641522.0
2023-01-18 00:00:00+00:00,0.3868,0.3926,0.3852,0.3879,115953573.0
2023-01-18 06:00:00+00:00,0.3878,0.3918,0.3844,0.389,88722630.0
2023-01-18 12:00:00+00:00,0.389,0.3964,0.3655,0.3785,272525290.0
2023-01-18 18:00:00+00:00,0.3785,0.3915,0.3768,0.3782,137863271.0
2023-01-19 00:00:00+00:00,0.3782,0.3839,0.3762,0.3839,84752599.0
2023-01-19 06:00:00+00:00,0.3838,0.3896,0.3824,0.3847,88236082.0
2023-01-19 12:00:00+00:00,0.3847,0.3953,0.382,0.3923,164830378.0
2023-01-19 18:00:00+00:00,0.3922,0.3965,0.3888,0.3928,78293611.0
2023-01-20 00:00:00+00:00,0.3929,0.3936,0.3859,0.3881,63919782.0
2023-01-20 06:00:00+00:00,0.388,0.3935,0.386,0.3912,62149383.0
2023-01-20 12:00:00+00:00,0.3912,0.3985,0.3896,0.3963,90698219.0
2023-01-20 18:00:00+00:00,0.3962,0.4141,0.3954,0.4129,149549143.0
2023-01-21 00:00:00+00:00,0.4129,0.4143,0.4056,0.4084,83500997.0
2023-01-21 06:00:00+00:00,0.4084,0.4166,0.3967,0.4086,134467216.0
2023-01-21 12:00:00+00:00,0.4086,0.4133,0.4059,0.4105,78743798.0
2023-01-21 18:00:00+00:00,0.4105,0.4146,0.4016,0.4034,49890572.0
2023-01-22 00:00:00+00:00,0.4034,0.4065,0.3994,0.4065,48934796.0
2023-01-22 06:00:00+00:00,0.4065,0.4083,0.4029,0.4042,35415372.0
2023-01-22 12:00:00+00:00,0.4042,0.4122,0.4015,0.409,80576559.0
2023-01-22 18:00:00+00:00,0.4091,0.4099,0.3962,0.4004,85140816.0
2023-01-23 00:00:00+00:00,0.4004,0.4124,0.3995,0.4075,112932997.0
2023-01-23 06:00:00+00:00,0.4075,0.4328,0.4064,0.4233,244662596.0
2023-01-23 12:00:00+00:00,0.4233,0.4298,0.4126,0.4231,200973627.0
2023-01-23 18:00:00+00:00,0.4232,0.433,0.4201,0.4234,165325553.0
2023-01-24 00:00:00+00:00,0.4233,0.4255,0.4184,0.4219,103186479.0
2023-01-24 06:00:00+00:00,0.4218,0.4312,0.4196,0.4218,92559164.0
2023-01-24 12:00:00+00:00,0.4218,0.4243,0.4152,0.4204,96227733.0
2023-01-24 18:00:00+00:00,0.4204,0.4247,0.4025,0.4078,119324522.0
2023-01-25 00:00:00+00:00,0.4079,0.4079,0.3965,0.4054,108479424.0
2023-01-25 06:00:00+00:00,0.4053,0.4105,0.4036,0.4055,70718390.0
2023-01-25 12:00:00+00:00,0.4054,0.4095,0.4019,0.4056,86421387.0
2023-01-25 18:00:00+00:00,0.4056,0.4245,0.4045,0.417,109446258.0
2023-01-26 00:00:00+00:00,0.417,0.4178,0.41,0.4143,89131493.0
2023-01-26 06:00:00+00:00,0.4143,0.4153,0.408,0.4111,68986079.0
2023-01-26 12:00:00+00:00,0.411,0.4148,0.4053,0.4075,88297954.0
2023-01-26 18:00:00+00:00,0.4075,0.4135,0.4073,0.4092,43654133.0
2023-01-27 00:00:00+00:00,0.4091,0.4105,0.3988,0.4057,91282228.0
2023-01-27 06:00:00+00:00,0.4057,0.4095,0.4042,0.4067,58591329.0
2023-01-27 12:00:00+00:00,0.4066,0.4113,0.4041,0.4103,71120980.0
2023-01-27 18:00:00+00:00,0.4102,0.4135,0.4087,0.4128,53287201.0
2023-01-28 00:00:00+00:00,0.4127,0.4168,0.4088,0.4141,58848784.0
2023-01-28 06:00:00+00:00,0.4141,0.4144,0.4085,0.4108,35286542.0
2023-01-28 12:00:00+00:00,0.4109,0.4111,0.4057,0.4086,37328978.0
2023-01-28 18:00:00+00:00,0.4085,0.4097,0.4055,0.4078,17484974.0
2023-01-29 00:00:00+00:00,0.4078,0.414,0.4066,0.4104,42088302.0
2023-01-29 06:00:00+00:00,0.4104,0.4143,0.4089,0.4122,35393966.0
2023-01-29 12:00:00+00:00,0.4121,0.4148,0.4103,0.4139,37339140.0
2023-01-29 18:00:00+00:00,0.4139,0.4173,0.4119,0.4134,52063259.0
2023-01-30 00:00:00+00:00,0.4135,0.4222,0.4077,0.4127,104295513.0
2023-01-30 06:00:00+00:00,0.4127,0.4131,0.3953,0.3976,138481582.0
2023-01-30 12:00:00+00:00,0.3976,0.4033,0.3967,0.3998,86556008.0
2023-01-30 18:00:00+00:00,0.3998,0.4014,0.386,0.3934,104462823.0
2023-01-31 00:00:00+00:00,0.3933,0.3941,0.388,0.3895,98514164.0
2023-01-31 06:00:00+00:00,0.3895,0.4024,0.3884,0.3999,86601602.0
2023-01-31 12:00:00+00:00,0.3998,0.4059,0.3992,0.4059,84378226.0
2023-01-31 18:00:00+00:00,0.4059,0.4113,0.4018,0.4057,77086971.0
2023-02-01 00:00:00+00:00,0.4058,0.4067,0.4007,0.4024,73371262.0
2023-02-01 06:00:00+00:00,0.4023,0.4055,0.3983,0.4031,83845515.0
2023-02-01 12:00:00+00:00,0.403,0.4049,0.3964,0.3985,83100796.0
2023-02-01 18:00:00+00:00,0.3985,0.4157,0.3962,0.4131,138786334.0
2023-02-02 00:00:00+00:00,0.4132,0.4174,0.4102,0.4124,91151619.0
2023-02-02 06:00:00+00:00,0.4123,0.4154,0.41,0.4146,60528781.0
2023-02-02 12:00:00+00:00,0.4145,0.4165,0.4106,0.4136,86872900.0
2023-02-02 18:00:00+00:00,0.4135,0.4192,0.408,0.4098,83979070.0
2023-02-03 00:00:00+00:00,0.4097,0.4128,0.4059,0.4125,64628289.0
2023-02-03 06:00:00+00:00,0.4125,0.4137,0.4089,0.4108,67204017.0
2023-02-03 12:00:00+00:00,0.4108,0.4129,0.4054,0.4074,105398948.0
2023-02-03 18:00:00+00:00,0.4074,0.4126,0.4066,0.4117,37458426.0
2023-02-04 00:00:00+00:00,0.4116,0.4122,0.4075,0.4085,57741212.0
2023-02-04 06:00:00+00:00,0.4085,0.4111,0.4077,0.4109,21090809.0
2023-02-04 12:00:00+00:00,0.4109,0.4162,0.4104,0.4151,46757888.0
2023-02-04 18:00:00+00:00,0.4151,0.4204,0.4083,0.4106,52544202.0
2023-02-05 00:00:00+00:00,0.4106,0.412,0.4071,0.4092,37091010.0
2023-02-05 06:00:00+00:00,0.4091,0.4117,0.4087,0.4092,28406436.0
2023-02-05 12:00:00+00:00,0.4093,0.4101,0.3953,0.3966,126152557.0
2023-02-05 18:00:00+00:00,0.3966,0.3997,0.3942,0.3984,45461359.0
2023-02-06 00:00:00+00:00,0.3985,0.4033,0.3939,0.3986,76482627.0
2023-02-06 06:00:00+00:00,0.3985,0.4006,0.3949,0.3976,74866595.0
2023-02-06 12:00:00+00:00,0.3976,0.4014,0.3963,0.4013,85055324.0
2023-02-06 18:00:00+00:00,0.4014,0.4037,0.3909,0.392,79590507.0
2023-02-07 00:00:00+00:00,0.3921,0.3963,0.3901,0.3961,86556857.0
2023-02-07 06:00:00+00:00,0.396,0.3984,0.3931,0.3963,85434055.0
2023-02-07 12:00:00+00:00,0.3963,0.4008,0.3929,0.3998,93739832.0
2023-02-07 18:00:00+00:00,0.3998,0.4048,0.3914,0.4036,90429944.0
2023-02-08 00:00:00+00:00,0.4037,0.406,0.4,0.401,75977783.0
2023-02-08 06:00:00+00:00,0.401,0.4024,0.3989,0.402,55213726.0
2023-02-08 12:00:00+00:00,0.402,0.4022,0.3936,0.3981,86956371.0
2023-02-08 18:00:00+00:00,0.3981,0.3994,0.3947,0.3975,45040959.0
2023-02-09 00:00:00+00:00,0.3975,0.3994,0.3853,0.3924,103519449.0
2023-02-09 06:00:00+00:00,0.3924,0.3949,0.3911,0.3938,83443202.0
2023-02-09 12:00:00+00:00,0.3938,0.4092,0.3929,0.3976,151074910.0
2023-02-09 18:00:00+00:00,0.3975,0.4044,0.3726,0.3819,188643778.0
2023-02-10 00:00:00+00:00,0.3818,0.3878,0.3802,0.3832,83402347.0
2023-02-10 06:00:00+00:00,0.3831,0.3872,0.3827,0.3831,65706794.0
2023-02-10 12:00:00+00:00,0.3831,0.3849,0.3771,0.3805,87045396.0
2023-02-10 18:00:00+00:00,0.3805,0.3846,0.3796,0.3817,43777212.0
2023-02-11 00:00:00+00:00,0.3818,0.3841,0.3801,0.3823,41089175.0
2023-02-11 06:00:00+00:00,0.3822,0.3834,0.3807,0.3825,33769614.0
2023-02-11 12:00:00+00:00,0.3825,0.3835,0.3805,0.3813,25916395.0
2023-02-11 18:00:00+00:00,0.3814,0.3841,0.3798,0.3833,22404416.0
2023-02-12 00:00:00+00:00,0.3834,0.3836,0.3801,0.3816,22232668.0
2023-02-12 06:00:00+00:00,0.3815,0.3837,0.381,0.3825,24882443.0
2023-02-12 12:00:00+00:00,0.3824,0.3845,0.3808,0.3837,34838762.0
2023-02-12 18:00:00+00:00,0.3838,0.385,0.3716,0.3747,54022449.0
2023-02-13 00:00:00+00:00,0.3747,0.3783,0.3662,0.3745,105865145.0
2023-02-13 06:00:00+00:00,0.3744,0.3772,0.3612,0.3652,129456890.0
2023-02-13 12:00:00+00:00,0.3652,0.3708,0.3632,0.3643,88889968.0
2023-02-13 18:00:00+00:00,0.3643,0.373,0.364,0.3703,58556166.0
2023-02-14 00:00:00+00:00,0.3703,0.3707,0.3644,0.3694,72348336.0
2023-02-14 06:00:00+00:00,0.3694,0.3709,0.3664,0.3694,76936097.0
2023-02-14 12:00:00+00:00,0.3694,0.3778,0.365,0.3758,139435706.0
2023-02-14 18:00:00+00:00,0.3758,0.3839,0.3757,0.3819,83553935.0
2023-02-15 00:00:00+00:00,0.3819,0.3828,0.3765,0.3804,73149361.0
2023-02-15 06:00:00+00:00,0.3804,0.3867,0.3795,0.3859,77044895.0
2023-02-15 12:00:00+00:00,0.386,0.3892,0.3849,0.386,101700584.0
2023-02-15 18:00:00+00:00,0.3861,0.4024,0.3855,0.4011,119072042.0
2023-02-16 00:00:00+00:00,0.401,0.4048,0.3964,0.4004,106200510.0
2023-02-16 06:00:00+00:00,0.4004,0.402,0.3964,0.3976,93624390.0
2023-02-16 12:00:00+00:00,0.3976,0.4033,0.3943,0.3986,127500068.0
2023-02-16 18:00:00+00:00,0.3986,0.4012,0.384,0.3841,123311427.0
2023-02-17 00:00:00+00:00,0.3841,0.3908,0.3809,0.3872,90396807.0
2023-02-17 06:00:00+00:00,0.3871,0.3901,0.3859,0.3877,62126216.0
2023-02-17 12:00:00+00:00,0.3877,0.3928,0.3853,0.3911,116100236.0
2023-02-17 18:00:00+00:00,0.3912,0.4,0.3899,0.395,89429140.0
2023-02-18 00:00:00+00:00,0.3949,0.396,0.3934,0.395,31806482.0
2023-02-18 06:00:00+00:00,0.395,0.3968,0.3911,0.3928,49101218.0
2023-02-18 12:00:00+00:00,0.3927,0.3976,0.3922,0.3946,39834219.0
2023-02-18 18:00:00+00:00,0.3945,0.3963,0.3917,0.3943,24883502.0
2023-02-19 00:00:00+00:00,0.3942,0.3956,0.3887,0.3931,40824179.0
2023-02-19 06:00:00+00:00,0.3931,0.3938,0.3909,0.3933,37443586.0
2023-02-19 12:00:00+00:00,0.3932,0.3981,0.3873,0.389,92468436.0
2023-02-19 18:00:00+00:00,0.389,0.3908,0.3845,0.3863,67256751.0
2023-02-20 00:00:00+00:00,0.3862,0.3925,0.3774,0.3917,125431683.0
2023-02-20 06:00:00+00:00,0.3917,0.395,0.3892,0.393,125340772.0
2023-02-20 12:00:00+00:00,0.393,0.409,0.3916,0.4067,191700701.0
2023-02-20 18:00:00+00:00,0.4067,0.4068,0.3967,0.3984,114545211.0
2023-02-21 00:00:00+00:00,0.3985,0.3989,0.3938,0.3984,107332987.0
2023-02-21 06:00:00+00:00,0.3984,0.4025,0.3893,0.3901,144041154.0
2023-02-21 12:00:00+00:00,0.3901,0.3929,0.3872,0.3918,115423211.0
2023-02-21 18:00:00+00:00,0.3918,0.395,0.3883,0.3919,81486736.0
2023-02-22 00:00:00+00:00,0.392,0.3927,0.3828,0.3906,86103375.0
2023-02-22 06:00:00+00:00,0.3906,0.3922,0.3853,0.3906,101045596.0
2023-02-22 12:00:00+00:00,0.3906,0.3977,0.3859,0.3879,127164250.0
2023-02-22 18:00:00+00:00,0.3879,0.3964,0.3876,0.3953,74964323.0
2023-02-23 00:00:00+00:00,0.3953,0.3979,0.3902,0.3959,89626042.0
2023-02-23 06:00:00+00:00,0.3959,0.3975,0.388,0.3896,94989386.0
2023-02-23 12:00:00+00:00,0.3895,0.3931,0.386,0.3873,105553804.0
2023-02-23 18:00:00+00:00,0.3873,0.3915,0.3853,0.3882,58182722.0
2023-02-24 00:00:00+00:00,0.3883,0.3908,0.387,0.388,60881287.0
2023-02-24 06:00:00+00:00,0.3879,0.3901,0.3861,0.3889,60351448.0
2023-02-24 12:00:00+00:00,0.3888,0.3902,0.3724,0.3748,167238001.0
2023-02-24 18:00:00+00:00,0.3748,0.3794,0.3723,0.3783,68181497.0
2023-02-25 00:00:00+00:00,0.3783,0.3791,0.376,0.3766,46447594.0
2023-02-25 06:00:00+00:00,0.3766,0.3795,0.3761,0.3777,32136355.0
2023-02-25 12:00:00+00:00,0.3777,0.3787,0.3753,0.3772,41430070.0
2023-02-25 18:00:00+00:00,0.3773,0.3781,0.3692,0.3778,59709944.0
2023-02-26 00:00:00+00:00,0.3779,0.3787,0.3765,0.3777,25069536.0
2023-02-26 06:00:00+00:00,0.3777,0.3785,0.376,0.3767,27694318.0
2023-02-26 12:00:00+00:00,0.3768,0.378,0.3745,0.376,34221874.0
2023-02-26 18:00:00+00:00,0.376,0.3807,0.3754,0.3779,43857299.0
2023-02-27 00:00:00+00:00,0.3779,0.3783,0.3749,0.3757,92180225.0
2023-02-27 06:00:00+00:00,0.3757,0.377,0.3708,0.3737,114937957.0
2023-02-27 12:00:00+00:00,0.3737,0.3795,0.3727,0.3777,114124272.0
2023-02-27 18:00:00+00:00,0.3777,0.3801,0.3734,0.3785,100170431.0
2023-02-28 00:00:00+00:00,0.3785,0.3792,0.3719,0.3774,100953732.0
2023-02-28 06:00:00+00:00,0.3773,0.3789,0.3722,0.377,88904000.0
2023-02-28 12:00:00+00:00,0.377,0.3803,0.3769,0.3799,89620876.0
2023-02-28 18:00:00+00:00,0.3799,0.3827,0.3741,0.3762,91922648.0
2023-03-01 00:00:00+00:00,0.3762,0.3823,0.3726,0.3809,90537988.0
2023-03-01 06:00:00+00:00,0.381,0.3848,0.3792,0.3801,85110411.0
2023-03-01 12:00:00+00:00,0.3801,0.3823,0.3783,0.3809,83872076.0
2023-03-01 18:00:00+00:00,0.3809,0.3842,0.3796,0.3835,58057010.0
2023-03-02 00:00:00+00:00,0.3836,0.3846,0.3774,0.3785,86737294.0
2023-03-02 06:00:00+00:00,0.3785,0.38,0.3767,0.3783,68761437.0
2023-03-02 12:00:00+00:00,0.3783,0.3789,0.3737,0.3757,76198574.0
2023-03-02 18:00:00+00:00,0.3757,0.3812,0.3754,0.3772,50175756.0
2023-03-03 00:00:00+00:00,0.3772,0.3781,0.3539,0.3676,229305973.0
2023-03-03 06:00:00+00:00,0.3676,0.3693,0.3644,0.3675,84630701.0
2023-03-03 12:00:00+00:00,0.3674,0.3699,0.3652,0.3681,94987688.0
2023-03-03 18:00:00+00:00,0.3681,0.3806,0.3668,0.3774,81591026.0
2023-03-04 00:00:00+00:00,0.3773,0.38,0.3735,0.3747,45519284.0
2023-03-04 06:00:00+00:00,0.3748,0.3764,0.3744,0.3753,30829564.0
2023-03-04 12:00:00+00:00,0.3753,0.3792,0.3745,0.376,37729882.0
2023-03-04 18:00:00+00:00,0.376,0.3763,0.368,0.3735,50196520.0
2023-03-05 00:00:00+00:00,0.3735,0.3774,0.371,0.3735,41341015.0
2023-03-05 06:00:00+00:00,0.3735,0.3735,0.3712,0.3715,29411887.0
2023-03-05 12:00:00+00:00,0.3715,0.3726,0.369,0.3697,39528291.0
2023-03-05 18:00:00+00:00,0.3697,0.3706,0.3653,0.3668,53356451.0
2023-03-06 00:00:00+00:00,0.3668,0.3697,0.3605,0.3638,122352353.0
2023-03-06 06:00:00+00:00,0.3637,0.3657,0.3589,0.3612,113459970.0
2023-03-06 12:00:00+00:00,0.3612,0.3695,0.3606,0.3692,92991291.0
2023-03-06 18:00:00+00:00,0.3692,0.3743,0.3691,0.3695,99569764.0
2023-03-07 00:00:00+00:00,0.3696,0.371,0.3669,0.3707,115355335.0
2023-03-07 06:00:00+00:00,0.3707,0.3728,0.3678,0.3708,109234746.0
2023-03-07 12:00:00+00:00,0.3709,0.3827,0.3707,0.3777,202805709.0
2023-03-07 18:00:00+00:00,0.3777,0.3844,0.3769,0.3801,135248484.0
2023-03-08 00:00:00+00:00,0.3802,0.3859,0.3723,0.3727,130764406.0
2023-03-08 06:00:00+00:00,0.3727,0.39,0.3724,0.387,137631904.0
2023-03-08 12:00:00+00:00,0.3871,0.4018,0.3861,0.3948,274423405.0
2023-03-08 18:00:00+00:00,0.3949,0.3987,0.3839,0.3889,139587008.0
2023-03-09 00:00:00+00:00,0.3889,0.3944,0.3856,0.3868,154760853.0
2023-03-09 06:00:00+00:00,0.3869,0.3963,0.3869,0.3931,122411519.0
2023-03-09 12:00:00+00:00,0.3931,0.3976,0.3853,0.388,136803159.0
2023-03-09 18:00:00+00:00,0.388,0.3897,0.3639,0.3706,241038588.0
2023-03-10 00:00:00+00:00,0.3706,0.3752,0.3649,0.3722,146479315.0
2023-03-10 06:00:00+00:00,0.3721,0.3729,0.3571,0.3615,176215935.0
2023-03-10 12:00:00+00:00,0.3616,0.3725,0.3605,0.365,158630847.0
2023-03-10 18:00:00+00:00,0.365,0.3723,0.364,0.37,59772688.0
2023-03-11 00:00:00+00:00,0.3699,0.3741,0.3658,0.3697,99053742.0
2023-03-11 06:00:00+00:00,0.3697,0.3698,0.3593,0.3618,117042038.0
2023-03-11 12:00:00+00:00,0.3617,0.3638,0.3582,0.3625,82804296.0
2023-03-11 18:00:00+00:00,0.3625,0.3646,0.3608,0.3638,44081336.0
2023-03-12 00:00:00+00:00,0.3637,0.3656,0.3618,0.3619,42887219.0
2023-03-12 06:00:00+00:00,0.362,0.3628,0.3573,0.3605,57307247.0
2023-03-12 12:00:00+00:00,0.3605,0.3607,0.3473,0.3575,134798089.0
2023-03-12 18:00:00+00:00,0.3575,0.3715,0.3555,0.3714,154767516.0
2023-03-13 00:00:00+00:00,0.3713,0.376,0.3658,0.3687,136223445.0
2023-03-13 06:00:00+00:00,0.3686,0.3691,0.3553,0.3601,107578140.0
2023-03-13 12:00:00+00:00,0.36,0.38,0.3567,0.3703,231088841.0
2023-03-13 18:00:00+00:00,0.3703,0.3747,0.369,0.3724,81512174.0
2023-03-14 00:00:00+00:00,0.3724,0.3731,0.3671,0.3681,92504546.0
2023-03-14 06:00:00+00:00,0.3682,0.3707,0.3647,0.3677,78604097.0
2023-03-14 12:00:00+00:00,0.3677,0.387,0.3656,0.3814,224959378.0
2023-03-14 18:00:00+00:00,0.3814,0.382,0.3666,0.3724,148735801.0
2023-03-15 00:00:00+00:00,0.3724,0.3757,0.3689,0.373,63038771.0
2023-03-15 06:00:00+00:00,0.3731,0.3741,0.3639,0.3684,91738142.0
2023-03-15 12:00:00+00:00,0.3684,0.373,0.356,0.3589,167468567.0
2023-03-15 18:00:00+00:00,0.3589,0.3631,0.3575,0.3589,62847929.0
2023-03-16 00:00:00+00:00,0.3589,0.3648,0.3562,0.3646,67795921.0
2023-03-16 06:00:00+00:00,0.3646,0.3658,0.3602,0.3625,70048525.0
2023-03-16 12:00:00+00:00,0.3625,0.3644,0.3578,0.3634,77540963.0
2023-03-16 18:00:00+00:00,0.3633,0.367,0.3617,0.3647,43697906.0
2023-03-17 00:00:00+00:00,0.3648,0.3694,0.362,0.3676,72579639.0
2023-03-17 06:00:00+00:00,0.3677,0.3774,0.367,0.3771,97691303.0
2023-03-17 12:00:00+00:00,0.3771,0.3825,0.3677,0.3734,151076549.0
2023-03-17 18:00:00+00:00,0.3735,0.3809,0.3706,0.3798,84526269.0
2023-03-18 00:00:00+00:00,0.3797,0.3898,0.3761,0.3834,122222451.0
2023-03-18 06:00:00+00:00,0.3834,0.3841,0.3764,0.3828,71642478.0
2023-03-18 12:00:00+00:00,0.3829,0.3835,0.3691,0.3777,115392609.0
2023-03-18 18:00:00+00:00,0.3777,0.3809,0.3721,0.3739,51077789.0
2023-03-19 00:00:00+00:00,0.3739,0.3879,0.3736,0.3855,62927839.0
2023-03-19 06:00:00+00:00,0.3854,0.3965,0.3752,0.3933,146912427.0
2023-03-19 12:00:00+00:00,0.3934,0.4,0.389,0.3917,176813125.0
2023-03-19 18:00:00+00:00,0.3918,0.397,0.385,0.3857,89638213.0
2023-03-20 00:00:00+00:00,0.3858,0.3913,0.3768,0.3824,118693861.0
2023-03-20 06:00:00+00:00,0.3825,0.3848,0.3787,0.3822,118352396.0
2023-03-20 12:00:00+00:00,0.3822,0.383,0.373,0.3733,117885417.0
2023-03-20 18:00:00+00:00,0.3734,0.3784,0.3707,0.3734,88197742.0
2023-03-21 00:00:00+00:00,0.3734,0.3852,0.3728,0.3848,138734481.0
2023-03-21 06:00:00+00:00,0.3847,0.3935,0.3778,0.3911,183956116.0
2023-03-21 12:00:00+00:00,0.391,0.4603,0.3895,0.4541,724761110.0
2023-03-21 18:00:00+00:00,0.4541,0.4929,0.4488,0.4696,650928978.0
2023-03-22 00:00:00+00:00,0.4696,0.475,0.4516,0.4692,351073044.0
2023-03-22 06:00:00+00:00,0.4691,0.4708,0.4414,0.4429,292720743.0
2023-03-22 12:00:00+00:00,0.4429,0.4531,0.432,0.4378,319258728.0
2023-03-22 18:00:00+00:00,0.4378,0.45,0.4069,0.4213,446588572.0
2023-03-23 00:00:00+00:00,0.4213,0.4277,0.4116,0.426,161455831.0
2023-03-23 06:00:00+00:00,0.4261,0.4549,0.4246,0.4482,263448172.0
2023-03-23 12:00:00+00:00,0.4482,0.4557,0.4339,0.4427,285681563.0
2023-03-23 18:00:00+00:00,0.4427,0.4465,0.4351,0.4438,127044337.0
2023-03-24 00:00:00+00:00,0.4437,0.444,0.428,0.4369,134173920.0
2023-03-24 06:00:00+00:00,0.4368,0.4378,0.4243,0.4292,120959869.0
2023-03-24 12:00:00+00:00,0.4291,0.4303,0.4141,0.4177,128652983.0
2023-03-24 18:00:00+00:00,0.4177,0.4272,0.4159,0.4259,124190795.0
2023-03-25 00:00:00+00:00,0.426,0.4527,0.4223,0.4463,176446590.0
2023-03-25 06:00:00+00:00,0.4462,0.4515,0.4386,0.447,132783288.0
2023-03-25 12:00:00+00:00,0.4469,0.465,0.4408,0.4575,179171570.0
2023-03-25 18:00:00+00:00,0.4575,0.4621,0.4401,0.4429,146911510.0
2023-03-26 00:00:00+00:00,0.4429,0.4531,0.4403,0.4526,87323882.0
2023-03-26 06:00:00+00:00,0.4526,0.4632,0.4526,0.4577,112658650.0
2023-03-26 12:00:00+00:00,0.4577,0.4594,0.4436,0.4477,95118654.0
2023-03-26 18:00:00+00:00,0.4477,0.4517,0.4418,0.4479,69378606.0
2023-03-27 00:00:00+00:00,0.4479,0.4579,0.4425,0.4509,148556625.0
2023-03-27 06:00:00+00:00,0.4508,0.4797,0.4488,0.4776,254643316.0
2023-03-27 12:00:00+00:00,0.4776,0.4888,0.4541,0.4612,388310203.0
2023-03-27 18:00:00+00:00,0.4612,0.4815,0.4604,0.479,211746387.0
2023-03-28 00:00:00+00:00,0.4789,0.494,0.4666,0.486,258351716.0
2023-03-28 06:00:00+00:00,0.4859,0.4999,0.4783,0.497,240005794.0
2023-03-28 12:00:00+00:00,0.4971,0.509,0.4925,0.5011,282475446.0
2023-03-28 18:00:00+00:00,0.5011,0.534,0.4987,0.5144,345513510.0
2023-03-29 00:00:00+00:00,0.5145,0.5417,0.5145,0.538,218784861.0
2023-03-29 06:00:00+00:00,0.538,0.585,0.5366,0.5704,445494004.0
2023-03-29 12:00:00+00:00,0.5704,0.5704,0.5357,0.5511,416658265.0
2023-03-29 18:00:00+00:00,0.5511,0.5569,0.53,0.5425,210878428.0
2023-03-30 00:00:00+00:00,0.5425,0.5526,0.5214,0.5311,262903133.0
2023-03-30 06:00:00+00:00,0.531,0.558,0.5275,0.5494,270769365.0
2023-03-30 12:00:00+00:00,0.5493,0.55,0.5262,0.5338,190249285.0
2023-03-30 18:00:00+00:00,0.5338,0.5424,0.5241,0.5319,103769503.0
2023-03-31 00:00:00+00:00,0.5319,0.5489,0.5279,0.5434,154983980.0
2023-03-31 06:00:00+00:00,0.5434,0.5476,0.5257,0.5305,138126696.0
2023-03-31 12:00:00+00:00,0.5305,0.5364,0.5266,0.5323,120171949.0
2023-03-31 18:00:00+00:00,0.5323,0.564,0.5314,0.5374,119593010.0
2023-04-01 00:00:00+00:00,0.5375,0.5375,0.5282,0.5312,97335128.0
2023-04-01 06:00:00+00:00,0.5313,0.5315,0.4972,0.5153,262317719.0
2023-04-01 12:00:00+00:00,0.5153,0.5183,0.5034,0.5111,97834122.0
2023-04-01 18:00:00+00:00,0.5112,0.5139,0.5054,0.5095,58600863.0
2023-04-02 00:00:00+00:00,0.5095,0.52,0.5015,0.5159,95080674.0
2023-04-02 06:00:00+00:00,0.5159,0.5201,0.5123,0.5148,60911717.0
2023-04-02 12:00:00+00:00,0.5147,0.529,0.5071,0.5241,169059752.0
2023-04-02 18:00:00+00:00,0.5241,0.5273,0.5155,0.518,66295601.0
2023-04-03 00:00:00+00:00,0.5179,0.525,0.5031,0.5092,132332848.0
2023-04-03 06:00:00+00:00,0.5092,0.5188,0.5056,0.5151,103180688.0
2023-04-03 12:00:00+00:00,0.5151,0.5166,0.5037,0.5066,113707846.0
2023-04-03 18:00:00+00:00,0.5065,0.515,0.481,0.4959,172848641.0
2023-04-04 00:00:00+00:00,0.4958,0.4993,0.4871,0.4992,98671459.0
2023-04-04 06:00:00+00:00,0.4993,0.5023,0.4936,0.4986,96737710.0
2023-04-04 12:00:00+00:00,0.4986,0.505,0.4955,0.5023,97220963.0
2023-04-04 18:00:00+00:00,0.5024,0.5078,0.5006,0.5026,67597315.0
2023-04-05 00:00:00+00:00,0.5026,0.515,0.4986,0.5124,93106965.0
2023-04-05 06:00:00+00:00,0.5124,0.5271,0.5118,0.5151,135939977.0
2023-04-05 12:00:00+00:00,0.5151,0.5163,0.4986,0.5061,118914371.0
2023-04-05 18:00:00+00:00,0.5062,0.5094,0.5028,0.5055,64027718.0
2023-04-06 00:00:00+00:00,0.5056,0.5057,0.4943,0.5024,82293317.0
2023-04-06 06:00:00+00:00,0.5024,0.5053,0.4913,0.4993,79389351.0
2023-04-06 12:00:00+00:00,0.4992,0.5097,0.4957,0.5091,90242300.0
2023-04-06 18:00:00+00:00,0.5091,0.5097,0.5007,0.5028,63975077.0
2023-04-07 00:00:00+00:00,0.5028,0.508,0.4971,0.5062,67836834.0
2023-04-07 06:00:00+00:00,0.5061,0.5156,0.5019,0.5041,123211025.0
2023-04-07 12:00:00+00:00,0.5041,0.5109,0.5031,0.5098,63628955.0
2023-04-07 18:00:00+00:00,0.5099,0.5145,0.5093,0.5126,63508972.0
2023-04-08 00:00:00+00:00,0.5127,0.513,0.5069,0.5124,39918826.0
2023-04-08 06:00:00+00:00,0.5125,0.513,0.5089,0.5102,29018421.0
2023-04-08 12:00:00+00:00,0.5103,0.5106,0.5048,0.5061,36688180.0
2023-04-08 18:00:00+00:00,0.5061,0.5073,0.5022,0.5048,30989267.0
2023-04-09 00:00:00+00:00,0.5049,0.5093,0.5045,0.5057,20724845.0
2023-04-09 06:00:00+00:00,0.5057,0.5058,0.5014,0.5032,32676692.0
2023-04-09 12:00:00+00:00,0.5032,0.5054,0.4983,0.5016,34237261.0
2023-04-09 18:00:00+00:00,0.5017,0.5084,0.5013,0.5054,28483581.0
2023-04-10 00:00:00+00:00,0.5053,0.5073,0.5,0.5038,60061757.0
2023-04-10 06:00:00+00:00,0.5037,0.5068,0.5029,0.5048,51137601.0
2023-04-10 12:00:00+00:00,0.5048,0.5119,0.5014,0.5109,75483435.0
2023-04-10 18:00:00+00:00,0.5109,0.5199,0.5099,0.5176,78215403.0
2023-04-11 00:00:00+00:00,0.5176,0.5283,0.5121,0.5238,102362009.0
2023-04-11 06:00:00+00:00,0.5238,0.5265,0.5181,0.5201,92940579.0
2023-04-11 12:00:00+00:00,0.52,0.5241,0.511,0.5145,104396878.0
2023-04-11 18:00:00+00:00,0.5146,0.5188,0.5137,0.5167,59122061.0
2023-04-12 00:00:00+00:00,0.5166,0.5179,0.5023,0.5069,93933969.0
2023-04-12 06:00:00+00:00,0.5068,0.51,0.5004,0.5026,90448447.0
2023-04-12 12:00:00+00:00,0.5026,0.5091,0.4984,0.5032,104473805.0
2023-04-12 18:00:00+00:00,0.5033,0.5066,0.4998,0.5049,50244122.0
2023-04-13 00:00:00+00:00,0.5049,0.5068,0.5014,0.5056,62995033.0
2023-04-13 06:00:00+00:00,0.5055,0.5137,0.505,0.5086,81722848.0
2023-04-13 12:00:00+00:00,0.5086,0.5115,0.5073,0.51,74996638.0
2023-04-13 18:00:00+00:00,0.51,0.5156,0.5097,0.5125,53627859.0
2023-04-14 00:00:00+00:00,0.5124,0.535,0.5111,0.5325,112748255.0
2023-04-14 06:00:00+00:00,0.5324,0.5465,0.5248,0.532,153625153.0
2023-04-14 12:00:00+00:00,0.532,0.5334,0.5116,0.5193,138685296.0
2023-04-14 18:00:00+00:00,0.5192,0.5278,0.5184,0.5227,57276739.0
2023-04-15 00:00:00+00:00,0.5227,0.5239,0.516,0.5201,44341659.0
2023-04-15 06:00:00+00:00,0.5202,0.5261,0.5184,0.5231,37836651.0
2023-04-15 12:00:00+00:00,0.5231,0.5254,0.5171,0.5184,42110805.0
2023-04-15 18:00:00+00:00,0.5185,0.5215,0.5165,0.5192,28219810.0
2023-04-16 00:00:00+00:00,0.5192,0.5242,0.5152,0.5197,54200004.0
2023-04-16 06:00:00+00:00,0.5197,0.5216,0.517,0.5172,31265963.0
2023-04-16 12:00:00+00:00,0.5171,0.5223,0.5169,0.521,34158413.0
2023-04-16 18:00:00+00:00,0.521,0.5244,0.5179,0.5209,37616379.0
2023-04-17 00:00:00+00:00,0.5208,0.521,0.5085,0.5158,94597056.0
2023-04-17 06:00:00+00:00,0.5158,0.5161,0.5107,0.5127,68817147.0
2023-04-17 12:00:00+00:00,0.5126,0.514,0.5066,0.5099,84653661.0
2023-04-17 18:00:00+00:00,0.5099,0.513,0.5094,0.5109,51681890.0
2023-04-18 00:00:00+00:00,0.511,0.5164,0.5092,0.5155,71507447.0
2023-04-18 06:00:00+00:00,0.5155,0.5208,0.5129,0.5202,82646094.0
2023-04-18 12:00:00+00:00,0.5202,0.5264,0.5171,0.5179,104802976.0
2023-04-18 18:00:00+00:00,0.5178,0.5391,0.5158,0.5324,99155953.0
2023-04-19 00:00:00+00:00,0.5325,0.5375,0.5237,0.532,84788717.0
2023-04-19 06:00:00+00:00,0.532,0.5332,0.471,0.4978,285419175.0
2023-04-19 12:00:00+00:00,0.4977,0.5022,0.4911,0.4956,136976338.0
2023-04-19 18:00:00+00:00,0.4956,0.4971,0.4846,0.4911,112969049.0
2023-04-20 00:00:00+00:00,0.4911,0.4979,0.4865,0.4959,73611974.0
2023-04-20 06:00:00+00:00,0.4958,0.4993,0.4875,0.4882,94483632.0
2023-04-20 12:00:00+00:00,0.4882,0.4939,0.465,0.4697,189129143.0
2023-04-20 18:00:00+00:00,0.4696,0.4756,0.468,0.4752,97772764.0
2023-04-21 00:00:00+00:00,0.4752,0.4792,0.4693,0.4732,83355912.0
2023-04-21 06:00:00+00:00,0.4731,0.4756,0.4644,0.4672,91794864.0
2023-04-21 12:00:00+00:00,0.4672,0.4702,0.454,0.456,125464149.0
2023-04-21 18:00:00+00:00,0.4559,0.4589,0.4403,0.4491,124594900.0
2023-04-22 00:00:00+00:00,0.4491,0.4556,0.4455,0.4555,45578960.0
2023-04-22 06:00:00+00:00,0.4555,0.4556,0.4494,0.4538,40892581.0
2023-04-22 12:00:00+00:00,0.4539,0.4761,0.4533,0.4745,110704103.0
2023-04-22 18:00:00+00:00,0.4745,0.4745,0.4679,0.4719,44846311.0
2023-04-23 00:00:00+00:00,0.472,0.472,0.4612,0.4703,56338909.0
2023-04-23 06:00:00+00:00,0.4703,0.4719,0.4649,0.4691,37897685.0
2023-04-23 12:00:00+00:00,0.4691,0.4701,0.4569,0.4588,63674465.0
2023-04-23 18:00:00+00:00,0.4589,0.4655,0.4526,0.4647,64280238.0
2023-04-24 00:00:00+00:00,0.4648,0.4857,0.4627,0.4716,125127717.0
2023-04-24 06:00:00+00:00,0.4716,0.4737,0.456,0.4654,107803146.0
2023-04-24 12:00:00+00:00,0.4653,0.4669,0.4469,0.4565,116504251.0
2023-04-24 18:00:00+00:00,0.4565,0.4636,0.4542,0.4611,58991646.0
2023-04-25 00:00:00+00:00,0.461,0.4629,0.4566,0.4602,84827166.0
2023-04-25 06:00:00+00:00,0.4602,0.4619,0.4506,0.4567,101040789.0
2023-04-25 12:00:00+00:00,0.4567,0.4627,0.4508,0.4621,108113551.0
2023-04-25 18:00:00+00:00,0.4621,0.4723,0.4605,0.4695,83074792.0
2023-04-26 00:00:00+00:00,0.4696,0.4716,0.4657,0.4711,67454401.0
2023-04-26 06:00:00+00:00,0.4712,0.4749,0.467,0.473,118530204.0
2023-04-26 12:00:00+00:00,0.473,0.4831,0.4728,0.4764,129978678.0
2023-04-26 18:00:00+00:00,0.4764,0.4788,0.4329,0.4618,235192108.0
2023-04-27 00:00:00+00:00,0.4618,0.4699,0.4585,0.4635,100436816.0
2023-04-27 06:00:00+00:00,0.4635,0.4639,0.4561,0.4595,85305580.0
2023-04-27 12:00:00+00:00,0.4594,0.4648,0.4557,0.4635,91571381.0
2023-04-27 18:00:00+00:00,0.4635,0.4693,0.4622,0.4667,68443208.0
2023-04-28 00:00:00+00:00,0.4666,0.483,0.4637,0.4769,99138176.0
2023-04-28 06:00:00+00:00,0.4768,0.4791,0.4687,0.4707,101978895.0
2023-04-28 12:00:00+00:00,0.4706,0.4744,0.4649,0.4742,109658254.0
2023-04-28 18:00:00+00:00,0.4742,0.4819,0.4726,0.4796,74142187.0
2023-04-29 00:00:00+00:00,0.4795,0.4869,0.4774,0.4792,68964735.0
2023-04-29 06:00:00+00:00,0.4792,0.4825,0.4759,0.4806,39812419.0
2023-04-29 12:00:00+00:00,0.4807,0.4819,0.4709,0.4752,44741837.0
2023-04-29 18:00:00+00:00,0.4751,0.4796,0.4748,0.478,22014516.0
2023-04-30 00:00:00+00:00,0.4779,0.478,0.4735,0.4769,26020938.0
2023-04-30 06:00:00+00:00,0.4769,0.4778,0.4743,0.4751,24729032.0
2023-04-30 12:00:00+00:00,0.475,0.4819,0.4743,0.4788,41682798.0
2023-04-30 18:00:00+00:00,0.4789,0.4796,0.4687,0.4705,50766443.0
2023-05-01 00:00:00+00:00,0.4705,0.4724,0.4591,0.4654,111461849.0
2023-05-01 06:00:00+00:00,0.4654,0.4656,0.4624,0.4651,56136553.0
2023-05-01 12:00:00+00:00,0.4651,0.4675,0.4563,0.459,100243069.0
2023-05-01 18:00:00+00:00,0.459,0.4652,0.4544,0.4649,70389947.0
2023-05-02 00:00:00+00:00,0.4648,0.4656,0.4588,0.4645,76882016.0
2023-05-02 06:00:00+00:00,0.4645,0.4655,0.4598,0.4608,87283729.0
2023-05-02 12:00:00+00:00,0.4607,0.4646,0.4574,0.4611,107043916.0
2023-05-02 18:00:00+00:00,0.4612,0.4662,0.4607,0.4645,59524694.0
2023-05-03 00:00:00+00:00,0.4644,0.465,0.4552,0.4577,74047608.0
2023-05-03 06:00:00+00:00,0.4577,0.4611,0.4546,0.4552,69091320.0
2023-05-03 12:00:00+00:00,0.4551,0.456,0.4497,0.4535,102079999.0
2023-05-03 18:00:00+00:00,0.4534,0.4655,0.4523,0.4632,96013711.0
2023-05-04 00:00:00+00:00,0.4633,0.465,0.4599,0.464,65878661.0
2023-05-04 06:00:00+00:00,0.4641,0.4645,0.4584,0.46,62433605.0
2023-05-04 12:00:00+00:00,0.4601,0.461,0.4547,0.4582,57829617.0
2023-05-04 18:00:00+00:00,0.4582,0.4615,0.4565,0.4608,32070659.0
2023-05-05 00:00:00+00:00,0.4608,0.465,0.4603,0.4623,56663199.0
2023-05-05 06:00:00+00:00,0.4622,0.4648,0.4582,0.4609,67643971.0
2023-05-05 12:00:00+00:00,0.4609,0.4664,0.4545,0.4656,108230722.0
2023-05-05 18:00:00+00:00,0.4656,0.4706,0.4631,0.4671,60317728.0
2023-05-06 00:00:00+00:00,0.4671,0.4695,0.462,0.4634,36203273.0
2023-05-06 06:00:00+00:00,0.4634,0.4648,0.4591,0.4616,38278833.0
2023-05-06 12:00:00+00:00,0.4617,0.4618,0.4512,0.4565,76733311.0
2023-05-06 18:00:00+00:00,0.4565,0.4594,0.4553,0.4582,17434559.0
2023-05-07 00:00:00+00:00,0.4582,0.4601,0.4544,0.4575,26159934.0
2023-05-07 06:00:00+00:00,0.4575,0.4583,0.4562,0.4573,17926250.0
2023-05-07 12:00:00+00:00,0.4574,0.4598,0.456,0.4569,29189915.0
2023-05-07 18:00:00+00:00,0.4568,0.4582,0.4457,0.449,46125116.0
2023-05-08 00:00:00+00:00,0.4491,0.4512,0.424,0.4388,145028524.0
2023-05-08 06:00:00+00:00,0.4388,0.4411,0.4313,0.4366,108452305.0
2023-05-08 12:00:00+00:00,0.4366,0.4375,0.4177,0.419,98560396.0
2023-05-08 18:00:00+00:00,0.4189,0.4295,0.41,0.4283,131014708.0
2023-05-09 00:00:00+00:00,0.4283,0.4288,0.4225,0.4267,80954234.0
2023-05-09 06:00:00+00:00,0.4267,0.4273,0.4202,0.4244,108226922.0
2023-05-09 12:00:00+00:00,0.4244,0.4271,0.4211,0.4218,81105807.0
2023-05-09 18:00:00+00:00,0.4217,0.4308,0.4213,0.4289,61210919.0
2023-05-10 00:00:00+00:00,0.4289,0.434,0.4275,0.4311,61804819.0
2023-05-10 06:00:00+00:00,0.4312,0.4313,0.4231,0.4259,72756000.0
2023-05-10 12:00:00+00:00,0.4259,0.4335,0.4119,0.4223,137832010.0
2023-05-10 18:00:00+00:00,0.4223,0.434,0.421,0.4303,62537411.0
2023-05-11 00:00:00+00:00,0.4303,0.4305,0.4258,0.4283,53962810.0
2023-05-11 06:00:00+00:00,0.4284,0.4285,0.4213,0.425,73964536.0
2023-05-11 12:00:00+00:00,0.425,0.4275,0.412,0.4137,111632372.0
2023-05-11 18:00:00+00:00,0.4137,0.4223,0.4114,0.4207,49210093.0
2023-05-12 00:00:00+00:00,0.4207,0.4446,0.4164,0.4306,151736686.0
2023-05-12 06:00:00+00:00,0.4306,0.4327,0.4238,0.4279,113700290.0
2023-05-12 12:00:00+00:00,0.4279,0.4305,0.4211,0.4228,68711070.0
2023-05-12 18:00:00+00:00,0.4227,0.4318,0.4157,0.4305,74609604.0
2023-05-13 00:00:00+00:00,0.4305,0.4306,0.4248,0.4251,30229014.0
2023-05-13 06:00:00+00:00,0.425,0.428,0.4247,0.4264,26775168.0
2023-05-13 12:00:00+00:00,0.4264,0.4272,0.4227,0.4248,25156552.0
2023-05-13 18:00:00+00:00,0.4248,0.4277,0.4236,0.424,19964549.0
2023-05-14 00:00:00+00:00,0.424,0.4274,0.421,0.4262,24959424.0
2023-05-14 06:00:00+00:00,0.4263,0.4274,0.425,0.4263,20201578.0
2023-05-14 12:00:00+00:00,0.4262,0.4317,0.4252,0.4257,35331184.0
2023-05-14 18:00:00+00:00,0.4256,0.4267,0.4229,0.4253,17025608.0
2023-05-15 00:00:00+00:00,0.4253,0.4304,0.4214,0.43,78580770.0
2023-05-15 06:00:00+00:00,0.43,0.4302,0.4244,0.4255,74172524.0
2023-05-15 12:00:00+00:00,0.4254,0.4274,0.4235,0.4267,62303970.0
2023-05-15 18:00:00+00:00,0.4267,0.4291,0.4253,0.4273,48485767.0
2023-05-16 00:00:00+00:00,0.4273,0.4282,0.4201,0.4249,81249544.0
2023-05-16 06:00:00+00:00,0.4248,0.4268,0.4204,0.422,90584851.0
2023-05-16 12:00:00+00:00,0.422,0.4232,0.4174,0.4228,68798207.0
2023-05-16 18:00:00+00:00,0.4228,0.443,0.4222,0.4425,117222306.0
2023-05-17 00:00:00+00:00,0.4426,0.4616,0.4399,0.4536,176095288.0
2023-05-17 06:00:00+00:00,0.4536,0.4538,0.4414,0.4451,161086697.0
2023-05-17 12:00:00+00:00,0.4452,0.4499,0.4375,0.4432,109744023.0
2023-05-17 18:00:00+00:00,0.4432,0.4504,0.4426,0.4484,64405192.0
2023-05-18 00:00:00+00:00,0.4485,0.4505,0.443,0.4481,52767627.0
2023-05-18 06:00:00+00:00,0.448,0.473,0.444,0.4653,165305420.0
2023-05-18 12:00:00+00:00,0.4652,0.4696,0.4485,0.4517,125308557.0
2023-05-18 18:00:00+00:00,0.4517,0.4656,0.4493,0.4596,76910495.0
2023-05-19 00:00:00+00:00,0.4597,0.4683,0.4573,0.4649,78710261.0
2023-05-19 06:00:00+00:00,0.4649,0.4661,0.4591,0.463,83448056.0
2023-05-19 12:00:00+00:00,0.463,0.4755,0.461,0.4681,117313325.0
2023-05-19 18:00:00+00:00,0.468,0.4696,0.463,0.4675,48452644.0
2023-05-20 00:00:00+00:00,0.4674,0.4685,0.4618,0.464,36573271.0
2023-05-20 06:00:00+00:00,0.464,0.4694,0.4629,0.467,30698720.0
2023-05-20 12:00:00+00:00,0.4671,0.4693,0.4653,0.4686,37363281.0
2023-05-20 18:00:00+00:00,0.4686,0.4719,0.4658,0.4685,28450155.0
2023-05-21 00:00:00+00:00,0.4685,0.4705,0.4676,0.4698,19903491.0
2023-05-21 06:00:00+00:00,0.4698,0.4706,0.4643,0.4656,34248733.0
2023-05-21 12:00:00+00:00,0.4656,0.4664,0.455,0.4577,63090765.0
2023-05-21 18:00:00+00:00,0.4577,0.4632,0.4561,0.4575,34862860.0
2023-05-22 00:00:00+00:00,0.4574,0.4651,0.4496,0.4638,84013557.0
2023-05-22 06:00:00+00:00,0.4638,0.4674,0.4579,0.4618,76575126.0
2023-05-22 12:00:00+00:00,0.4618,0.4638,0.4526,0.4572,82022987.0
2023-05-22 18:00:00+00:00,0.4571,0.4624,0.457,0.4618,47377908.0
2023-05-23 00:00:00+00:00,0.4618,0.4671,0.4602,0.4659,73912854.0
2023-05-23 06:00:00+00:00,0.4659,0.4672,0.4593,0.4609,82193459.0
2023-05-23 12:00:00+00:00,0.4608,0.462,0.4583,0.46,64228689.0
2023-05-23 18:00:00+00:00,0.46,0.4658,0.459,0.4651,50156004.0
2023-05-24 00:00:00+00:00,0.4651,0.4651,0.4548,0.4594,77993076.0
2023-05-24 06:00:00+00:00,0.4594,0.4609,0.4531,0.4565,97677269.0
2023-05-24 12:00:00+00:00,0.4566,0.4573,0.4457,0.4508,114006297.0
2023-05-24 18:00:00+00:00,0.4509,0.4547,0.449,0.453,44451384.0
2023-05-25 00:00:00+00:00,0.453,0.4542,0.4431,0.4533,57832849.0
2023-05-25 06:00:00+00:00,0.4532,0.4543,0.4471,0.452,50397327.0
2023-05-25 12:00:00+00:00,0.4519,0.4551,0.4462,0.4487,47665553.0
2023-05-25 18:00:00+00:00,0.4487,0.4547,0.4484,0.4538,34278708.0
2023-05-26 00:00:00+00:00,0.4538,0.4677,0.4524,0.4617,92520013.0
2023-05-26 06:00:00+00:00,0.4616,0.4673,0.4601,0.4659,69442095.0
2023-05-26 12:00:00+00:00,0.4659,0.4685,0.4604,0.4616,65309203.0
2023-05-26 18:00:00+00:00,0.4616,0.4699,0.4606,0.4684,57373843.0
2023-05-27 00:00:00+00:00,0.4684,0.4792,0.4652,0.4713,85584207.0
2023-05-27 06:00:00+00:00,0.4712,0.4745,0.4701,0.472,35875223.0
2023-05-27 12:00:00+00:00,0.472,0.4735,0.466,0.4704,33292698.0
2023-05-27 18:00:00+00:00,0.4704,0.4726,0.4692,0.4714,24046805.0
2023-05-28 00:00:00+00:00,0.4714,0.4741,0.4699,0.4719,33804782.0
2023-05-28 06:00:00+00:00,0.4719,0.4745,0.4713,0.4726,24383040.0
2023-05-28 12:00:00+00:00,0.4726,0.4787,0.4714,0.477,35727818.0
2023-05-28 18:00:00+00:00,0.4769,0.4863,0.4754,0.482,72618566.0
2023-05-29 00:00:00+00:00,0.482,0.4857,0.4773,0.4823,66129896.0
2023-05-29 06:00:00+00:00,0.4822,0.4834,0.4774,0.4805,65638325.0
2023-05-29 12:00:00+00:00,0.4804,0.4875,0.4761,0.4848,77296610.0
2023-05-29 18:00:00+00:00,0.4848,0.4954,0.4798,0.4946,119470925.0
2023-05-30 00:00:00+00:00,0.4946,0.505,0.4893,0.5009,132576186.0
2023-05-30 06:00:00+00:00,0.5009,0.506,0.497,0.5025,120353464.0
2023-05-30 12:00:00+00:00,0.5026,0.525,0.4937,0.5241,249281984.0
2023-05-30 18:00:00+00:00,0.5241,0.5293,0.5086,0.5205,160679597.0
2023-05-31 00:00:00+00:00,0.5205,0.528,0.5104,0.5124,135548023.0
2023-05-31 06:00:00+00:00,0.5124,0.5186,0.501,0.5113,136577559.0
2023-05-31 12:00:00+00:00,0.5113,0.5142,0.5009,0.5088,98635038.0
2023-05-31 18:00:00+00:00,0.5088,0.52,0.508,0.5166,70156424.0
2023-06-01 00:00:00+00:00,0.5167,0.5167,0.5024,0.5069,134454869.0
2023-06-01 06:00:00+00:00,0.5069,0.5078,0.5023,0.5053,74880362.0
2023-06-01 12:00:00+00:00,0.5052,0.5083,0.5014,0.5057,66460754.0
2023-06-01 18:00:00+00:00,0.5056,0.51,0.5047,0.5065,44986433.0
2023-06-02 00:00:00+00:00,0.5065,0.5197,0.5033,0.5182,86154047.0
2023-06-02 06:00:00+00:00,0.5181,0.5192,0.5132,0.5147,68121712.0
2023-06-02 12:00:00+00:00,0.5147,0.5195,0.512,0.5188,74048679.0
2023-06-02 18:00:00+00:00,0.5188,0.5271,0.5174,0.5244,64724523.0
2023-06-03 00:00:00+00:00,0.5245,0.526,0.5192,0.5258,31907395.0
2023-06-03 06:00:00+00:00,0.5258,0.534,0.5214,0.5228,58133791.0
2023-06-03 12:00:00+00:00,0.5228,0.5232,0.5175,0.5188,52113175.0
2023-06-03 18:00:00+00:00,0.5187,0.5221,0.5144,0.5188,29984768.0
2023-06-04 00:00:00+00:00,0.5188,0.5234,0.5151,0.5217,31208867.0
2023-06-04 06:00:00+00:00,0.5216,0.5269,0.5213,0.5245,40573380.0
2023-06-04 12:00:00+00:00,0.5246,0.5381,0.5236,0.5359,82223203.0
2023-06-04 18:00:00+00:00,0.5359,0.547,0.5336,0.5359,96229718.0
2023-06-05 00:00:00+00:00,0.5359,0.5431,0.5277,0.5375,104325181.0
2023-06-05 06:00:00+00:00,0.5375,0.5389,0.5303,0.5346,89122605.0
2023-06-05 12:00:00+00:00,0.5345,0.5388,0.4867,0.5014,306986307.0
2023-06-05 18:00:00+00:00,0.5013,0.5126,0.4957,0.509,116559721.0
2023-06-06 00:00:00+00:00,0.5089,0.5142,0.5024,0.5116,104125384.0
2023-06-06 06:00:00+00:00,0.5115,0.5139,0.5052,0.5088,78055851.0
2023-06-06 12:00:00+00:00,0.5087,0.5168,0.4952,0.5161,170880271.0
2023-06-06 18:00:00+00:00,0.5161,0.5328,0.5147,0.53,105351952.0
2023-06-07 00:00:00+00:00,0.53,0.534,0.5238,0.533,84069631.0
2023-06-07 06:00:00+00:00,0.533,0.5384,0.5178,0.533,128321639.0
2023-06-07 12:00:00+00:00,0.533,0.5338,0.507,0.514,169047939.0
2023-06-07 18:00:00+00:00,0.514,0.5269,0.5129,0.5183,86034966.0
2023-06-08 00:00:00+00:00,0.5183,0.524,0.5156,0.5224,73402811.0
2023-06-08 06:00:00+00:00,0.5224,0.5233,0.5159,0.5187,67613158.0
2023-06-08 12:00:00+00:00,0.5187,0.5257,0.517,0.5198,73913687.0
2023-06-08 18:00:00+00:00,0.5198,0.5278,0.5187,0.5236,48052595.0
2023-06-09 00:00:00+00:00,0.5237,0.5265,0.5214,0.5259,54026359.0
2023-06-09 06:00:00+00:00,0.526,0.5297,0.5205,0.529,71248337.0
2023-06-09 12:00:00+00:00,0.529,0.5418,0.5275,0.5336,133454771.0
2023-06-09 18:00:00+00:00,0.5335,0.54,0.53,0.538,93339156.0
2023-06-10 00:00:00+00:00,0.538,0.5388,0.472,0.4807,259602746.0
2023-06-10 06:00:00+00:00,0.4806,0.4956,0.478,0.4953,164261418.0
2023-06-10 12:00:00+00:00,0.4954,0.5073,0.483,0.5059,113047266.0
2023-06-10 18:00:00+00:00,0.506,0.5119,0.4926,0.5067,72390889.0
2023-06-11 00:00:00+00:00,0.5067,0.5093,0.5027,0.5055,41250932.0
2023-06-11 06:00:00+00:00,0.5055,0.51,0.5036,0.5085,39595732.0
2023-06-11 12:00:00+00:00,0.5085,0.5194,0.5055,0.5183,63769651.0
2023-06-11 18:00:00+00:00,0.5183,0.5293,0.5138,0.5208,76586165.0
2023-06-12 00:00:00+00:00,0.5209,0.5231,0.5086,0.5151,100841105.0
2023-06-12 06:00:00+00:00,0.5151,0.5231,0.5113,0.5189,88816531.0
2023-06-12 12:00:00+00:00,0.5188,0.522,0.5123,0.5189,89271704.0
2023-06-12 18:00:00+00:00,0.5188,0.528,0.5172,0.5251,77618204.0
2023-06-13 00:00:00+00:00,0.5251,0.5316,0.5197,0.5302,95790728.0
2023-06-13 06:00:00+00:00,0.5301,0.5658,0.5265,0.5617,245183806.0
2023-06-13 12:00:00+00:00,0.5617,0.5631,0.5054,0.5122,349641051.0
2023-06-13 18:00:00+00:00,0.5122,0.5246,0.5106,0.5192,81015599.0
2023-06-14 00:00:00+00:00,0.5193,0.5205,0.507,0.5094,92153744.0
2023-06-14 06:00:00+00:00,0.5094,0.5126,0.4972,0.5084,121330269.0
2023-06-14 12:00:00+00:00,0.5085,0.5096,0.4995,0.5056,87413094.0
2023-06-14 18:00:00+00:00,0.5056,0.5072,0.461,0.4801,243499290.0
2023-06-15 00:00:00+00:00,0.4802,0.4858,0.4763,0.4838,85497744.0
2023-06-15 06:00:00+00:00,0.4838,0.484,0.4663,0.4764,102667016.0
2023-06-15 12:00:00+00:00,0.4765,0.4824,0.4688,0.4753,88136481.0
2023-06-15 18:00:00+00:00,0.4753,0.4845,0.474,0.4801,61441495.0
2023-06-16 00:00:00+00:00,0.4801,0.4821,0.475,0.4814,52244538.0
2023-06-16 06:00:00+00:00,0.4814,0.4833,0.4562,0.463,125818971.0
2023-06-16 12:00:00+00:00,0.4629,0.4707,0.4558,0.4704,129016876.0
2023-06-16 18:00:00+00:00,0.4704,0.4773,0.4682,0.4759,69581277.0
2023-06-17 00:00:00+00:00,0.4758,0.4822,0.4694,0.4803,66055451.0
2023-06-17 06:00:00+00:00,0.4804,0.4869,0.4772,0.4787,62637126.0
2023-06-17 12:00:00+00:00,0.4787,0.4822,0.4751,0.4787,40703499.0
2023-06-17 18:00:00+00:00,0.4787,0.482,0.4784,0.4794,20183595.0
2023-06-18 00:00:00+00:00,0.4794,0.4832,0.4741,0.4807,34653869.0
2023-06-18 06:00:00+00:00,0.4807,0.4899,0.4785,0.4876,50711077.0
2023-06-18 12:00:00+00:00,0.4876,0.4956,0.4836,0.492,58616162.0
2023-06-18 18:00:00+00:00,0.4921,0.4979,0.4832,0.4868,81039436.0
2023-06-19 00:00:00+00:00,0.4868,0.4934,0.4811,0.4925,78148813.0
2023-06-19 06:00:00+00:00,0.4925,0.4947,0.4855,0.4895,81279500.0
2023-06-19 12:00:00+00:00,0.4895,0.4939,0.4856,0.4931,73939872.0
2023-06-19 18:00:00+00:00,0.4931,0.4991,0.4882,0.4936,88819423.0
2023-06-20 00:00:00+00:00,0.4935,0.4967,0.4866,0.4874,75187195.0
2023-06-20 06:00:00+00:00,0.4873,0.4882,0.4782,0.4835,96024054.0
2023-06-20 12:00:00+00:00,0.4835,0.4869,0.4716,0.4854,120865672.0
2023-06-20 18:00:00+00:00,0.4853,0.4937,0.4852,0.4929,86248985.0
2023-06-21 00:00:00+00:00,0.4928,0.5034,0.4892,0.5013,104549574.0
2023-06-21 06:00:00+00:00,0.5014,0.5014,0.4907,0.4948,103147400.0
2023-06-21 12:00:00+00:00,0.4947,0.5021,0.4905,0.4976,133775532.0
2023-06-21 18:00:00+00:00,0.4976,0.5031,0.4935,0.4999,67277322.0
2023-06-22 00:00:00+00:00,0.4999,0.5272,0.4981,0.5145,145423264.0
2023-06-22 06:00:00+00:00,0.5144,0.5146,0.4821,0.4935,150344255.0
2023-06-22 12:00:00+00:00,0.4936,0.5015,0.4872,0.4967,104789946.0
2023-06-22 18:00:00+00:00,0.4967,0.4993,0.4928,0.4938,42172132.0
2023-06-23 00:00:00+00:00,0.4937,0.5016,0.4923,0.4966,66825168.0
2023-06-23 06:00:00+00:00,0.4966,0.4977,0.4904,0.4924,76078269.0
2023-06-23 12:00:00+00:00,0.4924,0.5018,0.484,0.5013,127773505.0
2023-06-23 18:00:00+00:00,0.5012,0.5023,0.4912,0.4961,74714988.0
2023-06-24 00:00:00+00:00,0.496,0.4961,0.4883,0.494,46992118.0
2023-06-24 06:00:00+00:00,0.494,0.4945,0.4887,0.4924,37316498.0
2023-06-24 12:00:00+00:00,0.4923,0.4944,0.478,0.4865,78930100.0
2023-06-24 18:00:00+00:00,0.4866,0.4889,0.4832,0.4865,29858800.0
2023-06-25 00:00:00+00:00,0.4865,0.4919,0.4829,0.4903,56232341.0
2023-06-25 06:00:00+00:00,0.4902,0.4945,0.4877,0.4922,43384659.0
2023-06-25 12:00:00+00:00,0.4921,0.4977,0.4856,0.489,62241425.0
2023-06-25 18:00:00+00:00,0.4889,0.4922,0.4862,0.4903,29724745.0
2023-06-26 00:00:00+00:00,0.4903,0.4919,0.4807,0.4838,80064102.0
2023-06-26 06:00:00+00:00,0.4838,0.4867,0.4782,0.4829,73706470.0
2023-06-26 12:00:00+00:00,0.4829,0.4876,0.4701,0.4745,102201313.0
2023-06-26 18:00:00+00:00,0.4744,0.4803,0.4726,0.479,49366142.0
2023-06-27 00:00:00+00:00,0.479,0.4833,0.4762,0.4809,63471329.0
2023-06-27 06:00:00+00:00,0.4809,0.4824,0.4774,0.4811,90259406.0
2023-06-27 12:00:00+00:00,0.481,0.4851,0.4759,0.4811,93099575.0
2023-06-27 18:00:00+00:00,0.4811,0.4848,0.48,0.4838,44753634.0
2023-06-28 00:00:00+00:00,0.4839,0.4844,0.4789,0.4811,54057810.0
2023-06-28 06:00:00+00:00,0.4811,0.4816,0.4705,0.4753,76401254.0
2023-06-28 12:00:00+00:00,0.4753,0.4756,0.4657,0.4674,84191444.0
2023-06-28 18:00:00+00:00,0.4675,0.4722,0.4493,0.4647,111187257.0
2023-06-29 00:00:00+00:00,0.4648,0.4693,0.4612,0.4666,50820912.0
2023-06-29 06:00:00+00:00,0.4667,0.4731,0.464,0.4698,65602284.0
2023-06-29 12:00:00+00:00,0.4699,0.475,0.4676,0.472,61541151.0
2023-06-29 18:00:00+00:00,0.4721,0.4773,0.4711,0.4747,33250211.0
2023-06-30 00:00:00+00:00,0.4747,0.4827,0.4683,0.4772,83469972.0
2023-06-30 06:00:00+00:00,0.4772,0.4819,0.4723,0.4799,77193833.0
2023-06-30 12:00:00+00:00,0.4799,0.4824,0.4498,0.4744,178336433.0
2023-06-30 18:00:00+00:00,0.4743,0.4779,0.4707,0.4729,54612001.0
2023-07-01 00:00:00+00:00,0.473,0.4732,0.464,0.4684,135270884.0
2023-07-01 06:00:00+00:00,0.4684,0.4716,0.467,0.4706,38207291.0
2023-07-01 12:00:00+00:00,0.4706,0.476,0.47,0.4739,42060150.0
2023-07-01 18:00:00+00:00,0.4739,0.4753,0.4718,0.4732,17011084.0
2023-07-02 00:00:00+00:00,0.4732,0.4961,0.4697,0.4838,153936253.0
2023-07-02 06:00:00+00:00,0.4837,0.485,0.4782,0.4794,44761453.0
2023-07-02 12:00:00+00:00,0.4794,0.493,0.4758,0.4827,101380781.0
2023-07-02 18:00:00+00:00,0.4827,0.4866,0.4804,0.4845,37076602.0
2023-07-03 00:00:00+00:00,0.4844,0.4869,0.4793,0.4823,81183033.0
2023-07-03 06:00:00+00:00,0.4823,0.487,0.4784,0.4853,97000003.0
2023-07-03 12:00:00+00:00,0.4853,0.4896,0.479,0.4878,106000914.0
2023-07-03 18:00:00+00:00,0.4877,0.4914,0.486,0.489,72836399.0
2023-07-04 00:00:00+00:00,0.489,0.4935,0.4862,0.4878,78800326.0
2023-07-04 06:00:00+00:00,0.4877,0.4904,0.4846,0.4884,76866422.0
2023-07-04 12:00:00+00:00,0.4883,0.4899,0.4816,0.4865,83139413.0
2023-07-04 18:00:00+00:00,0.4866,0.4896,0.4831,0.4872,60633330.0
2023-07-05 00:00:00+00:00,0.4872,0.4919,0.4866,0.4903,49305052.0
2023-07-05 06:00:00+00:00,0.4903,0.4912,0.47,0.478,126132812.0
2023-07-05 12:00:00+00:00,0.478,0.4786,0.4696,0.4763,80877541.0
2023-07-05 18:00:00+00:00,0.4763,0.4789,0.4756,0.4777,36304605.0
2023-07-06 00:00:00+00:00,0.4777,0.4823,0.4736,0.482,46387521.0
2023-07-06 06:00:00+00:00,0.4819,0.4842,0.4734,0.4752,91722764.0
2023-07-06 12:00:00+00:00,0.4751,0.4759,0.4612,0.4674,106717276.0
2023-07-06 18:00:00+00:00,0.4674,0.4705,0.4617,0.4622,59297550.0
2023-07-07 00:00:00+00:00,0.4622,0.4708,0.4575,0.4698,68108987.0
2023-07-07 06:00:00+00:00,0.4697,0.4703,0.4618,0.4662,75082996.0
2023-07-07 12:00:00+00:00,0.4661,0.4699,0.4646,0.4655,53825430.0
2023-07-07 18:00:00+00:00,0.4655,0.4688,0.464,0.4687,33671534.0
2023-07-08 00:00:00+00:00,0.4686,0.4686,0.4649,0.4672,24785666.0
2023-07-08 06:00:00+00:00,0.4671,0.4686,0.4655,0.4675,22115824.0
2023-07-08 12:00:00+00:00,0.4675,0.4748,0.4659,0.4702,39964871.0
2023-07-08 18:00:00+00:00,0.4702,0.472,0.4671,0.4704,29165520.0
2023-07-09 00:00:00+00:00,0.4705,0.4717,0.4691,0.4696,16937746.0
2023-07-09 06:00:00+00:00,0.4697,0.4704,0.468,0.4692,18142332.0
2023-07-09 12:00:00+00:00,0.4691,0.4717,0.4664,0.4703,25592002.0
2023-07-09 18:00:00+00:00,0.4704,0.4705,0.4672,0.468,19475875.0
2023-07-10 00:00:00+00:00,0.4681,0.4692,0.4622,0.4671,85660639.0
2023-07-10 06:00:00+00:00,0.4671,0.4739,0.4656,0.4715,92141289.0
2023-07-10 12:00:00+00:00,0.4715,0.4731,0.4705,0.4731,70952251.0
2023-07-10 18:00:00+00:00,0.473,0.48,0.4727,0.478,85791558.0
2023-07-11 00:00:00+00:00,0.478,0.4784,0.4744,0.4768,60279198.0
2023-07-11 06:00:00+00:00,0.4767,0.4779,0.472,0.4738,73862830.0
2023-07-11 12:00:00+00:00,0.4737,0.4755,0.4718,0.4725,48330586.0
2023-07-11 18:00:00+00:00,0.4725,0.4768,0.4709,0.4753,43209162.0
2023-07-12 00:00:00+00:00,0.4753,0.4765,0.473,0.4763,39311770.0
2023-07-12 06:00:00+00:00,0.4764,0.4772,0.4722,0.4738,54039141.0
2023-07-12 12:00:00+00:00,0.4738,0.4762,0.4664,0.4706,83412967.0
2023-07-12 18:00:00+00:00,0.4707,0.4723,0.4648,0.471,43906877.0
2023-07-13 00:00:00+00:00,0.471,0.4732,0.4695,0.473,42363867.0
2023-07-13 06:00:00+00:00,0.4729,0.4742,0.4701,0.4734,62185001.0
2023-07-13 12:00:00+00:00,0.4735,0.758,0.4718,0.745,1172816292.0
2023-07-13 18:00:00+00:00,0.7451,0.938,0.7357,0.8153,1222606005.0
2023-07-14 00:00:00+00:00,0.8151,0.8253,0.7231,0.7899,550030516.0
2023-07-14 06:00:00+00:00,0.7898,0.8073,0.7639,0.7984,270490045.0
2023-07-14 12:00:00+00:00,0.7983,0.7998,0.7011,0.7078,339219821.0
2023-07-14 18:00:00+00:00,0.7078,0.7258,0.6686,0.7179,365435136.0
2023-07-15 00:00:00+00:00,0.7178,0.7362,0.6919,0.7187,283403436.0
2023-07-15 06:00:00+00:00,0.7186,0.7308,0.7108,0.7181,144098459.0
2023-07-15 12:00:00+00:00,0.7179,0.7338,0.7011,0.713,167826310.0
2023-07-15 18:00:00+00:00,0.7131,0.7315,0.7074,0.7145,108027514.0
2023-07-16 00:00:00+00:00,0.7144,0.7271,0.702,0.7136,136375698.0
2023-07-16 06:00:00+00:00,0.7137,0.7621,0.7113,0.7496,260604712.0
2023-07-16 12:00:00+00:00,0.7496,0.7794,0.7416,0.7737,289859048.0
2023-07-16 18:00:00+00:00,0.7737,0.79,0.735,0.7468,259804811.0
2023-07-17 00:00:00+00:00,0.7468,0.7599,0.7407,0.7463,99997930.0
2023-07-17 06:00:00+00:00,0.7462,0.7547,0.72,0.7358,181701585.0
2023-07-17 12:00:00+00:00,0.7357,0.7662,0.7122,0.7263,218754213.0
2023-07-17 18:00:00+00:00,0.7262,0.7467,0.7171,0.7374,108418415.0
2023-07-18 00:00:00+00:00,0.7373,0.7485,0.7344,0.744,79940509.0
2023-07-18 06:00:00+00:00,0.7441,0.764,0.7304,0.7487,195174013.0
2023-07-18 12:00:00+00:00,0.7486,0.77,0.7433,0.7554,185632791.0
2023-07-18 18:00:00+00:00,0.7553,0.785,0.7538,0.7779,137283296.0
2023-07-19 00:00:00+00:00,0.778,0.818,0.7715,0.7998,255401543.0
2023-07-19 06:00:00+00:00,0.7998,0.8008,0.7685,0.7949,188255505.0
2023-07-19 12:00:00+00:00,0.7949,0.828,0.791,0.8142,222426044.0
2023-07-19 18:00:00+00:00,0.8142,0.8547,0.8115,0.8199,247412861.0
2023-07-20 00:00:00+00:00,0.8198,0.8489,0.8162,0.8407,152358856.0
2023-07-20 06:00:00+00:00,0.8408,0.8422,0.8012,0.8082,203114355.0
2023-07-20 12:00:00+00:00,0.8082,0.8171,0.7791,0.7922,172287986.0
2023-07-20 18:00:00+00:00,0.7922,0.8037,0.771,0.7942,115746324.0
2023-07-21 00:00:00+00:00,0.7942,0.7987,0.7845,0.7874,73558905.0
2023-07-21 06:00:00+00:00,0.7873,0.7916,0.7601,0.7741,140125538.0
2023-07-21 12:00:00+00:00,0.774,0.7914,0.7705,0.79,113825072.0
2023-07-21 18:00:00+00:00,0.7899,0.7943,0.7653,0.7713,83724459.0
2023-07-22 00:00:00+00:00,0.7713,0.7781,0.7658,0.7723,49603425.0
2023-07-22 06:00:00+00:00,0.7723,0.7799,0.7641,0.7726,58843963.0
2023-07-22 12:00:00+00:00,0.7726,0.7726,0.7607,0.7665,67024074.0
2023-07-22 18:00:00+00:00,0.7664,0.7665,0.7215,0.7331,149513287.0
2023-07-23 00:00:00+00:00,0.733,0.7456,0.7149,0.7427,106704190.0
2023-07-23 06:00:00+00:00,0.7426,0.7478,0.7356,0.7411,66755531.0
2023-07-23 12:00:00+00:00,0.7411,0.7497,0.736,0.7481,54342328.0
2023-07-23 18:00:00+00:00,0.7482,0.7525,0.7309,0.7384,66009382.0
2023-07-24 00:00:00+00:00,0.7384,0.743,0.7214,0.7315,86849185.0
2023-07-24 06:00:00+00:00,0.7315,0.7316,0.6808,0.6931,200839000.0
2023-07-24 12:00:00+00:00,0.693,0.7056,0.6817,0.7012,157321345.0
2023-07-24 18:00:00+00:00,0.7012,0.7089,0.6979,0.7021,68602375.0
2023-07-25 00:00:00+00:00,0.702,0.7029,0.6894,0.694,74569847.0
2023-07-25 06:00:00+00:00,0.6939,0.6943,0.6743,0.6856,106284603.0
2023-07-25 12:00:00+00:00,0.6855,0.708,0.6852,0.7056,137721355.0
2023-07-25 18:00:00+00:00,0.7056,0.7163,0.6975,0.7089,74947418.0
2023-07-26 00:00:00+00:00,0.709,0.715,0.7012,0.7081,55241915.0
2023-07-26 06:00:00+00:00,0.708,0.7081,0.6927,0.6978,76108021.0
2023-07-26 12:00:00+00:00,0.6977,0.7071,0.695,0.6981,71422024.0
2023-07-26 18:00:00+00:00,0.6981,0.7313,0.6972,0.7161,166643335.0
2023-07-27 00:00:00+00:00,0.7161,0.7222,0.7081,0.7152,50916095.0
2023-07-27 06:00:00+00:00,0.7152,0.7192,0.7098,0.7163,62772055.0
2023-07-27 12:00:00+00:00,0.7162,0.7328,0.7061,0.7224,128813539.0
2023-07-27 18:00:00+00:00,0.7225,0.723,0.7071,0.7139,69949171.0
2023-07-28 00:00:00+00:00,0.7138,0.7189,0.7077,0.7109,47741617.0
2023-07-28 06:00:00+00:00,0.7109,0.7132,0.7021,0.7095,68720258.0
2023-07-28 12:00:00+00:00,0.7095,0.7176,0.7084,0.7106,60745050.0
2023-07-28 18:00:00+00:00,0.7106,0.7145,0.7099,0.712,23783919.0
2023-07-29 00:00:00+00:00,0.7119,0.7143,0.7097,0.7137,19141011.0
2023-07-29 06:00:00+00:00,0.7137,0.7155,0.7041,0.7084,36509788.0
2023-07-29 12:00:00+00:00,0.7084,0.7135,0.7071,0.712,22965302.0
2023-07-29 18:00:00+00:00,0.7121,0.7158,0.7089,0.7121,26987807.0
2023-07-30 00:00:00+00:00,0.7122,0.7123,0.7087,0.7103,20123283.0
2023-07-30 06:00:00+00:00,0.7102,0.7358,0.7089,0.7196,87412422.0
2023-07-30 12:00:00+00:00,0.7197,0.7231,0.7119,0.7171,53600698.0
2023-07-30 18:00:00+00:00,0.7172,0.7176,0.6825,0.7046,106436035.0
2023-07-31 00:00:00+00:00,0.7047,0.7118,0.7014,0.7059,56168869.0
2023-07-31 06:00:00+00:00,0.7058,0.708,0.7014,0.7045,59465750.0
2023-07-31 12:00:00+00:00,0.7044,0.7072,0.6929,0.7032,82311233.0
2023-07-31 18:00:00+00:00,0.7032,0.7205,0.685,0.6976,180445105.0
2023-08-01 00:00:00+00:00,0.6976,0.6976,0.6732,0.691,133752219.0
2023-08-01 06:00:00+00:00,0.6909,0.6923,0.686,0.6876,67345563.0
2023-08-01 12:00:00+00:00,0.6876,0.6985,0.6813,0.6951,95973590.0
2023-08-01 18:00:00+00:00,0.6951,0.7082,0.6949,0.7069,69592946.0
2023-08-02 00:00:00+00:00,0.7069,0.7081,0.6966,0.6983,57026597.0
2023-08-02 06:00:00+00:00,0.6984,0.6989,0.6922,0.6962,50663385.0
2023-08-02 12:00:00+00:00,0.6962,0.6963,0.6762,0.6838,114035610.0
2023-08-02 18:00:00+00:00,0.6837,0.6892,0.683,0.685,35600365.0
2023-08-03 00:00:00+00:00,0.6849,0.6875,0.6787,0.6822,47835445.0
2023-08-03 06:00:00+00:00,0.6823,0.6825,0.6543,0.6657,160250109.0
2023-08-03 12:00:00+00:00,0.6657,0.6765,0.6594,0.6714,85815715.0
2023-08-03 18:00:00+00:00,0.6714,0.6776,0.6608,0.663,59645756.0
2023-08-04 00:00:00+00:00,0.6629,0.6675,0.661,0.667,46740718.0
2023-08-04 06:00:00+00:00,0.667,0.6675,0.6557,0.6581,73418837.0
2023-08-04 12:00:00+00:00,0.6581,0.6677,0.6562,0.6624,68525062.0
2023-08-04 18:00:00+00:00,0.6623,0.6629,0.625,0.6356,162201031.0
2023-08-05 00:00:00+00:00,0.6356,0.6358,0.6106,0.6251,123608110.0
2023-08-05 06:00:00+00:00,0.625,0.6326,0.6225,0.6274,49192525.0
2023-08-05 12:00:00+00:00,0.6273,0.6295,0.6191,0.6261,79298296.0
2023-08-05 18:00:00+00:00,0.6261,0.6325,0.625,0.6288,38813442.0
2023-08-06 00:00:00+00:00,0.6288,0.6388,0.627,0.6356,64122616.0
2023-08-06 06:00:00+00:00,0.6357,0.6378,0.6297,0.6332,40257162.0
2023-08-06 12:00:00+00:00,0.6333,0.6333,0.6238,0.6274,56182255.0
2023-08-06 18:00:00+00:00,0.6275,0.632,0.6214,0.624,40960938.0
2023-08-07 00:00:00+00:00,0.624,0.6299,0.6209,0.6252,65799356.0
2023-08-07 06:00:00+00:00,0.6252,0.6252,0.6066,0.6198,132107448.0
2023-08-07 12:00:00+00:00,0.6199,0.621,0.5967,0.6094,184141098.0
2023-08-07 18:00:00+00:00,0.6095,0.6244,0.6084,0.6236,64577890.0
2023-08-08 00:00:00+00:00,0.6235,0.627,0.6174,0.6246,71874306.0
2023-08-08 06:00:00+00:00,0.6245,0.6252,0.6141,0.623,84515702.0
2023-08-08 12:00:00+00:00,0.623,0.6418,0.6206,0.6397,125027634.0
2023-08-08 18:00:00+00:00,0.6397,0.6482,0.6344,0.6418,96419746.0
2023-08-09 00:00:00+00:00,0.6418,0.6482,0.6356,0.6443,58705149.0
2023-08-09 06:00:00+00:00,0.6443,0.6491,0.639,0.6449,82931539.0
2023-08-09 12:00:00+00:00,0.6449,0.6662,0.6445,0.6519,171299221.0
2023-08-09 18:00:00+00:00,0.6519,0.6654,0.6314,0.6433,127332487.0
2023-08-10 00:00:00+00:00,0.6434,0.6445,0.6344,0.635,64548428.0
2023-08-10 06:00:00+00:00,0.6351,0.6367,0.6241,0.6285,102338816.0
2023-08-10 12:00:00+00:00,0.6285,0.6376,0.6244,0.6312,88932229.0
2023-08-10 18:00:00+00:00,0.6311,0.636,0.6306,0.6331,38838539.0
2023-08-11 00:00:00+00:00,0.6331,0.6413,0.632,0.6364,56796648.0
2023-08-11 06:00:00+00:00,0.6363,0.6367,0.6283,0.6331,78272098.0
2023-08-11 12:00:00+00:00,0.633,0.6345,0.6257,0.6302,60674807.0
2023-08-11 18:00:00+00:00,0.6301,0.6334,0.6281,0.6318,30155276.0
2023-08-12 00:00:00+00:00,0.6317,0.6335,0.6283,0.6296,22536681.0
2023-08-12 06:00:00+00:00,0.6296,0.6315,0.6291,0.6301,15367244.0
2023-08-12 12:00:00+00:00,0.6301,0.6312,0.6288,0.6296,19628215.0
2023-08-12 18:00:00+00:00,0.6296,0.6299,0.6224,0.6276,29757234.0
2023-08-13 00:00:00+00:00,0.6276,0.6301,0.626,0.6274,17179876.0
2023-08-13 06:00:00+00:00,0.6273,0.6296,0.6267,0.6276,16694138.0
2023-08-13 12:00:00+00:00,0.6276,0.6299,0.6266,0.6294,23299858.0
2023-08-13 18:00:00+00:00,0.6294,0.6385,0.6235,0.6256,80134906.0
2023-08-14 00:00:00+00:00,0.6256,0.6344,0.6241,0.6299,71360789.0
2023-08-14 06:00:00+00:00,0.6299,0.6309,0.6258,0.6283,75361580.0
2023-08-14 12:00:00+00:00,0.6283,0.6329,0.6265,0.6297,57012932.0
2023-08-14 18:00:00+00:00,0.6296,0.6369,0.6248,0.6343,56439935.0
2023-08-15 00:00:00+00:00,0.6342,0.6348,0.6273,0.6293,46073478.0
2023-08-15 06:00:00+00:00,0.6293,0.6303,0.6256,0.626,63190543.0
2023-08-15 12:00:00+00:00,0.6259,0.6287,0.6214,0.6254,57786177.0
2023-08-15 18:00:00+00:00,0.6253,0.6257,0.58,0.6104,221306004.0
2023-08-16 00:00:00+00:00,0.6104,0.617,0.6059,0.6085,110926974.0
2023-08-16 06:00:00+00:00,0.6085,0.6091,0.5948,0.6001,146113111.0
2023-08-16 12:00:00+00:00,0.6001,0.6015,0.5874,0.6009,136453115.0
2023-08-16 18:00:00+00:00,0.6009,0.6029,0.572,0.5889,188125679.0
2023-08-17 00:00:00+00:00,0.589,0.5948,0.5792,0.5932,79850009.0
2023-08-17 06:00:00+00:00,0.5932,0.5934,0.5833,0.5847,92635070.0
2023-08-17 12:00:00+00:00,0.5848,0.5886,0.568,0.5775,176267614.0
2023-08-17 18:00:00+00:00,0.5775,0.5798,0.4226,0.5064,498849835.0
2023-08-18 00:00:00+00:00,0.5064,0.5166,0.4829,0.4978,200161097.0
2023-08-18 06:00:00+00:00,0.4978,0.523,0.4978,0.5086,211093141.0
2023-08-18 12:00:00+00:00,0.5087,0.5124,0.4883,0.5043,216950641.0
2023-08-18 18:00:00+00:00,0.5043,0.511,0.498,0.5062,96635019.0
2023-08-19 00:00:00+00:00,0.5062,0.51,0.5028,0.5034,50307121.0
2023-08-19 06:00:00+00:00,0.5033,0.5076,0.5006,0.5035,52141349.0
2023-08-19 12:00:00+00:00,0.5035,0.5249,0.503,0.5194,135976818.0
2023-08-19 18:00:00+00:00,0.5195,0.522,0.5124,0.5199,60504991.0
2023-08-20 00:00:00+00:00,0.52,0.523,0.516,0.519,62282266.0
2023-08-20 06:00:00+00:00,0.519,0.5582,0.5179,0.5454,207323320.0
2023-08-20 12:00:00+00:00,0.5454,0.5502,0.531,0.5393,136341955.0
2023-08-20 18:00:00+00:00,0.5394,0.5456,0.5369,0.5384,46962470.0
2023-08-21 00:00:00+00:00,0.5385,0.5398,0.5255,0.529,101649851.0
2023-08-21 06:00:00+00:00,0.529,0.5291,0.5173,0.5258,162399017.0
2023-08-21 12:00:00+00:00,0.5258,0.5305,0.503,0.5166,201448533.0
2023-08-21 18:00:00+00:00,0.5166,0.527,0.5153,0.5245,63218844.0
2023-08-22 00:00:00+00:00,0.5245,0.5256,0.518,0.5205,64920096.0
2023-08-22 06:00:00+00:00,0.5205,0.5212,0.5147,0.5172,99388183.0
2023-08-22 12:00:00+00:00,0.5172,0.5209,0.5038,0.5097,143930182.0
2023-08-22 18:00:00+00:00,0.5096,0.5255,0.5032,0.521,113961608.0
2023-08-23 00:00:00+00:00,0.5211,0.5239,0.5177,0.521,45271530.0
2023-08-23 06:00:00+00:00,0.521,0.5228,0.5169,0.5193,74945273.0
2023-08-23 12:00:00+00:00,0.5192,0.5353,0.5157,0.5311,107318257.0
2023-08-23 18:00:00+00:00,0.5311,0.5368,0.5233,0.5301,59320897.0
2023-08-24 00:00:00+00:00,0.5302,0.5319,0.526,0.5303,45228142.0
2023-08-24 06:00:00+00:00,0.5304,0.5304,0.5227,0.5245,72948858.0
2023-08-24 12:00:00+00:00,0.5244,0.5248,0.5111,0.5161,96407368.0
2023-08-24 18:00:00+00:00,0.5162,0.5198,0.5118,0.5187,37569965.0
2023-08-25 00:00:00+00:00,0.5187,0.5211,0.5132,0.5157,55894802.0
2023-08-25 06:00:00+00:00,0.5156,0.5165,0.5078,0.5142,89683946.0
2023-08-25 12:00:00+00:00,0.5141,0.5258,0.5117,0.5205,114156700.0
2023-08-25 18:00:00+00:00,0.5205,0.5319,0.5192,0.5258,66388800.0
2023-08-26 00:00:00+00:00,0.5258,0.5267,0.5178,0.5199,35297133.0
2023-08-26 06:00:00+00:00,0.5199,0.5242,0.5196,0.5231,24738021.0
2023-08-26 12:00:00+00:00,0.5231,0.5283,0.5211,0.5251,31300280.0
2023-08-26 18:00:00+00:00,0.5251,0.5275,0.5217,0.5231,19100660.0
2023-08-27 00:00:00+00:00,0.5231,0.5273,0.522,0.5257,20994000.0
2023-08-27 06:00:00+00:00,0.5257,0.5303,0.5248,0.5269,37289845.0
2023-08-27 12:00:00+00:00,0.5269,0.5302,0.5239,0.5245,39484931.0
2023-08-27 18:00:00+00:00,0.5245,0.5263,0.5163,0.5236,34622471.0
2023-08-28 00:00:00+00:00,0.5235,0.5237,0.5159,0.5181,70980428.0
2023-08-28 06:00:00+00:00,0.518,0.5191,0.5102,0.5166,90005290.0
2023-08-28 12:00:00+00:00,0.5166,0.522,0.5166,0.5204,63108209.0
2023-08-28 18:00:00+00:00,0.5204,0.525,0.5184,0.5232,42118033.0
2023-08-29 00:00:00+00:00,0.5232,0.5234,0.5197,0.5203,44605491.0
2023-08-29 06:00:00+00:00,0.5203,0.5203,0.5131,0.516,83839211.0
2023-08-29 12:00:00+00:00,0.516,0.5496,0.5144,0.5412,261808490.0
2023-08-29 18:00:00+00:00,0.5411,0.5438,0.5372,0.5398,68668493.0
2023-08-30 00:00:00+00:00,0.5398,0.5404,0.5301,0.5344,71710111.0
2023-08-30 06:00:00+00:00,0.5345,0.5345,0.5277,0.5296,78339791.0
2023-08-30 12:00:00+00:00,0.5295,0.5313,0.5216,0.5248,88232649.0
2023-08-30 18:00:00+00:00,0.5249,0.5296,0.5233,0.5284,41243565.0
2023-08-31 00:00:00+00:00,0.5284,0.5287,0.5242,0.5252,42879434.0
2023-08-31 06:00:00+00:00,0.5252,0.5288,0.5229,0.5262,67992112.0
2023-08-31 12:00:00+00:00,0.5263,0.5265,0.495,0.5102,172725495.0
2023-08-31 18:00:00+00:00,0.5102,0.5127,0.5028,0.511,75753640.0
2023-09-01 00:00:00+00:00,0.511,0.512,0.5058,0.5068,75739707.0
2023-09-01 06:00:00+00:00,0.5068,0.5078,0.5022,0.5071,98133501.0
2023-09-01 12:00:00+00:00,0.507,0.5083,0.4895,0.4935,137932024.0
2023-09-01 18:00:00+00:00,0.4936,0.4989,0.4864,0.498,79064656.0
2023-09-02 00:00:00+00:00,0.4981,0.4989,0.4944,0.4964,42465109.0
2023-09-02 06:00:00+00:00,0.4963,0.4982,0.4951,0.4972,44624052.0
2023-09-02 12:00:00+00:00,0.4972,0.5029,0.496,0.4967,63093299.0
2023-09-02 18:00:00+00:00,0.4967,0.4998,0.4943,0.4988,23452453.0
2023-09-03 00:00:00+00:00,0.4989,0.5055,0.4971,0.5041,26392156.0
2023-09-03 06:00:00+00:00,0.5041,0.5054,0.5015,0.5027,26945262.0
2023-09-03 12:00:00+00:00,0.5027,0.5107,0.4996,0.5055,67981084.0
2023-09-03 18:00:00+00:00,0.5054,0.508,0.5036,0.5047,27284712.0
2023-09-04 00:00:00+00:00,0.5047,0.513,0.5043,0.5093,59733543.0
2023-09-04 06:00:00+00:00,0.5092,0.5095,0.5004,0.5011,103225504.0
2023-09-04 12:00:00+00:00,0.501,0.507,0.4966,0.5059,73226966.0
2023-09-04 18:00:00+00:00,0.5058,0.5108,0.5037,0.5087,57085528.0
2023-09-05 00:00:00+00:00,0.5087,0.5088,0.5019,0.5051,62449493.0
2023-09-05 06:00:00+00:00,0.5051,0.5059,0.5016,0.5039,78958943.0
2023-09-05 12:00:00+00:00,0.5038,0.5053,0.499,0.503,84467075.0
2023-09-05 18:00:00+00:00,0.503,0.5066,0.5021,0.5056,34457530.0
2023-09-06 00:00:00+00:00,0.5056,0.5058,0.5032,0.5037,44453790.0
2023-09-06 06:00:00+00:00,0.5037,0.5037,0.5,0.5014,73421852.0
2023-09-06 12:00:00+00:00,0.5015,0.5048,0.4909,0.5023,97273074.0
2023-09-06 18:00:00+00:00,0.5023,0.5038,0.4974,0.5033,39985516.0
2023-09-07 00:00:00+00:00,0.5033,0.5045,0.4998,0.5018,42042699.0
2023-09-07 06:00:00+00:00,0.5018,0.5018,0.4965,0.4981,74142949.0
2023-09-07 12:00:00+00:00,0.4982,0.502,0.4973,0.5013,48307184.0
2023-09-07 18:00:00+00:00,0.5014,0.5069,0.5004,0.505,45476891.0
2023-09-08 00:00:00+00:00,0.5051,0.5076,0.5028,0.5043,54312202.0
2023-09-08 06:00:00+00:00,0.5042,0.5051,0.4941,0.4983,88122781.0
2023-09-08 12:00:00+00:00,0.4982,0.5042,0.4978,0.5041,49416955.0
2023-09-08 18:00:00+00:00,0.5041,0.5065,0.5026,0.505,31776234.0
2023-09-09 00:00:00+00:00,0.5049,0.5049,0.5015,0.5024,21940671.0
2023-09-09 06:00:00+00:00,0.5025,0.5048,0.5024,0.5037,23050363.0
2023-09-09 12:00:00+00:00,0.5038,0.5046,0.502,0.5035,15418067.0
2023-09-09 18:00:00+00:00,0.5034,0.5041,0.5027,0.5038,8723712.0
2023-09-10 00:00:00+00:00,0.5038,0.5039,0.4954,0.4994,46025727.0
2023-09-10 06:00:00+00:00,0.4993,0.501,0.4986,0.4994,20318248.0
2023-09-10 12:00:00+00:00,0.4995,0.5,0.4923,0.4955,45979074.0
2023-09-10 18:00:00+00:00,0.4955,0.501,0.4942,0.4969,32526839.0
2023-09-11 00:00:00+00:00,0.4969,0.4982,0.4917,0.4957,61190929.0
2023-09-11 06:00:00+00:00,0.4956,0.4959,0.459,0.4695,227177445.0
2023-09-11 12:00:00+00:00,0.4694,0.4771,0.4677,0.4738,121235281.0
2023-09-11 18:00:00+00:00,0.4738,0.4757,0.4644,0.4744,74833790.0
2023-09-12 00:00:00+00:00,0.4744,0.4844,0.47,0.4781,89706010.0
2023-09-12 06:00:00+00:00,0.4781,0.4843,0.4702,0.4791,119368884.0
2023-09-12 12:00:00+00:00,0.4791,0.4867,0.4765,0.4796,95207049.0
2023-09-12 18:00:00+00:00,0.4796,0.4847,0.4791,0.4804,52121445.0
2023-09-13 00:00:00+00:00,0.4804,0.4815,0.4765,0.4767,39525070.0
2023-09-13 06:00:00+00:00,0.4767,0.4897,0.4723,0.4815,113671985.0
2023-09-13 12:00:00+00:00,0.4815,0.4847,0.4783,0.4807,82982964.0
2023-09-13 18:00:00+00:00,0.4807,0.4855,0.4795,0.4832,38406774.0
2023-09-14 00:00:00+00:00,0.4833,0.4865,0.4811,0.4816,50100050.0
2023-09-14 06:00:00+00:00,0.4815,0.4838,0.4799,0.4834,58259274.0
2023-09-14 12:00:00+00:00,0.4834,0.4912,0.4816,0.4897,86543744.0
2023-09-14 18:00:00+00:00,0.4898,0.4941,0.4885,0.4892,37636684.0
2023-09-15 00:00:00+00:00,0.4892,0.5086,0.489,0.501,84796112.0
2023-09-15 06:00:00+00:00,0.5009,0.501,0.4929,0.4938,85593525.0
2023-09-15 12:00:00+00:00,0.4938,0.496,0.4874,0.4943,79270327.0
2023-09-15 18:00:00+00:00,0.4943,0.5037,0.4939,0.5005,55948344.0
2023-09-16 00:00:00+00:00,0.5004,0.5035,0.498,0.5,43005720.0
2023-09-16 06:00:00+00:00,0.5,0.5023,0.4984,0.5007,33831467.0
2023-09-16 12:00:00+00:00,0.5008,0.5024,0.4968,0.5023,37964777.0
2023-09-16 18:00:00+00:00,0.5023,0.5023,0.4986,0.4998,18079444.0
2023-09-17 00:00:00+00:00,0.4997,0.4998,0.4922,0.494,49970472.0
2023-09-17 06:00:00+00:00,0.4941,0.4986,0.4934,0.4974,25531403.0
2023-09-17 12:00:00+00:00,0.4975,0.5004,0.4955,0.496,27317968.0
2023-09-17 18:00:00+00:00,0.496,0.4974,0.4894,0.4925,40026772.0
2023-09-18 00:00:00+00:00,0.4925,0.4989,0.4864,0.495,64785321.0
2023-09-18 06:00:00+00:00,0.495,0.5019,0.4907,0.5017,88752989.0
2023-09-18 12:00:00+00:00,0.5016,0.5077,0.498,0.4999,97211703.0
2023-09-18 18:00:00+00:00,0.4999,0.5072,0.4992,0.503,47624729.0
2023-09-19 00:00:00+00:00,0.503,0.5155,0.5005,0.5097,76802611.0
2023-09-19 06:00:00+00:00,0.5096,0.5106,0.5033,0.5095,90902802.0
2023-09-19 12:00:00+00:00,0.5095,0.5144,0.5064,0.5126,77507771.0
2023-09-19 18:00:00+00:00,0.5126,0.5166,0.5111,0.514,50045099.0
2023-09-20 00:00:00+00:00,0.5139,0.5254,0.5114,0.518,70165165.0
2023-09-20 06:00:00+00:00,0.5181,0.5198,0.5065,0.5157,94008268.0
2023-09-20 12:00:00+00:00,0.5158,0.521,0.51,0.5191,58930480.0
2023-09-20 18:00:00+00:00,0.5192,0.525,0.5112,0.5212,65394024.0
2023-09-21 00:00:00+00:00,0.5213,0.5214,0.5129,0.5165,63521264.0
2023-09-21 06:00:00+00:00,0.5166,0.5166,0.5007,0.5052,115150997.0
2023-09-21 12:00:00+00:00,0.5052,0.5091,0.5001,0.509,63400243.0
2023-09-21 18:00:00+00:00,0.509,0.5113,0.5054,0.5071,35251074.0
2023-09-22 00:00:00+00:00,0.5072,0.5142,0.5036,0.5108,47729966.0
2023-09-22 06:00:00+00:00,0.5108,0.514,0.5071,0.5098,79305744.0
2023-09-22 12:00:00+00:00,0.5097,0.5155,0.5084,0.5143,63543430.0
2023-09-22 18:00:00+00:00,0.5143,0.517,0.5109,0.5122,43314237.0
2023-09-23 00:00:00+00:00,0.5122,0.5138,0.5104,0.5122,25063889.0
2023-09-23 06:00:00+00:00,0.5123,0.5135,0.5113,0.5127,18615240.0
2023-09-23 12:00:00+00:00,0.5127,0.5127,0.5082,0.5104,38756781.0
2023-09-23 18:00:00+00:00,0.5103,0.5111,0.5055,0.5076,19280424.0
2023-09-24 00:00:00+00:00,0.5076,0.5096,0.506,0.5088,21481040.0
2023-09-24 06:00:00+00:00,0.5088,0.5118,0.5077,0.511,18375535.0
2023-09-24 12:00:00+00:00,0.5111,0.5115,0.508,0.5101,32019799.0
2023-09-24 18:00:00+00:00,0.5101,0.5108,0.4984,0.5021,41012949.0
2023-09-25 00:00:00+00:00,0.502,0.504,0.4956,0.4984,73656210.0
2023-09-25 06:00:00+00:00,0.4984,0.4987,0.4912,0.4957,103685552.0
2023-09-25 12:00:00+00:00,0.4957,0.5067,0.4942,0.5052,74506667.0
2023-09-25 18:00:00+00:00,0.5052,0.5072,0.5018,0.5056,51825964.0
2023-09-26 00:00:00+00:00,0.5056,0.5075,0.5014,0.503,58880905.0
2023-09-26 06:00:00+00:00,0.503,0.5032,0.498,0.5012,87639888.0
2023-09-26 12:00:00+00:00,0.5011,0.5055,0.4995,0.5047,72853834.0
2023-09-26 18:00:00+00:00,0.5047,0.5063,0.496,0.5019,51679634.0
2023-09-27 00:00:00+00:00,0.5019,0.504,0.4978,0.4979,44004464.0
2023-09-27 06:00:00+00:00,0.4979,0.5071,0.4968,0.5064,83278211.0
2023-09-27 12:00:00+00:00,0.5064,0.507,0.4997,0.5031,70663983.0
2023-09-27 18:00:00+00:00,0.503,0.5052,0.4988,0.4993,39567924.0
2023-09-28 00:00:00+00:00,0.4993,0.5014,0.496,0.4964,54169313.0
2023-09-28 06:00:00+00:00,0.4964,0.5033,0.4952,0.5017,72036199.0
2023-09-28 12:00:00+00:00,0.5017,0.5102,0.4982,0.5085,91831452.0
2023-09-28 18:00:00+00:00,0.5086,0.5098,0.5043,0.5098,29869996.0
2023-09-29 00:00:00+00:00,0.5097,0.5129,0.507,0.5071,52416315.0
2023-09-29 06:00:00+00:00,0.5072,0.5122,0.5061,0.5119,79802859.0
2023-09-29 12:00:00+00:00,0.5119,0.5494,0.5117,0.5349,376669136.0
2023-09-29 18:00:00+00:00,0.5349,0.5372,0.517,0.5215,96108467.0
2023-09-30 00:00:00+00:00,0.5215,0.5218,0.5134,0.5165,38945088.0
2023-09-30 06:00:00+00:00,0.5166,0.5199,0.5147,0.5174,36922819.0
2023-09-30 12:00:00+00:00,0.5173,0.5181,0.5149,0.5176,40197275.0
2023-09-30 18:00:00+00:00,0.5177,0.5192,0.514,0.5149,28800869.0
2023-10-01 00:00:00+00:00,0.5148,0.5174,0.5137,0.5173,23906855.0
2023-10-01 06:00:00+00:00,0.5173,0.5229,0.5168,0.5211,38111601.0
2023-10-01 12:00:00+00:00,0.521,0.5218,0.5148,0.5155,46681997.0
2023-10-01 18:00:00+00:00,0.5155,0.526,0.5151,0.5241,58973051.0
2023-10-02 00:00:00+00:00,0.524,0.5266,0.5206,0.5214,66021380.0
2023-10-02 06:00:00+00:00,0.5214,0.525,0.5196,0.521,78831934.0
2023-10-02 12:00:00+00:00,0.521,0.5244,0.5155,0.5227,83967914.0
2023-10-02 18:00:00+00:00,0.5226,0.5235,0.5075,0.5123,90197729.0
2023-10-03 00:00:00+00:00,0.5122,0.5149,0.5072,0.5085,58450045.0
2023-10-03 06:00:00+00:00,0.5085,0.5115,0.5066,0.5098,71886315.0
2023-10-03 12:00:00+00:00,0.5097,0.5132,0.5055,0.513,69320085.0
2023-10-03 18:00:00+00:00,0.513,0.5479,0.509,0.539,198511369.0
2023-10-04 00:00:00+00:00,0.5391,0.5426,0.5194,0.5297,172814415.0
2023-10-04 06:00:00+00:00,0.5298,0.5367,0.5246,0.533,100056516.0
2023-10-04 12:00:00+00:00,0.533,0.5395,0.527,0.5364,89282878.0
2023-10-04 18:00:00+00:00,0.5365,0.5385,0.5254,0.5326,59858682.0
2023-10-05 00:00:00+00:00,0.5326,0.5326,0.5246,0.5272,44137940.0
2023-10-05 06:00:00+00:00,0.5272,0.5278,0.5206,0.5226,67521530.0
2023-10-05 12:00:00+00:00,0.5226,0.5273,0.5155,0.5243,90938498.0
2023-10-05 18:00:00+00:00,0.5243,0.5256,0.5205,0.5227,31715741.0
2023-10-06 00:00:00+00:00,0.5227,0.5271,0.5205,0.522,42476320.0
2023-10-06 06:00:00+00:00,0.5219,0.5229,0.5186,0.5206,69757177.0
2023-10-06 12:00:00+00:00,0.5206,0.5259,0.5169,0.5236,70482695.0
2023-10-06 18:00:00+00:00,0.5236,0.5298,0.5228,0.5255,37068070.0
2023-10-07 00:00:00+00:00,0.5255,0.5258,0.5207,0.5212,18052111.0
2023-10-07 06:00:00+00:00,0.5213,0.5237,0.5209,0.5221,15775968.0
2023-10-07 12:00:00+00:00,0.5222,0.5236,0.5214,0.5224,13434064.0
2023-10-07 18:00:00+00:00,0.5224,0.5225,0.5197,0.5216,15874969.0
2023-10-08 00:00:00+00:00,0.5216,0.5234,0.52,0.5208,16491000.0
2023-10-08 06:00:00+00:00,0.5209,0.522,0.519,0.519,19687819.0
2023-10-08 12:00:00+00:00,0.5191,0.5215,0.5153,0.5181,32185807.0
2023-10-08 18:00:00+00:00,0.5182,0.5192,0.5162,0.5174,14500094.0
2023-10-09 00:00:00+00:00,0.5174,0.5201,0.5135,0.5146,52000857.0
2023-10-09 06:00:00+00:00,0.5146,0.5153,0.4875,0.4981,145807132.0
2023-10-09 12:00:00+00:00,0.498,0.5028,0.4914,0.4999,84089446.0
2023-10-09 18:00:00+00:00,0.4999,0.5064,0.4994,0.5027,40707223.0
2023-10-10 00:00:00+00:00,0.5027,0.5027,0.4955,0.498,51404820.0
2023-10-10 06:00:00+00:00,0.498,0.5016,0.4957,0.4969,68657699.0
2023-10-10 12:00:00+00:00,0.4968,0.4983,0.4917,0.4963,73231890.0
2023-10-10 18:00:00+00:00,0.4963,0.5,0.4955,0.4965,34707334.0
2023-10-11 00:00:00+00:00,0.4964,0.4977,0.4867,0.4878,58819324.0
2023-10-11 06:00:00+00:00,0.4877,0.489,0.4813,0.4871,78029622.0
2023-10-11 12:00:00+00:00,0.4871,0.4887,0.4788,0.4867,79290750.0
2023-10-11 18:00:00+00:00,0.4867,0.4892,0.4844,0.4888,25364952.0
2023-10-12 00:00:00+00:00,0.4889,0.4889,0.482,0.4837,35365237.0
2023-10-12 06:00:00+00:00,0.4837,0.4847,0.4741,0.4801,107571620.0
2023-10-12 12:00:00+00:00,0.4802,0.4837,0.4729,0.4824,89782647.0
2023-10-12 18:00:00+00:00,0.4825,0.4847,0.4806,0.483,26825591.0
2023-10-13 00:00:00+00:00,0.4831,0.4854,0.4809,0.4812,51381606.0
2023-10-13 06:00:00+00:00,0.4812,0.4834,0.4789,0.4797,70645304.0
2023-10-13 12:00:00+00:00,0.4796,0.4848,0.4786,0.4814,76296075.0
2023-10-13 18:00:00+00:00,0.4814,0.4907,0.4812,0.4851,58827913.0
2023-10-14 00:00:00+00:00,0.4852,0.4866,0.4839,0.4842,21840448.0
2023-10-14 06:00:00+00:00,0.4842,0.4862,0.4835,0.4855,21186604.0
2023-10-14 12:00:00+00:00,0.4855,0.4883,0.4843,0.4869,33203703.0
2023-10-14 18:00:00+00:00,0.4868,0.4872,0.4856,0.4865,17595909.0
2023-10-15 00:00:00+00:00,0.4866,0.488,0.485,0.4857,15562855.0
2023-10-15 06:00:00+00:00,0.4858,0.4883,0.4853,0.4867,18310748.0
2023-10-15 12:00:00+00:00,0.4867,0.4891,0.4853,0.4888,39330463.0
2023-10-15 18:00:00+00:00,0.4888,0.4902,0.4867,0.4874,28444569.0
2023-10-16 00:00:00+00:00,0.4874,0.4978,0.485,0.4937,90293041.0
2023-10-16 06:00:00+00:00,0.4936,0.4951,0.4899,0.4942,73137962.0
2023-10-16 12:00:00+00:00,0.4942,0.5109,0.4902,0.4937,184695056.0
2023-10-16 18:00:00+00:00,0.4937,0.4993,0.4935,0.4978,57579101.0
2023-10-17 00:00:00+00:00,0.4977,0.498,0.489,0.4915,64691282.0
2023-10-17 06:00:00+00:00,0.4915,0.493,0.4872,0.4925,85109941.0
2023-10-17 12:00:00+00:00,0.4925,0.4925,0.4845,0.4916,77708368.0
2023-10-17 18:00:00+00:00,0.4916,0.4939,0.4904,0.4912,41077355.0
2023-10-18 00:00:00+00:00,0.4911,0.4924,0.4885,0.49,46317149.0
2023-10-18 06:00:00+00:00,0.49,0.4909,0.4864,0.4904,60663285.0
2023-10-18 12:00:00+00:00,0.4904,0.4915,0.4869,0.491,57839629.0
2023-10-18 18:00:00+00:00,0.4911,0.4924,0.4855,0.4878,37911198.0
2023-10-19 00:00:00+00:00,0.4878,0.4881,0.4802,0.4834,51652572.0
2023-10-19 06:00:00+00:00,0.4834,0.4836,0.4769,0.4822,90633089.0
2023-10-19 12:00:00+00:00,0.4822,0.4892,0.4818,0.4868,56158783.0
2023-10-19 18:00:00+00:00,0.4869,0.5245,0.4862,0.5197,247011228.0
2023-10-20 00:00:00+00:00,0.5197,0.5309,0.5109,0.5113,137764693.0
2023-10-20 06:00:00+00:00,0.5112,0.5211,0.5084,0.5158,114886962.0
2023-10-20 12:00:00+00:00,0.5157,0.53,0.5141,0.5211,106968280.0
2023-10-20 18:00:00+00:00,0.5211,0.5244,0.5144,0.5149,52389022.0
2023-10-21 00:00:00+00:00,0.515,0.5154,0.5109,0.5127,30507453.0
2023-10-21 06:00:00+00:00,0.5127,0.5188,0.5126,0.5178,27228345.0
2023-10-21 12:00:00+00:00,0.5177,0.5325,0.5148,0.5255,82897647.0
2023-10-21 18:00:00+00:00,0.5256,0.5274,0.5187,0.5208,38477199.0
2023-10-22 00:00:00+00:00,0.5208,0.524,0.5163,0.5229,42914299.0
2023-10-22 06:00:00+00:00,0.5229,0.5242,0.5118,0.5162,61157975.0
2023-10-22 12:00:00+00:00,0.5162,0.523,0.516,0.5211,33841557.0
2023-10-22 18:00:00+00:00,0.5211,0.5237,0.5172,0.5226,27392271.0
2023-10-23 00:00:00+00:00,0.5226,0.5276,0.5199,0.523,92031171.0
2023-10-23 06:00:00+00:00,0.5229,0.5357,0.5208,0.5314,155559224.0
2023-10-23 12:00:00+00:00,0.5313,0.538,0.5251,0.5322,115115301.0
2023-10-23 18:00:00+00:00,0.5321,0.5536,0.5299,0.5475,159778138.0
2023-10-24 00:00:00+00:00,0.5475,0.5572,0.539,0.5398,169809010.0
2023-10-24 06:00:00+00:00,0.5398,0.5536,0.5356,0.5521,158449543.0
2023-10-24 12:00:00+00:00,0.5521,0.5866,0.5346,0.5539,383124518.0
2023-10-24 18:00:00+00:00,0.5539,0.5648,0.5462,0.5588,87418166.0
2023-10-25 00:00:00+00:00,0.5587,0.561,0.549,0.5493,83475835.0
2023-10-25 06:00:00+00:00,0.5494,0.5545,0.5404,0.5518,102782727.0
2023-10-25 12:00:00+00:00,0.5518,0.5639,0.5501,0.5595,128794228.0
2023-10-25 18:00:00+00:00,0.5594,0.5608,0.5512,0.5552,54053839.0
2023-10-26 00:00:00+00:00,0.5552,0.5585,0.5506,0.5508,70732121.0
2023-10-26 06:00:00+00:00,0.5507,0.5695,0.5488,0.5561,175659311.0
2023-10-26 12:00:00+00:00,0.556,0.561,0.5426,0.5519,117596254.0
2023-10-26 18:00:00+00:00,0.552,0.5548,0.549,0.5533,33435323.0
2023-10-27 00:00:00+00:00,0.5534,0.5588,0.5478,0.5502,72281528.0
2023-10-27 06:00:00+00:00,0.5501,0.5519,0.545,0.549,71942796.0
2023-10-27 12:00:00+00:00,0.549,0.5554,0.5325,0.5426,113671333.0
2023-10-27 18:00:00+00:00,0.5426,0.5469,0.5379,0.543,54648181.0
2023-10-28 00:00:00+00:00,0.543,0.5468,0.5405,0.5448,33423479.0
2023-10-28 06:00:00+00:00,0.5448,0.5506,0.5443,0.547,27352306.0
2023-10-28 12:00:00+00:00,0.547,0.5477,0.5433,0.5466,31834264.0
2023-10-28 18:00:00+00:00,0.5466,0.5477,0.544,0.5446,18302244.0
2023-10-29 00:00:00+00:00,0.5446,0.5456,0.5405,0.5448,19691007.0
2023-10-29 06:00:00+00:00,0.5449,0.556,0.5448,0.5552,43951682.0
2023-10-29 12:00:00+00:00,0.5553,0.5614,0.5517,0.5586,58502966.0
2023-10-29 18:00:00+00:00,0.5585,0.5599,0.5548,0.5561,37923956.0
2023-10-30 00:00:00+00:00,0.556,0.5575,0.5506,0.5512,58700893.0
2023-10-30 06:00:00+00:00,0.5511,0.5671,0.5494,0.5626,107253045.0
2023-10-30 12:00:00+00:00,0.5626,0.5843,0.5617,0.5787,192729410.0
2023-10-30 18:00:00+00:00,0.5786,0.5837,0.5754,0.578,78073894.0
2023-10-31 00:00:00+00:00,0.578,0.5804,0.5704,0.5719,83648393.0
2023-10-31 06:00:00+00:00,0.5719,0.6213,0.5627,0.6041,238044425.0
2023-10-31 12:00:00+00:00,0.604,0.614,0.5821,0.603,234108577.0
2023-10-31 18:00:00+00:00,0.603,0.6039,0.5937,0.5996,65991733.0
2023-11-01 00:00:00+00:00,0.5995,0.5999,0.5814,0.5823,65430724.0
2023-11-01 06:00:00+00:00,0.5823,0.6093,0.5802,0.6031,142186163.0
2023-11-01 12:00:00+00:00,0.6031,0.6118,0.5931,0.6018,137899174.0
2023-11-01 18:00:00+00:00,0.6017,0.6164,0.6005,0.6085,122796020.0
2023-11-02 00:00:00+00:00,0.6084,0.6133,0.6026,0.6049,77875826.0
2023-11-02 06:00:00+00:00,0.6049,0.6245,0.6011,0.6167,125196954.0
2023-11-02 12:00:00+00:00,0.6167,0.6262,0.5865,0.6042,171831423.0
2023-11-02 18:00:00+00:00,0.6041,0.6134,0.6014,0.6054,63349873.0
2023-11-03 00:00:00+00:00,0.6053,0.6058,0.5914,0.5992,71626132.0
2023-11-03 06:00:00+00:00,0.5992,0.6076,0.5946,0.6024,101369728.0
2023-11-03 12:00:00+00:00,0.6023,0.613,0.6005,0.6057,109748817.0
2023-11-03 18:00:00+00:00,0.6057,0.615,0.6042,0.6121,46352199.0
2023-11-04 00:00:00+00:00,0.612,0.6146,0.6089,0.612,36054147.0
2023-11-04 06:00:00+00:00,0.6119,0.6181,0.6118,0.6142,40991128.0
2023-11-04 12:00:00+00:00,0.6142,0.615,0.6083,0.613,43367170.0
2023-11-04 18:00:00+00:00,0.613,0.6174,0.6113,0.6149,22485125.0
2023-11-05 00:00:00+00:00,0.6149,0.6297,0.6137,0.623,84197881.0
2023-11-05 06:00:00+00:00,0.623,0.6546,0.6192,0.6455,128962865.0
2023-11-05 12:00:00+00:00,0.6454,0.6545,0.6286,0.6482,126105140.0
2023-11-05 18:00:00+00:00,0.6481,0.663,0.6436,0.6607,78751366.0
2023-11-06 00:00:00+00:00,0.6606,0.6884,0.6584,0.6747,179006469.0
2023-11-06 06:00:00+00:00,0.6747,0.7027,0.6679,0.7025,155156146.0
2023-11-06 12:00:00+00:00,0.7024,0.7324,0.6998,0.7106,265085043.0
2023-11-06 18:00:00+00:00,0.7106,0.7247,0.707,0.7148,104381704.0
2023-11-07 00:00:00+00:00,0.7147,0.7155,0.65,0.694,210396651.0
2023-11-07 06:00:00+00:00,0.6939,0.7011,0.667,0.6829,135634607.0
2023-11-07 12:00:00+00:00,0.6829,0.6891,0.655,0.6729,158081160.0
2023-11-07 18:00:00+00:00,0.6729,0.6964,0.6724,0.685,114164340.0
2023-11-08 00:00:00+00:00,0.6851,0.6918,0.6771,0.6783,65956979.0
2023-11-08 06:00:00+00:00,0.6784,0.699,0.6725,0.6925,109113231.0
2023-11-08 12:00:00+00:00,0.6925,0.6959,0.6792,0.6884,93541971.0
2023-11-08 18:00:00+00:00,0.6884,0.694,0.6821,0.6869,75783914.0
2023-11-09 00:00:00+00:00,0.6869,0.6989,0.6799,0.6972,104946011.0
2023-11-09 06:00:00+00:00,0.6971,0.7069,0.689,0.6947,141660988.0
2023-11-09 12:00:00+00:00,0.6948,0.703,0.63,0.663,427885950.0
2023-11-09 18:00:00+00:00,0.663,0.6683,0.6442,0.6665,103285190.0
2023-11-10 00:00:00+00:00,0.6667,0.6711,0.6577,0.6654,105161784.0
2023-11-10 06:00:00+00:00,0.6654,0.6657,0.645,0.6608,123450651.0
2023-11-10 12:00:00+00:00,0.6608,0.6624,0.6359,0.6582,161602769.0
2023-11-10 18:00:00+00:00,0.6582,0.665,0.6558,0.6595,74642144.0
2023-11-11 00:00:00+00:00,0.6594,0.665,0.6401,0.6525,92928163.0
2023-11-11 06:00:00+00:00,0.6525,0.69,0.6503,0.6673,126708077.0
2023-11-11 12:00:00+00:00,0.6674,0.6806,0.6652,0.6738,100445679.0
2023-11-11 18:00:00+00:00,0.6738,0.6767,0.6553,0.6626,60150269.0
2023-11-12 00:00:00+00:00,0.6626,0.6638,0.6458,0.6622,63058149.0
2023-11-12 06:00:00+00:00,0.6622,0.6709,0.6606,0.6649,64758352.0
2023-11-12 12:00:00+00:00,0.665,0.6669,0.6575,0.662,52306228.0
2023-11-12 18:00:00+00:00,0.662,0.6668,0.6566,0.6613,35908488.0
2023-11-13 00:00:00+00:00,0.6612,0.6675,0.6512,0.6548,67038656.0
2023-11-13 06:00:00+00:00,0.6547,0.6597,0.6459,0.6509,81609056.0
2023-11-13 12:00:00+00:00,0.6509,0.6542,0.6397,0.6468,93716626.0
2023-11-13 18:00:00+00:00,0.6468,0.75,0.6414,0.6702,507520103.0
2023-11-14 00:00:00+00:00,0.6701,0.6724,0.6559,0.6657,104985822.0
2023-11-14 06:00:00+00:00,0.6657,0.6699,0.6473,0.6506,128613876.0
2023-11-14 12:00:00+00:00,0.6506,0.6643,0.647,0.6487,129256040.0
2023-11-14 18:00:00+00:00,0.6487,0.6496,0.5967,0.6296,234562031.0
2023-11-15 00:00:00+00:00,0.6296,0.6348,0.6251,0.6324,59831991.0
2023-11-15 06:00:00+00:00,0.6324,0.6407,0.6278,0.6403,89927122.0
2023-11-15 12:00:00+00:00,0.6402,0.6416,0.6322,0.6339,88247983.0
2023-11-15 18:00:00+00:00,0.634,0.6504,0.6321,0.6481,101276704.0
2023-11-16 00:00:00+00:00,0.6482,0.653,0.6429,0.6473,64867862.0
2023-11-16 06:00:00+00:00,0.6473,0.6522,0.6384,0.6412,108504485.0
2023-11-16 12:00:00+00:00,0.6412,0.6415,0.6123,0.623,151457094.0
2023-11-16 18:00:00+00:00,0.623,0.6251,0.6033,0.6119,115762090.0
2023-11-17 00:00:00+00:00,0.6118,0.6237,0.6108,0.6215,63856825.0
2023-11-17 06:00:00+00:00,0.6215,0.6244,0.6077,0.6127,94243797.0
2023-11-17 12:00:00+00:00,0.6127,0.6142,0.5859,0.607,159591937.0
2023-11-17 18:00:00+00:00,0.607,0.616,0.603,0.6133,50832781.0
2023-11-18 00:00:00+00:00,0.6132,0.6134,0.5967,0.5995,43071316.0
2023-11-18 06:00:00+00:00,0.5997,0.6083,0.589,0.6031,56272056.0
2023-11-18 12:00:00+00:00,0.6032,0.6108,0.5973,0.6105,56820538.0
2023-11-18 18:00:00+00:00,0.6105,0.6144,0.6067,0.6106,35876383.0
2023-11-19 00:00:00+00:00,0.6106,0.6106,0.6012,0.6071,39369731.0
2023-11-19 06:00:00+00:00,0.6072,0.6136,0.6067,0.6089,41710946.0
2023-11-19 12:00:00+00:00,0.609,0.6258,0.6085,0.6218,109713184.0
2023-11-19 18:00:00+00:00,0.6218,0.6286,0.6206,0.6258,49251000.0
2023-11-20 00:00:00+00:00,0.6258,0.6268,0.6179,0.6183,59583929.0
2023-11-20 06:00:00+00:00,0.6182,0.6282,0.6154,0.6234,85068552.0
2023-11-20 12:00:00+00:00,0.6233,0.624,0.611,0.6217,90464455.0
2023-11-20 18:00:00+00:00,0.6216,0.623,0.6061,0.6122,63114809.0
2023-11-21 00:00:00+00:00,0.6121,0.6178,0.6058,0.611,80927317.0
2023-11-21 06:00:00+00:00,0.611,0.6175,0.6056,0.6112,101104250.0
2023-11-21 12:00:00+00:00,0.6111,0.6157,0.5859,0.5923,156005944.0
2023-11-21 18:00:00+00:00,0.5923,0.6021,0.5725,0.5788,130813399.0
2023-11-22 00:00:00+00:00,0.5787,0.5948,0.5774,0.5888,74610202.0
2023-11-22 06:00:00+00:00,0.5888,0.5981,0.5888,0.5942,100730811.0
2023-11-22 12:00:00+00:00,0.5941,0.5988,0.5916,0.5987,71702959.0
2023-11-22 18:00:00+00:00,0.5987,0.6162,0.5985,0.6109,99172244.0
2023-11-23 00:00:00+00:00,0.6109,0.6147,0.6061,0.6093,54955498.0
2023-11-23 06:00:00+00:00,0.6092,0.6231,0.6059,0.6135,103159950.0
2023-11-23 12:00:00+00:00,0.6134,0.6226,0.6093,0.6177,91173327.0
2023-11-23 18:00:00+00:00,0.6177,0.6238,0.6167,0.6209,56404417.0
2023-11-24 00:00:00+00:00,0.6208,0.6252,0.6172,0.6203,73765918.0
2023-11-24 06:00:00+00:00,0.6203,0.6258,0.6181,0.6203,94444199.0
2023-11-24 12:00:00+00:00,0.6203,0.6249,0.6155,0.618,93173663.0
2023-11-24 18:00:00+00:00,0.6179,0.6226,0.6169,0.6212,41765459.0
2023-11-25 00:00:00+00:00,0.6212,0.6231,0.6186,0.6197,35946352.0
2023-11-25 06:00:00+00:00,0.6197,0.6228,0.6157,0.6176,37662399.0
2023-11-25 12:00:00+00:00,0.6176,0.6215,0.6164,0.6207,26291937.0
2023-11-25 18:00:00+00:00,0.6207,0.6238,0.619,0.6228,22020579.0
2023-11-26 00:00:00+00:00,0.6228,0.623,0.6184,0.6206,28925854.0
2023-11-26 06:00:00+00:00,0.6207,0.6362,0.6192,0.6298,70695484.0
2023-11-26 12:00:00+00:00,0.6298,0.6375,0.6064,0.6158,123244905.0
2023-11-26 18:00:00+00:00,0.6158,0.6201,0.6126,0.6157,43441169.0
2023-11-27 00:00:00+00:00,0.6157,0.6168,0.6054,0.6082,80176335.0
2023-11-27 06:00:00+00:00,0.6081,0.6118,0.5983,0.6039,101508194.0
2023-11-27 12:00:00+00:00,0.6038,0.6053,0.5971,0.6004,77709659.0
2023-11-27 18:00:00+00:00,0.6003,0.6042,0.5937,0.6039,50017218.0
2023-11-28 00:00:00+00:00,0.6039,0.6054,0.5957,0.5974,53901183.0
2023-11-28 06:00:00+00:00,0.5973,0.6072,0.5963,0.6047,97385889.0
2023-11-28 12:00:00+00:00,0.6046,0.6139,0.6035,0.6128,87162609.0
2023-11-28 18:00:00+00:00,0.6128,0.6138,0.6092,0.6107,47678257.0
2023-11-29 00:00:00+00:00,0.6106,0.6132,0.6086,0.6106,40485011.0
2023-11-29 06:00:00+00:00,0.6107,0.617,0.6089,0.611,89495221.0
2023-11-29 12:00:00+00:00,0.611,0.6125,0.604,0.6078,73848062.0
2023-11-29 18:00:00+00:00,0.6078,0.6099,0.606,0.6091,31513167.0
2023-11-30 00:00:00+00:00,0.609,0.6099,0.6041,0.605,57053447.0
2023-11-30 06:00:00+00:00,0.6051,0.608,0.5982,0.6056,90945873.0
2023-11-30 12:00:00+00:00,0.6055,0.6065,0.5996,0.6032,58362253.0
2023-11-30 18:00:00+00:00,0.6031,0.6078,0.6025,0.6063,26352857.0
2023-12-01 00:00:00+00:00,0.6063,0.6135,0.6031,0.6106,54378019.0
2023-12-01 06:00:00+00:00,0.6105,0.6143,0.6085,0.6111,73508133.0
2023-12-01 12:00:00+00:00,0.6111,0.612,0.6054,0.6093,83130220.0
2023-12-01 18:00:00+00:00,0.6093,0.6133,0.609,0.6125,37429739.0
2023-12-02 00:00:00+00:00,0.6126,0.6147,0.611,0.6139,23566130.0
2023-12-02 06:00:00+00:00,0.6139,0.6162,0.6129,0.6133,25480901.0
2023-12-02 12:00:00+00:00,0.6134,0.6164,0.6116,0.6137,33353403.0
2023-12-02 18:00:00+00:00,0.6136,0.6229,0.6134,0.6208,61729818.0
2023-12-03 00:00:00+00:00,0.6207,0.6225,0.6168,0.6196,34336011.0
2023-12-03 06:00:00+00:00,0.6196,0.6342,0.6186,0.6283,82152980.0
2023-12-03 12:00:00+00:00,0.6282,0.6283,0.6172,0.6185,80448587.0
2023-12-03 18:00:00+00:00,0.6184,0.6276,0.6177,0.6229,43722546.0
2023-12-04 00:00:00+00:00,0.6229,0.6334,0.6219,0.6327,88287450.0
2023-12-04 06:00:00+00:00,0.6327,0.6439,0.582,0.6199,226133554.0
2023-12-04 12:00:00+00:00,0.6199,0.6239,0.6112,0.6181,120842582.0
2023-12-04 18:00:00+00:00,0.6181,0.6269,0.6179,0.6245,56935213.0
2023-12-05 00:00:00+00:00,0.6246,0.6307,0.6159,0.6208,70659618.0
2023-12-05 06:00:00+00:00,0.6207,0.621,0.6076,0.6108,99601407.0
2023-12-05 12:00:00+00:00,0.6107,0.6274,0.6081,0.6246,118018169.0
2023-12-05 18:00:00+00:00,0.6246,0.6272,0.6172,0.621,81093549.0
2023-12-06 00:00:00+00:00,0.621,0.6267,0.6104,0.6178,103386574.0
2023-12-06 06:00:00+00:00,0.6179,0.6415,0.6109,0.6204,210230192.0
2023-12-06 12:00:00+00:00,0.6204,0.6289,0.6202,0.6265,85926349.0
2023-12-06 18:00:00+00:00,0.6265,0.6437,0.6251,0.64,99317641.0
2023-12-07 00:00:00+00:00,0.64,0.6524,0.63,0.6505,123064095.0
2023-12-07 06:00:00+00:00,0.6505,0.6544,0.6204,0.6316,172242016.0
2023-12-07 12:00:00+00:00,0.6316,0.646,0.6291,0.6425,97320462.0
2023-12-07 18:00:00+00:00,0.6425,0.6466,0.639,0.6432,62057281.0
2023-12-08 00:00:00+00:00,0.6431,0.651,0.6403,0.6466,76700296.0
2023-12-08 06:00:00+00:00,0.6466,0.6499,0.6373,0.6485,100283838.0
2023-12-08 12:00:00+00:00,0.6485,0.6723,0.6469,0.6664,227456832.0
2023-12-08 18:00:00+00:00,0.6664,0.6756,0.6625,0.6721,92703519.0
2023-12-09 00:00:00+00:00,0.672,0.7,0.6668,0.6858,165747918.0
2023-12-09 06:00:00+00:00,0.6858,0.6955,0.6691,0.6868,149208111.0
2023-12-09 12:00:00+00:00,0.6867,0.6923,0.6633,0.6643,139764173.0
2023-12-09 18:00:00+00:00,0.6643,0.6745,0.651,0.6584,68221951.0
2023-12-10 00:00:00+00:00,0.6584,0.6713,0.6584,0.6707,59942079.0
2023-12-10 06:00:00+00:00,0.6707,0.6715,0.6468,0.656,82400556.0
2023-12-10 12:00:00+00:00,0.6559,0.6624,0.654,0.6563,59546308.0
2023-12-10 18:00:00+00:00,0.6563,0.6697,0.6562,0.6617,49113006.0
2023-12-11 00:00:00+00:00,0.6617,0.6628,0.6,0.6283,229103874.0
2023-12-11 06:00:00+00:00,0.6282,0.6287,0.6156,0.6266,129690963.0
2023-12-11 12:00:00+00:00,0.6266,0.6272,0.6123,0.6141,120147974.0
2023-12-11 18:00:00+00:00,0.614,0.6209,0.6017,0.6187,122912426.0
2023-12-12 00:00:00+00:00,0.6187,0.6262,0.6181,0.6207,86962460.0
2023-12-12 06:00:00+00:00,0.6206,0.6263,0.6157,0.6196,118388173.0
2023-12-12 12:00:00+00:00,0.6196,0.6246,0.6067,0.6087,106488626.0
2023-12-12 18:00:00+00:00,0.6087,0.6212,0.6083,0.6192,61067853.0
2023-12-13 00:00:00+00:00,0.6191,0.6193,0.6,0.607,96301813.0
2023-12-13 06:00:00+00:00,0.6071,0.609,0.5925,0.6011,116832370.0
2023-12-13 12:00:00+00:00,0.6011,0.6169,0.6009,0.6149,87760988.0
2023-12-13 18:00:00+00:00,0.615,0.6348,0.6146,0.6275,82671368.0
2023-12-14 00:00:00+00:00,0.6276,0.6287,0.6206,0.6245,70097863.0
2023-12-14 06:00:00+00:00,0.6245,0.6342,0.6229,0.634,91763546.0
2023-12-14 12:00:00+00:00,0.634,0.6343,0.6053,0.631,124526874.0
2023-12-14 18:00:00+00:00,0.631,0.6379,0.6274,0.6316,54310567.0
2023-12-15 00:00:00+00:00,0.6316,0.6441,0.6298,0.6302,94760337.0
2023-12-15 06:00:00+00:00,0.6302,0.6353,0.6282,0.6295,101486053.0
2023-12-15 12:00:00+00:00,0.6295,0.63,0.6156,0.6206,106050941.0
2023-12-15 18:00:00+00:00,0.6205,0.6255,0.6116,0.6156,54316645.0
2023-12-16 00:00:00+00:00,0.6156,0.622,0.61,0.6207,49771289.0
2023-12-16 06:00:00+00:00,0.6208,0.6237,0.6189,0.6237,31506445.0
2023-12-16 12:00:00+00:00,0.6237,0.6258,0.621,0.6228,40088548.0
2023-12-16 18:00:00+00:00,0.6228,0.623,0.6174,0.6203,39388856.0
2023-12-17 00:00:00+00:00,0.6202,0.6225,0.615,0.6172,36790087.0
2023-12-17 06:00:00+00:00,0.6171,0.6237,0.6126,0.6201,56703062.0
2023-12-17 12:00:00+00:00,0.62,0.622,0.6123,0.6201,45036462.0
2023-12-17 18:00:00+00:00,0.6201,0.6202,0.6084,0.6103,37947206.0
2023-12-18 00:00:00+00:00,0.6103,0.6137,0.601,0.6058,88578277.0
2023-12-18 06:00:00+00:00,0.6058,0.6071,0.5778,0.5894,234946541.0
2023-12-18 12:00:00+00:00,0.5894,0.6014,0.5865,0.5996,86859166.0
2023-12-18 18:00:00+00:00,0.5996,0.6145,0.5983,0.6125,66721112.0
2023-12-19 00:00:00+00:00,0.6125,0.6167,0.6091,0.6113,74590083.0
2023-12-19 06:00:00+00:00,0.6112,0.6131,0.6068,0.6082,89813919.0
2023-12-19 12:00:00+00:00,0.6082,0.6113,0.5973,0.5978,93924858.0
2023-12-19 18:00:00+00:00,0.5978,0.6077,0.5972,0.6047,51127624.0
2023-12-20 00:00:00+00:00,0.6047,0.6119,0.601,0.6082,57578962.0
2023-12-20 06:00:00+00:00,0.6082,0.6145,0.6062,0.611,95662334.0
2023-12-20 12:00:00+00:00,0.6111,0.6252,0.6103,0.6203,129003172.0
2023-12-20 18:00:00+00:00,0.6203,0.6264,0.6067,0.6171,97888855.0
2023-12-21 00:00:00+00:00,0.6171,0.6171,0.6107,0.6128,58497444.0
2023-12-21 06:00:00+00:00,0.6127,0.6211,0.6116,0.6184,86210635.0
2023-12-21 12:00:00+00:00,0.6183,0.6209,0.6103,0.6156,88875340.0
2023-12-21 18:00:00+00:00,0.6156,0.6249,0.6156,0.6241,60679885.0
2023-12-22 00:00:00+00:00,0.624,0.6268,0.618,0.6209,87290004.0
2023-12-22 06:00:00+00:00,0.6208,0.6317,0.6164,0.6217,161825114.0
2023-12-22 12:00:00+00:00,0.6216,0.6221,0.6154,0.6193,87526628.0
2023-12-22 18:00:00+00:00,0.6193,0.625,0.6171,0.6244,49974676.0
2023-12-23 00:00:00+00:00,0.6243,0.6249,0.6106,0.616,62067054.0
2023-12-23 06:00:00+00:00,0.616,0.6173,0.6136,0.6153,37061608.0
2023-12-23 12:00:00+00:00,0.6153,0.6194,0.615,0.6186,34894132.0
2023-12-23 18:00:00+00:00,0.6186,0.6206,0.6167,0.6195,36926097.0
2023-12-24 00:00:00+00:00,0.6195,0.6229,0.6106,0.6142,78516938.0
2023-12-24 06:00:00+00:00,0.6142,0.6213,0.6116,0.6186,65674056.0
2023-12-24 12:00:00+00:00,0.6187,0.6239,0.617,0.6202,65362602.0
2023-12-24 18:00:00+00:00,0.6203,0.6295,0.6035,0.6121,95449801.0
2023-12-25 00:00:00+00:00,0.6122,0.6175,0.6082,0.6168,58195258.0
2023-12-25 06:00:00+00:00,0.6168,0.6488,0.615,0.6421,233341438.0
2023-12-25 12:00:00+00:00,0.642,0.6469,0.6309,0.6338,131599594.0
2023-12-25 18:00:00+00:00,0.6338,0.6477,0.6337,0.6462,78392954.0
2023-12-26 00:00:00+00:00,0.6461,0.6469,0.62,0.6245,97591054.0
2023-12-26 06:00:00+00:00,0.6244,0.6258,0.6154,0.6243,114171077.0
2023-12-26 12:00:00+00:00,0.6242,0.6315,0.6,0.6144,152960395.0
2023-12-26 18:00:00+00:00,0.6144,0.6224,0.6105,0.6219,62482464.0
2023-12-27 00:00:00+00:00,0.6219,0.622,0.6127,0.6216,54238723.0
2023-12-27 06:00:00+00:00,0.6215,0.6315,0.6173,0.6272,125653419.0
2023-12-27 12:00:00+00:00,0.6273,0.6379,0.6255,0.635,111034001.0
2023-12-27 18:00:00+00:00,0.6351,0.6421,0.6304,0.634,73033037.0
2023-12-28 00:00:00+00:00,0.6341,0.6584,0.6327,0.6446,158404862.0
2023-12-28 06:00:00+00:00,0.6446,0.65,0.6316,0.6432,135024936.0
2023-12-28 12:00:00+00:00,0.6431,0.6447,0.6249,0.6307,128190043.0
2023-12-28 18:00:00+00:00,0.6307,0.6365,0.6256,0.6346,46573162.0
2023-12-29 00:00:00+00:00,0.6346,0.6356,0.6207,0.6311,75233183.0
2023-12-29 06:00:00+00:00,0.6311,0.6331,0.623,0.6314,90059241.0
2023-12-29 12:00:00+00:00,0.6313,0.6363,0.6156,0.6182,128044744.0
2023-12-29 18:00:00+00:00,0.6182,0.6238,0.6121,0.623,53723574.0
2023-12-30 00:00:00+00:00,0.6229,0.6246,0.6186,0.623,37635086.0
2023-12-30 06:00:00+00:00,0.6231,0.6257,0.6158,0.6204,54898811.0
2023-12-30 12:00:00+00:00,0.6205,0.6297,0.62,0.6262,47966419.0
2023-12-30 18:00:00+00:00,0.6262,0.6265,0.6204,0.6207,27641591.0
2023-12-31 00:00:00+00:00,0.6207,0.6234,0.6181,0.6219,31203928.0
2023-12-31 06:00:00+00:00,0.6219,0.6285,0.6218,0.6233,36978474.0
2023-12-31 12:00:00+00:00,0.6234,0.6254,0.62,0.6217,32345971.0
2023-12-31 18:00:00+00:00,0.6216,0.6223,0.6055,0.6156,60450395.0
2024-01-01 00:00:00+00:00,0.6155,0.619,0.6083,0.6087,56220182.0
2024-01-01 06:00:00+00:00,0.6087,0.6207,0.6084,0.6205,28976034.0
2024-01-01 12:00:00+00:00,0.6205,0.6237,0.6183,0.6232,34078667.0
2024-01-01 18:00:00+00:00,0.6233,0.6309,0.6231,0.6294,46594517.0
2024-01-02 00:00:00+00:00,0.6295,0.6354,0.6287,0.6301,83364383.0
2024-01-02 06:00:00+00:00,0.6301,0.6405,0.6277,0.632,134066970.0
2024-01-02 12:00:00+00:00,0.632,0.634,0.6213,0.6228,96301791.0
2024-01-02 18:00:00+00:00,0.6229,0.6292,0.6226,0.6246,57336350.0
2024-01-03 00:00:00+00:00,0.6245,0.6394,0.6226,0.6359,101383835.0
2024-01-03 06:00:00+00:00,0.6359,0.6382,0.6115,0.6185,138134023.0
2024-01-03 12:00:00+00:00,0.6186,0.6187,0.5,0.5749,689517308.0
2024-01-03 18:00:00+00:00,0.575,0.59,0.5662,0.5823,134478154.0
2024-01-04 00:00:00+00:00,0.5823,0.5845,0.5692,0.5813,96853088.0
2024-01-04 06:00:00+00:00,0.5813,0.5826,0.5703,0.5765,103353693.0
2024-01-04 12:00:00+00:00,0.5766,0.5882,0.5751,0.5849,105053640.0
2024-01-04 18:00:00+00:00,0.585,0.5938,0.5798,0.5868,79377942.0
2024-01-05 00:00:00+00:00,0.5868,0.5885,0.553,0.5757,104411418.0
2024-01-05 06:00:00+00:00,0.5756,0.5791,0.5659,0.5693,102143205.0
2024-01-05 12:00:00+00:00,0.5692,0.5728,0.5532,0.5649,123795762.0
2024-01-05 18:00:00+00:00,0.5648,0.5763,0.5636,0.5757,52878960.0
2024-01-06 00:00:00+00:00,0.5758,0.5758,0.5635,0.5664,47211427.0
2024-01-06 06:00:00+00:00,0.5664,0.5675,0.5568,0.5661,50209257.0
2024-01-06 12:00:00+00:00,0.566,0.5736,0.5647,0.5714,37980627.0
2024-01-06 18:00:00+00:00,0.5714,0.5719,0.5639,0.5679,31347740.0
2024-01-07 00:00:00+00:00,0.568,0.571,0.5648,0.5672,34457759.0
2024-01-07 06:00:00+00:00,0.5672,0.573,0.5641,0.5666,68014386.0
2024-01-07 12:00:00+00:00,0.5667,0.5706,0.5607,0.5654,51068609.0
2024-01-07 18:00:00+00:00,0.5654,0.5684,0.5454,0.5515,73176805.0
2024-01-08 00:00:00+00:00,0.5515,0.5821,0.5442,0.5585,246014980.0
2024-01-08 06:00:00+00:00,0.5584,0.5662,0.5505,0.5623,98043931.0
2024-01-08 12:00:00+00:00,0.5623,0.5703,0.5613,0.5703,89518162.0
2024-01-08 18:00:00+00:00,0.5703,0.5816,0.5701,0.5776,87010892.0
2024-01-09 00:00:00+00:00,0.5776,0.5783,0.5665,0.5709,74270717.0
2024-01-09 06:00:00+00:00,0.5709,0.573,0.5621,0.5686,88890169.0
2024-01-09 12:00:00+00:00,0.5686,0.5695,0.5531,0.561,96619169.0
2024-01-09 18:00:00+00:00,0.5609,0.5793,0.5603,0.5669,194788315.0
2024-01-10 00:00:00+00:00,0.567,0.5725,0.5655,0.5677,58823179.0
2024-01-10 06:00:00+00:00,0.5677,0.5679,0.5583,0.5636,98689331.0
2024-01-10 12:00:00+00:00,0.5636,0.58,0.5489,0.5696,154946636.0
2024-01-10 18:00:00+00:00,0.5695,0.615,0.5608,0.6008,253252851.0
2024-01-11 00:00:00+00:00,0.6008,0.606,0.5931,0.5962,119920943.0
2024-01-11 06:00:00+00:00,0.5962,0.615,0.5856,0.6117,118652776.0
2024-01-11 12:00:00+00:00,0.6117,0.624,0.5919,0.6044,222035687.0
2024-01-11 18:00:00+00:00,0.6044,0.6071,0.5982,0.6019,52908848.0
2024-01-12 00:00:00+00:00,0.6019,0.6035,0.5904,0.6002,84807045.0
2024-01-12 06:00:00+00:00,0.6002,0.6025,0.5884,0.6005,97434655.0
2024-01-12 12:00:00+00:00,0.6004,0.6012,0.5658,0.5786,169703197.0
2024-01-12 18:00:00+00:00,0.5785,0.5836,0.5515,0.5699,110071612.0
2024-01-13 00:00:00+00:00,0.5699,0.5763,0.563,0.5757,52250523.0
2024-01-13 06:00:00+00:00,0.5757,0.5772,0.5701,0.5743,35644637.0
2024-01-13 12:00:00+00:00,0.5744,0.5768,0.571,0.5743,35904866.0
2024-01-13 18:00:00+00:00,0.5743,0.5775,0.5733,0.5747,20922993.0
2024-01-14 00:00:00+00:00,0.5746,0.5757,0.5717,0.5746,24107095.0
2024-01-14 06:00:00+00:00,0.5746,0.5798,0.574,0.5766,30201678.0
2024-01-14 12:00:00+00:00,0.5767,0.583,0.5743,0.5825,32116989.0
2024-01-14 18:00:00+00:00,0.5825,0.5932,0.572,0.5763,102045639.0
2024-01-15 00:00:00+00:00,0.5763,0.5895,0.5763,0.5829,63591093.0
2024-01-15 06:00:00+00:00,0.5828,0.5836,0.576,0.579,80903007.0
2024-01-15 12:00:00+00:00,0.579,0.58,0.5687,0.5784,72510881.0
2024-01-15 18:00:00+00:00,0.5783,0.5819,0.5739,0.5757,50113571.0
2024-01-16 00:00:00+00:00,0.5757,0.579,0.5717,0.5738,54941780.0
2024-01-16 06:00:00+00:00,0.5738,0.5775,0.5716,0.5745,72513519.0
2024-01-16 12:00:00+00:00,0.5745,0.5786,0.5659,0.577,80613520.0
2024-01-16 18:00:00+00:00,0.577,0.5797,0.5748,0.5757,41967831.0
2024-01-17 00:00:00+00:00,0.5758,0.5763,0.5718,0.5719,41464377.0
2024-01-17 06:00:00+00:00,0.5719,0.5736,0.5691,0.5702,65612570.0
2024-01-17 12:00:00+00:00,0.5702,0.5719,0.5611,0.5664,79306112.0
2024-01-17 18:00:00+00:00,0.5664,0.5729,0.5664,0.5685,43052652.0
2024-01-18 00:00:00+00:00,0.5685,0.5685,0.5629,0.5674,39679609.0
2024-01-18 06:00:00+00:00,0.5673,0.569,0.5618,0.5631,63077250.0
2024-01-18 12:00:00+00:00,0.5632,0.564,0.5509,0.553,97081367.0
2024-01-18 18:00:00+00:00,0.553,0.5539,0.543,0.552,87022511.0
2024-01-19 00:00:00+00:00,0.552,0.5537,0.5446,0.5508,82640173.0
2024-01-19 06:00:00+00:00,0.5507,0.5516,0.546,0.5504,76325881.0
2024-01-19 12:00:00+00:00,0.5504,0.551,0.5216,0.5364,178377319.0
2024-01-19 18:00:00+00:00,0.5364,0.5495,0.5335,0.5443,75123996.0
2024-01-20 00:00:00+00:00,0.5443,0.5458,0.539,0.5445,38821251.0
2024-01-20 06:00:00+00:00,0.5445,0.5526,0.544,0.5492,56128210.0
2024-01-20 12:00:00+00:00,0.5492,0.5508,0.5467,0.5484,49023742.0
2024-01-20 18:00:00+00:00,0.5483,0.5551,0.545,0.5534,46054663.0
2024-01-21 00:00:00+00:00,0.5534,0.5552,0.5488,0.5523,36966773.0
2024-01-21 06:00:00+00:00,0.5523,0.5546,0.5507,0.5524,25571959.0
2024-01-21 12:00:00+00:00,0.5523,0.555,0.549,0.5525,29364816.0
2024-01-21 18:00:00+00:00,0.5524,0.5528,0.5451,0.5464,23115126.0
2024-01-22 00:00:00+00:00,0.5464,0.5497,0.5345,0.5391,70365948.0
2024-01-22 06:00:00+00:00,0.539,0.5408,0.5258,0.5313,103261618.0
2024-01-22 12:00:00+00:00,0.5313,0.5346,0.5228,0.5318,83961385.0
2024-01-22 18:00:00+00:00,0.5318,0.5356,0.5169,0.5275,83033247.0
2024-01-23 00:00:00+00:00,0.5275,0.5318,0.5225,0.5292,56174220.0
2024-01-23 06:00:00+00:00,0.5291,0.5295,0.5011,0.5051,200539118.0
2024-01-23 12:00:00+00:00,0.5051,0.5138,0.4962,0.5107,141189214.0
2024-01-23 18:00:00+00:00,0.5106,0.5194,0.5065,0.5183,70620019.0
2024-01-24 00:00:00+00:00,0.5183,0.519,0.5128,0.515,57613468.0
2024-01-24 06:00:00+00:00,0.515,0.5194,0.511,0.5168,101864186.0
2024-01-24 12:00:00+00:00,0.5168,0.5182,0.5124,0.5166,65109367.0
2024-01-24 18:00:00+00:00,0.5166,0.5193,0.512,0.5181,31728486.0
2024-01-25 00:00:00+00:00,0.5182,0.5182,0.5103,0.5106,54655839.0
2024-01-25 06:00:00+00:00,0.5106,0.5148,0.5091,0.5121,76113144.0
2024-01-25 12:00:00+00:00,0.5122,0.5129,0.5037,0.5081,71038261.0
2024-01-25 18:00:00+00:00,0.5082,0.5156,0.5082,0.5138,49615794.0
2024-01-26 00:00:00+00:00,0.5139,0.5152,0.5084,0.5131,52653994.0
2024-01-26 06:00:00+00:00,0.513,0.523,0.5099,0.5211,103928216.0
2024-01-26 12:00:00+00:00,0.5211,0.526,0.5168,0.525,97628777.0
2024-01-26 18:00:00+00:00,0.5249,0.5368,0.5249,0.5323,91288033.0
2024-01-27 00:00:00+00:00,0.5322,0.5349,0.5298,0.5315,35041095.0
2024-01-27 06:00:00+00:00,0.5316,0.5322,0.5262,0.5298,29397183.0
2024-01-27 12:00:00+00:00,0.5299,0.5319,0.5285,0.5292,26021864.0
2024-01-27 18:00:00+00:00,0.5291,0.5325,0.5284,0.5303,18977453.0
2024-01-28 00:00:00+00:00,0.5304,0.5355,0.529,0.5322,28504691.0
2024-01-28 06:00:00+00:00,0.5321,0.5333,0.5297,0.5302,32892147.0
2024-01-28 12:00:00+00:00,0.5303,0.5313,0.5281,0.5299,32074828.0
2024-01-28 18:00:00+00:00,0.5298,0.5301,0.5211,0.5241,39873059.0
2024-01-29 00:00:00+00:00,0.5242,0.5295,0.5213,0.5273,55468743.0
2024-01-29 06:00:00+00:00,0.5273,0.5289,0.5211,0.526,95384169.0
2024-01-29 12:00:00+00:00,0.526,0.5384,0.5193,0.5336,104946350.0
2024-01-29 18:00:00+00:00,0.5336,0.54,0.5333,0.5352,60010882.0
2024-01-30 00:00:00+00:00,0.5351,0.5393,0.5333,0.534,50610381.0
2024-01-30 06:00:00+00:00,0.5339,0.535,0.5307,0.5338,96120715.0
2024-01-30 12:00:00+00:00,0.5338,0.5356,0.5228,0.5245,134955842.0
2024-01-30 18:00:00+00:00,0.5244,0.5248,0.5071,0.5107,269456189.0
2024-01-31 00:00:00+00:00,0.5106,0.5128,0.5022,0.512,88330766.0
2024-01-31 06:00:00+00:00,0.5121,0.5144,0.5014,0.507,111241888.0
2024-01-31 12:00:00+00:00,0.5071,0.5135,0.4853,0.5135,216016509.0
2024-01-31 18:00:00+00:00,0.5135,0.514,0.499,0.5033,69832611.0
2024-02-01 00:00:00+00:00,0.5033,0.5042,0.4915,0.4957,98373303.0
2024-02-01 06:00:00+00:00,0.4956,0.4976,0.49,0.4927,105164405.0
2024-02-01 12:00:00+00:00,0.4928,0.507,0.4926,0.5063,89389141.0
2024-02-01 18:00:00+00:00,0.5062,0.5107,0.5039,0.5058,46784318.0
2024-02-02 00:00:00+00:00,0.5057,0.5077,0.504,0.5067,63441969.0
2024-02-02 06:00:00+00:00,0.5066,0.5076,0.5028,0.5044,100015402.0
2024-02-02 12:00:00+00:00,0.5044,0.5064,0.4987,0.5028,127078078.0
2024-02-02 18:00:00+00:00,0.5028,0.5142,0.5009,0.5105,71693876.0
2024-02-03 00:00:00+00:00,0.5106,0.5109,0.506,0.5078,26873444.0
2024-02-03 06:00:00+00:00,0.5078,0.527,0.5066,0.5217,120878328.0
2024-02-03 12:00:00+00:00,0.5218,0.5265,0.5163,0.5196,76825167.0
2024-02-03 18:00:00+00:00,0.5195,0.5222,0.5171,0.5186,43927004.0
2024-02-04 00:00:00+00:00,0.5187,0.5192,0.5129,0.513,34517103.0
2024-02-04 06:00:00+00:00,0.5129,0.5146,0.5089,0.5128,39551730.0
2024-02-04 12:00:00+00:00,0.5129,0.514,0.5093,0.5118,35156423.0
2024-02-04 18:00:00+00:00,0.5118,0.5125,0.5003,0.5032,47235769.0
2024-02-05 00:00:00+00:00,0.5031,0.5066,0.4969,0.5039,65754273.0
2024-02-05 06:00:00+00:00,0.5039,0.5076,0.5023,0.5056,91799384.0
2024-02-05 12:00:00+00:00,0.5056,0.5143,0.5008,0.5091,96864578.0
2024-02-05 18:00:00+00:00,0.5091,0.5102,0.5044,0.5069,62325986.0
2024-02-06 00:00:00+00:00,0.5069,0.5086,0.5043,0.5045,46886483.0
2024-02-06 06:00:00+00:00,0.5044,0.5055,0.5001,0.5013,100846577.0
2024-02-06 12:00:00+00:00,0.5013,0.506,0.4981,0.5044,89908047.0
2024-02-06 18:00:00+00:00,0.5044,0.5112,0.5042,0.505,58720254.0
2024-02-07 00:00:00+00:00,0.505,0.5064,0.5026,0.5027,75858576.0
2024-02-07 06:00:00+00:00,0.5027,0.5039,0.4993,0.5021,121593345.0
2024-02-07 12:00:00+00:00,0.502,0.509,0.5014,0.5073,71369026.0
2024-02-07 18:00:00+00:00,0.5074,0.5155,0.5068,0.5138,68244897.0
2024-02-08 00:00:00+00:00,0.5138,0.5184,0.511,0.5114,98512925.0
2024-02-08 06:00:00+00:00,0.5115,0.5173,0.5101,0.5134,87886633.0
2024-02-08 12:00:00+00:00,0.5133,0.52,0.5115,0.5155,95563969.0
2024-02-08 18:00:00+00:00,0.5156,0.5186,0.5132,0.5147,37595412.0
2024-02-09 00:00:00+00:00,0.5146,0.5205,0.514,0.5185,64497774.0
2024-02-09 06:00:00+00:00,0.5185,0.5262,0.5152,0.5248,107919947.0
2024-02-09 12:00:00+00:00,0.5247,0.5265,0.5175,0.5238,136774860.0
2024-02-09 18:00:00+00:00,0.5238,0.5282,0.5225,0.5262,72471412.0
2024-02-10 00:00:00+00:00,0.5262,0.5282,0.5232,0.525,32521615.0
2024-02-10 06:00:00+00:00,0.525,0.5255,0.5186,0.521,38935287.0
2024-02-10 12:00:00+00:00,0.521,0.5236,0.5194,0.5212,34831440.0
2024-02-10 18:00:00+00:00,0.5213,0.5258,0.5211,0.5239,29763509.0
2024-02-11 00:00:00+00:00,0.5239,0.5286,0.5216,0.5273,52880685.0
2024-02-11 06:00:00+00:00,0.5274,0.536,0.5264,0.5333,82813461.0
2024-02-11 12:00:00+00:00,0.5334,0.5337,0.5261,0.528,46173616.0
2024-02-11 18:00:00+00:00,0.528,0.5298,0.5235,0.5261,37124856.0
2024-02-12 00:00:00+00:00,0.5262,0.5287,0.5184,0.5199,77019777.0
2024-02-12 06:00:00+00:00,0.5198,0.5204,0.5143,0.5182,94055086.0
2024-02-12 12:00:00+00:00,0.5182,0.5353,0.5171,0.5313,120148471.0
2024-02-12 18:00:00+00:00,0.5313,0.538,0.5294,0.5315,92723094.0
2024-02-13 00:00:00+00:00,0.5315,0.5338,0.5273,0.5286,65350085.0
2024-02-13 06:00:00+00:00,0.5286,0.531,0.5263,0.5286,113096152.0
2024-02-13 12:00:00+00:00,0.5286,0.5286,0.514,0.524,160128149.0
2024-02-13 18:00:00+00:00,0.524,0.5293,0.5203,0.5247,60228996.0
2024-02-14 00:00:00+00:00,0.5246,0.5255,0.5203,0.5224,57180654.0
2024-02-14 06:00:00+00:00,0.5224,0.5329,0.5217,0.5316,124038072.0
2024-02-14 12:00:00+00:00,0.5316,0.5382,0.5285,0.5334,144341502.0
2024-02-14 18:00:00+00:00,0.5334,0.5418,0.5328,0.5378,76510892.0
2024-02-15 00:00:00+00:00,0.5378,0.559,0.537,0.5448,177781186.0
2024-02-15 06:00:00+00:00,0.5449,0.5548,0.5428,0.55,130040585.0
2024-02-15 12:00:00+00:00,0.55,0.5549,0.5419,0.5454,137229290.0
2024-02-15 18:00:00+00:00,0.5454,0.5769,0.5446,0.5622,195533037.0
2024-02-16 00:00:00+00:00,0.5622,0.5791,0.5578,0.5709,156450380.0
2024-02-16 06:00:00+00:00,0.5709,0.5743,0.5596,0.5712,130683409.0
2024-02-16 12:00:00+00:00,0.5711,0.5735,0.5523,0.5633,165550423.0
2024-02-16 18:00:00+00:00,0.5633,0.5688,0.56,0.5643,69427355.0
2024-02-17 00:00:00+00:00,0.5643,0.5655,0.5577,0.559,47137135.0
2024-02-17 06:00:00+00:00,0.559,0.5617,0.5505,0.5536,69725262.0
2024-02-17 12:00:00+00:00,0.5537,0.5547,0.5392,0.5499,103477747.0
2024-02-17 18:00:00+00:00,0.5498,0.5532,0.5477,0.5496,33693434.0
2024-02-18 00:00:00+00:00,0.5496,0.5591,0.5471,0.5565,55513391.0
2024-02-18 06:00:00+00:00,0.5565,0.5589,0.5526,0.5587,54729284.0
2024-02-18 12:00:00+00:00,0.5587,0.5625,0.5534,0.5608,46069386.0
2024-02-18 18:00:00+00:00,0.5608,0.5618,0.5547,0.5571,43332423.0
2024-02-19 00:00:00+00:00,0.557,0.5627,0.556,0.5575,75746786.0
2024-02-19 06:00:00+00:00,0.5575,0.5643,0.5561,0.5591,107464545.0
2024-02-19 12:00:00+00:00,0.5591,0.5635,0.5538,0.5603,101797049.0
2024-02-19 18:00:00+00:00,0.5603,0.5679,0.5592,0.5626,76651565.0
2024-02-20 00:00:00+00:00,0.5626,0.5741,0.5553,0.5684,149264529.0
2024-02-20 06:00:00+00:00,0.5683,0.5718,0.5576,0.5708,141788132.0
2024-02-20 12:00:00+00:00,0.5707,0.5751,0.543,0.5531,213556868.0
2024-02-20 18:00:00+00:00,0.553,0.5668,0.5522,0.5622,72885000.0
2024-02-21 00:00:00+00:00,0.5622,0.5629,0.5519,0.5526,71891296.0
2024-02-21 06:00:00+00:00,0.5526,0.5531,0.5326,0.5389,174258319.0
2024-02-21 12:00:00+00:00,0.5389,0.5448,0.534,0.5397,136153347.0
2024-02-21 18:00:00+00:00,0.5397,0.5494,0.5352,0.5491,61234332.0
2024-02-22 00:00:00+00:00,0.549,0.5491,0.5386,0.5417,72194067.0
2024-02-22 06:00:00+00:00,0.5418,0.5505,0.5412,0.5453,108090641.0
2024-02-22 12:00:00+00:00,0.5453,0.5464,0.5366,0.5429,93557784.0
2024-02-22 18:00:00+00:00,0.543,0.5517,0.5403,0.541,89981949.0
2024-02-23 00:00:00+00:00,0.541,0.5437,0.5357,0.54,75614216.0
2024-02-23 06:00:00+00:00,0.54,0.5411,0.5289,0.5366,120024945.0
2024-02-23 12:00:00+00:00,0.5365,0.5377,0.5251,0.5359,172319397.0
2024-02-23 18:00:00+00:00,0.5358,0.5411,0.5305,0.5342,67115890.0
2024-02-24 00:00:00+00:00,0.5342,0.5404,0.5313,0.5394,45008349.0
2024-02-24 06:00:00+00:00,0.5394,0.5467,0.5389,0.5459,57604210.0
2024-02-24 12:00:00+00:00,0.546,0.5481,0.5427,0.5471,59257749.0
2024-02-24 18:00:00+00:00,0.5472,0.548,0.5435,0.545,39802177.0
2024-02-25 00:00:00+00:00,0.5449,0.5483,0.5424,0.5467,53023326.0
2024-02-25 06:00:00+00:00,0.5467,0.5489,0.544,0.5444,58154803.0
2024-02-25 12:00:00+00:00,0.5443,0.5463,0.542,0.5447,45391276.0
2024-02-25 18:00:00+00:00,0.5447,0.547,0.5421,0.5425,43768620.0
2024-02-26 00:00:00+00:00,0.5424,0.543,0.5373,0.54,67945921.0
2024-02-26 06:00:00+00:00,0.54,0.5403,0.5302,0.5303,117872110.0
2024-02-26 12:00:00+00:00,0.5303,0.5527,0.5288,0.5492,152717749.0
2024-02-26 18:00:00+00:00,0.5492,0.5528,0.5438,0.5506,103515608.0
2024-02-27 00:00:00+00:00,0.5506,0.5605,0.5476,0.5548,152581739.0
2024-02-27 06:00:00+00:00,0.5547,0.5648,0.5499,0.5596,177630159.0
2024-02-27 12:00:00+00:00,0.5595,0.5747,0.5542,0.5739,248684910.0
2024-02-27 18:00:00+00:00,0.5739,0.5976,0.5716,0.5861,273823237.0
2024-02-28 00:00:00+00:00,0.5862,0.5904,0.577,0.5789,156136139.0
2024-02-28 06:00:00+00:00,0.5789,0.5922,0.5754,0.5801,226593454.0
2024-02-28 12:00:00+00:00,0.5801,0.6059,0.53,0.5725,432543010.0
2024-02-28 18:00:00+00:00,0.5724,0.5771,0.5485,0.575,222861110.0
2024-02-29 00:00:00+00:00,0.5749,0.5965,0.5669,0.596,257392098.0
2024-02-29 06:00:00+00:00,0.596,0.6081,0.5882,0.5964,348442216.0
2024-02-29 12:00:00+00:00,0.5964,0.626,0.5902,0.5979,456446706.0
2024-02-29 18:00:00+00:00,0.5981,0.6125,0.577,0.5867,260842097.0
2024-03-01 00:00:00+00:00,0.5868,0.5965,0.5862,0.5914,138545969.0
2024-03-01 06:00:00+00:00,0.5914,0.5952,0.5829,0.5889,128699746.0
2024-03-01 12:00:00+00:00,0.5889,0.5986,0.5852,0.5933,175112989.0
2024-03-01 18:00:00+00:00,0.5933,0.6034,0.5905,0.6013,103424312.0
2024-03-02 00:00:00+00:00,0.6013,0.6392,0.5993,0.6246,380746581.0
2024-03-02 06:00:00+00:00,0.6245,0.6431,0.6198,0.6428,211823652.0
2024-03-02 12:00:00+00:00,0.6428,0.6501,0.6253,0.6268,193240661.0
2024-03-02 18:00:00+00:00,0.6267,0.6451,0.6267,0.6442,105339798.0
2024-03-03 00:00:00+00:00,0.6442,0.6446,0.6282,0.6331,136940180.0
2024-03-03 06:00:00+00:00,0.633,0.6336,0.59,0.6239,275223364.0
2024-03-03 12:00:00+00:00,0.6239,0.6301,0.6177,0.6223,126479678.0
2024-03-03 18:00:00+00:00,0.6222,0.633,0.6201,0.6271,87912828.0
2024-03-04 00:00:00+00:00,0.6271,0.639,0.615,0.6252,188386191.0
2024-03-04 06:00:00+00:00,0.6252,0.666,0.6231,0.6599,367501284.0
2024-03-04 12:00:00+00:00,0.6598,0.6647,0.6393,0.6397,322259632.0
2024-03-04 18:00:00+00:00,0.6397,0.657,0.6346,0.6477,175416646.0
2024-03-05 00:00:00+00:00,0.6476,0.6685,0.6215,0.643,423385313.0
2024-03-05 06:00:00+00:00,0.6429,0.6531,0.6315,0.6497,209879690.0
2024-03-05 12:00:00+00:00,0.6496,0.6544,0.6085,0.6255,438872138.0
2024-03-05 18:00:00+00:00,0.6256,0.6256,0.5386,0.5912,482800532.0
2024-03-06 00:00:00+00:00,0.5913,0.6053,0.5754,0.6049,247527187.0
2024-03-06 06:00:00+00:00,0.6049,0.624,0.6021,0.6142,241369680.0
2024-03-06 12:00:00+00:00,0.6142,0.6153,0.5887,0.6099,244598957.0
2024-03-06 18:00:00+00:00,0.6099,0.6164,0.6054,0.6121,99103905.0
2024-03-07 00:00:00+00:00,0.6121,0.6305,0.6064,0.6155,270964079.0
2024-03-07 06:00:00+00:00,0.6154,0.6282,0.6148,0.6219,209644629.0
2024-03-07 12:00:00+00:00,0.6219,0.6286,0.6143,0.6259,173528440.0
2024-03-07 18:00:00+00:00,0.6259,0.6394,0.623,0.627,135251934.0
2024-03-08 00:00:00+00:00,0.6271,0.6338,0.6195,0.6216,139101771.0
2024-03-08 06:00:00+00:00,0.6217,0.6307,0.618,0.6284,154768889.0
2024-03-08 12:00:00+00:00,0.6283,0.6311,0.6,0.6222,269431479.0
2024-03-08 18:00:00+00:00,0.6222,0.624,0.6161,0.62,84996860.0
2024-03-09 00:00:00+00:00,0.62,0.6313,0.6181,0.6293,87640963.0
2024-03-09 06:00:00+00:00,0.6293,0.6323,0.6158,0.6229,135671361.0
2024-03-09 12:00:00+00:00,0.6229,0.6254,0.6164,0.6192,111010268.0
2024-03-09 18:00:00+00:00,0.6192,0.6235,0.6175,0.6197,64783021.0
2024-03-10 00:00:00+00:00,0.6198,0.625,0.6192,0.6221,91619362.0
2024-03-10 06:00:00+00:00,0.6221,0.6278,0.6167,0.619,103773364.0
2024-03-10 12:00:00+00:00,0.6189,0.6207,0.6017,0.6131,143961604.0
2024-03-10 18:00:00+00:00,0.6132,0.6147,0.5965,0.608,91859601.0
2024-03-11 00:00:00+00:00,0.608,0.6107,0.583,0.6074,186496622.0
2024-03-11 06:00:00+00:00,0.6074,0.6301,0.6032,0.6228,262966463.0
2024-03-11 12:00:00+00:00,0.6227,0.7434,0.6159,0.734,1078214982.0
2024-03-11 18:00:00+00:00,0.7339,0.744,0.7105,0.723,508242576.0
2024-03-12 00:00:00+00:00,0.723,0.7332,0.6852,0.6976,312450988.0
2024-03-12 06:00:00+00:00,0.6975,0.71,0.6777,0.7011,333540634.0
2024-03-12 12:00:00+00:00,0.7011,0.7135,0.6585,0.6874,389774957.0
2024-03-12 18:00:00+00:00,0.6874,0.6926,0.682,0.688,129056693.0
2024-03-13 00:00:00+00:00,0.688,0.7026,0.6818,0.6994,152405910.0
2024-03-13 06:00:00+00:00,0.6994,0.7014,0.6868,0.6886,168276072.0
2024-03-13 12:00:00+00:00,0.6887,0.6907,0.6684,0.6851,204663003.0
2024-03-13 18:00:00+00:00,0.6851,0.6934,0.6801,0.6891,104373027.0
2024-03-14 00:00:00+00:00,0.6891,0.6896,0.6725,0.6786,153461016.0
2024-03-14 06:00:00+00:00,0.6786,0.7077,0.6773,0.6855,239559864.0
2024-03-14 12:00:00+00:00,0.6854,0.6901,0.66,0.6768,282562753.0
2024-03-14 18:00:00+00:00,0.6768,0.6768,0.6378,0.669,191329597.0
2024-03-15 00:00:00+00:00,0.669,0.6759,0.6113,0.6279,330259703.0
2024-03-15 06:00:00+00:00,0.6278,0.6405,0.596,0.6221,356946785.0
2024-03-15 12:00:00+00:00,0.6221,0.6319,0.6183,0.6299,186744832.0
2024-03-15 18:00:00+00:00,0.6299,0.6446,0.6193,0.6342,172618307.0
2024-03-16 00:00:00+00:00,0.6341,0.6479,0.6306,0.6358,143422878.0
2024-03-16 06:00:00+00:00,0.6359,0.6427,0.6241,0.6306,105397771.0
2024-03-16 12:00:00+00:00,0.6305,0.6311,0.6087,0.6131,165685575.0
2024-03-16 18:00:00+00:00,0.6132,0.616,0.5915,0.6031,223437881.0
2024-03-17 00:00:00+00:00,0.603,0.6163,0.5998,0.61,151081077.0
2024-03-17 06:00:00+00:00,0.61,0.62,0.5869,0.6146,187546345.0
2024-03-17 12:00:00+00:00,0.6145,0.6243,0.606,0.6237,105081354.0
2024-03-17 18:00:00+00:00,0.6237,0.6249,0.6165,0.6191,76708578.0
2024-03-18 00:00:00+00:00,0.6191,0.6284,0.6022,0.6279,152780554.0
2024-03-18 06:00:00+00:00,0.6279,0.628,0.6067,0.6117,159953437.0
2024-03-18 12:00:00+00:00,0.6117,0.6135,0.5946,0.6022,193942766.0
2024-03-18 18:00:00+00:00,0.6021,0.6686,0.6007,0.6453,361470185.0
2024-03-19 00:00:00+00:00,0.6453,0.6489,0.594,0.6013,339459787.0
2024-03-19 06:00:00+00:00,0.6012,0.6043,0.5712,0.5905,336941102.0
2024-03-19 12:00:00+00:00,0.5905,0.6109,0.5887,0.6048,185790968.0
2024-03-19 18:00:00+00:00,0.6047,0.6109,0.5751,0.5845,174066509.0
2024-03-20 00:00:00+00:00,0.5845,0.5948,0.5685,0.5792,201532297.0
2024-03-20 06:00:00+00:00,0.5792,0.5997,0.5789,0.5963,168510296.0
2024-03-20 12:00:00+00:00,0.5962,0.6006,0.5681,0.5848,239578551.0
2024-03-20 18:00:00+00:00,0.5848,0.6187,0.5848,0.6107,193184284.0
2024-03-21 00:00:00+00:00,0.6108,0.6138,0.5972,0.6043,140175198.0
2024-03-21 06:00:00+00:00,0.6043,0.6245,0.6027,0.6179,202599917.0
2024-03-21 12:00:00+00:00,0.618,0.6546,0.6136,0.6432,282331874.0
2024-03-21 18:00:00+00:00,0.6433,0.6454,0.6278,0.6404,174210854.0
2024-03-22 00:00:00+00:00,0.6403,0.6454,0.6193,0.6342,131146789.0
2024-03-22 06:00:00+00:00,0.6342,0.6382,0.614,0.616,181012033.0
2024-03-22 12:00:00+00:00,0.616,0.6222,0.5985,0.6113,202643929.0
2024-03-22 18:00:00+00:00,0.6113,0.6149,0.6042,0.6115,65226353.0
2024-03-23 00:00:00+00:00,0.6115,0.617,0.6032,0.6129,57412885.0
2024-03-23 06:00:00+00:00,0.613,0.6214,0.6115,0.6192,60029975.0
2024-03-23 12:00:00+00:00,0.6191,0.6329,0.6187,0.6283,111843938.0
2024-03-23 18:00:00+00:00,0.6283,0.6302,0.6158,0.6167,49408353.0
2024-03-24 00:00:00+00:00,0.6168,0.6337,0.6133,0.6261,71212959.0
2024-03-24 06:00:00+00:00,0.626,0.6338,0.6225,0.6307,77896597.0
2024-03-24 12:00:00+00:00,0.6306,0.6342,0.6237,0.6271,82187060.0
2024-03-24 18:00:00+00:00,0.6271,0.6358,0.6271,0.6325,73370508.0
2024-03-25 00:00:00+00:00,0.6326,0.6372,0.6284,0.6347,76581120.0
2024-03-25 06:00:00+00:00,0.6347,0.6349,0.6263,0.6269,118528155.0
2024-03-25 12:00:00+00:00,0.6269,0.6536,0.6268,0.6493,194987628.0
2024-03-25 18:00:00+00:00,0.6493,0.6629,0.6356,0.6406,208163458.0
2024-03-26 00:00:00+00:00,0.6405,0.648,0.6393,0.644,81574391.0
2024-03-26 06:00:00+00:00,0.644,0.653,0.643,0.6444,133134885.0
2024-03-26 12:00:00+00:00,0.6443,0.6452,0.625,0.6311,201776822.0
2024-03-26 18:00:00+00:00,0.6311,0.6354,0.6287,0.6317,67433978.0
2024-03-27 00:00:00+00:00,0.6317,0.6349,0.6286,0.6298,94621179.0
2024-03-27 06:00:00+00:00,0.6298,0.6316,0.6117,0.6222,203197284.0
2024-03-27 12:00:00+00:00,0.6221,0.6298,0.6055,0.6147,211238520.0
2024-03-27 18:00:00+00:00,0.6148,0.616,0.609,0.6118,67048603.0
2024-03-28 00:00:00+00:00,0.6119,0.6163,0.6033,0.6113,100392425.0
2024-03-28 06:00:00+00:00,0.6113,0.6246,0.611,0.6213,168738131.0
2024-03-28 12:00:00+00:00,0.6214,0.6378,0.6171,0.6343,166049267.0
2024-03-28 18:00:00+00:00,0.6343,0.6345,0.6233,0.6244,65537507.0
2024-03-29 00:00:00+00:00,0.6243,0.6254,0.6163,0.6172,95761336.0
2024-03-29 06:00:00+00:00,0.6172,0.632,0.6087,0.6294,152789801.0
2024-03-29 12:00:00+00:00,0.6294,0.6455,0.6204,0.6324,208367753.0
2024-03-29 18:00:00+00:00,0.6323,0.6334,0.621,0.6301,79883182.0
2024-03-30 00:00:00+00:00,0.63,0.6318,0.6237,0.6273,61752728.0
2024-03-30 06:00:00+00:00,0.6273,0.6277,0.6208,0.6272,55059626.0
2024-03-30 12:00:00+00:00,0.6272,0.6372,0.6253,0.6315,91193178.0
2024-03-30 18:00:00+00:00,0.6316,0.632,0.6178,0.6212,67022695.0
2024-03-31 00:00:00+00:00,0.6211,0.6258,0.6204,0.6255,55726847.0
2024-03-31 06:00:00+00:00,0.6255,0.6289,0.6244,0.6264,43574502.0
2024-03-31 12:00:00+00:00,0.6263,0.6287,0.6252,0.6258,30911726.0
2024-03-31 18:00:00+00:00,0.6259,0.6301,0.6248,0.6292,51759894.0
2024-04-01 00:00:00+00:00,0.6292,0.6336,0.601,0.6067,140958049.0
2024-04-01 06:00:00+00:00,0.6067,0.6186,0.6043,0.6096,149706002.0
2024-04-01 12:00:00+00:00,0.6095,0.6146,0.5947,0.608,185188453.0
2024-04-01 18:00:00+00:00,0.608,0.6144,0.605,0.611,70435019.0
2024-04-02 00:00:00+00:00,0.611,0.6185,0.5835,0.5976,204143639.0
2024-04-02 06:00:00+00:00,0.5975,0.603,0.5802,0.5886,218989991.0
2024-04-02 12:00:00+00:00,0.5886,0.5938,0.579,0.5911,155120214.0
2024-04-02 18:00:00+00:00,0.591,0.5943,0.5842,0.5854,70032597.0
2024-04-03 00:00:00+00:00,0.5854,0.5881,0.5671,0.5853,155772149.0
2024-04-03 06:00:00+00:00,0.5852,0.593,0.58,0.5829,124321494.0
2024-04-03 12:00:00+00:00,0.5829,0.5855,0.5758,0.5791,121097709.0
2024-04-03 18:00:00+00:00,0.5791,0.5792,0.5663,0.5742,92712581.0
2024-04-04 00:00:00+00:00,0.5741,0.5784,0.5623,0.5709,113464052.0
2024-04-04 06:00:00+00:00,0.5709,0.5792,0.5681,0.575,125304016.0
2024-04-04 12:00:00+00:00,0.5751,0.6176,0.5748,0.603,376524760.0
2024-04-04 18:00:00+00:00,0.6029,0.6048,0.585,0.5935,86336558.0
2024-04-05 00:00:00+00:00,0.5934,0.5939,0.5765,0.5802,110956110.0
2024-04-05 06:00:00+00:00,0.5802,0.5878,0.5718,0.5723,142678057.0
2024-04-05 12:00:00+00:00,0.5723,0.5854,0.5687,0.5841,109959846.0
2024-04-05 18:00:00+00:00,0.584,0.5913,0.5839,0.5871,57876887.0
2024-04-06 00:00:00+00:00,0.587,0.5922,0.5852,0.5904,42358745.0
2024-04-06 06:00:00+00:00,0.5903,0.592,0.5874,0.588,36951998.0
2024-04-06 12:00:00+00:00,0.588,0.5969,0.5867,0.5899,49257450.0
2024-04-06 18:00:00+00:00,0.5899,0.5988,0.589,0.593,36836697.0
2024-04-07 00:00:00+00:00,0.593,0.598,0.5923,0.5966,39401683.0
2024-04-07 06:00:00+00:00,0.5965,0.5988,0.5949,0.5973,32297209.0
2024-04-07 12:00:00+00:00,0.5972,0.6028,0.5949,0.5954,92398084.0
2024-04-07 18:00:00+00:00,0.5955,0.5956,0.5894,0.5944,46669141.0
2024-04-08 00:00:00+00:00,0.5945,0.5945,0.5881,0.5922,63796716.0
2024-04-08 06:00:00+00:00,0.5922,0.6119,0.5905,0.6075,189528297.0
2024-04-08 12:00:00+00:00,0.6075,0.6258,0.602,0.6235,176262327.0
2024-04-08 18:00:00+00:00,0.6234,0.6265,0.6146,0.6147,83225151.0
2024-04-09 00:00:00+00:00,0.6146,0.6189,0.6118,0.6165,72403070.0
2024-04-09 06:00:00+00:00,0.6164,0.626,0.6012,0.6242,189970179.0
2024-04-09 12:00:00+00:00,0.6242,0.6431,0.6109,0.6216,310755264.0
2024-04-09 18:00:00+00:00,0.6215,0.6275,0.6104,0.6141,75457234.0
2024-04-10 00:00:00+00:00,0.614,0.6153,0.6009,0.6094,111433664.0
2024-04-10 06:00:00+00:00,0.6095,0.6164,0.6051,0.6123,135110626.0
2024-04-10 12:00:00+00:00,0.6124,0.617,0.5928,0.6153,148453748.0
2024-04-10 18:00:00+00:00,0.6153,0.6204,0.6127,0.6172,54697698.0
2024-04-11 00:00:00+00:00,0.6171,0.6211,0.6148,0.6172,63587703.0
2024-04-11 06:00:00+00:00,0.6173,0.6214,0.6075,0.6091,101581194.0
2024-04-11 12:00:00+00:00,0.6091,0.6155,0.6029,0.6114,106634537.0
2024-04-11 18:00:00+00:00,0.6113,0.6141,0.6067,0.6086,44511378.0
2024-04-12 00:00:00+00:00,0.6085,0.6141,0.6065,0.6107,68014423.0
2024-04-12 06:00:00+00:00,0.6107,0.6159,0.6065,0.6082,105117103.0
2024-04-12 12:00:00+00:00,0.6081,0.6083,0.5635,0.5744,222114971.0
2024-04-12 18:00:00+00:00,0.5744,0.5765,0.5068,0.5468,507977833.0
2024-04-13 00:00:00+00:00,0.5468,0.5491,0.5285,0.544,143882349.0
2024-04-13 06:00:00+00:00,0.544,0.5471,0.5386,0.5423,81870044.0
2024-04-13 12:00:00+00:00,0.5423,0.5481,0.5124,0.5199,200870520.0
2024-04-13 18:00:00+00:00,0.5199,0.5303,0.4188,0.4788,772802271.0
2024-04-14 00:00:00+00:00,0.4788,0.4947,0.4637,0.4917,293976223.0
2024-04-14 06:00:00+00:00,0.4917,0.4999,0.48,0.4826,166391591.0
2024-04-14 12:00:00+00:00,0.4825,0.4958,0.4732,0.4851,213921141.0
2024-04-14 18:00:00+00:00,0.4851,0.5073,0.4837,0.5033,146452223.0
2024-04-15 00:00:00+00:00,0.5034,0.5046,0.4938,0.5039,112905304.0
2024-04-15 06:00:00+00:00,0.5038,0.5189,0.5023,0.5114,189707096.0
2024-04-15 12:00:00+00:00,0.5114,0.5144,0.4872,0.4939,218078994.0
2024-04-15 18:00:00+00:00,0.4938,0.5003,0.4811,0.4977,160099314.0
2024-04-16 00:00:00+00:00,0.4977,0.4982,0.4754,0.4881,131651321.0
2024-04-16 06:00:00+00:00,0.4881,0.5021,0.4782,0.4912,176604317.0
2024-04-16 12:00:00+00:00,0.4912,0.4975,0.481,0.4947,143724163.0
2024-04-16 18:00:00+00:00,0.4946,0.4987,0.4897,0.4965,83124137.0
2024-04-17 00:00:00+00:00,0.4965,0.501,0.4922,0.4987,71859489.0
2024-04-17 06:00:00+00:00,0.4986,0.5081,0.4872,0.4875,141835703.0
2024-04-17 12:00:00+00:00,0.4875,0.4935,0.4715,0.491,200215873.0
2024-04-17 18:00:00+00:00,0.491,0.5022,0.4903,0.4951,82167525.0
2024-04-18 00:00:00+00:00,0.4951,0.4994,0.4873,0.4944,94131353.0
2024-04-18 06:00:00+00:00,0.4943,0.4987,0.4856,0.4954,136347953.0
2024-04-18 12:00:00+00:00,0.4953,0.5057,0.4879,0.4968,132954685.0
2024-04-18 18:00:00+00:00,0.4968,0.5039,0.494,0.5025,45421598.0
2024-04-19 00:00:00+00:00,0.5026,0.5026,0.4665,0.487,236510111.0
2024-04-19 06:00:00+00:00,0.487,0.5039,0.4828,0.5016,195612144.0
2024-04-19 12:00:00+00:00,0.5015,0.5049,0.4931,0.5037,130614926.0
2024-04-19 18:00:00+00:00,0.5037,0.5108,0.4963,0.503,86505868.0
2024-04-20 00:00:00+00:00,0.503,0.515,0.4981,0.5123,89318541.0
2024-04-20 06:00:00+00:00,0.5122,0.5259,0.5113,0.5199,105741269.0
2024-04-20 12:00:00+00:00,0.5199,0.5298,0.5152,0.5279,75840513.0
2024-04-20 18:00:00+00:00,0.528,0.53,0.5231,0.5288,52251946.0
2024-04-21 00:00:00+00:00,0.5288,0.53,0.5216,0.5286,50618828.0
2024-04-21 06:00:00+00:00,0.5286,0.5367,0.5276,0.5303,56388326.0
2024-04-21 12:00:00+00:00,0.5303,0.531,0.5183,0.5242,64300141.0
2024-04-21 18:00:00+00:00,0.5242,0.5295,0.5212,0.5246,38074071.0
2024-04-22 00:00:00+00:00,0.5246,0.54,0.5221,0.5355,90658993.0
2024-04-22 06:00:00+00:00,0.5355,0.5397,0.5304,0.533,112405915.0
2024-04-22 12:00:00+00:00,0.533,0.55,0.531,0.5438,121816182.0
2024-04-22 18:00:00+00:00,0.5438,0.5715,0.5429,0.556,156332128.0
2024-04-23 00:00:00+00:00,0.556,0.5576,0.5451,0.5511,74152859.0
2024-04-23 06:00:00+00:00,0.5511,0.5517,0.5415,0.5438,136654931.0
2024-04-23 12:00:00+00:00,0.5437,0.5537,0.542,0.552,103968493.0
2024-04-23 18:00:00+00:00,0.552,0.5551,0.5433,0.5445,80760686.0
2024-04-24 00:00:00+00:00,0.5445,0.5516,0.5407,0.5493,86108159.0
2024-04-24 06:00:00+00:00,0.5493,0.5519,0.5424,0.5444,111642305.0
2024-04-24 12:00:00+00:00,0.5443,0.546,0.5245,0.5345,157071276.0
2024-04-24 18:00:00+00:00,0.5345,0.538,0.5212,0.5275,82928642.0
2024-04-25 00:00:00+00:00,0.5276,0.5307,0.5187,0.5274,83504536.0
2024-04-25 06:00:00+00:00,0.5274,0.5295,0.5157,0.519,130570234.0
2024-04-25 12:00:00+00:00,0.519,0.5296,0.5137,0.5295,104041563.0
2024-04-25 18:00:00+00:00,0.5296,0.5327,0.5243,0.5254,39984128.0
2024-04-26 00:00:00+00:00,0.5254,0.5361,0.5171,0.5345,93801463.0
2024-04-26 06:00:00+00:00,0.5344,0.5349,0.5208,0.5228,119750327.0
2024-04-26 12:00:00+00:00,0.5227,0.5263,0.5143,0.5243,93866352.0
2024-04-26 18:00:00+00:00,0.5243,0.53,0.5226,0.5261,46667668.0
2024-04-27 00:00:00+00:00,0.5261,0.5265,0.508,0.5176,85746116.0
2024-04-27 06:00:00+00:00,0.5177,0.5193,0.5107,0.5134,41539851.0
2024-04-27 12:00:00+00:00,0.5133,0.523,0.5125,0.5219,40738758.0
2024-04-27 18:00:00+00:00,0.5218,0.5228,0.5168,0.5179,27544971.0
2024-04-28 00:00:00+00:00,0.5178,0.5246,0.5175,0.5232,29141394.0
2024-04-28 06:00:00+00:00,0.5232,0.5253,0.5165,0.5173,34429380.0
2024-04-28 12:00:00+00:00,0.5172,0.521,0.5171,0.5197,27511830.0
2024-04-28 18:00:00+00:00,0.5197,0.5219,0.5085,0.5103,44810435.0
2024-04-29 00:00:00+00:00,0.5104,0.5143,0.5016,0.5077,79753110.0
2024-04-29 06:00:00+00:00,0.5076,0.5092,0.4986,0.5058,148490892.0
2024-04-29 12:00:00+00:00,0.5057,0.5174,0.5027,0.5151,74512753.0
2024-04-29 18:00:00+00:00,0.5151,0.5175,0.51,0.5151,45071700.0
2024-04-30 00:00:00+00:00,0.515,0.5198,0.5078,0.5145,63244345.0
2024-04-30 06:00:00+00:00,0.5144,0.5144,0.4953,0.4972,144228893.0
2024-04-30 12:00:00+00:00,0.4971,0.5008,0.4875,0.4959,115716933.0
2024-04-30 18:00:00+00:00,0.4959,0.5023,0.4923,0.5006,72401109.0
2024-05-01 00:00:00+00:00,0.5006,0.5046,0.4959,0.5033,61309196.0
2024-05-01 06:00:00+00:00,0.5033,0.5034,0.4782,0.4942,220310760.0
2024-05-01 12:00:00+00:00,0.4941,0.5116,0.4924,0.5091,95172531.0
2024-05-01 18:00:00+00:00,0.5091,0.5214,0.5075,0.5175,101728690.0
2024-05-02 00:00:00+00:00,0.5175,0.52,0.5077,0.5119,102486767.0
2024-05-02 06:00:00+00:00,0.512,0.5185,0.5067,0.5175,109398665.0
2024-05-02 12:00:00+00:00,0.5175,0.5237,0.5128,0.5222,90204010.0
2024-05-02 18:00:00+00:00,0.5223,0.5245,0.5177,0.518,42513214.0
2024-05-03 00:00:00+00:00,0.518,0.523,0.5157,0.5206,63762952.0
2024-05-03 06:00:00+00:00,0.5205,0.5267,0.5145,0.5164,141176928.0
2024-05-03 12:00:00+00:00,0.5163,0.5285,0.5154,0.5277,102018194.0
2024-05-03 18:00:00+00:00,0.5276,0.5367,0.5262,0.5317,56668774.0
2024-05-04 00:00:00+00:00,0.5317,0.5329,0.5272,0.5299,37603063.0
2024-05-04 06:00:00+00:00,0.5299,0.5374,0.5276,0.5344,44533546.0
2024-05-04 12:00:00+00:00,0.5344,0.541,0.5316,0.5331,51325491.0
2024-05-04 18:00:00+00:00,0.533,0.5352,0.5287,0.5302,25232121.0
2024-05-05 00:00:00+00:00,0.5302,0.5308,0.524,0.5267,34628095.0
2024-05-05 06:00:00+00:00,0.5266,0.5321,0.5263,0.5294,22328139.0
2024-05-05 12:00:00+00:00,0.5295,0.5334,0.5263,0.5308,35551870.0
2024-05-05 18:00:00+00:00,0.5308,0.5309,0.5277,0.5296,19836616.0
2024-05-06 00:00:00+00:00,0.5295,0.5355,0.5284,0.5341,52403794.0
2024-05-06 06:00:00+00:00,0.5341,0.5477,0.5311,0.535,144839539.0
2024-05-06 12:00:00+00:00,0.535,0.5703,0.5247,0.5524,288711544.0
2024-05-06 18:00:00+00:00,0.5524,0.5549,0.5388,0.5402,81319930.0
2024-05-07 00:00:00+00:00,0.5401,0.5443,0.533,0.5364,66720692.0
2024-05-07 06:00:00+00:00,0.5363,0.5437,0.5313,0.5346,127352661.0
2024-05-07 12:00:00+00:00,0.5346,0.5426,0.5343,0.542,82667019.0
2024-05-07 18:00:00+00:00,0.5419,0.5425,0.5217,0.5245,69451833.0
2024-05-08 00:00:00+00:00,0.5244,0.5271,0.5186,0.5214,89951558.0
2024-05-08 06:00:00+00:00,0.5214,0.5237,0.5175,0.5197,116203689.0
2024-05-08 12:00:00+00:00,0.5197,0.53,0.5177,0.5266,83297229.0
2024-05-08 18:00:00+00:00,0.5266,0.529,0.5153,0.5171,57380182.0
2024-05-09 00:00:00+00:00,0.517,0.5232,0.517,0.5222,45593480.0
2024-05-09 06:00:00+00:00,0.5223,0.5238,0.5093,0.5138,123190569.0
2024-05-09 12:00:00+00:00,0.5137,0.5188,0.5087,0.5167,91967900.0
2024-05-09 18:00:00+00:00,0.5166,0.5219,0.5163,0.5209,39060848.0
2024-05-10 00:00:00+00:00,0.5209,0.5209,0.5164,0.5169,44102597.0
2024-05-10 06:00:00+00:00,0.5169,0.5185,0.5126,0.5162,86986789.0
2024-05-10 12:00:00+00:00,0.5162,0.5172,0.497,0.5044,180371899.0
2024-05-10 18:00:00+00:00,0.5043,0.5066,0.4997,0.5022,44620077.0
2024-05-11 00:00:00+00:00,0.5022,0.5058,0.5017,0.5048,30883600.0
2024-05-11 06:00:00+00:00,0.5048,0.5062,0.5005,0.5022,28733235.0
2024-05-11 12:00:00+00:00,0.5023,0.5079,0.5018,0.5063,25508121.0
2024-05-11 18:00:00+00:00,0.5064,0.5074,0.5044,0.5059,14429490.0
2024-05-12 00:00:00+00:00,0.5059,0.5088,0.505,0.5071,13747958.0
2024-05-12 06:00:00+00:00,0.5071,0.5073,0.5031,0.5046,27351373.0
2024-05-12 12:00:00+00:00,0.5046,0.5063,0.5021,0.5034,26567671.0
2024-05-12 18:00:00+00:00,0.5033,0.5034,0.4957,0.4993,29328148.0
2024-05-13 00:00:00+00:00,0.4993,0.503,0.4866,0.4916,91500699.0
2024-05-13 06:00:00+00:00,0.4916,0.511,0.4912,0.5066,127871844.0
2024-05-13 12:00:00+00:00,0.5065,0.5121,0.5043,0.5071,58397040.0
2024-05-13 18:00:00+00:00,0.507,0.5084,0.5026,0.5053,30078270.0
2024-05-14 00:00:00+00:00,0.5052,0.5096,0.5033,0.5069,42154190.0
2024-05-14 06:00:00+00:00,0.5069,0.5095,0.4972,0.5067,119279474.0
2024-05-14 12:00:00+00:00,0.5066,0.5132,0.4977,0.504,107210822.0
2024-05-14 18:00:00+00:00,0.5039,0.5064,0.4988,0.5002,38102325.0
2024-05-15 00:00:00+00:00,0.5002,0.5027,0.4967,0.5006,45376480.0
2024-05-15 06:00:00+00:00,0.5007,0.5036,0.498,0.5008,100699501.0
2024-05-15 12:00:00+00:00,0.5007,0.5171,0.4987,0.5145,130277466.0
2024-05-15 18:00:00+00:00,0.5144,0.5196,0.5137,0.5188,47603462.0
2024-05-16 00:00:00+00:00,0.5188,0.5198,0.5153,0.5175,72733436.0
2024-05-16 06:00:00+00:00,0.5175,0.5228,0.5161,0.5188,103097233.0
2024-05-16 12:00:00+00:00,0.5189,0.5215,0.5123,0.5187,117011064.0
2024-05-16 18:00:00+00:00,0.5187,0.5197,0.513,0.5157,34719386.0
2024-05-17 00:00:00+00:00,0.5158,0.5179,0.5135,0.5162,52357305.0
2024-05-17 06:00:00+00:00,0.5161,0.523,0.5148,0.5204,115809135.0
2024-05-17 12:00:00+00:00,0.5204,0.5292,0.5197,0.5238,92892064.0
2024-05-17 18:00:00+00:00,0.5238,0.5247,0.5215,0.5234,25438256.0
2024-05-18 00:00:00+00:00,0.5235,0.5244,0.5216,0.523,19666408.0
2024-05-18 06:00:00+00:00,0.5231,0.5256,0.5218,0.5238,27183156.0
2024-05-18 12:00:00+00:00,0.5238,0.5246,0.5186,0.5217,31370293.0
2024-05-18 18:00:00+00:00,0.5217,0.5223,0.5201,0.5213,11956969.0
2024-05-19 00:00:00+00:00,0.5213,0.5236,0.5202,0.5221,19519152.0
2024-05-19 06:00:00+00:00,0.522,0.5221,0.5157,0.5177,27169198.0
2024-05-19 12:00:00+00:00,0.5177,0.5177,0.5094,0.5113,40663102.0
2024-05-19 18:00:00+00:00,0.5113,0.5116,0.5063,0.5096,25623126.0
2024-05-20 00:00:00+00:00,0.5096,0.5182,0.5064,0.5155,48512472.0
2024-05-20 06:00:00+00:00,0.5155,0.5155,0.5064,0.5124,100611813.0
2024-05-20 12:00:00+00:00,0.5123,0.5237,0.5104,0.5226,78331871.0
2024-05-20 18:00:00+00:00,0.5225,0.538,0.5213,0.5377,177424298.0
2024-05-21 00:00:00+00:00,0.5377,0.5431,0.533,0.5358,120028033.0
2024-05-21 06:00:00+00:00,0.5357,0.5467,0.5347,0.5427,150240368.0
2024-05-21 12:00:00+00:00,0.5427,0.5571,0.5408,0.5453,151678808.0
2024-05-21 18:00:00+00:00,0.5453,0.5458,0.5319,0.537,69449072.0
2024-05-22 00:00:00+00:00,0.537,0.5375,0.5286,0.5335,54430737.0
2024-05-22 06:00:00+00:00,0.5335,0.5383,0.5295,0.5328,106193313.0
2024-05-22 12:00:00+00:00,0.5327,0.5379,0.5263,0.5315,92937239.0
2024-05-22 18:00:00+00:00,0.5315,0.5322,0.5224,0.5268,49622298.0
2024-05-23 00:00:00+00:00,0.5268,0.5298,0.5254,0.5273,44958307.0
2024-05-23 06:00:00+00:00,0.5273,0.5308,0.5224,0.529,99273976.0
2024-05-23 12:00:00+00:00,0.529,0.5488,0.5113,0.5261,270642199.0
2024-05-23 18:00:00+00:00,0.5262,0.5305,0.5027,0.5289,170260114.0
2024-05-24 00:00:00+00:00,0.5288,0.5351,0.5235,0.5248,64270953.0
2024-05-24 06:00:00+00:00,0.5247,0.5318,0.5168,0.5279,119395449.0
2024-05-24 12:00:00+00:00,0.5279,0.5375,0.5268,0.5318,103241695.0
2024-05-24 18:00:00+00:00,0.5318,0.5364,0.531,0.536,36084423.0
2024-05-25 00:00:00+00:00,0.5359,0.5377,0.5333,0.536,29905196.0
2024-05-25 06:00:00+00:00,0.5361,0.5418,0.5341,0.5376,32767101.0
2024-05-25 12:00:00+00:00,0.5376,0.5425,0.5318,0.5382,45760923.0
2024-05-25 18:00:00+00:00,0.5383,0.5426,0.538,0.5416,23942984.0
2024-05-26 00:00:00+00:00,0.5416,0.542,0.5377,0.5384,20545576.0
2024-05-26 06:00:00+00:00,0.5384,0.54,0.5341,0.5363,26458989.0
2024-05-26 12:00:00+00:00,0.5363,0.5364,0.5294,0.5305,35354718.0
2024-05-26 18:00:00+00:00,0.5305,0.5316,0.5255,0.5283,26439983.0
2024-05-27 00:00:00+00:00,0.5283,0.5337,0.5261,0.528,38657844.0
2024-05-27 06:00:00+00:00,0.5281,0.5324,0.5236,0.528,91641663.0
2024-05-27 12:00:00+00:00,0.528,0.5409,0.5278,0.5377,75434066.0
2024-05-27 18:00:00+00:00,0.5377,0.5387,0.5286,0.534,39249144.0
2024-05-28 00:00:00+00:00,0.5339,0.5355,0.5211,0.5255,82959328.0
2024-05-28 06:00:00+00:00,0.5255,0.5332,0.5229,0.5305,92698070.0
2024-05-28 12:00:00+00:00,0.5304,0.5336,0.5252,0.5261,73565678.0
2024-05-28 18:00:00+00:00,0.5261,0.53,0.5224,0.5287,33246724.0
2024-05-29 00:00:00+00:00,0.5286,0.5312,0.5249,0.5302,53278214.0
2024-05-29 06:00:00+00:00,0.5302,0.5334,0.5215,0.5291,141927770.0
2024-05-29 12:00:00+00:00,0.5292,0.5322,0.5249,0.5269,80905801.0
2024-05-29 18:00:00+00:00,0.527,0.527,0.52,0.5238,40679294.0
2024-05-30 00:00:00+00:00,0.5238,0.5283,0.5228,0.5262,50751172.0
2024-05-30 06:00:00+00:00,0.5263,0.5266,0.5127,0.5204,177181878.0
2024-05-30 12:00:00+00:00,0.5203,0.5262,0.5195,0.5253,93890410.0
2024-05-30 18:00:00+00:00,0.5254,0.5261,0.5167,0.5186,39939342.0
2024-05-31 00:00:00+00:00,0.5185,0.5221,0.5167,0.519,44915045.0
2024-05-31 06:00:00+00:00,0.519,0.5234,0.5159,0.5214,115519570.0
2024-05-31 12:00:00+00:00,0.5214,0.5259,0.5119,0.5163,119264455.0
2024-05-31 18:00:00+00:00,0.5163,0.5199,0.5152,0.5176,24699674.0
2024-06-01 00:00:00+00:00,0.5176,0.5201,0.5174,0.5188,23044381.0
2024-06-01 06:00:00+00:00,0.5188,0.5213,0.5183,0.5201,24523877.0
2024-06-01 12:00:00+00:00,0.5201,0.5219,0.5184,0.5195,23280174.0
2024-06-01 18:00:00+00:00,0.5194,0.5206,0.518,0.5187,17446122.0
2024-06-02 00:00:00+00:00,0.5187,0.5197,0.5177,0.5181,18671969.0
2024-06-02 06:00:00+00:00,0.5181,0.5192,0.5128,0.5174,39990984.0
2024-06-02 12:00:00+00:00,0.5174,0.5209,0.5124,0.5125,35299352.0
2024-06-02 18:00:00+00:00,0.5124,0.515,0.508,0.5135,36939791.0
2024-06-03 00:00:00+00:00,0.5135,0.5192,0.5118,0.5175,45866086.0
2024-06-03 06:00:00+00:00,0.5174,0.5232,0.5169,0.5189,101451330.0
2024-06-03 12:00:00+00:00,0.5188,0.523,0.5165,0.5207,60269759.0
2024-06-03 18:00:00+00:00,0.5207,0.5226,0.5171,0.5199,30071931.0
2024-06-04 00:00:00+00:00,0.5199,0.5222,0.5182,0.5198,35183918.0
2024-06-04 06:00:00+00:00,0.5198,0.5257,0.5182,0.5227,105845094.0
2024-06-04 12:00:00+00:00,0.5226,0.5303,0.5222,0.5274,75431261.0
2024-06-04 18:00:00+00:00,0.5274,0.5283,0.5243,0.5257,36071360.0
2024-06-05 00:00:00+00:00,0.5257,0.5278,0.524,0.525,57438764.0
2024-06-05 06:00:00+00:00,0.525,0.5326,0.5244,0.5288,112593646.0
2024-06-05 12:00:00+00:00,0.5287,0.5304,0.5258,0.528,52780153.0
2024-06-05 18:00:00+00:00,0.528,0.5286,0.524,0.5258,25232710.0
2024-06-06 00:00:00+00:00,0.5259,0.5273,0.5238,0.5241,70182467.0
2024-06-06 06:00:00+00:00,0.5241,0.5275,0.5216,0.5262,97179834.0
2024-06-06 12:00:00+00:00,0.5262,0.5281,0.5241,0.5259,75878095.0
2024-06-06 18:00:00+00:00,0.5259,0.5265,0.5164,0.5215,46417103.0
2024-06-07 00:00:00+00:00,0.5214,0.5279,0.5198,0.5241,64815070.0
2024-06-07 06:00:00+00:00,0.5241,0.528,0.5224,0.5273,89904355.0
2024-06-07 12:00:00+00:00,0.5273,0.528,0.5128,0.5132,107966602.0
2024-06-07 18:00:00+00:00,0.513,0.514,0.4508,0.4991,286857361.0
2024-06-08 00:00:00+00:00,0.4991,0.5005,0.4969,0.4994,30066178.0
2024-06-08 06:00:00+00:00,0.4993,0.5008,0.4915,0.4935,30715732.0
2024-06-08 12:00:00+00:00,0.4934,0.4957,0.4897,0.4937,60337397.0
2024-06-08 18:00:00+00:00,0.4938,0.4953,0.4913,0.4926,31002105.0
2024-06-09 00:00:00+00:00,0.4927,0.4944,0.4909,0.4939,24445676.0
2024-06-09 06:00:00+00:00,0.4938,0.4951,0.4931,0.4945,19929120.0
2024-06-09 12:00:00+00:00,0.4944,0.4971,0.4935,0.496,29916120.0
2024-06-09 18:00:00+00:00,0.496,0.4992,0.4959,0.4986,16645166.0
2024-06-10 00:00:00+00:00,0.4987,0.5013,0.4965,0.4972,41456050.0
2024-06-10 06:00:00+00:00,0.4972,0.5,0.4933,0.497,97529217.0
2024-06-10 12:00:00+00:00,0.4969,0.506,0.4961,0.5002,72210130.0
2024-06-10 18:00:00+00:00,0.5001,0.5003,0.4946,0.4969,38563949.0
2024-06-11 00:00:00+00:00,0.4969,0.497,0.4815,0.4866,113347082.0
2024-06-11 06:00:00+00:00,0.4867,0.4882,0.4795,0.4842,128721226.0
2024-06-11 12:00:00+00:00,0.4842,0.4848,0.4707,0.4781,151923484.0
2024-06-11 18:00:00+00:00,0.4781,0.482,0.4774,0.4802,35418827.0
2024-06-12 00:00:00+00:00,0.4803,0.4832,0.4742,0.4804,55957631.0
2024-06-12 06:00:00+00:00,0.4805,0.4851,0.4779,0.4816,94666599.0
2024-06-12 12:00:00+00:00,0.4817,0.4982,0.4817,0.4958,116463180.0
2024-06-12 18:00:00+00:00,0.4957,0.4957,0.4817,0.4916,74018937.0
2024-06-13 00:00:00+00:00,0.4917,0.4917,0.4827,0.4873,57458292.0
2024-06-13 06:00:00+00:00,0.4872,0.4893,0.4832,0.4845,94288688.0
2024-06-13 12:00:00+00:00,0.4845,0.489,0.479,0.4842,100218943.0
2024-06-13 18:00:00+00:00,0.4842,0.4845,0.4756,0.4769,38232293.0
2024-06-14 00:00:00+00:00,0.4768,0.4814,0.4747,0.4806,70582448.0
2024-06-14 06:00:00+00:00,0.4806,0.4811,0.4764,0.4784,95605757.0
2024-06-14 12:00:00+00:00,0.4784,0.4808,0.4601,0.4687,166078067.0
2024-06-14 18:00:00+00:00,0.4687,0.4789,0.4639,0.4746,57052465.0
2024-06-15 00:00:00+00:00,0.4746,0.4784,0.474,0.4776,24052585.0
2024-06-15 06:00:00+00:00,0.4776,0.4807,0.4776,0.4802,25667261.0
2024-06-15 12:00:00+00:00,0.4802,0.4873,0.4792,0.4869,34609367.0
2024-06-15 18:00:00+00:00,0.4869,0.5053,0.4859,0.4908,92115349.0
2024-06-16 00:00:00+00:00,0.4908,0.4917,0.4878,0.4899,41672557.0
2024-06-16 06:00:00+00:00,0.49,0.4997,0.4881,0.4963,49997288.0
2024-06-16 12:00:00+00:00,0.4963,0.4966,0.4878,0.4883,43156511.0
2024-06-16 18:00:00+00:00,0.4884,0.4914,0.4878,0.4891,26736459.0
2024-06-17 00:00:00+00:00,0.4891,0.4946,0.4842,0.4916,66672036.0
2024-06-17 06:00:00+00:00,0.4917,0.5043,0.4838,0.4989,217240220.0
2024-06-17 12:00:00+00:00,0.4988,0.5213,0.4945,0.5149,230889162.0
2024-06-17 18:00:00+00:00,0.5148,0.5194,0.5034,0.5047,70143648.0
2024-06-18 00:00:00+00:00,0.5048,0.5081,0.469,0.4924,205046560.0
2024-06-18 06:00:00+00:00,0.4925,0.5096,0.4886,0.4959,189272750.0
2024-06-18 12:00:00+00:00,0.4959,0.497,0.4776,0.4807,129275722.0
2024-06-18 18:00:00+00:00,0.4807,0.4917,0.4763,0.491,59131984.0
2024-06-19 00:00:00+00:00,0.4909,0.4976,0.4892,0.4927,68278854.0
2024-06-19 06:00:00+00:00,0.4926,0.496,0.4868,0.4924,105445059.0
2024-06-19 12:00:00+00:00,0.4924,0.4979,0.4902,0.4975,44744861.0
2024-06-19 18:00:00+00:00,0.4975,0.4996,0.4914,0.4933,42143568.0
2024-06-20 00:00:00+00:00,0.4933,0.4981,0.4916,0.4954,65455458.0
2024-06-20 06:00:00+00:00,0.4954,0.5023,0.4933,0.501,133030252.0
2024-06-20 12:00:00+00:00,0.501,0.5017,0.4883,0.4927,101677611.0
2024-06-20 18:00:00+00:00,0.4928,0.4937,0.4887,0.4888,24810899.0
2024-06-21 00:00:00+00:00,0.4888,0.491,0.4866,0.4902,42943632.0
2024-06-21 06:00:00+00:00,0.4902,0.4959,0.4844,0.494,143371572.0
2024-06-21 12:00:00+00:00,0.494,0.4945,0.4797,0.4804,115511043.0
2024-06-21 18:00:00+00:00,0.4804,0.4928,0.4797,0.4889,34272162.0
2024-06-22 00:00:00+00:00,0.489,0.4897,0.4867,0.4876,21969026.0
2024-06-22 06:00:00+00:00,0.4876,0.4887,0.4841,0.4857,25006937.0
2024-06-22 12:00:00+00:00,0.4857,0.4879,0.485,0.4867,21237805.0
2024-06-22 18:00:00+00:00,0.4867,0.488,0.4865,0.4866,10954509.0
2024-06-23 00:00:00+00:00,0.4867,0.4892,0.4861,0.4878,15319138.0
2024-06-23 06:00:00+00:00,0.4879,0.4887,0.4844,0.4861,17616483.0
2024-06-23 12:00:00+00:00,0.4861,0.4862,0.4801,0.4819,26977008.0
2024-06-23 18:00:00+00:00,0.4818,0.483,0.4742,0.4797,35187151.0
2024-06-24 00:00:00+00:00,0.4798,0.4805,0.4679,0.4702,82754813.0
2024-06-24 06:00:00+00:00,0.4701,0.4786,0.4635,0.4757,147891435.0
2024-06-24 12:00:00+00:00,0.4757,0.4825,0.4704,0.4726,91229712.0
2024-06-24 18:00:00+00:00,0.4726,0.475,0.462,0.474,63247053.0
2024-06-25 00:00:00+00:00,0.4741,0.4794,0.4731,0.4766,38882917.0
2024-06-25 06:00:00+00:00,0.4766,0.4793,0.4731,0.4765,109466028.0
2024-06-25 12:00:00+00:00,0.4765,0.4802,0.4739,0.4763,56660222.0
2024-06-25 18:00:00+00:00,0.4762,0.4794,0.4743,0.4757,21036498.0
2024-06-26 00:00:00+00:00,0.4758,0.4783,0.4731,0.4735,49877225.0
2024-06-26 06:00:00+00:00,0.4735,0.478,0.4708,0.475,103648208.0
2024-06-26 12:00:00+00:00,0.4749,0.4761,0.4652,0.4688,66962713.0
2024-06-26 18:00:00+00:00,0.4688,0.4726,0.4677,0.4698,22921338.0
2024-06-27 00:00:00+00:00,0.4697,0.4706,0.4664,0.4665,39001832.0
2024-06-27 06:00:00+00:00,0.4665,0.4719,0.4657,0.4704,100277299.0
2024-06-27 12:00:00+00:00,0.4705,0.4771,0.4705,0.4739,82896405.0
2024-06-27 18:00:00+00:00,0.4739,0.476,0.4731,0.4753,21373884.0
2024-06-28 00:00:00+00:00,0.4753,0.4781,0.474,0.4771,45630474.0
2024-06-28 06:00:00+00:00,0.477,0.481,0.4747,0.4801,97838696.0
2024-06-28 12:00:00+00:00,0.48,0.4811,0.4703,0.471,89958902.0
2024-06-28 18:00:00+00:00,0.4711,0.4758,0.4692,0.4716,30758146.0
2024-06-29 00:00:00+00:00,0.4716,0.4752,0.4716,0.4744,15627541.0
2024-06-29 06:00:00+00:00,0.4745,0.4768,0.4739,0.4766,13802222.0
2024-06-29 12:00:00+00:00,0.4766,0.4767,0.4735,0.475,16516278.0
2024-06-29 18:00:00+00:00,0.4751,0.4751,0.472,0.4727,12013449.0
2024-06-30 00:00:00+00:00,0.4727,0.4739,0.4701,0.4715,18076330.0
2024-06-30 06:00:00+00:00,0.4715,0.4754,0.4714,0.4726,23692088.0
2024-06-30 12:00:00+00:00,0.4727,0.4744,0.472,0.4742,14981892.0
2024-06-30 18:00:00+00:00,0.4742,0.4784,0.4736,0.4761,26111790.0
2024-07-01 00:00:00+00:00,0.4761,0.4798,0.4755,0.4785,40536266.0
2024-07-01 06:00:00+00:00,0.4785,0.4849,0.4768,0.4793,90953938.0
2024-07-01 12:00:00+00:00,0.4794,0.4827,0.4774,0.4791,55790433.0
2024-07-01 18:00:00+00:00,0.4792,0.4793,0.4754,0.477,24563837.0
2024-07-02 00:00:00+00:00,0.4771,0.4808,0.476,0.4798,33178580.0
2024-07-02 06:00:00+00:00,0.4799,0.4889,0.4781,0.4864,109310084.0
2024-07-02 12:00:00+00:00,0.4863,0.4889,0.4809,0.4826,65350405.0
2024-07-02 18:00:00+00:00,0.4825,0.486,0.4823,0.4853,18354936.0
2024-07-03 00:00:00+00:00,0.4853,0.487,0.4771,0.4805,60956551.0
2024-07-03 06:00:00+00:00,0.4805,0.4875,0.4791,0.4823,120905096.0
2024-07-03 12:00:00+00:00,0.4823,0.4824,0.4657,0.4675,99814517.0
2024-07-03 18:00:00+00:00,0.4676,0.4695,0.4611,0.4672,35934149.0
2024-07-04 00:00:00+00:00,0.4672,0.4697,0.445,0.4591,106494414.0
2024-07-04 06:00:00+00:00,0.4592,0.4597,0.4481,0.4529,148312909.0
2024-07-04 12:00:00+00:00,0.4528,0.453,0.438,0.4438,116808044.0
2024-07-04 18:00:00+00:00,0.4438,0.4472,0.4313,0.4329,64805027.0
2024-07-05 00:00:00+00:00,0.433,0.4335,0.3823,0.4073,374577917.0
2024-07-05 06:00:00+00:00,0.4073,0.4184,0.3969,0.417,198346681.0
2024-07-05 12:00:00+00:00,0.417,0.4277,0.4118,0.4258,119959017.0
2024-07-05 18:00:00+00:00,0.4258,0.4273,0.422,0.4251,35172317.0
2024-07-06 00:00:00+00:00,0.4252,0.432,0.4235,0.428,48227544.0
2024-07-06 06:00:00+00:00,0.428,0.4362,0.4279,0.4357,37269834.0
2024-07-06 12:00:00+00:00,0.4357,0.4467,0.4335,0.4449,54453733.0
2024-07-06 18:00:00+00:00,0.4448,0.4497,0.4447,0.4488,28994752.0
2024-07-07 00:00:00+00:00,0.4489,0.4495,0.4388,0.4416,39599659.0
2024-07-07 06:00:00+00:00,0.4415,0.4429,0.433,0.4349,44501336.0
2024-07-07 12:00:00+00:00,0.435,0.4359,0.4217,0.4321,56971618.0
2024-07-07 18:00:00+00:00,0.4322,0.4334,0.4182,0.4195,34712616.0
2024-07-08 00:00:00+00:00,0.4196,0.421,0.4032,0.4207,141495967.0
2024-07-08 06:00:00+00:00,0.4206,0.4415,0.4182,0.4398,169898589.0
2024-07-08 12:00:00+00:00,0.4398,0.4438,0.4208,0.4275,179844133.0
2024-07-08 18:00:00+00:00,0.4275,0.4326,0.4271,0.4316,37504934.0
2024-07-09 00:00:00+00:00,0.4316,0.4349,0.427,0.4346,62946879.0
2024-07-09 06:00:00+00:00,0.4347,0.4398,0.4315,0.4342,125772363.0
2024-07-09 12:00:00+00:00,0.4343,0.436,0.4277,0.4332,72679445.0
2024-07-09 18:00:00+00:00,0.4331,0.4376,0.4326,0.4356,28113683.0
2024-07-10 00:00:00+00:00,0.4357,0.4413,0.4317,0.4382,79070138.0
2024-07-10 06:00:00+00:00,0.4383,0.4426,0.4366,0.4403,110337020.0
2024-07-10 12:00:00+00:00,0.4403,0.441,0.431,0.4345,81838391.0
2024-07-10 18:00:00+00:00,0.4345,0.4394,0.4344,0.4388,23394143.0
2024-07-11 00:00:00+00:00,0.4388,0.4434,0.4363,0.4426,59982008.0
2024-07-11 06:00:00+00:00,0.4426,0.4531,0.4422,0.4499,119893744.0
2024-07-11 12:00:00+00:00,0.45,0.4573,0.4386,0.4466,128093248.0
2024-07-11 18:00:00+00:00,0.4467,0.4503,0.4448,0.4491,39578669.0
2024-07-12 00:00:00+00:00,0.4491,0.4572,0.4445,0.4545,79460966.0
2024-07-12 06:00:00+00:00,0.4545,0.478,0.454,0.4714,234385697.0
2024-07-12 12:00:00+00:00,0.4714,0.4723,0.4589,0.467,107000774.0
2024-07-12 18:00:00+00:00,0.467,0.4776,0.4665,0.4745,52137412.0
2024-07-13 00:00:00+00:00,0.4745,0.512,0.4737,0.5065,166677555.0
2024-07-13 06:00:00+00:00,0.5065,0.5184,0.503,0.5098,156421392.0
2024-07-13 12:00:00+00:00,0.5098,0.5422,0.5097,0.5385,201420293.0
2024-07-13 18:00:00+00:00,0.5385,0.5661,0.5223,0.5257,219808114.0
2024-07-14 00:00:00+00:00,0.5257,0.5332,0.5136,0.5198,98650299.0
2024-07-14 06:00:00+00:00,0.5197,0.54,0.5185,0.5282,128036078.0
2024-07-14 12:00:00+00:00,0.5281,0.5325,0.5215,0.5301,60996995.0
2024-07-14 18:00:00+00:00,0.5302,0.5348,0.5194,0.5205,63281033.0
2024-07-15 00:00:00+00:00,0.5205,0.5312,0.5203,0.5277,86083432.0
2024-07-15 06:00:00+00:00,0.5277,0.5404,0.5267,0.5365,166761475.0
2024-07-15 12:00:00+00:00,0.5365,0.5367,0.5225,0.5315,109046406.0
2024-07-15 18:00:00+00:00,0.5315,0.5382,0.5292,0.5372,75485252.0
2024-07-16 00:00:00+00:00,0.5372,0.5706,0.5351,0.5434,220060829.0
2024-07-16 06:00:00+00:00,0.5434,0.5478,0.5309,0.5465,162932771.0
2024-07-16 12:00:00+00:00,0.5465,0.5945,0.5429,0.5851,347181108.0
2024-07-16 18:00:00+00:00,0.5851,0.587,0.5736,0.5793,94457878.0
2024-07-17 00:00:00+00:00,0.5792,0.6108,0.5783,0.6039,172971965.0
2024-07-17 06:00:00+00:00,0.604,0.6238,0.6007,0.6139,231313914.0
2024-07-17 12:00:00+00:00,0.6138,0.6346,0.596,0.6113,243377554.0
2024-07-17 18:00:00+00:00,0.6114,0.6378,0.6112,0.626,159141979.0
2024-07-18 00:00:00+00:00,0.626,0.6369,0.5811,0.5845,220912820.0
2024-07-18 06:00:00+00:00,0.5845,0.5912,0.5669,0.579,230162634.0
2024-07-18 12:00:00+00:00,0.579,0.5878,0.5575,0.5693,159271238.0
2024-07-18 18:00:00+00:00,0.5692,0.5729,0.5642,0.5697,50277173.0
2024-07-19 00:00:00+00:00,0.5697,0.5705,0.5405,0.5552,143294174.0
2024-07-19 06:00:00+00:00,0.5552,0.5588,0.54,0.5533,149260090.0
2024-07-19 12:00:00+00:00,0.5533,0.5867,0.5481,0.583,166490073.0
2024-07-19 18:00:00+00:00,0.5829,0.5845,0.5688,0.5733,80110712.0
2024-07-20 00:00:00+00:00,0.5733,0.594,0.5707,0.5885,92919068.0
2024-07-20 06:00:00+00:00,0.5885,0.6047,0.5857,0.5913,96117858.0
2024-07-20 12:00:00+00:00,0.5913,0.5987,0.5863,0.5922,72179292.0
2024-07-20 18:00:00+00:00,0.5921,0.5978,0.5894,0.5937,38881776.0
2024-07-21 00:00:00+00:00,0.5938,0.608,0.589,0.5966,66903359.0
2024-07-21 06:00:00+00:00,0.5966,0.5969,0.5806,0.5822,60967721.0
2024-07-21 12:00:00+00:00,0.5823,0.5918,0.5743,0.5843,75988497.0
2024-07-21 18:00:00+00:00,0.5843,0.6029,0.5721,0.5984,88129300.0
2024-07-22 00:00:00+00:00,0.5985,0.6002,0.5888,0.5917,60073622.0
2024-07-22 06:00:00+00:00,0.5916,0.6149,0.5855,0.6111,161635271.0
2024-07-22 12:00:00+00:00,0.6112,0.6192,0.6048,0.6147,124292190.0
2024-07-22 18:00:00+00:00,0.6147,0.6229,0.5985,0.608,66921985.0
2024-07-23 00:00:00+00:00,0.608,0.617,0.5945,0.6,78666862.0
2024-07-23 06:00:00+00:00,0.5999,0.6079,0.5925,0.5964,120331500.0
2024-07-23 12:00:00+00:00,0.5964,0.6032,0.5797,0.5888,105028782.0
2024-07-23 18:00:00+00:00,0.5888,0.6056,0.5886,0.5975,49729022.0
2024-07-24 00:00:00+00:00,0.5976,0.6057,0.5915,0.5999,66928525.0
2024-07-24 06:00:00+00:00,0.5999,0.6327,0.5983,0.6284,157850006.0
2024-07-24 12:00:00+00:00,0.6285,0.6325,0.6188,0.6212,122064349.0
2024-07-24 18:00:00+00:00,0.6211,0.6282,0.606,0.6179,73774763.0
2024-07-25 00:00:00+00:00,0.6179,0.6221,0.5942,0.6009,116957397.0
2024-07-25 06:00:00+00:00,0.6008,0.6152,0.5995,0.6108,119740726.0
2024-07-25 12:00:00+00:00,0.6108,0.629,0.601,0.6154,148711553.0
2024-07-25 18:00:00+00:00,0.6154,0.6173,0.5844,0.5996,99777330.0
2024-07-26 00:00:00+00:00,0.5996,0.6093,0.597,0.6067,63131339.0
2024-07-26 06:00:00+00:00,0.6067,0.6087,0.5964,0.6017,72330303.0
2024-07-26 12:00:00+00:00,0.6017,0.6024,0.586,0.5957,90660004.0
2024-07-26 18:00:00+00:00,0.5957,0.6055,0.5949,0.6034,42607671.0
2024-07-27 00:00:00+00:00,0.6033,0.6034,0.5946,0.5974,30176466.0
2024-07-27 06:00:00+00:00,0.5974,0.6041,0.5968,0.6005,28181841.0
2024-07-27 12:00:00+00:00,0.6004,0.6091,0.5941,0.5952,48703305.0
2024-07-27 18:00:00+00:00,0.5951,0.6016,0.5833,0.5956,65914169.0
2024-07-28 00:00:00+00:00,0.5956,0.6047,0.591,0.6029,32314171.0
2024-07-28 06:00:00+00:00,0.6028,0.6161,0.5996,0.6029,87156929.0
2024-07-28 12:00:00+00:00,0.6029,0.6049,0.5966,0.6034,36548668.0
2024-07-28 18:00:00+00:00,0.6035,0.6056,0.5978,0.6012,26153566.0
2024-07-29 00:00:00+00:00,0.6012,0.6093,0.6002,0.609,42124649.0
2024-07-29 06:00:00+00:00,0.6089,0.6124,0.6033,0.6082,86124111.0
2024-07-29 12:00:00+00:00,0.6081,0.6109,0.5921,0.6036,75642096.0
2024-07-29 18:00:00+00:00,0.6036,0.6096,0.5996,0.6019,31354320.0
2024-07-30 00:00:00+00:00,0.6019,0.6047,0.5953,0.5972,31314713.0
2024-07-30 06:00:00+00:00,0.5972,0.6379,0.5969,0.6294,194496583.0
2024-07-30 12:00:00+00:00,0.6295,0.636,0.6115,0.6287,145041243.0
2024-07-30 18:00:00+00:00,0.6286,0.6363,0.6191,0.6277,60556851.0
2024-07-31 00:00:00+00:00,0.6278,0.6586,0.6256,0.6424,164554651.0
2024-07-31 06:00:00+00:00,0.6424,0.6552,0.6389,0.6495,110923452.0
2024-07-31 12:00:00+00:00,0.6495,0.6572,0.6307,0.6387,120758284.0
2024-07-31 18:00:00+00:00,0.6387,0.6463,0.6217,0.623,76947719.0
2024-08-01 00:00:00+00:00,0.623,0.6303,0.5965,0.6073,121159905.0
2024-08-01 06:00:00+00:00,0.6072,0.6118,0.6015,0.6101,91537872.0
2024-08-01 12:00:00+00:00,0.6101,0.614,0.5756,0.5814,135174488.0
2024-08-01 18:00:00+00:00,0.5813,0.6,0.568,0.5964,75393882.0
2024-08-02 00:00:00+00:00,0.5965,0.597,0.5722,0.5737,68634856.0
2024-08-02 06:00:00+00:00,0.5737,0.5789,0.5573,0.5741,134839893.0
2024-08-02 12:00:00+00:00,0.5741,0.581,0.5464,0.5613,145222275.0
2024-08-02 18:00:00+00:00,0.5613,0.5729,0.5584,0.5607,62270874.0
2024-08-03 00:00:00+00:00,0.5606,0.5738,0.5432,0.5736,79847237.0
2024-08-03 06:00:00+00:00,0.5736,0.5777,0.5646,0.5705,49317548.0
2024-08-03 12:00:00+00:00,0.5705,0.5736,0.5497,0.5513,88628330.0
2024-08-03 18:00:00+00:00,0.5513,0.5586,0.5406,0.5558,47689980.0
2024-08-04 00:00:00+00:00,0.5558,0.559,0.5504,0.5563,22660897.0
2024-08-04 06:00:00+00:00,0.5563,0.5573,0.5422,0.5439,30463735.0
2024-08-04 12:00:00+00:00,0.544,0.5497,0.5136,0.5245,119749773.0
2024-08-04 18:00:00+00:00,0.5245,0.5402,0.5193,0.5228,67233682.0
2024-08-05 00:00:00+00:00,0.5229,0.5257,0.452,0.4683,407291090.0
2024-08-05 06:00:00+00:00,0.4683,0.4753,0.435,0.4519,429252809.0
2024-08-05 12:00:00+00:00,0.4519,0.4986,0.4319,0.4911,328297095.0
2024-08-05 18:00:00+00:00,0.4911,0.4999,0.4727,0.4889,85613538.0
2024-08-06 00:00:00+00:00,0.4889,0.5162,0.4877,0.5146,103485520.0
2024-08-06 06:00:00+00:00,0.5146,0.5188,0.4972,0.5035,138598805.0
2024-08-06 12:00:00+00:00,0.5036,0.5179,0.4943,0.5115,116271256.0
2024-08-06 18:00:00+00:00,0.5115,0.5172,0.5034,0.5062,51982250.0
2024-08-07 00:00:00+00:00,0.5062,0.519,0.5,0.5114,88595624.0
2024-08-07 06:00:00+00:00,0.5114,0.5195,0.5095,0.514,94573003.0
2024-08-07 12:00:00+00:00,0.5141,0.5174,0.4922,0.5026,99169014.0
2024-08-07 18:00:00+00:00,0.5026,0.6434,0.4988,0.6002,718464685.0
2024-08-08 00:00:00+00:00,0.6003,0.6239,0.5785,0.6049,231203592.0
2024-08-08 06:00:00+00:00,0.6049,0.6231,0.5965,0.6152,173968900.0
2024-08-08 12:00:00+00:00,0.6153,0.6277,0.6005,0.6219,163783620.0
2024-08-08 18:00:00+00:00,0.6219,0.6424,0.6039,0.6166,161526115.0
2024-08-09 00:00:00+00:00,0.6166,0.6245,0.5976,0.6073,110245532.0
2024-08-09 06:00:00+00:00,0.6072,0.6082,0.5826,0.5867,148891045.0
2024-08-09 12:00:00+00:00,0.5867,0.5888,0.5656,0.5764,150362811.0
2024-08-09 18:00:00+00:00,0.5763,0.583,0.5729,0.5805,47433057.0
2024-08-10 00:00:00+00:00,0.5805,0.5944,0.5779,0.5845,55904397.0
2024-08-10 06:00:00+00:00,0.5845,0.5908,0.5836,0.5895,31581230.0
2024-08-10 12:00:00+00:00,0.5895,0.6022,0.5891,0.5958,75244071.0
2024-08-10 18:00:00+00:00,0.5959,0.5965,0.5813,0.5841,51015931.0
2024-08-11 00:00:00+00:00,0.5841,0.5935,0.5828,0.5903,33281140.0
2024-08-11 06:00:00+00:00,0.5902,0.5933,0.5734,0.5758,56302196.0
2024-08-11 12:00:00+00:00,0.5758,0.5765,0.5628,0.5702,61195127.0
2024-08-11 18:00:00+00:00,0.5701,0.571,0.5452,0.5528,100319349.0
2024-08-12 00:00:00+00:00,0.5528,0.5663,0.5501,0.5635,75912023.0
2024-08-12 06:00:00+00:00,0.5634,0.5795,0.557,0.5761,119124592.0
2024-08-12 12:00:00+00:00,0.576,0.5789,0.5551,0.5698,113773219.0
2024-08-12 18:00:00+00:00,0.5698,0.5723,0.5599,0.5684,46443330.0
2024-08-13 00:00:00+00:00,0.5683,0.5725,0.5626,0.5658,41361243.0
2024-08-13 06:00:00+00:00,0.5657,0.5792,0.5639,0.5753,79617136.0
2024-08-13 12:00:00+00:00,0.5753,0.5834,0.5666,0.5828,88540839.0
2024-08-13 18:00:00+00:00,0.5828,0.5832,0.5728,0.577,42861031.0
2024-08-14 00:00:00+00:00,0.577,0.5812,0.5711,0.5775,58960240.0
2024-08-14 06:00:00+00:00,0.5775,0.5828,0.5742,0.5792,72208671.0
2024-08-14 12:00:00+00:00,0.5792,0.5825,0.5641,0.5718,94660235.0
2024-08-14 18:00:00+00:00,0.5717,0.5725,0.5652,0.5687,27703012.0
2024-08-15 00:00:00+00:00,0.5687,0.5742,0.5656,0.5659,45356163.0
2024-08-15 06:00:00+00:00,0.566,0.5701,0.5624,0.5696,75332719.0
2024-08-15 12:00:00+00:00,0.5697,0.5732,0.5648,0.5654,59985865.0
2024-08-15 18:00:00+00:00,0.5653,0.5653,0.5504,0.5607,86423823.0
2024-08-16 00:00:00+00:00,0.5608,0.5688,0.558,0.5663,47831960.0
2024-08-16 06:00:00+00:00,0.5663,0.5723,0.5646,0.5662,59340756.0
2024-08-16 12:00:00+00:00,0.5661,0.568,0.5535,0.5648,98654298.0
2024-08-16 18:00:00+00:00,0.5648,0.5687,0.5627,0.5638,28801396.0
2024-08-17 00:00:00+00:00,0.5637,0.5659,0.5611,0.5652,15067113.0
2024-08-17 06:00:00+00:00,0.5652,0.5661,0.5625,0.5649,16334877.0
2024-08-17 12:00:00+00:00,0.5649,0.571,0.5644,0.5679,24040006.0
2024-08-17 18:00:00+00:00,0.568,0.5689,0.5645,0.5665,12615523.0
2024-08-18 00:00:00+00:00,0.5664,0.5696,0.5642,0.5654,15431148.0
2024-08-18 06:00:00+00:00,0.5653,0.5705,0.5646,0.5679,26388666.0
2024-08-18 12:00:00+00:00,0.568,0.5845,0.5675,0.5697,54083235.0
2024-08-18 18:00:00+00:00,0.5697,0.5741,0.5625,0.5631,24001313.0
2024-08-19 00:00:00+00:00,0.5631,0.568,0.5608,0.5671,42775523.0
2024-08-19 06:00:00+00:00,0.5671,0.5899,0.5655,0.5853,147554362.0
2024-08-19 12:00:00+00:00,0.5852,0.6048,0.5748,0.5984,117373372.0
2024-08-19 18:00:00+00:00,0.5984,0.6091,0.5941,0.5985,79366245.0
2024-08-20 00:00:00+00:00,0.5984,0.6111,0.5968,0.6089,60120245.0
2024-08-20 06:00:00+00:00,0.6088,0.615,0.6065,0.6088,84507354.0
2024-08-20 12:00:00+00:00,0.6088,0.6094,0.5875,0.5974,95621731.0
2024-08-20 18:00:00+00:00,0.5974,0.6031,0.592,0.5937,36633253.0
2024-08-21 00:00:00+00:00,0.5937,0.6022,0.5923,0.596,52502582.0
2024-08-21 06:00:00+00:00,0.5959,0.5999,0.5935,0.5964,62020517.0
2024-08-21 12:00:00+00:00,0.5964,0.6022,0.584,0.5996,107451736.0
2024-08-21 18:00:00+00:00,0.5995,0.6056,0.5976,0.5999,52300738.0
2024-08-22 00:00:00+00:00,0.6,0.6024,0.5923,0.6021,43822998.0
2024-08-22 06:00:00+00:00,0.6021,0.6049,0.5983,0.6027,64175108.0
2024-08-22 12:00:00+00:00,0.6027,0.6027,0.5944,0.5989,71476407.0
2024-08-22 18:00:00+00:00,0.5989,0.6002,0.593,0.5976,28084906.0
2024-08-23 00:00:00+00:00,0.5977,0.6061,0.5955,0.5999,52085371.0
2024-08-23 06:00:00+00:00,0.5999,0.6021,0.5971,0.5972,67255584.0
2024-08-23 12:00:00+00:00,0.5971,0.6066,0.5909,0.6064,110936790.0
2024-08-23 18:00:00+00:00,0.6063,0.616,0.605,0.6109,66801264.0
2024-08-24 00:00:00+00:00,0.6109,0.6109,0.6043,0.6089,28958334.0
2024-08-24 06:00:00+00:00,0.6089,0.6146,0.6075,0.6102,37789344.0
2024-08-24 12:00:00+00:00,0.6102,0.631,0.61,0.6203,120728890.0
2024-08-24 18:00:00+00:00,0.6202,0.6245,0.6049,0.6127,54958749.0
2024-08-25 00:00:00+00:00,0.6126,0.614,0.6043,0.6081,45528193.0
2024-08-25 06:00:00+00:00,0.608,0.6083,0.595,0.6012,64040964.0
2024-08-25 12:00:00+00:00,0.6012,0.6061,0.5995,0.6013,27975571.0
2024-08-25 18:00:00+00:00,0.6013,0.6047,0.599,0.6,26118321.0
2024-08-26 00:00:00+00:00,0.6,0.6021,0.5915,0.5975,42144376.0
2024-08-26 06:00:00+00:00,0.5975,0.6008,0.5919,0.5958,60554396.0
2024-08-26 12:00:00+00:00,0.5958,0.5963,0.5782,0.5809,92366342.0
2024-08-26 18:00:00+00:00,0.5809,0.5899,0.579,0.5874,41809526.0
2024-08-27 00:00:00+00:00,0.5873,0.5957,0.5867,0.5935,30411790.0
2024-08-27 06:00:00+00:00,0.5935,0.5936,0.5838,0.5874,76747233.0
2024-08-27 12:00:00+00:00,0.5873,0.6003,0.5852,0.5959,88123488.0
2024-08-27 18:00:00+00:00,0.5959,0.5987,0.5528,0.5666,136362002.0
2024-08-28 00:00:00+00:00,0.5667,0.5751,0.5601,0.5701,76634220.0
2024-08-28 06:00:00+00:00,0.5701,0.5837,0.565,0.5807,109106134.0
2024-08-28 12:00:00+00:00,0.5807,0.5845,0.5558,0.5679,93495850.0
2024-08-28 18:00:00+00:00,0.568,0.5779,0.5656,0.5693,33758443.0
2024-08-29 00:00:00+00:00,0.5692,0.5739,0.5679,0.5736,36071176.0
2024-08-29 06:00:00+00:00,0.5736,0.577,0.5712,0.5745,65087202.0
2024-08-29 12:00:00+00:00,0.5745,0.577,0.5704,0.5728,63999249.0
2024-08-29 18:00:00+00:00,0.5728,0.573,0.5573,0.5619,43883023.0
2024-08-30 00:00:00+00:00,0.5618,0.5652,0.5586,0.5591,41904516.0
2024-08-30 06:00:00+00:00,0.5591,0.5661,0.5574,0.5638,69864451.0
2024-08-30 12:00:00+00:00,0.5637,0.5678,0.5462,0.5559,117288134.0
2024-08-30 18:00:00+00:00,0.5559,0.5677,0.5559,0.5667,29783487.0
2024-08-31 00:00:00+00:00,0.5667,0.5687,0.5645,0.5671,15835366.0
2024-08-31 06:00:00+00:00,0.567,0.5721,0.5625,0.5692,21386723.0
2024-08-31 12:00:00+00:00,0.5693,0.57,0.5624,0.5649,19165742.0
2024-08-31 18:00:00+00:00,0.5649,0.5686,0.5644,0.5662,10767371.0
2024-09-01 00:00:00+00:00,0.5662,0.5667,0.553,0.5545,21489309.0
2024-09-01 06:00:00+00:00,0.5545,0.5603,0.5541,0.558,18413718.0
2024-09-01 12:00:00+00:00,0.5581,0.5589,0.5515,0.5551,29851711.0
2024-09-01 18:00:00+00:00,0.5551,0.5619,0.5434,0.5472,51436700.0
2024-09-02 00:00:00+00:00,0.5471,0.5511,0.5447,0.5498,41587599.0
2024-09-02 06:00:00+00:00,0.5498,0.5576,0.5443,0.555,61691171.0
2024-09-02 12:00:00+00:00,0.5549,0.5609,0.5509,0.5608,37968356.0
2024-09-02 18:00:00+00:00,0.5608,0.5688,0.5596,0.5677,33502907.0
2024-09-03 00:00:00+00:00,0.5677,0.5724,0.5649,0.5675,33638659.0
2024-09-03 06:00:00+00:00,0.5674,0.5724,0.5656,0.5701,52415660.0
2024-09-03 12:00:00+00:00,0.57,0.5723,0.5571,0.5617,65764874.0
2024-09-03 18:00:00+00:00,0.5617,0.5677,0.5565,0.5572,27962290.0
2024-09-04 00:00:00+00:00,0.5572,0.5604,0.5326,0.55,105707148.0
2024-09-04 06:00:00+00:00,0.55,0.557,0.549,0.5505,66902519.0
2024-09-04 12:00:00+00:00,0.5505,0.5648,0.5472,0.559,74292236.0
2024-09-04 18:00:00+00:00,0.559,0.5612,0.5558,0.5579,25675164.0
2024-09-05 00:00:00+00:00,0.5579,0.5598,0.5517,0.553,36065036.0
2024-09-05 06:00:00+00:00,0.553,0.5547,0.5485,0.5502,68543297.0
2024-09-05 12:00:00+00:00,0.5503,0.5555,0.5399,0.5467,75797144.0
2024-09-05 18:00:00+00:00,0.5467,0.5476,0.54,0.5444,33410733.0
2024-09-06 00:00:00+00:00,0.5445,0.5473,0.5405,0.5453,37649236.0
2024-09-06 06:00:00+00:00,0.5453,0.5456,0.5323,0.5385,108181932.0
2024-09-06 12:00:00+00:00,0.5385,0.5453,0.5152,0.5215,139500878.0
2024-09-06 18:00:00+00:00,0.5214,0.522,0.5026,0.5211,96703366.0
2024-09-07 00:00:00+00:00,0.5211,0.5276,0.5197,0.5275,20803484.0
2024-09-07 06:00:00+00:00,0.5276,0.5307,0.5263,0.5273,21243314.0
2024-09-07 12:00:00+00:00,0.5274,0.5329,0.5259,0.5275,20164878.0
2024-09-07 18:00:00+00:00,0.5274,0.5311,0.5228,0.5248,20712966.0
2024-09-08 00:00:00+00:00,0.5249,0.5303,0.5239,0.5283,13480534.0
2024-09-08 06:00:00+00:00,0.5284,0.5316,0.5276,0.5288,13959303.0
2024-09-08 12:00:00+00:00,0.5288,0.5292,0.5208,0.5264,20693653.0
2024-09-08 18:00:00+00:00,0.5264,0.5314,0.524,0.5295,19775969.0
2024-09-09 00:00:00+00:00,0.5295,0.5311,0.527,0.5277,28029942.0
2024-09-09 06:00:00+00:00,0.5277,0.5342,0.5269,0.5312,52440680.0
2024-09-09 12:00:00+00:00,0.5311,0.5379,0.5278,0.5353,53392035.0
2024-09-09 18:00:00+00:00,0.5353,0.5431,0.5336,0.5395,34496295.0
2024-09-10 00:00:00+00:00,0.5395,0.5396,0.5337,0.5383,20324950.0
2024-09-10 06:00:00+00:00,0.5382,0.5417,0.5357,0.5386,50076396.0
2024-09-10 12:00:00+00:00,0.5385,0.5405,0.5354,0.5376,41895901.0
2024-09-10 18:00:00+00:00,0.5375,0.5428,0.5371,0.5408,23396003.0
2024-09-11 00:00:00+00:00,0.5407,0.5413,0.5305,0.5308,50712536.0
2024-09-11 06:00:00+00:00,0.5308,0.5349,0.5305,0.534,47118009.0
2024-09-11 12:00:00+00:00,0.5339,0.5372,0.5231,0.5354,69989466.0
2024-09-11 18:00:00+00:00,0.5353,0.5383,0.5345,0.5348,19734588.0
2024-09-12 00:00:00+00:00,0.5347,0.5398,0.5334,0.5374,38472335.0
2024-09-12 06:00:00+00:00,0.5374,0.5421,0.5351,0.5373,63916484.0
2024-09-12 12:00:00+00:00,0.5372,0.5884,0.5356,0.5622,242441697.0
2024-09-12 18:00:00+00:00,0.5622,0.5668,0.5595,0.5626,35996837.0
2024-09-13 00:00:00+00:00,0.5625,0.5736,0.5556,0.5688,68445162.0
2024-09-13 06:00:00+00:00,0.5688,0.5723,0.5597,0.5628,73380120.0
2024-09-13 12:00:00+00:00,0.5627,0.5726,0.5623,0.5674,83608449.0
2024-09-13 18:00:00+00:00,0.5674,0.5745,0.5663,0.5728,44717828.0
2024-09-14 00:00:00+00:00,0.5727,0.5804,0.5704,0.5772,37322528.0
2024-09-14 06:00:00+00:00,0.5771,0.5925,0.5741,0.5871,78398930.0
2024-09-14 12:00:00+00:00,0.587,0.5922,0.5829,0.5905,51568834.0
2024-09-14 18:00:00+00:00,0.5904,0.5992,0.5871,0.5956,64210253.0
2024-09-15 00:00:00+00:00,0.5956,0.5958,0.5854,0.5875,31266557.0
2024-09-15 06:00:00+00:00,0.5876,0.5906,0.5809,0.5835,29437551.0
2024-09-15 12:00:00+00:00,0.5834,0.5897,0.5818,0.5866,26473061.0
2024-09-15 18:00:00+00:00,0.5866,0.5877,0.5686,0.5706,39259927.0
2024-09-16 00:00:00+00:00,0.5706,0.5752,0.5598,0.5728,54809666.0
2024-09-16 06:00:00+00:00,0.5727,0.5747,0.5679,0.5708,59311773.0
2024-09-16 12:00:00+00:00,0.5708,0.5811,0.5646,0.5809,71390247.0
2024-09-16 18:00:00+00:00,0.5808,0.5916,0.5763,0.5866,62319241.0
2024-09-17 00:00:00+00:00,0.5865,0.5906,0.5789,0.588,44334467.0
2024-09-17 06:00:00+00:00,0.588,0.5886,0.5834,0.5845,41229899.0
2024-09-17 12:00:00+00:00,0.5845,0.5934,0.5803,0.5886,57974372.0
2024-09-17 18:00:00+00:00,0.5885,0.5908,0.5833,0.5839,29505727.0
2024-09-18 00:00:00+00:00,0.5838,0.5838,0.5757,0.5798,36962588.0
2024-09-18 06:00:00+00:00,0.5798,0.5798,0.5696,0.5729,50532890.0
2024-09-18 12:00:00+00:00,0.573,0.5731,0.562,0.5709,52478316.0
2024-09-18 18:00:00+00:00,0.5708,0.5858,0.5697,0.5852,64844846.0
2024-09-19 00:00:00+00:00,0.5852,0.5899,0.581,0.5856,51986300.0
2024-09-19 06:00:00+00:00,0.5855,0.5873,0.5813,0.5857,61013372.0
2024-09-19 12:00:00+00:00,0.5857,0.5945,0.5834,0.5924,77004924.0
2024-09-19 18:00:00+00:00,0.5925,0.5936,0.585,0.5868,32332331.0
2024-09-20 00:00:00+00:00,0.5868,0.593,0.577,0.5904,57512176.0
2024-09-20 06:00:00+00:00,0.5904,0.5916,0.5837,0.5849,68208886.0
2024-09-20 12:00:00+00:00,0.5849,0.5878,0.5763,0.5787,62051778.0
2024-09-20 18:00:00+00:00,0.5786,0.5882,0.5772,0.5851,29635917.0
2024-09-21 00:00:00+00:00,0.5851,0.5851,0.58,0.5816,15732585.0
2024-09-21 06:00:00+00:00,0.5817,0.5855,0.5812,0.5844,15236193.0
2024-09-21 12:00:00+00:00,0.5845,0.6128,0.5831,0.6033,77053661.0
2024-09-21 18:00:00+00:00,0.6033,0.6044,0.5947,0.5976,36942362.0
2024-09-22 00:00:00+00:00,0.5977,0.6053,0.5952,0.5965,39766627.0
2024-09-22 06:00:00+00:00,0.5966,0.5985,0.5905,0.5928,22625260.0
2024-09-22 12:00:00+00:00,0.5929,0.5937,0.5842,0.5915,26978112.0
2024-09-22 18:00:00+00:00,0.5916,0.5921,0.5778,0.5871,31003197.0
2024-09-23 00:00:00+00:00,0.5871,0.596,0.5787,0.5918,43585685.0
2024-09-23 06:00:00+00:00,0.5917,0.5937,0.5837,0.5867,51366849.0
2024-09-23 12:00:00+00:00,0.5866,0.5903,0.584,0.5859,45093633.0
2024-09-23 18:00:00+00:00,0.5859,0.5888,0.583,0.5847,20992539.0
2024-09-24 00:00:00+00:00,0.5848,0.5872,0.5814,0.586,25300491.0
2024-09-24 06:00:00+00:00,0.5861,0.5909,0.5841,0.588,55938151.0
2024-09-24 12:00:00+00:00,0.588,0.591,0.5814,0.5876,59722260.0
2024-09-24 18:00:00+00:00,0.5875,0.5927,0.5865,0.5911,28272501.0
2024-09-25 00:00:00+00:00,0.5912,0.5957,0.5877,0.5886,51695300.0
2024-09-25 06:00:00+00:00,0.5885,0.5908,0.5851,0.5905,57904762.0
2024-09-25 12:00:00+00:00,0.5905,0.5922,0.5829,0.5843,50745973.0
2024-09-25 18:00:00+00:00,0.5843,0.5875,0.5824,0.5831,19585966.0
2024-09-26 00:00:00+00:00,0.5831,0.5852,0.5739,0.5844,55560915.0
2024-09-26 06:00:00+00:00,0.5844,0.5912,0.5837,0.5897,71292466.0
2024-09-26 12:00:00+00:00,0.5898,0.5964,0.5878,0.5912,69095721.0
2024-09-26 18:00:00+00:00,0.5913,0.5948,0.587,0.5905,30532199.0
2024-09-27 00:00:00+00:00,0.5905,0.5918,0.5824,0.5918,56939395.0
2024-09-27 06:00:00+00:00,0.5917,0.5927,0.5856,0.5871,55809306.0
2024-09-27 12:00:00+00:00,0.5871,0.5972,0.5859,0.5878,81595784.0
2024-09-27 18:00:00+00:00,0.5878,0.5897,0.584,0.5888,28475012.0
2024-09-28 00:00:00+00:00,0.5889,0.593,0.587,0.5877,22857755.0
2024-09-28 06:00:00+00:00,0.5877,0.6235,0.5856,0.6169,241447972.0
2024-09-28 12:00:00+00:00,0.617,0.6259,0.6113,0.624,122841199.0
2024-09-28 18:00:00+00:00,0.624,0.6257,0.6122,0.6138,55373439.0
2024-09-29 00:00:00+00:00,0.6139,0.621,0.6076,0.6201,44533653.0
2024-09-29 06:00:00+00:00,0.6201,0.6327,0.6166,0.6243,101212082.0
2024-09-29 12:00:00+00:00,0.6242,0.6649,0.6211,0.6532,221529106.0
2024-09-29 18:00:00+00:00,0.6533,0.6559,0.6367,0.6412,75074755.0
2024-09-30 00:00:00+00:00,0.6412,0.654,0.635,0.6507,127836232.0
2024-09-30 06:00:00+00:00,0.6507,0.6548,0.6252,0.6299,125271051.0
2024-09-30 12:00:00+00:00,0.6298,0.6369,0.6168,0.6207,94592294.0
2024-09-30 18:00:00+00:00,0.6207,0.625,0.6088,0.6114,48954799.0
2024-10-01 00:00:00+00:00,0.6114,0.6252,0.6102,0.6216,48229592.0
2024-10-01 06:00:00+00:00,0.6216,0.6342,0.6195,0.6287,71863569.0
2024-10-01 12:00:00+00:00,0.6287,0.6303,0.5778,0.597,258507296.0
2024-10-01 18:00:00+00:00,0.597,0.6274,0.5883,0.5967,200909690.0
2024-10-02 00:00:00+00:00,0.5968,0.6069,0.5941,0.5987,68430094.0
2024-10-02 06:00:00+00:00,0.5987,0.6043,0.5791,0.5858,127160409.0
2024-10-02 12:00:00+00:00,0.5857,0.5928,0.5762,0.5821,135533997.0
2024-10-02 18:00:00+00:00,0.582,0.5821,0.5267,0.5383,302950170.0
2024-10-03 00:00:00+00:00,0.5383,0.5445,0.5232,0.5344,151748545.0
2024-10-03 06:00:00+00:00,0.5344,0.5356,0.5068,0.5173,200754244.0
2024-10-03 12:00:00+00:00,0.5172,0.528,0.5117,0.5209,152580068.0
2024-10-03 18:00:00+00:00,0.5209,0.53,0.5201,0.5217,57796716.0
2024-10-04 00:00:00+00:00,0.5218,0.53,0.51,0.5282,77153849.0
2024-10-04 06:00:00+00:00,0.5281,0.5281,0.5199,0.5251,80145330.0
2024-10-04 12:00:00+00:00,0.525,0.5331,0.5155,0.5315,132836079.0
2024-10-04 18:00:00+00:00,0.5315,0.539,0.5303,0.534,51705355.0
2024-10-05 00:00:00+00:00,0.534,0.5352,0.5266,0.5324,28911641.0
2024-10-05 06:00:00+00:00,0.5323,0.5352,0.5307,0.5314,24964587.0
2024-10-05 12:00:00+00:00,0.5314,0.5329,0.526,0.5283,28978697.0
2024-10-05 18:00:00+00:00,0.5283,0.5352,0.5268,0.5294,24154240.0
2024-10-06 00:00:00+00:00,0.5294,0.533,0.5279,0.5306,13622222.0
2024-10-06 06:00:00+00:00,0.5306,0.5325,0.5284,0.5307,17324985.0
2024-10-06 12:00:00+00:00,0.5308,0.5372,0.5301,0.5326,38276569.0
2024-10-06 18:00:00+00:00,0.5326,0.5351,0.5295,0.5336,21091045.0
2024-10-07 00:00:00+00:00,0.5336,0.5445,0.5323,0.5402,53415464.0
2024-10-07 06:00:00+00:00,0.5401,0.5426,0.5307,0.5374,62523177.0
2024-10-07 12:00:00+00:00,0.5374,0.5459,0.5357,0.5436,85556442.0
2024-10-07 18:00:00+00:00,0.5436,0.5436,0.5286,0.5286,44988812.0
2024-10-08 00:00:00+00:00,0.5287,0.5345,0.5286,0.5307,31077494.0
2024-10-08 06:00:00+00:00,0.5308,0.5317,0.5247,0.5312,57105199.0
2024-10-08 12:00:00+00:00,0.5312,0.5323,0.5209,0.5296,48064406.0
2024-10-08 18:00:00+00:00,0.5296,0.5358,0.5263,0.531,27953991.0
2024-10-09 00:00:00+00:00,0.531,0.5346,0.5292,0.5328,36584895.0
2024-10-09 06:00:00+00:00,0.5328,0.5345,0.529,0.5326,43677836.0
2024-10-09 12:00:00+00:00,0.5326,0.5338,0.5261,0.532,53040979.0
2024-10-09 18:00:00+00:00,0.5321,0.5323,0.521,0.5245,36383369.0
2024-10-10 00:00:00+00:00,0.5245,0.5291,0.5228,0.5279,32776878.0
2024-10-10 06:00:00+00:00,0.5279,0.53,0.5231,0.5299,47036028.0
2024-10-10 12:00:00+00:00,0.5299,0.545,0.5272,0.5313,143485059.0
2024-10-10 18:00:00+00:00,0.5312,0.5315,0.5243,0.5305,43710136.0
2024-10-11 00:00:00+00:00,0.5305,0.5365,0.5296,0.5343,39968122.0
2024-10-11 06:00:00+00:00,0.5342,0.5412,0.534,0.5356,61958839.0
2024-10-11 12:00:00+00:00,0.5356,0.5402,0.5338,0.5402,68326695.0
2024-10-11 18:00:00+00:00,0.5402,0.5419,0.5378,0.5388,26475417.0
2024-10-12 00:00:00+00:00,0.5387,0.5394,0.5353,0.5378,16922150.0
2024-10-12 06:00:00+00:00,0.5378,0.5418,0.5373,0.5394,21668505.0
2024-10-12 12:00:00+00:00,0.5393,0.5432,0.5378,0.5386,30876286.0
2024-10-12 18:00:00+00:00,0.5387,0.5402,0.537,0.5393,14420238.0
2024-10-13 00:00:00+00:00,0.5393,0.5395,0.5355,0.5366,14255404.0
2024-10-13 06:00:00+00:00,0.5367,0.538,0.531,0.5312,25977019.0
2024-10-13 12:00:00+00:00,0.5312,0.5333,0.5255,0.5279,33874227.0
2024-10-13 18:00:00+00:00,0.5278,0.5321,0.5252,0.5321,19952809.0
2024-10-14 00:00:00+00:00,0.5321,0.54,0.5282,0.5373,43636042.0
2024-10-14 06:00:00+00:00,0.5373,0.542,0.536,0.5388,62838008.0
2024-10-14 12:00:00+00:00,0.5389,0.5524,0.5378,0.5456,80605325.0
2024-10-14 18:00:00+00:00,0.5457,0.5496,0.544,0.5483,32318562.0
2024-10-15 00:00:00+00:00,0.5484,0.5556,0.5422,0.544,53304561.0
2024-10-15 06:00:00+00:00,0.544,0.5477,0.5343,0.5362,85773555.0
2024-10-15 12:00:00+00:00,0.5362,0.5491,0.5315,0.5435,112475740.0
2024-10-15 18:00:00+00:00,0.5435,0.5457,0.5367,0.5417,32014781.0
2024-10-16 00:00:00+00:00,0.5417,0.545,0.5394,0.5427,41423750.0
2024-10-16 06:00:00+00:00,0.5427,0.5458,0.5375,0.5441,58600828.0
2024-10-16 12:00:00+00:00,0.5442,0.5525,0.5427,0.5474,86403870.0
2024-10-16 18:00:00+00:00,0.5474,0.5538,0.5472,0.5482,35857054.0
2024-10-17 00:00:00+00:00,0.5481,0.5666,0.5456,0.5574,96409495.0
2024-10-17 06:00:00+00:00,0.5574,0.562,0.5508,0.5525,98632978.0
2024-10-17 12:00:00+00:00,0.5525,0.5576,0.5474,0.5502,72954776.0
2024-10-17 18:00:00+00:00,0.5501,0.5509,0.5419,0.5441,44106364.0
2024-10-18 00:00:00+00:00,0.5441,0.5469,0.5397,0.5456,54892266.0
2024-10-18 06:00:00+00:00,0.5456,0.5532,0.5454,0.5463,67662174.0
2024-10-18 12:00:00+00:00,0.5464,0.5483,0.5428,0.5461,73091419.0
2024-10-18 18:00:00+00:00,0.5462,0.5489,0.5446,0.5465,24121650.0
2024-10-19 00:00:00+00:00,0.5465,0.55,0.5453,0.5473,29972614.0
2024-10-19 06:00:00+00:00,0.5472,0.5479,0.543,0.5433,21511769.0
2024-10-19 12:00:00+00:00,0.5434,0.5456,0.5406,0.5413,22860696.0
2024-10-19 18:00:00+00:00,0.5413,0.5449,0.5408,0.544,15799400.0
2024-10-20 00:00:00+00:00,0.544,0.5447,0.5413,0.5415,13121623.0
2024-10-20 06:00:00+00:00,0.5415,0.5428,0.5366,0.5411,32110530.0
2024-10-20 12:00:00+00:00,0.5412,0.545,0.5371,0.5437,39144447.0
2024-10-20 18:00:00+00:00,0.5438,0.549,0.5423,0.5482,33085350.0
2024-10-21 00:00:00+00:00,0.5482,0.5506,0.5453,0.5474,40365930.0
2024-10-21 06:00:00+00:00,0.5473,0.5608,0.5471,0.5537,145087228.0
2024-10-21 12:00:00+00:00,0.5538,0.5551,0.5409,0.5475,75744459.0
2024-10-21 18:00:00+00:00,0.5475,0.5482,0.544,0.5449,22130909.0
2024-10-22 00:00:00+00:00,0.5449,0.5465,0.5394,0.5442,35756692.0
2024-10-22 06:00:00+00:00,0.5442,0.5498,0.5308,0.5343,114580817.0
2024-10-22 12:00:00+00:00,0.5342,0.5357,0.5291,0.534,64641429.0
2024-10-22 18:00:00+00:00,0.534,0.5367,0.5322,0.5339,35227651.0
2024-10-23 00:00:00+00:00,0.5338,0.5341,0.5283,0.5302,36406983.0
2024-10-23 06:00:00+00:00,0.5302,0.532,0.5227,0.5268,68013656.0
2024-10-23 12:00:00+00:00,0.5268,0.529,0.5154,0.5181,64003372.0
2024-10-23 18:00:00+00:00,0.5181,0.5268,0.5117,0.5258,42722617.0
2024-10-24 00:00:00+00:00,0.5259,0.532,0.5255,0.5306,45288510.0
2024-10-24 06:00:00+00:00,0.5305,0.5335,0.5241,0.5279,79388795.0
2024-10-24 12:00:00+00:00,0.5279,0.5324,0.5277,0.5318,51340042.0
2024-10-24 18:00:00+00:00,0.5319,0.5338,0.5309,0.532,19822846.0
2024-10-25 00:00:00+00:00,0.532,0.5322,0.5244,0.5254,32284232.0
2024-10-25 06:00:00+00:00,0.5254,0.5279,0.5202,0.5265,66132487.0
2024-10-25 12:00:00+00:00,0.5265,0.5278,0.5147,0.5158,64489110.0
2024-10-25 18:00:00+00:00,0.5159,0.5203,0.486,0.5022,187999198.0
2024-10-26 00:00:00+00:00,0.5022,0.5153,0.4989,0.513,57864599.0
2024-10-26 06:00:00+00:00,0.5129,0.5154,0.5124,0.5144,21657082.0
2024-10-26 12:00:00+00:00,0.5143,0.5149,0.5057,0.512,31049538.0
2024-10-26 18:00:00+00:00,0.5121,0.5151,0.5118,0.5134,11256790.0
2024-10-27 00:00:00+00:00,0.5135,0.5168,0.512,0.5151,11835393.0
2024-10-27 06:00:00+00:00,0.5151,0.5155,0.5108,0.5121,17404907.0
2024-10-27 12:00:00+00:00,0.5122,0.5179,0.5121,0.516,19051625.0
2024-10-27 18:00:00+00:00,0.5161,0.518,0.5134,0.5168,17443073.0
2024-10-28 00:00:00+00:00,0.5168,0.5175,0.5115,0.5139,24421062.0
2024-10-28 06:00:00+00:00,0.5139,0.5214,0.5133,0.5197,55374976.0
2024-10-28 12:00:00+00:00,0.5198,0.5217,0.5113,0.5132,45333477.0
2024-10-28 18:00:00+00:00,0.5132,0.5214,0.5125,0.5195,34375175.0
2024-10-29 00:00:00+00:00,0.5195,0.5265,0.5185,0.5231,50891551.0
2024-10-29 06:00:00+00:00,0.5232,0.5284,0.5231,0.5258,54236242.0
2024-10-29 12:00:00+00:00,0.5258,0.5305,0.5236,0.5289,69169941.0
2024-10-29 18:00:00+00:00,0.5289,0.5305,0.5214,0.5284,46566096.0
2024-10-30 00:00:00+00:00,0.5285,0.5285,0.5227,0.5248,44469117.0
2024-10-30 06:00:00+00:00,0.5248,0.5266,0.5205,0.5208,48233845.0
2024-10-30 12:00:00+00:00,0.5208,0.526,0.5194,0.5234,63316039.0
2024-10-30 18:00:00+00:00,0.5233,0.5255,0.5207,0.5229,21536668.0
2024-10-31 00:00:00+00:00,0.5229,0.5238,0.5191,0.5208,27616850.0
2024-10-31 06:00:00+00:00,0.5207,0.5209,0.5152,0.5186,54884421.0
2024-10-31 12:00:00+00:00,0.5186,0.5195,0.5056,0.5086,80876196.0
2024-10-31 18:00:00+00:00,0.5086,0.5114,0.5031,0.5095,31686358.0
2024-11-01 00:00:00+00:00,0.5096,0.5216,0.5025,0.5147,68024217.0
2024-11-01 06:00:00+00:00,0.5147,0.5244,0.5093,0.5189,82027124.0
2024-11-01 12:00:00+00:00,0.519,0.5237,0.5116,0.5159,97331941.0
2024-11-01 18:00:00+00:00,0.5159,0.5171,0.5077,0.5131,29761065.0
2024-11-02 00:00:00+00:00,0.513,0.516,0.5113,0.5136,15501356.0
2024-11-02 06:00:00+00:00,0.5137,0.5138,0.5104,0.5113,14367996.0
2024-11-02 12:00:00+00:00,0.5113,0.5129,0.5063,0.5108,25948291.0
2024-11-02 18:00:00+00:00,0.5108,0.5112,0.5077,0.5103,12861677.0
2024-11-03 00:00:00+00:00,0.5103,0.5111,0.4977,0.5035,47385038.0
2024-11-03 06:00:00+00:00,0.5034,0.5072,0.5014,0.5027,24316919.0
2024-11-03 12:00:00+00:00,0.5027,0.5037,0.4917,0.5001,78190950.0
2024-11-03 18:00:00+00:00,0.5001,0.5047,0.4931,0.503,26119576.0
2024-11-04 00:00:00+00:00,0.503,0.5087,0.5005,0.5043,31384342.0
2024-11-04 06:00:00+00:00,0.5044,0.5147,0.5041,0.5119,67233950.0
2024-11-04 12:00:00+00:00,0.5119,0.5138,0.5068,0.51,52657897.0
2024-11-04 18:00:00+00:00,0.51,0.5109,0.4957,0.5035,59983285.0
2024-11-05 00:00:00+00:00,0.5035,0.5095,0.5019,0.5089,26875868.0
2024-11-05 06:00:00+00:00,0.5089,0.5191,0.5082,0.5092,63045538.0
2024-11-05 12:00:00+00:00,0.5091,0.5148,0.5058,0.5128,61649941.0
2024-11-05 18:00:00+00:00,0.5128,0.5155,0.5066,0.514,39140469.0
2024-11-06 00:00:00+00:00,0.514,0.5384,0.514,0.5327,153137315.0
2024-11-06 06:00:00+00:00,0.5326,0.5428,0.5264,0.5344,153910002.0
2024-11-06 12:00:00+00:00,0.5343,0.5359,0.5272,0.5322,66879117.0
2024-11-06 18:00:00+00:00,0.5321,0.5469,0.532,0.5418,78367635.0
2024-11-07 00:00:00+00:00,0.5418,0.5785,0.5377,0.5584,146372107.0
2024-11-07 06:00:00+00:00,0.5583,0.5608,0.5466,0.5472,74024410.0
2024-11-07 12:00:00+00:00,0.5471,0.5544,0.5404,0.5541,84002117.0
2024-11-07 18:00:00+00:00,0.5542,0.5581,0.5503,0.5556,44129584.0
2024-11-08 00:00:00+00:00,0.5556,0.56,0.5476,0.5507,48554500.0
2024-11-08 06:00:00+00:00,0.5507,0.5524,0.546,0.5504,68007406.0
2024-11-08 12:00:00+00:00,0.5504,0.5579,0.5413,0.5471,96263156.0
2024-11-08 18:00:00+00:00,0.5471,0.5545,0.5457,0.5537,48330141.0
2024-11-09 00:00:00+00:00,0.5537,0.554,0.5454,0.5513,48310216.0
2024-11-09 06:00:00+00:00,0.5512,0.5568,0.5508,0.5531,72257999.0
2024-11-09 12:00:00+00:00,0.553,0.5533,0.5436,0.5492,52102090.0
2024-11-09 18:00:00+00:00,0.5491,0.562,0.5485,0.5593,58308665.0
2024-11-10 00:00:00+00:00,0.5592,0.5924,0.5555,0.5846,173860354.0
2024-11-10 06:00:00+00:00,0.5846,0.5882,0.5775,0.5864,108212163.0
2024-11-10 12:00:00+00:00,0.5864,0.6187,0.582,0.6059,258829024.0
2024-11-10 18:00:00+00:00,0.6058,0.6163,0.5624,0.5884,171920454.0
2024-11-11 00:00:00+00:00,0.5885,0.5989,0.5703,0.5744,111650247.0
2024-11-11 06:00:00+00:00,0.5744,0.5878,0.5712,0.5874,102368380.0
2024-11-11 12:00:00+00:00,0.5874,0.5958,0.5758,0.5924,154747300.0
2024-11-11 18:00:00+00:00,0.5924,0.633,0.5877,0.6207,292318478.0
2024-11-12 00:00:00+00:00,0.6208,0.6216,0.5968,0.6009,223505018.0
2024-11-12 06:00:00+00:00,0.6009,0.6989,0.5995,0.6472,670223869.0
2024-11-12 12:00:00+00:00,0.6472,0.7032,0.6252,0.679,495799845.0
2024-11-12 18:00:00+00:00,0.6791,0.7398,0.6775,0.704,387325280.0
2024-11-13 00:00:00+00:00,0.7042,0.7407,0.6442,0.6468,370336923.0
2024-11-13 06:00:00+00:00,0.6468,0.6774,0.64,0.6765,239614867.0
2024-11-13 12:00:00+00:00,0.6766,0.748,0.664,0.711,410786269.0
2024-11-13 18:00:00+00:00,0.7111,0.7196,0.6687,0.6898,187807662.0
2024-11-14 00:00:00+00:00,0.6897,0.7048,0.6822,0.6967,161865344.0
2024-11-14 06:00:00+00:00,0.6966,0.722,0.6829,0.718,206136517.0
2024-11-14 12:00:00+00:00,0.7179,0.7717,0.7,0.7661,463668827.0
2024-11-14 18:00:00+00:00,0.7661,0.8473,0.7553,0.7736,517683104.0
2024-11-15 00:00:00+00:00,0.7736,0.8398,0.7704,0.8066,315825260.0
2024-11-15 06:00:00+00:00,0.8065,0.8342,0.7731,0.8271,231223066.0
2024-11-15 12:00:00+00:00,0.827,0.916,0.816,0.8695,583539203.0
2024-11-15 18:00:00+00:00,0.8693,0.9279,0.8625,0.8922,282843362.0
2024-11-16 00:00:00+00:00,0.8921,0.9842,0.8778,0.9822,284581177.0
2024-11-16 06:00:00+00:00,0.9821,1.089,0.9452,1.0493,616856204.0
2024-11-16 12:00:00+00:00,1.0493,1.2698,1.018,1.1242,1070182045.0
2024-11-16 18:00:00+00:00,1.1241,1.2133,1.1034,1.1209,401411354.0
2024-11-17 00:00:00+00:00,1.1208,1.1603,1.0026,1.0043,419249825.0
2024-11-17 06:00:00+00:00,1.0042,1.1018,1.0032,1.0366,378094843.0
2024-11-17 12:00:00+00:00,1.0365,1.1476,1.0364,1.0692,289356776.0
2024-11-17 18:00:00+00:00,1.0692,1.076,1.0315,1.0543,159112914.0
2024-11-18 00:00:00+00:00,1.0545,1.1862,1.0543,1.1603,269964026.0
2024-11-18 06:00:00+00:00,1.1605,1.1865,1.1104,1.1193,248146567.0
2024-11-18 12:00:00+00:00,1.1193,1.1758,1.1045,1.1269,239490961.0
2024-11-18 18:00:00+00:00,1.1267,1.14,1.0747,1.1137,183742935.0
2024-11-19 00:00:00+00:00,1.1138,1.148,1.1006,1.1102,125989738.0
2024-11-19 06:00:00+00:00,1.1103,1.119,1.0816,1.1004,119081271.0
2024-11-19 12:00:00+00:00,1.1003,1.123,1.0688,1.0953,158317557.0
2024-11-19 18:00:00+00:00,1.0954,1.1172,1.071,1.1003,159290328.0
2024-11-20 00:00:00+00:00,1.1004,1.1149,1.0556,1.0842,120833590.0
2024-11-20 06:00:00+00:00,1.0843,1.14,1.0759,1.1202,162450556.0
2024-11-20 12:00:00+00:00,1.1201,1.151,1.08,1.0803,202104478.0
2024-11-20 18:00:00+00:00,1.0804,1.12,1.065,1.1041,124416034.0
2024-11-21 00:00:00+00:00,1.1042,1.1318,1.0774,1.1075,163558180.0
2024-11-21 06:00:00+00:00,1.1074,1.1358,1.0986,1.1109,130424579.0
2024-11-21 12:00:00+00:00,1.1108,1.1577,1.0953,1.1413,244036750.0
2024-11-21 18:00:00+00:00,1.1413,1.2643,1.1229,1.247,512769468.0
2024-11-22 00:00:00+00:00,1.2471,1.4332,1.247,1.4027,568627265.35
2024-11-22 06:00:00+00:00,1.4027,1.4753,1.3608,1.4658,304621306.45
2024-11-22 12:00:00+00:00,1.4659,1.5,1.35,1.4512,534325012.18
2024-11-22 18:00:00+00:00,1.451,1.4913,1.402,1.4726,190198890.0
2024-11-23 00:00:00+00:00,1.4726,1.63,1.4692,1.5416,532728741.71
2024-11-23 06:00:00+00:00,1.5416,1.5777,1.5077,1.5443,179880627.0
2024-11-23 12:00:00+00:00,1.5444,1.5954,1.4033,1.4995,376122632.0
2024-11-23 18:00:00+00:00,1.4996,1.5055,1.4206,1.4685,155201645.0
2024-11-24 00:00:00+00:00,1.4686,1.513,1.4362,1.4527,157384104.0
2024-11-24 06:00:00+00:00,1.4526,1.4765,1.3784,1.3833,171824978.0
2024-11-24 12:00:00+00:00,1.3833,1.4033,1.2775,1.3394,415117657.0
2024-11-24 18:00:00+00:00,1.3392,1.4607,1.335,1.4331,216301331.0
2024-11-25 00:00:00+00:00,1.4334,1.4763,1.355,1.4597,172305812.0
2024-11-25 06:00:00+00:00,1.4597,1.5393,1.4459,1.479,209580982.0
2024-11-25 12:00:00+00:00,1.479,1.5243,1.3732,1.4507,349978531.0
2024-11-25 18:00:00+00:00,1.4507,1.486,1.382,1.4142,180520029.0
2024-11-26 00:00:00+00:00,1.4142,1.4588,1.399,1.4501,109960730.0
2024-11-26 06:00:00+00:00,1.4501,1.455,1.2833,1.3326,309308145.0
2024-11-26 12:00:00+00:00,1.3325,1.3957,1.313,1.3799,216788872.0
2024-11-26 18:00:00+00:00,1.3798,1.4282,1.3327,1.3984,141359461.0
2024-11-27 00:00:00+00:00,1.3984,1.4199,1.3524,1.3644,106063673.0
2024-11-27 06:00:00+00:00,1.3647,1.4667,1.3647,1.4322,184811184.0
2024-11-27 12:00:00+00:00,1.4321,1.5067,1.4104,1.4868,174699993.0
2024-11-27 18:00:00+00:00,1.4868,1.5217,1.4647,1.4696,129312786.0
2024-11-28 00:00:00+00:00,1.4696,1.4844,1.44,1.4769,102788789.0
2024-11-28 06:00:00+00:00,1.4769,1.4923,1.4363,1.4649,98141900.0
2024-11-28 12:00:00+00:00,1.4649,1.4829,1.4292,1.4661,107575667.0
2024-11-28 18:00:00+00:00,1.4662,1.5465,1.465,1.5421,132035422.0
2024-11-29 00:00:00+00:00,1.542,1.58,1.5233,1.5642,169070566.0
2024-11-29 06:00:00+00:00,1.5642,1.6833,1.5636,1.6529,314934930.68
2024-11-29 12:00:00+00:00,1.6529,1.7745,1.643,1.7034,351120912.8
2024-11-29 18:00:00+00:00,1.7033,1.8149,1.6739,1.8006,220747753.29
2024-11-30 00:00:00+00:00,1.8005,1.907,1.7635,1.8807,366552015.64
2024-11-30 06:00:00+00:00,1.8805,1.95,1.847,1.8965,350880167.72
2024-11-30 12:00:00+00:00,1.8964,1.9074,1.8185,1.8989,210161145.0
2024-11-30 18:00:00+00:00,1.899,1.9575,1.8655,1.9513,190963206.61
2024-12-01 00:00:00+00:00,1.9514,1.9568,1.8475,1.8584,189500981.0
2024-12-01 06:00:00+00:00,1.8584,1.95,1.8575,1.9122,156660007.0
2024-12-01 12:00:00+00:00,1.9122,1.931,1.881,1.9283,129039436.0
2024-12-01 18:00:00+00:00,1.9283,2.35,1.923,2.2937,696310562.43
2024-12-02 00:00:00+00:00,2.2937,2.4977,2.281,2.4602,697279806.59
2024-12-02 06:00:00+00:00,2.4602,2.4618,2.2011,2.3146,511029230.0
2024-12-02 12:00:00+00:00,2.3142,2.8723,2.298,2.6249,975107605.9
2024-12-02 18:00:00+00:00,2.625,2.7998,2.6204,2.7245,360300056.0
2024-12-03 00:00:00+00:00,2.7244,2.7838,2.6449,2.7473,278374624.0
2024-12-03 06:00:00+00:00,2.7473,2.8696,2.5102,2.8499,406156386.0
2024-12-03 12:00:00+00:00,2.8498,2.9092,2.25,2.5722,990117069.21
2024-12-03 18:00:00+00:00,2.5723,2.6889,2.4921,2.5102,280957158.0
2024-12-04 00:00:00+00:00,2.5103,2.6327,2.5,2.6167,221159651.0
2024-12-04 06:00:00+00:00,2.6166,2.68,2.5938,2.6096,175972907.0
2024-12-04 12:00:00+00:00,2.6097,2.6272,2.32,2.4,385449207.0
2024-12-04 18:00:00+00:00,2.4,2.4726,2.28,2.3574,345296383.0
2024-12-05 00:00:00+00:00,2.3574,2.3943,2.1743,2.2953,440707032.0
2024-12-05 06:00:00+00:00,2.2954,2.4942,2.2772,2.4094,240172488.0
2024-12-05 12:00:00+00:00,2.4095,2.44,2.3069,2.4188,205858801.0
2024-12-05 18:00:00+00:00,2.4188,2.4262,2.21,2.2446,208479772.0
2024-12-06 00:00:00+00:00,2.2445,2.4,2.2252,2.3634,157605452.0
2024-12-06 06:00:00+00:00,2.3635,2.365,2.2422,2.2739,143216185.0
2024-12-06 12:00:00+00:00,2.274,2.415,2.2577,2.3556,213982456.0
2024-12-06 18:00:00+00:00,2.3556,2.4637,2.3325,2.4257,156391693.0
2024-12-07 00:00:00+00:00,2.4257,2.5,2.3974,2.4247,122873545.0
2024-12-07 06:00:00+00:00,2.4247,2.4496,2.384,2.4299,87327445.0
2024-12-07 12:00:00+00:00,2.4298,2.57,2.4207,2.4866,193696662.0
2024-12-07 18:00:00+00:00,2.4866,2.6196,2.47,2.6099,137428893.0
2024-12-08 00:00:00+00:00,2.6099,2.6171,2.5327,2.5464,129764226.0
2024-12-08 06:00:00+00:00,2.5465,2.5745,2.4843,2.539,95298054.0
2024-12-08 12:00:00+00:00,2.539,2.6083,2.5101,2.6008,98606009.0
2024-12-08 18:00:00+00:00,2.6009,2.6469,2.555,2.6013,132605293.0
2024-12-09 00:00:00+00:00,2.6013,2.6076,2.432,2.4908,169860082.0
2024-12-09 06:00:00+00:00,2.4907,2.4907,2.3427,2.3724,197465229.0
2024-12-09 12:00:00+00:00,2.3724,2.4656,2.3673,2.3877,141077389.0
2024-12-09 18:00:00+00:00,2.3878,2.4418,2.0012,2.2124,483390916.0
2024-12-10 00:00:00+00:00,2.2124,2.2792,2.0403,2.1642,301315805.0
2024-12-10 06:00:00+00:00,2.1641,2.2568,2.1457,2.2196,148855379.0
2024-12-10 12:00:00+00:00,2.2196,2.2262,1.93,1.9322,408723489.0
2024-12-10 18:00:00+00:00,1.9323,2.42,1.9,2.3709,517789311.0
2024-12-11 00:00:00+00:00,2.3708,2.3863,2.2303,2.328,199624161.0
2024-12-11 06:00:00+00:00,2.3279,2.3982,2.2851,2.3607,159607255.0
2024-12-11 12:00:00+00:00,2.3607,2.4703,2.327,2.3866,228810984.0
2024-12-11 18:00:00+00:00,2.3866,2.445,2.38,2.3941,108096401.0
2024-12-12 00:00:00+00:00,2.3942,2.484,2.3502,2.4375,150941174.0
2024-12-12 06:00:00+00:00,2.4374,2.4547,2.3803,2.4103,104584961.0
2024-12-12 12:00:00+00:00,2.4103,2.4528,2.3946,2.4131,131913143.0
2024-12-12 18:00:00+00:00,2.4131,2.4358,2.308,2.3384,140912656.0
2024-12-13 00:00:00+00:00,2.3385,2.3687,2.309,2.3395,85143852.0
2024-12-13 06:00:00+00:00,2.3394,2.355,2.284,2.3347,89101491.0
2024-12-13 12:00:00+00:00,2.3347,2.4788,2.3347,2.4315,221570671.0
2024-12-13 18:00:00+00:00,2.4314,2.4435,2.406,2.4217,72267953.0
2024-12-14 00:00:00+00:00,2.4218,2.5319,2.3976,2.5151,112822153.0
2024-12-14 06:00:00+00:00,2.5151,2.5158,2.4257,2.4308,81141272.0
2024-12-14 12:00:00+00:00,2.4308,2.4374,2.3648,2.3842,97964557.0
2024-12-14 18:00:00+00:00,2.3841,2.41,2.3548,2.4005,55519138.0
2024-12-15 00:00:00+00:00,2.4006,2.4438,2.3844,2.4349,50215421.0
2024-12-15 06:00:00+00:00,2.4349,2.449,2.3863,2.4274,64320934.0
2024-12-15 12:00:00+00:00,2.4274,2.4399,2.3901,2.431,63501290.0
2024-12-15 18:00:00+00:00,2.4311,2.473,2.3677,2.4469,97933332.0
2024-12-16 00:00:00+00:00,2.447,2.4714,2.3903,2.4096,88782977.0
2024-12-16 06:00:00+00:00,2.4096,2.4185,2.3333,2.3504,80496802.0
2024-12-16 12:00:00+00:00,2.3505,2.5872,2.3447,2.5144,293558583.0
2024-12-16 18:00:00+00:00,2.5145,2.5289,2.4441,2.4841,141055559.0
2024-12-17 00:00:00+00:00,2.4842,2.508,2.4401,2.5079,86976687.0
2024-12-17 06:00:00+00:00,2.5079,2.7281,2.4971,2.6889,282532756.0
2024-12-17 12:00:00+00:00,2.6888,2.7155,2.5503,2.634,250115810.0
2024-12-17 18:00:00+00:00,2.6339,2.658,2.5228,2.5673,126063141.0
2024-12-18 00:00:00+00:00,2.5672,2.5921,2.4683,2.5023,153835978.0
2024-12-18 06:00:00+00:00,2.5023,2.5917,2.4776,2.5816,124135197.0
2024-12-18 12:00:00+00:00,2.5815,2.5841,2.4238,2.4708,169067309.0
2024-12-18 18:00:00+00:00,2.4708,2.5157,2.2478,2.3103,312822407.0
2024-12-19 00:00:00+00:00,2.3102,2.3727,2.1736,2.3613,220988448.0
2024-12-19 06:00:00+00:00,2.3612,2.4317,2.3388,2.4103,108032202.0
2024-12-19 12:00:00+00:00,2.4103,2.418,2.2,2.2466,228791893.0
2024-12-19 18:00:00+00:00,2.2467,2.3104,2.1595,2.239,253398152.0
2024-12-20 00:00:00+00:00,2.2391,2.355,2.2237,2.2777,149811137.0
2024-12-20 06:00:00+00:00,2.2776,2.3294,1.9601,1.9678,431086520.0
2024-12-20 12:00:00+00:00,1.9679,2.2651,1.9618,2.2608,385045546.0
2024-12-20 18:00:00+00:00,2.2607,2.3122,2.2068,2.2793,144403813.0
2024-12-21 00:00:00+00:00,2.2793,2.3512,2.2514,2.3508,96639835.0
2024-12-21 06:00:00+00:00,2.3507,2.3858,2.2843,2.3073,120483410.0
2024-12-21 12:00:00+00:00,2.3074,2.3078,2.1915,2.2556,151259695.0
2024-12-21 18:00:00+00:00,2.2557,2.2645,2.2005,2.238,83216924.0
2024-12-22 00:00:00+00:00,2.2379,2.2578,2.1761,2.2077,69185971.0
2024-12-22 06:00:00+00:00,2.2077,2.2938,2.2024,2.2597,66079297.0
2024-12-22 12:00:00+00:00,2.2598,2.2763,2.1975,2.24,84835248.0
2024-12-22 18:00:00+00:00,2.2401,2.2622,2.1604,2.2031,90217983.0
2024-12-23 00:00:00+00:00,2.2032,2.2356,2.1308,2.1978,110552793.0
2024-12-23 06:00:00+00:00,2.1978,2.2251,2.156,2.2013,69066466.0
2024-12-23 12:00:00+00:00,2.2012,2.2244,2.1334,2.1651,114313145.0
2024-12-23 18:00:00+00:00,2.1652,2.2789,2.1527,2.2617,94888498.0
2024-12-24 00:00:00+00:00,2.2616,2.2665,2.2138,2.2569,49257019.0
2024-12-24 06:00:00+00:00,2.2569,2.26,2.2232,2.2451,39101078.0
2024-12-24 12:00:00+00:00,2.2451,2.3469,2.2294,2.3432,100108133.0
2024-12-24 18:00:00+00:00,2.343,2.3507,2.2784,2.3238,60554836.0
2024-12-25 00:00:00+00:00,2.3238,2.3239,2.2825,2.3022,37639919.0
2024-12-25 06:00:00+00:00,2.3023,2.3325,2.2666,2.2714,45647429.0
2024-12-25 12:00:00+00:00,2.2714,2.2998,2.2615,2.2861,43788136.0
2024-12-25 18:00:00+00:00,2.2861,2.3173,2.2832,2.2973,34939514.0
2024-12-26 00:00:00+00:00,2.2973,2.3164,2.2371,2.2548,48906352.0
2024-12-26 06:00:00+00:00,2.2548,2.2573,2.1601,2.1905,82646172.0
2024-12-26 12:00:00+00:00,2.1904,2.1915,2.1277,2.1517,85088789.0
2024-12-26 18:00:00+00:00,2.1517,2.179,2.13,2.1559,49756607.0
2024-12-27 00:00:00+00:00,2.1559,2.1905,2.1325,2.1666,53850257.0
2024-12-27 06:00:00+00:00,2.1667,2.2379,2.1278,2.2146,86438106.0
2024-12-27 12:00:00+00:00,2.2145,2.2159,2.1149,2.1662,78382076.0
2024-12-27 18:00:00+00:00,2.1662,2.1815,2.1334,2.1466,35566136.0
2024-12-28 00:00:00+00:00,2.1467,2.1714,2.1343,2.1639,26364955.0
2024-12-28 06:00:00+00:00,2.164,2.1761,2.1532,2.1698,21037648.0
2024-12-28 12:00:00+00:00,2.1697,2.204,2.1592,2.1943,33499571.0
2024-12-28 18:00:00+00:00,2.1943,2.2076,2.18,2.1843,25242296.0
2024-12-29 00:00:00+00:00,2.1843,2.1895,2.1695,2.1837,15458548.0
2024-12-29 06:00:00+00:00,2.1838,2.1976,2.1755,2.1774,16998318.0
2024-12-29 12:00:00+00:00,2.1775,2.1866,2.1385,2.1473,37636236.0
2024-12-29 18:00:00+00:00,2.1472,2.1508,2.0711,2.0942,59494290.0
2024-12-30 00:00:00+00:00,2.0941,2.1526,2.0511,2.065,60672429.0
2024-12-30 06:00:00+00:00,2.065,2.1007,2.0468,2.0762,65418220.0
2024-12-30 12:00:00+00:00,2.0763,2.096,1.9954,2.08,125260628.0
2024-12-30 18:00:00+00:00,2.0799,2.1404,2.0411,2.0587,74953516.0
2024-12-31 00:00:00+00:00,2.0587,2.0667,2.0126,2.0216,40830257.0
2024-12-31 06:00:00+00:00,2.0217,2.1014,2.0166,2.0753,56347920.0
2024-12-31 12:00:00+00:00,2.0754,2.1491,2.0616,2.0875,80367494.0
2024-12-31 18:00:00+00:00,2.0874,2.1052,2.0736,2.0836,25321926.0
2025-01-01 00:00:00+00:00,2.0836,2.1494,2.0811,2.1358,31775837.0
2025-01-01 06:00:00+00:00,2.1358,2.1474,2.0901,2.1357,41399506.0
2025-01-01 12:00:00+00:00,2.1358,2.2842,2.1312,2.2596,132526598.0
2025-01-01 18:00:00+00:00,2.2596,2.3545,2.2482,2.3328,135068333.0
2025-01-02 00:00:00+00:00,2.3329,2.4522,2.3297,2.3725,154085920.0
2025-01-02 06:00:00+00:00,2.3725,2.4168,2.3434,2.4035,81589163.0
2025-01-02 12:00:00+00:00,2.4035,2.438,2.3641,2.396,83626243.0
2025-01-02 18:00:00+00:00,2.3959,2.415,2.3662,2.4024,41895055.0
2025-01-03 00:00:00+00:00,2.4024,2.4743,2.3966,2.4301,66085577.0
2025-01-03 06:00:00+00:00,2.4302,2.4535,2.3975,2.4087,60849756.0
2025-01-03 12:00:00+00:00,2.4087,2.4798,2.4011,2.4419,65211159.0
2025-01-03 18:00:00+00:00,2.442,2.4794,2.4388,2.4547,41526236.0
2025-01-04 00:00:00+00:00,2.4546,2.509,2.428,2.4544,74884020.0
2025-01-04 06:00:00+00:00,2.4544,2.4618,2.4288,2.4407,28845826.0
2025-01-04 12:00:00+00:00,2.4408,2.4629,2.3999,2.427,51086939.0
2025-01-04 18:00:00+00:00,2.427,2.4424,2.4136,2.4201,24977141.0
2025-01-05 00:00:00+00:00,2.4201,2.4285,2.3712,2.3954,37187284.0
2025-01-05 06:00:00+00:00,2.3953,2.4157,2.3273,2.3527,52327524.0
2025-01-05 12:00:00+00:00,2.3527,2.3835,2.344,2.3795,34881753.0
2025-01-05 18:00:00+00:00,2.3795,2.4149,2.369,2.3994,31141299.0
2025-01-06 00:00:00+00:00,2.3993,2.4423,2.3734,2.4043,49836651.0
2025-01-06 06:00:00+00:00,2.4044,2.4152,2.3742,2.3959,36338049.0
2025-01-06 12:00:00+00:00,2.3958,2.4584,2.3674,2.4165,81264423.0
2025-01-06 18:00:00+00:00,2.4165,2.4343,2.4072,2.42,26854154.0
2025-01-07 00:00:00+00:00,2.42,2.4335,2.3933,2.4309,32921461.0
2025-01-07 06:00:00+00:00,2.431,2.4683,2.4064,2.422,60689206.0
2025-01-07 12:00:00+00:00,2.422,2.4431,2.2788,2.3015,178157251.0
2025-01-07 18:00:00+00:00,2.3015,2.3178,2.2572,2.2712,70709420.0
2025-01-08 00:00:00+00:00,2.2712,2.367,2.2676,2.2974,77291672.0
2025-01-08 06:00:00+00:00,2.2973,2.3398,2.2577,2.3262,74623443.0
2025-01-08 12:00:00+00:00,2.3263,2.377,2.2001,2.2815,147191930.0
2025-01-08 18:00:00+00:00,2.2814,2.3986,2.277,2.3731,101928984.0
2025-01-09 00:00:00+00:00,2.373,2.3956,2.3346,2.3489,61755485.0
2025-01-09 06:00:00+00:00,2.349,2.3561,2.2874,2.304,60679635.0
2025-01-09 12:00:00+00:00,2.3039,2.3385,2.2351,2.2905,111621447.0
2025-01-09 18:00:00+00:00,2.2905,2.3224,2.2519,2.2722,60528519.0
2025-01-10 00:00:00+00:00,2.2722,2.3078,2.2578,2.2997,38322278.0
2025-01-10 06:00:00+00:00,2.2998,2.3265,2.2846,2.3095,46495155.0
2025-01-10 12:00:00+00:00,2.3095,2.3507,2.2465,2.35,116614783.0
2025-01-10 18:00:00+00:00,2.3499,2.3699,2.322,2.3414,46586062.0
2025-01-11 00:00:00+00:00,2.3414,2.3643,2.3249,2.3323,29765577.0
2025-01-11 06:00:00+00:00,2.3322,2.437,2.3317,2.4195,53598140.0
2025-01-11 12:00:00+00:00,2.4194,2.5129,2.3779,2.4822,126758196.0
2025-01-11 18:00:00+00:00,2.4822,2.6036,2.4729,2.5764,139050583.0
2025-01-12 00:00:00+00:00,2.5764,2.5835,2.5057,2.5467,59010704.0
2025-01-12 06:00:00+00:00,2.5467,2.5508,2.47,2.4946,57907015.0
2025-01-12 12:00:00+00:00,2.4946,2.5516,2.4869,2.5418,57691052.0
2025-01-12 18:00:00+00:00,2.5417,2.555,2.4847,2.5046,48303562.0
2025-01-13 00:00:00+00:00,2.5045,2.5634,2.4947,2.5105,84085547.0
2025-01-13 06:00:00+00:00,2.5106,2.5216,2.3351,2.3389,134470521.0
2025-01-13 12:00:00+00:00,2.3388,2.4973,2.3297,2.4458,199646665.0
2025-01-13 18:00:00+00:00,2.4459,2.5562,2.4245,2.5232,97154013.0
2025-01-14 00:00:00+00:00,2.5232,2.5543,2.5153,2.5264,60376548.0
2025-01-14 06:00:00+00:00,2.5264,2.6028,2.5126,2.5753,101186700.0
2025-01-14 12:00:00+00:00,2.5753,2.6773,2.5467,2.656,138654036.0
2025-01-14 18:00:00+00:00,2.6561,2.7,2.6377,2.6673,97010058.0
2025-01-15 00:00:00+00:00,2.6673,2.8776,2.6492,2.8464,214276262.0
2025-01-15 06:00:00+00:00,2.8464,2.8928,2.7107,2.7612,212457161.0
2025-01-15 12:00:00+00:00,2.7612,3.0286,2.7262,2.8968,381136083.65
2025-01-15 18:00:00+00:00,2.8968,3.2,2.895,3.1429,254760615.58
2025-01-16 00:00:00+00:00,3.143,3.1516,2.9228,3.0539,237104602.0
2025-01-16 06:00:00+00:00,3.0538,3.21,3.0281,3.1967,248112661.66
2025-01-16 12:00:00+00:00,3.1968,3.4,3.1614,3.3513,452076613.54
2025-01-16 18:00:00+00:00,3.3514,3.3914,3.1649,3.2451,173077345.0
2025-01-17 00:00:00+00:00,3.245,3.3544,3.2437,3.3245,114155680.0
2025-01-17 06:00:00+00:00,3.3245,3.345,3.2275,3.2989,142188963.0
2025-01-17 12:00:00+00:00,3.2989,3.2989,3.1758,3.1879,170979426.0
2025-01-17 18:00:00+00:00,3.1878,3.318,3.177,3.2922,102609425.0
2025-01-18 00:00:00+00:00,3.2923,3.2996,3.0701,3.0942,148051570.0
2025-01-18 06:00:00+00:00,3.0942,3.1843,3.058,3.1729,123885197.0
2025-01-18 12:00:00+00:00,3.1729,3.2499,3.1324,3.1556,110677591.0
2025-01-18 18:00:00+00:00,3.1557,3.29,3.149,3.2697,75474586.0
2025-01-19 00:00:00+00:00,3.2697,3.2929,3.1719,3.2039,79955364.0
2025-01-19 06:00:00+00:00,3.2039,3.2245,3.0351,3.054,195096333.0
2025-01-19 12:00:00+00:00,3.0541,3.1786,3.0535,3.1592,121270904.0
2025-01-19 18:00:00+00:00,3.1591,3.2379,2.8277,2.9587,267006204.0
2025-01-20 00:00:00+00:00,2.9586,3.1455,2.909,3.1067,199616289.0
2025-01-20 06:00:00+00:00,3.1068,3.3448,3.0877,3.3263,197622054.0
2025-01-20 12:00:00+00:00,3.3262,3.3695,3.0,3.1351,314148263.0
2025-01-20 18:00:00+00:00,3.1352,3.2045,3.0269,3.1053,127374652.0
2025-01-21 00:00:00+00:00,3.1053,3.193,3.0257,3.0382,117870383.0
2025-01-21 06:00:00+00:00,3.0382,3.123,3.0124,3.1112,87450193.0
2025-01-21 12:00:00+00:00,3.1112,3.2312,3.0784,3.2249,103890845.0
2025-01-21 18:00:00+00:00,3.2249,3.246,3.1399,3.1738,67212081.0
2025-01-22 00:00:00+00:00,3.1739,3.2076,3.1489,3.1606,44673260.0
2025-01-22 06:00:00+00:00,3.1605,3.2348,3.1414,3.2348,51638958.0
2025-01-22 12:00:00+00:00,3.2348,3.2606,3.142,3.1881,73299093.0
2025-01-22 18:00:00+00:00,3.1881,3.2854,3.1237,3.1803,122149963.0
2025-01-23 00:00:00+00:00,3.1802,3.1826,3.1066,3.1399,58998394.0
2025-01-23 06:00:00+00:00,3.1399,3.1481,3.0623,3.0852,58530903.0
2025-01-23 12:00:00+00:00,3.0852,3.1868,3.0374,3.1257,112427929.0
2025-01-23 18:00:00+00:00,3.1258,3.175,3.058,3.1194,75357620.0
2025-01-24 00:00:00+00:00,3.1194,3.1746,3.055,3.1727,67031802.0
2025-01-24 06:00:00+00:00,3.1727,3.201,3.142,3.1975,55719710.0
2025-01-24 12:00:00+00:00,3.1975,3.2031,3.13,3.1505,59206603.0
2025-01-24 18:00:00+00:00,3.1504,3.1648,3.0828,3.1009,50668849.0
2025-01-25 00:00:00+00:00,3.1008,3.136,3.0949,3.1082,25724039.0
2025-01-25 06:00:00+00:00,3.1082,3.1167,3.0784,3.1145,21900466.0
2025-01-25 12:00:00+00:00,3.1145,3.1446,3.1031,3.1193,29319520.0
2025-01-25 18:00:00+00:00,3.1193,3.1431,3.1038,3.108,22545832.0
2025-01-26 00:00:00+00:00,3.1079,3.1443,3.105,3.1304,24384459.0
2025-01-26 06:00:00+00:00,3.1304,3.1442,3.1103,3.1303,26262348.0
2025-01-26 12:00:00+00:00,3.1303,3.1304,3.107,3.12,21719655.0
2025-01-26 18:00:00+00:00,3.12,3.1375,3.0115,3.0223,56571351.0
2025-01-27 00:00:00+00:00,3.0222,3.0394,2.9035,2.9355,112346514.0
2025-01-27 06:00:00+00:00,2.9355,2.9477,2.6559,2.7886,289528649.0
2025-01-27 12:00:00+00:00,2.7886,3.0261,2.77,2.9135,181306393.0
2025-01-27 18:00:00+00:00,2.9136,3.0587,2.8772,3.0552,76874618.0
2025-01-28 00:00:00+00:00,3.0552,3.1509,3.0062,3.103,84078196.0
2025-01-28 06:00:00+00:00,3.1031,3.1446,3.0717,3.137,66393289.0
2025-01-28 12:00:00+00:00,3.1371,3.214,3.1151,3.1548,128369704.0
2025-01-28 18:00:00+00:00,3.1549,3.179,3.0124,3.0572,90629597.0
2025-01-29 00:00:00+00:00,3.0572,3.1208,3.0551,3.1197,34577667.0
2025-01-29 06:00:00+00:00,3.1197,3.1296,3.0712,3.0867,42677755.0
2025-01-29 12:00:00+00:00,3.0867,3.1005,3.0161,3.0417,56819173.0
2025-01-29 18:00:00+00:00,3.0418,3.1363,2.9673,3.0683,120682060.0
2025-01-30 00:00:00+00:00,3.0683,3.1356,3.0466,3.1165,43293389.0
2025-01-30 06:00:00+00:00,3.1166,3.1258,3.0964,3.102,34273013.0
2025-01-30 12:00:00+00:00,3.102,3.1544,3.0828,3.1146,54281306.0
2025-01-30 18:00:00+00:00,3.1147,3.154,3.0991,3.1276,41295606.0
2025-01-31 00:00:00+00:00,3.1276,3.1333,3.071,3.0881,36101651.0
2025-01-31 06:00:00+00:00,3.088,3.1022,3.0588,3.0983,33137133.0
2025-01-31 12:00:00+00:00,3.0982,3.1148,3.0705,3.0757,38056865.0
2025-01-31 18:00:00+00:00,3.0757,3.08,3.003,3.0361,54939673.0
2025-02-01 00:00:00+00:00,3.0361,3.0727,3.0263,3.0552,19571637.0
2025-02-01 06:00:00+00:00,3.0551,3.0551,2.9466,2.9947,48314449.0
2025-02-01 12:00:00+00:00,2.9947,3.0083,2.9506,2.9937,33275693.0
2025-02-01 18:00:00+00:00,2.9938,2.996,2.8281,2.8778,72439625.0
2025-02-02 00:00:00+00:00,2.8779,2.9559,2.8221,2.8992,77545648.0
2025-02-02 06:00:00+00:00,2.8992,2.9272,2.7823,2.7871,58835572.0
2025-02-02 12:00:00+00:00,2.7871,2.8501,2.5233,2.5742,211634773.0
2025-02-02 18:00:00+00:00,2.5742,2.7207,2.4603,2.58,336073019.0
2025-02-03 00:00:00+00:00,2.5801,2.5813,1.7711,2.2932,986358187.0
2025-02-03 06:00:00+00:00,2.2932,2.4531,2.2536,2.372,249210772.0
2025-02-03 12:00:00+00:00,2.372,2.6953,2.2067,2.6748,462133232.0
2025-02-03 18:00:00+00:00,2.6747,2.7814,2.6295,2.7001,169056781.0
2025-02-04 00:00:00+00:00,2.7,2.7874,2.5033,2.5253,172917484.0
2025-02-04 06:00:00+00:00,2.5254,2.6334,2.472,2.5903,138684365.0
2025-02-04 12:00:00+00:00,2.5903,2.6863,2.5848,2.6272,108588014.0
2025-02-04 18:00:00+00:00,2.6273,2.7105,2.4209,2.5274,201363102.0
2025-02-05 00:00:00+00:00,2.5275,2.5646,2.4702,2.5348,62800293.0
2025-02-05 06:00:00+00:00,2.5348,2.556,2.4862,2.5496,54764756.0
2025-02-05 12:00:00+00:00,2.5496,2.5692,2.3877,2.3907,105122447.0
2025-02-05 18:00:00+00:00,2.3908,2.4631,2.3384,2.381,116127597.0
2025-02-06 00:00:00+00:00,2.381,2.4485,2.3758,2.4342,45174640.0
2025-02-06 06:00:00+00:00,2.4343,2.4699,2.4131,2.449,63134449.0
2025-02-06 12:00:00+00:00,2.4489,2.453,2.2855,2.3232,140012684.0
2025-02-06 18:00:00+00:00,2.3233,2.365,2.2772,2.325,74575164.0
2025-02-07 00:00:00+00:00,2.3251,2.374,2.3109,2.352,46888827.0
2025-02-07 06:00:00+00:00,2.3521,2.4333,2.2655,2.4185,93697556.0
2025-02-07 12:00:00+00:00,2.4185,2.542,2.3732,2.4289,210807055.0
2025-02-07 18:00:00+00:00,2.429,2.5062,2.3466,2.3968,96094507.0
2025-02-08 00:00:00+00:00,2.3969,2.4277,2.3506,2.3769,41141730.0
2025-02-08 06:00:00+00:00,2.377,2.418,2.3582,2.4105,38963512.0
2025-02-08 12:00:00+00:00,2.4105,2.435,2.3778,2.4201,45087698.0
2025-02-08 18:00:00+00:00,2.4202,2.4372,2.4031,2.419,29524264.0
2025-02-09 00:00:00+00:00,2.419,2.5079,2.4074,2.468,44837269.0
2025-02-09 06:00:00+00:00,2.4681,2.4967,2.4381,2.4386,34737629.0
2025-02-09 12:00:00+00:00,2.4387,2.4488,2.3795,2.4097,49290069.0
2025-02-09 18:00:00+00:00,2.4096,2.4227,2.3113,2.3928,75340636.0
2025-02-10 00:00:00+00:00,2.3928,2.437,2.3235,2.4017,80065641.0
2025-02-10 06:00:00+00:00,2.4018,2.4534,2.3842,2.4285,49860220.0
2025-02-10 12:00:00+00:00,2.4286,2.4733,2.4051,2.4375,53939686.0
2025-02-10 18:00:00+00:00,2.4374,2.4458,2.4085,2.4237,23392386.0
2025-02-11 00:00:00+00:00,2.4238,2.52,2.42,2.5168,55909786.0
2025-02-11 06:00:00+00:00,2.5167,2.529,2.4736,2.4964,65258447.0
2025-02-11 12:00:00+00:00,2.4964,2.4991,2.4185,2.4296,60432989.0
2025-02-11 18:00:00+00:00,2.4296,2.4464,2.3708,2.4131,66580954.0
2025-02-12 00:00:00+00:00,2.413,2.4271,2.3804,2.4096,35826799.0
2025-02-12 06:00:00+00:00,2.4097,2.4333,2.393,2.4213,28891097.0
2025-02-12 12:00:00+00:00,2.4213,2.4664,2.3323,2.4541,124413941.0
2025-02-12 18:00:00+00:00,2.4542,2.4962,2.4284,2.4734,38825799.0
2025-02-13 00:00:00+00:00,2.4734,2.4862,2.4515,2.469,30688302.0
2025-02-13 06:00:00+00:00,2.469,2.4727,2.4195,2.444,36241699.0
2025-02-13 12:00:00+00:00,2.4441,2.4709,2.4154,2.4299,48947750.0
2025-02-13 18:00:00+00:00,2.4299,2.6061,2.4226,2.5599,96600952.0
2025-02-14 00:00:00+00:00,2.56,2.598,2.53,2.5578,55273141.0
2025-02-14 06:00:00+00:00,2.5577,2.7895,2.5382,2.7324,156991020.0
2025-02-14 12:00:00+00:00,2.7324,2.7628,2.6797,2.7451,98727612.0
2025-02-14 18:00:00+00:00,2.7452,2.8356,2.6917,2.7384,96549349.0
2025-02-15 00:00:00+00:00,2.7384,2.8335,2.7235,2.7864,57190090.0
2025-02-15 06:00:00+00:00,2.7864,2.818,2.746,2.7972,44591846.0
2025-02-15 12:00:00+00:00,2.7973,2.8248,2.7385,2.7485,53445215.0
2025-02-15 18:00:00+00:00,2.7484,2.7785,2.713,2.7619,28954756.0
2025-02-16 00:00:00+00:00,2.7619,2.8054,2.7552,2.7931,28908915.0
2025-02-16 06:00:00+00:00,2.793,2.8011,2.74,2.7642,32120271.0
2025-02-16 12:00:00+00:00,2.7642,2.7673,2.6969,2.7305,33280552.0
2025-02-16 18:00:00+00:00,2.7304,2.7683,2.6879,2.7283,38078259.0
2025-02-17 00:00:00+00:00,2.7283,2.7648,2.6546,2.6915,54756742.0
2025-02-17 06:00:00+00:00,2.6915,2.7037,2.6357,2.6727,52876604.0
2025-02-17 12:00:00+00:00,2.6727,2.7323,2.6075,2.6533,68741475.0
2025-02-17 18:00:00+00:00,2.6534,2.686,2.6111,2.6599,36438535.0
2025-02-18 00:00:00+00:00,2.6599,2.6699,2.6035,2.6088,34451330.0
2025-02-18 06:00:00+00:00,2.6088,2.6117,2.5414,2.5735,67279266.0
2025-02-18 12:00:00+00:00,2.5736,2.631,2.4693,2.5046,77733468.0
2025-02-18 18:00:00+00:00,2.5045,2.5683,2.4883,2.5628,47705955.0
2025-02-19 00:00:00+00:00,2.5629,2.5779,2.5121,2.5309,42739608.0
2025-02-19 06:00:00+00:00,2.5309,2.6322,2.5215,2.6152,44128122.0
2025-02-19 12:00:00+00:00,2.6152,2.692,2.5732,2.6757,61155458.0
2025-02-19 18:00:00+00:00,2.6757,2.747,2.633,2.7378,60199503.0
2025-02-20 00:00:00+00:00,2.7378,2.749,2.6813,2.7186,48254207.0
2025-02-20 06:00:00+00:00,2.7186,2.7247,2.6701,2.6813,35349659.0
2025-02-20 12:00:00+00:00,2.6813,2.7473,2.6671,2.7039,47664808.0
2025-02-20 18:00:00+00:00,2.704,2.7283,2.6699,2.6877,29945001.0
2025-02-21 00:00:00+00:00,2.6878,2.6931,2.6396,2.6485,32171651.0
2025-02-21 06:00:00+00:00,2.6485,2.695,2.6436,2.6507,37803369.0
2025-02-21 12:00:00+00:00,2.6508,2.716,2.558,2.5688,113915362.0
2025-02-21 18:00:00+00:00,2.5687,2.5858,2.5076,2.5721,73863825.0
2025-02-22 00:00:00+00:00,2.5722,2.5987,2.5505,2.583,31089442.0
2025-02-22 06:00:00+00:00,2.583,2.5967,2.5641,2.5886,23225563.0
2025-02-22 12:00:00+00:00,2.5887,2.606,2.5784,2.606,18398946.0
2025-02-22 18:00:00+00:00,2.6059,2.6099,2.5678,2.574,19802701.0
2025-02-23 00:00:00+00:00,2.574,2.575,2.5408,2.5646,23430150.0
2025-02-23 06:00:00+00:00,2.5646,2.6016,2.5608,2.5693,20793619.0
2025-02-23 12:00:00+00:00,2.5693,2.5743,2.5201,2.5592,29106243.0
2025-02-23 18:00:00+00:00,2.5592,2.5836,2.5415,2.5763,18067997.0
2025-02-24 00:00:00+00:00,2.5763,2.609,2.4424,2.4943,72597269.0
2025-02-24 06:00:00+00:00,2.4944,2.5007,2.433,2.4881,54916606.0
2025-02-24 12:00:00+00:00,2.4882,2.4984,2.402,2.4644,73361673.0
2025-02-24 18:00:00+00:00,2.4643,2.4747,2.2336,2.2783,150159233.0
2025-02-25 00:00:00+00:00,2.2784,2.3367,2.211,2.305,134989112.0
2025-02-25 06:00:00+00:00,2.305,2.31,2.0637,2.1893,315585239.0
2025-02-25 12:00:00+00:00,2.1893,2.2794,2.1562,2.2206,195145944.0
2025-02-25 18:00:00+00:00,2.2207,2.3663,2.1838,2.3222,116701282.0
2025-02-26 00:00:00+00:00,2.3222,2.3314,2.2634,2.2791,60941504.0
2025-02-26 06:00:00+00:00,2.279,2.3226,2.2644,2.2802,56894952.0
2025-02-26 12:00:00+00:00,2.2803,2.304,2.1948,2.2136,125498659.0
2025-02-26 18:00:00+00:00,2.2135,2.2472,2.1507,2.1982,120790450.0
2025-02-27 00:00:00+00:00,2.1983,2.2194,2.16,2.2165,59877490.0
2025-02-27 06:00:00+00:00,2.2164,2.2577,2.2018,2.2394,52246968.0
2025-02-27 12:00:00+00:00,2.2395,2.2467,2.1668,2.2034,63468664.0
2025-02-27 18:00:00+00:00,2.2034,2.2375,2.1453,2.1985,54148804.0
2025-02-28 00:00:00+00:00,2.1985,2.2017,1.9953,2.0268,189489073.0
2025-02-28 06:00:00+00:00,2.0268,2.0603,1.951,2.0316,113760198.0
2025-02-28 12:00:00+00:00,2.0315,2.1646,2.013,2.1277,114346213.0
2025-02-28 18:00:00+00:00,2.1277,2.1624,2.1152,2.1453,45570855.0
2025-03-01 00:00:00+00:00,2.1454,2.2199,2.1216,2.1865,52232475.0
2025-03-01 06:00:00+00:00,2.1866,2.1938,2.1415,2.1606,33206806.0
2025-03-01 12:00:00+00:00,2.1607,2.1719,2.1214,2.1422,28817737.0
2025-03-01 18:00:00+00:00,2.1422,2.2094,2.136,2.1916,31331173.0
2025-03-02 00:00:00+00:00,2.1917,2.284,2.1735,2.2656,45107184.0
2025-03-02 06:00:00+00:00,2.2656,2.2986,2.2528,2.2748,34762003.0
2025-03-02 12:00:00+00:00,2.2748,2.999,2.2202,2.8736,537812572.0
2025-03-02 18:00:00+00:00,2.8735,2.9626,2.7454,2.9396,189273860.0
2025-03-03 00:00:00+00:00,2.9395,2.9676,2.7625,2.8131,132316974.0
2025-03-03 06:00:00+00:00,2.8131,2.8148,2.5259,2.6337,198046010.0
2025-03-03 12:00:00+00:00,2.6337,2.7159,2.555,2.598,166149543.0
2025-03-03 18:00:00+00:00,2.598,2.6016,2.2976,2.3873,274277609.0
2025-03-04 00:00:00+00:00,2.3873,2.4225,2.2123,2.3591,151190014.0
2025-03-04 06:00:00+00:00,2.3592,2.4137,2.3018,2.3597,86912290.0
2025-03-04 12:00:00+00:00,2.3596,2.5262,2.2887,2.447,233342172.0
2025-03-04 18:00:00+00:00,2.447,2.5388,2.4273,2.4543,98470617.0
2025-03-05 00:00:00+00:00,2.4542,2.5409,2.4287,2.432,67576823.0
2025-03-05 06:00:00+00:00,2.432,2.5399,2.408,2.4791,66969739.0
2025-03-05 12:00:00+00:00,2.4792,2.5079,2.4188,2.489,86985136.0
2025-03-05 18:00:00+00:00,2.489,2.5173,2.4681,2.4998,33374269.0
2025-03-06 00:00:00+00:00,2.4998,2.5549,2.4707,2.525,52036867.0
2025-03-06 06:00:00+00:00,2.5251,2.6461,2.5007,2.611,81118077.0
2025-03-06 12:00:00+00:00,2.6111,2.64,2.5265,2.5503,109653322.0
2025-03-06 18:00:00+00:00,2.5503,2.6262,2.5495,2.6001,50686732.0
2025-03-07 00:00:00+00:00,2.6,2.6217,2.3737,2.5054,163912319.0
2025-03-07 06:00:00+00:00,2.5055,2.5699,2.4819,2.5302,49907628.0
2025-03-07 12:00:00+00:00,2.5303,2.557,2.3839,2.4466,137437229.0
2025-03-07 18:00:00+00:00,2.4467,2.5347,2.3435,2.3855,102976918.0
2025-03-08 00:00:00+00:00,2.3855,2.4106,2.3274,2.349,41997173.0
2025-03-08 06:00:00+00:00,2.3489,2.3747,2.3013,2.3164,27001421.0
2025-03-08 12:00:00+00:00,2.3164,2.366,2.3063,2.348,30742515.0
2025-03-08 18:00:00+00:00,2.348,2.3635,2.3136,2.3261,19299835.0
2025-03-09 00:00:00+00:00,2.3262,2.351,2.3055,2.3329,20788483.0
2025-03-09 06:00:00+00:00,2.333,2.3439,2.2399,2.2547,46813296.0
2025-03-09 12:00:00+00:00,2.2547,2.2563,2.1022,2.1048,109864229.0
2025-03-09 18:00:00+00:00,2.1049,2.2062,2.083,2.1387,99245044.0
2025-03-10 00:00:00+00:00,2.1388,2.2037,2.0872,2.1946,69901055.0
2025-03-10 06:00:00+00:00,2.1947,2.2613,2.1291,2.2138,85064208.0
2025-03-10 12:00:00+00:00,2.2139,2.226,2.0211,2.0506,129756219.0
2025-03-10 18:00:00+00:00,2.0505,2.0963,1.9925,2.0216,106502149.0
2025-03-11 00:00:00+00:00,2.0216,2.1314,1.9,2.101,134820757.0
2025-03-11 06:00:00+00:00,2.101,2.1646,2.0808,2.156,55306770.0
2025-03-11 12:00:00+00:00,2.1559,2.1607,2.0559,2.1002,126261983.0
2025-03-11 18:00:00+00:00,2.1001,2.2138,2.0991,2.1711,66030734.0
2025-03-12 00:00:00+00:00,2.171,2.2464,2.1432,2.1827,60043243.0
2025-03-12 06:00:00+00:00,2.1828,2.2372,2.1454,2.2143,51683544.0
2025-03-12 12:00:00+00:00,2.2143,2.2769,2.1333,2.2069,128339348.0
2025-03-12 18:00:00+00:00,2.207,2.2468,2.2037,2.2396,37494275.0
2025-03-13 00:00:00+00:00,2.2395,2.2588,2.221,2.2348,33674185.0
2025-03-13 06:00:00+00:00,2.2348,2.2889,2.2137,2.2841,49199255.0
2025-03-13 12:00:00+00:00,2.2841,2.347,2.2151,2.2219,122628801.0
2025-03-13 18:00:00+00:00,2.2219,2.2761,2.2185,2.2527,38394352.0
2025-03-14 00:00:00+00:00,2.2526,2.3096,2.2371,2.3008,49988764.0
2025-03-14 06:00:00+00:00,2.3008,2.3322,2.2799,2.3165,40988996.0
2025-03-14 12:00:00+00:00,2.3166,2.3893,2.2965,2.3465,80890874.0
2025-03-14 18:00:00+00:00,2.3464,2.3727,2.3313,2.3564,25417835.0
2025-03-15 00:00:00+00:00,2.3564,2.4751,2.3525,2.4265,48950938.0
2025-03-15 06:00:00+00:00,2.4265,2.4411,2.3734,2.4252,47114704.0
2025-03-15 12:00:00+00:00,2.4253,2.4539,2.4079,2.4184,31284275.0
2025-03-15 18:00:00+00:00,2.4184,2.4219,2.3826,2.3911,22707019.0
2025-03-16 00:00:00+00:00,2.3911,2.4109,2.3627,2.3927,25193693.0
2025-03-16 06:00:00+00:00,2.3927,2.396,2.2875,2.2981,42387216.0
2025-03-16 12:00:00+00:00,2.2981,2.352,2.2677,2.3209,57687729.0
2025-03-16 18:00:00+00:00,2.321,2.3342,2.2828,2.2938,26706119.0
2025-03-17 00:00:00+00:00,2.2938,2.37,2.2915,2.3283,31245860.0
2025-03-17 06:00:00+00:00,2.3284,2.3557,2.307,2.3387,28317234.0
2025-03-17 12:00:00+00:00,2.3387,2.3679,2.3069,2.3558,46424934.0
2025-03-17 18:00:00+00:00,2.3557,2.3788,2.3346,2.3382,27935468.0
2025-03-18 00:00:00+00:00,2.3381,2.3399,2.2742,2.2899,45843207.0
2025-03-18 06:00:00+00:00,2.2899,2.3052,2.2432,2.2619,44609224.0
2025-03-18 12:00:00+00:00,2.2619,2.268,2.2225,2.2293,48190896.0
2025-03-18 18:00:00+00:00,2.2293,2.2949,2.2267,2.2851,26075972.0
2025-03-19 00:00:00+00:00,2.2851,2.3081,2.2653,2.2994,24762840.0
2025-03-19 06:00:00+00:00,2.2995,2.3488,2.2828,2.3363,37167180.0
2025-03-19 12:00:00+00:00,2.3362,2.59,2.3172,2.4912,303388408.0
2025-03-19 18:00:00+00:00,2.4912,2.5672,2.4525,2.5469,96863387.0
2025-03-20 00:00:00+00:00,2.5469,2.5638,2.4312,2.4491,62971063.0
2025-03-20 06:00:00+00:00,2.4492,2.5182,2.4438,2.4909,53760364.0
2025-03-20 12:00:00+00:00,2.4909,2.5186,2.389,2.4261,79575805.0
2025-03-20 18:00:00+00:00,2.4261,2.455,2.4131,2.4361,29265860.0
2025-03-21 00:00:00+00:00,2.436,2.4669,2.4082,2.4198,34597520.0
2025-03-21 06:00:00+00:00,2.4199,2.4205,2.3713,2.3883,45486246.0
2025-03-21 12:00:00+00:00,2.3882,2.4085,2.3564,2.4027,40590356.0
2025-03-21 18:00:00+00:00,2.4028,2.4242,2.3746,2.3809,22358944.0
2025-03-22 00:00:00+00:00,2.3809,2.407,2.3735,2.3934,15335793.0
2025-03-22 06:00:00+00:00,2.3934,2.417,2.3849,2.3939,18708909.0
2025-03-22 12:00:00+00:00,2.3938,2.397,2.3668,2.3921,17862688.0
2025-03-22 18:00:00+00:00,2.3921,2.3932,2.3594,2.3711,17176175.0
2025-03-23 00:00:00+00:00,2.3712,2.3925,2.365,2.3883,15768768.0
2025-03-23 06:00:00+00:00,2.3882,2.4282,2.3849,2.4052,23268946.0
2025-03-23 12:00:00+00:00,2.4051,2.4236,2.3938,2.4005,21766152.0
2025-03-23 18:00:00+00:00,2.4005,2.4409,2.3859,2.4393,21367780.0
2025-03-24 00:00:00+00:00,2.4392,2.4694,2.4134,2.4523,38155510.0
2025-03-24 06:00:00+00:00,2.4524,2.4772,2.4383,2.4594,36616228.0
2025-03-24 12:00:00+00:00,2.4595,2.5044,2.4422,2.4692,44336796.0
2025-03-24 18:00:00+00:00,2.4692,2.477,2.4273,2.4501,21482856.0
2025-03-25 00:00:00+00:00,2.4501,2.4665,2.4071,2.4299,26563707.0
2025-03-25 06:00:00+00:00,2.43,2.45,2.4128,2.4446,22044970.0
2025-03-25 12:00:00+00:00,2.4447,2.4783,2.4243,2.4638,36676504.0
2025-03-25 18:00:00+00:00,2.4638,2.4754,2.4335,2.4492,22021160.0
2025-03-26 00:00:00+00:00,2.4491,2.4794,2.4354,2.4561,23900768.0
2025-03-26 06:00:00+00:00,2.4561,2.4729,2.4494,2.4567,29434752.0
2025-03-26 12:00:00+00:00,2.4567,2.4592,2.379,2.389,49222979.0
2025-03-26 18:00:00+00:00,2.389,2.3932,2.328,2.3494,38254583.0
2025-03-27 00:00:00+00:00,2.3494,2.39,2.3451,2.3575,27835139.0
2025-03-27 06:00:00+00:00,2.3575,2.3799,2.3392,2.3432,25453328.0
2025-03-27 12:00:00+00:00,2.3431,2.367,2.3021,2.3219,46858294.0
2025-03-27 18:00:00+00:00,2.3218,2.36,2.3193,2.341,21760041.0
2025-03-28 00:00:00+00:00,2.3411,2.3433,2.2461,2.2525,48266436.0
2025-03-28 06:00:00+00:00,2.2525,2.2677,2.1945,2.2271,60920090.0
2025-03-28 12:00:00+00:00,2.227,2.2462,2.1535,2.1806,69381073.0
2025-03-28 18:00:00+00:00,2.1807,2.2119,2.1587,2.2073,32822082.0
2025-03-29 00:00:00+00:00,2.2072,2.2267,2.129,2.1554,34129131.0
2025-03-29 06:00:00+00:00,2.1554,2.1558,2.0607,2.0871,71055892.0
2025-03-29 12:00:00+00:00,2.088,2.1409,2.0717,2.1123,56874991.0
2025-03-29 18:00:00+00:00,2.1122,2.1426,2.102,2.1351,26284689.0
2025-03-30 00:00:00+00:00,2.1352,2.2142,2.1159,2.1786,43395479.0
2025-03-30 06:00:00+00:00,2.1785,2.1989,2.1538,2.1626,30320916.0
2025-03-30 12:00:00+00:00,2.1626,2.1692,2.115,2.1311,39159855.0
2025-03-30 18:00:00+00:00,2.1312,2.1711,2.1077,2.1369,30560316.0
2025-03-31 00:00:00+00:00,2.1371,2.141,2.0713,2.1015,50538774.0
2025-03-31 06:00:00+00:00,2.1016,2.1057,2.0238,2.0826,73069500.0
2025-03-31 12:00:00+00:00,2.0827,2.1415,2.0594,2.093,68944606.0
2025-03-31 18:00:00+00:00,2.0931,2.125,2.0751,2.0899,32807031.0
2025-04-01 00:00:00+00:00,2.0899,2.12,2.065,2.1032,31204289.0
2025-04-01 06:00:00+00:00,2.1032,2.1999,2.0892,2.134,83886209.0
2025-04-01 12:00:00+00:00,2.134,2.1828,2.0942,2.144,66021609.0
2025-04-01 18:00:00+00:00,2.1439,2.1538,2.121,2.1387,25037852.0
2025-04-02 00:00:00+00:00,2.1387,2.1397,2.072,2.0728,35090617.0
2025-04-02 06:00:00+00:00,2.0728,2.1366,2.0672,2.1141,40841956.0
2025-04-02 12:00:00+00:00,2.114,2.1955,2.0983,2.1405,90502099.0
2025-04-02 18:00:00+00:00,2.1404,2.233,1.9841,2.0237,146468110.0
2025-04-03 00:00:00+00:00,2.0237,2.082,2.0073,2.058,80919872.0
2025-04-03 06:00:00+00:00,2.058,2.0619,2.0137,2.0339,65655915.0
2025-04-03 12:00:00+00:00,2.034,2.0424,1.96,2.0201,100083424.0
2025-04-03 18:00:00+00:00,2.0201,2.075,2.0106,2.0648,36389938.0
2025-04-04 00:00:00+00:00,2.0648,2.0784,2.0361,2.0746,35079165.0
2025-04-04 06:00:00+00:00,2.0746,2.1029,2.016,2.0479,67224111.0
2025-04-04 12:00:00+00:00,2.0479,2.1626,2.0381,2.1415,113870347.0
2025-04-04 18:00:00+00:00,2.1415,2.1548,2.1128,2.1302,33365236.0
2025-04-05 00:00:00+00:00,2.1303,2.1441,2.1139,2.1312,13628326.0
2025-04-05 06:00:00+00:00,2.1313,2.1705,2.1232,2.1605,22256925.0
2025-04-05 12:00:00+00:00,2.1604,2.1764,2.1163,2.1247,31109636.0
2025-04-05 18:00:00+00:00,2.1247,2.1483,2.1166,2.1442,12044522.0
2025-04-06 00:00:00+00:00,2.1443,2.1592,2.1219,2.1299,14436525.0
2025-04-06 06:00:00+00:00,2.13,2.1321,2.0777,2.0851,27193164.0
2025-04-06 12:00:00+00:00,2.0851,2.0949,2.0259,2.0335,39916460.0
2025-04-06 18:00:00+00:00,2.0336,2.0373,1.8625,1.9218,165760171.0
2025-04-07 00:00:00+00:00,1.9218,1.9542,1.7504,1.7637,160014725.0
2025-04-07 06:00:00+00:00,1.7637,1.8153,1.6134,1.7653,318754410.0
2025-04-07 12:00:00+00:00,1.7654,2.0109,1.747,1.9134,313827130.0
2025-04-07 18:00:00+00:00,1.9137,1.9503,1.8815,1.8987,69685969.0
2025-04-08 00:00:00+00:00,1.8986,1.9356,1.8594,1.8937,50245075.0
2025-04-08 06:00:00+00:00,1.8936,1.9704,1.8478,1.9596,68261333.0
2025-04-08 12:00:00+00:00,1.9596,1.975,1.8054,1.8642,134996413.0
2025-04-08 18:00:00+00:00,1.8643,1.8813,1.777,1.7963,77555523.0
2025-04-09 00:00:00+00:00,1.7965,1.8171,1.7218,1.8021,114099835.0
2025-04-09 06:00:00+00:00,1.8021,1.8454,1.7637,1.7818,78126813.0
2025-04-09 12:00:00+00:00,1.7818,2.0845,1.765,2.0707,212028382.0
2025-04-09 18:00:00+00:00,2.0707,2.0897,2.0024,2.0529,113459884.0
2025-04-10 00:00:00+00:00,2.0529,2.0572,1.9708,2.0053,58949408.0
2025-04-10 06:00:00+00:00,2.0053,2.0176,1.9744,2.0,39539714.0
2025-04-10 12:00:00+00:00,1.9999,2.0449,1.9223,1.9404,93714473.0
2025-04-10 18:00:00+00:00,1.9405,1.9976,1.9366,1.9658,32487953.0
2025-04-11 00:00:00+00:00,1.9657,2.0123,1.9475,2.0013,35290763.0
2025-04-11 06:00:00+00:00,2.0014,2.034,1.9912,2.0095,42516279.0
2025-04-11 12:00:00+00:00,2.0096,2.0459,1.9844,2.0402,55894158.0
2025-04-11 18:00:00+00:00,2.0402,2.0647,2.0125,2.0225,41430311.0
2025-04-12 00:00:00+00:00,2.0225,2.0367,2.0033,2.0329,18608494.0
2025-04-12 06:00:00+00:00,2.0328,2.0747,2.0328,2.0619,30383652.0
2025-04-12 12:00:00+00:00,2.0618,2.1862,2.0599,2.1191,88037179.0
2025-04-12 18:00:00+00:00,2.1191,2.1665,2.1189,2.1598,24827452.0
2025-04-13 00:00:00+00:00,2.1597,2.174,2.1268,2.1375,27373895.0
2025-04-13 06:00:00+00:00,2.1376,2.2475,2.132,2.201,58182176.0
2025-04-13 12:00:00+00:00,2.2011,2.2062,2.1312,2.1746,55396573.0
2025-04-13 18:00:00+00:00,2.1746,2.1853,2.0801,2.1196,53146043.0
2025-04-14 00:00:00+00:00,2.1196,2.1804,2.1124,2.1338,36183756.0
2025-04-14 06:00:00+00:00,2.1337,2.1568,2.1038,2.1562,34076651.0
2025-04-14 12:00:00+00:00,2.1562,2.1785,2.1057,2.1523,49514406.0
2025-04-14 18:00:00+00:00,2.1524,2.165,2.1226,2.1275,18798200.0
2025-04-15 00:00:00+00:00,2.1276,2.16,2.1166,2.1474,23962304.0
2025-04-15 06:00:00+00:00,2.1473,2.1853,2.1323,2.1515,32025066.0
2025-04-15 12:00:00+00:00,2.1515,2.185,2.113,2.1159,45354675.0
2025-04-15 18:00:00+00:00,2.1159,2.1308,2.0837,2.0842,29940769.0
2025-04-16 00:00:00+00:00,2.0843,2.098,2.0637,2.0641,31568702.0
2025-04-16 06:00:00+00:00,2.0641,2.0901,2.0355,2.0892,38597170.0
2025-04-16 12:00:00+00:00,2.0892,2.13,2.0469,2.0528,49756848.0
2025-04-16 18:00:00+00:00,2.0528,2.1185,2.0518,2.0834,32781960.0
2025-04-17 00:00:00+00:00,2.0834,2.1036,2.0625,2.0964,18242403.0
2025-04-17 06:00:00+00:00,2.0964,2.1104,2.0863,2.1025,22133359.3
2025-04-17 12:00:00+00:00,2.1026,2.1146,2.0573,2.0937,38628265.8
2025-04-17 18:00:00+00:00,2.0937,2.1046,2.0524,2.0673,24276355.2
2025-04-18 00:00:00+00:00,2.0673,2.0692,2.0434,2.0642,16040436.9
2025-04-18 06:00:00+00:00,2.0642,2.0812,2.0537,2.0802,17013208.2
2025-04-18 12:00:00+00:00,2.0802,2.0859,2.0551,2.0789,21032786.8
2025-04-18 18:00:00+00:00,2.079,2.0896,2.0552,2.0619,18644441.6
2025-04-19 00:00:00+00:00,2.0619,2.0948,2.0586,2.0839,13781349.5
2025-04-19 06:00:00+00:00,2.0839,2.0975,2.0773,2.0814,12118066.9
2025-04-19 12:00:00+00:00,2.0814,2.093,2.0654,2.0851,13886866.5
2025-04-19 18:00:00+00:00,2.085,2.0948,2.0802,2.0877,10376850.7
2025-04-20 00:00:00+00:00,2.0877,2.0945,2.0776,2.0801,9963186.6
2025-04-20 06:00:00+00:00,2.08,2.0842,2.0388,2.0432,28259302.0
2025-04-20 12:00:00+00:00,2.0432,2.0614,2.0411,2.0568,17145150.9
2025-04-20 18:00:00+00:00,2.0567,2.0915,2.055,2.0787,21980911.8
2025-04-21 00:00:00+00:00,2.0786,2.13,2.0768,2.1266,43359226.1
2025-04-21 06:00:00+00:00,2.1267,2.1409,2.108,2.118,26126765.6
2025-04-21 12:00:00+00:00,2.118,2.1388,2.0594,2.0731,41642050.9
2025-04-21 18:00:00+00:00,2.0731,2.0906,2.0669,2.0855,21374647.1
2025-04-22 00:00:00+00:00,2.0855,2.104,2.0638,2.0789,23603596.5
2025-04-22 06:00:00+00:00,2.0789,2.108,2.0679,2.0993,29295642.1
2025-04-22 12:00:00+00:00,2.0993,2.1928,2.0943,2.1607,84708710.0
2025-04-22 18:00:00+00:00,2.1607,2.2504,2.1415,2.2139,78184697.7
2025-04-23 00:00:00+00:00,2.2138,2.2495,2.1938,2.2246,53701508.6
2025-04-23 06:00:00+00:00,2.2246,2.301,2.2209,2.2599,60299237.5
2025-04-23 12:00:00+00:00,2.2599,2.2977,2.1902,2.2376,84159631.2
2025-04-23 18:00:00+00:00,2.2375,2.2512,2.2001,2.2184,22255194.1
2025-04-24 00:00:00+00:00,2.2183,2.224,2.168,2.1765,28622393.8
2025-04-24 06:00:00+00:00,2.1765,2.1824,2.1166,2.1555,49490014.5
2025-04-24 12:00:00+00:00,2.1556,2.2354,2.1514,2.1998,86351772.8
2025-04-24 18:00:00+00:00,2.1998,2.2132,2.1864,2.2049,20477240.3
2025-04-25 00:00:00+00:00,2.2049,2.2174,2.1634,2.1808,31041974.1
2025-04-25 06:00:00+00:00,2.1808,2.2099,2.1788,2.2044,32288687.8
2025-04-25 12:00:00+00:00,2.2043,2.2193,2.1721,2.1866,52513295.0
2025-04-25 18:00:00+00:00,2.1867,2.2014,2.1763,2.1812,18170570.0
2025-04-26 00:00:00+00:00,2.1812,2.2038,2.1796,2.1917,18739550.0
2025-04-26 06:00:00+00:00,2.1916,2.2483,2.1859,2.1938,44022906.2
2025-04-26 12:00:00+00:00,2.1938,2.2069,2.1827,2.2008,17305478.4
2025-04-26 18:00:00+00:00,2.2007,2.2029,2.186,2.1912,9599537.8
2025-04-27 00:00:00+00:00,2.1912,2.205,2.1581,2.1691,28031227.0
2025-04-27 06:00:00+00:00,2.1692,2.1837,2.1657,2.1804,10484399.7
2025-04-27 12:00:00+00:00,2.1803,2.2721,2.1735,2.231,88228237.1
2025-04-27 18:00:00+00:00,2.2311,2.2948,2.2309,2.252,50157390.8
2025-04-28 00:00:00+00:00,2.2521,2.2866,2.2184,2.2727,41840893.6
2025-04-28 06:00:00+00:00,2.2727,2.363,2.2687,2.3189,75698164.4
2025-04-28 12:00:00+00:00,2.3189,2.3289,2.25,2.2818,51476068.3
2025-04-28 18:00:00+00:00,2.2817,2.3061,2.2666,2.2949,19767846.3
2025-04-29 00:00:00+00:00,2.295,2.3147,2.2647,2.2658,26020147.7
2025-04-29 06:00:00+00:00,2.2657,2.3052,2.265,2.2915,23786193.3
2025-04-29 12:00:00+00:00,2.2915,2.3044,2.2636,2.2964,28717165.0
2025-04-29 18:00:00+00:00,2.2964,2.3014,2.2217,2.238,30498326.7
2025-04-30 00:00:00+00:00,2.2379,2.2588,2.2245,2.2489,23600688.8
2025-04-30 06:00:00+00:00,2.2489,2.2508,2.2075,2.2385,29789589.5
2025-04-30 12:00:00+00:00,2.2386,2.2389,2.1235,2.18,82737373.2
2025-04-30 18:00:00+00:00,2.18,2.2144,2.1764,2.1908,33033527.3
2025-05-01 00:00:00+00:00,2.1907,2.2204,2.1868,2.2117,16116347.5
2025-05-01 06:00:00+00:00,2.2117,2.2467,2.1932,2.2376,28944116.1
2025-05-01 12:00:00+00:00,2.2376,2.2567,2.2157,2.2346,36317866.7
2025-05-01 18:00:00+00:00,2.2347,2.2356,2.2093,2.2123,15216280.2
2025-05-02 00:00:00+00:00,2.2122,2.2336,2.2076,2.2123,17885081.3
2025-05-02 06:00:00+00:00,2.2122,2.22,2.192,2.2151,22360712.2
2025-05-02 12:00:00+00:00,2.2151,2.2411,2.206,2.2147,30411473.6
2025-05-02 18:00:00+00:00,2.2147,2.2188,2.1951,2.2093,14153208.1
2025-05-03 00:00:00+00:00,2.2093,2.22,2.197,2.2118,9569447.8
2025-05-03 06:00:00+00:00,2.2119,2.2122,2.1829,2.1881,12440784.0
2025-05-03 12:00:00+00:00,2.1881,2.2156,2.176,2.1911,16487918.0
2025-05-03 18:00:00+00:00,2.1911,2.1993,2.1794,2.1872,10043218.2
2025-05-04 00:00:00+00:00,2.1872,2.2188,2.1844,2.2079,11756588.5
2025-05-04 06:00:00+00:00,2.2079,2.2124,2.1781,2.1891,14248991.2
2025-05-04 12:00:00+00:00,2.1892,2.2054,2.1691,2.1757,13715897.4
2025-05-04 18:00:00+00:00,2.1758,2.1858,2.151,2.156,19037393.5
2025-05-05 00:00:00+00:00,2.1561,2.1788,2.1318,2.1783,28745926.7
2025-05-05 06:00:00+00:00,2.1783,2.2,2.1385,2.1427,35468603.9
2025-05-05 12:00:00+00:00,2.1427,2.154,2.1067,2.1443,44345082.3
2025-05-05 18:00:00+00:00,2.1444,2.162,2.1153,2.1306,20790783.4
2025-05-06 00:00:00+00:00,2.1306,2.1406,2.0939,2.1063,26925219.1
2025-05-06 06:00:00+00:00,2.1064,2.1155,2.0803,2.0903,29065972.7
2025-05-06 12:00:00+00:00,2.0903,2.1287,2.0777,2.1213,29316430.6
2025-05-06 18:00:00+00:00,2.1213,2.1595,2.1112,2.155,24713591.6
2025-05-07 00:00:00+00:00,2.155,2.1716,2.1311,2.1333,22829054.4
2025-05-07 06:00:00+00:00,2.1333,2.1514,2.1284,2.1428,19783724.3
2025-05-07 12:00:00+00:00,2.1429,2.145,2.1087,2.1144,24542732.2
2025-05-07 18:00:00+00:00,2.1144,2.1368,2.1039,2.1265,24604007.7
2025-05-08 00:00:00+00:00,2.1264,2.2068,2.1176,2.1749,48272415.5
2025-05-08 06:00:00+00:00,2.1749,2.2188,2.1684,2.2082,35266800.9
2025-05-08 12:00:00+00:00,2.2082,2.275,2.2025,2.2325,68328735.3
2025-05-08 18:00:00+00:00,2.2326,2.3297,2.2321,2.3272,68586367.1
2025-05-09 00:00:00+00:00,2.3272,2.333,2.2845,2.2965,55885993.1
2025-05-09 06:00:00+00:00,2.2966,2.4291,2.2943,2.395,125335380.3
2025-05-09 12:00:00+00:00,2.3949,2.4064,2.3224,2.3642,69515577.0
2025-05-09 18:00:00+00:00,2.3641,2.3671,2.3315,2.3439,19748473.1
2025-05-10 00:00:00+00:00,2.3438,2.3799,2.3359,2.3729,27651912.1
2025-05-10 06:00:00+00:00,2.3729,2.44,2.368,2.3799,60107740.9
2025-05-10 12:00:00+00:00,2.3798,2.4496,2.3798,2.4204,48875963.6
2025-05-10 18:00:00+00:00,2.4203,2.477,2.4042,2.4711,36948929.5
2025-05-11 00:00:00+00:00,2.4711,2.4844,2.3829,2.405,56992916.3
2025-05-11 06:00:00+00:00,2.405,2.4055,2.3416,2.3863,44630965.2
2025-05-11 12:00:00+00:00,2.3864,2.3892,2.3283,2.3675,41016135.1
2025-05-11 18:00:00+00:00,2.3676,2.3841,2.3534,2.367,19942462.9
2025-05-12 00:00:00+00:00,2.3671,2.415,2.3515,2.3871,53394552.9
2025-05-12 06:00:00+00:00,2.3872,2.4849,2.3807,2.449,111539293.3
2025-05-12 12:00:00+00:00,2.4489,2.6549,2.4479,2.5633,253137931.3
2025-05-12 18:00:00+00:00,2.5632,2.5809,2.43,2.5439,89879044.9
2025-05-13 00:00:00+00:00,2.544,2.5459,2.4215,2.4851,68763640.8
2025-05-13 06:00:00+00:00,2.4852,2.5676,2.4852,2.5344,57648713.4
2025-05-13 12:00:00+00:00,2.5345,2.5753,2.5047,2.5553,59135060.8
2025-05-13 18:00:00+00:00,2.5553,2.6053,2.5539,2.5829,45303623.9
2025-05-14 00:00:00+00:00,2.5828,2.5971,2.5406,2.5864,42032590.7
2025-05-14 06:00:00+00:00,2.5863,2.6516,2.5618,2.6142,93092746.1
2025-05-14 12:00:00+00:00,2.6143,2.6262,2.5194,2.5522,58473222.2
2025-05-14 18:00:00+00:00,2.5523,2.5721,2.5365,2.5503,20001168.4
2025-05-15 00:00:00+00:00,2.5504,2.5719,2.4934,2.498,35433818.6
2025-05-15 06:00:00+00:00,2.4981,2.5124,2.4479,2.4778,47133325.7
2025-05-15 12:00:00+00:00,2.4777,2.5056,2.4041,2.4827,65351137.5
2025-05-15 18:00:00+00:00,2.4826,2.4924,2.3525,2.3856,61401796.5
2025-05-16 00:00:00+00:00,2.3856,2.4285,2.3471,2.4208,52597602.7
2025-05-16 06:00:00+00:00,2.4208,2.4399,2.3718,2.4254,32952247.3
2025-05-16 12:00:00+00:00,2.4254,2.4392,2.394,2.3989,30224081.9
2025-05-16 18:00:00+00:00,2.3988,2.4229,2.3616,2.3798,21169289.3
2025-05-17 00:00:00+00:00,2.3797,2.3829,2.3126,2.3642,35897429.7
2025-05-17 06:00:00+00:00,2.3643,2.3892,2.3409,2.3532,18688371.2
2025-05-17 12:00:00+00:00,2.3532,2.3562,2.2984,2.3236,32325494.9
2025-05-17 18:00:00+00:00,2.3236,2.3629,2.3222,2.3531,18823270.0
2025-05-18 00:00:00+00:00,2.3531,2.3862,2.3492,2.3838,12575904.4
2025-05-18 06:00:00+00:00,2.3839,2.4062,2.3735,2.3878,16884697.4
2025-05-18 12:00:00+00:00,2.3878,2.4497,2.38,2.3972,34920267.9
2025-05-18 18:00:00+00:00,2.3972,2.437,2.332,2.428,45653674.8
2025-05-19 00:00:00+00:00,2.428,2.441,2.3217,2.3429,50099487.3
2025-05-19 06:00:00+00:00,2.3429,2.3508,2.2827,2.3243,51403968.3
2025-05-19 12:00:00+00:00,2.3243,2.3823,2.2906,2.3681,35543852.6
2025-05-19 18:00:00+00:00,2.3681,2.401,2.3505,2.3803,25833638.2
2025-05-20 00:00:00+00:00,2.3803,2.409,2.3741,2.3759,38925646.8
2025-05-20 06:00:00+00:00,2.3759,2.3788,2.3346,2.3465,30221267.5
2025-05-20 12:00:00+00:00,2.3465,2.3553,2.3203,2.3492,30761094.3
2025-05-20 18:00:00+00:00,2.3493,2.371,2.3141,2.3565,36385668.2
2025-05-21 00:00:00+00:00,2.3565,2.3944,2.3311,2.3818,33496197.9
2025-05-21 06:00:00+00:00,2.3819,2.3868,2.3308,2.3524,31568853.9
2025-05-21 12:00:00+00:00,2.3523,2.4288,2.3349,2.3465,74675279.1
2025-05-21 18:00:00+00:00,2.3465,2.4164,2.3413,2.3952,35330335.8
2025-05-22 00:00:00+00:00,2.3953,2.4233,2.3881,2.4013,44792143.1
2025-05-22 06:00:00+00:00,2.4013,2.4555,2.3881,2.4319,51763536.6
2025-05-22 12:00:00+00:00,2.4319,2.442,2.4089,2.4282,30443355.6
2025-05-22 18:00:00+00:00,2.4283,2.4359,2.4053,2.4311,18041159.2
2025-05-23 00:00:00+00:00,2.4311,2.4799,2.4212,2.4546,48625776.9
2025-05-23 06:00:00+00:00,2.4545,2.4573,2.352,2.3636,50762074.9
2025-05-23 12:00:00+00:00,2.3637,2.3829,2.3,2.3669,64771927.9
2025-05-23 18:00:00+00:00,2.367,2.3709,2.2838,2.2966,33175675.7
2025-05-24 00:00:00+00:00,2.2965,2.3481,2.2859,2.3393,20120837.4
2025-05-24 06:00:00+00:00,2.3392,2.36,2.3284,2.3517,11793522.0
2025-05-24 12:00:00+00:00,2.3518,2.3568,2.3403,2.3479,9729135.4
2025-05-24 18:00:00+00:00,2.348,2.3548,2.3217,2.3303,9137593.4
2025-05-25 00:00:00+00:00,2.3304,2.3365,2.2927,2.3224,18548499.6
2025-05-25 06:00:00+00:00,2.3225,2.3234,2.2781,2.2926,21347870.5
2025-05-25 12:00:00+00:00,2.2925,2.3109,2.266,2.2979,22775495.0
2025-05-25 18:00:00+00:00,2.298,2.345,2.2961,2.3417,18806408.3
2025-05-26 00:00:00+00:00,2.3416,2.354,2.3308,2.3447,16371412.5
2025-05-26 06:00:00+00:00,2.3447,2.3593,2.3292,2.3349,20948782.6
2025-05-26 12:00:00+00:00,2.3349,2.3452,2.2961,2.3004,25723243.5
2025-05-26 18:00:00+00:00,2.3003,2.3248,2.2958,2.3103,12125331.4
2025-05-27 00:00:00+00:00,2.3103,2.317,2.2671,2.2964,25497701.5
2025-05-27 06:00:00+00:00,2.2963,2.3233,2.2882,2.3197,22720843.2
2025-05-27 12:00:00+00:00,2.3196,2.3543,2.307,2.3416,30152448.0
2025-05-27 18:00:00+00:00,2.3416,2.3454,2.3055,2.3168,15675524.8
2025-05-28 00:00:00+00:00,2.3167,2.3232,2.3028,2.3034,11747794.9
2025-05-28 06:00:00+00:00,2.3033,2.3103,2.2842,2.308,23519858.3
2025-05-28 12:00:00+00:00,2.308,2.3151,2.2365,2.2502,40655205.2
2025-05-28 18:00:00+00:00,2.2501,2.281,2.2265,2.2742,23868342.0
2025-05-29 00:00:00+00:00,2.2742,2.3125,2.2674,2.2802,26215248.9
2025-05-29 06:00:00+00:00,2.2801,2.304,2.2715,2.3019,22722440.8
2025-05-29 12:00:00+00:00,2.3019,2.3095,2.266,2.2838,28957688.5
2025-05-29 18:00:00+00:00,2.2839,2.2906,2.238,2.2442,21205136.5
2025-05-30 00:00:00+00:00,2.2441,2.2523,2.1316,2.2156,80328747.9
2025-05-30 06:00:00+00:00,2.2155,2.216,2.1702,2.2066,37522082.5
2025-05-30 12:00:00+00:00,2.2067,2.2099,2.135,2.1745,47593133.1
2025-05-30 18:00:00+00:00,2.1744,2.2058,2.1297,2.1398,27113866.1
2025-05-31 00:00:00+00:00,2.1397,2.1487,2.0794,2.1266,50522865.1
2025-05-31 06:00:00+00:00,2.1266,2.1533,2.1253,2.1394,18481942.8
2025-05-31 12:00:00+00:00,2.1395,2.2036,2.1394,2.1846,24135736.5
2025-05-31 18:00:00+00:00,2.1846,2.2065,2.1719,2.1738,16209343.6
2025-06-01 00:00:00+00:00,2.1739,2.1786,2.1495,2.1711,11618825.3
2025-06-01 06:00:00+00:00,2.171,2.1715,2.1231,2.1411,16716800.5
2025-06-01 12:00:00+00:00,2.1411,2.1767,2.1263,2.1719,18553074.8
2025-06-01 18:00:00+00:00,2.172,2.1879,2.1454,2.1792,16076147.1
2025-06-02 00:00:00+00:00,2.1792,2.1834,2.1509,2.1691,20167037.1
2025-06-02 06:00:00+00:00,2.1692,2.1794,2.1357,2.143,32967796.6
2025-06-02 12:00:00+00:00,2.143,2.1765,2.1375,2.1686,21768665.5
2025-06-02 18:00:00+00:00,2.1687,2.2045,2.1565,2.1965,21575079.6
2025-06-03 00:00:00+00:00,2.1965,2.2219,2.1845,2.2037,24748153.6
2025-06-03 06:00:00+00:00,2.2037,2.2202,2.1838,2.2149,19043204.7
2025-06-03 12:00:00+00:00,2.2148,2.2759,2.2058,2.2484,38433679.8
2025-06-03 18:00:00+00:00,2.2484,2.2821,2.2346,2.2446,27809193.0
2025-06-04 00:00:00+00:00,2.2445,2.2658,2.2297,2.2377,19220775.2
2025-06-04 06:00:00+00:00,2.2377,2.2642,2.2276,2.253,19726127.2
2025-06-04 12:00:00+00:00,2.253,2.2614,2.2195,2.2336,24464703.3
2025-06-04 18:00:00+00:00,2.2337,2.2378,2.1951,2.2009,19512484.0
2025-06-05 00:00:00+00:00,2.2009,2.2147,2.1958,2.1996,13964393.1
2025-06-05 06:00:00+00:00,2.1996,2.2101,2.1837,2.2051,19956990.5
2025-06-05 12:00:00+00:00,2.2051,2.2265,2.163,2.1706,26979468.0
2025-06-05 18:00:00+00:00,2.1706,2.1722,2.0591,2.0936,91326948.1
2025-06-06 00:00:00+00:00,2.0936,2.1427,2.0812,2.132,29445582.2
2025-06-06 06:00:00+00:00,2.132,2.156,2.1229,2.1502,16498260.6
2025-06-06 12:00:00+00:00,2.1502,2.1903,2.1482,2.1754,32685565.4
2025-06-06 18:00:00+00:00,2.1754,2.1825,2.159,2.1598,13910360.9
2025-06-07 00:00:00+00:00,2.1598,2.1805,2.1475,2.1805,11040254.8
2025-06-07 06:00:00+00:00,2.1804,2.1912,2.173,2.1829,11086106.6
2025-06-07 12:00:00+00:00,2.1829,2.1907,2.1723,2.1731,10333838.2
2025-06-07 18:00:00+00:00,2.1731,2.1868,2.1726,2.1769,8066497.4
2025-06-08 00:00:00+00:00,2.1768,2.1968,2.1661,2.1896,8741545.4
2025-06-08 06:00:00+00:00,2.1897,2.2497,2.1897,2.2419,32869957.1
2025-06-08 12:00:00+00:00,2.2418,2.2937,2.2418,2.2802,49973864.9
2025-06-08 18:00:00+00:00,2.2802,2.2988,2.2548,2.267,24224596.2
2025-06-09 00:00:00+00:00,2.2669,2.2682,2.2247,2.229,23848143.3
2025-06-09 06:00:00+00:00,2.2289,2.2704,2.2223,2.2689,32190987.1
2025-06-09 12:00:00+00:00,2.2689,2.3137,2.24,2.2907,37965681.0
2025-06-09 18:00:00+00:00,2.2907,2.3293,2.2856,2.3211,34615419.8
2025-06-10 00:00:00+00:00,2.321,2.3276,2.2799,2.2844,27463114.5
2025-06-10 06:00:00+00:00,2.2844,2.3158,2.2703,2.3046,29438804.0
2025-06-10 12:00:00+00:00,2.3045,2.3201,2.2601,2.2879,36790430.3
2025-06-10 18:00:00+00:00,2.288,2.313,2.2806,2.3074,26194959.0
2025-06-11 00:00:00+00:00,2.3074,2.3128,2.2783,2.2974,19572726.2
2025-06-11 06:00:00+00:00,2.2975,2.3296,2.283,2.3146,38066844.2
2025-06-11 12:00:00+00:00,2.3147,2.3379,2.3022,2.3027,34603062.2
2025-06-11 18:00:00+00:00,2.3027,2.3067,2.2524,2.2704,26536852.9
2025-06-12 00:00:00+00:00,2.2704,2.2733,2.2376,2.2561,23079657.7
2025-06-12 06:00:00+00:00,2.256,2.2565,2.2237,2.2255,21276073.9
2025-06-12 12:00:00+00:00,2.2255,2.2553,2.2211,2.252,22910523.6
2025-06-12 18:00:00+00:00,2.2521,2.2528,2.1706,2.1899,30953942.1
2025-06-13 00:00:00+00:00,2.19,2.1918,2.0828,2.1127,81032489.5
2025-06-13 06:00:00+00:00,2.1128,2.1599,2.0924,2.1544,38684844.7
2025-06-13 12:00:00+00:00,2.1545,2.1626,2.122,2.1472,33628986.6
2025-06-13 18:00:00+00:00,2.1471,2.1516,2.1163,2.1472,18577952.1
2025-06-14 00:00:00+00:00,2.1473,2.1695,2.1325,2.1577,15379163.9
2025-06-14 06:00:00+00:00,2.1578,2.1801,2.1488,2.1769,18193187.7
2025-06-14 12:00:00+00:00,2.1768,2.178,2.1168,2.1305,20621065.2
2025-06-14 18:00:00+00:00,2.1305,2.1464,2.1093,2.1394,13451193.9
2025-06-15 00:00:00+00:00,2.1393,2.1616,2.1375,2.1606,7577393.8
2025-06-15 06:00:00+00:00,2.1606,2.1676,2.1462,2.159,13196947.9
2025-06-15 12:00:00+00:00,2.1591,2.1759,2.1574,2.1694,11646561.8
2025-06-15 18:00:00+00:00,2.1694,2.1708,2.1407,2.1655,14174716.0
2025-06-16 00:00:00+00:00,2.1655,2.19,2.1512,2.1814,21483270.9
2025-06-16 06:00:00+00:00,2.1815,2.2498,2.1761,2.2456,29580028.1
2025-06-16 12:00:00+00:00,2.2455,2.3274,2.2447,2.3075,68874873.6
2025-06-16 18:00:00+00:00,2.3075,2.337,2.2288,2.238,60837666.4
2025-06-17 00:00:00+00:00,2.2379,2.2572,2.2016,2.2362,40843082.1
2025-06-17 06:00:00+00:00,2.2362,2.2472,2.1881,2.1939,29385642.6
2025-06-17 12:00:00+00:00,2.1938,2.2249,2.1417,2.1474,45881853.6
2025-06-17 18:00:00+00:00,2.1473,2.2037,2.144,2.159,29887451.7
2025-06-18 00:00:00+00:00,2.1591,2.1774,2.1522,2.168,15003812.9
2025-06-18 06:00:00+00:00,2.1681,2.1689,2.1244,2.1419,27844806.9
2025-06-18 12:00:00+00:00,2.142,2.1622,2.1181,2.1486,28041951.4
2025-06-18 18:00:00+00:00,2.1487,2.1808,2.1273,2.1705,25071596.8
2025-06-19 00:00:00+00:00,2.1704,2.1855,2.1558,2.1658,14638829.8
2025-06-19 06:00:00+00:00,2.1658,2.1719,2.149,2.1519,16842862.7
2025-06-19 12:00:00+00:00,2.1519,2.1738,2.1441,2.1689,14533324.8
2025-06-19 18:00:00+00:00,2.1688,2.1779,2.16,2.1648,10134340.8
2025-06-20 00:00:00+00:00,2.1647,2.1732,2.1395,2.1511,14383477.1
2025-06-20 06:00:00+00:00,2.1511,2.1765,2.1404,2.1725,18577758.9
2025-06-20 12:00:00+00:00,2.1726,2.1797,2.0852,2.1178,45996216.4
2025-06-20 18:00:00+00:00,2.1177,2.1482,2.1085,2.1194,18675117.5
2025-06-21 00:00:00+00:00,2.1195,2.1325,2.115,2.1268,7209215.2
2025-06-21 06:00:00+00:00,2.1269,2.145,2.1252,2.1371,7564036.5
2025-06-21 12:00:00+00:00,2.1371,2.1405,2.0935,2.0951,14510069.5
2025-06-21 18:00:00+00:00,2.095,2.1063,2.0,2.0632,59387972.0
2025-06-22 00:00:00+00:00,2.0632,2.0886,2.0392,2.0814,24737352.0
2025-06-22 06:00:00+00:00,2.0814,2.0898,2.0136,2.0252,23852697.4
2025-06-22 12:00:00+00:00,2.0251,2.0294,1.9246,1.976,108199122.9
2025-06-22 18:00:00+00:00,1.9759,2.0232,1.9083,2.0172,49722200.2
2025-06-23 00:00:00+00:00,2.0173,2.0331,2.0036,2.0314,21785277.3
2025-06-23 06:00:00+00:00,2.0314,2.0356,1.9864,2.0013,28370262.2
2025-06-23 12:00:00+00:00,2.0014,2.0523,1.9615,2.0275,51958856.8
2025-06-23 18:00:00+00:00,2.0276,2.1706,2.0272,2.1584,72962567.3
2025-06-24 00:00:00+00:00,2.1584,2.2054,2.1316,2.2033,34428579.1
2025-06-24 06:00:00+00:00,2.2033,2.2106,2.1607,2.1838,40313423.2
2025-06-24 12:00:00+00:00,2.1837,2.2095,2.1655,2.1987,33252917.6
2025-06-24 18:00:00+00:00,2.1988,2.2165,2.1778,2.1898,23252413.8
2025-06-25 00:00:00+00:00,2.1897,2.1985,2.1696,2.1803,19073718.2
2025-06-25 06:00:00+00:00,2.1804,2.1971,2.1713,2.1952,21527824.9
2025-06-25 12:00:00+00:00,2.1952,2.2296,2.172,2.1894,39511862.6
2025-06-25 18:00:00+00:00,2.1895,2.2077,2.175,2.1859,11465096.3
2025-06-26 00:00:00+00:00,2.1858,2.2127,2.1803,2.1889,23396973.6
2025-06-26 06:00:00+00:00,2.1889,2.1984,2.17,2.1707,20096636.3
2025-06-26 12:00:00+00:00,2.1706,2.1729,2.0956,2.1134,56589032.3
2025-06-26 18:00:00+00:00,2.1135,2.1459,2.103,2.1054,20296223.9
2025-06-27 00:00:00+00:00,2.1053,2.114,2.0782,2.0941,25244125.5
2025-06-27 06:00:00+00:00,2.0941,2.1061,2.0821,2.0909,28665386.8
2025-06-27 12:00:00+00:00,2.0909,2.1225,2.0671,2.092,35798961.3
2025-06-27 18:00:00+00:00,2.0921,2.1556,2.0712,2.1419,30868526.7
2025-06-28 00:00:00+00:00,2.142,2.1931,2.1336,2.1887,27195689.4
2025-06-28 06:00:00+00:00,2.1887,2.201,2.1803,2.1927,18271423.6
2025-06-28 12:00:00+00:00,2.1927,2.2079,2.1825,2.1996,15257984.9
2025-06-28 18:00:00+00:00,2.1997,2.2002,2.1772,2.1854,9317681.1
2025-06-29 00:00:00+00:00,2.1855,2.1897,2.1754,2.1862,6058130.7
2025-06-29 06:00:00+00:00,2.1863,2.198,2.1816,2.1959,10027550.2
2025-06-29 12:00:00+00:00,2.1958,2.197,2.1802,2.1897,9144643.1
2025-06-29 18:00:00+00:00,2.1897,2.2198,2.1786,2.2061,20867573.5
2025-06-30 00:00:00+00:00,2.2062,2.2117,2.186,2.1918,15361729.0
2025-06-30 06:00:00+00:00,2.1918,2.1935,2.1692,2.1781,19104068.2
2025-06-30 12:00:00+00:00,2.178,2.2187,2.165,2.2133,31386578.6
2025-06-30 18:00:00+00:00,2.2132,2.3271,2.2119,2.2362,85673530.4
2025-07-01 00:00:00+00:00,2.2362,2.2537,2.2136,2.2152,28289735.9
2025-07-01 06:00:00+00:00,2.2151,2.2271,2.1924,2.202,25855978.2
2025-07-01 12:00:00+00:00,2.2021,2.2104,2.1754,2.1895,38632976.3
2025-07-01 18:00:00+00:00,2.1895,2.1896,2.1475,2.172,30779999.7
2025-07-02 00:00:00+00:00,2.1719,2.1909,2.157,2.187,18114719.5
2025-07-02 06:00:00+00:00,2.187,2.2042,2.1734,2.1767,24709752.9
2025-07-02 12:00:00+00:00,2.1767,2.2917,2.1685,2.2429,71077491.0
2025-07-02 18:00:00+00:00,2.243,2.2672,2.2304,2.2336,35438832.0
2025-07-03 00:00:00+00:00,2.2335,2.2766,2.2243,2.2698,23239159.4
2025-07-03 06:00:00+00:00,2.2698,2.3116,2.2637,2.296,49664645.6
2025-07-03 12:00:00+00:00,2.296,2.3135,2.239,2.2645,60755255.9
2025-07-03 18:00:00+00:00,2.2646,2.2828,2.2534,2.2569,14729534.1
2025-07-04 00:00:00+00:00,2.2569,2.2678,2.2386,2.2443,14758701.6
2025-07-04 06:00:00+00:00,2.2443,2.2443,2.2077,2.2384,21645487.9
2025-07-04 12:00:00+00:00,2.2385,2.2433,2.196,2.2251,27322303.2
2025-07-04 18:00:00+00:00,2.2251,2.2288,2.2067,2.2205,8562706.4
2025-07-05 00:00:00+00:00,2.2205,2.2287,2.2097,2.2282,6661647.4
2025-07-05 06:00:00+00:00,2.2283,2.2339,2.2113,2.2217,7896468.0
2025-07-05 12:00:00+00:00,2.2217,2.2309,2.2056,2.2133,8897279.4
2025-07-05 18:00:00+00:00,2.2132,2.2196,2.2014,2.2178,10602995.5
2025-07-06 00:00:00+00:00,2.2177,2.2264,2.2086,2.2231,5460335.4
2025-07-06 06:00:00+00:00,2.2231,2.2849,2.2215,2.2617,36013577.1
2025-07-06 12:00:00+00:00,2.2617,2.29,2.2608,2.268,31560676.8
2025-07-06 18:00:00+00:00,2.2679,2.289,2.2462,2.2709,19073538.2
2025-07-07 00:00:00+00:00,2.2709,2.279,2.2571,2.2707,13080315.7
2025-07-07 06:00:00+00:00,2.2707,2.2978,2.2552,2.2829,24791494.9
2025-07-07 12:00:00+00:00,2.2828,2.3537,2.2711,2.3063,100046358.1
2025-07-07 18:00:00+00:00,2.3063,2.3124,2.2591,2.2708,38399282.0
2025-07-08 00:00:00+00:00,2.2707,2.2759,2.2485,2.2684,27544911.6
2025-07-08 06:00:00+00:00,2.2684,2.3009,2.2568,2.2934,28030115.9
2025-07-08 12:00:00+00:00,2.2935,2.3107,2.278,2.3096,29528353.1
2025-07-08 18:00:00+00:00,2.3095,2.3223,2.2966,2.3108,21352628.0
2025-07-09 00:00:00+00:00,2.3109,2.3342,2.2975,2.3281,22655141.2
2025-07-09 06:00:00+00:00,2.3281,2.3884,2.3231,2.3815,44850615.4
2025-07-09 12:00:00+00:00,2.3814,2.4039,2.3516,2.3802,63919149.4
2025-07-09 18:00:00+00:00,2.3802,2.4288,2.3773,2.4038,50093493.8
2025-07-10 00:00:00+00:00,2.4038,2.4371,2.3931,2.4197,27899647.5
2025-07-10 06:00:00+00:00,2.4197,2.4618,2.4109,2.4525,48095190.2
2025-07-10 12:00:00+00:00,2.4526,2.5018,2.4188,2.4966,59738865.3
2025-07-10 18:00:00+00:00,2.4966,2.5678,2.4819,2.5471,73792781.8
2025-07-11 00:00:00+00:00,2.5471,2.5985,2.5119,2.5824,59452454.6
2025-07-11 06:00:00+00:00,2.5824,2.6607,2.5536,2.6287,82633490.3
2025-07-11 12:00:00+00:00,2.6287,2.975,2.625,2.7991,335899358.7
2025-07-11 18:00:00+00:00,2.799,2.858,2.6596,2.7322,137376530.4
2025-07-12 00:00:00+00:00,2.7323,2.8479,2.6882,2.7888,96049998.3
2025-07-12 06:00:00+00:00,2.7888,2.8476,2.7558,2.8054,67139721.4
2025-07-12 12:00:00+00:00,2.8054,2.8087,2.6629,2.7241,121390604.2
2025-07-12 18:00:00+00:00,2.724,2.7534,2.6837,2.7395,56936828.1
2025-07-13 00:00:00+00:00,2.7395,2.7875,2.7232,2.7707,40903454.1
2025-07-13 06:00:00+00:00,2.7707,2.8202,2.7677,2.7889,50603795.9
2025-07-13 12:00:00+00:00,2.7888,2.8949,2.7825,2.8603,104992489.7
2025-07-13 18:00:00+00:00,2.8604,2.8817,2.7637,2.8361,64142766.8
2025-07-14 00:00:00+00:00,2.8361,2.9796,2.8207,2.9317,104278877.8
2025-07-14 06:00:00+00:00,2.9317,3.0222,2.8915,2.9772,144485814.6
2025-07-14 12:00:00+00:00,2.9772,3.035,2.9093,2.9519,143894407.5
2025-07-14 18:00:00+00:00,2.9518,2.9637,2.8762,2.9582,49878709.3
2025-07-15 00:00:00+00:00,2.9582,2.9582,2.8038,2.8759,96195191.8
2025-07-15 06:00:00+00:00,2.8759,2.9287,2.8194,2.9049,71798594.8
2025-07-15 12:00:00+00:00,2.9049,2.9386,2.8407,2.9386,86523507.7
2025-07-15 18:00:00+00:00,2.9385,2.9462,2.854,2.919,49447986.4
2025-07-16 00:00:00+00:00,2.9189,2.9365,2.8774,2.9174,35111562.3
2025-07-16 06:00:00+00:00,2.9175,2.9637,2.9113,2.9513,39313485.5
2025-07-16 12:00:00+00:00,2.9513,3.0474,2.946,3.0234,98227186.1
2025-07-16 18:00:00+00:00,3.0234,3.1,3.0124,3.038,99632384.3
2025-07-17 00:00:00+00:00,3.038,3.1489,2.9873,3.1419,80755620.2
2025-07-17 06:00:00+00:00,3.1419,3.2986,3.126,3.2623,166741373.5
2025-07-17 12:00:00+00:00,3.2624,3.3182,3.1675,3.3143,150318389.5
2025-07-17 18:00:00+00:00,3.3142,3.5495,3.2842,3.4814,250523461.99
2025-07-18 00:00:00+00:00,3.4813,3.6607,3.4621,3.6185,201739088.11
2025-07-18 06:00:00+00:00,3.6186,3.6197,3.4005,3.49,183518646.2
2025-07-18 12:00:00+00:00,3.4899,3.545,3.3439,3.4487,146896343.0
2025-07-18 18:00:00+00:00,3.4487,3.4789,3.3576,3.4135,76568813.4
2025-07-19 00:00:00+00:00,3.4136,3.4855,3.3971,3.4581,72163941.1
2025-07-19 06:00:00+00:00,3.458,3.4825,3.388,3.3925,54441824.4
2025-07-19 12:00:00+00:00,3.3926,3.4594,3.3547,3.4242,52156501.7
2025-07-19 18:00:00+00:00,3.4243,3.4445,3.38,3.4244,26138767.3
2025-07-20 00:00:00+00:00,3.4243,3.4513,3.3856,3.4186,54570874.9
2025-07-20 06:00:00+00:00,3.4186,3.5352,3.4023,3.4987,84275647.2
2025-07-20 12:00:00+00:00,3.4988,3.5466,3.4777,3.4998,70696560.1
2025-07-20 18:00:00+00:00,3.4999,3.5579,3.4038,3.454,72331402.1
2025-07-21 00:00:00+00:00,3.4541,3.5115,3.4076,3.5114,50094726.0
2025-07-21 06:00:00+00:00,3.5114,3.5809,3.5101,3.5329,67036938.4
2025-07-21 12:00:00+00:00,3.5329,3.6495,3.4996,3.603,96581158.4
2025-07-21 18:00:00+00:00,3.6031,3.62,3.5117,3.5495,46017758.8
2025-07-22 00:00:00+00:00,3.5494,3.5744,3.4218,3.4601,94677420.2
2025-07-22 06:00:00+00:00,3.4601,3.5225,3.4261,3.5198,50116543.5
2025-07-22 12:00:00+00:00,3.5198,3.572,3.4401,3.5547,69825773.4
2025-07-22 18:00:00+00:00,3.5547,3.5787,3.513,3.5504,34044875.6
2025-07-23 00:00:00+00:00,3.5504,3.5519,3.482,3.4923,43249666.7
2025-07-23 06:00:00+00:00,3.4923,3.4923,3.4304,3.4504,44331127.9
2025-07-23 12:00:00+00:00,3.4504,3.4504,3.1597,3.2403,202739905.9
2025-07-23 18:00:00+00:00,3.2404,3.2635,3.02,3.1838,154075960.8
2025-07-24 00:00:00+00:00,3.1839,3.2373,3.0318,3.036,104750893.2
2025-07-24 06:00:00+00:00,3.0361,3.1788,2.9555,3.1685,123707670.3
2025-07-24 12:00:00+00:00,3.1684,3.2651,3.1185,3.2277,89341285.3
2025-07-24 18:00:00+00:00,3.2276,3.2603,3.126,3.1453,48656614.6
2025-07-25 00:00:00+00:00,3.1454,3.1618,3.0447,3.0761,63928275.9
2025-07-25 06:00:00+00:00,3.0762,3.1534,3.0353,3.1346,58868325.0
2025-07-25 12:00:00+00:00,3.1346,3.1523,2.9981,3.0603,77049280.8
2025-07-25 18:00:00+00:00,3.0602,3.1507,3.0554,3.1423,34434940.2
2025-07-26 00:00:00+00:00,3.1422,3.1766,3.1088,3.1719,26469542.5
2025-07-26 06:00:00+00:00,3.1719,3.2111,3.1525,3.1855,28897509.0
2025-07-26 12:00:00+00:00,3.1856,3.2181,3.1651,3.1727,25320711.0
2025-07-26 18:00:00+00:00,3.1727,3.2098,3.1584,3.1662,16143461.0
2025-07-27 00:00:00+00:00,3.1662,3.2387,3.1564,3.2226,23886500.6
2025-07-27 06:00:00+00:00,3.2226,3.2232,3.1674,3.1802,24652426.1
2025-07-27 12:00:00+00:00,3.1802,3.2288,3.163,3.2055,46341781.6
2025-07-27 18:00:00+00:00,3.2055,3.2515,3.1893,3.2389,35568499.8
2025-07-28 00:00:00+00:00,3.239,3.3308,3.2224,3.3192,56238445.8
2025-07-28 06:00:00+00:00,3.3192,3.3255,3.2241,3.2448,49257665.6
2025-07-28 12:00:00+00:00,3.2449,3.2495,3.1405,3.1577,66589664.3
2025-07-28 18:00:00+00:00,3.1577,3.164,3.1073,3.1235,49737836.6
2025-07-29 00:00:00+00:00,3.1235,3.1483,3.0788,3.1464,32110992.3
2025-07-29 06:00:00+00:00,3.1463,3.1856,3.1133,3.1376,37085418.5
2025-07-29 12:00:00+00:00,3.1376,3.1749,3.0533,3.147,64160771.3
2025-07-29 18:00:00+00:00,3.1471,3.1624,3.094,3.128,24073787.8
2025-07-30 00:00:00+00:00,3.1281,3.15,3.0932,3.1338,18117933.8
2025-07-30 06:00:00+00:00,3.1338,3.1453,3.0436,3.0518,39133732.0
2025-07-30 12:00:00+00:00,3.0517,3.1621,3.0403,3.1314,51378802.6
2025-07-30 18:00:00+00:00,3.1315,3.1478,3.001,3.0966,65012867.0
2025-07-31 00:00:00+00:00,3.0967,3.1497,3.0872,3.1422,21186228.1
2025-07-31 06:00:00+00:00,3.1422,3.1784,3.1333,3.1515,26766558.5
2025-07-31 12:00:00+00:00,3.1516,3.1525,3.0763,3.086,38750322.8
2025-07-31 18:00:00+00:00,3.086,3.1001,3.0108,3.0224,48809190.9
2025-08-01 00:00:00+00:00,3.0223,3.026,2.9292,2.959,75287922.4
2025-08-01 06:00:00+00:00,2.959,2.9721,2.892,2.9707,57317572.8
2025-08-01 12:00:00+00:00,2.9706,3.059,2.93,3.002,71100577.3
2025-08-01 18:00:00+00:00,3.0019,3.0321,2.8959,2.9613,57278623.9
2025-08-02 00:00:00+00:00,2.9614,3.0206,2.9478,3.0108,21945637.6
2025-08-02 06:00:00+00:00,3.0107,3.012,2.93,2.9404,25417246.8
2025-08-02 12:00:00+00:00,2.9404,2.9466,2.8082,2.8239,61208562.0
2025-08-02 18:00:00+00:00,2.824,2.8332,2.7387,2.7695,72162210.3
2025-08-03 00:00:00+00:00,2.7695,2.8449,2.728,2.8345,41234858.6
2025-08-03 06:00:00+00:00,2.8345,2.894,2.8255,2.8694,32788251.3
2025-08-03 12:00:00+00:00,2.8694,2.93,2.8585,2.9159,36119031.5
2025-08-03 18:00:00+00:00,2.9159,2.9625,2.8949,2.948,39275236.4
2025-08-04 00:00:00+00:00,2.9481,3.0312,2.9312,2.9842,47591218.4
2025-08-04 06:00:00+00:00,2.9843,3.0241,2.9669,2.9925,33234100.9
2025-08-04 12:00:00+00:00,2.9925,3.0899,2.9796,3.0584,62431438.8
2025-08-04 18:00:00+00:00,3.0584,3.0867,3.0372,3.0716,21394866.3
2025-08-05 00:00:00+00:00,3.0715,3.1072,3.0256,3.0414,29101807.5
2025-08-05 06:00:00+00:00,3.0414,3.08,2.9958,3.0627,32886628.4
2025-08-05 12:00:00+00:00,3.0628,3.0654,2.9568,2.9894,54786058.1
2025-08-05 18:00:00+00:00,2.9893,2.9902,2.9164,2.9623,27478803.7
2025-08-06 00:00:00+00:00,2.9622,2.9683,2.9014,2.9513,28131796.2
2025-08-06 06:00:00+00:00,2.9513,2.9605,2.9185,2.9464,31373699.2
2025-08-06 12:00:00+00:00,2.9465,3.015,2.9233,3.0036,39241811.9
2025-08-06 18:00:00+00:00,3.0036,3.0187,2.9753,2.9908,15652268.3
2025-08-07 00:00:00+00:00,2.9908,3.011,2.9641,2.9951,17472925.2
2025-08-07 06:00:00+00:00,2.9951,3.0882,2.9881,3.0793,41298073.9
2025-08-07 12:00:00+00:00,3.0792,3.086,3.0087,3.0498,40552223.5
2025-08-07 18:00:00+00:00,3.0498,3.3338,3.0401,3.3197,112872410.5
2025-08-08 00:00:00+00:00,3.3196,3.3825,3.2704,3.316,100969982.5
2025-08-08 06:00:00+00:00,3.3159,3.3606,3.3019,3.3364,43359573.6
2025-08-08 12:00:00+00:00,3.3364,3.3726,3.2051,3.2938,90471003.6
2025-08-08 18:00:00+00:00,3.2938,3.3404,3.263,3.2859,39125596.3
2025-08-09 00:00:00+00:00,3.2858,3.3348,3.2801,3.3131,33222174.8
2025-08-09 06:00:00+00:00,3.3132,3.3475,3.297,3.309,27667711.9
2025-08-09 12:00:00+00:00,3.309,3.3272,3.2461,3.2845,36186976.5
2025-08-09 18:00:00+00:00,3.2844,3.2942,3.2083,3.2259,33568927.5
2025-08-10 00:00:00+00:00,3.2259,3.2795,3.2189,3.2561,26949983.6
2025-08-10 06:00:00+00:00,3.2562,3.2636,3.1521,3.1914,44254033.2
2025-08-10 12:00:00+00:00,3.1914,3.2044,3.1568,3.1978,21499936.6
2025-08-10 18:00:00+00:00,3.1977,3.2146,3.1581,3.187,30440767.7
2025-08-11 00:00:00+00:00,3.1869,3.2826,3.172,3.2713,45277999.8
2025-08-11 06:00:00+00:00,3.2713,3.3342,3.2036,3.215,68199728.2
2025-08-11 12:00:00+00:00,3.215,3.2362,3.177,3.1925,62396641.6
2025-08-11 18:00:00+00:00,3.1925,3.2102,3.1176,3.1295,47715407.2
2025-08-12 00:00:00+00:00,3.1295,3.1765,3.1233,3.1418,21981540.2
2025-08-12 06:00:00+00:00,3.1419,3.1641,3.1041,3.1501,26169971.5
2025-08-12 12:00:00+00:00,3.1501,3.2511,3.1422,3.2301,55204937.5
2025-08-12 18:00:00+00:00,3.2302,3.3067,3.2274,3.2676,51175729.7
2025-08-13 00:00:00+00:00,3.2675,3.2675,3.2054,3.2187,44519745.7
2025-08-13 06:00:00+00:00,3.2186,3.2994,3.2026,3.2846,47776369.3
2025-08-13 12:00:00+00:00,3.2845,3.335,3.2266,3.2755,72236079.2
2025-08-13 18:00:00+00:00,3.2754,3.2943,3.2441,3.2744,28768829.5
2025-08-14 00:00:00+00:00,3.2744,3.3512,3.2699,3.2747,68903366.4
2025-08-14 06:00:00+00:00,3.2747,3.275,3.1994,3.2181,57671477.6
2025-08-14 12:00:00+00:00,3.2181,3.2353,2.9915,3.0791,144060630.4
2025-08-14 18:00:00+00:00,3.0791,3.0988,3.0295,3.0792,31036773.2
2025-08-15 00:00:00+00:00,3.0792,3.1334,3.0716,3.1332,30199334.4
2025-08-15 06:00:00+00:00,3.1331,3.1427,3.0968,3.1111,25865839.9
2025-08-15 12:00:00+00:00,3.1111,3.1407,3.0024,3.0564,55478139.1
2025-08-15 18:00:00+00:00,3.0564,3.0988,3.0478,3.0779,23384166.1
2025-08-16 00:00:00+00:00,3.0778,3.1173,3.0715,3.0941,12755994.4
2025-08-16 06:00:00+00:00,3.0942,3.156,3.0885,3.1044,26477485.4
2025-08-16 12:00:00+00:00,3.1045,3.1271,3.0943,3.0959,17005931.1
2025-08-16 18:00:00+00:00,3.0958,3.109,3.0905,3.1055,8285359.3
2025-08-17 00:00:00+00:00,3.1056,3.1387,3.0829,3.122,12549283.4
2025-08-17 06:00:00+00:00,3.1221,3.141,3.1115,3.128,13876322.3
2025-08-17 12:00:00+00:00,3.1281,3.1472,3.1046,3.1078,21152753.5
2025-08-17 18:00:00+00:00,3.1078,3.1134,3.0773,3.0877,19113738.3
2025-08-18 00:00:00+00:00,3.0877,3.0916,2.9669,2.992,57581831.3
2025-08-18 06:00:00+00:00,2.992,2.992,2.9404,2.9644,46878887.5
2025-08-18 12:00:00+00:00,2.9643,3.0969,2.96,3.0705,39770831.7
2025-08-18 18:00:00+00:00,3.0706,3.096,3.0435,3.0616,19229363.7
2025-08-19 00:00:00+00:00,3.0616,3.0808,2.9731,3.0145,35218704.1
2025-08-19 06:00:00+00:00,3.0146,3.0263,2.9909,3.0156,26429390.2
2025-08-19 12:00:00+00:00,3.0156,3.038,2.8968,2.9295,46846264.1
2025-08-19 18:00:00+00:00,2.9296,2.9336,2.8488,2.8608,40690830.3
2025-08-20 00:00:00+00:00,2.8608,2.9013,2.8492,2.9003,29270965.5
2025-08-20 06:00:00+00:00,2.9002,2.9142,2.8597,2.8892,34069715.6
2025-08-20 12:00:00+00:00,2.8893,2.9566,2.8184,2.9438,58416300.9
2025-08-20 18:00:00+00:00,2.9438,2.9896,2.9062,2.9512,30894480.5
2025-08-21 00:00:00+00:00,2.9512,2.9588,2.9129,2.9307,24012707.0
2025-08-21 06:00:00+00:00,2.9307,2.9308,2.8858,2.9021,21315532.2
2025-08-21 12:00:00+00:00,2.902,2.9236,2.8725,2.9016,26565032.8
2025-08-21 18:00:00+00:00,2.9016,2.9193,2.8424,2.8519,19479383.6
2025-08-22 00:00:00+00:00,2.8518,2.885,2.8226,2.871,25174947.3
2025-08-22 06:00:00+00:00,2.8709,2.8764,2.8041,2.8056,26478830.3
2025-08-22 12:00:00+00:00,2.8056,3.096,2.7826,3.0664,156022807.9
2025-08-22 18:00:00+00:00,3.0664,3.1056,3.0449,3.0744,47365579.1
2025-08-23 00:00:00+00:00,3.0745,3.0749,2.9697,3.052,48903735.7
2025-08-23 06:00:00+00:00,3.052,3.0756,3.029,3.0434,23183794.6
2025-08-23 12:00:00+00:00,3.0435,3.0474,3.0072,3.0181,18844922.2
2025-08-23 18:00:00+00:00,3.0181,3.058,3.0158,3.0485,12318394.9
2025-08-24 00:00:00+00:00,3.0486,3.0886,3.0423,3.0499,20610188.0
2025-08-24 06:00:00+00:00,3.05,3.0505,2.9971,3.0087,19559270.2
2025-08-24 12:00:00+00:00,3.0087,3.0648,3.0059,3.0515,20796931.6
2025-08-24 18:00:00+00:00,3.0514,3.128,2.987,3.0258,96386944.2
2025-08-25 00:00:00+00:00,3.0259,3.0535,2.9736,2.9922,36319299.1
2025-08-25 06:00:00+00:00,2.9922,2.9942,2.9193,2.9429,42491314.1
2025-08-25 12:00:00+00:00,2.9429,2.9744,2.9276,2.9639,25442462.2
2025-08-25 18:00:00+00:00,2.964,2.9667,2.8223,2.8584,71891183.0
2025-08-26 00:00:00+00:00,2.8584,2.9291,2.8459,2.919,32559819.8
2025-08-26 06:00:00+00:00,2.9189,2.935,2.8904,2.9011,29594065.7
2025-08-26 12:00:00+00:00,2.9012,2.9637,2.8876,2.9626,41675663.6
2025-08-26 18:00:00+00:00,2.9626,3.0817,2.9595,3.0123,56693038.7
2025-08-27 00:00:00+00:00,3.0123,3.0279,2.9811,3.0148,27249982.9
2025-08-27 06:00:00+00:00,3.0149,3.0235,2.9846,2.9984,19032655.4
2025-08-27 12:00:00+00:00,2.9983,3.038,2.9882,3.0355,29756497.4
2025-08-27 18:00:00+00:00,3.0354,3.0454,2.9621,2.9688,48231671.2
2025-08-28 00:00:00+00:00,2.9688,3.0133,2.953,3.0002,26434256.5
2025-08-28 06:00:00+00:00,3.0002,3.0161,2.9898,3.0075,26512896.1
2025-08-28 12:00:00+00:00,3.0076,3.0263,2.9577,2.98,39055063.9
2025-08-28 18:00:00+00:00,2.9801,2.987,2.9432,2.9665,18593721.8
2025-08-29 00:00:00+00:00,2.9665,2.9768,2.8998,2.9102,24354779.8
2025-08-29 06:00:00+00:00,2.9102,2.9123,2.8436,2.8763,54718165.8
2025-08-29 12:00:00+00:00,2.8762,2.9227,2.814,2.8185,56704765.8
2025-08-29 18:00:00+00:00,2.8185,2.8382,2.7734,2.8195,33653755.5
2025-08-30 00:00:00+00:00,2.8195,2.8349,2.7604,2.8268,22667019.1
2025-08-30 06:00:00+00:00,2.8269,2.8344,2.7958,2.8102,17249672.3
2025-08-30 12:00:00+00:00,2.8102,2.8184,2.7746,2.8068,18751893.2
2025-08-30 18:00:00+00:00,2.8068,2.8183,2.7992,2.8181,9544885.0
2025-08-31 00:00:00+00:00,2.818,2.8693,2.818,2.8367,15751939.3
2025-08-31 06:00:00+00:00,2.8367,2.8447,2.812,2.8238,13405146.0
2025-08-31 12:00:00+00:00,2.8238,2.8251,2.8014,2.8091,11566170.6
2025-08-31 18:00:00+00:00,2.809,2.8213,2.7707,2.7757,15716775.4
2025-09-01 00:00:00+00:00,2.7757,2.7793,2.7014,2.7333,57445116.7
2025-09-01 06:00:00+00:00,2.7333,2.839,2.7193,2.7697,56123370.8
2025-09-01 12:00:00+00:00,2.7697,2.7804,2.7203,2.7268,27671884.0
2025-09-01 18:00:00+00:00,2.7268,2.7758,2.6975,2.7589,38565028.1
2025-09-02 00:00:00+00:00,2.7589,2.8159,2.7484,2.8105,25616289.8
2025-09-02 06:00:00+00:00,2.8104,2.8329,2.7856,2.7987,29079298.1
2025-09-02 12:00:00+00:00,2.7986,2.8455,2.762,2.8058,52475492.7
2025-09-02 18:00:00+00:00,2.8057,2.8641,2.793,2.862,27517959.9
2025-09-03 00:00:00+00:00,2.862,2.8654,2.824,2.8268,21596511.2
2025-09-03 06:00:00+00:00,2.8268,2.8639,2.811,2.857,29234972.9
2025-09-03 12:00:00+00:00,2.857,2.8867,2.8422,2.8621,26374850.5
2025-09-03 18:00:00+00:00,2.8621,2.8677,2.8392,2.8443,19567958.5
2025-09-04 00:00:00+00:00,2.8442,2.8629,2.8257,2.8329,19672885.2
2025-09-04 06:00:00+00:00,2.8329,2.8557,2.814,2.8413,23229226.1
2025-09-04 12:00:00+00:00,2.8414,2.8482,2.8013,2.8154,33086160.4
2025-09-04 18:00:00+00:00,2.8155,2.8256,2.7842,2.7946,18551358.8
2025-09-05 00:00:00+00:00,2.7947,2.8209,2.778,2.8119,17682976.9
2025-09-05 06:00:00+00:00,2.8119,2.8543,2.8041,2.8439,24906898.2
2025-09-05 12:00:00+00:00,2.8439,2.8849,2.8,2.8179,57281161.4
2025-09-05 18:00:00+00:00,2.8179,2.8653,2.8132,2.8147,21078459.2
2025-09-06 00:00:00+00:00,2.8146,2.8289,2.8123,2.8143,7494445.2
2025-09-06 06:00:00+00:00,2.8142,2.8214,2.8011,2.8064,6529745.5
2025-09-06 12:00:00+00:00,2.8064,2.8179,2.7968,2.7997,11021217.9
2025-09-06 18:00:00+00:00,2.7997,2.8127,2.7927,2.8098,6344138.0
2025-09-07 00:00:00+00:00,2.8098,2.8264,2.8092,2.8247,5474351.7
2025-09-07 06:00:00+00:00,2.8248,2.8374,2.8175,2.8315,7937801.3
2025-09-07 12:00:00+00:00,2.8316,2.9285,2.8289,2.8597,49389869.4
2025-09-07 18:00:00+00:00,2.8596,2.8921,2.8507,2.877,19974816.7
2025-09-08 00:00:00+00:00,2.877,2.9,2.8627,2.8927,22541780.9
2025-09-08 06:00:00+00:00,2.8927,2.955,2.8739,2.9362,37032653.1
2025-09-08 12:00:00+00:00,2.9363,2.9964,2.934,2.9698,42015734.1
2025-09-08 18:00:00+00:00,2.9699,2.9848,2.9546,2.9697,19816010.1
2025-09-09 00:00:00+00:00,2.9698,2.9782,2.9337,2.9647,25304014.5
2025-09-09 06:00:00+00:00,2.9647,3.0365,2.9626,3.0043,40483461.1
2025-09-09 12:00:00+00:00,3.0043,3.03,2.9367,2.9543,37101061.6
2025-09-09 18:00:00+00:00,2.9544,2.9729,2.9404,2.9474,14024893.0
2025-09-10 00:00:00+00:00,2.9474,2.965,2.9357,2.96,14431967.5
2025-09-10 06:00:00+00:00,2.9599,2.9871,2.9457,2.971,17440143.0
2025-09-10 12:00:00+00:00,2.9711,3.024,2.9704,3.0029,40394849.1
2025-09-10 18:00:00+00:00,3.0029,3.0069,2.9672,2.9834,13061718.4
2025-09-11 00:00:00+00:00,2.9834,3.0139,2.9772,3.0069,15243751.2
2025-09-11 06:00:00+00:00,3.0069,3.035,2.9914,3.0077,25618437.2
2025-09-11 12:00:00+00:00,3.0077,3.034,2.9507,3.0136,45625527.4
2025-09-11 18:00:00+00:00,3.0135,3.049,3.0072,3.0398,28636728.1
2025-09-12 00:00:00+00:00,3.0398,3.0731,3.0282,3.072,30676970.9
2025-09-12 06:00:00+00:00,3.0721,3.0729,3.0372,3.0389,22906306.8
2025-09-12 12:00:00+00:00,3.0389,3.0728,3.018,3.0652,33778704.6
2025-09-12 18:00:00+00:00,3.0651,3.1376,3.06,3.1054,43051025.8
2025-09-13 00:00:00+00:00,3.1054,3.1257,3.0901,3.1009,16778427.3
2025-09-13 06:00:00+00:00,3.1008,3.1858,3.1,3.1728,39910746.1
2025-09-13 12:00:00+00:00,3.1729,3.1812,3.089,3.1125,42348959.5
2025-09-13 18:00:00+00:00,3.1124,3.1282,3.1013,3.1193,13753384.0
2025-09-14 00:00:00+00:00,3.1193,3.1267,3.0762,3.107,20184387.1
2025-09-14 06:00:00+00:00,3.1071,3.1085,3.0542,3.059,19664137.6
2025-09-14 12:00:00+00:00,3.0589,3.0663,3.0099,3.0543,30003532.3
2025-09-14 18:00:00+00:00,3.0542,3.0575,3.025,3.0279,16592585.8
2025-09-15 00:00:00+00:00,3.028,3.0669,3.012,3.066,18837571.0
2025-09-15 06:00:00+00:00,3.0659,3.0663,2.9532,2.9994,45225765.7
2025-09-15 12:00:00+00:00,2.9993,3.043,2.9843,3.0093,42747681.6
2025-09-15 18:00:00+00:00,3.0092,3.0161,2.9708,2.9969,14725057.7
2025-09-16 00:00:00+00:00,2.9969,3.0076,2.9642,3.0048,17887801.3
2025-09-16 06:00:00+00:00,3.0049,3.0496,2.9787,3.0289,24022714.6
2025-09-16 12:00:00+00:00,3.0289,3.0586,3.0004,3.0473,24505990.5
2025-09-16 18:00:00+00:00,3.0473,3.0579,3.0352,3.0376,10537256.6
2025-09-17 00:00:00+00:00,3.0376,3.0476,3.0054,3.02,25067696.2
2025-09-17 06:00:00+00:00,3.02,3.0389,3.0029,3.0088,20567765.5
2025-09-17 12:00:00+00:00,3.0088,3.0685,3.0086,3.0197,22759197.1
2025-09-17 18:00:00+00:00,3.0197,3.1079,2.9814,3.0841,64113999.6
2025-09-18 00:00:00+00:00,3.0841,3.112,3.0707,3.0806,31235746.7
2025-09-18 06:00:00+00:00,3.0806,3.1375,3.0558,3.1368,35855261.3
2025-09-18 12:00:00+00:00,3.1369,3.1397,3.0989,3.1074,32607759.3
2025-09-18 18:00:00+00:00,3.1074,3.1181,3.0601,3.0735,21400173.4
2025-09-19 00:00:00+00:00,3.0735,3.0941,3.0232,3.048,25847986.5
2025-09-19 06:00:00+00:00,3.0479,3.0479,3.0223,3.0304,21274163.7
2025-09-19 12:00:00+00:00,3.0305,3.0462,2.9887,2.9965,31886758.9
2025-09-19 18:00:00+00:00,2.9965,3.0109,2.9784,2.9901,13705729.5
2025-09-20 00:00:00+00:00,2.99,3.0027,2.98,3.0027,7173158.8
2025-09-20 06:00:00+00:00,3.0026,3.0091,2.9745,2.9891,11931575.2
2025-09-20 12:00:00+00:00,2.9892,2.9961,2.9652,2.9824,27530478.9
2025-09-20 18:00:00+00:00,2.9824,2.9855,2.97,2.975,16088517.1
2025-09-21 00:00:00+00:00,2.975,3.0135,2.9725,3.0058,14527678.4
2025-09-21 06:00:00+00:00,3.0058,3.0115,2.9618,2.9751,11055634.2
2025-09-21 12:00:00+00:00,2.9751,2.9884,2.9523,2.9738,11215523.1
2025-09-21 18:00:00+00:00,2.9738,2.9927,2.9644,2.9701,8869905.4
2025-09-22 00:00:00+00:00,2.9701,2.9755,2.8454,2.847,54941409.9
2025-09-22 06:00:00+00:00,2.8471,2.8506,2.6975,2.8162,97580338.5
2025-09-22 12:00:00+00:00,2.8163,2.8746,2.8041,2.8572,53587051.2
2025-09-22 18:00:00+00:00,2.8572,2.8632,2.8146,2.8526,22638393.3
2025-09-23 00:00:00+00:00,2.8525,2.8753,2.7991,2.8655,27616020.6
2025-09-23 06:00:00+00:00,2.8655,2.8843,2.8494,2.8584,26430601.7
2025-09-23 12:00:00+00:00,2.8583,2.8964,2.8451,2.8487,27360052.6
2025-09-23 18:00:00+00:00,2.8487,2.87,2.8175,2.8247,18985627.4
2025-09-24 00:00:00+00:00,2.8247,2.8609,2.7883,2.8572,33425135.0
2025-09-24 06:00:00+00:00,2.8573,2.8842,2.8508,2.8804,19012124.7
2025-09-24 12:00:00+00:00,2.8804,2.956,2.8718,2.944,34165998.0
2025-09-24 18:00:00+00:00,2.944,2.9955,2.9234,2.9257,38813974.9
2025-09-25 00:00:00+00:00,2.9257,2.9446,2.8324,2.8653,45424428.3
2025-09-25 06:00:00+00:00,2.8652,2.8654,2.8074,2.8154,30940292.6
2025-09-25 12:00:00+00:00,2.8154,2.8607,2.7244,2.7368,73593336.0
2025-09-25 18:00:00+00:00,2.7368,2.8139,2.7321,2.7435,46463120.0
2025-09-26 00:00:00+00:00,2.7435,2.7787,2.7387,2.7529,23055531.2
2025-09-26 06:00:00+00:00,2.753,2.774,2.6984,2.7277,55295879.0
2025-09-26 12:00:00+00:00,2.7277,2.7973,2.7004,2.7934,55497116.7
2025-09-26 18:00:00+00:00,2.7933,2.809,2.7698,2.7835,28952777.8
2025-09-27 00:00:00+00:00,2.7836,2.7913,2.7675,2.7902,9697851.7
2025-09-27 06:00:00+00:00,2.7902,2.8016,2.7619,2.777,10590625.7
2025-09-27 12:00:00+00:00,2.777,2.789,2.7628,2.7838,9791908.5
2025-09-27 18:00:00+00:00,2.7838,2.8287,2.7818,2.8047,14623420.3
2025-09-28 00:00:00+00:00,2.8047,2.8146,2.7771,2.7812,19072592.7
2025-09-28 06:00:00+00:00,2.7812,2.7945,2.7701,2.7764,10738428.1
2025-09-28 12:00:00+00:00,2.7764,2.8346,2.7661,2.8238,18083386.8
2025-09-28 18:00:00+00:00,2.8238,2.8675,2.8163,2.8674,17959102.4
2025-09-29 00:00:00+00:00,2.8675,2.8848,2.8482,2.8593,26536025.1
2025-09-29 06:00:00+00:00,2.8592,2.9054,2.8454,2.8551,23518982.7
2025-09-29 12:00:00+00:00,2.8551,2.9289,2.8455,2.8823,37565795.8
2025-09-29 18:00:00+00:00,2.8823,2.915,2.8664,2.8801,28852571.7
2025-09-30 00:00:00+00:00,2.8801,2.9021,2.8681,2.8937,17436339.0
2025-09-30 06:00:00+00:00,2.8936,2.9077,2.8341,2.8468,21995438.4
2025-09-30 12:00:00+00:00,2.8468,2.8629,2.8132,2.8281,32959012.0
2025-09-30 18:00:00+00:00,2.828,2.8792,2.8212,2.8468,28001630.3
2025-10-01 00:00:00+00:00,2.8468,2.8597,2.8141,2.8457,19753391.9
2025-10-01 06:00:00+00:00,2.8456,2.952,2.8309,2.9439,55499080.3
2025-10-01 12:00:00+00:00,2.9439,2.9582,2.9195,2.9202,41327944.9
2025-10-01 18:00:00+00:00,2.9202,2.9616,2.9201,2.9485,19681991.7
2025-10-02 00:00:00+00:00,2.9485,2.9877,2.9403,2.9648,29140499.0
2025-10-02 06:00:00+00:00,2.9649,2.9962,2.9628,2.9715,25301513.6
2025-10-02 12:00:00+00:00,2.9716,3.0587,2.9461,3.0352,52207730.7
2025-10-02 18:00:00+00:00,3.0352,3.0998,3.026,3.0389,40424808.3
2025-10-03 00:00:00+00:00,3.0388,3.0393,3.0041,3.0206,25506156.2
2025-10-03 06:00:00+00:00,3.0207,3.0582,3.0131,3.0379,27004762.9
2025-10-03 12:00:00+00:00,3.038,3.0948,3.0079,3.0288,55660692.1
2025-10-03 18:00:00+00:00,3.0289,3.0556,3.0203,3.0401,17567895.5
2025-10-04 00:00:00+00:00,3.0402,3.0522,3.0082,3.024,14101500.1
2025-10-04 06:00:00+00:00,3.024,3.0315,2.9828,2.9904,17510845.4
2025-10-04 12:00:00+00:00,2.9904,3.0065,2.939,2.9482,26961211.8
2025-10-04 18:00:00+00:00,2.9482,2.9731,2.9403,2.9685,10856423.5
2025-10-05 00:00:00+00:00,2.9685,3.0441,2.9555,3.0356,25206208.9
2025-10-05 06:00:00+00:00,3.0355,3.0716,3.0011,3.022,34102009.0
2025-10-05 12:00:00+00:00,3.022,3.0221,2.9813,2.9881,17533507.4
2025-10-05 18:00:00+00:00,2.9881,2.991,2.9468,2.9697,29056986.1
2025-10-06 00:00:00+00:00,2.9697,2.9924,2.9551,2.9733,18526416.7
2025-10-06 06:00:00+00:00,2.9733,3.0088,2.965,2.9951,19574368.0
2025-10-06 12:00:00+00:00,2.9951,3.0473,2.9844,3.0363,45959921.3
2025-10-06 18:00:00+00:00,3.0364,3.0506,2.9867,2.9883,33125797.0
2025-10-07 00:00:00+00:00,2.9883,3.0012,2.975,2.9911,19601123.6
2025-10-07 06:00:00+00:00,2.9911,2.9911,2.9546,2.9705,28413410.6
2025-10-07 12:00:00+00:00,2.9705,2.9917,2.85,2.8777,75517372.1
2025-10-07 18:00:00+00:00,2.8777,2.8818,2.8489,2.852,28173070.3
2025-10-08 00:00:00+00:00,2.8521,2.8792,2.8303,2.8553,24252388.3
2025-10-08 06:00:00+00:00,2.8553,2.881,2.8426,2.8762,22012657.1
2025-10-08 12:00:00+00:00,2.8761,2.9248,2.8517,2.9193,25851684.9
2025-10-08 18:00:00+00:00,2.9193,2.9223,2.8763,2.8797,13987176.7
2025-10-09 00:00:00+00:00,2.8797,2.8801,2.8244,2.8337,24746571.9
2025-10-09 06:00:00+00:00,2.8337,2.834,2.786,2.8263,33612311.0
2025-10-09 12:00:00+00:00,2.8262,2.8407,2.7714,2.8053,34409882.1
2025-10-09 18:00:00+00:00,2.8053,2.8169,2.7746,2.8021,17468147.9
2025-10-10 00:00:00+00:00,2.8021,2.8305,2.7905,2.8265,16886505.1
2025-10-10 06:00:00+00:00,2.8265,2.8308,2.7986,2.8186,13351182.9
2025-10-10 12:00:00+00:00,2.8187,2.8372,2.7111,2.7234,74178756.8
2025-10-10 18:00:00+00:00,2.7234,2.7322,1.2543,2.3704,488416779.9
2025-10-11 00:00:00+00:00,2.3704,2.459,2.3,2.4038,162794964.1
2025-10-11 06:00:00+00:00,2.4038,2.5061,2.3976,2.4773,85643991.1
2025-10-11 12:00:00+00:00,2.4772,2.4928,2.4152,2.4799,55910476.4
2025-10-11 18:00:00+00:00,2.4798,2.4807,2.3228,2.3819,73167156.4
2025-10-12 00:00:00+00:00,2.3819,2.3871,2.3121,2.3736,54552847.9
2025-10-12 06:00:00+00:00,2.3735,2.411,2.369,2.3975,32890723.7
2025-10-12 12:00:00+00:00,2.3974,2.5451,2.3615,2.5287,108836172.1
2025-10-12 18:00:00+00:00,2.5287,2.5841,2.5036,2.5282,51985779.4
2025-10-13 00:00:00+00:00,2.5283,2.5807,2.5125,2.5494,49721252.2
2025-10-13 06:00:00+00:00,2.5495,2.6426,2.5337,2.5692,59559628.8
2025-10-13 12:00:00+00:00,2.5691,2.626,2.5507,2.6227,70457111.7
2025-10-13 18:00:00+00:00,2.6228,2.646,2.5975,2.6052,36106081.0
2025-10-14 00:00:00+00:00,2.6052,2.6208,2.4963,2.5054,50870964.3
2025-10-14 06:00:00+00:00,2.5054,2.5189,2.412,2.4517,68989183.7
2025-10-14 12:00:00+00:00,2.4518,2.5362,2.3888,2.5054,82088896.8
2025-10-14 18:00:00+00:00,2.5054,2.5265,2.4611,2.5033,34468414.8
2025-10-15 00:00:00+00:00,2.5033,2.526,2.4795,2.4999,19095203.1
2025-10-15 06:00:00+00:00,2.4999,2.5475,2.4775,2.4928,36333357.7
2025-10-15 12:00:00+00:00,2.4928,2.5118,2.4124,2.434,59173515.4
2025-10-15 18:00:00+00:00,2.4339,2.4425,2.3754,2.4109,32991335.0
2025-10-16 00:00:00+00:00,2.411,2.4354,2.3973,2.4062,28403428.1
2025-10-16 06:00:00+00:00,2.4062,2.4573,2.3533,2.4524,42550983.4
2025-10-16 12:00:00+00:00,2.4524,2.4665,2.3375,2.367,68945524.3
2025-10-16 18:00:00+00:00,2.367,2.3675,2.2833,2.328,56547950.5
2025-10-17 00:00:00+00:00,2.328,2.4,2.3199,2.3324,40170333.9
2025-10-17 06:00:00+00:00,2.3325,2.3457,2.1901,2.2831,119135236.5
2025-10-17 12:00:00+00:00,2.2831,2.3277,2.2403,2.2928,53130599.7
2025-10-17 18:00:00+00:00,2.2928,2.3416,2.2914,2.2936,21201962.9
2025-10-18 00:00:00+00:00,2.2936,2.3436,2.2894,2.3328,15968192.2
2025-10-18 06:00:00+00:00,2.3327,2.3795,2.3316,2.3789,22690012.5
2025-10-18 12:00:00+00:00,2.3788,2.3915,2.3332,2.3683,21029383.3
2025-10-18 18:00:00+00:00,2.3683,2.3746,2.3506,2.3596,10343677.2
2025-10-19 00:00:00+00:00,2.3596,2.3697,2.336,2.3528,10462289.0
2025-10-19 06:00:00+00:00,2.3528,2.3984,2.3177,2.3751,32173753.5
2025-10-19 12:00:00+00:00,2.3751,2.4195,2.3622,2.3966,29194011.3
2025-10-19 18:00:00+00:00,2.3967,2.4126,2.3864,2.3908,14220950.2
2025-10-20 00:00:00+00:00,2.3907,2.4565,2.3547,2.4565,28967786.4
2025-10-20 06:00:00+00:00,2.4565,2.48,2.4517,2.4575,31058330.9
2025-10-20 12:00:00+00:00,2.4575,2.4852,2.4269,2.4593,35471352.6
2025-10-20 18:00:00+00:00,2.4593,2.5529,2.4551,2.4948,36523222.4
2025-10-21 00:00:00+00:00,2.4948,2.4952,2.4179,2.4239,29153682.1
2025-10-21 06:00:00+00:00,2.4238,2.4388,2.4011,2.4322,27438599.6
2025-10-21 12:00:00+00:00,2.4321,2.5323,2.4077,2.4929,58029887.1
2025-10-21 18:00:00+00:00,2.4928,2.5014,2.4156,2.4222,27539243.4
2025-10-22 00:00:00+00:00,2.4221,2.4375,2.3913,2.4059,30038908.5
2025-10-22 06:00:00+00:00,2.4059,2.4125,2.3639,2.3962,32616943.7
2025-10-22 12:00:00+00:00,2.3961,2.4168,2.3671,2.3789,35098085.4
2025-10-22 18:00:00+00:00,2.3789,2.3962,2.3255,2.3647,33940165.7
2025-10-23 00:00:00+00:00,2.3647,2.3955,2.3617,2.3945,15725635.4
2025-10-23 06:00:00+00:00,2.3945,2.4193,2.3899,2.3909,23442303.5
2025-10-23 12:00:00+00:00,2.391,2.4259,2.3747,2.4209,28419956.2
2025-10-23 18:00:00+00:00,2.4209,2.4224,2.378,2.3947,16749306.0
2025-10-24 00:00:00+00:00,2.3948,2.445,2.3863,2.4419,18254319.2
2025-10-24 06:00:00+00:00,2.442,2.4641,2.4288,2.4559,20821786.7
2025-10-24 12:00:00+00:00,2.456,2.5146,2.4559,2.4744,49260202.8
2025-10-24 18:00:00+00:00,2.4745,2.516,2.4715,2.5103,23715616.3
2025-10-25 00:00:00+00:00,2.5103,2.5712,2.5021,2.5573,26351742.2
2025-10-25 06:00:00+00:00,2.5574,2.5707,2.5283,2.5643,17803127.7
2025-10-25 12:00:00+00:00,2.5643,2.6203,2.56,2.5984,27753430.6
2025-10-25 18:00:00+00:00,2.5983,2.6542,2.5891,2.5959,23921259.9
2025-10-26 00:00:00+00:00,2.5958,2.6286,2.592,2.6147,13781185.4
2025-10-26 06:00:00+00:00,2.6147,2.6624,2.6112,2.6469,22995140.3
2025-10-26 12:00:00+00:00,2.6469,2.6568,2.6203,2.6223,19748989.9
2025-10-26 18:00:00+00:00,2.6222,2.662,2.5975,2.6461,27155801.1
2025-10-27 00:00:00+00:00,2.646,2.6749,2.6222,2.6459,27353669.2
2025-10-27 06:00:00+00:00,2.646,2.6595,2.6051,2.6257,25436477.5
2025-10-27 12:00:00+00:00,2.6257,2.695,2.6013,2.6914,34507576.3
2025-10-27 18:00:00+00:00,2.6913,2.6975,2.6236,2.634,26662609.0
2025-10-28 00:00:00+00:00,2.634,2.652,2.6084,2.6213,18347582.0
2025-10-28 06:00:00+00:00,2.6213,2.6684,2.6123,2.6414,21524620.6
2025-10-28 12:00:00+00:00,2.6414,2.6887,2.6035,2.6602,39054948.6
2025-10-28 18:00:00+00:00,2.6601,2.6798,2.5675,2.6034,44785136.0
2025-10-29 00:00:00+00:00,2.6034,2.629,2.5993,2.619,15963691.1
2025-10-29 06:00:00+00:00,2.6189,2.6605,2.6151,2.6499,18493180.9
2025-10-29 12:00:00+00:00,2.6499,2.664,2.6141,2.6589,25349768.0
2025-10-29 18:00:00+00:00,2.6588,2.6604,2.537,2.5502,67976450.4
2025-10-30 00:00:00+00:00,2.5502,2.5894,2.4871,2.5585,38515634.9
2025-10-30 06:00:00+00:00,2.5584,2.5944,2.5418,2.5442,18435444.2
2025-10-30 12:00:00+00:00,2.5442,2.5513,2.426,2.4528,52277692.7
2025-10-30 18:00:00+00:00,2.4528,2.4535,2.3769,2.4393,42404381.1
2025-10-31 00:00:00+00:00,2.4393,2.4932,2.4311,2.4838,28077360.7
2025-10-31 06:00:00+00:00,2.4839,2.5161,2.4665,2.5145,20801044.3
2025-10-31 12:00:00+00:00,2.5144,2.5505,2.4841,2.5063,47111597.5
2025-10-31 18:00:00+00:00,2.5064,2.5546,2.5004,2.5097,19619328.2
2025-11-01 00:00:00+00:00,2.5096,2.5233,2.4893,2.5081,9764113.5
2025-11-01 06:00:00+00:00,2.5081,2.515,2.4981,2.5006,9561450.2
2025-11-01 12:00:00+00:00,2.5006,2.5144,2.476,2.5053,15135716.2
2025-11-01 18:00:00+00:00,2.5054,2.5129,2.4902,2.5053,7090632.9
2025-11-02 00:00:00+00:00,2.5053,2.5279,2.4946,2.5216,9829316.6
2025-11-02 06:00:00+00:00,2.5215,2.5549,2.5097,2.5416,15768268.2
2025-11-02 12:00:00+00:00,2.5416,2.5517,2.4833,2.501,15161476.3
2025-11-02 18:00:00+00:00,2.501,2.5318,2.478,2.5267,10796896.5
2025-11-03 00:00:00+00:00,2.5267,2.5322,2.416,2.431,27421513.3
2025-11-03 06:00:00+00:00,2.4309,2.4333,2.3817,2.4019,35110293.8
2025-11-03 12:00:00+00:00,2.402,2.4301,2.2925,2.3811,67143646.4
2025-11-03 18:00:00+00:00,2.3811,2.3849,2.2631,2.3096,44850016.6
2025-11-04 00:00:00+00:00,2.3095,2.3655,2.245,2.2504,49502692.4
2025-11-04 06:00:00+00:00,2.2504,2.3091,2.2296,2.281,69813528.5
2025-11-04 12:00:00+00:00,2.281,2.3273,2.1966,2.2308,79649924.3
2025-11-04 18:00:00+00:00,2.2309,2.2314,2.0665,2.2053,147592762.3
2025-11-05 00:00:00+00:00,2.2053,2.2606,2.1015,2.2422,70291240.0
2025-11-05 06:00:00+00:00,2.2421,2.2532,2.2047,2.2367,32039518.2
2025-11-05 12:00:00+00:00,2.2367,2.2899,2.2306,2.2857,56370549.6
2025-11-05 18:00:00+00:00,2.2857,2.3766,2.2776,2.3432,49131699.1
2025-11-06 00:00:00+00:00,2.3432,2.416,2.3093,2.3299,42323981.4
2025-11-06 06:00:00+00:00,2.3298,2.3377,2.2877,2.3005,30838070.5
2025-11-06 12:00:00+00:00,2.3006,2.3104,2.2096,2.24,58305872.7
2025-11-06 18:00:00+00:00,2.24,2.2449,2.1796,2.213,41256388.1
2025-11-07 00:00:00+00:00,2.213,2.2381,2.192,2.2364,27690181.4
2025-11-07 06:00:00+00:00,2.2365,2.2397,2.1635,2.1879,30873459.6
2025-11-07 12:00:00+00:00,2.1879,2.3393,2.1536,2.3095,71157117.0
2025-11-07 18:00:00+00:00,2.3096,2.3729,2.3003,2.3154,48283179.3
2025-11-08 00:00:00+00:00,2.3155,2.3381,2.2991,2.315,30256040.6
2025-11-08 06:00:00+00:00,2.3151,2.3337,2.2906,2.2957,17879422.6
2025-11-08 12:00:00+00:00,2.2958,2.3026,2.2424,2.2708,22699961.8
2025-11-08 18:00:00+00:00,2.2707,2.2896,2.254,2.2863,12820831.1
2025-11-09 00:00:00+00:00,2.2864,2.2871,2.2392,2.2714,15072107.8
2025-11-09 06:00:00+00:00,2.2714,2.2989,2.2523,2.2751,15136957.0
2025-11-09 12:00:00+00:00,2.2751,2.3337,2.2671,2.3088,29998034.2
2025-11-09 18:00:00+00:00,2.3089,2.395,2.3021,2.3662,25805299.0
2025-11-10 00:00:00+00:00,2.3662,2.4779,2.3462,2.4526,54673843.5
2025-11-10 06:00:00+00:00,2.4526,2.5731,2.4419,2.541,49504169.5
2025-11-10 12:00:00+00:00,2.541,2.57,2.4985,2.5506,57103229.5
2025-11-10 18:00:00+00:00,2.5505,2.5808,2.5115,2.526,36197152.8
2025-11-11 00:00:00+00:00,2.526,2.57,2.4727,2.4761,39392181.4
2025-11-11 06:00:00+00:00,2.476,2.4804,2.44,2.4605,30129521.9
2025-11-11 12:00:00+00:00,2.4605,2.4706,2.4105,2.4306,31247660.3
2025-11-11 18:00:00+00:00,2.4305,2.4402,2.3787,2.3915,25769528.1
2025-11-12 00:00:00+00:00,2.3915,2.4146,2.3813,2.4,23115737.6
2025-11-12 06:00:00+00:00,2.4,2.4389,2.3645,2.4383,33622027.6
2025-11-12 12:00:00+00:00,2.4383,2.4491,2.3263,2.3489,51358001.4
2025-11-12 18:00:00+00:00,2.3489,2.3947,2.3166,2.3879,33064029.0
2025-11-13 00:00:00+00:00,2.3878,2.5124,2.3827,2.4948,55308414.5
2025-11-13 06:00:00+00:00,2.4949,2.5264,2.4726,2.4951,46794837.9
2025-11-13 12:00:00+00:00,2.4952,2.5183,2.353,2.3559,80546096.7
2025-11-13 18:00:00+00:00,2.356,2.3754,2.2757,2.3225,85615055.4
2025-11-14 00:00:00+00:00,2.3225,2.338,2.2454,2.3131,52006075.8
2025-11-14 06:00:00+00:00,2.3131,2.3272,2.256,2.2684,41674479.4
2025-11-14 12:00:00+00:00,2.2683,2.3416,2.2263,2.3109,93940175.6
2025-11-14 18:00:00+00:00,2.3109,2.3281,2.2256,2.2443,32757087.8
2025-11-15 00:00:00+00:00,2.2443,2.3034,2.2428,2.2762,20285473.0
2025-11-15 06:00:00+00:00,2.2762,2.2935,2.2423,2.2582,22379479.4
2025-11-15 12:00:00+00:00,2.2582,2.2791,2.2289,2.2621,22785102.4
2025-11-15 18:00:00+00:00,2.2621,2.2674,2.2111,2.2372,19023199.4
2025-11-16 00:00:00+00:00,2.2372,2.2648,2.1893,2.2587,26290651.0
2025-11-16 06:00:00+00:00,2.2587,2.28,2.2304,2.2354,19181730.1
2025-11-16 12:00:00+00:00,2.2355,2.2465,2.1558,2.1759,42564201.3
2025-11-16 18:00:00+00:00,2.1758,2.2322,2.1648,2.2149,38217923.8
2025-11-17 00:00:00+00:00,2.2148,2.2677,2.1983,2.2537,30262942.6
2025-11-17 06:00:00+00:00,2.2537,2.2847,2.249,2.2718,22090381.1
2025-11-17 12:00:00+00:00,2.2719,2.3077,2.1591,2.1649,92937684.1
2025-11-17 18:00:00+00:00,2.1649,2.1738,2.1146,2.1637,68634832.5
2025-11-18 00:00:00+00:00,2.1637,2.1783,2.1064,2.1575,58213566.7
2025-11-18 06:00:00+00:00,2.1576,2.2031,2.1252,2.1836,42240551.9
2025-11-18 12:00:00+00:00,2.1836,2.2391,2.1505,2.2195,63962608.0
2025-11-18 18:00:00+00:00,2.2196,2.2413,2.2029,2.2172,23609994.1
2025-11-19 00:00:00+00:00,2.2171,2.2196,2.127,2.1398,33581158.6
2025-11-19 06:00:00+00:00,2.1398,2.1713,2.1298,2.1315,36017266.7
2025-11-19 12:00:00+00:00,2.1314,2.1494,2.0422,2.0571,77618414.3
2025-11-19 18:00:00+00:00,2.057,2.1164,2.0244,2.1098,90443776.1
2025-11-20 00:00:00+00:00,2.1097,2.1498,2.0963,2.1423,35835335.2
2025-11-20 06:00:00+00:00,2.1424,2.148,2.1078,2.1158,33299504.1
2025-11-20 12:00:00+00:00,2.1158,2.1439,1.9808,2.0042,125373017.1
2025-11-20 18:00:00+00:00,2.0042,2.053,1.9743,1.9999,100724411.5
2025-11-21 00:00:00+00:00,1.9998,2.0308,1.9569,1.9806,54825763.3
2025-11-21 06:00:00+00:00,1.9806,1.985,1.8467,1.8758,113253374.6
2025-11-21 12:00:00+00:00,1.8758,1.9984,1.8209,1.9764,127136960.9
2025-11-21 18:00:00+00:00,1.9764,1.987,1.9,1.9509,53836092.8
2025-11-22 00:00:00+00:00,1.9509,1.9637,1.9136,1.9311,24076697.6
2025-11-22 06:00:00+00:00,1.9312,1.9577,1.8947,1.9172,29003044.8
2025-11-22 12:00:00+00:00,1.9173,1.9517,1.889,1.9302,26086248.3
2025-11-22 18:00:00+00:00,1.9303,1.9671,1.9203,1.9509,13341664.9
2025-11-23 00:00:00+00:00,1.9508,2.076,1.9497,2.0565,51492111.3
2025-11-23 06:00:00+00:00,2.0566,2.0592,2.0165,2.0312,23641803.4
2025-11-23 12:00:00+00:00,2.0312,2.0803,2.0297,2.0463,34690528.5
2025-11-23 18:00:00+00:00,2.0462,2.0846,2.0425,2.0491,26200156.8
2025-11-24 00:00:00+00:00,2.0491,2.1077,2.0238,2.0905,38643722.5
2025-11-24 06:00:00+00:00,2.0906,2.0927,2.0387,2.0587,24764593.5
2025-11-24 12:00:00+00:00,2.0587,2.2105,2.0484,2.2063,71462841.5
2025-11-24 18:00:00+00:00,2.2063,2.2868,2.1854,2.2276,74636362.6
2025-11-25 00:00:00+00:00,2.2276,2.2652,2.2257,2.2515,31549843.1
2025-11-25 06:00:00+00:00,2.2515,2.2535,2.1855,2.196,39062622.4
2025-11-25 12:00:00+00:00,2.1961,2.2357,2.1589,2.1898,49920288.9
2025-11-25 18:00:00+00:00,2.1898,2.2175,2.1482,2.2024,34384176.9
2025-11-26 00:00:00+00:00,2.2023,2.2139,2.1711,2.1927,17158197.9
2025-11-26 06:00:00+00:00,2.1927,2.207,2.1691,2.1714,17793874.7
2025-11-26 12:00:00+00:00,2.1714,2.2403,2.1447,2.2343,48596823.9
2025-11-26 18:00:00+00:00,2.2343,2.2547,2.212,2.2233,26688305.8
2025-11-27 00:00:00+00:00,2.2232,2.2347,2.1952,2.2003,23407115.1
2025-11-27 06:00:00+00:00,2.2004,2.2157,2.1845,2.1896,19364870.7
2025-11-27 12:00:00+00:00,2.1895,2.2191,2.1727,2.2079,23374502.6
2025-11-27 18:00:00+00:00,2.2079,2.2337,2.196,2.1999,16544732.2
2025-11-28 00:00:00+00:00,2.2,2.2222,2.1664,2.2142,20840454.6
2025-11-28 06:00:00+00:00,2.2142,2.2496,2.185,2.1972,36454918.1
2025-11-28 12:00:00+00:00,2.1971,2.2752,2.1663,2.1755,59720799.2
2025-11-28 18:00:00+00:00,2.1754,2.1965,2.1565,2.1795,23876697.0
2025-11-29 00:00:00+00:00,2.1795,2.1898,2.1726,2.1814,7731605.0
2025-11-29 06:00:00+00:00,2.1814,2.2147,2.1666,2.2112,13348309.0
2025-11-29 12:00:00+00:00,2.2113,2.2231,2.1922,2.1983,24410964.6
2025-11-29 18:00:00+00:00,2.1983,2.2149,2.1872,2.2009,11535905.5
2025-11-30 00:00:00+00:00,2.201,2.2126,2.1882,2.1954,8353831.2
2025-11-30 06:00:00+00:00,2.1955,2.2099,2.1824,2.1881,10313248.7
2025-11-30 12:00:00+00:00,2.1881,2.215,2.1846,2.2016,14377202.4
2025-11-30 18:00:00+00:00,2.2015,2.2069,2.1524,2.155,19438606.6
2025-12-01 00:00:00+00:00,2.1549,2.1609,2.0168,2.0282,64504471.8
2025-12-01 06:00:00+00:00,2.0282,2.0606,2.0278,2.034,27123128.4
2025-12-01 12:00:00+00:00,2.034,2.0492,1.9835,1.9951,44440710.2
2025-12-01 18:00:00+00:00,1.9951,2.0447,1.987,2.0297,37851242.7
2025-12-02 00:00:00+00:00,2.0297,2.0437,2.0021,2.0165,22787176.3
2025-12-02 06:00:00+00:00,2.0164,2.0418,1.995,2.0369,16746924.1
2025-12-02 12:00:00+00:00,2.0368,2.1783,2.0266,2.1698,58648716.0
2025-12-02 18:00:00+00:00,2.1698,2.1831,2.1473,2.1532,34281492.5
2025-12-03 00:00:00+00:00,2.1531,2.219,2.1414,2.203,28309241.8
2025-12-03 06:00:00+00:00,2.203,2.2145,2.1668,2.1764,26701468.9
2025-12-03 12:00:00+00:00,2.1764,2.1993,2.1425,2.1844,31796796.3
2025-12-03 18:00:00+00:00,2.1844,2.2143,2.1684,2.1976,24700367.4
2025-12-04 00:00:00+00:00,2.1976,2.2146,2.1715,2.1767,18125861.5
2025-12-04 06:00:00+00:00,2.1768,2.1853,2.1426,2.151,20499325.1
2025-12-04 12:00:00+00:00,2.1511,2.1581,2.1143,2.128,35857777.8
2025-12-04 18:00:00+00:00,2.1281,2.1288,2.0691,2.096,26609553.2
2025-12-05 00:00:00+00:00,2.096,2.113,2.0764,2.0817,14275213.7
2025-12-05 06:00:00+00:00,2.0817,2.0986,2.0541,2.069,21249501.4
2025-12-05 12:00:00+00:00,2.069,2.0999,2.0171,2.0357,41466593.8
2025-12-05 18:00:00+00:00,2.0356,2.0478,2.0125,2.0344,18346774.0
2025-12-06 00:00:00+00:00,2.0344,2.0447,2.0178,2.0438,9789389.7
2025-12-06 06:00:00+00:00,2.0438,2.0504,2.0154,2.0321,12000046.9
2025-12-06 12:00:00+00:00,2.0321,2.0474,2.0221,2.0334,13624506.5
2025-12-06 18:00:00+00:00,2.0334,2.0381,2.0204,2.0309,8155081.7
2025-12-07 00:00:00+00:00,2.031,2.0738,2.0295,2.0485,9896820.7
2025-12-07 06:00:00+00:00,2.0485,2.0527,2.0244,2.0338,8044656.6
2025-12-07 12:00:00+00:00,2.0338,2.0962,1.9894,2.0875,39335977.1
2025-12-07 18:00:00+00:00,2.0875,2.1109,2.0123,2.0442,26509405.4
2025-12-08 00:00:00+00:00,2.0442,2.0912,2.0319,2.0784,15817671.6
2025-12-08 06:00:00+00:00,2.0784,2.1239,2.0724,2.0904,20374074.9
2025-12-08 12:00:00+00:00,2.0904,2.1119,2.0652,2.0788,38647516.2
2025-12-08 18:00:00+00:00,2.0788,2.0941,2.0628,2.0724,13210528.2
2025-12-09 00:00:00+00:00,2.0723,2.0827,2.049,2.0503,12673993.9
2025-12-09 06:00:00+00:00,2.0504,2.0706,2.0419,2.0689,10827122.6
2025-12-09 12:00:00+00:00,2.069,2.178,2.049,2.1493,57430925.4
2025-12-09 18:00:00+00:00,2.1494,2.158,2.0854,2.1062,32927613.1
2025-12-10 00:00:00+00:00,2.1061,2.1099,2.0797,2.0883,16589640.3
2025-12-10 06:00:00+00:00,2.0884,2.0983,2.0637,2.0717,25835252.6
2025-12-10 12:00:00+00:00,2.0717,2.0755,2.0559,2.0616,25941122.8
2025-12-10 18:00:00+00:00,2.0616,2.1108,2.0346,2.0418,56766684.7
2025-12-11 00:00:00+00:00,2.0418,2.0468,1.9927,2.0148,33856113.0
2025-12-11 06:00:00+00:00,2.0148,2.0189,2.0003,2.0083,18929739.4
2025-12-11 12:00:00+00:00,2.0083,2.0149,1.9767,1.9952,39444423.0
2025-12-11 18:00:00+00:00,1.9952,2.057,1.9919,2.034,32826729.6
2025-12-12 00:00:00+00:00,2.034,2.0434,2.0157,2.0367,10830517.1
2025-12-12 06:00:00+00:00,2.0367,2.0463,2.0251,2.0422,8901828.8
2025-12-12 12:00:00+00:00,2.0422,2.0478,1.9692,1.9961,45278367.4
2025-12-12 18:00:00+00:00,1.9961,2.0256,1.9902,2.0074,12976411.4
2025-12-13 00:00:00+00:00,2.0075,2.0482,2.0068,2.0316,12333741.6
2025-12-13 06:00:00+00:00,2.0315,2.043,2.0256,2.0333,8584461.9
2025-12-13 12:00:00+00:00,2.0333,2.0434,2.0182,2.0196,14012801.9
2025-12-13 18:00:00+00:00,2.0195,2.025,2.0082,2.0227,9262261.7
2025-12-14 00:00:00+00:00,2.0226,2.0306,2.0103,2.0158,5286755.4
2025-12-14 06:00:00+00:00,2.0159,2.0232,1.99,2.0012,9029674.4
2025-12-14 12:00:00+00:00,2.0011,2.008,1.9838,1.9872,13896812.6
2025-12-14 18:00:00+00:00,1.9873,1.9974,1.9527,1.9784,16935345.5
2025-12-15 00:00:00+00:00,1.9784,2.0143,1.9747,2.0008,13291573.8
2025-12-15 06:00:00+00:00,2.0008,2.0055,1.9838,1.9875,12453402.6
2025-12-15 12:00:00+00:00,1.9876,1.9877,1.89,1.8915,55963837.1
2025-12-15 18:00:00+00:00,1.8915,1.9084,1.8695,1.8981,34037545.1
2025-12-16 00:00:00+00:00,1.8981,1.8986,1.852,1.882,30335826.8
2025-12-16 06:00:00+00:00,1.882,1.9253,1.8743,1.9208,19390487.8
2025-12-16 12:00:00+00:00,1.9207,1.9491,1.899,1.9165,39435750.3
2025-12-16 18:00:00+00:00,1.9165,1.9387,1.9141,1.9297,12121329.9
2025-12-17 00:00:00+00:00,1.9297,1.9401,1.9061,1.9203,14821147.9
2025-12-17 06:00:00+00:00,1.9204,1.932,1.8965,1.9133,15722342.2
2025-12-17 12:00:00+00:00,1.9134,1.9874,1.8705,1.8729,55624519.2
2025-12-17 18:00:00+00:00,1.8729,1.8843,1.8474,1.8627,25546883.5
2025-12-18 00:00:00+00:00,1.8627,1.8725,1.8304,1.8318,16896900.7
2025-12-18 06:00:00+00:00,1.8318,1.881,1.8268,1.8785,17421296.7
2025-12-18 12:00:00+00:00,1.8786,1.9341,1.8385,1.8665,52110489.6
2025-12-18 18:00:00+00:00,1.8665,1.8766,1.8,1.8076,40552352.0
2025-12-19 00:00:00+00:00,1.8076,1.8538,1.7711,1.8284,49991152.8
2025-12-19 06:00:00+00:00,1.8284,1.8765,1.8257,1.8705,23033198.0
2025-12-19 12:00:00+00:00,1.8705,1.9083,1.8635,1.874,54104772.5
2025-12-19 18:00:00+00:00,1.874,1.9213,1.8739,1.9092,17472387.0
2025-12-20 00:00:00+00:00,1.9092,1.9189,1.8936,1.9138,9422970.9
2025-12-20 06:00:00+00:00,1.9139,1.9588,1.9068,1.9437,20356918.5
2025-12-20 12:00:00+00:00,1.9437,1.948,1.9164,1.9242,18105826.8
2025-12-20 18:00:00+00:00,1.9242,1.9378,1.9194,1.9335,5349307.3
2025-12-21 00:00:00+00:00,1.9335,1.942,1.9172,1.9221,9809466.3
2025-12-21 06:00:00+00:00,1.9221,1.9498,1.9192,1.9336,10047833.0
2025-12-21 12:00:00+00:00,1.9336,1.9386,1.8948,1.9082,24330949.5
2025-12-21 18:00:00+00:00,1.9082,1.9271,1.902,1.9223,8841024.1
2025-12-22 00:00:00+00:00,1.9224,1.9493,1.9031,1.9199,21493062.9
2025-12-22 06:00:00+00:00,1.9198,1.938,1.9136,1.9346,19573607.3
2025-12-22 12:00:00+00:00,1.9347,1.9473,1.918,1.9302,23287965.4
2025-12-22 18:00:00+00:00,1.9301,1.9382,1.8917,1.9043,24376978.6
2025-12-23 00:00:00+00:00,1.9044,1.91,1.879,1.8826,23864041.9
2025-12-23 06:00:00+00:00,1.8826,1.9062,1.8736,1.9054,14884890.9
2025-12-23 12:00:00+00:00,1.9053,1.9054,1.863,1.8692,26666180.2
2025-12-23 18:00:00+00:00,1.8692,1.895,1.8672,1.8734,12400580.8
2025-12-24 00:00:00+00:00,1.8734,1.8783,1.8437,1.8472,15707911.9
2025-12-24 06:00:00+00:00,1.8472,1.8756,1.8372,1.8689,13912152.4
2025-12-24 12:00:00+00:00,1.869,1.878,1.8505,1.8513,20585215.5
2025-12-24 18:00:00+00:00,1.8513,1.87,1.8492,1.8628,9690700.0
2025-12-25 00:00:00+00:00,1.8627,1.8754,1.8564,1.8691,7503169.2
2025-12-25 06:00:00+00:00,1.8691,1.8812,1.8534,1.8591,11389692.8
2025-12-25 12:00:00+00:00,1.8591,1.8892,1.8554,1.8705,13405912.5
2025-12-25 18:00:00+00:00,1.8706,1.8761,1.8291,1.8326,13846033.9
2025-12-26 00:00:00+00:00,1.8325,1.8807,1.8246,1.8697,21178001.8
2025-12-26 06:00:00+00:00,1.8697,1.8833,1.8618,1.8713,18740359.7
2025-12-26 12:00:00+00:00,1.8713,1.8795,1.8267,1.8438,29048122.3
2025-12-26 18:00:00+00:00,1.8439,1.8603,1.8406,1.8437,7859047.0
2025-12-27 00:00:00+00:00,1.8437,1.8535,1.8417,1.8498,8982065.6
2025-12-27 06:00:00+00:00,1.8498,1.856,1.845,1.8512,5709040.3
2025-12-27 12:00:00+00:00,1.8513,1.8533,1.8434,1.8493,7658214.2
2025-12-27 18:00:00+00:00,1.8493,1.8788,1.8481,1.8735,8895151.2
2025-12-28 00:00:00+00:00,1.8734,1.8782,1.8687,1.8728,5901828.6
2025-12-28 06:00:00+00:00,1.8728,1.8796,1.8627,1.8722,5744451.8
2025-12-28 12:00:00+00:00,1.8721,1.8766,1.8653,1.8682,5920497.3
2025-12-28 18:00:00+00:00,1.8683,1.871,1.8539,1.8654,9030460.6
2025-12-29 00:00:00+00:00,1.8655,1.918,1.8629,1.9026,24497126.4
2025-12-29 06:00:00+00:00,1.9026,1.9085,1.866,1.8717,18094144.0
2025-12-29 12:00:00+00:00,1.8718,1.879,1.8555,1.8657,16430159.8
2025-12-29 18:00:00+00:00,1.8656,1.8678,1.845,1.8508,11244278.3
2025-12-30 00:00:00+00:00,1.8508,1.864,1.8439,1.8589,8801624.0
2025-12-30 06:00:00+00:00,1.8589,1.872,1.8565,1.8623,11248915.6
2025-12-30 12:00:00+00:00,1.8624,1.8864,1.8542,1.8746,16509924.8
2025-12-30 18:00:00+00:00,1.8745,1.8837,1.8661,1.8776,11777271.2
2025-12-31 00:00:00+00:00,1.8776,1.8839,1.8672,1.8723,9001473.8
2025-12-31 06:00:00+00:00,1.8723,1.883,1.8655,1.879,8536099.5
2025-12-31 12:00:00+00:00,1.8789,1.883,1.8337,1.8348,21334447.5
2025-12-31 18:00:00+00:00,1.8348,1.8481,1.8123,1.8423,19462873.0
2026-01-01 00:00:00+00:00,1.8424,1.8558,1.8261,1.8449,13680826.0
2026-01-01 06:00:00+00:00,1.8449,1.8564,1.8416,1.8554,6474467.7
2026-01-01 12:00:00+00:00,1.8554,1.8754,1.8514,1.8689,12236473.9
2026-01-01 18:00:00+00:00,1.8689,1.8811,1.8652,1.8799,8690821.5
2026-01-02 00:00:00+00:00,1.8799,1.8925,1.8689,1.8759,13700913.5
2026-01-02 06:00:00+00:00,1.876,1.9091,1.8708,1.8911,19597979.9
2026-01-02 12:00:00+00:00,1.8912,1.9979,1.8874,1.9926,52695213.7
2026-01-02 18:00:00+00:00,1.9926,2.0315,1.9693,2.0069,41353800.1
2026-01-03 00:00:00+00:00,2.0068,2.0561,2.0068,2.0315,28499216.7
2026-01-03 06:00:00+00:00,2.0315,2.0357,1.9844,1.9994,25366193.5
2026-01-03 12:00:00+00:00,1.9995,2.0188,1.9941,2.002,11831956.7
2026-01-03 18:00:00+00:00,2.0021,2.0188,1.9976,2.0182,8689155.2
2026-01-04 00:00:00+00:00,2.0182,2.0759,2.0163,2.067,41504347.1
2026-01-04 06:00:00+00:00,2.067,2.0974,2.0578,2.0952,25306045.3
2026-01-04 12:00:00+00:00,2.0951,2.1204,2.0814,2.0956,32193719.1
2026-01-04 18:00:00+00:00,2.0956,2.1032,2.0722,2.0909,14752974.8
2026-01-05 00:00:00+00:00,2.0908,2.1665,2.0877,2.1234,37669733.7
2026-01-05 06:00:00+00:00,2.1234,2.153,2.11,2.1336,21457848.0
2026-01-05 12:00:00+00:00,2.1337,2.2078,2.1121,2.2072,45813679.3
2026-01-05 18:00:00+00:00,2.2071,2.3695,2.1999,2.3478,105376764.3
2026-01-06 00:00:00+00:00,2.3479,2.4172,2.3164,2.39,69710947.4
2026-01-06 06:00:00+00:00,2.3901,2.4005,2.3215,2.3776,44302612.3
2026-01-06 12:00:00+00:00,2.3776,2.3996,2.2079,2.2092,107979110.1
2026-01-06 18:00:00+00:00,2.2091,2.3122,2.2046,2.3042,48379438.3
2026-01-07 00:00:00+00:00,2.3042,2.3205,2.2451,2.2518,26721725.4
2026-01-07 06:00:00+00:00,2.2519,2.2913,2.2327,2.2503,20434755.2
2026-01-07 12:00:00+00:00,2.2504,2.2557,2.1834,2.1937,39264609.8
2026-01-07 18:00:00+00:00,2.1937,2.2042,2.1517,2.1657,29182187.3
2026-01-08 00:00:00+00:00,2.1658,2.1925,2.1402,2.1431,25363501.4
2026-01-08 06:00:00+00:00,2.1431,2.1467,2.081,2.0922,40217785.8
2026-01-08 12:00:00+00:00,2.0923,2.1689,2.0649,2.1636,70758102.1
2026-01-08 18:00:00+00:00,2.1635,2.165,2.1132,2.1232,20196691.2
2026-01-09 00:00:00+00:00,2.1232,2.1429,2.1085,2.1381,20418969.4
2026-01-09 06:00:00+00:00,2.138,2.1474,2.0727,2.1028,30125284.0
2026-01-09 12:00:00+00:00,2.1029,2.1622,2.0794,2.1074,52089086.9
2026-01-09 18:00:00+00:00,2.1073,2.1103,2.0759,2.0958,15143751.7
2026-01-10 00:00:00+00:00,2.0958,2.1016,2.0806,2.0898,6784362.0
2026-01-10 06:00:00+00:00,2.0899,2.1053,2.0854,2.1028,8191820.5
2026-01-10 12:00:00+00:00,2.1028,2.1106,2.0874,2.0907,9956121.8
2026-01-10 18:00:00+00:00,2.0907,2.101,2.0825,2.0907,6657677.0
2026-01-11 00:00:00+00:00,2.0907,2.0966,2.0864,2.0959,6777810.5
2026-01-11 06:00:00+00:00,2.0959,2.099,2.0863,2.0961,6238040.4
2026-01-11 12:00:00+00:00,2.0961,2.11,2.0839,2.0941,15546868.8
2026-01-11 18:00:00+00:00,2.0941,2.0968,2.045,2.0745,21982858.5
2026-01-12 00:00:00+00:00,2.0745,2.1069,2.0364,2.0831,37395520.3
2026-01-12 06:00:00+00:00,2.0831,2.0858,2.035,2.0485,27837012.7
2026-01-12 12:00:00+00:00,2.0486,2.1086,2.0406,2.0678,30390646.3
2026-01-12 18:00:00+00:00,2.0678,2.0777,2.04,2.054,14516859.0
2026-01-13 00:00:00+00:00,2.0541,2.0808,2.0474,2.0636,11644395.5
2026-01-13 06:00:00+00:00,2.0635,2.0745,2.0523,2.0606,16448201.8
2026-01-13 12:00:00+00:00,2.0605,2.115,2.056,2.0921,37771171.8
2026-01-13 18:00:00+00:00,2.092,2.185,2.0887,2.1655,47510237.2
2026-01-14 00:00:00+00:00,2.1656,2.1924,2.1515,2.1527,31727731.3
2026-01-14 06:00:00+00:00,2.1527,2.1563,2.1116,2.1156,30651481.3
2026-01-14 12:00:00+00:00,2.1156,2.1765,2.1116,2.1387,46430759.5
2026-01-14 18:00:00+00:00,2.1387,2.165,2.1246,2.1394,26191631.4
2026-01-15 00:00:00+00:00,2.1393,2.1434,2.0819,2.0993,25888629.3
2026-01-15 06:00:00+00:00,2.0993,2.1229,2.0893,2.112,18060230.3
2026-01-15 12:00:00+00:00,2.112,2.1325,2.0683,2.0813,27981290.8
2026-01-15 18:00:00+00:00,2.0813,2.0836,2.0532,2.0789,17709533.3
2026-01-16 00:00:00+00:00,2.0789,2.0866,2.0577,2.0721,10185357.5
2026-01-16 06:00:00+00:00,2.0721,2.0817,2.0586,2.0652,10667040.9
2026-01-16 12:00:00+00:00,2.0652,2.0682,2.0263,2.0519,28072133.4
2026-01-16 18:00:00+00:00,2.0519,2.0798,2.043,2.0678,11970087.7
2026-01-17 00:00:00+00:00,2.0678,2.07,2.0536,2.0637,7023199.6
2026-01-17 06:00:00+00:00,2.0637,2.0673,2.0558,2.0619,4828494.5
2026-01-17 12:00:00+00:00,2.0618,2.083,2.0582,2.0826,12332020.8
2026-01-17 18:00:00+00:00,2.0826,2.0834,2.0591,2.0631,6954740.0
2026-01-18 00:00:00+00:00,2.0632,2.0679,2.047,2.0549,8535656.0
2026-01-18 06:00:00+00:00,2.055,2.0618,2.0504,2.0548,4980931.9
2026-01-18 12:00:00+00:00,2.0549,2.0605,2.045,2.0498,8771468.1
2026-01-18 18:00:00+00:00,2.0498,2.0661,1.9861,1.9914,24218641.7
2026-01-19 00:00:00+00:00,1.9914,1.9914,1.847,1.9618,83297854.5
2026-01-19 06:00:00+00:00,1.9618,1.984,1.9517,1.9729,32418883.8
2026-01-19 12:00:00+00:00,1.9729,2.0299,1.9647,2.0185,23788870.9
2026-01-19 18:00:00+00:00,2.0185,2.0256,1.9794,1.986,19844291.5
2026-01-20 00:00:00+00:00,1.9861,1.9909,1.954,1.9666,24936160.5
2026-01-20 06:00:00+00:00,1.9665,1.9666,1.9191,1.9291,41390023.4
2026-01-20 12:00:00+00:00,1.9291,1.9396,1.8975,1.9024,34527394.2
2026-01-20 18:00:00+00:00,1.9024,1.9117,1.87,1.89,26522543.9
2026-01-21 00:00:00+00:00,1.89,1.9268,1.8889,1.9213,23224445.2
2026-01-21 06:00:00+00:00,1.9213,1.923,1.8873,1.8897,26228747.1
2026-01-21 12:00:00+00:00,1.8897,1.9609,1.8712,1.8914,59112645.9
2026-01-21 18:00:00+00:00,1.8913,1.9907,1.8829,1.9476,39276297.3
2026-01-22 00:00:00+00:00,1.9475,1.9679,1.942,1.9532,11963494.9
2026-01-22 06:00:00+00:00,1.9532,1.9647,1.9425,1.9439,14622328.3
2026-01-22 12:00:00+00:00,1.944,1.9497,1.9016,1.9291,25314568.5
2026-01-22 18:00:00+00:00,1.9291,1.9358,1.9161,1.9236,9727053.2
2026-01-23 00:00:00+00:00,1.9237,1.9265,1.9078,1.9107,12513929.2
2026-01-23 06:00:00+00:00,1.9108,1.9168,1.9017,1.9142,15023866.7
2026-01-23 12:00:00+00:00,1.9142,1.9656,1.8873,1.9474,26988700.7
2026-01-23 18:00:00+00:00,1.9474,1.9607,1.9077,1.9196,21550210.3
2026-01-24 00:00:00+00:00,1.9197,1.9276,1.9161,1.9219,6817435.7
2026-01-24 06:00:00+00:00,1.9219,1.9223,1.9147,1.917,6271003.8
2026-01-24 12:00:00+00:00,1.9171,1.9242,1.91,1.917,9398623.4
2026-01-24 18:00:00+00:00,1.917,1.9233,1.9141,1.9143,4672937.0
2026-01-25 00:00:00+00:00,1.9143,1.9168,1.8971,1.9019,7507650.0
2026-01-25 06:00:00+00:00,1.902,1.9125,1.8869,1.9022,11051991.2
2026-01-25 12:00:00+00:00,1.9022,1.9032,1.8366,1.8465,32024055.6
2026-01-25 18:00:00+00:00,1.8466,1.8503,1.8111,1.8356,40949413.5
2026-01-26 00:00:00+00:00,1.8356,1.8948,1.8331,1.8811,25005725.5
2026-01-26 06:00:00+00:00,1.881,1.8971,1.8746,1.8915,18726153.3
2026-01-26 12:00:00+00:00,1.8916,1.946,1.8915,1.9117,40686191.3
2026-01-26 18:00:00+00:00,1.9116,1.9273,1.889,1.9041,20063083.5
2026-01-27 00:00:00+00:00,1.9042,1.9179,1.8976,1.9022,11041984.9
2026-01-27 06:00:00+00:00,1.9022,1.903,1.8818,1.8889,10675429.1
2026-01-27 12:00:00+00:00,1.8889,1.9162,1.8741,1.8809,23812317.1
2026-01-27 18:00:00+00:00,1.8809,1.9295,1.8785,1.9158,19090096.0
2026-01-28 00:00:00+00:00,1.9157,1.9193,1.8944,1.9122,11361751.2
2026-01-28 06:00:00+00:00,1.9122,1.9427,1.9061,1.9415,16814110.6
2026-01-28 12:00:00+00:00,1.9414,1.9422,1.9005,1.9213,22842471.7
2026-01-28 18:00:00+00:00,1.9214,1.9325,1.9066,1.9111,16407525.0
2026-01-29 00:00:00+00:00,1.9112,1.9134,1.8654,1.8788,18546946.7
2026-01-29 06:00:00+00:00,1.8788,1.89,1.8673,1.871,17691712.2
2026-01-29 12:00:00+00:00,1.8711,1.8779,1.7865,1.8131,74345422.5
2026-01-29 18:00:00+00:00,1.8132,1.8195,1.778,1.8076,38825829.6
2026-01-30 00:00:00+00:00,1.8077,1.8131,1.7107,1.7638,68957044.2
2026-01-30 06:00:00+00:00,1.7637,1.7747,1.7304,1.7698,31161160.8
2026-01-30 12:00:00+00:00,1.7698,1.7818,1.7401,1.7531,75142574.6
2026-01-30 18:00:00+00:00,1.7532,1.7847,1.7113,1.7352,54459527.1
2026-01-31 00:00:00+00:00,1.7353,1.7547,1.7307,1.7379,16856530.6
2026-01-31 06:00:00+00:00,1.738,1.7395,1.6802,1.7021,44197873.1
2026-01-31 12:00:00+00:00,1.7022,1.7022,1.5173,1.5679,144573807.5
2026-01-31 18:00:00+00:00,1.5679,1.6544,1.5028,1.6472,126741256.7
2026-02-01 00:00:00+00:00,1.6472,1.6805,1.6436,1.6588,40537898.3
2026-02-01 06:00:00+00:00,1.6588,1.6782,1.6322,1.6499,32459713.1
2026-02-01 12:00:00+00:00,1.6499,1.6525,1.576,1.6021,50177250.1
2026-02-01 18:00:00+00:00,1.6021,1.6267,1.5526,1.5908,59212796.5
2026-02-02 00:00:00+00:00,1.5908,1.6188,1.5307,1.5497,76018454.1
2026-02-02 06:00:00+00:00,1.5496,1.6274,1.5311,1.6216,64506910.4
2026-02-02 12:00:00+00:00,1.6215,1.6571,1.6213,1.6422,54991055.9
2026-02-02 18:00:00+00:00,1.6421,1.6502,1.6126,1.6198,22590884.3
2026-02-03 00:00:00+00:00,1.6199,1.6248,1.5879,1.6079,29974785.7
2026-02-03 06:00:00+00:00,1.608,1.6257,1.5955,1.6031,29549728.5
2026-02-03 12:00:00+00:00,1.6031,1.6216,1.5572,1.5584,51302000.0
2026-02-03 18:00:00+00:00,1.5584,1.6339,1.5274,1.5791,79726528.2
2026-02-04 00:00:00+00:00,1.579,1.6052,1.5662,1.5862,27525774.7
2026-02-04 06:00:00+00:00,1.5863,1.6122,1.5789,1.5924,30445037.7
2026-02-04 12:00:00+00:00,1.5924,1.598,1.5056,1.5223,75993118.7
2026-02-04 18:00:00+00:00,1.5222,1.557,1.4948,1.512,60422771.8
2026-02-05 00:00:00+00:00,1.512,1.5154,1.4302,1.4415,81599233.7
2026-02-05 06:00:00+00:00,1.4415,1.4498,1.3422,1.3653,108740680.6
2026-02-05 12:00:00+00:00,1.3653,1.3868,1.2172,1.2503,246904723.2
2026-02-05 18:00:00+00:00,1.2502,1.2671,1.1371,1.2146,306865033.5
2026-02-06 00:00:00+00:00,1.2145,1.3315,1.1172,1.33,241401290.4
2026-02-06 06:00:00+00:00,1.33,1.3881,1.2851,1.3684,130644164.3
2026-02-06 12:00:00+00:00,1.3683,1.5442,1.3574,1.4949,239136918.3
2026-02-06 18:00:00+00:00,1.4949,1.4984,1.4377,1.4698,96940427.8
2026-02-07 00:00:00+00:00,1.4697,1.4879,1.433,1.4597,64836891.6
2026-02-07 06:00:00+00:00,1.4596,1.4697,1.3858,1.3924,79495820.1
2026-02-07 12:00:00+00:00,1.3923,1.4408,1.3905,1.4246,106252038.0
2026-02-07 18:00:00+00:00,1.4246,1.4488,1.4128,1.4231,23725590.6
2026-02-08 00:00:00+00:00,1.4231,1.4419,1.4099,1.4184,15572761.2
2026-02-08 06:00:00+00:00,1.4184,1.4632,1.4117,1.4528,35384245.5
2026-02-08 12:00:00+00:00,1.4529,1.4703,1.4103,1.4312,46277424.2
2026-02-08 18:00:00+00:00,1.4312,1.4631,1.4221,1.4308,28778187.5
2026-02-09 00:00:00+00:00,1.4308,1.4553,1.4191,1.4511,28142399.3
2026-02-09 06:00:00+00:00,1.4511,1.4511,1.3728,1.3934,49492255.7
2026-02-09 12:00:00+00:00,1.3935,1.4642,1.3932,1.4505,60515394.5
2026-02-09 18:00:00+00:00,1.4506,1.4594,1.4351,1.437,30396232.3
2026-02-10 00:00:00+00:00,1.437,1.4532,1.4282,1.4419,24090498.6
2026-02-10 06:00:00+00:00,1.4419,1.4423,1.4065,1.4081,28584118.3
2026-02-10 12:00:00+00:00,1.4081,1.4291,1.3931,1.4247,42127268.4
2026-02-10 18:00:00+00:00,1.4247,1.4261,1.3916,1.3999,18597488.4
2026-02-11 00:00:00+00:00,1.3998,1.4205,1.3743,1.3756,30314287.8
2026-02-11 06:00:00+00:00,1.3757,1.3806,1.3553,1.3791,40019733.0
2026-02-11 12:00:00+00:00,1.379,1.4097,1.3421,1.3701,74049314.1
2026-02-11 18:00:00+00:00,1.3701,1.3973,1.3596,1.3697,28312928.8
2026-02-12 00:00:00+00:00,1.3697,1.3865,1.3684,1.3803,20477124.9
2026-02-12 06:00:00+00:00,1.3802,1.4082,1.3764,1.4015,26385951.3
2026-02-12 12:00:00+00:00,1.4016,1.403,1.3461,1.3625,46993793.8
2026-02-12 18:00:00+00:00,1.3625,1.3764,1.3488,1.3635,22999394.1
2026-02-13 00:00:00+00:00,1.3635,1.3719,1.3492,1.3533,17974935.4
2026-02-13 06:00:00+00:00,1.3533,1.373,1.3485,1.368,25051900.5
2026-02-13 12:00:00+00:00,1.3679,1.4285,1.3598,1.4149,60831426.1
2026-02-13 18:00:00+00:00,1.4149,1.4207,1.398,1.4071,21169477.4
2026-02-14 00:00:00+00:00,1.407,1.4196,1.4051,1.4085,10120481.8
2026-02-14 06:00:00+00:00,1.4084,1.4734,1.4078,1.4717,34357836.7
2026-02-14 12:00:00+00:00,1.4717,1.4799,1.4516,1.4734,33621872.1
2026-02-14 18:00:00+00:00,1.4734,1.5138,1.4702,1.5094,35040347.8
2026-02-15 00:00:00+00:00,1.5094,1.5897,1.5048,1.5834,57291895.1
2026-02-15 06:00:00+00:00,1.5834,1.6714,1.5579,1.5624,105367168.4
2026-02-15 12:00:00+00:00,1.5624,1.5662,1.4821,1.4939,79344890.5
2026-02-15 18:00:00+00:00,1.494,1.4958,1.445,1.4753,57302518.4
2026-02-16 00:00:00+00:00,1.4753,1.4872,1.4485,1.456,32812743.5
2026-02-16 06:00:00+00:00,1.456,1.5141,1.4541,1.4838,42121912.9
2026-02-16 12:00:00+00:00,1.4838,1.5171,1.4616,1.4834,55013337.3
2026-02-16 18:00:00+00:00,1.4833,1.4941,1.4687,1.4876,15455129.3
2026-02-17 00:00:00+00:00,1.4876,1.4934,1.4707,1.4754,16911654.6
2026-02-17 06:00:00+00:00,1.4755,1.4807,1.4499,1.4525,21262601.2
2026-02-17 12:00:00+00:00,1.4525,1.495,1.4268,1.4653,44677809.0
2026-02-17 18:00:00+00:00,1.4652,1.4935,1.4638,1.4743,15986325.2
2026-02-18 00:00:00+00:00,1.4742,1.4877,1.4635,1.4759,15831750.8
2026-02-18 06:00:00+00:00,1.476,1.4943,1.4638,1.4665,16188969.6
2026-02-18 12:00:00+00:00,1.4664,1.4891,1.4521,1.4566,23618511.0
2026-02-18 18:00:00+00:00,1.4567,1.4588,1.4102,1.4219,30192622.5
2026-02-19 00:00:00+00:00,1.422,1.4308,1.4051,1.4126,25603257.2
2026-02-19 06:00:00+00:00,1.4125,1.4381,1.4062,1.4093,24558749.3
2026-02-19 12:00:00+00:00,1.4092,1.4146,1.382,1.3961,42475837.5
2026-02-19 18:00:00+00:00,1.396,1.4186,1.3943,1.4068,15621833.1
2026-02-20 00:00:00+00:00,1.4068,1.4293,1.4004,1.4187,22268902.7
2026-02-20 06:00:00+00:00,1.4188,1.4289,1.403,1.4057,20263438.8
2026-02-20 12:00:00+00:00,1.4057,1.4388,1.3775,1.4297,57212178.6
2026-02-20 18:00:00+00:00,1.4298,1.4389,1.4147,1.4292,23965184.3
2026-02-21 00:00:00+00:00,1.4292,1.4337,1.4198,1.428,10193416.1
2026-02-21 06:00:00+00:00,1.4281,1.4463,1.4275,1.4441,12527350.4
2026-02-21 12:00:00+00:00,1.444,1.4642,1.4358,1.4422,19833470.5
2026-02-21 18:00:00+00:00,1.4422,1.4499,1.43,1.4304,11443683.3
2026-02-22 00:00:00+00:00,1.4303,1.4338,1.4171,1.4208,10542757.8
2026-02-22 06:00:00+00:00,1.4208,1.4261,1.4171,1.4236,6998426.2
2026-02-22 12:00:00+00:00,1.4236,1.4238,1.3832,1.3882,25718734.4
2026-02-22 18:00:00+00:00,1.3882,1.4018,1.38,1.3932,17906417.6
2026-02-23 00:00:00+00:00,1.3932,1.3948,1.3301,1.3429,60889686.8
2026-02-23 06:00:00+00:00,1.3429,1.406,1.342,1.3965,47387121.7
2026-02-23 12:00:00+00:00,1.3965,1.4248,1.3483,1.3644,58029409.4
2026-02-23 18:00:00+00:00,1.3643,1.3766,1.35,1.3518,22589482.5
2026-02-24 00:00:00+00:00,1.3519,1.3626,1.3219,1.3317,40647025.0
2026-02-24 06:00:00+00:00,1.3316,1.3376,1.3215,1.3334,24088867.3
2026-02-24 12:00:00+00:00,1.3334,1.364,1.3124,1.3596,49360376.0
2026-02-24 18:00:00+00:00,1.3595,1.3676,1.3414,1.3482,25143303.5
2026-02-25 00:00:00+00:00,1.3483,1.3997,1.3404,1.3587,57769808.3
2026-02-25 06:00:00+00:00,1.3587,1.3853,1.3571,1.3839,23719144.5
2026-02-25 12:00:00+00:00,1.3838,1.4743,1.3812,1.4664,79148649.3
2026-02-25 18:00:00+00:00,1.4663,1.4935,1.4192,1.4339,84450903.1
2026-02-26 00:00:00+00:00,1.4338,1.4691,1.4183,1.4481,35341169.8
2026-02-26 06:00:00+00:00,1.448,1.4567,1.4305,1.4368,30091187.3
2026-02-26 12:00:00+00:00,1.4369,1.446,1.3837,1.3877,61220189.9
2026-02-26 18:00:00+00:00,1.3877,1.4132,1.3827,1.4027,34176594.8
2026-02-27 00:00:00+00:00,1.4027,1.4216,1.3932,1.4104,28426918.1
2026-02-27 06:00:00+00:00,1.4104,1.4262,1.3804,1.3826,26934776.5
2026-02-27 12:00:00+00:00,1.3826,1.3853,1.3386,1.358,80683221.2
2026-02-27 18:00:00+00:00,1.3581,1.3643,1.3386,1.3562,29063252.8
2026-02-28 00:00:00+00:00,1.3562,1.3653,1.3468,1.3495,16105826.7
2026-02-28 06:00:00+00:00,1.3495,1.3514,1.27,1.2933,104358505.4
2026-02-28 12:00:00+00:00,1.2932,1.3504,1.292,1.3284,61423635.1
2026-02-28 18:00:00+00:00,1.3284,1.3931,1.3226,1.3762,48101712.5
2026-03-01 00:00:00+00:00,1.3761,1.4333,1.3653,1.4095,61973279.0
2026-03-01 06:00:00+00:00,1.4096,1.4104,1.3671,1.3762,39331332.4
2026-03-01 12:00:00+00:00,1.3763,1.4035,1.3562,1.3663,38989173.4
2026-03-01 18:00:00+00:00,1.3664,1.3789,1.3369,1.3524,37647542.1
2026-03-02 00:00:00+00:00,1.3525,1.3807,1.3511,1.3622,27398129.1
2026-03-02 06:00:00+00:00,1.3623,1.3636,1.3379,1.3516,27931175.5
2026-03-02 12:00:00+00:00,1.3516,1.423,1.3341,1.3955,80137045.1
2026-03-02 18:00:00+00:00,1.3954,1.407,1.3859,1.39,31335728.1
2026-03-03 00:00:00+00:00,1.3901,1.3953,1.3616,1.3651,27628240.5
2026-03-03 06:00:00+00:00,1.3651,1.3692,1.3422,1.3531,32425748.6
2026-03-03 12:00:00+00:00,1.3531,1.3877,1.3366,1.3693,53426698.6
2026-03-03 18:00:00+00:00,1.3693,1.3758,1.3486,1.3607,22122209.7
2026-03-04 00:00:00+00:00,1.3607,1.3698,1.3452,1.3566,25560983.5
2026-03-04 06:00:00+00:00,1.3567,1.4257,1.3504,1.399,70344439.7
2026-03-04 12:00:00+00:00,1.399,1.4732,1.3829,1.4427,91731005.4
2026-03-04 18:00:00+00:00,1.4426,1.47,1.4164,1.4309,50389350.6
2026-03-05 00:00:00+00:00,1.4309,1.4362,1.4127,1.415,24450271.9
2026-03-05 06:00:00+00:00,1.415,1.4525,1.4085,1.4363,31171301.7
2026-03-05 12:00:00+00:00,1.4363,1.4427,1.396,1.3999,44006105.3
2026-03-05 18:00:00+00:00,1.3998,1.4232,1.3984,1.4037,18541313.3
2026-03-06 00:00:00+00:00,1.4038,1.4148,1.3916,1.3986,15088263.3
2026-03-06 06:00:00+00:00,1.3986,1.4085,1.3921,1.395,19698918.7
2026-03-06 12:00:00+00:00,1.395,1.3972,1.346,1.3498,59363400.8
2026-03-06 18:00:00+00:00,1.3497,1.3722,1.3493,1.3633,19697396.1
2026-03-07 00:00:00+00:00,1.3632,1.3749,1.3606,1.3671,11047493.6
2026-03-07 06:00:00+00:00,1.3672,1.3733,1.3613,1.37,9919024.5
2026-03-07 12:00:00+00:00,1.37,1.3701,1.3548,1.3606,11898835.0
2026-03-07 18:00:00+00:00,1.3605,1.3609,1.3468,1.3567,14911284.2
2026-03-08 00:00:00+00:00,1.3568,1.3603,1.3415,1.3537,14383831.5
2026-03-08 06:00:00+00:00,1.3537,1.3712,1.3498,1.3576,18004170.8
2026-03-08 12:00:00+00:00,1.3577,1.3592,1.3381,1.344,20479272.5
2026-03-08 18:00:00+00:00,1.3441,1.362,1.3218,1.34,26958368.9
2026-03-09 00:00:00+00:00,1.3401,1.3653,1.3376,1.3549,34958148.8
2026-03-09 06:00:00+00:00,1.355,1.3636,1.333,1.3502,31540115.8
2026-03-09 12:00:00+00:00,1.3502,1.3731,1.3496,1.3625,30274058.0
2026-03-09 18:00:00+00:00,1.3625,1.3841,1.3561,1.3631,33328478.6
2026-03-10 00:00:00+00:00,1.3631,1.3923,1.3605,1.3842,23134275.2
2026-03-10 06:00:00+00:00,1.3842,1.4195,1.3762,1.3909,52453543.0
2026-03-10 12:00:00+00:00,1.391,1.4427,1.3813,1.4124,68188741.8
2026-03-10 18:00:00+00:00,1.4124,1.4133,1.3785,1.3863,32537346.6
2026-03-11 00:00:00+00:00,1.3864,1.3926,1.3749,1.3765,16288072.6
2026-03-11 06:00:00+00:00,1.3764,1.3845,1.3722,1.3736,15958132.3
2026-03-11 12:00:00+00:00,1.3735,1.4112,1.3706,1.3981,51393094.4
2026-03-11 18:00:00+00:00,1.398,1.4075,1.3822,1.3847,27395571.7
2026-03-12 00:00:00+00:00,1.3847,1.386,1.366,1.3708,21827002.1
2026-03-12 06:00:00+00:00,1.3707,1.3936,1.3672,1.3878,22026288.2
2026-03-12 12:00:00+00:00,1.3878,1.3926,1.365,1.3801,28749318.2
2026-03-12 18:00:00+00:00,1.3801,1.3896,1.3697,1.3846,17086998.8
2026-03-13 00:00:00+00:00,1.3846,1.427,1.3831,1.4233,60656668.0
2026-03-13 06:00:00+00:00,1.4234,1.4385,1.4116,1.4202,46647708.7
2026-03-13 12:00:00+00:00,1.4202,1.4528,1.392,1.3941,70015145.8
2026-03-13 18:00:00+00:00,1.3942,1.4061,1.39,1.3989,25755203.0
2026-03-14 00:00:00+00:00,1.3988,1.4042,1.3923,1.3953,15825177.8
2026-03-14 06:00:00+00:00,1.3953,1.3978,1.3834,1.3925,17434030.5
2026-03-14 12:00:00+00:00,1.3924,1.3946,1.3871,1.3898,11225197.3
2026-03-14 18:00:00+00:00,1.3897,1.4084,1.3883,1.4063,13726700.9
2026-03-15 00:00:00+00:00,1.4063,1.4211,1.4021,1.4141,16579043.5
2026-03-15 06:00:00+00:00,1.4142,1.4206,1.4055,1.4195,13087570.0
2026-03-15 12:00:00+00:00,1.4196,1.43,1.4092,1.4192,27927316.4
2026-03-15 18:00:00+00:00,1.4193,1.4649,1.4092,1.4487,39810469.8
2026-03-16 00:00:00+00:00,1.4488,1.4859,1.4357,1.4811,58361719.8
2026-03-16 06:00:00+00:00,1.4811,1.4892,1.4646,1.4698,39034393.7
2026-03-16 12:00:00+00:00,1.4698,1.519,1.4696,1.5185,65104378.3
2026-03-16 18:00:00+00:00,1.5185,1.5522,1.5164,1.543,56078671.8
2026-03-17 00:00:00+00:00,1.5429,1.607,1.5106,1.5153,102444841.3
2026-03-17 06:00:00+00:00,1.5154,1.5436,1.5024,1.5097,39255260.9
2026-03-17 12:00:00+00:00,1.5098,1.54,1.4941,1.5309,69599215.4
2026-03-17 18:00:00+00:00,1.5309,1.5408,1.5177,1.5182,21545412.5
2026-03-18 00:00:00+00:00,1.5182,1.5414,1.5089,1.5235,24214978.8
2026-03-18 06:00:00+00:00,1.5235,1.5307,1.4839,1.4895,27425924.6
2026-03-18 12:00:00+00:00,1.4896,1.4908,1.4359,1.4566,57896637.3
2026-03-18 18:00:00+00:00,1.4566,1.472,1.4421,1.4647,30000144.9
2026-03-19 00:00:00+00:00,1.4648,1.4788,1.4555,1.4668,17820884.0
2026-03-19 06:00:00+00:00,1.4668,1.4817,1.4507,1.4585,33904576.8
2026-03-19 12:00:00+00:00,1.4586,1.4586,1.4219,1.4388,49608941.1
2026-03-19 18:00:00+00:00,1.4388,1.4565,1.4309,1.4475,17572950.7
2026-03-20 00:00:00+00:00,1.4475,1.4607,1.445,1.4549,19799458.9
2026-03-20 06:00:00+00:00,1.4549,1.4665,1.4434,1.4491,25604097.5
2026-03-20 12:00:00+00:00,1.4492,1.4525,1.4284,1.4391,30231209.4
2026-03-20 18:00:00+00:00,1.4392,1.4521,1.4248,1.4452,12320917.8
2026-03-21 00:00:00+00:00,1.4452,1.4514,1.4425,1.4512,10990048.3
2026-03-21 06:00:00+00:00,1.4511,1.453,1.4368,1.4425,13885656.2
2026-03-21 12:00:00+00:00,1.4426,1.4467,1.4341,1.4398,12384666.2
2026-03-21 18:00:00+00:00,1.4399,1.4427,1.4003,1.4086,19887140.2
2026-03-22 00:00:00+00:00,1.4087,1.4263,1.3938,1.4116,25558949.6
2026-03-22 06:00:00+00:00,1.4115,1.413,1.3855,1.3909,20405197.6
2026-03-22 12:00:00+00:00,1.3909,1.4071,1.3906,1.3927,11311134.8
2026-03-22 18:00:00+00:00,1.3927,1.3931,1.3712,1.3848,19906924.4
2026-03-23 00:00:00+00:00,1.3849,1.3981,1.3742,1.3911,23289630.1
2026-03-23 06:00:00+00:00,1.391,1.4449,1.3618,1.4115,70071097.2
2026-03-23 12:00:00+00:00,1.4115,1.4661,1.4019,1.4441,64168471.5
2026-03-23 18:00:00+00:00,1.4442,1.4464,1.4233,1.4323,12536060.5
2026-03-24 00:00:00+00:00,1.4323,1.435,1.4052,1.414,20804185.3
2026-03-24 06:00:00+00:00,1.414,1.4333,1.4103,1.4233,27181878.1
2026-03-24 12:00:00+00:00,1.4233,1.4236,1.3835,1.3883,31979058.9
2026-03-24 18:00:00+00:00,1.3884,1.4183,1.3864,1.416,23415378.0
2026-03-25 00:00:00+00:00,1.416,1.4251,1.4071,1.4176,21976809.3
2026-03-25 06:00:00+00:00,1.4176,1.4379,1.4127,1.429,34809706.9
2026-03-25 12:00:00+00:00,1.4291,1.4322,1.4019,1.4115,29715206.3
2026-03-25 18:00:00+00:00,1.4116,1.4225,1.409,1.4145,10539090.2
2026-03-26 00:00:00+00:00,1.4145,1.4165,1.3881,1.3889,19257314.7
2026-03-26 06:00:00+00:00,1.3888,1.393,1.3683,1.3715,31194938.4
2026-03-26 12:00:00+00:00,1.3715,1.3828,1.3515,1.3541,35936652.4
2026-03-26 18:00:00+00:00,1.354,1.3704,1.336,1.3609,44453119.9
2026-03-27 00:00:00+00:00,1.3608,1.3726,1.356,1.3623,22781078.3
2026-03-27 06:00:00+00:00,1.3623,1.3648,1.3262,1.335,32587888.8
2026-03-27 12:00:00+00:00,1.3351,1.3459,1.3235,1.324,48205048.6
2026-03-27 18:00:00+00:00,1.324,1.3327,1.3184,1.3257,15683381.3
2026-03-28 00:00:00+00:00,1.3256,1.3421,1.3191,1.3374,15936281.1
2026-03-28 06:00:00+00:00,1.3375,1.3433,1.3338,1.3403,10826607.0
2026-03-28 12:00:00+00:00,1.3403,1.3582,1.3361,1.3457,17825141.4
2026-03-28 18:00:00+00:00,1.3458,1.348,1.331,1.3333,9129096.8
2026-03-29 00:00:00+00:00,1.3333,1.3418,1.3285,1.3336,9992512.1
2026-03-29 06:00:00+00:00,1.3337,1.3433,1.331,1.3382,9487024.3
2026-03-29 12:00:00+00:00,1.3382,1.3382,1.3189,1.3235,12443896.9
2026-03-29 18:00:00+00:00,1.3236,1.3325,1.2954,1.3278,29415585.3
2026-03-30 00:00:00+00:00,1.3279,1.3609,1.3247,1.3519,28401402.7
2026-03-30 06:00:00+00:00,1.3519,1.3669,1.345,1.3499,26920073.3
2026-03-30 12:00:00+00:00,1.35,1.3564,1.3319,1.3342,25266178.4
2026-03-30 18:00:00+00:00,1.3342,1.3359,1.3166,1.3242,19614965.6
2026-03-31 00:00:00+00:00,1.3242,1.3482,1.3192,1.3226,21768922.6
2026-03-31 06:00:00+00:00,1.3225,1.3287,1.3038,1.315,32396812.8
2026-03-31 12:00:00+00:00,1.3149,1.3455,1.3113,1.331,33393075.0
2026-03-31 18:00:00+00:00,1.331,1.3503,1.331,1.3411,13759603.4
2026-04-01 00:00:00+00:00,1.341,1.3517,1.3314,1.3467,24088530.9
2026-04-01 06:00:00+00:00,1.3467,1.3675,1.3467,1.3544,26958935.3
2026-04-01 12:00:00+00:00,1.3544,1.3683,1.3448,1.3518,24427973.9
2026-04-01 18:00:00+00:00,1.3518,1.3567,1.3422,1.3478,11423370.9
2026-04-02 00:00:00+00:00,1.3477,1.3569,1.305,1.3152,43686283.3
2026-04-02 06:00:00+00:00,1.3152,1.3186,1.2989,1.3002,27327336.5
2026-04-02 12:00:00+00:00,1.3002,1.3113,1.2802,1.299,48581835.9
2026-04-02 18:00:00+00:00,1.2989,1.3229,1.2978,1.32,13276104.0
2026-04-03 00:00:00+00:00,1.32,1.3261,1.3033,1.3187,24532842.1
2026-04-03 06:00:00+00:00,1.3187,1.3243,1.3093,1.3204,14618996.9
2026-04-03 12:00:00+00:00,1.3204,1.3356,1.3144,1.3212,18184092.2
2026-04-03 18:00:00+00:00,1.3211,1.3224,1.3124,1.3184,7448122.1
2026-04-04 00:00:00+00:00,1.3183,1.3191,1.3133,1.3171,5706485.7
2026-04-04 06:00:00+00:00,1.3171,1.3208,1.307,1.3118,8476766.7
2026-04-04 12:00:00+00:00,1.3119,1.3169,1.3067,1.3146,9492199.1
2026-04-04 18:00:00+00:00,1.3145,1.3226,1.3134,1.3153,6299559.4
2026-04-05 00:00:00+00:00,1.3154,1.32,1.3,1.3006,12168969.4
2026-04-05 06:00:00+00:00,1.3007,1.304,1.2957,1.2987,17084132.6
2026-04-05 12:00:00+00:00,1.2987,1.306,1.2787,1.3024,25987610.8
2026-04-05 18:00:00+00:00,1.3023,1.332,1.2972,1.3263,19073554.0
2026-04-06 00:00:00+00:00,1.3264,1.349,1.326,1.3402,34852112.2
2026-04-06 06:00:00+00:00,1.3403,1.3577,1.3376,1.3499,32745154.2
2026-04-06 12:00:00+00:00,1.3498,1.3538,1.335,1.3392,22127677.5
2026-04-06 18:00:00+00:00,1.3392,1.3437,1.3122,1.3212,14620846.8
2026-04-07 00:00:00+00:00,1.3211,1.326,1.3095,1.3114,12539139.6
2026-04-07 06:00:00+00:00,1.3114,1.3247,1.3034,1.3063,22696297.6
2026-04-07 12:00:00+00:00,1.3063,1.3146,1.2949,1.3085,25090791.7
2026-04-07 18:00:00+00:00,1.3085,1.3962,1.3001,1.3787,70376766.5
2026-04-08 00:00:00+00:00,1.3786,1.3883,1.3601,1.3845,42945787.5
2026-04-08 06:00:00+00:00,1.3846,1.3882,1.3717,1.3781,25680844.1
2026-04-08 12:00:00+00:00,1.3782,1.3898,1.3454,1.3621,39418690.2
2026-04-08 18:00:00+00:00,1.3621,1.3624,1.3389,1.3428,16810411.5
2026-04-09 00:00:00+00:00,1.3428,1.3431,1.3266,1.3332,33247073.3
2026-04-09 06:00:00+00:00,1.3332,1.339,1.3255,1.3297,24829445.0
2026-04-09 12:00:00+00:00,1.3297,1.3603,1.3218,1.3585,33547219.7
2026-04-09 18:00:00+00:00,1.3586,1.3696,1.3418,1.3438,20641876.1
2026-04-10 00:00:00+00:00,1.3438,1.3505,1.3403,1.3436,14034222.7
2026-04-10 06:00:00+00:00,1.3437,1.3468,1.3348,1.3415,26742774.1
2026-04-10 12:00:00+00:00,1.3415,1.362,1.3379,1.3553,24722512.5
2026-04-10 18:00:00+00:00,1.3554,1.366,1.353,1.3559,14286487.4
2026-04-11 00:00:00+00:00,1.3559,1.357,1.3461,1.3476,11465050.8
2026-04-11 06:00:00+00:00,1.3476,1.3499,1.3422,1.3457,8932088.3
2026-04-11 12:00:00+00:00,1.3456,1.3584,1.3394,1.3531,15233049.7
2026-04-11 18:00:00+00:00,1.3532,1.3752,1.3513,1.3546,21465167.5
2026-04-12 00:00:00+00:00,1.3547,1.3559,1.3254,1.3305,27543021.8
2026-04-12 06:00:00+00:00,1.3305,1.3339,1.3266,1.333,10565738.7
2026-04-12 12:00:00+00:00,1.333,1.3346,1.3193,1.3328,20244627.2
2026-04-12 18:00:00+00:00,1.3329,1.3395,1.3225,1.3247,11892383.4
2026-04-13 00:00:00+00:00,1.3246,1.3335,1.3193,1.3316,13967147.0
2026-04-13 06:00:00+00:00,1.3315,1.3374,1.3226,1.3255,23074216.8
2026-04-13 12:00:00+00:00,1.3256,1.3468,1.3234,1.3379,27040362.5
2026-04-13 18:00:00+00:00,1.338,1.3839,1.3343,1.3756,41368974.9
2026-04-14 00:00:00+00:00,1.3757,1.3775,1.3594,1.3623,22768178.4
2026-04-14 06:00:00+00:00,1.3623,1.3773,1.3623,1.3692,21899137.0
2026-04-14 12:00:00+00:00,1.3692,1.3955,1.365,1.3688,40481523.6
2026-04-14 18:00:00+00:00,1.3688,1.3704,1.3521,1.3617,17893760.5
2026-04-15 00:00:00+00:00,1.3617,1.3668,1.3551,1.3588,19612748.6
2026-04-15 06:00:00+00:00,1.3589,1.3647,1.3503,1.3636,16926780.3
2026-04-15 12:00:00+00:00,1.3635,1.3839,1.3612,1.3801,36806523.4
2026-04-15 18:00:00+00:00,1.38,1.4086,1.3789,1.3922,36147902.1
2026-04-16 00:00:00+00:00,1.3922,1.4156,1.3865,1.4057,29496445.7
2026-04-16 06:00:00+00:00,1.4058,1.4231,1.4016,1.4095,31502484.8
2026-04-16 12:00:00+00:00,1.4095,1.442,1.3928,1.4273,60223912.3
2026-04-16 18:00:00+00:00,1.4273,1.4664,1.4244,1.453,34204399.3
2026-04-17 00:00:00+00:00,1.453,1.4555,1.4225,1.4253,26176287.2
2026-04-17 06:00:00+00:00,1.4253,1.4592,1.4243,1.4475,25402704.4
2026-04-17 12:00:00+00:00,1.4475,1.51,1.4442,1.4838,82181796.8
2026-04-17 18:00:00+00:00,1.4838,1.4923,1.4721,1.4757,22105548.7
2026-04-18 00:00:00+00:00,1.4757,1.4823,1.4627,1.469,13336602.5
2026-04-18 06:00:00+00:00,1.469,1.4757,1.4246,1.4314,36565290.5
2026-04-18 12:00:00+00:00,1.4314,1.4399,1.4276,1.4318,18938915.4
2026-04-18 18:00:00+00:00,1.4319,1.4384,1.4235,1.4323,13829674.6
2026-04-19 00:00:00+00:00,1.4324,1.4431,1.4236,1.4302,13654310.7
2026-04-19 06:00:00+00:00,1.4303,1.4311,1.4131,1.4297,25403010.3
2026-04-19 12:00:00+00:00,1.4298,1.447,1.4116,1.4129,25767671.4
2026-04-19 18:00:00+00:00,1.413,1.4214,1.3909,1.3942,25588947.5
2026-04-20 00:00:00+00:00,1.3943,1.4132,1.3933,1.3994,23443212.0
2026-04-20 06:00:00+00:00,1.3993,1.4326,1.3993,1.4155,27562854.5
2026-04-20 12:00:00+00:00,1.4155,1.435,1.4089,1.4274,34541163.7
2026-04-20 18:00:00+00:00,1.4274,1.4369,1.4213,1.4243,14028581.3
2026-04-21 00:00:00+00:00,1.4244,1.4333,1.4195,1.4316,15139503.3
2026-04-21 06:00:00+00:00,1.4315,1.45,1.4281,1.4397,25483178.5
2026-04-21 12:00:00+00:00,1.4397,1.445,1.4135,1.4241,23813598.5
2026-04-21 18:00:00+00:00,1.4242,1.4341,1.4116,1.4334,20841900.3
2026-04-22 00:00:00+00:00,1.4335,1.4606,1.4268,1.4545,23552924.8
2026-04-22 06:00:00+00:00,1.4544,1.4583,1.4482,1.4543,14620069.4
2026-04-22 12:00:00+00:00,1.4543,1.4626,1.4457,1.4492,27287140.2
2026-04-22 18:00:00+00:00,1.4492,1.4529,1.4287,1.4294,17969047.0
2026-04-23 00:00:00+00:00,1.4293,1.4316,1.4114,1.4196,17870493.7
2026-04-23 06:00:00+00:00,1.4197,1.4251,1.409,1.4165,15521039.7
2026-04-23 12:00:00+00:00,1.4164,1.4378,1.414,1.4352,45828522.4
2026-04-23 18:00:00+00:00,1.4352,1.441,1.4271,1.4386,12963921.6
2026-04-24 00:00:00+00:00,1.4386,1.4457,1.4258,1.433,14122903.0
2026-04-24 06:00:00+00:00,1.433,1.4401,1.4239,1.4383,12817093.7
2026-04-24 12:00:00+00:00,1.4383,1.4503,1.4284,1.441,30679204.2
2026-04-24 18:00:00+00:00,1.4411,1.443,1.4297,1.4334,8609927.6
2026-04-25 00:00:00+00:00,1.4333,1.4377,1.4313,1.4325,5217502.8
2026-04-25 06:00:00+00:00,1.4325,1.4371,1.4295,1.4308,5214858.5
2026-04-25 12:00:00+00:00,1.4307,1.4324,1.4193,1.4202,8972584.0
2026-04-25 18:00:00+00:00,1.4201,1.4256,1.4187,1.4238,6941613.3
2026-04-26 00:00:00+00:00,1.4238,1.4294,1.418,1.4256,6644365.0
2026-04-26 06:00:00+00:00,1.4257,1.4318,1.4257,1.4305,5186233.7
2026-04-26 12:00:00+00:00,1.4306,1.4315,1.4227,1.4248,7477492.3
2026-04-26 18:00:00+00:00,1.4248,1.4366,1.42,1.4307,10716276.7
2026-04-27 00:00:00+00:00,1.4308,1.4466,1.4168,1.4196,20140893.5
2026-04-27 06:00:00+00:00,1.4195,1.4208,1.4126,1.4137,11670093.5
2026-04-27 12:00:00+00:00,1.4137,1.415,1.3836,1.3933,31718005.9
2026-04-27 18:00:00+00:00,1.3933,1.4022,1.387,1.4007,9626305.2
2026-04-28 00:00:00+00:00,1.4008,1.4009,1.3885,1.3935,9679210.1
2026-04-28 06:00:00+00:00,1.3936,1.3971,1.3794,1.3815,13778799.8
2026-04-28 12:00:00+00:00,1.3815,1.3849,1.3677,1.3788,19477477.2
2026-04-28 18:00:00+00:00,1.3788,1.3864,1.3777,1.3805,10298758.3
2026-04-29 00:00:00+00:00,1.3806,1.3973,1.377,1.396,13752463.8
2026-04-29 06:00:00+00:00,1.3961,1.4067,1.3891,1.3946,13808038.3
2026-04-29 12:00:00+00:00,1.3945,1.3947,1.3589,1.3682,24102231.2
2026-04-29 18:00:00+00:00,1.3682,1.3725,1.3458,1.3691,22532146.5
2026-04-30 00:00:00+00:00,1.3692,1.3847,1.3591,1.3647,14863235.4
2026-04-30 06:00:00+00:00,1.3646,1.3799,1.3609,1.3697,13135059.4
2026-04-30 12:00:00+00:00,1.3696,1.3761,1.3623,1.3681,14615199.8
2026-04-30 18:00:00+00:00,1.368,1.3744,1.3644,1.3679,8496894.5
2026-05-01 00:00:00+00:00,1.368,1.3804,1.3649,1.3766,20964960.7
2026-05-01 06:00:00+00:00,1.3767,1.3807,1.3716,1.3779,8570766.3
2026-05-01 12:00:00+00:00,1.378,1.3999,1.3774,1.3949,20960776.5
2026-05-01 18:00:00+00:00,1.3949,1.396,1.3809,1.3858,9691675.5
2026-05-02 00:00:00+00:00,1.3858,1.3904,1.3812,1.3838,8008079.4
2026-05-02 06:00:00+00:00,1.3839,1.3911,1.3838,1.3859,6800706.1
2026-05-02 12:00:00+00:00,1.3859,1.395,1.3847,1.3916,7376400.9
2026-05-02 18:00:00+00:00,1.3916,1.4003,1.3896,1.3937,10845077.7
2026-05-03 00:00:00+00:00,1.3936,1.3945,1.3814,1.385,5677265.0
2026-05-03 06:00:00+00:00,1.385,1.3985,1.3822,1.3952,7542145.7
2026-05-03 12:00:00+00:00,1.3952,1.399,1.3922,1.395,5995318.8
2026-05-03 18:00:00+00:00,1.395,1.4042,1.3868,1.388,10032107.3
2026-05-04 00:00:00+00:00,1.3879,1.4209,1.3829,1.4116,26970814.0
2026-05-04 06:00:00+00:00,1.4117,1.4196,1.3856,1.3941,23105058.7
2026-05-04 12:00:00+00:00,1.394,1.4134,1.3886,1.4086,21893269.2
2026-05-04 18:00:00+00:00,1.4086,1.41,1.3901,1.3918,11231522.8
2026-05-05 00:00:00+00:00,1.3919,1.4099,1.3904,1.4018,11686478.0
2026-05-05 06:00:00+00:00,1.4018,1.41,1.4006,1.4079,14312074.0
2026-05-05 12:00:00+00:00,1.4079,1.4206,1.4047,1.4082,24281034.1
2026-05-05 18:00:00+00:00,1.4083,1.4222,1.4081,1.4126,17296232.1
2026-05-06 00:00:00+00:00,1.4126,1.4249,1.4073,1.4224,18218292.4
2026-05-06 06:00:00+00:00,1.4224,1.4573,1.421,1.451,33201935.6
2026-05-06 12:00:00+00:00,1.4509,1.4524,1.4133,1.4261,35811419.5
2026-05-06 18:00:00+00:00,1.4261,1.4291,1.4166,1.4249,9963617.4
2026-05-07 00:00:00+00:00,1.4249,1.4258,1.4035,1.411,22040381.8
2026-05-07 06:00:00+00:00,1.411,1.4215,1.405,1.4096,18845742.2
2026-05-07 12:00:00+00:00,1.4096,1.415,1.3831,1.3919,28476142.9
2026-05-07 18:00:00+00:00,1.3918,1.3963,1.3802,1.3869,13468119.6
2026-05-08 00:00:00+00:00,1.3869,1.3898,1.3795,1.3834,9324809.0
2026-05-08 06:00:00+00:00,1.3834,1.3925,1.3778,1.3913,14938225.7
2026-05-08 12:00:00+00:00,1.3913,1.4106,1.3836,1.4087,20641341.1
2026-05-08 18:00:00+00:00,1.4088,1.427,1.4088,1.4182,21616827.6
2026-05-09 00:00:00+00:00,1.4182,1.435,1.418,1.4266,21561582.8
2026-05-09 06:00:00+00:00,1.4266,1.428,1.4173,1.422,15176805.2
2026-05-09 12:00:00+00:00,1.422,1.4239,1.4113,1.4211,15158692.0
2026-05-09 18:00:00+00:00,1.421,1.4252,1.4192,1.4205,5895481.3
2026-05-10 00:00:00+00:00,1.4205,1.4225,1.4119,1.418,12859118.9
2026-05-10 06:00:00+00:00,1.418,1.4309,1.4157,1.4232,16064331.8
2026-05-10 12:00:00+00:00,1.4232,1.5082,1.4211,1.5045,61409337.0
2026-05-10 18:00:00+00:00,1.5045,1.5063,1.4371,1.4734,65762524.5
2026-05-11 00:00:00+00:00,1.4735,1.478,1.4399,1.4553,39515431.4
2026-05-11 06:00:00+00:00,1.4552,1.4591,1.4418,1.4579,21996221.4
2026-05-11 12:00:00+00:00,1.4578,1.4886,1.4525,1.4799,35479175.0
2026-05-11 18:00:00+00:00,1.4798,1.4828,1.4673,1.4776,21432448.7
2026-05-12 00:00:00+00:00,1.4777,1.4848,1.4566,1.462,24202250.8
2026-05-12 06:00:00+00:00,1.462,1.4714,1.444,1.449,27450281.5
2026-05-12 12:00:00+00:00,1.4491,1.4557,1.4183,1.4339,36610935.8
2026-05-12 18:00:00+00:00,1.434,1.4444,1.4317,1.437,17290545.4
2026-05-13 00:00:00+00:00,1.437,1.4649,1.4349,1.4545,25479872.3
2026-05-13 06:00:00+00:00,1.4545,1.4693,1.4471,1.4484,29954705.4
2026-05-13 12:00:00+00:00,1.4483,1.4496,1.4112,1.4293,46994422.9
2026-05-13 18:00:00+00:00,1.4293,1.434,1.4155,1.4273,23288366.5
2026-05-14 00:00:00+00:00,1.4272,1.4397,1.4208,1.4358,21447914.6
2026-05-14 06:00:00+00:00,1.4358,1.4392,1.4271,1.4325,17348954.1
2026-05-14 12:00:00+00:00,1.4325,1.5005,1.4317,1.4918,69849464.9
2026-05-14 18:00:00+00:00,1.4918,1.5496,1.4828,1.4852,94632578.3
2026-05-15 00:00:00+00:00,1.4851,1.5002,1.4534,1.4604,35609331.3
2026-05-15 06:00:00+00:00,1.4603,1.4769,1.4585,1.4681,27597295.7
2026-05-15 12:00:00+00:00,1.4681,1.4692,1.4275,1.4469,47691907.9
2026-05-15 18:00:00+00:00,1.4469,1.4493,1.4301,1.434,12652671.2
2026-05-16 00:00:00+00:00,1.434,1.4396,1.418,1.4251,17429972.2
2026-05-16 06:00:00+00:00,1.425,1.4265,1.394,1.4109,30720480.9
2026-05-16 12:00:00+00:00,1.4108,1.4227,1.406,1.417,17534551.9
2026-05-16 18:00:00+00:00,1.417,1.4191,1.412,1.4136,5858272.9
2026-05-17 00:00:00+00:00,1.4136,1.4219,1.4021,1.4164,15296692.9
2026-05-17 06:00:00+00:00,1.4165,1.4291,1.4129,1.4226,12574169.5
2026-05-17 12:00:00+00:00,1.4227,1.4267,1.4085,1.411,10061903.7
2026-05-17 18:00:00+00:00,1.411,1.4263,1.3715,1.4016,30042820.1
2026-05-18 00:00:00+00:00,1.4017,1.4027,1.3848,1.3894,29999366.7
2026-05-18 06:00:00+00:00,1.3893,1.3966,1.3761,1.3904,22825131.0
2026-05-18 12:00:00+00:00,1.3904,1.4024,1.369,1.3811,30376896.3
2026-05-18 18:00:00+00:00,1.381,1.3964,1.3638,1.39,20095857.8
2026-05-19 00:00:00+00:00,1.3901,1.3977,1.378,1.3832,16690736.7
2026-05-19 06:00:00+00:00,1.3832,1.391,1.3685,1.3722,21035655.2
2026-05-19 12:00:00+00:00,1.3722,1.382,1.3607,1.3639,32260173.6
2026-05-19 18:00:00+00:00,1.3639,1.368,1.3531,1.3616,28606358.0
2026-05-20 00:00:00+00:00,1.3616,1.3699,1.3477,1.3681,15912614.6
2026-05-20 06:00:00+00:00,1.3681,1.3754,1.3641,1.3655,14275552.3
2026-05-20 12:00:00+00:00,1.3654,1.3807,1.3585,1.3753,25862611.5
2026-05-20 18:00:00+00:00,1.3753,1.376,1.3604,1.3672,12858636.3
2026-05-21 00:00:00+00:00,1.3672,1.386,1.3665,1.3746,16066805.3
2026-05-21 06:00:00+00:00,1.3746,1.3858,1.3635,1.3636,21674507.4
2026-05-21 12:00:00+00:00,1.3637,1.3862,1.3512,1.3812,27843912.6
2026-05-21 18:00:00+00:00,1.3812,1.3826,1.3667,1.3739,12335522.2
2026-05-22 00:00:00+00:00,1.3739,1.376,1.3651,1.3682,16344227.6
2026-05-22 06:00:00+00:00,1.3682,1.3699,1.3551,1.3616,21945724.0
2026-05-22 12:00:00+00:00,1.3616,1.3705,1.3477,1.3535,25565153.6
2026-05-22 18:00:00+00:00,1.3534,1.3558,1.33,1.3345,27992197.0
2026-05-23 00:00:00+00:00,1.3346,1.3424,1.3272,1.3313,12742165.6
2026-05-23 06:00:00+00:00,1.3313,1.3357,1.3019,1.3247,41140952.8
2026-05-23 12:00:00+00:00,1.3246,1.3421,1.3241,1.3385,23144394.6
2026-05-23 18:00:00+00:00,1.3386,1.3762,1.3385,1.3583,25932777.5
2026-05-24 00:00:00+00:00,1.3584,1.3639,1.355,1.3595,8907728.6
2026-05-24 06:00:00+00:00,1.3595,1.371,1.3573,1.3651,17347384.1
2026-05-24 12:00:00+00:00,1.3652,1.3655,1.339,1.3532,13898838.2
2026-05-24 18:00:00+00:00,1.3533,1.3541,1.3326,1.351,12481165.1
2026-05-25 00:00:00+00:00,1.351,1.3611,1.3435,1.3582,16725899.8
2026-05-25 06:00:00+00:00,1.3582,1.3656,1.3526,1.3577,21563501.8
2026-05-25 12:00:00+00:00,1.3577,1.3657,1.3556,1.3613,11104479.7
2026-05-25 18:00:00+00:00,1.3613,1.3633,1.3466,1.3503,8249685.5
2026-05-26 00:00:00+00:00,1.3503,1.3512,1.3342,1.3479,16448904.3
2026-05-26 06:00:00+00:00,1.3479,1.3595,1.3393,1.3521,16085035.2
2026-05-26 12:00:00+00:00,1.352,1.3656,1.3273,1.3332,24086229.3
2026-05-26 18:00:00+00:00,1.3332,1.3389,1.3273,1.3292,10732789.1
2026-05-27 00:00:00+00:00,1.3293,1.3331,1.3216,1.3313,13514797.9
2026-05-27 06:00:00+00:00,1.3313,1.3379,1.3282,1.3297,18834255.7
2026-05-27 12:00:00+00:00,1.3298,1.3437,1.3175,1.3205,23725467.0
2026-05-27 18:00:00+00:00,1.3204,1.3348,1.3176,1.3226,9247134.3
