tf,donchian_n,hold_bars,atr_mult,n,avg_r,total_r,win_rate,pf,y2019_n,y2019_total,y2019_avg,y2020_n,y2020_total,y2020_avg,y2021_n,y2021_total,y2021_avg,y2022_n,y2022_total,y2022_avg,y2023_n,y2023_total,y2023_avg,y2024_n,y2024_total,y2024_avg,y2025_n,y2025_total,y2025_avg,y2026_n,y2026_total,y2026_avg,y2022_positive,r2025_share,flag_2025_conc
4h,30,30,2.0,5745,0.23208951561557037,1333.3542672114518,0.46440382941688424,1.4876810062354944,4,4.670763208970167,1.1676908022425418,193,-7.258037152363112,-0.03760641011587105,605,-50.060469455070304,-0.08274457761168645,830,383.0674448303419,0.46152704196426736,982,158.45597590551617,0.16136046426223644,1435,497.4407701056921,0.34664862028271226,1282,272.69925599610826,0.2127139282340938,414,74.33856377225678,0.1795617482421661,True,0.2045212309301905,False
6h,15,25,2.0,5511,0.22670819960517324,1249.3888880241097,0.4895663219016512,1.5125453539793023,2,-0.7473517575605362,-0.3736758787802681,163,-14.456089091847836,-0.08868766314017078,495,24.215936796609686,0.048921084437595325,895,347.50250866986244,0.38827095940766754,887,185.66789677683306,0.20932119140567426,1380,304.58728876786483,0.2207154266433803,1271,328.93321722390374,0.2587987547001603,418,73.68548063844452,0.17628105415895817,True,0.26327528632346553,False
6h,25,25,2.0,4220,0.22234480684769767,938.2950848972841,0.49265402843601896,1.516144224282569,1,-1.0,-1.0,125,-12.429797713777644,-0.09943838171022115,380,0.7802529102179365,0.0020532971321524647,662,294.5674962784822,0.4449660064629641,652,203.0158695050231,0.31137403298316424,1096,187.13628464046803,0.1707447852559015,976,194.8925964136907,0.19968503730910933,328,71.33238286317976,0.2174767770218895,True,0.2077092798957012,False
4h,30,25,2.0,5930,0.2175198586390343,1289.8927617294735,0.4790893760539629,1.4809311146654554,4,6.298959428480148,1.574739857120037,196,-1.5658517142419885,-0.007989039358377492,610,-39.67526565002182,-0.06504141909839643,872,304.18623300761266,0.34883742317386773,1027,148.49109819427372,0.144587242642915,1487,497.8645907926018,0.33481142622232807,1311,295.17837155806023,0.2251551270465753,423,79.11462611270873,0.18703221303240836,True,0.22883946659433024,False
4h,15,30,2.0,8086,0.2156555036357007,1743.790402398276,0.4605490972050458,1.4465690948770413,5,4.500778362468649,0.9001556724937299,257,-4.182473454007116,-0.016274215774346755,837,-42.87016890345311,-0.05121883978907182,1210,543.0478899642899,0.4487999090613966,1402,113.560267508341,0.08099876427128459,1976,534.5244397270475,0.27050831969992284,1823,489.847427321987,0.2687040193757471,576,105.36224187160205,0.18292055880486469,True,0.28090957872476435,False
4h,20,30,2.0,6988,0.2137817405788925,1493.9068031653007,0.45692615912993706,1.4433379663955994,4,4.670763208970167,1.1676908022425418,235,-6.081769601374614,-0.025879870644147294,744,-39.515799939544145,-0.05311263432734428,1030,448.3233470873603,0.435265385521709,1230,131.56735693005345,0.10696533083744184,1723,478.61027523099904,0.27777729264712653,1523,397.6182255036317,0.26107565692950213,499,78.71440474520466,0.1577442980865825,True,0.26615999382368116,False
6h,20,25,2.0,4813,0.2119672180399203,1020.1982204261365,0.4899231248701434,1.4842729581012255,2,-0.7473517575605362,-0.3736758787802681,143,-13.30078384362347,-0.09301247443093336,441,-4.983946831126922,-0.011301466737249258,759,306.0536056029904,0.403232681953874,748,188.79682786520772,0.25240217629038464,1227,202.92316175224636,0.1653815499203312,1138,257.610599395823,0.22637135272040684,355,83.84610824218004,0.23618622040050716,True,0.2525103398908294,False
4h,25,30,2.0,6353,0.21078258216585113,1339.1017444996523,0.45820872028962695,1.4368018167660108,4,4.670763208970167,1.1676908022425418,218,-14.623637542277036,-0.06708090615723411,668,-58.32053615396797,-0.08730619184725744,929,405.8190346775636,0.43683426768306094,1106,135.43202994672382,0.12245210664260743,1579,501.25510458696476,0.3174509845389264,1393,293.6182004397667,0.21078119198834652,456,71.25078533590826,0.15625172222786898,True,0.21926504214171977,False
6h,25,20,2.0,4376,0.2087246432868658,913.3790390233247,0.5059414990859232,1.520539724730099,1,-1.0,-1.0,131,-16.25704680361921,-0.12409959392075734,390,-18.769664874885986,-0.04812734583304099,700,284.5472187710034,0.4064960268157191,663,174.73693654481463,0.2635549570811684,1109,324.9888649009049,0.2930467672686248,1030,113.84521522308013,0.11052933516803896,352,51.287515262026886,0.14570316835803093,True,0.12464180844878453,False
6h,15,30,2.0,5279,0.20844516250372422,1100.3820128571601,0.4750899791627202,1.44101143926774,2,0.892798693424635,0.4463993467123175,158,-34.125970421438396,-0.2159871545660658,477,4.429882275369867,0.00928696493788232,867,297.9525267404805,0.3436592003927111,827,187.39615597145868,0.22659752838144945,1337,221.71227794890078,0.16582818096402452,1210,338.71817458075054,0.2799323756865707,401,83.40616706821359,0.2079954290977895,True,0.307818712613507,False
6h,30,25,2.0,3891,0.20211272431086044,786.420610293558,0.48573631457208943,1.4646676418245548,1,-1.0,-1.0,114,-21.997450827895303,-0.19296009498153774,350,-12.375252550279033,-0.03535786442936866,610,247.06068564721977,0.40501751745445863,595,205.52731159081358,0.34542405309380436,1027,148.82335189720095,0.14491076134099412,886,159.2114603664877,0.17969690786285294,308,61.17050417001019,0.1986055330195136,True,0.20245077288482644,False
6h,25,30,2.0,4106,0.19748823010665859,810.8866728179402,0.482464685825621,1.4276350856312967,1,-1.0,-1.0,122,-30.416058987805872,-0.2493119589164416,368,-12.224372112656138,-0.03321840248004385,654,231.44346045383034,0.35388908326273755,630,208.75894740986342,0.3313634085870848,1076,123.21037807117807,0.11450778631150378,941,202.02795523713894,0.21469495774403713,314,89.08636274639139,0.28371453103946304,True,0.2491445007168075,False
6h,30,20,2.0,4015,0.19557527099441568,785.234713042579,0.5056039850560399,1.4853321427248836,1,-1.0,-1.0,117,-22.559078820783757,-0.19281263949387825,361,-36.81087340852749,-0.10196917841697366,641,249.06314895205367,0.38855405452738484,604,184.02898772472054,0.3046837545111267,1040,278.2717319254846,0.2675689730052736,922,93.14344860077735,0.10102326312448737,329,41.09734806885416,0.12491595157706431,True,0.11861860798266402,False
4h,20,25,2.0,7259,0.19539993610791628,1418.4081362073644,0.469761675161868,1.4254733407636149,4,6.298959428480148,1.574739857120037,239,3.1822815075544426,0.013314985387257082,764,-40.69868863731792,-0.05327053486559937,1075,340.971513750825,0.3171828034891395,1284,121.6322280927082,0.09472914960491294,1812,506.021177220554,0.2792611353314316,1568,390.5520090344139,0.24907653637398847,513,90.4486558101463,0.1763131692205581,True,0.2753452966497346,False
4h,25,25,2.0,6587,0.1949789777834493,1284.3265266595806,0.4710793988158494,1.4239469455072644,4,6.298959428480148,1.574739857120037,221,-5.141466376109722,-0.023264553738053043,681,-48.36304731831666,-0.07101769062895251,971,300.4916492579584,0.30946616813383976,1161,115.11155510842141,0.0991486262777101,1656,517.7282526206423,0.3126378337081173,1426,314.840161318218,0.22078552687112063,467,83.36046262028687,0.17850206128541085,True,0.2451402776341382,False
6h,20,20,2.0,5038,0.1928363012189512,971.5092855410762,0.5019849146486701,1.4719489665354026,2,-0.7607789800837588,-0.3803894900418794,153,-18.84066320021862,-0.12314158954391256,456,-28.603781750422385,-0.06272759155794383,806,300.26853396385195,0.3725416054142084,767,164.1633345224275,0.21403303066809323,1260,345.5927927819986,0.27427999427142746,1209,153.8026035632356,0.12721472585875568,385,55.88724464028741,0.1451616743903569,True,0.15831305562620143,False
6h,20,30,2.0,4654,0.19259220593652593,896.3241264285916,0.4791577137945853,1.4111549990034589,2,0.892798693424635,0.4463993467123175,139,-29.76343652977846,-0.2141254426602767,428,-19.187083763081684,-0.044829634960471224,738,258.94936668666054,0.35087990065943164,722,173.85033735236706,0.24078994093125633,1203,138.0525530068914,0.11475690191761546,1081,276.8551178463779,0.25611019227231996,341,96.67447313573027,0.28350285377046996,True,0.3088783506804716,False
6h,10,30,2.0,6401,0.19059736981542796,1220.0137641885544,0.4621152944852367,1.3908845583891047,3,-0.5225126429421505,-0.17417088098071684,175,-32.83636794504635,-0.1876363882574077,542,-9.908225803602917,-0.018280859416241545,1050,376.4576367731049,0.3585310826410523,1009,182.34259850709438,0.18071615312893397,1628,194.42614818871934,0.1194263809513018,1488,429.9084951962617,0.2889169994598533,506,80.14599191496535,0.15839128836949673,True,0.35238003686146846,False
6h,30,30,2.0,3789,0.1872663754685422,709.5522966503064,0.4769068355766693,1.402009076178867,1,-1.0,-1.0,112,-37.30792788823254,-0.3331064990020763,339,-30.594288963224777,-0.09024864000951262,603,191.57522273237097,0.3177035202858557,575,222.80051923599478,0.3874791638886866,1008,106.86262081393077,0.10601450477572498,857,176.1275913775416,0.20551644268091201,294,81.0885593419256,0.27581142633308026,True,0.2482235519622929,False
6h,10,25,2.0,6731,0.1871645875701366,1259.8048389345895,0.47570940424899716,1.4101981642763823,3,-1.2752311022382439,-0.4250770340794146,184,-16.392525971038786,-0.0890898150599934,567,6.784077990290948,0.011964864180407316,1091,421.7838243944532,0.38660295544862805,1087,168.7376469700573,0.1552324259154161,1696,271.36732257631377,0.1600043175567888,1571,346.78388629909483,0.22074085696950657,532,62.01583777765671,0.11657112364221185,True,0.27526794276514144,False
8h,10,30,2.0,4684,0.18374953958896303,860.6828434347028,0.4686165670367208,1.3884679423996895,0,0.0,,108,-28.999807793868065,-0.2685167388321117,381,3.9657725022680186,0.01040885171198955,811,215.73480212947618,0.2660108534272209,750,153.2403036420284,0.2043204048560379,1155,133.9358202468809,0.1159617491314986,1113,334.2289459560544,0.3002955489272726,366,48.577006751862925,0.1327240621635599,True,0.38832997370117933,False
4h,15,25,2.0,8452,0.17857574935665432,1509.3222335624423,0.46663511594888785,1.3853632283158779,5,5.04404359608682,1.008808719217364,263,-5.498517884089518,-0.02090691210680425,871,-72.65061331569024,-0.08341057785957547,1272,390.3811731591518,0.3069034380182011,1473,131.63625522431653,0.08936609315975325,2089,503.24250315131184,0.24090115038358634,1886,443.87719803253486,0.23535376353792942,593,113.2901915988202,0.19104585429817908,True,0.2940904123467755,False
8h,15,30,2.0,3957,0.1785395349880895,706.4809399478702,0.47207480414455394,1.385152126095683,0,0.0,,90,-29.36309293732306,-0.32625658819247844,318,-3.31672473188463,-0.010429951987058586,668,150.00563337983712,0.2245593314069418,633,170.6602796276064,0.26960549704203224,985,112.81977582765339,0.11453784347985116,973,236.91993468409936,0.24349428025087294,290,68.75513409788162,0.23708666930304007,True,0.33535219605723715,False
6h,15,20,2.0,5844,0.17310364462097838,1011.6176991649977,0.49657768651608486,1.419754696182949,2,-0.7607789800837588,-0.3803894900418794,175,-21.610628213024,-0.12348930407442286,520,15.760862520068773,0.030309351000132257,962,291.4688477949292,0.3029821702649992,921,145.23128688678958,0.15768869368815372,1446,340.9003736550005,0.23575406200207505,1366,197.05064643705515,0.14425376752346644,452,43.57708906426224,0.09640948908022619,True,0.19478766197912836,False
6h,25,15,2.0,4617,0.17195051437970915,793.8955248911171,0.5085553389646957,1.4681535909875143,1,-1.0,-1.0,137,-16.582447933583705,-0.12103976593856719,407,-56.573021783186874,-0.13900005352134367,753,220.68834480081708,0.29307881115646356,717,178.92492913684555,0.24954662362182084,1164,276.0789599926874,0.23718123710711975,1079,128.01155736593287,0.11863907077472927,359,64.34720331160487,0.17924012064513892,True,0.1612448406022816,False
4h,10,30,2.0,9676,0.1675124371214706,1620.8503415873495,0.4439851178172799,1.3368569001859494,5,5.374850568757015,1.074970113751403,301,-25.32960892324776,-0.08415152466195269,971,-65.74530313323244,-0.06770886007541961,1474,493.8248236729279,0.3350236252869253,1710,59.94630257098266,0.03505631729297232,2281,593.8120132620318,0.2603296857790582,2244,431.52645165140876,0.1923023403081144,690,127.44081191772159,0.18469682886626318,True,0.2662346057371351,False
2h,30,30,2.0,11934,0.1652564388328782,1972.1703410315683,0.41452991452991456,1.314017678160395,10,4.812725208553861,0.4812725208553861,458,25.753627931092545,0.05623062867050774,1378,-116.65106509094036,-0.08465244201084206,1643,665.8813149853885,0.40528381922421697,2185,168.49097635277667,0.07711257498982914,2997,659.0713990430669,0.21991037672441338,2457,544.3206775035819,0.22153873728269513,806,20.49068509804827,0.02542268622586634,True,0.27600084342555736,False
6h,10,20,2.0,7180,0.16406432450928435,1177.9818499766616,0.49512534818941506,1.3939475992792594,3,-1.09946447661719,-0.36648815887239666,198,-20.300140609926018,-0.10252596267639404,608,0.11134023501755408,0.00018312538654202974,1164,399.63681512666915,0.3433305971878601,1148,114.9649795253467,0.10014371038793267,1793,351.4183361676837,0.19599461024410691,1698,275.3696620786816,0.16217294586494793,568,57.88032192980606,0.1019019752285318,True,0.2337639260606072,False
6h,30,15,2.0,4245,0.16392890266815813,695.8781918263312,0.5083627797408716,1.445088991398657,1,-1.0,-1.0,121,-14.933091305504878,-0.12341397773144527,378,-68.58692515713994,-0.18144689195010566,688,212.1979669985928,0.3084272776142337,657,178.20800494598967,0.27124506080059313,1090,232.38367163343642,0.2131960290215013,974,98.898248158777,0.10153824246281005,336,58.71031655218006,0.17473308497672638,True,0.14212005681514275,False
4h,30,30,3.0,5565,0.16222551575491878,902.7849951761231,0.5254267744833783,1.4613519476986319,4,3.901947587812131,0.9754868969530327,189,-14.525976309340649,-0.07685701750973889,588,-55.19455029096616,-0.09386828280776559,817,238.68288966488615,0.29214551978566233,940,126.61272086533688,0.13469438389929456,1393,303.89399139426735,0.21815792634190045,1232,234.54158822720876,0.19037466576883827,402,64.87238403691853,0.16137408964407596,True,0.25979783611872326,False
4h,30,15,2.0,6489,0.1617820639852972,1049.8038132005936,0.49175527816304515,1.420134784387843,6,1.3146379986178496,0.21910633310297492,221,-5.5183489639308325,-0.024969904814166662,664,-17.645982860083976,-0.026575275391692733,970,277.6344012603944,0.2862210322272107,1083,222.61396969047718,0.20555306527283213,1665,335.29016767010637,0.20137547607814196,1421,195.60276991734784,0.13765149184894288,459,40.51219848766473,0.08826187034349615,True,0.186323165774187,False
8h,15,15,2.0,4617,0.15957689150470572,736.7665080772263,0.5159194282001299,1.4380444926821994,0,0.0,,100,-5.59356623582793,-0.0559356623582793,375,-25.41742419206112,-0.06777979784549631,773,153.96418340850357,0.1991774688337692,703,161.9022859615557,0.2303019714958118,1120,265.6682583564113,0.23720380210393865,1168,123.54005123055599,0.10577059180698287,378,62.70271954808888,0.16588021044467957,True,0.16767870129298384,False
8h,10,25,2.0,4957,0.15583205068930486,772.4594752668842,0.4875933024006456,1.3482980167602243,0,0.0,,114,-24.754955324673595,-0.21714873091818943,402,-6.944388669986051,-0.01727459868155734,864,174.24354065858222,0.20167076465113684,779,126.74793882526487,0.16270595484629635,1212,151.77120999870843,0.12522377062599704,1179,280.2398769442331,0.23769285576270832,407,71.1562528347551,0.1748310880460813,True,0.3627890988681451,False
4h,30,20,2.0,6152,0.15470659971188405,951.7550014275107,0.4816319895968791,1.3596205713813025,5,3.3869371662029892,0.6773874332405978,209,-3.0998797105801934,-0.014831960337704274,634,-44.48875203879645,-0.07017153318422152,911,304.3535686405281,0.3340873420861999,1050,195.68902187682102,0.1863704970255438,1557,266.2368882011224,0.17099350558838947,1354,160.08889703135472,0.11823404507485577,432,69.58832026085805,0.16108407467791216,True,0.16820389363989877,False
8h,10,20,2.0,5240,0.15345555815939405,804.1071247552247,0.5017175572519084,1.3761370558237924,0,0.0,,123,-17.19665975614984,-0.13981024191991742,421,-9.323262595084117,-0.022145516852931393,893,217.07972098779825,0.2430903930434471,817,120.13729176729974,0.1470468687482249,1274,236.28909868403065,0.18547025014445107,1264,212.66388372871762,0.16824674345626395,448,44.45705193861252,0.09923449093440295,True,0.2644720798779812,False
6h,20,15,2.0,5314,0.15239850899755047,809.8456768129832,0.5069627399322544,1.4081849838024434,2,-1.2820731381452608,-0.6410365690726304,156,-8.113293642760894,-0.052008292581800605,475,-57.39638558839237,-0.12083449597556288,869,223.6267537676636,0.2573380365565749,822,166.040833066588,0.20199614728295376,1329,234.69671021944094,0.1765964711959676,1264,188.0600204486428,0.148781661747344,397,64.21311167994645,0.1617458732492354,True,0.23221710732435175,False
8h,20,15,2.0,3908,0.15200527917677872,594.0366310228512,0.5092118730808598,1.4121323409135353,0,0.0,,83,-14.890671142608042,-0.17940567641696437,317,-27.10676090285581,-0.08551028675979751,662,147.25791423616923,0.22244397920871484,599,167.39854346783318,0.27946334468753453,961,221.71567355633286,0.23071350005861901,955,50.26329623563082,0.05263172380694327,331,49.39863557234906,0.1492405908530183,True,0.0846131258758979,False
2h,25,30,2.0,13107,0.1489525209829386,1952.320692523376,0.4106202792401007,1.280612953461091,13,7.842678737659792,0.603282979819984,505,14.936297678756308,0.029576827086646156,1549,-151.52927485059902,-0.09782393470019304,1774,678.0734186562199,0.3822285336280834,2415,157.64449261714245,0.06527722261579397,3297,638.2165599824029,0.193574934783865,2681,583.4233786544019,0.21761409125490558,873,23.71314104739166,0.02716281906917716,True,0.2988358320887982,False
4h,15,20,2.0,8896,0.14809472745869456,1317.4506954725468,0.4754946043165468,1.3423812809638076,6,4.713475038776961,0.7855791731294935,282,6.72110704372707,0.023833712921017977,933,-101.82073398607602,-0.10913261949204289,1348,465.2348240768705,0.3451296914516843,1503,226.77781632044952,0.15088344399231504,2227,282.7907955073707,0.12698284486186381,1977,313.61637750124027,0.15863246206436027,620,119.41703397018766,0.19260811930675428,True,0.23804790462291378,False
2h,30,25,2.0,12320,0.14686746021110025,1809.4071098007553,0.4314935064935065,1.2965486008973264,10,5.9572436980095755,0.5957243698009576,478,32.74237670607071,0.06849869603780483,1423,-162.04005986852994,-0.11387214326671113,1695,580.5914493105472,0.34253182850179775,2275,-26.188241281458733,-0.01151131484899285,3125,721.704132816256,0.23094532250120192,2485,610.1284120904879,0.24552451190764102,829,46.51179632937249,0.05610590630804884,True,0.33719797428986165,False
6h,25,25,3.0,4127,0.14637046090309372,604.0708921470678,0.5405863823600678,1.458711631414339,1,-1.0,-1.0,123,-8.413873640990406,-0.06840547675601956,374,-7.6698785342120335,-0.020507696615540198,649,194.19937452515944,0.2992286202236663,635,126.81566705094465,0.19970971189125142,1081,94.2491089321054,0.08718696478455634,951,131.76731056092265,0.13855658313451383,313,74.1231832531381,0.23681528195890766,True,0.2181321965251099,False
8h,25,15,2.0,3516,0.14575709719965121,512.4819537539737,0.5071103526734926,1.3966519318475992,0,0.0,,77,-19.58462295182769,-0.25434575262113884,288,-24.585570250902407,-0.08536656337118892,583,139.52221570042505,0.23931769416882512,541,158.97978390582765,0.2938628168314744,866,158.43115487818756,0.18294590632585167,860,56.5203441684693,0.06572133042845267,301,43.19864830379426,0.14351710399931647,True,0.11028748184097605,False
8h,20,30,2.0,3468,0.14568823000406464,505.24678165409614,0.4682814302191465,1.314235600290228,0,0.0,,78,-36.21176449511927,-0.46425339096306756,266,-13.634660809337966,-0.05125812334337581,595,146.28248030987925,0.24585290808383067,550,195.78649639401078,0.3559754479891105,881,71.69981878256525,0.08138458431619211,845,74.21096152292631,0.08782362310405481,253,67.11344994917181,0.26527055315878184,True,0.14688062194077048,False
4h,25,20,2.0,6833,0.1455642891648612,994.6407878634965,0.4782672325479292,1.336021049155254,5,3.3869371662029892,0.6773874332405978,235,-6.876727289454866,-0.029262669316829217,712,-53.043134173588484,-0.07449878395166921,1014,341.3508411073298,0.3366379103622582,1179,182.0551533419306,0.15441488833072994,1741,276.75414990483733,0.15896275123770093,1470,175.10761023726695,0.11912082329065779,477,75.90595756897213,0.15913198651776128,True,0.17605110545828384,False
4h,25,15,2.0,7216,0.1443434054134973,1041.5820134637966,0.4893292682926829,1.372161492780822,6,1.3146379986178496,0.21910633310297492,248,-13.937360807227716,-0.056199035513014986,752,-43.411119895393014,-0.05772755305238433,1083,326.83191793721335,0.301783857744426,1219,190.5389930560088,0.15630762350780047,1860,321.15151603796266,0.1726621053967541,1540,222.32350266968749,0.1443659108244724,508,36.76992646692723,0.07238174501363628,True,0.21344790885006487,False
4h,20,20,2.0,7584,0.143724086842286,1090.003474611897,0.4741561181434599,1.3307054034418533,5,3.3869371662029892,0.6773874332405978,258,2.5502215031171396,0.009884579469446278,818,-75.27554482823047,-0.09202389343304458,1127,380.63132835363865,0.3377385344752783,1308,196.97307335156225,0.1505910346724482,1921,251.87202259990292,0.13111505601244294,1620,229.80824461796666,0.14185694112220165,527,100.05719184773683,0.18986184411335263,True,0.2108325798684187,False
4h,20,15,2.0,8014,0.1436156374177923,1150.9357182661875,0.4908909408535064,1.372663155118025,6,1.3146379986178496,0.21910633310297492,276,-15.013731885248415,-0.054397579294378315,868,-51.3085174134127,-0.059111195176742744,1204,346.3895284421361,0.2876989438888174,1354,238.90474218538716,0.1764436796051604,2051,282.5120194373952,0.13774354921374707,1692,303.0147712430465,0.179086744233479,563,45.122268258265834,0.0801461247926569,True,0.2632768854367638,False
8h,15,25,2.0,4145,0.14322680817009587,593.6751198650473,0.49312424607961397,1.3264469021779328,0,0.0,,94,-25.973456721650127,-0.27631336937925666,338,-18.754298208459073,-0.05548608937413927,699,114.86200870643896,0.16432333148274528,650,137.61705790631083,0.2117185506250936,1037,100.26134002007396,0.09668403087760266,1014,200.51950774390684,0.19775099383028288,313,85.14296041842591,0.2720222377585492,True,0.33775966186605294,False
4h,10,25,2.0,10199,0.1422553322871152,1450.862133996288,0.45249534268065494,1.2971689818969852,6,2.6012308328440756,0.43353847214067925,317,-21.350337239039114,-0.06735122157425588,1032,-107.38998424425536,-0.10406006225218542,1544,365.33291462491457,0.23661458201095503,1798,140.9467403877569,0.07839084559941986,2459,477.33672797406973,0.19411823016432278,2325,464.6164245730366,0.1998350213217362,718,128.7684170869606,0.17934319928546044,True,0.32023471678407267,False
4h,25,30,3.0,6146,0.14220337479822037,873.9819415098624,0.5167588675561341,1.3971312678344052,4,3.901947587812131,0.9754868969530327,211,-16.35803200933287,-0.07752621805371028,650,-71.10437075139848,-0.10939133961753612,914,251.18895548467157,0.27482380249964067,1059,114.98290526266814,0.10857686993641939,1529,299.21844745982514,0.19569551828634738,1336,237.5548251888453,0.1778104978958423,443,54.59726328677148,0.12324438665185436,True,0.27180747553942985,False
8h,15,20,2.0,4354,0.14132696393813854,615.3376009866552,0.5009186954524575,1.3528306532604768,0,0.0,,95,-13.411601959328847,-0.14117475746661945,350,-19.186817901794136,-0.05481947971941182,719,143.22012422245407,0.19919349683234225,668,141.1919209809532,0.2113651511690916,1086,138.94937641737386,0.12794601880052842,1082,158.41733626424073,0.14641158619615594,354,66.1572629627563,0.1868849236236054,True,0.2574478400315997,False
4h,30,25,3.0,5804,0.14095779172440995,818.1190231684753,0.5284286698828394,1.4207827821879326,4,5.148110938017526,1.2870277345043815,192,-6.428282750176696,-0.03348063932383696,596,-48.466557090351614,-0.08131972666166379,864,169.00805729924366,0.19561117742968015,1012,87.18424753265009,0.08615044222593883,1454,296.2672773157949,0.20376016321581492,1266,253.45338002515436,0.20020014219996396,416,61.952789898143074,0.14892497571669008,True,0.3098001303570235,False
8h,25,20,2.0,3363,0.13951124914401453,469.17633087132083,0.49866190900981266,1.350452036604968,0,0.0,,76,-24.562722556164953,-0.3231937178442757,265,-9.245378102937407,-0.03488821925636757,553,137.4151218245782,0.24849027454715766,519,143.374171897472,0.2762508129045703,852,71.80768664655565,0.08428132235511226,815,101.016448401433,0.123946562455746,283,49.37100276038427,0.1744558401427006,True,0.21530593458078426,False
6h,15,15,2.0,6197,0.1394222509159192,863.9996889259512,0.5031466838792964,1.369993317388855,2,-1.2820731381452608,-0.6410365690726304,181,-13.886490002274954,-0.07672093923908814,549,-24.783443524777276,-0.04514288438028648,1031,227.8775129518927,0.2210257157632325,984,167.59924654901488,0.17032443754981186,1546,221.61236711262939,0.14334564496289093,1434,217.50947532663062,0.15168024778705064,470,69.3530936509811,0.1475597737254917,True,0.25174716856324264,False
8h,25,25,2.0,3238,0.139280781942661,450.99117193033635,0.4950586781964175,1.3249176737014605,0,0.0,,74,-28.720016513968396,-0.3881083312698432,257,-26.249458605255853,-0.10213797122667648,542,115.1748056092488,0.2124996413454775,507,159.46867963274306,0.31453388487720524,831,58.09646636022812,0.06991151186549714,785,95.00257854018258,0.12102239304481857,242,78.218116907158,0.3232153591204876,True,0.21065285631546116,False
4h,30,10,2.0,6981,0.13878112142123103,968.8310086416138,0.4924795874516545,1.4270366272358297,6,2.8676175962359585,0.47793626603932643,238,-3.954581534847149,-0.016615888801878777,729,-48.53426914250467,-0.06657650088135071,1045,203.187066960352,0.19443738465105456,1199,65.89642875773384,0.05495949020661705,1789,416.106219523498,0.2325915145463935,1479,312.13233383196143,0.21104282206353037,496,21.130192649184295,0.0426011948572264,True,0.322174178002001,False
8h,10,15,2.0,5666,0.1381392475055841,782.6969763666394,0.5097070243558066,1.3719300694312595,0,0.0,,130,-9.384348348666498,-0.07218729498974229,473,-24.378457566830004,-0.05154007942247358,968,201.39570563723453,0.20805341491449847,892,125.9193897313502,0.14116523512483206,1346,266.7824426463324,0.19820389498241636,1372,174.44040834028726,0.12714315476697322,485,47.921835926931564,0.09880790912769395,True,0.22287093678329734,False
6h,15,25,3.0,5368,0.13703213100926215,735.5884792577192,0.5376304023845008,1.4174082000975874,2,-0.8315678383736906,-0.4157839191868453,159,-11.731700993484667,-0.07378428297789098,481,2.417991169778203,0.0050270086689775525,880,218.14857869372491,0.24789611215196014,861,97.49112276566349,0.11323010774176945,1347,149.75643222244474,0.11117775220671473,1236,215.67699147326087,0.17449594779390037,402,64.66063176470527,0.16084734269827183,True,0.2932033297896401,False
2h,30,20,2.0,12794,0.13698252206692216,1752.5543873242023,0.4413006096607785,1.2960620599114525,10,5.5067813282729,0.55067813282729,496,21.565574835909448,0.04347898152401099,1468,-111.42319976784907,-0.07590136223967921,1763,485.28618798138075,0.27526159272908723,2350,-44.4455187666769,-0.01891298670922421,3273,656.83541298396,0.20068298594071496,2576,732.8377942120626,0.28448672135561437,858,6.391354517142575,0.0074491311388608095,True,0.41815409525233527,True
4h,20,30,3.0,6760,0.1369083431572931,925.5003997433015,0.5127218934911243,1.378903125994656,4,3.901947587812131,0.9754868969530327,228,-10.013743416174501,-0.04391992726392325,722,-56.44544267994325,-0.07817928349022611,1012,278.4560699646112,0.27515421933261974,1189,90.24873068295432,0.07590305356009615,1659,278.56161884961733,0.16790935433973317,1463,279.80356933579947,0.1912532941461377,483,60.987649418624954,0.12626842529736015,True,0.30232679468685947,False
6h,20,25,3.0,4693,0.13686750091356348,642.3191817873534,0.5388877050926912,1.4221674099106334,2,-0.8315678383736906,-0.4157839191868453,140,-12.04128417297989,-0.08600917266414207,432,-10.818154722541713,-0.02504202482069841,748,191.50955839787437,0.2560288213875326,726,109.38780719321862,0.1506719107344609,1197,113.99940423228026,0.09523759752070197,1107,177.14215807677735,0.16002001632951884,341,73.97126062109805,0.2169245179504342,True,0.2757852530323813,False
4h,15,15,2.0,9458,0.1362407426960729,1288.5649444194573,0.48889828716430533,1.3553554503797585,7,2.197700063717959,0.31395715195970847,302,-14.813368403732138,-0.049050888754079924,994,-61.23224042953928,-0.061601851538771915,1433,418.16467407430275,0.29181065880970186,1570,246.8192146971652,0.15720969088991413,2401,289.76339129259657,0.12068446117975701,2083,365.52070844186557,0.17547801653474104,668,42.14486468308076,0.06309111479503109,True,0.28366494837910183,False
4h,15,30,3.0,7781,0.1361145337616144,1059.1071871991217,0.5195990232617915,1.3744204327253475,5,4.271649146265753,0.8543298292531507,249,-8.815258364173644,-0.03540264403282588,800,-56.37554815001904,-0.0704694351875238,1181,344.05508291318563,0.2913252183854239,1340,82.39807392439897,0.061491099943581325,1894,319.02467696348407,0.1684396393682598,1755,302.55374263842106,0.17239529495066727,557,71.99476812755906,0.12925452087533043,True,0.28566867102332133,False
8h,25,30,2.0,3130,0.13588457212013527,425.3187107360234,0.4626198083067093,1.2962134846834428,0,0.0,,73,-37.901586912299365,-0.5191998207164297,245,-13.427457211424365,-0.0548059478017321,532,122.76976097247378,0.230770227391868,496,186.74616021541704,0.37650435527301823,796,32.558606232774174,0.040902771649213784,762,71.70648821281593,0.09410300290395791,226,62.86673922626621,0.27817141250560273,True,0.1685947182730952,False
8h,20,25,2.0,3596,0.1351191362756925,485.8884140473902,0.4938820912124583,1.3118185383433205,0,0.0,,79,-26.970386729124414,-0.34139730036866345,283,-27.286103020067358,-0.09641732515924861,615,110.49058549963158,0.17965948861728712,559,167.87229156009244,0.3003082138820974,919,83.83168993990287,0.09122055488563968,870,99.8680578591917,0.11479087110251919,271,78.08227893776333,0.28812649054525213,True,0.20553702243546654,False
8h,15,30,3.0,3790,0.13452930700006402,509.8660735302426,0.5406332453825857,1.3925210573026203,0,0.0,,87,-26.715666305445254,-0.3070766242005202,306,-9.896314228482437,-0.03234089617151123,632,106.82465179590028,0.16902634777832323,602,130.85596044551602,0.21736870505899672,954,52.36336700485742,0.05488822537196795,931,199.03914601931658,0.21379070463943778,278,57.39492879857997,0.20645657841215817,True,0.39037534825801784,False
6h,25,20,3.0,4312,0.13397944605046888,577.7193713696219,0.5415120593692022,1.4570965977034378,1,-1.0,-1.0,131,-18.922977452587297,-0.1444502095617351,387,-24.783082815540265,-0.06403897368356658,693,189.74422403395766,0.27380118908219,649,110.38001793171105,0.1700770692322204,1097,189.593782114668,0.17282933647645213,1013,81.62752892594416,0.0805799890680594,341,51.07987863146857,0.14979436548817762,True,0.14129269844704462,False
6h,30,25,3.0,3807,0.13383156762048118,509.4967779311719,0.5327029156816391,1.418044901953631,1,-1.0,-1.0,111,-13.149043266992594,-0.11845984925218553,342,-12.913099331578376,-0.037757600384732096,601,162.90386627917115,0.2710546859886375,579,134.98636972808734,0.23313708070481406,1014,75.24188517146155,0.07420304257540586,865,104.75344141169785,0.12110224440658711,294,58.67335793932499,0.19956924469158158,True,0.20560177404271834,False
2h,25,25,2.0,13576,0.13298024949444537,1805.3398671365903,0.42759281084266354,1.2655918176741832,13,9.23703646735337,0.71054126671949,528,20.52761621347012,0.03887806101036008,1603,-191.00204588484678,-0.11915286705230617,1837,572.9662311585412,0.3119032287199462,2521,-55.30352348889508,-0.021937137441053186,3456,705.7920448693534,0.2042222352052527,2721,699.5683942078638,0.25709974061295987,897,43.55411359375038,0.04855531058389117,True,0.3874995544841281,False
6h,25,30,3.0,3981,0.13290097556328567,529.0787837174403,0.5380557648831952,1.3835211854021983,1,-1.0,-1.0,120,-25.324467914603574,-0.21103723262169644,361,-17.648966547115542,-0.04888910400863031,636,150.51887585955168,0.2366648991502385,610,139.5254063024314,0.228730174266281,1057,38.054784711365706,0.03600263454244627,905,158.57722808849053,0.17522345645137075,291,86.37592321732008,0.2968244784100346,True,0.29972327934657883,False
4h,25,10,2.0,7771,0.13252340795309664,1029.839403203514,0.49465963196499807,1.409851260706669,6,2.8676175962359585,0.47793626603932643,269,-6.41717418795203,-0.023855666126215726,824,-59.84237093795724,-0.07262423657519082,1170,232.4064847691848,0.19863802117024343,1337,62.081045266039894,0.0464330929439341,2018,418.8857516736649,0.2075747035052849,1600,359.3955426798443,0.2246222141749027,547,20.46250634445322,0.0374086039203898,True,0.34898212436024023,False
8h,20,20,2.0,3739,0.1325030894473179,495.42905144352164,0.4971917625033431,1.32983142728678,0,0.0,,81,-19.40238765781122,-0.23953565009643482,294,-12.935594384685032,-0.043998620356071536,624,143.89867636597245,0.23060685315059687,575,152.58466215944583,0.26536462984251447,947,101.25567871364848,0.10692257519920642,907,80.0108113839471,0.08821478653136394,311,50.017204863004025,0.16082702528297113,True,0.16149802106037425,False
6h,30,10,2.0,4538,0.12935820573324844,587.0275376174814,0.5090348171000441,1.4150491048154994,1,-1.0,-1.0,127,-16.364216111990167,-0.1288520953700013,393,-37.181773843601015,-0.09461011156132573,747,175.2937575075278,0.2346636646687119,685,177.25451005659374,0.2587657081118157,1192,197.11348675797183,0.16536366338756026,1041,51.030389832546426,0.0490205473895739,352,40.88138341843277,0.11614029380236582,True,0.08693014647942943,False
6h,30,30,3.0,3676,0.1291160902139466,474.6307476264677,0.5353645266594124,1.3737239455493129,1,-1.0,-1.0,109,-27.262112720641788,-0.2501111258774476,330,-24.876514924203857,-0.0753833785581935,590,122.16445662594346,0.2070584010609211,557,153.5475217106026,0.27566880019856843,990,37.06470738301199,0.03743909836667878,827,141.9976978975568,0.17170217399946408,272,72.99499165419851,0.2683639399051416,True,0.299175092653939,False
6h,25,10,2.0,4973,0.12905543795629043,641.7926929566323,0.5123667806153227,1.4165521224697815,1,-1.0,-1.0,145,-15.832823094300206,-0.10919188340896693,429,-18.81451839527774,-0.04385668623607865,816,197.2299519597944,0.24170337249974802,752,164.47578946116596,0.2187178051345292,1281,257.0008190245204,0.20062515146332585,1168,19.181740381649696,0.016422722929494604,381,39.55173361907982,0.10381032445952708,True,0.029887751281932808,False
6h,10,15,2.0,7740,0.1276305693454823,987.860606734033,0.4963824289405685,1.335288572987729,3,-1.6036953905841433,-0.5345651301947144,210,-14.261551101390037,-0.06791214810185732,676,-73.66025882098948,-0.10896487991270634,1267,333.1868764039631,0.26297306740644283,1230,179.31094416992164,0.1457812554227005,1943,188.24406800004562,0.09688320535257108,1817,279.30070962457387,0.15371530524192287,594,97.34351384849245,0.16387796944190647,True,0.28273291567721304,False
2h,25,20,2.0,14076,0.1275428618144058,1795.293322899576,0.4366297243535095,1.272451650697616,13,7.928345153561823,0.6098727041201403,548,-0.4217563244884204,-0.0007696283293584313,1656,-137.36723308988041,-0.08295122771128044,1909,474.75734268090116,0.24869426017857577,2602,-45.3327543566043,-0.01742227300407544,3598,683.7763812674579,0.19004346338728678,2822,795.7508718821061,0.28198117359394265,928,16.20212568652213,0.01745918716220057,True,0.443242818169061,True
2h,15,30,2.0,16489,0.1272931424890896,2098.9366265025983,0.41003092971071625,1.239323418748587,17,7.504163879025288,0.44142140464854634,627,-11.545166591321571,-0.01841334384580793,1872,-89.47488987617086,-0.047796415532142554,2276,651.1711711950084,0.28610332653559245,3026,160.63851027515526,0.05308609063950934,3982,743.7920579002807,0.1867885630086089,3596,649.866758934259,0.1807193434188707,1093,-13.01597921363785,-0.011908489673959606,True,0.3096171417129037,False
4h,20,10,2.0,8631,0.12727988087113196,1098.5526517987398,0.4969296721121539,1.3932796483829804,6,2.8676175962359585,0.47793626603932643,297,0.9252814116224499,0.003115425628358417,941,-63.45326775878262,-0.06743174044503998,1293,245.15514200594941,0.18960181129617124,1489,93.69985901193046,0.06292804500465443,2231,389.7465625709327,0.1746959043347973,1768,409.07520379765367,0.23137737771360503,606,20.536253163197543,0.03388820653992994,True,0.37237651115569675,False
8h,10,30,3.0,4461,0.12497208008515662,557.5004492598837,0.5344093252633939,1.353273394554344,0,0.0,,105,-29.266479199258963,-0.27872837332627587,367,-11.225257764366747,-0.030586533417893042,769,139.01826654909706,0.1807779799077985,711,99.11845662527625,0.13940711199054326,1110,51.84420280684067,0.04670648901517178,1058,259.06559181360444,0.244863508330439,341,48.945668428691064,0.14353568454161603,True,0.4646912700384906,True
6h,20,20,3.0,4951,0.12461042473165546,616.9462128464262,0.5380731165421127,1.419860850536008,2,-0.840519320055839,-0.4202596600279195,153,-22.855766341677374,-0.14938409373645342,449,-32.64636394440711,-0.07270905110112943,800,194.77832443262318,0.24347290554077897,751,104.16687936789961,0.13870423351251612,1237,211.48178303831833,0.17096344627188223,1185,112.0574128724628,0.09456321761389266,374,50.804462741262604,0.1358408094686166,True,0.1816323863233711,False
6h,30,20,3.0,3955,0.12439557319804875,491.9844919982828,0.5413400758533502,1.423177609575587,1,-1.0,-1.0,117,-22.637897676312097,-0.19348630492574442,356,-34.68781292903339,-0.09743767676694773,634,163.94277990265851,0.2585848263448872,591,121.49297975705758,0.20557187776151875,1030,162.44833894689728,0.1577168339290265,909,60.56846725456806,0.06663197717774265,317,41.857636742446815,0.13204301811497418,True,0.12311052124541248,False
6h,15,30,3.0,5071,0.12372061051364845,627.3872159147113,0.5261289686452376,1.3447229331186694,2,0.26186579561642476,0.13093289780821238,153,-28.02614385070048,-0.18317741078889202,458,-16.17985852931392,-0.03532720202906969,843,170.93556081567675,0.20277053477541726,798,98.81640654814154,0.12383008339366108,1290,97.99733605906508,0.07596692717756982,1148,231.34880920769493,0.20152335296837537,379,72.23323986853103,0.190589023399818,True,0.36874963872254785,False
2h,20,30,2.0,14660,0.12216203125095787,1790.8953781390424,0.4068212824010914,1.228445719987903,15,6.185720890332329,0.4123813926888219,559,-10.872598965093172,-0.019450087594084387,1706,-167.2328890017571,-0.09802631242775914,1989,678.4052055470355,0.3410785347144472,2706,95.60726829328904,0.03533158473514007,3604,684.7740017461508,0.19000388505720056,3137,494.6579725834936,0.15768504067054306,944,9.370697045591442,0.009926585853380764,True,0.2762070741940845,False
4h,25,25,3.0,6449,0.12211834531925289,787.5412089638619,0.5180648162505815,1.3571896469516165,4,5.148110938017526,1.2870277345043815,216,-9.550563935465501,-0.044215573775303246,666,-63.3860276118033,-0.09517421563333829,962,170.38637769369106,0.1771168167294086,1143,68.01514984078531,0.05950581788345172,1619,300.96832204185307,0.18589766648662945,1379,260.96961942467976,0.18924555433261767,460,54.99022057210401,0.11954395776544349,True,0.33137265257271753,False
4h,15,10,2.0,10216,0.12180227119242729,1244.3320025018372,0.4964761158966327,1.3803201232245608,7,3.147682755540503,0.4496689650772147,328,1.1472771400303774,0.0034977961586291993,1088,-61.47946593009288,-0.05650686206810007,1548,280.68529616045316,0.18132125074964675,1735,89.18532415306957,0.05140364504499687,2628,374.58160143165526,0.14253485594811843,2171,512.0140665824756,0.23584249957737247,711,45.050220208705696,0.06336177244543699,True,0.4114770539960613,True
4h,20,25,3.0,7093,0.12133284414214418,860.6138635002287,0.5174115324968278,1.3551490356903946,4,5.148110938017526,1.2870277345043815,234,-2.5423013710274986,-0.01086453577362179,748,-54.55232864593505,-0.07293092064964579,1063,193.8212307548623,0.18233417756807369,1264,64.17220590823976,0.05076915024386057,1761,292.5280888054832,0.16611475798153505,1516,296.38261253994847,0.19550304257252538,503,65.65624457063997,0.1305293132617097,True,0.3443851245139391,False
6h,20,30,3.0,4489,0.1200166367240414,538.7546822542218,0.530630429939853,1.3379027421196412,2,0.26186579561642476,0.13093289780821238,136,-27.518135395309557,-0.2023392308478644,415,-20.281210905510502,-0.048870387724121694,719,143.09334095697722,0.19901716405699196,698,106.34126241905541,0.15235137882386163,1169,53.07043274703963,0.04539814606248044,1030,204.8324083549166,0.1988664158785598,320,78.95471828143671,0.24673349462948974,True,0.3801960615875677,False
2h,30,30,3.0,11466,0.11666331566219276,1337.6615773827023,0.4775859061573347,1.3011868573703653,10,2.4980527642322725,0.24980527642322725,442,21.161236468374646,0.047876100607182455,1322,-104.72464969596658,-0.07921683032977804,1576,485.6062382201733,0.30812578567269877,2093,109.82244143232035,0.052471305032164524,2895,429.5478442022262,0.14837576656380871,2359,361.34684967079005,0.15317797781720646,769,32.40356432055203,0.04213727479915738,True,0.2701332353268374,False
6h,10,30,3.0,6088,0.11501582959242652,700.2163705586927,0.5167542706964521,1.3109019847240966,3,-0.3318268209552454,-0.11060894031841513,168,-25.938501852411342,-0.15439584435959133,510,-13.091520305321314,-0.025669647657492772,1014,223.3222359286157,0.22023889144833894,968,81.05188804882454,0.08373128930663692,1564,42.94712580197081,0.027459799106119447,1392,321.59279223920146,0.23102930476954128,469,70.6641775187681,0.15066988809971876,True,0.45927631195284274,True
2h,30,25,3.0,11930,0.11500174839106433,1371.9708583053975,0.4936295054484493,1.3302031012811415,10,3.5961646879200195,0.35961646879200193,467,19.69429343019381,0.04217193454002957,1382,-134.53237095348675,-0.09734614396055481,1640,435.94171231818444,0.2658181172671856,2196,9.183019004902922,0.004181702643398416,3042,512.4020487342577,0.16844248807832274,2395,465.33642271678104,0.19429495729301924,798,60.34956836664428,0.07562602552211062,True,0.3391736930123615,False
2h,30,15,2.0,13340,0.11456989513027412,1528.3624010378567,0.44857571214392805,1.2669999693638603,10,7.88496988629126,0.788496988629126,527,-8.019929825206919,-0.015218083159785425,1536,-52.15761278389246,-0.033956779156179985,1862,263.7153143952172,0.14163013662471385,2440,-54.39207559658165,-0.02229183426089412,3386,761.9199154354594,0.22502064838613686,2689,607.5892823139556,0.2259536193060452,890,1.8225372126142663,0.0020477946209149058,True,0.3975426782949929,False
2h,20,25,2.0,15229,0.11446148438090889,1743.1339456368614,0.4232057259176571,1.226590372174261,15,7.247328079375011,0.4831552052916674,584,0.566159707341721,0.0009694515536673306,1779,-199.8375616655718,-0.11233140059897234,2068,566.2412233102634,0.27381103641695526,2825,-50.8580147958492,-0.018002837095875822,3797,747.8247733328624,0.19695148099364299,3190,636.8676054595131,0.1996450173854273,971,35.08243220892676,0.03613020824812231,True,0.3653578126073558,False
8h,30,15,2.0,3242,0.11302964291134086,366.4421023185671,0.49136335595311537,1.298636412866904,0,0.0,,72,-20.98679298794418,-0.2914832359436692,256,-25.022403658101418,-0.09774376428945866,544,143.96643016948212,0.2646441731056657,501,131.97834950096063,0.26342983932327474,767,101.83003926444766,0.13276406683761102,815,-9.513278199253676,-0.011672733986814328,287,44.189758228976004,0.15397128302779095,True,-0.025961204073060608,False
6h,20,10,2.0,5730,0.1125675950543586,645.0123196614747,0.5043630017452007,1.354958709187744,2,-1.0523560213248027,-0.5261780106624013,171,-15.470245448399046,-0.0904692716280646,505,-26.224289739147995,-0.05192928661217425,943,224.85772523745982,0.23844933747344627,865,144.95177774711783,0.16757430953424027,1454,225.17197225436772,0.15486380485169718,1370,54.37797866875228,0.039691955232665894,420,38.39975696264898,0.09142799276821185,True,0.08430533341951013,False
2h,15,25,2.0,17206,0.11229790399957268,1932.1977362166476,0.4263047774032314,1.2227838299534055,18,7.91145618216196,0.4395253434534422,663,-8.067247737510481,-0.012167794475883079,1966,-123.10030078717517,-0.06261459856926509,2374,532.3942043481155,0.22426040621234858,3171,-35.44619511390158,-0.011178238761873724,4228,742.7382715929314,0.17567130359340855,3659,817.2230653456215,0.2233460140326924,1127,-1.455517613595413,-0.0012914974388601713,True,0.4229500169821079,True
6h,10,25,3.0,6475,0.11216261203618526,726.2529129342995,0.5263320463320463,1.331991383902028,3,-0.8928238251645397,-0.2976079417215132,177,-10.802565788911384,-0.061031445135092566,542,4.440842784625282,0.008193436872002365,1065,260.72634315337905,0.24481346774965168,1049,76.43544655692972,0.07286505868153453,1637,113.16457844550955,0.06912924767593741,1498,232.25160759717545,0.1550411265668728,504,50.929484010756305,0.10105056351340537,True,0.31979439044010566,False
4h,10,20,2.0,10818,0.11168034714226874,1208.1579953850633,0.45849510075799593,1.2509165154004174,6,2.3962068328551926,0.3993678054758654,335,-17.023409994379087,-0.0508161492369525,1110,-130.98862266397813,-0.11800776816574607,1639,440.0105050644696,0.26846278527423406,1854,222.52000420836862,0.12002157724291727,2659,238.08466097949673,0.08953917298965654,2450,362.7711258435345,0.1480698472830753,765,90.38752511469576,0.1181536276009095,True,0.30026795107035015,False
8h,20,30,3.0,3356,0.11016724987783987,369.7212905900306,0.5348629320619785,1.3213419010312317,0,0.0,,76,-31.442929081378843,-0.4137227510707742,260,-17.862662299265725,-0.06870254730486818,564,108.48034783025324,0.19234104225222204,534,140.9335702954442,0.26392054362442735,862,35.020217137566036,0.04062670201573786,815,84.89074481898452,0.10416042309077855,245,49.70200188842717,0.20286531383031497,True,0.2296074015199642,False
2h,10,30,2.0,19337,0.10974940499533961,2122.224244394882,0.4096292082536071,1.2047280380548548,19,7.349661380643764,0.38682428319177703,746,-37.07236556352297,-0.04969486000472248,2116,-41.63568133419954,-0.019676597984026246,2706,672.3262125140152,0.24845758038211943,3614,88.33195577633094,0.02444160370125372,4540,828.265758416205,0.18243739172163106,4274,626.4452222399477,0.14657117974729708,1322,-21.786519034537903,-0.01647996901250976,True,0.29518333130652197,False
4h,10,10,2.0,12642,0.10947039099736694,1383.924682988713,0.4947002056636608,1.3326702238800934,7,3.9918113440809746,0.5702587634401393,409,-17.682488239830484,-0.04323346757904764,1355,-78.36283044871789,-0.057832347194625745,1908,258.7626097770818,0.13561981644501145,2172,88.57927805357184,0.04078235637825591,3156,521.0647784346194,0.16510290824924567,2759,552.0995567948613,0.20010857440915597,876,55.471967273045976,0.06332416355370546,True,0.3989375748415379,False
6h,15,10,2.0,6688,0.10845755075296712,725.3640994358441,0.5040370813397129,1.3419490235410854,2,-1.0523560213248027,-0.5261780106624013,198,-23.242889767343794,-0.117388332158302,603,-21.700680852107595,-0.03598786210963117,1126,243.1045207527772,0.21590099533994422,1035,148.36840077789287,0.14335111186269842,1681,239.87797468587573,0.14269956852223423,1542,104.25853592614283,0.06761253951111727,501,35.750593933931654,0.07135847092601129,True,0.1437326937013156,False
8h,25,30,3.0,3028,0.10844421840465487,328.36909332929497,0.5280713342140027,1.3237786093361414,0,0.0,,71,-30.287387270401226,-0.4265829193014257,239,-14.35670943183875,-0.060069913940747906,503,99.40634145715029,0.19762692138598467,479,145.68773985408404,0.3041497700502798,780,14.322180354677197,0.018361769685483587,739,60.75711904445296,0.08221531670426653,217,52.83980932117047,0.2435014254431819,True,0.18502691111530564,False
2h,20,20,2.0,15849,0.10832233178450723,1716.800636452655,0.4331503564893684,1.2293891433335982,15,7.923710906964347,0.5282473937976231,610,-22.652484843187363,-0.03713522105440551,1878,-167.1774870358239,-0.08901889618520975,2157,458.86664450340925,0.21273372485090833,2937,-27.63806583153064,-0.009410305015842915,3942,789.9642395998189,0.2003968136985842,3299,662.8229000014876,0.20091630797256368,1011,14.691179151516788,0.014531334472321255,True,0.3860802972272002,False
4h,10,30,3.0,9167,0.10638307477796677,975.2136464896214,0.5045271081051598,1.2827368788844882,5,4.854363950458,0.9708727900915999,287,-26.718236678236003,-0.09309490131789548,916,-68.5210774321755,-0.07480466968578112,1417,295.06691913363215,0.20823353502726333,1614,49.55666184571105,0.03070425145335257,2161,345.1557165466362,0.15972036860094224,2107,286.0262806843265,0.1357504891714886,660,89.79301843926906,0.13605002793828647,True,0.2932960195070142,False
8h,25,25,3.0,3153,0.10618613122512963,334.8048717528337,0.5550269584522677,1.3479640310006973,0,0.0,,73,-23.1307041342588,-0.31685896074327125,255,-21.315487195422744,-0.08359014586440291,519,88.82082456491113,0.17113839029848002,491,129.40644768205667,0.26355691992272234,821,27.06753452345061,0.03296898236717492,761,72.71357895540629,0.09555003804915413,233,61.242677356690585,0.2628441088269982,True,0.217181962062626,False
4h,15,25,3.0,8228,0.10618183968531518,873.6641769307734,0.5166504618376276,1.30603574945461,5,5.107059953043378,1.0214119906086756,256,-8.622816209447409,-0.03368287581815394,847,-77.94300511650812,-0.09202243815408279,1246,226.29041570022554,0.18161349574656946,1439,71.02655097610032,0.049358270310007175,2026,292.46908498109764,0.14435788992156842,1828,290.0595560305146,0.15867590592478917,581,75.27733061574723,0.12956511293588163,True,0.3320034902306611,False
4h,30,15,3.0,6405,0.1058911740905481,678.2329700499606,0.5169398907103825,1.3918166962058385,6,0.7059242992614146,0.11765404987690244,218,-7.565434456848454,-0.03470382778370851,657,-24.762361761825158,-0.0376900483437217,963,160.4899901628861,0.16665627223560342,1072,153.60315214208754,0.14328652252060406,1644,217.58858677652688,0.13235315497355649,1390,148.3988473694394,0.10676176069743842,455,29.774265518432916,0.06543794619435805,True,0.21880217259050075,False
8h,15,15,3.0,4566,0.1052356041550509,480.5057685719624,0.5402978537012703,1.4104262817444861,0,0.0,,98,-5.196506228880201,-0.053025573764083685,375,-28.613295551774407,-0.07630212147139842,767,105.47438647760654,0.1375154973632419,691,95.32930957935802,0.13795847985435314,1109,158.1806572660165,0.14263359537061904,1152,109.31841183938452,0.09489445472168795,374,46.01280519025143,0.12302889088302521,True,0.22750697075765194,False
1d,30,25,2.0,885,0.10467522854820195,92.63757726515873,0.5389830508474577,1.2615313859608657,0,0.0,,4,-4.0,-1.0,39,-3.1909964114571885,-0.08182042080659457,136,44.291572708633396,0.3256733287399514,177,4.982648269483024,0.028150555194819342,188,2.5040493243916955,0.013319411299955827,273,31.46425370525855,0.11525367657603865,68,16.586049668849245,0.24391249513013596,True,0.33964892686255893,False
6h,15,20,3.0,5741,0.10443109249431747,599.5389020098766,0.5305695871799339,1.343886769776325,2,-0.840519320055839,-0.4202596600279195,174,-24.645704745291226,-0.14164198129477718,511,-8.169693031509105,-0.015987657595908228,952,182.92102677836385,0.19214393569155866,904,91.74745625897924,0.10149054895904783,1420,188.73977311676742,0.13291533318082213,1339,130.1429578724442,0.09719414329532802,439,39.64360508017791,0.09030433959038249,True,0.21707174869913662,False
8h,30,25,2.0,2987,0.10328164635959518,308.5022776761108,0.48242383662537663,1.2374352354671374,0,0.0,,69,-27.842787079984795,-0.403518653333113,233,-35.96689874136597,-0.15436437228054065,510,120.61535395583938,0.2365006940310576,471,131.3728598308347,0.2789232692799038,733,32.35240947176881,0.044136984272535894,743,1.4253414835805316,0.0019183600048190196,228,86.5459987554381,0.3795877138396408,True,0.00462019760216151,False
8h,30,20,2.0,3106,0.1026065012331907,318.6957928302903,0.4864777849323889,1.2520969329303764,0,0.0,,71,-23.328701414529277,-0.32857325935956727,239,-21.13861608680015,-0.08844609241338974,518,138.51501791238843,0.2674035094833753,482,113.7463748146684,0.23598832949101328,754,46.76134903265827,0.06201770428734519,774,8.450045721179324,0.010917371732789824,268,55.69032285072531,0.20779971212957205,True,0.02651445645433758,False
2h,15,20,2.0,18042,0.10198894487133589,1840.084543368642,0.4309389202970846,1.2156198126182167,18,8.487824991036257,0.4715458328353476,702,-41.71277264787153,-0.059419904056797056,2107,-142.59809063685012,-0.06767825848925017,2485,440.2338736086539,0.17715648837370376,3317,8.800754221693925,0.002653227079196239,4395,828.9907316696937,0.18862132688730232,3834,752.9951571756498,0.19639936285228216,1184,-15.112935013363913,-0.012764303220746547,True,0.4092176959419168,True
6h,10,10,2.0,8422,0.10170488518068223,856.5585429917057,0.5033246259795773,1.322402808005045,3,-0.3179443898046401,-0.10598146326821338,234,-26.059410224091046,-0.11136500095765405,731,-20.792564991853496,-0.028444001356844727,1396,299.13007762905255,0.2142765599061981,1307,156.58988314488872,0.11980863285760422,2123,204.84306112815597,0.09648754645697408,1981,203.61620371700468,0.1027845551322588,647,39.54923697835291,0.06112710506700604,True,0.23771428746228307,False
2h,30,20,3.0,12516,0.10162063804078485,1271.8839057184632,0.48825503355704697,1.3151592061279596,10,3.489883874919331,0.3489883874919331,487,18.244028109957412,0.03746207004098031,1441,-99.62176401899987,-0.06913377100555161,1727,343.11162760934144,0.19867494360703036,2303,-36.352386284567736,-0.015784796476147517,3218,473.058090167606,0.14700375704400434,2495,545.7627332341815,0.21874257845057374,835,24.191693026025245,0.028972087456317658,True,0.4290979159185841,True
2h,25,25,3.0,13131,0.10154259482450562,1333.3558126405833,0.4905186200594014,1.2850230228557615,13,7.228639323445037,0.5560491787265414,516,4.696515238073365,0.009101773717196445,1561,-166.57066705406078,-0.10670766627422215,1777,416.5797281806383,0.23442865964020163,2438,-35.317133983033244,-0.014486109098865153,3342,517.5361872463936,0.15485822478946548,2618,538.0775485294536,0.20553000325800366,866,51.1249951596735,0.059035791177452085,True,0.403551357730869,True
6h,25,15,3.0,4582,0.1015162297384073,465.1473646613822,0.5290266259275426,1.3802951886826245,1,-1.0,-1.0,137,-16.9948008603581,-0.1240496413164825,405,-50.31160123391744,-0.12422617588621591,748,128.55042725365044,0.17185885996477332,714,111.64702046611794,0.1563683760029663,1156,159.74578104695053,0.13818839190912674,1067,81.7676044433471,0.07663318129648275,354,51.74293354559178,0.14616647894234966,True,0.17578860089398174,False
8h,20,15,3.0,3866,0.10138576968618868,391.9573856068054,0.5346611484738748,1.391886035063714,0,0.0,,82,-10.701848108557034,-0.1305103427872809,317,-27.630647209935102,-0.08716292495247666,655,107.1345764469408,0.16356423885029128,587,109.6216752866388,0.18674902093124157,956,129.64984552883504,0.135616993230999,942,47.90514861007142,0.05085472251599939,327,35.97863505281151,0.11002640688933184,True,0.12222029835184119,False
4h,10,15,2.0,11607,0.10051326443262765,1166.657460269509,0.48057206857930557,1.2569866785630341,7,3.126327573529627,0.4466182247899467,373,-34.319809527018435,-0.0920102132091647,1200,-65.58260503431761,-0.05465217086193134,1749,400.5038338201557,0.22899018514588662,1960,190.26219109481957,0.09707254647694875,2883,306.20603377181567,0.10621090314665822,2619,323.9292146345358,0.12368431257523323,816,42.53227393598864,0.05212288472547628,True,0.2776558035806886,False
2h,25,30,3.0,12583,0.1004065681884338,1263.4158475150625,0.47286020821743624,1.2546834027980203,13,5.564105984184469,0.42800815262957453,486,6.280886347859376,0.012923634460616,1489,-134.04563696678315,-0.09002393349011628,1702,484.748781523109,0.2848112699900758,2314,75.23744192506486,0.03251401984661403,3173,393.0322833397866,0.12386772245187097,2568,402.58516993286173,0.15676992598631687,838,30.01281542897954,0.03581481554770828,True,0.31864818755018987,False
8h,25,15,3.0,3479,0.09950500130565669,346.17789954237963,0.5320494394941075,1.3870441598178236,0,0.0,,76,-12.354879040778405,-0.162564197904979,288,-27.385461232123102,-0.095088407055983,577,104.52234285713762,0.18114790789798546,528,114.22707442239299,0.21633915610301702,863,86.52520912070193,0.10026096074241243,850,44.575002375239734,0.052441179264987925,297,36.068611039808886,0.12144313481417134,True,0.12876328163688217,False
8h,25,20,3.0,3290,0.09918834614994539,326.3296588333203,0.5382978723404256,1.3525742779844294,0,0.0,,75,-14.342965181578501,-0.19123953575438002,264,-12.885667034138951,-0.04880934482628391,532,105.09652873174639,0.19754986603711727,504,109.8546173460887,0.21796551060731886,845,26.281490841410577,0.031102356025337962,792,68.66691489858918,0.08670065012448129,278,43.65873923120289,0.15704582457267224,True,0.21042192470057478,False
2h,30,10,2.0,14403,0.09872411477203318,1421.923425061594,0.4790668610706103,1.2855401125661003,11,3.5574743483123275,0.32340675893748433,561,35.637560664142654,0.0635250635724468,1632,41.596645202088865,0.02548814044245641,2000,313.4986011562776,0.1567493005781388,2585,35.73041502989412,0.013822210843285925,3804,339.1044625272403,0.08914418047508946,2848,664.8977097033683,0.23346127447449727,962,-12.099443569730157,-0.012577384168118667,True,0.4676044419723704,True
6h,10,20,3.0,7009,0.0981863596626401,688.1881948754444,0.5314595520045655,1.3200708876097824,3,-0.5179973589383,-0.17266578631276666,195,-21.61888175425677,-0.11086606027823984,592,-16.63397129975365,-0.028097924492827112,1145,241.35547215366384,0.2107908053743789,1123,78.52918862764301,0.0699280397396643,1749,170.43275262354072,0.0974458276864155,1658,189.4400714723251,0.11425818544772322,544,47.20156041122049,0.08676757428533179,True,0.275273642999081,False
2h,10,25,2.0,20321,0.09818222325745293,1995.160958814701,0.4239948821416269,1.1934963830877372,20,8.00608987670702,0.40030449383535094,798,-40.54792883512473,-0.050811940896146275,2239,-114.96000930410187,-0.051344354311791816,2856,497.5727934492935,0.17422016577356214,3800,-46.318285302703146,-0.012189022448079775,4866,801.8879163204471,0.16479406418422668,4367,906.8737266999949,0.20766515381268488,1375,-17.353344089811575,-0.012620613883499327,True,0.4545366240720532,True
4h,30,20,3.0,6032,0.09778692771860281,589.8507479986122,0.5184018567639257,1.3113183603789869,5,2.738656919762978,0.5477313839525956,205,-5.664801730224873,-0.02763317917182865,622,-49.50436387452695,-0.0795890094445771,900,171.15534973763442,0.1901726108195938,1036,128.8543981813091,0.12437683222134084,1527,155.7263996306612,0.10198192510193924,1311,134.65973818146918,0.10271528465405734,426,51.88537095252719,0.12179664542846758,True,0.2282945959437624,False
8h,30,30,2.0,2898,0.09747462654024022,282.48146771361615,0.4468599033816425,1.2097122326328342,0,0.0,,68,-37.60566942720854,-0.5530245504001255,227,-25.174421953146542,-0.11090053723853102,501,127.91676499584455,0.2553228842232426,462,152.76320006822812,0.33065627720395696,706,11.10799483891439,0.01573370373783908,722,-16.071862977336036,-0.022260198029551297,212,69.5454621683202,0.3280446328694349,True,-0.05689528275047737,False
8h,20,25,3.0,3500,0.09719036940429156,340.16629291502045,0.5534285714285714,1.3089359782081293,0,0.0,,78,-22.314964185698212,-0.28608928443202836,280,-23.363020598614664,-0.08343935928076666,591,75.31200809104048,0.1274314857716421,544,127.29598304368582,0.23399996883030483,907,40.10309195139416,0.044215095867027744,838,86.02452530935453,0.10265456480829896,262,57.108669303858335,0.2179720202437341,True,0.25288962222616507,False
6h,30,15,3.0,4213,0.09635605967296414,405.9480794021979,0.5290766674578685,1.3625161977400844,1,-1.0,-1.0,121,-15.351735530909618,-0.1268738473628894,374,-54.53713046565537,-0.14582120445362398,683,121.74996449707663,0.1782576346955734,655,113.16370747873223,0.1727690190514996,1083,135.74515298829945,0.12534178484607522,966,57.35073637971574,0.05936929231854632,330,48.82738405493879,0.1479617698634509,True,0.14127603821693369,False
4h,20,15,3.0,7904,0.09583944565491288,757.5149784564314,0.5199898785425101,1.3553167929853687,6,0.7059242992614146,0.11765404987690244,273,-13.1030100954886,-0.04799637397614872,863,-56.62446115117208,-0.06561351234203022,1195,211.18071058895407,0.17672025990707455,1339,160.58291089030524,0.11992749132957822,2018,199.15678125833426,0.09869017901800509,1651,225.75091435556647,0.13673586575140306,559,29.865208310670603,0.05342613293501002,True,0.2980151162364779,False
8h,15,25,3.0,4016,0.09554390170760912,383.70430925775827,0.5512948207171314,1.2987540584426829,0,0.0,,91,-20.561276785520565,-0.22594809654418205,333,-20.47102196458449,-0.06147454043418766,676,67.9816916981317,0.10056463268954394,627,103.00197330815081,0.16427746939099014,1018,35.56190983865322,0.03493311379042556,969,152.77670901791694,0.15766430239207116,302,65.41432414501062,0.21660372233447225,True,0.3981626094151766,False
8h,10,25,3.0,4758,0.09513255517112054,452.6406975041915,0.5390920554854981,1.2884412529330413,0,0.0,,111,-21.31340440298761,-0.19201265227916767,393,-19.397269704719857,-0.04935692036824391,830,102.08114056559606,0.12298932598264585,749,77.9097374575539,0.10401834106482497,1173,63.9980862910604,0.054559323351287645,1121,193.45812087585995,0.17257637901504008,381,55.90428642182866,0.14673041055598074,True,0.4273988661261916,True
4h,30,10,3.0,6935,0.09500005422622962,658.8253760589024,0.5077144917087238,1.4331637784185038,6,1.5784117308239694,0.2630686218039949,237,-8.342175820989326,-0.03519905409700137,727,-40.63876017375084,-0.05589925746045508,1043,129.04773848310663,0.12372745779780117,1195,46.386653098855064,0.038817282927912186,1784,263.3178525228805,0.14759969311820656,1448,246.60473173313954,0.17030713517482013,495,20.87092448483682,0.04216348380775115,True,0.3743097043534216,False
4h,25,15,3.0,7122,0.09485705908890571,675.5719748311865,0.5150238696995226,1.3494991457287253,6,0.7059242992614146,0.11765404987690244,244,-10.790534933151404,-0.044223503824391004,745,-51.180309370519424,-0.06869840183962339,1076,193.1982600544364,0.1795522862959446,1205,133.16505239226643,0.11051041692304268,1835,217.48193363632038,0.11851876492442527,1506,168.87461681429076,0.11213453971732454,505,24.117031938281908,0.047756498887686946,True,0.24997279802272668,False
8h,20,10,2.0,4220,0.09418064924597103,397.4423398179977,0.5073459715639811,1.2939862711147754,0,0.0,,88,-4.483944885270903,-0.050953919150805715,334,-45.4554990151001,-0.13609430842844342,719,121.8418174233764,0.1694601076820256,656,134.25415919085765,0.20465573047386837,1027,149.4652973982043,0.14553582998851441,1047,-10.243016781483924,-0.009783206095018074,349,52.06352648741429,0.14917915898972578,True,-0.025772334135750478,False
8h,15,10,2.0,4977,0.09371010364101175,466.39518582131547,0.510548523206751,1.2937921005725046,0,0.0,,108,-2.030678258978059,-0.018802576472019064,396,-33.52535921601047,-0.08465999802022846,841,123.40202856045343,0.14673249531564023,767,116.13954991566766,0.15142053444024467,1207,187.2353401051384,0.15512455683938559,1256,20.7435060869163,0.016515530323977946,402,54.43079862812819,0.13539999658738355,True,0.044476244004078375,False
8h,10,20,3.0,5092,0.09358144444677687,476.5167151229878,0.5392772977219167,1.3187781587874072,0,0.0,,121,-16.025193529085154,-0.1324396159428525,412,-19.290085365413866,-0.046820595547121036,868,133.9534400633433,0.15432423970431255,799,57.82363148629112,0.07237000186018913,1246,127.03950717430519,0.10195787092640865,1212,152.92219432077633,0.12617342765740622,434,40.09322097277093,0.0923806934856473,True,0.32091674744569554,False
8h,10,10,2.0,6175,0.09310673109464417,574.9340645094277,0.5097975708502024,1.290986398492117,0,0.0,,143,-2.6052290318373794,-0.018218384838023634,512,-34.622196821764504,-0.0676214781675088,1043,196.30358750076115,0.18821053451654954,968,101.9366698400961,0.1053064771075373,1498,201.41476509899894,0.13445578444525963,1498,49.99446788320344,0.03337414411428801,513,62.51200003996995,0.12185575056524356,True,0.08695687204734003,False
2h,10,20,2.0,21496,0.09291313798271653,1997.2608140764744,0.43040565686639376,1.1957404673701435,20,8.475657406536461,0.42378287032682305,857,-59.294692706643545,-0.06918867293657356,2420,-143.88792463776534,-0.05945782009825014,3005,446.2241801455517,0.14849390354261288,4020,47.162420030923286,0.0117319452813242,5108,1022.3780008800657,0.20015231027409272,4612,734.6840652542674,0.15929836627369195,1454,-58.480892296461406,-0.0402206962148978,True,0.367845831689229,False
8h,25,10,2.0,3793,0.09291286218403957,352.4184862640621,0.5093593461639863,1.2921846991296297,0,0.0,,80,-5.366053399770625,-0.06707566749713281,304,-41.940380727822365,-0.137961778709942,634,114.10497092993579,0.17997629484217,593,119.95218681551256,0.20228024758096552,915,114.09349681150177,0.12469234624207844,950,-3.3067552176111956,-0.0034807949659065216,317,54.88102105231621,0.17312624937639182,True,-0.009383035642271874,False
4h,15,20,3.0,8725,0.09259396198660781,807.8823183331532,0.5135816618911174,1.2909154213996294,6,3.6230155014789576,0.6038359169131596,276,5.936221825591579,0.02150805009272311,919,-99.95454476523753,-0.10876446655629764,1330,282.9888989659378,0.212773608245066,1475,150.58052714739506,0.10208849298128479,2178,147.61555181269586,0.06777573545119185,1929,235.69016625964628,0.12218256415741123,612,81.4024815856452,0.13301059082621766,True,0.2917382407204173,False
6h,20,15,3.0,5259,0.09231719778133317,485.49614313203114,0.5299486594409584,1.344796798398181,2,-1.1880487587635074,-0.5940243793817537,156,-9.539140841700455,-0.06114833872884907,472,-50.876638153938615,-0.10778948761427673,862,130.9883973948993,0.15195869767389708,817,102.98213025893723,0.12604911904398683,1316,137.81935010388574,0.10472594992696485,1244,127.00901862075077,0.10209728184947811,390,48.301074507960735,0.12384890899477112,True,0.2616066479980471,False
2h,25,20,3.0,13759,0.09218195528715747,1268.3315227959997,0.4842648448288393,1.279092315537684,13,5.14552782164168,0.39580983243397544,538,-0.5783009480394199,-0.0010749088253520817,1627,-131.29560065904843,-0.08069797213217482,1872,330.1264081876203,0.17634957702330145,2554,-47.77441567227679,-0.018705722659466243,3516,499.6285806932666,0.14210141657942735,2734,588.3024257420846,0.21518011182958469,905,24.776897630750923,0.027377787437293837,True,0.46383963117560073,True
4h,25,10,3.0,7720,0.09082380182107365,701.1597500586886,0.5095854922279792,1.416065736025926,6,1.5784117308239694,0.2630686218039949,268,-8.817500801150606,-0.03290112239235301,821,-50.22024705415177,-0.06116960664330301,1168,148.33289725115878,0.12699734353695102,1331,44.61445529607549,0.0335195005981033,2012,270.56105138535054,0.1344736835911285,1568,275.18675460128867,0.17550175676102595,546,19.923927649293603,0.036490709980391216,True,0.39247369030845675,False
2h,25,15,2.0,14739,0.08978385718535696,1323.3242710549762,0.44148178302462854,1.2062449320595727,13,10.505917468273749,0.8081474975595191,580,-24.40425189672112,-0.042076296373657104,1743,-94.33248088468997,-0.05412075782254158,2022,223.26484120261404,0.11041782453146094,2709,-64.77236840226756,-0.023910065855395925,3748,645.1066401511573,0.17212023483221914,2958,627.2819817259433,0.21206287414670158,966,0.6739916906665613,0.0006977139654933347,True,0.47401985699685206,True
8h,20,20,3.0,3653,0.08957491541390333,327.21716600698886,0.5368190528332877,1.3128746247860859,0,0.0,,80,-13.624492596294342,-0.17030615745367927,292,-14.880970827696189,-0.05096222886197325,604,101.54457580800918,0.16812015862253177,561,104.36966566208615,0.18604218478090223,938,46.804310448810135,0.049897985553102486,871,64.83270316505818,0.07443479123428035,307,38.17137434701573,0.12433672425738022,True,0.1981335635786096,False
8h,30,30,3.0,2799,0.08909633607786117,249.38064468193343,0.5130403715612719,1.2660657297390912,0,0.0,,66,-29.023101350955262,-0.4397439598629585,220,-21.499782513411255,-0.09772628415186933,475,104.14928482050223,0.2192616522536889,444,124.4972957998785,0.28039931486459124,693,11.417894494203203,0.016476038231173454,698,5.748891658779533,0.008236234468165519,203,54.090161772936476,0.2664539988814605,True,0.023052677829555772,False
4h,25,20,3.0,6704,0.08903090813084624,596.8632081091932,0.5141706443914081,1.279676262834136,5,2.738656919762978,0.5477313839525956,231,-8.474434184788063,-0.0366858622718098,699,-61.797883786557726,-0.0884089896803401,1002,193.56068528143845,0.193174336608222,1162,125.57082331015854,0.10806439183318291,1707,150.63552371685046,0.08824576667653805,1426,142.70656034646782,0.1000747267506787,472,51.92327650586076,0.110006941749705,True,0.23909424874511673,False
8h,15,20,3.0,4249,0.08862641561810108,376.5736399613115,0.5394210402447635,1.3088204969540507,0,0.0,,93,-10.533472383873663,-0.11326314391262003,348,-24.984223964614895,-0.07179374702475544,701,92.75506549365905,0.13231821040464914,653,83.67108720894986,0.1281333647916537,1069,63.825865275441046,0.0597061415111703,1038,121.36591333829409,0.11692284521993651,347,50.47340499345601,0.14545649854021905,True,0.3222899864970979,False
8h,30,25,3.0,2902,0.08822562545524147,256.03076507111075,0.5441075120606478,1.2895226835831957,0,0.0,,68,-23.976918727199354,-0.3526017459882258,229,-29.401158622157915,-0.12838933896138827,487,95.16408982692187,0.19540880867951102,455,111.80080278925254,0.24571605008626932,725,16.19260789663485,0.02233463158156531,719,19.969151742324883,0.027773507291133356,219,66.28219016533387,0.30265840258143323,True,0.07799512584660906,False
4h,20,20,3.0,7439,0.08808543986481653,655.2675871543702,0.5109557736254873,1.275744254557773,5,2.738656919762978,0.5477313839525956,254,-1.044538067233629,-0.004112354595407989,804,-77.0036640427518,-0.09577570154571119,1113,223.02321284336836,0.20038024514228964,1289,127.16387900835468,0.09865312568530231,1881,134.7716195542979,0.07164892054986598,1574,171.98403022587604,0.1092655846415985,519,73.63439071269576,0.14187743875278566,True,0.2624638141690342,False
2h,15,30,3.0,15685,0.08791443034094581,1378.937839897735,0.4755498884284348,1.222089307590653,16,5.338429411761458,0.33365183823509115,592,-12.180814803156153,-0.020575700681007014,1788,-106.8732949837594,-0.059772536344384446,2169,456.7988056450912,0.21060341431308954,2869,52.852871375655496,0.018422053459621994,3813,463.1657904958722,0.12147017846731503,3400,481.83869515221704,0.14171726328006384,1038,37.99735760405331,0.03660631753762362,True,0.34942742247754344,False
2h,20,25,3.0,14703,0.08703052713311368,1279.6098404381705,0.4847990206080392,1.2407150670653013,13,8.121288481969705,0.6247144986130542,568,-9.689043429605126,-0.0170581750521217,1729,-184.22688699806798,-0.10655112029963446,1997,420.5091036993564,0.2105704074608695,2715,-13.260771863686259,-0.004884262196569524,3674,545.0265146678616,0.14834690110720242,3067,469.2230883588589,0.15299089936708798,940,43.90654752148288,0.04670909310796051,True,0.36669231005459063,False
4h,20,10,3.0,8579,0.08698344529219593,746.2309771617488,0.5114815246532229,1.397956968316171,6,1.5784117308239694,0.2630686218039949,297,-4.487530670157375,-0.01510953087595076,938,-47.850482699611874,-0.05101330778210221,1290,155.7175536651446,0.12071128191096481,1484,63.197940814722145,0.042586213487009535,2222,256.1379289704474,0.11527359539624095,1737,299.28563313200493,0.17230030692688827,605,22.65152221837502,0.037440532592355406,True,0.40106299830961517,True
2h,25,10,2.0,15867,0.08635123183990785,1370.134995603818,0.47406567088926704,1.246724132851935,14,6.259125865780104,0.4470804189842931,616,26.134361439145735,0.04242591142718463,1851,-9.375067608316083,-0.00506486634701031,2156,325.2824921973174,0.15087314109337543,2871,15.722414572020472,0.005476285117387835,4183,337.00671700533223,0.08056579416814062,3128,663.761494917388,0.21219996640581457,1048,5.343457215150227,0.0050987187167464,True,0.4844497053553971,True
6h,30,10,3.0,4518,0.08608385369248776,388.9268509826597,0.5216910137228863,1.4039023026456232,1,-1.0,-1.0,127,-14.860651247018843,-0.11701300194503027,389,-20.919548733218942,-0.05377776023963739,744,116.03520483708094,0.15596129682403354,685,117.08358298762808,0.17092493866807018,1187,143.318965825006,0.12074049353412468,1036,21.950495353247366,0.021187736827458847,349,27.318801959935072,0.07827736951270794,True,0.05643862155000975,False
8h,30,15,3.0,3201,0.08503707446467815,272.20367536143476,0.5182755388940956,1.3285369688074664,0,0.0,,71,-13.822815528005103,-0.1946875426479592,253,-21.588070266898335,-0.08532834097588275,539,110.89457908400368,0.2057413341076135,488,97.80915827162409,0.20042860301562312,763,56.58808469489958,0.07416524861716851,804,5.8915264442042705,0.007327769209209292,283,36.43121266160654,0.12873220021769094,True,0.02164381666184868,False
1d,30,10,2.0,1042,0.08440257982963248,87.94748818247704,0.5163147792706334,1.345868384584986,0,0.0,,4,-2.283391235210676,-0.570847808802669,42,2.152313459928641,0.051245558569729545,165,35.584268039514996,0.21566223054251513,194,48.844078290495716,0.25177359943554495,219,-8.29141881596399,-0.03786035989024653,323,-6.922356810361743,-0.021431445233318087,95,18.8639952540741,0.19856837109551687,True,-0.07871011388067109,False
4h,15,15,3.0,9352,0.08419312842862388,787.3741370644905,0.5143284858853722,1.307700113644975,7,1.2946323426614863,0.18494747752306948,298,-9.68969886803883,-0.032515768013553124,988,-61.19987630415842,-0.06194319463983646,1426,249.09362731244127,0.17467996305220285,1555,158.78096841474814,0.10210994753360009,2369,177.40347016057189,0.07488538208550945,2046,243.70366348871536,0.11911224999448454,663,27.987350517549586,0.04221319836734477,True,0.3095144379485183,False
8h,30,20,3.0,3030,0.08400523600363488,254.5358650910137,0.53003300330033,1.2997387703771346,0,0.0,,70,-15.256308305691023,-0.21794726150987176,236,-19.880777300924432,-0.0842405817835781,497,110.39623928984278,0.22212522995944223,466,92.43802039957905,0.19836485064287349,748,17.014337798636042,0.022746440907267435,750,21.45609659810806,0.028608128797477414,263,48.36825661146324,0.18390972095613398,True,0.08429498369683998,False
6h,15,15,3.0,6136,0.08297366331652802,509.1263981102159,0.5257496740547588,1.3072636570309344,2,-1.1880487587635074,-0.5940243793817537,180,-10.869522560350166,-0.06038623644638981,546,-34.56281417947891,-0.0633018574715731,1023,133.7471278480116,0.13074010542327624,978,103.87006683672801,0.10620661230749286,1533,119.54320649212215,0.07797991291071243,1411,142.79160317813103,0.10119886830484126,463,55.79477925381573,0.12050708262163225,True,0.28046395493957366,False
6h,25,10,3.0,4953,0.08285136958919374,410.3628335752766,0.523722996163941,1.3868170215753906,1,-1.0,-1.0,145,-15.466753910049263,-0.10666726834516733,427,-10.56010369766387,-0.02473092200858049,813,132.71007972458625,0.16323503041154522,752,105.33150333446352,0.14006848847668021,1275,179.6503489244712,0.14090223445056563,1162,-6.292834651705201,-0.005415520354307402,378,25.990593851174005,0.06875818479146562,True,-0.015334806509836737,False
2h,15,25,3.0,16551,0.0826193532013171,1367.4329148349993,0.485831671802308,1.2274665264693196,17,6.993523506971951,0.4113837357042324,641,-19.219085715608557,-0.029982973035270758,1906,-151.32003368706103,-0.07939141326708343,2282,390.81647064734074,0.17126050422758138,3042,-28.816304014530534,-0.009472815257899584,4075,529.131879026206,0.1298483138714616,3506,596.0687777251981,0.17001391264266916,1082,43.77768734648252,0.040459969821148356,True,0.4359034883968128,True
8h,10,15,3.0,5598,0.08249124754902054,461.786003779417,0.5309038942479457,1.3083777222239028,0,0.0,,128,-9.795318749109361,-0.07652592772741688,470,-30.49201824643069,-0.0648766345668738,957,120.49895423198765,0.12591322281294426,883,68.11907593186078,0.07714504635544822,1330,153.58423005342462,0.11547686470182303,1351,128.98732419573977,0.09547544352016267,479,30.883756361944275,0.06447548301032208,True,0.27932272338282826,False
1d,15,25,2.0,1313,0.08248145135151064,108.29814562453348,0.5316070068545317,1.204899544236046,0,0.0,,6,-6.0,-1.0,65,-17.62846672248574,-0.27120718034593444,214,36.14893349007903,0.16892024995364033,231,47.411282932730245,0.2052436490594383,294,-5.990876752235551,-0.020377131810325005,403,32.11190674128925,0.07968215072280212,100,22.245365935156244,0.22245365935156244,True,0.2965139112595732,False
1d,30,30,2.0,864,0.08189014396384994,70.75308438476635,0.5057870370370371,1.185486475623104,0,0.0,,4,-4.0,-1.0,39,-8.321880702888068,-0.21338155648430943,133,38.75865678302536,0.29141847205282223,176,-18.16122613400504,-0.10318878485230137,185,-6.876553393152842,-0.037170558881907255,260,55.55820418585185,0.21368540071481482,67,13.795883645935103,0.20590871113335973,True,0.7852407378273099,True
2h,20,30,3.0,14032,0.0811963491346031,1139.3471710567505,0.47013968072976053,1.204072684019361,13,6.634735350090965,0.510364257699305,534,-8.795043941134068,-0.01647011973995144,1644,-169.31175220344278,-0.10298768382204548,1906,484.9283004873561,0.25442198346660866,2574,52.897585869006775,0.020550732660841793,3464,425.0187055403669,0.122695931160614,2988,329.3982800977228,0.11024038825224994,909,18.576359856783927,0.02043603944640696,True,0.2891114214047718,False
4h,15,10,3.0,10163,0.08098483924238162,823.0489212203244,0.5096920200728131,1.3708381399921743,7,1.765121837026998,0.2521602624324283,328,-4.439386841578755,-0.013534715980423034,1085,-50.55324652157389,-0.04659285393693446,1544,180.07068108533278,0.11662608878583729,1730,53.890694194903254,0.031150690286071245,2619,234.72901178131897,0.08962543405166819,2141,368.62242950684,0.1721730170513031,709,38.96361617805513,0.05495573508893531,True,0.447874263610343,True
4h,10,25,3.0,9784,0.08044834063961179,787.1065648179617,0.5038838920686836,1.2236256757375847,6,3.1451847775482227,0.5241974629247038,304,-25.96692641338345,-0.08541752109665608,993,-111.56603551141094,-0.11235250303263943,1494,198.90238825151036,0.13313412868240318,1730,66.64595588947877,0.038523673924554205,2349,255.34604361738735,0.10870414798526494,2211,313.31423117485946,0.141707024502424,697,87.285723031972,0.12523059258532568,True,0.39805821114872963,False
2h,20,20,3.0,15461,0.08000606438872666,1236.973761514103,0.4817282193907251,1.2390927110824943,14,7.133660029318233,0.5095471449513024,595,-10.330070837310583,-0.017361463592118626,1839,-163.29660882264528,-0.08879641589050859,2112,333.87370921665615,0.1580841426215228,2874,-15.214679817511453,-0.005293903903100714,3856,568.896766873642,0.14753546858756278,3183,494.1091448730597,0.15523378726769074,988,21.801839998894224,0.022066639674994153,True,0.39944998046543145,False
2h,30,15,3.0,13142,0.07744275270298816,1017.7526560226703,0.47694414853142597,1.2596313806130255,10,5.54808021588267,0.5548080215882669,518,-2.8334306465429435,-0.005469943333094486,1522,-55.68435143074436,-0.036586301859884596,1835,194.63774596978146,0.10606961633230598,2406,-44.68523203698484,-0.018572415642969593,3347,504.65969826497536,0.15077971265759646,2628,413.76300596046434,0.15744406619500165,876,2.347139725838577,0.0026793832486741746,True,0.40654573929330806,True
2h,20,15,2.0,16595,0.07596256189328113,1260.5987146190002,0.43989153359445615,1.1731546193026496,15,10.15852673443893,0.677235115629262,644,-40.74247117401426,-0.06326470679194761,1974,-133.88372015987846,-0.06782356644370743,2282,223.31475517513203,0.0978592266323979,3055,-50.635279805375646,-0.01657455967442738,4120,690.3380938389204,0.16755778976672825,3452,554.9853821312141,0.16077212692097745,1053,7.063427878563184,0.00670790871658422,True,0.4402553926916793,True
4h,10,10,3.0,12543,0.07558946868860036,948.1187057611144,0.5116798214143347,1.3366898671625356,7,2.854030818474288,0.40771868835346975,408,-16.15794803844905,-0.039602813819728064,1349,-66.65191247122468,-0.04940838582003312,1902,163.93235719822138,0.08618946224932775,2160,47.104317975806694,0.021807554618429027,3139,326.1557540127446,0.10390434979698776,2705,444.07265280167076,0.1641673392982147,873,46.80945346387041,0.053619076132726706,True,0.46837242014457015,True
2h,20,10,2.0,17871,0.07538760887557854,1347.251958215464,0.47244138548486375,1.2121449137224953,16,9.387348922370547,0.5867093076481592,686,-0.2551772277555111,-0.0003719784661159054,2093,-33.75591584167364,-0.016128005657751382,2437,355.6554632798046,0.1459398700368505,3252,2.3243019660933193,0.0007147300018737144,4577,423.4024944777124,0.09250655330515893,3670,584.1293508502458,0.15916331085837762,1140,6.364091788666126,0.005582536656724672,True,0.4335709792724806,True
2h,15,20,3.0,17542,0.0751912591220052,1319.0050675182151,0.4794208186067723,1.2231255095067088,18,5.671254087266808,0.3150696715148227,678,-19.327001929116072,-0.02850590255031869,2060,-149.91037164908496,-0.07277202507237135,2420,328.6265080691694,0.1357960777145328,3244,-17.24096687544173,-0.005314724684168227,4284,561.037758312807,0.13096119475088866,3685,590.579242974877,0.16026573757798562,1153,19.568644527737522,0.01697193801191459,True,0.4477460000105127,True
6h,20,10,3.0,5696,0.07493749736469926,426.843984989327,0.5173806179775281,1.3460794795433235,2,-1.034904014216535,-0.5174520071082676,171,-15.625132817200289,-0.09137504571462157,502,-11.562147888272982,-0.02303216710811351,939,149.22578665960964,0.15891990059596342,863,89.7087883917122,0.10394992861148575,1446,160.86418283467378,0.11124770597142032,1356,27.14179745335757,0.0200160748181103,417,28.125614369663626,0.0674475164740135,True,0.06358716160434177,False
2h,10,30,3.0,18156,0.07454489747042481,1353.437158473033,0.47521480502313285,1.185887769248267,18,4.049107132708025,0.22495039626155697,690,-24.17839083246573,-0.03504114613400831,1994,-77.42472722728343,-0.038828850164134114,2535,486.5783181536172,0.19194410972529277,3385,-1.0127135831226788,-0.000299176834009654,4297,497.34990759988557,0.11574352050264966,3997,432.95616883607306,0.10832028242083389,1240,35.11948839362093,0.028322168059371714,True,0.31989380971669223,False
1d,15,30,2.0,1252,0.0728361726322543,91.19088813558238,0.5087859424920128,1.166855510582245,0,0.0,,6,-6.0,-1.0,60,-15.07153371605436,-0.251192228600906,202,29.82041498894997,0.14762581677698006,227,9.147177566490035,0.04029593641625566,280,3.299852275187262,0.011785186697097364,383,52.32338289932983,0.1366145767606523,94,17.671594121679647,0.18799568214552814,True,0.5737786303992956,True
2h,30,10,3.0,14285,0.07269513011651509,1038.449933714418,0.49562478123906195,1.3136144598155088,11,2.038316232208215,0.18530147565529226,557,27.530750707748403,0.04942684148608331,1624,11.770241486173754,0.0072476856441956615,1980,251.51014455401418,0.1270253255323304,2568,26.651362007190105,0.01037825623332948,3777,250.5794297422691,0.06634350800695502,2812,480.5141646633891,0.17087985941087808,956,-12.144475678574826,-0.012703426442023878,True,0.46272251464704156,True
6h,10,15,3.0,7642,0.07243655609687391,553.5601616923104,0.5198900811305941,1.2639361085744407,3,-0.9755400184951569,-0.3251800061650523,207,-8.910976954239896,-0.04304819784656955,672,-67.81592130666772,-0.10091654956349363,1248,199.84982924829026,0.16013608112843772,1218,103.10767326859387,0.08465326212528232,1922,68.7146487084126,0.035751638245792194,1789,185.08862355694873,0.1034592641458629,583,74.50182518946782,0.12779043771778356,True,0.33436044781674146,False
2h,10,25,3.0,19260,0.07185283370425577,1383.8855771439662,0.48317757009345796,1.1953276063620268,19,5.5468640394942215,0.291940212604959,760,-37.20122769142391,-0.048948983804505145,2139,-151.7195472995985,-0.070930129639831,2699,383.7822400995546,0.14219423493870123,3605,-57.23778705167736,-0.015877333440132417,4620,568.5495983193409,0.12306268361890496,4113,628.6514566570136,0.1528449931089262,1305,43.513980071262694,0.033344046031618925,True,0.4542654877250843,True
6h,15,10,3.0,6648,0.0716283267678599,476.1851163527326,0.516395908543923,1.3300551379391854,2,-1.034904014216535,-0.5174520071082676,198,-19.03854914163036,-0.09615428859409272,599,-12.406475418542582,-0.020711978995897468,1121,166.94138371458047,0.14892184095859096,1032,92.28297433878905,0.08942148676239249,1673,164.90997192248392,0.09857141178869332,1525,60.566681616960054,0.03971585679800659,498,23.964033334308624,0.04812054886407354,True,0.12719146301938483,False
2h,10,20,3.0,20687,0.06968856772921941,1441.6474006143621,0.4797215642674143,1.2060713677878745,20,4.621874301070544,0.2310937150535272,821,-29.529734452846487,-0.035968007859739935,2350,-154.04340272479868,-0.06555038413821221,2877,370.4945014023863,0.12877806791879953,3895,-15.305711914833426,-0.003929579438981624,4931,692.626735746657,0.14046374685594343,4386,582.5381094276353,0.13281762640848957,1407,-9.75497117090853,-0.006933170697163134,True,0.40407807705225635,True
2h,15,10,2.0,20530,0.06944197522431879,1425.6437513552648,0.4735021919142718,1.1960586055450477,20,6.821193471257272,0.3410596735628636,789,-7.480938802978791,-0.00948154474395284,2392,52.172474321877466,0.021811235084396936,2813,362.13216046545153,0.1287352152383404,3726,31.856892259529005,0.008549890568848363,5176,398.9801564102221,0.07708271955375233,4275,598.1833341823612,0.13992592612452895,1339,-17.021520952455027,-0.012712114228868579,True,0.41958822715261657,True
4h,10,20,3.0,10486,0.0682506873578843,715.6767076347747,0.4989509822620637,1.2079613929550725,6,2.078170030864451,0.34636167181074184,324,-9.7572494803683,-0.030114967532000925,1086,-141.84288332515774,-0.13061038980217105,1602,252.80528744697523,0.15780604709549015,1797,132.44737942879618,0.073704718658206,2580,87.6761218064917,0.03398299294825259,2340,329.35635545885077,0.14075057925591913,751,62.91352626832239,0.08377300435196057,True,0.4602027031833044,True
8h,30,10,2.0,3492,0.06647772165269397,232.14020401120737,0.4959908361970218,1.2029080234768184,0,0.0,,75,-6.931331575713892,-0.09241775434285189,269,-42.44692133452494,-0.15779524659674699,589,121.29757855011442,0.2059381639220958,551,92.8210835254069,0.16845931674302525,806,82.25375532299563,0.10205180561165711,900,-69.38385065844948,-0.0770931673982772,302,54.52989018137873,0.180562550269466,True,-0.2988876957095279,False
1d,15,10,2.0,1628,0.06644606030491172,108.17418617639628,0.5288697788697788,1.2693022049288474,0,0.0,,6,-4.283391235210677,-0.7138985392017795,73,-10.908869481412074,-0.14943656823852156,264,49.42539272253341,0.18721739667626291,274,74.55650748521404,0.27210404191683957,344,5.437817147015838,0.015807607985511157,516,-31.359953041964708,-0.06077510279450525,151,25.30668258022045,0.16759392437232085,True,-0.2899023708930614,False
1d,30,10,3.0,1038,0.0660281023485412,68.53717023778577,0.5279383429672447,1.4196839414549254,0,0.0,,4,-1.8555941568071173,-0.4638985392017793,41,2.4284637665359736,0.05923082357404814,165,26.546114253261692,0.16088554092885873,194,31.807813017100713,0.16395779905722016,218,-5.959120178716411,-0.02733541366383675,321,-0.5437842641903354,-0.0016940319756708268,95,16.11327780060126,0.16961345053264484,True,-0.007934151093541026,False
2h,15,15,2.0,19020,0.06528972435070259,1241.8105571503631,0.44079915878023135,1.148917125162339,19,9.83694074489556,0.5177337234155558,746,-56.79861196819721,-0.07613754955522414,2232,-86.8914169357216,-0.0389298462973663,2645,217.79958412987037,0.08234388813983756,3487,-48.8593194983609,-0.014011849583699712,4625,681.688286635623,0.14739206197526983,4022,555.1416932217704,0.13802627877219553,1244,-30.106599179516586,-0.024201446285785036,True,0.44704217565654963,True
6h,10,10,3.0,8375,0.06528525634805404,546.7640219149527,0.5146268656716418,1.3001201561256557,3,-0.5452962598697604,-0.1817654199565868,234,-19.280945905285627,-0.08239720472344285,728,-11.472302211811282,-0.015758656884356157,1389,201.59882178309672,0.145139540520588,1302,89.35133402743881,0.06862621661093611,2115,123.13955705892127,0.058222012793816204,1961,135.31978503633138,0.06900549976355501,643,28.653068386131174,0.04456153714794895,True,0.2474921165485536,False
1d,30,20,2.0,924,0.06463942845433865,59.726831891808914,0.5054112554112554,1.1718311979199783,0,0.0,,4,-4.0,-1.0,39,-6.719074562910269,-0.17228396315154534,145,51.79072499518534,0.3571774137598989,179,13.30890985373114,0.07435145169682202,201,-26.84507438238886,-0.13355758399198436,283,15.873295835297398,0.05608938457702261,73,16.318050152894166,0.22353493360128995,True,0.26576490552940746,False
2h,25,10,3.0,15732,0.06319070834406246,994.1162236687906,0.49084668192219677,1.267656981682262,14,3.5611776625375757,0.2543698330383983,611,21.090778215807244,0.03451845861834246,1841,-28.816840589699098,-0.015652819440358012,2135,259.7656344747608,0.12167008640504019,2854,7.900665940472972,0.0027682781851692266,4149,254.9067804473393,0.061438124957179874,3086,480.52891535960174,0.1557125454826966,1042,-4.820887842029954,-0.004626571825364639,True,0.4833729738221227,True
8h,20,10,3.0,4207,0.061880001918776385,260.32916807229225,0.5179462800095079,1.2844686214573142,0,0.0,,87,-1.9564993995280995,-0.02248849884515057,334,-35.98244269134679,-0.10773186434534968,713,78.03435437063968,0.1094450972940248,655,93.07536916277468,0.14209980024851096,1024,106.41836277470004,0.10392418239716801,1045,-12.11409705900624,-0.011592437377039463,349,32.85412091405902,0.09413788227524074,True,-0.046533767801394454,False
8h,15,10,3.0,4955,0.06038591230970365,299.2121954945816,0.5210898082744703,1.277666562849616,0,0.0,,106,-0.6529758236992398,-0.0061601492801815075,396,-27.403859923993927,-0.06920166647473214,834,75.2958616964633,0.09028280778952434,766,76.73578503177984,0.10017726505454287,1201,127.06044929028884,0.10579554478791744,1250,13.42667981173147,0.010741343849385175,402,34.75025541201131,0.08644342142291371,True,0.044873437693734024,False
8h,25,10,3.0,3782,0.059903307844266424,226.5543102670156,0.5195663670015864,1.2761416936361352,0,0.0,,79,-2.126903481275047,-0.026922828876899327,304,-34.502790669729414,-0.11349602193989938,629,72.72804065057153,0.11562486589915982,593,87.18695970453716,0.14702691349837632,912,77.01840709866195,0.08445000778362056,948,-9.303787519914202,-0.00981412185644958,317,35.55438448416365,0.1121589415904216,True,-0.0410664776536311,False
1d,15,20,2.0,1411,0.05863891943269983,82.73951531953946,0.5067328136073707,1.154663499545448,0,0.0,,6,-6.0,-1.0,67,-21.61059850628531,-0.3225462463624673,226,63.32488450432468,0.28019860400143665,239,36.812418563291736,0.15402685591335455,315,-42.435034127089935,-0.13471439405425376,448,28.96525892589221,0.06465459581672368,110,23.682585959406097,0.21529623599460088,True,0.3500776964190396,False
4h,10,15,3.0,11410,0.05860281635947875,668.6581346616525,0.5070990359333918,1.2085045551964388,7,2.5969781958328158,0.37099688511897366,361,-23.560471409859133,-0.06526446373922197,1187,-74.70170294084198,-0.06293319540087783,1733,224.57157414440377,0.1295854438225065,1926,97.9649247813284,0.05086444692696179,2836,161.27086575724036,0.05686560851806783,2550,244.93085521288788,0.09605131576975995,810,35.58511092066044,0.04393223570451906,True,0.3663020645622225,False
1d,25,10,2.0,1186,0.058260623099035805,69.09709899545646,0.5008431703204047,1.231050509110496,0,0.0,,5,-3.2833912352106767,-0.6566782470421353,54,-3.502096997575818,-0.06485364810325589,186,33.51069587078487,0.18016503156335953,204,47.45390593455492,0.23261718595370057,273,-15.260958440646236,-0.055900946669033835,356,-13.059164627698385,-0.036683046707017934,108,23.238108491247793,0.21516767121525734,True,-0.18899729247036987,False
2h,25,15,3.0,14519,0.05806744919291803,843.0812948319768,0.46910944279909084,1.1898641476703138,13,7.197474625592744,0.553651894276365,570,-17.243169506246574,-0.03025117457236241,1728,-91.7380332957944,-0.053089139638769905,1997,156.86342134748514,0.07854953497620688,2673,-52.98445735703905,-0.0198220940355552,3693,419.82153973699377,0.11368035194611259,2891,424.8799874524279,0.1469664432557689,954,-3.715468171442634,-0.003894620724782635,True,0.5039608754895991,True
2h,10,10,2.0,25019,0.05759669271722303,1441.011655092203,0.47727726927535075,1.163923856427628,27,6.108370466220536,0.2262359431933532,996,-17.85710451867053,-0.017928819797861976,2823,99.06062095876985,0.035090549400910324,3457,395.8176908616462,0.11449745179683142,4687,-41.43670585221453,-0.008840773597656183,6178,428.83848605830616,0.06941380480063226,5199,575.3389820779141,0.11066339335986038,1652,-4.8586849597688335,-0.0029410925906591004,True,0.3992604640252553,False
8h,10,10,3.0,6152,0.057505738130674736,353.775300979911,0.5188556566970091,1.261060376571999,0,0.0,,141,-1.445051885287791,-0.010248594931119084,512,-33.908442533650536,-0.0662274268235362,1036,116.67031241953632,0.11261613167908911,967,61.339104330778085,0.06343237262748509,1491,141.89959832433928,0.09517075675676678,1492,27.55483936035141,0.018468390992192635,513,41.664940963844195,0.0812182085065189,True,0.07788796810865013,False
1d,25,25,2.0,1006,0.056008933435932946,56.344987036548545,0.5178926441351889,1.1345422834235257,0,0.0,,5,-5.0,-1.0,51,-8.300719139545581,-0.16275919881461923,150,45.96118275980683,0.30640788506537886,186,1.0691957310930622,0.005748364145661625,239,-15.101250780442395,-0.063185149708964,298,22.41244838081894,0.07520955832489577,77,15.304130084817707,0.19875493616646372,True,0.3977718260238654,False
1d,10,25,2.0,1578,0.05440024628181609,85.84358863270579,0.5063371356147022,1.1264509144707238,0,0.0,,8,-8.0,-1.0,70,-18.975083536334665,-0.2710726219476381,264,51.860963953371446,0.19644304527792214,288,29.995906185694103,0.10415245203366008,375,-16.86393515245795,-0.04497049373988787,452,29.404815119732714,0.06505490070737326,121,18.420922062700168,0.15223902531157163,True,0.3425394439827704,False
1d,10,10,2.0,2002,0.05394507698781385,107.99804412960333,0.5339660339660339,1.2082076027113833,0,0.0,,8,-6.283391235210677,-0.7854239044013346,79,-9.94088369826366,-0.12583397086409695,330,75.59500036666832,0.2290757586868737,367,50.05783031595099,0.13639735780913076,449,10.51999272500872,0.02342982789534236,586,-36.246738968453684,-0.06185450335913598,183,24.29623462390333,0.1327663094202368,True,-0.33562403153297565,False
1d,15,15,2.0,1539,0.05353685127850543,82.39321411761986,0.5282651072124757,1.1764762487205231,0,0.0,,6,-6.0,-1.0,73,-22.400925525991457,-0.30686199350673227,242,74.34753221306748,0.30722120749201437,269,31.646777945767685,0.11764601466828135,330,-13.679318759693105,-0.04145248108997911,495,-11.23222015128663,-0.02269135384098309,124,29.711368395755887,0.23960780964319264,True,-0.13632457808057047,False
2h,20,10,3.0,17729,0.052362078751303685,928.3272941818631,0.48902927407073155,1.2160563671741038,16,5.979993033597871,0.3737495645998669,679,-3.8927797468140564,-0.005733107138165032,2082,-45.289332023587995,-0.02175280116406724,2417,277.8356233489984,0.11495060957757484,3234,-11.824858685361965,-0.003656418888485456,4538,303.8183743077649,0.06694984008544841,3628,408.084710920205,0.11248200411251516,1135,-6.384436972939099,-0.005625054601708457,True,0.43959141724886047,True
1d,15,10,3.0,1623,0.051988611129050365,84.37751586244875,0.5403573629081947,1.3235973337173321,0,0.0,,6,-3.3244484852514473,-0.5540747475419079,72,-4.391606143080566,-0.06099452976500787,264,34.79829759219513,0.1318117333037694,273,50.166565536795886,0.18376031332159665,343,2.4943866384810067,0.007272264252131215,514,-15.8243819625255,-0.030786735335652723,151,20.45870268583424,0.1354880972571804,True,-0.18754263859014556,False
1d,30,25,3.0,867,0.05090815685309791,44.13737199163589,0.5778546712802768,1.1681148447765117,0,0.0,,4,-4.0,-1.0,38,-0.0367401901606426,-0.0009668471094905948,132,30.632135916590457,0.23206163573174587,175,-1.3660705868830236,-0.007806117639331564,187,-14.497132961798693,-0.07752477519678445,269,22.608336014074105,0.08404585878837957,62,10.796843799813686,0.1741426419324788,True,0.5122266005859711,True
2h,15,10,3.0,20364,0.049338202907747986,1004.7231640133799,0.49066980946768807,1.2049867206128353,20,4.061779434387583,0.20308897171937917,781,-5.1677853416026505,-0.006616882639696096,2383,20.20442708288708,0.008478567806498985,2784,291.00111198671186,0.10452626148947984,3707,-15.199641249456587,-0.004100253911372157,5127,297.3468001593602,0.057996255151035736,4227,438.23179575962627,0.10367442530390969,1335,-25.75532381853381,-0.019292377392160158,True,0.43617168535171774,True
1d,15,25,3.0,1279,0.04925092602268824,62.99193438301826,0.5762314308053167,1.1670367052161394,0,0.0,,6,-6.0,-1.0,61,-13.513125829540593,-0.2215266529432884,211,19.915625697401524,0.09438685164645272,225,30.134607322785953,0.1339315881012709,291,-18.56131165711873,-0.06378457614130148,392,37.5187212955466,0.09571102371312908,93,13.497417553943503,0.14513352208541402,True,0.5956115122202235,True
1d,25,10,3.0,1182,0.0480898626633342,56.842217668061025,0.5126903553299492,1.2946798744883439,0,0.0,,5,-2.3244484852514473,-0.4648896970502895,53,-1.6719519195793004,-0.03154626263357171,186,25.94979326987565,0.1395150175799766,204,31.303317015268455,0.15344763242778656,272,-12.443309243708216,-0.04574746045480962,354,-2.7512954452545695,-0.007772021031792569,108,18.780112476710453,0.1738899303399116,True,-0.048402324154929836,False
2h,20,15,3.0,16347,0.046521024849170534,760.4791932093907,0.46791460206765767,1.149797278281398,14,7.862253278529455,0.5615895198949611,633,-35.123526602165555,-0.05548740379489029,1955,-126.24791350137849,-0.06457693785236751,2256,161.70277742018735,0.07167676304086318,3015,-39.04667949345239,-0.012950805802140095,4062,431.57100268727004,0.10624593862315855,3369,365.8301996901105,0.10858717711193544,1043,-6.068920269710185,-0.005818715503077838,True,0.4810522141259723,True
8h,30,10,3.0,3481,0.04433522592045737,154.3309214291121,0.506463659867854,1.2003559472837324,0,0.0,,74,-3.2547571931567556,-0.04398320531292913,269,-33.15676120725598,-0.12325933534295905,584,82.99113482772813,0.14210810758172626,551,69.05322071568415,0.12532344957474437,803,57.38103651929798,0.07145832692316062,898,-53.53475780925724,-0.05961554321743568,302,34.85180557607181,0.1154033297220921,True,-0.3468829014530769,False
1d,25,30,2.0,975,0.04338162981069212,42.29708906542482,0.49128205128205127,1.0954864971527043,0,0.0,,5,-5.0,-1.0,48,-8.973076922706401,-0.18693910255638335,146,38.24947250008299,0.2619826883567328,185,-24.336134573919605,-0.1315466733725384,232,-20.767555105070798,-0.08951532372875344,283,50.37355934651898,0.17799844292056177,76,12.750823820519658,0.16777399763841655,True,1.1909462438089187,True
1d,10,30,2.0,1495,0.04299820221787173,64.28231231571823,0.48695652173913045,1.0944411293213696,0,0.0,,8,-8.0,-1.0,65,-16.678368709103324,-0.2565902878323588,252,39.117290399522346,0.15522734285524742,280,-5.056193115616228,-0.018057832555772244,348,-7.692454553111824,-0.02210475446296501,428,48.903956093773694,0.11426157965834975,114,13.688082200253554,0.12007089649345222,True,0.7607684654152642,True
1d,20,25,2.0,1186,0.04226586262004889,50.12731306737798,0.5143338954468802,1.1013558030806785,0,0.0,,5,-5.0,-1.0,59,-15.69817042616739,-0.2660706851892778,183,37.02001173199097,0.20229514607645338,212,19.126825868443213,0.09022087673793969,275,-18.60880604658187,-0.06766838562393407,373,18.066396425142194,0.048435379155877194,79,15.221055514550866,0.19267158879178312,True,0.3604102298652728,False
1d,20,30,2.0,1142,0.042172287773555965,48.16075263740091,0.4921190893169877,1.0931806202460461,0,0.0,,5,-5.0,-1.0,55,-14.307009275658883,-0.26012744137561605,174,38.22010348594877,0.2196557671606251,209,-14.43183855813135,-0.06905185912981507,265,-9.703950897319979,-0.03661868263139615,357,38.119182356051574,0.10677642116541057,77,15.26426552651078,0.19823721463001012,True,0.7914988921175786,True
1d,15,15,3.0,1523,0.04173344576576973,63.56003790126731,0.5495732107682206,1.2047710282829442,0,0.0,,6,-6.0,-1.0,72,-15.018179400635915,-0.20858582500883216,236,54.504548139615636,0.23095147516786285,266,20.66312412265856,0.07768091775435548,329,-19.554427769432902,-0.05943595066696931,492,10.716200993098077,0.021780896327435115,122,18.24877181596386,0.14958009685216278,True,0.16859966335678364,False
2h,10,10,3.0,24821,0.04162014054348725,1033.053508429897,0.4945006244712139,1.1751026438476864,27,3.12734072949786,0.11582743442584667,987,-18.992903800780827,-0.0192430636279441,2811,51.22643653021917,0.0182235633334113,3419,313.11018183266,0.09157946236696694,4666,-65.63214071464576,-0.014066039587365143,6136,314.04684717686416,0.05118103767549938,5128,441.31574730048493,0.08606001312411952,1647,-5.148000624402464,-0.003125683439224325,True,0.42719543924808484,True
2h,10,15,2.0,22985,0.04090818890190134,940.2747219102024,0.4366325864694366,1.0928690304616921,24,10.190286613918104,0.424595275579921,938,-97.5741391578068,-0.10402360251365331,2615,-100.25422624212601,-0.038338136230258515,3233,222.20915032455937,0.06873156521019468,4317,-77.88643912415932,-0.018041797341709364,5458,664.1507264395118,0.1216839000438827,4868,384.01380229819813,0.07888533325764135,1532,-64.57443924189278,-0.042150417259721136,True,0.4084059619491419,True
1d,10,10,3.0,1995,0.040854278749246485,81.50428610474674,0.5458646616541354,1.2378383638192934,0,0.0,,8,-4.130409177924486,-0.5163011472405608,78,-4.264016567286473,-0.054666879067775294,330,51.857887166502465,0.15714511262576505,366,30.653249677359497,0.08375204829879644,448,7.766876028128882,0.017336776848501968,583,-23.64075936750492,-0.04055018759434806,182,23.261458345471773,0.12781021068940535,True,-0.2900554130015023,False
1d,20,10,2.0,1431,0.039908618944943935,57.109233710214774,0.5080363382250175,1.152956170096079,0,0.0,,5,-3.2833912352106767,-0.6566782470421353,64,-11.207911596120132,-0.17512361868937706,225,36.70310646520955,0.16312491762315356,245,52.340269469763754,0.21363375293781126,314,-2.8494014333718405,-0.009074526857872103,462,-41.346672186465625,-0.08949496144256629,116,26.753234226409745,0.23063132953801505,True,-0.7239927678992863,False
1d,15,30,3.0,1207,0.03962822475257837,47.83126727636209,0.5642087821043911,1.1221796170765228,0,0.0,,6,-6.0,-1.0,55,-8.666555011194571,-0.15757372747626494,199,7.962201817403164,0.040011064409061124,218,1.1684399189055439,0.00535981614176855,276,-9.819388421086177,-0.035577494279297746,366,52.48562090794285,0.1434033358140515,87,10.700948064391282,0.12299940303898026,True,1.0973077632396522,True
2h,15,15,3.0,18734,0.03948665759470205,739.7430433791483,0.47021458311092135,1.1276393474850122,19,7.09596774709233,0.37347198668907,734,-46.22611971977433,-0.06297836474083697,2214,-94.73791515685406,-0.04279038624970825,2611,165.51160518031213,0.06339012071249028,3441,-63.1995581432108,-0.01836662544121209,4557,427.72616680575106,0.09386134887113255,3924,365.9036142391768,0.09324760811395943,1234,-22.330717573344998,-0.01809620548893436,True,0.4946361003514519,True
1d,20,10,3.0,1427,0.03730704388562991,53.23715162479388,0.5185704274702172,1.2234235126848145,0,0.0,,5,-2.3244484852514473,-0.4648896970502895,63,-5.583860623297224,-0.08863270830630514,225,27.408531092904138,0.12181569374624061,245,35.404003907892665,0.1445061383995619,313,-3.589433850981427,-0.011467839779493378,460,-18.90699012835444,-0.041102152452944435,116,20.82934971188161,0.17956335958518627,True,-0.35514653867298523,False
1d,10,20,2.0,1722,0.034769578275699785,59.873213790755024,0.48664343786295006,1.0856073503211991,0,0.0,,8,-8.0,-1.0,73,-22.834323191718052,-0.31279894783175416,286,81.79145021992261,0.28598409167805106,308,18.858795870913667,0.061229856723745674,405,-69.31064544786796,-0.1711373961675752,507,25.926512999716497,0.051137106508316564,135,33.44142333978825,0.24771424696139446,True,0.4330235736188223,True
1d,15,20,3.0,1384,0.03182457269042384,44.04520860354659,0.536849710982659,1.114713654168029,0,0.0,,6,-6.0,-1.0,63,-14.833853025077174,-0.2354579845250345,224,38.990845642041045,0.17406627518768322,234,24.04960671137728,0.10277609705716786,313,-47.924694162925036,-0.15311403885918543,439,33.11735012108685,0.07543815517331856,105,16.645953317043627,0.15853288873374882,True,0.7518945004705958,True
1d,30,20,3.0,908,0.03175296221090207,28.83168968749908,0.5297356828193832,1.1143665790347632,0,0.0,,4,-4.0,-1.0,38,-2.962852918770235,-0.07796981365184828,141,34.56969881787549,0.24517516892110278,178,10.860593352059539,0.06101456939359291,200,-32.17712848602959,-0.16088564243014794,279,11.690487918578972,0.04190139038917194,68,10.850891003784914,0.15957192652624874,True,0.40547356208705887,True
1d,30,15,2.0,983,0.030386633733375412,29.87006095990803,0.49847405900305186,1.09331589881227,0,0.0,,4,-4.0,-1.0,41,-5.084366428849773,-0.12400893728901885,150,51.82515162938221,0.3455010108625481,192,19.849967944855457,0.10338524971278884,216,-36.4357248984322,-0.16868391156681573,303,-13.494887504019175,-0.04453758252151543,77,17.209920216971515,0.22350545736326644,True,-0.4517864065336921,False
1d,30,30,3.0,844,0.029480269673682988,24.88134760458844,0.5497630331753555,1.0870168719429827,0,0.0,,4,-4.0,-1.0,38,-3.8089530002032386,-0.10023560526850628,128,27.018145928604174,0.2110792650672201,174,-22.212005685380284,-0.12765520508839243,184,-21.352000425007652,-0.11604348057069376,255,38.183024914188984,0.14973735260466267,61,11.053135872386452,0.18119894872764675,True,1.5346043759763053,True
1d,10,15,2.0,1889,0.028020472433773678,52.93067242739848,0.5113816834303865,1.0862407177200557,0,0.0,,8,-8.0,-1.0,79,-21.862488151115816,-0.2767403563432382,309,84.92987863152712,0.27485397615380947,357,-5.065757057485571,-0.01418979567923129,427,-20.795886321851533,-0.04870230988724013,557,-12.899220172743778,-0.023158384511209655,152,36.624145499068064,0.24094832565176358,True,-0.24370028909866562,False
1d,20,25,3.0,1156,0.025813287867983557,29.84016077538899,0.5596885813148789,1.08564401604982,0,0.0,,5,-5.0,-1.0,56,-9.960545864966436,-0.1778668904458292,180,22.40693608336415,0.12448297824091195,207,8.23991029190537,0.03980632991258633,273,-25.55226234220492,-0.09359803055752718,362,29.84780357772234,0.08245249607105619,73,9.858319029568483,0.13504546615847238,True,1.000256124703579,True
1d,20,30,3.0,1101,0.025624480991850013,28.212553572026863,0.553133514986376,1.0775693682336949,0,0.0,,5,-5.0,-1.0,51,-5.966362810327234,-0.11698750608484772,171,16.9525900914214,0.09913795375100233,202,-17.195932264151637,-0.08512837754530513,261,-15.705589805153243,-0.06017467358296262,340,42.25026055597621,0.12426547222345945,71,12.877587804261358,0.18137447611635715,True,1.4975695286890984,True
1d,10,25,3.0,1531,0.025156023366921226,38.513871774756396,0.5564990202482037,1.0795240566279807,0,0.0,,7,-5.952577639891341,-0.8503682342701915,66,-14.87937620432125,-0.22544509400486742,261,28.68132698599083,0.10989014170877712,276,12.68588388388471,0.045963347405379384,369,-32.41865826898032,-0.08785544246336131,439,32.429566860901474,0.0738714507082038,113,17.96770615717229,0.15900624917851586,True,0.8420230261595556,True
2h,10,15,3.0,22533,0.02362781912990484,532.4056484541458,0.4678915368570541,1.0758500521710643,24,6.054965332368106,0.2522902221820044,918,-73.96672965314708,-0.08057377957859159,2580,-97.797836478412,-0.03790613816992713,3168,173.7625429665157,0.05484928755256177,4237,-92.48770364322112,-0.021828582403403615,5370,390.5754285542731,0.07273285447938047,4723,267.0809291763793,0.056549000460804424,1513,-40.815947800610296,-0.026976832650766884,True,0.5016493156146183,True
1d,25,25,3.0,985,0.02171052568295148,21.38486779770721,0.5604060913705584,1.070072517868763,0,0.0,,5,-5.0,-1.0,50,-5.4633676581511414,-0.10926735316302283,146,32.17082050968162,0.2203480856827508,184,-6.555851370016562,-0.03562962701095958,238,-24.382454640609932,-0.10244728840592408,291,20.702018880390174,0.07114095835185627,71,9.913702076413045,0.1396296067100429,True,0.9680685929987256,True
1d,20,15,2.0,1353,0.02118870399296403,28.668316502480334,0.49815225424981524,1.065678250768297,0,0.0,,5,-5.0,-1.0,64,-20.850055385084104,-0.32578211539193913,207,63.01453100519022,0.3044180241796629,242,24.044792330232774,0.0993586459926974,304,-25.007517099575793,-0.08226156940649931,439,-34.06219793087482,-0.07759042808855311,92,26.528763582592035,0.2883561258977395,True,-1.188147826117652,False
1d,20,15,3.0,1341,0.01969253270311607,26.407686354878653,0.5190156599552572,1.0913999897939324,0,0.0,,5,-5.0,-1.0,63,-15.487790687365711,-0.24583794741850334,203,46.065784571947766,0.22692504715245204,241,15.352108401931432,0.06370169461382337,303,-28.206781237102124,-0.09309168725116213,436,-1.4135642829387565,-0.003242119914997148,90,15.097929588406036,0.16775477320451151,True,-0.05352851680918307,False
1d,10,15,3.0,1868,0.017747936276107695,33.15314496376917,0.5364025695931478,1.078856965114098,0,0.0,,7,-5.4869735349549025,-0.7838533621364147,78,-15.046461372625862,-0.19290335093110078,301,61.64519049921455,0.20480129733958322,354,-14.585569990178675,-0.04120217511349908,423,-22.17113690084195,-0.05241403522657671,554,3.624303037268489,0.006542063244166948,151,25.17379322588752,0.16671386242309616,True,0.1093200370954021,False
1d,10,30,3.0,1436,0.016593448624447633,23.8281922247068,0.5424791086350975,1.0483555520134131,0,0.0,,7,-7.0,-1.0,60,-10.293079838267955,-0.17155133063779926,250,9.204833363586145,0.03681933345434458,264,-10.018164247386602,-0.03794759184616137,340,-25.064215309077973,-0.07371828032081756,409,51.531653516135904,0.12599426287563792,106,15.467164739717278,0.14591664848789884,True,2.162633783972254,True
1d,30,15,3.0,972,0.015662691148300913,15.224135796148488,0.5123456790123457,1.068837284199477,0,0.0,,4,-4.0,-1.0,40,-3.1984158090330945,-0.07996039522582736,146,36.66458230878519,0.2511272760875698,192,12.055778377920301,0.06279051238500157,215,-35.11418043498406,-0.16332176946504212,301,-1.068995991198874,-0.0035514816983351297,74,9.885367344659018,0.13358604519809483,True,-0.07021718707142091,False
1d,25,30,3.0,950,0.014508964453403984,13.783516230733785,0.5442105263157895,1.042681538339286,0,0.0,,5,-5.0,-1.0,47,-4.815086515390737,-0.1024486492636327,140,27.553829341669722,0.1968130667262123,183,-28.556489906451453,-0.15604639293142872,231,-27.552379133854863,-0.11927436854482625,274,41.28501577782718,0.1506752400650627,70,10.868626666933947,0.15526609524191354,True,2.9952455590230267,True
1d,25,20,2.0,1055,0.013887578401134065,14.651395213196437,0.48056872037914694,1.0353591354977587,0,0.0,,5,-5.0,-1.0,51,-12.337437187273737,-0.24191053308379878,162,52.70929204017783,0.32536600024801127,188,7.641447836512037,0.04064599913038317,254,-51.245282763992854,-0.20175308174800335,312,6.835389884276605,0.021908300911142965,83,16.047985403496572,0.19334922172887437,True,0.46653508316532233,True
1d,25,15,2.0,1116,0.012088995714147201,13.491319216988277,0.4883512544802867,1.0371773996865064,0,0.0,,5,-5.0,-1.0,53,-11.177279560293881,-0.21089206717535625,169,54.83132714916047,0.32444572277609746,201,15.716280502542219,0.07819045026140407,268,-38.71365745376654,-0.14445394572300946,332,-22.02575585976413,-0.06634263813181966,88,19.86040443911014,0.22568641408079707,True,-1.6325872589264128,False
1d,10,20,3.0,1688,0.008735546695826593,14.745602822555288,0.518957345971564,1.0288651217677425,0,0.0,,7,-6.027821117930413,-0.8611173025614877,69,-16.446277896708,-0.23835185357547828,284,51.2251993740428,0.18037042033113662,300,7.32814230343934,0.024427141011464468,402,-75.5984069287264,-0.18805573862867264,495,28.092003727102117,0.056751522681014376,131,26.172763361335843,0.19979208672775453,True,1.9051105651734903,True
1d,20,20,2.0,1265,0.008114320158383013,10.26461500035451,0.4782608695652174,1.0203658535703408,0,0.0,,5,-5.0,-1.0,61,-21.164566571195888,-0.34696010772452274,196,52.37711521339195,0.26723017966016305,218,17.310659293689213,0.07940669400774868,292,-51.72081104446665,-0.1771260652207762,407,-1.1504655320089157,-0.0028266966388425445,86,19.612683640944788,0.22805446094121845,True,-0.1120807289868331,False
1d,25,15,3.0,1105,0.001647841757900128,1.8208651424796414,0.5013574660633484,1.007221806883993,0,0.0,,5,-5.0,-1.0,52,-8.668996180201411,-0.1667114650038733,166,38.36313851921115,0.2311032440916334,201,7.9428106715921025,0.03951647100294579,267,-38.29047357146903,-0.1434100133762885,329,-4.357716725966502,-0.01324533959260335,85,11.832102429313332,0.1392012050507451,True,-2.3932122287937228,False
1d,20,20,3.0,1241,0.0011774653914732734,1.4612345508183324,0.5092667203867849,1.004080400685133,0,0.0,,5,-5.0,-1.0,58,-13.405433470913,-0.23112816329160343,194,32.94627368114507,0.16982615299559314,214,10.370423725117632,0.04845992394914782,291,-51.33836636082379,-0.17642050295815737,397,15.623466704023066,0.03935382041315634,82,12.264870272269361,0.14957158868621173,True,10.691963651744674,True
1d,25,20,3.0,1037,-0.0047583515802528155,-4.934410588722169,0.502410800385728,0.9835898453528102,0,0.0,,5,-5.0,-1.0,50,-8.600332402465021,-0.17200664804930044,159,35.28598618572569,0.22192444141965842,187,3.8834199452971667,0.020766951579129233,253,-49.49828553806656,-0.1956453973836623,305,8.439729773482668,0.02767124515895957,78,10.555071447303888,0.13532142881158832,True,,False
