timestamp,open,high,low,close,volume,date
1730894400000,0.27691,0.31609,0.26,0.30051,160113260.0,2024-11-06 12:00
1730908800000,0.30051,0.344,0.30031,0.3121,217855158.0,2024-11-06 16:00
1730923200000,0.31211,0.31224,0.28747,0.29943,82556659.0,2024-11-06 20:00
1730937600000,0.29955,0.33136,0.28544,0.31113,87260996.0,2024-11-07 00:00
1730952000000,0.31126,0.345,0.30033,0.32275,150852677.0,2024-11-07 04:00
1730966400000,0.3224,0.3945,0.32189,0.37277,471360945.0,2024-11-07 08:00
1730980800000,0.37278,0.41578,0.36204,0.40925,423495335.0,2024-11-07 12:00
1730995200000,0.40923,0.42466,0.38987,0.40514,267825593.0,2024-11-07 16:00
1731009600000,0.40521,0.40763,0.37123,0.38838,145307153.0,2024-11-07 20:00
1731024000000,0.38847,0.41648,0.37681,0.40827,244580439.0,2024-11-08 00:00
1731038400000,0.40827,0.457,0.392,0.40327,454132276.0,2024-11-08 04:00
1731052800000,0.40334,0.42086,0.39591,0.39895,189759445.0,2024-11-08 08:00
1731067200000,0.39905,0.40127,0.3604,0.37153,197273066.0,2024-11-08 12:00
1731081600000,0.37152,0.38147,0.35436,0.35798,121228321.0,2024-11-08 16:00
1731096000000,0.358,0.36322,0.34577,0.36259,84130927.0,2024-11-08 20:00
1731110400000,0.36258,0.38996,0.35403,0.36091,108623913.0,2024-11-09 00:00
1731124800000,0.36085,0.3829,0.35563,0.37145,84133485.0,2024-11-09 04:00
1731139200000,0.37145,0.38499,0.36291,0.37069,62058379.0,2024-11-09 08:00
1731153600000,0.37073,0.38812,0.35801,0.38294,86536038.0,2024-11-09 12:00
1731168000000,0.38295,0.42156,0.37329,0.40309,127797689.0,2024-11-09 16:00
1731182400000,0.40305,0.44264,0.39892,0.4348,129851108.0,2024-11-09 20:00
1731196800000,0.43492,0.49845,0.42859,0.47044,195545311.0,2024-11-10 00:00
1731211200000,0.47055,0.49021,0.452,0.46116,106795367.0,2024-11-10 04:00
1731225600000,0.46112,0.4782,0.44007,0.44174,90162519.0,2024-11-10 08:00
1731240000000,0.44182,0.451,0.42972,0.44915,78736714.0,2024-11-10 12:00
1731254400000,0.4491,0.45932,0.4163,0.42714,68759840.0,2024-11-10 16:00
1731268800000,0.42724,0.4323,0.39783,0.41402,58719486.0,2024-11-10 20:00
1731283200000,0.41402,0.4499,0.41047,0.4324,60522506.0,2024-11-11 00:00
1731297600000,0.43232,0.43521,0.39644,0.40468,59726751.0,2024-11-11 04:00
1731312000000,0.40473,0.40844,0.39538,0.40396,53707088.0,2024-11-11 08:00
1731326400000,0.40388,0.40512,0.37609,0.38631,68237486.0,2024-11-11 12:00
1731340800000,0.38638,0.39839,0.37334,0.375,50186693.0,2024-11-11 16:00
1731355200000,0.37509,0.38408,0.36114,0.3762,54343731.0,2024-11-11 20:00
1731369600000,0.37617,0.37694,0.34774,0.36553,77195768.0,2024-11-12 00:00
1731384000000,0.36551,0.37059,0.35648,0.36256,63826133.0,2024-11-12 04:00
1731398400000,0.36263,0.36812,0.30989,0.32497,153535385.0,2024-11-12 08:00
1731412800000,0.3249,0.3347,0.312,0.32887,87072222.0,2024-11-12 12:00
1731427200000,0.32887,0.33569,0.31691,0.32967,58705981.0,2024-11-12 16:00
1731441600000,0.32971,0.34007,0.32163,0.33066,48475799.0,2024-11-12 20:00
1731456000000,0.33073,0.33479,0.31351,0.31918,68037306.0,2024-11-13 00:00
1731470400000,0.31917,0.34313,0.30913,0.33645,77979323.0,2024-11-13 04:00
1731484800000,0.33647,0.39919,0.33317,0.3752,185971893.0,2024-11-13 08:00
1731499200000,0.37521,0.38663,0.35369,0.3706,136327562.0,2024-11-13 12:00
1731513600000,0.37071,0.39746,0.35703,0.3576,97041014.0,2024-11-13 16:00
1731528000000,0.35754,0.37265,0.34802,0.36263,47866987.0,2024-11-13 20:00
1731542400000,0.36265,0.37021,0.3421,0.35189,66419103.0,2024-11-14 00:00
1731556800000,0.35181,0.38434,0.35052,0.37198,72727054.0,2024-11-14 04:00
1731571200000,0.37206,0.37293,0.34393,0.35286,49105515.0,2024-11-14 08:00
1731585600000,0.35285,0.36809,0.34221,0.35752,64255531.0,2024-11-14 12:00
1731600000000,0.35747,0.37661,0.35429,0.3734,38970813.0,2024-11-14 16:00
1731614400000,0.37335,0.38629,0.36,0.37912,60357441.0,2024-11-14 20:00
1731628800000,0.37903,0.38188,0.34963,0.35739,53773759.0,2024-11-15 00:00
1731643200000,0.35736,0.36787,0.34111,0.36193,43737600.0,2024-11-15 04:00
1731657600000,0.36182,0.39968,0.35504,0.37811,78599327.0,2024-11-15 08:00
1731672000000,0.37813,0.40449,0.36604,0.37129,62779661.0,2024-11-15 12:00
1731686400000,0.37126,0.37279,0.35863,0.36402,28806363.0,2024-11-15 16:00
1731700800000,0.36397,0.39567,0.3637,0.3857,38024967.0,2024-11-15 20:00
1731715200000,0.38565,0.41424,0.37546,0.4121,51069964.0,2024-11-16 00:00
1731729600000,0.41207,0.41434,0.38508,0.38724,31999471.0,2024-11-16 04:00
1731744000000,0.38724,0.3932,0.37707,0.3834,26597728.0,2024-11-16 08:00
1731758400000,0.38342,0.38596,0.36317,0.36566,23612875.0,2024-11-16 12:00
1731772800000,0.36559,0.37581,0.36197,0.37253,16492048.0,2024-11-16 16:00
1731787200000,0.37254,0.37413,0.3625,0.36699,13644742.0,2024-11-16 20:00
1731801600000,0.36704,0.36918,0.34415,0.35219,25910307.0,2024-11-17 00:00
1731816000000,0.35214,0.36225,0.34763,0.36108,22456635.0,2024-11-17 04:00
1731830400000,0.36104,0.37199,0.35535,0.3555,23493689.0,2024-11-17 08:00
1731844800000,0.3555,0.36778,0.35516,0.36741,19648076.0,2024-11-17 12:00
1731859200000,0.36738,0.37446,0.35955,0.36811,22634922.0,2024-11-17 16:00
1731873600000,0.36826,0.37189,0.35214,0.36201,18884391.0,2024-11-17 20:00
1731888000000,0.362,0.36604,0.35348,0.36395,17185093.0,2024-11-18 00:00
1731902400000,0.36383,0.36546,0.34884,0.34917,18394682.0,2024-11-18 04:00
1731916800000,0.34921,0.34999,0.33457,0.33606,22898632.0,2024-11-18 08:00
1731931200000,0.33604,0.34307,0.32116,0.34207,32216833.0,2024-11-18 12:00
1731945600000,0.34202,0.34603,0.32466,0.3307,20973326.0,2024-11-18 16:00
1731960000000,0.3307,0.3408,0.32827,0.33286,12972839.0,2024-11-18 20:00
1731974400000,0.3329,0.3362,0.32926,0.33182,10665448.0,2024-11-19 00:00
1731988800000,0.33179,0.33909,0.32518,0.33401,21216122.0,2024-11-19 04:00
1732003200000,0.33409,0.33734,0.32411,0.33048,13417167.0,2024-11-19 08:00
1732017600000,0.33048,0.33413,0.32301,0.33224,17280413.0,2024-11-19 12:00
1732032000000,0.33223,0.35041,0.33096,0.34726,20569379.0,2024-11-19 16:00
1732046400000,0.34728,0.35072,0.32845,0.34068,18753638.0,2024-11-19 20:00
1732060800000,0.34067,0.3415,0.32675,0.33972,31842249.0,2024-11-20 00:00
1732075200000,0.33965,0.33979,0.32586,0.33183,23035949.0,2024-11-20 04:00
1732089600000,0.33183,0.33348,0.317,0.31854,20639130.0,2024-11-20 08:00
1732104000000,0.31851,0.33783,0.31643,0.33591,30290201.0,2024-11-20 12:00
1732118400000,0.33587,0.33954,0.30278,0.30567,38366327.0,2024-11-20 16:00
1732132800000,0.30559,0.31787,0.30335,0.31064,15942234.0,2024-11-20 20:00
1732147200000,0.31065,0.31616,0.29285,0.2991,19834404.0,2024-11-21 00:00
1732161600000,0.2991,0.31578,0.29615,0.3059,18839264.0,2024-11-21 04:00
1732176000000,0.3059,0.30968,0.29693,0.30683,17873289.0,2024-11-21 08:00
1732190400000,0.30679,0.32658,0.30581,0.31765,34704181.0,2024-11-21 12:00
1732204800000,0.31764,0.32375,0.31536,0.31849,15350273.0,2024-11-21 16:00
1732219200000,0.31849,0.3318,0.31781,0.3259,13585761.0,2024-11-21 20:00
1732233600000,0.32589,0.32649,0.31137,0.31978,18259859.0,2024-11-22 00:00
1732248000000,0.31976,0.32704,0.31228,0.31286,11104668.0,2024-11-22 04:00
1732262400000,0.31278,0.31755,0.30947,0.31609,9291448.0,2024-11-22 08:00
1732276800000,0.31598,0.31871,0.30183,0.30767,18740224.0,2024-11-22 12:00
1732291200000,0.30769,0.30802,0.29724,0.30126,13726244.0,2024-11-22 16:00
1732305600000,0.30126,0.31714,0.30024,0.31659,10620613.0,2024-11-22 20:00
1732320000000,0.31678,0.33242,0.31525,0.32701,25659346.0,2024-11-23 00:00
1732334400000,0.32708,0.34206,0.32702,0.33798,17745805.0,2024-11-23 04:00
1732348800000,0.33793,0.33989,0.32814,0.32858,11015621.0,2024-11-23 08:00
1732363200000,0.32863,0.3369,0.32523,0.33124,18462960.0,2024-11-23 12:00
1732377600000,0.33125,0.33484,0.3108,0.31598,33345498.0,2024-11-23 16:00
1732392000000,0.31605,0.32555,0.30625,0.32026,14683579.0,2024-11-23 20:00
1732406400000,0.32035,0.3396,0.31808,0.33814,16148237.0,2024-11-24 00:00
1732420800000,0.33815,0.34055,0.32808,0.33312,16196683.0,2024-11-24 04:00
1732435200000,0.33312,0.33481,0.31348,0.31396,21914280.0,2024-11-24 08:00
1732449600000,0.31384,0.31823,0.29848,0.29989,38646127.0,2024-11-24 12:00
1732464000000,0.29989,0.30931,0.2968,0.30368,23857740.0,2024-11-24 16:00
1732478400000,0.30372,0.31673,0.30258,0.31405,13066370.0,2024-11-24 20:00
1732492800000,0.31409,0.31435,0.29936,0.3109,19395578.0,2024-11-25 00:00
1732507200000,0.31092,0.32509,0.31067,0.32242,17771748.0,2024-11-25 04:00
1732521600000,0.32247,0.32975,0.32245,0.32513,15432780.0,2024-11-25 08:00
1732536000000,0.32503,0.32814,0.30312,0.31901,30041805.0,2024-11-25 12:00
1732550400000,0.31901,0.32357,0.30578,0.31458,20494925.0,2024-11-25 16:00
1732564800000,0.31461,0.33309,0.31196,0.32438,35061225.0,2024-11-25 20:00
1732579200000,0.32434,0.336,0.32081,0.32908,23153488.0,2024-11-26 00:00
1732593600000,0.32899,0.34533,0.3246,0.32923,29127435.0,2024-11-26 04:00
1732608000000,0.32926,0.33725,0.31509,0.32757,53822492.0,2024-11-26 08:00
1732622400000,0.32744,0.35927,0.32428,0.34681,176945269.0,2024-11-26 12:00
1732636800000,0.34677,0.36838,0.34271,0.35288,122364207.0,2024-11-26 16:00
1732651200000,0.35287,0.3695,0.35086,0.36829,67642664.0,2024-11-26 20:00
1732665600000,0.36838,0.36884,0.33634,0.33816,53646270.0,2024-11-27 00:00
1732680000000,0.33814,0.35014,0.33191,0.34618,30324438.0,2024-11-27 04:00
1732694400000,0.34624,0.34912,0.33644,0.3396,27099493.0,2024-11-27 08:00
1732708800000,0.33953,0.34454,0.33272,0.34,31761290.0,2024-11-27 12:00
1732723200000,0.33999,0.35937,0.33725,0.35929,31867762.0,2024-11-27 16:00
1732737600000,0.35938,0.38132,0.35847,0.37578,37470987.0,2024-11-27 20:00
1732752000000,0.37573,0.38327,0.3652,0.36898,33307597.0,2024-11-28 00:00
1732766400000,0.36905,0.38248,0.36657,0.37502,19422732.0,2024-11-28 04:00
1732780800000,0.37506,0.38219,0.3545,0.35795,22421850.0,2024-11-28 08:00
1732795200000,0.35796,0.3636,0.35346,0.3579,20989157.0,2024-11-28 12:00
1732809600000,0.35799,0.36458,0.35442,0.35847,15486378.0,2024-11-28 16:00
1732824000000,0.35846,0.36389,0.3525,0.35723,13540029.0,2024-11-28 20:00
1732838400000,0.35723,0.36056,0.35,0.35734,13933093.0,2024-11-29 00:00
1732852800000,0.35743,0.35891,0.34336,0.34463,16950088.0,2024-11-29 04:00
1732867200000,0.34464,0.35921,0.34463,0.3587,11805185.0,2024-11-29 08:00
1732881600000,0.35869,0.37553,0.3569,0.37108,22261027.0,2024-11-29 12:00
1732896000000,0.37112,0.37545,0.36311,0.36652,14738265.0,2024-11-29 16:00
1732910400000,0.36659,0.37237,0.36622,0.37099,8172631.0,2024-11-29 20:00
1732924800000,0.37103,0.38193,0.36519,0.38018,17101520.0,2024-11-30 00:00
1732939200000,0.38016,0.38171,0.36824,0.37267,12216479.0,2024-11-30 04:00
1732953600000,0.3727,0.37993,0.36686,0.37481,14439951.0,2024-11-30 08:00
1732968000000,0.37489,0.38524,0.37417,0.38401,15400224.0,2024-11-30 12:00
1732982400000,0.38403,0.3888,0.37838,0.38621,12164986.0,2024-11-30 16:00
1732996800000,0.38603,0.39014,0.38134,0.38476,8722553.0,2024-11-30 20:00
1733011200000,0.38477,0.38833,0.36943,0.37407,19805555.0,2024-12-01 00:00
1733025600000,0.37409,0.37533,0.368,0.3748,8847926.0,2024-12-01 04:00
1733040000000,0.37469,0.38033,0.36361,0.37044,13552206.0,2024-12-01 08:00
1733054400000,0.37049,0.37789,0.36763,0.3763,10978638.0,2024-12-01 12:00
1733068800000,0.37631,0.37808,0.36435,0.36686,11886814.0,2024-12-01 16:00
1733083200000,0.36685,0.37027,0.36015,0.36738,9248230.0,2024-12-01 20:00
1733097600000,0.36736,0.37099,0.35101,0.35357,14866714.0,2024-12-02 00:00
1733112000000,0.3535,0.36122,0.35028,0.3543,20890750.0,2024-12-02 04:00
1733126400000,0.3543,0.35535,0.33257,0.33497,41000172.0,2024-12-02 08:00
1733140800000,0.33486,0.34848,0.33325,0.34643,15268982.0,2024-12-02 12:00
1733155200000,0.34635,0.34891,0.33005,0.33974,13744635.0,2024-12-02 16:00
1733169600000,0.33966,0.3622,0.33927,0.361,13249476.0,2024-12-02 20:00
1733184000000,0.36114,0.38514,0.36,0.37832,27999035.0,2024-12-03 00:00
1733198400000,0.37835,0.3995,0.37808,0.396,31942094.0,2024-12-03 04:00
1733212800000,0.396,0.41966,0.39368,0.40048,48048658.0,2024-12-03 08:00
1733227200000,0.40056,0.41912,0.38384,0.40278,70381321.0,2024-12-03 12:00
1733241600000,0.40267,0.41241,0.39408,0.40318,29002413.0,2024-12-03 16:00
1733256000000,0.4032,0.41021,0.3971,0.39799,20815793.0,2024-12-03 20:00
1733270400000,0.39802,0.40685,0.39313,0.40001,18334968.0,2024-12-04 00:00
1733284800000,0.39998,0.40828,0.39815,0.39962,12516983.0,2024-12-04 04:00
1733299200000,0.3997,0.4137,0.39881,0.40968,17429701.0,2024-12-04 08:00
1733313600000,0.40967,0.4116,0.38924,0.39716,34419673.0,2024-12-04 12:00
1733328000000,0.39705,0.40241,0.37557,0.40106,22801315.0,2024-12-04 16:00
1733342400000,0.40119,0.41018,0.38646,0.39644,19562965.0,2024-12-04 20:00
1733356800000,0.39659,0.41926,0.37506,0.40373,42304747.0,2024-12-05 00:00
1733371200000,0.40374,0.41406,0.39675,0.40679,16785223.0,2024-12-05 04:00
1733385600000,0.4068,0.41967,0.40452,0.41233,14378856.0,2024-12-05 08:00
1733400000000,0.41233,0.46464,0.41114,0.4424,86016956.0,2024-12-05 12:00
1733414400000,0.44234,0.45124,0.42795,0.42859,43679596.0,2024-12-05 16:00
1733428800000,0.42859,0.44441,0.40581,0.4337,31150984.0,2024-12-05 20:00
1733443200000,0.43374,0.45214,0.42399,0.44577,27376590.0,2024-12-06 00:00
1733457600000,0.44597,0.45945,0.43582,0.45872,19501017.0,2024-12-06 04:00
1733472000000,0.45878,0.46218,0.42093,0.4244,24741973.0,2024-12-06 08:00
1733486400000,0.42443,0.42885,0.40913,0.41855,23008278.0,2024-12-06 12:00
1733500800000,0.41855,0.44368,0.4158,0.4408,17606872.0,2024-12-06 16:00
1733515200000,0.44073,0.45265,0.43623,0.4406,17453461.0,2024-12-06 20:00
1733529600000,0.44062,0.444,0.429,0.43992,11004036.0,2024-12-07 00:00
1733544000000,0.44,0.45526,0.43723,0.44884,19818150.0,2024-12-07 04:00
1733558400000,0.44883,0.45527,0.4407,0.45232,13282621.0,2024-12-07 08:00
1733572800000,0.45224,0.46137,0.44733,0.45616,16983743.0,2024-12-07 12:00
1733587200000,0.45617,0.45661,0.43754,0.43962,11622785.0,2024-12-07 16:00
1733601600000,0.43962,0.44083,0.43272,0.43339,7850329.0,2024-12-07 20:00
1733616000000,0.43338,0.45488,0.43253,0.44996,12513701.0,2024-12-08 00:00
1733630400000,0.44995,0.45577,0.43469,0.43924,10625305.0,2024-12-08 04:00
1733644800000,0.43914,0.43979,0.42101,0.42745,10346494.0,2024-12-08 08:00
1733659200000,0.42741,0.43266,0.42032,0.4253,9831129.0,2024-12-08 12:00
1733673600000,0.42526,0.42794,0.41836,0.42497,9128269.0,2024-12-08 16:00
1733688000000,0.42508,0.43069,0.42138,0.4281,4938297.0,2024-12-08 20:00
1733702400000,0.42811,0.42869,0.4114,0.4179,17628403.0,2024-12-09 00:00
1733716800000,0.41814,0.42405,0.39759,0.40521,19077118.0,2024-12-09 04:00
1733731200000,0.40524,0.40534,0.38158,0.38341,22933676.0,2024-12-09 08:00
1733745600000,0.38345,0.39857,0.37935,0.38294,16320480.0,2024-12-09 12:00
1733760000000,0.3829,0.39061,0.37978,0.38083,10151608.0,2024-12-09 16:00
1733774400000,0.38084,0.38168,0.27102,0.34259,79287936.0,2024-12-09 20:00
1733788800000,0.34268,0.34703,0.31516,0.33164,27549654.0,2024-12-10 00:00
1733803200000,0.33165,0.33797,0.32272,0.33195,15123095.0,2024-12-10 04:00
1733817600000,0.33193,0.33696,0.32724,0.33289,11288365.0,2024-12-10 08:00
1733832000000,0.33289,0.3353,0.3114,0.31176,31311329.0,2024-12-10 12:00
1733846400000,0.31181,0.32025,0.30153,0.31634,27476290.0,2024-12-10 16:00
1733860800000,0.31633,0.32846,0.3142,0.3264,10099510.0,2024-12-10 20:00
1733875200000,0.32649,0.32837,0.31202,0.32729,16828437.0,2024-12-11 00:00
1733889600000,0.32725,0.3288,0.32158,0.32283,7759968.0,2024-12-11 04:00
1733904000000,0.32277,0.34279,0.32231,0.34026,16324238.0,2024-12-11 08:00
1733918400000,0.34023,0.36459,0.33903,0.3638,28370445.0,2024-12-11 12:00
1733932800000,0.36404,0.3849,0.36375,0.38413,41284999.0,2024-12-11 16:00
1733947200000,0.38413,0.38794,0.37762,0.3848,17900479.0,2024-12-11 20:00
1733961600000,0.38494,0.42476,0.38465,0.41515,99874494.0,2024-12-12 00:00
1733976000000,0.41521,0.44528,0.40593,0.44172,63746445.0,2024-12-12 04:00
1733990400000,0.44189,0.456,0.41046,0.41321,113418888.0,2024-12-12 08:00
1734004800000,0.41334,0.43776,0.41013,0.42045,68095974.0,2024-12-12 12:00
1734019200000,0.42044,0.43116,0.41156,0.41485,33341236.0,2024-12-12 16:00
1734033600000,0.41487,0.42533,0.4081,0.41234,23347177.0,2024-12-12 20:00
1734048000000,0.41235,0.41805,0.4034,0.41147,23702943.0,2024-12-13 00:00
1734062400000,0.41154,0.41855,0.4,0.41324,24681687.0,2024-12-13 04:00
1734076800000,0.41321,0.44413,0.40906,0.43587,36361800.0,2024-12-13 08:00
1734091200000,0.43575,0.44093,0.42236,0.42692,42488315.0,2024-12-13 12:00
1734105600000,0.42694,0.4426,0.41969,0.42636,32393908.0,2024-12-13 16:00
1734120000000,0.42639,0.43857,0.41695,0.4238,21465639.0,2024-12-13 20:00
1734134400000,0.42379,0.43201,0.41595,0.41652,19081883.0,2024-12-14 00:00
1734148800000,0.41644,0.41692,0.40749,0.40857,13262500.0,2024-12-14 04:00
1734163200000,0.40858,0.4128,0.40355,0.40557,13150462.0,2024-12-14 08:00
1734177600000,0.40555,0.4071,0.39006,0.3938,21788363.0,2024-12-14 12:00
1734192000000,0.39378,0.39456,0.37567,0.38442,21181687.0,2024-12-14 16:00
1734206400000,0.3844,0.38761,0.37814,0.38457,12942748.0,2024-12-14 20:00
1734220800000,0.38458,0.39234,0.37862,0.37874,13027475.0,2024-12-15 00:00
1734235200000,0.37872,0.38581,0.37065,0.37423,12124106.0,2024-12-15 04:00
1734249600000,0.3742,0.38073,0.3729,0.37827,9562707.0,2024-12-15 08:00
1734264000000,0.37824,0.40007,0.37667,0.39416,20752699.0,2024-12-15 12:00
1734278400000,0.39413,0.47467,0.39312,0.4743,104450406.0,2024-12-15 16:00
1734292800000,0.4743,0.49146,0.43338,0.45577,192151618.0,2024-12-15 20:00
1734307200000,0.4558,0.48343,0.44128,0.44442,87757530.0,2024-12-16 00:00
1734321600000,0.44448,0.46087,0.43411,0.43935,57764776.0,2024-12-16 04:00
1734336000000,0.4396,0.44165,0.41622,0.41819,52652083.0,2024-12-16 08:00
1734350400000,0.41819,0.43391,0.4136,0.42547,50719075.0,2024-12-16 12:00
1734364800000,0.42546,0.43198,0.41472,0.4167,32420897.0,2024-12-16 16:00
1734379200000,0.41666,0.42044,0.40622,0.4077,17916115.0,2024-12-16 20:00
1734393600000,0.4076,0.40917,0.39931,0.40255,21700835.0,2024-12-17 00:00
1734408000000,0.40254,0.4049,0.3953,0.39728,20624430.0,2024-12-17 04:00
1734422400000,0.39728,0.40457,0.39371,0.39942,20438977.0,2024-12-17 08:00
1734436800000,0.39944,0.4037,0.38105,0.38491,28920642.0,2024-12-17 12:00
1734451200000,0.38491,0.3941,0.38086,0.3894,19359412.0,2024-12-17 16:00
1734465600000,0.3894,0.39421,0.38121,0.38811,13147936.0,2024-12-17 20:00
1734480000000,0.38811,0.3924,0.38084,0.38648,16071286.0,2024-12-18 00:00
1734494400000,0.38643,0.39057,0.37916,0.3878,19926226.0,2024-12-18 04:00
1734508800000,0.38779,0.399,0.38382,0.39126,18759267.0,2024-12-18 08:00
1734523200000,0.3912,0.39384,0.38059,0.38893,21166904.0,2024-12-18 12:00
1734537600000,0.38894,0.40583,0.37699,0.37749,44100952.0,2024-12-18 16:00
1734552000000,0.37752,0.38785,0.34068,0.36572,80610284.0,2024-12-18 20:00
1734566400000,0.36572,0.37243,0.34089,0.37122,41979840.0,2024-12-19 00:00
1734580800000,0.37121,0.3802,0.36572,0.36889,14519568.0,2024-12-19 04:00
1734595200000,0.36888,0.38073,0.36033,0.37548,17925603.0,2024-12-19 08:00
1734609600000,0.37545,0.37833,0.3505,0.35739,24676128.0,2024-12-19 12:00
1734624000000,0.3574,0.36314,0.32239,0.32956,73231481.0,2024-12-19 16:00
1734638400000,0.3296,0.34235,0.31846,0.33392,36332720.0,2024-12-19 20:00
1734652800000,0.33388,0.34816,0.32898,0.34156,23565318.0,2024-12-20 00:00
1734667200000,0.34142,0.34381,0.31991,0.32781,15808296.0,2024-12-20 04:00
1734681600000,0.32773,0.32821,0.28229,0.28371,52491724.0,2024-12-20 08:00
1734696000000,0.28372,0.36048,0.2835,0.35283,58848641.0,2024-12-20 12:00
1734710400000,0.3528,0.37903,0.349,0.35509,43508364.0,2024-12-20 16:00
1734724800000,0.35509,0.36218,0.34844,0.36007,15988825.0,2024-12-20 20:00
1734739200000,0.36012,0.36334,0.35158,0.35458,13962992.0,2024-12-21 00:00
1734753600000,0.3546,0.39,0.35458,0.37307,28222466.0,2024-12-21 04:00
1734768000000,0.37303,0.37609,0.35831,0.36331,19312312.0,2024-12-21 08:00
1734782400000,0.36328,0.36372,0.33447,0.34402,32014508.0,2024-12-21 12:00
1734796800000,0.3441,0.34457,0.32313,0.3282,23760244.0,2024-12-21 16:00
1734811200000,0.32818,0.3381,0.32586,0.33101,14615576.0,2024-12-21 20:00
1734825600000,0.33108,0.33888,0.32754,0.33648,11404404.0,2024-12-22 00:00
1734840000000,0.33643,0.33996,0.32733,0.33293,12107739.0,2024-12-22 04:00
1734854400000,0.3329,0.3436,0.33174,0.33372,12297940.0,2024-12-22 08:00
1734868800000,0.33357,0.33972,0.31851,0.3225,17900867.0,2024-12-22 12:00
1734883200000,0.3225,0.33712,0.3192,0.32292,12193150.0,2024-12-22 16:00
1734897600000,0.32295,0.33278,0.31825,0.32694,11332620.0,2024-12-22 20:00
1734912000000,0.327,0.34041,0.31841,0.3385,16079294.0,2024-12-23 00:00
1734926400000,0.33853,0.34293,0.32083,0.32547,12357520.0,2024-12-23 04:00
1734940800000,0.32549,0.332,0.32196,0.32512,9617005.0,2024-12-23 08:00
1734955200000,0.32515,0.33081,0.31437,0.31601,19001510.0,2024-12-23 12:00
1734969600000,0.31594,0.33963,0.31567,0.33353,20422530.0,2024-12-23 16:00
1734984000000,0.33347,0.36617,0.33304,0.35925,23340581.0,2024-12-23 20:00
1734998400000,0.35918,0.36142,0.34584,0.3527,13970348.0,2024-12-24 00:00
1735012800000,0.35275,0.35769,0.35062,0.35238,6408716.0,2024-12-24 04:00
1735027200000,0.3524,0.35439,0.3426,0.35137,9649336.0,2024-12-24 08:00
1735041600000,0.3513,0.36427,0.34687,0.36116,11820006.0,2024-12-24 12:00
1735056000000,0.36121,0.36882,0.35632,0.35649,9215499.0,2024-12-24 16:00
1735070400000,0.35656,0.36336,0.35229,0.36126,6668072.0,2024-12-24 20:00
1735084800000,0.3612,0.37916,0.35878,0.37555,15878364.0,2024-12-25 00:00
1735099200000,0.37557,0.38167,0.37266,0.37344,10204135.0,2024-12-25 04:00
1735113600000,0.37344,0.3831,0.3697,0.37185,13127452.0,2024-12-25 08:00
1735128000000,0.3719,0.38062,0.37013,0.37393,9924682.0,2024-12-25 12:00
1735142400000,0.37392,0.37827,0.37002,0.37494,8638769.0,2024-12-25 16:00
1735156800000,0.37501,0.37904,0.36737,0.373,10303234.0,2024-12-25 20:00
1735171200000,0.37302,0.37691,0.36276,0.36326,10473533.0,2024-12-26 00:00
1735185600000,0.36326,0.36398,0.3567,0.35781,7148600.0,2024-12-26 04:00
1735200000000,0.35787,0.35909,0.34569,0.35383,12416457.0,2024-12-26 08:00
1735214400000,0.35377,0.35471,0.34618,0.34894,7090505.0,2024-12-26 12:00
1735228800000,0.34883,0.35304,0.34066,0.34378,7493264.0,2024-12-26 16:00
1735243200000,0.34368,0.34745,0.33809,0.3426,6665875.0,2024-12-26 20:00
1735257600000,0.34257,0.34797,0.33829,0.34211,8449903.0,2024-12-27 00:00
1735272000000,0.34207,0.3454,0.33354,0.33676,7847379.0,2024-12-27 04:00
1735286400000,0.33667,0.36277,0.33667,0.35813,11868354.0,2024-12-27 08:00
1735300800000,0.35809,0.36079,0.33406,0.33684,11334015.0,2024-12-27 12:00
1735315200000,0.33687,0.34345,0.3323,0.34181,9003605.0,2024-12-27 16:00
1735329600000,0.34183,0.34246,0.32788,0.33048,7026864.0,2024-12-27 20:00
1735344000000,0.33054,0.33156,0.32223,0.32657,8613750.0,2024-12-28 00:00
1735358400000,0.32657,0.32758,0.32011,0.32069,5883596.0,2024-12-28 04:00
1735372800000,0.32068,0.3292,0.32048,0.32776,5836497.0,2024-12-28 08:00
1735387200000,0.32776,0.33702,0.32334,0.33045,8658835.0,2024-12-28 12:00
1735401600000,0.33042,0.34738,0.33002,0.3397,7571609.0,2024-12-28 16:00
1735416000000,0.33962,0.33982,0.32856,0.3305,10272132.0,2024-12-28 20:00
1735430400000,0.33051,0.33127,0.32319,0.3254,7590492.0,2024-12-29 00:00
1735444800000,0.32543,0.32619,0.31885,0.32341,9367467.0,2024-12-29 04:00
1735459200000,0.32345,0.32495,0.31821,0.31972,5892348.0,2024-12-29 08:00
1735473600000,0.3198,0.32059,0.31111,0.31318,9942099.0,2024-12-29 12:00
1735488000000,0.3132,0.31351,0.3036,0.30533,13302386.0,2024-12-29 16:00
1735502400000,0.30536,0.30767,0.30033,0.30473,9316345.0,2024-12-29 20:00
1735516800000,0.30478,0.3134,0.30325,0.30635,9620894.0,2024-12-30 00:00
1735531200000,0.30638,0.31179,0.30375,0.3075,7934744.0,2024-12-30 04:00
1735545600000,0.30744,0.31089,0.30161,0.30602,7010357.0,2024-12-30 08:00
1735560000000,0.306,0.30947,0.295,0.29943,13094900.0,2024-12-30 12:00
1735574400000,0.29946,0.31235,0.29798,0.31194,15170321.0,2024-12-30 16:00
1735588800000,0.312,0.31411,0.29749,0.30167,11500328.0,2024-12-30 20:00
1735603200000,0.30169,0.30176,0.29212,0.29354,8202240.0,2024-12-31 00:00
1735617600000,0.29358,0.29774,0.29156,0.2961,5554031.0,2024-12-31 04:00
1735632000000,0.29615,0.30872,0.29608,0.30348,9526183.0,2024-12-31 08:00
1735646400000,0.30355,0.30882,0.30016,0.30227,12892958.0,2024-12-31 12:00
1735660800000,0.30224,0.30288,0.28824,0.29184,14229503.0,2024-12-31 16:00
1735675200000,0.29182,0.29386,0.28695,0.28864,6093818.0,2024-12-31 20:00
1735689600000,0.28871,0.2936,0.28838,0.29177,5274802.0,2025-01-01 00:00
1735704000000,0.29179,0.29237,0.28775,0.28875,3892070.0,2025-01-01 04:00
1735718400000,0.28874,0.28973,0.28213,0.28865,7175381.0,2025-01-01 08:00
1735732800000,0.28857,0.29307,0.28714,0.29255,6479159.0,2025-01-01 12:00
1735747200000,0.29255,0.29454,0.28534,0.29282,8746279.0,2025-01-01 16:00
1735761600000,0.2929,0.29775,0.2929,0.29697,5941085.0,2025-01-01 20:00
1735776000000,0.29698,0.30444,0.29496,0.30147,7760965.0,2025-01-02 00:00
1735790400000,0.30153,0.31297,0.30143,0.31226,8777715.0,2025-01-02 04:00
1735804800000,0.3123,0.3173,0.30747,0.31559,11760765.0,2025-01-02 08:00
1735819200000,0.31549,0.31664,0.30498,0.30698,11794176.0,2025-01-02 12:00
1735833600000,0.30697,0.31066,0.30287,0.30879,7348541.0,2025-01-02 16:00
1735848000000,0.30879,0.32179,0.30879,0.31831,18090216.0,2025-01-02 20:00
1735862400000,0.3183,0.32365,0.31254,0.31754,10276794.0,2025-01-03 00:00
1735876800000,0.31754,0.31975,0.30859,0.31289,9451465.0,2025-01-03 04:00
1735891200000,0.31296,0.32241,0.31177,0.32154,9181960.0,2025-01-03 08:00
1735905600000,0.32154,0.34349,0.3204,0.34131,16980165.0,2025-01-03 12:00
1735920000000,0.34131,0.37378,0.34111,0.3693,77862898.0,2025-01-03 16:00
1735934400000,0.36933,0.37747,0.36605,0.3731,34121389.0,2025-01-03 20:00
1735948800000,0.37306,0.37948,0.36633,0.36903,30844734.0,2025-01-04 00:00
1735963200000,0.36897,0.38532,0.36449,0.38123,27554919.0,2025-01-04 04:00
1735977600000,0.38123,0.39193,0.37444,0.38714,87856983.0,2025-01-04 08:00
1735992000000,0.38714,0.39277,0.37721,0.38397,74178068.0,2025-01-04 12:00
1736006400000,0.38397,0.3876,0.37909,0.38538,28553463.0,2025-01-04 16:00
1736020800000,0.38538,0.41881,0.38374,0.40488,70075760.0,2025-01-04 20:00
1736035200000,0.4049,0.41035,0.39163,0.39914,27582083.0,2025-01-05 00:00
1736049600000,0.39913,0.40221,0.39065,0.39312,16967715.0,2025-01-05 04:00
1736064000000,0.39314,0.39852,0.38914,0.3962,15427867.0,2025-01-05 08:00
1736078400000,0.39616,0.40045,0.39193,0.396,14752505.0,2025-01-05 12:00
1736092800000,0.39601,0.39968,0.3904,0.39274,9289302.0,2025-01-05 16:00
1736107200000,0.39271,0.4031,0.39096,0.40071,9420854.0,2025-01-05 20:00
1736121600000,0.40073,0.40788,0.38572,0.39313,23568201.0,2025-01-06 00:00
1736136000000,0.39314,0.39443,0.3858,0.38976,10135048.0,2025-01-06 04:00
1736150400000,0.38976,0.39155,0.38361,0.38543,9964937.0,2025-01-06 08:00
1736164800000,0.38548,0.39173,0.38083,0.3879,15689704.0,2025-01-06 12:00
1736179200000,0.38801,0.39408,0.38242,0.39086,13406756.0,2025-01-06 16:00
1736193600000,0.39086,0.39766,0.38422,0.3911,13331484.0,2025-01-06 20:00
1736208000000,0.3911,0.39689,0.38584,0.38782,10258372.0,2025-01-07 00:00
1736222400000,0.38783,0.39211,0.38439,0.38537,5397565.0,2025-01-07 04:00
1736236800000,0.38537,0.39546,0.38406,0.38832,12375369.0,2025-01-07 08:00
1736251200000,0.38833,0.39376,0.36909,0.37814,34510511.0,2025-01-07 12:00
1736265600000,0.37813,0.38247,0.36756,0.37231,16261516.0,2025-01-07 16:00
1736280000000,0.37239,0.37743,0.36142,0.36394,20258485.0,2025-01-07 20:00
1736294400000,0.36396,0.36758,0.34854,0.35042,18048423.0,2025-01-08 00:00
1736308800000,0.35041,0.35197,0.3369,0.34038,13184406.0,2025-01-08 04:00
1736323200000,0.34035,0.34693,0.3355,0.33929,9446396.0,2025-01-08 08:00
1736337600000,0.33928,0.3446,0.33415,0.33654,11933767.0,2025-01-08 12:00
1736352000000,0.33658,0.33695,0.30668,0.32247,36149211.0,2025-01-08 16:00
1736366400000,0.32249,0.35897,0.31704,0.35488,26602538.0,2025-01-08 20:00
1736380800000,0.35484,0.35484,0.3332,0.33488,18794876.0,2025-01-09 00:00
1736395200000,0.33489,0.33931,0.32165,0.32341,10913412.0,2025-01-09 04:00
1736409600000,0.32346,0.33001,0.32001,0.32349,10808367.0,2025-01-09 08:00
1736424000000,0.3235,0.32585,0.30699,0.3186,24082228.0,2025-01-09 12:00
1736438400000,0.31859,0.32519,0.30637,0.30682,18363227.0,2025-01-09 16:00
1736452800000,0.30693,0.3107,0.30094,0.30711,13177415.0,2025-01-09 20:00
1736467200000,0.30713,0.3135,0.30386,0.31073,13821444.0,2025-01-10 00:00
1736481600000,0.31074,0.33614,0.30813,0.33325,21914825.0,2025-01-10 04:00
1736496000000,0.33335,0.33666,0.32648,0.33025,18792515.0,2025-01-10 08:00
1736510400000,0.33026,0.33475,0.31454,0.32082,35140199.0,2025-01-10 12:00
1736524800000,0.3209,0.33421,0.31474,0.33014,19238017.0,2025-01-10 16:00
1736539200000,0.33023,0.33077,0.31956,0.32042,10595260.0,2025-01-10 20:00
1736553600000,0.3204,0.32158,0.31338,0.31425,7448858.0,2025-01-11 00:00
1736568000000,0.31434,0.31794,0.31138,0.31301,7035744.0,2025-01-11 04:00
1736582400000,0.31303,0.31515,0.31091,0.31322,8004148.0,2025-01-11 08:00
1736596800000,0.31327,0.31423,0.3075,0.3092,10362695.0,2025-01-11 12:00
1736611200000,0.3093,0.31201,0.3055,0.30755,6314884.0,2025-01-11 16:00
1736625600000,0.30758,0.32408,0.30655,0.31352,10206821.0,2025-01-11 20:00
1736640000000,0.31354,0.31398,0.30841,0.31068,6288074.0,2025-01-12 00:00
1736654400000,0.3107,0.31158,0.30555,0.3072,5106144.0,2025-01-12 04:00
1736668800000,0.3072,0.30782,0.30206,0.30445,7134950.0,2025-01-12 08:00
1736683200000,0.30443,0.31078,0.30121,0.30885,8945947.0,2025-01-12 12:00
1736697600000,0.30886,0.31016,0.30216,0.30272,5117876.0,2025-01-12 16:00
1736712000000,0.30273,0.30436,0.29673,0.30105,7650707.0,2025-01-12 20:00
1736726400000,0.30109,0.31045,0.29168,0.29266,13510210.0,2025-01-13 00:00
1736740800000,0.29269,0.29451,0.28391,0.28756,17665823.0,2025-01-13 04:00
1736755200000,0.28755,0.28806,0.26694,0.26726,19799963.0,2025-01-13 08:00
1736769600000,0.26728,0.2875,0.2663,0.28238,29231266.0,2025-01-13 12:00
1736784000000,0.28247,0.28382,0.27188,0.27634,14869448.0,2025-01-13 16:00
1736798400000,0.27632,0.29427,0.27386,0.2934,15315556.0,2025-01-13 20:00
1736812800000,0.29344,0.2968,0.288,0.2917,9470789.0,2025-01-14 00:00
1736827200000,0.29172,0.29857,0.28868,0.28909,8070793.0,2025-01-14 04:00
1736841600000,0.28922,0.304,0.28922,0.29379,11568108.0,2025-01-14 08:00
1736856000000,0.29375,0.30359,0.2897,0.29809,17108553.0,2025-01-14 12:00
1736870400000,0.29806,0.3,0.29288,0.29857,11080011.0,2025-01-14 16:00
1736884800000,0.29849,0.30284,0.2943,0.29776,9394552.0,2025-01-14 20:00
1736899200000,0.29783,0.30033,0.29058,0.29753,11135935.0,2025-01-15 00:00
1736913600000,0.2976,0.30025,0.29235,0.29689,7695807.0,2025-01-15 04:00
1736928000000,0.29687,0.29925,0.28542,0.28888,15771924.0,2025-01-15 08:00
1736942400000,0.2889,0.32053,0.28694,0.31328,31809360.0,2025-01-15 12:00
1736956800000,0.31329,0.31824,0.30875,0.31573,10229018.0,2025-01-15 16:00
1736971200000,0.31573,0.32388,0.31493,0.3215,9781781.0,2025-01-15 20:00
1736985600000,0.32138,0.32256,0.31087,0.31297,10324139.0,2025-01-16 00:00
1737000000000,0.31299,0.31559,0.31111,0.31347,6957949.0,2025-01-16 04:00
1737014400000,0.31347,0.31445,0.30537,0.31234,7777354.0,2025-01-16 08:00
1737028800000,0.3124,0.32089,0.30501,0.3152,21379747.0,2025-01-16 12:00
1737043200000,0.31516,0.33372,0.31492,0.32818,25518268.0,2025-01-16 16:00
1737057600000,0.32815,0.33104,0.31249,0.31526,12361042.0,2025-01-16 20:00
1737072000000,0.31531,0.33,0.31485,0.32413,12691592.0,2025-01-17 00:00
1737086400000,0.32413,0.32756,0.32221,0.32432,7338399.0,2025-01-17 04:00
1737100800000,0.32419,0.33422,0.32247,0.32973,15029315.0,2025-01-17 08:00
1737115200000,0.32973,0.34066,0.32668,0.33342,20822780.0,2025-01-17 12:00
1737129600000,0.33352,0.33772,0.32173,0.32416,13449057.0,2025-01-17 16:00
1737144000000,0.32422,0.332,0.32208,0.32679,14088772.0,2025-01-17 20:00
1737158400000,0.32682,0.33211,0.31175,0.31264,14935620.0,2025-01-18 00:00
1737172800000,0.31271,0.3147,0.29767,0.29861,15545284.0,2025-01-18 04:00
1737187200000,0.29857,0.30122,0.2919,0.29809,14653108.0,2025-01-18 08:00
1737201600000,0.2981,0.29947,0.28854,0.29442,13783606.0,2025-01-18 12:00
1737216000000,0.29445,0.29719,0.28746,0.29473,18505952.0,2025-01-18 16:00
1737230400000,0.29466,0.29757,0.28793,0.29494,13225394.0,2025-01-18 20:00
1737244800000,0.29496,0.30919,0.29237,0.3002,12575131.0,2025-01-19 00:00
1737259200000,0.3002,0.3012,0.29342,0.29518,13714159.0,2025-01-19 04:00
1737273600000,0.29519,0.29567,0.27181,0.27446,33672058.0,2025-01-19 08:00
1737288000000,0.27451,0.29199,0.27356,0.28961,26317940.0,2025-01-19 12:00
1737302400000,0.28956,0.29524,0.28646,0.29458,10553721.0,2025-01-19 16:00
1737316800000,0.29472,0.29667,0.25146,0.25757,60917689.0,2025-01-19 20:00
1737331200000,0.25755,0.25781,0.23846,0.24248,56835356.0,2025-01-20 00:00
1737345600000,0.24245,0.27114,0.2387,0.26183,43399193.0,2025-01-20 04:00
1737360000000,0.26181,0.26501,0.24856,0.25206,17444594.0,2025-01-20 08:00
1737374400000,0.25207,0.25223,0.23635,0.23728,29888327.0,2025-01-20 12:00
1737388800000,0.2374,0.24392,0.22244,0.2344,60419000.0,2025-01-20 16:00
1737403200000,0.23439,0.23816,0.22671,0.2326,15421062.0,2025-01-20 20:00
1737417600000,0.23258,0.23537,0.22562,0.23019,17891908.0,2025-01-21 00:00
1737432000000,0.23023,0.23327,0.22493,0.22777,14702245.0,2025-01-21 04:00
1737446400000,0.22777,0.2424,0.22541,0.2417,14082557.0,2025-01-21 08:00
1737460800000,0.24161,0.24267,0.23513,0.24093,14810472.0,2025-01-21 12:00
1737475200000,0.24092,0.26055,0.2404,0.25466,20433519.0,2025-01-21 16:00
1737489600000,0.25469,0.25592,0.24668,0.24893,10060414.0,2025-01-21 20:00
1737504000000,0.24893,0.25017,0.24285,0.24796,9194410.0,2025-01-22 00:00
1737518400000,0.2479,0.25056,0.24531,0.24587,6502023.0,2025-01-22 04:00
1737532800000,0.24593,0.2488,0.24287,0.24695,7860088.0,2025-01-22 08:00
1737547200000,0.24696,0.24766,0.24138,0.24509,9840893.0,2025-01-22 12:00
1737561600000,0.24513,0.25108,0.24321,0.24603,11806783.0,2025-01-22 16:00
1737576000000,0.24598,0.24949,0.2393,0.24084,9692080.0,2025-01-22 20:00
1737590400000,0.24094,0.24158,0.23334,0.23609,7878438.0,2025-01-23 00:00
1737604800000,0.23611,0.24037,0.23283,0.23983,6924828.0,2025-01-23 04:00
1737619200000,0.23981,0.24027,0.23166,0.23387,6032241.0,2025-01-23 08:00
1737633600000,0.23382,0.2402,0.22925,0.23498,16318814.0,2025-01-23 12:00
1737648000000,0.23502,0.24022,0.22301,0.22386,14923470.0,2025-01-23 16:00
1737662400000,0.22381,0.23285,0.22053,0.22921,20768302.0,2025-01-23 20:00
1737676800000,0.22923,0.23082,0.21784,0.22128,11544428.0,2025-01-24 00:00
1737691200000,0.22116,0.23456,0.22007,0.23039,10226337.0,2025-01-24 04:00
1737705600000,0.23035,0.23265,0.22808,0.23139,8586564.0,2025-01-24 08:00
1737720000000,0.23138,0.23248,0.2258,0.22808,11808598.0,2025-01-24 12:00
1737734400000,0.22808,0.22851,0.22327,0.22405,10067525.0,2025-01-24 16:00
1737748800000,0.22408,0.22472,0.21336,0.21499,12843860.0,2025-01-24 20:00
1737763200000,0.21499,0.21566,0.20791,0.21477,14545570.0,2025-01-25 00:00
1737777600000,0.21474,0.21474,0.20766,0.20793,5780477.0,2025-01-25 04:00
1737792000000,0.20793,0.21308,0.20436,0.21234,8613651.0,2025-01-25 08:00
1737806400000,0.21229,0.21699,0.20942,0.21522,8058814.0,2025-01-25 12:00
1737820800000,0.2152,0.21595,0.2107,0.21162,6925863.0,2025-01-25 16:00
1737835200000,0.21165,0.21403,0.20998,0.21041,5982442.0,2025-01-25 20:00
1737849600000,0.21042,0.21575,0.20972,0.21419,5047252.0,2025-01-26 00:00
1737864000000,0.21417,0.2159,0.21076,0.21199,5645954.0,2025-01-26 04:00
1737878400000,0.21203,0.21597,0.20899,0.21543,6773280.0,2025-01-26 08:00
1737892800000,0.21548,0.2212,0.21393,0.21821,10165953.0,2025-01-26 12:00
1737907200000,0.21821,0.21904,0.21618,0.21744,4516503.0,2025-01-26 16:00
1737921600000,0.21746,0.21799,0.20401,0.20441,12189724.0,2025-01-26 20:00
1737936000000,0.2043,0.20616,0.19226,0.1966,21954560.0,2025-01-27 00:00
1737950400000,0.1966,0.1969,0.17845,0.18291,28123928.0,2025-01-27 04:00
1737964800000,0.18285,0.18402,0.17785,0.18019,21666303.0,2025-01-27 08:00
1737979200000,0.18019,0.19759,0.17916,0.19494,29402725.0,2025-01-27 12:00
1737993600000,0.19502,0.1988,0.19026,0.19428,22158349.0,2025-01-27 16:00
1738008000000,0.19429,0.20741,0.19424,0.2037,19930034.0,2025-01-27 20:00
1738022400000,0.20372,0.20686,0.1986,0.20406,12372248.0,2025-01-28 00:00
1738036800000,0.20406,0.20842,0.2009,0.20152,7528169.0,2025-01-28 04:00
1738051200000,0.20155,0.20342,0.19822,0.19937,8896728.0,2025-01-28 08:00
1738065600000,0.19939,0.2023,0.19584,0.19923,13656892.0,2025-01-28 12:00
1738080000000,0.19915,0.1994,0.1917,0.19257,8768260.0,2025-01-28 16:00
1738094400000,0.19258,0.19397,0.18015,0.18219,22154548.0,2025-01-28 20:00
1738108800000,0.18222,0.18825,0.17983,0.18685,13477760.0,2025-01-29 00:00
1738123200000,0.18685,0.19365,0.18608,0.19217,10100767.0,2025-01-29 04:00
1738137600000,0.19212,0.19492,0.1888,0.19108,6728973.0,2025-01-29 08:00
1738152000000,0.19111,0.19157,0.18426,0.18781,11229241.0,2025-01-29 12:00
1738166400000,0.18775,0.19956,0.18549,0.19542,21546983.0,2025-01-29 16:00
1738180800000,0.19538,0.20655,0.19308,0.19416,22368511.0,2025-01-29 20:00
1738195200000,0.19419,0.20818,0.19144,0.2081,13278061.0,2025-01-30 00:00
1738209600000,0.20803,0.21542,0.20314,0.21469,27153763.0,2025-01-30 04:00
1738224000000,0.2147,0.22088,0.21014,0.21952,51326230.0,2025-01-30 08:00
1738238400000,0.21953,0.23,0.21501,0.22583,56670742.0,2025-01-30 12:00
1738252800000,0.22575,0.23545,0.22282,0.22574,47783284.0,2025-01-30 16:00
1738267200000,0.22579,0.22884,0.22163,0.22315,19174171.0,2025-01-30 20:00
1738281600000,0.22315,0.22817,0.22128,0.22364,19144988.0,2025-01-31 00:00
1738296000000,0.22363,0.22931,0.22066,0.22523,21371075.0,2025-01-31 04:00
1738310400000,0.22527,0.23931,0.22358,0.23842,20429435.0,2025-01-31 08:00
1738324800000,0.23847,0.23906,0.22924,0.23774,25909845.0,2025-01-31 12:00
1738339200000,0.2377,0.23843,0.2223,0.22531,17223254.0,2025-01-31 16:00
1738353600000,0.22526,0.22596,0.22144,0.22444,9346188.0,2025-01-31 20:00
1738368000000,0.22443,0.22563,0.21969,0.22102,12611071.0,2025-02-01 00:00
1738382400000,0.22102,0.22347,0.21944,0.22046,7770047.0,2025-02-01 04:00
1738396800000,0.2204,0.22231,0.21262,0.2151,16916641.0,2025-02-01 08:00
1738411200000,0.21512,0.21615,0.20862,0.20979,11617509.0,2025-02-01 12:00
1738425600000,0.2098,0.21124,0.20064,0.20157,15629320.0,2025-02-01 16:00
1738440000000,0.20157,0.20194,0.19339,0.1946,15312892.0,2025-02-01 20:00
1738454400000,0.19457,0.20024,0.18708,0.18747,28271558.0,2025-02-02 00:00
1738468800000,0.18748,0.19539,0.1868,0.19229,54126334.0,2025-02-02 04:00
1738483200000,0.19229,0.19782,0.18853,0.18942,67306333.0,2025-02-02 08:00
1738497600000,0.18944,0.19384,0.18682,0.18983,37998912.0,2025-02-02 12:00
1738512000000,0.18982,0.18994,0.16375,0.17367,55809800.0,2025-02-02 16:00
1738526400000,0.17371,0.17764,0.15483,0.16771,43578897.0,2025-02-02 20:00
1738540800000,0.16773,0.16778,0.11856,0.13782,161248661.0,2025-02-03 00:00
1738555200000,0.13785,0.14792,0.1321,0.14713,59762064.0,2025-02-03 04:00
1738569600000,0.14706,0.15188,0.14327,0.14742,42704353.0,2025-02-03 08:00
1738584000000,0.14743,0.16602,0.13867,0.16251,94900602.0,2025-02-03 12:00
1738598400000,0.16248,0.16879,0.15766,0.16623,54030568.0,2025-02-03 16:00
1738612800000,0.16621,0.17598,0.16178,0.17194,72695294.0,2025-02-03 20:00
1738627200000,0.17195,0.17373,0.14993,0.15046,41492444.0,2025-02-04 00:00
1738641600000,0.15046,0.15083,0.13063,0.13532,115689831.0,2025-02-04 04:00
1738656000000,0.13529,0.14407,0.13253,0.1394,77082146.0,2025-02-04 08:00
1738670400000,0.13939,0.14796,0.13916,0.14341,74242877.0,2025-02-04 12:00
1738684800000,0.14348,0.14856,0.13924,0.1403,63941992.0,2025-02-04 16:00
1738699200000,0.1403,0.14383,0.13446,0.14192,76376632.0,2025-02-04 20:00
1738713600000,0.14193,0.14583,0.13939,0.14332,43526691.0,2025-02-05 00:00
1738728000000,0.14332,0.14359,0.13876,0.13964,27628121.0,2025-02-05 04:00
1738742400000,0.13964,0.14179,0.13667,0.14037,24952521.0,2025-02-05 08:00
1738756800000,0.14042,0.14207,0.13644,0.13794,29756579.0,2025-02-05 12:00
1738771200000,0.13795,0.13866,0.13041,0.13608,51047445.0,2025-02-05 16:00
1738785600000,0.13613,0.13667,0.1279,0.1311,28079724.0,2025-02-05 20:00
1738800000000,0.13113,0.13457,0.12908,0.13267,23879160.0,2025-02-06 00:00
1738814400000,0.13267,0.13631,0.13148,0.13272,21231607.0,2025-02-06 04:00
1738828800000,0.13271,0.13352,0.13032,0.13312,24711856.0,2025-02-06 08:00
1738843200000,0.13312,0.13421,0.12424,0.12522,50048791.0,2025-02-06 12:00
1738857600000,0.12522,0.12806,0.12107,0.12262,48988613.0,2025-02-06 16:00
1738872000000,0.12262,0.12618,0.1215,0.12269,24059818.0,2025-02-06 20:00
1738886400000,0.1227,0.12994,0.1225,0.12619,25514825.0,2025-02-07 00:00
1738900800000,0.12622,0.12825,0.12233,0.12598,17783551.0,2025-02-07 04:00
1738915200000,0.12599,0.13133,0.12511,0.13064,19922821.0,2025-02-07 08:00
1738929600000,0.13064,0.13825,0.12925,0.13092,50375166.0,2025-02-07 12:00
1738944000000,0.13093,0.13106,0.12466,0.12573,33519697.0,2025-02-07 16:00
1738958400000,0.12574,0.12597,0.1155,0.12045,42568487.0,2025-02-07 20:00
1738972800000,0.12045,0.12361,0.11984,0.12133,19144629.0,2025-02-08 00:00
1738987200000,0.12132,0.12453,0.11987,0.12273,15674413.0,2025-02-08 04:00
1739001600000,0.12275,0.12325,0.12048,0.12162,13874330.0,2025-02-08 08:00
1739016000000,0.12161,0.12504,0.12006,0.12276,20019648.0,2025-02-08 12:00
1739030400000,0.12276,0.13249,0.12137,0.13062,30415626.0,2025-02-08 16:00
1739044800000,0.13062,0.13208,0.12835,0.13102,14620974.0,2025-02-08 20:00
1739059200000,0.131,0.13772,0.13008,0.1363,20997760.0,2025-02-09 00:00
1739073600000,0.13631,0.13631,0.13219,0.13556,15800382.0,2025-02-09 04:00
1739088000000,0.13555,0.13732,0.13198,0.13206,18878772.0,2025-02-09 08:00
1739102400000,0.1321,0.13341,0.12745,0.13107,27142927.0,2025-02-09 12:00
1739116800000,0.13106,0.13223,0.12762,0.12825,13867129.0,2025-02-09 16:00
1739131200000,0.12824,0.131,0.12175,0.12906,29978408.0,2025-02-09 20:00
1739145600000,0.12906,0.13281,0.12493,0.13042,28846665.0,2025-02-10 00:00
1739160000000,0.13041,0.13623,0.12946,0.13352,22282943.0,2025-02-10 04:00
1739174400000,0.13352,0.13735,0.13276,0.13535,27890055.0,2025-02-10 08:00
1739188800000,0.13532,0.13892,0.13257,0.13546,30495959.0,2025-02-10 12:00
1739203200000,0.13544,0.13902,0.1347,0.13681,23786283.0,2025-02-10 16:00
1739217600000,0.13682,0.1381,0.13272,0.13376,12177344.0,2025-02-10 20:00
1739232000000,0.13375,0.14074,0.13336,0.13738,23720198.0,2025-02-11 00:00
1739246400000,0.13737,0.14525,0.137,0.14196,19543861.0,2025-02-11 04:00
1739260800000,0.14195,0.1429,0.13817,0.13942,17643214.0,2025-02-11 08:00
1739275200000,0.1394,0.13951,0.13025,0.13338,28341161.0,2025-02-11 12:00
1739289600000,0.1334,0.13456,0.12774,0.12887,19117047.0,2025-02-11 16:00
1739304000000,0.12888,0.13174,0.12801,0.13133,19026004.0,2025-02-11 20:00
1739318400000,0.13133,0.13358,0.12979,0.1313,19671136.0,2025-02-12 00:00
1739332800000,0.13129,0.13197,0.12927,0.13026,11795110.0,2025-02-12 04:00
1739347200000,0.13024,0.13148,0.12852,0.1302,12450836.0,2025-02-12 08:00
1739361600000,0.1302,0.13257,0.12297,0.12778,43491385.0,2025-02-12 12:00
1739376000000,0.12778,0.13764,0.12555,0.13706,30895938.0,2025-02-12 16:00
1739390400000,0.13706,0.1421,0.13474,0.14023,25173387.0,2025-02-12 20:00
1739404800000,0.14022,0.14306,0.13837,0.14276,15689773.0,2025-02-13 00:00
1739419200000,0.14274,0.14286,0.136,0.13634,14139724.0,2025-02-13 04:00
1739433600000,0.13633,0.13894,0.13515,0.13854,14329069.0,2025-02-13 08:00
1739448000000,0.13855,0.13902,0.1335,0.13613,18326965.0,2025-02-13 12:00
1739462400000,0.13611,0.1375,0.13317,0.13558,17860591.0,2025-02-13 16:00
1739476800000,0.1356,0.13769,0.13548,0.13704,9369244.0,2025-02-13 20:00
1739491200000,0.13704,0.13923,0.13577,0.13882,9199814.0,2025-02-14 00:00
1739505600000,0.13883,0.13895,0.13588,0.13764,6601625.0,2025-02-14 04:00
1739520000000,0.13764,0.1439,0.13709,0.13899,16627604.0,2025-02-14 08:00
1739534400000,0.13898,0.14264,0.13684,0.14072,14305200.0,2025-02-14 12:00
1739548800000,0.14071,0.14468,0.13888,0.14204,16232138.0,2025-02-14 16:00
1739563200000,0.14204,0.14308,0.13695,0.13974,12660902.0,2025-02-14 20:00
1739577600000,0.13974,0.14147,0.1376,0.14103,5781271.0,2025-02-15 00:00
1739592000000,0.14102,0.1414,0.13604,0.13728,5371804.0,2025-02-15 04:00
1739606400000,0.13729,0.13832,0.13395,0.13471,5216492.0,2025-02-15 08:00
1739620800000,0.1347,0.13579,0.13041,0.13092,8554687.0,2025-02-15 12:00
1739635200000,0.13091,0.13197,0.12942,0.12955,5716467.0,2025-02-15 16:00
1739649600000,0.12954,0.13112,0.12837,0.13014,6161069.0,2025-02-15 20:00
1739664000000,0.13014,0.1311,0.12684,0.12831,6634249.0,2025-02-16 00:00
1739678400000,0.12833,0.12973,0.12742,0.12798,3945938.0,2025-02-16 04:00
1739692800000,0.12797,0.12967,0.12632,0.12942,9604938.0,2025-02-16 08:00
1739707200000,0.12941,0.12974,0.12466,0.12709,11816633.0,2025-02-16 12:00
1739721600000,0.12706,0.12774,0.12346,0.12477,6116576.0,2025-02-16 16:00
1739736000000,0.12476,0.12648,0.12398,0.1248,5994939.0,2025-02-16 20:00
1739750400000,0.12478,0.12793,0.1242,0.12542,7327987.0,2025-02-17 00:00
1739764800000,0.1254,0.12556,0.12089,0.12107,11045950.0,2025-02-17 04:00
1739779200000,0.12105,0.12543,0.12018,0.12468,11601096.0,2025-02-17 08:00
1739793600000,0.12468,0.12796,0.12135,0.12194,14191312.0,2025-02-17 12:00
1739808000000,0.12193,0.12273,0.11579,0.1181,14550492.0,2025-02-17 16:00
1739822400000,0.11808,0.12298,0.11793,0.12018,8436747.0,2025-02-17 20:00
1739836800000,0.12017,0.1211,0.11831,0.11891,6169205.0,2025-02-18 00:00
1739851200000,0.11889,0.11945,0.11082,0.1122,18572314.0,2025-02-18 04:00
1739865600000,0.11226,0.11438,0.10962,0.11317,13107226.0,2025-02-18 08:00
1739880000000,0.11315,0.11599,0.11082,0.11096,18440072.0,2025-02-18 12:00
1739894400000,0.11096,0.11276,0.107,0.11142,22854267.0,2025-02-18 16:00
1739908800000,0.11139,0.11737,0.10997,0.11677,18696383.0,2025-02-18 20:00
1739923200000,0.11678,0.11778,0.11432,0.11694,13109438.0,2025-02-19 00:00
1739937600000,0.11695,0.12046,0.11496,0.11937,11135872.0,2025-02-19 04:00
1739952000000,0.11936,0.12264,0.1185,0.12147,14593912.0,2025-02-19 08:00
1739966400000,0.12145,0.12174,0.11793,0.11884,13981009.0,2025-02-19 12:00
1739980800000,0.11888,0.12202,0.11824,0.1195,10977048.0,2025-02-19 16:00
1739995200000,0.11952,0.12152,0.11762,0.12052,7651002.0,2025-02-19 20:00
1740009600000,0.12051,0.12327,0.1192,0.12292,11854446.0,2025-02-20 00:00
1740024000000,0.1229,0.12805,0.12258,0.12489,25237265.0,2025-02-20 04:00
1740038400000,0.12488,0.12893,0.12325,0.12757,13600148.0,2025-02-20 08:00
1740052800000,0.12756,0.12838,0.12401,0.12448,15861816.0,2025-02-20 12:00
1740067200000,0.12445,0.1299,0.12411,0.12943,19738424.0,2025-02-20 16:00
1740081600000,0.1294,0.13222,0.12824,0.13187,13581626.0,2025-02-20 20:00
1740096000000,0.13187,0.13402,0.13035,0.133,13388638.0,2025-02-21 00:00
1740110400000,0.133,0.13748,0.13295,0.13377,16839439.0,2025-02-21 04:00
1740124800000,0.13377,0.13953,0.13376,0.13603,16673431.0,2025-02-21 08:00
1740139200000,0.13602,0.13914,0.12979,0.13155,25629596.0,2025-02-21 12:00
1740153600000,0.1316,0.13478,0.12395,0.12465,22382948.0,2025-02-21 16:00
1740168000000,0.12462,0.12652,0.12256,0.12404,14032370.0,2025-02-21 20:00
1740182400000,0.12405,0.12596,0.1231,0.12394,9221016.0,2025-02-22 00:00
1740196800000,0.12394,0.12624,0.12352,0.12445,9752912.0,2025-02-22 04:00
1740211200000,0.12444,0.12865,0.12435,0.12809,9727274.0,2025-02-22 08:00
1740225600000,0.1281,0.13315,0.12744,0.13286,11523273.0,2025-02-22 12:00
1740240000000,0.13287,0.13492,0.13099,0.13108,11622139.0,2025-02-22 16:00
1740254400000,0.1311,0.141,0.13038,0.13684,25302252.0,2025-02-22 20:00
1740268800000,0.13689,0.15131,0.13662,0.14516,99634987.0,2025-02-23 00:00
1740283200000,0.14516,0.14542,0.13822,0.14424,38020810.0,2025-02-23 04:00
1740297600000,0.14423,0.15058,0.141,0.14123,64651122.0,2025-02-23 08:00
1740312000000,0.14123,0.14183,0.13654,0.13688,33667063.0,2025-02-23 12:00
1740326400000,0.13693,0.14422,0.13668,0.14134,39667315.0,2025-02-23 16:00
1740340800000,0.14134,0.143,0.13417,0.13803,35221466.0,2025-02-23 20:00
1740355200000,0.13804,0.14101,0.13112,0.13184,31282757.0,2025-02-24 00:00
1740369600000,0.13184,0.1346,0.12928,0.1323,20486470.0,2025-02-24 04:00
1740384000000,0.13231,0.13231,0.12633,0.12971,20566455.0,2025-02-24 08:00
1740398400000,0.12968,0.13061,0.12262,0.12465,32872295.0,2025-02-24 12:00
1740412800000,0.12467,0.1269,0.12107,0.12205,18356604.0,2025-02-24 16:00
1740427200000,0.12211,0.12459,0.11103,0.11247,41218430.0,2025-02-24 20:00
1740441600000,0.11246,0.11482,0.10873,0.11197,28744055.0,2025-02-25 00:00
1740456000000,0.11198,0.11389,0.10606,0.10987,38988196.0,2025-02-25 04:00
1740470400000,0.10986,0.11622,0.10843,0.11499,49992988.0,2025-02-25 08:00
1740484800000,0.115,0.11775,0.11203,0.11644,37057712.0,2025-02-25 12:00
1740499200000,0.1165,0.12024,0.11451,0.1188,35288143.0,2025-02-25 16:00
1740513600000,0.1188,0.12221,0.1176,0.11962,27751917.0,2025-02-25 20:00
1740528000000,0.11963,0.12456,0.11839,0.1228,14343471.0,2025-02-26 00:00
1740542400000,0.12279,0.12466,0.11977,0.12019,21175074.0,2025-02-26 04:00
1740556800000,0.12019,0.12134,0.11796,0.11899,16630485.0,2025-02-26 08:00
1740571200000,0.11901,0.12408,0.11619,0.12209,27597788.0,2025-02-26 12:00
1740585600000,0.1221,0.12323,0.11306,0.11457,37563157.0,2025-02-26 16:00
1740600000000,0.11459,0.12336,0.11358,0.12073,27531342.0,2025-02-26 20:00
1740614400000,0.12075,0.12249,0.1189,0.12163,16122413.0,2025-02-27 00:00
1740628800000,0.12162,0.12348,0.11954,0.12191,11009242.0,2025-02-27 04:00
1740643200000,0.12192,0.12263,0.11963,0.12103,13319301.0,2025-02-27 08:00
1740657600000,0.12103,0.12159,0.11713,0.11948,19746611.0,2025-02-27 12:00
1740672000000,0.11948,0.12045,0.11608,0.1166,12924123.0,2025-02-27 16:00
1740686400000,0.1166,0.11809,0.11457,0.11746,11643754.0,2025-02-27 20:00
1740700800000,0.11746,0.11789,0.1081,0.10864,30028072.0,2025-02-28 00:00
1740715200000,0.10865,0.10985,0.10656,0.10807,22091517.0,2025-02-28 04:00
1740729600000,0.10805,0.1117,0.10636,0.11002,20796124.0,2025-02-28 08:00
1740744000000,0.11001,0.11958,0.10957,0.11831,30560092.0,2025-02-28 12:00
1740758400000,0.11831,0.12139,0.11753,0.12034,20760481.0,2025-02-28 16:00
1740772800000,0.12035,0.12257,0.11886,0.11991,9064048.0,2025-02-28 20:00
1740787200000,0.11994,0.12114,0.11772,0.11943,8837453.0,2025-03-01 00:00
1740801600000,0.11943,0.12117,0.11664,0.11712,7614628.0,2025-03-01 04:00
1740816000000,0.11714,0.11922,0.11525,0.11591,13305640.0,2025-03-01 08:00
1740830400000,0.11591,0.11702,0.11415,0.11526,9714297.0,2025-03-01 12:00
1740844800000,0.11526,0.11583,0.1138,0.11487,6544429.0,2025-03-01 16:00
1740859200000,0.11484,0.11717,0.11408,0.11597,7327064.0,2025-03-01 20:00
1740873600000,0.11598,0.1162,0.11366,0.11498,8244316.0,2025-03-02 00:00
1740888000000,0.11497,0.11695,0.11422,0.11509,8809276.0,2025-03-02 04:00
1740902400000,0.11508,0.11839,0.11432,0.117,10808640.0,2025-03-02 08:00
1740916800000,0.11701,0.12144,0.11348,0.11822,30073514.0,2025-03-02 12:00
1740931200000,0.11822,0.13156,0.11803,0.13063,50274427.0,2025-03-02 16:00
1740945600000,0.13066,0.13413,0.12957,0.13103,13920705.0,2025-03-02 20:00
1740960000000,0.13101,0.1314,0.1235,0.12484,15621531.0,2025-03-03 00:00
1740974400000,0.12485,0.12689,0.12101,0.12304,14165021.0,2025-03-03 04:00
1740988800000,0.12304,0.12333,0.11964,0.12169,12035010.0,2025-03-03 08:00
1741003200000,0.1217,0.12338,0.11687,0.11784,26858970.0,2025-03-03 12:00
1741017600000,0.11787,0.11892,0.10656,0.10711,42140275.0,2025-03-03 16:00
1741032000000,0.1072,0.10848,0.1027,0.10467,25463934.0,2025-03-03 20:00
1741046400000,0.1047,0.10595,0.09491,0.09896,55010489.0,2025-03-04 00:00
1741060800000,0.09896,0.10089,0.09806,0.09864,15946728.0,2025-03-04 04:00
1741075200000,0.09864,0.09974,0.09617,0.09691,18445135.0,2025-03-04 08:00
1741089600000,0.09691,0.0993,0.09223,0.096,77763084.0,2025-03-04 12:00
1741104000000,0.09599,0.10123,0.08987,0.10105,53996670.0,2025-03-04 16:00
1741118400000,0.10105,0.10257,0.09847,0.10002,23647632.0,2025-03-04 20:00
1741132800000,0.1,0.10054,0.0971,0.09716,16176760.0,2025-03-05 00:00
1741147200000,0.09719,0.09883,0.09695,0.09856,9795678.0,2025-03-05 04:00
1741161600000,0.09856,0.10342,0.09826,0.09903,19627837.0,2025-03-05 08:00
1741176000000,0.09905,0.10037,0.0972,0.09884,15626063.0,2025-03-05 12:00
1741190400000,0.09885,0.10418,0.09703,0.10372,12943547.0,2025-03-05 16:00
1741204800000,0.10374,0.10657,0.10361,0.10457,9596870.0,2025-03-05 20:00
1741219200000,0.10458,0.10616,0.10283,0.10514,15545994.0,2025-03-06 00:00
1741233600000,0.10515,0.10668,0.10367,0.10404,11082103.0,2025-03-06 04:00
1741248000000,0.10404,0.10656,0.10293,0.10649,11920003.0,2025-03-06 08:00
1741262400000,0.1065,0.11744,0.1032,0.11395,138156675.0,2025-03-06 12:00
1741276800000,0.11397,0.11689,0.11041,0.11415,130055298.0,2025-03-06 16:00
1741291200000,0.11414,0.11742,0.11225,0.11334,70822014.0,2025-03-06 20:00
1741305600000,0.11334,0.11525,0.10556,0.1112,96506045.0,2025-03-07 00:00
1741320000000,0.11121,0.11563,0.11052,0.11232,41407890.0,2025-03-07 04:00
1741334400000,0.11232,0.11579,0.11151,0.11545,35369300.0,2025-03-07 08:00
1741348800000,0.11545,0.11681,0.11176,0.1132,56814825.0,2025-03-07 12:00
1741363200000,0.11323,0.11515,0.10867,0.11193,33808441.0,2025-03-07 16:00
1741377600000,0.11192,0.11292,0.10573,0.10669,27962085.0,2025-03-07 20:00
1741392000000,0.10669,0.10794,0.1043,0.1063,14730451.0,2025-03-08 00:00
1741406400000,0.1063,0.10656,0.10446,0.10481,11324479.0,2025-03-08 04:00
1741420800000,0.1048,0.10558,0.10323,0.10398,12743441.0,2025-03-08 08:00
1741435200000,0.10399,0.10553,0.10196,0.10264,23275892.0,2025-03-08 12:00
1741449600000,0.10265,0.10389,0.09932,0.10352,18970639.0,2025-03-08 16:00
1741464000000,0.10353,0.10363,0.10015,0.10134,9563287.0,2025-03-08 20:00
1741478400000,0.10134,0.10203,0.09955,0.1,7835542.0,2025-03-09 00:00
1741492800000,0.10001,0.10175,0.0991,0.10135,10433738.0,2025-03-09 04:00
1741507200000,0.10135,0.1015,0.097,0.09821,17886400.0,2025-03-09 08:00
1741521600000,0.09821,0.09862,0.09384,0.09444,17565569.0,2025-03-09 12:00
1741536000000,0.09444,0.09495,0.08878,0.09157,29648995.0,2025-03-09 16:00
1741550400000,0.09157,0.09315,0.08953,0.09067,18498027.0,2025-03-09 20:00
1741564800000,0.09068,0.09505,0.08925,0.09225,20564899.0,2025-03-10 00:00
1741579200000,0.09224,0.09466,0.09211,0.0944,9333323.0,2025-03-10 04:00
1741593600000,0.0944,0.09845,0.09254,0.09654,19653733.0,2025-03-10 08:00
1741608000000,0.09655,0.09762,0.09036,0.09226,26511598.0,2025-03-10 12:00
1741622400000,0.09225,0.09263,0.08225,0.08661,44807368.0,2025-03-10 16:00
1741636800000,0.08663,0.08741,0.08471,0.08489,12387310.0,2025-03-10 20:00
1741651200000,0.0849,0.08626,0.07919,0.08482,30993652.0,2025-03-11 00:00
1741665600000,0.08479,0.08744,0.08456,0.08606,10504306.0,2025-03-11 04:00
1741680000000,0.08602,0.0885,0.08577,0.08741,11041982.0,2025-03-11 08:00
1741694400000,0.0874,0.08894,0.08278,0.08742,28271799.0,2025-03-11 12:00
1741708800000,0.08741,0.09193,0.08646,0.09147,23965521.0,2025-03-11 16:00
1741723200000,0.09141,0.09249,0.08885,0.08923,10901585.0,2025-03-11 20:00
1741737600000,0.08923,0.09166,0.08721,0.08734,8211188.0,2025-03-12 00:00
1741752000000,0.08734,0.09006,0.08605,0.08987,11104784.0,2025-03-12 04:00
1741766400000,0.0899,0.09224,0.08885,0.09065,14643257.0,2025-03-12 08:00
1741780800000,0.09064,0.09388,0.08693,0.0891,23850604.0,2025-03-12 12:00
1741795200000,0.08907,0.09187,0.08851,0.09092,24989059.0,2025-03-12 16:00
1741809600000,0.09089,0.0935,0.09063,0.09334,11134618.0,2025-03-12 20:00
1741824000000,0.09332,0.09526,0.09247,0.09375,14762173.0,2025-03-13 00:00
1741838400000,0.09371,0.09409,0.09102,0.09223,9899693.0,2025-03-13 04:00
1741852800000,0.09222,0.09586,0.09047,0.09514,15785100.0,2025-03-13 08:00
1741867200000,0.09511,0.09684,0.09199,0.09234,25348253.0,2025-03-13 12:00
1741881600000,0.09233,0.0926,0.08807,0.0894,21271222.0,2025-03-13 16:00
1741896000000,0.0894,0.09174,0.08783,0.09037,8734657.0,2025-03-13 20:00
1741910400000,0.09038,0.09317,0.08999,0.09233,8974283.0,2025-03-14 00:00
1741924800000,0.09234,0.09344,0.09145,0.09277,5890564.0,2025-03-14 04:00
1741939200000,0.09277,0.09491,0.09273,0.09438,6715412.0,2025-03-14 08:00
1741953600000,0.09437,0.09876,0.09361,0.0975,16577109.0,2025-03-14 12:00
1741968000000,0.0975,0.09883,0.09658,0.09736,8745055.0,2025-03-14 16:00
1741982400000,0.09735,0.0974,0.09534,0.09552,6384552.0,2025-03-14 20:00
1741996800000,0.09553,0.09816,0.09508,0.09792,6126121.0,2025-03-15 00:00
1742011200000,0.0979,0.09939,0.09631,0.09646,7775916.0,2025-03-15 04:00
1742025600000,0.09646,0.09787,0.09583,0.09744,5106446.0,2025-03-15 08:00
1742040000000,0.09742,0.10004,0.09711,0.09984,17689694.0,2025-03-15 12:00
1742054400000,0.09985,0.10035,0.09761,0.09895,9336177.0,2025-03-15 16:00
1742068800000,0.09895,0.10084,0.0988,0.09978,5091561.0,2025-03-15 20:00
1742083200000,0.0998,0.10053,0.09816,0.0992,4647070.0,2025-03-16 00:00
1742097600000,0.09918,0.09996,0.09842,0.09922,3719081.0,2025-03-16 04:00
1742112000000,0.09923,0.09976,0.09489,0.09504,10217364.0,2025-03-16 08:00
1742126400000,0.09502,0.09681,0.0938,0.09531,8742596.0,2025-03-16 12:00
1742140800000,0.09529,0.09788,0.09351,0.09383,9979027.0,2025-03-16 16:00
1742155200000,0.09384,0.09499,0.09254,0.09414,10196983.0,2025-03-16 20:00
1742169600000,0.09414,0.0979,0.09402,0.09738,8080854.0,2025-03-17 00:00
1742184000000,0.09738,0.09783,0.09507,0.09762,6040584.0,2025-03-17 04:00
1742198400000,0.09765,0.09867,0.09635,0.09817,6060950.0,2025-03-17 08:00
1742212800000,0.09818,0.10043,0.09656,0.09984,19982410.0,2025-03-17 12:00
1742227200000,0.09983,0.10447,0.09883,0.1038,23657726.0,2025-03-17 16:00
1742241600000,0.10379,0.10417,0.10179,0.1034,10768632.0,2025-03-17 20:00
1742256000000,0.10336,0.10375,0.10067,0.10137,16897683.0,2025-03-18 00:00
1742270400000,0.10136,0.10221,0.0996,0.0999,9844976.0,2025-03-18 04:00
1742284800000,0.09991,0.10198,0.09852,0.09919,10351335.0,2025-03-18 08:00
1742299200000,0.09917,0.10053,0.09732,0.09778,10094321.0,2025-03-18 12:00
1742313600000,0.09774,0.1,0.09685,0.09965,6634357.0,2025-03-18 16:00
1742328000000,0.09971,0.10481,0.09867,0.1046,10300055.0,2025-03-18 20:00
1742342400000,0.10458,0.10957,0.10382,0.108,25744001.0,2025-03-19 00:00
1742356800000,0.10802,0.10854,0.10612,0.10639,12697205.0,2025-03-19 04:00
1742371200000,0.10635,0.11032,0.1058,0.10879,18646254.0,2025-03-19 08:00
1742385600000,0.10875,0.11084,0.10696,0.10966,21282924.0,2025-03-19 12:00
1742400000000,0.1097,0.12,0.10689,0.11771,89103668.0,2025-03-19 16:00
1742414400000,0.1177,0.11896,0.1126,0.11676,57464064.0,2025-03-19 20:00
1742428800000,0.11676,0.11789,0.11398,0.115,21054283.0,2025-03-20 00:00
1742443200000,0.11499,0.11771,0.11459,0.1157,13769534.0,2025-03-20 04:00
1742457600000,0.11568,0.11947,0.11538,0.11622,28016543.0,2025-03-20 08:00
1742472000000,0.11623,0.11953,0.11334,0.11349,23227897.0,2025-03-20 12:00
1742486400000,0.11345,0.11438,0.11174,0.11273,14243178.0,2025-03-20 16:00
1742500800000,0.11269,0.11338,0.11055,0.11105,7693446.0,2025-03-20 20:00
1742515200000,0.11101,0.11231,0.10969,0.1098,8804862.0,2025-03-21 00:00
1742529600000,0.1098,0.11062,0.1088,0.10944,7255655.0,2025-03-21 04:00
1742544000000,0.10945,0.10973,0.10612,0.10697,10519212.0,2025-03-21 08:00
1742558400000,0.10697,0.1087,0.10629,0.10699,9411481.0,2025-03-21 12:00
1742572800000,0.107,0.10936,0.10664,0.10841,6079960.0,2025-03-21 16:00
1742587200000,0.1084,0.11007,0.10674,0.1072,5314201.0,2025-03-21 20:00
1742601600000,0.10719,0.10865,0.10667,0.10849,4282890.0,2025-03-22 00:00
1742616000000,0.1085,0.11241,0.10839,0.11125,8337184.0,2025-03-22 04:00
1742630400000,0.11125,0.11477,0.11053,0.11339,10608748.0,2025-03-22 08:00
1742644800000,0.11338,0.11356,0.11081,0.11294,7863236.0,2025-03-22 12:00
1742659200000,0.11293,0.11374,0.11256,0.11283,4952369.0,2025-03-22 16:00
1742673600000,0.11283,0.11356,0.11005,0.11072,5228365.0,2025-03-22 20:00
1742688000000,0.11072,0.11356,0.11015,0.11354,5502647.0,2025-03-23 00:00
1742702400000,0.11355,0.11356,0.11085,0.1127,3319046.0,2025-03-23 04:00
1742716800000,0.11269,0.11376,0.11177,0.11262,4348400.0,2025-03-23 08:00
1742731200000,0.11262,0.11314,0.11122,0.11154,5305518.0,2025-03-23 12:00
1742745600000,0.11156,0.11231,0.10982,0.11132,4615211.0,2025-03-23 16:00
1742760000000,0.1113,0.11461,0.11059,0.1146,6039825.0,2025-03-23 20:00
1742774400000,0.11463,0.11486,0.11055,0.11428,7479523.0,2025-03-24 00:00
1742788800000,0.11429,0.11767,0.11427,0.11619,7929000.0,2025-03-24 04:00
1742803200000,0.1162,0.11936,0.1162,0.11798,7819739.0,2025-03-24 08:00
1742817600000,0.11802,0.12021,0.11601,0.11922,11282831.0,2025-03-24 12:00
1742832000000,0.11922,0.11952,0.11778,0.11871,4808561.0,2025-03-24 16:00
1742846400000,0.11871,0.11913,0.11575,0.11691,4693086.0,2025-03-24 20:00
1742860800000,0.1169,0.11845,0.11352,0.11389,6461753.0,2025-03-25 00:00
1742875200000,0.11388,0.11492,0.11263,0.11334,6685979.0,2025-03-25 04:00
1742889600000,0.11333,0.11752,0.11311,0.11719,5230642.0,2025-03-25 08:00
1742904000000,0.11721,0.11794,0.11479,0.11696,5771302.0,2025-03-25 12:00
1742918400000,0.11693,0.11751,0.11514,0.11628,7657367.0,2025-03-25 16:00
1742932800000,0.11631,0.11757,0.11489,0.11651,4952254.0,2025-03-25 20:00
1742947200000,0.11651,0.11851,0.11464,0.11503,6060979.0,2025-03-26 00:00
1742961600000,0.11504,0.11965,0.11486,0.11952,6232660.0,2025-03-26 04:00
1742976000000,0.11951,0.12451,0.11919,0.12381,16615175.0,2025-03-26 08:00
1742990400000,0.12384,0.12684,0.11964,0.1202,35738852.0,2025-03-26 12:00
1743004800000,0.12017,0.12245,0.11712,0.11994,16474210.0,2025-03-26 16:00
1743019200000,0.11992,0.13386,0.11963,0.12414,61542551.0,2025-03-26 20:00
1743033600000,0.12416,0.13196,0.12387,0.13118,38841018.0,2025-03-27 00:00
1743048000000,0.13123,0.13479,0.12893,0.13068,69875586.0,2025-03-27 04:00
1743062400000,0.1307,0.13358,0.12719,0.12758,63383856.0,2025-03-27 08:00
1743076800000,0.12758,0.13107,0.12574,0.13038,39081387.0,2025-03-27 12:00
1743091200000,0.13039,0.13225,0.12936,0.13041,20194025.0,2025-03-27 16:00
1743105600000,0.13041,0.13258,0.1298,0.13011,9728622.0,2025-03-27 20:00
1743120000000,0.1301,0.13146,0.12891,0.13013,11111181.0,2025-03-28 00:00
1743134400000,0.13012,0.1309,0.11925,0.11939,38053201.0,2025-03-28 04:00
1743148800000,0.11937,0.12104,0.11632,0.11852,18957866.0,2025-03-28 08:00
1743163200000,0.11852,0.11988,0.11605,0.11817,16263531.0,2025-03-28 12:00
1743177600000,0.11819,0.11861,0.115,0.11545,10726475.0,2025-03-28 16:00
1743192000000,0.1155,0.11722,0.11374,0.11572,8986995.0,2025-03-28 20:00
1743206400000,0.11573,0.11774,0.11378,0.11674,9886815.0,2025-03-29 00:00
1743220800000,0.11677,0.11757,0.11181,0.11252,9081489.0,2025-03-29 04:00
1743235200000,0.11253,0.11395,0.10588,0.10714,20587938.0,2025-03-29 08:00
1743249600000,0.10717,0.10868,0.10551,0.10563,10723999.0,2025-03-29 12:00
1743264000000,0.10565,0.10711,0.10071,0.10235,24446439.0,2025-03-29 16:00
1743278400000,0.10234,0.10329,0.10022,0.10293,7661863.0,2025-03-29 20:00
1743292800000,0.10296,0.10927,0.10101,0.1063,18566998.0,2025-03-30 00:00
1743307200000,0.10631,0.10915,0.10527,0.10567,10498079.0,2025-03-30 04:00
1743321600000,0.1057,0.10711,0.10319,0.10388,7330192.0,2025-03-30 08:00
1743336000000,0.10389,0.10474,0.10173,0.10322,8338092.0,2025-03-30 12:00
1743350400000,0.10322,0.10466,0.10115,0.10349,6498352.0,2025-03-30 16:00
1743364800000,0.10345,0.10398,0.10053,0.10197,10644235.0,2025-03-30 20:00
1743379200000,0.102,0.10288,0.09922,0.10015,10357624.0,2025-03-31 00:00
1743393600000,0.10017,0.10206,0.09765,0.09892,8782580.0,2025-03-31 04:00
1743408000000,0.09892,0.10014,0.09677,0.09793,13408125.0,2025-03-31 08:00
1743422400000,0.09792,0.1033,0.09732,0.10203,20513413.0,2025-03-31 12:00
1743436800000,0.10207,0.10299,0.09984,0.10021,11603927.0,2025-03-31 16:00
1743451200000,0.10024,0.10095,0.09851,0.09949,8489874.0,2025-03-31 20:00
1743465600000,0.0995,0.10293,0.09899,0.10187,6969738.0,2025-04-01 00:00
1743480000000,0.1019,0.1027,0.10048,0.10159,6249516.0,2025-04-01 04:00
1743494400000,0.10155,0.10623,0.10151,0.10244,13215209.0,2025-04-01 08:00
1743508800000,0.10244,0.10875,0.10072,0.10737,17509200.0,2025-04-01 12:00
1743523200000,0.1074,0.10791,0.10273,0.10304,9926490.0,2025-04-01 16:00
1743537600000,0.10303,0.10465,0.10196,0.10252,6098102.0,2025-04-01 20:00
1743552000000,0.10254,0.10255,0.09909,0.09909,11292605.0,2025-04-02 00:00
1743566400000,0.09909,0.10027,0.09714,0.09893,10354503.0,2025-04-02 04:00
1743580800000,0.09892,0.10529,0.09857,0.10372,17386885.0,2025-04-02 08:00
1743595200000,0.10371,0.10698,0.10173,0.10617,22034120.0,2025-04-02 12:00
1743609600000,0.1062,0.10727,0.10342,0.10571,11397614.0,2025-04-02 16:00
1743624000000,0.10569,0.10854,0.09562,0.09751,25522834.0,2025-04-02 20:00
1743638400000,0.09752,0.10264,0.097,0.10102,11202866.0,2025-04-03 00:00
1743652800000,0.10104,0.10185,0.09707,0.09816,9184699.0,2025-04-03 04:00
1743667200000,0.09815,0.09897,0.09295,0.09326,13067821.0,2025-04-03 08:00
1743681600000,0.09325,0.09563,0.09152,0.09478,17998981.0,2025-04-03 12:00
1743696000000,0.09483,0.09558,0.09281,0.09485,7231865.0,2025-04-03 16:00
1743710400000,0.09486,0.09711,0.09414,0.09679,5952417.0,2025-04-03 20:00
1743724800000,0.0968,0.09734,0.09351,0.09459,8615072.0,2025-04-04 00:00
1743739200000,0.09459,0.0986,0.09393,0.09835,9489446.0,2025-04-04 04:00
1743753600000,0.09837,0.10017,0.09289,0.09475,15751761.0,2025-04-04 08:00
1743768000000,0.09479,0.10037,0.09378,0.0983,20198959.0,2025-04-04 12:00
1743782400000,0.09834,0.10179,0.09758,0.10068,13779839.0,2025-04-04 16:00
1743796800000,0.10072,0.10321,0.09968,0.10182,11086081.0,2025-04-04 20:00
1743811200000,0.10179,0.10284,0.10051,0.10068,7271226.0,2025-04-05 00:00
1743825600000,0.10063,0.10199,0.10016,0.10164,6383457.0,2025-04-05 04:00
1743840000000,0.10165,0.10243,0.10016,0.10059,6855069.0,2025-04-05 08:00
1743854400000,0.10056,0.10064,0.09728,0.09775,9478038.0,2025-04-05 12:00
1743868800000,0.09772,0.09906,0.09756,0.09811,3743482.0,2025-04-05 16:00
1743883200000,0.09809,0.10002,0.09777,0.09966,4881054.0,2025-04-05 20:00
1743897600000,0.09968,0.10009,0.09793,0.0985,5387484.0,2025-04-06 00:00
1743912000000,0.09847,0.09891,0.09659,0.09667,4892388.0,2025-04-06 04:00
1743926400000,0.09667,0.09761,0.09587,0.09646,4900651.0,2025-04-06 08:00
1743940800000,0.09643,0.09659,0.09266,0.09367,12734908.0,2025-04-06 12:00
1743955200000,0.0936,0.0938,0.08595,0.0871,28555776.0,2025-04-06 16:00
1743969600000,0.08709,0.08757,0.08255,0.0848,28725600.0,2025-04-06 20:00
1743984000000,0.08482,0.08742,0.08134,0.08286,18597918.0,2025-04-07 00:00
1743998400000,0.08283,0.08465,0.07614,0.07862,42958809.0,2025-04-07 04:00
1744012800000,0.0786,0.08436,0.07838,0.08284,25404831.0,2025-04-07 08:00
1744027200000,0.08285,0.0942,0.08201,0.08986,79512488.0,2025-04-07 12:00
1744041600000,0.08982,0.09212,0.08856,0.08953,19145202.0,2025-04-07 16:00
1744056000000,0.08954,0.09267,0.08951,0.09038,11754489.0,2025-04-07 20:00
1744070400000,0.09038,0.09371,0.08934,0.09163,12478366.0,2025-04-08 00:00
1744084800000,0.09166,0.09303,0.08926,0.09022,10889118.0,2025-04-08 04:00
1744099200000,0.09021,0.09291,0.0893,0.09251,10499627.0,2025-04-08 08:00
1744113600000,0.09254,0.09283,0.08902,0.08969,13906624.0,2025-04-08 12:00
1744128000000,0.08967,0.08981,0.08563,0.08795,19617486.0,2025-04-08 16:00
1744142400000,0.08795,0.08868,0.08601,0.08631,7273737.0,2025-04-08 20:00
1744156800000,0.08632,0.08768,0.08293,0.08365,17662693.0,2025-04-09 00:00
1744171200000,0.08364,0.08807,0.08342,0.08758,11952120.0,2025-04-09 04:00
1744185600000,0.08756,0.08826,0.08441,0.08524,15493671.0,2025-04-09 08:00
1744200000000,0.08524,0.08821,0.0841,0.08703,17913822.0,2025-04-09 12:00
1744214400000,0.08701,0.09887,0.08672,0.09817,38414648.0,2025-04-09 16:00
1744228800000,0.09819,0.09977,0.09521,0.0954,14403501.0,2025-04-09 20:00
1744243200000,0.09543,0.09573,0.09121,0.09229,13143664.0,2025-04-10 00:00
1744257600000,0.09225,0.09312,0.09074,0.09199,7684371.0,2025-04-10 04:00
1744272000000,0.09201,0.09265,0.09083,0.09183,7220403.0,2025-04-10 08:00
1744286400000,0.09181,0.09397,0.08754,0.08799,18008735.0,2025-04-10 12:00
1744300800000,0.08798,0.09003,0.08747,0.08926,11588947.0,2025-04-10 16:00
1744315200000,0.08921,0.09093,0.08919,0.08996,7287945.0,2025-04-10 20:00
1744329600000,0.08994,0.09268,0.08972,0.09243,7666005.0,2025-04-11 00:00
1744344000000,0.09242,0.0943,0.09213,0.0931,5859624.0,2025-04-11 04:00
1744358400000,0.09311,0.0949,0.09212,0.09368,8739725.0,2025-04-11 08:00
1744372800000,0.09369,0.09573,0.09303,0.09428,16733075.0,2025-04-11 12:00
1744387200000,0.09431,0.09628,0.09346,0.09483,11042262.0,2025-04-11 16:00
1744401600000,0.09486,0.09598,0.0934,0.0938,7274801.0,2025-04-11 20:00
1744416000000,0.09379,0.09393,0.09196,0.09242,5699593.0,2025-04-12 00:00
1744430400000,0.09239,0.09389,0.09177,0.09368,9859068.0,2025-04-12 04:00
1744444800000,0.09368,0.09562,0.09361,0.09538,6916238.0,2025-04-12 08:00
1744459200000,0.09539,0.10301,0.09473,0.10121,19602092.0,2025-04-12 12:00
1744473600000,0.1012,0.10471,0.09929,0.1036,16755081.0,2025-04-12 16:00
1744488000000,0.10359,0.10556,0.10311,0.10353,9917689.0,2025-04-12 20:00
1744502400000,0.10353,0.10573,0.10215,0.10553,10715781.0,2025-04-13 00:00
1744516800000,0.10551,0.10551,0.10153,0.1016,12816342.0,2025-04-13 04:00
1744531200000,0.10162,0.10423,0.10072,0.1023,13209960.0,2025-04-13 08:00
1744545600000,0.10228,0.10301,0.09866,0.09951,14051139.0,2025-04-13 12:00
1744560000000,0.09949,0.10437,0.09716,0.09856,21106827.0,2025-04-13 16:00
1744574400000,0.09854,0.09936,0.09554,0.09738,10735599.0,2025-04-13 20:00
1744588800000,0.09739,0.10184,0.09711,0.09837,9844872.0,2025-04-14 00:00
1744603200000,0.09841,0.10028,0.09625,0.0977,7793279.0,2025-04-14 04:00
1744617600000,0.09774,0.10137,0.0976,0.10115,7109547.0,2025-04-14 08:00
1744632000000,0.10115,0.10271,0.09639,0.09652,18074812.0,2025-04-14 12:00
1744646400000,0.09652,0.09872,0.09585,0.09778,11204561.0,2025-04-14 16:00
1744660800000,0.09782,0.09827,0.09625,0.09702,4259844.0,2025-04-14 20:00
1744675200000,0.097,0.09793,0.09549,0.0976,5031893.0,2025-04-15 00:00
1744689600000,0.09759,0.09977,0.09676,0.09929,5998470.0,2025-04-15 04:00
1744704000000,0.09925,0.10154,0.09863,0.09929,9994008.0,2025-04-15 08:00
1744718400000,0.09926,0.10157,0.09851,0.0996,17900218.0,2025-04-15 12:00
1744732800000,0.09961,0.10055,0.09581,0.09697,10247117.0,2025-04-15 16:00
1744747200000,0.09697,0.09797,0.09436,0.09473,11040051.0,2025-04-15 20:00
1744761600000,0.09471,0.09604,0.09355,0.09473,5173754.0,2025-04-16 00:00
1744776000000,0.09471,0.09558,0.09342,0.0937,5141639.0,2025-04-16 04:00
1744790400000,0.09366,0.0958,0.09238,0.09549,7307276.0,2025-04-16 08:00
1744804800000,0.09551,0.09771,0.09356,0.09563,9170669.0,2025-04-16 12:00
1744819200000,0.09564,0.09722,0.09134,0.09567,17841430.0,2025-04-16 16:00
1744833600000,0.09564,0.09714,0.09335,0.09382,5321346.0,2025-04-16 20:00
1744848000000,0.09381,0.09437,0.09283,0.09359,3539220.0,2025-04-17 00:00
1744862400000,0.09357,0.09631,0.09334,0.09579,4848351.0,2025-04-17 04:00
1744876800000,0.09579,0.09635,0.09453,0.09593,3565699.0,2025-04-17 08:00
1744891200000,0.09595,0.0969,0.09327,0.09601,9323556.0,2025-04-17 12:00
1744905600000,0.096,0.09874,0.09537,0.09681,11820140.0,2025-04-17 16:00
1744920000000,0.09679,0.09784,0.09601,0.09695,6331997.0,2025-04-17 20:00
1744934400000,0.09694,0.09789,0.09618,0.09712,5145010.0,2025-04-18 00:00
1744948800000,0.09713,0.09823,0.0965,0.09821,4986128.0,2025-04-18 04:00
1744963200000,0.09822,0.09923,0.09746,0.09809,5125522.0,2025-04-18 08:00
1744977600000,0.09808,0.09882,0.09633,0.0969,5860392.0,2025-04-18 12:00
1744992000000,0.09693,0.09892,0.09683,0.09827,4808763.0,2025-04-18 16:00
1745006400000,0.09828,0.09862,0.0973,0.09805,3337185.0,2025-04-18 20:00
1745020800000,0.09805,0.09967,0.09778,0.09906,3801025.0,2025-04-19 00:00
1745035200000,0.09901,0.09997,0.09838,0.09972,3828945.0,2025-04-19 04:00
1745049600000,0.09977,0.10025,0.09885,0.0993,3523563.0,2025-04-19 08:00
1745064000000,0.0993,0.10071,0.09903,0.09989,3834896.0,2025-04-19 12:00
1745078400000,0.09988,0.10203,0.09892,0.10192,7101648.0,2025-04-19 16:00
1745092800000,0.10192,0.10353,0.10179,0.10297,4700337.0,2025-04-19 20:00
1745107200000,0.10303,0.10527,0.10219,0.10491,7914622.0,2025-04-20 00:00
1745121600000,0.10492,0.10621,0.10341,0.1039,6408700.0,2025-04-20 04:00
1745136000000,0.1039,0.10462,0.10109,0.10197,5870584.0,2025-04-20 08:00
1745150400000,0.10197,0.10303,0.1013,0.10217,5539708.0,2025-04-20 12:00
1745164800000,0.10218,0.10378,0.10188,0.10369,3697127.0,2025-04-20 16:00
1745179200000,0.10368,0.10481,0.10229,0.10324,3437348.0,2025-04-20 20:00
1745193600000,0.10326,0.10829,0.10315,0.10685,9946997.0,2025-04-21 00:00
1745208000000,0.10686,0.10954,0.10677,0.10908,7424345.0,2025-04-21 04:00
1745222400000,0.10909,0.11064,0.1065,0.10685,9639329.0,2025-04-21 08:00
1745236800000,0.10688,0.1079,0.10553,0.10692,10142364.0,2025-04-21 12:00
1745251200000,0.1069,0.10726,0.10236,0.10421,7635568.0,2025-04-21 16:00
1745265600000,0.10414,0.10438,0.10272,0.10328,3077062.0,2025-04-21 20:00
1745280000000,0.10329,0.10627,0.10128,0.10451,5676497.0,2025-04-22 00:00
1745294400000,0.10455,0.10662,0.10387,0.10649,11563997.0,2025-04-22 04:00
1745308800000,0.10648,0.10982,0.1061,0.10975,9246419.0,2025-04-22 08:00
1745323200000,0.10971,0.11605,0.10937,0.11359,35445791.0,2025-04-22 12:00
1745337600000,0.11359,0.11558,0.11217,0.11549,11552905.0,2025-04-22 16:00
1745352000000,0.1155,0.12407,0.1147,0.12156,22074702.0,2025-04-22 20:00
1745366400000,0.12156,0.13544,0.12155,0.13469,48385597.0,2025-04-23 00:00
1745380800000,0.13468,0.14566,0.13037,0.13486,76202790.0,2025-04-23 04:00
1745395200000,0.13481,0.13615,0.13254,0.13401,18401061.0,2025-04-23 08:00
1745409600000,0.13402,0.14636,0.13283,0.13914,65344063.0,2025-04-23 12:00
1745424000000,0.13917,0.14317,0.13409,0.1384,38372322.0,2025-04-23 16:00
1745438400000,0.1384,0.14235,0.13686,0.13831,19052355.0,2025-04-23 20:00
1745452800000,0.13829,0.1459,0.13524,0.13536,51623102.0,2025-04-24 00:00
1745467200000,0.13535,0.14758,0.13524,0.14047,43653422.0,2025-04-24 04:00
1745481600000,0.14047,0.14583,0.13651,0.14527,36959304.0,2025-04-24 08:00
1745496000000,0.14527,0.17498,0.14428,0.16599,232134269.0,2025-04-24 12:00
1745510400000,0.16599,0.1759,0.16489,0.17388,175111879.0,2025-04-24 16:00
1745524800000,0.17388,0.19158,0.17104,0.19007,217248820.0,2025-04-24 20:00
1745539200000,0.19004,0.20143,0.18407,0.18723,217929352.0,2025-04-25 00:00
1745553600000,0.18723,0.21877,0.18273,0.21336,253568728.0,2025-04-25 04:00
1745568000000,0.21326,0.2245,0.2066,0.21887,193225972.0,2025-04-25 08:00
1745582400000,0.21886,0.225,0.18672,0.19274,258909954.0,2025-04-25 12:00
1745596800000,0.19276,0.19886,0.18822,0.18971,68938911.0,2025-04-25 16:00
1745611200000,0.18971,0.19134,0.18425,0.1865,42755144.0,2025-04-25 20:00
1745625600000,0.18647,0.20481,0.18643,0.20076,63514457.0,2025-04-26 00:00
1745640000000,0.20068,0.20594,0.19384,0.19392,49782076.0,2025-04-26 04:00
1745654400000,0.19396,0.19688,0.18931,0.19347,45049433.0,2025-04-26 08:00
1745668800000,0.19349,0.1979,0.18698,0.19663,46739396.0,2025-04-26 12:00
1745683200000,0.19662,0.19977,0.19442,0.19767,20769209.0,2025-04-26 16:00
1745697600000,0.19764,0.2013,0.19561,0.19805,18930043.0,2025-04-26 20:00
1745712000000,0.19806,0.20293,0.18898,0.19902,36564397.0,2025-04-27 00:00
1745726400000,0.19903,0.1997,0.19143,0.19747,26462922.0,2025-04-27 04:00
1745740800000,0.19747,0.20164,0.19473,0.20054,25148456.0,2025-04-27 08:00
1745755200000,0.20054,0.20362,0.1916,0.19369,41724736.0,2025-04-27 12:00
1745769600000,0.1937,0.20419,0.19143,0.19995,30769215.0,2025-04-27 16:00
1745784000000,0.1999,0.20234,0.19639,0.19756,24879319.0,2025-04-27 20:00
1745798400000,0.19755,0.21864,0.1893,0.20669,90072043.0,2025-04-28 00:00
1745812800000,0.20669,0.22824,0.20507,0.22447,63113062.0,2025-04-28 04:00
1745827200000,0.22449,0.23756,0.21818,0.23203,86298190.0,2025-04-28 08:00
1745841600000,0.23207,0.23471,0.2184,0.2205,76815058.0,2025-04-28 12:00
1745856000000,0.22035,0.22398,0.21245,0.2203,47618861.0,2025-04-28 16:00
1745870400000,0.22019,0.22056,0.21428,0.21667,18977671.0,2025-04-28 20:00
1745884800000,0.21665,0.22136,0.21431,0.21866,24246196.0,2025-04-29 00:00
1745899200000,0.21866,0.21888,0.20692,0.21173,30036182.0,2025-04-29 04:00
1745913600000,0.21178,0.21483,0.20151,0.20628,27592480.0,2025-04-29 08:00
1745928000000,0.20626,0.20882,0.20101,0.20484,23811318.0,2025-04-29 12:00
1745942400000,0.20486,0.20859,0.20254,0.20355,16960613.0,2025-04-29 16:00
1745956800000,0.2036,0.20892,0.20033,0.20747,17939828.0,2025-04-29 20:00
1745971200000,0.2074,0.20992,0.20207,0.20433,14164920.0,2025-04-30 00:00
1745985600000,0.20425,0.21963,0.20244,0.2151,45685984.0,2025-04-30 04:00
1746000000000,0.21511,0.21718,0.20443,0.21025,23611641.0,2025-04-30 08:00
1746014400000,0.2103,0.2103,0.19128,0.20192,36093563.0,2025-04-30 12:00
1746028800000,0.20195,0.20345,0.19804,0.20068,10173382.0,2025-04-30 16:00
1746043200000,0.20069,0.20529,0.20028,0.20341,7560505.0,2025-04-30 20:00
1746057600000,0.20342,0.20595,0.19814,0.19874,9781756.0,2025-05-01 00:00
1746072000000,0.19874,0.20153,0.19581,0.19891,12292462.0,2025-05-01 04:00
1746086400000,0.19885,0.22178,0.19736,0.21634,33752343.0,2025-05-01 08:00
1746100800000,0.21634,0.22234,0.21306,0.21412,23802463.0,2025-05-01 12:00
1746115200000,0.21417,0.21637,0.20692,0.20814,11713700.0,2025-05-01 16:00
1746129600000,0.20814,0.20986,0.20167,0.20346,10468753.0,2025-05-01 20:00
1746144000000,0.20349,0.2049,0.2,0.20109,11599554.0,2025-05-02 00:00
1746158400000,0.20111,0.20226,0.19496,0.19557,9602359.0,2025-05-02 04:00
1746172800000,0.19551,0.19963,0.19531,0.19702,8944182.0,2025-05-02 08:00
1746187200000,0.19701,0.20348,0.19551,0.20195,17775910.0,2025-05-02 12:00
1746201600000,0.20196,0.2067,0.20059,0.20219,11160461.0,2025-05-02 16:00
1746216000000,0.20218,0.2073,0.20162,0.2062,10032698.0,2025-05-02 20:00
1746230400000,0.20622,0.21342,0.20082,0.20974,17754679.0,2025-05-03 00:00
1746244800000,0.20976,0.21219,0.20103,0.2014,16832418.0,2025-05-03 04:00
1746259200000,0.20139,0.20209,0.19523,0.19573,15244694.0,2025-05-03 08:00
1746273600000,0.1957,0.20031,0.19524,0.19697,13197325.0,2025-05-03 12:00
1746288000000,0.19698,0.19705,0.18342,0.18625,24891940.0,2025-05-03 16:00
1746302400000,0.18623,0.18867,0.18423,0.18647,7556671.0,2025-05-03 20:00
1746316800000,0.18651,0.18751,0.17724,0.179,19684370.0,2025-05-04 00:00
1746331200000,0.17899,0.18069,0.17513,0.17827,11772853.0,2025-05-04 04:00
1746345600000,0.17825,0.18133,0.17594,0.18098,12130573.0,2025-05-04 08:00
1746360000000,0.18101,0.1871,0.1785,0.18538,16877343.0,2025-05-04 12:00
1746374400000,0.18536,0.18628,0.17964,0.17983,11475670.0,2025-05-04 16:00
1746388800000,0.17986,0.18372,0.17918,0.18161,9267711.0,2025-05-04 20:00
1746403200000,0.18162,0.18511,0.17586,0.17992,18648118.0,2025-05-05 00:00
1746417600000,0.17991,0.193,0.17875,0.19248,27384509.0,2025-05-05 04:00
1746432000000,0.19241,0.19814,0.18691,0.19343,36314841.0,2025-05-05 08:00
1746446400000,0.19342,0.20028,0.1919,0.19424,34667058.0,2025-05-05 12:00
1746460800000,0.19425,0.19647,0.18962,0.1925,19290648.0,2025-05-05 16:00
1746475200000,0.19248,0.19561,0.18921,0.19199,10524919.0,2025-05-05 20:00
1746489600000,0.19196,0.19206,0.185,0.1872,15997660.0,2025-05-06 00:00
1746504000000,0.18725,0.19178,0.18654,0.18931,11719046.0,2025-05-06 04:00
1746518400000,0.18925,0.18942,0.18005,0.18097,21330965.0,2025-05-06 08:00
1746532800000,0.18103,0.18772,0.18025,0.18194,15410969.0,2025-05-06 12:00
1746547200000,0.18198,0.18759,0.18137,0.184,10301278.0,2025-05-06 16:00
1746561600000,0.184,0.19373,0.18,0.19006,22446415.0,2025-05-06 20:00
1746576000000,0.1901,0.19643,0.18855,0.1904,17156598.0,2025-05-07 00:00
1746590400000,0.19039,0.19385,0.18655,0.1926,8760117.0,2025-05-07 04:00
1746604800000,0.19258,0.1933,0.18815,0.19222,9562020.0,2025-05-07 08:00
1746619200000,0.19224,0.19239,0.18519,0.18608,10408003.0,2025-05-07 12:00
1746633600000,0.18605,0.18858,0.18216,0.18346,12137143.0,2025-05-07 16:00
1746648000000,0.18342,0.1905,0.1823,0.18882,6073739.0,2025-05-07 20:00
1746662400000,0.18881,0.20909,0.18732,0.20712,25045617.0,2025-05-08 00:00
1746676800000,0.20714,0.21712,0.20591,0.21534,27770440.0,2025-05-08 04:00
1746691200000,0.21533,0.21991,0.21308,0.21673,23528760.0,2025-05-08 08:00
1746705600000,0.21675,0.22345,0.21377,0.21932,23834873.0,2025-05-08 12:00
1746720000000,0.2193,0.22868,0.21893,0.2248,24163325.0,2025-05-08 16:00
1746734400000,0.22484,0.23507,0.22367,0.22929,19278526.0,2025-05-08 20:00
1746748800000,0.22928,0.2313,0.22044,0.22128,13896752.0,2025-05-09 00:00
1746763200000,0.22133,0.22857,0.21914,0.22384,17840837.0,2025-05-09 04:00
1746777600000,0.22386,0.22845,0.21564,0.22072,27943623.0,2025-05-09 08:00
1746792000000,0.22078,0.223,0.21248,0.21506,19340156.0,2025-05-09 12:00
1746806400000,0.21508,0.22296,0.21159,0.21964,12013777.0,2025-05-09 16:00
1746820800000,0.21973,0.22346,0.21825,0.22264,6783931.0,2025-05-09 20:00
1746835200000,0.22264,0.22886,0.21823,0.22129,15584597.0,2025-05-10 00:00
1746849600000,0.2213,0.22342,0.21744,0.22078,10344417.0,2025-05-10 04:00
1746864000000,0.22076,0.22246,0.21057,0.21223,14808899.0,2025-05-10 08:00
1746878400000,0.2123,0.21779,0.2116,0.21238,8940485.0,2025-05-10 12:00
1746892800000,0.2124,0.22236,0.21192,0.21587,16259040.0,2025-05-10 16:00
1746907200000,0.21586,0.22667,0.21439,0.2249,18690422.0,2025-05-10 20:00
1746921600000,0.22481,0.23169,0.21632,0.22031,34588655.0,2025-05-11 00:00
1746936000000,0.22022,0.22137,0.21053,0.21157,14998510.0,2025-05-11 04:00
1746950400000,0.21156,0.215,0.20743,0.21347,14212463.0,2025-05-11 08:00
1746964800000,0.21342,0.21444,0.20454,0.2072,14742030.0,2025-05-11 12:00
1746979200000,0.20724,0.21215,0.20261,0.2111,12246081.0,2025-05-11 16:00
1746993600000,0.21112,0.21469,0.20931,0.21462,8820043.0,2025-05-11 20:00
1747008000000,0.21457,0.22439,0.21334,0.21756,18250205.0,2025-05-12 00:00
1747022400000,0.21753,0.23987,0.21693,0.23628,36152526.0,2025-05-12 04:00
1747036800000,0.23625,0.23634,0.22276,0.223,21095583.0,2025-05-12 08:00
1747051200000,0.22287,0.22868,0.20944,0.2133,27473174.0,2025-05-12 12:00
1747065600000,0.21331,0.2191,0.205,0.21341,16805318.0,2025-05-12 16:00
1747080000000,0.21343,0.21935,0.21193,0.21654,6477416.0,2025-05-12 20:00
1747094400000,0.21652,0.21689,0.20347,0.20466,10969039.0,2025-05-13 00:00
1747108800000,0.20463,0.21416,0.20429,0.21234,8452098.0,2025-05-13 04:00
1747123200000,0.21233,0.21648,0.21064,0.21313,6752545.0,2025-05-13 08:00
1747137600000,0.21311,0.21878,0.21019,0.21561,14110661.0,2025-05-13 12:00
1747152000000,0.21562,0.22818,0.21476,0.22513,11660188.0,2025-05-13 16:00
1747166400000,0.22513,0.23133,0.22261,0.22789,8904884.0,2025-05-13 20:00
1747180800000,0.22789,0.22923,0.21669,0.21866,15949502.0,2025-05-14 00:00
1747195200000,0.21866,0.22334,0.21798,0.22115,8897482.0,2025-05-14 04:00
1747209600000,0.22115,0.22341,0.21414,0.22108,13292818.0,2025-05-14 08:00
1747224000000,0.22118,0.22306,0.21241,0.21519,8164955.0,2025-05-14 12:00
1747238400000,0.21529,0.21698,0.20966,0.21634,7341307.0,2025-05-14 16:00
1747252800000,0.21635,0.21782,0.2125,0.21429,3476104.0,2025-05-14 20:00
1747267200000,0.21432,0.21753,0.20555,0.20623,7827438.0,2025-05-15 00:00
1747281600000,0.20625,0.20941,0.1948,0.19518,10712384.0,2025-05-15 04:00
1747296000000,0.19517,0.20146,0.19482,0.19803,8328055.0,2025-05-15 08:00
1747310400000,0.19801,0.20449,0.19234,0.20395,12298470.0,2025-05-15 12:00
1747324800000,0.20395,0.21389,0.20204,0.20778,11727910.0,2025-05-15 16:00
1747339200000,0.20783,0.21015,0.20036,0.20435,7822691.0,2025-05-15 20:00
1747353600000,0.20435,0.21367,0.20272,0.21193,9977302.0,2025-05-16 00:00
1747368000000,0.21192,0.21421,0.20708,0.21273,10035453.0,2025-05-16 04:00
1747382400000,0.21274,0.21856,0.20806,0.21509,16739992.0,2025-05-16 08:00
1747396800000,0.2151,0.21608,0.20931,0.2112,11019270.0,2025-05-16 12:00
1747411200000,0.21118,0.21346,0.20714,0.2118,6711865.0,2025-05-16 16:00
1747425600000,0.21177,0.21201,0.20123,0.20321,7925063.0,2025-05-16 20:00
1747440000000,0.20318,0.20439,0.195,0.20295,10144333.0,2025-05-17 00:00
1747454400000,0.20288,0.207,0.19864,0.2006,6642284.0,2025-05-17 04:00
1747468800000,0.20061,0.20145,0.19518,0.19659,10042393.0,2025-05-17 08:00
1747483200000,0.19654,0.19764,0.19217,0.19438,7274287.0,2025-05-17 12:00
1747497600000,0.19436,0.19635,0.19003,0.1934,7262554.0,2025-05-17 16:00
1747512000000,0.19339,0.1985,0.19279,0.19622,5140690.0,2025-05-17 20:00
1747526400000,0.19623,0.19701,0.193,0.1942,4959869.0,2025-05-18 00:00
1747540800000,0.19419,0.20243,0.19366,0.20142,5362717.0,2025-05-18 04:00
1747555200000,0.20143,0.20391,0.19965,0.20049,5991769.0,2025-05-18 08:00
1747569600000,0.20055,0.21443,0.19875,0.2124,11163141.0,2025-05-18 12:00
1747584000000,0.21245,0.21387,0.19526,0.19595,9476763.0,2025-05-18 16:00
1747598400000,0.19566,0.21066,0.19158,0.20916,10992327.0,2025-05-18 20:00
1747612800000,0.20929,0.21212,0.19597,0.19668,8549601.0,2025-05-19 00:00
1747627200000,0.19665,0.1986,0.19085,0.19622,6159036.0,2025-05-19 04:00
1747641600000,0.19627,0.1968,0.19265,0.19416,4554759.0,2025-05-19 08:00
1747656000000,0.1941,0.19922,0.18937,0.1978,6484908.0,2025-05-19 12:00
1747670400000,0.19786,0.20392,0.19506,0.19991,5402586.0,2025-05-19 16:00
1747684800000,0.19999,0.2032,0.19861,0.2028,2948299.0,2025-05-19 20:00
1747699200000,0.20286,0.2091,0.20247,0.20398,9637049.0,2025-05-20 00:00
1747713600000,0.20408,0.208,0.20242,0.20369,6237280.0,2025-05-20 04:00
1747728000000,0.20369,0.20519,0.19812,0.19943,3773050.0,2025-05-20 08:00
1747742400000,0.19937,0.20236,0.19631,0.20083,6181575.0,2025-05-20 12:00
1747756800000,0.20086,0.20181,0.19484,0.19953,4122082.0,2025-05-20 16:00
1747771200000,0.19952,0.20392,0.19834,0.20098,4736608.0,2025-05-20 20:00
1747785600000,0.20099,0.20242,0.19669,0.20118,3140575.0,2025-05-21 00:00
1747800000000,0.20115,0.20608,0.19962,0.20106,5466031.0,2025-05-21 04:00
1747814400000,0.20112,0.20572,0.1989,0.20432,4506265.0,2025-05-21 08:00
1747828800000,0.20431,0.218,0.20307,0.21555,14573623.0,2025-05-21 12:00
1747843200000,0.21566,0.22425,0.20787,0.21338,19270719.0,2025-05-21 16:00
1747857600000,0.21337,0.21946,0.20923,0.21641,4697524.0,2025-05-21 20:00
1747872000000,0.21637,0.22734,0.21604,0.22684,8080417.0,2025-05-22 00:00
1747886400000,0.22684,0.24646,0.22435,0.24645,41652382.0,2025-05-22 04:00
1747900800000,0.24634,0.25703,0.1452,0.17114,1216351975.0,2025-05-22 08:00
1747915200000,0.17113,0.195,0.1503,0.17262,1227140158.0,2025-05-22 12:00
1747929600000,0.17262,0.18009,0.1646,0.17167,265757769.0,2025-05-22 16:00
1747944000000,0.17163,0.17163,0.16,0.16771,183996645.0,2025-05-22 20:00
1747958400000,0.16771,0.17718,0.15848,0.17451,259904707.0,2025-05-23 00:00
1747972800000,0.17449,0.17576,0.168,0.17079,143957274.0,2025-05-23 04:00
1747987200000,0.17077,0.175,0.1617,0.16286,188406381.0,2025-05-23 08:00
1748001600000,0.16279,0.1656,0.1571,0.16152,177501843.0,2025-05-23 12:00
1748016000000,0.1615,0.1693,0.15944,0.16453,99580972.0,2025-05-23 16:00
1748030400000,0.16453,0.1646,0.15502,0.15862,79423588.0,2025-05-23 20:00
1748044800000,0.15862,0.16366,0.15827,0.16281,59705282.0,2025-05-24 00:00
1748059200000,0.1628,0.16612,0.16133,0.16228,44888703.0,2025-05-24 04:00
1748073600000,0.16229,0.16555,0.16133,0.16186,41521325.0,2025-05-24 08:00
1748088000000,0.16187,0.16289,0.1593,0.16096,36386663.0,2025-05-24 12:00
1748102400000,0.16096,0.16238,0.15792,0.15857,31825418.0,2025-05-24 16:00
1748116800000,0.15858,0.16038,0.15704,0.1588,27640157.0,2025-05-24 20:00
1748131200000,0.1588,0.16256,0.15833,0.16076,49214032.0,2025-05-25 00:00
1748145600000,0.16075,0.16082,0.15161,0.15293,46424281.0,2025-05-25 04:00
1748160000000,0.15293,0.15309,0.13837,0.13952,126209953.0,2025-05-25 08:00
1748174400000,0.13952,0.14035,0.13001,0.13541,274941070.0,2025-05-25 12:00
1748188800000,0.13542,0.13798,0.13029,0.13672,110503134.0,2025-05-25 16:00
1748203200000,0.13671,0.13994,0.13389,0.13659,87553598.0,2025-05-25 20:00
1748217600000,0.13659,0.14194,0.1348,0.13951,93719545.0,2025-05-26 00:00
1748232000000,0.1395,0.14121,0.1356,0.13677,80334712.0,2025-05-26 04:00
1748246400000,0.13676,0.13788,0.13221,0.13253,89606746.0,2025-05-26 08:00
1748260800000,0.13252,0.13321,0.12134,0.12448,268940609.0,2025-05-26 12:00
1748275200000,0.12446,0.12654,0.1201,0.12436,116974130.0,2025-05-26 16:00
1748289600000,0.12436,0.13399,0.12384,0.12697,139267618.0,2025-05-26 20:00
1748304000000,0.12696,0.12863,0.12465,0.12679,68910507.0,2025-05-27 00:00
1748318400000,0.12676,0.1301,0.12569,0.12877,62617901.0,2025-05-27 04:00
1748332800000,0.12878,0.13295,0.12786,0.13197,91459045.0,2025-05-27 08:00
1748347200000,0.13197,0.13888,0.13063,0.13793,172256729.0,2025-05-27 12:00
1748361600000,0.13793,0.15888,0.13334,0.14895,544857157.0,2025-05-27 16:00
1748376000000,0.14894,0.16882,0.14752,0.16569,426901135.0,2025-05-27 20:00
1748390400000,0.16566,0.17292,0.15805,0.16306,380653285.0,2025-05-28 00:00
1748404800000,0.16299,0.16497,0.15325,0.15936,268923451.0,2025-05-28 04:00
1748419200000,0.1594,0.17069,0.15823,0.16419,521599354.0,2025-05-28 08:00
1748433600000,0.16419,0.167,0.15724,0.158,291069155.0,2025-05-28 12:00
1748448000000,0.158,0.16088,0.15631,0.15836,142935624.0,2025-05-28 16:00
1748462400000,0.15836,0.15927,0.15527,0.15724,69542047.0,2025-05-28 20:00
1748476800000,0.15725,0.15916,0.15502,0.15742,90613734.0,2025-05-29 00:00
1748491200000,0.15743,0.1612,0.1554,0.15882,72131017.0,2025-05-29 04:00
1748505600000,0.15885,0.1669,0.15693,0.16549,99464605.0,2025-05-29 08:00
1748520000000,0.16544,0.16947,0.16064,0.1639,139870256.0,2025-05-29 12:00
1748534400000,0.16395,0.16634,0.15815,0.15904,78926880.0,2025-05-29 16:00
1748548800000,0.15906,0.16027,0.15543,0.15588,48535157.0,2025-05-29 20:00
1748563200000,0.15589,0.15695,0.14525,0.14676,120959360.0,2025-05-30 00:00
1748577600000,0.14676,0.14898,0.14177,0.14273,59496524.0,2025-05-30 04:00
1748592000000,0.14276,0.14563,0.13935,0.144,50188392.0,2025-05-30 08:00
1748606400000,0.14404,0.14448,0.14078,0.142,36401597.0,2025-05-30 12:00
1748620800000,0.14203,0.14405,0.13516,0.13986,69444260.0,2025-05-30 16:00
1748635200000,0.13984,0.1401,0.13149,0.13443,42398451.0,2025-05-30 20:00
1748649600000,0.13444,0.135,0.12603,0.12866,50597034.0,2025-05-31 00:00
1748664000000,0.12867,0.13428,0.12804,0.13308,37403126.0,2025-05-31 04:00
1748678400000,0.13308,0.13734,0.1317,0.13256,39692535.0,2025-05-31 08:00
1748692800000,0.13256,0.13651,0.13176,0.133,32701509.0,2025-05-31 12:00
1748707200000,0.133,0.13805,0.13247,0.13631,24524556.0,2025-05-31 16:00
1748721600000,0.13627,0.14279,0.13555,0.14018,26675998.0,2025-05-31 20:00
1748736000000,0.14017,0.1416,0.1342,0.13687,35679847.0,2025-06-01 00:00
1748750400000,0.13686,0.13824,0.13354,0.13438,22699632.0,2025-06-01 04:00
1748764800000,0.13439,0.13469,0.13015,0.13354,33128495.0,2025-06-01 08:00
1748779200000,0.13355,0.1388,0.13274,0.13643,26522112.0,2025-06-01 12:00
1748793600000,0.13641,0.13874,0.13384,0.13508,22766310.0,2025-06-01 16:00
1748808000000,0.13508,0.13801,0.13397,0.13727,21440277.0,2025-06-01 20:00
1748822400000,0.13728,0.13762,0.13156,0.13302,26161358.0,2025-06-02 00:00
1748836800000,0.133,0.13618,0.13236,0.13507,20230307.0,2025-06-02 04:00
1748851200000,0.13506,0.13672,0.13103,0.13332,23318433.0,2025-06-02 08:00
1748865600000,0.13328,0.13532,0.13172,0.13278,36807418.0,2025-06-02 12:00
1748880000000,0.13278,0.13585,0.13049,0.1322,30714045.0,2025-06-02 16:00
1748894400000,0.13223,0.13793,0.13223,0.13513,22756436.0,2025-06-02 20:00
1748908800000,0.13514,0.13791,0.13351,0.13432,26228104.0,2025-06-03 00:00
1748923200000,0.13432,0.1373,0.13353,0.13609,19639200.0,2025-06-03 04:00
1748937600000,0.13609,0.13719,0.13418,0.1371,19732888.0,2025-06-03 08:00
1748952000000,0.13707,0.1376,0.13341,0.13588,36112690.0,2025-06-03 12:00
1748966400000,0.13587,0.13756,0.13444,0.13664,14468601.0,2025-06-03 16:00
1748980800000,0.13668,0.13669,0.13127,0.13477,20849579.0,2025-06-03 20:00
1748995200000,0.13476,0.14048,0.13307,0.13657,29024601.0,2025-06-04 00:00
1749009600000,0.13658,0.13707,0.13274,0.13415,20640750.0,2025-06-04 04:00
1749024000000,0.13417,0.14196,0.12869,0.12887,100411908.0,2025-06-04 08:00
1749038400000,0.12886,0.1321,0.12701,0.13098,56294509.0,2025-06-04 12:00
1749052800000,0.13098,0.133,0.12939,0.12941,29458604.0,2025-06-04 16:00
1749067200000,0.12941,0.12963,0.12502,0.12774,20824940.0,2025-06-04 20:00
1749081600000,0.12774,0.12889,0.12597,0.12744,19868293.0,2025-06-05 00:00
1749096000000,0.12745,0.12806,0.12232,0.12311,28104683.0,2025-06-05 04:00
1749110400000,0.12312,0.12476,0.12227,0.12406,30620879.0,2025-06-05 08:00
1749124800000,0.12406,0.13075,0.12378,0.12843,51455805.0,2025-06-05 12:00
1749139200000,0.12844,0.12903,0.11727,0.11924,63049880.0,2025-06-05 16:00
1749153600000,0.11924,0.11996,0.11465,0.11639,54439583.0,2025-06-05 20:00
1749168000000,0.1164,0.11933,0.11634,0.11854,26267214.0,2025-06-06 00:00
1749182400000,0.11855,0.12111,0.11793,0.11939,20640790.0,2025-06-06 04:00
1749196800000,0.11939,0.12381,0.11915,0.12295,23488424.0,2025-06-06 08:00
1749211200000,0.12294,0.12929,0.12235,0.1288,36898936.0,2025-06-06 12:00
1749225600000,0.12879,0.12889,0.12173,0.1229,27273299.0,2025-06-06 16:00
1749240000000,0.12286,0.12381,0.12057,0.12137,16517226.0,2025-06-06 20:00
1749254400000,0.12138,0.12629,0.12123,0.12495,31651781.0,2025-06-07 00:00
1749268800000,0.12495,0.12712,0.12427,0.12691,14961085.0,2025-06-07 04:00
1749283200000,0.1269,0.12791,0.12603,0.12673,14077973.0,2025-06-07 08:00
1749297600000,0.12674,0.12725,0.12432,0.12487,17997899.0,2025-06-07 12:00
1749312000000,0.12487,0.13207,0.12401,0.12849,70363029.0,2025-06-07 16:00
1749326400000,0.12849,0.13071,0.1274,0.12875,23185828.0,2025-06-07 20:00
1749340800000,0.12878,0.13494,0.12257,0.12316,87766017.0,2025-06-08 00:00
1749355200000,0.12317,0.12549,0.11535,0.11799,129553111.0,2025-06-08 04:00
1749369600000,0.11801,0.12069,0.11773,0.12055,47632507.0,2025-06-08 08:00
1749384000000,0.12056,0.12086,0.11677,0.11832,53419264.0,2025-06-08 12:00
1749398400000,0.11833,0.12044,0.11774,0.11935,41444117.0,2025-06-08 16:00
1749412800000,0.11935,0.12073,0.11633,0.11691,47203709.0,2025-06-08 20:00
1749427200000,0.1169,0.11692,0.11285,0.11501,103279900.0,2025-06-09 00:00
1749441600000,0.11499,0.11542,0.11266,0.11454,38061226.0,2025-06-09 04:00
1749456000000,0.11452,0.119,0.11363,0.11855,46142989.0,2025-06-09 08:00
1749470400000,0.11856,0.11954,0.11694,0.11854,35791455.0,2025-06-09 12:00
1749484800000,0.11852,0.12023,0.11681,0.11752,32000931.0,2025-06-09 16:00
1749499200000,0.11751,0.12625,0.11738,0.12443,53171969.0,2025-06-09 20:00
1749513600000,0.12444,0.12563,0.1223,0.12281,30425031.0,2025-06-10 00:00
1749528000000,0.12282,0.12394,0.12089,0.12323,28022982.0,2025-06-10 04:00
1749542400000,0.12322,0.12809,0.12188,0.12754,27338374.0,2025-06-10 08:00
1749556800000,0.12752,0.12977,0.12333,0.12586,45792487.0,2025-06-10 12:00
1749571200000,0.12589,0.12855,0.12368,0.12731,24269527.0,2025-06-10 16:00
1749585600000,0.1273,0.12857,0.12592,0.12793,16438068.0,2025-06-10 20:00
1749600000000,0.12793,0.12807,0.12364,0.12555,17943032.0,2025-06-11 00:00
1749614400000,0.1255,0.12627,0.12401,0.12473,13014520.0,2025-06-11 04:00
1749628800000,0.12474,0.12538,0.1207,0.12216,23410193.0,2025-06-11 08:00
1749643200000,0.12215,0.12624,0.12095,0.12584,26123785.0,2025-06-11 12:00
1749657600000,0.12585,0.12602,0.12051,0.12085,18430626.0,2025-06-11 16:00
1749672000000,0.12081,0.12165,0.11531,0.11734,30130215.0,2025-06-11 20:00
1749686400000,0.11735,0.11736,0.11375,0.11477,19381236.0,2025-06-12 00:00
1749700800000,0.11477,0.11556,0.113,0.11378,18985336.0,2025-06-12 04:00
1749715200000,0.11376,0.115,0.11256,0.11283,21932913.0,2025-06-12 08:00
1749729600000,0.11282,0.11539,0.11091,0.11174,30124628.0,2025-06-12 12:00
1749744000000,0.11173,0.11448,0.10785,0.10842,27823702.0,2025-06-12 16:00
1749758400000,0.10841,0.10919,0.10339,0.10407,36109308.0,2025-06-12 20:00
1749772800000,0.10409,0.10451,0.09608,0.1001,79590556.0,2025-06-13 00:00
1749787200000,0.1001,0.10029,0.09712,0.09858,23363349.0,2025-06-13 04:00
1749801600000,0.0986,0.10019,0.09712,0.09844,21240437.0,2025-06-13 08:00
1749816000000,0.09844,0.10125,0.09722,0.10002,26790148.0,2025-06-13 12:00
1749830400000,0.10003,0.10172,0.09833,0.0995,23404138.0,2025-06-13 16:00
1749844800000,0.09953,0.1033,0.0993,0.10299,22851556.0,2025-06-13 20:00
1749859200000,0.10298,0.1034,0.10104,0.10162,15027057.0,2025-06-14 00:00
1749873600000,0.10163,0.10299,0.10108,0.10193,11174271.0,2025-06-14 04:00
1749888000000,0.10192,0.10207,0.1011,0.10148,9757962.0,2025-06-14 08:00
1749902400000,0.10146,0.10212,0.09899,0.0999,17619053.0,2025-06-14 12:00
1749916800000,0.09989,0.10032,0.09666,0.09802,24737866.0,2025-06-14 16:00
1749931200000,0.09802,0.09982,0.09695,0.09908,12975347.0,2025-06-14 20:00
1749945600000,0.09908,0.09981,0.0988,0.09926,7299255.0,2025-06-15 00:00
1749960000000,0.09925,0.10127,0.09916,0.09935,14314925.0,2025-06-15 04:00
1749974400000,0.09935,0.10016,0.09834,0.0996,8769857.0,2025-06-15 08:00
1749988800000,0.09956,0.10038,0.09713,0.09842,23891366.0,2025-06-15 12:00
1750003200000,0.09842,0.09906,0.09771,0.09825,10496561.0,2025-06-15 16:00
1750017600000,0.09826,0.09982,0.0967,0.09935,11331185.0,2025-06-15 20:00
1750032000000,0.09936,0.10192,0.09772,0.10075,20335971.0,2025-06-16 00:00
1750046400000,0.10076,0.10411,0.1006,0.10382,14888865.0,2025-06-16 04:00
1750060800000,0.10383,0.10483,0.10272,0.10446,17436793.0,2025-06-16 08:00
1750075200000,0.10447,0.10669,0.10332,0.10467,20471897.0,2025-06-16 12:00
1750089600000,0.10468,0.10546,0.10356,0.10407,12449212.0,2025-06-16 16:00
1750104000000,0.10407,0.10486,0.09891,0.09925,24620924.0,2025-06-16 20:00
1750118400000,0.09926,0.10093,0.09609,0.09994,26618148.0,2025-06-17 00:00
1750132800000,0.09994,0.10017,0.09738,0.0979,14069926.0,2025-06-17 04:00
1750147200000,0.09789,0.09821,0.09506,0.09566,18360945.0,2025-06-17 08:00
1750161600000,0.09567,0.09682,0.09198,0.09268,27368460.0,2025-06-17 12:00
1750176000000,0.09269,0.09446,0.08952,0.09366,40028119.0,2025-06-17 16:00
1750190400000,0.09366,0.09401,0.09108,0.09141,14058160.0,2025-06-17 20:00
1750204800000,0.09142,0.09289,0.09109,0.09188,14941809.0,2025-06-18 00:00
1750219200000,0.09189,0.09325,0.09113,0.0923,10698144.0,2025-06-18 04:00
1750233600000,0.0923,0.09278,0.08861,0.09046,26573851.0,2025-06-18 08:00
1750248000000,0.09046,0.09285,0.08829,0.09126,25391462.0,2025-06-18 12:00
1750262400000,0.09124,0.09246,0.09022,0.09104,20469957.0,2025-06-18 16:00
1750276800000,0.09105,0.09379,0.09092,0.09375,17838320.0,2025-06-18 20:00
1750291200000,0.09372,0.09554,0.09362,0.09538,15131787.0,2025-06-19 00:00
1750305600000,0.09538,0.0965,0.09389,0.09422,14352506.0,2025-06-19 04:00
1750320000000,0.09422,0.09484,0.0935,0.09393,10624965.0,2025-06-19 08:00
1750334400000,0.09391,0.09419,0.09271,0.09305,10292545.0,2025-06-19 12:00
1750348800000,0.09304,0.09447,0.09206,0.09331,14867989.0,2025-06-19 16:00
1750363200000,0.09333,0.09494,0.09313,0.09445,9982326.0,2025-06-19 20:00
1750377600000,0.09444,0.09519,0.09327,0.0935,7493309.0,2025-06-20 00:00
1750392000000,0.0935,0.0951,0.09212,0.09502,14533184.0,2025-06-20 04:00
1750406400000,0.09503,0.09617,0.09458,0.09587,10821772.0,2025-06-20 08:00
1750420800000,0.09586,0.09652,0.09277,0.09336,17783975.0,2025-06-20 12:00
1750435200000,0.09338,0.09338,0.08846,0.09086,32176921.0,2025-06-20 16:00
1750449600000,0.09083,0.0925,0.08958,0.09048,11151226.0,2025-06-20 20:00
1750464000000,0.0905,0.09207,0.08992,0.09173,6908568.0,2025-06-21 00:00
1750478400000,0.09173,0.0921,0.09094,0.09193,7199119.0,2025-06-21 04:00
1750492800000,0.09195,0.09239,0.09056,0.09096,8617690.0,2025-06-21 08:00
1750507200000,0.09096,0.09137,0.08693,0.0881,18781131.0,2025-06-21 12:00
1750521600000,0.08809,0.08884,0.08595,0.08615,18910889.0,2025-06-21 16:00
1750536000000,0.08614,0.08705,0.0811,0.08512,30521965.0,2025-06-21 20:00
1750550400000,0.08511,0.08699,0.08379,0.08446,21251101.0,2025-06-22 00:00
1750564800000,0.08447,0.08597,0.08416,0.08499,9261489.0,2025-06-22 04:00
1750579200000,0.08499,0.08505,0.0826,0.08333,14204053.0,2025-06-22 08:00
1750593600000,0.08332,0.08401,0.07805,0.07987,49647549.0,2025-06-22 12:00
1750608000000,0.07986,0.08046,0.07847,0.07902,17388022.0,2025-06-22 16:00
1750622400000,0.07904,0.0825,0.07663,0.0825,26262642.0,2025-06-22 20:00
1750636800000,0.08248,0.08339,0.08175,0.08275,12337084.0,2025-06-23 00:00
1750651200000,0.08277,0.08405,0.08254,0.08341,9863776.0,2025-06-23 04:00
1750665600000,0.0834,0.08376,0.08264,0.0833,8525207.0,2025-06-23 08:00
1750680000000,0.08331,0.08696,0.0828,0.08424,23399254.0,2025-06-23 12:00
1750694400000,0.08423,0.08953,0.08158,0.08928,40676723.0,2025-06-23 16:00
1750708800000,0.08929,0.09607,0.08901,0.09536,44130915.0,2025-06-23 20:00
1750723200000,0.09533,0.09584,0.09322,0.09372,15410953.0,2025-06-24 00:00
1750737600000,0.09372,0.09869,0.09345,0.09462,24521383.0,2025-06-24 04:00
1750752000000,0.09462,0.10096,0.09425,0.0978,79426153.0,2025-06-24 08:00
1750766400000,0.09778,0.09845,0.09598,0.09662,30505987.0,2025-06-24 12:00
1750780800000,0.09662,0.09911,0.0957,0.09659,20746434.0,2025-06-24 16:00
1750795200000,0.09659,0.09766,0.09574,0.09755,9718083.0,2025-06-24 20:00
1750809600000,0.09757,0.09996,0.09683,0.09879,16557354.0,2025-06-25 00:00
1750824000000,0.0988,0.09923,0.09652,0.09721,15699598.0,2025-06-25 04:00
1750838400000,0.09721,0.09754,0.0943,0.09563,19914180.0,2025-06-25 08:00
1750852800000,0.09562,0.09782,0.09292,0.09313,25622640.0,2025-06-25 12:00
1750867200000,0.09313,0.0943,0.09191,0.09359,15355073.0,2025-06-25 16:00
1750881600000,0.09359,0.09494,0.09194,0.09281,8390337.0,2025-06-25 20:00
1750896000000,0.09281,0.0958,0.09218,0.0936,13410844.0,2025-06-26 00:00
1750910400000,0.09363,0.09398,0.09212,0.09295,11774871.0,2025-06-26 04:00
1750924800000,0.0929,0.09358,0.08993,0.09074,26625002.0,2025-06-26 08:00
1750939200000,0.09076,0.09104,0.08912,0.09023,20684389.0,2025-06-26 12:00
1750953600000,0.09025,0.09039,0.08808,0.08925,14367994.0,2025-06-26 16:00
1750968000000,0.08924,0.09174,0.08861,0.08919,11215163.0,2025-06-26 20:00
1750982400000,0.08915,0.09128,0.08745,0.09094,11940592.0,2025-06-27 00:00
1750996800000,0.09093,0.09206,0.08931,0.08946,12080480.0,2025-06-27 04:00
1751011200000,0.08946,0.09129,0.0893,0.09052,13347120.0,2025-06-27 08:00
1751025600000,0.09052,0.09315,0.0893,0.09265,16437958.0,2025-06-27 12:00
1751040000000,0.09266,0.09417,0.08809,0.08858,33072036.0,2025-06-27 16:00
1751054400000,0.08857,0.09002,0.08825,0.08929,10605752.0,2025-06-27 20:00
1751068800000,0.0893,0.08989,0.08873,0.08909,6746614.0,2025-06-28 00:00
1751083200000,0.0891,0.08972,0.08844,0.08943,9703063.0,2025-06-28 04:00
1751097600000,0.08944,0.08985,0.08853,0.08964,7419388.0,2025-06-28 08:00
1751112000000,0.08966,0.0909,0.08892,0.09079,10080355.0,2025-06-28 12:00
1751126400000,0.09079,0.09241,0.09017,0.09136,12861991.0,2025-06-28 16:00
1751140800000,0.09137,0.0937,0.09108,0.09251,10321637.0,2025-06-28 20:00
1751155200000,0.09251,0.09342,0.09062,0.09075,7459440.0,2025-06-29 00:00
1751169600000,0.09075,0.09253,0.09039,0.09239,7720407.0,2025-06-29 04:00
1751184000000,0.09239,0.09324,0.09179,0.0921,8908581.0,2025-06-29 08:00
1751198400000,0.09211,0.09266,0.09066,0.09095,9782059.0,2025-06-29 12:00
1751212800000,0.09096,0.09268,0.09079,0.0921,7100693.0,2025-06-29 16:00
1751227200000,0.09208,0.09639,0.09124,0.09584,17909000.0,2025-06-29 20:00
1751241600000,0.09582,0.09643,0.09336,0.0935,11777830.0,2025-06-30 00:00
1751256000000,0.0935,0.09352,0.09113,0.0923,10705261.0,2025-06-30 04:00
1751270400000,0.09229,0.09241,0.09038,0.09097,11634705.0,2025-06-30 08:00
1751284800000,0.09096,0.0918,0.08884,0.09066,18494411.0,2025-06-30 12:00
1751299200000,0.09069,0.09254,0.09028,0.09227,19986442.0,2025-06-30 16:00
1751313600000,0.09228,0.09287,0.0904,0.09051,9574473.0,2025-06-30 20:00
1751328000000,0.09053,0.09127,0.08937,0.09029,8715891.0,2025-07-01 00:00
1751342400000,0.09028,0.09028,0.08824,0.08958,8966413.0,2025-07-01 04:00
1751356800000,0.08956,0.08956,0.08604,0.0865,11355981.0,2025-07-01 08:00
1751371200000,0.0865,0.08761,0.0857,0.08645,14307358.0,2025-07-01 12:00
1751385600000,0.08648,0.08688,0.08495,0.08543,7305397.0,2025-07-01 16:00
1751400000000,0.08544,0.08658,0.08472,0.08577,8974407.0,2025-07-01 20:00
1751414400000,0.08576,0.08686,0.08476,0.08576,9325958.0,2025-07-02 00:00
1751428800000,0.08579,0.08798,0.08553,0.08762,7177772.0,2025-07-02 04:00
1751443200000,0.08763,0.08929,0.08763,0.08807,10292951.0,2025-07-02 08:00
1751457600000,0.08807,0.09142,0.08774,0.09127,14764773.0,2025-07-02 12:00
1751472000000,0.09129,0.0963,0.09128,0.09575,37345478.0,2025-07-02 16:00
1751486400000,0.09575,0.09643,0.09405,0.09464,13287563.0,2025-07-02 20:00
1751500800000,0.09464,0.09515,0.09291,0.09296,10782481.0,2025-07-03 00:00
1751515200000,0.09295,0.09737,0.09292,0.09648,22876149.0,2025-07-03 04:00
1751529600000,0.0965,0.09827,0.09454,0.09469,15757521.0,2025-07-03 08:00
1751544000000,0.09469,0.0968,0.09207,0.09242,25577787.0,2025-07-03 12:00
1751558400000,0.09242,0.09419,0.09241,0.09403,9427014.0,2025-07-03 16:00
1751572800000,0.09402,0.09507,0.09391,0.09459,5682757.0,2025-07-03 20:00
1751587200000,0.09461,0.09552,0.09288,0.09326,8291871.0,2025-07-04 00:00
1751601600000,0.09325,0.09352,0.08991,0.09004,10681467.0,2025-07-04 04:00
1751616000000,0.09003,0.09164,0.08916,0.09075,11000810.0,2025-07-04 08:00
1751630400000,0.09074,0.09141,0.08863,0.08874,13240028.0,2025-07-04 12:00
1751644800000,0.08873,0.08898,0.08731,0.08816,10326240.0,2025-07-04 16:00
1751659200000,0.08816,0.09008,0.08782,0.08908,5630533.0,2025-07-04 20:00
1751673600000,0.08907,0.09053,0.0885,0.08989,6285141.0,2025-07-05 00:00
1751688000000,0.0899,0.09066,0.08888,0.09002,4924724.0,2025-07-05 04:00
1751702400000,0.09002,0.09059,0.08906,0.08945,3994999.0,2025-07-05 08:00
1751716800000,0.08944,0.08952,0.08774,0.0881,7708759.0,2025-07-05 12:00
1751731200000,0.08811,0.08901,0.08675,0.08774,9392884.0,2025-07-05 16:00
1751745600000,0.08773,0.08884,0.08755,0.08866,4041376.0,2025-07-05 20:00
1751760000000,0.08865,0.08894,0.08797,0.08809,2760591.0,2025-07-06 00:00
1751774400000,0.08809,0.08922,0.08768,0.08833,6096487.0,2025-07-06 04:00
1751788800000,0.08832,0.08883,0.08778,0.08881,5166589.0,2025-07-06 08:00
1751803200000,0.08882,0.09093,0.08848,0.09012,9313291.0,2025-07-06 12:00
1751817600000,0.09014,0.09068,0.0894,0.09035,5498618.0,2025-07-06 16:00
1751832000000,0.09036,0.09241,0.09004,0.09039,11594749.0,2025-07-06 20:00
1751846400000,0.09044,0.09203,0.08985,0.09099,6396327.0,2025-07-07 00:00
1751860800000,0.09101,0.09142,0.08923,0.09066,6752742.0,2025-07-07 04:00
1751875200000,0.09064,0.09082,0.08878,0.08918,6875423.0,2025-07-07 08:00
1751889600000,0.08917,0.09018,0.08807,0.08873,10175837.0,2025-07-07 12:00
1751904000000,0.0887,0.08914,0.08691,0.08809,11987315.0,2025-07-07 16:00
1751918400000,0.08806,0.08806,0.08658,0.08749,8475862.0,2025-07-07 20:00
1751932800000,0.08748,0.08807,0.08611,0.08656,9593673.0,2025-07-08 00:00
1751947200000,0.08655,0.08743,0.08619,0.0874,5252703.0,2025-07-08 04:00
1751961600000,0.0874,0.09054,0.08686,0.08957,12997367.0,2025-07-08 08:00
1751976000000,0.08957,0.09102,0.08837,0.08898,16061045.0,2025-07-08 12:00
1751990400000,0.08899,0.0923,0.08895,0.09175,15220611.0,2025-07-08 16:00
1752004800000,0.09175,0.09184,0.09083,0.09121,5407121.0,2025-07-08 20:00
1752019200000,0.09121,0.09161,0.0902,0.09081,5021810.0,2025-07-09 00:00
1752033600000,0.09081,0.09318,0.09055,0.09277,10930971.0,2025-07-09 04:00
1752048000000,0.09277,0.09289,0.09172,0.09223,9697655.0,2025-07-09 08:00
1752062400000,0.09223,0.0934,0.09114,0.09194,13888549.0,2025-07-09 12:00
1752076800000,0.09196,0.0959,0.09156,0.09534,14936642.0,2025-07-09 16:00
1752091200000,0.09537,0.09963,0.09497,0.09784,37888583.0,2025-07-09 20:00
1752105600000,0.09787,0.09984,0.09713,0.09897,13089124.0,2025-07-10 00:00
1752120000000,0.09896,0.10248,0.09869,0.10117,22734896.0,2025-07-10 04:00
1752134400000,0.10112,0.10216,0.09968,0.10018,14967180.0,2025-07-10 08:00
1752148800000,0.10021,0.10176,0.09918,0.10005,16321353.0,2025-07-10 12:00
1752163200000,0.10008,0.10807,0.09992,0.10768,39901366.0,2025-07-10 16:00
1752177600000,0.10765,0.11285,0.10698,0.11079,35040766.0,2025-07-10 20:00
1752192000000,0.11079,0.11358,0.10845,0.11302,24893175.0,2025-07-11 00:00
1752206400000,0.113,0.11594,0.10967,0.11145,34199621.0,2025-07-11 04:00
1752220800000,0.11149,0.11731,0.11066,0.116,22167614.0,2025-07-11 08:00
1752235200000,0.11608,0.11849,0.11166,0.11257,33347627.0,2025-07-11 12:00
1752249600000,0.11261,0.11486,0.111,0.11479,22711269.0,2025-07-11 16:00
1752264000000,0.11469,0.1147,0.10621,0.10834,23414060.0,2025-07-11 20:00
1752278400000,0.10836,0.11006,0.10655,0.1091,10004636.0,2025-07-12 00:00
1752292800000,0.10911,0.10938,0.10538,0.10741,12449465.0,2025-07-12 04:00
1752307200000,0.1074,0.10862,0.10685,0.10781,8693236.0,2025-07-12 08:00
1752321600000,0.10782,0.10834,0.10102,0.1019,22175251.0,2025-07-12 12:00
1752336000000,0.10191,0.10537,0.10112,0.10513,10282764.0,2025-07-12 16:00
1752350400000,0.10515,0.10542,0.10309,0.10516,6951582.0,2025-07-12 20:00
1752364800000,0.10517,0.1057,0.10408,0.10495,7426148.0,2025-07-13 00:00
1752379200000,0.10494,0.10712,0.10412,0.1061,11919901.0,2025-07-13 04:00
1752393600000,0.10612,0.10744,0.10485,0.10744,9970633.0,2025-07-13 08:00
1752408000000,0.1074,0.11159,0.10673,0.10738,20664489.0,2025-07-13 12:00
1752422400000,0.1074,0.11002,0.10647,0.10825,12634383.0,2025-07-13 16:00
1752436800000,0.10826,0.10955,0.10523,0.1074,9002656.0,2025-07-13 20:00
1752451200000,0.10739,0.11839,0.1067,0.11636,50073087.0,2025-07-14 00:00
1752465600000,0.11636,0.12795,0.11515,0.1247,95971558.0,2025-07-14 04:00
1752480000000,0.1247,0.12643,0.11887,0.12325,79095700.0,2025-07-14 08:00
1752494400000,0.12324,0.12615,0.11816,0.12015,72826300.0,2025-07-14 12:00
1752508800000,0.12016,0.12231,0.11575,0.11705,35799463.0,2025-07-14 16:00
1752523200000,0.11717,0.11908,0.11575,0.11811,15464077.0,2025-07-14 20:00
1752537600000,0.11806,0.12157,0.11571,0.119,43140214.0,2025-07-15 00:00
1752552000000,0.11896,0.12433,0.11317,0.11608,72838687.0,2025-07-15 04:00
1752566400000,0.11608,0.12048,0.11392,0.11904,26392583.0,2025-07-15 08:00
1752580800000,0.11906,0.1257,0.11696,0.12235,64241626.0,2025-07-15 12:00
1752595200000,0.12231,0.12566,0.11942,0.11959,30132169.0,2025-07-15 16:00
1752609600000,0.11959,0.12484,0.11861,0.12459,21236620.0,2025-07-15 20:00
1752624000000,0.12458,0.12499,0.11964,0.12076,19809371.0,2025-07-16 00:00
1752638400000,0.12074,0.12423,0.11939,0.12321,12908264.0,2025-07-16 04:00
1752652800000,0.12323,0.12489,0.12224,0.12248,13905165.0,2025-07-16 08:00
1752667200000,0.12248,0.12462,0.12076,0.12194,22782727.0,2025-07-16 12:00
1752681600000,0.12196,0.12503,0.12088,0.12246,19256730.0,2025-07-16 16:00
1752696000000,0.12248,0.12615,0.12017,0.12108,22067107.0,2025-07-16 20:00
1752710400000,0.1211,0.12405,0.11607,0.11727,25379134.0,2025-07-17 00:00
1752724800000,0.11726,0.12292,0.11683,0.12194,18530252.0,2025-07-17 04:00
1752739200000,0.12194,0.12535,0.1217,0.12285,16593406.0,2025-07-17 08:00
1752753600000,0.12284,0.12807,0.11981,0.1253,30802875.0,2025-07-17 12:00
1752768000000,0.12528,0.12555,0.12103,0.12131,21070532.0,2025-07-17 16:00
1752782400000,0.12131,0.12542,0.1193,0.12331,18571452.0,2025-07-17 20:00
1752796800000,0.12331,0.12674,0.12194,0.12473,22094162.0,2025-07-18 00:00
1752811200000,0.12473,0.13106,0.12404,0.12469,37466959.0,2025-07-18 04:00
1752825600000,0.12474,0.12779,0.12128,0.12237,29185751.0,2025-07-18 08:00
1752840000000,0.12235,0.12541,0.11647,0.11775,36440228.0,2025-07-18 12:00
1752854400000,0.11775,0.12025,0.11465,0.11703,18225317.0,2025-07-18 16:00
1752868800000,0.11702,0.11758,0.11224,0.11679,22460611.0,2025-07-18 20:00
1752883200000,0.1168,0.11862,0.1125,0.11844,16392287.0,2025-07-19 00:00
1752897600000,0.11845,0.11932,0.11552,0.11587,12705001.0,2025-07-19 04:00
1752912000000,0.11587,0.11696,0.11467,0.11579,11659024.0,2025-07-19 08:00
1752926400000,0.11582,0.11686,0.11404,0.11534,13647865.0,2025-07-19 12:00
1752940800000,0.11531,0.11756,0.11468,0.11693,9259262.0,2025-07-19 16:00
1752955200000,0.11694,0.11911,0.11645,0.11728,12448922.0,2025-07-19 20:00
1752969600000,0.11728,0.11895,0.11646,0.11773,12089348.0,2025-07-20 00:00
1752984000000,0.11775,0.12112,0.11726,0.12075,12861995.0,2025-07-20 04:00
1752998400000,0.12077,0.12293,0.12024,0.1224,17637307.0,2025-07-20 08:00
1753012800000,0.12237,0.12398,0.12126,0.12368,14824381.0,2025-07-20 12:00
1753027200000,0.12371,0.125,0.12172,0.1233,17942889.0,2025-07-20 16:00
1753041600000,0.12335,0.12419,0.11841,0.12113,18436606.0,2025-07-20 20:00
1753056000000,0.12117,0.12552,0.11865,0.12487,15269381.0,2025-07-21 00:00
1753070400000,0.12488,0.12686,0.12372,0.12573,9897164.0,2025-07-21 04:00
1753084800000,0.12575,0.12668,0.123,0.12533,12623084.0,2025-07-21 08:00
1753099200000,0.1253,0.12824,0.12352,0.125,20058137.0,2025-07-21 12:00
1753113600000,0.12497,0.12523,0.12008,0.12115,20239695.0,2025-07-21 16:00
1753128000000,0.12106,0.12503,0.12046,0.12338,9956033.0,2025-07-21 20:00
1753142400000,0.12343,0.12551,0.11853,0.12124,23711001.0,2025-07-22 00:00
1753156800000,0.12124,0.12147,0.11742,0.11909,19118009.0,2025-07-22 04:00
1753171200000,0.11905,0.11922,0.11538,0.1184,16027189.0,2025-07-22 08:00
1753185600000,0.11844,0.12019,0.116,0.11917,25368628.0,2025-07-22 12:00
1753200000000,0.1192,0.12297,0.11815,0.11977,18133618.0,2025-07-22 16:00
1753214400000,0.11976,0.12494,0.11943,0.12408,11370259.0,2025-07-22 20:00
1753228800000,0.12408,0.12423,0.1206,0.12087,9783447.0,2025-07-23 00:00
1753243200000,0.12086,0.12307,0.11916,0.11966,11339396.0,2025-07-23 04:00
1753257600000,0.11964,0.12187,0.11758,0.11828,11943476.0,2025-07-23 08:00
1753272000000,0.11828,0.11849,0.10848,0.11311,39601193.0,2025-07-23 12:00
1753286400000,0.11311,0.11311,0.106,0.10815,25609454.0,2025-07-23 16:00
1753300800000,0.10814,0.1091,0.1028,0.10808,22542976.0,2025-07-23 20:00
1753315200000,0.10807,0.1106,0.10736,0.10888,10273144.0,2025-07-24 00:00
1753329600000,0.10888,0.10958,0.09936,0.10386,36816073.0,2025-07-24 04:00
1753344000000,0.10383,0.1061,0.10277,0.1055,15593788.0,2025-07-24 08:00
1753358400000,0.1055,0.1099,0.10336,0.10791,19016919.0,2025-07-24 12:00
1753372800000,0.10793,0.1088,0.10442,0.10658,18432146.0,2025-07-24 16:00
1753387200000,0.10659,0.10801,0.10524,0.10588,10946977.0,2025-07-24 20:00
1753401600000,0.1059,0.10605,0.10125,0.10274,20771310.0,2025-07-25 00:00
1753416000000,0.10273,0.10481,0.10148,0.1039,20993929.0,2025-07-25 04:00
1753430400000,0.10391,0.10713,0.10375,0.10653,12172283.0,2025-07-25 08:00
1753444800000,0.10653,0.10733,0.1015,0.10317,17448222.0,2025-07-25 12:00
1753459200000,0.10317,0.10598,0.10217,0.10512,11161536.0,2025-07-25 16:00
1753473600000,0.10508,0.10969,0.105,0.10921,12833092.0,2025-07-25 20:00
1753488000000,0.10923,0.11053,0.10838,0.11003,8940235.0,2025-07-26 00:00
1753502400000,0.11001,0.11134,0.10951,0.11022,7604858.0,2025-07-26 04:00
1753516800000,0.11023,0.11217,0.11023,0.11094,11179959.0,2025-07-26 08:00
1753531200000,0.11097,0.11654,0.11041,0.11594,29658295.0,2025-07-26 12:00
1753545600000,0.11597,0.12418,0.1148,0.11718,123012344.0,2025-07-26 16:00
1753560000000,0.11718,0.1182,0.11554,0.11622,14639527.0,2025-07-26 20:00
1753574400000,0.11621,0.12049,0.11461,0.12013,21909425.0,2025-07-27 00:00
1753588800000,0.1201,0.13191,0.11968,0.12619,123760825.0,2025-07-27 04:00
1753603200000,0.12618,0.1315,0.12378,0.12919,105292787.0,2025-07-27 08:00
1753617600000,0.12913,0.13458,0.12575,0.13267,129362067.0,2025-07-27 12:00
1753632000000,0.13269,0.1468,0.1316,0.13575,167478245.0,2025-07-27 16:00
1753646400000,0.13576,0.14498,0.13414,0.13919,76635106.0,2025-07-27 20:00
1753660800000,0.1392,0.14524,0.13311,0.13409,72436682.0,2025-07-28 00:00
1753675200000,0.13409,0.13748,0.13353,0.1344,36284030.0,2025-07-28 04:00
1753689600000,0.1344,0.13814,0.13429,0.13751,24659684.0,2025-07-28 08:00
1753704000000,0.1375,0.13907,0.12951,0.13069,57656657.0,2025-07-28 12:00
1753718400000,0.13073,0.13209,0.12774,0.12847,26820792.0,2025-07-28 16:00
1753732800000,0.12848,0.12874,0.1237,0.12452,18590128.0,2025-07-28 20:00
1753747200000,0.12452,0.12873,0.12202,0.12807,27558982.0,2025-07-29 00:00
1753761600000,0.1281,0.13408,0.12696,0.13374,24668365.0,2025-07-29 04:00
1753776000000,0.13372,0.13434,0.12647,0.12768,22475816.0,2025-07-29 08:00
1753790400000,0.1277,0.12932,0.1204,0.12182,34281925.0,2025-07-29 12:00
1753804800000,0.12181,0.12426,0.12044,0.12069,17222875.0,2025-07-29 16:00
1753819200000,0.12067,0.122,0.11826,0.12134,17104582.0,2025-07-29 20:00
1753833600000,0.12133,0.12179,0.11845,0.12086,14401609.0,2025-07-30 00:00
1753848000000,0.12087,0.12284,0.11888,0.11942,15382315.0,2025-07-30 04:00
1753862400000,0.11939,0.12061,0.11501,0.11585,18921494.0,2025-07-30 08:00
1753876800000,0.11584,0.11874,0.11409,0.11815,21693729.0,2025-07-30 12:00
1753891200000,0.11816,0.12076,0.1113,0.11915,27808654.0,2025-07-30 16:00
1753905600000,0.11914,0.12089,0.116,0.11908,12409780.0,2025-07-30 20:00
1753920000000,0.11906,0.1199,0.11767,0.11962,10767818.0,2025-07-31 00:00
1753934400000,0.11956,0.12082,0.11876,0.12028,10521947.0,2025-07-31 04:00
1753948800000,0.12027,0.12248,0.11888,0.11914,9942383.0,2025-07-31 08:00
1753963200000,0.11918,0.1192,0.11245,0.11358,24953610.0,2025-07-31 12:00
1753977600000,0.11358,0.11719,0.11064,0.11093,25010007.0,2025-07-31 16:00
1753992000000,0.11097,0.11164,0.10663,0.10767,20181029.0,2025-07-31 20:00
1754006400000,0.10767,0.11019,0.10495,0.10891,22184324.0,2025-08-01 00:00
1754020800000,0.10895,0.10921,0.10654,0.10765,15933865.0,2025-08-01 04:00
1754035200000,0.10765,0.10771,0.10503,0.10748,17177001.0,2025-08-01 08:00
1754049600000,0.10748,0.10871,0.10359,0.10787,23913067.0,2025-08-01 12:00
1754064000000,0.10783,0.10796,0.10379,0.10627,17564086.0,2025-08-01 16:00
1754078400000,0.10631,0.10669,0.10008,0.1036,21877933.0,2025-08-01 20:00
1754092800000,0.10361,0.1049,0.10343,0.10445,4713453.0,2025-08-02 00:00
1754107200000,0.10444,0.10511,0.10133,0.10426,9530813.0,2025-08-02 04:00
1754121600000,0.10424,0.10437,0.10028,0.10129,9177256.0,2025-08-02 08:00
1754136000000,0.10125,0.10242,0.09934,0.09977,14867966.0,2025-08-02 12:00
1754150400000,0.09978,0.10101,0.09753,0.09889,19700314.0,2025-08-02 16:00
1754164800000,0.09892,0.1008,0.09882,0.09986,9447566.0,2025-08-02 20:00
1754179200000,0.0999,0.10275,0.09848,0.10221,10797210.0,2025-08-03 00:00
1754193600000,0.10227,0.103,0.10164,0.10264,5816698.0,2025-08-03 04:00
1754208000000,0.10264,0.10381,0.1021,0.10316,8569978.0,2025-08-03 08:00
1754222400000,0.10318,0.10357,0.10224,0.10292,8815973.0,2025-08-03 12:00
1754236800000,0.10289,0.10442,0.10218,0.10339,7325701.0,2025-08-03 16:00
1754251200000,0.10339,0.10424,0.10282,0.10322,5464054.0,2025-08-03 20:00
1754265600000,0.10322,0.10529,0.103,0.10333,8279208.0,2025-08-04 00:00
1754280000000,0.10335,0.10406,0.10261,0.10365,6734263.0,2025-08-04 04:00
1754294400000,0.10366,0.1042,0.1013,0.10159,7239430.0,2025-08-04 08:00
1754308800000,0.1016,0.10381,0.1,0.10242,24514966.0,2025-08-04 12:00
1754323200000,0.10241,0.10627,0.10152,0.10241,16093927.0,2025-08-04 16:00
1754337600000,0.1024,0.10642,0.10224,0.10593,12056811.0,2025-08-04 20:00
1754352000000,0.10595,0.10639,0.10195,0.10213,13349200.0,2025-08-05 00:00
1754366400000,0.10214,0.10331,0.09974,0.10024,11896674.0,2025-08-05 04:00
1754380800000,0.10023,0.10423,0.10003,0.1039,10903890.0,2025-08-05 08:00
1754395200000,0.10393,0.10405,0.09753,0.09796,22497267.0,2025-08-05 12:00
1754409600000,0.09795,0.09894,0.09619,0.09674,11255240.0,2025-08-05 16:00
1754424000000,0.0967,0.09877,0.09551,0.09792,12217134.0,2025-08-05 20:00
1754438400000,0.09795,0.09814,0.09567,0.09571,9485065.0,2025-08-06 00:00
1754452800000,0.0957,0.09901,0.09509,0.09896,10490321.0,2025-08-06 04:00
1754467200000,0.09897,0.09944,0.09721,0.09757,9214823.0,2025-08-06 08:00
1754481600000,0.09758,0.10116,0.09667,0.1009,13698989.0,2025-08-06 12:00
1754496000000,0.10092,0.10173,0.09895,0.10105,14167636.0,2025-08-06 16:00
1754510400000,0.10107,0.10111,0.09992,0.10049,6288588.0,2025-08-06 20:00
1754524800000,0.10051,0.10221,0.09967,0.09977,11692569.0,2025-08-07 00:00
1754539200000,0.09976,0.10176,0.09934,0.10149,9459446.0,2025-08-07 04:00
1754553600000,0.1015,0.1069,0.1004,0.10648,20044185.0,2025-08-07 08:00
1754568000000,0.1065,0.10817,0.10527,0.10622,21038782.0,2025-08-07 12:00
1754582400000,0.10622,0.10679,0.1031,0.10651,15526765.0,2025-08-07 16:00
1754596800000,0.1065,0.10855,0.10617,0.10833,11204542.0,2025-08-07 20:00
1754611200000,0.10832,0.10906,0.10624,0.10745,20892215.0,2025-08-08 00:00
1754625600000,0.10737,0.10809,0.10559,0.10748,14827586.0,2025-08-08 04:00
1754640000000,0.10747,0.10902,0.10465,0.10656,21599829.0,2025-08-08 08:00
1754654400000,0.10654,0.10906,0.10355,0.10467,27050928.0,2025-08-08 12:00
1754668800000,0.10469,0.10961,0.10465,0.10903,21857713.0,2025-08-08 16:00
1754683200000,0.10904,0.10985,0.10798,0.10897,8604786.0,2025-08-08 20:00
1754697600000,0.10897,0.10998,0.10802,0.1085,10187050.0,2025-08-09 00:00
1754712000000,0.10849,0.11402,0.10833,0.11203,15088513.0,2025-08-09 04:00
1754726400000,0.11204,0.11562,0.11198,0.11486,21275954.0,2025-08-09 08:00
1754740800000,0.11488,0.11766,0.11405,0.11653,26752006.0,2025-08-09 12:00
1754755200000,0.11656,0.11726,0.11496,0.1161,14635290.0,2025-08-09 16:00
1754769600000,0.1161,0.11728,0.11368,0.11448,15220372.0,2025-08-09 20:00
1754784000000,0.11451,0.1159,0.1123,0.11505,17645356.0,2025-08-10 00:00
1754798400000,0.11503,0.11725,0.10926,0.10985,23969286.0,2025-08-10 04:00
1754812800000,0.10984,0.11097,0.10782,0.10867,18095551.0,2025-08-10 08:00
1754827200000,0.10868,0.11257,0.10851,0.11141,13142773.0,2025-08-10 12:00
1754841600000,0.1114,0.11588,0.11134,0.11566,14310856.0,2025-08-10 16:00
1754856000000,0.11565,0.11581,0.11214,0.114,12820410.0,2025-08-10 20:00
1754870400000,0.11401,0.11808,0.11241,0.11692,14316060.0,2025-08-11 00:00
1754884800000,0.11693,0.1176,0.11223,0.11239,10909580.0,2025-08-11 04:00
1754899200000,0.1124,0.11348,0.10687,0.10748,16812607.0,2025-08-11 08:00
1754913600000,0.10748,0.1098,0.10563,0.10935,21911966.0,2025-08-11 12:00
1754928000000,0.10935,0.11157,0.1061,0.10728,17958392.0,2025-08-11 16:00
1754942400000,0.10727,0.10735,0.1028,0.10423,12586155.0,2025-08-11 20:00
1754956800000,0.10422,0.10647,0.10387,0.10553,10487983.0,2025-08-12 00:00
1754971200000,0.10554,0.10653,0.10369,0.10567,10571247.0,2025-08-12 04:00
1754985600000,0.1057,0.1058,0.10216,0.10407,12790054.0,2025-08-12 08:00
1755000000000,0.10407,0.11121,0.10352,0.11108,27593587.0,2025-08-12 12:00
1755014400000,0.11108,0.11278,0.11004,0.11222,16217775.0,2025-08-12 16:00
1755028800000,0.11222,0.11406,0.11119,0.11157,12118602.0,2025-08-12 20:00
1755043200000,0.11154,0.1134,0.10984,0.11271,12461342.0,2025-08-13 00:00
1755057600000,0.11268,0.11347,0.11049,0.11306,11771840.0,2025-08-13 04:00
1755072000000,0.11304,0.11757,0.11295,0.1163,15067653.0,2025-08-13 08:00
1755086400000,0.11631,0.11745,0.11186,0.11373,26949503.0,2025-08-13 12:00
1755100800000,0.11371,0.11525,0.11258,0.11516,12871231.0,2025-08-13 16:00
1755115200000,0.11518,0.11774,0.11362,0.11615,13296782.0,2025-08-13 20:00
1755129600000,0.11615,0.12563,0.11437,0.12462,47546671.0,2025-08-14 00:00
1755144000000,0.12461,0.12586,0.11768,0.11905,42434406.0,2025-08-14 04:00
1755158400000,0.11902,0.11904,0.11352,0.11467,28729733.0,2025-08-14 08:00
1755172800000,0.11467,0.1161,0.10173,0.10669,73732622.0,2025-08-14 12:00
1755187200000,0.10666,0.10666,0.1027,0.10403,21321952.0,2025-08-14 16:00
1755201600000,0.10403,0.10498,0.1006,0.10423,15517294.0,2025-08-14 20:00
1755216000000,0.10422,0.10769,0.10316,0.10679,14140999.0,2025-08-15 00:00
1755230400000,0.10679,0.1085,0.1057,0.10753,11324674.0,2025-08-15 04:00
1755244800000,0.10753,0.10803,0.105,0.10539,10629717.0,2025-08-15 08:00
1755259200000,0.10537,0.1075,0.09936,0.10037,31784034.0,2025-08-15 12:00
1755273600000,0.10034,0.1027,0.09919,0.1007,16665797.0,2025-08-15 16:00
1755288000000,0.10068,0.10512,0.10032,0.10353,11669633.0,2025-08-15 20:00
1755302400000,0.10352,0.10504,0.10334,0.10433,8255309.0,2025-08-16 00:00
1755316800000,0.10435,0.10534,0.10374,0.10462,7130675.0,2025-08-16 04:00
1755331200000,0.10462,0.10532,0.10308,0.10325,9059067.0,2025-08-16 08:00
1755345600000,0.10326,0.1059,0.10258,0.10522,11546420.0,2025-08-16 12:00
1755360000000,0.10522,0.10631,0.10451,0.1049,9242715.0,2025-08-16 16:00
1755374400000,0.1049,0.10568,0.10418,0.10494,5157341.0,2025-08-16 20:00
1755388800000,0.10495,0.10578,0.10375,0.10521,7146580.0,2025-08-17 00:00
1755403200000,0.10522,0.1071,0.10508,0.10639,10069245.0,2025-08-17 04:00
1755417600000,0.10639,0.10744,0.10598,0.10697,7796136.0,2025-08-17 08:00
1755432000000,0.10697,0.10983,0.10572,0.10976,15814082.0,2025-08-17 12:00
1755446400000,0.1098,0.11029,0.1052,0.10563,19585230.0,2025-08-17 16:00
1755460800000,0.10566,0.10748,0.10516,0.10566,8258431.0,2025-08-17 20:00
1755475200000,0.10561,0.10592,0.09961,0.10127,22967802.0,2025-08-18 00:00
1755489600000,0.10126,0.10213,0.09902,0.09946,14029914.0,2025-08-18 04:00
1755504000000,0.09944,0.10078,0.09835,0.10016,11163006.0,2025-08-18 08:00
1755518400000,0.10015,0.1018,0.09942,0.10136,14310753.0,2025-08-18 12:00
1755532800000,0.10133,0.10265,0.09989,0.10119,11391554.0,2025-08-18 16:00
1755547200000,0.10124,0.10269,0.09981,0.10015,9028539.0,2025-08-18 20:00
1755561600000,0.10017,0.10204,0.0977,0.09836,14270944.0,2025-08-19 00:00
1755576000000,0.09834,0.09988,0.09743,0.09856,10510100.0,2025-08-19 04:00
1755590400000,0.09858,0.10206,0.09779,0.10182,10864965.0,2025-08-19 08:00
1755604800000,0.10181,0.10181,0.09749,0.09775,21068518.0,2025-08-19 12:00
1755619200000,0.09776,0.09797,0.09398,0.09487,21639322.0,2025-08-19 16:00
1755633600000,0.09488,0.09597,0.09335,0.0936,11997085.0,2025-08-19 20:00
1755648000000,0.0936,0.09661,0.09357,0.09555,12991751.0,2025-08-20 00:00
1755662400000,0.09555,0.097,0.09554,0.09593,6486428.0,2025-08-20 04:00
1755676800000,0.09595,0.09749,0.09463,0.09601,8746656.0,2025-08-20 08:00
1755691200000,0.09601,0.09748,0.09219,0.09573,28146699.0,2025-08-20 12:00
1755705600000,0.09574,0.09779,0.09506,0.09775,13809214.0,2025-08-20 16:00
1755720000000,0.09773,0.09826,0.09722,0.09752,6231673.0,2025-08-20 20:00
1755734400000,0.09752,0.09828,0.09528,0.0961,10324146.0,2025-08-21 00:00
1755748800000,0.0961,0.0968,0.09496,0.09596,6913254.0,2025-08-21 04:00
1755763200000,0.09598,0.09614,0.09373,0.09405,8512654.0,2025-08-21 08:00
1755777600000,0.09405,0.09465,0.09203,0.0924,15028187.0,2025-08-21 12:00
1755792000000,0.09241,0.0934,0.0913,0.09214,8097746.0,2025-08-21 16:00
1755806400000,0.09213,0.09359,0.09169,0.09225,5848307.0,2025-08-21 20:00
1755820800000,0.09225,0.09432,0.09172,0.09241,7707354.0,2025-08-22 00:00
1755835200000,0.09242,0.09361,0.092,0.09336,6929471.0,2025-08-22 04:00
1755849600000,0.09335,0.09398,0.09128,0.09137,7405232.0,2025-08-22 08:00
1755864000000,0.09138,0.10254,0.08901,0.10122,62185702.0,2025-08-22 12:00
1755878400000,0.10125,0.1055,0.10125,0.10494,23063227.0,2025-08-22 16:00
1755892800000,0.10497,0.10685,0.10465,0.10521,14763929.0,2025-08-22 20:00
1755907200000,0.1052,0.10548,0.10042,0.10118,14166824.0,2025-08-23 00:00
1755921600000,0.10117,0.10638,0.10113,0.10373,24616931.0,2025-08-23 04:00
1755936000000,0.10374,0.10471,0.10281,0.10356,9248054.0,2025-08-23 08:00
1755950400000,0.10358,0.10468,0.10225,0.10337,11415804.0,2025-08-23 12:00
1755964800000,0.10339,0.10407,0.10267,0.10393,6664464.0,2025-08-23 16:00
1755979200000,0.10393,0.10401,0.10271,0.10343,3553263.0,2025-08-23 20:00
1755993600000,0.10346,0.10408,0.10255,0.10357,8472985.0,2025-08-24 00:00
1756008000000,0.10356,0.10815,0.10207,0.1022,29853677.0,2025-08-24 04:00
1756022400000,0.10222,0.1034,0.10019,0.10111,12968905.0,2025-08-24 08:00
1756036800000,0.1011,0.10394,0.10067,0.10239,9261084.0,2025-08-24 12:00
1756051200000,0.10238,0.10812,0.10099,0.104,40109015.0,2025-08-24 16:00
1756065600000,0.104,0.10414,0.10006,0.10186,22931784.0,2025-08-24 20:00
1756080000000,0.10184,0.1033,0.09859,0.10176,14399171.0,2025-08-25 00:00
1756094400000,0.10173,0.10191,0.09599,0.09649,13610125.0,2025-08-25 04:00
1756108800000,0.09648,0.0969,0.094,0.09556,12278543.0,2025-08-25 08:00
1756123200000,0.09555,0.09731,0.09476,0.0961,12225879.0,2025-08-25 12:00
1756137600000,0.09609,0.09748,0.09348,0.09369,11975475.0,2025-08-25 16:00
1756152000000,0.09372,0.09414,0.08995,0.09255,23901650.0,2025-08-25 20:00
1756166400000,0.09254,0.09441,0.09144,0.09305,17275610.0,2025-08-26 00:00
1756180800000,0.09304,0.09759,0.09295,0.09701,14420490.0,2025-08-26 04:00
1756195200000,0.09701,0.09713,0.0942,0.09463,11907377.0,2025-08-26 08:00
1756209600000,0.09463,0.0973,0.09382,0.09503,21167986.0,2025-08-26 12:00
1756224000000,0.09505,0.09757,0.09446,0.09731,7679196.0,2025-08-26 16:00
1756238400000,0.09729,0.09786,0.09643,0.09661,8002468.0,2025-08-26 20:00
1756252800000,0.09663,0.0975,0.09537,0.0968,7585982.0,2025-08-27 00:00
1756267200000,0.0968,0.09783,0.0949,0.09516,7272149.0,2025-08-27 04:00
1756281600000,0.09518,0.09594,0.09436,0.09556,5448431.0,2025-08-27 08:00
1756296000000,0.09556,0.09696,0.0941,0.09661,13562730.0,2025-08-27 12:00
1756310400000,0.09661,0.09784,0.095,0.09572,9632714.0,2025-08-27 16:00
1756324800000,0.09573,0.09743,0.09413,0.09439,15404714.0,2025-08-27 20:00
1756339200000,0.0944,0.09567,0.09335,0.0955,6597475.0,2025-08-28 00:00
1756353600000,0.0955,0.09665,0.09519,0.09617,4873156.0,2025-08-28 04:00
1756368000000,0.09617,0.09715,0.09513,0.09597,4901474.0,2025-08-28 08:00
1756382400000,0.09599,0.09698,0.09449,0.09478,11465681.0,2025-08-28 12:00
1756396800000,0.09479,0.09556,0.09295,0.09298,8178217.0,2025-08-28 16:00
1756411200000,0.09299,0.09769,0.09251,0.09762,12147478.0,2025-08-28 20:00
1756425600000,0.09766,0.09802,0.09508,0.09586,9792309.0,2025-08-29 00:00
1756440000000,0.09587,0.09612,0.0908,0.09111,19195564.0,2025-08-29 04:00
1756454400000,0.09111,0.09249,0.08928,0.09181,17740740.0,2025-08-29 08:00
1756468800000,0.0918,0.0947,0.09014,0.09052,21513712.0,2025-08-29 12:00
1756483200000,0.09052,0.09093,0.08854,0.09024,13063814.0,2025-08-29 16:00
1756497600000,0.0902,0.0913,0.08916,0.09099,7382856.0,2025-08-29 20:00
1756512000000,0.09099,0.09269,0.08909,0.09207,10326435.0,2025-08-30 00:00
1756526400000,0.09207,0.09316,0.09147,0.09316,4616905.0,2025-08-30 04:00
1756540800000,0.09314,0.09327,0.09135,0.09201,5675746.0,2025-08-30 08:00
1756555200000,0.09203,0.09252,0.08984,0.092,8896125.0,2025-08-30 12:00
1756569600000,0.09198,0.09199,0.09042,0.09123,5975986.0,2025-08-30 16:00
1756584000000,0.09122,0.09136,0.08978,0.09112,6226552.0,2025-08-30 20:00
1756598400000,0.09113,0.09229,0.09097,0.09198,7492713.0,2025-08-31 00:00
1756612800000,0.09199,0.09205,0.09077,0.09101,5751833.0,2025-08-31 04:00
1756627200000,0.09101,0.0922,0.09006,0.09116,7701464.0,2025-08-31 08:00
1756641600000,0.09116,0.09138,0.08982,0.0909,4417163.0,2025-08-31 12:00
1756656000000,0.0909,0.0909,0.08947,0.08956,6771731.0,2025-08-31 16:00
1756670400000,0.08956,0.09053,0.08742,0.08759,7848192.0,2025-08-31 20:00
1756684800000,0.08756,0.08825,0.08549,0.08652,12291944.0,2025-09-01 00:00
1756699200000,0.08651,0.08992,0.08563,0.08973,13529257.0,2025-09-01 04:00
1756713600000,0.08976,0.09106,0.0887,0.08899,12058386.0,2025-09-01 08:00
1756728000000,0.08898,0.08989,0.08736,0.0881,9197553.0,2025-09-01 12:00
1756742400000,0.08811,0.08837,0.08635,0.08814,11260571.0,2025-09-01 16:00
1756756800000,0.08815,0.08816,0.08374,0.08662,17935324.0,2025-09-01 20:00
1756771200000,0.0866,0.08886,0.08619,0.08868,8462020.0,2025-09-02 00:00
1756785600000,0.08868,0.08913,0.08758,0.08781,6738830.0,2025-09-02 04:00
1756800000000,0.08783,0.08906,0.08782,0.08812,4928590.0,2025-09-02 08:00
1756814400000,0.08812,0.08917,0.08531,0.0862,21262605.0,2025-09-02 12:00
1756828800000,0.0862,0.08781,0.086,0.08665,9685587.0,2025-09-02 16:00
1756843200000,0.08665,0.08951,0.08645,0.08942,7282874.0,2025-09-02 20:00
1756857600000,0.08942,0.08994,0.08823,0.08909,5338350.0,2025-09-03 00:00
1756872000000,0.0891,0.08925,0.08774,0.08828,4798580.0,2025-09-03 04:00
1756886400000,0.08825,0.08961,0.08763,0.08918,4489347.0,2025-09-03 08:00
1756900800000,0.08918,0.09167,0.0887,0.09141,8208320.0,2025-09-03 12:00
1756915200000,0.09143,0.09305,0.09045,0.09286,9209535.0,2025-09-03 16:00
1756929600000,0.09288,0.09294,0.09053,0.0908,7607321.0,2025-09-03 20:00
1756944000000,0.0908,0.09146,0.08885,0.08899,5473987.0,2025-09-04 00:00
1756958400000,0.08898,0.08961,0.08719,0.08808,9644034.0,2025-09-04 04:00
1756972800000,0.08807,0.08903,0.08798,0.08813,5307719.0,2025-09-04 08:00
1756987200000,0.08815,0.08881,0.08585,0.08653,9262052.0,2025-09-04 12:00
1757001600000,0.08653,0.08733,0.08573,0.08631,4982061.0,2025-09-04 16:00
1757016000000,0.08628,0.08839,0.08618,0.08704,5300848.0,2025-09-04 20:00
1757030400000,0.08702,0.08888,0.08693,0.08885,4970087.0,2025-09-05 00:00
1757044800000,0.08886,0.09152,0.08842,0.09135,7130738.0,2025-09-05 04:00
1757059200000,0.09136,0.09147,0.08969,0.09101,6994686.0,2025-09-05 08:00
1757073600000,0.09102,0.0926,0.08831,0.08983,21628326.0,2025-09-05 12:00
1757088000000,0.08983,0.09064,0.08899,0.09058,5975759.0,2025-09-05 16:00
1757102400000,0.09056,0.09104,0.0897,0.08994,4538851.0,2025-09-05 20:00
1757116800000,0.08996,0.09082,0.08988,0.09037,3755647.0,2025-09-06 00:00
1757131200000,0.09039,0.09039,0.08915,0.08939,3350333.0,2025-09-06 04:00
1757145600000,0.08939,0.08966,0.08831,0.08891,4361556.0,2025-09-06 08:00
1757160000000,0.08891,0.08932,0.08809,0.08816,4572001.0,2025-09-06 12:00
1757174400000,0.08816,0.08933,0.08787,0.08826,4932868.0,2025-09-06 16:00
1757188800000,0.08825,0.08944,0.08815,0.08819,8132164.0,2025-09-06 20:00
1757203200000,0.0882,0.09045,0.08818,0.09039,13668015.0,2025-09-07 00:00
1757217600000,0.09039,0.09105,0.08996,0.09042,7885237.0,2025-09-07 04:00
1757232000000,0.09041,0.09106,0.08981,0.09096,4076470.0,2025-09-07 08:00
1757246400000,0.09094,0.09241,0.09026,0.09149,6523196.0,2025-09-07 12:00
1757260800000,0.0915,0.09165,0.08969,0.08978,5290401.0,2025-09-07 16:00
1757275200000,0.08978,0.09163,0.08934,0.091,6684111.0,2025-09-07 20:00
1757289600000,0.09096,0.09335,0.09031,0.09286,9969880.0,2025-09-08 00:00
1757304000000,0.09283,0.09289,0.09136,0.09202,4102414.0,2025-09-08 04:00
1757318400000,0.09203,0.09411,0.09188,0.09354,8942054.0,2025-09-08 08:00
1757332800000,0.09354,0.09492,0.09274,0.09458,7785858.0,2025-09-08 12:00
1757347200000,0.09456,0.0955,0.09325,0.09356,7984199.0,2025-09-08 16:00
1757361600000,0.09357,0.0952,0.09281,0.09488,6045171.0,2025-09-08 20:00
1757376000000,0.09487,0.09623,0.09336,0.0949,8332609.0,2025-09-09 00:00
1757390400000,0.09489,0.09845,0.0945,0.09748,12733395.0,2025-09-09 04:00
1757404800000,0.09749,0.09875,0.09665,0.09688,8762454.0,2025-09-09 08:00
1757419200000,0.09686,0.09827,0.09215,0.09273,21960920.0,2025-09-09 12:00
1757433600000,0.09276,0.09356,0.09199,0.09317,7702946.0,2025-09-09 16:00
1757448000000,0.09316,0.09407,0.09242,0.09357,5789864.0,2025-09-09 20:00
1757462400000,0.09358,0.09564,0.0927,0.09496,6650998.0,2025-09-10 00:00
1757476800000,0.09494,0.09511,0.09356,0.0947,7517098.0,2025-09-10 04:00
1757491200000,0.09471,0.09481,0.09375,0.09427,6053261.0,2025-09-10 08:00
1757505600000,0.09428,0.09708,0.09401,0.09574,13501870.0,2025-09-10 12:00
1757520000000,0.09576,0.09595,0.09245,0.09301,9542978.0,2025-09-10 16:00
1757534400000,0.093,0.09427,0.09294,0.09398,5649400.0,2025-09-10 20:00
1757548800000,0.09397,0.09471,0.09325,0.09457,6959676.0,2025-09-11 00:00
1757563200000,0.09458,0.09464,0.09321,0.09379,7746046.0,2025-09-11 04:00
1757577600000,0.09388,0.09409,0.09226,0.09234,7239284.0,2025-09-11 08:00
1757592000000,0.09235,0.09398,0.0905,0.09162,22828678.0,2025-09-11 12:00
1757606400000,0.09162,0.09446,0.09154,0.09425,9309830.0,2025-09-11 16:00
1757620800000,0.09426,0.09605,0.09345,0.09558,8527391.0,2025-09-11 20:00
1757635200000,0.09561,0.09679,0.0949,0.09578,10388378.0,2025-09-12 00:00
1757649600000,0.09579,0.097,0.09531,0.09576,8060369.0,2025-09-12 04:00
1757664000000,0.09579,0.09583,0.09401,0.09422,8695594.0,2025-09-12 08:00
1757678400000,0.09423,0.09514,0.09301,0.09445,9739816.0,2025-09-12 12:00
1757692800000,0.09446,0.09807,0.0943,0.09773,12187022.0,2025-09-12 16:00
1757707200000,0.09769,0.09807,0.09643,0.09731,11460855.0,2025-09-12 20:00
1757721600000,0.09731,0.09912,0.09703,0.09814,11275408.0,2025-09-13 00:00
1757736000000,0.09815,0.09868,0.09714,0.09749,7837754.0,2025-09-13 04:00
1757750400000,0.09748,0.1007,0.09745,0.1005,14878882.0,2025-09-13 08:00
1757764800000,0.1005,0.1031,0.0965,0.0992,42752567.0,2025-09-13 12:00
1757779200000,0.09918,0.09976,0.09672,0.09818,14173696.0,2025-09-13 16:00
1757793600000,0.0982,0.09939,0.09808,0.09899,6808902.0,2025-09-13 20:00
1757808000000,0.09899,0.09909,0.09606,0.0965,10890904.0,2025-09-14 00:00
1757822400000,0.0965,0.09684,0.09527,0.09568,9411608.0,2025-09-14 04:00
1757836800000,0.09566,0.09713,0.09419,0.09441,18784939.0,2025-09-14 08:00
1757851200000,0.09442,0.09509,0.09178,0.09246,17761662.0,2025-09-14 12:00
1757865600000,0.09247,0.0946,0.0922,0.09376,9424016.0,2025-09-14 16:00
1757880000000,0.09373,0.09527,0.09348,0.0939,7966081.0,2025-09-14 20:00
1757894400000,0.09388,0.09446,0.09211,0.09347,8628024.0,2025-09-15 00:00
1757908800000,0.09346,0.0944,0.08937,0.0899,14491971.0,2025-09-15 04:00
1757923200000,0.08989,0.08992,0.08724,0.08859,22343209.0,2025-09-15 08:00
1757937600000,0.08858,0.08883,0.08612,0.08706,17062675.0,2025-09-15 12:00
1757952000000,0.08701,0.08766,0.08578,0.08728,9586127.0,2025-09-15 16:00
1757966400000,0.08728,0.08815,0.08714,0.08804,4240666.0,2025-09-15 20:00
1757980800000,0.08804,0.08825,0.08691,0.08703,6887910.0,2025-09-16 00:00
1757995200000,0.08704,0.08796,0.08551,0.08764,11420697.0,2025-09-16 04:00
1758009600000,0.08765,0.08865,0.08725,0.08763,7494143.0,2025-09-16 08:00
1758024000000,0.08762,0.08944,0.08687,0.08937,16740689.0,2025-09-16 12:00
1758038400000,0.08941,0.09195,0.08869,0.09077,19819576.0,2025-09-16 16:00
1758052800000,0.09075,0.09134,0.09006,0.09029,6765202.0,2025-09-16 20:00
1758067200000,0.0903,0.09135,0.08965,0.08972,7108708.0,2025-09-17 00:00
1758081600000,0.08976,0.09076,0.08886,0.0904,7423249.0,2025-09-17 04:00
1758096000000,0.09041,0.09047,0.08846,0.08929,5413248.0,2025-09-17 08:00
1758110400000,0.08929,0.08948,0.08809,0.0883,6843347.0,2025-09-17 12:00
1758124800000,0.0883,0.09202,0.08755,0.09194,25438292.0,2025-09-17 16:00
1758139200000,0.09194,0.09493,0.09022,0.0943,16038830.0,2025-09-17 20:00
1758153600000,0.0943,0.09506,0.09318,0.09449,10023936.0,2025-09-18 00:00
1758168000000,0.09449,0.09485,0.09256,0.0937,10542142.0,2025-09-18 04:00
1758182400000,0.09369,0.09588,0.0935,0.09501,9414625.0,2025-09-18 08:00
1758196800000,0.09501,0.09683,0.09422,0.09659,15618537.0,2025-09-18 12:00
1758211200000,0.09659,0.09798,0.09562,0.09643,17071781.0,2025-09-18 16:00
1758225600000,0.09644,0.09687,0.09469,0.09591,13912835.0,2025-09-18 20:00
1758240000000,0.0959,0.09668,0.09358,0.09387,14755286.0,2025-09-19 00:00
1758254400000,0.09387,0.0942,0.09174,0.09225,15562818.0,2025-09-19 04:00
1758268800000,0.09224,0.09315,0.09062,0.09111,11012746.0,2025-09-19 08:00
1758283200000,0.0911,0.09244,0.08969,0.09044,18595323.0,2025-09-19 12:00
1758297600000,0.09044,0.09098,0.08949,0.08949,9393028.0,2025-09-19 16:00
1758312000000,0.0895,0.09068,0.08867,0.08962,4931750.0,2025-09-19 20:00
1758326400000,0.08961,0.09042,0.08898,0.09028,5122118.0,2025-09-20 00:00
1758340800000,0.09027,0.09165,0.08993,0.09086,7500088.0,2025-09-20 04:00
1758355200000,0.09085,0.09093,0.08919,0.0899,9366960.0,2025-09-20 08:00
1758369600000,0.08992,0.0919,0.08969,0.09134,7725151.0,2025-09-20 12:00
1758384000000,0.09137,0.09166,0.09004,0.09033,5730847.0,2025-09-20 16:00
1758398400000,0.09033,0.09107,0.09004,0.09021,3179915.0,2025-09-20 20:00
1758412800000,0.09021,0.09079,0.08951,0.09045,4367897.0,2025-09-21 00:00
1758427200000,0.09045,0.09153,0.09002,0.09098,8364040.0,2025-09-21 04:00
1758441600000,0.09096,0.09113,0.08818,0.08866,13484611.0,2025-09-21 08:00
1758456000000,0.08866,0.09026,0.08865,0.08942,9685300.0,2025-09-21 12:00
1758470400000,0.08944,0.08989,0.08833,0.08952,8334362.0,2025-09-21 16:00
1758484800000,0.08949,0.08954,0.08814,0.08822,4193947.0,2025-09-21 20:00
1758499200000,0.08818,0.08873,0.08404,0.08518,27394648.0,2025-09-22 00:00
1758513600000,0.08517,0.08578,0.07392,0.07931,44586487.0,2025-09-22 04:00
1758528000000,0.07932,0.07974,0.07746,0.0787,21973515.0,2025-09-22 08:00
1758542400000,0.07872,0.08,0.07791,0.07833,11444145.0,2025-09-22 12:00
1758556800000,0.07833,0.07888,0.07647,0.07675,13332926.0,2025-09-22 16:00
1758571200000,0.07673,0.07911,0.07668,0.0789,7751090.0,2025-09-22 20:00
1758585600000,0.07889,0.07945,0.07667,0.07857,10847223.0,2025-09-23 00:00
1758600000000,0.07858,0.08033,0.0779,0.08002,8518707.0,2025-09-23 04:00
1758614400000,0.08005,0.08152,0.07956,0.08072,11859459.0,2025-09-23 08:00
1758628800000,0.08073,0.08178,0.07927,0.07995,16353386.0,2025-09-23 12:00
1758643200000,0.07996,0.08118,0.07815,0.07861,14488769.0,2025-09-23 16:00
1758657600000,0.07861,0.08002,0.07834,0.07854,7625491.0,2025-09-23 20:00
1758672000000,0.07855,0.08009,0.0774,0.07794,12609717.0,2025-09-24 00:00
1758686400000,0.0779,0.07988,0.0768,0.07948,10603293.0,2025-09-24 04:00
1758700800000,0.0795,0.0809,0.07928,0.08077,7691621.0,2025-09-24 08:00
1758715200000,0.08077,0.08226,0.07997,0.08076,9599233.0,2025-09-24 12:00
1758729600000,0.08079,0.08149,0.08046,0.0808,7049828.0,2025-09-24 16:00
1758744000000,0.08081,0.0809,0.07905,0.07951,9826533.0,2025-09-24 20:00
1758758400000,0.07951,0.07975,0.07751,0.07832,19747076.0,2025-09-25 00:00
1758772800000,0.0783,0.07857,0.07671,0.07719,12592916.0,2025-09-25 04:00
1758787200000,0.07717,0.0779,0.07584,0.07623,12646743.0,2025-09-25 08:00
1758801600000,0.0762,0.07767,0.07387,0.07656,26276172.0,2025-09-25 12:00
1758816000000,0.07657,0.07664,0.07193,0.07372,32333468.0,2025-09-25 16:00
1758830400000,0.07373,0.07418,0.07237,0.0733,12565800.0,2025-09-25 20:00
1758844800000,0.07332,0.0746,0.07296,0.07367,12213724.0,2025-09-26 00:00
1758859200000,0.07366,0.0739,0.07257,0.07322,11259321.0,2025-09-26 04:00
1758873600000,0.07326,0.07417,0.07145,0.07247,14966195.0,2025-09-26 08:00
1758888000000,0.07243,0.07406,0.07146,0.0736,18814797.0,2025-09-26 12:00
1758902400000,0.0736,0.07569,0.0735,0.0746,12609707.0,2025-09-26 16:00
1758916800000,0.07459,0.07532,0.07437,0.0753,5826939.0,2025-09-26 20:00
1758931200000,0.07531,0.07546,0.07462,0.07483,5314400.0,2025-09-27 00:00
1758945600000,0.07482,0.07633,0.07476,0.07539,10122935.0,2025-09-27 04:00
1758960000000,0.07538,0.07603,0.0745,0.07583,8977131.0,2025-09-27 08:00
1758974400000,0.07583,0.07662,0.07516,0.0759,10217687.0,2025-09-27 12:00
1758988800000,0.07593,0.07601,0.07363,0.07479,12933517.0,2025-09-27 16:00
1759003200000,0.07479,0.07586,0.07446,0.07487,7164854.0,2025-09-27 20:00
1759017600000,0.07489,0.07501,0.07366,0.07418,6021640.0,2025-09-28 00:00
1759032000000,0.07417,0.07426,0.07316,0.07393,6634661.0,2025-09-28 04:00
1759046400000,0.07392,0.07398,0.07266,0.07312,11437301.0,2025-09-28 08:00
1759060800000,0.0731,0.07445,0.07232,0.07437,9421352.0,2025-09-28 12:00
1759075200000,0.07437,0.07526,0.07437,0.07504,7303784.0,2025-09-28 16:00
1759089600000,0.07505,0.07733,0.07498,0.07705,10855653.0,2025-09-28 20:00
1759104000000,0.07703,0.07709,0.07608,0.07626,6268793.0,2025-09-29 00:00
1759118400000,0.07626,0.07635,0.07533,0.07596,7185949.0,2025-09-29 04:00
1759132800000,0.07596,0.07709,0.07493,0.07562,15392728.0,2025-09-29 08:00
1759147200000,0.07561,0.07818,0.07436,0.07647,20447220.0,2025-09-29 12:00
1759161600000,0.07648,0.07744,0.07577,0.07729,14128678.0,2025-09-29 16:00
1759176000000,0.07729,0.07896,0.07681,0.07683,15057866.0,2025-09-29 20:00
1759190400000,0.07682,0.07719,0.07521,0.0759,14975204.0,2025-09-30 00:00
1759204800000,0.07589,0.07646,0.07489,0.07525,7305936.0,2025-09-30 04:00
1759219200000,0.07526,0.07573,0.07426,0.07493,8095472.0,2025-09-30 08:00
1759233600000,0.07493,0.07505,0.07258,0.07311,19199268.0,2025-09-30 12:00
1759248000000,0.0731,0.07575,0.07236,0.07527,14542024.0,2025-09-30 16:00
1759262400000,0.07531,0.07675,0.0746,0.07528,9830069.0,2025-09-30 20:00
1759276800000,0.07528,0.07557,0.074,0.074,8601883.0,2025-10-01 00:00
1759291200000,0.07402,0.07542,0.07385,0.07475,8057365.0,2025-10-01 04:00
1759305600000,0.07475,0.07941,0.07466,0.07913,21167050.0,2025-10-01 08:00
1759320000000,0.07914,0.08047,0.07824,0.08003,12370523.0,2025-10-01 12:00
1759334400000,0.08002,0.08163,0.079,0.08097,12681665.0,2025-10-01 16:00
1759348800000,0.08091,0.08112,0.07966,0.08063,8167857.0,2025-10-01 20:00
1759363200000,0.08075,0.08278,0.08028,0.08226,13764465.0,2025-10-02 00:00
1759377600000,0.08227,0.08349,0.08176,0.08222,8310076.0,2025-10-02 04:00
1759392000000,0.08223,0.0828,0.08128,0.08152,9582628.0,2025-10-02 08:00
1759406400000,0.08153,0.08212,0.07903,0.0806,16423039.0,2025-10-02 12:00
1759420800000,0.08061,0.08287,0.08,0.08226,12546595.0,2025-10-02 16:00
1759435200000,0.08227,0.0825,0.08089,0.0815,8820086.0,2025-10-02 20:00
1759449600000,0.08151,0.08151,0.07924,0.08035,11651302.0,2025-10-03 00:00
1759464000000,0.08038,0.08141,0.07965,0.08032,8263136.0,2025-10-03 04:00
1759478400000,0.08031,0.08232,0.07937,0.0797,11541701.0,2025-10-03 08:00
1759492800000,0.0797,0.08208,0.0785,0.08199,19021304.0,2025-10-03 12:00
1759507200000,0.08199,0.08327,0.07923,0.08097,21377690.0,2025-10-03 16:00
1759521600000,0.08097,0.08128,0.08014,0.08028,5931640.0,2025-10-03 20:00
1759536000000,0.08029,0.08068,0.07857,0.07929,8413295.0,2025-10-04 00:00
1759550400000,0.07929,0.0803,0.07887,0.07947,6466605.0,2025-10-04 04:00
1759564800000,0.07947,0.07954,0.07763,0.07827,9712555.0,2025-10-04 08:00
1759579200000,0.07829,0.07936,0.07617,0.07651,12771050.0,2025-10-04 12:00
1759593600000,0.07652,0.078,0.07606,0.078,7570380.0,2025-10-04 16:00
1759608000000,0.07801,0.07887,0.07761,0.07826,8473868.0,2025-10-04 20:00
1759622400000,0.07826,0.08028,0.07739,0.07979,16247839.0,2025-10-05 00:00
1759636800000,0.07978,0.08173,0.07957,0.0817,13401454.0,2025-10-05 04:00
1759651200000,0.08174,0.08202,0.0786,0.07917,13939972.0,2025-10-05 08:00
1759665600000,0.07916,0.07967,0.07811,0.07881,9022813.0,2025-10-05 12:00
1759680000000,0.07881,0.07886,0.07613,0.07624,10927546.0,2025-10-05 16:00
1759694400000,0.07624,0.07686,0.07565,0.07646,7705130.0,2025-10-05 20:00
1759708800000,0.07645,0.07787,0.07582,0.07759,9979133.0,2025-10-06 00:00
1759723200000,0.07759,0.0788,0.07657,0.07769,9533488.0,2025-10-06 04:00
1759737600000,0.07775,0.07877,0.07769,0.07817,8490535.0,2025-10-06 08:00
1759752000000,0.0782,0.08159,0.07814,0.08111,12879025.0,2025-10-06 12:00
1759766400000,0.08115,0.08153,0.08007,0.0808,10420430.0,2025-10-06 16:00
1759780800000,0.08082,0.08128,0.07924,0.07938,8926615.0,2025-10-06 20:00
1759795200000,0.07939,0.08032,0.07883,0.07945,7032980.0,2025-10-07 00:00
1759809600000,0.07944,0.08039,0.07752,0.07785,11366435.0,2025-10-07 04:00
1759824000000,0.07783,0.07875,0.07685,0.0783,12515026.0,2025-10-07 08:00
1759838400000,0.07829,0.07903,0.0732,0.07384,44059442.0,2025-10-07 12:00
1759852800000,0.07385,0.07477,0.07258,0.07381,18036325.0,2025-10-07 16:00
1759867200000,0.07381,0.07479,0.073,0.07334,8794173.0,2025-10-07 20:00
1759881600000,0.07334,0.07465,0.0728,0.07313,10313781.0,2025-10-08 00:00
1759896000000,0.07312,0.07385,0.07257,0.0738,9142526.0,2025-10-08 04:00
1759910400000,0.07383,0.07453,0.07356,0.07389,9445719.0,2025-10-08 08:00
1759924800000,0.07389,0.07504,0.07299,0.07416,14845571.0,2025-10-08 12:00
1759939200000,0.07418,0.0767,0.07399,0.07599,19170103.0,2025-10-08 16:00
1759953600000,0.07599,0.07619,0.07521,0.07543,4708924.0,2025-10-08 20:00
1759968000000,0.07545,0.07565,0.07247,0.07396,11979685.0,2025-10-09 00:00
1759982400000,0.07395,0.07452,0.07272,0.07289,8431651.0,2025-10-09 04:00
1759996800000,0.0729,0.07303,0.07115,0.07227,16269451.0,2025-10-09 08:00
1760011200000,0.07227,0.07319,0.07015,0.07084,18850097.0,2025-10-09 12:00
1760025600000,0.07084,0.07198,0.06972,0.07162,12489471.0,2025-10-09 16:00
1760040000000,0.07162,0.07203,0.07132,0.0715,6510549.0,2025-10-09 20:00
1760054400000,0.07153,0.07329,0.07123,0.07236,10127739.0,2025-10-10 00:00
1760068800000,0.07238,0.07279,0.07102,0.07108,8754474.0,2025-10-10 04:00
1760083200000,0.07107,0.07239,0.07085,0.07227,7351492.0,2025-10-10 08:00
1760097600000,0.07227,0.07256,0.06644,0.06696,46517518.0,2025-10-10 12:00
1760112000000,0.06696,0.06737,0.06406,0.06495,34091297.0,2025-10-10 16:00
1760126400000,0.06498,0.06565,0.01764,0.04407,280026497.0,2025-10-10 20:00
1760140800000,0.0441,0.0474,0.04401,0.04594,56661927.0,2025-10-11 00:00
1760155200000,0.04594,0.0478,0.04544,0.04701,40247266.0,2025-10-11 04:00
1760169600000,0.047,0.05,0.04673,0.04957,34781621.0,2025-10-11 08:00
1760184000000,0.04957,0.05012,0.04758,0.04843,44620896.0,2025-10-11 12:00
1760198400000,0.04845,0.04888,0.04605,0.04664,29037965.0,2025-10-11 16:00
1760212800000,0.0466,0.04684,0.04387,0.04584,28901519.0,2025-10-11 20:00
1760227200000,0.04585,0.04674,0.04485,0.04626,21411698.0,2025-10-12 00:00
1760241600000,0.04628,0.04822,0.04613,0.04784,16301560.0,2025-10-12 04:00
1760256000000,0.04782,0.04804,0.04654,0.04748,12443061.0,2025-10-12 08:00
1760270400000,0.04747,0.05135,0.04698,0.05103,46514516.0,2025-10-12 12:00
1760284800000,0.05106,0.05413,0.05106,0.05401,35720524.0,2025-10-12 16:00
1760299200000,0.05405,0.05478,0.05272,0.05348,11944961.0,2025-10-12 20:00
1760313600000,0.05349,0.0539,0.05202,0.0529,14683878.0,2025-10-13 00:00
1760328000000,0.05293,0.05443,0.05237,0.05328,16118357.0,2025-10-13 04:00
1760342400000,0.05328,0.05493,0.05143,0.05255,23873406.0,2025-10-13 08:00
1760356800000,0.05258,0.05427,0.05191,0.05385,37559648.0,2025-10-13 12:00
1760371200000,0.05383,0.05468,0.05274,0.05417,23014857.0,2025-10-13 16:00
1760385600000,0.0542,0.05528,0.05396,0.05477,9081213.0,2025-10-13 20:00
1760400000000,0.05476,0.05496,0.05214,0.05231,11131375.0,2025-10-14 00:00
1760414400000,0.05232,0.05263,0.04854,0.04944,37100250.0,2025-10-14 04:00
1760428800000,0.0494,0.05034,0.04827,0.0498,20477610.0,2025-10-14 08:00
1760443200000,0.04978,0.05189,0.04864,0.05176,40030613.0,2025-10-14 12:00
1760457600000,0.05179,0.05296,0.05072,0.05201,36563665.0,2025-10-14 16:00
1760472000000,0.05202,0.05248,0.05139,0.05212,8252644.0,2025-10-14 20:00
1760486400000,0.0521,0.05282,0.05138,0.05173,11665128.0,2025-10-15 00:00
1760500800000,0.05174,0.05309,0.05147,0.05301,9792902.0,2025-10-15 04:00
1760515200000,0.05302,0.05407,0.0516,0.05182,12721478.0,2025-10-15 08:00
1760529600000,0.0518,0.05206,0.0491,0.04944,24975046.0,2025-10-15 12:00
1760544000000,0.04945,0.0499,0.0486,0.04915,13756005.0,2025-10-15 16:00
1760558400000,0.04915,0.04965,0.04811,0.04911,10481402.0,2025-10-15 20:00
1760572800000,0.04914,0.04984,0.04859,0.04918,6676443.0,2025-10-16 00:00
1760587200000,0.04914,0.04987,0.04865,0.04911,11897338.0,2025-10-16 04:00
1760601600000,0.04912,0.05011,0.04697,0.0498,22845342.0,2025-10-16 08:00
1760616000000,0.0498,0.05043,0.04705,0.04743,30471774.0,2025-10-16 12:00
1760630400000,0.04741,0.04859,0.0461,0.04669,43379938.0,2025-10-16 16:00
1760644800000,0.04664,0.04713,0.04577,0.04686,10769208.0,2025-10-16 20:00
1760659200000,0.04686,0.04757,0.0465,0.04743,9207762.0,2025-10-17 00:00
1760673600000,0.04744,0.04753,0.04306,0.0433,31111121.0,2025-10-17 04:00
1760688000000,0.04328,0.04546,0.04241,0.04496,47798817.0,2025-10-17 08:00
1760702400000,0.04494,0.04567,0.04379,0.04564,30866907.0,2025-10-17 12:00
1760716800000,0.04566,0.04641,0.04471,0.04521,17914685.0,2025-10-17 16:00
1760731200000,0.04522,0.04675,0.04509,0.04604,10113684.0,2025-10-17 20:00
1760745600000,0.04603,0.0473,0.04596,0.04683,8113840.0,2025-10-18 00:00
1760760000000,0.04681,0.04761,0.04611,0.04706,10737162.0,2025-10-18 04:00
1760774400000,0.04706,0.04874,0.04703,0.04861,19229637.0,2025-10-18 08:00
1760788800000,0.04862,0.04867,0.04662,0.04738,12988632.0,2025-10-18 12:00
1760803200000,0.04738,0.04805,0.04651,0.04765,10615869.0,2025-10-18 16:00
1760817600000,0.0477,0.04833,0.04743,0.0482,6317851.0,2025-10-18 20:00
1760832000000,0.0482,0.04907,0.0475,0.0486,18384561.0,2025-10-19 00:00
1760846400000,0.04861,0.04865,0.04717,0.0476,6678682.0,2025-10-19 04:00
1760860800000,0.0476,0.0502,0.04678,0.04947,34039599.0,2025-10-19 08:00
1760875200000,0.04947,0.05071,0.04913,0.04973,12447556.0,2025-10-19 12:00
1760889600000,0.04973,0.05043,0.04936,0.04979,10669107.0,2025-10-19 16:00
1760904000000,0.04979,0.05012,0.04938,0.04953,4235283.0,2025-10-19 20:00
1760918400000,0.04954,0.05125,0.04788,0.05105,21699015.0,2025-10-20 00:00
1760932800000,0.05108,0.05152,0.05028,0.05114,9495974.0,2025-10-20 04:00
1760947200000,0.05113,0.05134,0.05029,0.05081,8477922.0,2025-10-20 08:00
1760961600000,0.05082,0.05151,0.05027,0.05029,17435463.0,2025-10-20 12:00
1760976000000,0.05032,0.05061,0.04923,0.05038,13483905.0,2025-10-20 16:00
1760990400000,0.05037,0.05083,0.04998,0.05006,5305724.0,2025-10-20 20:00
1761004800000,0.05003,0.05006,0.04844,0.0486,14761286.0,2025-10-21 00:00
1761019200000,0.04859,0.04868,0.04778,0.04852,11479825.0,2025-10-21 04:00
1761033600000,0.04848,0.04869,0.04766,0.04798,11587256.0,2025-10-21 08:00
1761048000000,0.04799,0.05282,0.04713,0.05249,39580987.0,2025-10-21 12:00
1761062400000,0.0525,0.05265,0.05009,0.05014,19216816.0,2025-10-21 16:00
1761076800000,0.05014,0.05024,0.04702,0.04725,18286311.0,2025-10-21 20:00
1761091200000,0.04722,0.04767,0.04665,0.04737,12712954.0,2025-10-22 00:00
1761105600000,0.04737,0.04786,0.04641,0.04719,11050748.0,2025-10-22 04:00
1761120000000,0.04718,0.04733,0.046,0.04699,10452320.0,2025-10-22 08:00
1761134400000,0.04698,0.04781,0.04645,0.0473,16021742.0,2025-10-22 12:00
1761148800000,0.04729,0.04783,0.04599,0.04636,21438384.0,2025-10-22 16:00
1761163200000,0.04638,0.04682,0.04424,0.04611,61650622.0,2025-10-22 20:00
1761177600000,0.04609,0.04663,0.04593,0.04641,6363082.0,2025-10-23 00:00
1761192000000,0.04643,0.0478,0.04636,0.04733,5411009.0,2025-10-23 04:00
1761206400000,0.04734,0.04801,0.04692,0.04704,6054486.0,2025-10-23 08:00
1761220800000,0.04704,0.04812,0.04659,0.04777,10731817.0,2025-10-23 12:00
1761235200000,0.04779,0.04895,0.04759,0.04806,8074013.0,2025-10-23 16:00
1761249600000,0.04803,0.04805,0.04714,0.04774,5743708.0,2025-10-23 20:00
1761264000000,0.04775,0.04826,0.0475,0.04782,7092282.0,2025-10-24 00:00
1761278400000,0.04785,0.04909,0.04765,0.04846,9489464.0,2025-10-24 04:00
1761292800000,0.04849,0.04893,0.04721,0.04772,9580801.0,2025-10-24 08:00
1761307200000,0.04772,0.04933,0.04711,0.04731,14964139.0,2025-10-24 12:00
1761321600000,0.0473,0.04822,0.04672,0.04797,4986348.0,2025-10-24 16:00
1761336000000,0.04795,0.04846,0.04788,0.04823,3305372.0,2025-10-24 20:00
1761350400000,0.04823,0.04844,0.04778,0.0478,3764428.0,2025-10-25 00:00
1761364800000,0.04778,0.04814,0.04742,0.0475,5123492.0,2025-10-25 04:00
1761379200000,0.04751,0.04788,0.04695,0.04742,4255980.0,2025-10-25 08:00
1761393600000,0.04742,0.04792,0.04726,0.04786,4303424.0,2025-10-25 12:00
1761408000000,0.04783,0.04857,0.04748,0.0484,5100024.0,2025-10-25 16:00
1761422400000,0.04841,0.04857,0.04799,0.04819,4456275.0,2025-10-25 20:00
1761436800000,0.0482,0.04827,0.04716,0.04737,7197280.0,2025-10-26 00:00
1761451200000,0.04737,0.04838,0.04729,0.04837,6618341.0,2025-10-26 04:00
1761465600000,0.04836,0.05045,0.04829,0.0504,10228355.0,2025-10-26 08:00
1761480000000,0.05043,0.05316,0.05043,0.05185,41440638.0,2025-10-26 12:00
1761494400000,0.05187,0.05193,0.051,0.05123,10045876.0,2025-10-26 16:00
1761508800000,0.0512,0.05282,0.05026,0.05228,16522905.0,2025-10-26 20:00
1761523200000,0.05229,0.05324,0.05176,0.05217,16630164.0,2025-10-27 00:00
1761537600000,0.05213,0.05574,0.05208,0.05387,34947522.0,2025-10-27 04:00
1761552000000,0.05389,0.05456,0.05223,0.05262,26917048.0,2025-10-27 08:00
1761566400000,0.05261,0.05261,0.05077,0.05147,15511576.0,2025-10-27 12:00
1761580800000,0.05147,0.05337,0.05147,0.052,9494306.0,2025-10-27 16:00
1761595200000,0.05199,0.05209,0.0506,0.05115,9512748.0,2025-10-27 20:00
1761609600000,0.05116,0.05151,0.05016,0.05065,8302725.0,2025-10-28 00:00
1761624000000,0.0506,0.0518,0.05016,0.05089,5144095.0,2025-10-28 04:00
1761638400000,0.0509,0.0518,0.05065,0.05087,6665220.0,2025-10-28 08:00
1761652800000,0.05086,0.052,0.04985,0.05053,14228080.0,2025-10-28 12:00
1761667200000,0.0505,0.05123,0.04908,0.04943,11394150.0,2025-10-28 16:00
1761681600000,0.04939,0.04943,0.04758,0.04907,22303179.0,2025-10-28 20:00
1761696000000,0.04906,0.04936,0.04859,0.04897,7214781.0,2025-10-29 00:00
1761710400000,0.04897,0.0496,0.04881,0.04953,7842570.0,2025-10-29 04:00
1761724800000,0.04951,0.0506,0.04882,0.04972,10303271.0,2025-10-29 08:00
1761739200000,0.0497,0.04993,0.04742,0.04776,12167732.0,2025-10-29 12:00
1761753600000,0.04774,0.05073,0.04679,0.05023,36621325.0,2025-10-29 16:00
1761768000000,0.05024,0.0511,0.04836,0.04855,9839028.0,2025-10-29 20:00
1761782400000,0.04856,0.04983,0.04825,0.04882,9554415.0,2025-10-30 00:00
1761796800000,0.04883,0.04958,0.04649,0.0491,30540173.0,2025-10-30 04:00
1761811200000,0.04911,0.04911,0.04748,0.04766,10659422.0,2025-10-30 08:00
1761825600000,0.04765,0.0478,0.04462,0.0448,31682809.0,2025-10-30 12:00
1761840000000,0.04478,0.0453,0.04333,0.04364,19970744.0,2025-10-30 16:00
1761854400000,0.0436,0.04554,0.04349,0.04548,10439063.0,2025-10-30 20:00
1761868800000,0.04549,0.0466,0.04525,0.04654,9499612.0,2025-10-31 00:00
1761883200000,0.04654,0.04712,0.0461,0.04625,6033823.0,2025-10-31 04:00
1761897600000,0.04627,0.04757,0.04597,0.0474,6501035.0,2025-10-31 08:00
1761912000000,0.04739,0.04818,0.04677,0.04712,14721763.0,2025-10-31 12:00
1761926400000,0.04711,0.04729,0.04546,0.04688,13604339.0,2025-10-31 16:00
1761940800000,0.04689,0.04703,0.04596,0.04637,6191087.0,2025-10-31 20:00
1761955200000,0.04637,0.04699,0.04568,0.04687,6535252.0,2025-11-01 00:00
1761969600000,0.04689,0.04693,0.04574,0.04669,6203312.0,2025-11-01 04:00
1761984000000,0.04672,0.04711,0.04633,0.04669,4773441.0,2025-11-01 08:00
1761998400000,0.04671,0.04721,0.04597,0.04679,7072509.0,2025-11-01 12:00
1762012800000,0.04684,0.04732,0.0466,0.04713,6107256.0,2025-11-01 16:00
1762027200000,0.04718,0.04765,0.04669,0.04728,2714302.0,2025-11-01 20:00
1762041600000,0.04727,0.04739,0.04648,0.04664,5314942.0,2025-11-02 00:00
1762056000000,0.04662,0.04802,0.04655,0.04798,4801569.0,2025-11-02 04:00
1762070400000,0.04798,0.04806,0.04644,0.04722,7757119.0,2025-11-02 08:00
1762084800000,0.04723,0.04725,0.04597,0.04633,9619106.0,2025-11-02 12:00
1762099200000,0.04634,0.0467,0.04567,0.04612,4416189.0,2025-11-02 16:00
1762113600000,0.04611,0.0477,0.04586,0.04745,4616191.0,2025-11-02 20:00
1762128000000,0.04748,0.04752,0.04349,0.04371,12810075.0,2025-11-03 00:00
1762142400000,0.04369,0.04451,0.04132,0.04232,24960630.0,2025-11-03 04:00
1762156800000,0.0423,0.04326,0.04136,0.04207,12723483.0,2025-11-03 08:00
1762171200000,0.04208,0.04268,0.03744,0.03922,35401030.0,2025-11-03 12:00
1762185600000,0.03927,0.04167,0.03908,0.04032,24448865.0,2025-11-03 16:00
1762200000000,0.04035,0.04062,0.03932,0.04053,13208349.0,2025-11-03 20:00
1762214400000,0.04053,0.04115,0.03981,0.04074,11244455.0,2025-11-04 00:00
1762228800000,0.04073,0.04101,0.03825,0.03885,23038504.0,2025-11-04 04:00
1762243200000,0.03886,0.04026,0.03869,0.03989,13463880.0,2025-11-04 08:00
1762257600000,0.03988,0.04085,0.03877,0.0396,16719403.0,2025-11-04 12:00
1762272000000,0.0396,0.03997,0.03683,0.03774,28081118.0,2025-11-04 16:00
1762286400000,0.03778,0.03909,0.03561,0.03825,41108717.0,2025-11-04 20:00
1762300800000,0.03827,0.03898,0.03627,0.03863,19611569.0,2025-11-05 00:00
1762315200000,0.03862,0.03919,0.03837,0.03907,7344289.0,2025-11-05 04:00
1762329600000,0.03908,0.03908,0.03804,0.03871,8715578.0,2025-11-05 08:00
1762344000000,0.03869,0.03894,0.0376,0.0384,15257765.0,2025-11-05 12:00
1762358400000,0.03839,0.03858,0.03729,0.03816,18073885.0,2025-11-05 16:00
1762372800000,0.03815,0.03849,0.03758,0.03793,11308945.0,2025-11-05 20:00
1762387200000,0.03791,0.03834,0.03716,0.03812,9987404.0,2025-11-06 00:00
1762401600000,0.03814,0.03843,0.0372,0.03745,8925374.0,2025-11-06 04:00
1762416000000,0.03745,0.03765,0.03621,0.0366,15745424.0,2025-11-06 08:00
1762430400000,0.03663,0.03732,0.03568,0.03595,18904991.0,2025-11-06 12:00
1762444800000,0.03596,0.03678,0.03502,0.03653,12451846.0,2025-11-06 16:00
1762459200000,0.03659,0.03772,0.03623,0.03714,12942510.0,2025-11-06 20:00
1762473600000,0.03714,0.03864,0.03713,0.03833,12398918.0,2025-11-07 00:00
1762488000000,0.03834,0.03926,0.0378,0.03914,9418154.0,2025-11-07 04:00
1762502400000,0.03913,0.03932,0.03746,0.03801,10290048.0,2025-11-07 08:00
1762516800000,0.038,0.04006,0.03706,0.03986,18173853.0,2025-11-07 12:00
1762531200000,0.03984,0.04339,0.03955,0.0428,18952160.0,2025-11-07 16:00
1762545600000,0.0428,0.0435,0.04194,0.04228,8599474.0,2025-11-07 20:00
1762560000000,0.04232,0.04369,0.04164,0.04229,15891369.0,2025-11-08 00:00
1762574400000,0.04233,0.04306,0.04062,0.04169,10580847.0,2025-11-08 04:00
1762588800000,0.04167,0.04307,0.04128,0.04233,14553159.0,2025-11-08 08:00
1762603200000,0.04229,0.0426,0.04062,0.0411,9121062.0,2025-11-08 12:00
1762617600000,0.04112,0.04174,0.04074,0.04158,4316662.0,2025-11-08 16:00
1762632000000,0.04158,0.0421,0.0412,0.04197,3219672.0,2025-11-08 20:00
1762646400000,0.04197,0.04198,0.03976,0.04002,8138654.0,2025-11-09 00:00
1762660800000,0.04,0.04126,0.03994,0.04114,5393948.0,2025-11-09 04:00
1762675200000,0.04111,0.04125,0.03989,0.04105,6303191.0,2025-11-09 08:00
1762689600000,0.04106,0.04233,0.04077,0.04216,10331744.0,2025-11-09 12:00
1762704000000,0.04217,0.04313,0.04179,0.04312,6187750.0,2025-11-09 16:00
1762718400000,0.0431,0.04353,0.0421,0.04237,13515993.0,2025-11-09 20:00
1762732800000,0.04239,0.04334,0.04191,0.0429,8545717.0,2025-11-10 00:00
1762747200000,0.0429,0.04356,0.04249,0.04277,7455210.0,2025-11-10 04:00
1762761600000,0.0428,0.0438,0.04202,0.0433,8679793.0,2025-11-10 08:00
1762776000000,0.04333,0.04346,0.0413,0.04184,13950938.0,2025-11-10 12:00
1762790400000,0.04186,0.04274,0.04101,0.04232,9507034.0,2025-11-10 16:00
1762804800000,0.04235,0.04373,0.04192,0.04287,6765864.0,2025-11-10 20:00
1762819200000,0.04288,0.04408,0.04201,0.04356,14204295.0,2025-11-11 00:00
1762833600000,0.04351,0.04363,0.04057,0.04065,10556475.0,2025-11-11 04:00
1762848000000,0.04068,0.04181,0.04045,0.0413,9707872.0,2025-11-11 08:00
1762862400000,0.04134,0.04211,0.04091,0.04146,15783943.0,2025-11-11 12:00
1762876800000,0.04147,0.0423,0.04053,0.0406,9740758.0,2025-11-11 16:00
1762891200000,0.04061,0.04072,0.03977,0.03991,8615300.0,2025-11-11 20:00
1762905600000,0.03994,0.04069,0.03945,0.04048,8044075.0,2025-11-12 00:00
1762920000000,0.04051,0.04109,0.04017,0.04028,5872059.0,2025-11-12 04:00
1762934400000,0.0403,0.04175,0.0403,0.04131,7207308.0,2025-11-12 08:00
1762948800000,0.0413,0.04168,0.03957,0.03975,9957086.0,2025-11-12 12:00
1762963200000,0.03974,0.03987,0.03804,0.03854,12741240.0,2025-11-12 16:00
1762977600000,0.03853,0.03952,0.03841,0.03885,5401719.0,2025-11-12 20:00
1762992000000,0.03882,0.04013,0.03846,0.03968,8704512.0,2025-11-13 00:00
1763006400000,0.0397,0.04042,0.03928,0.03973,6746646.0,2025-11-13 04:00
1763020800000,0.03973,0.04018,0.03909,0.03929,5687045.0,2025-11-13 08:00
1763035200000,0.0393,0.03981,0.03835,0.03854,12295581.0,2025-11-13 12:00
1763049600000,0.03851,0.03859,0.03534,0.03573,19334925.0,2025-11-13 16:00
1763064000000,0.0357,0.03697,0.03529,0.0366,14821001.0,2025-11-13 20:00
1763078400000,0.03661,0.03703,0.03583,0.03613,10134965.0,2025-11-14 00:00
1763092800000,0.03614,0.0367,0.03432,0.03617,21332981.0,2025-11-14 04:00
1763107200000,0.03616,0.03635,0.0351,0.03538,10311679.0,2025-11-14 08:00
1763121600000,0.03536,0.0363,0.03444,0.03575,16659951.0,2025-11-14 12:00
1763136000000,0.03576,0.0363,0.03504,0.03583,12110148.0,2025-11-14 16:00
1763150400000,0.03585,0.03593,0.03355,0.0343,12126652.0,2025-11-14 20:00
1763164800000,0.03427,0.03573,0.0342,0.03546,8946649.0,2025-11-15 00:00
1763179200000,0.03547,0.03637,0.03536,0.03582,8552342.0,2025-11-15 04:00
1763193600000,0.03583,0.03584,0.03511,0.03552,6374467.0,2025-11-15 08:00
1763208000000,0.03551,0.03629,0.03546,0.03597,7523240.0,2025-11-15 12:00
1763222400000,0.03598,0.03646,0.03555,0.03619,6054468.0,2025-11-15 16:00
1763236800000,0.03618,0.03619,0.03559,0.03598,3259095.0,2025-11-15 20:00
1763251200000,0.03598,0.03625,0.03498,0.036,6123582.0,2025-11-16 00:00
1763265600000,0.03599,0.03622,0.03563,0.03622,3587157.0,2025-11-16 04:00
1763280000000,0.03619,0.03646,0.03513,0.03527,10388866.0,2025-11-16 08:00
1763294400000,0.03526,0.03544,0.03412,0.03419,9806527.0,2025-11-16 12:00
1763308800000,0.03416,0.03461,0.03339,0.03388,11779906.0,2025-11-16 16:00
1763323200000,0.03385,0.03459,0.03338,0.03428,7231470.0,2025-11-16 20:00
1763337600000,0.03431,0.03488,0.03387,0.0348,7791480.0,2025-11-17 00:00
1763352000000,0.03482,0.03522,0.03468,0.0351,4901243.0,2025-11-17 04:00
1763366400000,0.03513,0.03545,0.03482,0.03519,5263219.0,2025-11-17 08:00
1763380800000,0.03518,0.03566,0.03354,0.03414,19595650.0,2025-11-17 12:00
1763395200000,0.03416,0.03485,0.0325,0.03267,16020598.0,2025-11-17 16:00
1763409600000,0.03269,0.03325,0.03244,0.0332,10115644.0,2025-11-17 20:00
1763424000000,0.03322,0.03398,0.03244,0.03377,11325356.0,2025-11-18 00:00
1763438400000,0.03379,0.03393,0.03301,0.03351,12309570.0,2025-11-18 04:00
1763452800000,0.03353,0.03396,0.03332,0.03362,7654234.0,2025-11-18 08:00
1763467200000,0.03361,0.03422,0.03305,0.03408,11604609.0,2025-11-18 12:00
1763481600000,0.03407,0.0348,0.03392,0.03455,7543414.0,2025-11-18 16:00
1763496000000,0.03453,0.03465,0.03396,0.03417,4431241.0,2025-11-18 20:00
1763510400000,0.03415,0.03446,0.03359,0.03371,6547365.0,2025-11-19 00:00
1763524800000,0.0337,0.03381,0.03275,0.03367,6192425.0,2025-11-19 04:00
1763539200000,0.03365,0.03382,0.03334,0.03352,3831717.0,2025-11-19 08:00
1763553600000,0.03351,0.03387,0.03241,0.03248,7991894.0,2025-11-19 12:00
1763568000000,0.03243,0.03271,0.0308,0.03103,15851233.0,2025-11-19 16:00
1763582400000,0.03105,0.03316,0.03105,0.03308,11721684.0,2025-11-19 20:00
1763596800000,0.03307,0.03351,0.03293,0.03336,4560271.0,2025-11-20 00:00
1763611200000,0.03335,0.03401,0.03322,0.03393,6391181.0,2025-11-20 04:00
1763625600000,0.03396,0.03431,0.03355,0.03428,5245811.0,2025-11-20 08:00
1763640000000,0.03429,0.03593,0.03406,0.03439,19549910.0,2025-11-20 12:00
1763654400000,0.03439,0.03444,0.03165,0.03234,21137454.0,2025-11-20 16:00
1763668800000,0.03234,0.03357,0.03182,0.03215,11817400.0,2025-11-20 20:00
1763683200000,0.03215,0.03285,0.03154,0.03191,10181808.0,2025-11-21 00:00
1763697600000,0.03189,0.03214,0.02787,0.02981,25864352.0,2025-11-21 04:00
1763712000000,0.02984,0.0304,0.02894,0.02907,21369464.0,2025-11-21 08:00
1763726400000,0.02907,0.03077,0.0285,0.02967,29623414.0,2025-11-21 12:00
1763740800000,0.02968,0.03085,0.02923,0.03011,17636333.0,2025-11-21 16:00
1763755200000,0.03011,0.03034,0.0289,0.03023,20405588.0,2025-11-21 20:00
1763769600000,0.03023,0.03048,0.02997,0.03019,6982017.0,2025-11-22 00:00
1763784000000,0.03019,0.03022,0.02933,0.03003,9464869.0,2025-11-22 04:00
1763798400000,0.03002,0.03004,0.0293,0.02973,8756633.0,2025-11-22 08:00
1763812800000,0.02972,0.03015,0.02916,0.02969,6627277.0,2025-11-22 12:00
1763827200000,0.02969,0.0301,0.02964,0.02988,4342150.0,2025-11-22 16:00
1763841600000,0.02987,0.03061,0.02956,0.03007,5615031.0,2025-11-22 20:00
1763856000000,0.03005,0.03071,0.0299,0.03052,5276617.0,2025-11-23 00:00
1763870400000,0.03052,0.03075,0.02978,0.03015,11192964.0,2025-11-23 04:00
1763884800000,0.03015,0.03035,0.02977,0.03004,7412969.0,2025-11-23 08:00
1763899200000,0.03005,0.03042,0.02959,0.03008,7289232.0,2025-11-23 12:00
1763913600000,0.03008,0.03042,0.02973,0.03024,7267376.0,2025-11-23 16:00
1763928000000,0.03025,0.03043,0.02984,0.02994,12091188.0,2025-11-23 20:00
1763942400000,0.02994,0.03065,0.02958,0.03037,14381590.0,2025-11-24 00:00
1763956800000,0.0304,0.03092,0.02986,0.03038,11236943.0,2025-11-24 04:00
1763971200000,0.03033,0.0305,0.02963,0.03012,7572810.0,2025-11-24 08:00
1763985600000,0.0301,0.03077,0.02976,0.03062,14542589.0,2025-11-24 12:00
1764000000000,0.03062,0.0325,0.03062,0.03204,17890846.0,2025-11-24 16:00
1764014400000,0.03207,0.03289,0.03207,0.03223,12082759.0,2025-11-24 20:00
1764028800000,0.03222,0.03258,0.03196,0.03233,7402761.0,2025-11-25 00:00
1764043200000,0.03232,0.03284,0.03226,0.03228,8417720.0,2025-11-25 04:00
1764057600000,0.0323,0.03241,0.03178,0.03211,8864895.0,2025-11-25 08:00
1764072000000,0.03209,0.03245,0.03105,0.03165,16052920.0,2025-11-25 12:00
1764086400000,0.03164,0.03206,0.03091,0.03155,8463392.0,2025-11-25 16:00
1764100800000,0.03156,0.0329,0.03142,0.03225,11573304.0,2025-11-25 20:00
1764115200000,0.03224,0.0324,0.03148,0.03156,6936057.0,2025-11-26 00:00
1764129600000,0.03157,0.03197,0.03146,0.03191,4420485.0,2025-11-26 04:00
1764144000000,0.03189,0.03192,0.03116,0.03123,7185220.0,2025-11-26 08:00
1764158400000,0.03123,0.0315,0.0308,0.03102,9502017.0,2025-11-26 12:00
1764172800000,0.03103,0.03241,0.03102,0.03221,12375520.0,2025-11-26 16:00
1764187200000,0.0322,0.03255,0.03202,0.03222,4431642.0,2025-11-26 20:00
1764201600000,0.03221,0.03252,0.0319,0.03198,9278160.0,2025-11-27 00:00
1764216000000,0.03199,0.03221,0.03164,0.03191,4743412.0,2025-11-27 04:00
1764230400000,0.03191,0.03215,0.03174,0.03195,4434428.0,2025-11-27 08:00
1764244800000,0.03194,0.03225,0.03156,0.03222,4618020.0,2025-11-27 12:00
1764259200000,0.03221,0.03272,0.03205,0.03255,7309370.0,2025-11-27 16:00
1764273600000,0.03254,0.03258,0.03158,0.03169,6778486.0,2025-11-27 20:00
1764288000000,0.03169,0.03199,0.0312,0.03157,4982317.0,2025-11-28 00:00
1764302400000,0.03159,0.03168,0.03106,0.0312,5281444.0,2025-11-28 04:00
1764316800000,0.03122,0.03211,0.03121,0.03156,9021793.0,2025-11-28 08:00
1764331200000,0.03155,0.03222,0.03137,0.03183,7505807.0,2025-11-28 12:00
1764345600000,0.03184,0.03184,0.03051,0.03102,7113937.0,2025-11-28 16:00
1764360000000,0.03099,0.03117,0.03061,0.03065,5997181.0,2025-11-28 20:00
1764374400000,0.03066,0.03081,0.03041,0.03052,4116185.0,2025-11-29 00:00
1764388800000,0.03051,0.03066,0.03001,0.03014,6155628.0,2025-11-29 04:00
1764403200000,0.03015,0.0303,0.02991,0.03027,3818449.0,2025-11-29 08:00
1764417600000,0.03027,0.03034,0.0298,0.03001,24437437.0,2025-11-29 12:00
1764432000000,0.03,0.03,0.02931,0.02935,8752472.0,2025-11-29 16:00
1764446400000,0.02936,0.0294,0.02909,0.02927,4255745.0,2025-11-29 20:00
1764460800000,0.02927,0.02932,0.0288,0.02914,5971072.0,2025-11-30 00:00
1764475200000,0.02918,0.02921,0.02865,0.02905,6165976.0,2025-11-30 04:00
1764489600000,0.02904,0.02929,0.02877,0.02894,8931921.0,2025-11-30 08:00
1764504000000,0.02894,0.02954,0.02879,0.02895,8305997.0,2025-11-30 12:00
1764518400000,0.02896,0.02931,0.02894,0.02924,8017908.0,2025-11-30 16:00
1764532800000,0.02925,0.02959,0.02874,0.02881,10184968.0,2025-11-30 20:00
1764547200000,0.0288,0.02887,0.0262,0.02628,32571232.0,2025-12-01 00:00
1764561600000,0.02629,0.02648,0.02587,0.02645,12268810.0,2025-12-01 04:00
1764576000000,0.02644,0.02692,0.02639,0.02656,6752102.0,2025-12-01 08:00
1764590400000,0.02655,0.02688,0.02582,0.02617,16467184.0,2025-12-01 12:00
1764604800000,0.02616,0.02616,0.02548,0.02582,11628575.0,2025-12-01 16:00
1764619200000,0.02585,0.02646,0.02583,0.02617,9599010.0,2025-12-01 20:00
1764633600000,0.02615,0.0265,0.02576,0.02608,8132894.0,2025-12-02 00:00
1764648000000,0.02608,0.02663,0.02604,0.02651,6499353.0,2025-12-02 04:00
1764662400000,0.02651,0.02662,0.02604,0.02642,11132284.0,2025-12-02 08:00
1764676800000,0.02644,0.02861,0.02621,0.02857,16496959.0,2025-12-02 12:00
1764691200000,0.02857,0.0287,0.02801,0.02815,13635106.0,2025-12-02 16:00
1764705600000,0.02815,0.02859,0.02781,0.0283,9585321.0,2025-12-02 20:00
1764720000000,0.02832,0.02925,0.02819,0.02892,10227516.0,2025-12-03 00:00
1764734400000,0.0289,0.03114,0.02884,0.0305,59883899.0,2025-12-03 04:00
1764748800000,0.0305,0.03177,0.02974,0.02996,48658823.0,2025-12-03 08:00
1764763200000,0.02996,0.03008,0.02879,0.02922,27614993.0,2025-12-03 12:00
1764777600000,0.02924,0.02987,0.02915,0.02951,18482941.0,2025-12-03 16:00
1764792000000,0.02951,0.03022,0.02938,0.02993,19102263.0,2025-12-03 20:00
1764806400000,0.02993,0.03032,0.02961,0.02964,12525760.0,2025-12-04 00:00
1764820800000,0.02966,0.0297,0.0292,0.02954,5060296.0,2025-12-04 04:00
1764835200000,0.02953,0.02963,0.02927,0.02944,8346648.0,2025-12-04 08:00
1764849600000,0.02943,0.02965,0.02875,0.02948,8596158.0,2025-12-04 12:00
1764864000000,0.02946,0.0296,0.02833,0.029,8570505.0,2025-12-04 16:00
1764878400000,0.02899,0.02927,0.02878,0.02908,4647912.0,2025-12-04 20:00
1764892800000,0.02908,0.02949,0.02907,0.02928,5829898.0,2025-12-05 00:00
1764907200000,0.02927,0.02959,0.029,0.0295,5503677.0,2025-12-05 04:00
1764921600000,0.0295,0.02957,0.02864,0.02909,10235938.0,2025-12-05 08:00
1764936000000,0.02909,0.02951,0.02853,0.02884,15923262.0,2025-12-05 12:00
1764950400000,0.02883,0.02883,0.02703,0.02751,19653819.0,2025-12-05 16:00
1764964800000,0.02751,0.02801,0.02725,0.02791,6102402.0,2025-12-05 20:00
1764979200000,0.02791,0.028,0.02768,0.028,3562998.0,2025-12-06 00:00
1764993600000,0.028,0.02802,0.02755,0.02781,4882545.0,2025-12-06 04:00
1765008000000,0.02782,0.028,0.02769,0.02797,3691663.0,2025-12-06 08:00
1765022400000,0.02796,0.0284,0.02793,0.02816,5311991.0,2025-12-06 12:00
1765036800000,0.02819,0.02914,0.02816,0.02865,7552360.0,2025-12-06 16:00
1765051200000,0.02865,0.02905,0.02858,0.02883,5423545.0,2025-12-06 20:00
1765065600000,0.02881,0.0291,0.02874,0.0289,4473210.0,2025-12-07 00:00
1765080000000,0.02892,0.0292,0.02863,0.02885,7228345.0,2025-12-07 04:00
1765094400000,0.02883,0.02896,0.02851,0.02864,4592416.0,2025-12-07 08:00
1765108800000,0.02863,0.02889,0.02753,0.02869,13142392.0,2025-12-07 12:00
1765123200000,0.02866,0.02937,0.02824,0.02931,11200601.0,2025-12-07 16:00
1765137600000,0.02932,0.02938,0.02774,0.02826,11071916.0,2025-12-07 20:00
1765152000000,0.02822,0.02903,0.02808,0.02898,7363327.0,2025-12-08 00:00
1765166400000,0.029,0.02984,0.02898,0.02963,8870752.0,2025-12-08 04:00
1765180800000,0.02965,0.03013,0.02948,0.02987,6487849.0,2025-12-08 08:00
1765195200000,0.02987,0.03031,0.02934,0.02953,15653980.0,2025-12-08 12:00
1765209600000,0.0295,0.03003,0.0291,0.02912,10315783.0,2025-12-08 16:00
1765224000000,0.02915,0.0296,0.02907,0.02921,5549877.0,2025-12-08 20:00
1765238400000,0.02921,0.02943,0.02886,0.02937,5202796.0,2025-12-09 00:00
1765252800000,0.02938,0.02945,0.02882,0.02932,4041622.0,2025-12-09 04:00
1765267200000,0.02933,0.02941,0.02886,0.02925,5675270.0,2025-12-09 08:00
1765281600000,0.02923,0.03074,0.02919,0.03066,12518544.0,2025-12-09 12:00
1765296000000,0.0307,0.03142,0.0306,0.03065,13367751.0,2025-12-09 16:00
1765310400000,0.03064,0.03068,0.02981,0.03021,6471786.0,2025-12-09 20:00
1765324800000,0.03024,0.03037,0.02967,0.02986,4140445.0,2025-12-10 00:00
1765339200000,0.02986,0.03004,0.02955,0.02974,3179533.0,2025-12-10 04:00
1765353600000,0.02972,0.03,0.02882,0.02902,9842816.0,2025-12-10 08:00
1765368000000,0.02902,0.02926,0.02885,0.0291,6497732.0,2025-12-10 12:00
1765382400000,0.0291,0.03019,0.02904,0.03003,11132581.0,2025-12-10 16:00
1765396800000,0.03006,0.03074,0.02878,0.02893,14419928.0,2025-12-10 20:00
1765411200000,0.02892,0.02901,0.0272,0.02726,10241396.0,2025-12-11 00:00
1765425600000,0.02724,0.02785,0.02715,0.02769,4677322.0,2025-12-11 04:00
1765440000000,0.02771,0.02784,0.02749,0.02774,3777419.0,2025-12-11 08:00
1765454400000,0.02773,0.02785,0.02726,0.02752,9349011.0,2025-12-11 12:00
1765468800000,0.02752,0.02816,0.02724,0.02777,7783657.0,2025-12-11 16:00
1765483200000,0.02776,0.02911,0.02774,0.02861,11054137.0,2025-12-11 20:00
1765497600000,0.02863,0.02877,0.02813,0.02834,5424972.0,2025-12-12 00:00
1765512000000,0.02833,0.02896,0.0282,0.02862,5430418.0,2025-12-12 04:00
1765526400000,0.02862,0.02886,0.0284,0.02862,5323369.0,2025-12-12 08:00
1765540800000,0.02862,0.02879,0.02693,0.02711,13231692.0,2025-12-12 12:00
1765555200000,0.0271,0.02746,0.02665,0.02712,10993555.0,2025-12-12 16:00
1765569600000,0.02711,0.02771,0.02709,0.0275,6207380.0,2025-12-12 20:00
1765584000000,0.02752,0.02792,0.02744,0.02768,5597095.0,2025-12-13 00:00
1765598400000,0.02767,0.02797,0.02752,0.02773,6548906.0,2025-12-13 04:00
1765612800000,0.02774,0.02809,0.02773,0.02781,4199060.0,2025-12-13 08:00
1765627200000,0.02782,0.028,0.02758,0.02771,5759077.0,2025-12-13 12:00
1765641600000,0.0277,0.02796,0.0275,0.0276,9831234.0,2025-12-13 16:00
1765656000000,0.02761,0.02774,0.02725,0.02767,5252054.0,2025-12-13 20:00
1765670400000,0.02764,0.02777,0.02744,0.02745,4472039.0,2025-12-14 00:00
1765684800000,0.02745,0.0275,0.02691,0.02711,4870584.0,2025-12-14 04:00
1765699200000,0.02713,0.02724,0.0266,0.02695,6679198.0,2025-12-14 08:00
1765713600000,0.02695,0.02722,0.02672,0.0268,5344084.0,2025-12-14 12:00
1765728000000,0.0268,0.02709,0.0265,0.0267,4560655.0,2025-12-14 16:00
1765742400000,0.02669,0.02687,0.02608,0.02634,6044037.0,2025-12-14 20:00
1765756800000,0.02636,0.02726,0.02632,0.02685,8314304.0,2025-12-15 00:00
1765771200000,0.02686,0.02728,0.02682,0.02694,5397742.0,2025-12-15 04:00
1765785600000,0.02693,0.0271,0.02675,0.02692,5718799.0,2025-12-15 08:00
1765800000000,0.02691,0.02699,0.02499,0.02524,23497634.0,2025-12-15 12:00
1765814400000,0.02519,0.02531,0.02414,0.02482,20010682.0,2025-12-15 16:00
1765828800000,0.02484,0.02518,0.02455,0.02514,6684604.0,2025-12-15 20:00
1765843200000,0.02514,0.02515,0.02445,0.02486,8970314.0,2025-12-16 00:00
1765857600000,0.02487,0.02507,0.0244,0.0247,5008816.0,2025-12-16 04:00
1765872000000,0.0247,0.0255,0.02469,0.02548,7515645.0,2025-12-16 08:00
1765886400000,0.02547,0.02573,0.02487,0.02565,16556493.0,2025-12-16 12:00
1765900800000,0.02565,0.0257,0.02515,0.02545,10183755.0,2025-12-16 16:00
1765915200000,0.02545,0.02562,0.02529,0.02538,4375462.0,2025-12-16 20:00
1765929600000,0.02538,0.02544,0.02497,0.02506,4193965.0,2025-12-17 00:00
1765944000000,0.02505,0.02511,0.02458,0.02497,5529215.0,2025-12-17 04:00
1765958400000,0.02495,0.02497,0.02472,0.0249,4364434.0,2025-12-17 08:00
1765972800000,0.0249,0.02589,0.02456,0.02475,19358775.0,2025-12-17 12:00
1765987200000,0.02475,0.02489,0.02344,0.02386,21738711.0,2025-12-17 16:00
1766001600000,0.02385,0.02399,0.02352,0.0237,7089855.0,2025-12-17 20:00
1766016000000,0.0237,0.02371,0.02315,0.02323,8978787.0,2025-12-18 00:00
1766030400000,0.02324,0.02341,0.02294,0.02316,10493086.0,2025-12-18 04:00
1766044800000,0.02315,0.02344,0.02312,0.02334,8289072.0,2025-12-18 08:00
1766059200000,0.02335,0.02422,0.02323,0.02376,17679053.0,2025-12-18 12:00
1766073600000,0.02377,0.02377,0.02172,0.02183,30095388.0,2025-12-18 16:00
1766088000000,0.02182,0.02242,0.02181,0.0223,12517781.0,2025-12-18 20:00
1766102400000,0.0223,0.02336,0.02207,0.02312,14195502.0,2025-12-19 00:00
1766116800000,0.02311,0.02391,0.02306,0.02356,10199202.0,2025-12-19 04:00
1766131200000,0.02357,0.02375,0.02342,0.02373,6000826.0,2025-12-19 08:00
1766145600000,0.02373,0.02435,0.02356,0.02393,9386720.0,2025-12-19 12:00
1766160000000,0.02394,0.02457,0.02364,0.02436,13912611.0,2025-12-19 16:00
1766174400000,0.02436,0.02456,0.02419,0.02432,7581024.0,2025-12-19 20:00
1766188800000,0.02432,0.02433,0.02411,0.02425,5004602.0,2025-12-20 00:00
1766203200000,0.02424,0.02428,0.024,0.02426,4625271.0,2025-12-20 04:00
1766217600000,0.02424,0.0244,0.0239,0.02411,4939199.0,2025-12-20 08:00
1766232000000,0.02413,0.02417,0.02381,0.02409,4908629.0,2025-12-20 12:00
1766246400000,0.0241,0.02421,0.024,0.02406,3371830.0,2025-12-20 16:00
1766260800000,0.02406,0.02415,0.02373,0.02398,6559192.0,2025-12-20 20:00
1766275200000,0.02399,0.02402,0.02345,0.0236,5836520.0,2025-12-21 00:00
1766289600000,0.02361,0.02366,0.0234,0.02349,5655242.0,2025-12-21 04:00
1766304000000,0.02349,0.02365,0.02327,0.02355,13470376.0,2025-12-21 08:00
1766318400000,0.02353,0.02362,0.02264,0.02281,15485430.0,2025-12-21 12:00
1766332800000,0.02281,0.02319,0.02274,0.02302,6135781.0,2025-12-21 16:00
1766347200000,0.02301,0.02334,0.02278,0.02318,5366930.0,2025-12-21 20:00
1766361600000,0.0232,0.02361,0.02276,0.02319,9670760.0,2025-12-22 00:00
1766376000000,0.02318,0.02333,0.02306,0.02324,3742741.0,2025-12-22 04:00
1766390400000,0.02323,0.0236,0.02318,0.0235,6002409.0,2025-12-22 08:00
1766404800000,0.02351,0.02374,0.02333,0.02357,8336032.0,2025-12-22 12:00
1766419200000,0.02357,0.02367,0.02291,0.02297,11338584.0,2025-12-22 16:00
1766433600000,0.02297,0.02341,0.02285,0.02337,7136551.0,2025-12-22 20:00
1766448000000,0.02337,0.02352,0.02309,0.02329,6023499.0,2025-12-23 00:00
1766462400000,0.02328,0.02333,0.02289,0.02303,4877659.0,2025-12-23 04:00
1766476800000,0.02302,0.02334,0.02299,0.02325,3536907.0,2025-12-23 08:00
1766491200000,0.02325,0.02347,0.02295,0.02337,16351403.0,2025-12-23 12:00
1766505600000,0.02337,0.024,0.0233,0.02388,17131578.0,2025-12-23 16:00
1766520000000,0.02389,0.02411,0.02354,0.02367,7969861.0,2025-12-23 20:00
1766534400000,0.02367,0.02379,0.02293,0.02325,5794655.0,2025-12-24 00:00
1766548800000,0.02325,0.02349,0.02298,0.02305,6097057.0,2025-12-24 04:00
1766563200000,0.02304,0.02324,0.02292,0.023,8550476.0,2025-12-24 08:00
1766577600000,0.02299,0.0232,0.02261,0.02307,6903834.0,2025-12-24 12:00
1766592000000,0.02307,0.02338,0.02304,0.02335,4434363.0,2025-12-24 16:00
1766606400000,0.02336,0.0236,0.02334,0.02346,3399170.0,2025-12-24 20:00
1766620800000,0.02345,0.02372,0.02331,0.02368,7527262.0,2025-12-25 00:00
1766635200000,0.0237,0.02372,0.02334,0.02355,7584056.0,2025-12-25 04:00
1766649600000,0.02356,0.02366,0.02323,0.02323,9040954.0,2025-12-25 08:00
1766664000000,0.02324,0.02346,0.02299,0.02337,12750561.0,2025-12-25 12:00
1766678400000,0.02337,0.02358,0.02324,0.02347,5134383.0,2025-12-25 16:00
1766692800000,0.02348,0.02362,0.02261,0.0227,10025494.0,2025-12-25 20:00
1766707200000,0.02269,0.02366,0.02261,0.02337,14161615.0,2025-12-26 00:00
1766721600000,0.02335,0.02355,0.02318,0.02321,4853221.0,2025-12-26 04:00
1766736000000,0.02322,0.02354,0.02299,0.02306,9830704.0,2025-12-26 08:00
1766750400000,0.02306,0.02323,0.02255,0.02269,12960409.0,2025-12-26 12:00
1766764800000,0.02268,0.02286,0.02239,0.02285,6932966.0,2025-12-26 16:00
1766779200000,0.02286,0.02291,0.02255,0.02261,8339719.0,2025-12-26 20:00
1766793600000,0.02261,0.0231,0.02256,0.02301,7798347.0,2025-12-27 00:00
1766808000000,0.02303,0.02314,0.02296,0.02307,3961217.0,2025-12-27 04:00
1766822400000,0.02307,0.02323,0.02272,0.02321,7664734.0,2025-12-27 08:00
1766836800000,0.02322,0.02334,0.02296,0.02332,6324898.0,2025-12-27 12:00
1766851200000,0.02332,0.02346,0.02315,0.02327,6389419.0,2025-12-27 16:00
1766865600000,0.02328,0.02389,0.02326,0.02376,7227735.0,2025-12-27 20:00
1766880000000,0.02376,0.02455,0.0237,0.02431,17797239.0,2025-12-28 00:00
1766894400000,0.0243,0.0245,0.02416,0.02427,11076997.0,2025-12-28 04:00
1766908800000,0.02428,0.02438,0.02402,0.02408,6110663.0,2025-12-28 08:00
1766923200000,0.02408,0.02417,0.02387,0.02391,8312004.0,2025-12-28 12:00
1766937600000,0.0239,0.02406,0.02319,0.02341,15144415.0,2025-12-28 16:00
1766952000000,0.02341,0.02356,0.02328,0.02349,5956012.0,2025-12-28 20:00
1766966400000,0.0235,0.02395,0.02331,0.02393,12620935.0,2025-12-29 00:00
1766980800000,0.02393,0.02395,0.02348,0.02375,8348421.0,2025-12-29 04:00
1766995200000,0.02375,0.02379,0.02295,0.02317,12078779.0,2025-12-29 08:00
1767009600000,0.02317,0.02317,0.0225,0.02283,19621624.0,2025-12-29 12:00
1767024000000,0.02285,0.02291,0.02254,0.02278,11730735.0,2025-12-29 16:00
1767038400000,0.02278,0.02294,0.02264,0.02273,7497075.0,2025-12-29 20:00
1767052800000,0.02272,0.02285,0.02244,0.02265,12368281.0,2025-12-30 00:00
1767067200000,0.02265,0.02296,0.02233,0.02288,9188005.0,2025-12-30 04:00
1767081600000,0.02287,0.02317,0.02286,0.02311,9806609.0,2025-12-30 08:00
1767096000000,0.02312,0.02323,0.02264,0.0229,16213732.0,2025-12-30 12:00
1767110400000,0.02291,0.023,0.0225,0.02277,8310180.0,2025-12-30 16:00
1767124800000,0.02277,0.02277,0.02244,0.02255,4983924.0,2025-12-30 20:00
1767139200000,0.02254,0.02262,0.02228,0.02262,7657238.0,2025-12-31 00:00
1767153600000,0.02263,0.02265,0.02237,0.02254,4049647.0,2025-12-31 04:00
1767168000000,0.02254,0.02313,0.02253,0.02303,17535385.0,2025-12-31 08:00
1767182400000,0.02302,0.02307,0.02251,0.02266,14897083.0,2025-12-31 12:00
1767196800000,0.02266,0.02268,0.02179,0.02239,17771543.0,2025-12-31 16:00
1767211200000,0.02238,0.02272,0.02225,0.02267,11486861.0,2025-12-31 20:00
1767225600000,0.02268,0.02286,0.02261,0.0227,6392075.0,2026-01-01 00:00
1767240000000,0.02272,0.02306,0.02255,0.023,4149987.0,2026-01-01 04:00
1767254400000,0.02299,0.02364,0.02298,0.0236,10135477.0,2026-01-01 08:00
1767268800000,0.02361,0.024,0.02317,0.02394,14747281.0,2026-01-01 12:00
1767283200000,0.02396,0.02476,0.02394,0.02454,27941893.0,2026-01-01 16:00
1767297600000,0.02455,0.02477,0.02438,0.02462,5300229.0,2026-01-01 20:00
1767312000000,0.02462,0.02503,0.02444,0.02502,5667509.0,2026-01-02 00:00
1767326400000,0.02502,0.02505,0.02436,0.02456,7321737.0,2026-01-02 04:00
1767340800000,0.02456,0.02504,0.02449,0.02466,7392037.0,2026-01-02 08:00
1767355200000,0.02465,0.02509,0.02445,0.02486,10927540.0,2026-01-02 12:00
1767369600000,0.02486,0.02546,0.02481,0.02534,9136222.0,2026-01-02 16:00
1767384000000,0.02536,0.02586,0.02535,0.02578,5376569.0,2026-01-02 20:00
1767398400000,0.02575,0.02697,0.02563,0.02684,12268906.0,2026-01-03 00:00
1767412800000,0.02685,0.02698,0.02583,0.02604,7618229.0,2026-01-03 04:00
1767427200000,0.02603,0.02641,0.02589,0.02606,4693603.0,2026-01-03 08:00
1767441600000,0.02605,0.02672,0.02594,0.02622,7928344.0,2026-01-03 12:00
1767456000000,0.02623,0.02657,0.02618,0.0264,3621507.0,2026-01-03 16:00
1767470400000,0.02639,0.02674,0.02624,0.02674,2800688.0,2026-01-03 20:00
1767484800000,0.02673,0.02713,0.02662,0.02701,10833685.0,2026-01-04 00:00
1767499200000,0.02699,0.02704,0.02654,0.02665,3082151.0,2026-01-04 04:00
1767513600000,0.02665,0.02683,0.02635,0.02672,4967825.0,2026-01-04 08:00
1767528000000,0.02672,0.02717,0.02656,0.02714,4099836.0,2026-01-04 12:00
1767542400000,0.02714,0.02768,0.02707,0.02739,8247881.0,2026-01-04 16:00
1767556800000,0.02741,0.0277,0.02707,0.02724,6029910.0,2026-01-04 20:00
1767571200000,0.02724,0.02744,0.02642,0.02653,10903244.0,2026-01-05 00:00
1767585600000,0.02648,0.02656,0.02585,0.02634,6198998.0,2026-01-05 04:00
1767600000000,0.02633,0.02646,0.02586,0.02602,7264081.0,2026-01-05 08:00
1767614400000,0.02603,0.0267,0.02593,0.02668,10042225.0,2026-01-05 12:00
1767628800000,0.02668,0.02747,0.02628,0.02741,8845045.0,2026-01-05 16:00
1767643200000,0.02741,0.02974,0.02738,0.02906,32525499.0,2026-01-05 20:00
1767657600000,0.02906,0.03094,0.02901,0.0301,80447438.0,2026-01-06 00:00
1767672000000,0.0301,0.0333,0.02988,0.0311,555378864.0,2026-01-06 04:00
1767686400000,0.03108,0.0312,0.0293,0.03041,168331313.0,2026-01-06 08:00
1767700800000,0.03039,0.03063,0.02916,0.02968,74511636.0,2026-01-06 12:00
1767715200000,0.02968,0.02971,0.02773,0.02798,65189685.0,2026-01-06 16:00
1767729600000,0.02798,0.02903,0.02798,0.02889,18723278.0,2026-01-06 20:00
1767744000000,0.02887,0.02894,0.02791,0.02833,18442806.0,2026-01-07 00:00
1767758400000,0.02833,0.02944,0.02822,0.02943,25062933.0,2026-01-07 04:00
1767772800000,0.02943,0.02953,0.02804,0.02837,28982564.0,2026-01-07 08:00
1767787200000,0.02837,0.02841,0.02694,0.02713,29399801.0,2026-01-07 12:00
1767801600000,0.02709,0.02839,0.027,0.02791,31855818.0,2026-01-07 16:00
1767816000000,0.0279,0.02822,0.02727,0.02801,12149567.0,2026-01-07 20:00
1767830400000,0.028,0.02826,0.02729,0.02742,9777016.0,2026-01-08 00:00
1767844800000,0.02745,0.02786,0.02668,0.02747,13310840.0,2026-01-08 04:00
1767859200000,0.02748,0.02765,0.02654,0.02688,12175185.0,2026-01-08 08:00
1767873600000,0.02688,0.02754,0.02604,0.02753,16369939.0,2026-01-08 12:00
1767888000000,0.02751,0.02767,0.02707,0.02713,9790093.0,2026-01-08 16:00
1767902400000,0.02713,0.02783,0.02684,0.02757,6448956.0,2026-01-08 20:00
1767916800000,0.02757,0.02787,0.02702,0.02786,10014553.0,2026-01-09 00:00
1767931200000,0.02785,0.0282,0.02746,0.0278,14487187.0,2026-01-09 04:00
1767945600000,0.02779,0.02789,0.0269,0.02747,11271812.0,2026-01-09 08:00
1767960000000,0.02747,0.02812,0.02709,0.02762,14836826.0,2026-01-09 12:00
1767974400000,0.02763,0.02803,0.02701,0.02709,11936401.0,2026-01-09 16:00
1767988800000,0.02708,0.02758,0.02705,0.02743,3970454.0,2026-01-09 20:00
1768003200000,0.02743,0.02743,0.02689,0.02707,4034217.0,2026-01-10 00:00
1768017600000,0.02707,0.02724,0.02668,0.02722,4662649.0,2026-01-10 04:00
1768032000000,0.02722,0.02755,0.02716,0.02743,5328337.0,2026-01-10 08:00
1768046400000,0.02743,0.02764,0.02695,0.02713,7216357.0,2026-01-10 12:00
1768060800000,0.02713,0.02728,0.0267,0.0272,5121554.0,2026-01-10 16:00
1768075200000,0.0272,0.02722,0.02656,0.02679,2976748.0,2026-01-10 20:00
1768089600000,0.02679,0.0271,0.02669,0.02703,3239335.0,2026-01-11 00:00
1768104000000,0.02702,0.02727,0.0269,0.02726,3457998.0,2026-01-11 04:00
1768118400000,0.02725,0.02765,0.02724,0.02734,6547368.0,2026-01-11 08:00
1768132800000,0.02736,0.02752,0.02695,0.02709,3728801.0,2026-01-11 12:00
1768147200000,0.02709,0.02755,0.02705,0.02731,5085764.0,2026-01-11 16:00
1768161600000,0.02728,0.02728,0.02648,0.02694,9404541.0,2026-01-11 20:00
1768176000000,0.02694,0.02768,0.02627,0.02704,10044906.0,2026-01-12 00:00
1768190400000,0.02706,0.02744,0.02664,0.02669,4340098.0,2026-01-12 04:00
1768204800000,0.02668,0.02685,0.02636,0.0268,8640792.0,2026-01-12 08:00
1768219200000,0.02682,0.02708,0.02618,0.027,5865605.0,2026-01-12 12:00
1768233600000,0.027,0.02735,0.02655,0.02687,5012724.0,2026-01-12 16:00
1768248000000,0.02687,0.027,0.02614,0.02643,3751861.0,2026-01-12 20:00
1768262400000,0.02643,0.02679,0.02634,0.02678,3450092.0,2026-01-13 00:00
1768276800000,0.02678,0.02724,0.02671,0.02695,5042600.0,2026-01-13 04:00
1768291200000,0.02694,0.02733,0.02681,0.02715,4461836.0,2026-01-13 08:00
1768305600000,0.02716,0.02778,0.02711,0.02768,9462477.0,2026-01-13 12:00
1768320000000,0.02773,0.02808,0.02757,0.02783,9505334.0,2026-01-13 16:00
1768334400000,0.02787,0.02855,0.02752,0.02809,12455288.0,2026-01-13 20:00
1768348800000,0.0281,0.02879,0.02809,0.02852,11403050.0,2026-01-14 00:00
1768363200000,0.02852,0.02855,0.02802,0.02831,6025005.0,2026-01-14 04:00
1768377600000,0.02832,0.02878,0.02816,0.02832,5855390.0,2026-01-14 08:00
1768392000000,0.02831,0.02892,0.02807,0.02888,10366169.0,2026-01-14 12:00
1768406400000,0.02892,0.02965,0.02814,0.02862,18490774.0,2026-01-14 16:00
1768420800000,0.02864,0.02885,0.02819,0.02836,7536334.0,2026-01-14 20:00
1768435200000,0.02834,0.02847,0.02714,0.02718,9341527.0,2026-01-15 00:00
1768449600000,0.02718,0.02786,0.02707,0.02775,5490837.0,2026-01-15 04:00
1768464000000,0.02775,0.02796,0.02753,0.02782,6731387.0,2026-01-15 08:00
1768478400000,0.02783,0.02805,0.02688,0.02732,8261517.0,2026-01-15 12:00
1768492800000,0.02732,0.02751,0.02648,0.02682,7381771.0,2026-01-15 16:00
1768507200000,0.02681,0.02718,0.02662,0.02716,3210001.0,2026-01-15 20:00
1768521600000,0.02714,0.02735,0.02685,0.02715,3927276.0,2026-01-16 00:00
1768536000000,0.02713,0.02777,0.02681,0.02746,4587042.0,2026-01-16 04:00
1768550400000,0.02747,0.02766,0.02721,0.02735,6068149.0,2026-01-16 08:00
1768564800000,0.02735,0.0274,0.02633,0.02656,6545823.0,2026-01-16 12:00
1768579200000,0.02654,0.02724,0.02648,0.02717,4961557.0,2026-01-16 16:00
1768593600000,0.02717,0.02794,0.02701,0.02787,5424177.0,2026-01-16 20:00
1768608000000,0.02786,0.02791,0.02755,0.02766,3080714.0,2026-01-17 00:00
1768622400000,0.02765,0.02805,0.02752,0.02803,4072743.0,2026-01-17 04:00
1768636800000,0.02804,0.02844,0.02782,0.02785,6254565.0,2026-01-17 08:00
1768651200000,0.02785,0.02852,0.0278,0.02841,5732384.0,2026-01-17 12:00
1768665600000,0.02842,0.02843,0.02786,0.02798,4494240.0,2026-01-17 16:00
1768680000000,0.028,0.02819,0.0276,0.02773,3500234.0,2026-01-17 20:00
1768694400000,0.02775,0.02803,0.02736,0.02741,5383881.0,2026-01-18 00:00
1768708800000,0.02743,0.02755,0.02713,0.02716,4970468.0,2026-01-18 04:00
1768723200000,0.02715,0.02748,0.02707,0.02734,3761572.0,2026-01-18 08:00
1768737600000,0.02736,0.02743,0.02671,0.02716,9675881.0,2026-01-18 12:00
1768752000000,0.02714,0.02756,0.02704,0.0272,3960474.0,2026-01-18 16:00
1768766400000,0.02719,0.02756,0.02559,0.02567,13782594.0,2026-01-18 20:00
1768780800000,0.02566,0.02566,0.02225,0.02434,37812744.0,2026-01-19 00:00
1768795200000,0.02434,0.02452,0.02414,0.02449,6381494.0,2026-01-19 04:00
1768809600000,0.02449,0.0248,0.02443,0.02467,5359670.0,2026-01-19 08:00
1768824000000,0.02467,0.02501,0.02444,0.02488,8618404.0,2026-01-19 12:00
1768838400000,0.02488,0.02559,0.02484,0.02546,4774661.0,2026-01-19 16:00
1768852800000,0.02547,0.02551,0.02497,0.02535,7381164.0,2026-01-19 20:00
1768867200000,0.02535,0.0256,0.02524,0.02548,5931578.0,2026-01-20 00:00
1768881600000,0.02547,0.02556,0.02483,0.02484,8743858.0,2026-01-20 04:00
1768896000000,0.02485,0.02488,0.02449,0.0245,6867440.0,2026-01-20 08:00
1768910400000,0.02451,0.02487,0.02428,0.0245,10044751.0,2026-01-20 12:00
1768924800000,0.02451,0.0246,0.02393,0.0241,8037844.0,2026-01-20 16:00
1768939200000,0.0241,0.0243,0.02358,0.02367,7332816.0,2026-01-20 20:00
1768953600000,0.02367,0.02447,0.02365,0.02437,7045274.0,2026-01-21 00:00
1768968000000,0.02436,0.02453,0.02418,0.02421,3664383.0,2026-01-21 04:00
1768982400000,0.0242,0.02442,0.02402,0.02406,7702348.0,2026-01-21 08:00
1768996800000,0.02405,0.02457,0.02369,0.02449,12309148.0,2026-01-21 12:00
1769011200000,0.02451,0.02466,0.02335,0.02464,12683165.0,2026-01-21 16:00
1769025600000,0.02466,0.02483,0.02429,0.02436,4817484.0,2026-01-21 20:00
1769040000000,0.02436,0.02484,0.02435,0.0246,3615256.0,2026-01-22 00:00
1769054400000,0.02457,0.02468,0.02433,0.02439,3185950.0,2026-01-22 04:00
1769068800000,0.02439,0.02462,0.02427,0.02432,4382050.0,2026-01-22 08:00
1769083200000,0.02432,0.02442,0.02361,0.02387,5977419.0,2026-01-22 12:00
1769097600000,0.02389,0.02413,0.0237,0.02401,5748423.0,2026-01-22 16:00
1769112000000,0.02401,0.02402,0.02359,0.02381,3323885.0,2026-01-22 20:00
1769126400000,0.02382,0.02423,0.02375,0.02413,2854840.0,2026-01-23 00:00
1769140800000,0.02413,0.02428,0.02378,0.02385,6918591.0,2026-01-23 04:00
1769155200000,0.02383,0.02392,0.0236,0.02375,7303380.0,2026-01-23 08:00
1769169600000,0.02375,0.02394,0.0232,0.02391,7227268.0,2026-01-23 12:00
1769184000000,0.02391,0.02461,0.02372,0.02395,16303947.0,2026-01-23 16:00
1769198400000,0.02395,0.02403,0.02361,0.02394,5355943.0,2026-01-23 20:00
1769212800000,0.02394,0.02424,0.02375,0.02416,2874488.0,2026-01-24 00:00
1769227200000,0.02415,0.0242,0.02396,0.02407,2926767.0,2026-01-24 04:00
1769241600000,0.02407,0.02438,0.02404,0.02433,4769784.0,2026-01-24 08:00
1769256000000,0.02434,0.02447,0.0241,0.02412,5109846.0,2026-01-24 12:00
1769270400000,0.02413,0.0242,0.02393,0.024,2989976.0,2026-01-24 16:00
1769284800000,0.024,0.02415,0.02347,0.02383,11189801.0,2026-01-24 20:00
1769299200000,0.02383,0.02408,0.02361,0.02369,5127663.0,2026-01-25 00:00
1769313600000,0.02367,0.02379,0.02347,0.02354,4487587.0,2026-01-25 04:00
1769328000000,0.02354,0.02384,0.02333,0.02346,8382609.0,2026-01-25 08:00
1769342400000,0.02345,0.02345,0.02291,0.02309,10164956.0,2026-01-25 12:00
1769356800000,0.02307,0.02307,0.02184,0.02199,13741407.0,2026-01-25 16:00
1769371200000,0.02199,0.02257,0.02191,0.02253,7111862.0,2026-01-25 20:00
1769385600000,0.02254,0.02301,0.0224,0.02272,5927793.0,2026-01-26 00:00
1769400000000,0.02272,0.02314,0.02272,0.023,3745431.0,2026-01-26 04:00
1769414400000,0.02299,0.02323,0.02283,0.02296,3361682.0,2026-01-26 08:00
1769428800000,0.02297,0.0233,0.02273,0.02299,6218028.0,2026-01-26 12:00
1769443200000,0.023,0.02318,0.02284,0.02297,5567360.0,2026-01-26 16:00
1769457600000,0.02298,0.02323,0.02284,0.02303,2517443.0,2026-01-26 20:00
1769472000000,0.02303,0.02328,0.02294,0.02309,4269231.0,2026-01-27 00:00
1769486400000,0.02308,0.02319,0.02282,0.0229,4995197.0,2026-01-27 04:00
1769500800000,0.0229,0.02299,0.02278,0.02283,2556569.0,2026-01-27 08:00
1769515200000,0.02281,0.02283,0.0223,0.02261,6466127.0,2026-01-27 12:00
1769529600000,0.02263,0.02293,0.02234,0.02275,8011723.0,2026-01-27 16:00
1769544000000,0.02275,0.02312,0.02272,0.02295,6201530.0,2026-01-27 20:00
1769558400000,0.02296,0.02302,0.02271,0.02279,4606551.0,2026-01-28 00:00
1769572800000,0.02278,0.02291,0.02263,0.02273,4181356.0,2026-01-28 04:00
1769587200000,0.02273,0.02291,0.02248,0.0229,6214081.0,2026-01-28 08:00
1769601600000,0.0229,0.0229,0.02219,0.0223,6202972.0,2026-01-28 12:00
1769616000000,0.02231,0.02252,0.02215,0.02235,13959642.0,2026-01-28 16:00
1769630400000,0.02232,0.02252,0.02207,0.02226,7946948.0,2026-01-28 20:00
1769644800000,0.02226,0.02234,0.02152,0.02166,9515475.0,2026-01-29 00:00
1769659200000,0.02165,0.02187,0.02154,0.02176,3933579.0,2026-01-29 04:00
1769673600000,0.02176,0.02179,0.0211,0.02115,10029239.0,2026-01-29 08:00
1769688000000,0.02115,0.0212,0.01981,0.02038,21823981.0,2026-01-29 12:00
1769702400000,0.02038,0.02086,0.02,0.02038,14272681.0,2026-01-29 16:00
1769716800000,0.02039,0.02066,0.02031,0.02054,7130511.0,2026-01-29 20:00
1769731200000,0.02053,0.02067,0.01976,0.02014,24500231.0,2026-01-30 00:00
1769745600000,0.02015,0.02045,0.02001,0.02033,8131212.0,2026-01-30 04:00
1769760000000,0.02033,0.02056,0.02012,0.02048,4874074.0,2026-01-30 08:00
1769774400000,0.0205,0.02051,0.01995,0.02018,7454143.0,2026-01-30 12:00
1769788800000,0.02017,0.0207,0.01973,0.02054,10359196.0,2026-01-30 16:00
1769803200000,0.02053,0.02054,0.02023,0.02043,8136509.0,2026-01-30 20:00
1769817600000,0.02044,0.02044,0.02021,0.02026,3702349.0,2026-01-31 00:00
1769832000000,0.02026,0.02033,0.01992,0.0201,4515168.0,2026-01-31 04:00
1769846400000,0.02009,0.02012,0.01978,0.01992,8905367.0,2026-01-31 08:00
1769860800000,0.01992,0.01996,0.01874,0.01895,19393365.0,2026-01-31 12:00
1769875200000,0.01893,0.01928,0.01683,0.01785,36199525.0,2026-01-31 16:00
1769889600000,0.01785,0.01879,0.01763,0.01876,14678334.0,2026-01-31 20:00
1769904000000,0.01876,0.01903,0.0187,0.01893,8174468.0,2026-02-01 00:00
1769918400000,0.01893,0.01918,0.01883,0.01901,7064291.0,2026-02-01 04:00
1769932800000,0.019,0.01921,0.01878,0.01896,7134342.0,2026-02-01 08:00
1769947200000,0.01896,0.01911,0.01833,0.01857,11004421.0,2026-02-01 12:00
1769961600000,0.01856,0.01884,0.01834,0.01846,6693167.0,2026-02-01 16:00
1769976000000,0.01846,0.01866,0.01792,0.01823,8926545.0,2026-02-01 20:00
1769990400000,0.01824,0.01874,0.01764,0.01821,13216685.0,2026-02-02 00:00
1770004800000,0.01824,0.01825,0.01745,0.01784,21534825.0,2026-02-02 04:00
1770019200000,0.01786,0.01824,0.01786,0.0181,13254389.0,2026-02-02 08:00
1770033600000,0.0181,0.01879,0.01806,0.01859,15348174.0,2026-02-02 12:00
1770048000000,0.01859,0.01869,0.01833,0.01836,7108104.0,2026-02-02 16:00
1770062400000,0.01836,0.01864,0.01826,0.01859,3750375.0,2026-02-02 20:00
1770076800000,0.01859,0.01862,0.01813,0.01848,5382798.0,2026-02-03 00:00
1770091200000,0.01848,0.01878,0.01837,0.01868,8688480.0,2026-02-03 04:00
1770105600000,0.01867,0.01885,0.0184,0.01861,6355941.0,2026-02-03 08:00
1770120000000,0.01861,0.01898,0.01843,0.01893,10713802.0,2026-02-03 12:00
1770134400000,0.01892,0.01892,0.01761,0.01843,13084546.0,2026-02-03 16:00
1770148800000,0.01842,0.01918,0.01818,0.01832,10961855.0,2026-02-03 20:00
1770163200000,0.0183,0.01872,0.01821,0.01861,4491493.0,2026-02-04 00:00
1770177600000,0.01861,0.01863,0.0183,0.01845,3914440.0,2026-02-04 04:00
1770192000000,0.01846,0.01853,0.01811,0.01827,4604057.0,2026-02-04 08:00
1770206400000,0.01827,0.01831,0.01752,0.0177,9991686.0,2026-02-04 12:00
1770220800000,0.01771,0.01816,0.01737,0.01813,14380810.0,2026-02-04 16:00
1770235200000,0.01812,0.01814,0.0175,0.01774,8131191.0,2026-02-04 20:00
1770249600000,0.01775,0.01786,0.01746,0.01749,8484938.0,2026-02-05 00:00
1770264000000,0.01749,0.01762,0.01719,0.01734,7190006.0,2026-02-05 04:00
1770278400000,0.01735,0.01769,0.01677,0.01696,9985079.0,2026-02-05 08:00
1770292800000,0.01696,0.01711,0.01567,0.01608,21754326.0,2026-02-05 12:00
1770307200000,0.0161,0.01643,0.01563,0.01566,18965854.0,2026-02-05 16:00
1770321600000,0.01566,0.01579,0.01494,0.01506,23022975.0,2026-02-05 20:00
1770336000000,0.01506,0.01563,0.01395,0.01533,24094492.0,2026-02-06 00:00
1770350400000,0.01532,0.0159,0.01527,0.01558,9463216.0,2026-02-06 04:00
1770364800000,0.01559,0.01607,0.01542,0.01602,11957454.0,2026-02-06 08:00
1770379200000,0.01602,0.01658,0.01589,0.01644,10743994.0,2026-02-06 12:00
1770393600000,0.01643,0.01729,0.01639,0.01689,15164206.0,2026-02-06 16:00
1770408000000,0.01686,0.0172,0.01665,0.01699,9329314.0,2026-02-06 20:00
1770422400000,0.017,0.01706,0.01666,0.01702,8282140.0,2026-02-07 00:00
1770436800000,0.01701,0.01707,0.01625,0.01638,8745127.0,2026-02-07 04:00
1770451200000,0.01637,0.01653,0.01629,0.01635,3949074.0,2026-02-07 08:00
1770465600000,0.01636,0.0168,0.01635,0.01656,5982503.0,2026-02-07 12:00
1770480000000,0.01656,0.01697,0.01645,0.0168,17585839.0,2026-02-07 16:00
1770494400000,0.01681,0.01702,0.01674,0.01682,3196922.0,2026-02-07 20:00
1770508800000,0.01682,0.01683,0.01651,0.01655,7436709.0,2026-02-08 00:00
1770523200000,0.01654,0.01659,0.01632,0.0164,3446355.0,2026-02-08 04:00
1770537600000,0.0164,0.01668,0.01632,0.01662,4855428.0,2026-02-08 08:00
1770552000000,0.01662,0.01664,0.01629,0.01637,6934089.0,2026-02-08 12:00
1770566400000,0.01637,0.01639,0.01584,0.01613,10701863.0,2026-02-08 16:00
1770580800000,0.01614,0.01633,0.01576,0.01597,4566225.0,2026-02-08 20:00
1770595200000,0.01595,0.01619,0.01582,0.01617,6124408.0,2026-02-09 00:00
1770609600000,0.01618,0.01618,0.01589,0.01591,4895562.0,2026-02-09 04:00
1770624000000,0.0159,0.01595,0.01521,0.01545,17036071.0,2026-02-09 08:00
1770638400000,0.01543,0.01585,0.01542,0.01578,6269696.0,2026-02-09 12:00
1770652800000,0.01577,0.01615,0.01561,0.01611,7047182.0,2026-02-09 16:00
1770667200000,0.01611,0.0162,0.01592,0.01607,5287661.0,2026-02-09 20:00
1770681600000,0.01608,0.0161,0.01555,0.0157,6586384.0,2026-02-10 00:00
1770696000000,0.0157,0.01594,0.01554,0.01559,4373491.0,2026-02-10 04:00
1770710400000,0.0156,0.01572,0.01543,0.01544,4621822.0,2026-02-10 08:00
1770724800000,0.01544,0.01561,0.01531,0.01542,6590316.0,2026-02-10 12:00
1770739200000,0.01541,0.01555,0.0152,0.01531,5072545.0,2026-02-10 16:00
1770753600000,0.0153,0.01543,0.01525,0.01535,3673935.0,2026-02-10 20:00
1770768000000,0.01537,0.01543,0.01518,0.01532,3686903.0,2026-02-11 00:00
1770782400000,0.0153,0.01532,0.01478,0.01478,11359425.0,2026-02-11 04:00
1770796800000,0.01477,0.01507,0.01474,0.01504,12784023.0,2026-02-11 08:00
1770811200000,0.01505,0.01555,0.01476,0.01501,15939248.0,2026-02-11 12:00
1770825600000,0.015,0.01521,0.01488,0.01516,13065339.0,2026-02-11 16:00
1770840000000,0.01516,0.01542,0.01502,0.01516,5905901.0,2026-02-11 20:00
1770854400000,0.01516,0.01554,0.01516,0.01552,9575004.0,2026-02-12 00:00
1770868800000,0.01551,0.01573,0.01534,0.01571,6086106.0,2026-02-12 04:00
1770883200000,0.01572,0.01607,0.01565,0.01595,9385590.0,2026-02-12 08:00
1770897600000,0.01594,0.01594,0.0155,0.01552,8867074.0,2026-02-12 12:00
1770912000000,0.01552,0.01567,0.0152,0.0155,8893310.0,2026-02-12 16:00
1770926400000,0.0155,0.0157,0.01535,0.01567,4047376.0,2026-02-12 20:00
1770940800000,0.01567,0.01573,0.0155,0.01558,4039468.0,2026-02-13 00:00
1770955200000,0.01558,0.01559,0.01538,0.01552,4153049.0,2026-02-13 04:00
1770969600000,0.01553,0.0158,0.0155,0.01566,8057105.0,2026-02-13 08:00
1770984000000,0.01565,0.01633,0.01552,0.01604,13489627.0,2026-02-13 12:00
1770998400000,0.01606,0.01687,0.01606,0.01683,20983934.0,2026-02-13 16:00
1771012800000,0.01684,0.01777,0.01678,0.01701,35777399.0,2026-02-13 20:00
1771027200000,0.01702,0.01719,0.01687,0.01695,7501964.0,2026-02-14 00:00
1771041600000,0.01695,0.01696,0.01671,0.01682,6822811.0,2026-02-14 04:00
1771056000000,0.01682,0.0178,0.01681,0.01766,22391757.0,2026-02-14 08:00
1771070400000,0.01766,0.01808,0.01684,0.01727,34945352.0,2026-02-14 12:00
1771084800000,0.0173,0.01777,0.01716,0.0176,13022105.0,2026-02-14 16:00
1771099200000,0.01762,0.01773,0.01739,0.01746,7446863.0,2026-02-14 20:00
1771113600000,0.01747,0.01757,0.01707,0.01729,7252282.0,2026-02-15 00:00
1771128000000,0.01729,0.01751,0.01724,0.01741,6473777.0,2026-02-15 04:00
1771142400000,0.01741,0.01746,0.01706,0.01712,6760983.0,2026-02-15 08:00
1771156800000,0.01713,0.01715,0.01642,0.01673,21891558.0,2026-02-15 12:00
1771171200000,0.01673,0.01686,0.0163,0.01641,18171547.0,2026-02-15 16:00
1771185600000,0.01641,0.01672,0.01639,0.01671,5539918.0,2026-02-15 20:00
1771200000000,0.01669,0.01681,0.01657,0.0167,8350972.0,2026-02-16 00:00
1771214400000,0.01669,0.01682,0.01655,0.01663,4476954.0,2026-02-16 04:00
1771228800000,0.01664,0.01677,0.0164,0.01661,5477352.0,2026-02-16 08:00
1771243200000,0.0166,0.01704,0.01647,0.01654,11576683.0,2026-02-16 12:00
1771257600000,0.01652,0.0168,0.01651,0.01669,5616864.0,2026-02-16 16:00
1771272000000,0.0167,0.01715,0.01664,0.01704,8349341.0,2026-02-16 20:00
1771286400000,0.01706,0.0173,0.01691,0.01715,7933277.0,2026-02-17 00:00
1771300800000,0.01715,0.01745,0.01711,0.01715,10880870.0,2026-02-17 04:00
1771315200000,0.01716,0.01784,0.0171,0.01745,47060144.0,2026-02-17 08:00
1771329600000,0.01745,0.01764,0.01713,0.0175,22830315.0,2026-02-17 12:00
1771344000000,0.01749,0.01782,0.01724,0.01731,22977188.0,2026-02-17 16:00
1771358400000,0.01732,0.01732,0.01712,0.0172,6467236.0,2026-02-17 20:00
1771372800000,0.01721,0.01729,0.01705,0.01719,6726847.0,2026-02-18 00:00
1771387200000,0.01719,0.01728,0.01706,0.01721,6520576.0,2026-02-18 04:00
1771401600000,0.01722,0.0173,0.01681,0.01703,6880837.0,2026-02-18 08:00
1771416000000,0.01703,0.01718,0.01671,0.01698,8151499.0,2026-02-18 12:00
1771430400000,0.01699,0.01701,0.01636,0.01645,7190310.0,2026-02-18 16:00
1771444800000,0.01646,0.01659,0.01635,0.01651,4233817.0,2026-02-18 20:00
1771459200000,0.01652,0.01686,0.0164,0.01683,7958554.0,2026-02-19 00:00
1771473600000,0.01681,0.01688,0.01667,0.01672,5300060.0,2026-02-19 04:00
1771488000000,0.01672,0.01672,0.01636,0.01638,6115962.0,2026-02-19 08:00
1771502400000,0.01638,0.01643,0.01593,0.01614,10497992.0,2026-02-19 12:00
1771516800000,0.01613,0.01641,0.01599,0.01637,11081805.0,2026-02-19 16:00
1771531200000,0.01638,0.01653,0.01635,0.01652,3946377.0,2026-02-19 20:00
1771545600000,0.01652,0.01666,0.01636,0.01651,10740550.0,2026-02-20 00:00
1771560000000,0.0165,0.01661,0.01633,0.01651,2849368.0,2026-02-20 04:00
1771574400000,0.0165,0.01667,0.0164,0.01643,8047786.0,2026-02-20 08:00
1771588800000,0.01643,0.01671,0.01606,0.01671,14599377.0,2026-02-20 12:00
1771603200000,0.01671,0.01677,0.01634,0.01663,10376326.0,2026-02-20 16:00
1771617600000,0.01662,0.0167,0.01652,0.01666,3273438.0,2026-02-20 20:00
1771632000000,0.01664,0.01669,0.0165,0.01657,4106050.0,2026-02-21 00:00
1771646400000,0.01657,0.01677,0.01654,0.01666,4120636.0,2026-02-21 04:00
1771660800000,0.01668,0.01736,0.01662,0.01732,19117195.0,2026-02-21 08:00
1771675200000,0.01732,0.01735,0.017,0.01716,13926440.0,2026-02-21 12:00
1771689600000,0.01716,0.01729,0.01692,0.01716,13032926.0,2026-02-21 16:00
1771704000000,0.01718,0.01856,0.01702,0.0171,124650634.0,2026-02-21 20:00
1771718400000,0.0171,0.01725,0.01672,0.01686,16833302.0,2026-02-22 00:00
1771732800000,0.01686,0.0169,0.01663,0.01667,7206702.0,2026-02-22 04:00
1771747200000,0.01668,0.01675,0.01632,0.01661,16796460.0,2026-02-22 08:00
1771761600000,0.01661,0.01664,0.0163,0.01651,11299126.0,2026-02-22 12:00
1771776000000,0.0165,0.01653,0.01637,0.01641,6201362.0,2026-02-22 16:00
1771790400000,0.01641,0.01651,0.01612,0.01643,20436870.0,2026-02-22 20:00
1771804800000,0.01643,0.01643,0.01529,0.0157,24738310.0,2026-02-23 00:00
1771819200000,0.01571,0.01596,0.01554,0.01588,8429412.0,2026-02-23 04:00
1771833600000,0.01587,0.01599,0.01571,0.01589,5460382.0,2026-02-23 08:00
1771848000000,0.01588,0.01606,0.01549,0.01552,7371897.0,2026-02-23 12:00
1771862400000,0.01552,0.01557,0.0151,0.0153,8683911.0,2026-02-23 16:00
1771876800000,0.0153,0.01552,0.01518,0.01545,4120551.0,2026-02-23 20:00
1771891200000,0.01545,0.01556,0.01514,0.01522,6027080.0,2026-02-24 00:00
1771905600000,0.01522,0.01524,0.01491,0.01499,7296308.0,2026-02-24 04:00
1771920000000,0.01499,0.01509,0.01493,0.01506,4825359.0,2026-02-24 08:00
1771934400000,0.01506,0.01541,0.01478,0.01537,12511978.0,2026-02-24 12:00
1771948800000,0.01537,0.01547,0.01522,0.0154,6736781.0,2026-02-24 16:00
1771963200000,0.0154,0.01547,0.01526,0.01531,4055131.0,2026-02-24 20:00
1771977600000,0.01531,0.01591,0.01526,0.0157,8602464.0,2026-02-25 00:00
1771992000000,0.01571,0.01585,0.0156,0.01575,4137434.0,2026-02-25 04:00
1772006400000,0.01575,0.01596,0.01562,0.01574,6407510.0,2026-02-25 08:00
1772020800000,0.01574,0.01631,0.01571,0.01629,9069303.0,2026-02-25 12:00
1772035200000,0.0163,0.01692,0.01629,0.01689,8900572.0,2026-02-25 16:00
1772049600000,0.0169,0.01758,0.0165,0.01665,16909479.0,2026-02-25 20:00
1772064000000,0.01664,0.01681,0.0164,0.01645,8587444.0,2026-02-26 00:00
1772078400000,0.01645,0.01657,0.01626,0.01634,5078203.0,2026-02-26 04:00
1772092800000,0.01636,0.01656,0.01615,0.01616,5851404.0,2026-02-26 08:00
1772107200000,0.01617,0.01626,0.01599,0.01613,6576672.0,2026-02-26 12:00
1772121600000,0.01614,0.01624,0.01565,0.01615,9189623.0,2026-02-26 16:00
1772136000000,0.01614,0.01621,0.016,0.01608,3338805.0,2026-02-26 20:00
1772150400000,0.01608,0.01643,0.01599,0.01639,5749741.0,2026-02-27 00:00
1772164800000,0.01639,0.01655,0.01633,0.01649,4008784.0,2026-02-27 04:00
1772179200000,0.01649,0.01663,0.01599,0.01606,6506859.0,2026-02-27 08:00
1772193600000,0.01605,0.0161,0.01569,0.01598,8299800.0,2026-02-27 12:00
1772208000000,0.01597,0.01599,0.01569,0.01576,5266914.0,2026-02-27 16:00
1772222400000,0.01575,0.01584,0.01551,0.0158,4674281.0,2026-02-27 20:00
1772236800000,0.01581,0.01598,0.01577,0.01578,4024380.0,2026-02-28 00:00
1772251200000,0.01578,0.01579,0.01461,0.01492,19470106.0,2026-02-28 04:00
1772265600000,0.01491,0.01495,0.01466,0.01478,10271491.0,2026-02-28 08:00
1772280000000,0.01479,0.01546,0.01479,0.01521,10672801.0,2026-02-28 12:00
1772294400000,0.01521,0.01612,0.01513,0.01595,12162278.0,2026-02-28 16:00
1772308800000,0.01595,0.01661,0.01593,0.01658,11936063.0,2026-02-28 20:00
1772323200000,0.01658,0.01733,0.01616,0.01701,32930843.0,2026-03-01 00:00
1772337600000,0.01702,0.01741,0.01671,0.01686,22405266.0,2026-03-01 04:00
1772352000000,0.01686,0.01687,0.0163,0.01632,15596463.0,2026-03-01 08:00
1772366400000,0.01632,0.01651,0.01607,0.01613,14157965.0,2026-03-01 12:00
1772380800000,0.01613,0.01631,0.01565,0.01571,16230566.0,2026-03-01 16:00
1772395200000,0.01571,0.01605,0.01544,0.0159,10608349.0,2026-03-01 20:00
1772409600000,0.0159,0.01633,0.0159,0.01626,7836635.0,2026-03-02 00:00
1772424000000,0.01627,0.01632,0.01581,0.0159,5600411.0,2026-03-02 04:00
1772438400000,0.01591,0.01618,0.01581,0.01614,5691482.0,2026-03-02 08:00
1772452800000,0.01615,0.01698,0.01602,0.01689,9359112.0,2026-03-02 12:00
1772467200000,0.01689,0.01723,0.01661,0.01679,10886742.0,2026-03-02 16:00
1772481600000,0.0168,0.01687,0.01642,0.01645,9157460.0,2026-03-02 20:00
1772496000000,0.01646,0.01657,0.0163,0.01652,8433658.0,2026-03-03 00:00
1772510400000,0.01651,0.0166,0.01636,0.01652,4307066.0,2026-03-03 04:00
1772524800000,0.0165,0.01654,0.01616,0.01629,5550546.0,2026-03-03 08:00
1772539200000,0.0163,0.01653,0.01596,0.01636,9336312.0,2026-03-03 12:00
1772553600000,0.01637,0.01674,0.01618,0.0165,8271123.0,2026-03-03 16:00
1772568000000,0.0165,0.01663,0.01635,0.01646,3565177.0,2026-03-03 20:00
1772582400000,0.01646,0.0166,0.01622,0.01642,7901023.0,2026-03-04 00:00
1772596800000,0.01642,0.01669,0.0163,0.01662,4386620.0,2026-03-04 04:00
1772611200000,0.01662,0.01715,0.0165,0.0169,8492983.0,2026-03-04 08:00
1772625600000,0.01689,0.01737,0.01677,0.01734,7755001.0,2026-03-04 12:00
1772640000000,0.01735,0.01738,0.0169,0.01707,10127229.0,2026-03-04 16:00
1772654400000,0.01708,0.01709,0.01674,0.01688,4535675.0,2026-03-04 20:00
1772668800000,0.01688,0.01691,0.01669,0.01681,3938574.0,2026-03-05 00:00
1772683200000,0.01681,0.01688,0.01664,0.01672,4116574.0,2026-03-05 04:00
1772697600000,0.01672,0.01713,0.01669,0.01704,4356448.0,2026-03-05 08:00
1772712000000,0.01706,0.01721,0.01674,0.01683,5851691.0,2026-03-05 12:00
1772726400000,0.01683,0.01689,0.01643,0.01677,7940485.0,2026-03-05 16:00
1772740800000,0.01678,0.01694,0.0167,0.01673,2859354.0,2026-03-05 20:00
1772755200000,0.01673,0.01705,0.01672,0.01704,5948199.0,2026-03-06 00:00
1772769600000,0.01704,0.01706,0.01675,0.01703,3640433.0,2026-03-06 04:00
1772784000000,0.01702,0.01703,0.01654,0.01656,3878224.0,2026-03-06 08:00
1772798400000,0.01656,0.01668,0.01595,0.01607,10107483.0,2026-03-06 12:00
1772812800000,0.01604,0.01626,0.01587,0.01617,4460504.0,2026-03-06 16:00
1772827200000,0.01618,0.01627,0.01608,0.01612,5124427.0,2026-03-06 20:00
1772841600000,0.01611,0.01618,0.01603,0.01605,2860067.0,2026-03-07 00:00
1772856000000,0.01604,0.01613,0.01573,0.0158,4441072.0,2026-03-07 04:00
1772870400000,0.0158,0.01597,0.01579,0.01585,3562556.0,2026-03-07 08:00
1772884800000,0.01585,0.01587,0.01558,0.01566,3306624.0,2026-03-07 12:00
1772899200000,0.01565,0.01588,0.01558,0.01564,3476533.0,2026-03-07 16:00
1772913600000,0.01564,0.01579,0.01547,0.0156,7343040.0,2026-03-07 20:00
1772928000000,0.0156,0.01563,0.01523,0.01529,3504578.0,2026-03-08 00:00
1772942400000,0.01529,0.01561,0.01518,0.01554,4192822.0,2026-03-08 04:00
1772956800000,0.01552,0.01578,0.01545,0.01569,3926125.0,2026-03-08 08:00
1772971200000,0.01567,0.01576,0.01543,0.01546,2970781.0,2026-03-08 12:00
1772985600000,0.01545,0.01568,0.01533,0.01565,3118196.0,2026-03-08 16:00
1773000000000,0.01565,0.01568,0.01528,0.01547,4413034.0,2026-03-08 20:00
1773014400000,0.01547,0.01591,0.01546,0.01572,9394902.0,2026-03-09 00:00
1773028800000,0.01573,0.01611,0.01569,0.01584,3803062.0,2026-03-09 04:00
1773043200000,0.01585,0.01597,0.01571,0.01583,2742134.0,2026-03-09 08:00
1773057600000,0.01583,0.01618,0.01582,0.01615,3672336.0,2026-03-09 12:00
1773072000000,0.01616,0.01662,0.01614,0.01646,6281749.0,2026-03-09 16:00
1773086400000,0.01646,0.01654,0.01609,0.01613,7156359.0,2026-03-09 20:00
1773100800000,0.01614,0.01639,0.01601,0.0162,6122247.0,2026-03-10 00:00
1773115200000,0.01622,0.01642,0.01618,0.01641,4182678.0,2026-03-10 04:00
1773129600000,0.01641,0.01677,0.01634,0.01665,7683350.0,2026-03-10 08:00
1773144000000,0.01664,0.01692,0.01639,0.01676,6821415.0,2026-03-10 12:00
1773158400000,0.01676,0.01683,0.01629,0.01633,5664299.0,2026-03-10 16:00
1773172800000,0.01633,0.01646,0.01621,0.01635,2661544.0,2026-03-10 20:00
1773187200000,0.01635,0.01642,0.0162,0.01632,5640048.0,2026-03-11 00:00
1773201600000,0.01632,0.01658,0.01625,0.01646,5945456.0,2026-03-11 04:00
1773216000000,0.01648,0.0167,0.01643,0.01653,6699211.0,2026-03-11 08:00
1773230400000,0.01653,0.01706,0.01646,0.01704,8648341.0,2026-03-11 12:00
1773244800000,0.01704,0.01755,0.01697,0.01718,13474959.0,2026-03-11 16:00
1773259200000,0.01719,0.0185,0.01679,0.01687,78124759.0,2026-03-11 20:00
1773273600000,0.01688,0.0171,0.01679,0.01697,12469067.0,2026-03-12 00:00
1773288000000,0.01697,0.01734,0.01693,0.01729,5905969.0,2026-03-12 04:00
1773302400000,0.0173,0.01819,0.01728,0.01803,21370245.0,2026-03-12 08:00
1773316800000,0.01802,0.0206,0.01737,0.01764,390284035.0,2026-03-12 12:00
1773331200000,0.01765,0.01784,0.01742,0.01751,29663285.0,2026-03-12 16:00
1773345600000,0.0175,0.01769,0.01731,0.01758,13016453.0,2026-03-12 20:00
1773360000000,0.0176,0.01827,0.01757,0.01796,22824571.0,2026-03-13 00:00
1773374400000,0.01795,0.01809,0.01779,0.01788,10801824.0,2026-03-13 04:00
1773388800000,0.01787,0.01819,0.01781,0.01794,11673374.0,2026-03-13 08:00
1773403200000,0.01792,0.01846,0.01785,0.01796,22079660.0,2026-03-13 12:00
1773417600000,0.01796,0.018,0.01754,0.01768,17671670.0,2026-03-13 16:00
1773432000000,0.01769,0.01777,0.01744,0.01749,4827549.0,2026-03-13 20:00
1773446400000,0.01749,0.01752,0.01716,0.0174,9759164.0,2026-03-14 00:00
1773460800000,0.0174,0.01746,0.01706,0.0172,3716629.0,2026-03-14 04:00
1773475200000,0.01721,0.01725,0.01706,0.01716,3976164.0,2026-03-14 08:00
1773489600000,0.01716,0.01731,0.01708,0.01722,3473228.0,2026-03-14 12:00
1773504000000,0.01721,0.01722,0.01694,0.01698,5317237.0,2026-03-14 16:00
1773518400000,0.01697,0.01721,0.01693,0.01719,2864048.0,2026-03-14 20:00
1773532800000,0.01718,0.01749,0.01711,0.01742,3915122.0,2026-03-15 00:00
1773547200000,0.01742,0.01745,0.01724,0.01727,3199613.0,2026-03-15 04:00
1773561600000,0.01726,0.01733,0.01718,0.01726,2692385.0,2026-03-15 08:00
1773576000000,0.01724,0.01737,0.01708,0.0172,4527016.0,2026-03-15 12:00
1773590400000,0.0172,0.01735,0.01716,0.01732,3408251.0,2026-03-15 16:00
1773604800000,0.0173,0.01759,0.01727,0.01746,4959768.0,2026-03-15 20:00
1773619200000,0.01746,0.01781,0.01741,0.01763,4691544.0,2026-03-16 00:00
1773633600000,0.01763,0.01822,0.01763,0.01808,6027287.0,2026-03-16 04:00
1773648000000,0.0181,0.0182,0.01782,0.01789,5301022.0,2026-03-16 08:00
1773662400000,0.01789,0.01818,0.01766,0.01795,8902697.0,2026-03-16 12:00
1773676800000,0.01795,0.01861,0.01794,0.01845,5499194.0,2026-03-16 16:00
1773691200000,0.01846,0.019,0.0184,0.01895,5449664.0,2026-03-16 20:00
1773705600000,0.01896,0.01925,0.01875,0.01889,10246387.0,2026-03-17 00:00
1773720000000,0.0189,0.01936,0.01859,0.01921,19449231.0,2026-03-17 04:00
1773734400000,0.01921,0.0196,0.01865,0.01909,33378531.0,2026-03-17 08:00
1773748800000,0.01908,0.0192,0.01864,0.01902,11489792.0,2026-03-17 12:00
1773763200000,0.01903,0.01959,0.01891,0.01947,9705087.0,2026-03-17 16:00
1773777600000,0.01948,0.01988,0.01896,0.01899,15232862.0,2026-03-17 20:00
1773792000000,0.01898,0.01921,0.01881,0.01914,2443007.0,2026-03-18 00:00
1773806400000,0.01915,0.01964,0.01904,0.01936,9992357.0,2026-03-18 04:00
1773820800000,0.01934,0.02059,0.01849,0.01852,62412371.0,2026-03-18 08:00
1773835200000,0.01852,0.01862,0.01815,0.01837,9791121.0,2026-03-18 12:00
1773849600000,0.01836,0.01898,0.01825,0.01857,9636917.0,2026-03-18 16:00
1773864000000,0.01857,0.01921,0.01848,0.01912,7632446.0,2026-03-18 20:00
1773878400000,0.0191,0.01941,0.01886,0.01924,12809461.0,2026-03-19 00:00
1773892800000,0.01925,0.01925,0.01839,0.01869,11736767.0,2026-03-19 04:00
1773907200000,0.01871,0.01879,0.01857,0.01864,5494997.0,2026-03-19 08:00
1773921600000,0.01863,0.01892,0.01839,0.01864,10572797.0,2026-03-19 12:00
1773936000000,0.01866,0.01877,0.01842,0.01867,6123681.0,2026-03-19 16:00
1773950400000,0.01866,0.01881,0.01862,0.0187,2458493.0,2026-03-19 20:00
1773964800000,0.0187,0.01904,0.0187,0.019,2817056.0,2026-03-20 00:00
1773979200000,0.019,0.0191,0.01882,0.01893,4944458.0,2026-03-20 04:00
1773993600000,0.01893,0.01924,0.01889,0.01918,5212002.0,2026-03-20 08:00
1774008000000,0.0192,0.01927,0.01896,0.01906,8036918.0,2026-03-20 12:00
1774022400000,0.01907,0.01908,0.01858,0.01877,4392149.0,2026-03-20 16:00
1774036800000,0.01877,0.01895,0.01865,0.01889,2436496.0,2026-03-20 20:00
1774051200000,0.0189,0.01911,0.0188,0.01887,3423099.0,2026-03-21 00:00
1774065600000,0.01887,0.01912,0.01886,0.01898,4688480.0,2026-03-21 04:00
1774080000000,0.01898,0.02042,0.01896,0.01971,49685292.0,2026-03-21 08:00
1774094400000,0.01972,0.0211,0.01969,0.02055,77032859.0,2026-03-21 12:00
1774108800000,0.02055,0.02118,0.0204,0.02062,47108134.0,2026-03-21 16:00
1774123200000,0.02064,0.02091,0.01994,0.0201,38082298.0,2026-03-21 20:00
1774137600000,0.02011,0.0213,0.01957,0.02081,93797041.0,2026-03-22 00:00
1774152000000,0.02081,0.02125,0.02052,0.0206,45545932.0,2026-03-22 04:00
1774166400000,0.0206,0.0211,0.02047,0.02071,24513690.0,2026-03-22 08:00
1774180800000,0.02072,0.02236,0.02072,0.0221,62772958.0,2026-03-22 12:00
1774195200000,0.02211,0.0238,0.02189,0.02301,191429468.0,2026-03-22 16:00
1774209600000,0.023,0.02366,0.02137,0.02156,79430791.0,2026-03-22 20:00
1774224000000,0.02156,0.02196,0.02125,0.02146,35844220.0,2026-03-23 00:00
1774238400000,0.02147,0.02184,0.0209,0.02104,21419837.0,2026-03-23 04:00
1774252800000,0.02105,0.02374,0.02105,0.02354,95254489.0,2026-03-23 08:00
1774267200000,0.02356,0.02533,0.02327,0.02398,270085578.0,2026-03-23 12:00
1774281600000,0.02398,0.02433,0.02293,0.02299,58235786.0,2026-03-23 16:00
1774296000000,0.023,0.02363,0.02291,0.02362,21787495.0,2026-03-23 20:00
1774310400000,0.02362,0.02395,0.02228,0.02271,37715193.0,2026-03-24 00:00
1774324800000,0.0227,0.02483,0.02261,0.02439,58775661.0,2026-03-24 04:00
1774339200000,0.02439,0.02481,0.02251,0.02265,57905566.0,2026-03-24 08:00
1774353600000,0.02265,0.02409,0.02242,0.02373,34097871.0,2026-03-24 12:00
1774368000000,0.02372,0.02385,0.02271,0.02283,24895438.0,2026-03-24 16:00
1774382400000,0.02284,0.02293,0.02189,0.02219,16312643.0,2026-03-24 20:00
1774396800000,0.0222,0.02248,0.02151,0.02183,20115502.0,2026-03-25 00:00
1774411200000,0.02183,0.02202,0.02152,0.02184,10315689.0,2026-03-25 04:00
1774425600000,0.02185,0.02277,0.02174,0.02265,33071544.0,2026-03-25 08:00
1774440000000,0.02266,0.02372,0.02233,0.0235,35831061.0,2026-03-25 12:00
1774454400000,0.02349,0.02479,0.02342,0.02408,44790376.0,2026-03-25 16:00
1774468800000,0.02411,0.02487,0.02382,0.02469,65860495.0,2026-03-25 20:00
1774483200000,0.02469,0.02478,0.02381,0.02395,28840001.0,2026-03-26 00:00
1774497600000,0.02397,0.02463,0.02365,0.02458,47568546.0,2026-03-26 04:00
1774512000000,0.02459,0.0246,0.02351,0.02384,41771946.0,2026-03-26 08:00
1774526400000,0.02384,0.02425,0.02338,0.02388,34656058.0,2026-03-26 12:00
1774540800000,0.02388,0.02427,0.02347,0.02366,17322565.0,2026-03-26 16:00
1774555200000,0.02367,0.02422,0.0236,0.02411,7490916.0,2026-03-26 20:00
1774569600000,0.02411,0.02451,0.02376,0.02396,16152565.0,2026-03-27 00:00
1774584000000,0.02396,0.02436,0.02333,0.02398,45868317.0,2026-03-27 04:00
1774598400000,0.02401,0.02452,0.02367,0.02396,22608658.0,2026-03-27 08:00
1774612800000,0.02396,0.02672,0.02381,0.02663,91358314.0,2026-03-27 12:00
1774627200000,0.02664,0.02718,0.02475,0.02551,96658771.0,2026-03-27 16:00
1774641600000,0.02552,0.02571,0.02414,0.02454,24245725.0,2026-03-27 20:00
1774656000000,0.02453,0.02533,0.02424,0.02503,29599178.0,2026-03-28 00:00
1774670400000,0.02503,0.02708,0.02482,0.02661,78687635.0,2026-03-28 04:00
1774684800000,0.0266,0.02721,0.02533,0.02566,79768119.0,2026-03-28 08:00
1774699200000,0.02564,0.02628,0.02518,0.02606,30703933.0,2026-03-28 12:00
1774713600000,0.02607,0.027,0.02589,0.02683,35320023.0,2026-03-28 16:00
1774728000000,0.02684,0.0277,0.0261,0.02641,35080345.0,2026-03-28 20:00
1774742400000,0.02639,0.02764,0.0262,0.02741,36426794.0,2026-03-29 00:00
1774756800000,0.02741,0.02755,0.02703,0.02723,15374901.0,2026-03-29 04:00
1774771200000,0.02724,0.02725,0.0267,0.02711,20720540.0,2026-03-29 08:00
1774785600000,0.02713,0.02744,0.02542,0.02558,53147000.0,2026-03-29 12:00
1774800000000,0.02557,0.02586,0.0247,0.02491,26870303.0,2026-03-29 16:00
1774814400000,0.02492,0.02528,0.02409,0.02519,33606145.0,2026-03-29 20:00
1774828800000,0.02519,0.02693,0.02519,0.02552,31573475.0,2026-03-30 00:00
1774843200000,0.02552,0.02566,0.02434,0.02495,35304191.0,2026-03-30 04:00
1774857600000,0.02494,0.02691,0.02451,0.02665,35402299.0,2026-03-30 08:00
1774872000000,0.02666,0.03039,0.02663,0.03001,277705534.0,2026-03-30 12:00
1774886400000,0.03002,0.03085,0.01886,0.02138,2202088356.0,2026-03-30 16:00
1774900800000,0.02138,0.02194,0.02075,0.02101,310645500.0,2026-03-30 20:00
1774915200000,0.02101,0.02215,0.0207,0.02134,164361646.0,2026-03-31 00:00
1774929600000,0.02134,0.02147,0.02024,0.0204,129257743.0,2026-03-31 04:00
1774944000000,0.0204,0.02055,0.01974,0.02013,160621559.0,2026-03-31 08:00
1774958400000,0.02013,0.02073,0.01989,0.02019,148998665.0,2026-03-31 12:00
1774972800000,0.02019,0.02349,0.02006,0.02295,499027303.0,2026-03-31 16:00
1774987200000,0.02294,0.02353,0.02126,0.0215,130805565.0,2026-03-31 20:00
1775001600000,0.0215,0.02159,0.02003,0.02011,89274564.0,2026-04-01 00:00
1775016000000,0.02011,0.02052,0.01928,0.02025,91430567.0,2026-04-01 04:00
1775030400000,0.02024,0.02039,0.01961,0.01979,58243752.0,2026-04-01 08:00
1775044800000,0.01978,0.01984,0.01882,0.01928,80676046.0,2026-04-01 12:00
1775059200000,0.01928,0.0201,0.01918,0.01952,81760915.0,2026-04-01 16:00
1775073600000,0.01952,0.01989,0.01905,0.01913,48237098.0,2026-04-01 20:00
1775088000000,0.01914,0.01953,0.01825,0.01882,61051395.0,2026-04-02 00:00
1775102400000,0.01882,0.01888,0.01812,0.01846,35768979.0,2026-04-02 04:00
1775116800000,0.01845,0.01927,0.01811,0.01814,63515639.0,2026-04-02 08:00
1775131200000,0.01813,0.01818,0.0174,0.01769,54033004.0,2026-04-02 12:00
1775145600000,0.01769,0.01823,0.01756,0.01815,34966998.0,2026-04-02 16:00
1775160000000,0.01816,0.01979,0.01813,0.01965,55220790.0,2026-04-02 20:00
1775174400000,0.01963,0.0202,0.01875,0.01915,54654095.0,2026-04-03 00:00
1775188800000,0.01915,0.01917,0.01829,0.01856,22597229.0,2026-04-03 04:00
1775203200000,0.01857,0.01967,0.01857,0.0196,35651073.0,2026-04-03 08:00
1775217600000,0.01958,0.02127,0.01921,0.01938,197978136.0,2026-04-03 12:00
1775232000000,0.01937,0.01945,0.01875,0.01903,36403621.0,2026-04-03 16:00
1775246400000,0.01902,0.01915,0.01878,0.01896,17972096.0,2026-04-03 20:00
1775260800000,0.01896,0.01928,0.01879,0.01925,13831696.0,2026-04-04 00:00
1775275200000,0.01924,0.01947,0.01883,0.01897,18241709.0,2026-04-04 04:00
1775289600000,0.01896,0.01902,0.01835,0.01867,24228840.0,2026-04-04 08:00
1775304000000,0.01867,0.01871,0.01828,0.01852,19007679.0,2026-04-04 12:00
1775318400000,0.01851,0.01863,0.01796,0.01838,22579644.0,2026-04-04 16:00
1775332800000,0.01838,0.01857,0.01818,0.01831,11146684.0,2026-04-04 20:00
1775347200000,0.01832,0.01843,0.01795,0.01796,13257882.0,2026-04-05 00:00
1775361600000,0.01796,0.0181,0.01767,0.01785,18363432.0,2026-04-05 04:00
1775376000000,0.01785,0.01821,0.01783,0.01789,11906310.0,2026-04-05 08:00
1775390400000,0.0179,0.01815,0.0177,0.01784,11683328.0,2026-04-05 12:00
1775404800000,0.01785,0.01822,0.01763,0.01773,16119454.0,2026-04-05 16:00
1775419200000,0.01774,0.01785,0.01758,0.01784,8910220.0,2026-04-05 20:00
1775433600000,0.01784,0.01824,0.0178,0.01795,11610516.0,2026-04-06 00:00
1775448000000,0.01795,0.01885,0.01792,0.01863,28612193.0,2026-04-06 04:00
1775462400000,0.01862,0.01871,0.01818,0.01837,25614053.0,2026-04-06 08:00
1775476800000,0.01837,0.01839,0.01786,0.01811,16740808.0,2026-04-06 12:00
1775491200000,0.0181,0.01854,0.01802,0.01833,12322810.0,2026-04-06 16:00
1775505600000,0.01834,0.01882,0.01824,0.01848,15496292.0,2026-04-06 20:00
1775520000000,0.01847,0.01867,0.01793,0.01796,26860581.0,2026-04-07 00:00
1775534400000,0.01796,0.01815,0.01777,0.01786,10438964.0,2026-04-07 04:00
1775548800000,0.01785,0.01806,0.01764,0.01778,11097305.0,2026-04-07 08:00
1775563200000,0.01778,0.01816,0.01761,0.01809,13422702.0,2026-04-07 12:00
1775577600000,0.01809,0.019,0.01809,0.01837,47823574.0,2026-04-07 16:00
1775592000000,0.01837,0.01939,0.01813,0.01918,21421470.0,2026-04-07 20:00
1775606400000,0.01917,0.01974,0.01896,0.01932,20512162.0,2026-04-08 00:00
1775620800000,0.01931,0.01951,0.01902,0.01905,10007766.0,2026-04-08 04:00
1775635200000,0.01905,0.0192,0.01892,0.01895,10483684.0,2026-04-08 08:00
1775649600000,0.01895,0.01917,0.0187,0.01902,11925032.0,2026-04-08 12:00
1775664000000,0.01903,0.01915,0.01878,0.01899,7519300.0,2026-04-08 16:00
1775678400000,0.01898,0.01902,0.01862,0.01871,6522354.0,2026-04-08 20:00
1775692800000,0.0187,0.01903,0.01842,0.01894,9819454.0,2026-04-09 00:00
1775707200000,0.01895,0.01931,0.01885,0.01922,7041353.0,2026-04-09 04:00
1775721600000,0.01924,0.01965,0.01908,0.01936,15174672.0,2026-04-09 08:00
1775736000000,0.01936,0.01952,0.01892,0.01933,15592666.0,2026-04-09 12:00
1775750400000,0.01934,0.01973,0.01912,0.01967,7864640.0,2026-04-09 16:00
1775764800000,0.01968,0.02011,0.01958,0.0197,8036478.0,2026-04-09 20:00
1775779200000,0.0197,0.02038,0.01968,0.0202,17702870.0,2026-04-10 00:00
1775793600000,0.0202,0.02029,0.01979,0.01986,9346299.0,2026-04-10 04:00
1775808000000,0.01987,0.02015,0.01941,0.01968,14358812.0,2026-04-10 08:00
1775822400000,0.01968,0.01986,0.01957,0.01974,7765982.0,2026-04-10 12:00
1775836800000,0.01975,0.02016,0.01965,0.0197,10136622.0,2026-04-10 16:00
1775851200000,0.0197,0.02011,0.01966,0.01981,6609822.0,2026-04-10 20:00
1775865600000,0.01981,0.01984,0.0195,0.01968,7076859.0,2026-04-11 00:00
1775880000000,0.01967,0.01998,0.01956,0.01976,5749083.0,2026-04-11 04:00
1775894400000,0.01976,0.01976,0.01934,0.01944,6665893.0,2026-04-11 08:00
1775908800000,0.01946,0.01958,0.01927,0.01944,4805341.0,2026-04-11 12:00
1775923200000,0.01944,0.02009,0.01939,0.01997,5083528.0,2026-04-11 16:00
1775937600000,0.01997,0.02004,0.01962,0.01974,4475958.0,2026-04-11 20:00
1775952000000,0.01974,0.02007,0.01936,0.01967,7861772.0,2026-04-12 00:00
1775966400000,0.01966,0.01972,0.0194,0.01947,3628258.0,2026-04-12 04:00
1775980800000,0.01946,0.01954,0.01915,0.0193,4486158.0,2026-04-12 08:00
1775995200000,0.01929,0.01932,0.01909,0.01915,4516176.0,2026-04-12 12:00
1776009600000,0.01914,0.01951,0.01909,0.01932,5986334.0,2026-04-12 16:00
1776024000000,0.01932,0.01943,0.01906,0.01909,4395765.0,2026-04-12 20:00
1776038400000,0.01909,0.01927,0.01899,0.01926,3455914.0,2026-04-13 00:00
1776052800000,0.01926,0.01945,0.01913,0.01914,3489811.0,2026-04-13 04:00
1776067200000,0.01914,0.01932,0.01905,0.01917,4216116.0,2026-04-13 08:00
1776081600000,0.01917,0.01929,0.01897,0.01925,6848576.0,2026-04-13 12:00
1776096000000,0.01925,0.0195,0.01915,0.01949,6115981.0,2026-04-13 16:00
1776110400000,0.01948,0.01996,0.0193,0.01994,5599917.0,2026-04-13 20:00
1776124800000,0.01994,0.0202,0.01969,0.01993,8603319.0,2026-04-14 00:00
1776139200000,0.01993,0.01997,0.01969,0.01972,5330732.0,2026-04-14 04:00
1776153600000,0.01971,0.01991,0.01964,0.01968,3809772.0,2026-04-14 08:00
1776168000000,0.01967,0.02042,0.01964,0.0198,14874110.0,2026-04-14 12:00
1776182400000,0.0198,0.02,0.01925,0.01944,8365282.0,2026-04-14 16:00
1776196800000,0.01945,0.01968,0.01925,0.01958,6298366.0,2026-04-14 20:00
1776211200000,0.01958,0.02003,0.01947,0.01993,3891681.0,2026-04-15 00:00
1776225600000,0.01993,0.02014,0.0198,0.01981,5571919.0,2026-04-15 04:00
1776240000000,0.01982,0.02011,0.01981,0.01996,3659149.0,2026-04-15 08:00
1776254400000,0.01998,0.02001,0.0197,0.01984,4221511.0,2026-04-15 12:00
1776268800000,0.01983,0.02012,0.0198,0.02005,4775464.0,2026-04-15 16:00
1776283200000,0.02004,0.02021,0.01992,0.02002,4959870.0,2026-04-15 20:00
1776297600000,0.02003,0.02055,0.01992,0.0205,7366458.0,2026-04-16 00:00
1776312000000,0.0205,0.02095,0.02043,0.02078,12238970.0,2026-04-16 04:00
1776326400000,0.02078,0.02118,0.02067,0.02088,17430840.0,2026-04-16 08:00
1776340800000,0.02087,0.02146,0.02068,0.02142,11065519.0,2026-04-16 12:00
1776355200000,0.02144,0.02183,0.02111,0.02181,15623773.0,2026-04-16 16:00
1776369600000,0.02181,0.0219,0.02129,0.02166,8158218.0,2026-04-16 20:00
1776384000000,0.02168,0.0217,0.02121,0.02141,6532070.0,2026-04-17 00:00
1776398400000,0.02141,0.02169,0.02096,0.02166,13758920.0,2026-04-17 04:00
1776412800000,0.02167,0.02177,0.02115,0.02174,10707036.0,2026-04-17 08:00
1776427200000,0.02176,0.02258,0.02167,0.02233,15623180.0,2026-04-17 12:00
1776441600000,0.02234,0.02307,0.02233,0.02287,17206318.0,2026-04-17 16:00
1776456000000,0.02288,0.02299,0.02257,0.02267,6435919.0,2026-04-17 20:00
1776470400000,0.02268,0.02332,0.02246,0.02252,13468807.0,2026-04-18 00:00
1776484800000,0.02251,0.02355,0.02234,0.02346,15324194.0,2026-04-18 04:00
1776499200000,0.02346,0.02378,0.02238,0.0228,25337492.0,2026-04-18 08:00
1776513600000,0.02279,0.02292,0.02239,0.02247,8982953.0,2026-04-18 12:00
1776528000000,0.02246,0.02251,0.02177,0.02188,9004129.0,2026-04-18 16:00
1776542400000,0.02188,0.02254,0.02186,0.02214,8191159.0,2026-04-18 20:00
1776556800000,0.02214,0.0222,0.02182,0.02192,5712540.0,2026-04-19 00:00
1776571200000,0.02192,0.02206,0.02154,0.02175,8392393.0,2026-04-19 04:00
1776585600000,0.02174,0.02189,0.02147,0.02185,3213925.0,2026-04-19 08:00
1776600000000,0.02181,0.02222,0.02177,0.02213,6453433.0,2026-04-19 12:00
1776614400000,0.02214,0.0222,0.0215,0.02177,4539011.0,2026-04-19 16:00
1776628800000,0.02175,0.02175,0.02098,0.02101,5927375.0,2026-04-19 20:00
1776643200000,0.02102,0.02152,0.02094,0.0215,4889309.0,2026-04-20 00:00
1776657600000,0.02149,0.02179,0.02133,0.02172,4802073.0,2026-04-20 04:00
1776672000000,0.02173,0.02263,0.02163,0.02257,13592990.0,2026-04-20 08:00
1776686400000,0.02256,0.02452,0.02246,0.02425,69897339.0,2026-04-20 12:00
1776700800000,0.02426,0.02487,0.02374,0.0245,72319739.0,2026-04-20 16:00
1776715200000,0.0245,0.02679,0.02444,0.02582,167373390.0,2026-04-20 20:00
1776729600000,0.02582,0.02733,0.02459,0.02528,188359641.0,2026-04-21 00:00
1776744000000,0.02528,0.02572,0.0245,0.02483,52522467.0,2026-04-21 04:00
1776758400000,0.02482,0.02574,0.02451,0.02524,50546595.0,2026-04-21 08:00
1776772800000,0.02522,0.02547,0.02431,0.02446,26618153.0,2026-04-21 12:00
1776787200000,0.02447,0.02462,0.02378,0.02401,18226529.0,2026-04-21 16:00
1776801600000,0.02399,0.02519,0.02364,0.02506,28972639.0,2026-04-21 20:00
1776816000000,0.02506,0.02711,0.02487,0.0265,41025489.0,2026-04-22 00:00
1776830400000,0.02653,0.02935,0.02639,0.02888,88277857.0,2026-04-22 04:00
1776844800000,0.02892,0.02935,0.02712,0.02829,60565072.0,2026-04-22 08:00
1776859200000,0.02828,0.02841,0.02714,0.02806,41693643.0,2026-04-22 12:00
1776873600000,0.02807,0.02982,0.02791,0.02901,101783493.0,2026-04-22 16:00
1776888000000,0.02902,0.03015,0.02875,0.02975,91714143.0,2026-04-22 20:00
1776902400000,0.02973,0.03018,0.02781,0.02795,75004354.0,2026-04-23 00:00
1776916800000,0.02795,0.02811,0.02634,0.02642,28559916.0,2026-04-23 04:00
1776931200000,0.02641,0.02753,0.02604,0.02741,26056541.0,2026-04-23 08:00
1776945600000,0.02739,0.02808,0.02656,0.0269,21866267.0,2026-04-23 12:00
1776960000000,0.02691,0.0272,0.02586,0.02632,15411089.0,2026-04-23 16:00
1776974400000,0.02633,0.02747,0.02592,0.02736,25818070.0,2026-04-23 20:00
1776988800000,0.02736,0.02858,0.02676,0.02795,28627293.0,2026-04-24 00:00
1777003200000,0.02796,0.02913,0.0277,0.02813,30799049.0,2026-04-24 04:00
1777017600000,0.02812,0.02843,0.02777,0.02778,10800283.0,2026-04-24 08:00
1777032000000,0.0278,0.02839,0.02737,0.02821,13666262.0,2026-04-24 12:00
1777046400000,0.02819,0.02836,0.02757,0.02758,6389702.0,2026-04-24 16:00
1777060800000,0.02759,0.02759,0.02646,0.02664,9485496.0,2026-04-24 20:00
1777075200000,0.02663,0.02846,0.02651,0.02823,7559496.0,2026-04-25 00:00
1777089600000,0.02826,0.02883,0.02803,0.02861,11563699.0,2026-04-25 04:00
1777104000000,0.02862,0.0309,0.02846,0.02986,54946267.0,2026-04-25 08:00
1777118400000,0.02986,0.03199,0.02831,0.02918,114505919.0,2026-04-25 12:00
1777132800000,0.0292,0.0303,0.02869,0.02897,42080131.0,2026-04-25 16:00
1777147200000,0.02898,0.02914,0.02815,0.02907,15513406.0,2026-04-25 20:00
1777161600000,0.02908,0.02909,0.02804,0.02832,14788299.0,2026-04-26 00:00
1777176000000,0.02832,0.02844,0.02703,0.02821,28014409.0,2026-04-26 04:00
1777190400000,0.0282,0.02869,0.02766,0.02845,14307559.0,2026-04-26 08:00
1777204800000,0.02844,0.03043,0.02832,0.03027,23324424.0,2026-04-26 12:00
1777219200000,0.03029,0.0319,0.02969,0.03132,45543606.0,2026-04-26 16:00
1777233600000,0.03131,0.03149,0.03009,0.03055,20923747.0,2026-04-26 20:00
1777248000000,0.03057,0.03181,0.03013,0.03037,28413909.0,2026-04-27 00:00
1777262400000,0.03037,0.0306,0.02868,0.02898,25957389.0,2026-04-27 04:00
1777276800000,0.02897,0.03011,0.02887,0.02994,22896680.0,2026-04-27 08:00
1777291200000,0.02995,0.03032,0.02892,0.03,30128487.0,2026-04-27 12:00
1777305600000,0.03,0.03093,0.0288,0.02917,29230844.0,2026-04-27 16:00
1777320000000,0.02917,0.03002,0.02899,0.0295,9491692.0,2026-04-27 20:00
1777334400000,0.0295,0.03083,0.02928,0.03053,20126046.0,2026-04-28 00:00
1777348800000,0.03052,0.03147,0.03019,0.03079,26246826.0,2026-04-28 04:00
1777363200000,0.03082,0.0314,0.02923,0.02934,26314688.0,2026-04-28 08:00
1777377600000,0.02937,0.02993,0.02907,0.02985,11130969.0,2026-04-28 12:00
1777392000000,0.02986,0.02993,0.02938,0.02967,6531325.0,2026-04-28 16:00
1777406400000,0.02968,0.0297,0.02828,0.02853,12772727.0,2026-04-28 20:00
1777420800000,0.02854,0.02962,0.02841,0.02894,13248350.0,2026-04-29 00:00
1777435200000,0.02892,0.02935,0.02869,0.02872,7195132.0,2026-04-29 04:00
1777449600000,0.02872,0.02922,0.02848,0.02858,11752545.0,2026-04-29 08:00
1777464000000,0.02857,0.02902,0.02759,0.02789,16561414.0,2026-04-29 12:00
1777478400000,0.0279,0.02805,0.02582,0.02675,23419540.0,2026-04-29 16:00
1777492800000,0.02676,0.02783,0.02674,0.0275,6674158.0,2026-04-29 20:00
1777507200000,0.02751,0.02817,0.02751,0.02798,6543852.0,2026-04-30 00:00
1777521600000,0.02794,0.02821,0.02731,0.02815,5446508.0,2026-04-30 04:00
1777536000000,0.02817,0.02845,0.02772,0.02775,7045883.0,2026-04-30 08:00
1777550400000,0.02776,0.02903,0.02774,0.02878,9478746.0,2026-04-30 12:00
1777564800000,0.02878,0.02885,0.02801,0.02809,5985055.0,2026-04-30 16:00
1777579200000,0.02809,0.02819,0.02746,0.02762,5291649.0,2026-04-30 20:00
1777593600000,0.02761,0.02799,0.02748,0.02774,4004596.0,2026-05-01 00:00
1777608000000,0.02776,0.02815,0.02771,0.02778,3969202.0,2026-05-01 04:00
1777622400000,0.02779,0.0284,0.02771,0.02821,10215254.0,2026-05-01 08:00
1777636800000,0.02823,0.02884,0.02818,0.02833,11246447.0,2026-05-01 12:00
1777651200000,0.02833,0.02842,0.02778,0.02783,5609063.0,2026-05-01 16:00
1777665600000,0.02783,0.02814,0.02776,0.02778,3303656.0,2026-05-01 20:00
1777680000000,0.02779,0.02826,0.02769,0.0281,2916617.0,2026-05-02 00:00
1777694400000,0.02809,0.0287,0.0279,0.02804,7575177.0,2026-05-02 04:00
1777708800000,0.02804,0.02834,0.02782,0.02798,3173340.0,2026-05-02 08:00
1777723200000,0.02797,0.02812,0.02783,0.02806,2811287.0,2026-05-02 12:00
1777737600000,0.02808,0.02822,0.0279,0.02818,3189024.0,2026-05-02 16:00
1777752000000,0.02819,0.02834,0.02795,0.02818,2426877.0,2026-05-02 20:00
1777766400000,0.02818,0.0282,0.02769,0.02788,3155954.0,2026-05-03 00:00
1777780800000,0.02788,0.02805,0.02776,0.02796,2037692.0,2026-05-03 04:00
1777795200000,0.02794,0.02873,0.02784,0.02818,6778935.0,2026-05-03 08:00
1777809600000,0.02818,0.02869,0.02784,0.02796,6849095.0,2026-05-03 12:00
1777824000000,0.02795,0.02822,0.02775,0.02803,4108085.0,2026-05-03 16:00
1777838400000,0.02803,0.02852,0.02803,0.0282,3218402.0,2026-05-03 20:00
1777852800000,0.02819,0.02895,0.0278,0.02878,6130557.0,2026-05-04 00:00
1777867200000,0.02881,0.02905,0.02844,0.0285,3031982.0,2026-05-04 04:00
1777881600000,0.02852,0.02892,0.0279,0.02815,5923710.0,2026-05-04 08:00
1777896000000,0.02814,0.02826,0.02756,0.02781,6668659.0,2026-05-04 12:00
1777910400000,0.02781,0.02807,0.02764,0.02779,2516233.0,2026-05-04 16:00
1777924800000,0.02779,0.0282,0.02769,0.02791,3726429.0,2026-05-04 20:00
1777939200000,0.02791,0.02816,0.02779,0.02808,3689049.0,2026-05-05 00:00
1777953600000,0.02807,0.02825,0.02795,0.02817,2950124.0,2026-05-05 04:00
1777968000000,0.02815,0.02836,0.02798,0.02826,3578668.0,2026-05-05 08:00
1777982400000,0.02827,0.02916,0.02821,0.02868,12118663.0,2026-05-05 12:00
1777996800000,0.02867,0.02884,0.02826,0.02842,6166690.0,2026-05-05 16:00
1778011200000,0.02842,0.02885,0.02824,0.02845,5592826.0,2026-05-05 20:00
1778025600000,0.02845,0.02852,0.02786,0.02818,5895355.0,2026-05-06 00:00
1778040000000,0.02821,0.02837,0.02783,0.02829,4209502.0,2026-05-06 04:00
1778054400000,0.0283,0.02904,0.02826,0.02871,8544611.0,2026-05-06 08:00
1778068800000,0.02873,0.02894,0.02781,0.0282,9897717.0,2026-05-06 12:00
1778083200000,0.0282,0.02835,0.028,0.02822,5010183.0,2026-05-06 16:00
1778097600000,0.02823,0.02841,0.02808,0.02834,2389017.0,2026-05-06 20:00
1778112000000,0.02833,0.02833,0.02722,0.02731,9443533.0,2026-05-07 00:00
1778126400000,0.02732,0.02783,0.02719,0.02772,5484474.0,2026-05-07 04:00
1778140800000,0.02771,0.02772,0.02708,0.02731,4073082.0,2026-05-07 08:00
1778155200000,0.02731,0.0278,0.02681,0.02693,9655898.0,2026-05-07 12:00
1778169600000,0.02695,0.02803,0.0268,0.02792,7737783.0,2026-05-07 16:00
1778184000000,0.02792,0.02819,0.02773,0.02801,4797434.0,2026-05-07 20:00
1778198400000,0.02801,0.02813,0.02755,0.02794,4491284.0,2026-05-08 00:00
1778212800000,0.02794,0.02812,0.02755,0.02772,4791646.0,2026-05-08 04:00
1778227200000,0.02772,0.02858,0.02768,0.02848,6290652.0,2026-05-08 08:00
1778241600000,0.02846,0.02929,0.02821,0.02918,9960829.0,2026-05-08 12:00
1778256000000,0.02917,0.02969,0.02914,0.02925,11073946.0,2026-05-08 16:00
1778270400000,0.02924,0.0295,0.02904,0.02933,3320144.0,2026-05-08 20:00
1778284800000,0.02934,0.03194,0.02922,0.03075,48086033.0,2026-05-09 00:00
1778299200000,0.03077,0.0315,0.03027,0.0312,22054699.0,2026-05-09 04:00
1778313600000,0.03118,0.0327,0.03116,0.03201,52674695.0,2026-05-09 08:00
1778328000000,0.03198,0.0335,0.03163,0.03309,88549401.0,2026-05-09 12:00
1778342400000,0.03309,0.03497,0.03294,0.03427,94359994.0,2026-05-09 16:00
1778356800000,0.03428,0.03597,0.03403,0.03563,95334597.0,2026-05-09 20:00
1778371200000,0.03563,0.03694,0.03241,0.03263,180781158.0,2026-05-10 00:00
1778385600000,0.03262,0.03422,0.03191,0.03386,56087200.0,2026-05-10 04:00
1778400000000,0.03386,0.03473,0.03292,0.03393,38385863.0,2026-05-10 08:00
1778414400000,0.03395,0.03599,0.03273,0.03577,35248516.0,2026-05-10 12:00
1778428800000,0.03577,0.03977,0.03452,0.03875,132196740.0,2026-05-10 16:00
1778443200000,0.03875,0.03884,0.03603,0.03735,69065886.0,2026-05-10 20:00
1778457600000,0.03733,0.03844,0.03618,0.03687,50457302.0,2026-05-11 00:00
1778472000000,0.03686,0.03842,0.03557,0.03599,93111534.0,2026-05-11 04:00
1778486400000,0.03597,0.03604,0.03442,0.03524,31282700.0,2026-05-11 08:00
1778500800000,0.03524,0.03567,0.03387,0.03455,31220351.0,2026-05-11 12:00
1778515200000,0.03454,0.03496,0.03413,0.03449,15155923.0,2026-05-11 16:00
1778529600000,0.03448,0.03492,0.03416,0.03431,12071878.0,2026-05-11 20:00
1778544000000,0.03431,0.03513,0.03326,0.03401,27091659.0,2026-05-12 00:00
1778558400000,0.03402,0.03493,0.03367,0.03484,16467307.0,2026-05-12 04:00
1778572800000,0.03484,0.03551,0.03321,0.03336,16541952.0,2026-05-12 08:00
1778587200000,0.03337,0.03417,0.03234,0.03255,19625085.0,2026-05-12 12:00
1778601600000,0.03254,0.03368,0.03248,0.03338,10605629.0,2026-05-12 16:00
1778616000000,0.03337,0.03338,0.03281,0.03299,4466481.0,2026-05-12 20:00
1778630400000,0.03298,0.0341,0.03283,0.03391,8102374.0,2026-05-13 00:00
1778644800000,0.03393,0.03446,0.03331,0.03411,8839570.0,2026-05-13 04:00
1778659200000,0.03413,0.03438,0.03322,0.03347,8639835.0,2026-05-13 08:00
1778673600000,0.03347,0.0335,0.03096,0.03101,24941111.0,2026-05-13 12:00
1778688000000,0.03102,0.03197,0.03086,0.03166,12991553.0,2026-05-13 16:00
1778702400000,0.03166,0.03189,0.03129,0.03183,4164335.0,2026-05-13 20:00
1778716800000,0.03181,0.03215,0.03132,0.03139,9635087.0,2026-05-14 00:00
1778731200000,0.03138,0.03249,0.03131,0.03191,8439268.0,2026-05-14 04:00
1778745600000,0.03189,0.03195,0.03122,0.03125,6576659.0,2026-05-14 08:00
1778760000000,0.03124,0.03206,0.03122,0.03188,7141031.0,2026-05-14 12:00
1778774400000,0.0319,0.03234,0.03146,0.03185,7541903.0,2026-05-14 16:00
1778788800000,0.03186,0.03199,0.03135,0.03141,2500622.0,2026-05-14 20:00
1778803200000,0.03142,0.03168,0.03105,0.03117,5251363.0,2026-05-15 00:00
1778817600000,0.03119,0.03125,0.03005,0.03019,12102338.0,2026-05-15 04:00
1778832000000,0.03019,0.03019,0.02928,0.02982,11121444.0,2026-05-15 08:00
1778846400000,0.0298,0.0299,0.02797,0.02842,14925093.0,2026-05-15 12:00
1778860800000,0.02841,0.02895,0.02828,0.02862,4673960.0,2026-05-15 16:00
1778875200000,0.02862,0.02895,0.02845,0.02876,3205327.0,2026-05-15 20:00
1778889600000,0.02877,0.02902,0.02758,0.02837,24620875.0,2026-05-16 00:00
1778904000000,0.02835,0.02839,0.02647,0.02697,13790304.0,2026-05-16 04:00
1778918400000,0.02697,0.02722,0.02627,0.0266,8527442.0,2026-05-16 08:00
1778932800000,0.0266,0.02685,0.02625,0.02665,6594562.0,2026-05-16 12:00
1778947200000,0.02666,0.02712,0.02666,0.02683,4356133.0,2026-05-16 16:00
1778961600000,0.02683,0.02699,0.0267,0.02688,2464227.0,2026-05-16 20:00
1778976000000,0.02689,0.02715,0.02651,0.02714,4439592.0,2026-05-17 00:00
1778990400000,0.02715,0.02775,0.02709,0.02742,7009397.0,2026-05-17 04:00
1779004800000,0.02742,0.02808,0.02723,0.02777,9059631.0,2026-05-17 08:00
1779019200000,0.02777,0.02809,0.02731,0.02753,17656466.0,2026-05-17 12:00
1779033600000,0.02751,0.02757,0.02693,0.0274,6677347.0,2026-05-17 16:00
1779048000000,0.0274,0.02747,0.02578,0.02661,8415049.0,2026-05-17 20:00
1779062400000,0.02659,0.02691,0.02616,0.02658,7119901.0,2026-05-18 00:00
1779076800000,0.02657,0.02665,0.026,0.02623,5355703.0,2026-05-18 04:00
1779091200000,0.02623,0.02655,0.02595,0.02645,4674451.0,2026-05-18 08:00
1779105600000,0.02644,0.02687,0.0259,0.02596,8969767.0,2026-05-18 12:00
1779120000000,0.02598,0.02636,0.02564,0.0263,6631146.0,2026-05-18 16:00
1779134400000,0.0263,0.02694,0.0262,0.02684,6375538.0,2026-05-18 20:00
1779148800000,0.02684,0.02704,0.02637,0.02657,5128184.0,2026-05-19 00:00
1779163200000,0.02655,0.02721,0.02639,0.02704,3751393.0,2026-05-19 04:00
1779177600000,0.02704,0.02704,0.02611,0.02618,4685970.0,2026-05-19 08:00
1779192000000,0.02617,0.02677,0.02609,0.02633,5884449.0,2026-05-19 12:00
1779206400000,0.02633,0.02654,0.02601,0.0261,3279186.0,2026-05-19 16:00
1779220800000,0.0261,0.02621,0.02579,0.02586,2933724.0,2026-05-19 20:00
1779235200000,0.02586,0.02588,0.02551,0.0257,4072903.0,2026-05-20 00:00
1779249600000,0.0257,0.02633,0.02552,0.0262,3609777.0,2026-05-20 04:00
1779264000000,0.0262,0.02638,0.02594,0.02604,4380525.0,2026-05-20 08:00
1779278400000,0.02604,0.02687,0.02555,0.02665,12651340.0,2026-05-20 12:00
1779292800000,0.02667,0.02718,0.02646,0.02705,8031983.0,2026-05-20 16:00
1779307200000,0.02704,0.02716,0.02668,0.027,7415453.0,2026-05-20 20:00
1779321600000,0.02701,0.02874,0.02696,0.02839,30532121.0,2026-05-21 00:00
1779336000000,0.02839,0.02871,0.02709,0.02743,12965371.0,2026-05-21 04:00
1779350400000,0.02744,0.02786,0.02643,0.02654,15731303.0,2026-05-21 08:00
1779364800000,0.02654,0.02732,0.02632,0.02702,9220651.0,2026-05-21 12:00
1779379200000,0.02701,0.028,0.02686,0.02762,13524145.0,2026-05-21 16:00
1779393600000,0.02762,0.0277,0.02699,0.02735,7033014.0,2026-05-21 20:00
1779408000000,0.02735,0.0276,0.02692,0.0275,5587848.0,2026-05-22 00:00
1779422400000,0.02749,0.0279,0.0274,0.02749,8423007.0,2026-05-22 04:00
1779436800000,0.02747,0.02821,0.02742,0.028,8802803.0,2026-05-22 08:00
1779451200000,0.02799,0.02839,0.02717,0.02753,12643720.0,2026-05-22 12:00
1779465600000,0.02752,0.02776,0.02588,0.02613,22548652.0,2026-05-22 16:00
1779480000000,0.02614,0.02628,0.0252,0.0255,10823755.0,2026-05-22 20:00
1779494400000,0.0255,0.02581,0.02527,0.02565,7215996.0,2026-05-23 00:00
1779508800000,0.02566,0.02571,0.02422,0.02439,11954000.0,2026-05-23 04:00
1779523200000,0.0244,0.02498,0.02423,0.02483,8727009.0,2026-05-23 08:00
1779537600000,0.02481,0.0258,0.0247,0.02564,4789963.0,2026-05-23 12:00
1779552000000,0.02565,0.02612,0.02542,0.02608,5202789.0,2026-05-23 16:00
1779566400000,0.02607,0.02706,0.026,0.0263,7715378.0,2026-05-23 20:00
1779580800000,0.02632,0.02645,0.02599,0.02606,4310882.0,2026-05-24 00:00
1779595200000,0.02607,0.02627,0.02582,0.02597,3116477.0,2026-05-24 04:00
1779609600000,0.02601,0.02614,0.02572,0.02578,3250761.0,2026-05-24 08:00
1779624000000,0.02577,0.02578,0.02494,0.02524,4967116.0,2026-05-24 12:00
1779638400000,0.02524,0.02536,0.02502,0.02514,2473552.0,2026-05-24 16:00
1779652800000,0.02515,0.02517,0.02456,0.02509,3081242.0,2026-05-24 20:00
1779667200000,0.0251,0.02529,0.02496,0.02497,4181258.0,2026-05-25 00:00
1779681600000,0.02498,0.02564,0.02496,0.02552,3965692.0,2026-05-25 04:00
1779696000000,0.02551,0.02558,0.02531,0.0254,4306851.0,2026-05-25 08:00
1779710400000,0.02539,0.02566,0.02518,0.02544,6538298.0,2026-05-25 12:00
1779724800000,0.02546,0.02576,0.02532,0.0255,4848681.0,2026-05-25 16:00
1779739200000,0.02549,0.02558,0.02483,0.02507,6595431.0,2026-05-25 20:00
1779753600000,0.02508,0.02513,0.02443,0.02458,6827930.0,2026-05-26 00:00
1779768000000,0.02459,0.02512,0.02453,0.02488,6617256.0,2026-05-26 04:00
1779782400000,0.02487,0.02537,0.02471,0.02517,5540928.0,2026-05-26 08:00
1779796800000,0.02515,0.02539,0.02451,0.02476,10125283.0,2026-05-26 12:00
1779811200000,0.02479,0.02479,0.02409,0.02433,8086767.0,2026-05-26 16:00
1779825600000,0.02434,0.02439,0.02394,0.02416,4785026.0,2026-05-26 20:00
1779840000000,0.02417,0.02448,0.02397,0.02402,5519099.0,2026-05-27 00:00
1779854400000,0.02401,0.02426,0.02375,0.02419,3699700.0,2026-05-27 04:00
1779868800000,0.02418,0.02428,0.02386,0.02397,4133381.0,2026-05-27 08:00
1779883200000,0.02398,0.0245,0.02378,0.02428,7054168.0,2026-05-27 12:00
1779897600000,0.0243,0.02448,0.02369,0.0239,5579898.0,2026-05-27 16:00
1779912000000,0.02391,0.02413,0.02328,0.02349,6038942.0,2026-05-27 20:00
1779926400000,0.02347,0.02361,0.02246,0.02257,11569509.0,2026-05-28 00:00
1779940800000,0.02257,0.02275,0.02218,0.02268,7490275.0,2026-05-28 04:00
1779955200000,0.02268,0.02284,0.02249,0.02259,3784925.0,2026-05-28 08:00
1779969600000,0.02259,0.02282,0.0223,0.02263,4687552.0,2026-05-28 12:00
1779984000000,0.02262,0.02343,0.0225,0.02291,4010869.0,2026-05-28 16:00
1779998400000,0.02295,0.02311,0.02279,0.02283,4231980.0,2026-05-28 20:00
1780012800000,0.02283,0.02308,0.02263,0.0228,3148331.0,2026-05-29 00:00
1780027200000,0.02279,0.02294,0.02253,0.02269,3882974.0,2026-05-29 04:00
1780041600000,0.0227,0.02279,0.0222,0.02242,5307052.0,2026-05-29 08:00
1780056000000,0.02243,0.02332,0.02226,0.02313,8667788.0,2026-05-29 12:00
1780070400000,0.02311,0.02327,0.02246,0.02278,7814146.0,2026-05-29 16:00
1780084800000,0.02278,0.0229,0.02244,0.02272,3340458.0,2026-05-29 20:00
1780099200000,0.02272,0.02337,0.02266,0.023,4168162.0,2026-05-30 00:00
1780113600000,0.023,0.02327,0.02267,0.02314,6006846.0,2026-05-30 04:00
1780128000000,0.02314,0.02386,0.0231,0.02337,11538840.0,2026-05-30 08:00
1780142400000,0.02336,0.02361,0.02317,0.02341,4855073.0,2026-05-30 12:00
1780156800000,0.02342,0.02365,0.02329,0.0234,2947420.0,2026-05-30 16:00
1780171200000,0.02339,0.02354,0.02315,0.02325,2816959.0,2026-05-30 20:00
1780185600000,0.02326,0.02383,0.02318,0.02359,5239103.0,2026-05-31 00:00
1780200000000,0.0236,0.02404,0.02322,0.02329,10070189.0,2026-05-31 04:00
1780214400000,0.02331,0.02343,0.02303,0.02322,4533058.0,2026-05-31 08:00
1780228800000,0.02322,0.02334,0.02268,0.02287,5374423.0,2026-05-31 12:00
1780243200000,0.02287,0.02293,0.02255,0.02285,3830116.0,2026-05-31 16:00
1780257600000,0.02285,0.02348,0.02283,0.02333,4199349.0,2026-05-31 20:00
1780272000000,0.02333,0.02384,0.02328,0.0238,5682908.0,2026-06-01 00:00
1780286400000,0.0238,0.02387,0.02304,0.02311,5611950.0,2026-06-01 04:00
1780300800000,0.02311,0.02322,0.02285,0.02294,5289959.0,2026-06-01 08:00
1780315200000,0.02295,0.023,0.02241,0.02261,8601444.0,2026-06-01 12:00
1780329600000,0.0226,0.02339,0.02244,0.02334,7152091.0,2026-06-01 16:00
1780344000000,0.02335,0.02352,0.02302,0.02329,3645608.0,2026-06-01 20:00
1780358400000,0.0233,0.02332,0.02253,0.02314,4532994.0,2026-06-02 00:00
1780372800000,0.02316,0.02322,0.02253,0.02269,4905538.0,2026-06-02 04:00
1780387200000,0.0227,0.02275,0.02233,0.02249,3169004.0,2026-06-02 08:00
1780401600000,0.02249,0.02267,0.02131,0.02161,17357615.0,2026-06-02 12:00
1780416000000,0.0216,0.02207,0.02119,0.02161,7367019.0,2026-06-02 16:00
1780430400000,0.0216,0.02192,0.02078,0.02118,7161132.0,2026-06-02 20:00
1780444800000,0.02118,0.02165,0.02094,0.02103,5428651.0,2026-06-03 00:00
1780459200000,0.02103,0.02245,0.02103,0.02236,8151944.0,2026-06-03 04:00
1780473600000,0.02235,0.02244,0.02199,0.02216,5180657.0,2026-06-03 08:00
1780488000000,0.02216,0.02235,0.02186,0.02198,9284265.0,2026-06-03 12:00
1780502400000,0.02198,0.02207,0.02147,0.02165,7036007.0,2026-06-03 16:00
1780516800000,0.02163,0.02226,0.02128,0.02165,9863551.0,2026-06-03 20:00
1780531200000,0.02166,0.02185,0.01936,0.0208,31183642.0,2026-06-04 00:00
1780545600000,0.02081,0.02092,0.02013,0.02015,6415809.0,2026-06-04 04:00
1780560000000,0.02013,0.02026,0.01934,0.01964,13646890.0,2026-06-04 08:00
1780574400000,0.01965,0.0204,0.01946,0.02017,9434054.0,2026-06-04 12:00
1780588800000,0.02016,0.02027,0.01979,0.02003,6517605.0,2026-06-04 16:00
1780603200000,0.02003,0.02007,0.01942,0.01985,8377211.0,2026-06-04 20:00
1780617600000,0.01985,0.01992,0.01892,0.01899,8408150.0,2026-06-05 00:00
1780632000000,0.01899,0.01937,0.01787,0.01866,13340242.0,2026-06-05 04:00
1780646400000,0.01866,0.01893,0.01826,0.01855,7323619.0,2026-06-05 08:00
1780660800000,0.01854,0.01905,0.01808,0.01822,12428740.0,2026-06-05 12:00
1780675200000,0.01821,0.01875,0.01759,0.01812,12770386.0,2026-06-05 16:00
1780689600000,0.01813,0.01877,0.01798,0.01832,8856669.0,2026-06-05 20:00
1780704000000,0.01834,0.01875,0.01804,0.01807,8243357.0,2026-06-06 00:00
1780718400000,0.01807,0.01825,0.01719,0.01812,12092688.0,2026-06-06 04:00
1780732800000,0.01812,0.01839,0.01771,0.01805,7290686.0,2026-06-06 08:00
1780747200000,0.01806,0.01857,0.01793,0.01828,6585013.0,2026-06-06 12:00
1780761600000,0.01827,0.01843,0.01795,0.01802,4408932.0,2026-06-06 16:00
1780776000000,0.01801,0.01834,0.01797,0.01831,4430695.0,2026-06-06 20:00
1780790400000,0.01831,0.01893,0.01823,0.01866,8750249.0,2026-06-07 00:00
1780804800000,0.01868,0.01882,0.01848,0.01876,4990725.0,2026-06-07 04:00
1780819200000,0.01875,0.01912,0.01865,0.01878,4696754.0,2026-06-07 08:00
1780833600000,0.01877,0.01879,0.01831,0.01858,4261139.0,2026-06-07 12:00
1780848000000,0.01861,0.01875,0.01806,0.01816,4345078.0,2026-06-07 16:00
1780862400000,0.01813,0.01928,0.0181,0.01884,7190193.0,2026-06-07 20:00
1780876800000,0.01884,0.01904,0.01857,0.01876,4000019.0,2026-06-08 00:00
1780891200000,0.01877,0.0188,0.01828,0.01867,4346489.0,2026-06-08 04:00
1780905600000,0.01868,0.01904,0.01841,0.01895,6139143.0,2026-06-08 08:00
1780920000000,0.01895,0.01913,0.01874,0.01891,6429032.0,2026-06-08 12:00
1780934400000,0.01891,0.01911,0.01861,0.01869,6805152.0,2026-06-08 16:00
1780948800000,0.0187,0.019,0.01849,0.01853,4733758.0,2026-06-08 20:00
1780963200000,0.01854,0.01858,0.01793,0.01817,6557820.0,2026-06-09 00:00
1780977600000,0.01816,0.01852,0.01806,0.01834,3784535.0,2026-06-09 04:00
1780992000000,0.01835,0.01839,0.01808,0.01831,4530710.0,2026-06-09 08:00
1781006400000,0.0183,0.01845,0.0178,0.01789,8092157.0,2026-06-09 12:00
1781020800000,0.01787,0.01821,0.01763,0.01815,6277393.0,2026-06-09 16:00
1781035200000,0.01816,0.01828,0.0179,0.01801,4085217.0,2026-06-09 20:00
1781049600000,0.01801,0.01815,0.0177,0.0178,4271553.0,2026-06-10 00:00
1781064000000,0.01781,0.01798,0.01763,0.01796,3370329.0,2026-06-10 04:00
1781078400000,0.01791,0.01791,0.01735,0.01751,5847069.0,2026-06-10 08:00
1781092800000,0.0175,0.01808,0.0174,0.01796,7174221.0,2026-06-10 12:00
1781107200000,0.01799,0.01809,0.01755,0.01762,5139189.0,2026-06-10 16:00
1781121600000,0.01763,0.01767,0.01714,0.01747,6256368.0,2026-06-10 20:00
1781136000000,0.01748,0.0179,0.01745,0.01771,8423489.0,2026-06-11 00:00
1781150400000,0.0177,0.01778,0.01742,0.01761,7180119.0,2026-06-11 04:00
1781164800000,0.01763,0.01787,0.0176,0.0178,4771852.0,2026-06-11 08:00
1781179200000,0.0178,0.01785,0.01749,0.01782,6848338.0,2026-06-11 12:00
1781193600000,0.01784,0.01855,0.01773,0.01836,12755599.0,2026-06-11 16:00
1781208000000,0.01837,0.01845,0.01809,0.01819,4323561.0,2026-06-11 20:00
1781222400000,0.01819,0.01839,0.01811,0.0182,4775978.0,2026-06-12 00:00
1781236800000,0.0182,0.01823,0.01778,0.01791,3995815.0,2026-06-12 04:00
1781251200000,0.01791,0.01811,0.01789,0.01789,2550038.0,2026-06-12 08:00
1781265600000,0.01789,0.01828,0.01778,0.01791,5084494.0,2026-06-12 12:00
1781280000000,0.01791,0.01814,0.01784,0.01786,4278901.0,2026-06-12 16:00
1781294400000,0.01785,0.018,0.01778,0.01794,2983661.0,2026-06-12 20:00
1781308800000,0.01794,0.01819,0.01784,0.01795,3434520.0,2026-06-13 00:00
1781323200000,0.01796,0.0182,0.01779,0.01816,6137029.0,2026-06-13 04:00
1781337600000,0.01816,0.01858,0.01815,0.01852,5222884.0,2026-06-13 08:00
1781352000000,0.01853,0.01895,0.01836,0.01888,7763344.0,2026-06-13 12:00
1781366400000,0.01889,0.01952,0.01885,0.01923,27486987.0,2026-06-13 16:00
1781380800000,0.01923,0.0193,0.01878,0.01882,9793957.0,2026-06-13 20:00
1781395200000,0.01884,0.01908,0.01873,0.0189,8639865.0,2026-06-14 00:00
1781409600000,0.01892,0.01924,0.01832,0.01837,15322821.0,2026-06-14 04:00
1781424000000,0.01837,0.01862,0.01819,0.01845,6104250.0,2026-06-14 08:00
1781438400000,0.01848,0.01869,0.01806,0.01822,6063228.0,2026-06-14 12:00
1781452800000,0.01821,0.01835,0.01807,0.01827,4271300.0,2026-06-14 16:00
1781467200000,0.01827,0.01931,0.01822,0.01923,8664685.0,2026-06-14 20:00
1781481600000,0.01923,0.01942,0.01897,0.01925,6353683.0,2026-06-15 00:00
1781496000000,0.01926,0.01954,0.01909,0.01915,3662149.0,2026-06-15 04:00
1781510400000,0.01915,0.01979,0.01911,0.01973,5126262.0,2026-06-15 08:00
1781524800000,0.01973,0.02004,0.01958,0.01989,7101599.0,2026-06-15 12:00
1781539200000,0.01989,0.02009,0.01916,0.01938,8738272.0,2026-06-15 16:00
1781553600000,0.01939,0.01952,0.01904,0.01925,4742480.0,2026-06-15 20:00
1781568000000,0.01925,0.01929,0.01881,0.01925,5313183.0,2026-06-16 00:00
1781582400000,0.01925,0.01928,0.01898,0.01909,3676592.0,2026-06-16 04:00
1781596800000,0.01908,0.01945,0.01906,0.01934,5704284.0,2026-06-16 08:00
1781611200000,0.01935,0.01966,0.01869,0.01913,11997904.0,2026-06-16 12:00
1781625600000,0.01911,0.01961,0.01895,0.01937,5519046.0,2026-06-16 16:00
1781640000000,0.01938,0.01965,0.01927,0.01933,4818858.0,2026-06-16 20:00
1781654400000,0.01935,0.01986,0.01927,0.01944,7927313.0,2026-06-17 00:00
1781668800000,0.01944,0.01956,0.01928,0.01944,5426228.0,2026-06-17 04:00
1781683200000,0.01944,0.01946,0.01902,0.01912,6896429.0,2026-06-17 08:00
1781697600000,0.01911,0.01975,0.01894,0.01973,6266557.0,2026-06-17 12:00
1781712000000,0.01973,0.01985,0.01884,0.01894,16696409.0,2026-06-17 16:00
1781726400000,0.01896,0.01923,0.01866,0.01904,6574682.0,2026-06-17 20:00
1781740800000,0.01905,0.01919,0.01882,0.01886,3772504.0,2026-06-18 00:00
1781755200000,0.01888,0.0189,0.01841,0.01881,6420463.0,2026-06-18 04:00
1781769600000,0.01879,0.01892,0.01857,0.01862,2374102.0,2026-06-18 08:00
1781784000000,0.01862,0.01873,0.01781,0.01783,8837565.0,2026-06-18 12:00
1781798400000,0.01782,0.01821,0.0178,0.01817,7355816.0,2026-06-18 16:00
1781812800000,0.01817,0.01834,0.01812,0.01833,3314609.0,2026-06-18 20:00
1781827200000,0.01833,0.01838,0.01788,0.01811,3973724.0,2026-06-19 00:00
1781841600000,0.01809,0.01816,0.0178,0.01787,2246488.0,2026-06-19 04:00
1781856000000,0.01788,0.01809,0.0178,0.01793,3798298.0,2026-06-19 08:00
1781870400000,0.01794,0.01836,0.01781,0.01814,3677079.0,2026-06-19 12:00
1781884800000,0.01813,0.01826,0.01786,0.01795,3457655.0,2026-06-19 16:00
1781899200000,0.01795,0.01809,0.01791,0.01806,2381944.0,2026-06-19 20:00
1781913600000,0.01806,0.01816,0.01778,0.01787,2389208.0,2026-06-20 00:00
1781928000000,0.01786,0.01817,0.0178,0.01802,2523869.0,2026-06-20 04:00
1781942400000,0.01801,0.0182,0.01794,0.0181,2238879.0,2026-06-20 08:00
1781956800000,0.01809,0.01828,0.01772,0.01826,4196797.0,2026-06-20 12:00
1781971200000,0.01828,0.01841,0.0181,0.01828,4227260.0,2026-06-20 16:00
1781985600000,0.01827,0.01843,0.01816,0.01838,2648461.0,2026-06-20 20:00
1782000000000,0.01839,0.01862,0.01835,0.01839,5126827.0,2026-06-21 00:00
1782014400000,0.01839,0.01844,0.01815,0.01831,4114272.0,2026-06-21 04:00
1782028800000,0.0183,0.01836,0.01806,0.01811,3624748.0,2026-06-21 08:00
1782043200000,0.0181,0.01845,0.01808,0.01833,3432353.0,2026-06-21 12:00
1782057600000,0.01833,0.01833,0.01806,0.01821,2983617.0,2026-06-21 16:00
1782072000000,0.0182,0.01822,0.01763,0.01782,5122986.0,2026-06-21 20:00
1782086400000,0.01783,0.01839,0.0178,0.01799,4682533.0,2026-06-22 00:00
1782100800000,0.01799,0.01833,0.01796,0.01827,2869087.0,2026-06-22 04:00
1782115200000,0.01829,0.01878,0.01815,0.01875,5982556.0,2026-06-22 08:00
1782129600000,0.01874,0.01912,0.0187,0.01891,17345670.0,2026-06-22 12:00
1782144000000,0.01891,0.01892,0.0184,0.0186,8668093.0,2026-06-22 16:00
1782158400000,0.01859,0.01878,0.01815,0.01831,5795733.0,2026-06-22 20:00
1782172800000,0.0183,0.01841,0.01803,0.01829,5520410.0,2026-06-23 00:00
1782187200000,0.01828,0.01834,0.01711,0.01739,13939104.0,2026-06-23 04:00
1782201600000,0.01742,0.01766,0.01693,0.01765,8933435.0,2026-06-23 08:00
1782216000000,0.01765,0.01769,0.01736,0.01751,4491466.0,2026-06-23 12:00
1782230400000,0.01751,0.01771,0.0174,0.0175,3257304.0,2026-06-23 16:00
1782244800000,0.01749,0.01768,0.01747,0.01758,1911661.0,2026-06-23 20:00
1782259200000,0.01756,0.01769,0.01745,0.01752,2117119.0,2026-06-24 00:00
1782273600000,0.01753,0.01772,0.01737,0.01759,3415953.0,2026-06-24 04:00
1782288000000,0.01759,0.01765,0.01725,0.01748,4545707.0,2026-06-24 08:00
1782302400000,0.01748,0.01752,0.01664,0.01676,8236562.0,2026-06-24 12:00
1782316800000,0.01674,0.01695,0.0161,0.01655,9373866.0,2026-06-24 16:00
1782331200000,0.01655,0.01707,0.01651,0.01694,3441946.0,2026-06-24 20:00
1782345600000,0.01694,0.01701,0.01675,0.01684,3851554.0,2026-06-25 00:00
1782360000000,0.01684,0.01727,0.01678,0.01715,3065174.0,2026-06-25 04:00
1782374400000,0.01714,0.01718,0.0168,0.01686,2098151.0,2026-06-25 08:00
1782388800000,0.01687,0.01701,0.01576,0.01647,12466895.0,2026-06-25 12:00
1782403200000,0.01645,0.01668,0.01624,0.01637,5563762.0,2026-06-25 16:00
1782417600000,0.01639,0.01675,0.01636,0.01657,3947616.0,2026-06-25 20:00
1782432000000,0.01658,0.01668,0.01594,0.01659,5755826.0,2026-06-26 00:00
1782446400000,0.01659,0.01692,0.0164,0.01687,2890531.0,2026-06-26 04:00
1782460800000,0.01688,0.01689,0.01639,0.01645,3499787.0,2026-06-26 08:00
1782475200000,0.01646,0.01701,0.01623,0.0169,9027957.0,2026-06-26 12:00
1782489600000,0.0169,0.01712,0.01682,0.01685,4628315.0,2026-06-26 16:00
1782504000000,0.01686,0.01704,0.01682,0.01695,3648439.0,2026-06-26 20:00
1782518400000,0.01693,0.01717,0.01685,0.01706,2791163.0,2026-06-27 00:00
1782532800000,0.01706,0.01723,0.017,0.01705,2721246.0,2026-06-27 04:00
1782547200000,0.01705,0.01706,0.01675,0.01686,2583271.0,2026-06-27 08:00
1782561600000,0.01686,0.01723,0.0168,0.01714,7412086.0,2026-06-27 12:00
1782576000000,0.01714,0.01716,0.01663,0.01667,6392263.0,2026-06-27 16:00
1782590400000,0.01666,0.01673,0.01647,0.01665,4459544.0,2026-06-27 20:00
1782604800000,0.01665,0.01674,0.01659,0.01672,1781537.0,2026-06-28 00:00
1782619200000,0.01672,0.01677,0.01654,0.01675,2796421.0,2026-06-28 04:00
1782633600000,0.01675,0.01688,0.0166,0.01683,3681970.0,2026-06-28 08:00
1782648000000,0.01683,0.01693,0.01663,0.0168,4063142.0,2026-06-28 12:00
1782662400000,0.01678,0.0168,0.01654,0.01668,4124259.0,2026-06-28 16:00
1782676800000,0.01666,0.01677,0.01635,0.01665,3411143.0,2026-06-28 20:00
1782691200000,0.01665,0.01698,0.01643,0.01691,3723775.0,2026-06-29 00:00
1782705600000,0.01689,0.01698,0.0166,0.01696,2080199.0,2026-06-29 04:00
1782720000000,0.01695,0.01705,0.01678,0.01693,4144831.0,2026-06-29 08:00
1782734400000,0.01694,0.01724,0.01675,0.01704,14077335.0,2026-06-29 12:00
1782748800000,0.01703,0.01797,0.01701,0.01783,19932725.0,2026-06-29 16:00
1782763200000,0.01781,0.01795,0.01752,0.0177,6632348.0,2026-06-29 20:00
1782777600000,0.0177,0.0177,0.01732,0.01737,4853688.0,2026-06-30 00:00
1782792000000,0.01738,0.01784,0.01727,0.0178,7772694.0,2026-06-30 04:00
1782806400000,0.0178,0.01782,0.01724,0.01731,8922840.0,2026-06-30 08:00
1782820800000,0.01731,0.01758,0.01704,0.01725,9421335.0,2026-06-30 12:00
1782835200000,0.01725,0.0176,0.01716,0.0174,6811405.0,2026-06-30 16:00
1782849600000,0.0174,0.01747,0.01731,0.01745,6092226.0,2026-06-30 20:00
1782864000000,0.01746,0.01769,0.01696,0.01765,7686839.0,2026-07-01 00:00
1782878400000,0.01766,0.0177,0.01737,0.01747,3306784.0,2026-07-01 04:00
1782892800000,0.01746,0.01767,0.01739,0.01756,5745550.0,2026-07-01 08:00
1782907200000,0.01755,0.01822,0.01738,0.01805,12924807.0,2026-07-01 12:00
1782921600000,0.01804,0.0181,0.01778,0.01788,6233032.0,2026-07-01 16:00
1782936000000,0.01786,0.01827,0.0178,0.01798,6126651.0,2026-07-01 20:00
1782950400000,0.01798,0.01833,0.01782,0.01828,9654646.0,2026-07-02 00:00
1782964800000,0.01829,0.0184,0.018,0.01804,6355324.0,2026-07-02 04:00
1782979200000,0.01805,0.01855,0.01802,0.01846,9295960.0,2026-07-02 08:00
1782993600000,0.01846,0.01877,0.0183,0.0184,10487070.0,2026-07-02 12:00
1783008000000,0.01841,0.01843,0.0182,0.01825,5677579.0,2026-07-02 16:00
1783022400000,0.01824,0.01828,0.01813,0.01826,2357895.0,2026-07-02 20:00
1783036800000,0.01825,0.0184,0.01813,0.01839,1978245.0,2026-07-03 00:00
1783051200000,0.01839,0.01845,0.01826,0.0184,2134191.0,2026-07-03 04:00
1783065600000,0.0184,0.01868,0.01836,0.01863,2469466.0,2026-07-03 08:00
1783080000000,0.01863,0.01877,0.01847,0.01858,4295442.0,2026-07-03 12:00
1783094400000,0.01858,0.01904,0.01846,0.01898,7181599.0,2026-07-03 16:00
1783108800000,0.01899,0.0192,0.01888,0.019,6603218.0,2026-07-03 20:00
1783123200000,0.019,0.0191,0.01869,0.0188,4309379.0,2026-07-04 00:00
1783137600000,0.01881,0.01889,0.01863,0.01881,3867217.0,2026-07-04 04:00
1783152000000,0.0188,0.01883,0.01851,0.01879,4727817.0,2026-07-04 08:00
1783166400000,0.01877,0.01911,0.01876,0.01902,4389019.0,2026-07-04 12:00
1783180800000,0.01902,0.01923,0.01884,0.01892,7994186.0,2026-07-04 16:00
1783195200000,0.0189,0.01896,0.01866,0.01877,3626546.0,2026-07-04 20:00
1783209600000,0.01878,0.01882,0.01827,0.01839,3522594.0,2026-07-05 00:00
1783224000000,0.01838,0.01854,0.01829,0.0185,2498875.0,2026-07-05 04:00
1783238400000,0.0185,0.01853,0.01825,0.01836,1775198.0,2026-07-05 08:00
1783252800000,0.01836,0.01873,0.0183,0.01856,4212961.0,2026-07-05 12:00
1783267200000,0.01856,0.01869,0.01854,0.01857,1879295.0,2026-07-05 16:00
1783281600000,0.01855,0.01893,0.01851,0.01867,3457702.0,2026-07-05 20:00
1783296000000,0.01867,0.01873,0.01838,0.01845,4675994.0,2026-07-06 00:00
1783310400000,0.01845,0.01845,0.01808,0.01829,4077106.0,2026-07-06 04:00
1783324800000,0.01829,0.0184,0.01813,0.01824,2847466.0,2026-07-06 08:00
1783339200000,0.01823,0.01856,0.01782,0.01855,9547114.0,2026-07-06 12:00
1783353600000,0.01854,0.01968,0.0185,0.01957,66211227.0,2026-07-06 16:00
1783368000000,0.01958,0.01979,0.01901,0.01904,39139320.0,2026-07-06 20:00
1783382400000,0.01905,0.01916,0.01852,0.01864,12313891.0,2026-07-07 00:00
1783396800000,0.01863,0.01883,0.01848,0.01858,8020267.0,2026-07-07 04:00
1783411200000,0.01859,0.01877,0.01853,0.01863,5021515.0,2026-07-07 08:00
1783425600000,0.01863,0.01876,0.01828,0.01865,7594839.0,2026-07-07 12:00
1783440000000,0.01867,0.01883,0.01822,0.01838,5449452.0,2026-07-07 16:00
1783454400000,0.01838,0.01843,0.01796,0.01801,6933985.0,2026-07-07 20:00
1783468800000,0.01803,0.01826,0.01762,0.01779,8197393.0,2026-07-08 00:00
1783483200000,0.01778,0.01796,0.01769,0.01789,5271472.0,2026-07-08 04:00
1783497600000,0.01788,0.01792,0.01738,0.01765,9009938.0,2026-07-08 08:00
1783512000000,0.01766,0.01774,0.01725,0.0174,8235752.0,2026-07-08 12:00
1783526400000,0.01741,0.01775,0.0174,0.01774,4422918.0,2026-07-08 16:00
1783540800000,0.01773,0.01777,0.01753,0.01777,2637451.0,2026-07-08 20:00
1783555200000,0.01777,0.01791,0.01763,0.01786,3675977.0,2026-07-09 00:00
1783569600000,0.01786,0.01824,0.01783,0.01802,3878168.0,2026-07-09 04:00
1783584000000,0.01802,0.01809,0.01782,0.01789,3415114.0,2026-07-09 08:00
1783598400000,0.01788,0.01799,0.01777,0.01781,4032411.0,2026-07-09 12:00
1783612800000,0.0178,0.01805,0.01774,0.01793,2332469.0,2026-07-09 16:00
1783627200000,0.01792,0.01802,0.01786,0.01789,2042616.0,2026-07-09 20:00
1783641600000,0.01789,0.01828,0.01776,0.01813,4401389.0,2026-07-10 00:00
1783656000000,0.01813,0.01824,0.018,0.01804,2419775.0,2026-07-10 04:00
1783670400000,0.01803,0.01857,0.018,0.01833,11894890.0,2026-07-10 08:00
1783684800000,0.01832,0.01842,0.01791,0.01822,6954835.0,2026-07-10 12:00
1783699200000,0.01822,0.01823,0.01801,0.01814,4549723.0,2026-07-10 16:00
1783713600000,0.01813,0.01823,0.01803,0.01819,2216004.0,2026-07-10 20:00
1783728000000,0.01818,0.01821,0.01813,0.01815,227000.0,2026-07-11 00:00
1783742400000,0.01823,0.01848,0.01813,0.01827,5995415.0,2026-07-11 04:00
1783756800000,0.01827,0.01834,0.01813,0.01815,3715811.0,2026-07-11 08:00
1783771200000,0.01821,0.01837,0.01815,0.01826,4471899.0,2026-07-11 12:00
1783785600000,0.01825,0.01836,0.01819,0.01831,3699412.0,2026-07-11 16:00
1783800000000,0.0183,0.01842,0.01786,0.01791,3677121.0,2026-07-11 20:00
1784073600000,0.01869,0.01874,0.01844,0.01853,3848575.0,2026-07-15 00:00
1784088000000,0.01852,0.01864,0.01834,0.01845,4705278.0,2026-07-15 04:00
1784102400000,0.01844,0.01854,0.01837,0.01847,3202698.0,2026-07-15 08:00
1784116800000,0.01846,0.01877,0.0184,0.0186,5741387.0,2026-07-15 12:00
1784131200000,0.01861,0.01861,0.01829,0.01833,4784064.0,2026-07-15 16:00
1784145600000,0.01831,0.01856,0.01831,0.01846,2698833.0,2026-07-15 20:00
1784160000000,0.01845,0.01887,0.01829,0.01866,6116701.0,2026-07-16 00:00
1784174400000,0.01866,0.0188,0.01832,0.01841,6772444.0,2026-07-16 04:00
1784188800000,0.0184,0.0184,0.01813,0.01831,4417181.0,2026-07-16 08:00
1784203200000,0.01829,0.0186,0.01822,0.01853,2855080.0,2026-07-16 12:00
1784217600000,0.01853,0.01859,0.0183,0.01844,3452105.0,2026-07-16 16:00
1784232000000,0.01843,0.01845,0.01809,0.01819,2975906.0,2026-07-16 20:00
1784246400000,0.01819,0.0184,0.0181,0.01833,3192651.0,2026-07-17 00:00
1784260800000,0.01832,0.01833,0.01803,0.01806,2695697.0,2026-07-17 04:00
1784275200000,0.01806,0.01832,0.01787,0.01825,6667156.0,2026-07-17 08:00
1784289600000,0.01824,0.01825,0.01779,0.01822,7847984.0,2026-07-17 12:00
1784304000000,0.01821,0.01842,0.01817,0.01832,3731966.0,2026-07-17 16:00
1784318400000,0.01831,0.01838,0.01815,0.01825,2528135.0,2026-07-17 20:00
1784332800000,0.01826,0.01835,0.01817,0.01835,2906361.0,2026-07-18 00:00
1784347200000,0.01835,0.01836,0.01812,0.01814,2500844.0,2026-07-18 04:00
1784361600000,0.01813,0.01823,0.01806,0.0181,2326701.0,2026-07-18 08:00
1784376000000,0.01811,0.01817,0.01794,0.01802,3638548.0,2026-07-18 12:00
1784390400000,0.01802,0.01817,0.01796,0.01812,2930472.0,2026-07-18 16:00
1784404800000,0.01812,0.01823,0.01808,0.01814,1981328.0,2026-07-18 20:00
1784419200000,0.01814,0.01832,0.01812,0.01821,1908448.0,2026-07-19 00:00
1784433600000,0.01821,0.01845,0.01815,0.01833,4357125.0,2026-07-19 04:00
1784448000000,0.01835,0.01881,0.0183,0.01868,10183038.0,2026-07-19 08:00
1784462400000,0.01866,0.01895,0.01862,0.01886,12569054.0,2026-07-19 12:00
1784476800000,0.01884,0.01934,0.01871,0.01901,27185623.0,2026-07-19 16:00
1784491200000,0.01901,0.01909,0.01879,0.01899,10450976.0,2026-07-19 20:00
1784505600000,0.01899,0.01924,0.01888,0.01911,11614513.0,2026-07-20 00:00
1784520000000,0.01909,0.01909,0.01862,0.01896,12785775.0,2026-07-20 04:00
1784534400000,0.01895,0.01907,0.0187,0.01906,6903931.0,2026-07-20 08:00
1784548800000,0.01905,0.02036,0.01891,0.01998,39952426.0,2026-07-20 12:00
1784563200000,0.01998,0.02001,0.01948,0.01955,13326387.0,2026-07-20 16:00
1784577600000,0.01957,0.01974,0.01909,0.01934,10184189.0,2026-07-20 20:00
1784592000000,0.01933,0.01953,0.01924,0.01939,5212559.0,2026-07-21 00:00
1784606400000,0.01937,0.01965,0.01931,0.01963,6624335.0,2026-07-21 04:00
1784620800000,0.01962,0.01963,0.01934,0.01945,5552674.0,2026-07-21 08:00
1784635200000,0.01945,0.01951,0.01931,0.0194,6291372.0,2026-07-21 12:00
1784649600000,0.0194,0.0194,0.01915,0.01929,5153122.0,2026-07-21 16:00
1784664000000,0.01929,0.01933,0.01913,0.01931,6313628.0,2026-07-21 20:00
1784678400000,0.0193,0.01942,0.01911,0.01912,5267019.0,2026-07-22 00:00
1784692800000,0.01911,0.01927,0.01891,0.01899,5613365.0,2026-07-22 04:00
1784707200000,0.01898,0.01914,0.01896,0.01907,3616998.0,2026-07-22 08:00
1784721600000,0.01907,0.01963,0.01901,0.01945,12567845.0,2026-07-22 12:00
1784736000000,0.01946,0.01973,0.01917,0.01924,8490131.0,2026-07-22 16:00
1784750400000,0.01923,0.01939,0.01911,0.01927,3438727.0,2026-07-22 20:00
1784764800000,0.01927,0.01937,0.01913,0.01917,2996019.0,2026-07-23 00:00
1784779200000,0.01916,0.01936,0.01914,0.01927,3011666.0,2026-07-23 04:00
1784793600000,0.01926,0.01937,0.01916,0.01924,2733634.0,2026-07-23 08:00
1784808000000,0.01923,0.01924,0.01859,0.01881,10689891.0,2026-07-23 12:00
1784822400000,0.0188,0.0188,0.01855,0.01866,3405737.0,2026-07-23 16:00
1784836800000,0.01865,0.01881,0.01855,0.01863,2867140.0,2026-07-23 20:00
1784851200000,0.01862,0.01881,0.01844,0.0188,3805163.0,2026-07-24 00:00
1784865600000,0.01881,0.01894,0.01867,0.01879,4378830.0,2026-07-24 04:00
1784880000000,0.0188,0.0188,0.01844,0.01855,3716799.0,2026-07-24 08:00
1784894400000,0.01855,0.0186,0.01799,0.01813,11202745.0,2026-07-24 12:00
1784908800000,0.01813,0.01818,0.01793,0.01795,4328188.0,2026-07-24 16:00
1784923200000,0.01795,0.0181,0.01791,0.018,3535329.0,2026-07-24 20:00
1784937600000,0.01801,0.01811,0.01796,0.01808,2582685.0,2026-07-25 00:00
1784952000000,0.01809,0.01815,0.01784,0.01787,4549701.0,2026-07-25 04:00
1784966400000,0.01788,0.01807,0.01784,0.01799,3644198.0,2026-07-25 08:00
1784980800000,0.01799,0.01824,0.01798,0.01822,2638885.0,2026-07-25 12:00
1784995200000,0.01821,0.01834,0.01819,0.01821,3517973.0,2026-07-25 16:00
1785009600000,0.01822,0.01822,0.01811,0.01812,2178506.0,2026-07-25 20:00
1785024000000,0.01812,0.0183,0.0181,0.01829,2286798.0,2026-07-26 00:00
1785038400000,0.01829,0.01856,0.01824,0.01842,3472933.0,2026-07-26 04:00
1785052800000,0.01842,0.01842,0.01819,0.0182,3370570.0,2026-07-26 08:00
1785067200000,0.01821,0.01825,0.0181,0.01818,3754610.0,2026-07-26 12:00
1785081600000,0.01818,0.01829,0.01805,0.01812,2806251.0,2026-07-26 16:00
1785096000000,0.01813,0.01839,0.01803,0.01837,2836758.0,2026-07-26 20:00
