ts_ms,open,high,low,close,volume
2022-06-09 12:00:00+00:00,0.1497,0.15175,0.14823,0.1492,38673353.0
2022-06-09 16:00:00+00:00,0.1492,0.15118,0.14559,0.14611,48405701.0
2022-06-09 20:00:00+00:00,0.14613,0.14926,0.14543,0.14783,22515179.0
2022-06-10 00:00:00+00:00,0.14783,0.14952,0.14387,0.14833,38022887.0
2022-06-10 04:00:00+00:00,0.14832,0.14977,0.14718,0.14736,24669891.0
2022-06-10 08:00:00+00:00,0.14735,0.14799,0.14333,0.1455,37231167.0
2022-06-10 12:00:00+00:00,0.14554,0.14629,0.13553,0.13934,81430317.0
2022-06-10 16:00:00+00:00,0.1393,0.1406,0.13485,0.1372,136233118.0
2022-06-10 20:00:00+00:00,0.1372,0.13964,0.13481,0.13711,26683615.0
2022-06-11 00:00:00+00:00,0.13711,0.13928,0.13576,0.1391,23458676.0
2022-06-11 04:00:00+00:00,0.13907,0.14131,0.13882,0.14032,26134928.0
2022-06-11 08:00:00+00:00,0.14034,0.14075,0.12996,0.131,60791719.0
2022-06-11 12:00:00+00:00,0.13101,0.13243,0.11956,0.12271,105646374.0
2022-06-11 16:00:00+00:00,0.12279,0.12663,0.12021,0.12479,58130053.0
2022-06-11 20:00:00+00:00,0.12475,0.1266,0.12117,0.12316,37610883.0
2022-06-12 00:00:00+00:00,0.1232,0.12424,0.1123,0.11628,84002796.0
2022-06-12 04:00:00+00:00,0.11619,0.11777,0.11007,0.11645,74374174.0
2022-06-12 08:00:00+00:00,0.11646,0.11957,0.11427,0.11832,56861284.0
2022-06-12 12:00:00+00:00,0.11828,0.12432,0.11432,0.1216,71724822.0
2022-06-12 16:00:00+00:00,0.12159,0.1225,0.11802,0.1197,45320010.0
2022-06-12 20:00:00+00:00,0.11969,0.12087,0.11134,0.11161,42706209.0
2022-06-13 00:00:00+00:00,0.11162,0.1128,0.10008,0.10442,123645435.0
2022-06-13 04:00:00+00:00,0.10441,0.10767,0.099,0.1017,93185469.0
2022-06-13 08:00:00+00:00,0.10166,0.10387,0.09484,0.10125,145992850.0
2022-06-13 12:00:00+00:00,0.10129,0.10885,0.09941,0.10776,135820046.0
2022-06-13 16:00:00+00:00,0.10776,0.11394,0.10654,0.1083,91288450.0
2022-06-13 20:00:00+00:00,0.10831,0.11233,0.10229,0.10653,76404609.0
2022-06-14 00:00:00+00:00,0.1065,0.10694,0.09626,0.10275,99879011.0
2022-06-14 04:00:00+00:00,0.1027,0.11579,0.10014,0.11147,134895954.0
2022-06-14 08:00:00+00:00,0.11149,0.1142,0.10308,0.10465,102055663.0
2022-06-14 12:00:00+00:00,0.10467,0.10971,0.10193,0.10819,91339969.0
2022-06-14 16:00:00+00:00,0.10812,0.10891,0.10326,0.10425,59655793.0
2022-06-14 20:00:00+00:00,0.10432,0.10654,0.09979,0.10433,70644573.0
2022-06-15 00:00:00+00:00,0.10435,0.10521,0.09834,0.09872,59517168.0
2022-06-15 04:00:00+00:00,0.09867,0.09892,0.09349,0.09422,87372480.0
2022-06-15 08:00:00+00:00,0.09423,0.09756,0.09011,0.09636,118710190.0
2022-06-15 12:00:00+00:00,0.09643,0.10065,0.09552,0.0979,82035644.0
2022-06-15 16:00:00+00:00,0.0979,0.10996,0.09464,0.1063,150985083.0
2022-06-15 20:00:00+00:00,0.10639,0.11241,0.10554,0.11227,53463598.0
2022-06-16 00:00:00+00:00,0.11228,0.11672,0.10802,0.10905,62483862.0
2022-06-16 04:00:00+00:00,0.10902,0.11049,0.10351,0.10407,45445435.0
2022-06-16 08:00:00+00:00,0.10406,0.1057,0.09865,0.10009,58356799.0
2022-06-16 12:00:00+00:00,0.10004,0.10281,0.09738,0.10048,73617763.0
2022-06-16 16:00:00+00:00,0.10047,0.10264,0.09694,0.0978,52928876.0
2022-06-16 20:00:00+00:00,0.09781,0.10074,0.09416,0.0973,54412094.0
2022-06-17 00:00:00+00:00,0.09733,0.10097,0.0956,0.09737,52729538.0
2022-06-17 04:00:00+00:00,0.09738,0.10194,0.09694,0.10093,34641935.0
2022-06-17 08:00:00+00:00,0.10094,0.10205,0.09838,0.10049,36453933.0
2022-06-17 12:00:00+00:00,0.10049,0.10105,0.0972,0.09845,44171272.0
2022-06-17 16:00:00+00:00,0.09843,0.10031,0.09721,0.09787,50113696.0
2022-06-17 20:00:00+00:00,0.09783,0.09995,0.09772,0.09853,31772073.0
2022-06-18 00:00:00+00:00,0.09854,0.10046,0.09504,0.09744,36030441.0
2022-06-18 04:00:00+00:00,0.0974,0.09906,0.09025,0.09201,64303427.0
2022-06-18 08:00:00+00:00,0.09199,0.09741,0.0894,0.09547,72708168.0
2022-06-18 12:00:00+00:00,0.09547,0.09879,0.09499,0.09668,59864916.0
2022-06-18 16:00:00+00:00,0.09669,0.09969,0.0913,0.09155,99015707.0
2022-06-18 20:00:00+00:00,0.09155,0.10039,0.08875,0.09882,123588947.0
2022-06-19 00:00:00+00:00,0.0988,0.10038,0.09409,0.09576,50661400.0
2022-06-19 04:00:00+00:00,0.09578,0.09743,0.0922,0.09493,58014341.0
2022-06-19 08:00:00+00:00,0.09495,0.10139,0.09399,0.10044,73230237.0
2022-06-19 12:00:00+00:00,0.10045,0.10125,0.09727,0.1011,58674624.0
2022-06-19 16:00:00+00:00,0.10108,0.10391,0.09823,0.101,57436473.0
2022-06-19 20:00:00+00:00,0.10106,0.10425,0.10082,0.10293,127593986.0
2022-06-20 00:00:00+00:00,0.10292,0.10347,0.09674,0.09948,63073798.0
2022-06-20 04:00:00+00:00,0.09951,0.10255,0.09821,0.1018,49490537.0
2022-06-20 08:00:00+00:00,0.10175,0.10869,0.1012,0.1073,136799734.0
2022-06-20 12:00:00+00:00,0.10737,0.10809,0.10334,0.10694,85615970.0
2022-06-20 16:00:00+00:00,0.10693,0.1072,0.10085,0.10321,70145155.0
2022-06-20 20:00:00+00:00,0.10321,0.10519,0.1001,0.10371,68658524.0
2022-06-21 00:00:00+00:00,0.10374,0.10559,0.1017,0.10542,51489418.0
2022-06-21 04:00:00+00:00,0.10543,0.11495,0.10461,0.11073,125886800.0
2022-06-21 08:00:00+00:00,0.11068,0.11522,0.11061,0.11112,66348215.0
2022-06-21 12:00:00+00:00,0.11113,0.11851,0.11047,0.11469,85901145.0
2022-06-21 16:00:00+00:00,0.1147,0.11571,0.10925,0.11026,54537670.0
2022-06-21 20:00:00+00:00,0.11025,0.11357,0.10791,0.10969,59713292.0
2022-06-22 00:00:00+00:00,0.1097,0.11023,0.10437,0.10545,50855320.0
2022-06-22 04:00:00+00:00,0.10543,0.10828,0.10408,0.10535,48562480.0
2022-06-22 08:00:00+00:00,0.10536,0.10888,0.10429,0.10777,43500065.0
2022-06-22 12:00:00+00:00,0.10778,0.11086,0.10505,0.10539,55764011.0
2022-06-22 16:00:00+00:00,0.1054,0.10808,0.10336,0.10678,47436666.0
2022-06-22 20:00:00+00:00,0.10679,0.10737,0.104,0.10461,41109780.0
2022-06-23 00:00:00+00:00,0.1046,0.10959,0.10418,0.10783,45202050.0
2022-06-23 04:00:00+00:00,0.10783,0.11238,0.10742,0.11055,48271337.0
2022-06-23 08:00:00+00:00,0.11064,0.11489,0.10994,0.1124,52019284.0
2022-06-23 12:00:00+00:00,0.11238,0.1144,0.10801,0.10844,61764948.0
2022-06-23 16:00:00+00:00,0.10851,0.11074,0.10621,0.1101,58243291.0
2022-06-23 20:00:00+00:00,0.11008,0.11245,0.10797,0.11152,57567556.0
2022-06-24 00:00:00+00:00,0.11147,0.11479,0.11096,0.1122,66582660.0
2022-06-24 04:00:00+00:00,0.11222,0.11447,0.10929,0.11111,48870987.0
2022-06-24 08:00:00+00:00,0.11109,0.11569,0.11056,0.11409,51049128.0
2022-06-24 12:00:00+00:00,0.11411,0.11892,0.11296,0.11515,94852485.0
2022-06-24 16:00:00+00:00,0.11516,0.11759,0.11325,0.11501,61772754.0
2022-06-24 20:00:00+00:00,0.11507,0.11911,0.11466,0.11548,55128145.0
2022-06-25 00:00:00+00:00,0.11547,0.11843,0.11306,0.11595,46793479.0
2022-06-25 04:00:00+00:00,0.11598,0.11895,0.11484,0.11799,51131062.0
2022-06-25 08:00:00+00:00,0.11803,0.12034,0.11536,0.11597,62211452.0
2022-06-25 12:00:00+00:00,0.11592,0.11652,0.11,0.11058,54089768.0
2022-06-25 16:00:00+00:00,0.11058,0.1157,0.10938,0.1141,40000245.0
2022-06-25 20:00:00+00:00,0.11411,0.11767,0.1134,0.11653,30021731.0
2022-06-26 00:00:00+00:00,0.11653,0.11879,0.11478,0.11791,39833701.0
2022-06-26 04:00:00+00:00,0.11788,0.12087,0.11684,0.11865,56148356.0
2022-06-26 08:00:00+00:00,0.11862,0.1238,0.11806,0.12299,83304477.0
2022-06-26 12:00:00+00:00,0.12297,0.12326,0.11553,0.11744,72363870.0
2022-06-26 16:00:00+00:00,0.11744,0.11878,0.11136,0.11291,56809419.0
2022-06-26 20:00:00+00:00,0.11294,0.11535,0.10729,0.10786,65957037.0
2022-06-27 00:00:00+00:00,0.10786,0.1108,0.10731,0.11038,37445411.0
2022-06-27 04:00:00+00:00,0.1104,0.11234,0.1096,0.112,36336934.0
2022-06-27 08:00:00+00:00,0.11199,0.11415,0.11054,0.11115,42383713.0
2022-06-27 12:00:00+00:00,0.11116,0.11178,0.10625,0.10954,69052764.0
2022-06-27 16:00:00+00:00,0.10954,0.11048,0.10642,0.10777,40773654.0
2022-06-27 20:00:00+00:00,0.10779,0.11054,0.1071,0.10786,36529862.0
2022-06-28 00:00:00+00:00,0.10786,0.10968,0.102,0.10445,64684471.0
2022-06-28 04:00:00+00:00,0.10445,0.10796,0.10402,0.10774,34699726.0
2022-06-28 08:00:00+00:00,0.10771,0.10948,0.10612,0.10733,45676695.0
2022-06-28 12:00:00+00:00,0.10731,0.10863,0.103,0.10308,63411566.0
2022-06-28 16:00:00+00:00,0.10307,0.10409,0.1009,0.10205,55047381.0
2022-06-28 20:00:00+00:00,0.10204,0.10269,0.09849,0.0999,43856615.0
2022-06-29 00:00:00+00:00,0.0999,0.10204,0.0991,0.10095,44599188.0
2022-06-29 04:00:00+00:00,0.10095,0.10175,0.09746,0.10024,53417204.0
2022-06-29 08:00:00+00:00,0.10024,0.10163,0.09844,0.10058,55392596.0
2022-06-29 12:00:00+00:00,0.10055,0.10187,0.09825,0.10028,58513719.0
2022-06-29 16:00:00+00:00,0.10025,0.10048,0.0962,0.09904,68451291.0
2022-06-29 20:00:00+00:00,0.09903,0.10013,0.09325,0.09471,72274669.0
2022-06-30 00:00:00+00:00,0.09475,0.09519,0.0913,0.09435,74279878.0
2022-06-30 04:00:00+00:00,0.09439,0.0951,0.09,0.09135,67519031.0
2022-06-30 08:00:00+00:00,0.09131,0.09233,0.08951,0.09191,64203561.0
2022-06-30 12:00:00+00:00,0.09191,0.09371,0.08886,0.09268,76373431.0
2022-06-30 16:00:00+00:00,0.09268,0.0943,0.09156,0.0934,45370549.0
2022-06-30 20:00:00+00:00,0.09339,0.09591,0.09017,0.09535,75290084.0
2022-07-01 00:00:00+00:00,0.09534,0.09916,0.09263,0.09292,103213441.0
2022-07-01 04:00:00+00:00,0.09291,0.09336,0.08975,0.09282,57606958.0
2022-07-01 08:00:00+00:00,0.09283,0.09395,0.08984,0.09151,52833567.0
2022-07-01 12:00:00+00:00,0.09154,0.09313,0.09057,0.09191,50149945.0
2022-07-01 16:00:00+00:00,0.09185,0.09427,0.09125,0.0941,46901603.0
2022-07-01 20:00:00+00:00,0.0941,0.09705,0.09106,0.09217,66699387.0
2022-07-02 00:00:00+00:00,0.09221,0.09334,0.09,0.0904,54522272.0
2022-07-02 04:00:00+00:00,0.09043,0.09252,0.0902,0.0911,34626298.0
2022-07-02 08:00:00+00:00,0.09112,0.09258,0.08987,0.09168,37171214.0
2022-07-02 12:00:00+00:00,0.09166,0.0932,0.09117,0.09197,34978720.0
2022-07-02 16:00:00+00:00,0.09196,0.09451,0.09156,0.0941,43582648.0
2022-07-02 20:00:00+00:00,0.0941,0.09597,0.09295,0.09428,34411003.0
2022-07-03 00:00:00+00:00,0.09426,0.0943,0.0916,0.09287,34827612.0
2022-07-03 04:00:00+00:00,0.09286,0.09476,0.09041,0.09201,46339721.0
2022-07-03 08:00:00+00:00,0.09202,0.09232,0.09124,0.09195,31317453.0
2022-07-03 12:00:00+00:00,0.09196,0.09245,0.09061,0.09117,34343677.0
2022-07-03 16:00:00+00:00,0.09119,0.09485,0.09091,0.09459,34252842.0
2022-07-03 20:00:00+00:00,0.09458,0.09515,0.093,0.09445,46038910.0
2022-07-04 00:00:00+00:00,0.09446,0.0951,0.09117,0.09219,44986015.0
2022-07-04 04:00:00+00:00,0.09218,0.09424,0.09138,0.0938,48981549.0
2022-07-04 08:00:00+00:00,0.09375,0.0962,0.09309,0.09597,98175632.0
2022-07-04 12:00:00+00:00,0.09598,0.09785,0.09463,0.09596,69943482.0
2022-07-04 16:00:00+00:00,0.09595,0.09682,0.09519,0.09616,35058199.0
2022-07-04 20:00:00+00:00,0.09616,0.09865,0.09534,0.09803,40303528.0
2022-07-05 00:00:00+00:00,0.09801,0.09934,0.09667,0.09883,45200811.0
2022-07-05 04:00:00+00:00,0.09882,0.10131,0.09805,0.09912,63458887.0
2022-07-05 08:00:00+00:00,0.09913,0.09917,0.09316,0.09378,79678748.0
2022-07-05 12:00:00+00:00,0.09378,0.09474,0.09191,0.09471,56311732.0
2022-07-05 16:00:00+00:00,0.09472,0.09889,0.09405,0.09776,63426477.0
2022-07-05 20:00:00+00:00,0.09777,0.09909,0.09576,0.09645,44140627.0
2022-07-06 00:00:00+00:00,0.09645,0.09838,0.09516,0.09716,47441732.0
2022-07-06 04:00:00+00:00,0.09714,0.0989,0.09674,0.09752,44484302.0
2022-07-06 08:00:00+00:00,0.09755,0.09911,0.0967,0.09728,56225778.0
2022-07-06 12:00:00+00:00,0.09733,0.09829,0.09641,0.09717,36818275.0
2022-07-06 16:00:00+00:00,0.09718,0.09867,0.09673,0.09789,47885916.0
2022-07-06 20:00:00+00:00,0.09791,0.09961,0.09722,0.09868,40341713.0
2022-07-07 00:00:00+00:00,0.09864,0.10009,0.09811,0.09981,33533764.0
2022-07-07 04:00:00+00:00,0.09984,0.1019,0.09872,0.10164,61516669.0
2022-07-07 08:00:00+00:00,0.10165,0.1019,0.09982,0.10065,59051454.0
2022-07-07 12:00:00+00:00,0.10069,0.10252,0.09937,0.10166,72501128.0
2022-07-07 16:00:00+00:00,0.10165,0.10396,0.10157,0.10357,63406794.0
2022-07-07 20:00:00+00:00,0.10356,0.10366,0.10115,0.1024,36935039.0
2022-07-08 00:00:00+00:00,0.10243,0.10466,0.10184,0.10367,50677569.0
2022-07-08 04:00:00+00:00,0.10367,0.10433,0.1002,0.1006,51258944.0
2022-07-08 08:00:00+00:00,0.10057,0.10116,0.09806,0.09905,59013229.0
2022-07-08 12:00:00+00:00,0.09905,0.10056,0.09726,0.10027,60675692.0
2022-07-08 16:00:00+00:00,0.10028,0.10112,0.0989,0.10028,32608462.0
2022-07-08 20:00:00+00:00,0.1003,0.10135,0.09913,0.09928,25857044.0
2022-07-09 00:00:00+00:00,0.09926,0.1018,0.09926,0.10126,37449576.0
2022-07-09 04:00:00+00:00,0.10123,0.1043,0.10072,0.10352,38985393.0
2022-07-09 08:00:00+00:00,0.10354,0.10424,0.10163,0.10189,38395305.0
2022-07-09 12:00:00+00:00,0.1019,0.10942,0.10134,0.10851,121509550.0
2022-07-09 16:00:00+00:00,0.10857,0.11039,0.1065,0.10691,173349955.0
2022-07-09 20:00:00+00:00,0.10694,0.10808,0.10554,0.10559,49318290.0
2022-07-10 00:00:00+00:00,0.1056,0.10585,0.10217,0.10256,62740023.0
2022-07-10 04:00:00+00:00,0.10254,0.10487,0.1022,0.10478,45010783.0
2022-07-10 08:00:00+00:00,0.10474,0.10546,0.10115,0.10232,49211483.0
2022-07-10 12:00:00+00:00,0.10228,0.10306,0.09845,0.09957,72921140.0
2022-07-10 16:00:00+00:00,0.09954,0.10146,0.09852,0.10134,37765855.0
2022-07-10 20:00:00+00:00,0.10132,0.10146,0.09939,0.1,30669639.0
2022-07-11 00:00:00+00:00,0.1,0.10002,0.0971,0.09838,46035413.0
2022-07-11 04:00:00+00:00,0.09839,0.09873,0.0957,0.09712,39747539.0
2022-07-11 08:00:00+00:00,0.0971,0.09945,0.09679,0.09826,36689686.0
2022-07-11 12:00:00+00:00,0.09823,0.09981,0.0962,0.09766,50563729.0
2022-07-11 16:00:00+00:00,0.09768,0.09947,0.09692,0.09765,47358942.0
2022-07-11 20:00:00+00:00,0.09764,0.09796,0.09077,0.09144,66123405.0
2022-07-12 00:00:00+00:00,0.09142,0.09356,0.09088,0.093,41656499.0
2022-07-12 04:00:00+00:00,0.093,0.09428,0.09069,0.09167,55567953.0
2022-07-12 08:00:00+00:00,0.09167,0.09208,0.08911,0.09121,70529402.0
2022-07-12 12:00:00+00:00,0.0912,0.0924,0.09013,0.09173,49994758.0
2022-07-12 16:00:00+00:00,0.09172,0.0927,0.08706,0.08918,73738968.0
2022-07-12 20:00:00+00:00,0.08917,0.08982,0.08639,0.08715,42951103.0
2022-07-13 00:00:00+00:00,0.08713,0.09039,0.08521,0.08875,69630726.0
2022-07-13 04:00:00+00:00,0.08876,0.09291,0.08858,0.09225,49171225.0
2022-07-13 08:00:00+00:00,0.09221,0.09311,0.09154,0.09231,52216603.0
2022-07-13 12:00:00+00:00,0.09229,0.09335,0.08389,0.08899,170679889.0
2022-07-13 16:00:00+00:00,0.08896,0.09183,0.08834,0.09056,57425056.0
2022-07-13 20:00:00+00:00,0.09054,0.09402,0.08949,0.09381,48398314.0
2022-07-14 00:00:00+00:00,0.09376,0.09437,0.09228,0.09288,44673931.0
2022-07-14 04:00:00+00:00,0.0929,0.09344,0.09101,0.09134,38575027.0
2022-07-14 08:00:00+00:00,0.09134,0.09194,0.08996,0.09054,35673354.0
2022-07-14 12:00:00+00:00,0.09053,0.0941,0.0895,0.09365,53101454.0
2022-07-14 16:00:00+00:00,0.09368,0.09731,0.09274,0.09545,69157248.0
2022-07-14 20:00:00+00:00,0.09547,0.09664,0.09473,0.09614,25390669.0
2022-07-15 00:00:00+00:00,0.09612,0.09802,0.09495,0.09674,36827688.0
2022-07-15 04:00:00+00:00,0.09674,0.09793,0.09577,0.09737,35640862.0
2022-07-15 08:00:00+00:00,0.09737,0.0995,0.09648,0.09662,52954296.0
2022-07-15 12:00:00+00:00,0.09661,0.10026,0.0964,0.09919,63816164.0
2022-07-15 16:00:00+00:00,0.09917,0.09928,0.0968,0.0989,58313508.0
2022-07-15 20:00:00+00:00,0.0989,0.1005,0.09775,0.09853,46240766.0
2022-07-16 00:00:00+00:00,0.09853,0.09963,0.09681,0.0983,37024790.0
2022-07-16 04:00:00+00:00,0.0983,0.09856,0.09614,0.09628,28783015.0
2022-07-16 08:00:00+00:00,0.09628,0.0975,0.09614,0.09689,21356883.0
2022-07-16 12:00:00+00:00,0.09693,0.09998,0.09686,0.09984,37348478.0
2022-07-16 16:00:00+00:00,0.09981,0.10368,0.09958,0.09988,71816674.0
2022-07-16 20:00:00+00:00,0.09989,0.10142,0.09853,0.10128,28019396.0
2022-07-17 00:00:00+00:00,0.10126,0.10199,0.09907,0.10031,34107868.0
2022-07-17 04:00:00+00:00,0.1003,0.10285,0.10018,0.10071,42369175.0
2022-07-17 08:00:00+00:00,0.10071,0.10283,0.10013,0.1012,48136218.0
2022-07-17 12:00:00+00:00,0.10122,0.10157,0.09797,0.09916,80598486.0
2022-07-17 16:00:00+00:00,0.0992,0.10311,0.09739,0.09967,89946110.0
2022-07-17 20:00:00+00:00,0.09966,0.10012,0.09773,0.09805,26443185.0
2022-07-18 00:00:00+00:00,0.09808,0.10684,0.09793,0.10583,80958232.0
2022-07-18 04:00:00+00:00,0.10582,0.11289,0.1055,0.11087,153281913.0
2022-07-18 08:00:00+00:00,0.11085,0.11405,0.10936,0.11021,97626548.0
2022-07-18 12:00:00+00:00,0.11024,0.11483,0.10854,0.11453,84136292.0
2022-07-18 16:00:00+00:00,0.11456,0.11485,0.10556,0.10679,84268696.0
2022-07-18 20:00:00+00:00,0.1068,0.1112,0.10636,0.10983,43653122.0
2022-07-19 00:00:00+00:00,0.1099,0.11259,0.10744,0.10773,59050317.0
2022-07-19 04:00:00+00:00,0.10773,0.11045,0.10602,0.11031,52120426.0
2022-07-19 08:00:00+00:00,0.1103,0.11383,0.10939,0.11259,61257042.0
2022-07-19 12:00:00+00:00,0.1126,0.11719,0.11081,0.11286,99093629.0
2022-07-19 16:00:00+00:00,0.11286,0.11584,0.11261,0.11409,74564644.0
2022-07-19 20:00:00+00:00,0.11412,0.11559,0.11271,0.11459,33502978.0
2022-07-20 00:00:00+00:00,0.11458,0.11986,0.11116,0.11735,77740696.0
2022-07-20 04:00:00+00:00,0.11733,0.1182,0.11601,0.11616,39929569.0
2022-07-20 08:00:00+00:00,0.11622,0.11703,0.11295,0.11506,60112884.0
2022-07-20 12:00:00+00:00,0.11501,0.11639,0.11352,0.1152,47057633.0
2022-07-20 16:00:00+00:00,0.1152,0.11542,0.1095,0.10981,50144562.0
2022-07-20 20:00:00+00:00,0.1098,0.11043,0.10393,0.10475,71888487.0
2022-07-21 00:00:00+00:00,0.10474,0.10745,0.10158,0.10225,51539119.0
2022-07-21 04:00:00+00:00,0.10225,0.10492,0.10096,0.10409,34367779.0
2022-07-21 08:00:00+00:00,0.10405,0.10511,0.10223,0.10343,30180447.0
2022-07-21 12:00:00+00:00,0.1034,0.1051,0.10213,0.10389,63057242.0
2022-07-21 16:00:00+00:00,0.10387,0.108,0.10382,0.1074,54594234.0
2022-07-21 20:00:00+00:00,0.10738,0.10812,0.10557,0.10706,28959522.0
2022-07-22 00:00:00+00:00,0.107,0.11018,0.10647,0.10793,45032956.0
2022-07-22 04:00:00+00:00,0.10792,0.11247,0.10709,0.11153,52115394.0
2022-07-22 08:00:00+00:00,0.11154,0.11663,0.11062,0.11312,102208191.0
2022-07-22 12:00:00+00:00,0.11312,0.11467,0.10642,0.10685,113164301.0
2022-07-22 16:00:00+00:00,0.10692,0.10798,0.10358,0.10418,57640983.0
2022-07-22 20:00:00+00:00,0.10418,0.10495,0.10328,0.10381,28770591.0
2022-07-23 00:00:00+00:00,0.10382,0.1066,0.10248,0.10599,26517761.0
2022-07-23 04:00:00+00:00,0.10598,0.10837,0.10572,0.10589,27485154.0
2022-07-23 08:00:00+00:00,0.10589,0.1075,0.10171,0.10193,47392238.0
2022-07-23 12:00:00+00:00,0.10195,0.1043,0.10102,0.10298,46367826.0
2022-07-23 16:00:00+00:00,0.10303,0.10376,0.1004,0.10247,38233182.0
2022-07-23 20:00:00+00:00,0.10248,0.1072,0.10235,0.106,43634048.0
2022-07-24 00:00:00+00:00,0.10597,0.1072,0.10494,0.10506,22474195.0
2022-07-24 04:00:00+00:00,0.10505,0.10837,0.10466,0.10754,25011926.0
2022-07-24 08:00:00+00:00,0.10755,0.10787,0.10546,0.10668,26726973.0
2022-07-24 12:00:00+00:00,0.1067,0.10714,0.10444,0.10658,33862841.0
2022-07-24 16:00:00+00:00,0.10658,0.10667,0.10476,0.10494,25027527.0
2022-07-24 20:00:00+00:00,0.10494,0.10719,0.10414,0.1047,36460644.0
2022-07-25 00:00:00+00:00,0.10468,0.10566,0.09938,0.10007,44814397.0
2022-07-25 04:00:00+00:00,0.10002,0.1018,0.09926,0.10101,28575927.0
2022-07-25 08:00:00+00:00,0.10101,0.10223,0.10033,0.10066,29560676.0
2022-07-25 12:00:00+00:00,0.10067,0.10214,0.09975,0.10187,59575893.0
2022-07-25 16:00:00+00:00,0.10184,0.10279,0.0987,0.09979,46905206.0
2022-07-25 20:00:00+00:00,0.09987,0.10208,0.09537,0.09556,75949661.0
2022-07-26 00:00:00+00:00,0.09561,0.09673,0.09389,0.09661,67204830.0
2022-07-26 04:00:00+00:00,0.09659,0.09816,0.09556,0.09557,47569949.0
2022-07-26 08:00:00+00:00,0.09558,0.09653,0.09475,0.09599,36281184.0
2022-07-26 12:00:00+00:00,0.09601,0.09678,0.09332,0.09369,46706825.0
2022-07-26 16:00:00+00:00,0.09369,0.09532,0.093,0.09379,34395450.0
2022-07-26 20:00:00+00:00,0.09379,0.09742,0.09317,0.09716,30594680.0
2022-07-27 00:00:00+00:00,0.09716,0.09801,0.09535,0.09554,32994035.0
2022-07-27 04:00:00+00:00,0.09554,0.09753,0.09452,0.09651,61094753.0
2022-07-27 08:00:00+00:00,0.09647,0.09685,0.09472,0.09486,38161154.0
2022-07-27 12:00:00+00:00,0.09488,0.09704,0.09458,0.09639,31876025.0
2022-07-27 16:00:00+00:00,0.09635,0.10766,0.09496,0.1072,168347417.0
2022-07-27 20:00:00+00:00,0.1072,0.11146,0.10691,0.11135,86065112.0
2022-07-28 00:00:00+00:00,0.11134,0.11244,0.1087,0.112,69831406.0
2022-07-28 04:00:00+00:00,0.11203,0.11379,0.10924,0.10934,88060823.0
2022-07-28 08:00:00+00:00,0.10934,0.11017,0.10811,0.10953,42961625.0
2022-07-28 12:00:00+00:00,0.10953,0.11656,0.10532,0.11398,117442252.0
2022-07-28 16:00:00+00:00,0.11402,0.1177,0.11331,0.11438,71601005.0
2022-07-28 20:00:00+00:00,0.11444,0.11794,0.11423,0.11479,55520513.0
2022-07-29 00:00:00+00:00,0.11478,0.13039,0.11355,0.12919,195090781.0
2022-07-29 04:00:00+00:00,0.12922,0.14134,0.1283,0.13397,245986624.0
2022-07-29 08:00:00+00:00,0.13397,0.13454,0.12512,0.12717,92306520.0
2022-07-29 12:00:00+00:00,0.12723,0.13217,0.12337,0.12914,116324038.0
2022-07-29 16:00:00+00:00,0.12916,0.12946,0.12413,0.1265,70637196.0
2022-07-29 20:00:00+00:00,0.12646,0.13236,0.12586,0.12724,60184792.0
2022-07-30 00:00:00+00:00,0.12726,0.133,0.12687,0.12928,84613854.0
2022-07-30 04:00:00+00:00,0.12929,0.13493,0.12561,0.13459,61665056.0
2022-07-30 08:00:00+00:00,0.13462,0.13933,0.13113,0.13523,69245519.0
2022-07-30 12:00:00+00:00,0.13523,0.14557,0.13465,0.14549,80569513.0
2022-07-30 16:00:00+00:00,0.14546,0.14596,0.1392,0.13951,58730754.0
2022-07-30 20:00:00+00:00,0.13952,0.14016,0.12951,0.13192,69169546.0
2022-07-31 00:00:00+00:00,0.13194,0.13542,0.1314,0.13413,35260074.0
2022-07-31 04:00:00+00:00,0.13414,0.13998,0.13414,0.13535,57443800.0
2022-07-31 08:00:00+00:00,0.13538,0.14046,0.13239,0.13805,40501824.0
2022-07-31 12:00:00+00:00,0.13801,0.14051,0.134,0.1367,47051038.0
2022-07-31 16:00:00+00:00,0.1367,0.13849,0.13223,0.13433,47849133.0
2022-07-31 20:00:00+00:00,0.13429,0.13499,0.12666,0.128,52804865.0
2022-08-01 00:00:00+00:00,0.12796,0.13228,0.12723,0.13201,40848150.0
2022-08-01 04:00:00+00:00,0.13202,0.13276,0.12761,0.13054,24712773.0
2022-08-01 08:00:00+00:00,0.1306,0.13097,0.12609,0.12783,29319907.0
2022-08-01 12:00:00+00:00,0.12786,0.12986,0.12418,0.12828,59980164.0
2022-08-01 16:00:00+00:00,0.1282,0.12834,0.1225,0.12473,64569076.0
2022-08-01 20:00:00+00:00,0.12473,0.12512,0.12163,0.12353,53125456.0
2022-08-02 00:00:00+00:00,0.12354,0.12553,0.11562,0.11615,60088472.0
2022-08-02 04:00:00+00:00,0.11615,0.11825,0.11428,0.11516,50752738.0
2022-08-02 08:00:00+00:00,0.11516,0.11783,0.1138,0.11674,50496218.0
2022-08-02 12:00:00+00:00,0.11673,0.12179,0.11487,0.1204,97628473.0
2022-08-02 16:00:00+00:00,0.12042,0.12466,0.11857,0.1197,71380590.0
2022-08-02 20:00:00+00:00,0.11966,0.12077,0.11652,0.11674,43362557.0
2022-08-03 00:00:00+00:00,0.11675,0.11953,0.11433,0.11877,51660277.0
2022-08-03 04:00:00+00:00,0.11877,0.12171,0.11798,0.12128,44959322.0
2022-08-03 08:00:00+00:00,0.12125,0.1231,0.12073,0.122,48736942.0
2022-08-03 12:00:00+00:00,0.12198,0.1246,0.1204,0.12163,49926078.0
2022-08-03 16:00:00+00:00,0.12155,0.12341,0.12038,0.12261,27337699.0
2022-08-03 20:00:00+00:00,0.12262,0.12291,0.11716,0.1177,31621167.0
2022-08-04 00:00:00+00:00,0.11773,0.12336,0.11754,0.12262,37054280.0
2022-08-04 04:00:00+00:00,0.12266,0.12598,0.12079,0.12172,57676050.0
2022-08-04 08:00:00+00:00,0.12172,0.12206,0.11906,0.11993,55695728.0
2022-08-04 12:00:00+00:00,0.11991,0.12263,0.11886,0.12139,42470277.0
2022-08-04 16:00:00+00:00,0.12136,0.12228,0.11723,0.11852,53283022.0
2022-08-04 20:00:00+00:00,0.11852,0.12047,0.11789,0.12005,23585620.0
2022-08-05 00:00:00+00:00,0.12004,0.1263,0.11986,0.1248,65187397.0
2022-08-05 04:00:00+00:00,0.12475,0.1272,0.12263,0.12612,40484469.0
2022-08-05 08:00:00+00:00,0.12612,0.12755,0.12339,0.12704,39045729.0
2022-08-05 12:00:00+00:00,0.12703,0.12763,0.12258,0.12476,79498292.0
2022-08-05 16:00:00+00:00,0.12476,0.13065,0.12448,0.12854,111252015.0
2022-08-05 20:00:00+00:00,0.1285,0.13113,0.12617,0.13086,38911327.0
2022-08-06 00:00:00+00:00,0.13084,0.13193,0.12834,0.12874,30529713.0
2022-08-06 04:00:00+00:00,0.12872,0.13061,0.12832,0.13016,28060715.0
2022-08-06 08:00:00+00:00,0.13019,0.13193,0.12927,0.12972,36639545.0
2022-08-06 12:00:00+00:00,0.12978,0.1336,0.12961,0.13069,54507982.0
2022-08-06 16:00:00+00:00,0.13069,0.13157,0.1274,0.12971,32508401.0
2022-08-06 20:00:00+00:00,0.12965,0.13025,0.12701,0.12769,18844551.0
2022-08-07 00:00:00+00:00,0.1277,0.12896,0.125,0.12598,33620912.0
2022-08-07 04:00:00+00:00,0.12599,0.1272,0.12502,0.12682,26595474.0
2022-08-07 08:00:00+00:00,0.12682,0.12763,0.12552,0.12752,20841333.0
2022-08-07 12:00:00+00:00,0.1275,0.12861,0.12675,0.12697,26075847.0
2022-08-07 16:00:00+00:00,0.12697,0.12848,0.12686,0.12772,19361051.0
2022-08-07 20:00:00+00:00,0.12773,0.13121,0.12741,0.12817,32074425.0
2022-08-08 00:00:00+00:00,0.12818,0.13228,0.12799,0.13207,39375375.0
2022-08-08 04:00:00+00:00,0.13209,0.14328,0.13146,0.14298,180904928.0
2022-08-08 08:00:00+00:00,0.14298,0.15833,0.14164,0.15661,901057002.0
2022-08-08 12:00:00+00:00,0.1566,0.1575,0.14923,0.15043,632529914.0
2022-08-08 16:00:00+00:00,0.1504,0.15153,0.14591,0.14707,403509760.0
2022-08-08 20:00:00+00:00,0.14709,0.1515,0.14611,0.14899,269259160.0
2022-08-09 00:00:00+00:00,0.14898,0.15127,0.14679,0.15057,177182359.0
2022-08-09 04:00:00+00:00,0.15058,0.1532,0.14308,0.14419,200668994.0
2022-08-09 08:00:00+00:00,0.14419,0.14449,0.13931,0.14195,173403698.0
2022-08-09 12:00:00+00:00,0.14195,0.1442,0.1352,0.13687,148402991.0
2022-08-09 16:00:00+00:00,0.13688,0.14523,0.13639,0.14141,138811990.0
2022-08-09 20:00:00+00:00,0.14137,0.14324,0.1393,0.13966,56132723.0
2022-08-10 00:00:00+00:00,0.13965,0.14314,0.13521,0.13664,102848612.0
2022-08-10 04:00:00+00:00,0.13664,0.14056,0.13511,0.13609,69145941.0
2022-08-10 08:00:00+00:00,0.13612,0.13935,0.13558,0.13893,65632029.0
2022-08-10 12:00:00+00:00,0.1389,0.14665,0.1365,0.14334,178719919.0
2022-08-10 16:00:00+00:00,0.14335,0.14434,0.14,0.14354,87858798.0
2022-08-10 20:00:00+00:00,0.14352,0.14686,0.14239,0.14613,70574614.0
2022-08-11 00:00:00+00:00,0.14613,0.14751,0.1441,0.14626,68634524.0
2022-08-11 04:00:00+00:00,0.14626,0.14785,0.14318,0.14386,57069538.0
2022-08-11 08:00:00+00:00,0.14386,0.14508,0.14206,0.14428,40687972.0
2022-08-11 12:00:00+00:00,0.1443,0.14578,0.14095,0.14143,63584336.0
2022-08-11 16:00:00+00:00,0.14142,0.14313,0.14086,0.14195,37328763.0
2022-08-11 20:00:00+00:00,0.142,0.14334,0.14055,0.14213,33544768.0
2022-08-12 00:00:00+00:00,0.14213,0.14644,0.13951,0.14521,60104403.0
2022-08-12 04:00:00+00:00,0.14522,0.14594,0.14177,0.14311,35977829.0
2022-08-12 08:00:00+00:00,0.14312,0.14417,0.1375,0.13782,57949179.0
2022-08-12 12:00:00+00:00,0.13782,0.14365,0.13774,0.14317,69641052.0
2022-08-12 16:00:00+00:00,0.14316,0.14488,0.14206,0.14354,54900407.0
2022-08-12 20:00:00+00:00,0.14354,0.1477,0.14162,0.14714,53703421.0
2022-08-13 00:00:00+00:00,0.14713,0.15072,0.14502,0.14869,80056149.0
2022-08-13 04:00:00+00:00,0.14872,0.1489,0.14428,0.14456,48630799.0
2022-08-13 08:00:00+00:00,0.14457,0.14553,0.14134,0.14263,49690114.0
2022-08-13 12:00:00+00:00,0.14267,0.14514,0.14101,0.14496,38915460.0
2022-08-13 16:00:00+00:00,0.14497,0.14625,0.1427,0.14359,44181701.0
2022-08-13 20:00:00+00:00,0.14357,0.1449,0.14284,0.14373,22560520.0
2022-08-14 00:00:00+00:00,0.14378,0.14735,0.14205,0.14656,34550022.0
2022-08-14 04:00:00+00:00,0.14658,0.14975,0.14603,0.14815,46775325.0
2022-08-14 08:00:00+00:00,0.14816,0.14994,0.14656,0.14754,53573839.0
2022-08-14 12:00:00+00:00,0.14755,0.14755,0.142,0.14331,56534088.0
2022-08-14 16:00:00+00:00,0.14332,0.14341,0.13702,0.13957,62789081.0
2022-08-14 20:00:00+00:00,0.13955,0.14039,0.13783,0.13925,28700380.0
2022-08-15 00:00:00+00:00,0.13926,0.14485,0.13786,0.14324,56837351.0
2022-08-15 04:00:00+00:00,0.14324,0.14456,0.13436,0.13547,77498366.0
2022-08-15 08:00:00+00:00,0.13547,0.13619,0.13238,0.13468,60416968.0
2022-08-15 12:00:00+00:00,0.13467,0.13617,0.13331,0.13563,53483103.0
2022-08-15 16:00:00+00:00,0.13562,0.1371,0.13289,0.13344,44616509.0
2022-08-15 20:00:00+00:00,0.13349,0.13534,0.13156,0.13394,47480048.0
2022-08-16 00:00:00+00:00,0.13393,0.13584,0.12969,0.13325,77425539.0
2022-08-16 04:00:00+00:00,0.13325,0.13397,0.12862,0.13118,99643096.0
2022-08-16 08:00:00+00:00,0.13119,0.13325,0.1308,0.13237,46866557.0
2022-08-16 12:00:00+00:00,0.13235,0.13282,0.12953,0.13169,64769517.0
2022-08-16 16:00:00+00:00,0.13168,0.13193,0.12883,0.13054,45488085.0
2022-08-16 20:00:00+00:00,0.13054,0.13147,0.12945,0.13005,24250833.0
2022-08-17 00:00:00+00:00,0.13005,0.13294,0.12972,0.13281,46661478.0
2022-08-17 04:00:00+00:00,0.13281,0.13447,0.12894,0.12908,56872740.0
2022-08-17 08:00:00+00:00,0.1291,0.1313,0.129,0.12958,41022296.0
2022-08-17 12:00:00+00:00,0.12957,0.12957,0.12151,0.12373,110045735.0
2022-08-17 16:00:00+00:00,0.12373,0.1262,0.1234,0.12376,41330657.0
2022-08-17 20:00:00+00:00,0.12381,0.12524,0.12053,0.1226,39127742.0
2022-08-18 00:00:00+00:00,0.12262,0.12549,0.12165,0.12442,45519090.0
2022-08-18 04:00:00+00:00,0.12443,0.12463,0.12216,0.1229,44470201.0
2022-08-18 08:00:00+00:00,0.1229,0.12414,0.12145,0.12397,34159151.0
2022-08-18 12:00:00+00:00,0.12399,0.1248,0.12212,0.12347,41967577.0
2022-08-18 16:00:00+00:00,0.12348,0.12372,0.119,0.12053,53620982.0
2022-08-18 20:00:00+00:00,0.12048,0.12232,0.11276,0.11464,92995915.0
2022-08-19 00:00:00+00:00,0.11462,0.11571,0.1092,0.11167,114755409.0
2022-08-19 04:00:00+00:00,0.1117,0.11192,0.10248,0.10723,163287581.0
2022-08-19 08:00:00+00:00,0.10725,0.10731,0.10408,0.10664,88360644.0
2022-08-19 12:00:00+00:00,0.10664,0.10869,0.10469,0.10811,78173017.0
2022-08-19 16:00:00+00:00,0.10809,0.11031,0.10641,0.10844,57994730.0
2022-08-19 20:00:00+00:00,0.10842,0.10868,0.10426,0.10538,62945276.0
2022-08-20 00:00:00+00:00,0.10539,0.109,0.10526,0.10735,60453139.0
2022-08-20 04:00:00+00:00,0.10729,0.11087,0.10693,0.1092,77431247.0
2022-08-20 08:00:00+00:00,0.10918,0.10935,0.10738,0.10784,39414038.0
2022-08-20 12:00:00+00:00,0.10781,0.10948,0.10683,0.10756,53639917.0
2022-08-20 16:00:00+00:00,0.1076,0.10813,0.09953,0.10062,126016411.0
2022-08-20 20:00:00+00:00,0.10061,0.10352,0.09925,0.10267,64397611.0
2022-08-21 00:00:00+00:00,0.10267,0.10455,0.10263,0.10361,38020603.0
2022-08-21 04:00:00+00:00,0.10363,0.10553,0.10235,0.10546,52887548.0
2022-08-21 08:00:00+00:00,0.10549,0.10918,0.10522,0.10814,79125116.0
2022-08-21 12:00:00+00:00,0.10814,0.10841,0.10593,0.10752,50151272.0
2022-08-21 16:00:00+00:00,0.10751,0.10863,0.10682,0.10754,46977147.0
2022-08-21 20:00:00+00:00,0.10756,0.11062,0.10627,0.108,60462695.0
2022-08-22 00:00:00+00:00,0.108,0.10818,0.1063,0.10704,42051441.0
2022-08-22 04:00:00+00:00,0.10705,0.10795,0.10225,0.10243,56618277.0
2022-08-22 08:00:00+00:00,0.10247,0.10544,0.10059,0.10457,71608267.0
2022-08-22 12:00:00+00:00,0.10457,0.10622,0.10301,0.10584,54302732.0
2022-08-22 16:00:00+00:00,0.10586,0.10645,0.1037,0.10549,45437300.0
2022-08-22 20:00:00+00:00,0.10547,0.11137,0.1054,0.11093,119340931.0
2022-08-23 00:00:00+00:00,0.11091,0.11375,0.11036,0.11136,88364634.0
2022-08-23 04:00:00+00:00,0.11137,0.11198,0.10669,0.10957,78179000.0
2022-08-23 08:00:00+00:00,0.10958,0.11169,0.10935,0.11049,66736449.0
2022-08-23 12:00:00+00:00,0.11048,0.11297,0.10946,0.11111,66193921.0
2022-08-23 16:00:00+00:00,0.11109,0.11224,0.11021,0.11168,41424375.0
2022-08-23 20:00:00+00:00,0.1117,0.11418,0.11114,0.11375,50200421.0
2022-08-24 00:00:00+00:00,0.11376,0.11386,0.10965,0.11084,52526669.0
2022-08-24 04:00:00+00:00,0.1108,0.11445,0.1105,0.11235,48868055.0
2022-08-24 08:00:00+00:00,0.11236,0.11612,0.11229,0.11495,65982532.0
2022-08-24 12:00:00+00:00,0.11496,0.11662,0.11361,0.11608,60364656.0
2022-08-24 16:00:00+00:00,0.11608,0.11825,0.11566,0.1172,57280079.0
2022-08-24 20:00:00+00:00,0.11718,0.11807,0.11424,0.11457,42095193.0
2022-08-25 00:00:00+00:00,0.11458,0.11986,0.11429,0.11942,96094858.0
2022-08-25 04:00:00+00:00,0.1194,0.11959,0.11645,0.11937,75773793.0
2022-08-25 08:00:00+00:00,0.11935,0.12016,0.11736,0.11803,50186690.0
2022-08-25 12:00:00+00:00,0.11802,0.11864,0.1135,0.11483,62854874.0
2022-08-25 16:00:00+00:00,0.11481,0.1159,0.11312,0.11563,51022097.0
2022-08-25 20:00:00+00:00,0.11568,0.11678,0.1152,0.11575,27596510.0
2022-08-26 00:00:00+00:00,0.11576,0.11621,0.11424,0.11582,29807661.0
2022-08-26 04:00:00+00:00,0.11581,0.11618,0.1109,0.11217,50519024.0
2022-08-26 08:00:00+00:00,0.11219,0.11318,0.10869,0.11035,60099033.0
2022-08-26 12:00:00+00:00,0.11036,0.11546,0.10707,0.10808,120203362.0
2022-08-26 16:00:00+00:00,0.1081,0.10829,0.104,0.10526,63730974.0
2022-08-26 20:00:00+00:00,0.10525,0.1059,0.10093,0.10233,53891738.0
2022-08-27 00:00:00+00:00,0.10234,0.10339,0.10139,0.10314,33994768.0
2022-08-27 04:00:00+00:00,0.10312,0.10367,0.1002,0.10357,41254871.0
2022-08-27 08:00:00+00:00,0.1036,0.1044,0.10242,0.10362,42543046.0
2022-08-27 12:00:00+00:00,0.10362,0.10414,0.10123,0.10264,44016105.0
2022-08-27 16:00:00+00:00,0.10266,0.10359,0.10127,0.10294,32802369.0
2022-08-27 20:00:00+00:00,0.10297,0.10407,0.10162,0.10331,27345082.0
2022-08-28 00:00:00+00:00,0.10332,0.10434,0.10203,0.10292,25629186.0
2022-08-28 04:00:00+00:00,0.10292,0.10407,0.10221,0.10379,20971517.0
2022-08-28 08:00:00+00:00,0.10378,0.10447,0.103,0.10404,27341493.0
2022-08-28 12:00:00+00:00,0.10407,0.10441,0.10167,0.10388,33646420.0
2022-08-28 16:00:00+00:00,0.1039,0.10466,0.10312,0.1032,22799114.0
2022-08-28 20:00:00+00:00,0.10319,0.1039,0.09842,0.09908,53031015.0
2022-08-29 00:00:00+00:00,0.09906,0.10186,0.09718,0.10131,53729986.0
2022-08-29 04:00:00+00:00,0.10128,0.10166,0.09979,0.10155,30072680.0
2022-08-29 08:00:00+00:00,0.10155,0.10203,0.10077,0.10139,25194304.0
2022-08-29 12:00:00+00:00,0.10137,0.10546,0.1012,0.10457,65062743.0
2022-08-29 16:00:00+00:00,0.10457,0.10538,0.10391,0.10403,27415142.0
2022-08-29 20:00:00+00:00,0.10404,0.10654,0.10403,0.10628,28191259.0
2022-08-30 00:00:00+00:00,0.10626,0.10674,0.10421,0.1059,29354329.0
2022-08-30 04:00:00+00:00,0.10591,0.108,0.10585,0.10654,34916199.0
2022-08-30 08:00:00+00:00,0.10655,0.10728,0.10541,0.10594,33497379.0
2022-08-30 12:00:00+00:00,0.10597,0.10642,0.10125,0.10218,63252286.0
2022-08-30 16:00:00+00:00,0.10218,0.10427,0.1002,0.10336,70578368.0
2022-08-30 20:00:00+00:00,0.10335,0.10437,0.10219,0.10293,33302430.0
2022-08-31 00:00:00+00:00,0.10291,0.10705,0.10289,0.10622,50464575.0
2022-08-31 04:00:00+00:00,0.10623,0.1072,0.1051,0.10514,31842588.0
2022-08-31 08:00:00+00:00,0.10515,0.1069,0.10421,0.10588,33034356.0
2022-08-31 12:00:00+00:00,0.10585,0.10667,0.10289,0.10458,46696875.0
2022-08-31 16:00:00+00:00,0.10459,0.10478,0.10221,0.10396,32217116.0
2022-08-31 20:00:00+00:00,0.10396,0.10495,0.10172,0.10241,25931677.0
2022-09-01 00:00:00+00:00,0.1024,0.10375,0.10121,0.10187,33428609.0
2022-09-01 04:00:00+00:00,0.10188,0.10299,0.10033,0.10123,29970775.0
2022-09-01 08:00:00+00:00,0.10123,0.10437,0.10064,0.10405,40398003.0
2022-09-01 12:00:00+00:00,0.10407,0.1042,0.10062,0.10206,58678860.0
2022-09-01 16:00:00+00:00,0.10209,0.10352,0.10146,0.1029,33526074.0
2022-09-01 20:00:00+00:00,0.10289,0.10496,0.10274,0.10486,27949932.0
2022-09-02 00:00:00+00:00,0.10486,0.10559,0.10302,0.1046,30916455.0
2022-09-02 04:00:00+00:00,0.10463,0.10559,0.10399,0.10486,28837944.0
2022-09-02 08:00:00+00:00,0.10486,0.1051,0.10297,0.10377,30430650.0
2022-09-02 12:00:00+00:00,0.10376,0.10675,0.10323,0.10631,55604478.0
2022-09-02 16:00:00+00:00,0.10631,0.10666,0.10142,0.10238,50950556.0
2022-09-02 20:00:00+00:00,0.10239,0.10313,0.10193,0.10297,19215178.0
2022-09-03 00:00:00+00:00,0.10296,0.1034,0.1014,0.10169,21415104.0
2022-09-03 04:00:00+00:00,0.10169,0.10315,0.10081,0.10183,32293837.0
2022-09-03 08:00:00+00:00,0.10181,0.10262,0.1013,0.10187,19207000.0
2022-09-03 12:00:00+00:00,0.10187,0.10238,0.10124,0.10165,20531716.0
2022-09-03 16:00:00+00:00,0.10165,0.10203,0.10065,0.10122,25750035.0
2022-09-03 20:00:00+00:00,0.10122,0.10165,0.1009,0.10165,16884493.0
2022-09-04 00:00:00+00:00,0.10166,0.1024,0.10139,0.10177,16475375.0
2022-09-04 04:00:00+00:00,0.10176,0.10215,0.10121,0.10122,17389761.0
2022-09-04 08:00:00+00:00,0.1012,0.10266,0.10072,0.10265,24799098.0
2022-09-04 12:00:00+00:00,0.10267,0.10341,0.10173,0.10269,31386118.0
2022-09-04 16:00:00+00:00,0.10268,0.10341,0.10223,0.10324,18565880.0
2022-09-04 20:00:00+00:00,0.10324,0.10457,0.10317,0.10444,38839371.0
2022-09-05 00:00:00+00:00,0.10444,0.10528,0.10391,0.10464,31762197.0
2022-09-05 04:00:00+00:00,0.10465,0.10508,0.10219,0.10239,34562399.0
2022-09-05 08:00:00+00:00,0.10239,0.10248,0.10065,0.10119,51067755.0
2022-09-05 12:00:00+00:00,0.10119,0.10279,0.10042,0.10244,44894716.0
2022-09-05 16:00:00+00:00,0.10244,0.10285,0.10124,0.10181,26387297.0
2022-09-05 20:00:00+00:00,0.10179,0.10448,0.10177,0.10402,34860511.0
2022-09-06 00:00:00+00:00,0.10402,0.10818,0.10402,0.10602,79727058.0
2022-09-06 04:00:00+00:00,0.10603,0.10766,0.106,0.10671,40321312.0
2022-09-06 08:00:00+00:00,0.10671,0.10873,0.10541,0.10839,46742098.0
2022-09-06 12:00:00+00:00,0.10838,0.10838,0.10452,0.10732,80159629.0
2022-09-06 16:00:00+00:00,0.10733,0.10751,0.09807,0.09907,155434819.0
2022-09-06 20:00:00+00:00,0.09907,0.09941,0.09687,0.09757,59603877.0
2022-09-07 00:00:00+00:00,0.09756,0.0993,0.09545,0.09902,82589833.0
2022-09-07 04:00:00+00:00,0.09901,0.10022,0.09818,0.10013,33812263.0
2022-09-07 08:00:00+00:00,0.10011,0.10065,0.09963,0.10015,32633882.0
2022-09-07 12:00:00+00:00,0.10014,0.10227,0.09914,0.10135,53833297.0
2022-09-07 16:00:00+00:00,0.10138,0.10272,0.10087,0.10207,26857194.0
2022-09-07 20:00:00+00:00,0.10208,0.10547,0.10208,0.10404,53454126.0
2022-09-08 00:00:00+00:00,0.10404,0.10545,0.10325,0.10404,27480667.0
2022-09-08 04:00:00+00:00,0.10403,0.10493,0.10121,0.10246,33663464.0
2022-09-08 08:00:00+00:00,0.10245,0.10359,0.10179,0.10281,27194752.0
2022-09-08 12:00:00+00:00,0.10283,0.105,0.10074,0.1041,52362884.0
2022-09-08 16:00:00+00:00,0.10408,0.10503,0.10219,0.10459,49132704.0
2022-09-08 20:00:00+00:00,0.10458,0.10513,0.10341,0.10409,22137329.0
2022-09-09 00:00:00+00:00,0.1041,0.10675,0.1039,0.10625,34049874.0
2022-09-09 04:00:00+00:00,0.10626,0.1096,0.10568,0.10925,59155039.0
2022-09-09 08:00:00+00:00,0.10925,0.11231,0.10909,0.1113,58105552.0
2022-09-09 12:00:00+00:00,0.11128,0.11345,0.10982,0.1103,54353102.0
2022-09-09 16:00:00+00:00,0.11029,0.11083,0.10906,0.11055,28475127.0
2022-09-09 20:00:00+00:00,0.11055,0.11384,0.11022,0.11248,29711858.0
2022-09-10 00:00:00+00:00,0.11249,0.11458,0.11168,0.1123,30704559.0
2022-09-10 04:00:00+00:00,0.11227,0.11639,0.11227,0.1139,60239716.0
2022-09-10 08:00:00+00:00,0.11392,0.11617,0.11372,0.1151,29069511.0
2022-09-10 12:00:00+00:00,0.11511,0.1161,0.11277,0.1131,36732200.0
2022-09-10 16:00:00+00:00,0.1131,0.11682,0.11254,0.11626,51087933.0
2022-09-10 20:00:00+00:00,0.11626,0.1185,0.11513,0.11702,68796252.0
2022-09-11 00:00:00+00:00,0.11702,0.121,0.11702,0.11908,69734372.0
2022-09-11 04:00:00+00:00,0.11909,0.12041,0.11622,0.11821,58825304.0
2022-09-11 08:00:00+00:00,0.11821,0.11838,0.11585,0.11716,35979770.0
2022-09-11 12:00:00+00:00,0.11715,0.11754,0.11601,0.11678,30794305.0
2022-09-11 16:00:00+00:00,0.11678,0.11812,0.11554,0.11586,30899077.0
2022-09-11 20:00:00+00:00,0.11582,0.11682,0.11379,0.11668,36597299.0
2022-09-12 00:00:00+00:00,0.11668,0.12164,0.11456,0.11739,74770461.0
2022-09-12 04:00:00+00:00,0.11741,0.11996,0.11721,0.11916,32505305.0
2022-09-12 08:00:00+00:00,0.11916,0.12078,0.1185,0.11974,44063433.0
2022-09-12 12:00:00+00:00,0.11971,0.12115,0.11748,0.11777,50691023.0
2022-09-12 16:00:00+00:00,0.11775,0.1335,0.1159,0.12592,515020577.0
2022-09-12 20:00:00+00:00,0.12592,0.12957,0.12444,0.12833,104438691.0
2022-09-13 00:00:00+00:00,0.12835,0.12911,0.12323,0.12488,82707747.0
2022-09-13 04:00:00+00:00,0.1249,0.12505,0.11918,0.12094,76147012.0
2022-09-13 08:00:00+00:00,0.12094,0.12178,0.11829,0.12065,73134891.0
2022-09-13 12:00:00+00:00,0.12061,0.12152,0.10995,0.11141,177082827.0
2022-09-13 16:00:00+00:00,0.11137,0.11298,0.10849,0.11114,106301762.0
2022-09-13 20:00:00+00:00,0.11111,0.11112,0.10747,0.10815,73523376.0
2022-09-14 00:00:00+00:00,0.10813,0.11165,0.10707,0.11113,69703147.0
2022-09-14 04:00:00+00:00,0.11112,0.11233,0.10857,0.10992,45203721.0
2022-09-14 08:00:00+00:00,0.1099,0.11141,0.10865,0.10956,39566055.0
2022-09-14 12:00:00+00:00,0.10958,0.11132,0.10808,0.11024,62067211.0
2022-09-14 16:00:00+00:00,0.11023,0.11106,0.10725,0.11028,60257076.0
2022-09-14 20:00:00+00:00,0.11028,0.1134,0.10975,0.11247,46292732.0
2022-09-15 00:00:00+00:00,0.11247,0.11305,0.1075,0.10957,58266089.0
2022-09-15 04:00:00+00:00,0.10958,0.11559,0.10833,0.11322,84247585.0
2022-09-15 08:00:00+00:00,0.11319,0.1134,0.11084,0.11171,41913640.0
2022-09-15 12:00:00+00:00,0.11173,0.1126,0.10611,0.10878,81487957.0
2022-09-15 16:00:00+00:00,0.10879,0.11033,0.10833,0.10963,31476060.0
2022-09-15 20:00:00+00:00,0.10962,0.1105,0.10748,0.10842,31439827.0
2022-09-16 00:00:00+00:00,0.10844,0.10994,0.10694,0.10917,37303996.0
2022-09-16 04:00:00+00:00,0.10916,0.11016,0.10789,0.10809,24877610.0
2022-09-16 08:00:00+00:00,0.10809,0.10889,0.1056,0.10874,44134090.0
2022-09-16 12:00:00+00:00,0.10875,0.10886,0.10539,0.10739,53239636.0
2022-09-16 16:00:00+00:00,0.10734,0.1074,0.10345,0.10515,57616195.0
2022-09-16 20:00:00+00:00,0.10513,0.10608,0.10492,0.10569,22830027.0
2022-09-17 00:00:00+00:00,0.1057,0.10765,0.10555,0.10706,24425061.0
2022-09-17 04:00:00+00:00,0.10704,0.10777,0.10629,0.10699,17106023.0
2022-09-17 08:00:00+00:00,0.107,0.10771,0.10689,0.10738,21950313.0
2022-09-17 12:00:00+00:00,0.10737,0.10846,0.10684,0.10806,26878501.0
2022-09-17 16:00:00+00:00,0.10807,0.10888,0.10742,0.10776,25029391.0
2022-09-17 20:00:00+00:00,0.10778,0.10907,0.10751,0.1087,16510921.0
2022-09-18 00:00:00+00:00,0.10871,0.10888,0.1073,0.10769,17587538.0
2022-09-18 04:00:00+00:00,0.10771,0.10909,0.1077,0.10862,17226585.0
2022-09-18 08:00:00+00:00,0.10864,0.10934,0.10616,0.10674,36761204.0
2022-09-18 12:00:00+00:00,0.10674,0.1072,0.10513,0.10591,28805184.0
2022-09-18 16:00:00+00:00,0.1059,0.1062,0.10333,0.1047,49636099.0
2022-09-18 20:00:00+00:00,0.10468,0.10475,0.0955,0.09986,86624357.0
2022-09-19 00:00:00+00:00,0.09985,0.10237,0.0963,0.09864,69078100.0
2022-09-19 04:00:00+00:00,0.09864,0.10052,0.09782,0.10048,38813595.0
2022-09-19 08:00:00+00:00,0.10048,0.10155,0.09851,0.10109,35555505.0
2022-09-19 12:00:00+00:00,0.10111,0.10349,0.10071,0.10161,64659204.0
2022-09-19 16:00:00+00:00,0.10159,0.10215,0.09911,0.10124,49717481.0
2022-09-19 20:00:00+00:00,0.10126,0.10208,0.10091,0.10127,32086727.0
2022-09-20 00:00:00+00:00,0.10126,0.10194,0.09947,0.10078,36094113.0
2022-09-20 04:00:00+00:00,0.10079,0.10199,0.10004,0.10088,36793458.0
2022-09-20 08:00:00+00:00,0.10086,0.10125,0.0987,0.09921,44964729.0
2022-09-20 12:00:00+00:00,0.09926,0.10043,0.09705,0.10036,68228625.0
2022-09-20 16:00:00+00:00,0.10037,0.1006,0.09741,0.09808,63821288.0
2022-09-20 20:00:00+00:00,0.09808,0.09845,0.09559,0.09669,39923303.0
2022-09-21 00:00:00+00:00,0.09671,0.09827,0.09611,0.09787,29946427.0
2022-09-21 04:00:00+00:00,0.09787,0.09848,0.09425,0.09625,56331620.0
2022-09-21 08:00:00+00:00,0.09618,0.09774,0.09571,0.09755,29863372.0
2022-09-21 12:00:00+00:00,0.09755,0.09838,0.09583,0.09653,38363875.0
2022-09-21 16:00:00+00:00,0.09653,0.10186,0.09466,0.09715,109476168.0
2022-09-21 20:00:00+00:00,0.09713,0.0973,0.09052,0.09301,83349102.0
2022-09-22 00:00:00+00:00,0.09301,0.09731,0.09274,0.09657,58541980.0
2022-09-22 04:00:00+00:00,0.09656,0.09884,0.09656,0.09861,42834232.0
2022-09-22 08:00:00+00:00,0.09861,0.10023,0.09844,0.10008,55345805.0
2022-09-22 12:00:00+00:00,0.10009,0.10031,0.09756,0.09898,43511697.0
2022-09-22 16:00:00+00:00,0.09899,0.10133,0.0979,0.10024,38631444.0
2022-09-22 20:00:00+00:00,0.10024,0.10146,0.09928,0.10022,30947743.0
2022-09-23 00:00:00+00:00,0.10022,0.10209,0.09953,0.10181,38523099.0
2022-09-23 04:00:00+00:00,0.10182,0.10304,0.10024,0.10041,38127810.0
2022-09-23 08:00:00+00:00,0.10041,0.10089,0.09759,0.09844,50079539.0
2022-09-23 12:00:00+00:00,0.09844,0.10076,0.09712,0.0995,60254779.0
2022-09-23 16:00:00+00:00,0.09947,0.10019,0.09836,0.10007,45623255.0
2022-09-23 20:00:00+00:00,0.10007,0.10365,0.1,0.1028,38937092.0
2022-09-24 00:00:00+00:00,0.10281,0.10404,0.10212,0.10264,26881135.0
2022-09-24 04:00:00+00:00,0.10267,0.10343,0.1012,0.10146,20486588.0
2022-09-24 08:00:00+00:00,0.10146,0.10215,0.10056,0.10142,20255683.0
2022-09-24 12:00:00+00:00,0.10142,0.10238,0.10141,0.10202,18631069.0
2022-09-24 16:00:00+00:00,0.10202,0.10329,0.10165,0.10253,22139258.0
2022-09-24 20:00:00+00:00,0.10254,0.10355,0.10012,0.10043,26157152.0
2022-09-25 00:00:00+00:00,0.10046,0.10263,0.10029,0.10261,16973097.0
2022-09-25 04:00:00+00:00,0.1026,0.10563,0.1025,0.10421,69984581.0
2022-09-25 08:00:00+00:00,0.10421,0.1085,0.1042,0.10658,168215645.0
2022-09-25 12:00:00+00:00,0.10657,0.10669,0.10249,0.1036,96274019.0
2022-09-25 16:00:00+00:00,0.10362,0.10427,0.10145,0.10313,59210703.0
2022-09-25 20:00:00+00:00,0.10312,0.10312,0.09966,0.10115,47998716.0
2022-09-26 00:00:00+00:00,0.10113,0.10249,0.10017,0.1008,42657087.0
2022-09-26 04:00:00+00:00,0.10079,0.10121,0.09852,0.10018,44767882.0
2022-09-26 08:00:00+00:00,0.10018,0.10202,0.0994,0.10019,51812151.0
2022-09-26 12:00:00+00:00,0.10021,0.10249,0.09981,0.10115,53651133.0
2022-09-26 16:00:00+00:00,0.10113,0.10229,0.09976,0.10166,32291854.0
2022-09-26 20:00:00+00:00,0.10167,0.10271,0.10125,0.10247,22419586.0
2022-09-27 00:00:00+00:00,0.10248,0.1053,0.10228,0.10462,45917504.0
2022-09-27 04:00:00+00:00,0.10464,0.10559,0.10385,0.10417,34120283.0
2022-09-27 08:00:00+00:00,0.10419,0.10456,0.10314,0.10347,25027120.0
2022-09-27 12:00:00+00:00,0.10342,0.10467,0.10232,0.10256,41457741.0
2022-09-27 16:00:00+00:00,0.10256,0.10374,0.09777,0.09915,84993019.0
2022-09-27 20:00:00+00:00,0.09915,0.10009,0.09856,0.09918,26619545.0
2022-09-28 00:00:00+00:00,0.09918,0.09993,0.09524,0.09738,56326413.0
2022-09-28 04:00:00+00:00,0.09737,0.09847,0.09652,0.09827,31641995.0
2022-09-28 08:00:00+00:00,0.09827,0.09864,0.09675,0.09777,44058607.0
2022-09-28 12:00:00+00:00,0.09776,0.09953,0.09742,0.09823,47843957.0
2022-09-28 16:00:00+00:00,0.09822,0.0996,0.09791,0.09916,41117806.0
2022-09-28 20:00:00+00:00,0.09917,0.10004,0.09839,0.09866,28046763.0
2022-09-29 00:00:00+00:00,0.09868,0.09944,0.09778,0.099,39900935.0
2022-09-29 04:00:00+00:00,0.09901,0.09932,0.09746,0.09794,36388618.0
2022-09-29 08:00:00+00:00,0.09794,0.09936,0.09742,0.09889,30710960.0
2022-09-29 12:00:00+00:00,0.09888,0.09894,0.09665,0.09814,51300049.0
2022-09-29 16:00:00+00:00,0.09812,0.09903,0.0976,0.09837,31592459.0
2022-09-29 20:00:00+00:00,0.09837,0.09927,0.09806,0.099,23130085.0
2022-09-30 00:00:00+00:00,0.09901,0.09954,0.09827,0.09871,31644345.0
2022-09-30 04:00:00+00:00,0.09873,0.09964,0.09871,0.09917,21691380.0
2022-09-30 08:00:00+00:00,0.0992,0.09994,0.09751,0.09777,31556905.0
2022-09-30 12:00:00+00:00,0.09777,0.10026,0.09695,0.09909,69956737.0
2022-09-30 16:00:00+00:00,0.09912,0.10094,0.09842,0.0987,54491787.0
2022-09-30 20:00:00+00:00,0.09868,0.09894,0.09755,0.09862,31023119.0
2022-10-01 00:00:00+00:00,0.09862,0.09935,0.0982,0.09913,20223402.0
2022-10-01 04:00:00+00:00,0.09915,0.09921,0.0982,0.09868,15838871.0
2022-10-01 08:00:00+00:00,0.0987,0.09888,0.09766,0.09831,17656039.0
2022-10-01 12:00:00+00:00,0.09831,0.09831,0.09709,0.0977,21880602.0
2022-10-01 16:00:00+00:00,0.09769,0.09773,0.09658,0.09755,26932912.0
2022-10-01 20:00:00+00:00,0.09755,0.09783,0.09692,0.09746,14450109.0
2022-10-02 00:00:00+00:00,0.09744,0.098,0.09725,0.09776,12250292.0
2022-10-02 04:00:00+00:00,0.09775,0.09816,0.0975,0.09769,15296818.0
2022-10-02 08:00:00+00:00,0.09769,0.0979,0.09505,0.09636,31754728.0
2022-10-02 12:00:00+00:00,0.09636,0.0968,0.09593,0.09635,18070624.0
2022-10-02 16:00:00+00:00,0.09635,0.09735,0.09626,0.09712,17369901.0
2022-10-02 20:00:00+00:00,0.09712,0.09725,0.09415,0.09424,35929571.0
2022-10-03 00:00:00+00:00,0.09425,0.09585,0.09305,0.09523,36050345.0
2022-10-03 04:00:00+00:00,0.09522,0.09559,0.09414,0.09525,23097887.0
2022-10-03 08:00:00+00:00,0.09525,0.09603,0.09497,0.09597,13920736.0
2022-10-03 12:00:00+00:00,0.09597,0.09759,0.0954,0.09705,34821692.0
2022-10-03 16:00:00+00:00,0.09706,0.09787,0.09631,0.09707,22558329.0
2022-10-03 20:00:00+00:00,0.09707,0.09806,0.09701,0.09767,19594884.0
2022-10-04 00:00:00+00:00,0.09767,0.09842,0.09746,0.09836,17445191.0
2022-10-04 04:00:00+00:00,0.09836,0.09986,0.09784,0.09979,33823603.0
2022-10-04 08:00:00+00:00,0.0998,0.1001,0.0989,0.09958,30458804.0
2022-10-04 12:00:00+00:00,0.09958,0.10086,0.0995,0.10008,40769000.0
2022-10-04 16:00:00+00:00,0.10011,0.10083,0.09955,0.10071,27849527.0
2022-10-04 20:00:00+00:00,0.10073,0.10167,0.10049,0.10088,27125065.0
2022-10-05 00:00:00+00:00,0.10087,0.10113,0.10022,0.10031,20034163.0
2022-10-05 04:00:00+00:00,0.10032,0.10108,0.10022,0.10037,16959382.0
2022-10-05 08:00:00+00:00,0.10038,0.10039,0.09838,0.09854,28915299.0
2022-10-05 12:00:00+00:00,0.09853,0.09873,0.09683,0.09831,43373555.0
2022-10-05 16:00:00+00:00,0.0983,0.09981,0.09791,0.0991,29134062.0
2022-10-05 20:00:00+00:00,0.09909,0.10019,0.09869,0.1,18944640.0
2022-10-06 00:00:00+00:00,0.10001,0.10215,0.09995,0.10191,38145062.0
2022-10-06 04:00:00+00:00,0.10192,0.10196,0.10003,0.10052,32139740.0
2022-10-06 08:00:00+00:00,0.1005,0.10108,0.09991,0.1009,21435682.0
2022-10-06 12:00:00+00:00,0.10089,0.10146,0.09962,0.1004,39064881.0
2022-10-06 16:00:00+00:00,0.1004,0.10382,0.1,0.10101,136164523.0
2022-10-06 20:00:00+00:00,0.10101,0.10106,0.09872,0.09885,52272995.0
2022-10-07 00:00:00+00:00,0.09884,0.09982,0.09865,0.09896,30587180.0
2022-10-07 04:00:00+00:00,0.09896,0.09926,0.0981,0.09847,24734121.0
2022-10-07 08:00:00+00:00,0.09847,0.09877,0.0978,0.09804,21750828.0
2022-10-07 12:00:00+00:00,0.09804,0.09816,0.09404,0.09742,69006749.0
2022-10-07 16:00:00+00:00,0.09742,0.09787,0.09648,0.09786,25522549.0
2022-10-07 20:00:00+00:00,0.09786,0.09788,0.09749,0.09772,14465190.0
2022-10-08 00:00:00+00:00,0.09771,0.09878,0.09769,0.09796,19689129.0
2022-10-08 04:00:00+00:00,0.09797,0.09805,0.09735,0.09765,11871777.0
2022-10-08 08:00:00+00:00,0.09763,0.09779,0.09719,0.09777,11145687.0
2022-10-08 12:00:00+00:00,0.09776,0.09779,0.09685,0.09711,15380428.0
2022-10-08 16:00:00+00:00,0.09712,0.09765,0.09686,0.09704,12698250.0
2022-10-08 20:00:00+00:00,0.09704,0.09722,0.09573,0.09617,15580677.0
2022-10-09 00:00:00+00:00,0.09617,0.09654,0.0958,0.09591,10669736.0
2022-10-09 04:00:00+00:00,0.0959,0.09657,0.09582,0.0964,10209468.0
2022-10-09 08:00:00+00:00,0.0964,0.0967,0.09605,0.09638,13694675.0
2022-10-09 12:00:00+00:00,0.09639,0.09686,0.0963,0.09678,12645089.0
2022-10-09 16:00:00+00:00,0.09677,0.09677,0.09582,0.0965,13481460.0
2022-10-09 20:00:00+00:00,0.0965,0.09654,0.0958,0.09631,12185532.0
2022-10-10 00:00:00+00:00,0.09632,0.09717,0.09604,0.09631,15827400.0
2022-10-10 04:00:00+00:00,0.0963,0.09646,0.09518,0.09567,21593698.0
2022-10-10 08:00:00+00:00,0.09566,0.09572,0.0934,0.09462,43615886.0
2022-10-10 12:00:00+00:00,0.09463,0.09489,0.09359,0.09413,24550237.0
2022-10-10 16:00:00+00:00,0.09414,0.09421,0.09265,0.09381,36080545.0
2022-10-10 20:00:00+00:00,0.0938,0.09393,0.09084,0.09118,34543757.0
2022-10-11 00:00:00+00:00,0.09118,0.09118,0.08805,0.08954,61634225.0
2022-10-11 04:00:00+00:00,0.08953,0.0905,0.08922,0.09021,27707065.0
2022-10-11 08:00:00+00:00,0.09022,0.09053,0.08926,0.09029,21789916.0
2022-10-11 12:00:00+00:00,0.09029,0.09107,0.08882,0.09056,53204274.0
2022-10-11 16:00:00+00:00,0.09058,0.09067,0.08831,0.08873,36142553.0
2022-10-11 20:00:00+00:00,0.08874,0.08921,0.08771,0.08855,26384698.0
2022-10-12 00:00:00+00:00,0.08856,0.08947,0.0883,0.08873,18359982.0
2022-10-12 04:00:00+00:00,0.08873,0.08954,0.08864,0.08901,23671645.0
2022-10-12 08:00:00+00:00,0.08901,0.08959,0.08871,0.08876,17647029.0
2022-10-12 12:00:00+00:00,0.08874,0.08898,0.08727,0.08847,38624790.0
2022-10-12 16:00:00+00:00,0.08846,0.0885,0.0871,0.08808,27640557.0
2022-10-12 20:00:00+00:00,0.08809,0.08823,0.08751,0.08755,14715202.0
2022-10-13 00:00:00+00:00,0.08752,0.08765,0.08364,0.08535,60493648.0
2022-10-13 04:00:00+00:00,0.08535,0.08571,0.07967,0.08219,94692849.0
2022-10-13 08:00:00+00:00,0.08217,0.08339,0.079,0.08297,99020537.0
2022-10-13 12:00:00+00:00,0.08298,0.08785,0.08003,0.08691,136520319.0
2022-10-13 16:00:00+00:00,0.08692,0.08869,0.08587,0.08805,61829950.0
2022-10-13 20:00:00+00:00,0.08804,0.08879,0.08761,0.08783,23539113.0
2022-10-14 00:00:00+00:00,0.08784,0.09065,0.08724,0.08919,62295802.0
2022-10-14 04:00:00+00:00,0.08918,0.08963,0.08841,0.08864,33249647.0
2022-10-14 08:00:00+00:00,0.08866,0.08891,0.08766,0.08773,32127349.0
2022-10-14 12:00:00+00:00,0.08773,0.08907,0.08584,0.08608,56627099.0
2022-10-14 16:00:00+00:00,0.0861,0.08634,0.085,0.08547,36318262.0
2022-10-14 20:00:00+00:00,0.08548,0.08576,0.08443,0.08533,20802180.0
2022-10-15 00:00:00+00:00,0.08533,0.08575,0.08392,0.08521,42318144.0
2022-10-15 04:00:00+00:00,0.08521,0.08549,0.0844,0.08469,24707916.0
2022-10-15 08:00:00+00:00,0.08469,0.08481,0.08337,0.08477,34739157.0
2022-10-15 12:00:00+00:00,0.08476,0.08701,0.08449,0.08678,41180736.0
2022-10-15 16:00:00+00:00,0.08678,0.08754,0.08574,0.08599,33324777.0
2022-10-15 20:00:00+00:00,0.08599,0.08601,0.08405,0.08455,23572818.0
2022-10-16 00:00:00+00:00,0.08455,0.0856,0.08449,0.08525,16395735.0
2022-10-16 04:00:00+00:00,0.08523,0.08583,0.08519,0.08554,17503355.0
2022-10-16 08:00:00+00:00,0.08554,0.08614,0.08492,0.08547,18306774.0
2022-10-16 12:00:00+00:00,0.08546,0.08551,0.08483,0.08528,15793433.0
2022-10-16 16:00:00+00:00,0.08528,0.08659,0.08451,0.08654,23590713.0
2022-10-16 20:00:00+00:00,0.08653,0.08677,0.08492,0.08582,27556816.0
2022-10-17 00:00:00+00:00,0.08582,0.08609,0.08432,0.08446,23076279.0
2022-10-17 04:00:00+00:00,0.08445,0.08615,0.08434,0.08601,23574521.0
2022-10-17 08:00:00+00:00,0.08599,0.08713,0.08528,0.0864,34703926.0
2022-10-17 12:00:00+00:00,0.0864,0.08782,0.08605,0.0868,46882972.0
2022-10-17 16:00:00+00:00,0.0868,0.0872,0.08591,0.08633,24730803.0
2022-10-17 20:00:00+00:00,0.08633,0.08716,0.08626,0.08672,28469844.0
2022-10-18 00:00:00+00:00,0.08672,0.0875,0.08496,0.0859,40846618.0
2022-10-18 04:00:00+00:00,0.0859,0.08651,0.08543,0.08627,34883542.0
2022-10-18 08:00:00+00:00,0.08628,0.0863,0.08361,0.08448,45051435.0
2022-10-18 12:00:00+00:00,0.08448,0.08521,0.08289,0.0838,64341802.0
2022-10-18 16:00:00+00:00,0.0838,0.08414,0.0818,0.08301,52734252.0
2022-10-18 20:00:00+00:00,0.08301,0.08391,0.08268,0.0831,31421107.0
2022-10-19 00:00:00+00:00,0.08311,0.08339,0.08222,0.08257,29798082.0
2022-10-19 04:00:00+00:00,0.08257,0.08269,0.08066,0.08125,41825428.0
2022-10-19 08:00:00+00:00,0.08124,0.08158,0.08041,0.0812,39146302.0
2022-10-19 12:00:00+00:00,0.08119,0.08203,0.08046,0.08183,40549845.0
2022-10-19 16:00:00+00:00,0.08183,0.08194,0.08062,0.08098,33147336.0
2022-10-19 20:00:00+00:00,0.08098,0.08133,0.0774,0.07911,80195963.0
2022-10-20 00:00:00+00:00,0.0791,0.07993,0.078,0.07963,42112327.0
2022-10-20 04:00:00+00:00,0.07962,0.08098,0.07951,0.08066,30072546.0
2022-10-20 08:00:00+00:00,0.08068,0.08106,0.0801,0.08046,32382234.0
2022-10-20 12:00:00+00:00,0.08046,0.081,0.07973,0.08017,33298539.0
2022-10-20 16:00:00+00:00,0.08016,0.08019,0.07766,0.07895,49181385.0
2022-10-20 20:00:00+00:00,0.07893,0.07904,0.07755,0.0779,36796530.0
2022-10-21 00:00:00+00:00,0.0779,0.07791,0.07557,0.0774,61976040.0
2022-10-21 04:00:00+00:00,0.07741,0.07776,0.0768,0.07697,23640671.0
2022-10-21 08:00:00+00:00,0.07697,0.07711,0.0752,0.07598,43035059.0
2022-10-21 12:00:00+00:00,0.07598,0.07823,0.07467,0.07823,64650929.0
2022-10-21 16:00:00+00:00,0.07822,0.07961,0.07779,0.07914,34756331.0
2022-10-21 20:00:00+00:00,0.07916,0.07962,0.07817,0.07858,28039271.0
2022-10-22 00:00:00+00:00,0.07859,0.079,0.07765,0.07834,23017825.0
2022-10-22 04:00:00+00:00,0.07832,0.07837,0.0774,0.07792,26826496.0
2022-10-22 08:00:00+00:00,0.07791,0.07867,0.07789,0.07818,24095885.0
2022-10-22 12:00:00+00:00,0.07818,0.07905,0.07783,0.07815,27401194.0
2022-10-22 16:00:00+00:00,0.07815,0.07841,0.07753,0.07782,19706874.0
2022-10-22 20:00:00+00:00,0.07783,0.07855,0.07759,0.07826,13410189.0
2022-10-23 00:00:00+00:00,0.07825,0.07888,0.07775,0.07844,19642755.0
2022-10-23 04:00:00+00:00,0.07844,0.0789,0.07801,0.07821,19334067.0
2022-10-23 08:00:00+00:00,0.07822,0.07853,0.07655,0.07692,30369979.0
2022-10-23 12:00:00+00:00,0.07692,0.07748,0.07623,0.07736,21287222.0
2022-10-23 16:00:00+00:00,0.07735,0.07983,0.07693,0.07929,42822996.0
2022-10-23 20:00:00+00:00,0.07929,0.08022,0.07851,0.08006,46897153.0
2022-10-24 00:00:00+00:00,0.08007,0.0807,0.07864,0.07899,40441940.0
2022-10-24 04:00:00+00:00,0.07899,0.07964,0.07834,0.0791,33333419.0
2022-10-24 08:00:00+00:00,0.0791,0.08068,0.07887,0.08038,48485230.0
2022-10-24 12:00:00+00:00,0.08038,0.08044,0.07765,0.07922,82500483.0
2022-10-24 16:00:00+00:00,0.07922,0.08024,0.0785,0.07989,41830010.0
2022-10-24 20:00:00+00:00,0.07991,0.08035,0.07913,0.07963,28607559.0
2022-10-25 00:00:00+00:00,0.07964,0.08079,0.07926,0.08027,37865688.0
2022-10-25 04:00:00+00:00,0.08025,0.08068,0.07967,0.07994,31640199.0
2022-10-25 08:00:00+00:00,0.07995,0.08016,0.07865,0.07935,33971862.0
2022-10-25 12:00:00+00:00,0.07935,0.08235,0.07905,0.08174,70531353.0
2022-10-25 16:00:00+00:00,0.08176,0.08439,0.08171,0.08346,104822821.0
2022-10-25 20:00:00+00:00,0.08343,0.08361,0.08073,0.08087,58947464.0
2022-10-26 00:00:00+00:00,0.0809,0.0827,0.08088,0.08239,44664287.0
2022-10-26 04:00:00+00:00,0.08239,0.08348,0.08217,0.08232,49450352.0
2022-10-26 08:00:00+00:00,0.08231,0.08395,0.08175,0.08186,58847966.0
2022-10-26 12:00:00+00:00,0.08186,0.08305,0.08054,0.08229,91721869.0
2022-10-26 16:00:00+00:00,0.0823,0.08268,0.08128,0.08188,50889073.0
2022-10-26 20:00:00+00:00,0.08189,0.08316,0.08167,0.08237,43573587.0
2022-10-27 00:00:00+00:00,0.08241,0.08378,0.08202,0.08331,49056766.0
2022-10-27 04:00:00+00:00,0.08331,0.08563,0.08271,0.08368,82954727.0
2022-10-27 08:00:00+00:00,0.08368,0.084,0.08194,0.08268,55939492.0
2022-10-27 12:00:00+00:00,0.08268,0.08383,0.08121,0.08187,74299583.0
2022-10-27 16:00:00+00:00,0.08186,0.08289,0.08128,0.08253,35196755.0
2022-10-27 20:00:00+00:00,0.08255,0.08265,0.0794,0.07977,69913238.0
2022-10-28 00:00:00+00:00,0.07976,0.08102,0.079,0.07994,51131059.0
2022-10-28 04:00:00+00:00,0.07991,0.08043,0.07858,0.0791,34045217.0
2022-10-28 08:00:00+00:00,0.07911,0.0803,0.07882,0.07953,32893528.0
2022-10-28 12:00:00+00:00,0.07952,0.08143,0.07878,0.08107,66540298.0
2022-10-28 16:00:00+00:00,0.08111,0.08267,0.08099,0.08238,59406886.0
2022-10-28 20:00:00+00:00,0.08238,0.08299,0.08193,0.08212,26312808.0
2022-10-29 00:00:00+00:00,0.08212,0.08418,0.08208,0.08378,46299612.0
2022-10-29 04:00:00+00:00,0.08378,0.08566,0.08289,0.08554,70774599.0
2022-10-29 08:00:00+00:00,0.08552,0.08556,0.08278,0.08342,90850290.0
2022-10-29 12:00:00+00:00,0.08343,0.08412,0.08266,0.08364,57856774.0
2022-10-29 16:00:00+00:00,0.08366,0.08648,0.08323,0.08405,106817728.0
2022-10-29 20:00:00+00:00,0.08404,0.08485,0.08297,0.08409,38707252.0
2022-10-30 00:00:00+00:00,0.08409,0.08502,0.08349,0.08476,30499175.0
2022-10-30 04:00:00+00:00,0.08478,0.08759,0.08356,0.0872,69668975.0
2022-10-30 08:00:00+00:00,0.08721,0.08755,0.084,0.08531,92541814.0
2022-10-30 12:00:00+00:00,0.0853,0.08533,0.08192,0.08278,69829187.0
2022-10-30 16:00:00+00:00,0.08279,0.08443,0.08248,0.08387,44006155.0
2022-10-30 20:00:00+00:00,0.08388,0.08477,0.08231,0.08352,43923362.0
2022-10-31 00:00:00+00:00,0.08351,0.0842,0.08195,0.08359,43372024.0
2022-10-31 04:00:00+00:00,0.08361,0.08384,0.08198,0.08282,27996126.0
2022-10-31 08:00:00+00:00,0.08283,0.0841,0.08142,0.08373,64365989.0
2022-10-31 12:00:00+00:00,0.08373,0.08475,0.08142,0.0829,118677575.0
2022-10-31 16:00:00+00:00,0.08291,0.08641,0.08216,0.08555,112388605.0
2022-10-31 20:00:00+00:00,0.08556,0.0856,0.08382,0.08413,56056008.0
2022-11-01 00:00:00+00:00,0.08412,0.08649,0.084,0.08633,63668788.0
2022-11-01 04:00:00+00:00,0.08634,0.0874,0.08581,0.08635,72088564.0
2022-11-01 08:00:00+00:00,0.08635,0.08704,0.08462,0.08489,70915577.0
2022-11-01 12:00:00+00:00,0.08489,0.08516,0.08298,0.08402,63878054.0
2022-11-01 16:00:00+00:00,0.08401,0.08423,0.08242,0.08264,56450984.0
2022-11-01 20:00:00+00:00,0.08266,0.08298,0.08205,0.08214,36431059.0
2022-11-02 00:00:00+00:00,0.08214,0.08288,0.0813,0.08263,45688126.0
2022-11-02 04:00:00+00:00,0.08262,0.08286,0.08065,0.08171,62623693.0
2022-11-02 08:00:00+00:00,0.0817,0.08279,0.08005,0.08139,75840323.0
2022-11-02 12:00:00+00:00,0.08139,0.08196,0.08064,0.08131,41858856.0
2022-11-02 16:00:00+00:00,0.0813,0.0844,0.08034,0.08105,97864280.0
2022-11-02 20:00:00+00:00,0.08105,0.08149,0.07883,0.08126,55220295.0
2022-11-03 00:00:00+00:00,0.08126,0.08815,0.08093,0.08695,127373918.0
2022-11-03 04:00:00+00:00,0.08698,0.09725,0.0869,0.08956,384967583.0
2022-11-03 08:00:00+00:00,0.08954,0.09317,0.08833,0.08944,171676555.0
2022-11-03 12:00:00+00:00,0.08945,0.09035,0.08667,0.08859,103204612.0
2022-11-03 16:00:00+00:00,0.08858,0.09062,0.08782,0.08846,96234866.0
2022-11-03 20:00:00+00:00,0.08847,0.08864,0.08555,0.08682,82310891.0
2022-11-04 00:00:00+00:00,0.08681,0.0987,0.08534,0.09373,295499975.0
2022-11-04 04:00:00+00:00,0.09372,0.09629,0.0902,0.09458,193245953.0
2022-11-04 08:00:00+00:00,0.09457,0.09706,0.09319,0.09514,127663520.0
2022-11-04 12:00:00+00:00,0.09515,0.09805,0.0932,0.0938,149743281.0
2022-11-04 16:00:00+00:00,0.0938,0.0963,0.09317,0.09449,82566875.0
2022-11-04 20:00:00+00:00,0.09451,0.09564,0.09421,0.09475,43661911.0
2022-11-05 00:00:00+00:00,0.09473,0.09962,0.09473,0.09657,102132795.0
2022-11-05 04:00:00+00:00,0.09658,0.09914,0.09508,0.09795,57247569.0
2022-11-05 08:00:00+00:00,0.09793,0.10064,0.09466,0.10011,135614497.0
2022-11-05 12:00:00+00:00,0.10009,0.10355,0.09778,0.10289,185883200.0
2022-11-05 16:00:00+00:00,0.10288,0.1045,0.09934,0.1,106598961.0
2022-11-05 20:00:00+00:00,0.1,0.10136,0.09607,0.09829,81655077.0
2022-11-06 00:00:00+00:00,0.0983,0.10001,0.09602,0.09771,70076307.0
2022-11-06 04:00:00+00:00,0.09772,0.0985,0.09661,0.09692,50199794.0
2022-11-06 08:00:00+00:00,0.09692,0.09749,0.09555,0.09618,45481961.0
2022-11-06 12:00:00+00:00,0.09619,0.09679,0.09429,0.09578,62943845.0
2022-11-06 16:00:00+00:00,0.09576,0.09581,0.09294,0.0939,74576559.0
2022-11-06 20:00:00+00:00,0.0939,0.09443,0.08936,0.09005,73447173.0
2022-11-07 00:00:00+00:00,0.09004,0.09232,0.08932,0.09169,69365835.0
2022-11-07 04:00:00+00:00,0.09169,0.09195,0.08623,0.08661,77197738.0
2022-11-07 08:00:00+00:00,0.08661,0.08991,0.08655,0.08918,59261863.0
2022-11-07 12:00:00+00:00,0.08918,0.09098,0.08766,0.09082,65842969.0
2022-11-07 16:00:00+00:00,0.09083,0.092,0.08972,0.09166,77827263.0
2022-11-07 20:00:00+00:00,0.09166,0.0926,0.088,0.09031,70660475.0
2022-11-08 00:00:00+00:00,0.09031,0.09219,0.08397,0.08451,119220627.0
2022-11-08 04:00:00+00:00,0.08453,0.08545,0.07812,0.08241,222972625.0
2022-11-08 08:00:00+00:00,0.08241,0.08336,0.08127,0.08179,85408382.0
2022-11-08 12:00:00+00:00,0.0818,0.08247,0.0785,0.08068,121782236.0
2022-11-08 16:00:00+00:00,0.08068,0.0865,0.06539,0.0733,394331644.0
2022-11-08 20:00:00+00:00,0.07324,0.07628,0.07141,0.07542,197886816.0
2022-11-09 00:00:00+00:00,0.0754,0.07682,0.07307,0.07514,141516704.0
2022-11-09 04:00:00+00:00,0.07514,0.07682,0.07196,0.07202,167701989.0
2022-11-09 08:00:00+00:00,0.07204,0.07274,0.06474,0.06804,215448021.0
2022-11-09 12:00:00+00:00,0.06803,0.06946,0.0644,0.06489,160865499.0
2022-11-09 16:00:00+00:00,0.0649,0.06629,0.06116,0.06362,154461273.0
2022-11-09 20:00:00+00:00,0.06364,0.0662,0.05614,0.05812,243355345.0
2022-11-10 00:00:00+00:00,0.05811,0.06381,0.05699,0.06256,139057655.0
2022-11-10 04:00:00+00:00,0.06257,0.06735,0.06218,0.06576,130090257.0
2022-11-10 08:00:00+00:00,0.06575,0.06634,0.06339,0.06491,123379395.0
2022-11-10 12:00:00+00:00,0.06491,0.07196,0.06423,0.07151,173126772.0
2022-11-10 16:00:00+00:00,0.07159,0.07209,0.0677,0.06879,117507738.0
2022-11-10 20:00:00+00:00,0.06881,0.07046,0.0681,0.06938,74328091.0
2022-11-11 00:00:00+00:00,0.06937,0.07061,0.06531,0.06615,67329850.0
2022-11-11 04:00:00+00:00,0.06614,0.06894,0.06574,0.0681,54212893.0
2022-11-11 08:00:00+00:00,0.06809,0.06821,0.06691,0.06741,57207740.0
2022-11-11 12:00:00+00:00,0.06739,0.0685,0.06281,0.06497,104690172.0
2022-11-11 16:00:00+00:00,0.065,0.06591,0.0635,0.06458,83302242.0
2022-11-11 20:00:00+00:00,0.06459,0.06619,0.06326,0.06614,47473555.0
2022-11-12 00:00:00+00:00,0.06617,0.06617,0.06373,0.06389,46639384.0
2022-11-12 04:00:00+00:00,0.0639,0.06419,0.05985,0.06223,82290703.0
2022-11-12 08:00:00+00:00,0.06224,0.0634,0.06154,0.06284,40907713.0
2022-11-12 12:00:00+00:00,0.06285,0.06331,0.06149,0.06257,44204006.0
2022-11-12 16:00:00+00:00,0.06256,0.06286,0.06168,0.06189,31711446.0
2022-11-12 20:00:00+00:00,0.06188,0.06221,0.06087,0.06216,31667785.0
2022-11-13 00:00:00+00:00,0.06216,0.06449,0.06117,0.06419,47565636.0
2022-11-13 04:00:00+00:00,0.06419,0.06444,0.06125,0.06189,45197967.0
2022-11-13 08:00:00+00:00,0.0619,0.06228,0.06021,0.06185,57898749.0
2022-11-13 12:00:00+00:00,0.06182,0.06423,0.06142,0.06318,69908901.0
2022-11-13 16:00:00+00:00,0.06322,0.06329,0.06178,0.06299,56951492.0
2022-11-13 20:00:00+00:00,0.063,0.06319,0.06054,0.06158,56171520.0
2022-11-14 00:00:00+00:00,0.06157,0.0621,0.05779,0.05931,88185705.0
2022-11-14 04:00:00+00:00,0.05932,0.06285,0.05821,0.06261,71178607.0
2022-11-14 08:00:00+00:00,0.06258,0.06338,0.06168,0.06229,50071503.0
2022-11-14 12:00:00+00:00,0.06229,0.06391,0.06129,0.06257,65090071.0
2022-11-14 16:00:00+00:00,0.06255,0.063,0.0608,0.06211,57236217.0
2022-11-14 20:00:00+00:00,0.06212,0.06399,0.06205,0.06392,39155497.0
2022-11-15 00:00:00+00:00,0.06393,0.06518,0.06282,0.06485,58744103.0
2022-11-15 04:00:00+00:00,0.06483,0.06545,0.06385,0.06544,40613199.0
2022-11-15 08:00:00+00:00,0.06543,0.0661,0.06477,0.06509,55911637.0
2022-11-15 12:00:00+00:00,0.06507,0.067,0.06455,0.06611,64605210.0
2022-11-15 16:00:00+00:00,0.06611,0.06637,0.06373,0.0645,50109818.0
2022-11-15 20:00:00+00:00,0.06451,0.06477,0.06354,0.06424,32132533.0
2022-11-16 00:00:00+00:00,0.06424,0.06529,0.06364,0.06506,33386446.0
2022-11-16 04:00:00+00:00,0.06506,0.06512,0.06374,0.06417,30198217.0
2022-11-16 08:00:00+00:00,0.06417,0.06417,0.06242,0.06255,60682082.0
2022-11-16 12:00:00+00:00,0.06255,0.06286,0.06061,0.06098,71033715.0
2022-11-16 16:00:00+00:00,0.06102,0.06214,0.06051,0.06151,38734736.0
2022-11-16 20:00:00+00:00,0.0615,0.06217,0.06104,0.06159,28524069.0
2022-11-17 00:00:00+00:00,0.06159,0.06219,0.06081,0.0611,29610756.0
2022-11-17 04:00:00+00:00,0.0611,0.06161,0.06038,0.06134,36975231.0
2022-11-17 08:00:00+00:00,0.06133,0.06155,0.0604,0.06102,30263641.0
2022-11-17 12:00:00+00:00,0.06103,0.06107,0.0594,0.06006,61800644.0
2022-11-17 16:00:00+00:00,0.06004,0.06092,0.05991,0.06011,32400736.0
2022-11-17 20:00:00+00:00,0.0601,0.06085,0.06006,0.06036,23694138.0
2022-11-18 00:00:00+00:00,0.06037,0.06182,0.06033,0.06134,32160760.0
2022-11-18 04:00:00+00:00,0.06132,0.06137,0.06081,0.06111,26353878.0
2022-11-18 08:00:00+00:00,0.06111,0.06113,0.06045,0.0608,32399189.0
2022-11-18 12:00:00+00:00,0.06079,0.06116,0.05962,0.06012,56630893.0
2022-11-18 16:00:00+00:00,0.06013,0.06042,0.0596,0.06004,43669654.0
2022-11-18 20:00:00+00:00,0.06003,0.06058,0.05991,0.06043,26138070.0
2022-11-19 00:00:00+00:00,0.06043,0.06045,0.05882,0.05947,42754477.0
2022-11-19 04:00:00+00:00,0.05946,0.05967,0.05803,0.05885,40243098.0
2022-11-19 08:00:00+00:00,0.05884,0.05962,0.05869,0.05952,25800797.0
2022-11-19 12:00:00+00:00,0.05952,0.06026,0.05913,0.0602,33137939.0
2022-11-19 16:00:00+00:00,0.0602,0.06029,0.05958,0.05965,31557770.0
2022-11-19 20:00:00+00:00,0.05966,0.0606,0.05966,0.05995,33085682.0
2022-11-20 00:00:00+00:00,0.05994,0.06054,0.05979,0.06026,31028591.0
2022-11-20 04:00:00+00:00,0.06026,0.06066,0.06015,0.06022,21959162.0
2022-11-20 08:00:00+00:00,0.06022,0.06038,0.0581,0.05856,67535665.0
2022-11-20 12:00:00+00:00,0.05855,0.05907,0.05814,0.05881,37156859.0
2022-11-20 16:00:00+00:00,0.05881,0.05959,0.05825,0.05901,49531487.0
2022-11-20 20:00:00+00:00,0.05901,0.05912,0.05644,0.05678,82639737.0
2022-11-21 00:00:00+00:00,0.05678,0.05746,0.05456,0.05535,100620112.0
2022-11-21 04:00:00+00:00,0.05535,0.05629,0.05526,0.0557,46238824.0
2022-11-21 08:00:00+00:00,0.05571,0.05581,0.05471,0.05484,49535438.0
2022-11-21 12:00:00+00:00,0.05482,0.05581,0.05453,0.05522,52375790.0
2022-11-21 16:00:00+00:00,0.05521,0.05545,0.05205,0.05304,109941625.0
2022-11-21 20:00:00+00:00,0.05304,0.05422,0.05263,0.05376,72339663.0
2022-11-22 00:00:00+00:00,0.05376,0.05453,0.05351,0.05378,51564609.0
2022-11-22 04:00:00+00:00,0.05379,0.05393,0.05163,0.05235,51733077.0
2022-11-22 08:00:00+00:00,0.05235,0.05246,0.05158,0.05204,48984309.0
2022-11-22 12:00:00+00:00,0.05204,0.05531,0.05191,0.05514,104081245.0
2022-11-22 16:00:00+00:00,0.05515,0.05536,0.05404,0.0547,53442901.0
2022-11-22 20:00:00+00:00,0.0547,0.05532,0.05455,0.05505,41414671.0
2022-11-23 00:00:00+00:00,0.05506,0.05665,0.05443,0.05646,60988491.0
2022-11-23 04:00:00+00:00,0.05647,0.05715,0.05639,0.05691,46806653.0
2022-11-23 08:00:00+00:00,0.05692,0.05794,0.05658,0.05717,72666076.0
2022-11-23 12:00:00+00:00,0.05718,0.07,0.0561,0.06492,657849152.0
2022-11-23 16:00:00+00:00,0.06491,0.06495,0.06071,0.0612,753169463.0
2022-11-23 20:00:00+00:00,0.06121,0.0628,0.0609,0.06215,179450770.0
2022-11-24 00:00:00+00:00,0.06214,0.06337,0.06031,0.06199,204747091.0
2022-11-24 04:00:00+00:00,0.062,0.06267,0.0608,0.06096,102375783.0
2022-11-24 08:00:00+00:00,0.06096,0.06127,0.05962,0.06021,112993702.0
2022-11-24 12:00:00+00:00,0.06021,0.06066,0.05909,0.06017,109632521.0
2022-11-24 16:00:00+00:00,0.06016,0.0609,0.05975,0.06039,76402226.0
2022-11-24 20:00:00+00:00,0.06037,0.06241,0.06017,0.06239,73621213.0
2022-11-25 00:00:00+00:00,0.06237,0.06237,0.05989,0.06087,108051215.0
2022-11-25 04:00:00+00:00,0.06086,0.06088,0.05968,0.06038,50199557.0
2022-11-25 08:00:00+00:00,0.06037,0.06348,0.06032,0.06345,145785086.0
2022-11-25 12:00:00+00:00,0.06345,0.06468,0.06176,0.06299,327681675.0
2022-11-25 16:00:00+00:00,0.06298,0.06302,0.06084,0.06178,138355967.0
2022-11-25 20:00:00+00:00,0.06178,0.06275,0.06165,0.06235,52374546.0
2022-11-26 00:00:00+00:00,0.06237,0.06394,0.06231,0.06374,69191066.0
2022-11-26 04:00:00+00:00,0.06375,0.06577,0.0633,0.06511,114383132.0
2022-11-26 08:00:00+00:00,0.06512,0.06568,0.06421,0.06481,79606359.0
2022-11-26 12:00:00+00:00,0.06479,0.06502,0.06317,0.06392,97862535.0
2022-11-26 16:00:00+00:00,0.06392,0.06412,0.06282,0.06294,48733447.0
2022-11-26 20:00:00+00:00,0.06294,0.06335,0.062,0.0629,35068282.0
2022-11-27 00:00:00+00:00,0.06289,0.06472,0.06283,0.06435,36653879.0
2022-11-27 04:00:00+00:00,0.06433,0.06472,0.06374,0.06412,40623812.0
2022-11-27 08:00:00+00:00,0.06412,0.06495,0.06371,0.06492,43421170.0
2022-11-27 12:00:00+00:00,0.06491,0.06648,0.0648,0.06583,99358716.0
2022-11-27 16:00:00+00:00,0.06584,0.06591,0.06415,0.06427,60200399.0
2022-11-27 20:00:00+00:00,0.06427,0.06492,0.06248,0.06273,72145431.0
2022-11-28 00:00:00+00:00,0.06273,0.06335,0.05876,0.05978,122239844.0
2022-11-28 04:00:00+00:00,0.05976,0.06146,0.05971,0.0614,54256914.0
2022-11-28 08:00:00+00:00,0.06141,0.06165,0.06012,0.06056,61461649.0
2022-11-28 12:00:00+00:00,0.06056,0.06189,0.06,0.06075,76919312.0
2022-11-28 16:00:00+00:00,0.06075,0.06216,0.0601,0.06166,56993060.0
2022-11-28 20:00:00+00:00,0.06167,0.06259,0.06161,0.06222,58288521.0
2022-11-29 00:00:00+00:00,0.06222,0.0633,0.06126,0.06217,130922740.0
2022-11-29 04:00:00+00:00,0.06217,0.0629,0.06199,0.0627,48962364.0
2022-11-29 08:00:00+00:00,0.06269,0.06387,0.06244,0.0629,51134728.0
2022-11-29 12:00:00+00:00,0.06292,0.06307,0.06181,0.06258,58322862.0
2022-11-29 16:00:00+00:00,0.0626,0.0626,0.06159,0.06224,45048943.0
2022-11-29 20:00:00+00:00,0.06224,0.06313,0.06207,0.06255,39253142.0
2022-11-30 00:00:00+00:00,0.06255,0.0646,0.06253,0.06324,70416951.0
2022-11-30 04:00:00+00:00,0.06325,0.06406,0.06325,0.06351,31655415.0
2022-11-30 08:00:00+00:00,0.06353,0.06386,0.06238,0.06342,38269418.0
2022-11-30 12:00:00+00:00,0.06343,0.0635,0.06175,0.06255,89181299.0
2022-11-30 16:00:00+00:00,0.06255,0.06377,0.06107,0.06328,98794466.0
2022-11-30 20:00:00+00:00,0.06329,0.06497,0.06325,0.06459,49222611.0
2022-12-01 00:00:00+00:00,0.06458,0.06525,0.06351,0.06485,55176414.0
2022-12-01 04:00:00+00:00,0.06485,0.06491,0.06342,0.06381,38089536.0
2022-12-01 08:00:00+00:00,0.06382,0.06432,0.06358,0.06427,31435148.0
2022-12-01 12:00:00+00:00,0.06428,0.0648,0.06286,0.06379,85390024.0
2022-12-01 16:00:00+00:00,0.0638,0.0649,0.06337,0.06434,56091908.0
2022-12-01 20:00:00+00:00,0.06432,0.06464,0.06378,0.06438,31842895.0
2022-12-02 00:00:00+00:00,0.06438,0.06503,0.06311,0.06345,56237787.0
2022-12-02 04:00:00+00:00,0.06342,0.0648,0.06274,0.06458,40869366.0
2022-12-02 08:00:00+00:00,0.06457,0.06495,0.06391,0.06455,46991941.0
2022-12-02 12:00:00+00:00,0.06456,0.0652,0.06331,0.06453,70929217.0
2022-12-02 16:00:00+00:00,0.06454,0.06525,0.06437,0.06516,47420897.0
2022-12-02 20:00:00+00:00,0.06515,0.06522,0.06476,0.06488,28546838.0
2022-12-03 00:00:00+00:00,0.06488,0.0663,0.06487,0.06544,68314806.0
2022-12-03 04:00:00+00:00,0.06544,0.06547,0.06455,0.0647,31240114.0
2022-12-03 08:00:00+00:00,0.0647,0.06551,0.06435,0.06513,30599995.0
2022-12-03 12:00:00+00:00,0.06512,0.06527,0.0646,0.06481,27143285.0
2022-12-03 16:00:00+00:00,0.06481,0.06497,0.0642,0.06443,30499133.0
2022-12-03 20:00:00+00:00,0.06442,0.06442,0.06258,0.06283,38484409.0
2022-12-04 00:00:00+00:00,0.06281,0.06385,0.06271,0.06363,24747132.0
2022-12-04 04:00:00+00:00,0.06363,0.06407,0.06343,0.06364,21703991.0
2022-12-04 08:00:00+00:00,0.06365,0.06385,0.06282,0.06305,144546916.0
2022-12-04 12:00:00+00:00,0.06305,0.06431,0.06294,0.06331,48144664.0
2022-12-04 16:00:00+00:00,0.06331,0.06399,0.06304,0.0639,22440983.0
2022-12-04 20:00:00+00:00,0.06391,0.06428,0.0637,0.06392,22929852.0
2022-12-05 00:00:00+00:00,0.06392,0.06485,0.06373,0.06441,31819411.0
2022-12-05 04:00:00+00:00,0.06441,0.0653,0.06441,0.06497,34500419.0
2022-12-05 08:00:00+00:00,0.06495,0.06564,0.06486,0.06539,37367258.0
2022-12-05 12:00:00+00:00,0.06541,0.06543,0.06373,0.06434,46562256.0
2022-12-05 16:00:00+00:00,0.06436,0.0651,0.06302,0.06356,65592198.0
2022-12-05 20:00:00+00:00,0.06355,0.06413,0.06326,0.06404,30125959.0
2022-12-06 00:00:00+00:00,0.06405,0.06438,0.0639,0.06394,30095092.0
2022-12-06 04:00:00+00:00,0.06396,0.06454,0.0636,0.06436,30909882.0
2022-12-06 08:00:00+00:00,0.06437,0.06491,0.06384,0.06428,45862020.0
2022-12-06 12:00:00+00:00,0.06427,0.06453,0.06333,0.06342,45703402.0
2022-12-06 16:00:00+00:00,0.0634,0.06392,0.063,0.06336,64499125.0
2022-12-06 20:00:00+00:00,0.06337,0.06423,0.06334,0.06414,23002175.0
2022-12-07 00:00:00+00:00,0.06414,0.06434,0.06385,0.06403,23571136.0
2022-12-07 04:00:00+00:00,0.06405,0.06439,0.06069,0.06098,74171718.0
2022-12-07 08:00:00+00:00,0.06097,0.06203,0.06065,0.06173,43292549.0
2022-12-07 12:00:00+00:00,0.06173,0.06255,0.06167,0.0625,32005188.0
2022-12-07 16:00:00+00:00,0.06251,0.06251,0.06166,0.06176,28570861.0
2022-12-07 20:00:00+00:00,0.06175,0.06179,0.06121,0.06163,27951811.0
2022-12-08 00:00:00+00:00,0.06164,0.06197,0.06116,0.06189,28738851.0
2022-12-08 04:00:00+00:00,0.06189,0.06227,0.06152,0.06204,25647915.0
2022-12-08 08:00:00+00:00,0.06203,0.0626,0.06128,0.06214,63505904.0
2022-12-08 12:00:00+00:00,0.06214,0.06265,0.06175,0.06241,52034579.0
2022-12-08 16:00:00+00:00,0.06242,0.06384,0.06215,0.06377,45482690.0
2022-12-08 20:00:00+00:00,0.06376,0.06395,0.06324,0.06359,30766120.0
2022-12-09 00:00:00+00:00,0.0636,0.0638,0.06303,0.06355,33195414.0
2022-12-09 04:00:00+00:00,0.06356,0.06839,0.06346,0.06603,434743454.0
2022-12-09 08:00:00+00:00,0.06602,0.07,0.06551,0.06831,343928602.0
2022-12-09 12:00:00+00:00,0.06833,0.06843,0.06607,0.06683,227403149.0
2022-12-09 16:00:00+00:00,0.06681,0.06682,0.06529,0.06547,105399238.0
2022-12-09 20:00:00+00:00,0.06547,0.06582,0.06499,0.06533,76337994.0
2022-12-10 00:00:00+00:00,0.06534,0.06685,0.06515,0.06669,106771090.0
2022-12-10 04:00:00+00:00,0.0667,0.06945,0.06645,0.06925,590077723.0
2022-12-10 08:00:00+00:00,0.06926,0.07193,0.0687,0.0709,1298494245.0
2022-12-10 12:00:00+00:00,0.0709,0.07378,0.07011,0.07288,1138032743.0
2022-12-10 16:00:00+00:00,0.07288,0.07356,0.0718,0.07272,1006044554.0
2022-12-10 20:00:00+00:00,0.07273,0.07287,0.07123,0.07221,686875311.0
2022-12-11 00:00:00+00:00,0.0722,0.07222,0.06966,0.07011,733812030.0
2022-12-11 04:00:00+00:00,0.07011,0.07079,0.06923,0.0704,432927858.0
2022-12-11 08:00:00+00:00,0.07039,0.07129,0.07014,0.071,327181180.0
2022-12-11 12:00:00+00:00,0.07099,0.07107,0.06951,0.07,287260110.0
2022-12-11 16:00:00+00:00,0.07001,0.07038,0.06861,0.06926,245136961.0
2022-12-11 20:00:00+00:00,0.06925,0.07017,0.0685,0.06928,225336922.0
2022-12-12 00:00:00+00:00,0.06928,0.07005,0.06587,0.06751,296325512.0
2022-12-12 04:00:00+00:00,0.06752,0.06785,0.06617,0.06625,107559764.0
2022-12-12 08:00:00+00:00,0.06626,0.06747,0.0657,0.06728,121412392.0
2022-12-12 12:00:00+00:00,0.06729,0.06833,0.0666,0.06772,162707231.0
2022-12-12 16:00:00+00:00,0.06771,0.0681,0.06611,0.06747,113868041.0
2022-12-12 20:00:00+00:00,0.06747,0.06863,0.06719,0.06801,85029846.0
2022-12-13 00:00:00+00:00,0.068,0.06928,0.06707,0.06718,105668956.0
2022-12-13 04:00:00+00:00,0.06718,0.06718,0.06551,0.06644,155917080.0
2022-12-13 08:00:00+00:00,0.06644,0.0665,0.06526,0.06617,131604967.0
2022-12-13 12:00:00+00:00,0.06616,0.06824,0.06566,0.06688,166954190.0
2022-12-13 16:00:00+00:00,0.06688,0.06744,0.06611,0.06679,73535156.0
2022-12-13 20:00:00+00:00,0.06679,0.0672,0.06667,0.06718,36236662.0
2022-12-14 00:00:00+00:00,0.06718,0.06827,0.06715,0.06781,64089153.0
2022-12-14 04:00:00+00:00,0.06781,0.06812,0.06714,0.06733,46118650.0
2022-12-14 08:00:00+00:00,0.06734,0.0684,0.067,0.06768,91143048.0
2022-12-14 12:00:00+00:00,0.06768,0.06833,0.06729,0.06795,79332400.0
2022-12-14 16:00:00+00:00,0.06797,0.06814,0.06346,0.06565,141537878.0
2022-12-14 20:00:00+00:00,0.06565,0.06624,0.06507,0.06568,58970889.0
2022-12-15 00:00:00+00:00,0.06569,0.06703,0.06525,0.06666,92129351.0
2022-12-15 04:00:00+00:00,0.06666,0.06676,0.06499,0.06514,58333092.0
2022-12-15 08:00:00+00:00,0.06513,0.0654,0.06451,0.06502,67736042.0
2022-12-15 12:00:00+00:00,0.06501,0.06516,0.06421,0.06447,64386995.0
2022-12-15 16:00:00+00:00,0.06447,0.06481,0.0636,0.06461,56789513.0
2022-12-15 20:00:00+00:00,0.06464,0.0647,0.06327,0.06387,48297120.0
2022-12-16 00:00:00+00:00,0.06386,0.06467,0.06368,0.06451,30693508.0
2022-12-16 04:00:00+00:00,0.06452,0.06472,0.06407,0.06445,28368846.0
2022-12-16 08:00:00+00:00,0.06446,0.06464,0.06041,0.06126,173615859.0
2022-12-16 12:00:00+00:00,0.06125,0.06162,0.06,0.06069,79837216.0
2022-12-16 16:00:00+00:00,0.06069,0.06075,0.05979,0.06028,62204398.0
2022-12-16 20:00:00+00:00,0.06028,0.06047,0.05481,0.05612,150587010.0
2022-12-17 00:00:00+00:00,0.05611,0.05702,0.0549,0.05686,82673506.0
2022-12-17 04:00:00+00:00,0.05688,0.05802,0.05676,0.05776,56162706.0
2022-12-17 08:00:00+00:00,0.05776,0.0579,0.05699,0.05737,43201418.0
2022-12-17 12:00:00+00:00,0.05737,0.05772,0.0571,0.05731,38783050.0
2022-12-17 16:00:00+00:00,0.05731,0.05732,0.05657,0.05692,34927773.0
2022-12-17 20:00:00+00:00,0.05691,0.05805,0.05676,0.05789,50220626.0
2022-12-18 00:00:00+00:00,0.05789,0.05807,0.05718,0.05773,33492236.0
2022-12-18 04:00:00+00:00,0.05774,0.05807,0.05744,0.05765,23616071.0
2022-12-18 08:00:00+00:00,0.05766,0.05796,0.05707,0.05732,28285160.0
2022-12-18 12:00:00+00:00,0.05731,0.05781,0.05699,0.05709,21124687.0
2022-12-18 16:00:00+00:00,0.05707,0.05792,0.05699,0.05766,32653951.0
2022-12-18 20:00:00+00:00,0.05767,0.0582,0.05729,0.05753,40014716.0
2022-12-19 00:00:00+00:00,0.05752,0.05857,0.0564,0.05702,55794509.0
2022-12-19 04:00:00+00:00,0.05701,0.0574,0.05685,0.05723,31689371.0
2022-12-19 08:00:00+00:00,0.05722,0.05839,0.05718,0.05829,38434470.0
2022-12-19 12:00:00+00:00,0.0583,0.05879,0.05725,0.05727,72190802.0
2022-12-19 16:00:00+00:00,0.05729,0.05734,0.05527,0.05573,93927570.0
2022-12-19 20:00:00+00:00,0.05574,0.0562,0.0536,0.05502,72141250.0
2022-12-20 00:00:00+00:00,0.05501,0.05741,0.05476,0.05679,66374944.0
2022-12-20 04:00:00+00:00,0.05681,0.05804,0.05678,0.05733,51819338.0
2022-12-20 08:00:00+00:00,0.05734,0.0575,0.05689,0.05723,37161010.0
2022-12-20 12:00:00+00:00,0.05723,0.0579,0.05637,0.05741,60177681.0
2022-12-20 16:00:00+00:00,0.0574,0.05744,0.05677,0.05733,34065660.0
2022-12-20 20:00:00+00:00,0.05733,0.05774,0.05707,0.05735,25160338.0
2022-12-21 00:00:00+00:00,0.05735,0.05742,0.05668,0.05701,43303799.0
2022-12-21 04:00:00+00:00,0.05701,0.05712,0.05618,0.05701,39596140.0
2022-12-21 08:00:00+00:00,0.05702,0.05798,0.05658,0.05794,53524620.0
2022-12-21 12:00:00+00:00,0.05795,0.05801,0.05688,0.05763,58033661.0
2022-12-21 16:00:00+00:00,0.05764,0.05764,0.0563,0.05653,48674056.0
2022-12-21 20:00:00+00:00,0.05652,0.05745,0.05624,0.05743,37669739.0
2022-12-22 00:00:00+00:00,0.0574,0.05823,0.05703,0.05821,52196233.0
2022-12-22 04:00:00+00:00,0.05821,0.05883,0.05745,0.05808,88557503.0
2022-12-22 08:00:00+00:00,0.05809,0.05842,0.05764,0.05791,63590514.0
2022-12-22 12:00:00+00:00,0.05792,0.05809,0.0566,0.05703,81017431.0
2022-12-22 16:00:00+00:00,0.05702,0.05778,0.05674,0.05717,44991070.0
2022-12-22 20:00:00+00:00,0.05718,0.05867,0.05717,0.05845,66435082.0
2022-12-23 00:00:00+00:00,0.05845,0.05905,0.05815,0.05854,40273612.0
2022-12-23 04:00:00+00:00,0.05853,0.05873,0.05819,0.05828,27164616.0
2022-12-23 08:00:00+00:00,0.05828,0.05854,0.058,0.05833,25289557.0
2022-12-23 12:00:00+00:00,0.05832,0.05862,0.05756,0.05847,58776548.0
2022-12-23 16:00:00+00:00,0.05845,0.05871,0.05828,0.05866,34667142.0
2022-12-23 20:00:00+00:00,0.05866,0.05876,0.05812,0.05844,22863093.0
2022-12-24 00:00:00+00:00,0.05844,0.05854,0.05787,0.05819,20636319.0
2022-12-24 04:00:00+00:00,0.05819,0.05847,0.05766,0.05783,25113980.0
2022-12-24 08:00:00+00:00,0.05784,0.05786,0.0574,0.05753,18742745.0
2022-12-24 12:00:00+00:00,0.05754,0.05762,0.05739,0.05752,16729458.0
2022-12-24 16:00:00+00:00,0.05752,0.05823,0.05746,0.05791,42132858.0
2022-12-24 20:00:00+00:00,0.05791,0.05804,0.05764,0.05778,18355806.0
2022-12-25 00:00:00+00:00,0.05778,0.05785,0.05722,0.0573,23085172.0
2022-12-25 04:00:00+00:00,0.0573,0.05745,0.05683,0.05736,22550403.0
2022-12-25 08:00:00+00:00,0.05735,0.05735,0.05664,0.05664,22461357.0
2022-12-25 12:00:00+00:00,0.05665,0.05675,0.05573,0.05627,58138782.0
2022-12-25 16:00:00+00:00,0.05627,0.05662,0.05549,0.05657,53538719.0
2022-12-25 20:00:00+00:00,0.05657,0.05809,0.05634,0.05777,86372763.0
2022-12-26 00:00:00+00:00,0.05779,0.06086,0.05742,0.06066,198327799.0
2022-12-26 04:00:00+00:00,0.06067,0.06067,0.0593,0.05982,234512453.0
2022-12-26 08:00:00+00:00,0.0598,0.06064,0.05951,0.0601,239723976.0
2022-12-26 12:00:00+00:00,0.06011,0.06077,0.05963,0.05968,184354357.0
2022-12-26 16:00:00+00:00,0.05968,0.06022,0.05918,0.05997,158855350.0
2022-12-26 20:00:00+00:00,0.05996,0.06017,0.05951,0.05999,75939409.0
2022-12-27 00:00:00+00:00,0.06,0.06022,0.05906,0.05948,66349942.0
2022-12-27 04:00:00+00:00,0.05947,0.05965,0.05902,0.05933,48981200.0
2022-12-27 08:00:00+00:00,0.05932,0.06067,0.05921,0.05976,114508065.0
2022-12-27 12:00:00+00:00,0.05976,0.05991,0.05812,0.05902,134547741.0
2022-12-27 16:00:00+00:00,0.05901,0.05935,0.05825,0.05921,76157924.0
2022-12-27 20:00:00+00:00,0.05921,0.05974,0.05888,0.05944,53147120.0
2022-12-28 00:00:00+00:00,0.05943,0.0598,0.05765,0.0579,86396414.0
2022-12-28 04:00:00+00:00,0.05788,0.05819,0.05624,0.05729,94854830.0
2022-12-28 08:00:00+00:00,0.05729,0.05756,0.05663,0.05697,47276678.0
2022-12-28 12:00:00+00:00,0.05697,0.058,0.05663,0.05674,97207976.0
2022-12-28 16:00:00+00:00,0.05674,0.05734,0.05667,0.05677,48233825.0
2022-12-28 20:00:00+00:00,0.05676,0.05709,0.0555,0.05594,71996692.0
2022-12-29 00:00:00+00:00,0.05594,0.05624,0.05479,0.05616,57541810.0
2022-12-29 04:00:00+00:00,0.05615,0.05649,0.05587,0.05613,32029571.0
2022-12-29 08:00:00+00:00,0.05611,0.05632,0.05561,0.05602,42325793.0
2022-12-29 12:00:00+00:00,0.05603,0.05673,0.05587,0.05646,42805732.0
2022-12-29 16:00:00+00:00,0.05646,0.05684,0.05551,0.05586,46983973.0
2022-12-29 20:00:00+00:00,0.05587,0.05596,0.05367,0.05512,131784136.0
2022-12-30 00:00:00+00:00,0.05512,0.05552,0.05451,0.05497,51165188.0
2022-12-30 04:00:00+00:00,0.05498,0.05511,0.05403,0.05465,59071887.0
2022-12-30 08:00:00+00:00,0.05464,0.05496,0.05434,0.05464,33868213.0
2022-12-30 12:00:00+00:00,0.05463,0.05522,0.05372,0.05499,69286869.0
2022-12-30 16:00:00+00:00,0.055,0.0554,0.05472,0.05496,33620934.0
2022-12-30 20:00:00+00:00,0.05498,0.05577,0.05495,0.05515,32464781.0
2022-12-31 00:00:00+00:00,0.05516,0.05543,0.05481,0.05495,17329610.0
2022-12-31 04:00:00+00:00,0.05494,0.05532,0.05484,0.05505,17138270.0
2022-12-31 08:00:00+00:00,0.05506,0.05565,0.05501,0.05557,22390265.0
2022-12-31 12:00:00+00:00,0.05557,0.05618,0.0554,0.05583,40402972.0
2022-12-31 16:00:00+00:00,0.05584,0.05608,0.05551,0.05573,27416463.0
2022-12-31 20:00:00+00:00,0.05573,0.05588,0.05504,0.05543,25500701.0
2023-01-01 00:00:00+00:00,0.05543,0.05587,0.05521,0.05575,22751228.0
2023-01-01 04:00:00+00:00,0.05575,0.05586,0.05547,0.05576,18358795.0
2023-01-01 08:00:00+00:00,0.05574,0.05607,0.05538,0.05554,28717762.0
2023-01-01 12:00:00+00:00,0.05553,0.0557,0.05507,0.05553,27096351.0
2023-01-01 16:00:00+00:00,0.05553,0.05615,0.05534,0.05604,25271207.0
2023-01-01 20:00:00+00:00,0.05605,0.05663,0.05589,0.05646,30867874.0
2023-01-02 00:00:00+00:00,0.05645,0.05678,0.05541,0.05663,38335159.0
2023-01-02 04:00:00+00:00,0.05663,0.05827,0.05644,0.05763,73798250.0
2023-01-02 08:00:00+00:00,0.05765,0.05813,0.05741,0.05772,45814583.0
2023-01-02 12:00:00+00:00,0.05773,0.05919,0.05772,0.05908,72205417.0
2023-01-02 16:00:00+00:00,0.0591,0.05984,0.05894,0.05943,93750120.0
2023-01-02 20:00:00+00:00,0.05943,0.05994,0.05896,0.05956,55317647.0
2023-01-03 00:00:00+00:00,0.05955,0.05958,0.0587,0.05934,44762167.0
2023-01-03 04:00:00+00:00,0.05934,0.05953,0.05889,0.05943,46979921.0
2023-01-03 08:00:00+00:00,0.05943,0.06112,0.05915,0.05997,130818996.0
2023-01-03 12:00:00+00:00,0.05998,0.06037,0.05912,0.05993,79771461.0
2023-01-03 16:00:00+00:00,0.05992,0.06026,0.05849,0.05887,76019130.0
2023-01-03 20:00:00+00:00,0.05888,0.06015,0.05881,0.05999,44675088.0
2023-01-04 00:00:00+00:00,0.05999,0.06214,0.05987,0.06152,85505446.0
2023-01-04 04:00:00+00:00,0.06152,0.06185,0.06098,0.06158,55606737.0
2023-01-04 08:00:00+00:00,0.06157,0.06177,0.06102,0.06156,40145123.0
2023-01-04 12:00:00+00:00,0.06156,0.06207,0.06031,0.06113,67074055.0
2023-01-04 16:00:00+00:00,0.06113,0.06194,0.06069,0.06112,73027849.0
2023-01-04 20:00:00+00:00,0.06112,0.06116,0.05986,0.06103,55048457.0
2023-01-05 00:00:00+00:00,0.06103,0.06199,0.0605,0.06178,51244167.0
2023-01-05 04:00:00+00:00,0.06178,0.06227,0.06104,0.06147,47629028.0
2023-01-05 08:00:00+00:00,0.06146,0.06164,0.06068,0.06137,44217189.0
2023-01-05 12:00:00+00:00,0.06137,0.06151,0.05974,0.06042,74796067.0
2023-01-05 16:00:00+00:00,0.06042,0.06126,0.06014,0.06103,35354567.0
2023-01-05 20:00:00+00:00,0.06104,0.06125,0.06006,0.06062,37070962.0
2023-01-06 00:00:00+00:00,0.06062,0.06175,0.06061,0.06107,46133650.0
2023-01-06 04:00:00+00:00,0.06107,0.06123,0.059,0.05908,54920092.0
2023-01-06 08:00:00+00:00,0.05908,0.05959,0.05804,0.05869,101769451.0
2023-01-06 12:00:00+00:00,0.05869,0.06013,0.0581,0.06006,92112835.0
2023-01-06 16:00:00+00:00,0.06006,0.0626,0.05974,0.06202,147602238.0
2023-01-06 20:00:00+00:00,0.06201,0.0623,0.0614,0.06202,44726123.0
2023-01-07 00:00:00+00:00,0.06202,0.06269,0.06168,0.06228,45939268.0
2023-01-07 04:00:00+00:00,0.0623,0.06244,0.06146,0.06202,31197183.0
2023-01-07 08:00:00+00:00,0.06203,0.06223,0.06147,0.06162,33419599.0
2023-01-07 12:00:00+00:00,0.06162,0.06177,0.06112,0.06162,33534757.0
2023-01-07 16:00:00+00:00,0.06162,0.06237,0.0612,0.06234,33100892.0
2023-01-07 20:00:00+00:00,0.06234,0.06442,0.06184,0.06397,129102043.0
2023-01-08 00:00:00+00:00,0.06395,0.06436,0.06179,0.06369,197136685.0
2023-01-08 04:00:00+00:00,0.06368,0.06984,0.0635,0.06897,906581830.0
2023-01-08 08:00:00+00:00,0.06895,0.06895,0.06727,0.06752,818963785.0
2023-01-08 12:00:00+00:00,0.06753,0.06758,0.0665,0.06679,478886851.0
2023-01-08 16:00:00+00:00,0.06679,0.06795,0.06582,0.06679,341041952.0
2023-01-08 20:00:00+00:00,0.0668,0.0715,0.06679,0.06984,593987429.0
2023-01-09 00:00:00+00:00,0.06983,0.07096,0.06855,0.06969,222256142.0
2023-01-09 04:00:00+00:00,0.0697,0.07269,0.06968,0.07142,218879860.0
2023-01-09 08:00:00+00:00,0.07142,0.07252,0.07022,0.07043,169917679.0
2023-01-09 12:00:00+00:00,0.07044,0.07364,0.07042,0.07293,289728660.0
2023-01-09 16:00:00+00:00,0.07292,0.07384,0.07131,0.07184,203569322.0
2023-01-09 20:00:00+00:00,0.07183,0.07233,0.0702,0.07066,151590304.0
2023-01-10 00:00:00+00:00,0.07066,0.07328,0.06823,0.0723,229315900.0
2023-01-10 04:00:00+00:00,0.0723,0.0723,0.0698,0.07016,160494861.0
2023-01-10 08:00:00+00:00,0.07017,0.07262,0.07012,0.07125,149653463.0
2023-01-10 12:00:00+00:00,0.07126,0.07171,0.06986,0.07126,176242728.0
2023-01-10 16:00:00+00:00,0.07126,0.07255,0.06949,0.07244,136943091.0
2023-01-10 20:00:00+00:00,0.07246,0.07466,0.07113,0.07281,211462717.0
2023-01-11 00:00:00+00:00,0.07283,0.07347,0.07028,0.07094,172883753.0
2023-01-11 04:00:00+00:00,0.07096,0.0713,0.06979,0.07072,99752097.0
2023-01-11 08:00:00+00:00,0.07077,0.07136,0.07002,0.07064,95529679.0
2023-01-11 12:00:00+00:00,0.07064,0.07135,0.06857,0.06884,198953358.0
2023-01-11 16:00:00+00:00,0.06885,0.07069,0.06802,0.07059,154276484.0
2023-01-11 20:00:00+00:00,0.07058,0.07274,0.07035,0.07209,125882849.0
2023-01-12 00:00:00+00:00,0.0721,0.07389,0.07174,0.07219,147131071.0
2023-01-12 04:00:00+00:00,0.07219,0.0724,0.07019,0.07138,112716668.0
2023-01-12 08:00:00+00:00,0.07137,0.07147,0.06919,0.07026,109993561.0
2023-01-12 12:00:00+00:00,0.07025,0.07192,0.068,0.07012,242875881.0
2023-01-12 16:00:00+00:00,0.07012,0.07336,0.07003,0.07262,212287306.0
2023-01-12 20:00:00+00:00,0.07261,0.07487,0.07226,0.07332,145754677.0
2023-01-13 00:00:00+00:00,0.07332,0.07471,0.07267,0.07452,126472942.0
2023-01-13 04:00:00+00:00,0.07451,0.07453,0.07237,0.073,103619843.0
2023-01-13 08:00:00+00:00,0.07298,0.07459,0.07238,0.0726,124317123.0
2023-01-13 12:00:00+00:00,0.07261,0.07595,0.07108,0.07592,208705356.0
2023-01-13 16:00:00+00:00,0.07592,0.07801,0.07415,0.075,359940221.0
2023-01-13 20:00:00+00:00,0.07503,0.07718,0.07438,0.07668,201174366.0
2023-01-14 00:00:00+00:00,0.07668,0.08046,0.07657,0.07833,262332336.0
2023-01-14 04:00:00+00:00,0.07833,0.082,0.07782,0.08152,173532082.0
2023-01-14 08:00:00+00:00,0.08152,0.08368,0.072,0.07811,373461685.0
2023-01-14 12:00:00+00:00,0.07811,0.08127,0.07711,0.08037,219152799.0
2023-01-14 16:00:00+00:00,0.08038,0.08127,0.07922,0.08007,114364122.0
2023-01-14 20:00:00+00:00,0.08005,0.08279,0.07964,0.08223,87776425.0
2023-01-15 00:00:00+00:00,0.08222,0.08383,0.08,0.08053,181395221.0
2023-01-15 04:00:00+00:00,0.08054,0.0811,0.0788,0.0796,78690548.0
2023-01-15 08:00:00+00:00,0.07958,0.08081,0.07762,0.08072,108520166.0
2023-01-15 12:00:00+00:00,0.08068,0.08892,0.08028,0.08725,534167410.0
2023-01-15 16:00:00+00:00,0.08724,0.08932,0.08562,0.08689,285064649.0
2023-01-15 20:00:00+00:00,0.08689,0.0878,0.08458,0.08515,115321797.0
2023-01-16 00:00:00+00:00,0.08514,0.0874,0.08407,0.08591,134180482.0
2023-01-16 04:00:00+00:00,0.0859,0.08821,0.0852,0.08676,126760547.0
2023-01-16 08:00:00+00:00,0.08678,0.08681,0.08085,0.08324,204246129.0
2023-01-16 12:00:00+00:00,0.08323,0.08386,0.07878,0.08171,151793753.0
2023-01-16 16:00:00+00:00,0.08169,0.08317,0.08117,0.08302,101894249.0
2023-01-16 20:00:00+00:00,0.08299,0.0832,0.08136,0.0817,90178749.0
2023-01-17 00:00:00+00:00,0.0817,0.08272,0.07965,0.08146,106291892.0
2023-01-17 04:00:00+00:00,0.08146,0.08281,0.08133,0.08264,70515321.0
2023-01-17 08:00:00+00:00,0.08262,0.08498,0.08251,0.08441,110790688.0
2023-01-17 12:00:00+00:00,0.08441,0.08576,0.08222,0.08412,164763776.0
2023-01-17 16:00:00+00:00,0.08413,0.08428,0.08263,0.08354,95298230.0
2023-01-17 20:00:00+00:00,0.08354,0.08374,0.08035,0.08103,96612035.0
2023-01-18 00:00:00+00:00,0.08104,0.08232,0.08081,0.08128,84711866.0
2023-01-18 04:00:00+00:00,0.08124,0.08208,0.08015,0.0804,58214102.0
2023-01-18 08:00:00+00:00,0.08039,0.08054,0.07815,0.07922,130168522.0
2023-01-18 12:00:00+00:00,0.07922,0.08203,0.07438,0.07709,205124052.0
2023-01-18 16:00:00+00:00,0.07709,0.07786,0.073,0.07642,268071162.0
2023-01-18 20:00:00+00:00,0.07643,0.07685,0.07412,0.07449,91292463.0
2023-01-19 00:00:00+00:00,0.0745,0.07666,0.07447,0.07615,70204861.0
2023-01-19 04:00:00+00:00,0.07615,0.07716,0.0757,0.07588,45817330.0
2023-01-19 08:00:00+00:00,0.0759,0.07629,0.07456,0.07467,58851494.0
2023-01-19 12:00:00+00:00,0.07467,0.07659,0.0736,0.07581,118868512.0
2023-01-19 16:00:00+00:00,0.07582,0.0783,0.07544,0.07809,86681880.0
2023-01-19 20:00:00+00:00,0.07808,0.07843,0.07677,0.07791,76058375.0
2023-01-20 00:00:00+00:00,0.0779,0.0797,0.07729,0.07864,69231360.0
2023-01-20 04:00:00+00:00,0.07865,0.07956,0.07761,0.07934,70026480.0
2023-01-20 08:00:00+00:00,0.07937,0.07937,0.07687,0.07698,72498610.0
2023-01-20 12:00:00+00:00,0.07697,0.07893,0.0769,0.07861,96135766.0
2023-01-20 16:00:00+00:00,0.07861,0.08118,0.07814,0.08102,103028949.0
2023-01-20 20:00:00+00:00,0.08103,0.08463,0.08103,0.08381,134315568.0
2023-01-21 00:00:00+00:00,0.08382,0.08535,0.08257,0.08441,103300830.0
2023-01-21 04:00:00+00:00,0.08441,0.08616,0.08439,0.08536,64200304.0
2023-01-21 08:00:00+00:00,0.08537,0.08662,0.08201,0.08518,160609389.0
2023-01-21 12:00:00+00:00,0.08518,0.08562,0.08298,0.08336,87022168.0
2023-01-21 16:00:00+00:00,0.08338,0.08548,0.08316,0.08539,67066379.0
2023-01-21 20:00:00+00:00,0.0854,0.0857,0.08236,0.08248,78226567.0
2023-01-22 00:00:00+00:00,0.08249,0.0852,0.0824,0.08321,61164193.0
2023-01-22 04:00:00+00:00,0.08322,0.08424,0.08281,0.08314,41643108.0
2023-01-22 08:00:00+00:00,0.08315,0.08438,0.0825,0.08366,60155953.0
2023-01-22 12:00:00+00:00,0.08366,0.08595,0.0827,0.08495,110920636.0
2023-01-22 16:00:00+00:00,0.08492,0.0878,0.08386,0.08498,118201991.0
2023-01-22 20:00:00+00:00,0.085,0.08513,0.08057,0.08303,121879670.0
2023-01-23 00:00:00+00:00,0.08302,0.086,0.08299,0.08423,94735326.0
2023-01-23 04:00:00+00:00,0.08423,0.0875,0.08423,0.08674,94807356.0
2023-01-23 08:00:00+00:00,0.08674,0.09298,0.08646,0.0905,274086242.0
2023-01-23 12:00:00+00:00,0.09052,0.0921,0.08579,0.09098,328680092.0
2023-01-23 16:00:00+00:00,0.09099,0.09145,0.08782,0.0888,150872690.0
2023-01-23 20:00:00+00:00,0.08879,0.09046,0.08863,0.09002,82379111.0
2023-01-24 00:00:00+00:00,0.09001,0.09176,0.08836,0.09141,92523603.0
2023-01-24 04:00:00+00:00,0.09142,0.0968,0.09095,0.09234,248776501.0
2023-01-24 08:00:00+00:00,0.09234,0.09487,0.09177,0.09356,150004522.0
2023-01-24 12:00:00+00:00,0.09358,0.09541,0.0925,0.09533,151315497.0
2023-01-24 16:00:00+00:00,0.09535,0.0955,0.09177,0.09394,142537942.0
2023-01-24 20:00:00+00:00,0.09392,0.09441,0.08602,0.08936,188107250.0
2023-01-25 00:00:00+00:00,0.08938,0.09041,0.08432,0.08855,155054830.0
2023-01-25 04:00:00+00:00,0.08853,0.09457,0.08738,0.09433,128779022.0
2023-01-25 08:00:00+00:00,0.09433,0.09597,0.08961,0.0899,177321411.0
2023-01-25 12:00:00+00:00,0.08989,0.09145,0.0888,0.09013,156529927.0
2023-01-25 16:00:00+00:00,0.09008,0.09163,0.08791,0.08925,121100352.0
2023-01-25 20:00:00+00:00,0.08926,0.09435,0.08912,0.09167,154191756.0
2023-01-26 00:00:00+00:00,0.09169,0.09298,0.09091,0.09134,68092620.0
2023-01-26 04:00:00+00:00,0.09132,0.09355,0.0908,0.09172,95487478.0
2023-01-26 08:00:00+00:00,0.09176,0.09337,0.08917,0.08988,125592869.0
2023-01-26 12:00:00+00:00,0.08988,0.09211,0.0886,0.08969,148987061.0
2023-01-26 16:00:00+00:00,0.08966,0.09201,0.08817,0.09176,115769256.0
2023-01-26 20:00:00+00:00,0.09174,0.09242,0.09047,0.09212,74246864.0
2023-01-27 00:00:00+00:00,0.09211,0.094,0.089,0.08988,111621718.0
2023-01-27 04:00:00+00:00,0.08989,0.09133,0.08927,0.09119,51755633.0
2023-01-27 08:00:00+00:00,0.09119,0.0935,0.0896,0.09282,111085147.0
2023-01-27 12:00:00+00:00,0.09282,0.0958,0.09222,0.09432,207162944.0
2023-01-27 16:00:00+00:00,0.0943,0.09692,0.09412,0.09601,95444271.0
2023-01-27 20:00:00+00:00,0.09601,0.0968,0.09433,0.09579,82372763.0
2023-01-28 00:00:00+00:00,0.09579,0.09743,0.09526,0.09611,54931695.0
2023-01-28 04:00:00+00:00,0.09612,0.09784,0.09401,0.09429,64229407.0
2023-01-28 08:00:00+00:00,0.09428,0.09467,0.09267,0.0937,64677332.0
2023-01-28 12:00:00+00:00,0.0937,0.09401,0.09166,0.09376,80750945.0
2023-01-28 16:00:00+00:00,0.09378,0.09432,0.09266,0.0938,44630395.0
2023-01-28 20:00:00+00:00,0.09381,0.09386,0.09191,0.09281,35768163.0
2023-01-29 00:00:00+00:00,0.09281,0.09456,0.09115,0.09434,62140717.0
2023-01-29 04:00:00+00:00,0.09435,0.0946,0.09326,0.09374,31004390.0
2023-01-29 08:00:00+00:00,0.09373,0.09546,0.09284,0.09545,47717324.0
2023-01-29 12:00:00+00:00,0.09545,0.09642,0.09475,0.09582,53690017.0
2023-01-29 16:00:00+00:00,0.0958,0.09643,0.09496,0.09623,37447552.0
2023-01-29 20:00:00+00:00,0.09623,0.09697,0.0952,0.09652,40932081.0
2023-01-30 00:00:00+00:00,0.09656,0.09709,0.0944,0.0951,41085577.0
2023-01-30 04:00:00+00:00,0.09511,0.09581,0.09266,0.09377,52197729.0
2023-01-30 08:00:00+00:00,0.09374,0.09387,0.0882,0.0891,130808275.0
2023-01-30 12:00:00+00:00,0.08912,0.09039,0.08862,0.0899,71247218.0
2023-01-30 16:00:00+00:00,0.08991,0.09083,0.085,0.08715,102876080.0
2023-01-30 20:00:00+00:00,0.08713,0.08738,0.08518,0.08708,68134603.0
2023-01-31 00:00:00+00:00,0.08708,0.08887,0.0868,0.0876,59927407.0
2023-01-31 04:00:00+00:00,0.08761,0.08977,0.08693,0.08971,44503076.0
2023-01-31 08:00:00+00:00,0.08973,0.08979,0.08733,0.08834,45504670.0
2023-01-31 12:00:00+00:00,0.08835,0.09001,0.08763,0.08933,59476119.0
2023-01-31 16:00:00+00:00,0.08933,0.09039,0.08907,0.08989,65264033.0
2023-01-31 20:00:00+00:00,0.08988,0.09,0.087,0.08868,68143992.0
2023-02-01 00:00:00+00:00,0.08867,0.08934,0.08803,0.08904,49633417.0
2023-02-01 04:00:00+00:00,0.08905,0.08945,0.08578,0.0864,57404480.0
2023-02-01 08:00:00+00:00,0.0864,0.087,0.08519,0.08681,57713857.0
2023-02-01 12:00:00+00:00,0.08679,0.08744,0.08361,0.08458,87453881.0
2023-02-01 16:00:00+00:00,0.08456,0.09034,0.08311,0.08909,160053112.0
2023-02-01 20:00:00+00:00,0.08908,0.09415,0.08908,0.09318,141575744.0
2023-02-02 00:00:00+00:00,0.0932,0.09585,0.0932,0.09415,83109745.0
2023-02-02 04:00:00+00:00,0.09413,0.0951,0.09284,0.09311,42720432.0
2023-02-02 08:00:00+00:00,0.09311,0.09464,0.09306,0.09448,41605739.0
2023-02-02 12:00:00+00:00,0.09446,0.09642,0.09305,0.09606,89021348.0
2023-02-02 16:00:00+00:00,0.09607,0.10153,0.09532,0.09774,201234400.0
2023-02-02 20:00:00+00:00,0.09774,0.09853,0.09382,0.09522,107578582.0
2023-02-03 00:00:00+00:00,0.09523,0.09659,0.09394,0.09489,67369694.0
2023-02-03 04:00:00+00:00,0.0949,0.09646,0.09385,0.09428,45574881.0
2023-02-03 08:00:00+00:00,0.09428,0.09737,0.09338,0.09728,53253991.0
2023-02-03 12:00:00+00:00,0.09727,0.10063,0.09489,0.09903,173546367.0
2023-02-03 16:00:00+00:00,0.09902,0.10194,0.0974,0.09744,146054621.0
2023-02-03 20:00:00+00:00,0.09744,0.09932,0.09701,0.09899,39366299.0
2023-02-04 00:00:00+00:00,0.09899,0.09974,0.09766,0.09809,47131153.0
2023-02-04 04:00:00+00:00,0.09809,0.09977,0.09747,0.09958,36432504.0
2023-02-04 08:00:00+00:00,0.09957,0.0996,0.09777,0.09881,37444461.0
2023-02-04 12:00:00+00:00,0.09878,0.10078,0.09848,0.09972,55327706.0
2023-02-04 16:00:00+00:00,0.09971,0.11273,0.09952,0.11127,402330714.0
2023-02-04 20:00:00+00:00,0.11132,0.11567,0.10903,0.11358,729618578.0
2023-02-05 00:00:00+00:00,0.11358,0.11421,0.11003,0.11111,271609571.0
2023-02-05 04:00:00+00:00,0.11108,0.11279,0.11022,0.11262,238069359.0
2023-02-05 08:00:00+00:00,0.11263,0.1204,0.11124,0.11725,1014100296.0
2023-02-05 12:00:00+00:00,0.11722,0.1207,0.11074,0.11608,934202541.0
2023-02-05 16:00:00+00:00,0.11608,0.11872,0.11242,0.11624,580095504.0
2023-02-05 20:00:00+00:00,0.11624,0.13269,0.11604,0.13201,960007727.0
2023-02-06 00:00:00+00:00,0.13197,0.13776,0.12884,0.1309,678825143.0
2023-02-06 04:00:00+00:00,0.1309,0.13166,0.12716,0.12949,320484647.0
2023-02-06 08:00:00+00:00,0.12946,0.13169,0.12591,0.13035,339335169.0
2023-02-06 12:00:00+00:00,0.13031,0.1353,0.12903,0.13315,540874598.0
2023-02-06 16:00:00+00:00,0.13319,0.13849,0.1297,0.13227,553339176.0
2023-02-06 20:00:00+00:00,0.13232,0.13698,0.12691,0.12923,443744964.0
2023-02-07 00:00:00+00:00,0.12919,0.14179,0.1282,0.13883,484384989.0
2023-02-07 04:00:00+00:00,0.13883,0.15251,0.13601,0.15128,739839433.0
2023-02-07 08:00:00+00:00,0.15128,0.17895,0.14812,0.17125,1787557854.0
2023-02-07 12:00:00+00:00,0.17122,0.1865,0.1707,0.17807,2168728232.0
2023-02-07 16:00:00+00:00,0.17804,0.20625,0.17633,0.20424,2147661189.0
2023-02-07 20:00:00+00:00,0.20419,0.23292,0.1998,0.20862,2658646586.0
2023-02-08 00:00:00+00:00,0.20867,0.21176,0.197,0.20387,1024051094.0
2023-02-08 04:00:00+00:00,0.20387,0.20845,0.18775,0.19251,1262228601.0
2023-02-08 08:00:00+00:00,0.19251,0.19258,0.18133,0.18494,888472299.0
2023-02-08 12:00:00+00:00,0.18496,0.19195,0.1772,0.18065,940396059.0
2023-02-08 16:00:00+00:00,0.18065,0.18349,0.17057,0.17829,912714300.0
2023-02-08 20:00:00+00:00,0.17827,0.18226,0.17341,0.17542,419680654.0
2023-02-09 00:00:00+00:00,0.17543,0.18683,0.16557,0.16784,884298413.0
2023-02-09 04:00:00+00:00,0.16783,0.1808,0.16664,0.17686,586013074.0
2023-02-09 08:00:00+00:00,0.17685,0.1845,0.17255,0.17986,544207240.0
2023-02-09 12:00:00+00:00,0.17989,0.1799,0.16576,0.16626,687844741.0
2023-02-09 16:00:00+00:00,0.16622,0.16839,0.14413,0.15193,1175831057.0
2023-02-09 20:00:00+00:00,0.15197,0.15372,0.1405,0.14761,729733193.0
2023-02-10 00:00:00+00:00,0.14763,0.15351,0.14625,0.14902,413838668.0
2023-02-10 04:00:00+00:00,0.14901,0.15757,0.14349,0.15567,570882907.0
2023-02-10 08:00:00+00:00,0.15568,0.15976,0.1514,0.15207,562441074.0
2023-02-10 12:00:00+00:00,0.15205,0.16923,0.14954,0.15886,974415201.0
2023-02-10 16:00:00+00:00,0.15885,0.1745,0.15739,0.16712,1213649970.0
2023-02-10 20:00:00+00:00,0.16713,0.16836,0.16,0.16645,506663185.0
2023-02-11 00:00:00+00:00,0.16643,0.16748,0.15642,0.1606,415343078.0
2023-02-11 04:00:00+00:00,0.16057,0.16614,0.15818,0.1623,344763653.0
2023-02-11 08:00:00+00:00,0.16228,0.16237,0.15647,0.15967,263363702.0
2023-02-11 12:00:00+00:00,0.15965,0.16376,0.15746,0.15881,406071870.0
2023-02-11 16:00:00+00:00,0.15882,0.16095,0.1553,0.15972,260181345.0
2023-02-11 20:00:00+00:00,0.15971,0.16486,0.15781,0.16151,232577036.0
2023-02-12 00:00:00+00:00,0.16148,0.16918,0.16048,0.16491,329169205.0
2023-02-12 04:00:00+00:00,0.16489,0.16504,0.16038,0.16153,196902533.0
2023-02-12 08:00:00+00:00,0.16156,0.16946,0.16088,0.16534,268500162.0
2023-02-12 12:00:00+00:00,0.16534,0.16744,0.1605,0.16243,268629616.0
2023-02-12 16:00:00+00:00,0.16241,0.16576,0.15867,0.16126,220070609.0
2023-02-12 20:00:00+00:00,0.16125,0.16243,0.151,0.15419,320328142.0
2023-02-13 00:00:00+00:00,0.15419,0.15619,0.15022,0.15404,237601625.0
2023-02-13 04:00:00+00:00,0.15405,0.15586,0.15311,0.15363,147292925.0
2023-02-13 08:00:00+00:00,0.15362,0.15363,0.1434,0.14634,415924009.0
2023-02-13 12:00:00+00:00,0.14634,0.14866,0.14286,0.1444,268073138.0
2023-02-13 16:00:00+00:00,0.14442,0.14585,0.13923,0.14399,322670636.0
2023-02-13 20:00:00+00:00,0.14399,0.1482,0.14251,0.14747,168198237.0
2023-02-14 00:00:00+00:00,0.14747,0.1488,0.14513,0.14767,130286926.0
2023-02-14 04:00:00+00:00,0.14768,0.15,0.14595,0.14933,152048319.0
2023-02-14 08:00:00+00:00,0.14934,0.16096,0.14612,0.15903,557077562.0
2023-02-14 12:00:00+00:00,0.15905,0.16853,0.15213,0.16255,930778589.0
2023-02-14 16:00:00+00:00,0.16255,0.1747,0.16133,0.17002,727106891.0
2023-02-14 20:00:00+00:00,0.17002,0.17065,0.16617,0.1691,305425289.0
2023-02-15 00:00:00+00:00,0.16909,0.1693,0.16496,0.16835,220996063.0
2023-02-15 04:00:00+00:00,0.16831,0.1788,0.16791,0.17473,566403330.0
2023-02-15 08:00:00+00:00,0.1747,0.17615,0.17111,0.17455,505574538.0
2023-02-15 12:00:00+00:00,0.17459,0.18341,0.17137,0.18143,604771663.0
2023-02-15 16:00:00+00:00,0.18142,0.18439,0.17719,0.18298,375535373.0
2023-02-15 20:00:00+00:00,0.18296,0.18692,0.18038,0.18468,329774475.0
2023-02-16 00:00:00+00:00,0.18471,0.18705,0.18056,0.18496,246684666.0
2023-02-16 04:00:00+00:00,0.18496,0.18572,0.1759,0.17926,264257401.0
2023-02-16 08:00:00+00:00,0.17922,0.18021,0.17525,0.17607,196228515.0
2023-02-16 12:00:00+00:00,0.17609,0.18099,0.17251,0.18089,412262260.0
2023-02-16 16:00:00+00:00,0.18089,0.1835,0.17545,0.17651,395022635.0
2023-02-16 20:00:00+00:00,0.1765,0.17691,0.16255,0.16343,440750644.0
2023-02-17 00:00:00+00:00,0.16346,0.17107,0.16279,0.16972,222259033.0
2023-02-17 04:00:00+00:00,0.16971,0.17256,0.16772,0.17037,179930021.0
2023-02-17 08:00:00+00:00,0.17037,0.17205,0.16626,0.16636,157200449.0
2023-02-17 12:00:00+00:00,0.16637,0.17129,0.16551,0.16944,281185421.0
2023-02-17 16:00:00+00:00,0.16943,0.17137,0.16502,0.16924,236999799.0
2023-02-17 20:00:00+00:00,0.16923,0.1737,0.16406,0.16774,229631888.0
2023-02-18 00:00:00+00:00,0.16774,0.17068,0.16719,0.16931,105369543.0
2023-02-18 04:00:00+00:00,0.16929,0.17278,0.1667,0.16715,136073129.0
2023-02-18 08:00:00+00:00,0.16716,0.16988,0.166,0.16865,130077198.0
2023-02-18 12:00:00+00:00,0.16865,0.17063,0.16709,0.16858,137172715.0
2023-02-18 16:00:00+00:00,0.16857,0.18188,0.16824,0.17683,415630645.0
2023-02-18 20:00:00+00:00,0.17686,0.18088,0.17261,0.17708,298399512.0
2023-02-19 00:00:00+00:00,0.17708,0.18474,0.17651,0.17876,252981544.0
2023-02-19 04:00:00+00:00,0.17874,0.18406,0.1775,0.18129,194150952.0
2023-02-19 08:00:00+00:00,0.18129,0.1822,0.17586,0.17802,205441832.0
2023-02-19 12:00:00+00:00,0.17802,0.1821,0.17801,0.1809,268570563.0
2023-02-19 16:00:00+00:00,0.18092,0.18338,0.16874,0.16986,362631671.0
2023-02-19 20:00:00+00:00,0.16985,0.17159,0.16701,0.16893,135588039.0
2023-02-20 00:00:00+00:00,0.16889,0.17158,0.16238,0.16943,155953414.0
2023-02-20 04:00:00+00:00,0.16943,0.1727,0.16935,0.17246,94480128.0
2023-02-20 08:00:00+00:00,0.17249,0.17482,0.1696,0.17397,166116619.0
2023-02-20 12:00:00+00:00,0.17399,0.17462,0.16961,0.17095,154494994.0
2023-02-20 16:00:00+00:00,0.17097,0.17418,0.16705,0.17356,155683717.0
2023-02-20 20:00:00+00:00,0.17357,0.1744,0.17006,0.17126,76975411.0
2023-02-21 00:00:00+00:00,0.17128,0.17212,0.16726,0.17004,101736337.0
2023-02-21 04:00:00+00:00,0.17004,0.17575,0.16787,0.17424,171118866.0
2023-02-21 08:00:00+00:00,0.17425,0.18085,0.16684,0.17323,460296307.0
2023-02-21 12:00:00+00:00,0.17321,0.17726,0.16614,0.16831,287112552.0
2023-02-21 16:00:00+00:00,0.16831,0.17058,0.1645,0.16751,149501138.0
2023-02-21 20:00:00+00:00,0.16752,0.16789,0.163,0.16744,115180553.0
2023-02-22 00:00:00+00:00,0.16748,0.16845,0.15855,0.164,152067223.0
2023-02-22 04:00:00+00:00,0.16402,0.16452,0.15766,0.15997,139511724.0
2023-02-22 08:00:00+00:00,0.15996,0.1601,0.15523,0.15948,175147873.0
2023-02-22 12:00:00+00:00,0.15947,0.16228,0.15363,0.15521,184596737.0
2023-02-22 16:00:00+00:00,0.15522,0.16164,0.1547,0.15944,175102228.0
2023-02-22 20:00:00+00:00,0.15941,0.16474,0.15833,0.16345,106005896.0
2023-02-23 00:00:00+00:00,0.16344,0.16752,0.16267,0.16612,100351364.0
2023-02-23 04:00:00+00:00,0.16611,0.16838,0.16449,0.16606,71194103.0
2023-02-23 08:00:00+00:00,0.16607,0.16697,0.15838,0.15999,120037491.0
2023-02-23 12:00:00+00:00,0.15997,0.17277,0.15863,0.16414,370138596.0
2023-02-23 16:00:00+00:00,0.16413,0.1652,0.15959,0.16262,150367572.0
2023-02-23 20:00:00+00:00,0.16264,0.16362,0.16036,0.1608,67209438.0
2023-02-24 00:00:00+00:00,0.1608,0.16423,0.16,0.16169,86299215.0
2023-02-24 04:00:00+00:00,0.16171,0.16372,0.16049,0.16211,65087343.0
2023-02-24 08:00:00+00:00,0.16211,0.16561,0.16009,0.16552,132086239.0
2023-02-24 12:00:00+00:00,0.16551,0.16594,0.15658,0.15695,206393728.0
2023-02-24 16:00:00+00:00,0.15694,0.15722,0.15,0.1543,236529338.0
2023-02-24 20:00:00+00:00,0.1543,0.15682,0.15071,0.15479,98506231.0
2023-02-25 00:00:00+00:00,0.15476,0.15571,0.15212,0.15228,53950114.0
2023-02-25 04:00:00+00:00,0.15227,0.15269,0.14866,0.15056,71311724.0
2023-02-25 08:00:00+00:00,0.15055,0.1517,0.14707,0.14872,68743742.0
2023-02-25 12:00:00+00:00,0.14873,0.15032,0.14594,0.14816,102948071.0
2023-02-25 16:00:00+00:00,0.14814,0.1499,0.14304,0.14451,122368828.0
2023-02-25 20:00:00+00:00,0.14455,0.14925,0.14107,0.14885,129993636.0
2023-02-26 00:00:00+00:00,0.14886,0.15518,0.14841,0.15476,116806337.0
2023-02-26 04:00:00+00:00,0.15475,0.16072,0.15303,0.15809,109094812.0
2023-02-26 08:00:00+00:00,0.1581,0.15947,0.15575,0.15632,108453178.0
2023-02-26 12:00:00+00:00,0.15632,0.15688,0.15431,0.15578,88524113.0
2023-02-26 16:00:00+00:00,0.1558,0.15966,0.15365,0.15922,109632959.0
2023-02-26 20:00:00+00:00,0.15922,0.16337,0.15839,0.16041,144515472.0
2023-02-27 00:00:00+00:00,0.1604,0.16195,0.15879,0.16053,74017083.0
2023-02-27 04:00:00+00:00,0.16053,0.16173,0.15716,0.15948,85321538.0
2023-02-27 08:00:00+00:00,0.15949,0.16076,0.15634,0.15834,97019546.0
2023-02-27 12:00:00+00:00,0.15836,0.16355,0.15623,0.15999,168916491.0
2023-02-27 16:00:00+00:00,0.15997,0.16054,0.15372,0.15557,156153657.0
2023-02-27 20:00:00+00:00,0.15555,0.158,0.15306,0.15745,65577853.0
2023-02-28 00:00:00+00:00,0.15747,0.16812,0.15488,0.16292,218173778.0
2023-02-28 04:00:00+00:00,0.16292,0.16418,0.15672,0.15697,163774029.0
2023-02-28 08:00:00+00:00,0.15694,0.15863,0.15563,0.15676,95113291.0
2023-02-28 12:00:00+00:00,0.15676,0.15993,0.156,0.15968,136595463.0
2023-02-28 16:00:00+00:00,0.15966,0.1615,0.1561,0.15632,148081978.0
2023-02-28 20:00:00+00:00,0.15632,0.15866,0.15187,0.15258,129994558.0
2023-03-01 00:00:00+00:00,0.15259,0.15689,0.1512,0.15671,87035778.0
2023-03-01 04:00:00+00:00,0.15672,0.15913,0.15586,0.15766,66746332.0
2023-03-01 08:00:00+00:00,0.15767,0.16176,0.15709,0.16069,104304563.0
2023-03-01 12:00:00+00:00,0.16069,0.16283,0.15828,0.16018,136881708.0
2023-03-01 16:00:00+00:00,0.16019,0.16215,0.15645,0.15743,114906222.0
2023-03-01 20:00:00+00:00,0.15743,0.16115,0.15694,0.15989,64611234.0
2023-03-02 00:00:00+00:00,0.1599,0.16114,0.15584,0.15672,67124647.0
2023-03-02 04:00:00+00:00,0.15673,0.15797,0.15401,0.15468,50542719.0
2023-03-02 08:00:00+00:00,0.15464,0.15518,0.1523,0.15359,68749712.0
2023-03-02 12:00:00+00:00,0.1536,0.15459,0.15043,0.15372,90845039.0
2023-03-02 16:00:00+00:00,0.15373,0.15482,0.1515,0.15445,73332261.0
2023-03-02 20:00:00+00:00,0.15444,0.15541,0.15355,0.15479,50223783.0
2023-03-03 00:00:00+00:00,0.1548,0.15499,0.1343,0.14193,287145642.0
2023-03-03 04:00:00+00:00,0.14193,0.14499,0.14157,0.14449,91596610.0
2023-03-03 08:00:00+00:00,0.14451,0.15126,0.14451,0.14786,144274351.0
2023-03-03 12:00:00+00:00,0.14785,0.14975,0.14579,0.14681,124815035.0
2023-03-03 16:00:00+00:00,0.14686,0.14755,0.14557,0.14743,89565028.0
2023-03-03 20:00:00+00:00,0.14745,0.1481,0.14408,0.14706,82146934.0
2023-03-04 00:00:00+00:00,0.14709,0.14866,0.14611,0.14636,40462516.0
2023-03-04 04:00:00+00:00,0.14635,0.1466,0.14366,0.14473,39926364.0
2023-03-04 08:00:00+00:00,0.14474,0.14474,0.14176,0.14243,53544543.0
2023-03-04 12:00:00+00:00,0.14243,0.1429,0.14011,0.14187,72835381.0
2023-03-04 16:00:00+00:00,0.14188,0.14387,0.13893,0.14026,111624424.0
2023-03-04 20:00:00+00:00,0.14024,0.14175,0.13477,0.14164,152847055.0
2023-03-05 00:00:00+00:00,0.14164,0.14586,0.14018,0.14438,132762884.0
2023-03-05 04:00:00+00:00,0.14436,0.14677,0.14366,0.14443,55666382.0
2023-03-05 08:00:00+00:00,0.14445,0.1448,0.14249,0.14384,56582414.0
2023-03-05 12:00:00+00:00,0.14385,0.14583,0.14351,0.14401,69442094.0
2023-03-05 16:00:00+00:00,0.14403,0.14428,0.14112,0.14171,58306057.0
2023-03-05 20:00:00+00:00,0.1417,0.14366,0.13933,0.14056,79337456.0
2023-03-06 00:00:00+00:00,0.14056,0.1418,0.13602,0.13915,109706431.0
2023-03-06 04:00:00+00:00,0.13915,0.13987,0.13696,0.13882,56916248.0
2023-03-06 08:00:00+00:00,0.13881,0.13935,0.1375,0.13769,88105290.0
2023-03-06 12:00:00+00:00,0.13773,0.14316,0.13653,0.14257,116716960.0
2023-03-06 16:00:00+00:00,0.14261,0.14389,0.14116,0.14141,112016656.0
2023-03-06 20:00:00+00:00,0.14141,0.14356,0.13958,0.14256,80174846.0
2023-03-07 00:00:00+00:00,0.14256,0.14564,0.14177,0.14399,78650062.0
2023-03-07 04:00:00+00:00,0.14399,0.1445,0.14131,0.14163,50913853.0
2023-03-07 08:00:00+00:00,0.14165,0.14196,0.13826,0.13855,126160998.0
2023-03-07 12:00:00+00:00,0.13854,0.1402,0.135,0.13851,164501924.0
2023-03-07 16:00:00+00:00,0.13852,0.13981,0.13587,0.13615,102736723.0
2023-03-07 20:00:00+00:00,0.13615,0.13766,0.1325,0.1373,112866618.0
2023-03-08 00:00:00+00:00,0.13729,0.13926,0.13586,0.13706,76823833.0
2023-03-08 04:00:00+00:00,0.1371,0.13744,0.1318,0.13221,81347543.0
2023-03-08 08:00:00+00:00,0.13221,0.13345,0.1309,0.13141,114150114.0
2023-03-08 12:00:00+00:00,0.13143,0.13218,0.12526,0.12976,271993015.0
2023-03-08 16:00:00+00:00,0.12973,0.13088,0.12572,0.12664,121498750.0
2023-03-08 20:00:00+00:00,0.12663,0.12817,0.12127,0.12482,164605649.0
2023-03-09 00:00:00+00:00,0.12481,0.12745,0.12472,0.12717,100136226.0
2023-03-09 04:00:00+00:00,0.12717,0.12764,0.12349,0.12383,68048346.0
2023-03-09 08:00:00+00:00,0.12384,0.12461,0.12159,0.12444,126676219.0
2023-03-09 12:00:00+00:00,0.12443,0.12841,0.12236,0.1265,163747398.0
2023-03-09 16:00:00+00:00,0.12649,0.12776,0.12136,0.12217,211147542.0
2023-03-09 20:00:00+00:00,0.12218,0.12222,0.11184,0.1168,303698093.0
2023-03-10 00:00:00+00:00,0.11682,0.11815,0.11366,0.11535,148745513.0
2023-03-10 04:00:00+00:00,0.11537,0.11689,0.1114,0.11381,154400598.0
2023-03-10 08:00:00+00:00,0.11378,0.11426,0.10505,0.10937,283304680.0
2023-03-10 12:00:00+00:00,0.10936,0.115,0.10821,0.11468,294913209.0
2023-03-10 16:00:00+00:00,0.11469,0.11751,0.11322,0.11705,195473836.0
2023-03-10 20:00:00+00:00,0.11703,0.11768,0.11417,0.1163,122630959.0
2023-03-11 00:00:00+00:00,0.1163,0.1216,0.11625,0.1164,154686400.0
2023-03-11 04:00:00+00:00,0.1164,0.11793,0.1101,0.11055,136126694.0
2023-03-11 08:00:00+00:00,0.1105,0.11398,0.10992,0.11119,130206940.0
2023-03-11 12:00:00+00:00,0.11123,0.11349,0.10872,0.10917,95833451.0
2023-03-11 16:00:00+00:00,0.10917,0.11273,0.10813,0.11235,99618711.0
2023-03-11 20:00:00+00:00,0.11235,0.11428,0.11202,0.11404,82593505.0
2023-03-12 00:00:00+00:00,0.11404,0.11404,0.11116,0.11219,81897459.0
2023-03-12 04:00:00+00:00,0.11219,0.11324,0.11092,0.11179,51378495.0
2023-03-12 08:00:00+00:00,0.1118,0.11362,0.11144,0.11264,48863490.0
2023-03-12 12:00:00+00:00,0.11265,0.11379,0.11123,0.11243,93054460.0
2023-03-12 16:00:00+00:00,0.11245,0.11937,0.1117,0.11659,198887321.0
2023-03-12 20:00:00+00:00,0.1166,0.13183,0.11642,0.13125,267986532.0
2023-03-13 00:00:00+00:00,0.13125,0.13532,0.12936,0.13216,247642107.0
2023-03-13 04:00:00+00:00,0.13218,0.13749,0.13218,0.13539,145906001.0
2023-03-13 08:00:00+00:00,0.13537,0.13561,0.12831,0.13144,189316228.0
2023-03-13 12:00:00+00:00,0.13144,0.1461,0.12952,0.14212,422450285.0
2023-03-13 16:00:00+00:00,0.14215,0.14779,0.14089,0.14474,241165676.0
2023-03-13 20:00:00+00:00,0.14474,0.14722,0.14284,0.14515,114071865.0
2023-03-14 00:00:00+00:00,0.14516,0.14692,0.14306,0.14489,152652563.0
2023-03-14 04:00:00+00:00,0.1449,0.14641,0.14016,0.14098,116423590.0
2023-03-14 08:00:00+00:00,0.14101,0.14344,0.13874,0.14275,109885270.0
2023-03-14 12:00:00+00:00,0.14275,0.16161,0.14178,0.16029,326389505.0
2023-03-14 16:00:00+00:00,0.16026,0.1634,0.1501,0.15534,332714980.0
2023-03-14 20:00:00+00:00,0.15535,0.15633,0.147,0.15226,161881961.0
2023-03-15 00:00:00+00:00,0.15224,0.15589,0.1489,0.15457,115545502.0
2023-03-15 04:00:00+00:00,0.15457,0.15768,0.15216,0.15558,114428821.0
2023-03-15 08:00:00+00:00,0.15557,0.15571,0.14654,0.15027,180963441.0
2023-03-15 12:00:00+00:00,0.15024,0.15394,0.13873,0.13976,329853530.0
2023-03-15 16:00:00+00:00,0.13975,0.14237,0.13134,0.14029,351960976.0
2023-03-15 20:00:00+00:00,0.14031,0.1417,0.1373,0.14001,152816742.0
2023-03-16 00:00:00+00:00,0.14003,0.14421,0.13828,0.14355,180047904.0
2023-03-16 04:00:00+00:00,0.14355,0.147,0.13933,0.14655,134478882.0
2023-03-16 08:00:00+00:00,0.14652,0.15578,0.14579,0.15346,277610063.0
2023-03-16 12:00:00+00:00,0.15347,0.15892,0.1472,0.15776,387387421.0
2023-03-16 16:00:00+00:00,0.15779,0.15959,0.15253,0.15717,392763165.0
2023-03-16 20:00:00+00:00,0.15716,0.15722,0.1455,0.15081,324531829.0
2023-03-17 00:00:00+00:00,0.15079,0.15396,0.14698,0.15007,170496015.0
2023-03-17 04:00:00+00:00,0.15008,0.15261,0.14687,0.15005,144936691.0
2023-03-17 08:00:00+00:00,0.15005,0.1588,0.14929,0.15741,168800829.0
2023-03-17 12:00:00+00:00,0.15742,0.15759,0.1477,0.15151,227154025.0
2023-03-17 16:00:00+00:00,0.15151,0.15535,0.15028,0.15487,133670571.0
2023-03-17 20:00:00+00:00,0.15486,0.1634,0.1527,0.16302,166031250.0
2023-03-18 00:00:00+00:00,0.16302,0.16348,0.15827,0.16121,151213584.0
2023-03-18 04:00:00+00:00,0.16122,0.16199,0.15815,0.15875,78860721.0
2023-03-18 08:00:00+00:00,0.15874,0.175,0.15342,0.17138,404853912.0
2023-03-18 12:00:00+00:00,0.17141,0.17535,0.1563,0.15988,395999284.0
2023-03-18 16:00:00+00:00,0.15987,0.1619,0.1499,0.15825,283208074.0
2023-03-18 20:00:00+00:00,0.15825,0.16146,0.15336,0.15479,117899301.0
2023-03-19 00:00:00+00:00,0.15477,0.16053,0.15471,0.15942,90401421.0
2023-03-19 04:00:00+00:00,0.15942,0.16044,0.15258,0.1561,85675009.0
2023-03-19 08:00:00+00:00,0.15613,0.16493,0.15442,0.15976,236905165.0
2023-03-19 12:00:00+00:00,0.15976,0.1617,0.1561,0.16024,126511814.0
2023-03-19 16:00:00+00:00,0.1602,0.16783,0.15969,0.16286,284011766.0
2023-03-19 20:00:00+00:00,0.16284,0.16395,0.15335,0.15367,206346726.0
2023-03-20 00:00:00+00:00,0.15369,0.157,0.14805,0.14883,191926311.0
2023-03-20 04:00:00+00:00,0.14886,0.15582,0.14661,0.15489,198171329.0
2023-03-20 08:00:00+00:00,0.15489,0.16,0.15238,0.15435,219176834.0
2023-03-20 12:00:00+00:00,0.15437,0.15635,0.15128,0.15166,161308019.0
2023-03-20 16:00:00+00:00,0.15166,0.15288,0.14501,0.1469,246211418.0
2023-03-20 20:00:00+00:00,0.14694,0.1515,0.14672,0.14861,125862659.0
2023-03-21 00:00:00+00:00,0.1486,0.15183,0.14744,0.15085,109827185.0
2023-03-21 04:00:00+00:00,0.15084,0.15168,0.14126,0.14364,144562297.0
2023-03-21 08:00:00+00:00,0.14364,0.14978,0.14364,0.14742,165912171.0
2023-03-21 12:00:00+00:00,0.14743,0.15533,0.14699,0.15202,217827133.0
2023-03-21 16:00:00+00:00,0.15204,0.15508,0.14753,0.15061,204877217.0
2023-03-21 20:00:00+00:00,0.15063,0.15252,0.14857,0.15172,116845825.0
2023-03-22 00:00:00+00:00,0.15169,0.15289,0.14723,0.1516,88621018.0
2023-03-22 04:00:00+00:00,0.15157,0.15175,0.14755,0.14868,62381154.0
2023-03-22 08:00:00+00:00,0.14869,0.15058,0.14684,0.14917,78914870.0
2023-03-22 12:00:00+00:00,0.14916,0.15361,0.14777,0.14925,147342237.0
2023-03-22 16:00:00+00:00,0.14923,0.15173,0.13752,0.13769,357833484.0
2023-03-22 20:00:00+00:00,0.13768,0.14403,0.13749,0.1429,176433045.0
2023-03-23 00:00:00+00:00,0.14291,0.14661,0.14102,0.1451,88389730.0
2023-03-23 04:00:00+00:00,0.1451,0.15518,0.1451,0.15443,219118601.0
2023-03-23 08:00:00+00:00,0.15444,0.15765,0.1517,0.15243,181654502.0
2023-03-23 12:00:00+00:00,0.15247,0.15699,0.1486,0.15375,218967684.0
2023-03-23 16:00:00+00:00,0.15375,0.15423,0.14927,0.1526,164237876.0
2023-03-23 20:00:00+00:00,0.15264,0.1536,0.1514,0.15196,69280157.0
2023-03-24 00:00:00+00:00,0.15198,0.15262,0.14957,0.1506,58505242.0
2023-03-24 04:00:00+00:00,0.1506,0.15099,0.14931,0.15001,57199520.0
2023-03-24 08:00:00+00:00,0.15,0.15019,0.14501,0.14585,125646715.0
2023-03-24 12:00:00+00:00,0.14583,0.14733,0.14301,0.14439,129515127.0
2023-03-24 16:00:00+00:00,0.14441,0.1452,0.1382,0.14451,144184117.0
2023-03-24 20:00:00+00:00,0.14451,0.14513,0.14141,0.14248,80225305.0
2023-03-25 00:00:00+00:00,0.14253,0.1435,0.14067,0.1423,54162500.0
2023-03-25 04:00:00+00:00,0.14231,0.14315,0.13928,0.14019,43651121.0
2023-03-25 08:00:00+00:00,0.14022,0.14085,0.13819,0.14012,50749637.0
2023-03-25 12:00:00+00:00,0.14013,0.14195,0.13893,0.14114,57635485.0
2023-03-25 16:00:00+00:00,0.14114,0.14174,0.13571,0.13597,80455466.0
2023-03-25 20:00:00+00:00,0.13593,0.13808,0.1357,0.13773,45078345.0
2023-03-26 00:00:00+00:00,0.13775,0.1398,0.1364,0.13935,40057398.0
2023-03-26 04:00:00+00:00,0.13935,0.14021,0.13819,0.13938,29044430.0
2023-03-26 08:00:00+00:00,0.13939,0.14193,0.13832,0.14099,63289204.0
2023-03-26 12:00:00+00:00,0.141,0.14249,0.1391,0.13982,69054796.0
2023-03-26 16:00:00+00:00,0.1398,0.14098,0.13892,0.13998,40614552.0
2023-03-26 20:00:00+00:00,0.14003,0.1421,0.13905,0.14144,42620474.0
2023-03-27 00:00:00+00:00,0.14136,0.14144,0.13852,0.13967,47682931.0
2023-03-27 04:00:00+00:00,0.13965,0.14032,0.1369,0.13773,58267621.0
2023-03-27 08:00:00+00:00,0.13773,0.13933,0.13693,0.13905,39033010.0
2023-03-27 12:00:00+00:00,0.13905,0.13975,0.12823,0.13275,170739479.0
2023-03-27 16:00:00+00:00,0.13276,0.1351,0.13018,0.13052,119394909.0
2023-03-27 20:00:00+00:00,0.13055,0.13416,0.13013,0.13378,67044126.0
2023-03-28 00:00:00+00:00,0.1338,0.13454,0.13068,0.1312,71247108.0
2023-03-28 04:00:00+00:00,0.13121,0.13386,0.13106,0.13248,45184122.0
2023-03-28 08:00:00+00:00,0.13243,0.13277,0.12894,0.13212,82390181.0
2023-03-28 12:00:00+00:00,0.13213,0.13336,0.13048,0.13287,67602046.0
2023-03-28 16:00:00+00:00,0.13288,0.13854,0.13074,0.13758,106074265.0
2023-03-28 20:00:00+00:00,0.1376,0.1413,0.13705,0.14003,104819375.0
2023-03-29 00:00:00+00:00,0.14001,0.14336,0.13935,0.14187,77281779.0
2023-03-29 04:00:00+00:00,0.14186,0.14927,0.14173,0.14777,112706462.0
2023-03-29 08:00:00+00:00,0.14778,0.14948,0.14612,0.14703,86899912.0
2023-03-29 12:00:00+00:00,0.14703,0.14793,0.14365,0.14702,100813674.0
2023-03-29 16:00:00+00:00,0.14704,0.14726,0.14469,0.14625,58783014.0
2023-03-29 20:00:00+00:00,0.14626,0.14776,0.14466,0.14653,61892441.0
2023-03-30 00:00:00+00:00,0.14654,0.15083,0.14316,0.14581,125498900.0
2023-03-30 04:00:00+00:00,0.14578,0.14775,0.144,0.14558,55247026.0
2023-03-30 08:00:00+00:00,0.14558,0.1462,0.1429,0.14463,43646052.0
2023-03-30 12:00:00+00:00,0.14464,0.14473,0.14061,0.14132,67476833.0
2023-03-30 16:00:00+00:00,0.14129,0.1423,0.13959,0.14203,87977081.0
2023-03-30 20:00:00+00:00,0.14205,0.14706,0.14152,0.14443,64933435.0
2023-03-31 00:00:00+00:00,0.14442,0.14584,0.14336,0.14359,44833875.0
2023-03-31 04:00:00+00:00,0.14359,0.14438,0.13968,0.14111,50199866.0
2023-03-31 08:00:00+00:00,0.14108,0.14217,0.14048,0.14154,40679285.0
2023-03-31 12:00:00+00:00,0.14155,0.14704,0.1412,0.14567,89087817.0
2023-03-31 16:00:00+00:00,0.14564,0.1467,0.14467,0.14625,45044823.0
2023-03-31 20:00:00+00:00,0.14626,0.14676,0.14493,0.14534,36224336.0
2023-04-01 00:00:00+00:00,0.14533,0.14798,0.14492,0.14668,48211370.0
2023-04-01 04:00:00+00:00,0.14667,0.14695,0.14285,0.14329,43283366.0
2023-04-01 08:00:00+00:00,0.14327,0.14407,0.142,0.14272,33124509.0
2023-04-01 12:00:00+00:00,0.14274,0.14325,0.14106,0.14226,29511668.0
2023-04-01 16:00:00+00:00,0.14228,0.1432,0.14134,0.1423,33762426.0
2023-04-01 20:00:00+00:00,0.1423,0.14362,0.14227,0.14249,22550916.0
2023-04-02 00:00:00+00:00,0.14251,0.14294,0.1402,0.14169,30258294.0
2023-04-02 04:00:00+00:00,0.14167,0.14313,0.14089,0.1428,18835680.0
2023-04-02 08:00:00+00:00,0.1428,0.14339,0.14135,0.14217,31158634.0
2023-04-02 12:00:00+00:00,0.14219,0.14238,0.13704,0.13812,71255874.0
2023-04-02 16:00:00+00:00,0.13809,0.13942,0.13607,0.1373,39996124.0
2023-04-02 20:00:00+00:00,0.1373,0.1388,0.13631,0.13853,30914255.0
2023-04-03 00:00:00+00:00,0.13855,0.13863,0.1333,0.13676,45372729.0
2023-04-03 04:00:00+00:00,0.13674,0.14172,0.13634,0.14132,50276495.0
2023-04-03 08:00:00+00:00,0.14131,0.14294,0.14017,0.14048,75182442.0
2023-04-03 12:00:00+00:00,0.14048,0.14149,0.1379,0.13897,61973754.0
2023-04-03 16:00:00+00:00,0.13897,0.14203,0.13771,0.14071,70356135.0
2023-04-03 20:00:00+00:00,0.14071,0.14116,0.13421,0.13951,81295941.0
2023-04-04 00:00:00+00:00,0.1395,0.14106,0.13873,0.13893,34580869.0
2023-04-04 04:00:00+00:00,0.13893,0.14052,0.13842,0.13914,29823197.0
2023-04-04 08:00:00+00:00,0.13916,0.14165,0.1386,0.14139,45362173.0
2023-04-04 12:00:00+00:00,0.14139,0.14381,0.14054,0.14185,71528484.0
2023-04-04 16:00:00+00:00,0.14185,0.14374,0.1416,0.14211,49658787.0
2023-04-04 20:00:00+00:00,0.14214,0.14322,0.14179,0.1432,29344221.0
2023-04-05 00:00:00+00:00,0.14316,0.15249,0.14202,0.15034,133361586.0
2023-04-05 04:00:00+00:00,0.15034,0.15732,0.15034,0.15431,165615674.0
2023-04-05 08:00:00+00:00,0.15431,0.15476,0.15105,0.15165,81178394.0
2023-04-05 12:00:00+00:00,0.15165,0.15281,0.146,0.14859,139180736.0
2023-04-05 16:00:00+00:00,0.14857,0.14927,0.14641,0.14785,81621007.0
2023-04-05 20:00:00+00:00,0.14784,0.14881,0.14634,0.14742,63219202.0
2023-04-06 00:00:00+00:00,0.14741,0.14793,0.14359,0.14721,69278954.0
2023-04-06 04:00:00+00:00,0.1472,0.14733,0.14459,0.1448,38012415.0
2023-04-06 08:00:00+00:00,0.1448,0.14685,0.1434,0.14576,62889769.0
2023-04-06 12:00:00+00:00,0.14577,0.14716,0.14394,0.14679,59780698.0
2023-04-06 16:00:00+00:00,0.14679,0.1479,0.14477,0.146,44162865.0
2023-04-06 20:00:00+00:00,0.14598,0.14657,0.14446,0.14583,35466540.0
2023-04-07 00:00:00+00:00,0.14583,0.1462,0.14306,0.1436,46950102.0
2023-04-07 04:00:00+00:00,0.1436,0.14511,0.1398,0.14023,51993625.0
2023-04-07 08:00:00+00:00,0.14023,0.14216,0.14023,0.14108,39562238.0
2023-04-07 12:00:00+00:00,0.1411,0.1438,0.14039,0.14285,59983130.0
2023-04-07 16:00:00+00:00,0.14286,0.14304,0.14086,0.14141,34066656.0
2023-04-07 20:00:00+00:00,0.14142,0.14301,0.1406,0.14233,26573584.0
2023-04-08 00:00:00+00:00,0.14233,0.14429,0.14085,0.1438,44591437.0
2023-04-08 04:00:00+00:00,0.14381,0.14566,0.14339,0.14443,31968725.0
2023-04-08 08:00:00+00:00,0.14443,0.1455,0.1432,0.14342,26919894.0
2023-04-08 12:00:00+00:00,0.14343,0.14402,0.1429,0.1433,26959522.0
2023-04-08 16:00:00+00:00,0.14331,0.14363,0.14074,0.14153,35891717.0
2023-04-08 20:00:00+00:00,0.14152,0.1425,0.14041,0.1414,31598403.0
2023-04-09 00:00:00+00:00,0.14141,0.14385,0.1414,0.14256,27362243.0
2023-04-09 04:00:00+00:00,0.14252,0.14294,0.13985,0.14065,28217898.0
2023-04-09 08:00:00+00:00,0.14067,0.14126,0.14004,0.14071,24164810.0
2023-04-09 12:00:00+00:00,0.14072,0.14143,0.13858,0.14011,42318439.0
2023-04-09 16:00:00+00:00,0.14006,0.14337,0.13951,0.14294,40230034.0
2023-04-09 20:00:00+00:00,0.14294,0.14459,0.14215,0.14336,43985059.0
2023-04-10 00:00:00+00:00,0.14336,0.14424,0.14163,0.14306,30678584.0
2023-04-10 04:00:00+00:00,0.14307,0.1437,0.14205,0.14289,20160110.0
2023-04-10 08:00:00+00:00,0.14289,0.1441,0.14286,0.14306,31730986.0
2023-04-10 12:00:00+00:00,0.14307,0.14375,0.14157,0.1429,44046646.0
2023-04-10 16:00:00+00:00,0.1429,0.14785,0.14236,0.14702,85304781.0
2023-04-10 20:00:00+00:00,0.14702,0.1538,0.14618,0.15345,115095037.0
2023-04-11 00:00:00+00:00,0.15344,0.15533,0.14819,0.14919,166654111.0
2023-04-11 04:00:00+00:00,0.14916,0.15067,0.14829,0.14984,63974494.0
2023-04-11 08:00:00+00:00,0.14984,0.15024,0.14808,0.14991,54722144.0
2023-04-11 12:00:00+00:00,0.14992,0.15039,0.14804,0.14904,58472953.0
2023-04-11 16:00:00+00:00,0.14904,0.1496,0.14721,0.1478,57021410.0
2023-04-11 20:00:00+00:00,0.1478,0.14843,0.1471,0.14775,34293746.0
2023-04-12 00:00:00+00:00,0.14777,0.1485,0.14118,0.1422,91464358.0
2023-04-12 04:00:00+00:00,0.14224,0.14434,0.14169,0.14405,45491512.0
2023-04-12 08:00:00+00:00,0.14406,0.14445,0.14289,0.14422,43976658.0
2023-04-12 12:00:00+00:00,0.1442,0.14881,0.14318,0.14782,117149159.0
2023-04-12 16:00:00+00:00,0.14785,0.14994,0.1448,0.14571,89586657.0
2023-04-12 20:00:00+00:00,0.1457,0.1484,0.14562,0.14758,37890393.0
2023-04-13 00:00:00+00:00,0.1476,0.14824,0.14557,0.14726,33557669.0
2023-04-13 04:00:00+00:00,0.14719,0.14722,0.14535,0.14642,24504294.0
2023-04-13 08:00:00+00:00,0.14641,0.15,0.14632,0.1491,76079838.0
2023-04-13 12:00:00+00:00,0.1491,0.15095,0.1485,0.14987,69899979.0
2023-04-13 16:00:00+00:00,0.14991,0.15173,0.14954,0.15056,46479454.0
2023-04-13 20:00:00+00:00,0.15058,0.15061,0.14919,0.1504,31608003.0
2023-04-14 00:00:00+00:00,0.15041,0.15482,0.14978,0.15372,76951199.0
2023-04-14 04:00:00+00:00,0.15372,0.15742,0.15364,0.15427,80939215.0
2023-04-14 08:00:00+00:00,0.15427,0.15955,0.15356,0.15821,93561458.0
2023-04-14 12:00:00+00:00,0.15821,0.15889,0.15306,0.1539,139685306.0
2023-04-14 16:00:00+00:00,0.15392,0.16398,0.15213,0.16287,190505047.0
2023-04-14 20:00:00+00:00,0.16288,0.16525,0.16058,0.1616,121851133.0
2023-04-15 00:00:00+00:00,0.1616,0.16166,0.15896,0.16085,65291278.0
2023-04-15 04:00:00+00:00,0.16084,0.16441,0.15957,0.16441,67232411.0
2023-04-15 08:00:00+00:00,0.16441,0.1722,0.1626,0.17067,182571422.0
2023-04-15 12:00:00+00:00,0.17069,0.1709,0.16736,0.16867,142730785.0
2023-04-15 16:00:00+00:00,0.16865,0.17199,0.1653,0.16659,148447334.0
2023-04-15 20:00:00+00:00,0.16657,0.16821,0.16434,0.16702,64802888.0
2023-04-16 00:00:00+00:00,0.16703,0.16891,0.16298,0.16804,87291736.0
2023-04-16 04:00:00+00:00,0.16804,0.17025,0.1678,0.16832,49628006.0
2023-04-16 08:00:00+00:00,0.16832,0.16879,0.16382,0.16426,62743631.0
2023-04-16 12:00:00+00:00,0.16425,0.16713,0.1629,0.16685,63297887.0
2023-04-16 16:00:00+00:00,0.1669,0.16811,0.16505,0.1662,68045011.0
2023-04-16 20:00:00+00:00,0.16623,0.1692,0.16416,0.16653,80359363.0
2023-04-17 00:00:00+00:00,0.16652,0.16699,0.16122,0.1653,97930443.0
2023-04-17 04:00:00+00:00,0.16527,0.169,0.16334,0.16473,82108673.0
2023-04-17 08:00:00+00:00,0.16474,0.17198,0.16367,0.16858,191299868.0
2023-04-17 12:00:00+00:00,0.16859,0.17419,0.16419,0.16512,263193571.0
2023-04-17 16:00:00+00:00,0.1651,0.17094,0.16471,0.16884,97013996.0
2023-04-17 20:00:00+00:00,0.16885,0.17274,0.16583,0.17271,96867074.0
2023-04-18 00:00:00+00:00,0.1727,0.17272,0.16625,0.16656,125732163.0
2023-04-18 04:00:00+00:00,0.16655,0.17219,0.1652,0.17106,106508731.0
2023-04-18 08:00:00+00:00,0.17108,0.17396,0.17,0.17271,83021889.0
2023-04-18 12:00:00+00:00,0.17271,0.17535,0.17165,0.17239,134601408.0
2023-04-18 16:00:00+00:00,0.17237,0.17521,0.16851,0.16975,114768693.0
2023-04-18 20:00:00+00:00,0.16972,0.17117,0.16877,0.16996,46805296.0
2023-04-19 00:00:00+00:00,0.16998,0.17138,0.16685,0.16714,49735528.0
2023-04-19 04:00:00+00:00,0.16714,0.169,0.16433,0.16506,57461353.0
2023-04-19 08:00:00+00:00,0.16503,0.16531,0.148,0.15618,240106968.0
2023-04-19 12:00:00+00:00,0.15619,0.15927,0.15505,0.15642,84345910.0
2023-04-19 16:00:00+00:00,0.15643,0.15854,0.15503,0.15568,68434638.0
2023-04-19 20:00:00+00:00,0.15566,0.15656,0.1482,0.15179,94348895.0
2023-04-20 00:00:00+00:00,0.15176,0.15522,0.15126,0.1549,67723973.0
2023-04-20 04:00:00+00:00,0.1549,0.15723,0.1537,0.15378,50592435.0
2023-04-20 08:00:00+00:00,0.15378,0.15592,0.1511,0.15158,48251026.0
2023-04-20 12:00:00+00:00,0.15159,0.15568,0.14912,0.14941,85341440.0
2023-04-20 16:00:00+00:00,0.14944,0.1497,0.14264,0.14507,145910806.0
2023-04-20 20:00:00+00:00,0.14508,0.14677,0.144,0.14632,56853588.0
2023-04-21 00:00:00+00:00,0.14633,0.14921,0.14591,0.14745,50878757.0
2023-04-21 04:00:00+00:00,0.14748,0.14783,0.14352,0.14644,47074683.0
2023-04-21 08:00:00+00:00,0.14643,0.14742,0.142,0.14237,64133337.0
2023-04-21 12:00:00+00:00,0.14235,0.14482,0.14002,0.1432,74903181.0
2023-04-21 16:00:00+00:00,0.1432,0.14348,0.133,0.13517,102740140.0
2023-04-21 20:00:00+00:00,0.1352,0.13685,0.13387,0.13605,51923333.0
2023-04-22 00:00:00+00:00,0.13606,0.13812,0.135,0.13785,33706193.0
2023-04-22 04:00:00+00:00,0.13785,0.13821,0.13625,0.13652,27781598.0
2023-04-22 08:00:00+00:00,0.13654,0.13684,0.13542,0.13661,30385648.0
2023-04-22 12:00:00+00:00,0.13662,0.13982,0.1357,0.13923,60096514.0
2023-04-22 16:00:00+00:00,0.1392,0.14105,0.13772,0.13896,49122680.0
2023-04-22 20:00:00+00:00,0.13898,0.14169,0.1384,0.14162,34179618.0
2023-04-23 00:00:00+00:00,0.14163,0.14165,0.13827,0.1393,42738781.0
2023-04-23 04:00:00+00:00,0.1393,0.14067,0.13904,0.14045,25846000.0
2023-04-23 08:00:00+00:00,0.14045,0.1407,0.13836,0.13932,30684777.0
2023-04-23 12:00:00+00:00,0.13933,0.1398,0.13561,0.13638,46063853.0
2023-04-23 16:00:00+00:00,0.13637,0.13876,0.13358,0.13575,57985563.0
2023-04-23 20:00:00+00:00,0.13576,0.13857,0.13512,0.13792,30920962.0
2023-04-24 00:00:00+00:00,0.13796,0.14049,0.13563,0.13791,50361771.0
2023-04-24 04:00:00+00:00,0.13791,0.13878,0.135,0.13652,33501701.0
2023-04-24 08:00:00+00:00,0.13654,0.13921,0.13476,0.1392,44655178.0
2023-04-24 12:00:00+00:00,0.1392,0.14049,0.13634,0.13653,66547366.0
2023-04-24 16:00:00+00:00,0.1365,0.13877,0.13405,0.1369,55045199.0
2023-04-24 20:00:00+00:00,0.13691,0.13778,0.13529,0.13543,37964181.0
2023-04-25 00:00:00+00:00,0.13547,0.13609,0.13191,0.13266,57726901.0
2023-04-25 04:00:00+00:00,0.13267,0.13456,0.13215,0.13237,46087441.0
2023-04-25 08:00:00+00:00,0.13237,0.13349,0.13115,0.1328,63486508.0
2023-04-25 12:00:00+00:00,0.13283,0.13449,0.13124,0.13193,60248585.0
2023-04-25 16:00:00+00:00,0.13193,0.13428,0.13014,0.13305,90378752.0
2023-04-25 20:00:00+00:00,0.13304,0.14193,0.13302,0.14125,117816148.0
2023-04-26 00:00:00+00:00,0.14125,0.14271,0.13987,0.14015,42552652.0
2023-04-26 04:00:00+00:00,0.14015,0.14191,0.13962,0.14023,32494082.0
2023-04-26 08:00:00+00:00,0.14021,0.1459,0.13953,0.14436,85221289.0
2023-04-26 12:00:00+00:00,0.14433,0.14781,0.14432,0.14749,98220210.0
2023-04-26 16:00:00+00:00,0.14747,0.14844,0.13401,0.13557,142865480.0
2023-04-26 20:00:00+00:00,0.13551,0.13939,0.13068,0.13881,119192254.0
2023-04-27 00:00:00+00:00,0.13881,0.14393,0.13842,0.13925,92782323.0
2023-04-27 04:00:00+00:00,0.13924,0.14176,0.13718,0.13838,50870092.0
2023-04-27 08:00:00+00:00,0.1384,0.13886,0.13708,0.13767,39088189.0
2023-04-27 12:00:00+00:00,0.13764,0.14108,0.13557,0.13994,67957687.0
2023-04-27 16:00:00+00:00,0.14003,0.14223,0.13929,0.1414,67740303.0
2023-04-27 20:00:00+00:00,0.14141,0.14227,0.1385,0.14024,41262375.0
2023-04-28 00:00:00+00:00,0.14021,0.14133,0.1389,0.13913,42836532.0
2023-04-28 04:00:00+00:00,0.13914,0.13989,0.1381,0.13982,30190580.0
2023-04-28 08:00:00+00:00,0.13981,0.13982,0.13614,0.13621,41800445.0
2023-04-28 12:00:00+00:00,0.13622,0.13782,0.13415,0.13518,62106959.0
2023-04-28 16:00:00+00:00,0.13517,0.13694,0.13471,0.13618,42445771.0
2023-04-28 20:00:00+00:00,0.13621,0.13776,0.13616,0.13699,23769201.0
2023-04-29 00:00:00+00:00,0.137,0.13883,0.13624,0.13789,23593641.0
2023-04-29 04:00:00+00:00,0.13788,0.13858,0.13721,0.13819,17813878.0
2023-04-29 08:00:00+00:00,0.13819,0.1385,0.13732,0.13814,25541830.0
2023-04-29 12:00:00+00:00,0.13815,0.1408,0.13792,0.13956,39406392.0
2023-04-29 16:00:00+00:00,0.13954,0.14031,0.13657,0.13991,36339514.0
2023-04-29 20:00:00+00:00,0.1399,0.14015,0.13807,0.1389,18750495.0
2023-04-30 00:00:00+00:00,0.1389,0.13891,0.13589,0.13613,22615935.0
2023-04-30 04:00:00+00:00,0.13615,0.13839,0.13603,0.13808,17204419.0
2023-04-30 08:00:00+00:00,0.13808,0.13848,0.13678,0.13694,21069190.0
2023-04-30 12:00:00+00:00,0.13694,0.14006,0.13625,0.13903,42199201.0
2023-04-30 16:00:00+00:00,0.13903,0.13998,0.13598,0.13651,43932597.0
2023-04-30 20:00:00+00:00,0.13651,0.13698,0.1345,0.13541,34238477.0
2023-05-01 00:00:00+00:00,0.1354,0.1365,0.13121,0.13449,52312746.0
2023-05-01 04:00:00+00:00,0.13449,0.13585,0.13347,0.13557,31465023.0
2023-05-01 08:00:00+00:00,0.13558,0.13613,0.13366,0.13374,33212487.0
2023-05-01 12:00:00+00:00,0.13374,0.1344,0.13211,0.13226,46032835.0
2023-05-01 16:00:00+00:00,0.13226,0.13252,0.12883,0.1302,59228969.0
2023-05-01 20:00:00+00:00,0.1302,0.13107,0.12917,0.13073,34090631.0
2023-05-02 00:00:00+00:00,0.13073,0.13073,0.12879,0.13013,29689484.0
2023-05-02 04:00:00+00:00,0.13012,0.13143,0.12889,0.1309,32861662.0
2023-05-02 08:00:00+00:00,0.13089,0.1309,0.12902,0.1301,29200668.0
2023-05-02 12:00:00+00:00,0.1301,0.13182,0.12815,0.13109,73465909.0
2023-05-02 16:00:00+00:00,0.13108,0.13268,0.13025,0.1325,39899592.0
2023-05-02 20:00:00+00:00,0.1325,0.13365,0.13198,0.13279,32040617.0
2023-05-03 00:00:00+00:00,0.13277,0.13319,0.13055,0.1319,37733385.0
2023-05-03 04:00:00+00:00,0.1319,0.13197,0.13021,0.13073,35030895.0
2023-05-03 08:00:00+00:00,0.13073,0.13158,0.1295,0.12958,29843975.0
2023-05-03 12:00:00+00:00,0.12957,0.12989,0.12794,0.12888,59163548.0
2023-05-03 16:00:00+00:00,0.12888,0.13355,0.12872,0.1317,107493790.0
2023-05-03 20:00:00+00:00,0.13168,0.13797,0.1316,0.13627,65035467.0
2023-05-04 00:00:00+00:00,0.13627,0.13636,0.13412,0.13469,32796372.0
2023-05-04 04:00:00+00:00,0.13469,0.13533,0.13399,0.13408,23156358.0
2023-05-04 08:00:00+00:00,0.13409,0.1346,0.13321,0.13339,28507388.0
2023-05-04 12:00:00+00:00,0.13337,0.13378,0.13171,0.13238,44465192.0
2023-05-04 16:00:00+00:00,0.13238,0.1336,0.13105,0.13197,34212025.0
2023-05-04 20:00:00+00:00,0.13198,0.13263,0.13175,0.13214,20897615.0
2023-05-05 00:00:00+00:00,0.13213,0.13382,0.13136,0.13195,41410807.0
2023-05-05 04:00:00+00:00,0.13194,0.13238,0.13114,0.13165,21290951.0
2023-05-05 08:00:00+00:00,0.13163,0.13185,0.13,0.13033,37196992.0
2023-05-05 12:00:00+00:00,0.13033,0.13243,0.12599,0.13223,94179067.0
2023-05-05 16:00:00+00:00,0.13223,0.13425,0.13203,0.13423,73358274.0
2023-05-05 20:00:00+00:00,0.13422,0.13504,0.13335,0.13396,36462476.0
2023-05-06 00:00:00+00:00,0.13397,0.13545,0.13156,0.1325,39976250.0
2023-05-06 04:00:00+00:00,0.13249,0.13294,0.13012,0.13014,37210921.0
2023-05-06 08:00:00+00:00,0.13016,0.13052,0.12793,0.12978,46576434.0
2023-05-06 12:00:00+00:00,0.12978,0.12984,0.123,0.12434,88852742.0
2023-05-06 16:00:00+00:00,0.12436,0.12739,0.12412,0.1265,35962998.0
2023-05-06 20:00:00+00:00,0.1265,0.12679,0.12555,0.12636,22426890.0
2023-05-07 00:00:00+00:00,0.12636,0.12752,0.1251,0.12559,30768255.0
2023-05-07 04:00:00+00:00,0.12558,0.12757,0.12532,0.12744,23155845.0
2023-05-07 08:00:00+00:00,0.12743,0.12795,0.12651,0.12753,30846064.0
2023-05-07 12:00:00+00:00,0.12755,0.12849,0.12659,0.12693,47359516.0
2023-05-07 16:00:00+00:00,0.12694,0.12744,0.1259,0.12665,26677998.0
2023-05-07 20:00:00+00:00,0.12665,0.12759,0.12524,0.12608,34562543.0
2023-05-08 00:00:00+00:00,0.12607,0.12672,0.117,0.11987,100010722.0
2023-05-08 04:00:00+00:00,0.11987,0.12024,0.1157,0.11744,61964627.0
2023-05-08 08:00:00+00:00,0.11746,0.12064,0.1172,0.11969,48709846.0
2023-05-08 12:00:00+00:00,0.1197,0.12102,0.11882,0.11895,33590856.0
2023-05-08 16:00:00+00:00,0.11894,0.1191,0.11018,0.11465,112347124.0
2023-05-08 20:00:00+00:00,0.11462,0.11721,0.11433,0.11701,31287226.0
2023-05-09 00:00:00+00:00,0.11701,0.11793,0.11593,0.11674,26688517.0
2023-05-09 04:00:00+00:00,0.11674,0.11819,0.11561,0.11727,43282266.0
2023-05-09 08:00:00+00:00,0.11727,0.11736,0.11549,0.1164,29480188.0
2023-05-09 12:00:00+00:00,0.11641,0.11677,0.11243,0.11279,67500358.0
2023-05-09 16:00:00+00:00,0.1128,0.11516,0.11246,0.11469,48592766.0
2023-05-09 20:00:00+00:00,0.1147,0.11533,0.11375,0.11471,24340336.0
2023-05-10 00:00:00+00:00,0.11471,0.11545,0.11252,0.11277,31536627.0
2023-05-10 04:00:00+00:00,0.11279,0.11408,0.11247,0.11342,32253367.0
2023-05-10 08:00:00+00:00,0.11342,0.11366,0.11199,0.11329,31179992.0
2023-05-10 12:00:00+00:00,0.11327,0.1205,0.11232,0.11876,108639139.0
2023-05-10 16:00:00+00:00,0.11877,0.12039,0.11033,0.11805,143839497.0
2023-05-10 20:00:00+00:00,0.11806,0.12028,0.1175,0.11883,51747155.0
2023-05-11 00:00:00+00:00,0.11884,0.11892,0.11541,0.11589,42681947.0
2023-05-11 04:00:00+00:00,0.11587,0.11698,0.1148,0.11548,31683941.0
2023-05-11 08:00:00+00:00,0.11549,0.11586,0.11378,0.11499,41507131.0
2023-05-11 12:00:00+00:00,0.11501,0.11684,0.11157,0.11303,83590527.0
2023-05-11 16:00:00+00:00,0.11304,0.11345,0.10996,0.11093,69637521.0
2023-05-11 20:00:00+00:00,0.11093,0.11288,0.11078,0.11124,36770801.0
2023-05-12 00:00:00+00:00,0.11122,0.1115,0.10771,0.10948,55300598.0
2023-05-12 04:00:00+00:00,0.10946,0.11347,0.10888,0.11279,75214578.0
2023-05-12 08:00:00+00:00,0.1128,0.11436,0.11268,0.11304,41990882.0
2023-05-12 12:00:00+00:00,0.11303,0.11434,0.11207,0.11241,44226407.0
2023-05-12 16:00:00+00:00,0.1124,0.11364,0.1091,0.11319,64086979.0
2023-05-12 20:00:00+00:00,0.11318,0.11645,0.11277,0.11644,48278749.0
2023-05-13 00:00:00+00:00,0.11645,0.1166,0.11463,0.11535,32843558.0
2023-05-13 04:00:00+00:00,0.11535,0.11657,0.11476,0.11624,30328104.0
2023-05-13 08:00:00+00:00,0.11625,0.11687,0.11507,0.11534,28925590.0
2023-05-13 12:00:00+00:00,0.11533,0.11649,0.11466,0.11567,53520748.0
2023-05-13 16:00:00+00:00,0.11566,0.1172,0.11552,0.11618,55936247.0
2023-05-13 20:00:00+00:00,0.11618,0.11772,0.11601,0.11624,35349411.0
2023-05-14 00:00:00+00:00,0.11624,0.11659,0.11424,0.11557,31934031.0
2023-05-14 04:00:00+00:00,0.11559,0.11703,0.1151,0.11637,27317707.0
2023-05-14 08:00:00+00:00,0.11637,0.11654,0.11474,0.11505,26397203.0
2023-05-14 12:00:00+00:00,0.11504,0.11827,0.11427,0.11784,48398809.0
2023-05-14 16:00:00+00:00,0.11784,0.11801,0.11515,0.11545,41236315.0
2023-05-14 20:00:00+00:00,0.11544,0.117,0.11522,0.11666,22381709.0
2023-05-15 00:00:00+00:00,0.11663,0.11892,0.11475,0.118,70604463.0
2023-05-15 04:00:00+00:00,0.11799,0.12432,0.1177,0.12354,105673058.0
2023-05-15 08:00:00+00:00,0.12355,0.12478,0.12294,0.12321,85588678.0
2023-05-15 12:00:00+00:00,0.12322,0.12979,0.12319,0.12866,308450498.0
2023-05-15 16:00:00+00:00,0.12869,0.13181,0.12672,0.12978,265618679.0
2023-05-15 20:00:00+00:00,0.12978,0.13096,0.12435,0.12521,312001747.0
2023-05-16 00:00:00+00:00,0.12523,0.12569,0.12105,0.12267,188541879.0
2023-05-16 04:00:00+00:00,0.12267,0.12368,0.12118,0.12282,91181342.0
2023-05-16 08:00:00+00:00,0.12281,0.12293,0.12054,0.12207,86343863.0
2023-05-16 12:00:00+00:00,0.12207,0.12289,0.12079,0.12172,98631227.0
2023-05-16 16:00:00+00:00,0.12172,0.12257,0.12024,0.12145,72719182.0
2023-05-16 20:00:00+00:00,0.12145,0.12357,0.12086,0.12306,67302284.0
2023-05-17 00:00:00+00:00,0.12307,0.12536,0.12232,0.12463,57598960.0
2023-05-17 04:00:00+00:00,0.12464,0.1255,0.12109,0.12181,59031342.0
2023-05-17 08:00:00+00:00,0.12181,0.12309,0.12081,0.12149,60547363.0
2023-05-17 12:00:00+00:00,0.12149,0.12256,0.119,0.1204,82133303.0
2023-05-17 16:00:00+00:00,0.1204,0.12551,0.11966,0.12503,78534729.0
2023-05-17 20:00:00+00:00,0.12504,0.126,0.12353,0.12432,51573804.0
2023-05-18 00:00:00+00:00,0.12433,0.12436,0.12226,0.12419,46051222.0
2023-05-18 04:00:00+00:00,0.12419,0.12444,0.12153,0.1228,45703806.0
2023-05-18 08:00:00+00:00,0.1228,0.1249,0.12267,0.12295,50990766.0
2023-05-18 12:00:00+00:00,0.12297,0.12315,0.12058,0.12112,62414600.0
2023-05-18 16:00:00+00:00,0.12111,0.12199,0.1177,0.11998,80015759.0
2023-05-18 20:00:00+00:00,0.11997,0.12243,0.11905,0.12065,40252932.0
2023-05-19 00:00:00+00:00,0.12066,0.12146,0.11927,0.12096,36952562.0
2023-05-19 04:00:00+00:00,0.12099,0.12234,0.12089,0.12118,30431992.0
2023-05-19 08:00:00+00:00,0.12119,0.12322,0.12118,0.12215,33377194.0
2023-05-19 12:00:00+00:00,0.1222,0.12342,0.12051,0.12215,76202510.0
2023-05-19 16:00:00+00:00,0.12216,0.12708,0.12163,0.12397,163622888.0
2023-05-19 20:00:00+00:00,0.12397,0.12515,0.12317,0.12378,55704937.0
2023-05-20 00:00:00+00:00,0.12378,0.12378,0.12116,0.12128,44646562.0
2023-05-20 04:00:00+00:00,0.12129,0.12168,0.12005,0.12024,38791942.0
2023-05-20 08:00:00+00:00,0.12024,0.12164,0.12021,0.12047,45739457.0
2023-05-20 12:00:00+00:00,0.12047,0.12107,0.12001,0.12103,33830900.0
2023-05-20 16:00:00+00:00,0.12103,0.12193,0.12006,0.12105,48507667.0
2023-05-20 20:00:00+00:00,0.12108,0.12132,0.12027,0.12095,22938373.0
2023-05-21 00:00:00+00:00,0.12096,0.12158,0.12026,0.12103,28807592.0
2023-05-21 04:00:00+00:00,0.12104,0.12106,0.12006,0.12037,20188246.0
2023-05-21 08:00:00+00:00,0.12038,0.12073,0.11749,0.1183,64626746.0
2023-05-21 12:00:00+00:00,0.11828,0.11975,0.1175,0.11833,43567454.0
2023-05-21 16:00:00+00:00,0.11832,0.11833,0.11687,0.1182,43924390.0
2023-05-21 20:00:00+00:00,0.11822,0.11856,0.1163,0.11774,32011661.0
2023-05-22 00:00:00+00:00,0.11773,0.11813,0.11553,0.11796,51349433.0
2023-05-22 04:00:00+00:00,0.11796,0.11895,0.1176,0.11773,29224436.0
2023-05-22 08:00:00+00:00,0.11774,0.1197,0.11771,0.11936,36362890.0
2023-05-22 12:00:00+00:00,0.11936,0.12031,0.11839,0.11949,51014879.0
2023-05-22 16:00:00+00:00,0.11949,0.11979,0.11865,0.11909,35241184.0
2023-05-22 20:00:00+00:00,0.1191,0.1194,0.11834,0.1185,28998364.0
2023-05-23 00:00:00+00:00,0.1185,0.12283,0.11759,0.12196,61438400.0
2023-05-23 04:00:00+00:00,0.12198,0.1224,0.12068,0.1214,42565776.0
2023-05-23 08:00:00+00:00,0.12141,0.12189,0.12084,0.12127,24921274.0
2023-05-23 12:00:00+00:00,0.12128,0.12215,0.12,0.1218,47244254.0
2023-05-23 16:00:00+00:00,0.1218,0.12273,0.12101,0.12176,50786394.0
2023-05-23 20:00:00+00:00,0.12175,0.12243,0.12137,0.12166,25903566.0
2023-05-24 00:00:00+00:00,0.12166,0.12176,0.11585,0.11795,78189756.0
2023-05-24 04:00:00+00:00,0.11795,0.11804,0.116,0.1163,66925711.0
2023-05-24 08:00:00+00:00,0.1163,0.11745,0.11552,0.1162,41516863.0
2023-05-24 12:00:00+00:00,0.11619,0.11619,0.11187,0.11414,101747944.0
2023-05-24 16:00:00+00:00,0.11414,0.11563,0.11344,0.11502,43234246.0
2023-05-24 20:00:00+00:00,0.11503,0.1167,0.11494,0.11614,40627191.0
2023-05-25 00:00:00+00:00,0.11615,0.11657,0.11291,0.11475,54968376.0
2023-05-25 04:00:00+00:00,0.11477,0.11578,0.11417,0.11426,40237599.0
2023-05-25 08:00:00+00:00,0.11427,0.1149,0.11376,0.11458,26454697.0
2023-05-25 12:00:00+00:00,0.11459,0.11688,0.11447,0.11591,67290493.0
2023-05-25 16:00:00+00:00,0.1159,0.11759,0.1156,0.11659,52275302.0
2023-05-25 20:00:00+00:00,0.11659,0.1169,0.11544,0.11582,20835083.0
2023-05-26 00:00:00+00:00,0.11583,0.11635,0.1145,0.11566,33076200.0
2023-05-26 04:00:00+00:00,0.11565,0.11577,0.11428,0.11563,26371703.0
2023-05-26 08:00:00+00:00,0.11562,0.11607,0.11483,0.11518,36786463.0
2023-05-26 12:00:00+00:00,0.11518,0.11715,0.11475,0.1165,66517768.0
2023-05-26 16:00:00+00:00,0.11649,0.11684,0.11536,0.11662,28540886.0
2023-05-26 20:00:00+00:00,0.11664,0.11699,0.11571,0.11575,18800642.0
2023-05-27 00:00:00+00:00,0.11576,0.11749,0.11526,0.11736,26273261.0
2023-05-27 04:00:00+00:00,0.11736,0.11886,0.11707,0.11872,39729093.0
2023-05-27 08:00:00+00:00,0.11871,0.11971,0.11812,0.11915,58381246.0
2023-05-27 12:00:00+00:00,0.11914,0.11976,0.11804,0.11836,66805835.0
2023-05-27 16:00:00+00:00,0.11836,0.11876,0.11715,0.11802,48767526.0
2023-05-27 20:00:00+00:00,0.11805,0.11898,0.11784,0.11873,22637586.0
2023-05-28 00:00:00+00:00,0.11873,0.12029,0.1178,0.12018,48321813.0
2023-05-28 04:00:00+00:00,0.12017,0.12142,0.11995,0.12108,52780677.0
2023-05-28 08:00:00+00:00,0.12107,0.12108,0.11964,0.1197,44894451.0
2023-05-28 12:00:00+00:00,0.1197,0.11998,0.1193,0.11958,26254076.0
2023-05-28 16:00:00+00:00,0.11958,0.12201,0.11868,0.12071,65641072.0
2023-05-28 20:00:00+00:00,0.12072,0.12725,0.1207,0.12387,120210653.0
2023-05-29 00:00:00+00:00,0.12388,0.12481,0.12295,0.12377,61929354.0
2023-05-29 04:00:00+00:00,0.12377,0.12525,0.12259,0.12396,64441905.0
2023-05-29 08:00:00+00:00,0.12395,0.12515,0.12329,0.12509,36548681.0
2023-05-29 12:00:00+00:00,0.12508,0.1286,0.12472,0.12615,158647869.0
2023-05-29 16:00:00+00:00,0.12613,0.12945,0.1244,0.12522,201044706.0
2023-05-29 20:00:00+00:00,0.12521,0.127,0.12471,0.12638,48997197.0
2023-05-30 00:00:00+00:00,0.12638,0.12735,0.125,0.12669,47005944.0
2023-05-30 04:00:00+00:00,0.12668,0.12707,0.12507,0.1251,37959057.0
2023-05-30 08:00:00+00:00,0.12511,0.12899,0.12468,0.12824,69178460.0
2023-05-30 12:00:00+00:00,0.12823,0.13042,0.12728,0.12984,117570937.0
2023-05-30 16:00:00+00:00,0.12984,0.1318,0.12857,0.13121,99202309.0
2023-05-30 20:00:00+00:00,0.13124,0.13265,0.13056,0.13156,68226548.0
2023-05-31 00:00:00+00:00,0.13156,0.135,0.1306,0.13371,98073346.0
2023-05-31 04:00:00+00:00,0.13371,0.13427,0.12817,0.12917,187312240.0
2023-05-31 08:00:00+00:00,0.12917,0.1355,0.12866,0.1344,225359569.0
2023-05-31 12:00:00+00:00,0.13435,0.13709,0.13055,0.13353,304042143.0
2023-05-31 16:00:00+00:00,0.13354,0.13678,0.13084,0.13326,209888462.0
2023-05-31 20:00:00+00:00,0.13326,0.13437,0.13202,0.13322,89541346.0
2023-06-01 00:00:00+00:00,0.13322,0.13666,0.1313,0.13395,184982302.0
2023-06-01 04:00:00+00:00,0.13393,0.14893,0.13259,0.1346,1216106523.0
2023-06-01 08:00:00+00:00,0.13462,0.13684,0.1303,0.13245,310567383.0
2023-06-01 12:00:00+00:00,0.13246,0.1335,0.1306,0.13078,160646105.0
2023-06-01 16:00:00+00:00,0.13078,0.13269,0.12902,0.13089,157405787.0
2023-06-01 20:00:00+00:00,0.13089,0.13099,0.12645,0.12787,121795677.0
2023-06-02 00:00:00+00:00,0.12787,0.1283,0.12364,0.12826,218138405.0
2023-06-02 04:00:00+00:00,0.12826,0.13124,0.12771,0.12931,148079134.0
2023-06-02 08:00:00+00:00,0.12932,0.13255,0.12931,0.13247,130551941.0
2023-06-02 12:00:00+00:00,0.13247,0.13291,0.13008,0.13116,128956327.0
2023-06-02 16:00:00+00:00,0.13116,0.13172,0.12978,0.13127,71162479.0
2023-06-02 20:00:00+00:00,0.13129,0.13146,0.12954,0.12975,39384652.0
2023-06-03 00:00:00+00:00,0.12976,0.13056,0.12855,0.13036,64338503.0
2023-06-03 04:00:00+00:00,0.13036,0.1305,0.12842,0.1287,55155655.0
2023-06-03 08:00:00+00:00,0.12871,0.12882,0.12758,0.12835,47818247.0
2023-06-03 12:00:00+00:00,0.12835,0.1296,0.12761,0.12814,49441655.0
2023-06-03 16:00:00+00:00,0.12813,0.1286,0.12751,0.12788,45337686.0
2023-06-03 20:00:00+00:00,0.12791,0.12849,0.12708,0.12849,27110974.0
2023-06-04 00:00:00+00:00,0.1285,0.12862,0.12706,0.12849,28567566.0
2023-06-04 04:00:00+00:00,0.12849,0.12923,0.12808,0.12876,18582698.0
2023-06-04 08:00:00+00:00,0.12877,0.12904,0.12757,0.12757,43602338.0
2023-06-04 12:00:00+00:00,0.12758,0.12813,0.12601,0.12655,54732004.0
2023-06-04 16:00:00+00:00,0.12653,0.12674,0.125,0.12667,42565769.0
2023-06-04 20:00:00+00:00,0.12667,0.12739,0.12507,0.12546,48760725.0
2023-06-05 00:00:00+00:00,0.12546,0.12564,0.1222,0.12279,84679809.0
2023-06-05 04:00:00+00:00,0.12277,0.12398,0.12226,0.12352,47869426.0
2023-06-05 08:00:00+00:00,0.12351,0.12411,0.12153,0.12262,49457060.0
2023-06-05 12:00:00+00:00,0.12262,0.12283,0.1127,0.11363,190741287.0
2023-06-05 16:00:00+00:00,0.11308,0.1179,0.1083,0.11349,179056170.0
2023-06-05 20:00:00+00:00,0.1135,0.11485,0.11242,0.11439,43224806.0
2023-06-06 00:00:00+00:00,0.11441,0.11719,0.11363,0.11676,67458962.0
2023-06-06 04:00:00+00:00,0.11676,0.11763,0.11565,0.11595,53638090.0
2023-06-06 08:00:00+00:00,0.11595,0.11669,0.11519,0.11552,42270184.0
2023-06-06 12:00:00+00:00,0.11553,0.1173,0.11241,0.11637,127041336.0
2023-06-06 16:00:00+00:00,0.11638,0.12064,0.11623,0.12,68085072.0
2023-06-06 20:00:00+00:00,0.12003,0.12039,0.118,0.11918,47277882.0
2023-06-07 00:00:00+00:00,0.11922,0.11922,0.11585,0.11679,66821536.0
2023-06-07 04:00:00+00:00,0.1168,0.11744,0.11567,0.1162,46420154.0
2023-06-07 08:00:00+00:00,0.11618,0.11761,0.11355,0.11588,87859743.0
2023-06-07 12:00:00+00:00,0.11588,0.11659,0.11161,0.11385,92978982.0
2023-06-07 16:00:00+00:00,0.11386,0.11434,0.11202,0.11375,62985638.0
2023-06-07 20:00:00+00:00,0.11375,0.11417,0.11206,0.11271,39651430.0
2023-06-08 00:00:00+00:00,0.11272,0.11315,0.11015,0.11197,56506126.0
2023-06-08 04:00:00+00:00,0.11197,0.11424,0.11132,0.11348,46722089.0
2023-06-08 08:00:00+00:00,0.11345,0.11415,0.11262,0.11368,54986089.0
2023-06-08 12:00:00+00:00,0.11369,0.11486,0.113,0.11416,62500869.0
2023-06-08 16:00:00+00:00,0.11416,0.11434,0.11263,0.1141,33679959.0
2023-06-08 20:00:00+00:00,0.11407,0.11441,0.11309,0.11326,23596642.0
2023-06-09 00:00:00+00:00,0.11327,0.11362,0.11093,0.11192,51571214.0
2023-06-09 04:00:00+00:00,0.11195,0.11218,0.1086,0.10918,64093525.0
2023-06-09 08:00:00+00:00,0.10917,0.11243,0.10904,0.11209,61281140.0
2023-06-09 12:00:00+00:00,0.11208,0.11365,0.11166,0.11185,45391096.0
2023-06-09 16:00:00+00:00,0.11183,0.11241,0.10947,0.10965,42321211.0
2023-06-09 20:00:00+00:00,0.10964,0.1113,0.10952,0.11095,34661856.0
2023-06-10 00:00:00+00:00,0.11094,0.11117,0.10303,0.10329,127589361.0
2023-06-10 04:00:00+00:00,0.1033,0.10454,0.08747,0.09316,456931811.0
2023-06-10 08:00:00+00:00,0.09315,0.09639,0.09201,0.09578,111170668.0
2023-06-10 12:00:00+00:00,0.09577,0.09683,0.0943,0.09509,146652715.0
2023-06-10 16:00:00+00:00,0.09508,0.10201,0.09377,0.10017,197913113.0
2023-06-10 20:00:00+00:00,0.10019,0.10318,0.09921,0.10251,70034366.0
2023-06-11 00:00:00+00:00,0.10251,0.10296,0.10062,0.1015,73057083.0
2023-06-11 04:00:00+00:00,0.10149,0.10167,0.09909,0.09948,73896804.0
2023-06-11 08:00:00+00:00,0.09948,0.10106,0.09851,0.10062,58162312.0
2023-06-11 12:00:00+00:00,0.1006,0.10079,0.09824,0.09859,59083061.0
2023-06-11 16:00:00+00:00,0.09859,0.1011,0.0984,0.10045,63492012.0
2023-06-11 20:00:00+00:00,0.10043,0.10252,0.09809,0.09922,83542518.0
2023-06-12 00:00:00+00:00,0.09921,0.09933,0.09532,0.0967,94097764.0
2023-06-12 04:00:00+00:00,0.0967,0.09784,0.09591,0.09659,77280527.0
2023-06-12 08:00:00+00:00,0.09659,0.10064,0.09625,0.09941,91415981.0
2023-06-12 12:00:00+00:00,0.09941,0.09962,0.09781,0.09825,51440561.0
2023-06-12 16:00:00+00:00,0.09827,0.09992,0.09643,0.09916,88646223.0
2023-06-12 20:00:00+00:00,0.09916,0.09962,0.0984,0.0992,39429572.0
2023-06-13 00:00:00+00:00,0.0992,0.10053,0.09793,0.09975,58948247.0
2023-06-13 04:00:00+00:00,0.09978,0.10058,0.09805,0.0995,53819557.0
2023-06-13 08:00:00+00:00,0.09949,0.10156,0.09933,0.10076,73160669.0
2023-06-13 12:00:00+00:00,0.10076,0.10222,0.09676,0.097,112863011.0
2023-06-13 16:00:00+00:00,0.09699,0.09946,0.09696,0.09844,82184900.0
2023-06-13 20:00:00+00:00,0.09844,0.09897,0.0975,0.09836,40478508.0
2023-06-14 00:00:00+00:00,0.09835,0.09986,0.09796,0.09947,36202593.0
2023-06-14 04:00:00+00:00,0.09943,0.0997,0.09775,0.09796,34759196.0
2023-06-14 08:00:00+00:00,0.09797,0.09923,0.09792,0.09898,25772644.0
2023-06-14 12:00:00+00:00,0.09899,0.09947,0.09841,0.09903,34994912.0
2023-06-14 16:00:00+00:00,0.09902,0.10221,0.0978,0.10011,147330193.0
2023-06-14 20:00:00+00:00,0.10012,0.10044,0.09289,0.09683,205185389.0
2023-06-15 00:00:00+00:00,0.09683,0.09815,0.09607,0.09781,46250416.0
2023-06-15 04:00:00+00:00,0.09781,0.09786,0.09483,0.09563,59249898.0
2023-06-15 08:00:00+00:00,0.09565,0.09739,0.09391,0.0956,91148281.0
2023-06-15 12:00:00+00:00,0.0956,0.09671,0.09474,0.09626,50522663.0
2023-06-15 16:00:00+00:00,0.09626,0.09851,0.09517,0.09735,101740002.0
2023-06-15 20:00:00+00:00,0.09735,0.09952,0.09614,0.09729,77318416.0
2023-06-16 00:00:00+00:00,0.09729,0.09858,0.09621,0.09834,37241348.0
2023-06-16 04:00:00+00:00,0.09834,0.0987,0.09779,0.09826,30177287.0
2023-06-16 08:00:00+00:00,0.09826,0.09884,0.09528,0.09594,48263850.0
2023-06-16 12:00:00+00:00,0.09594,0.09741,0.095,0.09734,65631581.0
2023-06-16 16:00:00+00:00,0.09735,0.10027,0.09683,0.09949,116093700.0
2023-06-16 20:00:00+00:00,0.09948,0.09966,0.09806,0.09836,33686323.0
2023-06-17 00:00:00+00:00,0.09836,0.09878,0.09756,0.09817,31279851.0
2023-06-17 04:00:00+00:00,0.09818,0.10239,0.09811,0.10115,95368408.0
2023-06-17 08:00:00+00:00,0.10115,0.10143,0.09922,0.09997,55832646.0
2023-06-17 12:00:00+00:00,0.09997,0.10085,0.09949,0.10015,37783791.0
2023-06-17 16:00:00+00:00,0.10014,0.10219,0.09997,0.10134,61957465.0
2023-06-17 20:00:00+00:00,0.10132,0.10287,0.1011,0.10204,49921580.0
2023-06-18 00:00:00+00:00,0.10204,0.10355,0.10081,0.10256,83801984.0
2023-06-18 04:00:00+00:00,0.10256,0.10308,0.10122,0.10159,50369729.0
2023-06-18 08:00:00+00:00,0.1016,0.10214,0.10078,0.10143,39830794.0
2023-06-18 12:00:00+00:00,0.10144,0.1017,0.10075,0.10132,27788442.0
2023-06-18 16:00:00+00:00,0.10132,0.10165,0.10084,0.10132,24272192.0
2023-06-18 20:00:00+00:00,0.10132,0.1014,0.09746,0.09928,78575746.0
2023-06-19 00:00:00+00:00,0.09928,0.09975,0.09817,0.09906,29569341.0
2023-06-19 04:00:00+00:00,0.09906,0.09945,0.09857,0.09903,25959192.0
2023-06-19 08:00:00+00:00,0.09902,0.09949,0.09854,0.09945,23276078.0
2023-06-19 12:00:00+00:00,0.09944,0.10022,0.09839,0.09918,38376181.0
2023-06-19 16:00:00+00:00,0.09917,0.10108,0.09811,0.1003,109826712.0
2023-06-19 20:00:00+00:00,0.1003,0.101,0.09936,0.10031,41471822.0
2023-06-20 00:00:00+00:00,0.10028,0.1012,0.09963,0.09981,34634344.0
2023-06-20 04:00:00+00:00,0.09981,0.09997,0.09871,0.09948,30049227.0
2023-06-20 08:00:00+00:00,0.09947,0.09953,0.09856,0.09895,26606928.0
2023-06-20 12:00:00+00:00,0.09894,0.09908,0.09668,0.09762,56690695.0
2023-06-20 16:00:00+00:00,0.09762,0.10257,0.09723,0.10234,139629770.0
2023-06-20 20:00:00+00:00,0.10237,0.10412,0.10199,0.10403,61759356.0
2023-06-21 00:00:00+00:00,0.10403,0.10686,0.10363,0.10541,86498001.0
2023-06-21 04:00:00+00:00,0.10542,0.10608,0.10469,0.10596,54063161.0
2023-06-21 08:00:00+00:00,0.10596,0.10647,0.10434,0.10508,68205037.0
2023-06-21 12:00:00+00:00,0.10508,0.10743,0.10463,0.10669,84219241.0
2023-06-21 16:00:00+00:00,0.10669,0.10901,0.10618,0.10843,104548252.0
2023-06-21 20:00:00+00:00,0.10844,0.10992,0.10706,0.10866,59372367.0
2023-06-22 00:00:00+00:00,0.10865,0.11245,0.10864,0.11145,81839906.0
2023-06-22 04:00:00+00:00,0.11145,0.11247,0.10932,0.11225,79312340.0
2023-06-22 08:00:00+00:00,0.11225,0.11406,0.10483,0.10871,152766904.0
2023-06-22 12:00:00+00:00,0.10871,0.11083,0.10593,0.10779,88866810.0
2023-06-22 16:00:00+00:00,0.10781,0.10956,0.10746,0.1089,46645615.0
2023-06-22 20:00:00+00:00,0.10893,0.10904,0.10689,0.10727,40840489.0
2023-06-23 00:00:00+00:00,0.10729,0.10908,0.10713,0.10888,39388397.0
2023-06-23 04:00:00+00:00,0.10889,0.11012,0.10853,0.10948,40192458.0
2023-06-23 08:00:00+00:00,0.10947,0.11042,0.1086,0.10947,47751287.0
2023-06-23 12:00:00+00:00,0.10948,0.11278,0.10692,0.11254,116260397.0
2023-06-23 16:00:00+00:00,0.11254,0.11409,0.11128,0.11316,117748955.0
2023-06-23 20:00:00+00:00,0.11316,0.11451,0.11107,0.11221,74272951.0
2023-06-24 00:00:00+00:00,0.11221,0.11292,0.11015,0.1127,62505054.0
2023-06-24 04:00:00+00:00,0.1127,0.11327,0.11051,0.11086,46253186.0
2023-06-24 08:00:00+00:00,0.11084,0.11173,0.11011,0.111,44658869.0
2023-06-24 12:00:00+00:00,0.11101,0.11205,0.1072,0.10807,88319710.0
2023-06-24 16:00:00+00:00,0.10808,0.11073,0.10625,0.11006,69056329.0
2023-06-24 20:00:00+00:00,0.11005,0.11101,0.10894,0.11024,50486009.0
2023-06-25 00:00:00+00:00,0.11024,0.1145,0.11015,0.11346,62186007.0
2023-06-25 04:00:00+00:00,0.11348,0.11561,0.11227,0.11463,77335842.0
2023-06-25 08:00:00+00:00,0.11462,0.11607,0.11325,0.11374,70213814.0
2023-06-25 12:00:00+00:00,0.11374,0.11449,0.11113,0.11247,65135241.0
2023-06-25 16:00:00+00:00,0.11247,0.11382,0.11142,0.11204,40124335.0
2023-06-25 20:00:00+00:00,0.11201,0.11415,0.11109,0.11368,43746199.0
2023-06-26 00:00:00+00:00,0.11368,0.11385,0.1084,0.1101,103302346.0
2023-06-26 04:00:00+00:00,0.11011,0.11147,0.10853,0.11096,41798109.0
2023-06-26 08:00:00+00:00,0.11096,0.1118,0.10972,0.11099,44548253.0
2023-06-26 12:00:00+00:00,0.11101,0.1124,0.10983,0.11127,56108431.0
2023-06-26 16:00:00+00:00,0.11126,0.11134,0.1071,0.10947,73982082.0
2023-06-26 20:00:00+00:00,0.10947,0.10964,0.1061,0.10777,39049192.0
2023-06-27 00:00:00+00:00,0.10777,0.11043,0.1073,0.10954,41282583.0
2023-06-27 04:00:00+00:00,0.10953,0.11075,0.10811,0.11049,38122504.0
2023-06-27 08:00:00+00:00,0.11047,0.11076,0.10897,0.11043,46007071.0
2023-06-27 12:00:00+00:00,0.11041,0.11086,0.10755,0.10813,59679294.0
2023-06-27 16:00:00+00:00,0.10814,0.11031,0.10781,0.10986,33643117.0
2023-06-27 20:00:00+00:00,0.10987,0.11018,0.10838,0.10905,32215855.0
2023-06-28 00:00:00+00:00,0.10906,0.10924,0.10567,0.10714,67467237.0
2023-06-28 04:00:00+00:00,0.10712,0.10719,0.1035,0.10434,75077518.0
2023-06-28 08:00:00+00:00,0.10431,0.10539,0.1036,0.10449,42721355.0
2023-06-28 12:00:00+00:00,0.10446,0.10609,0.10305,0.10582,59662898.0
2023-06-28 16:00:00+00:00,0.10584,0.10591,0.09884,0.10116,99516016.0
2023-06-28 20:00:00+00:00,0.10115,0.1027,0.09996,0.10195,48740642.0
2023-06-29 00:00:00+00:00,0.10195,0.10273,0.10109,0.10172,34535276.0
2023-06-29 04:00:00+00:00,0.10172,0.10281,0.1014,0.10241,27203849.0
2023-06-29 08:00:00+00:00,0.1024,0.10417,0.10193,0.1039,43665333.0
2023-06-29 12:00:00+00:00,0.10389,0.10441,0.10179,0.10214,50077983.0
2023-06-29 16:00:00+00:00,0.10216,0.10262,0.10098,0.10212,34961814.0
2023-06-29 20:00:00+00:00,0.10212,0.10265,0.10079,0.10216,33038840.0
2023-06-30 00:00:00+00:00,0.10216,0.10552,0.10054,0.1053,75138323.0
2023-06-30 04:00:00+00:00,0.10532,0.10679,0.10397,0.10451,71784295.0
2023-06-30 08:00:00+00:00,0.10451,0.10723,0.10443,0.10703,66423464.0
2023-06-30 12:00:00+00:00,0.10704,0.10788,0.09628,0.10213,188382672.0
2023-06-30 16:00:00+00:00,0.10212,0.10621,0.10121,0.10454,96256145.0
2023-06-30 20:00:00+00:00,0.10453,0.10569,0.10347,0.1053,38241182.0
2023-07-01 00:00:00+00:00,0.10533,0.10572,0.10323,0.10382,64249109.0
2023-07-01 04:00:00+00:00,0.10383,0.10403,0.10145,0.10396,50337800.0
2023-07-01 08:00:00+00:00,0.10397,0.10521,0.10361,0.10505,47862671.0
2023-07-01 12:00:00+00:00,0.10505,0.10693,0.10481,0.10627,48243735.0
2023-07-01 16:00:00+00:00,0.10625,0.10626,0.10374,0.10425,44949039.0
2023-07-01 20:00:00+00:00,0.10425,0.10538,0.104,0.10533,30788693.0
2023-07-02 00:00:00+00:00,0.10533,0.11175,0.1045,0.10678,193691874.0
2023-07-02 04:00:00+00:00,0.10678,0.10857,0.10504,0.10605,84348314.0
2023-07-02 08:00:00+00:00,0.10605,0.10817,0.10491,0.10809,72079337.0
2023-07-02 12:00:00+00:00,0.10808,0.11893,0.10711,0.11686,636793787.0
2023-07-02 16:00:00+00:00,0.11686,0.12128,0.11512,0.11607,562376250.0
2023-07-02 20:00:00+00:00,0.11607,0.12034,0.11564,0.11814,283988985.0
2023-07-03 00:00:00+00:00,0.11814,0.12857,0.1176,0.12479,527964188.0
2023-07-03 04:00:00+00:00,0.12479,0.12953,0.12328,0.12853,350691900.0
2023-07-03 08:00:00+00:00,0.12855,0.139,0.12804,0.13297,868286998.0
2023-07-03 12:00:00+00:00,0.13297,0.1367,0.13173,0.13431,524589332.0
2023-07-03 16:00:00+00:00,0.13432,0.13723,0.13168,0.13536,344375932.0
2023-07-03 20:00:00+00:00,0.13535,0.14375,0.1345,0.13517,543386058.0
2023-07-04 00:00:00+00:00,0.13517,0.13558,0.12699,0.12878,369011567.0
2023-07-04 04:00:00+00:00,0.12879,0.1289,0.12562,0.12779,204091361.0
2023-07-04 08:00:00+00:00,0.12778,0.13069,0.12655,0.13069,167328689.0
2023-07-04 12:00:00+00:00,0.13068,0.132,0.12833,0.12928,213210453.0
2023-07-04 16:00:00+00:00,0.12927,0.13195,0.1271,0.12834,192190829.0
2023-07-04 20:00:00+00:00,0.12833,0.13075,0.12713,0.12737,89780339.0
2023-07-05 00:00:00+00:00,0.12738,0.12825,0.12414,0.12454,123988367.0
2023-07-05 04:00:00+00:00,0.12454,0.12671,0.12364,0.12454,91366931.0
2023-07-05 08:00:00+00:00,0.12455,0.12487,0.11892,0.11992,183392672.0
2023-07-05 12:00:00+00:00,0.11991,0.12022,0.11642,0.11713,164688052.0
2023-07-05 16:00:00+00:00,0.11713,0.11859,0.11657,0.11723,112165338.0
2023-07-05 20:00:00+00:00,0.11723,0.12124,0.117,0.11922,112134465.0
2023-07-06 00:00:00+00:00,0.11925,0.12146,0.11851,0.11997,111411765.0
2023-07-06 04:00:00+00:00,0.11997,0.12153,0.11772,0.12073,94093639.0
2023-07-06 08:00:00+00:00,0.12072,0.12546,0.11879,0.11971,156989111.0
2023-07-06 12:00:00+00:00,0.11971,0.12018,0.1148,0.11821,167656423.0
2023-07-06 16:00:00+00:00,0.11821,0.11976,0.11659,0.1175,93678196.0
2023-07-06 20:00:00+00:00,0.11751,0.11914,0.11535,0.11548,83053766.0
2023-07-07 00:00:00+00:00,0.11548,0.1212,0.11341,0.11977,119077056.0
2023-07-07 04:00:00+00:00,0.1198,0.12279,0.11767,0.11816,193822501.0
2023-07-07 08:00:00+00:00,0.11814,0.12013,0.11666,0.11769,102585117.0
2023-07-07 12:00:00+00:00,0.11768,0.11956,0.11474,0.11669,166964483.0
2023-07-07 16:00:00+00:00,0.11668,0.1169,0.11482,0.11557,61472389.0
2023-07-07 20:00:00+00:00,0.11557,0.1165,0.11505,0.11594,42211919.0
2023-07-08 00:00:00+00:00,0.11596,0.11772,0.11555,0.11688,57509065.0
2023-07-08 04:00:00+00:00,0.11687,0.1184,0.11629,0.11821,54455435.0
2023-07-08 08:00:00+00:00,0.1182,0.11973,0.11638,0.11713,69658346.0
2023-07-08 12:00:00+00:00,0.11713,0.11795,0.11561,0.11689,57977846.0
2023-07-08 16:00:00+00:00,0.11688,0.11788,0.11497,0.11553,55244394.0
2023-07-08 20:00:00+00:00,0.11556,0.11694,0.11471,0.1167,42088914.0
2023-07-09 00:00:00+00:00,0.11669,0.11784,0.11578,0.11607,48327707.0
2023-07-09 04:00:00+00:00,0.11605,0.1166,0.11523,0.11559,28746558.0
2023-07-09 08:00:00+00:00,0.11559,0.11628,0.11506,0.11545,34949653.0
2023-07-09 12:00:00+00:00,0.11546,0.11729,0.113,0.11681,148369298.0
2023-07-09 16:00:00+00:00,0.1168,0.11755,0.1161,0.11662,53608755.0
2023-07-09 20:00:00+00:00,0.11664,0.11696,0.11485,0.11546,47834624.0
2023-07-10 00:00:00+00:00,0.11548,0.11579,0.10999,0.11135,169709946.0
2023-07-10 04:00:00+00:00,0.11135,0.11264,0.11081,0.1116,58873350.0
2023-07-10 08:00:00+00:00,0.1116,0.11263,0.10955,0.11249,89154976.0
2023-07-10 12:00:00+00:00,0.11249,0.11369,0.11155,0.11331,75084700.0
2023-07-10 16:00:00+00:00,0.11331,0.11641,0.11233,0.11625,88426940.0
2023-07-10 20:00:00+00:00,0.11631,0.11751,0.1134,0.1141,98485627.0
2023-07-11 00:00:00+00:00,0.11411,0.11558,0.11335,0.115,54629748.0
2023-07-11 04:00:00+00:00,0.11499,0.11605,0.11441,0.11566,40759271.0
2023-07-11 08:00:00+00:00,0.11569,0.11609,0.11337,0.11407,58220743.0
2023-07-11 12:00:00+00:00,0.11405,0.11525,0.11335,0.11413,46456651.0
2023-07-11 16:00:00+00:00,0.11414,0.11457,0.11254,0.11361,40138773.0
2023-07-11 20:00:00+00:00,0.11362,0.11431,0.11329,0.11427,30516074.0
2023-07-12 00:00:00+00:00,0.11426,0.11508,0.11373,0.11429,32672025.0
2023-07-12 04:00:00+00:00,0.11431,0.11568,0.11363,0.11528,47097548.0
2023-07-12 08:00:00+00:00,0.11527,0.11614,0.11444,0.1159,36812575.0
2023-07-12 12:00:00+00:00,0.11589,0.11778,0.11466,0.1152,129502226.0
2023-07-12 16:00:00+00:00,0.11519,0.1171,0.11357,0.11449,97018414.0
2023-07-12 20:00:00+00:00,0.1145,0.11696,0.11403,0.11651,47661077.0
2023-07-13 00:00:00+00:00,0.11651,0.11746,0.11476,0.11512,46073064.0
2023-07-13 04:00:00+00:00,0.11513,0.1162,0.11431,0.11571,41589525.0
2023-07-13 08:00:00+00:00,0.1157,0.11891,0.1151,0.11825,71756823.0
2023-07-13 12:00:00+00:00,0.11824,0.12188,0.1163,0.12075,142811675.0
2023-07-13 16:00:00+00:00,0.12078,0.12387,0.11977,0.12233,208887573.0
2023-07-13 20:00:00+00:00,0.12233,0.1235,0.1199,0.12312,74848649.0
2023-07-14 00:00:00+00:00,0.12312,0.12533,0.12219,0.12325,101670418.0
2023-07-14 04:00:00+00:00,0.12325,0.12495,0.12179,0.12244,62143041.0
2023-07-14 08:00:00+00:00,0.12246,0.12405,0.12103,0.12232,63971227.0
2023-07-14 12:00:00+00:00,0.12231,0.12674,0.1215,0.12674,104525877.0
2023-07-14 16:00:00+00:00,0.12674,0.12855,0.115,0.11702,282214728.0
2023-07-14 20:00:00+00:00,0.11701,0.12,0.11615,0.11984,51877997.0
2023-07-15 00:00:00+00:00,0.11984,0.11984,0.11765,0.11844,34613353.0
2023-07-15 04:00:00+00:00,0.11844,0.12089,0.1182,0.12088,35580074.0
2023-07-15 08:00:00+00:00,0.12088,0.12227,0.12024,0.12106,50100747.0
2023-07-15 12:00:00+00:00,0.12105,0.12158,0.11925,0.11968,37419639.0
2023-07-15 16:00:00+00:00,0.11966,0.12255,0.11861,0.12161,48932938.0
2023-07-15 20:00:00+00:00,0.12163,0.12165,0.12005,0.1212,23678692.0
2023-07-16 00:00:00+00:00,0.12118,0.12239,0.1189,0.12037,54319986.0
2023-07-16 04:00:00+00:00,0.12035,0.12232,0.12024,0.12153,30581333.0
2023-07-16 08:00:00+00:00,0.12154,0.12317,0.12044,0.12108,53776430.0
2023-07-16 12:00:00+00:00,0.12109,0.12193,0.12049,0.12118,35465234.0
2023-07-16 16:00:00+00:00,0.12119,0.12149,0.11816,0.1186,36828376.0
2023-07-16 20:00:00+00:00,0.11855,0.11992,0.11702,0.11831,36400979.0
2023-07-17 00:00:00+00:00,0.11832,0.12103,0.11738,0.12073,47348742.0
2023-07-17 04:00:00+00:00,0.12077,0.12288,0.12061,0.12147,54684997.0
2023-07-17 08:00:00+00:00,0.12147,0.12263,0.11582,0.11925,74841643.0
2023-07-17 12:00:00+00:00,0.11924,0.12114,0.11762,0.11926,53496563.0
2023-07-17 16:00:00+00:00,0.11926,0.12023,0.1162,0.11882,66987560.0
2023-07-17 20:00:00+00:00,0.11882,0.12068,0.11814,0.12029,29650729.0
2023-07-18 00:00:00+00:00,0.12031,0.12154,0.11993,0.12018,29202183.0
2023-07-18 04:00:00+00:00,0.12017,0.12043,0.11709,0.11857,32769276.0
2023-07-18 08:00:00+00:00,0.11855,0.1189,0.11564,0.11593,43026740.0
2023-07-18 12:00:00+00:00,0.11593,0.11725,0.11502,0.11635,47575656.0
2023-07-18 16:00:00+00:00,0.11634,0.11693,0.11334,0.1152,46350967.0
2023-07-18 20:00:00+00:00,0.1152,0.11606,0.11497,0.11586,17555943.0
2023-07-19 00:00:00+00:00,0.11584,0.1174,0.11532,0.1172,33943926.0
2023-07-19 04:00:00+00:00,0.1172,0.11774,0.11597,0.11636,24779095.0
2023-07-19 08:00:00+00:00,0.11635,0.11686,0.11526,0.11671,27909598.0
2023-07-19 12:00:00+00:00,0.11671,0.11755,0.11532,0.11641,42767794.0
2023-07-19 16:00:00+00:00,0.11638,0.11761,0.11586,0.11671,32102056.0
2023-07-19 20:00:00+00:00,0.11672,0.11686,0.11515,0.11555,23359289.0
2023-07-20 00:00:00+00:00,0.11553,0.11709,0.115,0.11595,21365917.0
2023-07-20 04:00:00+00:00,0.11595,0.11778,0.11535,0.11757,27984147.0
2023-07-20 08:00:00+00:00,0.11757,0.11893,0.1174,0.11822,44992883.0
2023-07-20 12:00:00+00:00,0.11825,0.12062,0.115,0.11653,167300643.0
2023-07-20 16:00:00+00:00,0.11652,0.11748,0.1153,0.11711,44549881.0
2023-07-20 20:00:00+00:00,0.11712,0.11739,0.1155,0.11712,27664978.0
2023-07-21 00:00:00+00:00,0.11714,0.11943,0.11598,0.11881,45569957.0
2023-07-21 04:00:00+00:00,0.11883,0.11911,0.11705,0.11732,31172912.0
2023-07-21 08:00:00+00:00,0.11732,0.11795,0.11669,0.11753,30653637.0
2023-07-21 12:00:00+00:00,0.11752,0.11956,0.11741,0.11856,54808059.0
2023-07-21 16:00:00+00:00,0.11855,0.11941,0.11715,0.11816,35977670.0
2023-07-21 20:00:00+00:00,0.11817,0.11826,0.1171,0.11736,21062310.0
2023-07-22 00:00:00+00:00,0.11734,0.11827,0.1171,0.1179,21244006.0
2023-07-22 04:00:00+00:00,0.11791,0.11805,0.117,0.11788,17973638.0
2023-07-22 08:00:00+00:00,0.11788,0.11813,0.11598,0.11671,28351928.0
2023-07-22 12:00:00+00:00,0.11671,0.11711,0.11634,0.11704,19280907.0
2023-07-22 16:00:00+00:00,0.11705,0.11709,0.11601,0.11694,16292107.0
2023-07-22 20:00:00+00:00,0.11694,0.11694,0.11379,0.11539,33257867.0
2023-07-23 00:00:00+00:00,0.11538,0.11714,0.11436,0.11672,28341919.0
2023-07-23 04:00:00+00:00,0.11673,0.11785,0.11672,0.11737,22606813.0
2023-07-23 08:00:00+00:00,0.11739,0.11745,0.11646,0.1167,19917836.0
2023-07-23 12:00:00+00:00,0.1167,0.11746,0.11654,0.1166,19970701.0
2023-07-23 16:00:00+00:00,0.1166,0.11861,0.11658,0.11787,30462070.0
2023-07-23 20:00:00+00:00,0.11788,0.11871,0.11691,0.11759,20811771.0
2023-07-24 00:00:00+00:00,0.1176,0.11846,0.11593,0.11606,32473559.0
2023-07-24 04:00:00+00:00,0.11609,0.11874,0.11545,0.11852,29823988.0
2023-07-24 08:00:00+00:00,0.11853,0.122,0.111,0.11455,181178051.0
2023-07-24 12:00:00+00:00,0.11455,0.11537,0.11201,0.11287,88996589.0
2023-07-24 16:00:00+00:00,0.11288,0.11333,0.11061,0.11137,45325928.0
2023-07-24 20:00:00+00:00,0.11138,0.11235,0.11089,0.11198,23398152.0
2023-07-25 00:00:00+00:00,0.11199,0.11201,0.11004,0.11046,32933164.0
2023-07-25 04:00:00+00:00,0.11047,0.11085,0.1096,0.10996,29772054.0
2023-07-25 08:00:00+00:00,0.10996,0.11109,0.10982,0.11038,29616452.0
2023-07-25 12:00:00+00:00,0.11038,0.11115,0.1098,0.11041,47459495.0
2023-07-25 16:00:00+00:00,0.11041,0.1111,0.1098,0.10983,33763242.0
2023-07-25 20:00:00+00:00,0.10984,0.11046,0.10925,0.11024,23891948.0
2023-07-26 00:00:00+00:00,0.11024,0.11081,0.10772,0.10935,48335854.0
2023-07-26 04:00:00+00:00,0.10935,0.10993,0.10885,0.10914,23792077.0
2023-07-26 08:00:00+00:00,0.10913,0.1098,0.108,0.1081,24354446.0
2023-07-26 12:00:00+00:00,0.10811,0.11253,0.1079,0.11166,50233217.0
2023-07-26 16:00:00+00:00,0.11165,0.11211,0.10971,0.11152,64280034.0
2023-07-26 20:00:00+00:00,0.11152,0.11275,0.11094,0.11143,40890395.0
2023-07-27 00:00:00+00:00,0.11144,0.11496,0.11064,0.11232,80767629.0
2023-07-27 04:00:00+00:00,0.11231,0.11319,0.11204,0.11247,65388139.0
2023-07-27 08:00:00+00:00,0.11246,0.11365,0.11222,0.11308,35673789.0
2023-07-27 12:00:00+00:00,0.11308,0.11392,0.1116,0.11236,50826865.0
2023-07-27 16:00:00+00:00,0.11237,0.11246,0.11008,0.11103,36577756.0
2023-07-27 20:00:00+00:00,0.11103,0.11181,0.11029,0.11163,23083615.0
2023-07-28 00:00:00+00:00,0.11163,0.112,0.1108,0.11119,28826306.0
2023-07-28 04:00:00+00:00,0.1112,0.11129,0.10958,0.11015,41153411.0
2023-07-28 08:00:00+00:00,0.11014,0.1111,0.10963,0.11064,31436708.0
2023-07-28 12:00:00+00:00,0.11063,0.11241,0.11045,0.11185,42244293.0
2023-07-28 16:00:00+00:00,0.11186,0.11223,0.11089,0.11207,22113506.0
2023-07-28 20:00:00+00:00,0.11206,0.11238,0.11177,0.11183,16249702.0
2023-07-29 00:00:00+00:00,0.11182,0.11397,0.11167,0.11328,48189770.0
2023-07-29 04:00:00+00:00,0.11328,0.11354,0.11246,0.11287,22017323.0
2023-07-29 08:00:00+00:00,0.11287,0.1132,0.11106,0.11141,48835013.0
2023-07-29 12:00:00+00:00,0.11139,0.11228,0.11106,0.11122,34981360.0
2023-07-29 16:00:00+00:00,0.11122,0.112,0.11118,0.11183,24699463.0
2023-07-29 20:00:00+00:00,0.11183,0.11241,0.1116,0.1124,14538577.0
2023-07-30 00:00:00+00:00,0.11241,0.11268,0.11174,0.11213,27568317.0
2023-07-30 04:00:00+00:00,0.11213,0.11277,0.11151,0.11166,19926678.0
2023-07-30 08:00:00+00:00,0.11165,0.11225,0.11112,0.11165,20011395.0
2023-07-30 12:00:00+00:00,0.11164,0.11213,0.11064,0.11132,29098511.0
2023-07-30 16:00:00+00:00,0.11131,0.1121,0.109,0.1097,39794457.0
2023-07-30 20:00:00+00:00,0.10969,0.11012,0.106,0.10996,72501387.0
2023-07-31 00:00:00+00:00,0.10995,0.11126,0.10943,0.11068,30453901.0
2023-07-31 04:00:00+00:00,0.11071,0.11088,0.10985,0.11035,21556342.0
2023-07-31 08:00:00+00:00,0.11035,0.11082,0.11005,0.11058,21856316.0
2023-07-31 12:00:00+00:00,0.11055,0.11093,0.10912,0.10971,46549959.0
2023-07-31 16:00:00+00:00,0.1097,0.11088,0.10917,0.10959,35145073.0
2023-07-31 20:00:00+00:00,0.10961,0.1105,0.10867,0.11019,37452004.0
2023-08-01 00:00:00+00:00,0.11018,0.11082,0.1061,0.10813,62134725.0
2023-08-01 04:00:00+00:00,0.10813,0.10912,0.10768,0.10865,30926906.0
2023-08-01 08:00:00+00:00,0.10865,0.10923,0.10815,0.10824,26060205.0
2023-08-01 12:00:00+00:00,0.10824,0.10882,0.1066,0.1085,63969869.0
2023-08-01 16:00:00+00:00,0.1085,0.10992,0.10808,0.10975,35448052.0
2023-08-01 20:00:00+00:00,0.10976,0.11191,0.10934,0.11186,55980302.0
2023-08-02 00:00:00+00:00,0.11186,0.11308,0.11133,0.11138,42512017.0
2023-08-02 04:00:00+00:00,0.11138,0.11159,0.10975,0.10992,27303115.0
2023-08-02 08:00:00+00:00,0.10993,0.11107,0.10968,0.11098,24373488.0
2023-08-02 12:00:00+00:00,0.11098,0.11151,0.10947,0.11032,66811774.0
2023-08-02 16:00:00+00:00,0.11032,0.11056,0.108,0.10976,48869163.0
2023-08-02 20:00:00+00:00,0.10978,0.11002,0.10872,0.10952,20184692.0
2023-08-03 00:00:00+00:00,0.10951,0.11027,0.109,0.10977,21735021.0
2023-08-03 04:00:00+00:00,0.10977,0.1098,0.108,0.10823,23927557.0
2023-08-03 08:00:00+00:00,0.10824,0.10917,0.10744,0.109,27155500.0
2023-08-03 12:00:00+00:00,0.109,0.11024,0.1081,0.10947,33206387.0
2023-08-03 16:00:00+00:00,0.10946,0.11017,0.10845,0.10889,25001914.0
2023-08-03 20:00:00+00:00,0.10889,0.10936,0.10621,0.10666,53138399.0
2023-08-04 00:00:00+00:00,0.10666,0.1071,0.10604,0.10692,33235194.0
2023-08-04 04:00:00+00:00,0.10693,0.10693,0.10561,0.10641,30980626.0
2023-08-04 08:00:00+00:00,0.10642,0.10683,0.10537,0.10606,28855351.0
2023-08-04 12:00:00+00:00,0.10606,0.10759,0.10572,0.10734,42083642.0
2023-08-04 16:00:00+00:00,0.10735,0.10841,0.105,0.10538,78579299.0
2023-08-04 20:00:00+00:00,0.10538,0.10577,0.10322,0.10489,54921881.0
2023-08-05 00:00:00+00:00,0.10489,0.10498,0.10319,0.10387,30583812.0
2023-08-05 04:00:00+00:00,0.10387,0.10408,0.10303,0.10382,21767793.0
2023-08-05 08:00:00+00:00,0.10382,0.1046,0.10373,0.10421,18377533.0
2023-08-05 12:00:00+00:00,0.10421,0.1049,0.10387,0.10442,24864838.0
2023-08-05 16:00:00+00:00,0.10441,0.10509,0.10398,0.10465,19728203.0
2023-08-05 20:00:00+00:00,0.10466,0.10506,0.10425,0.10495,12587074.0
2023-08-06 00:00:00+00:00,0.10494,0.10629,0.10479,0.106,26069561.0
2023-08-06 04:00:00+00:00,0.10599,0.10658,0.10586,0.10622,17337389.0
2023-08-06 08:00:00+00:00,0.10621,0.10665,0.10563,0.10633,18103934.0
2023-08-06 12:00:00+00:00,0.10633,0.10651,0.10459,0.10515,33336573.0
2023-08-06 16:00:00+00:00,0.10516,0.10581,0.1048,0.10508,17816685.0
2023-08-06 20:00:00+00:00,0.10507,0.10573,0.10418,0.10459,25310517.0
2023-08-07 00:00:00+00:00,0.10459,0.10631,0.10404,0.10574,29804405.0
2023-08-07 04:00:00+00:00,0.10575,0.10594,0.10453,0.10521,22916479.0
2023-08-07 08:00:00+00:00,0.10522,0.10602,0.10476,0.10573,21950004.0
2023-08-07 12:00:00+00:00,0.10575,0.10581,0.10324,0.10334,44659683.0
2023-08-07 16:00:00+00:00,0.10334,0.10471,0.10098,0.1044,64790605.0
2023-08-07 20:00:00+00:00,0.10441,0.10544,0.10413,0.10542,16513009.0
2023-08-08 00:00:00+00:00,0.10543,0.10584,0.10464,0.1053,21130311.0
2023-08-08 04:00:00+00:00,0.10531,0.10638,0.10503,0.10567,25526286.0
2023-08-08 08:00:00+00:00,0.10569,0.10793,0.10545,0.10781,51234787.0
2023-08-08 12:00:00+00:00,0.1078,0.10988,0.10622,0.10786,123032301.0
2023-08-08 16:00:00+00:00,0.10785,0.10893,0.10724,0.10757,55204790.0
2023-08-08 20:00:00+00:00,0.10757,0.10902,0.10717,0.10802,31054140.0
2023-08-09 00:00:00+00:00,0.10803,0.10833,0.10708,0.10781,23319822.0
2023-08-09 04:00:00+00:00,0.1078,0.10823,0.1074,0.10798,20116854.0
2023-08-09 08:00:00+00:00,0.10799,0.10878,0.10751,0.10863,27765352.0
2023-08-09 12:00:00+00:00,0.10862,0.10986,0.10748,0.10772,64056382.0
2023-08-09 16:00:00+00:00,0.10773,0.10853,0.10715,0.10795,46844505.0
2023-08-09 20:00:00+00:00,0.10795,0.10859,0.10701,0.10838,31770538.0
2023-08-10 00:00:00+00:00,0.10837,0.10875,0.1082,0.10849,17382656.0
2023-08-10 04:00:00+00:00,0.1085,0.10862,0.1067,0.10691,27077494.0
2023-08-10 08:00:00+00:00,0.10691,0.10736,0.10663,0.10668,17629024.0
2023-08-10 12:00:00+00:00,0.10668,0.10872,0.10661,0.10791,40689609.0
2023-08-10 16:00:00+00:00,0.10791,0.10831,0.10684,0.10699,24068273.0
2023-08-10 20:00:00+00:00,0.107,0.10721,0.10668,0.10677,12035002.0
2023-08-11 00:00:00+00:00,0.10678,0.10732,0.10595,0.10641,16000663.0
2023-08-11 04:00:00+00:00,0.10642,0.10732,0.10635,0.1066,13520049.0
2023-08-11 08:00:00+00:00,0.10659,0.10687,0.10595,0.10684,18763959.0
2023-08-11 12:00:00+00:00,0.10683,0.10712,0.10537,0.10567,33020669.0
2023-08-11 16:00:00+00:00,0.10568,0.10616,0.10531,0.10569,21690019.0
2023-08-11 20:00:00+00:00,0.1057,0.10591,0.10536,0.10563,14063260.0
2023-08-12 00:00:00+00:00,0.10563,0.10611,0.10531,0.10558,17558614.0
2023-08-12 04:00:00+00:00,0.10559,0.1062,0.10559,0.10597,11348003.0
2023-08-12 08:00:00+00:00,0.10596,0.10627,0.10573,0.10584,15614089.0
2023-08-12 12:00:00+00:00,0.10584,0.10623,0.10565,0.10591,16776867.0
2023-08-12 16:00:00+00:00,0.10591,0.10613,0.10554,0.10564,10931871.0
2023-08-12 20:00:00+00:00,0.10564,0.10611,0.10548,0.10599,9688790.0
2023-08-13 00:00:00+00:00,0.10599,0.10679,0.10556,0.10614,22248784.0
2023-08-13 04:00:00+00:00,0.10614,0.10656,0.10577,0.10639,15889490.0
2023-08-13 08:00:00+00:00,0.10638,0.10836,0.10624,0.10707,45675422.0
2023-08-13 12:00:00+00:00,0.10706,0.1077,0.1064,0.10677,27555057.0
2023-08-13 16:00:00+00:00,0.10678,0.10757,0.10647,0.10745,18002882.0
2023-08-13 20:00:00+00:00,0.10746,0.10775,0.10565,0.10634,31690585.0
2023-08-14 00:00:00+00:00,0.10633,0.10871,0.10582,0.10831,43889467.0
2023-08-14 04:00:00+00:00,0.10832,0.10934,0.10791,0.10867,47958561.0
2023-08-14 08:00:00+00:00,0.10869,0.1092,0.10777,0.10815,50826856.0
2023-08-14 12:00:00+00:00,0.10814,0.11071,0.10776,0.11001,56371006.0
2023-08-14 16:00:00+00:00,0.11001,0.11037,0.10813,0.10877,63094503.0
2023-08-14 20:00:00+00:00,0.10877,0.1095,0.10847,0.10893,23969306.0
2023-08-15 00:00:00+00:00,0.10894,0.10894,0.107,0.10738,39619466.0
2023-08-15 04:00:00+00:00,0.10737,0.10766,0.10626,0.10751,33581772.0
2023-08-15 08:00:00+00:00,0.10752,0.10809,0.10665,0.10678,31528893.0
2023-08-15 12:00:00+00:00,0.10677,0.10807,0.10647,0.10686,46284270.0
2023-08-15 16:00:00+00:00,0.10687,0.10717,0.09486,0.10117,144870378.0
2023-08-15 20:00:00+00:00,0.10117,0.10349,0.10086,0.10294,52167943.0
2023-08-16 00:00:00+00:00,0.10295,0.10445,0.10279,0.10385,34740422.0
2023-08-16 04:00:00+00:00,0.10386,0.10404,0.10202,0.10218,40783697.0
2023-08-16 08:00:00+00:00,0.10219,0.10245,0.10055,0.10146,53430438.0
2023-08-16 12:00:00+00:00,0.10147,0.1017,0.0998,0.10024,68770105.0
2023-08-16 16:00:00+00:00,0.10023,0.10204,0.09976,0.10056,43606778.0
2023-08-16 20:00:00+00:00,0.10056,0.10068,0.09566,0.0987,103281941.0
2023-08-17 00:00:00+00:00,0.09871,0.09959,0.09658,0.0993,48026361.0
2023-08-17 04:00:00+00:00,0.09932,0.09988,0.099,0.09945,21550497.0
2023-08-17 08:00:00+00:00,0.09945,0.09983,0.09815,0.09854,35036552.0
2023-08-17 12:00:00+00:00,0.09854,0.09896,0.09551,0.09603,81741285.0
2023-08-17 16:00:00+00:00,0.09603,0.0982,0.0952,0.09797,60642905.0
2023-08-17 20:00:00+00:00,0.09796,0.09813,0.0796,0.0881,362930674.0
2023-08-18 00:00:00+00:00,0.08811,0.09036,0.08778,0.08943,95976200.0
2023-08-18 04:00:00+00:00,0.08944,0.0914,0.08861,0.09039,70684186.0
2023-08-18 08:00:00+00:00,0.09037,0.09081,0.08961,0.09049,46125265.0
2023-08-18 12:00:00+00:00,0.09049,0.09056,0.0888,0.08934,54984564.0
2023-08-18 16:00:00+00:00,0.08936,0.09121,0.08718,0.08971,72378397.0
2023-08-18 20:00:00+00:00,0.08971,0.09074,0.08945,0.09033,27673966.0
2023-08-19 00:00:00+00:00,0.09033,0.09111,0.08995,0.09097,31750156.0
2023-08-19 04:00:00+00:00,0.09097,0.09143,0.09049,0.09142,22747927.0
2023-08-19 08:00:00+00:00,0.09141,0.09245,0.09092,0.0922,28259831.0
2023-08-19 12:00:00+00:00,0.09221,0.09419,0.09196,0.09416,33157203.0
2023-08-19 16:00:00+00:00,0.09412,0.09461,0.09319,0.09408,42231289.0
2023-08-19 20:00:00+00:00,0.09405,0.0941,0.09275,0.09382,28834613.0
2023-08-20 00:00:00+00:00,0.09382,0.09455,0.09334,0.09397,20460019.0
2023-08-20 04:00:00+00:00,0.09396,0.09447,0.09348,0.09431,16098130.0
2023-08-20 08:00:00+00:00,0.0943,0.09554,0.09397,0.0952,32236699.0
2023-08-20 12:00:00+00:00,0.09519,0.09539,0.093,0.09372,40128988.0
2023-08-20 16:00:00+00:00,0.09374,0.0947,0.093,0.094,24632816.0
2023-08-20 20:00:00+00:00,0.094,0.09497,0.09369,0.09396,22837828.0
2023-08-21 00:00:00+00:00,0.09395,0.0944,0.09358,0.09374,22394402.0
2023-08-21 04:00:00+00:00,0.09375,0.09402,0.09288,0.09307,30247316.0
2023-08-21 08:00:00+00:00,0.09307,0.09339,0.09118,0.09303,44721933.0
2023-08-21 12:00:00+00:00,0.09303,0.09319,0.08918,0.09062,63238356.0
2023-08-21 16:00:00+00:00,0.09062,0.09253,0.09049,0.09218,31678242.0
2023-08-21 20:00:00+00:00,0.09221,0.09274,0.09184,0.09224,18911438.0
2023-08-22 00:00:00+00:00,0.09225,0.09244,0.09172,0.09207,21100718.0
2023-08-22 04:00:00+00:00,0.09206,0.09223,0.09141,0.09205,17061613.0
2023-08-22 08:00:00+00:00,0.09206,0.09217,0.09089,0.09095,16921604.0
2023-08-22 12:00:00+00:00,0.09094,0.09165,0.08985,0.09,42530184.0
2023-08-22 16:00:00+00:00,0.08999,0.09065,0.08806,0.08906,72147551.0
2023-08-22 20:00:00+00:00,0.08906,0.09142,0.087,0.09083,55958800.0
2023-08-23 00:00:00+00:00,0.09085,0.09128,0.09024,0.09032,31786453.0
2023-08-23 04:00:00+00:00,0.09032,0.09109,0.09,0.09054,20752109.0
2023-08-23 08:00:00+00:00,0.09053,0.0908,0.08961,0.09008,26408031.0
2023-08-23 12:00:00+00:00,0.09008,0.09146,0.08902,0.09109,52998794.0
2023-08-23 16:00:00+00:00,0.0911,0.09358,0.09101,0.09302,50446169.0
2023-08-23 20:00:00+00:00,0.09302,0.09334,0.09125,0.09246,26972236.0
2023-08-24 00:00:00+00:00,0.09246,0.09275,0.09188,0.09259,15798335.0
2023-08-24 04:00:00+00:00,0.09258,0.09319,0.09206,0.09314,18991208.0
2023-08-24 08:00:00+00:00,0.09315,0.09383,0.09243,0.09285,45969620.0
2023-08-24 12:00:00+00:00,0.09286,0.09333,0.09125,0.09134,68748622.0
2023-08-24 16:00:00+00:00,0.09136,0.09246,0.09123,0.09146,37865128.0
2023-08-24 20:00:00+00:00,0.09147,0.09186,0.09034,0.09169,33372992.0
2023-08-25 00:00:00+00:00,0.09172,0.09179,0.0889,0.08989,59503126.0
2023-08-25 04:00:00+00:00,0.08989,0.09028,0.08888,0.0898,26686421.0
2023-08-25 08:00:00+00:00,0.08981,0.09036,0.08962,0.09008,17584571.0
2023-08-25 12:00:00+00:00,0.09007,0.09057,0.0883,0.08856,75927156.0
2023-08-25 16:00:00+00:00,0.08855,0.08951,0.08801,0.08891,40118729.0
2023-08-25 20:00:00+00:00,0.08892,0.0893,0.08857,0.08927,20335625.0
2023-08-26 00:00:00+00:00,0.08927,0.08968,0.0887,0.08965,18273710.0
2023-08-26 04:00:00+00:00,0.08965,0.09005,0.08925,0.08966,17970156.0
2023-08-26 08:00:00+00:00,0.08966,0.08981,0.08904,0.0895,20389793.0
2023-08-26 12:00:00+00:00,0.08949,0.08997,0.08909,0.08967,12924350.0
2023-08-26 16:00:00+00:00,0.08966,0.08967,0.08875,0.08902,18199362.0
2023-08-26 20:00:00+00:00,0.08902,0.08948,0.08883,0.08913,9759602.0
2023-08-27 00:00:00+00:00,0.08913,0.08944,0.08828,0.08865,15878565.0
2023-08-27 04:00:00+00:00,0.08865,0.08937,0.08865,0.0891,13137750.0
2023-08-27 08:00:00+00:00,0.08909,0.08945,0.08866,0.08876,15089977.0
2023-08-27 12:00:00+00:00,0.08877,0.08964,0.0885,0.08919,26865315.0
2023-08-27 16:00:00+00:00,0.08919,0.08953,0.08844,0.08895,20689369.0
2023-08-27 20:00:00+00:00,0.08896,0.08906,0.08826,0.08902,14002960.0
2023-08-28 00:00:00+00:00,0.08901,0.08904,0.08764,0.08802,58579962.0
2023-08-28 04:00:00+00:00,0.08802,0.08835,0.08631,0.08787,31978433.0
2023-08-28 08:00:00+00:00,0.08787,0.08816,0.08663,0.08812,23549491.0
2023-08-28 12:00:00+00:00,0.08812,0.09012,0.0881,0.08992,48192851.0
2023-08-28 16:00:00+00:00,0.08992,0.0907,0.08921,0.08992,37292232.0
2023-08-28 20:00:00+00:00,0.08989,0.09061,0.08931,0.0904,19249575.0
2023-08-29 00:00:00+00:00,0.09039,0.09077,0.08905,0.08928,23312064.0
2023-08-29 04:00:00+00:00,0.08928,0.08956,0.08858,0.08868,18933078.0
2023-08-29 08:00:00+00:00,0.08868,0.08877,0.08773,0.08826,28046253.0
2023-08-29 12:00:00+00:00,0.08824,0.09372,0.0879,0.09231,136755109.0
2023-08-29 16:00:00+00:00,0.09232,0.09408,0.09216,0.0935,62067338.0
2023-08-29 20:00:00+00:00,0.09348,0.09452,0.09278,0.09354,36125068.0
2023-08-30 00:00:00+00:00,0.09354,0.09388,0.09238,0.09307,33339446.0
2023-08-30 04:00:00+00:00,0.09307,0.0933,0.09246,0.09287,17974425.0
2023-08-30 08:00:00+00:00,0.09289,0.09352,0.09242,0.09259,24516226.0
2023-08-30 12:00:00+00:00,0.09256,0.09306,0.09092,0.09193,58318197.0
2023-08-30 16:00:00+00:00,0.09193,0.09278,0.09161,0.09252,22702828.0
2023-08-30 20:00:00+00:00,0.09252,0.09335,0.09249,0.09326,18754311.0
2023-08-31 00:00:00+00:00,0.09325,0.0933,0.09214,0.09247,16783928.0
2023-08-31 04:00:00+00:00,0.09248,0.09517,0.09241,0.09313,52742895.0
2023-08-31 08:00:00+00:00,0.09313,0.09383,0.09195,0.09329,35566674.0
2023-08-31 12:00:00+00:00,0.09327,0.09328,0.09016,0.09131,49362536.0
2023-08-31 16:00:00+00:00,0.09132,0.09183,0.08706,0.08876,97569752.0
2023-08-31 20:00:00+00:00,0.08876,0.08898,0.08762,0.0885,36921334.0
2023-09-01 00:00:00+00:00,0.0885,0.08917,0.08822,0.08865,20804226.0
2023-09-01 04:00:00+00:00,0.08865,0.08898,0.08772,0.08792,25275752.0
2023-09-01 08:00:00+00:00,0.08793,0.08851,0.08761,0.08808,21479003.0
2023-09-01 12:00:00+00:00,0.08807,0.0884,0.086,0.08671,48796877.0
2023-09-01 16:00:00+00:00,0.08671,0.08706,0.08444,0.08585,61764874.0
2023-09-01 20:00:00+00:00,0.08585,0.08668,0.08528,0.08569,28354308.0
2023-09-02 00:00:00+00:00,0.08568,0.08606,0.08549,0.08587,17740788.0
2023-09-02 04:00:00+00:00,0.08585,0.08626,0.08536,0.08569,17817081.0
2023-09-02 08:00:00+00:00,0.08568,0.08601,0.08502,0.08584,33753041.0
2023-09-02 12:00:00+00:00,0.08584,0.08679,0.08541,0.08644,38898349.0
2023-09-02 16:00:00+00:00,0.08645,0.08669,0.08508,0.08595,28269820.0
2023-09-02 20:00:00+00:00,0.08594,0.08655,0.08588,0.08645,14724403.0
2023-09-03 00:00:00+00:00,0.08646,0.08687,0.08608,0.0865,15446887.0
2023-09-03 04:00:00+00:00,0.08648,0.08694,0.08634,0.08673,14962678.0
2023-09-03 08:00:00+00:00,0.08672,0.08743,0.08638,0.08743,22329178.0
2023-09-03 12:00:00+00:00,0.08743,0.08796,0.08649,0.08661,43486852.0
2023-09-03 16:00:00+00:00,0.08661,0.08716,0.08573,0.08707,35558476.0
2023-09-03 20:00:00+00:00,0.08707,0.08744,0.08662,0.08731,18257076.0
2023-09-04 00:00:00+00:00,0.08729,0.08928,0.08722,0.08853,29849224.0
2023-09-04 04:00:00+00:00,0.08852,0.0887,0.08752,0.08824,23127530.0
2023-09-04 08:00:00+00:00,0.08824,0.08837,0.08746,0.08772,17852946.0
2023-09-04 12:00:00+00:00,0.08771,0.08793,0.08575,0.08646,46977278.0
2023-09-04 16:00:00+00:00,0.08645,0.08703,0.08623,0.08664,21418669.0
2023-09-04 20:00:00+00:00,0.08665,0.08696,0.08527,0.08693,27861685.0
2023-09-05 00:00:00+00:00,0.0869,0.08832,0.08599,0.08719,67922973.0
2023-09-05 04:00:00+00:00,0.08719,0.08789,0.08584,0.08631,41816276.0
2023-09-05 08:00:00+00:00,0.08631,0.08715,0.0858,0.08703,25031991.0
2023-09-05 12:00:00+00:00,0.08703,0.08806,0.08642,0.08784,38232510.0
2023-09-05 16:00:00+00:00,0.08783,0.08808,0.08678,0.08687,28225984.0
2023-09-05 20:00:00+00:00,0.08686,0.08741,0.08669,0.08718,16954549.0
2023-09-06 00:00:00+00:00,0.08717,0.0877,0.0867,0.08721,20616872.0
2023-09-06 04:00:00+00:00,0.08721,0.08731,0.08639,0.08689,18919104.0
2023-09-06 08:00:00+00:00,0.0869,0.08778,0.08666,0.08714,25046134.0
2023-09-06 12:00:00+00:00,0.08714,0.08747,0.08606,0.08678,31119285.0
2023-09-06 16:00:00+00:00,0.08678,0.08848,0.08528,0.08714,54666415.0
2023-09-06 20:00:00+00:00,0.08715,0.08761,0.08685,0.08733,11410076.0
2023-09-07 00:00:00+00:00,0.08731,0.08753,0.08689,0.08731,15539661.0
2023-09-07 04:00:00+00:00,0.08732,0.08741,0.08641,0.08656,15149918.0
2023-09-07 08:00:00+00:00,0.08657,0.08666,0.08584,0.08592,17785425.0
2023-09-07 12:00:00+00:00,0.08591,0.08672,0.0858,0.08609,24299609.0
2023-09-07 16:00:00+00:00,0.08609,0.08683,0.08596,0.08655,18981617.0
2023-09-07 20:00:00+00:00,0.08654,0.08803,0.0865,0.08755,37103906.0
2023-09-08 00:00:00+00:00,0.08757,0.08844,0.08683,0.08727,22233513.0
2023-09-08 04:00:00+00:00,0.08727,0.08789,0.08705,0.08777,21544178.0
2023-09-08 08:00:00+00:00,0.08778,0.08796,0.08539,0.08629,48723634.0
2023-09-08 12:00:00+00:00,0.08629,0.08689,0.08618,0.08636,19435359.0
2023-09-08 16:00:00+00:00,0.08637,0.08658,0.08584,0.08638,15210783.0
2023-09-08 20:00:00+00:00,0.08638,0.08675,0.08628,0.08672,8400657.0
2023-09-09 00:00:00+00:00,0.08673,0.08728,0.08644,0.08706,13169634.0
2023-09-09 04:00:00+00:00,0.08707,0.08763,0.08681,0.0871,18206932.0
2023-09-09 08:00:00+00:00,0.0871,0.08727,0.08658,0.08704,14662469.0
2023-09-09 12:00:00+00:00,0.08705,0.08753,0.08663,0.08753,20087634.0
2023-09-09 16:00:00+00:00,0.08753,0.08756,0.08666,0.08703,19067614.0
2023-09-09 20:00:00+00:00,0.08703,0.08716,0.08686,0.08703,10596784.0
2023-09-10 00:00:00+00:00,0.08703,0.08703,0.08568,0.08601,29584805.0
2023-09-10 04:00:00+00:00,0.086,0.086,0.0818,0.0849,71843308.0
2023-09-10 08:00:00+00:00,0.08491,0.08496,0.08419,0.0844,19820740.0
2023-09-10 12:00:00+00:00,0.0844,0.08492,0.0828,0.08375,31162068.0
2023-09-10 16:00:00+00:00,0.08374,0.08405,0.08253,0.08365,36297909.0
2023-09-10 20:00:00+00:00,0.08365,0.08434,0.08309,0.08336,23662388.0
2023-09-11 00:00:00+00:00,0.08335,0.08387,0.08228,0.08301,33913488.0
2023-09-11 04:00:00+00:00,0.08301,0.08309,0.08195,0.08209,31281525.0
2023-09-11 08:00:00+00:00,0.08209,0.0822,0.0783,0.07973,104557023.0
2023-09-11 12:00:00+00:00,0.07972,0.08002,0.07814,0.07926,86202178.0
2023-09-11 16:00:00+00:00,0.07925,0.0797,0.07654,0.07743,71634278.0
2023-09-11 20:00:00+00:00,0.07743,0.07849,0.07709,0.07842,31378516.0
2023-09-12 00:00:00+00:00,0.07842,0.08049,0.07786,0.07995,46044823.0
2023-09-12 04:00:00+00:00,0.07995,0.08026,0.07905,0.07928,28063912.0
2023-09-12 08:00:00+00:00,0.07928,0.08224,0.07924,0.08119,56191190.0
2023-09-12 12:00:00+00:00,0.08122,0.08143,0.07929,0.07968,51037217.0
2023-09-12 16:00:00+00:00,0.07969,0.08076,0.07861,0.07943,66107167.0
2023-09-12 20:00:00+00:00,0.07944,0.07988,0.07917,0.07929,22229377.0
2023-09-13 00:00:00+00:00,0.07929,0.07999,0.07878,0.07908,20777203.0
2023-09-13 04:00:00+00:00,0.07908,0.08198,0.07896,0.07965,65177550.0
2023-09-13 08:00:00+00:00,0.07966,0.0812,0.07955,0.08099,44170671.0
2023-09-13 12:00:00+00:00,0.08101,0.08288,0.08024,0.08236,52777464.0
2023-09-13 16:00:00+00:00,0.08237,0.0826,0.08115,0.08204,42191354.0
2023-09-13 20:00:00+00:00,0.08204,0.08278,0.08203,0.08229,17363166.0
2023-09-14 00:00:00+00:00,0.0823,0.08391,0.08222,0.08243,36401096.0
2023-09-14 04:00:00+00:00,0.08243,0.08329,0.08183,0.0827,27606902.0
2023-09-14 08:00:00+00:00,0.0827,0.08295,0.0821,0.08282,23155947.0
2023-09-14 12:00:00+00:00,0.08283,0.08377,0.08239,0.083,42054917.0
2023-09-14 16:00:00+00:00,0.08301,0.08376,0.0825,0.08346,25523271.0
2023-09-14 20:00:00+00:00,0.08346,0.0839,0.08288,0.08332,20998662.0
2023-09-15 00:00:00+00:00,0.08332,0.0845,0.08299,0.08391,25742051.0
2023-09-15 04:00:00+00:00,0.0839,0.08425,0.08317,0.08353,19995846.0
2023-09-15 08:00:00+00:00,0.08353,0.08422,0.08326,0.08356,19121163.0
2023-09-15 12:00:00+00:00,0.08356,0.08526,0.08335,0.08477,74512557.0
2023-09-15 16:00:00+00:00,0.08479,0.0877,0.08445,0.08726,52136671.0
2023-09-15 20:00:00+00:00,0.08726,0.08928,0.08683,0.08853,72241201.0
2023-09-16 00:00:00+00:00,0.08854,0.08924,0.08615,0.08648,63959233.0
2023-09-16 04:00:00+00:00,0.08648,0.08745,0.08609,0.08657,28239261.0
2023-09-16 08:00:00+00:00,0.08657,0.0869,0.08606,0.08632,27695489.0
2023-09-16 12:00:00+00:00,0.08631,0.0864,0.08518,0.08575,27155014.0
2023-09-16 16:00:00+00:00,0.08575,0.08645,0.08551,0.08588,20055387.0
2023-09-16 20:00:00+00:00,0.08586,0.08725,0.08581,0.08714,18631087.0
2023-09-17 00:00:00+00:00,0.08714,0.08745,0.08553,0.0868,47727781.0
2023-09-17 04:00:00+00:00,0.08679,0.08687,0.0856,0.08579,13672999.0
2023-09-17 08:00:00+00:00,0.0858,0.08664,0.08558,0.08645,17441296.0
2023-09-17 12:00:00+00:00,0.08645,0.08655,0.08537,0.08562,16109265.0
2023-09-17 16:00:00+00:00,0.08561,0.08573,0.08405,0.08494,26442896.0
2023-09-17 20:00:00+00:00,0.08495,0.08499,0.08248,0.08408,37682524.0
2023-09-18 00:00:00+00:00,0.0841,0.08531,0.08301,0.08522,27504903.0
2023-09-18 04:00:00+00:00,0.08522,0.08629,0.08468,0.08573,20541508.0
2023-09-18 08:00:00+00:00,0.08573,0.0878,0.0857,0.08732,36952630.0
2023-09-18 12:00:00+00:00,0.08733,0.08794,0.08682,0.08779,30396712.0
2023-09-18 16:00:00+00:00,0.08779,0.08843,0.08617,0.08688,44615758.0
2023-09-18 20:00:00+00:00,0.08689,0.08742,0.08646,0.08658,13493589.0
2023-09-19 00:00:00+00:00,0.08657,0.08697,0.08604,0.08697,16047922.0
2023-09-19 04:00:00+00:00,0.08696,0.08791,0.0869,0.08778,19103974.0
2023-09-19 08:00:00+00:00,0.08778,0.09009,0.08769,0.08911,49888289.0
2023-09-19 12:00:00+00:00,0.08912,0.08965,0.08832,0.08932,36582595.0
2023-09-19 16:00:00+00:00,0.0893,0.09136,0.08909,0.09035,64864546.0
2023-09-19 20:00:00+00:00,0.09036,0.09057,0.08918,0.09045,31173415.0
2023-09-20 00:00:00+00:00,0.09045,0.09094,0.08918,0.08963,32289953.0
2023-09-20 04:00:00+00:00,0.08962,0.08992,0.08892,0.08965,22974413.0
2023-09-20 08:00:00+00:00,0.08965,0.09024,0.08842,0.08919,30952551.0
2023-09-20 12:00:00+00:00,0.08919,0.09038,0.08826,0.09034,32284235.0
2023-09-20 16:00:00+00:00,0.09034,0.09095,0.08864,0.08959,47895224.0
2023-09-20 20:00:00+00:00,0.0896,0.09223,0.08959,0.09131,26814390.0
2023-09-21 00:00:00+00:00,0.09133,0.09533,0.09096,0.09155,98128216.0
2023-09-21 04:00:00+00:00,0.09157,0.09221,0.08975,0.09022,35028707.0
2023-09-21 08:00:00+00:00,0.09022,0.09022,0.08741,0.08845,53778671.0
2023-09-21 12:00:00+00:00,0.08845,0.08882,0.08723,0.08805,34409787.0
2023-09-21 16:00:00+00:00,0.08806,0.08821,0.0876,0.08775,20163500.0
2023-09-21 20:00:00+00:00,0.08776,0.08781,0.08691,0.08739,18454338.0
2023-09-22 00:00:00+00:00,0.08739,0.08793,0.08654,0.08754,29706656.0
2023-09-22 04:00:00+00:00,0.08754,0.08773,0.08688,0.08759,17555087.0
2023-09-22 08:00:00+00:00,0.0876,0.08807,0.08712,0.08774,16754420.0
2023-09-22 12:00:00+00:00,0.08774,0.08799,0.08722,0.08751,15843801.0
2023-09-22 16:00:00+00:00,0.08751,0.08771,0.08683,0.08717,21688268.0
2023-09-22 20:00:00+00:00,0.08717,0.08768,0.08686,0.0875,17821983.0
2023-09-23 00:00:00+00:00,0.08751,0.08824,0.08703,0.08741,27309614.0
2023-09-23 04:00:00+00:00,0.0874,0.08855,0.08713,0.08834,20904290.0
2023-09-23 08:00:00+00:00,0.08834,0.08878,0.08806,0.08857,17064577.0
2023-09-23 12:00:00+00:00,0.08857,0.08899,0.08784,0.08825,25606432.0
2023-09-23 16:00:00+00:00,0.08824,0.08976,0.08793,0.08963,35087528.0
2023-09-23 20:00:00+00:00,0.08963,0.08974,0.08855,0.08894,24573993.0
2023-09-24 00:00:00+00:00,0.08893,0.08899,0.0875,0.0883,24462571.0
2023-09-24 04:00:00+00:00,0.08829,0.08832,0.08716,0.08739,19005720.0
2023-09-24 08:00:00+00:00,0.08737,0.08788,0.08716,0.08735,15707565.0
2023-09-24 12:00:00+00:00,0.08736,0.08763,0.08672,0.08681,18944979.0
2023-09-24 16:00:00+00:00,0.08682,0.08778,0.08627,0.08657,32509037.0
2023-09-24 20:00:00+00:00,0.08656,0.08716,0.08544,0.08583,24237770.0
2023-09-25 00:00:00+00:00,0.08582,0.08754,0.08506,0.08715,32282253.0
2023-09-25 04:00:00+00:00,0.08713,0.08747,0.08631,0.08688,19052959.0
2023-09-25 08:00:00+00:00,0.08688,0.08709,0.0862,0.08657,17662001.0
2023-09-25 12:00:00+00:00,0.08658,0.08834,0.08646,0.08809,27924198.0
2023-09-25 16:00:00+00:00,0.0881,0.08868,0.0878,0.08809,28551857.0
2023-09-25 20:00:00+00:00,0.08811,0.08835,0.08751,0.08794,13636364.0
2023-09-26 00:00:00+00:00,0.08794,0.08845,0.08763,0.08816,13868477.0
2023-09-26 04:00:00+00:00,0.08815,0.0882,0.08728,0.08739,14319923.0
2023-09-26 08:00:00+00:00,0.08739,0.08761,0.08687,0.08759,18699066.0
2023-09-26 12:00:00+00:00,0.08759,0.08776,0.08693,0.08711,22643901.0
2023-09-26 16:00:00+00:00,0.08713,0.08801,0.08702,0.08769,17453818.0
2023-09-26 20:00:00+00:00,0.08768,0.08771,0.08571,0.08659,22675767.0
2023-09-27 00:00:00+00:00,0.08658,0.08753,0.0865,0.08745,18017019.0
2023-09-27 04:00:00+00:00,0.08745,0.08755,0.08635,0.08651,14685790.0
2023-09-27 08:00:00+00:00,0.0865,0.08793,0.08621,0.08775,26332105.0
2023-09-27 12:00:00+00:00,0.08775,0.088,0.0856,0.08604,46144098.0
2023-09-27 16:00:00+00:00,0.08602,0.08608,0.08465,0.08539,26548230.0
2023-09-27 20:00:00+00:00,0.08541,0.08575,0.08488,0.08547,19023437.0
2023-09-28 00:00:00+00:00,0.08547,0.08627,0.08516,0.0854,25066159.0
2023-09-28 04:00:00+00:00,0.0854,0.08604,0.08513,0.08589,15043467.0
2023-09-28 08:00:00+00:00,0.08589,0.08668,0.08532,0.08624,25673667.0
2023-09-28 12:00:00+00:00,0.08624,0.08707,0.08573,0.08694,33655400.0
2023-09-28 16:00:00+00:00,0.08696,0.0876,0.08644,0.08726,34075557.0
2023-09-28 20:00:00+00:00,0.08727,0.08746,0.08631,0.08681,23647850.0
2023-09-29 00:00:00+00:00,0.08682,0.08735,0.08627,0.08682,20746598.0
2023-09-29 04:00:00+00:00,0.08681,0.08895,0.08662,0.08882,34401387.0
2023-09-29 08:00:00+00:00,0.08883,0.08885,0.08776,0.08781,28926805.0
2023-09-29 12:00:00+00:00,0.0878,0.08838,0.08658,0.08787,43102612.0
2023-09-29 16:00:00+00:00,0.08787,0.08799,0.08677,0.08723,27679000.0
2023-09-29 20:00:00+00:00,0.08722,0.08766,0.08687,0.08689,27833873.0
2023-09-30 00:00:00+00:00,0.08689,0.08725,0.08646,0.08668,26378683.0
2023-09-30 04:00:00+00:00,0.08668,0.0875,0.08663,0.08731,18248140.0
2023-09-30 08:00:00+00:00,0.08731,0.08822,0.08725,0.0876,18745034.0
2023-09-30 12:00:00+00:00,0.0876,0.08879,0.08752,0.08823,33698389.0
2023-09-30 16:00:00+00:00,0.08824,0.08857,0.08777,0.08843,19626781.0
2023-09-30 20:00:00+00:00,0.08843,0.0899,0.08838,0.08959,41910797.0
2023-10-01 00:00:00+00:00,0.08959,0.08988,0.08881,0.08966,24382917.0
2023-10-01 04:00:00+00:00,0.08964,0.09074,0.08934,0.08997,28384454.0
2023-10-01 08:00:00+00:00,0.08996,0.09176,0.0899,0.09122,35134361.0
2023-10-01 12:00:00+00:00,0.09121,0.09189,0.09052,0.0911,37762620.0
2023-10-01 16:00:00+00:00,0.09109,0.09129,0.09028,0.09081,22538903.0
2023-10-01 20:00:00+00:00,0.09081,0.09392,0.09038,0.09318,54172092.0
2023-10-02 00:00:00+00:00,0.09319,0.09349,0.09243,0.09308,19324830.0
2023-10-02 04:00:00+00:00,0.09308,0.09313,0.09161,0.09306,30222448.0
2023-10-02 08:00:00+00:00,0.09307,0.09321,0.09167,0.09171,26737450.0
2023-10-02 12:00:00+00:00,0.09171,0.09204,0.08933,0.08994,49905703.0
2023-10-02 16:00:00+00:00,0.08994,0.09021,0.08725,0.08894,59224274.0
2023-10-02 20:00:00+00:00,0.08895,0.08895,0.08716,0.08846,25629802.0
2023-10-03 00:00:00+00:00,0.08847,0.08895,0.08798,0.08877,15259537.0
2023-10-03 04:00:00+00:00,0.08876,0.08921,0.08829,0.08864,18455245.0
2023-10-03 08:00:00+00:00,0.08864,0.08995,0.08861,0.08885,29198368.0
2023-10-03 12:00:00+00:00,0.08886,0.08905,0.08756,0.08796,34224389.0
2023-10-03 16:00:00+00:00,0.08795,0.08885,0.08769,0.08803,21205653.0
2023-10-03 20:00:00+00:00,0.08803,0.08862,0.0876,0.08806,22370643.0
2023-10-04 00:00:00+00:00,0.08807,0.08809,0.0843,0.08663,64367108.0
2023-10-04 04:00:00+00:00,0.08662,0.087,0.08605,0.08685,19470106.0
2023-10-04 08:00:00+00:00,0.08687,0.08756,0.08679,0.08706,24298979.0
2023-10-04 12:00:00+00:00,0.08706,0.08743,0.08582,0.08593,25475024.0
2023-10-04 16:00:00+00:00,0.08593,0.08695,0.08568,0.08631,27971450.0
2023-10-04 20:00:00+00:00,0.0863,0.08697,0.0861,0.08644,12397299.0
2023-10-05 00:00:00+00:00,0.08645,0.08683,0.08533,0.08568,17865895.0
2023-10-05 04:00:00+00:00,0.08568,0.08617,0.08552,0.08569,13263525.0
2023-10-05 08:00:00+00:00,0.0857,0.08616,0.0856,0.08572,12949360.0
2023-10-05 12:00:00+00:00,0.08572,0.08625,0.08413,0.08464,47313363.0
2023-10-05 16:00:00+00:00,0.08465,0.08491,0.08385,0.08489,28218361.0
2023-10-05 20:00:00+00:00,0.08489,0.08528,0.08421,0.08429,15351029.0
2023-10-06 00:00:00+00:00,0.0843,0.08491,0.08422,0.08474,13973563.0
2023-10-06 04:00:00+00:00,0.08475,0.08557,0.08439,0.08551,21907679.0
2023-10-06 08:00:00+00:00,0.0855,0.0857,0.08503,0.08527,30821633.0
2023-10-06 12:00:00+00:00,0.08528,0.08596,0.08452,0.08562,53390464.0
2023-10-06 16:00:00+00:00,0.08562,0.08631,0.0852,0.08562,21229061.0
2023-10-06 20:00:00+00:00,0.08562,0.08655,0.08548,0.08558,15473012.0
2023-10-07 00:00:00+00:00,0.08559,0.08601,0.08551,0.0857,12721002.0
2023-10-07 04:00:00+00:00,0.08571,0.08625,0.08558,0.08562,13528413.0
2023-10-07 08:00:00+00:00,0.08561,0.08633,0.0853,0.08541,16191035.0
2023-10-07 12:00:00+00:00,0.08542,0.08558,0.08491,0.08523,24654312.0
2023-10-07 16:00:00+00:00,0.08524,0.08547,0.08482,0.08493,13127202.0
2023-10-07 20:00:00+00:00,0.08492,0.08577,0.08486,0.0857,17431987.0
2023-10-08 00:00:00+00:00,0.0857,0.08591,0.08536,0.08568,9730640.0
2023-10-08 04:00:00+00:00,0.08568,0.08573,0.08487,0.08519,11908908.0
2023-10-08 08:00:00+00:00,0.08518,0.08532,0.08408,0.08452,21506832.0
2023-10-08 12:00:00+00:00,0.0845,0.0854,0.08431,0.08519,20143440.0
2023-10-08 16:00:00+00:00,0.08519,0.08546,0.08473,0.08518,11197286.0
2023-10-08 20:00:00+00:00,0.08518,0.08608,0.08501,0.08502,37420165.0
2023-10-09 00:00:00+00:00,0.08502,0.08506,0.08423,0.08461,18960053.0
2023-10-09 04:00:00+00:00,0.08461,0.08477,0.08342,0.08378,21614681.0
2023-10-09 08:00:00+00:00,0.08377,0.08382,0.07898,0.08168,82411463.0
2023-10-09 12:00:00+00:00,0.08167,0.08205,0.08128,0.08136,27634202.0
2023-10-09 16:00:00+00:00,0.08136,0.08152,0.07906,0.08119,58321753.0
2023-10-09 20:00:00+00:00,0.08121,0.08144,0.08032,0.08107,17598045.0
2023-10-10 00:00:00+00:00,0.0811,0.08173,0.08077,0.08127,19379891.0
2023-10-10 04:00:00+00:00,0.08129,0.08191,0.08092,0.08167,19147487.0
2023-10-10 08:00:00+00:00,0.08167,0.082,0.0811,0.0811,24885430.0
2023-10-10 12:00:00+00:00,0.08111,0.08187,0.08077,0.08119,31986833.0
2023-10-10 16:00:00+00:00,0.08118,0.08159,0.0806,0.08117,26731611.0
2023-10-10 20:00:00+00:00,0.08117,0.0816,0.08018,0.08157,22606381.0
2023-10-11 00:00:00+00:00,0.08157,0.08191,0.07951,0.08042,39261298.0
2023-10-11 04:00:00+00:00,0.08043,0.08094,0.0803,0.08046,20135776.0
2023-10-11 08:00:00+00:00,0.08047,0.08112,0.08023,0.08042,34649982.0
2023-10-11 12:00:00+00:00,0.08043,0.08067,0.07822,0.07903,54469033.0
2023-10-11 16:00:00+00:00,0.07903,0.08,0.07872,0.07977,35426022.0
2023-10-11 20:00:00+00:00,0.07978,0.08023,0.0797,0.08009,17851013.0
2023-10-12 00:00:00+00:00,0.08007,0.0801,0.07926,0.07982,21177551.0
2023-10-12 04:00:00+00:00,0.07981,0.08057,0.0797,0.07999,21863695.0
2023-10-12 08:00:00+00:00,0.07999,0.08032,0.07844,0.07982,34215781.0
2023-10-12 12:00:00+00:00,0.07982,0.07992,0.07898,0.07936,23657974.0
2023-10-12 16:00:00+00:00,0.07936,0.07951,0.07818,0.07919,31082761.0
2023-10-12 20:00:00+00:00,0.07921,0.07972,0.07911,0.07955,12737159.0
2023-10-13 00:00:00+00:00,0.07953,0.07986,0.0793,0.07945,33893425.0
2023-10-13 04:00:00+00:00,0.07946,0.0804,0.07944,0.08005,11838281.0
2023-10-13 08:00:00+00:00,0.08005,0.08034,0.07969,0.0803,13725729.0
2023-10-13 12:00:00+00:00,0.08031,0.08075,0.07957,0.07994,22642847.0
2023-10-13 16:00:00+00:00,0.07993,0.08054,0.07986,0.08001,17310073.0
2023-10-13 20:00:00+00:00,0.08002,0.08127,0.07984,0.08065,35476045.0
2023-10-14 00:00:00+00:00,0.08065,0.08156,0.08051,0.08147,13986520.0
2023-10-14 04:00:00+00:00,0.08147,0.08171,0.08106,0.08125,12844612.0
2023-10-14 08:00:00+00:00,0.08127,0.0816,0.08114,0.08145,15442100.0
2023-10-14 12:00:00+00:00,0.08144,0.08144,0.08085,0.08114,15173870.0
2023-10-14 16:00:00+00:00,0.08115,0.08128,0.08086,0.08127,11147542.0
2023-10-14 20:00:00+00:00,0.08126,0.08136,0.08091,0.08097,7287257.0
2023-10-15 00:00:00+00:00,0.08098,0.08166,0.08059,0.08138,15566446.0
2023-10-15 04:00:00+00:00,0.08137,0.08224,0.08123,0.08192,20529166.0
2023-10-15 08:00:00+00:00,0.08192,0.08272,0.0819,0.08224,20489668.0
2023-10-15 12:00:00+00:00,0.08222,0.0824,0.08152,0.08172,21131587.0
2023-10-15 16:00:00+00:00,0.08173,0.08258,0.08154,0.08212,19310701.0
2023-10-15 20:00:00+00:00,0.08211,0.08303,0.08175,0.0819,22858852.0
2023-10-16 00:00:00+00:00,0.08191,0.08248,0.08168,0.0821,18242327.0
2023-10-16 04:00:00+00:00,0.08209,0.08354,0.08192,0.08267,36700054.0
2023-10-16 08:00:00+00:00,0.08268,0.08323,0.08225,0.08241,25281508.0
2023-10-16 12:00:00+00:00,0.08242,0.08513,0.08151,0.08189,118847486.0
2023-10-16 16:00:00+00:00,0.08189,0.08335,0.08185,0.08287,27426626.0
2023-10-16 20:00:00+00:00,0.08287,0.0832,0.08233,0.08253,18082846.0
2023-10-17 00:00:00+00:00,0.08254,0.08262,0.0818,0.0822,25193066.0
2023-10-17 04:00:00+00:00,0.0822,0.08241,0.08161,0.08189,18912172.0
2023-10-17 08:00:00+00:00,0.0819,0.08213,0.08128,0.08148,16694615.0
2023-10-17 12:00:00+00:00,0.08147,0.08155,0.079,0.08035,66429781.0
2023-10-17 16:00:00+00:00,0.08035,0.08049,0.0795,0.0802,18993040.0
2023-10-17 20:00:00+00:00,0.08021,0.08048,0.07985,0.07996,12045111.0
2023-10-18 00:00:00+00:00,0.07997,0.08032,0.07928,0.07996,23386955.0
2023-10-18 04:00:00+00:00,0.07996,0.08048,0.0791,0.07939,41420069.0
2023-10-18 08:00:00+00:00,0.0794,0.07993,0.07914,0.07959,21170062.0
2023-10-18 12:00:00+00:00,0.0796,0.07972,0.07857,0.07893,31346858.0
2023-10-18 16:00:00+00:00,0.07892,0.07959,0.07879,0.0793,21429120.0
2023-10-18 20:00:00+00:00,0.0793,0.07991,0.07911,0.07953,25927921.0
2023-10-19 00:00:00+00:00,0.07954,0.07967,0.0773,0.07858,46211897.0
2023-10-19 04:00:00+00:00,0.07858,0.07893,0.07835,0.07866,13080150.0
2023-10-19 08:00:00+00:00,0.07866,0.07876,0.07811,0.07842,16745032.0
2023-10-19 12:00:00+00:00,0.07843,0.07865,0.07772,0.0779,35953720.0
2023-10-19 16:00:00+00:00,0.07789,0.07837,0.07628,0.07722,57407242.0
2023-10-19 20:00:00+00:00,0.07722,0.07772,0.07684,0.07757,26773782.0
2023-10-20 00:00:00+00:00,0.07758,0.07936,0.07733,0.07893,36078014.0
2023-10-20 04:00:00+00:00,0.07896,0.07955,0.07872,0.07913,19682572.0
2023-10-20 08:00:00+00:00,0.07913,0.08112,0.07903,0.08001,44934880.0
2023-10-20 12:00:00+00:00,0.08001,0.08025,0.07943,0.07987,32191745.0
2023-10-20 16:00:00+00:00,0.07986,0.08074,0.07955,0.0807,22853704.0
2023-10-20 20:00:00+00:00,0.08071,0.08126,0.08049,0.08086,16895065.0
2023-10-21 00:00:00+00:00,0.08086,0.08118,0.08069,0.08089,15727505.0
2023-10-21 04:00:00+00:00,0.08089,0.08135,0.08062,0.08111,15044739.0
2023-10-21 08:00:00+00:00,0.08111,0.08193,0.08091,0.08173,25149955.0
2023-10-21 12:00:00+00:00,0.08174,0.08305,0.08155,0.08288,36064210.0
2023-10-21 16:00:00+00:00,0.08289,0.08366,0.08228,0.08271,39960000.0
2023-10-21 20:00:00+00:00,0.08271,0.08306,0.08216,0.08279,19043333.0
2023-10-22 00:00:00+00:00,0.0828,0.08357,0.08268,0.08293,18093093.0
2023-10-22 04:00:00+00:00,0.08291,0.0841,0.08004,0.08237,69321646.0
2023-10-22 08:00:00+00:00,0.08236,0.08273,0.08164,0.08231,29416351.0
2023-10-22 12:00:00+00:00,0.0823,0.08303,0.08201,0.08253,26305122.0
2023-10-22 16:00:00+00:00,0.08254,0.0839,0.08248,0.08359,28908881.0
2023-10-22 20:00:00+00:00,0.08357,0.08509,0.08321,0.08506,31850499.0
2023-10-23 00:00:00+00:00,0.08505,0.08767,0.08435,0.08701,72415334.0
2023-10-23 04:00:00+00:00,0.08701,0.08782,0.08491,0.08556,56269860.0
2023-10-23 08:00:00+00:00,0.08556,0.08692,0.08477,0.08683,49937893.0
2023-10-23 12:00:00+00:00,0.08686,0.08939,0.08624,0.08679,137227773.0
2023-10-23 16:00:00+00:00,0.08678,0.08877,0.08653,0.08826,84576916.0
2023-10-23 20:00:00+00:00,0.08826,0.09154,0.08762,0.09085,110493702.0
2023-10-24 00:00:00+00:00,0.09086,0.09223,0.09004,0.09006,82559143.0
2023-10-24 04:00:00+00:00,0.09005,0.09173,0.08908,0.09002,61829963.0
2023-10-24 08:00:00+00:00,0.09001,0.09365,0.08986,0.09364,81675611.0
2023-10-24 12:00:00+00:00,0.09363,0.09635,0.0886,0.09035,176846952.0
2023-10-24 16:00:00+00:00,0.09036,0.09228,0.0893,0.09136,66171858.0
2023-10-24 20:00:00+00:00,0.09136,0.09212,0.08997,0.09134,54264264.0
2023-10-25 00:00:00+00:00,0.09133,0.09286,0.09048,0.09062,63007919.0
2023-10-25 04:00:00+00:00,0.09063,0.09186,0.08871,0.08976,53775702.0
2023-10-25 08:00:00+00:00,0.08976,0.09183,0.08883,0.09118,72842362.0
2023-10-25 12:00:00+00:00,0.09118,0.105,0.09115,0.10233,287960290.0
2023-10-25 16:00:00+00:00,0.10235,0.10368,0.09805,0.09969,243409938.0
2023-10-25 20:00:00+00:00,0.09969,0.10206,0.09837,0.10141,129988848.0
2023-10-26 00:00:00+00:00,0.1014,0.10288,0.09897,0.10201,104225015.0
2023-10-26 04:00:00+00:00,0.10201,0.10371,0.09895,0.10175,140816797.0
2023-10-26 08:00:00+00:00,0.10176,0.10326,0.0984,0.0994,162210448.0
2023-10-26 12:00:00+00:00,0.09941,0.10125,0.09494,0.09763,171207558.0
2023-10-26 16:00:00+00:00,0.09764,0.10031,0.09694,0.09912,130085392.0
2023-10-26 20:00:00+00:00,0.09913,0.09996,0.09842,0.0992,39599818.0
2023-10-27 00:00:00+00:00,0.09921,0.1005,0.09713,0.09923,57681535.0
2023-10-27 04:00:00+00:00,0.09925,0.10022,0.09805,0.09819,43361329.0
2023-10-27 08:00:00+00:00,0.09819,0.09905,0.09747,0.09833,34223175.0
2023-10-27 12:00:00+00:00,0.09832,0.10084,0.098,0.10032,60069796.0
2023-10-27 16:00:00+00:00,0.10031,0.1012,0.09666,0.09856,73836059.0
2023-10-27 20:00:00+00:00,0.09856,0.09874,0.09732,0.09761,21615077.0
2023-10-28 00:00:00+00:00,0.09761,0.09987,0.09715,0.09984,33706442.0
2023-10-28 04:00:00+00:00,0.09985,0.10557,0.09944,0.10183,128507107.0
2023-10-28 08:00:00+00:00,0.10181,0.10254,0.10004,0.1016,68677355.0
2023-10-28 12:00:00+00:00,0.10159,0.10364,0.10013,0.10288,66432841.0
2023-10-28 16:00:00+00:00,0.10287,0.10318,0.10078,0.10097,42217160.0
2023-10-28 20:00:00+00:00,0.10096,0.10227,0.10068,0.10117,27504623.0
2023-10-29 00:00:00+00:00,0.10116,0.10229,0.09885,0.10031,45444384.0
2023-10-29 04:00:00+00:00,0.10031,0.10449,0.10001,0.10287,48150368.0
2023-10-29 08:00:00+00:00,0.10289,0.10581,0.10273,0.10485,65970445.0
2023-10-29 12:00:00+00:00,0.10488,0.10704,0.10432,0.10573,90038058.0
2023-10-29 16:00:00+00:00,0.10573,0.10689,0.1052,0.10594,55983661.0
2023-10-29 20:00:00+00:00,0.10593,0.10733,0.10538,0.10615,47269772.0
2023-10-30 00:00:00+00:00,0.10615,0.10798,0.10533,0.10573,51068610.0
2023-10-30 04:00:00+00:00,0.10574,0.1081,0.1052,0.10689,53033404.0
2023-10-30 08:00:00+00:00,0.10692,0.11013,0.10624,0.10919,73439537.0
2023-10-30 12:00:00+00:00,0.1092,0.10988,0.10723,0.10773,65472342.0
2023-10-30 16:00:00+00:00,0.10773,0.11064,0.10515,0.11028,100951653.0
2023-10-30 20:00:00+00:00,0.11029,0.111,0.10931,0.10966,43938442.0
2023-10-31 00:00:00+00:00,0.10966,0.11061,0.10804,0.10816,38897345.0
2023-10-31 04:00:00+00:00,0.10815,0.10905,0.10572,0.10604,55867535.0
2023-10-31 08:00:00+00:00,0.10604,0.10755,0.10423,0.10686,57804953.0
2023-10-31 12:00:00+00:00,0.10687,0.10758,0.0975,0.10081,180611386.0
2023-10-31 16:00:00+00:00,0.10081,0.10241,0.1002,0.10224,63905645.0
2023-10-31 20:00:00+00:00,0.10224,0.1047,0.102,0.10415,74808174.0
2023-11-01 00:00:00+00:00,0.10418,0.10685,0.10341,0.10655,57924627.0
2023-11-01 04:00:00+00:00,0.10655,0.10678,0.10334,0.10465,52657963.0
2023-11-01 08:00:00+00:00,0.10467,0.10624,0.10372,0.10511,47300274.0
2023-11-01 12:00:00+00:00,0.10511,0.11114,0.10399,0.1084,172009098.0
2023-11-01 16:00:00+00:00,0.10838,0.11361,0.10677,0.11195,156132738.0
2023-11-01 20:00:00+00:00,0.11191,0.11535,0.1119,0.11437,91693833.0
2023-11-02 00:00:00+00:00,0.11437,0.1182,0.11336,0.1152,91616711.0
2023-11-02 04:00:00+00:00,0.11518,0.11548,0.11202,0.11398,50759615.0
2023-11-02 08:00:00+00:00,0.11399,0.11484,0.11215,0.11277,74200949.0
2023-11-02 12:00:00+00:00,0.11275,0.11295,0.1075,0.10813,114094237.0
2023-11-02 16:00:00+00:00,0.10813,0.11054,0.10627,0.11026,86234183.0
2023-11-02 20:00:00+00:00,0.11027,0.11041,0.10778,0.10853,53526298.0
2023-11-03 00:00:00+00:00,0.10851,0.10855,0.10384,0.1047,65357259.0
2023-11-03 04:00:00+00:00,0.1047,0.10588,0.1034,0.10476,40752349.0
2023-11-03 08:00:00+00:00,0.10475,0.10611,0.10265,0.10423,49702288.0
2023-11-03 12:00:00+00:00,0.10422,0.10746,0.10359,0.10726,88907064.0
2023-11-03 16:00:00+00:00,0.10725,0.11403,0.10468,0.11286,255956370.0
2023-11-03 20:00:00+00:00,0.11285,0.1177,0.11217,0.11459,171709368.0
2023-11-04 00:00:00+00:00,0.11459,0.1173,0.1138,0.11657,89920029.0
2023-11-04 04:00:00+00:00,0.11657,0.11688,0.11412,0.11433,81481937.0
2023-11-04 08:00:00+00:00,0.11431,0.118,0.11353,0.11601,109391658.0
2023-11-04 12:00:00+00:00,0.11603,0.11898,0.11504,0.11606,115940159.0
2023-11-04 16:00:00+00:00,0.11604,0.11854,0.11516,0.11675,89335169.0
2023-11-04 20:00:00+00:00,0.11676,0.12031,0.11612,0.11954,58991004.0
2023-11-05 00:00:00+00:00,0.11955,0.1272,0.11928,0.12698,154121327.0
2023-11-05 04:00:00+00:00,0.12695,0.13135,0.12667,0.13097,164977118.0
2023-11-05 08:00:00+00:00,0.13096,0.13377,0.1279,0.1284,181427571.0
2023-11-05 12:00:00+00:00,0.12842,0.12881,0.12458,0.12754,132636783.0
2023-11-05 16:00:00+00:00,0.12754,0.12988,0.12708,0.12726,97434552.0
2023-11-05 20:00:00+00:00,0.12726,0.12895,0.12487,0.12683,71538630.0
2023-11-06 00:00:00+00:00,0.12684,0.1346,0.12684,0.13131,149852817.0
2023-11-06 04:00:00+00:00,0.1313,0.13754,0.12956,0.13683,137282861.0
2023-11-06 08:00:00+00:00,0.13683,0.14127,0.13462,0.13582,223045093.0
2023-11-06 12:00:00+00:00,0.13583,0.14168,0.13436,0.13986,179696178.0
2023-11-06 16:00:00+00:00,0.13985,0.14576,0.13965,0.14423,233954766.0
2023-11-06 20:00:00+00:00,0.14427,0.15779,0.14273,0.15775,351551986.0
2023-11-07 00:00:00+00:00,0.15775,0.16343,0.14141,0.14393,584865946.0
2023-11-07 04:00:00+00:00,0.14391,0.14413,0.13708,0.14125,214435063.0
2023-11-07 08:00:00+00:00,0.14125,0.14211,0.13597,0.13763,166930874.0
2023-11-07 12:00:00+00:00,0.13763,0.13858,0.13204,0.13464,174561822.0
2023-11-07 16:00:00+00:00,0.13463,0.14067,0.13262,0.13887,278279855.0
2023-11-07 20:00:00+00:00,0.13886,0.13947,0.13597,0.13757,121047672.0
2023-11-08 00:00:00+00:00,0.13756,0.13762,0.12926,0.13048,164007329.0
2023-11-08 04:00:00+00:00,0.13048,0.13249,0.13005,0.13147,84868353.0
2023-11-08 08:00:00+00:00,0.13147,0.13191,0.13006,0.13096,86869507.0
2023-11-08 12:00:00+00:00,0.13095,0.13271,0.12962,0.13219,105519887.0
2023-11-08 16:00:00+00:00,0.13221,0.13636,0.1315,0.13552,110265420.0
2023-11-08 20:00:00+00:00,0.13552,0.13586,0.13316,0.13399,78031274.0
2023-11-09 00:00:00+00:00,0.13398,0.13516,0.13122,0.13296,103172537.0
2023-11-09 04:00:00+00:00,0.13294,0.13732,0.13262,0.13338,105648377.0
2023-11-09 08:00:00+00:00,0.13338,0.1353,0.13237,0.13318,87834602.0
2023-11-09 12:00:00+00:00,0.13319,0.13969,0.13152,0.13445,208715298.0
2023-11-09 16:00:00+00:00,0.13442,0.13577,0.11385,0.12696,296323332.0
2023-11-09 20:00:00+00:00,0.12695,0.13632,0.12602,0.13568,157844905.0
2023-11-10 00:00:00+00:00,0.13571,0.13809,0.13416,0.13488,87821732.0
2023-11-10 04:00:00+00:00,0.13489,0.13584,0.13156,0.13169,75344289.0
2023-11-10 08:00:00+00:00,0.1317,0.1356,0.12848,0.13522,108362537.0
2023-11-10 12:00:00+00:00,0.13524,0.13538,0.12939,0.13161,88118907.0
2023-11-10 16:00:00+00:00,0.13058,0.1338,0.13053,0.13252,63407145.0
2023-11-10 20:00:00+00:00,0.13253,0.13662,0.13175,0.13602,72679440.0
2023-11-11 00:00:00+00:00,0.13603,0.13731,0.13222,0.13286,84565651.0
2023-11-11 04:00:00+00:00,0.13288,0.13401,0.12951,0.13312,87020779.0
2023-11-11 08:00:00+00:00,0.13314,0.13535,0.1318,0.13302,59395745.0
2023-11-11 12:00:00+00:00,0.13301,0.13903,0.13216,0.13706,98616493.0
2023-11-11 16:00:00+00:00,0.13704,0.14333,0.13675,0.14282,119564200.0
2023-11-11 20:00:00+00:00,0.14282,0.14288,0.13442,0.13659,96285170.0
2023-11-12 00:00:00+00:00,0.1366,0.13686,0.12917,0.13434,103030850.0
2023-11-12 04:00:00+00:00,0.13436,0.13811,0.13262,0.13733,60184160.0
2023-11-12 08:00:00+00:00,0.13732,0.13943,0.13552,0.13795,77618257.0
2023-11-12 12:00:00+00:00,0.13793,0.1389,0.13493,0.13708,69145436.0
2023-11-12 16:00:00+00:00,0.13706,0.13784,0.13323,0.13594,79438589.0
2023-11-12 20:00:00+00:00,0.13594,0.13768,0.13357,0.13518,50329996.0
2023-11-13 00:00:00+00:00,0.13517,0.13848,0.131,0.13123,78415822.0
2023-11-13 04:00:00+00:00,0.13121,0.13341,0.13022,0.13297,57436567.0
2023-11-13 08:00:00+00:00,0.13297,0.13433,0.13019,0.1311,54415187.0
2023-11-13 12:00:00+00:00,0.13105,0.13274,0.12634,0.13135,101506599.0
2023-11-13 16:00:00+00:00,0.13131,0.13225,0.12812,0.13084,64784585.0
2023-11-13 20:00:00+00:00,0.13083,0.13118,0.1236,0.12421,107144191.0
2023-11-14 00:00:00+00:00,0.12419,0.12543,0.12153,0.12468,71017226.0
2023-11-14 04:00:00+00:00,0.12468,0.12722,0.12383,0.12697,56235759.0
2023-11-14 08:00:00+00:00,0.12695,0.12815,0.12223,0.12374,60119867.0
2023-11-14 12:00:00+00:00,0.12374,0.12789,0.12299,0.1257,105874489.0
2023-11-14 16:00:00+00:00,0.12571,0.12752,0.11547,0.12217,162283494.0
2023-11-14 20:00:00+00:00,0.12218,0.12543,0.12194,0.12533,58802425.0
2023-11-15 00:00:00+00:00,0.12531,0.12719,0.12485,0.12496,42494936.0
2023-11-15 04:00:00+00:00,0.12497,0.12825,0.12486,0.12774,36519008.0
2023-11-15 08:00:00+00:00,0.12773,0.13147,0.1277,0.13077,70280205.0
2023-11-15 12:00:00+00:00,0.13077,0.13292,0.13017,0.13268,87677224.0
2023-11-15 16:00:00+00:00,0.13267,0.13527,0.13176,0.13414,91210673.0
2023-11-15 20:00:00+00:00,0.13418,0.13462,0.13138,0.13359,70939653.0
2023-11-16 00:00:00+00:00,0.1336,0.13563,0.13305,0.13486,41450887.0
2023-11-16 04:00:00+00:00,0.13487,0.14007,0.13385,0.13821,79853638.0
2023-11-16 08:00:00+00:00,0.13823,0.13863,0.13383,0.13517,90715661.0
2023-11-16 12:00:00+00:00,0.13517,0.13531,0.1282,0.12998,107157108.0
2023-11-16 16:00:00+00:00,0.12997,0.1336,0.12556,0.12981,92886746.0
2023-11-16 20:00:00+00:00,0.12979,0.13104,0.12669,0.12857,77373033.0
2023-11-17 00:00:00+00:00,0.12858,0.13264,0.12833,0.13051,49016756.0
2023-11-17 04:00:00+00:00,0.1305,0.13117,0.12788,0.12848,43279572.0
2023-11-17 08:00:00+00:00,0.12847,0.13137,0.12599,0.12734,68040112.0
2023-11-17 12:00:00+00:00,0.12736,0.12927,0.12055,0.12099,111673997.0
2023-11-17 16:00:00+00:00,0.121,0.12562,0.12064,0.12463,72006613.0
2023-11-17 20:00:00+00:00,0.12465,0.12723,0.12352,0.12655,51147035.0
2023-11-18 00:00:00+00:00,0.12655,0.1271,0.12351,0.12363,45880854.0
2023-11-18 04:00:00+00:00,0.12364,0.1253,0.119,0.1228,65545618.0
2023-11-18 08:00:00+00:00,0.12278,0.12545,0.12215,0.12418,30042968.0
2023-11-18 12:00:00+00:00,0.12418,0.12714,0.12215,0.12689,45504713.0
2023-11-18 16:00:00+00:00,0.1269,0.12783,0.12525,0.12658,42665367.0
2023-11-18 20:00:00+00:00,0.12658,0.12733,0.12505,0.12712,30717430.0
2023-11-19 00:00:00+00:00,0.1271,0.12799,0.12376,0.12773,57060455.0
2023-11-19 04:00:00+00:00,0.12778,0.1293,0.12682,0.12876,34287955.0
2023-11-19 08:00:00+00:00,0.12875,0.1325,0.1285,0.13212,77902965.0
2023-11-19 12:00:00+00:00,0.13212,0.13315,0.13027,0.13302,77659327.0
2023-11-19 16:00:00+00:00,0.13304,0.1363,0.13186,0.13552,76966329.0
2023-11-19 20:00:00+00:00,0.13554,0.13747,0.13456,0.13695,70894303.0
2023-11-20 00:00:00+00:00,0.13694,0.1391,0.13544,0.13632,58890039.0
2023-11-20 04:00:00+00:00,0.1363,0.14092,0.13578,0.13991,68880220.0
2023-11-20 08:00:00+00:00,0.13994,0.14574,0.13823,0.14229,165183295.0
2023-11-20 12:00:00+00:00,0.1423,0.14287,0.13781,0.14205,128694074.0
2023-11-20 16:00:00+00:00,0.14206,0.14292,0.13761,0.13815,104397361.0
2023-11-20 20:00:00+00:00,0.13815,0.13941,0.1341,0.13885,76698245.0
2023-11-21 00:00:00+00:00,0.13884,0.14259,0.13795,0.14242,123673251.0
2023-11-21 04:00:00+00:00,0.14241,0.14417,0.13938,0.13949,81321177.0
2023-11-21 08:00:00+00:00,0.13948,0.14423,0.13885,0.14023,88977817.0
2023-11-21 12:00:00+00:00,0.14022,0.14125,0.13175,0.13549,151210553.0
2023-11-21 16:00:00+00:00,0.13552,0.13761,0.12832,0.1315,138468122.0
2023-11-21 20:00:00+00:00,0.13151,0.13407,0.125,0.12518,95927446.0
2023-11-22 00:00:00+00:00,0.1252,0.13286,0.12487,0.13216,53699116.0
2023-11-22 04:00:00+00:00,0.13217,0.13503,0.13065,0.13328,50854135.0
2023-11-22 08:00:00+00:00,0.13329,0.14002,0.13329,0.13763,87971362.0
2023-11-22 12:00:00+00:00,0.13764,0.14292,0.13764,0.14184,95651057.0
2023-11-22 16:00:00+00:00,0.14184,0.14348,0.14039,0.14142,91333221.0
2023-11-22 20:00:00+00:00,0.14142,0.14545,0.14079,0.14514,88264178.0
2023-11-23 00:00:00+00:00,0.14514,0.14666,0.14173,0.14265,96905491.0
2023-11-23 04:00:00+00:00,0.14264,0.14392,0.14098,0.14147,43515196.0
2023-11-23 08:00:00+00:00,0.14148,0.14379,0.13951,0.1401,55208196.0
2023-11-23 12:00:00+00:00,0.14011,0.14098,0.1373,0.13795,56032008.0
2023-11-23 16:00:00+00:00,0.138,0.13936,0.1372,0.13778,34715594.0
2023-11-23 20:00:00+00:00,0.13778,0.13963,0.13763,0.13845,28418050.0
2023-11-24 00:00:00+00:00,0.13845,0.1398,0.13741,0.13839,34839572.0
2023-11-24 04:00:00+00:00,0.13838,0.14446,0.13833,0.14405,64376559.0
2023-11-24 08:00:00+00:00,0.14406,0.15422,0.1439,0.15191,188291720.0
2023-11-24 12:00:00+00:00,0.15197,0.15292,0.14758,0.15095,90794275.0
2023-11-24 16:00:00+00:00,0.15095,0.15286,0.14791,0.15141,73560865.0
2023-11-24 20:00:00+00:00,0.15141,0.15498,0.15051,0.15416,101608161.0
2023-11-25 00:00:00+00:00,0.15417,0.16174,0.15188,0.15994,159521961.0
2023-11-25 04:00:00+00:00,0.15995,0.1608,0.15527,0.15568,68460217.0
2023-11-25 08:00:00+00:00,0.1557,0.15631,0.15098,0.15249,73181958.0
2023-11-25 12:00:00+00:00,0.15246,0.15346,0.15009,0.15097,50155709.0
2023-11-25 16:00:00+00:00,0.15096,0.15315,0.15068,0.1508,49676223.0
2023-11-25 20:00:00+00:00,0.1508,0.15206,0.15043,0.15185,32274787.0
2023-11-26 00:00:00+00:00,0.15184,0.152,0.14831,0.15034,55617024.0
2023-11-26 04:00:00+00:00,0.15034,0.15089,0.14949,0.14951,30174742.0
2023-11-26 08:00:00+00:00,0.14953,0.14998,0.14741,0.14757,40123784.0
2023-11-26 12:00:00+00:00,0.1476,0.1489,0.1453,0.14632,67096889.0
2023-11-26 16:00:00+00:00,0.14631,0.14776,0.14317,0.14754,66568476.0
2023-11-26 20:00:00+00:00,0.14758,0.15327,0.1472,0.14966,73710795.0
2023-11-27 00:00:00+00:00,0.14967,0.15308,0.14802,0.15047,63008861.0
2023-11-27 04:00:00+00:00,0.15049,0.15592,0.14894,0.15126,123479068.0
2023-11-27 08:00:00+00:00,0.15125,0.15379,0.14803,0.15062,94027719.0
2023-11-27 12:00:00+00:00,0.15063,0.15325,0.14625,0.14647,104056684.0
2023-11-27 16:00:00+00:00,0.14649,0.14974,0.14374,0.14511,63269581.0
2023-11-27 20:00:00+00:00,0.14513,0.14883,0.1441,0.14842,48198211.0
2023-11-28 00:00:00+00:00,0.14845,0.1516,0.14534,0.14555,47965315.0
2023-11-28 04:00:00+00:00,0.14558,0.14574,0.14015,0.14158,72476758.0
2023-11-28 08:00:00+00:00,0.14159,0.14479,0.14037,0.14448,57353883.0
2023-11-28 12:00:00+00:00,0.14447,0.1461,0.14263,0.14483,56412984.0
2023-11-28 16:00:00+00:00,0.14484,0.14939,0.14444,0.14801,60539966.0
2023-11-28 20:00:00+00:00,0.148,0.1489,0.14655,0.14675,33694093.0
2023-11-29 00:00:00+00:00,0.14675,0.14926,0.14571,0.14782,37600250.0
2023-11-29 04:00:00+00:00,0.14783,0.14946,0.14705,0.14855,30896064.0
2023-11-29 08:00:00+00:00,0.14854,0.15184,0.14701,0.14743,77729264.0
2023-11-29 12:00:00+00:00,0.14745,0.14832,0.14299,0.14524,59912309.0
2023-11-29 16:00:00+00:00,0.14526,0.14584,0.14321,0.14435,29320274.0
2023-11-29 20:00:00+00:00,0.14433,0.14464,0.1424,0.1433,31401061.0
2023-11-30 00:00:00+00:00,0.14329,0.14396,0.14107,0.14325,33119809.0
2023-11-30 04:00:00+00:00,0.14326,0.14377,0.14123,0.14138,30729836.0
2023-11-30 08:00:00+00:00,0.14138,0.14387,0.14017,0.14364,32644955.0
2023-11-30 12:00:00+00:00,0.14367,0.14401,0.1409,0.14315,44108937.0
2023-11-30 16:00:00+00:00,0.14312,0.14407,0.14215,0.1428,24376339.0
2023-11-30 20:00:00+00:00,0.1428,0.14418,0.14219,0.14292,24364728.0
2023-12-01 00:00:00+00:00,0.14291,0.14802,0.14197,0.1475,50278283.0
2023-12-01 04:00:00+00:00,0.1475,0.14969,0.14663,0.1473,41705422.0
2023-12-01 08:00:00+00:00,0.14727,0.149,0.14626,0.14848,49329133.0
2023-12-01 12:00:00+00:00,0.14849,0.14939,0.14705,0.14843,41985393.0
2023-12-01 16:00:00+00:00,0.14844,0.15067,0.14818,0.1494,46778505.0
2023-12-01 20:00:00+00:00,0.14938,0.15073,0.1491,0.15011,25440241.0
2023-12-02 00:00:00+00:00,0.1501,0.15211,0.149,0.15113,23952803.0
2023-12-02 04:00:00+00:00,0.15113,0.152,0.15011,0.1505,19524180.0
2023-12-02 08:00:00+00:00,0.15052,0.15261,0.1503,0.15071,27630436.0
2023-12-02 12:00:00+00:00,0.15072,0.15135,0.1482,0.14944,33094740.0
2023-12-02 16:00:00+00:00,0.14943,0.15358,0.1494,0.15276,40516924.0
2023-12-02 20:00:00+00:00,0.15276,0.15367,0.15082,0.15215,27791788.0
2023-12-03 00:00:00+00:00,0.15215,0.15354,0.15044,0.15145,25933747.0
2023-12-03 04:00:00+00:00,0.15146,0.15218,0.1502,0.15135,19566971.0
2023-12-03 08:00:00+00:00,0.15136,0.15185,0.14854,0.14935,33921089.0
2023-12-03 12:00:00+00:00,0.14935,0.1496,0.14728,0.14809,34860147.0
2023-12-03 16:00:00+00:00,0.14812,0.14927,0.14766,0.14844,18841515.0
2023-12-03 20:00:00+00:00,0.14844,0.1524,0.14843,0.14964,40629228.0
2023-12-04 00:00:00+00:00,0.14966,0.15286,0.14872,0.15133,38458826.0
2023-12-04 04:00:00+00:00,0.15133,0.15355,0.15068,0.15171,49476785.0
2023-12-04 08:00:00+00:00,0.15172,0.15511,0.1406,0.14862,119353175.0
2023-12-04 12:00:00+00:00,0.14861,0.151,0.14495,0.14611,95496817.0
2023-12-04 16:00:00+00:00,0.14614,0.1489,0.1461,0.14788,45857283.0
2023-12-04 20:00:00+00:00,0.14788,0.15092,0.14676,0.1509,43941305.0
2023-12-05 00:00:00+00:00,0.15089,0.15399,0.14866,0.1518,65627283.0
2023-12-05 04:00:00+00:00,0.15181,0.15667,0.15015,0.15205,81734188.0
2023-12-05 08:00:00+00:00,0.15206,0.15521,0.14925,0.15179,58234294.0
2023-12-05 12:00:00+00:00,0.15183,0.15356,0.15,0.15282,52549790.0
2023-12-05 16:00:00+00:00,0.1528,0.15842,0.15153,0.1569,83523165.0
2023-12-05 20:00:00+00:00,0.1569,0.15901,0.1551,0.15789,45400789.0
2023-12-06 00:00:00+00:00,0.1579,0.1597,0.15468,0.15554,54534542.0
2023-12-06 04:00:00+00:00,0.15554,0.1579,0.15336,0.15624,47783267.0
2023-12-06 08:00:00+00:00,0.15622,0.16848,0.15544,0.1604,266405496.0
2023-12-06 12:00:00+00:00,0.16043,0.16486,0.1595,0.16206,116423481.0
2023-12-06 16:00:00+00:00,0.16207,0.16959,0.16196,0.16741,103915368.0
2023-12-06 20:00:00+00:00,0.16739,0.16833,0.16256,0.16353,90877152.0
2023-12-07 00:00:00+00:00,0.16359,0.16595,0.16162,0.16288,60847753.0
2023-12-07 04:00:00+00:00,0.16283,0.16399,0.15958,0.16057,53518662.0
2023-12-07 08:00:00+00:00,0.16056,0.16154,0.15442,0.15731,95864447.0
2023-12-07 12:00:00+00:00,0.15732,0.1625,0.15678,0.16149,59110567.0
2023-12-07 16:00:00+00:00,0.16151,0.16542,0.1607,0.16218,65565529.0
2023-12-07 20:00:00+00:00,0.16216,0.16594,0.16166,0.1649,44454486.0
2023-12-08 00:00:00+00:00,0.16488,0.16826,0.16464,0.16792,55076861.0
2023-12-08 04:00:00+00:00,0.16794,0.16999,0.16539,0.16911,56424157.0
2023-12-08 08:00:00+00:00,0.16914,0.1733,0.16914,0.16974,93213106.0
2023-12-08 12:00:00+00:00,0.16976,0.1734,0.16833,0.17193,70147630.0
2023-12-08 16:00:00+00:00,0.17197,0.17429,0.17075,0.17387,47642219.0
2023-12-08 20:00:00+00:00,0.17388,0.1772,0.17335,0.17442,50319043.0
2023-12-09 00:00:00+00:00,0.17441,0.17777,0.17341,0.17493,51532403.0
2023-12-09 04:00:00+00:00,0.17494,0.17694,0.17332,0.17596,38532120.0
2023-12-09 08:00:00+00:00,0.17596,0.17637,0.16923,0.17257,95566007.0
2023-12-09 12:00:00+00:00,0.17257,0.17515,0.17042,0.17343,59486397.0
2023-12-09 16:00:00+00:00,0.17343,0.17398,0.16912,0.1714,47186669.0
2023-12-09 20:00:00+00:00,0.17142,0.17198,0.16734,0.16897,38709111.0
2023-12-10 00:00:00+00:00,0.16898,0.17182,0.16806,0.17017,35498169.0
2023-12-10 04:00:00+00:00,0.17016,0.17904,0.16968,0.17467,101353582.0
2023-12-10 08:00:00+00:00,0.17465,0.17512,0.1663,0.16737,64910779.0
2023-12-10 12:00:00+00:00,0.16741,0.17149,0.16707,0.1714,40604139.0
2023-12-10 16:00:00+00:00,0.17142,0.17168,0.16692,0.16956,32765831.0
2023-12-10 20:00:00+00:00,0.16955,0.17363,0.16951,0.17192,34297027.0
2023-12-11 00:00:00+00:00,0.17192,0.17502,0.14755,0.16306,191545770.0
2023-12-11 04:00:00+00:00,0.163,0.16374,0.15737,0.16083,84789699.0
2023-12-11 08:00:00+00:00,0.16084,0.16307,0.15934,0.16283,41096502.0
2023-12-11 12:00:00+00:00,0.16281,0.16338,0.15759,0.15992,73844621.0
2023-12-11 16:00:00+00:00,0.15991,0.16134,0.15235,0.15633,87055827.0
2023-12-11 20:00:00+00:00,0.15634,0.15955,0.15443,0.1589,31020909.0
2023-12-12 00:00:00+00:00,0.15889,0.16516,0.15858,0.16315,52563212.0
2023-12-12 04:00:00+00:00,0.16311,0.1662,0.16042,0.16466,58622950.0
2023-12-12 08:00:00+00:00,0.16466,0.16519,0.15912,0.15938,40156017.0
2023-12-12 12:00:00+00:00,0.15938,0.16204,0.15628,0.15825,83842960.0
2023-12-12 16:00:00+00:00,0.15822,0.1589,0.1539,0.1573,47737890.0
2023-12-12 20:00:00+00:00,0.1573,0.16057,0.15571,0.16019,34501047.0
2023-12-13 00:00:00+00:00,0.16019,0.16041,0.15273,0.15319,76112809.0
2023-12-13 04:00:00+00:00,0.15321,0.15501,0.15005,0.15333,44498503.0
2023-12-13 08:00:00+00:00,0.15335,0.15476,0.15213,0.15248,31099787.0
2023-12-13 12:00:00+00:00,0.15248,0.15841,0.15223,0.15786,36616720.0
2023-12-13 16:00:00+00:00,0.15789,0.16286,0.15542,0.16277,45436910.0
2023-12-13 20:00:00+00:00,0.16274,0.16575,0.16194,0.16446,68799126.0
2023-12-14 00:00:00+00:00,0.16445,0.1663,0.16188,0.16297,34424289.0
2023-12-14 04:00:00+00:00,0.16297,0.17003,0.16275,0.16878,52286783.0
2023-12-14 08:00:00+00:00,0.16879,0.17415,0.16853,0.17283,59636436.0
2023-12-14 12:00:00+00:00,0.17283,0.17678,0.16536,0.17144,156610061.0
2023-12-14 16:00:00+00:00,0.17143,0.17506,0.17054,0.17315,55260250.0
2023-12-14 20:00:00+00:00,0.17314,0.17595,0.17153,0.17529,42698387.0
2023-12-15 00:00:00+00:00,0.17529,0.17579,0.17047,0.17326,45131837.0
2023-12-15 04:00:00+00:00,0.17326,0.17463,0.17077,0.17111,40043466.0
2023-12-15 08:00:00+00:00,0.17112,0.1724,0.16867,0.16886,40063723.0
2023-12-15 12:00:00+00:00,0.16886,0.16904,0.16486,0.16691,69723676.0
2023-12-15 16:00:00+00:00,0.1669,0.16999,0.16649,0.16793,51866701.0
2023-12-15 20:00:00+00:00,0.16793,0.16924,0.16305,0.16344,48367424.0
2023-12-16 00:00:00+00:00,0.16347,0.16441,0.1607,0.1639,45705935.0
2023-12-16 04:00:00+00:00,0.1639,0.16577,0.16299,0.16375,31619859.0
2023-12-16 08:00:00+00:00,0.16372,0.16569,0.16326,0.16552,27281655.0
2023-12-16 12:00:00+00:00,0.16553,0.16692,0.16436,0.16692,33267545.0
2023-12-16 16:00:00+00:00,0.16691,0.16783,0.16211,0.1634,44591415.0
2023-12-16 20:00:00+00:00,0.16341,0.16456,0.16157,0.16232,33423680.0
2023-12-17 00:00:00+00:00,0.16233,0.16369,0.16053,0.16167,38116494.0
2023-12-17 04:00:00+00:00,0.16167,0.16304,0.15883,0.15918,42388972.0
2023-12-17 08:00:00+00:00,0.15917,0.16249,0.15883,0.16196,30022301.0
2023-12-17 12:00:00+00:00,0.16195,0.16233,0.15846,0.16225,41121592.0
2023-12-17 16:00:00+00:00,0.16227,0.16471,0.16076,0.16211,31646901.0
2023-12-17 20:00:00+00:00,0.16213,0.1636,0.15762,0.15859,33490821.0
2023-12-18 00:00:00+00:00,0.15857,0.16031,0.154,0.15566,53130648.0
2023-12-18 04:00:00+00:00,0.15568,0.1564,0.15231,0.15297,30346655.0
2023-12-18 08:00:00+00:00,0.15299,0.15418,0.14433,0.1489,110327009.0
2023-12-18 12:00:00+00:00,0.1489,0.1525,0.14734,0.15021,42104573.0
2023-12-18 16:00:00+00:00,0.15023,0.15295,0.14926,0.15207,30280664.0
2023-12-18 20:00:00+00:00,0.15207,0.16044,0.15085,0.16036,51889258.0
2023-12-19 00:00:00+00:00,0.16035,0.1643,0.15739,0.16351,67074097.0
2023-12-19 04:00:00+00:00,0.16351,0.1644,0.16072,0.1631,37594598.0
2023-12-19 08:00:00+00:00,0.1631,0.16469,0.16028,0.16072,39508620.0
2023-12-19 12:00:00+00:00,0.16075,0.16155,0.15673,0.15889,53196976.0
2023-12-19 16:00:00+00:00,0.15887,0.16071,0.1542,0.15748,46047100.0
2023-12-19 20:00:00+00:00,0.15751,0.1587,0.15456,0.15585,36362617.0
2023-12-20 00:00:00+00:00,0.15588,0.15772,0.15377,0.15647,29428705.0
2023-12-20 04:00:00+00:00,0.15648,0.15906,0.156,0.1589,26109054.0
2023-12-20 08:00:00+00:00,0.15889,0.16046,0.15804,0.15981,29568614.0
2023-12-20 12:00:00+00:00,0.15981,0.16583,0.15884,0.16581,49869687.0
2023-12-20 16:00:00+00:00,0.16582,0.17013,0.16154,0.16194,80260678.0
2023-12-20 20:00:00+00:00,0.16194,0.16251,0.15861,0.16101,45649703.0
2023-12-21 00:00:00+00:00,0.16099,0.16137,0.15918,0.15989,25802468.0
2023-12-21 04:00:00+00:00,0.15987,0.16047,0.15801,0.15938,27758045.0
2023-12-21 08:00:00+00:00,0.15938,0.1637,0.15825,0.16257,49061407.0
2023-12-21 12:00:00+00:00,0.16255,0.16341,0.15762,0.15956,54647518.0
2023-12-21 16:00:00+00:00,0.1595,0.16223,0.15853,0.16143,31872291.0
2023-12-21 20:00:00+00:00,0.16143,0.16603,0.16132,0.16541,48444806.0
2023-12-22 00:00:00+00:00,0.16543,0.16772,0.1638,0.16533,44130107.0
2023-12-22 04:00:00+00:00,0.16538,0.16726,0.163,0.16438,47658382.0
2023-12-22 08:00:00+00:00,0.16439,0.17349,0.16421,0.17291,143582760.0
2023-12-22 12:00:00+00:00,0.17292,0.18102,0.17091,0.17969,172333733.0
2023-12-22 16:00:00+00:00,0.17966,0.19096,0.17862,0.18739,313128203.0
2023-12-22 20:00:00+00:00,0.18742,0.19474,0.18555,0.19049,157651113.0
2023-12-23 00:00:00+00:00,0.19047,0.19372,0.17825,0.17933,163992064.0
2023-12-23 04:00:00+00:00,0.17928,0.18109,0.1767,0.17879,87325102.0
2023-12-23 08:00:00+00:00,0.17876,0.18551,0.17845,0.18357,104775170.0
2023-12-23 12:00:00+00:00,0.18356,0.184,0.1787,0.18002,67770509.0
2023-12-23 16:00:00+00:00,0.18002,0.18394,0.17984,0.18223,67428862.0
2023-12-23 20:00:00+00:00,0.18223,0.18492,0.18087,0.18272,55588154.0
2023-12-24 00:00:00+00:00,0.18273,0.18448,0.17892,0.18006,60112574.0
2023-12-24 04:00:00+00:00,0.18005,0.18421,0.17612,0.18386,80862985.0
2023-12-24 08:00:00+00:00,0.18387,0.18465,0.17986,0.18282,65047132.0
2023-12-24 12:00:00+00:00,0.18286,0.18919,0.18143,0.18875,78336387.0
2023-12-24 16:00:00+00:00,0.18871,0.199,0.18703,0.19456,146381752.0
2023-12-24 20:00:00+00:00,0.19454,0.19454,0.18282,0.18628,115847846.0
2023-12-25 00:00:00+00:00,0.18628,0.18796,0.18012,0.18382,58354812.0
2023-12-25 04:00:00+00:00,0.18381,0.18704,0.1838,0.18474,47648953.0
2023-12-25 08:00:00+00:00,0.18477,0.18696,0.18257,0.18626,45429708.0
2023-12-25 12:00:00+00:00,0.18626,0.19306,0.18371,0.19073,64843734.0
2023-12-25 16:00:00+00:00,0.1907,0.19191,0.1873,0.18877,50097742.0
2023-12-25 20:00:00+00:00,0.18875,0.198,0.187,0.19678,68520206.0
2023-12-26 00:00:00+00:00,0.19681,0.20034,0.19421,0.1969,62108484.0
2023-12-26 04:00:00+00:00,0.1969,0.19734,0.18701,0.19226,109129803.0
2023-12-26 08:00:00+00:00,0.19226,0.19493,0.18783,0.19201,66674593.0
2023-12-26 12:00:00+00:00,0.19208,0.20473,0.19186,0.19606,146531065.0
2023-12-26 16:00:00+00:00,0.19607,0.19878,0.1792,0.19249,152177256.0
2023-12-26 20:00:00+00:00,0.1925,0.20146,0.18935,0.19908,80956579.0
2023-12-27 00:00:00+00:00,0.19907,0.20233,0.18518,0.18646,74254510.0
2023-12-27 04:00:00+00:00,0.18645,0.19245,0.18642,0.18687,60679429.0
2023-12-27 08:00:00+00:00,0.18686,0.19329,0.18665,0.19189,54174130.0
2023-12-27 12:00:00+00:00,0.19187,0.1947,0.19015,0.19387,59048414.0
2023-12-27 16:00:00+00:00,0.19396,0.19558,0.19051,0.19248,62954376.0
2023-12-27 20:00:00+00:00,0.1925,0.19433,0.18963,0.1918,35107534.0
2023-12-28 00:00:00+00:00,0.1918,0.19916,0.19123,0.19731,64662083.0
2023-12-28 04:00:00+00:00,0.1973,0.2011,0.19315,0.19509,98242079.0
2023-12-28 08:00:00+00:00,0.19515,0.20094,0.19378,0.20014,64992435.0
2023-12-28 12:00:00+00:00,0.20013,0.20192,0.1903,0.19133,171333336.0
2023-12-28 16:00:00+00:00,0.19131,0.19665,0.18712,0.19465,86609007.0
2023-12-28 20:00:00+00:00,0.19463,0.1949,0.18831,0.18856,48835993.0
2023-12-29 00:00:00+00:00,0.18858,0.19021,0.17969,0.18462,79967899.0
2023-12-29 04:00:00+00:00,0.18462,0.18665,0.1812,0.18184,44330023.0
2023-12-29 08:00:00+00:00,0.18187,0.19103,0.1817,0.191,52276644.0
2023-12-29 12:00:00+00:00,0.19099,0.19236,0.18425,0.18569,71109860.0
2023-12-29 16:00:00+00:00,0.18569,0.18715,0.18024,0.18371,70480123.0
2023-12-29 20:00:00+00:00,0.1837,0.18372,0.17722,0.18154,47665680.0
2023-12-30 00:00:00+00:00,0.18156,0.18226,0.17839,0.1794,30079242.0
2023-12-30 04:00:00+00:00,0.17937,0.1812,0.17855,0.17882,25734403.0
2023-12-30 08:00:00+00:00,0.17881,0.17923,0.17398,0.17703,52375440.0
2023-12-30 12:00:00+00:00,0.17704,0.18015,0.17551,0.17991,35544378.0
2023-12-30 16:00:00+00:00,0.17987,0.18058,0.17753,0.17796,35067232.0
2023-12-30 20:00:00+00:00,0.17797,0.17952,0.1771,0.1782,22853966.0
2023-12-31 00:00:00+00:00,0.17824,0.18149,0.17676,0.17949,30272586.0
2023-12-31 04:00:00+00:00,0.17948,0.18384,0.17902,0.18321,28856478.0
2023-12-31 08:00:00+00:00,0.18321,0.1846,0.1815,0.18251,28156372.0
2023-12-31 12:00:00+00:00,0.1825,0.18454,0.18037,0.18128,31043949.0
2023-12-31 16:00:00+00:00,0.18129,0.18893,0.18102,0.18762,51610430.0
2023-12-31 20:00:00+00:00,0.1876,0.1904,0.17895,0.18426,56621984.0
2024-01-01 00:00:00+00:00,0.18426,0.19036,0.18426,0.18547,56584605.0
2024-01-01 04:00:00+00:00,0.18548,0.19306,0.18418,0.19181,61635264.0
2024-01-01 08:00:00+00:00,0.19181,0.19788,0.19115,0.19521,144578640.0
2024-01-01 12:00:00+00:00,0.19522,0.2055,0.19306,0.2047,136024215.0
2024-01-01 16:00:00+00:00,0.20466,0.21972,0.20041,0.2127,259961015.0
2024-01-01 20:00:00+00:00,0.21268,0.2211,0.21142,0.21785,146794267.0
2024-01-02 00:00:00+00:00,0.21782,0.22572,0.21256,0.21737,164346615.0
2024-01-02 04:00:00+00:00,0.21738,0.22534,0.215,0.21742,141460019.0
2024-01-02 08:00:00+00:00,0.21744,0.22208,0.2122,0.21342,98612586.0
2024-01-02 12:00:00+00:00,0.21343,0.21525,0.20636,0.20758,105517263.0
2024-01-02 16:00:00+00:00,0.20757,0.21107,0.20618,0.20981,61783544.0
2024-01-02 20:00:00+00:00,0.20985,0.21107,0.20655,0.20753,39722090.0
2024-01-03 00:00:00+00:00,0.20752,0.21568,0.20691,0.2118,69359434.0
2024-01-03 04:00:00+00:00,0.21179,0.21426,0.2072,0.20801,51355940.0
2024-01-03 08:00:00+00:00,0.20799,0.21365,0.20115,0.20243,98796688.0
2024-01-03 12:00:00+00:00,0.20245,0.20254,0.14992,0.19091,334892549.0
2024-01-03 16:00:00+00:00,0.19094,0.19385,0.18552,0.18789,98990032.0
2024-01-03 20:00:00+00:00,0.18793,0.19314,0.18761,0.18923,46276856.0
2024-01-04 00:00:00+00:00,0.18921,0.19156,0.18389,0.18962,39242618.0
2024-01-04 04:00:00+00:00,0.18959,0.19118,0.18581,0.18588,32596980.0
2024-01-04 08:00:00+00:00,0.1859,0.18704,0.18232,0.18384,44952581.0
2024-01-04 12:00:00+00:00,0.18384,0.19405,0.18374,0.19384,66403034.0
2024-01-04 16:00:00+00:00,0.19385,0.19622,0.1899,0.19551,58045790.0
2024-01-04 20:00:00+00:00,0.19551,0.20048,0.1933,0.19857,70477680.0
2024-01-05 00:00:00+00:00,0.19861,0.19944,0.1856,0.19021,72523191.0
2024-01-05 04:00:00+00:00,0.19022,0.19089,0.18722,0.18789,40023905.0
2024-01-05 08:00:00+00:00,0.1879,0.19376,0.18438,0.1846,67921731.0
2024-01-05 12:00:00+00:00,0.18459,0.18675,0.178,0.18053,70062625.0
2024-01-05 16:00:00+00:00,0.18053,0.18228,0.176,0.18103,55576811.0
2024-01-05 20:00:00+00:00,0.18104,0.18448,0.1796,0.18434,36322494.0
2024-01-06 00:00:00+00:00,0.18434,0.18454,0.17683,0.17785,36129483.0
2024-01-06 04:00:00+00:00,0.17784,0.17865,0.16564,0.16962,83897064.0
2024-01-06 08:00:00+00:00,0.16962,0.17272,0.16837,0.17055,39761447.0
2024-01-06 12:00:00+00:00,0.17057,0.17417,0.16825,0.17205,41883732.0
2024-01-06 16:00:00+00:00,0.17207,0.17559,0.17043,0.17181,41442831.0
2024-01-06 20:00:00+00:00,0.17182,0.17314,0.16892,0.17186,34177556.0
2024-01-07 00:00:00+00:00,0.17183,0.1759,0.1705,0.17336,38505699.0
2024-01-07 04:00:00+00:00,0.17335,0.17557,0.17284,0.17394,29487703.0
2024-01-07 08:00:00+00:00,0.17395,0.17483,0.16986,0.17007,39699071.0
2024-01-07 12:00:00+00:00,0.17012,0.17206,0.16032,0.16285,147243018.0
2024-01-07 16:00:00+00:00,0.16285,0.16998,0.16241,0.16942,81098697.0
2024-01-07 20:00:00+00:00,0.16943,0.16956,0.16153,0.1634,90140383.0
2024-01-08 00:00:00+00:00,0.16341,0.16475,0.14842,0.15295,116495427.0
2024-01-08 04:00:00+00:00,0.15299,0.15958,0.15226,0.15752,44595782.0
2024-01-08 08:00:00+00:00,0.1575,0.16073,0.15489,0.16049,40691150.0
2024-01-08 12:00:00+00:00,0.16051,0.16507,0.15889,0.16331,76396187.0
2024-01-08 16:00:00+00:00,0.16337,0.17167,0.16208,0.17102,62839851.0
2024-01-08 20:00:00+00:00,0.17102,0.17174,0.16818,0.1715,39217064.0
2024-01-09 00:00:00+00:00,0.17149,0.17199,0.166,0.16746,44379040.0
2024-01-09 04:00:00+00:00,0.16744,0.17052,0.16678,0.16868,25940131.0
2024-01-09 08:00:00+00:00,0.16866,0.16954,0.16291,0.16474,38700925.0
2024-01-09 12:00:00+00:00,0.16474,0.16544,0.15652,0.15922,68172127.0
2024-01-09 16:00:00+00:00,0.15921,0.15951,0.15477,0.15677,56762748.0
2024-01-09 20:00:00+00:00,0.15678,0.1616,0.1531,0.16019,108420643.0
2024-01-10 00:00:00+00:00,0.16018,0.16303,0.15882,0.16115,36220795.0
2024-01-10 04:00:00+00:00,0.16115,0.16351,0.16026,0.16133,27701152.0
2024-01-10 08:00:00+00:00,0.16133,0.16759,0.158,0.16563,86117775.0
2024-01-10 12:00:00+00:00,0.16564,0.16655,0.15639,0.16289,108071747.0
2024-01-10 16:00:00+00:00,0.16287,0.1657,0.16,0.16477,69615236.0
2024-01-10 20:00:00+00:00,0.16476,0.18214,0.1591,0.17772,166481968.0
2024-01-11 00:00:00+00:00,0.17771,0.18235,0.17567,0.18133,60032739.0
2024-01-11 04:00:00+00:00,0.18135,0.18162,0.17502,0.17972,39731696.0
2024-01-11 08:00:00+00:00,0.17971,0.1866,0.17893,0.18651,49062152.0
2024-01-11 12:00:00+00:00,0.1865,0.19066,0.18265,0.18473,125024985.0
2024-01-11 16:00:00+00:00,0.1847,0.18743,0.17934,0.18735,63138898.0
2024-01-11 20:00:00+00:00,0.18734,0.18811,0.1827,0.18703,31238173.0
2024-01-12 00:00:00+00:00,0.18703,0.19104,0.18264,0.18929,44011903.0
2024-01-12 04:00:00+00:00,0.18928,0.19285,0.1865,0.18805,47417448.0
2024-01-12 08:00:00+00:00,0.18807,0.19086,0.18445,0.18999,43537505.0
2024-01-12 12:00:00+00:00,0.18996,0.19629,0.18409,0.18468,79234026.0
2024-01-12 16:00:00+00:00,0.18464,0.1875,0.17734,0.1813,77112630.0
2024-01-12 20:00:00+00:00,0.18131,0.18446,0.16912,0.17477,77605680.0
2024-01-13 00:00:00+00:00,0.17477,0.17626,0.16879,0.17126,37123214.0
2024-01-13 04:00:00+00:00,0.17128,0.17544,0.1707,0.1737,26931476.0
2024-01-13 08:00:00+00:00,0.17372,0.17444,0.16984,0.17114,37240533.0
2024-01-13 12:00:00+00:00,0.17115,0.17455,0.1702,0.17334,43358044.0
2024-01-13 16:00:00+00:00,0.17333,0.17403,0.17111,0.17293,32506480.0
2024-01-13 20:00:00+00:00,0.17293,0.1732,0.17072,0.17092,26541087.0
2024-01-14 00:00:00+00:00,0.17091,0.17125,0.16776,0.16809,29900870.0
2024-01-14 04:00:00+00:00,0.16804,0.17095,0.16675,0.17072,33362748.0
2024-01-14 08:00:00+00:00,0.17072,0.17237,0.16857,0.1691,30899712.0
2024-01-14 12:00:00+00:00,0.16911,0.16975,0.16738,0.16881,29429854.0
2024-01-14 16:00:00+00:00,0.16884,0.1693,0.16408,0.16419,42973480.0
2024-01-14 20:00:00+00:00,0.16418,0.16732,0.161,0.1615,47573546.0
2024-01-15 00:00:00+00:00,0.1615,0.16568,0.16146,0.16385,31737326.0
2024-01-15 04:00:00+00:00,0.16386,0.16625,0.1625,0.16333,29039232.0
2024-01-15 08:00:00+00:00,0.16333,0.16715,0.1624,0.16519,32188309.0
2024-01-15 12:00:00+00:00,0.1652,0.16598,0.16062,0.16112,43762921.0
2024-01-15 16:00:00+00:00,0.16113,0.16608,0.16089,0.16344,34948728.0
2024-01-15 20:00:00+00:00,0.16344,0.16426,0.1606,0.16272,27943091.0
2024-01-16 00:00:00+00:00,0.16273,0.16977,0.1627,0.16854,85782893.0
2024-01-16 04:00:00+00:00,0.16854,0.16939,0.16458,0.1663,28881164.0
2024-01-16 08:00:00+00:00,0.16632,0.16859,0.16514,0.16721,30489868.0
2024-01-16 12:00:00+00:00,0.16721,0.1682,0.16256,0.16799,48557306.0
2024-01-16 16:00:00+00:00,0.16796,0.1696,0.16626,0.16756,37953680.0
2024-01-16 20:00:00+00:00,0.16756,0.17,0.16736,0.16932,24243270.0
2024-01-17 00:00:00+00:00,0.16931,0.17212,0.16924,0.1694,30473449.0
2024-01-17 04:00:00+00:00,0.1694,0.17005,0.16517,0.16545,23998454.0
2024-01-17 08:00:00+00:00,0.16546,0.16863,0.16469,0.16794,25180750.0
2024-01-17 12:00:00+00:00,0.16794,0.16845,0.16537,0.16651,36227164.0
2024-01-17 16:00:00+00:00,0.16652,0.16798,0.1644,0.16663,31446222.0
2024-01-17 20:00:00+00:00,0.16663,0.16768,0.16386,0.16753,24332318.0
2024-01-18 00:00:00+00:00,0.16754,0.16854,0.16229,0.16317,30487697.0
2024-01-18 04:00:00+00:00,0.16319,0.16548,0.16245,0.1649,18389794.0
2024-01-18 08:00:00+00:00,0.1649,0.16524,0.16128,0.16238,22982229.0
2024-01-18 12:00:00+00:00,0.16238,0.16243,0.15964,0.16048,34563371.0
2024-01-18 16:00:00+00:00,0.16049,0.16061,0.15157,0.15286,73777302.0
2024-01-18 20:00:00+00:00,0.15288,0.15571,0.15145,0.1548,49314202.0
2024-01-19 00:00:00+00:00,0.15481,0.15522,0.14916,0.1522,38854688.0
2024-01-19 04:00:00+00:00,0.1522,0.15497,0.15205,0.15368,22962561.0
2024-01-19 08:00:00+00:00,0.15364,0.15642,0.15253,0.15534,35870787.0
2024-01-19 12:00:00+00:00,0.15533,0.15556,0.15026,0.1509,44280285.0
2024-01-19 16:00:00+00:00,0.1509,0.15332,0.14531,0.15212,76735118.0
2024-01-19 20:00:00+00:00,0.15212,0.15394,0.15176,0.15352,23768808.0
2024-01-20 00:00:00+00:00,0.15353,0.157,0.15131,0.15576,33683170.0
2024-01-20 04:00:00+00:00,0.15576,0.15866,0.15528,0.15793,26625526.0
2024-01-20 08:00:00+00:00,0.15795,0.16173,0.15602,0.15788,78660344.0
2024-01-20 12:00:00+00:00,0.15795,0.16176,0.15739,0.16067,43335357.0
2024-01-20 16:00:00+00:00,0.16065,0.16213,0.15878,0.1594,47161904.0
2024-01-20 20:00:00+00:00,0.15938,0.16063,0.15889,0.16029,26165118.0
2024-01-21 00:00:00+00:00,0.16029,0.16478,0.15795,0.16388,39159252.0
2024-01-21 04:00:00+00:00,0.16387,0.16405,0.16073,0.16136,22243866.0
2024-01-21 08:00:00+00:00,0.16133,0.16309,0.16102,0.16182,17967860.0
2024-01-21 12:00:00+00:00,0.16182,0.16364,0.16134,0.16274,26481393.0
2024-01-21 16:00:00+00:00,0.16273,0.16372,0.16121,0.16297,21404828.0
2024-01-21 20:00:00+00:00,0.16297,0.16337,0.15934,0.15986,21435699.0
2024-01-22 00:00:00+00:00,0.15986,0.16288,0.15669,0.15745,57581688.0
2024-01-22 04:00:00+00:00,0.15748,0.1588,0.15515,0.15665,30940128.0
2024-01-22 08:00:00+00:00,0.15671,0.1568,0.15133,0.15325,41829733.0
2024-01-22 12:00:00+00:00,0.15325,0.15523,0.14943,0.15224,40536831.0
2024-01-22 16:00:00+00:00,0.15226,0.15304,0.14715,0.14986,46929902.0
2024-01-22 20:00:00+00:00,0.14986,0.15271,0.14796,0.14881,30918692.0
2024-01-23 00:00:00+00:00,0.14882,0.15152,0.14755,0.15045,21567254.0
2024-01-23 04:00:00+00:00,0.15048,0.15189,0.14683,0.14787,21516045.0
2024-01-23 08:00:00+00:00,0.14786,0.14894,0.13929,0.14126,99089678.0
2024-01-23 12:00:00+00:00,0.14126,0.14466,0.13832,0.14339,61471178.0
2024-01-23 16:00:00+00:00,0.14337,0.14549,0.14192,0.14232,60406276.0
2024-01-23 20:00:00+00:00,0.14234,0.14774,0.14184,0.14742,33502981.0
2024-01-24 00:00:00+00:00,0.14742,0.14873,0.14515,0.14566,21108693.0
2024-01-24 04:00:00+00:00,0.14566,0.1506,0.1453,0.15003,24684376.0
2024-01-24 08:00:00+00:00,0.15005,0.15259,0.14931,0.15124,28765488.0
2024-01-24 12:00:00+00:00,0.15124,0.15258,0.14927,0.151,31371578.0
2024-01-24 16:00:00+00:00,0.15098,0.15245,0.14943,0.15097,29008979.0
2024-01-24 20:00:00+00:00,0.15097,0.15388,0.14908,0.15322,23743353.0
2024-01-25 00:00:00+00:00,0.15319,0.15321,0.14928,0.14999,19013319.0
2024-01-25 04:00:00+00:00,0.14995,0.15076,0.14784,0.15043,18460182.0
2024-01-25 08:00:00+00:00,0.15043,0.15098,0.14805,0.14954,18847054.0
2024-01-25 12:00:00+00:00,0.14954,0.15024,0.14636,0.14699,27294990.0
2024-01-25 16:00:00+00:00,0.14699,0.15006,0.14614,0.1492,23572643.0
2024-01-25 20:00:00+00:00,0.14921,0.15008,0.14826,0.14946,18314317.0
2024-01-26 00:00:00+00:00,0.14944,0.15148,0.14769,0.15056,17242372.0
2024-01-26 04:00:00+00:00,0.15057,0.15136,0.14873,0.14933,11326317.0
2024-01-26 08:00:00+00:00,0.14933,0.1547,0.14931,0.15406,24485431.0
2024-01-26 12:00:00+00:00,0.15408,0.15599,0.15247,0.15579,30798923.0
2024-01-26 16:00:00+00:00,0.15579,0.1577,0.15569,0.15627,29959161.0
2024-01-26 20:00:00+00:00,0.15626,0.15739,0.15509,0.15626,27132996.0
2024-01-27 00:00:00+00:00,0.15625,0.162,0.15583,0.16017,41197463.0
2024-01-27 04:00:00+00:00,0.16016,0.16139,0.15636,0.15726,27906675.0
2024-01-27 08:00:00+00:00,0.15724,0.15968,0.15654,0.15878,25907474.0
2024-01-27 12:00:00+00:00,0.15874,0.16251,0.15859,0.16045,38092402.0
2024-01-27 16:00:00+00:00,0.16044,0.16089,0.15906,0.16027,22239733.0
2024-01-27 20:00:00+00:00,0.16025,0.1615,0.15951,0.15995,20175225.0
2024-01-28 00:00:00+00:00,0.15995,0.16184,0.15928,0.16175,19464346.0
2024-01-28 04:00:00+00:00,0.16174,0.16285,0.15941,0.15991,24358788.0
2024-01-28 08:00:00+00:00,0.15993,0.16171,0.159,0.15973,29370644.0
2024-01-28 12:00:00+00:00,0.15973,0.15992,0.15707,0.15866,28624968.0
2024-01-28 16:00:00+00:00,0.15865,0.16076,0.15583,0.15681,25740965.0
2024-01-28 20:00:00+00:00,0.1568,0.15867,0.15509,0.15697,21676781.0
2024-01-29 00:00:00+00:00,0.15699,0.16043,0.156,0.15949,17425333.0
2024-01-29 04:00:00+00:00,0.15948,0.1605,0.15805,0.15829,15033602.0
2024-01-29 08:00:00+00:00,0.15827,0.15972,0.15744,0.1586,18615017.0
2024-01-29 12:00:00+00:00,0.15859,0.15954,0.15518,0.15938,31954948.0
2024-01-29 16:00:00+00:00,0.15936,0.16313,0.15855,0.16151,40834144.0
2024-01-29 20:00:00+00:00,0.16151,0.16352,0.16122,0.16229,17022500.0
2024-01-30 00:00:00+00:00,0.1623,0.16369,0.16108,0.16134,19837084.0
2024-01-30 04:00:00+00:00,0.16134,0.16197,0.16031,0.16144,13040121.0
2024-01-30 08:00:00+00:00,0.16146,0.16436,0.16087,0.16361,25772338.0
2024-01-30 12:00:00+00:00,0.16361,0.16379,0.15884,0.16225,43596179.0
2024-01-30 16:00:00+00:00,0.16226,0.16379,0.16113,0.16295,23839722.0
2024-01-30 20:00:00+00:00,0.16296,0.16319,0.1575,0.15841,27797911.0
2024-01-31 00:00:00+00:00,0.15841,0.15913,0.15606,0.15838,26796106.0
2024-01-31 04:00:00+00:00,0.15839,0.15894,0.15667,0.15816,16108290.0
2024-01-31 08:00:00+00:00,0.15815,0.15846,0.15351,0.15585,34523724.0
2024-01-31 12:00:00+00:00,0.15585,0.15726,0.15265,0.15653,34666717.0
2024-01-31 16:00:00+00:00,0.15652,0.15847,0.15586,0.15743,34997614.0
2024-01-31 20:00:00+00:00,0.15743,0.15771,0.15254,0.15462,32468191.0
2024-02-01 00:00:00+00:00,0.15461,0.15639,0.15122,0.15307,31436258.0
2024-02-01 04:00:00+00:00,0.15306,0.15382,0.15162,0.15298,21951239.0
2024-02-01 08:00:00+00:00,0.15297,0.15409,0.15167,0.15211,19895977.0
2024-02-01 12:00:00+00:00,0.15211,0.15536,0.15181,0.15361,23468848.0
2024-02-01 16:00:00+00:00,0.15361,0.15499,0.1519,0.15415,28839958.0
2024-02-01 20:00:00+00:00,0.15411,0.1551,0.15348,0.15431,15263441.0
2024-02-02 00:00:00+00:00,0.15433,0.15677,0.1541,0.15591,19928710.0
2024-02-02 04:00:00+00:00,0.1559,0.15672,0.15548,0.15618,12589264.0
2024-02-02 08:00:00+00:00,0.15619,0.15638,0.15488,0.15587,23821367.0
2024-02-02 12:00:00+00:00,0.15587,0.15686,0.15331,0.15674,39122789.0
2024-02-02 16:00:00+00:00,0.15673,0.15726,0.15516,0.15589,20038418.0
2024-02-02 20:00:00+00:00,0.15591,0.15696,0.15494,0.15609,10136286.0
2024-02-03 00:00:00+00:00,0.15607,0.16004,0.15571,0.15765,25207944.0
2024-02-03 04:00:00+00:00,0.15763,0.1595,0.1563,0.15676,21488988.0
2024-02-03 08:00:00+00:00,0.15677,0.15784,0.15611,0.15749,12339901.0
2024-02-03 12:00:00+00:00,0.1575,0.15981,0.15711,0.15934,26185603.0
2024-02-03 16:00:00+00:00,0.15933,0.16,0.15762,0.15808,28704748.0
2024-02-03 20:00:00+00:00,0.15808,0.15842,0.156,0.15632,30538974.0
2024-02-04 00:00:00+00:00,0.15633,0.15731,0.15473,0.15706,14944972.0
2024-02-04 04:00:00+00:00,0.15706,0.15706,0.15278,0.15368,25886600.0
2024-02-04 08:00:00+00:00,0.15367,0.15622,0.15345,0.1556,17052384.0
2024-02-04 12:00:00+00:00,0.15559,0.15606,0.15493,0.15555,12271397.0
2024-02-04 16:00:00+00:00,0.15554,0.15569,0.15324,0.15457,17944147.0
2024-02-04 20:00:00+00:00,0.15457,0.1556,0.15207,0.15228,18611811.0
2024-02-05 00:00:00+00:00,0.15226,0.15322,0.14964,0.15306,23169702.0
2024-02-05 04:00:00+00:00,0.15306,0.15486,0.15249,0.15451,17374179.0
2024-02-05 08:00:00+00:00,0.15449,0.15504,0.15313,0.15395,14850419.0
2024-02-05 12:00:00+00:00,0.15396,0.15522,0.15321,0.15364,33899245.0
2024-02-05 16:00:00+00:00,0.15363,0.15406,0.15275,0.1535,23334995.0
2024-02-05 20:00:00+00:00,0.15348,0.15355,0.15031,0.15247,18395797.0
2024-02-06 00:00:00+00:00,0.15247,0.15353,0.15163,0.15335,11906842.0
2024-02-06 04:00:00+00:00,0.15335,0.15504,0.15334,0.15489,15327964.0
2024-02-06 08:00:00+00:00,0.1549,0.15629,0.15442,0.15488,29932456.0
2024-02-06 12:00:00+00:00,0.15483,0.15617,0.15385,0.15611,29545080.0
2024-02-06 16:00:00+00:00,0.15608,0.15983,0.15608,0.15953,28213306.0
2024-02-06 20:00:00+00:00,0.15952,0.16147,0.15897,0.15908,34732409.0
2024-02-07 00:00:00+00:00,0.15909,0.15981,0.15746,0.15755,18312759.0
2024-02-07 04:00:00+00:00,0.15757,0.1581,0.15512,0.15739,24559253.0
2024-02-07 08:00:00+00:00,0.15743,0.158,0.156,0.15625,14404463.0
2024-02-07 12:00:00+00:00,0.15625,0.15711,0.15547,0.15606,14845149.0
2024-02-07 16:00:00+00:00,0.15605,0.16127,0.15588,0.15871,34386928.0
2024-02-07 20:00:00+00:00,0.15871,0.16218,0.15871,0.16085,25432831.0
2024-02-08 00:00:00+00:00,0.16084,0.16323,0.16081,0.16183,19586597.0
2024-02-08 04:00:00+00:00,0.16184,0.1634,0.16031,0.16266,39227555.0
2024-02-08 08:00:00+00:00,0.16266,0.16304,0.16182,0.16222,19418813.0
2024-02-08 12:00:00+00:00,0.16226,0.164,0.16166,0.16393,32395646.0
2024-02-08 16:00:00+00:00,0.16392,0.16403,0.16059,0.16074,31153709.0
2024-02-08 20:00:00+00:00,0.16075,0.16473,0.16075,0.16436,31703366.0
2024-02-09 00:00:00+00:00,0.16435,0.16722,0.16363,0.16577,27515009.0
2024-02-09 04:00:00+00:00,0.16577,0.16906,0.16522,0.16648,31963799.0
2024-02-09 08:00:00+00:00,0.16648,0.168,0.16581,0.16745,27467531.0
2024-02-09 12:00:00+00:00,0.16745,0.16847,0.16456,0.1662,36840710.0
2024-02-09 16:00:00+00:00,0.16619,0.16764,0.16513,0.1662,30080354.0
2024-02-09 20:00:00+00:00,0.1662,0.16858,0.16582,0.16709,19109061.0
2024-02-10 00:00:00+00:00,0.16709,0.1718,0.16641,0.17005,40341375.0
2024-02-10 04:00:00+00:00,0.17005,0.17105,0.1686,0.16989,15317716.0
2024-02-10 08:00:00+00:00,0.16988,0.1725,0.16628,0.169,38393074.0
2024-02-10 12:00:00+00:00,0.16902,0.17173,0.1677,0.17151,18900277.0
2024-02-10 16:00:00+00:00,0.17152,0.17214,0.17021,0.1711,21771164.0
2024-02-10 20:00:00+00:00,0.17113,0.17208,0.16994,0.17057,17260534.0
2024-02-11 00:00:00+00:00,0.17056,0.1714,0.1699,0.17129,12462325.0
2024-02-11 04:00:00+00:00,0.17127,0.17142,0.16982,0.17073,14822495.0
2024-02-11 08:00:00+00:00,0.17072,0.17173,0.16937,0.17097,17661230.0
2024-02-11 12:00:00+00:00,0.17098,0.17211,0.16786,0.16908,20459999.0
2024-02-11 16:00:00+00:00,0.16906,0.16971,0.1676,0.168,14537264.0
2024-02-11 20:00:00+00:00,0.168,0.16819,0.16572,0.1674,17926368.0
2024-02-12 00:00:00+00:00,0.16739,0.17013,0.16565,0.16732,19895516.0
2024-02-12 04:00:00+00:00,0.16733,0.1677,0.16437,0.16576,26664697.0
2024-02-12 08:00:00+00:00,0.16575,0.16685,0.16291,0.16412,23308382.0
2024-02-12 12:00:00+00:00,0.16412,0.17017,0.16373,0.17013,22021627.0
2024-02-12 16:00:00+00:00,0.17012,0.17683,0.16917,0.17502,56424867.0
2024-02-12 20:00:00+00:00,0.17502,0.17618,0.17461,0.17493,18860129.0
2024-02-13 00:00:00+00:00,0.17493,0.17623,0.17274,0.17335,22663124.0
2024-02-13 04:00:00+00:00,0.17339,0.17477,0.17293,0.17434,21039217.0
2024-02-13 08:00:00+00:00,0.17433,0.17516,0.17267,0.1742,21806709.0
2024-02-13 12:00:00+00:00,0.17419,0.1752,0.1682,0.17127,70148058.0
2024-02-13 16:00:00+00:00,0.17126,0.17365,0.16983,0.17218,33898459.0
2024-02-13 20:00:00+00:00,0.1722,0.17405,0.17188,0.17227,20546466.0
2024-02-14 00:00:00+00:00,0.17226,0.17312,0.17012,0.17287,15259069.0
2024-02-14 04:00:00+00:00,0.17292,0.1762,0.17248,0.17598,15387428.0
2024-02-14 08:00:00+00:00,0.176,0.18018,0.17566,0.17998,39568010.0
2024-02-14 12:00:00+00:00,0.17999,0.18083,0.17753,0.17956,30551788.0
2024-02-14 16:00:00+00:00,0.17957,0.18036,0.1774,0.17997,24944410.0
2024-02-14 20:00:00+00:00,0.17995,0.18125,0.17968,0.18022,14974143.0
2024-02-15 00:00:00+00:00,0.18023,0.18858,0.1797,0.18447,40575320.0
2024-02-15 04:00:00+00:00,0.18442,0.18452,0.17923,0.18192,26514285.0
2024-02-15 08:00:00+00:00,0.18192,0.1828,0.18043,0.18204,21782928.0
2024-02-15 12:00:00+00:00,0.18206,0.1849,0.18035,0.18183,42924849.0
2024-02-15 16:00:00+00:00,0.18182,0.18448,0.17977,0.18369,33173680.0
2024-02-15 20:00:00+00:00,0.18365,0.18441,0.17944,0.18441,25416022.0
2024-02-16 00:00:00+00:00,0.18438,0.18512,0.18115,0.18494,20395959.0
2024-02-16 04:00:00+00:00,0.18493,0.188,0.1845,0.18629,33021451.0
2024-02-16 08:00:00+00:00,0.1863,0.19512,0.1863,0.19426,98151804.0
2024-02-16 12:00:00+00:00,0.19424,0.19988,0.18743,0.19204,114746020.0
2024-02-16 16:00:00+00:00,0.19205,0.19544,0.19002,0.19063,64149575.0
2024-02-16 20:00:00+00:00,0.19062,0.19556,0.18978,0.19422,37850009.0
2024-02-17 00:00:00+00:00,0.19423,0.19428,0.1889,0.1908,33070525.0
2024-02-17 04:00:00+00:00,0.19081,0.1913,0.1891,0.19001,17529553.0
2024-02-17 08:00:00+00:00,0.19002,0.19006,0.18554,0.18768,36057620.0
2024-02-17 12:00:00+00:00,0.18767,0.18932,0.18332,0.18859,56501244.0
2024-02-17 16:00:00+00:00,0.1886,0.20187,0.18745,0.20169,83140026.0
2024-02-17 20:00:00+00:00,0.20168,0.21703,0.19832,0.216,168419213.0
2024-02-18 00:00:00+00:00,0.21601,0.22864,0.21216,0.22535,271490702.0
2024-02-18 04:00:00+00:00,0.22536,0.22641,0.21022,0.21312,116584460.0
2024-02-18 08:00:00+00:00,0.21311,0.21876,0.21075,0.21662,80302789.0
2024-02-18 12:00:00+00:00,0.21661,0.22357,0.2145,0.22044,99055109.0
2024-02-18 16:00:00+00:00,0.22045,0.25199,0.21864,0.24286,353399657.0
2024-02-18 20:00:00+00:00,0.24288,0.25109,0.23718,0.23884,318299922.0
2024-02-19 00:00:00+00:00,0.23884,0.275,0.23879,0.26655,371621242.0
2024-02-19 04:00:00+00:00,0.26656,0.27489,0.26062,0.26393,258444636.0
2024-02-19 08:00:00+00:00,0.2639,0.26945,0.25816,0.26091,223047020.0
2024-02-19 12:00:00+00:00,0.2609,0.26647,0.2541,0.25546,204815417.0
2024-02-19 16:00:00+00:00,0.25548,0.25645,0.24612,0.24857,157004880.0
2024-02-19 20:00:00+00:00,0.24856,0.2492,0.243,0.24526,86987680.0
2024-02-20 00:00:00+00:00,0.24526,0.25221,0.2425,0.24487,187519798.0
2024-02-20 04:00:00+00:00,0.24483,0.25384,0.2441,0.25012,99596707.0
2024-02-20 08:00:00+00:00,0.2501,0.25502,0.246,0.25123,115979919.0
2024-02-20 12:00:00+00:00,0.25124,0.25134,0.2292,0.23729,184532698.0
2024-02-20 16:00:00+00:00,0.23731,0.24055,0.23359,0.23946,97121104.0
2024-02-20 20:00:00+00:00,0.23948,0.25086,0.23711,0.24987,116376004.0
2024-02-21 00:00:00+00:00,0.24987,0.25017,0.2416,0.24489,72915915.0
2024-02-21 04:00:00+00:00,0.24493,0.2473,0.23467,0.23736,71437641.0
2024-02-21 08:00:00+00:00,0.23737,0.24094,0.2319,0.23299,74997469.0
2024-02-21 12:00:00+00:00,0.23299,0.24261,0.22991,0.23977,113191495.0
2024-02-21 16:00:00+00:00,0.23977,0.24817,0.23139,0.23679,130002987.0
2024-02-21 20:00:00+00:00,0.23681,0.28379,0.23325,0.28152,244677810.0
2024-02-22 00:00:00+00:00,0.28164,0.28863,0.26524,0.27202,268583090.0
2024-02-22 04:00:00+00:00,0.27203,0.28626,0.26776,0.28386,181520822.0
2024-02-22 08:00:00+00:00,0.28388,0.29279,0.274,0.28398,182666226.0
2024-02-22 12:00:00+00:00,0.28399,0.2944,0.27664,0.29012,225094645.0
2024-02-22 16:00:00+00:00,0.29016,0.29457,0.27856,0.28016,131742222.0
2024-02-22 20:00:00+00:00,0.28015,0.284,0.27008,0.27031,97108340.0
2024-02-23 00:00:00+00:00,0.27031,0.2791,0.27027,0.27464,109006310.0
2024-02-23 04:00:00+00:00,0.27469,0.276,0.268,0.26988,91493575.0
2024-02-23 08:00:00+00:00,0.26987,0.27641,0.26861,0.27289,77430739.0
2024-02-23 12:00:00+00:00,0.27293,0.2986,0.2707,0.27262,294448777.0
2024-02-23 16:00:00+00:00,0.27262,0.27751,0.26588,0.27421,107826982.0
2024-02-23 20:00:00+00:00,0.2742,0.27472,0.26342,0.26544,58378264.0
2024-02-24 00:00:00+00:00,0.26544,0.26628,0.25368,0.25889,85800410.0
2024-02-24 04:00:00+00:00,0.25889,0.2626,0.25776,0.25841,46986175.0
2024-02-24 08:00:00+00:00,0.25845,0.28075,0.25439,0.2714,154943347.0
2024-02-24 12:00:00+00:00,0.27142,0.27462,0.26549,0.26638,103003106.0
2024-02-24 16:00:00+00:00,0.26638,0.27437,0.26605,0.27253,51404885.0
2024-02-24 20:00:00+00:00,0.27253,0.27437,0.26877,0.27084,48101917.0
2024-02-25 00:00:00+00:00,0.27085,0.28997,0.26929,0.28793,137417983.0
2024-02-25 04:00:00+00:00,0.28789,0.29998,0.28351,0.29866,139788992.0
2024-02-25 08:00:00+00:00,0.29866,0.30293,0.28664,0.29462,204695686.0
2024-02-25 12:00:00+00:00,0.29461,0.29558,0.28249,0.28889,125093975.0
2024-02-25 16:00:00+00:00,0.2889,0.2978,0.28631,0.29684,82477515.0
2024-02-25 20:00:00+00:00,0.2968,0.30022,0.28653,0.28954,85940119.0
2024-02-26 00:00:00+00:00,0.28955,0.31164,0.28683,0.30007,176172141.0
2024-02-26 04:00:00+00:00,0.30008,0.30023,0.28871,0.29054,81119566.0
2024-02-26 08:00:00+00:00,0.29054,0.29766,0.28405,0.29204,121538610.0
2024-02-26 12:00:00+00:00,0.29204,0.29519,0.2866,0.29278,71249216.0
2024-02-26 16:00:00+00:00,0.29274,0.29525,0.286,0.29308,88878015.0
2024-02-26 20:00:00+00:00,0.29302,0.2946,0.28895,0.29437,31775522.0
2024-02-27 00:00:00+00:00,0.29437,0.29439,0.2805,0.28146,92090752.0
2024-02-27 04:00:00+00:00,0.28146,0.28821,0.28119,0.28578,56931242.0
2024-02-27 08:00:00+00:00,0.28579,0.28737,0.28244,0.2855,49043295.0
2024-02-27 12:00:00+00:00,0.28549,0.28758,0.27858,0.28536,83698988.0
2024-02-27 16:00:00+00:00,0.28532,0.28713,0.27926,0.28089,51812834.0
2024-02-27 20:00:00+00:00,0.28088,0.28312,0.27733,0.27986,35785890.0
2024-02-28 00:00:00+00:00,0.27984,0.285,0.27381,0.28179,63394010.0
2024-02-28 04:00:00+00:00,0.28178,0.28769,0.28092,0.28334,50935610.0
2024-02-28 08:00:00+00:00,0.28337,0.28763,0.27391,0.28094,109779076.0
2024-02-28 12:00:00+00:00,0.28097,0.30835,0.2791,0.293,238398895.0
2024-02-28 16:00:00+00:00,0.29296,0.29697,0.25083,0.28688,268623825.0
2024-02-28 20:00:00+00:00,0.28689,0.29739,0.28234,0.28735,94538644.0
2024-02-29 00:00:00+00:00,0.28735,0.29104,0.28112,0.28199,68342380.0
2024-02-29 04:00:00+00:00,0.28205,0.28967,0.28075,0.28934,55270663.0
2024-02-29 08:00:00+00:00,0.28931,0.29287,0.28492,0.28838,72916052.0
2024-02-29 12:00:00+00:00,0.28835,0.29032,0.28361,0.28823,54260073.0
2024-02-29 16:00:00+00:00,0.28827,0.28986,0.28006,0.28685,84562699.0
2024-02-29 20:00:00+00:00,0.28691,0.288,0.27047,0.28169,72259060.0
2024-03-01 00:00:00+00:00,0.28171,0.29725,0.28156,0.29197,101083098.0
2024-03-01 04:00:00+00:00,0.29194,0.3018,0.29,0.29119,102208921.0
2024-03-01 08:00:00+00:00,0.29119,0.30822,0.29086,0.3059,104738930.0
2024-03-01 12:00:00+00:00,0.30588,0.33218,0.30412,0.31813,286917777.0
2024-03-01 16:00:00+00:00,0.31808,0.32443,0.31098,0.32226,106503342.0
2024-03-01 20:00:00+00:00,0.32231,0.3268,0.31848,0.32234,69199009.0
2024-03-02 00:00:00+00:00,0.32234,0.32645,0.3093,0.31409,99991415.0
2024-03-02 04:00:00+00:00,0.31408,0.31742,0.31261,0.31458,38779832.0
2024-03-02 08:00:00+00:00,0.3146,0.31626,0.30716,0.31537,58968170.0
2024-03-02 12:00:00+00:00,0.31538,0.31934,0.31081,0.31158,54397740.0
2024-03-02 16:00:00+00:00,0.31163,0.32565,0.30885,0.32012,84123998.0
2024-03-02 20:00:00+00:00,0.32018,0.32261,0.31617,0.31876,34825429.0
2024-03-03 00:00:00+00:00,0.31875,0.33361,0.31626,0.3203,92860417.0
2024-03-03 04:00:00+00:00,0.32029,0.333,0.2879,0.31761,143362898.0
2024-03-03 08:00:00+00:00,0.31762,0.33369,0.31732,0.3275,146815190.0
2024-03-03 12:00:00+00:00,0.32749,0.33065,0.32085,0.32284,68181092.0
2024-03-03 16:00:00+00:00,0.32281,0.32724,0.31936,0.32142,43455681.0
2024-03-03 20:00:00+00:00,0.32147,0.32583,0.31927,0.32033,36479158.0
2024-03-04 00:00:00+00:00,0.32033,0.32249,0.31237,0.31499,60964235.0
2024-03-04 04:00:00+00:00,0.31494,0.32115,0.31331,0.31939,33494422.0
2024-03-04 08:00:00+00:00,0.31941,0.32348,0.31211,0.31382,68262042.0
2024-03-04 12:00:00+00:00,0.31382,0.31569,0.30681,0.31137,51033261.0
2024-03-04 16:00:00+00:00,0.31133,0.31884,0.30032,0.3175,104476016.0
2024-03-04 20:00:00+00:00,0.31749,0.32038,0.30761,0.30816,46128213.0
2024-03-05 00:00:00+00:00,0.30826,0.30978,0.29911,0.30092,57696106.0
2024-03-05 04:00:00+00:00,0.30092,0.31265,0.2986,0.30318,86201235.0
2024-03-05 08:00:00+00:00,0.30325,0.31187,0.30051,0.30569,40247097.0
2024-03-05 12:00:00+00:00,0.30569,0.31184,0.29447,0.29821,117611145.0
2024-03-05 16:00:00+00:00,0.29821,0.30054,0.22794,0.25794,229357821.0
2024-03-05 20:00:00+00:00,0.25795,0.27971,0.255,0.27775,165556230.0
2024-03-06 00:00:00+00:00,0.27774,0.28524,0.26804,0.2751,78617934.0
2024-03-06 04:00:00+00:00,0.2751,0.29925,0.27353,0.29843,64393421.0
2024-03-06 08:00:00+00:00,0.29848,0.302,0.29024,0.2912,67032856.0
2024-03-06 12:00:00+00:00,0.29121,0.29599,0.28068,0.29219,116126210.0
2024-03-06 16:00:00+00:00,0.29221,0.32019,0.29115,0.31131,179258922.0
2024-03-06 20:00:00+00:00,0.31132,0.32976,0.31094,0.32505,92847748.0
2024-03-07 00:00:00+00:00,0.32505,0.33307,0.31536,0.3171,114177107.0
2024-03-07 04:00:00+00:00,0.31711,0.33281,0.31428,0.32825,87894098.0
2024-03-07 08:00:00+00:00,0.32825,0.339,0.31948,0.32856,101856034.0
2024-03-07 12:00:00+00:00,0.32855,0.35126,0.32648,0.34129,189624008.0
2024-03-07 16:00:00+00:00,0.34127,0.36052,0.3391,0.35215,133738445.0
2024-03-07 20:00:00+00:00,0.35216,0.35465,0.34337,0.34605,75436303.0
2024-03-08 00:00:00+00:00,0.34605,0.35195,0.3331,0.33449,63086802.0
2024-03-08 04:00:00+00:00,0.33448,0.33989,0.33413,0.33841,41663127.0
2024-03-08 08:00:00+00:00,0.33841,0.34171,0.33445,0.33738,36726942.0
2024-03-08 12:00:00+00:00,0.33738,0.34667,0.32,0.33771,121118454.0
2024-03-08 16:00:00+00:00,0.33778,0.35057,0.32923,0.34065,126407924.0
2024-03-08 20:00:00+00:00,0.34066,0.34364,0.3366,0.34017,39323652.0
2024-03-09 00:00:00+00:00,0.34018,0.37249,0.33731,0.36976,105152335.0
2024-03-09 04:00:00+00:00,0.36971,0.40826,0.36914,0.39798,215414651.0
2024-03-09 08:00:00+00:00,0.39797,0.42328,0.39463,0.39692,222931844.0
2024-03-09 12:00:00+00:00,0.3969,0.40665,0.38834,0.40175,102201214.0
2024-03-09 16:00:00+00:00,0.40171,0.40313,0.39073,0.40021,67434624.0
2024-03-09 20:00:00+00:00,0.40021,0.4538,0.39633,0.45245,137939486.0
2024-03-10 00:00:00+00:00,0.45241,0.49476,0.43823,0.48099,450924820.0
2024-03-10 04:00:00+00:00,0.48101,0.48143,0.45089,0.45465,149112919.0
2024-03-10 08:00:00+00:00,0.45465,0.47025,0.43921,0.4661,160795796.0
2024-03-10 12:00:00+00:00,0.46612,0.47534,0.4322,0.43245,178293502.0
2024-03-10 16:00:00+00:00,0.43241,0.44652,0.43027,0.43409,65798615.0
2024-03-10 20:00:00+00:00,0.43417,0.43966,0.42666,0.437,69177607.0
2024-03-11 00:00:00+00:00,0.43701,0.45942,0.40807,0.44874,183378430.0
2024-03-11 04:00:00+00:00,0.44866,0.45591,0.4358,0.44345,101375520.0
2024-03-11 08:00:00+00:00,0.44349,0.45498,0.43796,0.44143,70811524.0
2024-03-11 12:00:00+00:00,0.44139,0.45724,0.43341,0.43757,84739093.0
2024-03-11 16:00:00+00:00,0.4376,0.43887,0.427,0.42759,57770853.0
2024-03-11 20:00:00+00:00,0.42764,0.43642,0.42458,0.43522,40152197.0
2024-03-12 00:00:00+00:00,0.43522,0.44537,0.42896,0.43026,57333766.0
2024-03-12 04:00:00+00:00,0.43025,0.44194,0.42211,0.42458,53631492.0
2024-03-12 08:00:00+00:00,0.42457,0.45479,0.41496,0.4386,96205829.0
2024-03-12 12:00:00+00:00,0.43854,0.45373,0.43484,0.44077,131770496.0
2024-03-12 16:00:00+00:00,0.44082,0.44303,0.40745,0.44206,133791536.0
2024-03-12 20:00:00+00:00,0.4421,0.44768,0.43316,0.44616,38256813.0
2024-03-13 00:00:00+00:00,0.44617,0.4709,0.44139,0.46195,109822345.0
2024-03-13 04:00:00+00:00,0.46199,0.46199,0.44905,0.45017,37100418.0
2024-03-13 08:00:00+00:00,0.45009,0.45184,0.4466,0.45013,26778439.0
2024-03-13 12:00:00+00:00,0.45012,0.45253,0.43233,0.43504,59389599.0
2024-03-13 16:00:00+00:00,0.43499,0.44434,0.43199,0.4378,36292708.0
2024-03-13 20:00:00+00:00,0.4378,0.44291,0.43469,0.4412,18216088.0
2024-03-14 00:00:00+00:00,0.44121,0.44746,0.431,0.43832,46968306.0
2024-03-14 04:00:00+00:00,0.43831,0.43836,0.42716,0.42995,31038605.0
2024-03-14 08:00:00+00:00,0.42995,0.43886,0.42473,0.42987,35374484.0
2024-03-14 12:00:00+00:00,0.42987,0.43253,0.41245,0.41699,84356566.0
2024-03-14 16:00:00+00:00,0.41698,0.43368,0.40624,0.41727,76582626.0
2024-03-14 20:00:00+00:00,0.41731,0.44455,0.41668,0.43789,54080177.0
2024-03-15 00:00:00+00:00,0.43792,0.44044,0.38884,0.40841,98405505.0
2024-03-15 04:00:00+00:00,0.40835,0.41025,0.39589,0.40723,65798841.0
2024-03-15 08:00:00+00:00,0.40721,0.40765,0.37,0.39542,116654966.0
2024-03-15 12:00:00+00:00,0.39547,0.40695,0.39062,0.39963,59331650.0
2024-03-15 16:00:00+00:00,0.39964,0.41633,0.39396,0.40223,51494480.0
2024-03-15 20:00:00+00:00,0.40227,0.41464,0.39007,0.4124,43298466.0
2024-03-16 00:00:00+00:00,0.41236,0.41572,0.40287,0.41347,35507182.0
2024-03-16 04:00:00+00:00,0.41346,0.42313,0.40638,0.41923,49705943.0
2024-03-16 08:00:00+00:00,0.41926,0.42078,0.40474,0.40881,40749953.0
2024-03-16 12:00:00+00:00,0.40883,0.40991,0.38855,0.39825,57972561.0
2024-03-16 16:00:00+00:00,0.39828,0.39834,0.36356,0.37128,81020376.0
2024-03-16 20:00:00+00:00,0.37117,0.37722,0.36,0.36815,58060574.0
2024-03-17 00:00:00+00:00,0.36812,0.40731,0.35945,0.4058,103859522.0
2024-03-17 04:00:00+00:00,0.40578,0.40649,0.37841,0.39243,95818916.0
2024-03-17 08:00:00+00:00,0.39242,0.40719,0.38825,0.40058,66556616.0
2024-03-17 12:00:00+00:00,0.40058,0.42935,0.3941,0.42162,100901087.0
2024-03-17 16:00:00+00:00,0.42154,0.426,0.41376,0.42486,54557877.0
2024-03-17 20:00:00+00:00,0.42486,0.43583,0.421,0.42293,54282028.0
2024-03-18 00:00:00+00:00,0.42294,0.4411,0.4172,0.42409,113191727.0
2024-03-18 04:00:00+00:00,0.42408,0.42759,0.4143,0.41555,45728644.0
2024-03-18 08:00:00+00:00,0.4156,0.42848,0.40496,0.42502,66427530.0
2024-03-18 12:00:00+00:00,0.42502,0.42915,0.40163,0.4112,94803568.0
2024-03-18 16:00:00+00:00,0.4112,0.41815,0.39168,0.39236,60986623.0
2024-03-18 20:00:00+00:00,0.39239,0.40237,0.38952,0.39088,43226807.0
2024-03-19 00:00:00+00:00,0.39088,0.40483,0.3707,0.3908,138347211.0
2024-03-19 04:00:00+00:00,0.39082,0.39135,0.36053,0.38083,85061509.0
2024-03-19 08:00:00+00:00,0.38087,0.38795,0.35767,0.38794,97576894.0
2024-03-19 12:00:00+00:00,0.38795,0.40608,0.38339,0.4033,110989223.0
2024-03-19 16:00:00+00:00,0.40334,0.405,0.39236,0.39457,56827696.0
2024-03-19 20:00:00+00:00,0.39458,0.39571,0.3641,0.37338,63014429.0
2024-03-20 00:00:00+00:00,0.3734,0.37895,0.36402,0.36581,61317461.0
2024-03-20 04:00:00+00:00,0.36585,0.38,0.35439,0.37895,72518356.0
2024-03-20 08:00:00+00:00,0.37895,0.38605,0.3715,0.38403,55171804.0
2024-03-20 12:00:00+00:00,0.384,0.3907,0.37144,0.37359,66276271.0
2024-03-20 16:00:00+00:00,0.37361,0.40077,0.35869,0.39772,100343775.0
2024-03-20 20:00:00+00:00,0.39775,0.40839,0.39563,0.40474,50649722.0
2024-03-21 00:00:00+00:00,0.40473,0.40495,0.39196,0.39405,37060969.0
2024-03-21 04:00:00+00:00,0.39407,0.39602,0.383,0.38927,38807972.0
2024-03-21 08:00:00+00:00,0.38928,0.39479,0.38778,0.3898,29545181.0
2024-03-21 12:00:00+00:00,0.38976,0.39318,0.38254,0.38672,46974868.0
2024-03-21 16:00:00+00:00,0.38671,0.39179,0.37284,0.37962,46861013.0
2024-03-21 20:00:00+00:00,0.37963,0.38558,0.37513,0.38094,28455902.0
2024-03-22 00:00:00+00:00,0.38096,0.38336,0.37297,0.38067,32035747.0
2024-03-22 04:00:00+00:00,0.3807,0.38855,0.37888,0.38635,23294494.0
2024-03-22 08:00:00+00:00,0.38645,0.3881,0.37125,0.37238,34386857.0
2024-03-22 12:00:00+00:00,0.37237,0.37548,0.35934,0.36849,61078254.0
2024-03-22 16:00:00+00:00,0.36855,0.36888,0.36165,0.36655,27649966.0
2024-03-22 20:00:00+00:00,0.36659,0.36742,0.35686,0.36664,29304624.0
2024-03-23 00:00:00+00:00,0.36665,0.37024,0.35823,0.36238,25057320.0
2024-03-23 04:00:00+00:00,0.36239,0.3708,0.36135,0.36825,21341331.0
2024-03-23 08:00:00+00:00,0.36824,0.38003,0.3648,0.3738,37042301.0
2024-03-23 12:00:00+00:00,0.3738,0.37724,0.36961,0.37458,34241097.0
2024-03-23 16:00:00+00:00,0.37458,0.3777,0.3705,0.37106,18780395.0
2024-03-23 20:00:00+00:00,0.37107,0.37213,0.36409,0.36493,19817588.0
2024-03-24 00:00:00+00:00,0.36494,0.37946,0.3639,0.36491,56420673.0
2024-03-24 04:00:00+00:00,0.36499,0.36791,0.36227,0.3674,16743188.0
2024-03-24 08:00:00+00:00,0.3674,0.37536,0.36671,0.37189,20548517.0
2024-03-24 12:00:00+00:00,0.37189,0.377,0.37104,0.375,21685471.0
2024-03-24 16:00:00+00:00,0.375,0.37977,0.3675,0.37912,30479436.0
2024-03-24 20:00:00+00:00,0.37914,0.3928,0.37688,0.38872,38396470.0
2024-03-25 00:00:00+00:00,0.38874,0.3937,0.38278,0.3859,31846571.0
2024-03-25 04:00:00+00:00,0.38586,0.38976,0.38124,0.38182,19702237.0
2024-03-25 08:00:00+00:00,0.38182,0.39461,0.38165,0.38719,31491300.0
2024-03-25 12:00:00+00:00,0.38717,0.39953,0.3836,0.39793,53061047.0
2024-03-25 16:00:00+00:00,0.39794,0.4093,0.39661,0.408,37795343.0
2024-03-25 20:00:00+00:00,0.40801,0.41788,0.40035,0.40331,45611820.0
2024-03-26 00:00:00+00:00,0.40332,0.41682,0.40055,0.4154,28875003.0
2024-03-26 04:00:00+00:00,0.41538,0.41786,0.41083,0.41223,32201154.0
2024-03-26 08:00:00+00:00,0.41224,0.41594,0.40963,0.41141,23238298.0
2024-03-26 12:00:00+00:00,0.41141,0.41373,0.39578,0.40204,63539557.0
2024-03-26 16:00:00+00:00,0.40205,0.40474,0.39141,0.39244,43692509.0
2024-03-26 20:00:00+00:00,0.39239,0.39939,0.39236,0.39879,18015030.0
2024-03-27 00:00:00+00:00,0.39879,0.40592,0.39795,0.40114,32035667.0
2024-03-27 04:00:00+00:00,0.40106,0.40201,0.38929,0.39077,25657897.0
2024-03-27 08:00:00+00:00,0.39077,0.42829,0.38709,0.40726,118594186.0
2024-03-27 12:00:00+00:00,0.40727,0.4198,0.3923,0.39615,96549594.0
2024-03-27 16:00:00+00:00,0.39612,0.40267,0.391,0.39526,38146046.0
2024-03-27 20:00:00+00:00,0.39519,0.40869,0.39418,0.40089,33686280.0
2024-03-28 00:00:00+00:00,0.40089,0.42082,0.39752,0.40557,87703830.0
2024-03-28 04:00:00+00:00,0.40558,0.42034,0.40411,0.41973,40317140.0
2024-03-28 08:00:00+00:00,0.41972,0.42689,0.41437,0.41745,56520250.0
2024-03-28 12:00:00+00:00,0.41746,0.42448,0.408,0.42325,43629556.0
2024-03-28 16:00:00+00:00,0.42328,0.42395,0.41058,0.41489,31632562.0
2024-03-28 20:00:00+00:00,0.4149,0.41561,0.40979,0.41277,18047397.0
2024-03-29 00:00:00+00:00,0.41276,0.41969,0.40375,0.40735,47335097.0
2024-03-29 04:00:00+00:00,0.40732,0.40976,0.39769,0.39953,25577514.0
2024-03-29 08:00:00+00:00,0.39953,0.4041,0.39537,0.40247,29994222.0
2024-03-29 12:00:00+00:00,0.40246,0.40442,0.39146,0.39468,34206407.0
2024-03-29 16:00:00+00:00,0.39475,0.40012,0.39448,0.39612,27208139.0
2024-03-29 20:00:00+00:00,0.39613,0.39622,0.39013,0.39366,17765356.0
2024-03-30 00:00:00+00:00,0.39366,0.39436,0.38953,0.39009,16415350.0
2024-03-30 04:00:00+00:00,0.39008,0.39475,0.38916,0.38968,15976451.0
2024-03-30 08:00:00+00:00,0.38966,0.3977,0.38899,0.39747,14980400.0
2024-03-30 12:00:00+00:00,0.39739,0.39763,0.39162,0.3927,13002673.0
2024-03-30 16:00:00+00:00,0.3927,0.39545,0.38803,0.3919,17168187.0
2024-03-30 20:00:00+00:00,0.39185,0.39388,0.38537,0.38909,17596091.0
2024-03-31 00:00:00+00:00,0.38909,0.39286,0.38726,0.38919,15807895.0
2024-03-31 04:00:00+00:00,0.38924,0.39554,0.38868,0.3933,12193723.0
2024-03-31 08:00:00+00:00,0.39337,0.39466,0.38923,0.39205,12415714.0
2024-03-31 12:00:00+00:00,0.392,0.39287,0.3885,0.38964,11609049.0
2024-03-31 16:00:00+00:00,0.38966,0.39245,0.38793,0.39011,14584237.0
2024-03-31 20:00:00+00:00,0.39012,0.39357,0.38681,0.39304,16310148.0
2024-04-01 00:00:00+00:00,0.39304,0.39473,0.38376,0.38484,26689350.0
2024-04-01 04:00:00+00:00,0.38484,0.38633,0.365,0.37516,56045508.0
2024-04-01 08:00:00+00:00,0.3752,0.37582,0.36926,0.36966,22562027.0
2024-04-01 12:00:00+00:00,0.36969,0.37609,0.36005,0.36475,46086078.0
2024-04-01 16:00:00+00:00,0.36474,0.37396,0.36167,0.37333,25996353.0
2024-04-01 20:00:00+00:00,0.37335,0.37683,0.37209,0.37469,18199455.0
2024-04-02 00:00:00+00:00,0.37469,0.37675,0.34726,0.35324,63544491.0
2024-04-02 04:00:00+00:00,0.35326,0.35526,0.3467,0.34951,26804717.0
2024-04-02 08:00:00+00:00,0.34952,0.35086,0.33257,0.33792,50514085.0
2024-04-02 12:00:00+00:00,0.33794,0.34599,0.33116,0.33587,37722749.0
2024-04-02 16:00:00+00:00,0.33591,0.3401,0.32916,0.33863,39293315.0
2024-04-02 20:00:00+00:00,0.33862,0.34025,0.33192,0.33392,20481323.0
2024-04-03 00:00:00+00:00,0.33393,0.33752,0.31943,0.33534,47167956.0
2024-04-03 04:00:00+00:00,0.33528,0.34427,0.33445,0.34111,23506841.0
2024-04-03 08:00:00+00:00,0.3411,0.34947,0.33896,0.34094,31132672.0
2024-04-03 12:00:00+00:00,0.34095,0.34502,0.33397,0.33772,34952922.0
2024-04-03 16:00:00+00:00,0.3377,0.34313,0.3299,0.33176,25671392.0
2024-04-03 20:00:00+00:00,0.33176,0.33353,0.32545,0.32932,21332254.0
2024-04-04 00:00:00+00:00,0.32931,0.34088,0.32706,0.32737,42992073.0
2024-04-04 04:00:00+00:00,0.32738,0.33676,0.32304,0.33494,22936652.0
2024-04-04 08:00:00+00:00,0.33497,0.3451,0.33409,0.34065,28367320.0
2024-04-04 12:00:00+00:00,0.34063,0.3488,0.33947,0.34245,33196330.0
2024-04-04 16:00:00+00:00,0.34245,0.3493,0.34109,0.34229,23078164.0
2024-04-04 20:00:00+00:00,0.34227,0.34278,0.33379,0.3383,24053738.0
2024-04-05 00:00:00+00:00,0.33831,0.34024,0.3274,0.3326,19799124.0
2024-04-05 04:00:00+00:00,0.3326,0.33286,0.3216,0.32503,26609669.0
2024-04-05 08:00:00+00:00,0.32502,0.32987,0.318,0.31865,25713388.0
2024-04-05 12:00:00+00:00,0.31866,0.33323,0.31629,0.33307,38974180.0
2024-04-05 16:00:00+00:00,0.33307,0.33499,0.32937,0.33242,16574659.0
2024-04-05 20:00:00+00:00,0.33239,0.33611,0.33108,0.33134,9363317.0
2024-04-06 00:00:00+00:00,0.33134,0.33799,0.32939,0.33651,16554828.0
2024-04-06 04:00:00+00:00,0.33657,0.33831,0.33368,0.33697,9731168.0
2024-04-06 08:00:00+00:00,0.33697,0.34002,0.33356,0.33415,11254631.0
2024-04-06 12:00:00+00:00,0.33415,0.33633,0.33174,0.33479,12435696.0
2024-04-06 16:00:00+00:00,0.33479,0.33776,0.3339,0.33526,9126146.0
2024-04-06 20:00:00+00:00,0.33525,0.3425,0.33342,0.33777,52130463.0
2024-04-07 00:00:00+00:00,0.33777,0.3418,0.3344,0.34043,20176531.0
2024-04-07 04:00:00+00:00,0.34042,0.34117,0.33647,0.3382,10695308.0
2024-04-07 08:00:00+00:00,0.33819,0.34163,0.33807,0.34086,14198349.0
2024-04-07 12:00:00+00:00,0.34084,0.34184,0.3373,0.33807,21154841.0
2024-04-07 16:00:00+00:00,0.33801,0.34184,0.33315,0.33417,18694732.0
2024-04-07 20:00:00+00:00,0.33412,0.33829,0.33175,0.3373,12197044.0
2024-04-08 00:00:00+00:00,0.3373,0.33957,0.32945,0.33172,16981717.0
2024-04-08 04:00:00+00:00,0.33174,0.34291,0.32983,0.34154,13460796.0
2024-04-08 08:00:00+00:00,0.34164,0.35431,0.34111,0.35271,34745015.0
2024-04-08 12:00:00+00:00,0.35274,0.35444,0.34473,0.34608,22776250.0
2024-04-08 16:00:00+00:00,0.34604,0.35169,0.345,0.3511,15499279.0
2024-04-08 20:00:00+00:00,0.35112,0.35483,0.35065,0.3525,13900903.0
2024-04-09 00:00:00+00:00,0.3525,0.35458,0.3466,0.34865,17569838.0
2024-04-09 04:00:00+00:00,0.34865,0.35442,0.34144,0.34367,25424343.0
2024-04-09 08:00:00+00:00,0.34357,0.3469,0.33737,0.34619,23895349.0
2024-04-09 12:00:00+00:00,0.3462,0.34938,0.33339,0.33981,37768327.0
2024-04-09 16:00:00+00:00,0.33979,0.34023,0.33229,0.33901,23525433.0
2024-04-09 20:00:00+00:00,0.339,0.34118,0.33205,0.33319,15834175.0
2024-04-10 00:00:00+00:00,0.33319,0.33573,0.32245,0.32724,25379013.0
2024-04-10 04:00:00+00:00,0.32724,0.3326,0.32614,0.32907,12028034.0
2024-04-10 08:00:00+00:00,0.32906,0.32963,0.32268,0.3264,18557588.0
2024-04-10 12:00:00+00:00,0.32638,0.3272,0.31292,0.32259,57880465.0
2024-04-10 16:00:00+00:00,0.32258,0.32908,0.32061,0.32783,22901578.0
2024-04-10 20:00:00+00:00,0.32788,0.33259,0.32428,0.32881,13720213.0
2024-04-11 00:00:00+00:00,0.32884,0.32907,0.31981,0.32107,20007532.0
2024-04-11 04:00:00+00:00,0.32109,0.32819,0.31869,0.32629,18617364.0
2024-04-11 08:00:00+00:00,0.32631,0.32976,0.31521,0.31609,18921660.0
2024-04-11 12:00:00+00:00,0.31609,0.32029,0.30912,0.31118,39064366.0
2024-04-11 16:00:00+00:00,0.31119,0.31229,0.30595,0.30885,22873969.0
2024-04-11 20:00:00+00:00,0.30882,0.31195,0.30797,0.31086,16949612.0
2024-04-12 00:00:00+00:00,0.31086,0.31483,0.30922,0.31393,14897802.0
2024-04-12 04:00:00+00:00,0.31391,0.31632,0.3103,0.31239,14364092.0
2024-04-12 08:00:00+00:00,0.31242,0.31346,0.30843,0.31127,14724698.0
2024-04-12 12:00:00+00:00,0.31129,0.31146,0.29362,0.29512,58842849.0
2024-04-12 16:00:00+00:00,0.29514,0.29571,0.22775,0.25807,228660495.0
2024-04-12 20:00:00+00:00,0.2581,0.26992,0.25697,0.268,53182976.0
2024-04-13 00:00:00+00:00,0.26801,0.26813,0.25216,0.2608,52423154.0
2024-04-13 04:00:00+00:00,0.26072,0.26478,0.25813,0.26129,23941350.0
2024-04-13 08:00:00+00:00,0.26131,0.27471,0.25865,0.26886,36742645.0
2024-04-13 12:00:00+00:00,0.2689,0.2726,0.26378,0.26601,37750064.0
2024-04-13 16:00:00+00:00,0.26603,0.26714,0.21562,0.23118,167047429.0
2024-04-13 20:00:00+00:00,0.23115,0.23863,0.1929,0.23438,271607471.0
2024-04-14 00:00:00+00:00,0.23437,0.23566,0.22179,0.22904,72241032.0
2024-04-14 04:00:00+00:00,0.22903,0.25133,0.22738,0.25015,58213896.0
2024-04-14 08:00:00+00:00,0.25015,0.25246,0.23778,0.23955,38816782.0
2024-04-14 12:00:00+00:00,0.23951,0.24687,0.2354,0.24055,63775923.0
2024-04-14 16:00:00+00:00,0.24057,0.2484,0.23238,0.24345,81957736.0
2024-04-14 20:00:00+00:00,0.24344,0.26278,0.2381,0.25907,49807285.0
2024-04-15 00:00:00+00:00,0.25907,0.26075,0.25236,0.25689,32615730.0
2024-04-15 04:00:00+00:00,0.25691,0.27712,0.25295,0.27422,42005751.0
2024-04-15 08:00:00+00:00,0.27423,0.28492,0.27167,0.28002,49239329.0
2024-04-15 12:00:00+00:00,0.27999,0.28822,0.26236,0.26511,84666436.0
2024-04-15 16:00:00+00:00,0.26517,0.26837,0.24388,0.25692,94087041.0
2024-04-15 20:00:00+00:00,0.25699,0.2601,0.24953,0.253,34636772.0
2024-04-16 00:00:00+00:00,0.25302,0.2607,0.24731,0.2505,43364830.0
2024-04-16 04:00:00+00:00,0.25052,0.26174,0.24335,0.26066,43786243.0
2024-04-16 08:00:00+00:00,0.26066,0.26197,0.24451,0.25585,61473498.0
2024-04-16 12:00:00+00:00,0.25582,0.25585,0.24045,0.24079,66083020.0
2024-04-16 16:00:00+00:00,0.24076,0.25544,0.23937,0.2494,63553506.0
2024-04-16 20:00:00+00:00,0.24938,0.26125,0.24908,0.25817,30661036.0
2024-04-17 00:00:00+00:00,0.25812,0.2597,0.25228,0.25429,25416652.0
2024-04-17 04:00:00+00:00,0.25431,0.26042,0.2509,0.25404,25587149.0
2024-04-17 08:00:00+00:00,0.25396,0.25645,0.24635,0.24656,23917747.0
2024-04-17 12:00:00+00:00,0.24664,0.24976,0.2379,0.23973,60851080.0
2024-04-17 16:00:00+00:00,0.23974,0.2538,0.23598,0.24633,56242426.0
2024-04-17 20:00:00+00:00,0.2464,0.24844,0.24005,0.24164,26344328.0
2024-04-18 00:00:00+00:00,0.24165,0.2467,0.23575,0.2449,38821892.0
2024-04-18 04:00:00+00:00,0.24489,0.24695,0.23554,0.23667,26362117.0
2024-04-18 08:00:00+00:00,0.23667,0.24974,0.23403,0.24575,32977204.0
2024-04-18 12:00:00+00:00,0.24574,0.25518,0.24013,0.25206,38300198.0
2024-04-18 16:00:00+00:00,0.25206,0.25563,0.24567,0.25464,29075372.0
2024-04-18 20:00:00+00:00,0.25463,0.25778,0.25311,0.25534,17601336.0
2024-04-19 00:00:00+00:00,0.25534,0.25569,0.23298,0.24406,55957812.0
2024-04-19 04:00:00+00:00,0.24403,0.26523,0.24333,0.25699,47090613.0
2024-04-19 08:00:00+00:00,0.25707,0.26322,0.25569,0.25811,37776316.0
2024-04-19 12:00:00+00:00,0.25799,0.26272,0.25459,0.26025,32498559.0
2024-04-19 16:00:00+00:00,0.26025,0.26574,0.25602,0.26368,25272313.0
2024-04-19 20:00:00+00:00,0.26359,0.26373,0.25327,0.25693,24360540.0
2024-04-20 00:00:00+00:00,0.25691,0.26292,0.25193,0.26006,22971784.0
2024-04-20 04:00:00+00:00,0.26007,0.26992,0.25936,0.26784,19343364.0
2024-04-20 08:00:00+00:00,0.26792,0.27168,0.2652,0.27145,25289407.0
2024-04-20 12:00:00+00:00,0.27144,0.28369,0.26978,0.28277,45044110.0
2024-04-20 16:00:00+00:00,0.28275,0.29297,0.28026,0.29277,50487892.0
2024-04-20 20:00:00+00:00,0.29276,0.29936,0.29062,0.29119,34896661.0
2024-04-21 00:00:00+00:00,0.29115,0.29426,0.2869,0.29015,31453678.0
2024-04-21 04:00:00+00:00,0.29012,0.29049,0.28501,0.28663,16834185.0
2024-04-21 08:00:00+00:00,0.28658,0.28823,0.2819,0.28525,25185174.0
2024-04-21 12:00:00+00:00,0.28524,0.28624,0.27904,0.28336,24310012.0
2024-04-21 16:00:00+00:00,0.28336,0.28397,0.27666,0.2791,22455472.0
2024-04-21 20:00:00+00:00,0.27906,0.28538,0.27827,0.2813,19216093.0
2024-04-22 00:00:00+00:00,0.28129,0.2915,0.27819,0.28905,36077977.0
2024-04-22 04:00:00+00:00,0.28909,0.29885,0.2868,0.29632,31756240.0
2024-04-22 08:00:00+00:00,0.29633,0.30625,0.29325,0.29973,44167843.0
2024-04-22 12:00:00+00:00,0.29974,0.3027,0.2936,0.30156,35649264.0
2024-04-22 16:00:00+00:00,0.30155,0.30549,0.29537,0.30298,30283358.0
2024-04-22 20:00:00+00:00,0.30299,0.30474,0.2999,0.30135,15216982.0
2024-04-23 00:00:00+00:00,0.30134,0.31139,0.3009,0.30255,39645694.0
2024-04-23 04:00:00+00:00,0.30255,0.30419,0.29297,0.29363,27825769.0
2024-04-23 08:00:00+00:00,0.29364,0.29915,0.2922,0.29645,20836880.0
2024-04-23 12:00:00+00:00,0.29644,0.30517,0.29584,0.2982,26242449.0
2024-04-23 16:00:00+00:00,0.2982,0.30132,0.29567,0.29931,17248514.0
2024-04-23 20:00:00+00:00,0.29924,0.29965,0.29171,0.29286,15605549.0
2024-04-24 00:00:00+00:00,0.29286,0.29751,0.29038,0.29162,18433109.0
2024-04-24 04:00:00+00:00,0.29166,0.29967,0.29098,0.29325,20139009.0
2024-04-24 08:00:00+00:00,0.29318,0.2973,0.2907,0.29504,16638781.0
2024-04-24 12:00:00+00:00,0.29504,0.29575,0.27526,0.27598,61098802.0
2024-04-24 16:00:00+00:00,0.27591,0.28028,0.27128,0.27539,38936574.0
2024-04-24 20:00:00+00:00,0.27535,0.27612,0.26633,0.26983,28315774.0
2024-04-25 00:00:00+00:00,0.26978,0.27304,0.26554,0.26686,23975443.0
2024-04-25 04:00:00+00:00,0.26688,0.26895,0.26139,0.26424,26432852.0
2024-04-25 08:00:00+00:00,0.26426,0.26744,0.26039,0.26534,29521159.0
2024-04-25 12:00:00+00:00,0.26536,0.27029,0.2595,0.26994,40513815.0
2024-04-25 16:00:00+00:00,0.26987,0.2714,0.26716,0.26846,23254722.0
2024-04-25 20:00:00+00:00,0.26848,0.27306,0.26457,0.26587,19902786.0
2024-04-26 00:00:00+00:00,0.26587,0.2707,0.25899,0.26631,33174529.0
2024-04-26 04:00:00+00:00,0.26637,0.26714,0.2602,0.26135,22755363.0
2024-04-26 08:00:00+00:00,0.26131,0.26425,0.2583,0.25947,18753870.0
2024-04-26 12:00:00+00:00,0.25948,0.26646,0.25419,0.25798,46050869.0
2024-04-26 16:00:00+00:00,0.25801,0.26117,0.25732,0.25995,15577726.0
2024-04-26 20:00:00+00:00,0.25995,0.2623,0.25581,0.25887,13427015.0
2024-04-27 00:00:00+00:00,0.25888,0.26247,0.24787,0.25935,47704372.0
2024-04-27 04:00:00+00:00,0.25927,0.2685,0.2591,0.2609,36388587.0
2024-04-27 08:00:00+00:00,0.2609,0.26816,0.25432,0.25688,45442684.0
2024-04-27 12:00:00+00:00,0.25684,0.2662,0.25597,0.25684,35625145.0
2024-04-27 16:00:00+00:00,0.25684,0.27111,0.2559,0.26725,48145284.0
2024-04-27 20:00:00+00:00,0.26725,0.26867,0.26364,0.26427,16792184.0
2024-04-28 00:00:00+00:00,0.26431,0.27544,0.2637,0.27075,27477000.0
2024-04-28 04:00:00+00:00,0.27076,0.27156,0.26723,0.26783,18530615.0
2024-04-28 08:00:00+00:00,0.26783,0.26843,0.26202,0.26286,21293731.0
2024-04-28 12:00:00+00:00,0.26283,0.26663,0.26216,0.26377,16569529.0
2024-04-28 16:00:00+00:00,0.26373,0.26962,0.26176,0.26761,21893786.0
2024-04-28 20:00:00+00:00,0.26761,0.26797,0.25536,0.25671,24667819.0
2024-04-29 00:00:00+00:00,0.25677,0.26103,0.25226,0.25266,32313742.0
2024-04-29 04:00:00+00:00,0.25268,0.25563,0.24655,0.24985,29741549.0
2024-04-29 08:00:00+00:00,0.24985,0.25085,0.24724,0.24789,21174467.0
2024-04-29 12:00:00+00:00,0.24788,0.25451,0.24554,0.25284,33859052.0
2024-04-29 16:00:00+00:00,0.25281,0.2534,0.24879,0.25182,18217523.0
2024-04-29 20:00:00+00:00,0.25182,0.2588,0.24904,0.25632,22758985.0
2024-04-30 00:00:00+00:00,0.25644,0.26029,0.24969,0.2531,25267891.0
2024-04-30 04:00:00+00:00,0.25309,0.25363,0.24829,0.24871,18812509.0
2024-04-30 08:00:00+00:00,0.24871,0.24943,0.23522,0.23644,48299948.0
2024-04-30 12:00:00+00:00,0.23644,0.23878,0.2323,0.23389,45849866.0
2024-04-30 16:00:00+00:00,0.2339,0.23487,0.22891,0.23238,49764196.0
2024-04-30 20:00:00+00:00,0.23243,0.23931,0.2324,0.23594,31568137.0
2024-05-01 00:00:00+00:00,0.23594,0.23691,0.2311,0.23508,35070070.0
2024-05-01 04:00:00+00:00,0.23508,0.23612,0.22256,0.22587,57435739.0
2024-05-01 08:00:00+00:00,0.22588,0.22961,0.22039,0.22956,49047461.0
2024-05-01 12:00:00+00:00,0.22955,0.23343,0.22599,0.22752,48520846.0
2024-05-01 16:00:00+00:00,0.22755,0.24789,0.22499,0.2373,74579315.0
2024-05-01 20:00:00+00:00,0.23732,0.24478,0.23547,0.24287,36123455.0
2024-05-02 00:00:00+00:00,0.24288,0.24342,0.23371,0.23802,33462604.0
2024-05-02 04:00:00+00:00,0.238,0.23837,0.23358,0.23407,18652250.0
2024-05-02 08:00:00+00:00,0.23405,0.24799,0.2337,0.2465,39952284.0
2024-05-02 12:00:00+00:00,0.2465,0.25241,0.23975,0.25091,58803176.0
2024-05-02 16:00:00+00:00,0.25087,0.25472,0.24865,0.2523,34132166.0
2024-05-02 20:00:00+00:00,0.25225,0.25485,0.24857,0.25046,19676858.0
2024-05-03 00:00:00+00:00,0.25043,0.25788,0.24952,0.2542,25542345.0
2024-05-03 04:00:00+00:00,0.25421,0.25484,0.24815,0.24898,25343130.0
2024-05-03 08:00:00+00:00,0.24898,0.25199,0.24704,0.24891,19346607.0
2024-05-03 12:00:00+00:00,0.24894,0.26936,0.24805,0.26794,63037635.0
2024-05-03 16:00:00+00:00,0.26796,0.27716,0.26664,0.27662,42579920.0
2024-05-03 20:00:00+00:00,0.27661,0.28342,0.27409,0.27486,53105913.0
2024-05-04 00:00:00+00:00,0.27485,0.28236,0.27392,0.27794,36962051.0
2024-05-04 04:00:00+00:00,0.278,0.2804,0.27742,0.27988,21215646.0
2024-05-04 08:00:00+00:00,0.27985,0.28587,0.27803,0.2821,36126914.0
2024-05-04 12:00:00+00:00,0.28209,0.28531,0.27566,0.27885,30846770.0
2024-05-04 16:00:00+00:00,0.27887,0.2819,0.27555,0.27971,36259765.0
2024-05-04 20:00:00+00:00,0.27966,0.28056,0.2744,0.27517,17508671.0
2024-05-05 00:00:00+00:00,0.27516,0.27656,0.26578,0.26902,43997585.0
2024-05-05 04:00:00+00:00,0.26902,0.27798,0.26782,0.27341,28878168.0
2024-05-05 08:00:00+00:00,0.2734,0.28192,0.27195,0.2782,35705376.0
2024-05-05 12:00:00+00:00,0.27821,0.29596,0.27747,0.29365,86132715.0
2024-05-05 16:00:00+00:00,0.29368,0.30149,0.29036,0.29449,54140248.0
2024-05-05 20:00:00+00:00,0.29446,0.29519,0.2907,0.29387,26019929.0
2024-05-06 00:00:00+00:00,0.29387,0.30254,0.29065,0.29178,44155455.0
2024-05-06 04:00:00+00:00,0.29175,0.30493,0.2891,0.30404,40744471.0
2024-05-06 08:00:00+00:00,0.30402,0.30591,0.29604,0.30217,62758022.0
2024-05-06 12:00:00+00:00,0.30219,0.303,0.2835,0.28717,87232263.0
2024-05-06 16:00:00+00:00,0.28717,0.28823,0.28212,0.28562,37863516.0
2024-05-06 20:00:00+00:00,0.28566,0.28667,0.28129,0.28164,20852617.0
2024-05-07 00:00:00+00:00,0.28166,0.29217,0.28156,0.28568,40612901.0
2024-05-07 04:00:00+00:00,0.28569,0.29108,0.28201,0.28927,34324514.0
2024-05-07 08:00:00+00:00,0.28926,0.29453,0.28696,0.28826,46722946.0
2024-05-07 12:00:00+00:00,0.28822,0.29434,0.2848,0.29014,40385777.0
2024-05-07 16:00:00+00:00,0.29009,0.29329,0.28513,0.28735,24972498.0
2024-05-07 20:00:00+00:00,0.28739,0.29047,0.27837,0.27993,31589678.0
2024-05-08 00:00:00+00:00,0.27983,0.2836,0.275,0.28148,30320206.0
2024-05-08 04:00:00+00:00,0.28147,0.282,0.2727,0.27536,25676333.0
2024-05-08 08:00:00+00:00,0.27536,0.28006,0.27067,0.27182,44198009.0
2024-05-08 12:00:00+00:00,0.27181,0.27937,0.26824,0.27059,54421286.0
2024-05-08 16:00:00+00:00,0.27051,0.27186,0.26406,0.26587,35780343.0
2024-05-08 20:00:00+00:00,0.26589,0.26718,0.25974,0.26248,41147030.0
2024-05-09 00:00:00+00:00,0.26247,0.26819,0.26151,0.26805,24938588.0
2024-05-09 04:00:00+00:00,0.26804,0.27404,0.2673,0.26857,28938142.0
2024-05-09 08:00:00+00:00,0.26855,0.26986,0.26203,0.26719,33757036.0
2024-05-09 12:00:00+00:00,0.26716,0.27455,0.26433,0.27434,40687638.0
2024-05-09 16:00:00+00:00,0.27438,0.28803,0.27364,0.28463,55979913.0
2024-05-09 20:00:00+00:00,0.28458,0.2994,0.2819,0.29291,71327057.0
2024-05-10 00:00:00+00:00,0.29291,0.31424,0.29111,0.30573,136845632.0
2024-05-10 04:00:00+00:00,0.30573,0.30945,0.29858,0.30543,85450599.0
2024-05-10 08:00:00+00:00,0.30543,0.31285,0.30297,0.31275,91151496.0
2024-05-10 12:00:00+00:00,0.31277,0.31752,0.28875,0.28885,167164506.0
2024-05-10 16:00:00+00:00,0.28885,0.29407,0.28493,0.29138,87632463.0
2024-05-10 20:00:00+00:00,0.29146,0.29459,0.28688,0.29174,45466307.0
2024-05-11 00:00:00+00:00,0.29175,0.30265,0.28683,0.29378,70861287.0
2024-05-11 04:00:00+00:00,0.29375,0.30056,0.29002,0.29823,48187910.0
2024-05-11 08:00:00+00:00,0.29823,0.30026,0.29064,0.29142,43722463.0
2024-05-11 12:00:00+00:00,0.2914,0.29572,0.28681,0.28904,59403763.0
2024-05-11 16:00:00+00:00,0.289,0.29257,0.28557,0.28718,39864255.0
2024-05-11 20:00:00+00:00,0.28719,0.29004,0.28438,0.28493,34076409.0
2024-05-12 00:00:00+00:00,0.28493,0.292,0.28119,0.28196,44773927.0
2024-05-12 04:00:00+00:00,0.28196,0.28445,0.2802,0.28107,27244754.0
2024-05-12 08:00:00+00:00,0.28109,0.29043,0.27901,0.28521,44216135.0
2024-05-12 12:00:00+00:00,0.28521,0.28561,0.28098,0.28362,27153795.0
2024-05-12 16:00:00+00:00,0.28362,0.28738,0.27972,0.28032,22955698.0
2024-05-12 20:00:00+00:00,0.28029,0.28042,0.27634,0.27829,19151128.0
2024-05-13 00:00:00+00:00,0.2783,0.28084,0.26088,0.26394,67256663.0
2024-05-13 04:00:00+00:00,0.26394,0.27964,0.26161,0.27949,40822136.0
2024-05-13 08:00:00+00:00,0.27944,0.289,0.27943,0.28289,65847804.0
2024-05-13 12:00:00+00:00,0.2829,0.28531,0.27933,0.28343,37574860.0
2024-05-13 16:00:00+00:00,0.28342,0.28888,0.27717,0.2822,46800136.0
2024-05-13 20:00:00+00:00,0.28218,0.28245,0.2769,0.27922,16843665.0
2024-05-14 00:00:00+00:00,0.27917,0.28088,0.27199,0.27375,34243179.0
2024-05-14 04:00:00+00:00,0.27376,0.28,0.26848,0.27427,44996493.0
2024-05-14 08:00:00+00:00,0.27428,0.27456,0.27046,0.27103,21388454.0
2024-05-14 12:00:00+00:00,0.27105,0.27405,0.26512,0.26905,51615679.0
2024-05-14 16:00:00+00:00,0.26908,0.26916,0.26412,0.26581,26298331.0
2024-05-14 20:00:00+00:00,0.26581,0.26793,0.26278,0.26471,20072381.0
2024-05-15 00:00:00+00:00,0.26468,0.26993,0.2645,0.26883,25251583.0
2024-05-15 04:00:00+00:00,0.26885,0.26922,0.2654,0.26684,14859830.0
2024-05-15 08:00:00+00:00,0.2668,0.27079,0.26271,0.2658,30329687.0
2024-05-15 12:00:00+00:00,0.26579,0.29717,0.26512,0.29303,145409124.0
2024-05-15 16:00:00+00:00,0.29303,0.3043,0.29086,0.3034,67154576.0
2024-05-15 20:00:00+00:00,0.3034,0.30429,0.29865,0.3027,36036287.0
2024-05-16 00:00:00+00:00,0.3027,0.31038,0.29956,0.30954,42923296.0
2024-05-16 04:00:00+00:00,0.3095,0.31293,0.30691,0.30905,35186694.0
2024-05-16 08:00:00+00:00,0.30905,0.31202,0.30645,0.30823,35562547.0
2024-05-16 12:00:00+00:00,0.30826,0.30852,0.29569,0.30217,77821481.0
2024-05-16 16:00:00+00:00,0.30217,0.3029,0.29384,0.29769,38939514.0
2024-05-16 20:00:00+00:00,0.29765,0.30465,0.29574,0.30318,26250190.0
2024-05-17 00:00:00+00:00,0.30317,0.30392,0.29931,0.30172,22292320.0
2024-05-17 04:00:00+00:00,0.30173,0.31552,0.30005,0.31262,36471098.0
2024-05-17 08:00:00+00:00,0.31262,0.31677,0.30735,0.31568,37242800.0
2024-05-17 12:00:00+00:00,0.31566,0.32217,0.30881,0.31567,59969632.0
2024-05-17 16:00:00+00:00,0.31568,0.32176,0.31335,0.31923,36198675.0
2024-05-17 20:00:00+00:00,0.31917,0.32031,0.31608,0.31661,18596469.0
2024-05-18 00:00:00+00:00,0.3166,0.31983,0.31427,0.31956,27118303.0
2024-05-18 04:00:00+00:00,0.31958,0.32027,0.31406,0.31432,17111347.0
2024-05-18 08:00:00+00:00,0.31426,0.31674,0.3115,0.31173,21447591.0
2024-05-18 12:00:00+00:00,0.31174,0.31254,0.30683,0.30904,24991942.0
2024-05-18 16:00:00+00:00,0.30902,0.31203,0.30872,0.31142,15485161.0
2024-05-18 20:00:00+00:00,0.3114,0.3138,0.30942,0.31227,17563169.0
2024-05-19 00:00:00+00:00,0.31228,0.31449,0.31057,0.31215,16722861.0
2024-05-19 04:00:00+00:00,0.31215,0.31219,0.30752,0.31028,12481567.0
2024-05-19 08:00:00+00:00,0.31027,0.31027,0.30304,0.30566,22786813.0
2024-05-19 12:00:00+00:00,0.30564,0.30589,0.29862,0.30256,33758427.0
2024-05-19 16:00:00+00:00,0.30254,0.30257,0.298,0.29892,19394546.0
2024-05-19 20:00:00+00:00,0.29894,0.30207,0.29621,0.29988,13384759.0
2024-05-20 00:00:00+00:00,0.29988,0.31044,0.29868,0.30811,37505041.0
2024-05-20 04:00:00+00:00,0.30807,0.3134,0.30454,0.31062,26584260.0
2024-05-20 08:00:00+00:00,0.31065,0.31483,0.31035,0.31199,22438620.0
2024-05-20 12:00:00+00:00,0.31204,0.32149,0.30786,0.32121,38097432.0
2024-05-20 16:00:00+00:00,0.3212,0.33139,0.31965,0.32971,66543689.0
2024-05-20 20:00:00+00:00,0.32975,0.3387,0.32725,0.33838,41452356.0
2024-05-21 00:00:00+00:00,0.3384,0.354,0.33723,0.34082,61377891.0
2024-05-21 04:00:00+00:00,0.34077,0.34835,0.34054,0.34769,32790248.0
2024-05-21 08:00:00+00:00,0.34769,0.35392,0.34249,0.3444,38956652.0
2024-05-21 12:00:00+00:00,0.34437,0.3465,0.33872,0.34001,42319570.0
2024-05-21 16:00:00+00:00,0.34005,0.3455,0.33523,0.33639,23061872.0
2024-05-21 20:00:00+00:00,0.3364,0.34269,0.3359,0.33975,17883636.0
2024-05-22 00:00:00+00:00,0.33974,0.34026,0.33109,0.33395,25932890.0
2024-05-22 04:00:00+00:00,0.33395,0.3403,0.32924,0.33606,25786053.0
2024-05-22 08:00:00+00:00,0.33603,0.3425,0.33284,0.3371,25680325.0
2024-05-22 12:00:00+00:00,0.3371,0.35637,0.33066,0.35391,58729992.0
2024-05-22 16:00:00+00:00,0.35389,0.3578,0.34505,0.3547,47695232.0
2024-05-22 20:00:00+00:00,0.35472,0.35861,0.34355,0.34767,55660063.0
2024-05-23 00:00:00+00:00,0.34767,0.34909,0.3382,0.34175,26643401.0
2024-05-23 04:00:00+00:00,0.34175,0.3422,0.33835,0.33993,16041365.0
2024-05-23 08:00:00+00:00,0.33993,0.34013,0.33358,0.33764,23457137.0
2024-05-23 12:00:00+00:00,0.33764,0.33833,0.31868,0.32463,67512251.0
2024-05-23 16:00:00+00:00,0.32461,0.32778,0.31823,0.32166,31317547.0
2024-05-23 20:00:00+00:00,0.32169,0.33402,0.30897,0.32842,71156032.0
2024-05-24 00:00:00+00:00,0.32845,0.3334,0.32594,0.33191,18097992.0
2024-05-24 04:00:00+00:00,0.33192,0.33277,0.31737,0.32258,25157036.0
2024-05-24 08:00:00+00:00,0.32259,0.32378,0.31665,0.32307,16244734.0
2024-05-24 12:00:00+00:00,0.32306,0.32662,0.31863,0.32244,21284725.0
2024-05-24 16:00:00+00:00,0.32245,0.327,0.31894,0.32497,16125496.0
2024-05-24 20:00:00+00:00,0.325,0.32682,0.32373,0.32507,11704577.0
2024-05-25 00:00:00+00:00,0.32515,0.32654,0.32223,0.32605,10798346.0
2024-05-25 04:00:00+00:00,0.3261,0.32822,0.32247,0.32395,12312546.0
2024-05-25 08:00:00+00:00,0.32395,0.32747,0.32308,0.32449,15516168.0
2024-05-25 12:00:00+00:00,0.3245,0.32603,0.3212,0.32525,17775528.0
2024-05-25 16:00:00+00:00,0.32524,0.32825,0.32335,0.32686,12877042.0
2024-05-25 20:00:00+00:00,0.32682,0.32842,0.32477,0.32738,9398337.0
2024-05-26 00:00:00+00:00,0.3274,0.32878,0.32249,0.32784,15445225.0
2024-05-26 04:00:00+00:00,0.32779,0.33,0.32208,0.32532,29775262.0
2024-05-26 08:00:00+00:00,0.32531,0.32663,0.31931,0.31984,21656025.0
2024-05-26 12:00:00+00:00,0.31983,0.32177,0.31645,0.31856,18858105.0
2024-05-26 16:00:00+00:00,0.31857,0.32042,0.31663,0.31898,9975180.0
2024-05-26 20:00:00+00:00,0.31896,0.31945,0.31435,0.3172,9768417.0
2024-05-27 00:00:00+00:00,0.3172,0.32373,0.31678,0.32265,17782272.0
2024-05-27 04:00:00+00:00,0.32264,0.3234,0.31523,0.31713,15102914.0
2024-05-27 08:00:00+00:00,0.31713,0.31923,0.31358,0.31598,20147369.0
2024-05-27 12:00:00+00:00,0.316,0.32878,0.31463,0.32861,26361256.0
2024-05-27 16:00:00+00:00,0.32861,0.33254,0.32393,0.32569,23620911.0
2024-05-27 20:00:00+00:00,0.32568,0.32996,0.32451,0.32575,13519929.0
2024-05-28 00:00:00+00:00,0.32573,0.32624,0.31148,0.31432,40181237.0
2024-05-28 04:00:00+00:00,0.31431,0.31434,0.30874,0.31055,27438370.0
2024-05-28 08:00:00+00:00,0.31055,0.31705,0.31021,0.31397,21154908.0
2024-05-28 12:00:00+00:00,0.31393,0.31578,0.30875,0.31463,31925256.0
2024-05-28 16:00:00+00:00,0.31464,0.31784,0.3098,0.31576,34261769.0
2024-05-28 20:00:00+00:00,0.31575,0.31725,0.31284,0.31429,13814201.0
2024-05-29 00:00:00+00:00,0.31428,0.31898,0.31232,0.31845,21729815.0
2024-05-29 04:00:00+00:00,0.31845,0.32453,0.31675,0.31692,21965611.0
2024-05-29 08:00:00+00:00,0.31693,0.32115,0.31225,0.31759,35679912.0
2024-05-29 12:00:00+00:00,0.3176,0.32087,0.3132,0.31366,33631219.0
2024-05-29 16:00:00+00:00,0.31362,0.31708,0.30987,0.31047,28066156.0
2024-05-29 20:00:00+00:00,0.31048,0.31274,0.30937,0.31006,14722649.0
2024-05-30 00:00:00+00:00,0.31005,0.31615,0.30936,0.31469,16308203.0
2024-05-30 04:00:00+00:00,0.31471,0.31571,0.30162,0.30236,37429419.0
2024-05-30 08:00:00+00:00,0.30239,0.30925,0.2996,0.30659,28246961.0
2024-05-30 12:00:00+00:00,0.30658,0.3129,0.30618,0.30962,27474723.0
2024-05-30 16:00:00+00:00,0.30962,0.31297,0.30718,0.30824,17788801.0
2024-05-30 20:00:00+00:00,0.3082,0.30834,0.30312,0.30369,14966959.0
2024-05-31 00:00:00+00:00,0.30369,0.30417,0.3,0.30308,16171858.0
2024-05-31 04:00:00+00:00,0.30308,0.30384,0.29652,0.29941,21706440.0
2024-05-31 08:00:00+00:00,0.29942,0.30248,0.29766,0.30157,21100315.0
2024-05-31 12:00:00+00:00,0.30157,0.30652,0.29562,0.29599,34361328.0
2024-05-31 16:00:00+00:00,0.29596,0.29892,0.29256,0.29782,26973697.0
2024-05-31 20:00:00+00:00,0.2979,0.30016,0.29679,0.29833,11580357.0
2024-06-01 00:00:00+00:00,0.29834,0.29965,0.29745,0.29841,9244038.0
2024-06-01 04:00:00+00:00,0.29841,0.29975,0.29784,0.29797,7500321.0
2024-06-01 08:00:00+00:00,0.29797,0.2995,0.29648,0.29682,8989677.0
2024-06-01 12:00:00+00:00,0.29682,0.30105,0.29641,0.29961,11149212.0
2024-06-01 16:00:00+00:00,0.29961,0.30405,0.29951,0.3006,14038694.0
2024-06-01 20:00:00+00:00,0.30062,0.30195,0.29881,0.29971,8423676.0
2024-06-02 00:00:00+00:00,0.2997,0.30303,0.29886,0.30068,9620741.0
2024-06-02 04:00:00+00:00,0.30069,0.302,0.29679,0.2971,8966622.0
2024-06-02 08:00:00+00:00,0.2971,0.30043,0.29512,0.30012,13095164.0
2024-06-02 12:00:00+00:00,0.30015,0.30199,0.29768,0.30005,11950001.0
2024-06-02 16:00:00+00:00,0.30005,0.30085,0.2904,0.29471,23259582.0
2024-06-02 20:00:00+00:00,0.29471,0.2953,0.2918,0.29338,9144222.0
2024-06-03 00:00:00+00:00,0.2934,0.29917,0.28851,0.2973,18780498.0
2024-06-03 04:00:00+00:00,0.29732,0.30258,0.29412,0.30087,16972108.0
2024-06-03 08:00:00+00:00,0.30086,0.30174,0.29813,0.29934,11887443.0
2024-06-03 12:00:00+00:00,0.29936,0.3039,0.29464,0.30192,28262854.0
2024-06-03 16:00:00+00:00,0.30197,0.30235,0.29714,0.298,12591997.0
2024-06-03 20:00:00+00:00,0.29804,0.29944,0.29334,0.29404,10143665.0
2024-06-04 00:00:00+00:00,0.29403,0.2967,0.2925,0.29631,10488480.0
2024-06-04 04:00:00+00:00,0.29628,0.29704,0.29223,0.29287,10082515.0
2024-06-04 08:00:00+00:00,0.29289,0.296,0.29044,0.29509,16010913.0
2024-06-04 12:00:00+00:00,0.29509,0.30208,0.29397,0.30139,34892272.0
2024-06-04 16:00:00+00:00,0.30141,0.30272,0.29751,0.30034,16886248.0
2024-06-04 20:00:00+00:00,0.30037,0.30199,0.29911,0.29997,13672940.0
2024-06-05 00:00:00+00:00,0.29998,0.30316,0.29813,0.29963,15471521.0
2024-06-05 04:00:00+00:00,0.29958,0.30338,0.29863,0.30191,36308259.0
2024-06-05 08:00:00+00:00,0.30188,0.30394,0.29942,0.30256,40391235.0
2024-06-05 12:00:00+00:00,0.30248,0.30474,0.29826,0.30355,35872952.0
2024-06-05 16:00:00+00:00,0.30355,0.30545,0.30194,0.30421,17222218.0
2024-06-05 20:00:00+00:00,0.30425,0.30507,0.30228,0.30476,7280953.0
2024-06-06 00:00:00+00:00,0.30473,0.30507,0.30171,0.30193,8844091.0
2024-06-06 04:00:00+00:00,0.302,0.30223,0.29837,0.29972,17424041.0
2024-06-06 08:00:00+00:00,0.29971,0.30042,0.29802,0.29892,12571189.0
2024-06-06 12:00:00+00:00,0.29887,0.30024,0.29524,0.29841,25347773.0
2024-06-06 16:00:00+00:00,0.2984,0.29947,0.29206,0.29273,18778533.0
2024-06-06 20:00:00+00:00,0.2927,0.29538,0.28971,0.29391,17301735.0
2024-06-07 00:00:00+00:00,0.29383,0.29458,0.29075,0.29284,9485033.0
2024-06-07 04:00:00+00:00,0.29284,0.29641,0.29233,0.29423,10528969.0
2024-06-07 08:00:00+00:00,0.29424,0.29633,0.29183,0.29584,12821610.0
2024-06-07 12:00:00+00:00,0.29579,0.29735,0.2887,0.29618,33984232.0
2024-06-07 16:00:00+00:00,0.29618,0.29628,0.24142,0.27174,144456637.0
2024-06-07 20:00:00+00:00,0.27174,0.27516,0.27026,0.27261,24856876.0
2024-06-08 00:00:00+00:00,0.27262,0.27333,0.26958,0.27211,13147753.0
2024-06-08 04:00:00+00:00,0.27213,0.27235,0.2696,0.27096,9458999.0
2024-06-08 08:00:00+00:00,0.27096,0.27096,0.26109,0.26201,21034982.0
2024-06-08 12:00:00+00:00,0.26204,0.26529,0.25911,0.26192,28749301.0
2024-06-08 16:00:00+00:00,0.26192,0.26336,0.25867,0.26144,16814244.0
2024-06-08 20:00:00+00:00,0.26149,0.26712,0.26117,0.26652,36043594.0
2024-06-09 00:00:00+00:00,0.26652,0.26821,0.26308,0.26433,16000301.0
2024-06-09 04:00:00+00:00,0.26432,0.26764,0.2619,0.26604,12390202.0
2024-06-09 08:00:00+00:00,0.26606,0.26744,0.26453,0.26491,8132700.0
2024-06-09 12:00:00+00:00,0.26491,0.26678,0.26335,0.26442,19218426.0
2024-06-09 16:00:00+00:00,0.26443,0.26898,0.26431,0.26817,10575362.0
2024-06-09 20:00:00+00:00,0.26819,0.26914,0.26624,0.26847,16854091.0
2024-06-10 00:00:00+00:00,0.26845,0.26848,0.26264,0.26383,11225163.0
2024-06-10 04:00:00+00:00,0.2638,0.26444,0.25606,0.25636,25454830.0
2024-06-10 08:00:00+00:00,0.25634,0.26512,0.2562,0.26393,17127246.0
2024-06-10 12:00:00+00:00,0.26392,0.26864,0.25989,0.26743,35757563.0
2024-06-10 16:00:00+00:00,0.26747,0.26792,0.26098,0.2614,27091408.0
2024-06-10 20:00:00+00:00,0.26144,0.26222,0.25856,0.2595,15922358.0
2024-06-11 00:00:00+00:00,0.25951,0.26059,0.2506,0.25505,37749633.0
2024-06-11 04:00:00+00:00,0.25499,0.2557,0.24732,0.25091,36806388.0
2024-06-11 08:00:00+00:00,0.25099,0.25428,0.25033,0.251,19937623.0
2024-06-11 12:00:00+00:00,0.25099,0.25186,0.23989,0.24339,43915291.0
2024-06-11 16:00:00+00:00,0.24341,0.2469,0.23955,0.24411,39213772.0
2024-06-11 20:00:00+00:00,0.24411,0.24517,0.2425,0.24383,16094547.0
2024-06-12 00:00:00+00:00,0.24382,0.24593,0.23739,0.24575,24637979.0
2024-06-12 04:00:00+00:00,0.24579,0.24833,0.24526,0.24814,14694663.0
2024-06-12 08:00:00+00:00,0.24814,0.25396,0.24757,0.25196,21982383.0
2024-06-12 12:00:00+00:00,0.25195,0.27244,0.25074,0.26866,68799404.0
2024-06-12 16:00:00+00:00,0.26868,0.27089,0.25432,0.25647,59685475.0
2024-06-12 20:00:00+00:00,0.25653,0.26487,0.25511,0.26255,21252689.0
2024-06-13 00:00:00+00:00,0.26256,0.26446,0.25007,0.25316,30938675.0
2024-06-13 04:00:00+00:00,0.25322,0.25532,0.25093,0.25323,15423988.0
2024-06-13 08:00:00+00:00,0.25328,0.25396,0.24992,0.25041,14784699.0
2024-06-13 12:00:00+00:00,0.25041,0.25591,0.24225,0.24306,49725812.0
2024-06-13 16:00:00+00:00,0.24305,0.24859,0.24185,0.24588,18369225.0
2024-06-13 20:00:00+00:00,0.24592,0.24705,0.24236,0.24314,13514219.0
2024-06-14 00:00:00+00:00,0.24315,0.24789,0.24054,0.24566,27597193.0
2024-06-14 04:00:00+00:00,0.2457,0.24813,0.24477,0.24639,23173515.0
2024-06-14 08:00:00+00:00,0.24638,0.25074,0.24544,0.24772,27067295.0
2024-06-14 12:00:00+00:00,0.24773,0.24889,0.2401,0.24095,27960375.0
2024-06-14 16:00:00+00:00,0.24096,0.24141,0.2203,0.23077,65251690.0
2024-06-14 20:00:00+00:00,0.23078,0.23754,0.23019,0.23604,26684029.0
2024-06-15 00:00:00+00:00,0.23603,0.23863,0.23469,0.23846,12027083.0
2024-06-15 04:00:00+00:00,0.23848,0.24133,0.23733,0.23957,13245661.0
2024-06-15 08:00:00+00:00,0.23959,0.24037,0.23778,0.23858,11170390.0
2024-06-15 12:00:00+00:00,0.23859,0.24147,0.23764,0.23988,9165736.0
2024-06-15 16:00:00+00:00,0.23984,0.24068,0.23699,0.23809,8997850.0
2024-06-15 20:00:00+00:00,0.23811,0.2386,0.23607,0.23785,8323500.0
2024-06-16 00:00:00+00:00,0.23785,0.23794,0.23379,0.23472,23694335.0
2024-06-16 04:00:00+00:00,0.23471,0.23706,0.2327,0.23579,14232952.0
2024-06-16 08:00:00+00:00,0.23577,0.23648,0.23289,0.23491,14688351.0
2024-06-16 12:00:00+00:00,0.23489,0.23787,0.23446,0.23727,14883442.0
2024-06-16 16:00:00+00:00,0.23729,0.23756,0.23456,0.23594,12010108.0
2024-06-16 20:00:00+00:00,0.23594,0.23957,0.23508,0.23534,16963097.0
2024-06-17 00:00:00+00:00,0.23536,0.23774,0.22622,0.2268,52495065.0
2024-06-17 04:00:00+00:00,0.22681,0.22869,0.22137,0.22228,28914804.0
2024-06-17 08:00:00+00:00,0.22229,0.2233,0.21285,0.21674,48412587.0
2024-06-17 12:00:00+00:00,0.21675,0.21736,0.21265,0.21418,34609605.0
2024-06-17 16:00:00+00:00,0.21419,0.22323,0.20857,0.22127,54897109.0
2024-06-17 20:00:00+00:00,0.22128,0.22152,0.21317,0.21368,36862521.0
2024-06-18 00:00:00+00:00,0.21368,0.21465,0.1839,0.19981,135928379.0
2024-06-18 04:00:00+00:00,0.19981,0.20574,0.19813,0.20482,47433478.0
2024-06-18 08:00:00+00:00,0.20481,0.20487,0.19708,0.1999,31168153.0
2024-06-18 12:00:00+00:00,0.19991,0.20088,0.19085,0.20061,73882819.0
2024-06-18 16:00:00+00:00,0.2006,0.20167,0.1948,0.19831,39433351.0
2024-06-18 20:00:00+00:00,0.19828,0.20292,0.19685,0.20148,32481871.0
2024-06-19 00:00:00+00:00,0.20148,0.21601,0.19843,0.21407,55834004.0
2024-06-19 04:00:00+00:00,0.21405,0.22104,0.21359,0.21926,44087750.0
2024-06-19 08:00:00+00:00,0.21926,0.21963,0.2136,0.21664,37766834.0
2024-06-19 12:00:00+00:00,0.21664,0.22092,0.21306,0.21483,54122974.0
2024-06-19 16:00:00+00:00,0.21476,0.22273,0.21363,0.21906,49661331.0
2024-06-19 20:00:00+00:00,0.21913,0.2223,0.21678,0.21826,23444000.0
2024-06-20 00:00:00+00:00,0.21828,0.2244,0.21646,0.2195,57627006.0
2024-06-20 04:00:00+00:00,0.21948,0.23317,0.21814,0.23317,54208563.0
2024-06-20 08:00:00+00:00,0.23315,0.23325,0.2263,0.23122,37735322.0
2024-06-20 12:00:00+00:00,0.23122,0.23361,0.22243,0.22244,47240606.0
2024-06-20 16:00:00+00:00,0.22245,0.22789,0.21982,0.22675,40458721.0
2024-06-20 20:00:00+00:00,0.22671,0.22752,0.22055,0.22106,16376132.0
2024-06-21 00:00:00+00:00,0.22102,0.22656,0.21772,0.22193,35342235.0
2024-06-21 04:00:00+00:00,0.22197,0.22512,0.21799,0.21926,27833573.0
2024-06-21 08:00:00+00:00,0.21936,0.22514,0.21641,0.22215,42446584.0
2024-06-21 12:00:00+00:00,0.22214,0.22357,0.21533,0.21962,49763367.0
2024-06-21 16:00:00+00:00,0.21968,0.22128,0.21251,0.21905,39753471.0
2024-06-21 20:00:00+00:00,0.21903,0.22027,0.21721,0.2178,14254572.0
2024-06-22 00:00:00+00:00,0.21783,0.21877,0.21294,0.2176,27945001.0
2024-06-22 04:00:00+00:00,0.2176,0.2191,0.21536,0.21591,13512572.0
2024-06-22 08:00:00+00:00,0.21599,0.21675,0.21413,0.21467,14866094.0
2024-06-22 12:00:00+00:00,0.21469,0.21926,0.21252,0.21838,20273309.0
2024-06-22 16:00:00+00:00,0.21838,0.21897,0.21477,0.21599,14255678.0
2024-06-22 20:00:00+00:00,0.21599,0.21599,0.2116,0.21268,14473757.0
2024-06-23 00:00:00+00:00,0.21267,0.22081,0.21238,0.219,29105731.0
2024-06-23 04:00:00+00:00,0.21904,0.21916,0.21502,0.21553,12747859.0
2024-06-23 08:00:00+00:00,0.21553,0.21631,0.21319,0.21413,15126115.0
2024-06-23 12:00:00+00:00,0.21413,0.21752,0.21013,0.21119,23786612.0
2024-06-23 16:00:00+00:00,0.2112,0.21184,0.20818,0.2088,22545529.0
2024-06-23 20:00:00+00:00,0.20883,0.20926,0.2039,0.20554,29718046.0
2024-06-24 00:00:00+00:00,0.20551,0.20705,0.20297,0.20492,26583034.0
2024-06-24 04:00:00+00:00,0.20491,0.20542,0.19817,0.20071,46236156.0
2024-06-24 08:00:00+00:00,0.20072,0.21026,0.19431,0.20592,84080749.0
2024-06-24 12:00:00+00:00,0.2059,0.21323,0.20492,0.20636,40216659.0
2024-06-24 16:00:00+00:00,0.20638,0.21315,0.20561,0.20812,48269214.0
2024-06-24 20:00:00+00:00,0.20812,0.21901,0.2046,0.21654,52741771.0
2024-06-25 00:00:00+00:00,0.21652,0.22561,0.21445,0.22416,33915860.0
2024-06-25 04:00:00+00:00,0.22414,0.22549,0.21906,0.22018,22314957.0
2024-06-25 08:00:00+00:00,0.22021,0.22191,0.2175,0.21877,21081849.0
2024-06-25 12:00:00+00:00,0.21878,0.22272,0.21801,0.2207,39357295.0
2024-06-25 16:00:00+00:00,0.22072,0.22307,0.21817,0.22239,17933938.0
2024-06-25 20:00:00+00:00,0.22238,0.22294,0.22007,0.22022,13980528.0
2024-06-26 00:00:00+00:00,0.22027,0.22468,0.21879,0.22089,23613099.0
2024-06-26 04:00:00+00:00,0.22089,0.22149,0.21852,0.22066,19001999.0
2024-06-26 08:00:00+00:00,0.22067,0.221,0.2171,0.21876,17007486.0
2024-06-26 12:00:00+00:00,0.2187,0.2232,0.21659,0.21776,28308922.0
2024-06-26 16:00:00+00:00,0.21776,0.22021,0.21386,0.22015,29174168.0
2024-06-26 20:00:00+00:00,0.22017,0.222,0.21823,0.21864,18986304.0
2024-06-27 00:00:00+00:00,0.21865,0.21875,0.21505,0.21557,19410829.0
2024-06-27 04:00:00+00:00,0.21559,0.21642,0.21116,0.21233,18319425.0
2024-06-27 08:00:00+00:00,0.21233,0.21895,0.21181,0.21844,20523825.0
2024-06-27 12:00:00+00:00,0.21843,0.22531,0.21798,0.22031,33023822.0
2024-06-27 16:00:00+00:00,0.22033,0.22134,0.21845,0.21924,14738499.0
2024-06-27 20:00:00+00:00,0.21928,0.2203,0.21704,0.21772,10535108.0
2024-06-28 00:00:00+00:00,0.2177,0.22007,0.21527,0.21637,18000071.0
2024-06-28 04:00:00+00:00,0.21638,0.2166,0.21424,0.216,16253659.0
2024-06-28 08:00:00+00:00,0.21596,0.21759,0.21465,0.21557,14880370.0
2024-06-28 12:00:00+00:00,0.21557,0.21754,0.21164,0.21283,32941011.0
2024-06-28 16:00:00+00:00,0.21288,0.21341,0.20836,0.21006,26211155.0
2024-06-28 20:00:00+00:00,0.21011,0.21089,0.2062,0.20706,14616356.0
2024-06-29 00:00:00+00:00,0.20707,0.20941,0.20624,0.20899,13578191.0
2024-06-29 04:00:00+00:00,0.20896,0.21023,0.20683,0.20978,8771821.0
2024-06-29 08:00:00+00:00,0.20979,0.21125,0.20896,0.21057,8969286.0
2024-06-29 12:00:00+00:00,0.21054,0.21066,0.2078,0.20862,8931955.0
2024-06-29 16:00:00+00:00,0.20862,0.20867,0.20444,0.20589,11574546.0
2024-06-29 20:00:00+00:00,0.20586,0.20616,0.20267,0.2032,12772847.0
2024-06-30 00:00:00+00:00,0.2032,0.2042,0.2002,0.20107,15882295.0
2024-06-30 04:00:00+00:00,0.20105,0.20715,0.20002,0.20618,14060924.0
2024-06-30 08:00:00+00:00,0.20619,0.2078,0.20518,0.20604,11392069.0
2024-06-30 12:00:00+00:00,0.20604,0.20765,0.20518,0.2062,12129806.0
2024-06-30 16:00:00+00:00,0.20623,0.20709,0.20439,0.20559,13876463.0
2024-06-30 20:00:00+00:00,0.20554,0.21171,0.20404,0.21051,18938610.0
2024-07-01 00:00:00+00:00,0.21051,0.21831,0.20943,0.21473,24460998.0
2024-07-01 04:00:00+00:00,0.21473,0.21599,0.21289,0.21324,11402285.0
2024-07-01 08:00:00+00:00,0.21325,0.21407,0.20953,0.21021,14429677.0
2024-07-01 12:00:00+00:00,0.21023,0.21221,0.20761,0.21076,22657907.0
2024-07-01 16:00:00+00:00,0.21078,0.21461,0.20973,0.21346,16518958.0
2024-07-01 20:00:00+00:00,0.21343,0.21364,0.20669,0.20724,11636672.0
2024-07-02 00:00:00+00:00,0.20723,0.2107,0.20574,0.20907,15919459.0
2024-07-02 04:00:00+00:00,0.20907,0.21083,0.20677,0.20749,11512539.0
2024-07-02 08:00:00+00:00,0.20746,0.20931,0.20673,0.20839,10035120.0
2024-07-02 12:00:00+00:00,0.2084,0.21412,0.20766,0.20911,22023401.0
2024-07-02 16:00:00+00:00,0.20914,0.21234,0.20673,0.21205,14363590.0
2024-07-02 20:00:00+00:00,0.21205,0.21371,0.21103,0.21226,8164778.0
2024-07-03 00:00:00+00:00,0.21229,0.21354,0.20353,0.2057,21662694.0
2024-07-03 04:00:00+00:00,0.2057,0.20869,0.20377,0.207,15633280.0
2024-07-03 08:00:00+00:00,0.20698,0.2072,0.20069,0.2022,28314735.0
2024-07-03 12:00:00+00:00,0.20219,0.20436,0.19791,0.20046,32334849.0
2024-07-03 16:00:00+00:00,0.20041,0.20175,0.19576,0.19722,22465658.0
2024-07-03 20:00:00+00:00,0.19718,0.19867,0.196,0.19696,16165942.0
2024-07-04 00:00:00+00:00,0.19699,0.19827,0.18634,0.19056,47574692.0
2024-07-04 04:00:00+00:00,0.19055,0.19068,0.18584,0.18688,18855973.0
2024-07-04 08:00:00+00:00,0.1869,0.18842,0.18357,0.18412,57032396.0
2024-07-04 12:00:00+00:00,0.18414,0.18443,0.17797,0.18348,40489585.0
2024-07-04 16:00:00+00:00,0.1835,0.18421,0.17971,0.18123,30799067.0
2024-07-04 20:00:00+00:00,0.18118,0.18462,0.17425,0.17589,34407886.0
2024-07-05 00:00:00+00:00,0.1759,0.17617,0.152,0.1575,177552581.0
2024-07-05 04:00:00+00:00,0.15748,0.16358,0.15307,0.15984,76206564.0
2024-07-05 08:00:00+00:00,0.15982,0.16755,0.15403,0.16717,64251360.0
2024-07-05 12:00:00+00:00,0.16718,0.17414,0.16526,0.17225,57679448.0
2024-07-05 16:00:00+00:00,0.17227,0.17537,0.17003,0.17344,32446938.0
2024-07-05 20:00:00+00:00,0.17343,0.17369,0.1709,0.17263,23172821.0
2024-07-06 00:00:00+00:00,0.17261,0.17975,0.17152,0.17534,31164222.0
2024-07-06 04:00:00+00:00,0.17534,0.17838,0.17302,0.17764,18173753.0
2024-07-06 08:00:00+00:00,0.17764,0.18012,0.17666,0.17874,18389063.0
2024-07-06 12:00:00+00:00,0.17874,0.18158,0.17758,0.18063,21196506.0
2024-07-06 16:00:00+00:00,0.18068,0.18858,0.17989,0.18598,23507874.0
2024-07-06 20:00:00+00:00,0.18599,0.18866,0.18587,0.18728,15075788.0
2024-07-07 00:00:00+00:00,0.1873,0.18738,0.18298,0.18467,24470747.0
2024-07-07 04:00:00+00:00,0.18467,0.18492,0.18052,0.18261,21535095.0
2024-07-07 08:00:00+00:00,0.1826,0.18575,0.18192,0.18429,17744629.0
2024-07-07 12:00:00+00:00,0.18428,0.18582,0.17735,0.17894,34631641.0
2024-07-07 16:00:00+00:00,0.17895,0.18221,0.17855,0.17983,19008244.0
2024-07-07 20:00:00+00:00,0.1798,0.18048,0.17234,0.17348,36614218.0
2024-07-08 00:00:00+00:00,0.1735,0.17395,0.16372,0.16972,63983767.0
2024-07-08 04:00:00+00:00,0.16969,0.17401,0.16927,0.17257,29403614.0
2024-07-08 08:00:00+00:00,0.17258,0.18707,0.17208,0.18426,56688741.0
2024-07-08 12:00:00+00:00,0.18418,0.18481,0.17304,0.17625,53672075.0
2024-07-08 16:00:00+00:00,0.17629,0.17785,0.17388,0.17624,26479918.0
2024-07-08 20:00:00+00:00,0.17628,0.17768,0.17447,0.17627,16045227.0
2024-07-09 00:00:00+00:00,0.17625,0.18134,0.17515,0.18032,25186756.0
2024-07-09 04:00:00+00:00,0.18031,0.18215,0.17839,0.17986,19143936.0
2024-07-09 08:00:00+00:00,0.17986,0.18317,0.17814,0.17924,15096237.0
2024-07-09 12:00:00+00:00,0.17921,0.18355,0.17738,0.18071,26370129.0
2024-07-09 16:00:00+00:00,0.18071,0.18224,0.17897,0.18116,15284819.0
2024-07-09 20:00:00+00:00,0.18111,0.1836,0.18053,0.18295,12332001.0
2024-07-10 00:00:00+00:00,0.18295,0.18487,0.18025,0.1848,14288806.0
2024-07-10 04:00:00+00:00,0.1848,0.19195,0.1848,0.18923,27086316.0
2024-07-10 08:00:00+00:00,0.18924,0.18924,0.1853,0.18701,15317557.0
2024-07-10 12:00:00+00:00,0.18704,0.18888,0.18423,0.18736,21006358.0
2024-07-10 16:00:00+00:00,0.18738,0.18918,0.18515,0.1859,11175705.0
2024-07-10 20:00:00+00:00,0.18594,0.18641,0.18424,0.1858,8269211.0
2024-07-11 00:00:00+00:00,0.1858,0.18936,0.18322,0.18522,20368192.0
2024-07-11 04:00:00+00:00,0.18521,0.18685,0.18463,0.18659,10777097.0
2024-07-11 08:00:00+00:00,0.18662,0.19177,0.18595,0.19106,16532548.0
2024-07-11 12:00:00+00:00,0.19107,0.19593,0.18495,0.18557,39994815.0
2024-07-11 16:00:00+00:00,0.18558,0.18874,0.18376,0.18469,22055421.0
2024-07-11 20:00:00+00:00,0.18469,0.18514,0.1806,0.1811,21903175.0
2024-07-12 00:00:00+00:00,0.18111,0.18451,0.17927,0.18126,18869889.0
2024-07-12 04:00:00+00:00,0.18127,0.18295,0.17994,0.18108,10883535.0
2024-07-12 08:00:00+00:00,0.18105,0.18207,0.17803,0.17969,13942933.0
2024-07-12 12:00:00+00:00,0.17969,0.18578,0.17959,0.18494,20705559.0
2024-07-12 16:00:00+00:00,0.18489,0.18617,0.18334,0.18403,10850732.0
2024-07-12 20:00:00+00:00,0.18403,0.18615,0.18215,0.18539,14019464.0
2024-07-13 00:00:00+00:00,0.18543,0.18593,0.18369,0.18457,8882206.0
2024-07-13 04:00:00+00:00,0.18456,0.18713,0.18348,0.18656,9676648.0
2024-07-13 08:00:00+00:00,0.18655,0.18955,0.18554,0.188,16861400.0
2024-07-13 12:00:00+00:00,0.188,0.18979,0.18603,0.18951,9670643.0
2024-07-13 16:00:00+00:00,0.1895,0.19244,0.18926,0.19102,16400310.0
2024-07-13 20:00:00+00:00,0.19103,0.19451,0.18875,0.19206,16911040.0
2024-07-14 00:00:00+00:00,0.19207,0.19478,0.1914,0.19158,14672509.0
2024-07-14 04:00:00+00:00,0.19153,0.1949,0.19136,0.19177,12101941.0
2024-07-14 08:00:00+00:00,0.19174,0.19295,0.18985,0.19006,9636746.0
2024-07-14 12:00:00+00:00,0.19006,0.19094,0.18786,0.19092,11184882.0
2024-07-14 16:00:00+00:00,0.19089,0.19219,0.19007,0.19052,11127861.0
2024-07-14 20:00:00+00:00,0.1905,0.20019,0.19033,0.19787,19748793.0
2024-07-15 00:00:00+00:00,0.19786,0.20245,0.19591,0.2021,21014722.0
2024-07-15 04:00:00+00:00,0.20209,0.20594,0.20074,0.20478,21926059.0
2024-07-15 08:00:00+00:00,0.20479,0.20604,0.20265,0.20276,13011662.0
2024-07-15 12:00:00+00:00,0.20275,0.2075,0.2025,0.2041,27545926.0
2024-07-15 16:00:00+00:00,0.20405,0.21342,0.20284,0.21297,28744297.0
2024-07-15 20:00:00+00:00,0.21297,0.22082,0.21263,0.21945,32489800.0
2024-07-16 00:00:00+00:00,0.21946,0.2217,0.21503,0.21569,21709600.0
2024-07-16 04:00:00+00:00,0.21569,0.21642,0.20637,0.20825,57375901.0
2024-07-16 08:00:00+00:00,0.20825,0.21083,0.20452,0.20975,30157732.0
2024-07-16 12:00:00+00:00,0.20978,0.21567,0.20734,0.21485,32640064.0
2024-07-16 16:00:00+00:00,0.21488,0.21636,0.21226,0.21596,27930131.0
2024-07-16 20:00:00+00:00,0.21596,0.216,0.21127,0.21381,17964770.0
2024-07-17 00:00:00+00:00,0.21377,0.21891,0.21325,0.21534,19425307.0
2024-07-17 04:00:00+00:00,0.21534,0.21741,0.2145,0.21629,17805384.0
2024-07-17 08:00:00+00:00,0.21629,0.22045,0.2123,0.21497,35210119.0
2024-07-17 12:00:00+00:00,0.21497,0.2178,0.21282,0.21311,30595254.0
2024-07-17 16:00:00+00:00,0.21311,0.21588,0.20942,0.21476,24283427.0
2024-07-17 20:00:00+00:00,0.2148,0.21546,0.20765,0.20784,30663245.0
2024-07-18 00:00:00+00:00,0.20783,0.21296,0.20782,0.21217,17634654.0
2024-07-18 04:00:00+00:00,0.21219,0.21278,0.20931,0.20956,13222407.0
2024-07-18 08:00:00+00:00,0.20952,0.21081,0.20559,0.20807,29280322.0
2024-07-18 12:00:00+00:00,0.20806,0.20923,0.201,0.2012,28595481.0
2024-07-18 16:00:00+00:00,0.20118,0.20316,0.19787,0.19922,27087147.0
2024-07-18 20:00:00+00:00,0.19922,0.20343,0.19874,0.20265,11784481.0
2024-07-19 00:00:00+00:00,0.20263,0.20615,0.1975,0.20499,26903773.0
2024-07-19 04:00:00+00:00,0.20499,0.20658,0.20082,0.20141,15913757.0
2024-07-19 08:00:00+00:00,0.20136,0.20275,0.19869,0.20068,21292139.0
2024-07-19 12:00:00+00:00,0.20072,0.20918,0.19937,0.20862,27606841.0
2024-07-19 16:00:00+00:00,0.20859,0.21525,0.20837,0.21421,24561246.0
2024-07-19 20:00:00+00:00,0.21427,0.21469,0.21257,0.21418,10468150.0
2024-07-20 00:00:00+00:00,0.21417,0.2179,0.21109,0.21607,24626635.0
2024-07-20 04:00:00+00:00,0.21606,0.21871,0.21472,0.2174,10763249.0
2024-07-20 08:00:00+00:00,0.2174,0.21747,0.21388,0.21404,9124456.0
2024-07-20 12:00:00+00:00,0.21405,0.21848,0.21283,0.2171,22347716.0
2024-07-20 16:00:00+00:00,0.21708,0.21769,0.21358,0.21506,20259242.0
2024-07-20 20:00:00+00:00,0.21514,0.21603,0.21283,0.21349,8580285.0
2024-07-21 00:00:00+00:00,0.21351,0.22392,0.21348,0.22136,27858988.0
2024-07-21 04:00:00+00:00,0.22135,0.22144,0.215,0.21549,14942069.0
2024-07-21 08:00:00+00:00,0.21552,0.21672,0.2138,0.21485,11312691.0
2024-07-21 12:00:00+00:00,0.21484,0.21812,0.21214,0.2154,14841981.0
2024-07-21 16:00:00+00:00,0.2154,0.2188,0.20898,0.21523,34968299.0
2024-07-21 20:00:00+00:00,0.2152,0.2211,0.21431,0.21899,19489947.0
2024-07-22 00:00:00+00:00,0.219,0.22188,0.21628,0.21639,19866116.0
2024-07-22 04:00:00+00:00,0.21638,0.21639,0.21031,0.21138,14998093.0
2024-07-22 08:00:00+00:00,0.21135,0.21255,0.2101,0.21231,14743341.0
2024-07-22 12:00:00+00:00,0.21231,0.21335,0.20714,0.20922,24872586.0
2024-07-22 16:00:00+00:00,0.20925,0.21077,0.20867,0.21017,12164379.0
2024-07-22 20:00:00+00:00,0.21019,0.21076,0.20426,0.2063,17282316.0
2024-07-23 00:00:00+00:00,0.20631,0.20975,0.20629,0.20788,10709211.0
2024-07-23 04:00:00+00:00,0.20786,0.20853,0.19918,0.20179,25213250.0
2024-07-23 08:00:00+00:00,0.2018,0.20856,0.20148,0.20599,20325244.0
2024-07-23 12:00:00+00:00,0.20598,0.20634,0.20082,0.2018,25561050.0
2024-07-23 16:00:00+00:00,0.20178,0.20211,0.1953,0.19914,23538581.0
2024-07-23 20:00:00+00:00,0.19905,0.19971,0.1966,0.19835,12528450.0
2024-07-24 00:00:00+00:00,0.19829,0.19924,0.1958,0.19832,16023547.0
2024-07-24 04:00:00+00:00,0.19832,0.19942,0.19602,0.19939,10152653.0
2024-07-24 08:00:00+00:00,0.19941,0.20178,0.19914,0.20097,11731153.0
2024-07-24 12:00:00+00:00,0.20097,0.20373,0.19947,0.1995,25226853.0
2024-07-24 16:00:00+00:00,0.19951,0.20186,0.19621,0.19658,15005932.0
2024-07-24 20:00:00+00:00,0.19666,0.19772,0.19077,0.19264,25514789.0
2024-07-25 00:00:00+00:00,0.1926,0.19333,0.18312,0.18545,48658091.0
2024-07-25 04:00:00+00:00,0.18546,0.188,0.18421,0.18607,13854576.0
2024-07-25 08:00:00+00:00,0.18607,0.18725,0.18462,0.18558,13612535.0
2024-07-25 12:00:00+00:00,0.18559,0.18884,0.18348,0.1874,29957874.0
2024-07-25 16:00:00+00:00,0.18741,0.1892,0.18343,0.18576,19172115.0
2024-07-25 20:00:00+00:00,0.1858,0.1903,0.18254,0.18933,22873483.0
2024-07-26 00:00:00+00:00,0.1893,0.19522,0.18887,0.19419,19764706.0
2024-07-26 04:00:00+00:00,0.19421,0.19967,0.19292,0.1952,34645240.0
2024-07-26 08:00:00+00:00,0.1952,0.19762,0.19424,0.19491,13480572.0
2024-07-26 12:00:00+00:00,0.19488,0.19686,0.19215,0.19465,23343498.0
2024-07-26 16:00:00+00:00,0.19465,0.2003,0.19458,0.19926,20083269.0
2024-07-26 20:00:00+00:00,0.19927,0.2012,0.19727,0.20056,12074811.0
2024-07-27 00:00:00+00:00,0.2006,0.20112,0.19825,0.19834,8390741.0
2024-07-27 04:00:00+00:00,0.19832,0.2007,0.1982,0.19958,7347778.0
2024-07-27 08:00:00+00:00,0.19957,0.2017,0.19884,0.20099,13148985.0
2024-07-27 12:00:00+00:00,0.20095,0.2045,0.19763,0.1993,22519141.0
2024-07-27 16:00:00+00:00,0.19931,0.2007,0.1962,0.19871,17865489.0
2024-07-27 20:00:00+00:00,0.1987,0.20175,0.19423,0.1979,25986547.0
2024-07-28 00:00:00+00:00,0.19788,0.19853,0.19554,0.19574,9716104.0
2024-07-28 04:00:00+00:00,0.19573,0.19579,0.19221,0.19423,11788029.0
2024-07-28 08:00:00+00:00,0.19426,0.19563,0.1931,0.19461,9102647.0
2024-07-28 12:00:00+00:00,0.19459,0.19562,0.19276,0.19351,9151072.0
2024-07-28 16:00:00+00:00,0.19353,0.19429,0.192,0.19307,12031216.0
2024-07-28 20:00:00+00:00,0.19307,0.19312,0.19066,0.19252,9392180.0
2024-07-29 00:00:00+00:00,0.19254,0.19996,0.19253,0.19824,21321033.0
2024-07-29 04:00:00+00:00,0.19826,0.2023,0.19762,0.20196,15589250.0
2024-07-29 08:00:00+00:00,0.20196,0.20335,0.20068,0.201,12750726.0
2024-07-29 12:00:00+00:00,0.20099,0.20251,0.19418,0.19553,24649769.0
2024-07-29 16:00:00+00:00,0.1955,0.1955,0.19185,0.19387,19892471.0
2024-07-29 20:00:00+00:00,0.19387,0.19438,0.19148,0.19182,10833372.0
2024-07-30 00:00:00+00:00,0.19183,0.19372,0.18958,0.19266,12632078.0
2024-07-30 04:00:00+00:00,0.19265,0.1949,0.19152,0.19446,11016257.0
2024-07-30 08:00:00+00:00,0.19446,0.1952,0.19135,0.19139,9585723.0
2024-07-30 12:00:00+00:00,0.19135,0.19363,0.18899,0.19033,25156912.0
2024-07-30 16:00:00+00:00,0.1903,0.19073,0.18473,0.18607,18794867.0
2024-07-30 20:00:00+00:00,0.18607,0.18817,0.18343,0.18791,19827678.0
2024-07-31 00:00:00+00:00,0.18793,0.18888,0.18589,0.18653,11485914.0
2024-07-31 04:00:00+00:00,0.18651,0.19009,0.18451,0.18705,17652135.0
2024-07-31 08:00:00+00:00,0.18707,0.18734,0.1846,0.18578,11720127.0
2024-07-31 12:00:00+00:00,0.18577,0.18825,0.18405,0.18439,22776470.0
2024-07-31 16:00:00+00:00,0.18443,0.18688,0.1804,0.18179,23754806.0
2024-07-31 20:00:00+00:00,0.18179,0.18193,0.17819,0.1795,21725608.0
2024-08-01 00:00:00+00:00,0.17953,0.18104,0.17755,0.17797,17626550.0
2024-08-01 04:00:00+00:00,0.17794,0.17876,0.1742,0.17652,20435489.0
2024-08-01 08:00:00+00:00,0.17651,0.1783,0.17631,0.17802,9714873.0
2024-08-01 12:00:00+00:00,0.17797,0.17979,0.17231,0.1729,31345374.0
2024-08-01 16:00:00+00:00,0.17294,0.17299,0.16673,0.1718,45012102.0
2024-08-01 20:00:00+00:00,0.1718,0.17865,0.17047,0.17798,21482357.0
2024-08-02 00:00:00+00:00,0.17797,0.17877,0.17247,0.1758,17413142.0
2024-08-02 04:00:00+00:00,0.1758,0.1762,0.16938,0.16938,26597729.0
2024-08-02 08:00:00+00:00,0.16938,0.1721,0.16715,0.17117,24756702.0
2024-08-02 12:00:00+00:00,0.17114,0.17526,0.16272,0.16838,58807529.0
2024-08-02 16:00:00+00:00,0.16842,0.16893,0.16388,0.16546,26991043.0
2024-08-02 20:00:00+00:00,0.16549,0.16695,0.16172,0.1624,27319125.0
2024-08-03 00:00:00+00:00,0.16239,0.16304,0.15683,0.16267,27555195.0
2024-08-03 04:00:00+00:00,0.16269,0.16397,0.16162,0.16275,11377330.0
2024-08-03 08:00:00+00:00,0.16274,0.16299,0.16141,0.16238,9365197.0
2024-08-03 12:00:00+00:00,0.16238,0.16409,0.15702,0.15715,18979756.0
2024-08-03 16:00:00+00:00,0.15715,0.15827,0.15108,0.15118,48132450.0
2024-08-03 20:00:00+00:00,0.15119,0.15518,0.15025,0.15388,20742422.0
2024-08-04 00:00:00+00:00,0.15388,0.15688,0.15316,0.15621,16444692.0
2024-08-04 04:00:00+00:00,0.15618,0.15639,0.15368,0.15391,8649658.0
2024-08-04 08:00:00+00:00,0.15389,0.1554,0.1529,0.15414,14387252.0
2024-08-04 12:00:00+00:00,0.15414,0.15551,0.14601,0.14616,40120326.0
2024-08-04 16:00:00+00:00,0.14616,0.14879,0.13924,0.14777,79422976.0
2024-08-04 20:00:00+00:00,0.14774,0.14957,0.14353,0.14391,19162075.0
2024-08-05 00:00:00+00:00,0.14389,0.14494,0.11763,0.12472,189453936.0
2024-08-05 04:00:00+00:00,0.1247,0.12723,0.112,0.12604,188353873.0
2024-08-05 08:00:00+00:00,0.12606,0.1264,0.11542,0.11985,100742810.0
2024-08-05 12:00:00+00:00,0.11985,0.13492,0.11504,0.13423,168301869.0
2024-08-05 16:00:00+00:00,0.13426,0.1387,0.13,0.13172,66011217.0
2024-08-05 20:00:00+00:00,0.13168,0.13508,0.13102,0.13124,33993591.0
2024-08-06 00:00:00+00:00,0.13128,0.14048,0.13106,0.13679,37984587.0
2024-08-06 04:00:00+00:00,0.13681,0.14053,0.1358,0.14048,24754962.0
2024-08-06 08:00:00+00:00,0.14048,0.14048,0.1347,0.13523,31178551.0
2024-08-06 12:00:00+00:00,0.13526,0.14184,0.13294,0.13904,49582779.0
2024-08-06 16:00:00+00:00,0.13908,0.14121,0.13819,0.13866,24063573.0
2024-08-06 20:00:00+00:00,0.13863,0.14085,0.13652,0.13734,19234445.0
2024-08-07 00:00:00+00:00,0.13732,0.14193,0.13585,0.14032,33049175.0
2024-08-07 04:00:00+00:00,0.14031,0.14192,0.1389,0.13996,19450831.0
2024-08-07 08:00:00+00:00,0.1399,0.14262,0.13852,0.13872,23117472.0
2024-08-07 12:00:00+00:00,0.13873,0.14169,0.13329,0.13586,53468099.0
2024-08-07 16:00:00+00:00,0.13587,0.13633,0.12986,0.13025,55503155.0
2024-08-07 20:00:00+00:00,0.13028,0.13142,0.12725,0.12858,40963088.0
2024-08-08 00:00:00+00:00,0.12855,0.13734,0.12682,0.13474,46116044.0
2024-08-08 04:00:00+00:00,0.13472,0.13587,0.13348,0.13391,21379277.0
2024-08-08 08:00:00+00:00,0.13393,0.13495,0.13346,0.13389,15632682.0
2024-08-08 12:00:00+00:00,0.13388,0.14009,0.13255,0.13991,47833411.0
2024-08-08 16:00:00+00:00,0.13996,0.14212,0.1386,0.13896,27759602.0
2024-08-08 20:00:00+00:00,0.13897,0.14709,0.13854,0.14631,40430019.0
2024-08-09 00:00:00+00:00,0.14629,0.14688,0.14403,0.14442,25030240.0
2024-08-09 04:00:00+00:00,0.14441,0.14456,0.1415,0.14277,17725751.0
2024-08-09 08:00:00+00:00,0.14279,0.14403,0.14079,0.1418,20006965.0
2024-08-09 12:00:00+00:00,0.14181,0.14364,0.13913,0.13963,30203392.0
2024-08-09 16:00:00+00:00,0.13967,0.14197,0.13938,0.14161,16950705.0
2024-08-09 20:00:00+00:00,0.14159,0.14342,0.14063,0.14278,20310660.0
2024-08-10 00:00:00+00:00,0.14279,0.14487,0.1406,0.14132,21325890.0
2024-08-10 04:00:00+00:00,0.14133,0.14249,0.14033,0.1422,9362223.0
2024-08-10 08:00:00+00:00,0.1422,0.14373,0.14115,0.14373,11642470.0
2024-08-10 12:00:00+00:00,0.14373,0.14376,0.14134,0.14278,13935939.0
2024-08-10 16:00:00+00:00,0.14277,0.14647,0.14234,0.14536,16313574.0
2024-08-10 20:00:00+00:00,0.14536,0.14712,0.14435,0.14606,11770162.0
2024-08-11 00:00:00+00:00,0.14607,0.14761,0.14513,0.14639,13810441.0
2024-08-11 04:00:00+00:00,0.14638,0.14919,0.1458,0.14882,10543974.0
2024-08-11 08:00:00+00:00,0.14885,0.15256,0.14712,0.14872,33803090.0
2024-08-11 12:00:00+00:00,0.14866,0.14897,0.14263,0.14379,40735677.0
2024-08-11 16:00:00+00:00,0.14378,0.14429,0.14002,0.1402,24618304.0
2024-08-11 20:00:00+00:00,0.14019,0.14025,0.13585,0.13651,34854643.0
2024-08-12 00:00:00+00:00,0.1365,0.13856,0.1361,0.13748,19621718.0
2024-08-12 04:00:00+00:00,0.13744,0.13979,0.13493,0.13925,23262022.0
2024-08-12 08:00:00+00:00,0.13926,0.14667,0.13891,0.14622,40895984.0
2024-08-12 12:00:00+00:00,0.14617,0.14625,0.13884,0.14434,56545608.0
2024-08-12 16:00:00+00:00,0.14433,0.14488,0.14003,0.14135,19664853.0
2024-08-12 20:00:00+00:00,0.14138,0.14459,0.13978,0.14328,18722391.0
2024-08-13 00:00:00+00:00,0.14327,0.14451,0.13971,0.14022,25141333.0
2024-08-13 04:00:00+00:00,0.14021,0.14229,0.13959,0.14119,12527158.0
2024-08-13 08:00:00+00:00,0.14118,0.14128,0.13814,0.13993,17196696.0
2024-08-13 12:00:00+00:00,0.13999,0.14289,0.13948,0.14192,21790165.0
2024-08-13 16:00:00+00:00,0.14191,0.14849,0.14171,0.14737,33600407.0
2024-08-13 20:00:00+00:00,0.14735,0.14755,0.14572,0.14615,11115766.0
2024-08-14 00:00:00+00:00,0.14616,0.14661,0.14442,0.14527,16669538.0
2024-08-14 04:00:00+00:00,0.14527,0.14555,0.14373,0.14427,13148044.0
2024-08-14 08:00:00+00:00,0.1443,0.14548,0.14357,0.14517,31299648.0
2024-08-14 12:00:00+00:00,0.14513,0.14767,0.13948,0.14373,61376282.0
2024-08-14 16:00:00+00:00,0.14372,0.14372,0.14094,0.14174,20808034.0
2024-08-14 20:00:00+00:00,0.14172,0.14331,0.14042,0.14218,16074817.0
2024-08-15 00:00:00+00:00,0.14222,0.14376,0.14133,0.14267,17214044.0
2024-08-15 04:00:00+00:00,0.14271,0.14305,0.13932,0.1404,15934210.0
2024-08-15 08:00:00+00:00,0.14043,0.14248,0.13971,0.14194,18138574.0
2024-08-15 12:00:00+00:00,0.14194,0.14499,0.14169,0.14293,30026979.0
2024-08-15 16:00:00+00:00,0.14293,0.14377,0.13485,0.13582,49621278.0
2024-08-15 20:00:00+00:00,0.13578,0.13723,0.13405,0.13624,31201746.0
2024-08-16 00:00:00+00:00,0.13623,0.13817,0.13511,0.13573,19751291.0
2024-08-16 04:00:00+00:00,0.13573,0.1388,0.13536,0.13842,12953573.0
2024-08-16 08:00:00+00:00,0.13845,0.13877,0.13625,0.13669,17180951.0
2024-08-16 12:00:00+00:00,0.13667,0.13742,0.13193,0.13343,41872041.0
2024-08-16 16:00:00+00:00,0.13343,0.13821,0.1331,0.13745,26124969.0
2024-08-16 20:00:00+00:00,0.13749,0.13851,0.13636,0.13669,14342388.0
2024-08-17 00:00:00+00:00,0.13669,0.13729,0.13534,0.13601,9181279.0
2024-08-17 04:00:00+00:00,0.13604,0.13686,0.13542,0.13635,6595170.0
2024-08-17 08:00:00+00:00,0.13634,0.13725,0.13514,0.1355,9637504.0
2024-08-17 12:00:00+00:00,0.1355,0.138,0.13539,0.13678,12031811.0
2024-08-17 16:00:00+00:00,0.13678,0.13867,0.13644,0.13698,11380142.0
2024-08-17 20:00:00+00:00,0.137,0.13839,0.13692,0.13832,7610544.0
2024-08-18 00:00:00+00:00,0.13831,0.13911,0.13639,0.13639,11601353.0
2024-08-18 04:00:00+00:00,0.13643,0.13786,0.13623,0.13755,7157170.0
2024-08-18 08:00:00+00:00,0.1375,0.14095,0.13712,0.14058,14142325.0
2024-08-18 12:00:00+00:00,0.14057,0.14323,0.14022,0.14298,13197401.0
2024-08-18 16:00:00+00:00,0.143,0.14389,0.14143,0.14334,11197485.0
2024-08-18 20:00:00+00:00,0.14335,0.14374,0.13957,0.13974,18214907.0
2024-08-19 00:00:00+00:00,0.13976,0.14051,0.13836,0.14006,15054199.0
2024-08-19 04:00:00+00:00,0.14,0.14007,0.1372,0.13798,17360972.0
2024-08-19 08:00:00+00:00,0.13797,0.14004,0.13653,0.13957,21979988.0
2024-08-19 12:00:00+00:00,0.13954,0.14179,0.13846,0.13984,17885255.0
2024-08-19 16:00:00+00:00,0.13984,0.14192,0.13797,0.14168,18986434.0
2024-08-19 20:00:00+00:00,0.14168,0.14477,0.14152,0.14452,20625134.0
2024-08-20 00:00:00+00:00,0.14452,0.14723,0.14403,0.14614,18950607.0
2024-08-20 04:00:00+00:00,0.14615,0.14848,0.14598,0.14708,13588200.0
2024-08-20 08:00:00+00:00,0.1471,0.14757,0.14569,0.14616,16390000.0
2024-08-20 12:00:00+00:00,0.14615,0.14684,0.1406,0.14204,25574160.0
2024-08-20 16:00:00+00:00,0.14202,0.14472,0.14158,0.14436,10554740.0
2024-08-20 20:00:00+00:00,0.14438,0.14544,0.1426,0.14271,10473374.0
2024-08-21 00:00:00+00:00,0.1427,0.14475,0.14256,0.14385,12046873.0
2024-08-21 04:00:00+00:00,0.14385,0.14681,0.14362,0.14617,10969715.0
2024-08-21 08:00:00+00:00,0.14618,0.14671,0.14334,0.14349,14388575.0
2024-08-21 12:00:00+00:00,0.14348,0.146,0.14092,0.14352,31937089.0
2024-08-21 16:00:00+00:00,0.14351,0.14976,0.14264,0.14957,25706138.0
2024-08-21 20:00:00+00:00,0.14966,0.15148,0.14906,0.14974,17931953.0
2024-08-22 00:00:00+00:00,0.14971,0.15079,0.14706,0.14937,13555685.0
2024-08-22 04:00:00+00:00,0.14936,0.15132,0.14919,0.15131,7671086.0
2024-08-22 08:00:00+00:00,0.1513,0.15588,0.1508,0.15496,22299000.0
2024-08-22 12:00:00+00:00,0.15496,0.15497,0.15187,0.15293,21819540.0
2024-08-22 16:00:00+00:00,0.15293,0.15411,0.15228,0.15265,14612143.0
2024-08-22 20:00:00+00:00,0.15267,0.15517,0.15262,0.15487,12505953.0
2024-08-23 00:00:00+00:00,0.15483,0.16139,0.15462,0.16131,28688396.0
2024-08-23 04:00:00+00:00,0.16128,0.16398,0.16012,0.16367,28405285.0
2024-08-23 08:00:00+00:00,0.16369,0.16419,0.16088,0.16107,22027446.0
2024-08-23 12:00:00+00:00,0.16104,0.16817,0.16104,0.16731,38697103.0
2024-08-23 16:00:00+00:00,0.16728,0.172,0.16628,0.17016,27696520.0
2024-08-23 20:00:00+00:00,0.17014,0.17212,0.16928,0.17044,14769637.0
2024-08-24 00:00:00+00:00,0.17049,0.17122,0.16738,0.16754,12161771.0
2024-08-24 04:00:00+00:00,0.16756,0.16928,0.16676,0.16924,11825487.0
2024-08-24 08:00:00+00:00,0.16916,0.17425,0.16826,0.17327,23679885.0
2024-08-24 12:00:00+00:00,0.17327,0.17757,0.17245,0.17475,23820212.0
2024-08-24 16:00:00+00:00,0.17473,0.18022,0.17453,0.17945,23926339.0
2024-08-24 20:00:00+00:00,0.17944,0.17998,0.17422,0.17652,22413283.0
2024-08-25 00:00:00+00:00,0.17652,0.17666,0.17104,0.17361,35929963.0
2024-08-25 04:00:00+00:00,0.1736,0.17382,0.16713,0.16795,25105211.0
2024-08-25 08:00:00+00:00,0.16792,0.17267,0.16676,0.17135,20806831.0
2024-08-25 12:00:00+00:00,0.17137,0.17475,0.17116,0.1731,17680295.0
2024-08-25 16:00:00+00:00,0.17311,0.17481,0.17073,0.17252,20277600.0
2024-08-25 20:00:00+00:00,0.17253,0.1756,0.17152,0.17196,15728968.0
2024-08-26 00:00:00+00:00,0.17196,0.17383,0.16867,0.17152,17331630.0
2024-08-26 04:00:00+00:00,0.17149,0.17193,0.16803,0.16872,12353908.0
2024-08-26 08:00:00+00:00,0.16879,0.17416,0.16774,0.17247,22108795.0
2024-08-26 12:00:00+00:00,0.17252,0.17323,0.16612,0.16689,31162235.0
2024-08-26 16:00:00+00:00,0.16685,0.16867,0.16222,0.16306,29249384.0
2024-08-26 20:00:00+00:00,0.16305,0.1642,0.16086,0.161,12590926.0
2024-08-27 00:00:00+00:00,0.161,0.16297,0.16083,0.16177,13020086.0
2024-08-27 04:00:00+00:00,0.16178,0.1664,0.16119,0.16263,19869433.0
2024-08-27 08:00:00+00:00,0.16262,0.16347,0.15836,0.15949,22207314.0
2024-08-27 12:00:00+00:00,0.15949,0.15992,0.15681,0.15812,23054153.0
2024-08-27 16:00:00+00:00,0.1581,0.1613,0.15699,0.15975,17473898.0
2024-08-27 20:00:00+00:00,0.15974,0.15984,0.14801,0.15078,51504996.0
2024-08-28 00:00:00+00:00,0.15078,0.15275,0.14872,0.1525,20489874.0
2024-08-28 04:00:00+00:00,0.15249,0.15269,0.14768,0.14777,15031161.0
2024-08-28 08:00:00+00:00,0.14777,0.1549,0.14686,0.15354,29033995.0
2024-08-28 12:00:00+00:00,0.15353,0.15497,0.14794,0.14926,28325609.0
2024-08-28 16:00:00+00:00,0.1492,0.1504,0.1433,0.14771,44491549.0
2024-08-28 20:00:00+00:00,0.14771,0.15069,0.14486,0.14623,29275085.0
2024-08-29 00:00:00+00:00,0.14624,0.14772,0.14533,0.14733,14304565.0
2024-08-29 04:00:00+00:00,0.1473,0.1505,0.14621,0.14977,17634738.0
2024-08-29 08:00:00+00:00,0.14973,0.15141,0.14804,0.14982,17103939.0
2024-08-29 12:00:00+00:00,0.14981,0.15257,0.1496,0.15098,24339966.0
2024-08-29 16:00:00+00:00,0.15096,0.1516,0.14344,0.14562,30262071.0
2024-08-29 20:00:00+00:00,0.14562,0.14727,0.144,0.14641,14290009.0
2024-08-30 00:00:00+00:00,0.1464,0.14801,0.14542,0.14584,12785319.0
2024-08-30 04:00:00+00:00,0.1458,0.14797,0.1445,0.14669,14653208.0
2024-08-30 08:00:00+00:00,0.14668,0.1479,0.14605,0.14619,12840462.0
2024-08-30 12:00:00+00:00,0.14617,0.14813,0.13908,0.13986,36404756.0
2024-08-30 16:00:00+00:00,0.13987,0.14731,0.13905,0.14535,29560137.0
2024-08-30 20:00:00+00:00,0.14538,0.14784,0.14525,0.14724,11633577.0
2024-08-31 00:00:00+00:00,0.14725,0.14894,0.14725,0.14812,9872734.0
2024-08-31 04:00:00+00:00,0.14811,0.14862,0.14717,0.14723,6756133.0
2024-08-31 08:00:00+00:00,0.14723,0.14776,0.14554,0.14696,10426635.0
2024-08-31 12:00:00+00:00,0.14694,0.14779,0.14554,0.14669,9991135.0
2024-08-31 16:00:00+00:00,0.14672,0.14682,0.14369,0.1445,10627294.0
2024-08-31 20:00:00+00:00,0.14454,0.14617,0.14405,0.14565,6026573.0
2024-09-01 00:00:00+00:00,0.14565,0.14614,0.14277,0.14451,10173115.0
2024-09-01 04:00:00+00:00,0.1445,0.14495,0.14205,0.14493,10483951.0
2024-09-01 08:00:00+00:00,0.14495,0.1452,0.14184,0.14303,9157402.0
2024-09-01 12:00:00+00:00,0.14304,0.14355,0.13934,0.1429,17496587.0
2024-09-01 16:00:00+00:00,0.14289,0.14473,0.13957,0.14345,21081640.0
2024-09-01 20:00:00+00:00,0.1434,0.14497,0.13647,0.13804,26902740.0
2024-09-02 00:00:00+00:00,0.13803,0.14048,0.13713,0.13938,18316853.0
2024-09-02 04:00:00+00:00,0.13934,0.14003,0.13748,0.13791,11391409.0
2024-09-02 08:00:00+00:00,0.13786,0.14523,0.13781,0.14418,22503211.0
2024-09-02 12:00:00+00:00,0.14416,0.14464,0.14087,0.14364,22375880.0
2024-09-02 16:00:00+00:00,0.14364,0.14423,0.14243,0.14316,10409546.0
2024-09-02 20:00:00+00:00,0.14316,0.14684,0.14272,0.14562,14045389.0
2024-09-03 00:00:00+00:00,0.14562,0.14784,0.14487,0.14513,11364746.0
2024-09-03 04:00:00+00:00,0.1451,0.14559,0.14379,0.14544,9920921.0
2024-09-03 08:00:00+00:00,0.14544,0.14546,0.14282,0.14412,10055627.0
2024-09-03 12:00:00+00:00,0.14411,0.14508,0.13704,0.1372,24882245.0
2024-09-03 16:00:00+00:00,0.13721,0.13894,0.13677,0.13833,13227177.0
2024-09-03 20:00:00+00:00,0.1383,0.13902,0.13508,0.13548,15559013.0
2024-09-04 00:00:00+00:00,0.13547,0.13749,0.1291,0.13492,48099369.0
2024-09-04 04:00:00+00:00,0.13491,0.13741,0.13439,0.13682,12981939.0
2024-09-04 08:00:00+00:00,0.13682,0.13749,0.13527,0.13549,13207649.0
2024-09-04 12:00:00+00:00,0.13549,0.14099,0.13489,0.14034,34561602.0
2024-09-04 16:00:00+00:00,0.14034,0.14293,0.1391,0.14013,22264101.0
2024-09-04 20:00:00+00:00,0.1401,0.14114,0.13935,0.13959,11995147.0
2024-09-05 00:00:00+00:00,0.13959,0.14113,0.13755,0.13822,14150981.0
2024-09-05 04:00:00+00:00,0.13818,0.13964,0.13725,0.13892,9958620.0
2024-09-05 08:00:00+00:00,0.13893,0.13943,0.13712,0.13737,8624372.0
2024-09-05 12:00:00+00:00,0.13735,0.13958,0.13484,0.13561,23468261.0
2024-09-05 16:00:00+00:00,0.13563,0.13644,0.1329,0.13372,15644443.0
2024-09-05 20:00:00+00:00,0.1337,0.13458,0.13311,0.13392,10251147.0
2024-09-06 00:00:00+00:00,0.13391,0.13635,0.13343,0.13524,10591038.0
2024-09-06 04:00:00+00:00,0.13519,0.13576,0.13183,0.1333,11915600.0
2024-09-06 08:00:00+00:00,0.13328,0.13536,0.13278,0.13437,9825782.0
2024-09-06 12:00:00+00:00,0.13437,0.13831,0.13089,0.133,53266586.0
2024-09-06 16:00:00+00:00,0.13302,0.13303,0.12856,0.12964,33947633.0
2024-09-06 20:00:00+00:00,0.12961,0.13098,0.12564,0.12974,37172512.0
2024-09-07 00:00:00+00:00,0.12974,0.1305,0.12877,0.1288,10350899.0
2024-09-07 04:00:00+00:00,0.1288,0.13147,0.12855,0.1314,14116412.0
2024-09-07 08:00:00+00:00,0.13134,0.13247,0.13111,0.13186,8826736.0
2024-09-07 12:00:00+00:00,0.13187,0.13455,0.13187,0.13313,13908377.0
2024-09-07 16:00:00+00:00,0.13308,0.13394,0.13147,0.13342,14712436.0
2024-09-07 20:00:00+00:00,0.13345,0.13359,0.13012,0.13163,11314964.0
2024-09-08 00:00:00+00:00,0.13167,0.13392,0.13136,0.13374,8774599.0
2024-09-08 04:00:00+00:00,0.13374,0.13564,0.13367,0.13538,9806713.0
2024-09-08 08:00:00+00:00,0.13537,0.13703,0.13471,0.13488,13362385.0
2024-09-08 12:00:00+00:00,0.13484,0.1352,0.13178,0.13204,18408234.0
2024-09-08 16:00:00+00:00,0.13202,0.13428,0.1313,0.13312,10481483.0
2024-09-08 20:00:00+00:00,0.13313,0.13818,0.13276,0.1363,17075862.0
2024-09-09 00:00:00+00:00,0.1363,0.13788,0.13579,0.1372,11772916.0
2024-09-09 04:00:00+00:00,0.13726,0.13781,0.13584,0.13777,8876483.0
2024-09-09 08:00:00+00:00,0.13774,0.14011,0.13765,0.13873,19855589.0
2024-09-09 12:00:00+00:00,0.13877,0.13974,0.13646,0.1387,17015029.0
2024-09-09 16:00:00+00:00,0.1387,0.14299,0.13869,0.1428,25297711.0
2024-09-09 20:00:00+00:00,0.1428,0.1449,0.14176,0.14291,13421436.0
2024-09-10 00:00:00+00:00,0.1429,0.14297,0.13965,0.13975,10271406.0
2024-09-10 04:00:00+00:00,0.13972,0.14222,0.13943,0.14193,11435256.0
2024-09-10 08:00:00+00:00,0.1419,0.14361,0.14076,0.14339,12722596.0
2024-09-10 12:00:00+00:00,0.14335,0.14343,0.14037,0.141,14222525.0
2024-09-10 16:00:00+00:00,0.14101,0.14459,0.14092,0.14312,18675318.0
2024-09-10 20:00:00+00:00,0.14305,0.14327,0.14132,0.14141,13898952.0
2024-09-11 00:00:00+00:00,0.14143,0.1417,0.13774,0.13858,17816639.0
2024-09-11 04:00:00+00:00,0.13854,0.13855,0.13572,0.13831,15950749.0
2024-09-11 08:00:00+00:00,0.13828,0.13831,0.13524,0.13618,17348638.0
2024-09-11 12:00:00+00:00,0.13625,0.13891,0.13284,0.13608,42656562.0
2024-09-11 16:00:00+00:00,0.13607,0.13835,0.13575,0.13733,25349874.0
2024-09-11 20:00:00+00:00,0.13729,0.13794,0.1368,0.13733,11076927.0
2024-09-12 00:00:00+00:00,0.13732,0.14187,0.13707,0.14114,21799243.0
2024-09-12 04:00:00+00:00,0.14115,0.14215,0.14007,0.14062,14383184.0
2024-09-12 08:00:00+00:00,0.14058,0.14172,0.14018,0.14085,12429937.0
2024-09-12 12:00:00+00:00,0.14083,0.14242,0.13824,0.13857,28566489.0
2024-09-12 16:00:00+00:00,0.13855,0.1434,0.13848,0.14329,22349773.0
2024-09-12 20:00:00+00:00,0.14329,0.144,0.14197,0.14389,13507428.0
2024-09-13 00:00:00+00:00,0.14391,0.14562,0.14381,0.14398,19261771.0
2024-09-13 04:00:00+00:00,0.14401,0.14485,0.1433,0.1447,15147708.0
2024-09-13 08:00:00+00:00,0.14472,0.14635,0.14441,0.14454,18337563.0
2024-09-13 12:00:00+00:00,0.14456,0.14987,0.14283,0.14915,45108871.0
2024-09-13 16:00:00+00:00,0.14914,0.14975,0.14621,0.1476,26549724.0
2024-09-13 20:00:00+00:00,0.14761,0.15041,0.14745,0.15008,12753080.0
2024-09-14 00:00:00+00:00,0.15009,0.15134,0.1488,0.15104,11317974.0
2024-09-14 04:00:00+00:00,0.15104,0.15202,0.14887,0.14914,11811803.0
2024-09-14 08:00:00+00:00,0.14912,0.15052,0.14808,0.14859,14711576.0
2024-09-14 12:00:00+00:00,0.14858,0.15044,0.14843,0.14971,12013236.0
2024-09-14 16:00:00+00:00,0.14965,0.15022,0.1473,0.14825,11984660.0
2024-09-14 20:00:00+00:00,0.14827,0.14947,0.14809,0.14923,6775788.0
2024-09-15 00:00:00+00:00,0.14923,0.1502,0.14841,0.1488,7187933.0
2024-09-15 04:00:00+00:00,0.14876,0.14958,0.14808,0.14914,8135450.0
2024-09-15 08:00:00+00:00,0.14915,0.14922,0.14635,0.14725,12757060.0
2024-09-15 12:00:00+00:00,0.14723,0.14862,0.14665,0.148,10251979.0
2024-09-15 16:00:00+00:00,0.14801,0.14808,0.14513,0.14574,18081398.0
2024-09-15 20:00:00+00:00,0.14574,0.14582,0.14092,0.14241,23045163.0
2024-09-16 00:00:00+00:00,0.14244,0.1426,0.13846,0.1409,20994782.0
2024-09-16 04:00:00+00:00,0.14087,0.14246,0.13992,0.14226,12675146.0
2024-09-16 08:00:00+00:00,0.14224,0.14359,0.1396,0.14057,14022858.0
2024-09-16 12:00:00+00:00,0.14056,0.14081,0.13681,0.13879,24086715.0
2024-09-16 16:00:00+00:00,0.1388,0.13987,0.13746,0.13838,14599698.0
2024-09-16 20:00:00+00:00,0.13835,0.13887,0.13682,0.13822,8798755.0
2024-09-17 00:00:00+00:00,0.13822,0.13897,0.1367,0.13866,9099284.0
2024-09-17 04:00:00+00:00,0.13866,0.14274,0.13835,0.14149,13785219.0
2024-09-17 08:00:00+00:00,0.1415,0.1422,0.13981,0.1408,14449155.0
2024-09-17 12:00:00+00:00,0.1408,0.14454,0.13992,0.14336,35277774.0
2024-09-17 16:00:00+00:00,0.14335,0.14378,0.13968,0.1408,19689189.0
2024-09-17 20:00:00+00:00,0.14083,0.14258,0.14036,0.14178,10496588.0
2024-09-18 00:00:00+00:00,0.1418,0.14359,0.13992,0.14225,15147822.0
2024-09-18 04:00:00+00:00,0.14225,0.14239,0.13991,0.14041,10706805.0
2024-09-18 08:00:00+00:00,0.14041,0.14056,0.135,0.13682,29536878.0
2024-09-18 12:00:00+00:00,0.13683,0.13792,0.1346,0.1349,22372065.0
2024-09-18 16:00:00+00:00,0.13488,0.14305,0.13431,0.13998,44959870.0
2024-09-18 20:00:00+00:00,0.14,0.14722,0.13843,0.14701,22295631.0
2024-09-19 00:00:00+00:00,0.14701,0.15119,0.14701,0.14997,36925712.0
2024-09-19 04:00:00+00:00,0.14995,0.15152,0.14922,0.15148,19964072.0
2024-09-19 08:00:00+00:00,0.15149,0.15531,0.14943,0.15517,33006018.0
2024-09-19 12:00:00+00:00,0.15518,0.15654,0.15324,0.15594,39901611.0
2024-09-19 16:00:00+00:00,0.15595,0.15831,0.15388,0.15422,29861748.0
2024-09-19 20:00:00+00:00,0.15427,0.15515,0.15202,0.1539,21964255.0
2024-09-20 00:00:00+00:00,0.15388,0.15655,0.15046,0.15652,30552223.0
2024-09-20 04:00:00+00:00,0.15653,0.16343,0.15607,0.1628,47111581.0
2024-09-20 08:00:00+00:00,0.16282,0.16284,0.1577,0.159,29013166.0
2024-09-20 12:00:00+00:00,0.159,0.16125,0.15742,0.15943,33677097.0
2024-09-20 16:00:00+00:00,0.15945,0.15991,0.15618,0.15768,16508766.0
2024-09-20 20:00:00+00:00,0.15766,0.16167,0.15762,0.16092,16657643.0
2024-09-21 00:00:00+00:00,0.16091,0.16566,0.1603,0.16156,32794032.0
2024-09-21 04:00:00+00:00,0.16156,0.16365,0.15953,0.16362,18028142.0
2024-09-21 08:00:00+00:00,0.16354,0.16594,0.16188,0.16375,20924748.0
2024-09-21 12:00:00+00:00,0.16371,0.16663,0.16306,0.16412,17806656.0
2024-09-21 16:00:00+00:00,0.16413,0.16542,0.16367,0.16443,9077968.0
2024-09-21 20:00:00+00:00,0.1644,0.167,0.16256,0.16609,12543050.0
2024-09-22 00:00:00+00:00,0.16612,0.16617,0.16064,0.1621,20620997.0
2024-09-22 04:00:00+00:00,0.16211,0.1628,0.15946,0.16072,13618960.0
2024-09-22 08:00:00+00:00,0.16073,0.16232,0.15826,0.15968,15716671.0
2024-09-22 12:00:00+00:00,0.15966,0.15995,0.15681,0.15781,15876572.0
2024-09-22 16:00:00+00:00,0.15781,0.16033,0.15642,0.15992,12079163.0
2024-09-22 20:00:00+00:00,0.15993,0.1616,0.15482,0.16026,28546334.0
2024-09-23 00:00:00+00:00,0.16031,0.17276,0.15605,0.1708,55349514.0
2024-09-23 04:00:00+00:00,0.17082,0.17782,0.16876,0.17286,67130375.0
2024-09-23 08:00:00+00:00,0.17287,0.17614,0.17143,0.17426,39294748.0
2024-09-23 12:00:00+00:00,0.17425,0.17958,0.17164,0.17662,64456750.0
2024-09-23 16:00:00+00:00,0.17661,0.17766,0.17284,0.17316,24680617.0
2024-09-23 20:00:00+00:00,0.17321,0.17508,0.17205,0.17459,22110495.0
2024-09-24 00:00:00+00:00,0.17456,0.17487,0.16985,0.17229,39756610.0
2024-09-24 04:00:00+00:00,0.17229,0.17608,0.16993,0.17574,35649919.0
2024-09-24 08:00:00+00:00,0.17572,0.17878,0.17504,0.1783,43387613.0
2024-09-24 12:00:00+00:00,0.1783,0.18546,0.17639,0.17897,88777773.0
2024-09-24 16:00:00+00:00,0.17897,0.18453,0.17758,0.18434,30159018.0
2024-09-24 20:00:00+00:00,0.18433,0.1875,0.18306,0.18719,38285485.0
2024-09-25 00:00:00+00:00,0.18719,0.19045,0.18531,0.1859,40092956.0
2024-09-25 04:00:00+00:00,0.18591,0.18605,0.18008,0.18169,41272172.0
2024-09-25 08:00:00+00:00,0.18166,0.18261,0.18035,0.18234,17536115.0
2024-09-25 12:00:00+00:00,0.18231,0.1845,0.17938,0.18169,30101509.0
2024-09-25 16:00:00+00:00,0.18168,0.18358,0.1793,0.17946,23412007.0
2024-09-25 20:00:00+00:00,0.17949,0.18174,0.17726,0.17878,28737275.0
2024-09-26 00:00:00+00:00,0.17878,0.18053,0.17458,0.17857,34686503.0
2024-09-26 04:00:00+00:00,0.17854,0.187,0.17702,0.18571,38134056.0
2024-09-26 08:00:00+00:00,0.18574,0.18796,0.18324,0.18609,25465888.0
2024-09-26 12:00:00+00:00,0.18609,0.18977,0.1844,0.1886,39819066.0
2024-09-26 16:00:00+00:00,0.1886,0.19086,0.18574,0.1858,24959574.0
2024-09-26 20:00:00+00:00,0.18578,0.18757,0.18322,0.18691,23470312.0
2024-09-27 00:00:00+00:00,0.1869,0.18729,0.18273,0.18686,28119798.0
2024-09-27 04:00:00+00:00,0.18687,0.19055,0.18544,0.18774,35060584.0
2024-09-27 08:00:00+00:00,0.18776,0.19063,0.18584,0.18704,26526024.0
2024-09-27 12:00:00+00:00,0.18702,0.19305,0.18537,0.19015,41086111.0
2024-09-27 16:00:00+00:00,0.19016,0.19406,0.18834,0.18856,28069313.0
2024-09-27 20:00:00+00:00,0.18859,0.19036,0.18743,0.1884,16303565.0
2024-09-28 00:00:00+00:00,0.18846,0.19035,0.18718,0.18884,19178828.0
2024-09-28 04:00:00+00:00,0.18883,0.19048,0.18441,0.18446,24409212.0
2024-09-28 08:00:00+00:00,0.18446,0.186,0.18132,0.1845,29631582.0
2024-09-28 12:00:00+00:00,0.18449,0.18582,0.18126,0.18451,22928898.0
2024-09-28 16:00:00+00:00,0.18452,0.18858,0.18304,0.18819,17276288.0
2024-09-28 20:00:00+00:00,0.18822,0.18849,0.18305,0.18644,16785902.0
2024-09-29 00:00:00+00:00,0.18644,0.18821,0.18463,0.1876,19482934.0
2024-09-29 04:00:00+00:00,0.1876,0.18791,0.18077,0.18136,23743982.0
2024-09-29 08:00:00+00:00,0.18137,0.18446,0.18128,0.18307,16748872.0
2024-09-29 12:00:00+00:00,0.18307,0.18522,0.17971,0.1852,30275879.0
2024-09-29 16:00:00+00:00,0.18517,0.19133,0.18387,0.19123,33218227.0
2024-09-29 20:00:00+00:00,0.19128,0.19388,0.18739,0.18833,34731656.0
2024-09-30 00:00:00+00:00,0.18833,0.19055,0.18171,0.18547,43301148.0
2024-09-30 04:00:00+00:00,0.18547,0.19128,0.18281,0.18968,27063002.0
2024-09-30 08:00:00+00:00,0.18968,0.1899,0.18099,0.18431,38102416.0
2024-09-30 12:00:00+00:00,0.18428,0.18515,0.17841,0.17861,25078454.0
2024-09-30 16:00:00+00:00,0.17863,0.1802,0.17696,0.17933,24356155.0
2024-09-30 20:00:00+00:00,0.17933,0.18154,0.17342,0.17517,31872627.0
2024-10-01 00:00:00+00:00,0.17521,0.17916,0.1739,0.17916,30737069.0
2024-10-01 04:00:00+00:00,0.17917,0.18001,0.17602,0.17908,32513177.0
2024-10-01 08:00:00+00:00,0.17908,0.18146,0.17816,0.17926,22308962.0
2024-10-01 12:00:00+00:00,0.17925,0.17995,0.16136,0.16615,99687739.0
2024-10-01 16:00:00+00:00,0.16616,0.16717,0.15369,0.16005,106779934.0
2024-10-01 20:00:00+00:00,0.16002,0.16116,0.15672,0.15918,53697636.0
2024-10-02 00:00:00+00:00,0.15919,0.16268,0.15789,0.16191,57264256.0
2024-10-02 04:00:00+00:00,0.1619,0.1639,0.1591,0.16257,25167855.0
2024-10-02 08:00:00+00:00,0.16255,0.16382,0.15601,0.15785,39828926.0
2024-10-02 12:00:00+00:00,0.15786,0.16033,0.15487,0.15931,45988375.0
2024-10-02 16:00:00+00:00,0.15926,0.16246,0.15004,0.15217,52840856.0
2024-10-02 20:00:00+00:00,0.15221,0.15478,0.15062,0.15357,37178111.0
2024-10-03 00:00:00+00:00,0.15358,0.15713,0.15168,0.15709,26629287.0
2024-10-03 04:00:00+00:00,0.15708,0.15831,0.15488,0.15495,21802981.0
2024-10-03 08:00:00+00:00,0.15495,0.15529,0.14974,0.15303,40810479.0
2024-10-03 12:00:00+00:00,0.15298,0.15501,0.14774,0.15118,54464546.0
2024-10-03 16:00:00+00:00,0.15119,0.1521,0.14754,0.15192,37352168.0
2024-10-03 20:00:00+00:00,0.15192,0.15497,0.14974,0.15394,26979583.0
2024-10-04 00:00:00+00:00,0.15394,0.15603,0.15129,0.15284,35205525.0
2024-10-04 04:00:00+00:00,0.15284,0.15548,0.15274,0.15518,18075320.0
2024-10-04 08:00:00+00:00,0.15517,0.15727,0.15409,0.15621,19770431.0
2024-10-04 12:00:00+00:00,0.1562,0.159,0.15368,0.15896,48113321.0
2024-10-04 16:00:00+00:00,0.15898,0.16094,0.15728,0.15864,28012155.0
2024-10-04 20:00:00+00:00,0.15867,0.15969,0.15776,0.15966,14387550.0
2024-10-05 00:00:00+00:00,0.15964,0.16049,0.15582,0.15647,15042467.0
2024-10-05 04:00:00+00:00,0.15646,0.16101,0.15608,0.15994,14941713.0
2024-10-05 08:00:00+00:00,0.15995,0.16239,0.15924,0.16128,15705175.0
2024-10-05 12:00:00+00:00,0.16128,0.16216,0.15813,0.15948,17121310.0
2024-10-05 16:00:00+00:00,0.15946,0.15946,0.15567,0.15594,17007877.0
2024-10-05 20:00:00+00:00,0.15593,0.15836,0.1542,0.15785,13772936.0
2024-10-06 00:00:00+00:00,0.15786,0.15954,0.15685,0.15696,9015443.0
2024-10-06 04:00:00+00:00,0.15696,0.15931,0.15587,0.15855,10702660.0
2024-10-06 08:00:00+00:00,0.15856,0.16116,0.1581,0.1605,15471862.0
2024-10-06 12:00:00+00:00,0.16049,0.16424,0.16,0.16404,26654263.0
2024-10-06 16:00:00+00:00,0.16406,0.16539,0.16186,0.16221,23970299.0
2024-10-06 20:00:00+00:00,0.1622,0.16458,0.16067,0.1642,14513389.0
2024-10-07 00:00:00+00:00,0.1642,0.17345,0.16298,0.17297,45223692.0
2024-10-07 04:00:00+00:00,0.17297,0.17346,0.16945,0.17125,28128251.0
2024-10-07 08:00:00+00:00,0.17124,0.17138,0.16549,0.16834,28074358.0
2024-10-07 12:00:00+00:00,0.16834,0.17539,0.16679,0.17297,41708447.0
2024-10-07 16:00:00+00:00,0.17297,0.17464,0.16655,0.16911,37405584.0
2024-10-07 20:00:00+00:00,0.16915,0.16999,0.16378,0.16432,30157195.0
2024-10-08 00:00:00+00:00,0.16436,0.16757,0.16434,0.16725,25522130.0
2024-10-08 04:00:00+00:00,0.16728,0.16837,0.1615,0.16396,25891483.0
2024-10-08 08:00:00+00:00,0.16397,0.16485,0.1621,0.16457,20994611.0
2024-10-08 12:00:00+00:00,0.16455,0.16537,0.15921,0.16073,40763118.0
2024-10-08 16:00:00+00:00,0.16072,0.16266,0.159,0.16096,27445942.0
2024-10-08 20:00:00+00:00,0.16096,0.16175,0.15758,0.15896,16520523.0
2024-10-09 00:00:00+00:00,0.15894,0.1607,0.15733,0.15895,18755956.0
2024-10-09 04:00:00+00:00,0.15892,0.1605,0.15753,0.15838,15445434.0
2024-10-09 08:00:00+00:00,0.15837,0.16037,0.15763,0.16009,15092386.0
2024-10-09 12:00:00+00:00,0.1601,0.16056,0.15496,0.1589,33830126.0
2024-10-09 16:00:00+00:00,0.15886,0.15923,0.15466,0.15607,21913935.0
2024-10-09 20:00:00+00:00,0.15606,0.15635,0.1534,0.15528,20636968.0
2024-10-10 00:00:00+00:00,0.1553,0.15701,0.15395,0.15637,14655327.0
2024-10-10 04:00:00+00:00,0.15634,0.1587,0.15565,0.15608,13922606.0
2024-10-10 08:00:00+00:00,0.1561,0.15682,0.15324,0.15636,16126661.0
2024-10-10 12:00:00+00:00,0.15637,0.15684,0.15127,0.15327,33741280.0
2024-10-10 16:00:00+00:00,0.15327,0.15445,0.14847,0.15187,33437690.0
2024-10-10 20:00:00+00:00,0.15189,0.15432,0.15132,0.15409,13928226.0
2024-10-11 00:00:00+00:00,0.15415,0.15569,0.15311,0.15509,9997867.0
2024-10-11 04:00:00+00:00,0.1551,0.15677,0.15367,0.15601,13195227.0
2024-10-11 08:00:00+00:00,0.15602,0.15899,0.15597,0.15831,12743927.0
2024-10-11 12:00:00+00:00,0.15831,0.16204,0.15772,0.16122,32826151.0
2024-10-11 16:00:00+00:00,0.16122,0.16431,0.16017,0.16272,24476439.0
2024-10-11 20:00:00+00:00,0.16272,0.16411,0.16174,0.16265,15003386.0
2024-10-12 00:00:00+00:00,0.16266,0.16403,0.16061,0.16153,13709023.0
2024-10-12 04:00:00+00:00,0.16155,0.1647,0.16155,0.16444,23345253.0
2024-10-12 08:00:00+00:00,0.16444,0.16629,0.16348,0.16459,20881435.0
2024-10-12 12:00:00+00:00,0.1646,0.169,0.16357,0.16694,24132924.0
2024-10-12 16:00:00+00:00,0.16692,0.16834,0.16496,0.16541,14385481.0
2024-10-12 20:00:00+00:00,0.1654,0.16747,0.16536,0.16636,10589463.0
2024-10-13 00:00:00+00:00,0.16637,0.1669,0.16219,0.16249,19313794.0
2024-10-13 04:00:00+00:00,0.1625,0.16539,0.1625,0.1636,12903521.0
2024-10-13 08:00:00+00:00,0.16357,0.16442,0.16065,0.16081,14973746.0
2024-10-13 12:00:00+00:00,0.16083,0.16268,0.15797,0.15869,22060807.0
2024-10-13 16:00:00+00:00,0.1587,0.16127,0.15807,0.16059,15439116.0
2024-10-13 20:00:00+00:00,0.16061,0.16772,0.16022,0.16582,26689267.0
2024-10-14 00:00:00+00:00,0.16581,0.17476,0.1628,0.1746,40043867.0
2024-10-14 04:00:00+00:00,0.17461,0.17833,0.1724,0.17635,68655638.0
2024-10-14 08:00:00+00:00,0.17632,0.1784,0.17493,0.17561,40879008.0
2024-10-14 12:00:00+00:00,0.17565,0.1777,0.17389,0.17654,38533302.0
2024-10-14 16:00:00+00:00,0.17648,0.17783,0.17411,0.17676,28936278.0
2024-10-14 20:00:00+00:00,0.17676,0.17892,0.17523,0.17765,23008003.0
2024-10-15 00:00:00+00:00,0.17765,0.17969,0.17473,0.17526,37889868.0
2024-10-15 04:00:00+00:00,0.17527,0.17868,0.17417,0.17739,28173123.0
2024-10-15 08:00:00+00:00,0.17739,0.178,0.17089,0.17177,36223136.0
2024-10-15 12:00:00+00:00,0.17177,0.1798,0.16788,0.17207,83441893.0
2024-10-15 16:00:00+00:00,0.1721,0.17619,0.1709,0.17175,32158481.0
2024-10-15 20:00:00+00:00,0.17174,0.17381,0.16898,0.17371,19545630.0
2024-10-16 00:00:00+00:00,0.17371,0.17461,0.17092,0.17278,18244535.0
2024-10-16 04:00:00+00:00,0.17277,0.17395,0.16989,0.17025,22660502.0
2024-10-16 08:00:00+00:00,0.17024,0.17543,0.16974,0.1735,29607891.0
2024-10-16 12:00:00+00:00,0.17354,0.1744,0.16891,0.17003,34089881.0
2024-10-16 16:00:00+00:00,0.17,0.17088,0.16808,0.16866,20872904.0
2024-10-16 20:00:00+00:00,0.16865,0.16973,0.16731,0.16758,18472193.0
2024-10-17 00:00:00+00:00,0.16758,0.16995,0.16701,0.16842,21519654.0
2024-10-17 04:00:00+00:00,0.1684,0.16877,0.16437,0.16596,19859198.0
2024-10-17 08:00:00+00:00,0.16595,0.16686,0.16292,0.16325,21095568.0
2024-10-17 12:00:00+00:00,0.16325,0.16704,0.1629,0.16572,30301470.0
2024-10-17 16:00:00+00:00,0.16574,0.16577,0.16164,0.1635,22147386.0
2024-10-17 20:00:00+00:00,0.16351,0.1646,0.16313,0.16391,12983127.0
2024-10-18 00:00:00+00:00,0.16391,0.16629,0.16244,0.16448,23354638.0
2024-10-18 04:00:00+00:00,0.16447,0.16642,0.16441,0.16565,15079661.0
2024-10-18 08:00:00+00:00,0.16563,0.1664,0.16423,0.16431,20247997.0
2024-10-18 12:00:00+00:00,0.16431,0.1667,0.1626,0.16642,31201553.0
2024-10-18 16:00:00+00:00,0.16646,0.1688,0.16504,0.16739,21937784.0
2024-10-18 20:00:00+00:00,0.16738,0.16916,0.16651,0.16913,11910813.0
2024-10-19 00:00:00+00:00,0.16913,0.17222,0.1687,0.1704,15926645.0
2024-10-19 04:00:00+00:00,0.17042,0.17147,0.16916,0.16961,12348492.0
2024-10-19 08:00:00+00:00,0.16963,0.17029,0.16655,0.16664,18932210.0
2024-10-19 12:00:00+00:00,0.16662,0.16891,0.1666,0.16779,9421566.0
2024-10-19 16:00:00+00:00,0.16779,0.16789,0.16555,0.16587,15619230.0
2024-10-19 20:00:00+00:00,0.16586,0.16743,0.16574,0.16698,9827610.0
2024-10-20 00:00:00+00:00,0.167,0.16784,0.16443,0.16545,11934405.0
2024-10-20 04:00:00+00:00,0.16543,0.16719,0.16506,0.16656,11850728.0
2024-10-20 08:00:00+00:00,0.16655,0.17114,0.16645,0.17104,20606860.0
2024-10-20 12:00:00+00:00,0.17105,0.17626,0.16924,0.17579,62359870.0
2024-10-20 16:00:00+00:00,0.17581,0.1769,0.17379,0.17416,23023598.0
2024-10-20 20:00:00+00:00,0.17416,0.17957,0.17409,0.17914,31665088.0
2024-10-21 00:00:00+00:00,0.17915,0.18004,0.17515,0.17586,25811131.0
2024-10-21 04:00:00+00:00,0.17583,0.17722,0.17438,0.17461,17482664.0
2024-10-21 08:00:00+00:00,0.17459,0.17582,0.17116,0.1726,36422647.0
2024-10-21 12:00:00+00:00,0.17259,0.17356,0.16861,0.17053,37363446.0
2024-10-21 16:00:00+00:00,0.17056,0.17156,0.16818,0.17073,22878561.0
2024-10-21 20:00:00+00:00,0.17074,0.17186,0.16926,0.16932,12262969.0
2024-10-22 00:00:00+00:00,0.16929,0.17228,0.16669,0.1711,27884687.0
2024-10-22 04:00:00+00:00,0.17107,0.17287,0.17007,0.17021,14775503.0
2024-10-22 08:00:00+00:00,0.17023,0.17023,0.16592,0.16821,29122030.0
2024-10-22 12:00:00+00:00,0.1682,0.16903,0.16527,0.16782,30119339.0
2024-10-22 16:00:00+00:00,0.16781,0.16789,0.16569,0.16697,17780837.0
2024-10-22 20:00:00+00:00,0.16695,0.16852,0.16646,0.16742,12536658.0
2024-10-23 00:00:00+00:00,0.16742,0.16786,0.16451,0.16541,16849339.0
2024-10-23 04:00:00+00:00,0.16542,0.16582,0.16337,0.16371,15846305.0
2024-10-23 08:00:00+00:00,0.16371,0.16498,0.16089,0.16118,25940880.0
2024-10-23 12:00:00+00:00,0.1612,0.16261,0.1587,0.16054,30840423.0
2024-10-23 16:00:00+00:00,0.16055,0.16067,0.15622,0.16003,32721884.0
2024-10-23 20:00:00+00:00,0.16004,0.16127,0.15951,0.16095,14350673.0
2024-10-24 00:00:00+00:00,0.16094,0.16412,0.16001,0.16315,17252520.0
2024-10-24 04:00:00+00:00,0.16315,0.16468,0.16174,0.16195,14643295.0
2024-10-24 08:00:00+00:00,0.16191,0.16274,0.15919,0.16258,18847504.0
2024-10-24 12:00:00+00:00,0.1626,0.16379,0.16172,0.16278,17685469.0
2024-10-24 16:00:00+00:00,0.16278,0.16403,0.16199,0.16368,12572036.0
2024-10-24 20:00:00+00:00,0.16368,0.16517,0.16274,0.16383,15938790.0
2024-10-25 00:00:00+00:00,0.16383,0.16461,0.16141,0.16188,10409364.0
2024-10-25 04:00:00+00:00,0.16187,0.16218,0.15826,0.15972,19466472.0
2024-10-25 08:00:00+00:00,0.15972,0.16271,0.1586,0.16247,14358840.0
2024-10-25 12:00:00+00:00,0.16247,0.16425,0.16046,0.16137,23445704.0
2024-10-25 16:00:00+00:00,0.16134,0.1625,0.15578,0.15872,43277270.0
2024-10-25 20:00:00+00:00,0.1587,0.16066,0.14473,0.15178,65390037.0
2024-10-26 00:00:00+00:00,0.15181,0.15386,0.14956,0.15345,27476954.0
2024-10-26 04:00:00+00:00,0.15349,0.15407,0.15273,0.15304,12900233.0
2024-10-26 08:00:00+00:00,0.15303,0.15416,0.15221,0.15288,10693007.0
2024-10-26 12:00:00+00:00,0.15287,0.15292,0.14778,0.14883,21073524.0
2024-10-26 16:00:00+00:00,0.14888,0.15148,0.14829,0.15122,10416520.0
2024-10-26 20:00:00+00:00,0.15126,0.15315,0.15104,0.15193,8662747.0
2024-10-27 00:00:00+00:00,0.15195,0.15231,0.15032,0.15218,10959573.0
2024-10-27 04:00:00+00:00,0.15221,0.15255,0.1512,0.15138,5692574.0
2024-10-27 08:00:00+00:00,0.15137,0.15255,0.15043,0.15182,14583867.0
2024-10-27 12:00:00+00:00,0.15181,0.15475,0.15178,0.15449,14013570.0
2024-10-27 16:00:00+00:00,0.15449,0.15543,0.15345,0.15411,9707264.0
2024-10-27 20:00:00+00:00,0.15412,0.15665,0.15377,0.15519,10876898.0
2024-10-28 00:00:00+00:00,0.15518,0.15559,0.15044,0.15079,13316952.0
2024-10-28 04:00:00+00:00,0.15078,0.15489,0.14945,0.15389,15244934.0
2024-10-28 08:00:00+00:00,0.15398,0.15487,0.15261,0.15324,10882218.0
2024-10-28 12:00:00+00:00,0.15323,0.15377,0.14933,0.14933,21859934.0
2024-10-28 16:00:00+00:00,0.14934,0.15267,0.14788,0.15126,25924272.0
2024-10-28 20:00:00+00:00,0.15198,0.15736,0.15192,0.15615,18172077.0
2024-10-29 00:00:00+00:00,0.15616,0.1595,0.1551,0.15896,21641910.0
2024-10-29 04:00:00+00:00,0.15896,0.15946,0.15657,0.1572,10725120.0
2024-10-29 08:00:00+00:00,0.15717,0.16078,0.15717,0.15959,41436366.0
2024-10-29 12:00:00+00:00,0.15959,0.16027,0.15691,0.15871,34418049.0
2024-10-29 16:00:00+00:00,0.15868,0.16139,0.15779,0.15821,34585680.0
2024-10-29 20:00:00+00:00,0.15824,0.16069,0.15666,0.16048,17023691.0
2024-10-30 00:00:00+00:00,0.16049,0.16065,0.15788,0.15996,14168444.0
2024-10-30 04:00:00+00:00,0.15994,0.16114,0.15856,0.15881,11797916.0
2024-10-30 08:00:00+00:00,0.15883,0.15979,0.15614,0.15631,17785584.0
2024-10-30 12:00:00+00:00,0.15633,0.16007,0.1555,0.15705,31045294.0
2024-10-30 16:00:00+00:00,0.15705,0.15849,0.1564,0.15707,12808070.0
2024-10-30 20:00:00+00:00,0.15705,0.15932,0.1561,0.15705,19972660.0
2024-10-31 00:00:00+00:00,0.15703,0.15763,0.15438,0.15508,18708504.0
2024-10-31 04:00:00+00:00,0.15509,0.15511,0.15258,0.15376,14005245.0
2024-10-31 08:00:00+00:00,0.15377,0.15417,0.15201,0.15288,13873776.0
2024-10-31 12:00:00+00:00,0.15288,0.15312,0.14875,0.14936,41184652.0
2024-10-31 16:00:00+00:00,0.14932,0.14975,0.14613,0.14626,27888244.0
2024-10-31 20:00:00+00:00,0.14619,0.14802,0.14567,0.14712,19231741.0
2024-11-01 00:00:00+00:00,0.14715,0.14766,0.14335,0.14618,23180865.0
2024-11-01 04:00:00+00:00,0.1462,0.14735,0.14344,0.14442,15952198.0
2024-11-01 08:00:00+00:00,0.14446,0.14851,0.14421,0.14812,18817978.0
2024-11-01 12:00:00+00:00,0.14812,0.15263,0.14502,0.14658,38027362.0
2024-11-01 16:00:00+00:00,0.14656,0.14986,0.1462,0.14719,25559267.0
2024-11-01 20:00:00+00:00,0.1472,0.14793,0.1431,0.14511,18658768.0
2024-11-02 00:00:00+00:00,0.14514,0.14683,0.14502,0.14517,7956004.0
2024-11-02 04:00:00+00:00,0.14518,0.1462,0.1442,0.14609,11575406.0
2024-11-02 08:00:00+00:00,0.14607,0.14633,0.14417,0.14457,9552246.0
2024-11-02 12:00:00+00:00,0.14454,0.14481,0.14124,0.14278,22603058.0
2024-11-02 16:00:00+00:00,0.14283,0.14405,0.1414,0.14273,11530089.0
2024-11-02 20:00:00+00:00,0.14275,0.14376,0.14184,0.14314,6792549.0
2024-11-03 00:00:00+00:00,0.14315,0.14405,0.13758,0.13938,30941372.0
2024-11-03 04:00:00+00:00,0.1394,0.14187,0.13937,0.14018,11145507.0
2024-11-03 08:00:00+00:00,0.14021,0.14024,0.13651,0.13671,17856977.0
2024-11-03 12:00:00+00:00,0.13674,0.13747,0.13164,0.13476,39330667.0
2024-11-03 16:00:00+00:00,0.13475,0.13617,0.13149,0.13502,27196730.0
2024-11-03 20:00:00+00:00,0.13496,0.13778,0.13437,0.13639,18652394.0
2024-11-04 00:00:00+00:00,0.1364,0.1397,0.13448,0.13766,21055412.0
2024-11-04 04:00:00+00:00,0.13768,0.13848,0.13488,0.13516,13424353.0
2024-11-04 08:00:00+00:00,0.13515,0.13705,0.13463,0.13616,18349921.0
2024-11-04 12:00:00+00:00,0.13617,0.13743,0.13345,0.13387,22093260.0
2024-11-04 16:00:00+00:00,0.13387,0.13389,0.13113,0.13178,25210344.0
2024-11-04 20:00:00+00:00,0.1318,0.13232,0.12843,0.13086,30345994.0
2024-11-05 00:00:00+00:00,0.13089,0.13299,0.13051,0.13285,19140300.0
2024-11-05 04:00:00+00:00,0.13284,0.13498,0.13279,0.13483,13013653.0
2024-11-05 08:00:00+00:00,0.13484,0.13601,0.13408,0.13575,14328997.0
2024-11-05 12:00:00+00:00,0.13577,0.1413,0.13489,0.13788,45537954.0
2024-11-05 16:00:00+00:00,0.1379,0.14082,0.13662,0.13731,30641675.0
2024-11-05 20:00:00+00:00,0.1373,0.13968,0.13663,0.13863,23289153.0
2024-11-06 00:00:00+00:00,0.13864,0.14979,0.13863,0.14855,71519202.0
2024-11-06 04:00:00+00:00,0.14855,0.15131,0.14716,0.14896,55077968.0
2024-11-06 08:00:00+00:00,0.149,0.15056,0.1456,0.14998,42227404.0
2024-11-06 12:00:00+00:00,0.15,0.1508,0.14776,0.1494,33154147.0
2024-11-06 16:00:00+00:00,0.14945,0.15144,0.14896,0.15125,24497247.0
2024-11-06 20:00:00+00:00,0.15124,0.15494,0.15076,0.15408,26464049.0
2024-11-07 00:00:00+00:00,0.15411,0.15903,0.15274,0.15744,34085093.0
2024-11-07 04:00:00+00:00,0.15746,0.15769,0.15316,0.15433,25553066.0
2024-11-07 08:00:00+00:00,0.15433,0.15575,0.15252,0.15271,16525336.0
2024-11-07 12:00:00+00:00,0.15266,0.15704,0.15158,0.15698,23753876.0
2024-11-07 16:00:00+00:00,0.15696,0.1578,0.15512,0.15711,24170525.0
2024-11-07 20:00:00+00:00,0.15709,0.16015,0.15521,0.157,38347668.0
2024-11-08 00:00:00+00:00,0.15701,0.15993,0.15416,0.15539,35530836.0
2024-11-08 04:00:00+00:00,0.1554,0.15698,0.15382,0.15552,19199116.0
2024-11-08 08:00:00+00:00,0.15552,0.1562,0.15301,0.15488,24626704.0
2024-11-08 12:00:00+00:00,0.15489,0.15787,0.15444,0.15621,35346584.0
2024-11-08 16:00:00+00:00,0.15621,0.158,0.15236,0.1572,40325231.0
2024-11-08 20:00:00+00:00,0.15719,0.16383,0.15486,0.1635,36690986.0
2024-11-09 00:00:00+00:00,0.1635,0.16386,0.1579,0.15804,34238070.0
2024-11-09 04:00:00+00:00,0.15803,0.16633,0.15803,0.16574,34383109.0
2024-11-09 08:00:00+00:00,0.16573,0.17101,0.16485,0.16914,43553137.0
2024-11-09 12:00:00+00:00,0.16915,0.16944,0.16368,0.16553,41216924.0
2024-11-09 16:00:00+00:00,0.16552,0.16626,0.1622,0.16499,31144805.0
2024-11-09 20:00:00+00:00,0.165,0.17291,0.16425,0.17135,30400972.0
2024-11-10 00:00:00+00:00,0.17133,0.17365,0.17002,0.17283,32540965.0
2024-11-10 04:00:00+00:00,0.17282,0.17701,0.17223,0.17674,33435266.0
2024-11-10 08:00:00+00:00,0.17674,0.17999,0.1761,0.17881,32273266.0
2024-11-10 12:00:00+00:00,0.17885,0.1843,0.17517,0.18322,57988347.0
2024-11-10 16:00:00+00:00,0.18328,0.1854,0.17644,0.17838,52683253.0
2024-11-10 20:00:00+00:00,0.17833,0.17954,0.16825,0.1785,71648300.0
2024-11-11 00:00:00+00:00,0.17851,0.18971,0.17764,0.18662,52940979.0
2024-11-11 04:00:00+00:00,0.1866,0.18925,0.17736,0.18166,67062724.0
2024-11-11 08:00:00+00:00,0.18167,0.18681,0.18088,0.18604,40841510.0
2024-11-11 12:00:00+00:00,0.18607,0.18634,0.17971,0.18418,54550361.0
2024-11-11 16:00:00+00:00,0.18416,0.19027,0.18334,0.18683,54770130.0
2024-11-11 20:00:00+00:00,0.18685,0.20034,0.18536,0.19987,70456970.0
2024-11-12 00:00:00+00:00,0.19986,0.20782,0.1903,0.20675,102378264.0
2024-11-12 04:00:00+00:00,0.20672,0.20796,0.1985,0.20465,62793280.0
2024-11-12 08:00:00+00:00,0.20471,0.21098,0.18501,0.19414,156393771.0
2024-11-12 12:00:00+00:00,0.19412,0.19537,0.18545,0.1868,97644976.0
2024-11-12 16:00:00+00:00,0.18678,0.19172,0.18214,0.18967,60388301.0
2024-11-12 20:00:00+00:00,0.1897,0.19545,0.18715,0.19125,41941863.0
2024-11-13 00:00:00+00:00,0.19127,0.19518,0.18176,0.18199,58506286.0
2024-11-13 04:00:00+00:00,0.18198,0.18448,0.17329,0.17738,63867576.0
2024-11-13 08:00:00+00:00,0.17738,0.17961,0.17397,0.17799,31866029.0
2024-11-13 12:00:00+00:00,0.17797,0.19057,0.17591,0.19051,83591408.0
2024-11-13 16:00:00+00:00,0.19051,0.19307,0.17818,0.17861,86906617.0
2024-11-13 20:00:00+00:00,0.17859,0.18106,0.17478,0.18071,56696751.0
2024-11-14 00:00:00+00:00,0.18071,0.18143,0.17592,0.17954,33099086.0
2024-11-14 04:00:00+00:00,0.17954,0.18803,0.17867,0.18457,32783323.0
2024-11-14 08:00:00+00:00,0.18452,0.18619,0.17623,0.17891,43232294.0
2024-11-14 12:00:00+00:00,0.1789,0.17994,0.17062,0.17235,57285159.0
2024-11-14 16:00:00+00:00,0.17232,0.17837,0.17083,0.17591,34332247.0
2024-11-14 20:00:00+00:00,0.1759,0.17769,0.16977,0.17226,49092922.0
2024-11-15 00:00:00+00:00,0.17225,0.17461,0.16913,0.17239,31900616.0
2024-11-15 04:00:00+00:00,0.17241,0.1732,0.16674,0.17076,30219772.0
2024-11-15 08:00:00+00:00,0.17077,0.17709,0.16877,0.17701,24658053.0
2024-11-15 12:00:00+00:00,0.17701,0.17853,0.16965,0.17103,45351929.0
2024-11-15 16:00:00+00:00,0.17104,0.17903,0.16987,0.17751,31474299.0
2024-11-15 20:00:00+00:00,0.17754,0.18503,0.1775,0.18455,34036272.0
2024-11-16 00:00:00+00:00,0.18456,0.19598,0.18415,0.19504,35711536.0
2024-11-16 04:00:00+00:00,0.19501,0.19534,0.18901,0.19375,31653784.0
2024-11-16 08:00:00+00:00,0.19375,0.206,0.1937,0.20175,100867873.0
2024-11-16 12:00:00+00:00,0.20174,0.20567,0.19653,0.19942,68621179.0
2024-11-16 16:00:00+00:00,0.19939,0.20973,0.19723,0.20825,54919251.0
2024-11-16 20:00:00+00:00,0.20824,0.21,0.20461,0.20961,42245718.0
2024-11-17 00:00:00+00:00,0.20959,0.20971,0.19309,0.20072,68277600.0
2024-11-17 04:00:00+00:00,0.2007,0.20376,0.19868,0.20125,30914795.0
2024-11-17 08:00:00+00:00,0.20124,0.20405,0.1974,0.19758,32751946.0
2024-11-17 12:00:00+00:00,0.19754,0.20185,0.19743,0.19838,30903824.0
2024-11-17 16:00:00+00:00,0.1984,0.19963,0.1917,0.19379,27854464.0
2024-11-17 20:00:00+00:00,0.19379,0.19472,0.18801,0.19237,29828105.0
2024-11-18 00:00:00+00:00,0.1924,0.20256,0.1901,0.20211,32949204.0
2024-11-18 04:00:00+00:00,0.20212,0.20445,0.19729,0.20431,28042086.0
2024-11-18 08:00:00+00:00,0.20431,0.20901,0.20082,0.20286,58923100.0
2024-11-18 12:00:00+00:00,0.20286,0.21831,0.2016,0.21703,102191685.0
2024-11-18 16:00:00+00:00,0.21706,0.22333,0.20873,0.21303,82293591.0
2024-11-18 20:00:00+00:00,0.21304,0.22011,0.21188,0.21872,43996539.0
2024-11-19 00:00:00+00:00,0.21869,0.22254,0.21467,0.21502,33204549.0
2024-11-19 04:00:00+00:00,0.21503,0.21582,0.21205,0.21333,24908439.0
2024-11-19 08:00:00+00:00,0.2133,0.22813,0.2088,0.22427,94104143.0
2024-11-19 12:00:00+00:00,0.22426,0.24563,0.22273,0.23646,292175570.0
2024-11-19 16:00:00+00:00,0.23647,0.24771,0.23379,0.23718,190312196.0
2024-11-19 20:00:00+00:00,0.23719,0.24045,0.22614,0.23341,91881850.0
2024-11-20 00:00:00+00:00,0.2334,0.23372,0.21794,0.22311,61715191.0
2024-11-20 04:00:00+00:00,0.2231,0.22321,0.21894,0.22245,56368930.0
2024-11-20 08:00:00+00:00,0.22243,0.23625,0.22202,0.22824,114788230.0
2024-11-20 12:00:00+00:00,0.22821,0.24071,0.22462,0.23522,110056056.0
2024-11-20 16:00:00+00:00,0.23522,0.23956,0.22038,0.22244,102565441.0
2024-11-20 20:00:00+00:00,0.22245,0.22816,0.21961,0.22087,56569872.0
2024-11-21 00:00:00+00:00,0.22086,0.22376,0.21099,0.21424,61994145.0
2024-11-21 04:00:00+00:00,0.21429,0.22196,0.21302,0.21688,56972546.0
2024-11-21 08:00:00+00:00,0.21692,0.21754,0.20976,0.21414,39820237.0
2024-11-21 12:00:00+00:00,0.21412,0.22794,0.21338,0.21629,103677157.0
2024-11-21 16:00:00+00:00,0.21631,0.22612,0.21594,0.21943,75093146.0
2024-11-21 20:00:00+00:00,0.21939,0.22217,0.2182,0.22186,38696832.0
2024-11-22 00:00:00+00:00,0.22187,0.22283,0.21494,0.22142,45507401.0
2024-11-22 04:00:00+00:00,0.22144,0.225,0.21833,0.21889,41105384.0
2024-11-22 08:00:00+00:00,0.21888,0.2226,0.21557,0.21977,31415062.0
2024-11-22 12:00:00+00:00,0.21973,0.22263,0.21083,0.21735,72481086.0
2024-11-22 16:00:00+00:00,0.21733,0.22526,0.21386,0.22144,60484290.0
2024-11-22 20:00:00+00:00,0.22139,0.24041,0.22078,0.23771,82894479.0
2024-11-23 00:00:00+00:00,0.2377,0.2454,0.23373,0.23925,75216188.0
2024-11-23 04:00:00+00:00,0.23924,0.24738,0.23599,0.24665,52693601.0
2024-11-23 08:00:00+00:00,0.24663,0.25774,0.24491,0.25169,72015778.0
2024-11-23 12:00:00+00:00,0.25167,0.25575,0.24599,0.25302,61182562.0
2024-11-23 16:00:00+00:00,0.25305,0.25534,0.23796,0.24044,106323976.0
2024-11-23 20:00:00+00:00,0.2404,0.24323,0.2318,0.23969,58414630.0
2024-11-24 00:00:00+00:00,0.23969,0.25758,0.2378,0.25664,59892504.0
2024-11-24 04:00:00+00:00,0.25667,0.26393,0.25001,0.26267,74850391.0
2024-11-24 08:00:00+00:00,0.26263,0.26466,0.24143,0.24148,78052989.0
2024-11-24 12:00:00+00:00,0.24147,0.24524,0.22896,0.22914,123174815.0
2024-11-24 16:00:00+00:00,0.22918,0.23972,0.22793,0.23692,57924343.0
2024-11-24 20:00:00+00:00,0.2369,0.26181,0.23593,0.26006,66141911.0
2024-11-25 00:00:00+00:00,0.26011,0.27018,0.25234,0.25623,115760414.0
2024-11-25 04:00:00+00:00,0.25626,0.25994,0.25248,0.25563,52389720.0
2024-11-25 08:00:00+00:00,0.25555,0.26737,0.25393,0.25927,58154141.0
2024-11-25 12:00:00+00:00,0.25928,0.26351,0.24386,0.25574,79715019.0
2024-11-25 16:00:00+00:00,0.25575,0.25741,0.24532,0.25015,52312393.0
2024-11-25 20:00:00+00:00,0.25018,0.25435,0.23965,0.24416,53714817.0
2024-11-26 00:00:00+00:00,0.2441,0.25264,0.24176,0.24957,37576950.0
2024-11-26 04:00:00+00:00,0.24955,0.25598,0.24369,0.24564,28963846.0
2024-11-26 08:00:00+00:00,0.24559,0.24577,0.22852,0.23426,80310572.0
2024-11-26 12:00:00+00:00,0.23422,0.23967,0.22953,0.23322,60168027.0
2024-11-26 16:00:00+00:00,0.23323,0.24093,0.23022,0.23418,60945761.0
2024-11-26 20:00:00+00:00,0.23422,0.24329,0.23294,0.24265,34334318.0
2024-11-27 00:00:00+00:00,0.2427,0.24411,0.23581,0.23996,33494307.0
2024-11-27 04:00:00+00:00,0.23994,0.24658,0.23817,0.24559,31149432.0
2024-11-27 08:00:00+00:00,0.24556,0.24946,0.24039,0.24555,34934990.0
2024-11-27 12:00:00+00:00,0.24555,0.254,0.2416,0.25177,43770624.0
2024-11-27 16:00:00+00:00,0.25183,0.26048,0.25076,0.25764,41991724.0
2024-11-27 20:00:00+00:00,0.25768,0.26161,0.25436,0.25708,38365240.0
2024-11-28 00:00:00+00:00,0.25706,0.25911,0.24938,0.25171,29654908.0
2024-11-28 04:00:00+00:00,0.25169,0.25805,0.25061,0.25153,21902591.0
2024-11-28 08:00:00+00:00,0.25155,0.2534,0.24718,0.25076,28992513.0
2024-11-28 12:00:00+00:00,0.25077,0.25499,0.24639,0.24727,40225377.0
2024-11-28 16:00:00+00:00,0.24724,0.27314,0.24724,0.27142,104956596.0
2024-11-28 20:00:00+00:00,0.27141,0.2795,0.26482,0.27472,67319901.0
2024-11-29 00:00:00+00:00,0.2747,0.27496,0.26589,0.26601,36768444.0
2024-11-29 04:00:00+00:00,0.26601,0.26833,0.26154,0.26164,27135421.0
2024-11-29 08:00:00+00:00,0.26163,0.26956,0.26158,0.26915,27370564.0
2024-11-29 12:00:00+00:00,0.26919,0.27639,0.26847,0.27211,53262029.0
2024-11-29 16:00:00+00:00,0.27212,0.27863,0.27156,0.2781,35399243.0
2024-11-29 20:00:00+00:00,0.27813,0.29373,0.27745,0.28707,51649269.0
2024-11-30 00:00:00+00:00,0.28706,0.28863,0.27858,0.27992,37554630.0
2024-11-30 04:00:00+00:00,0.27991,0.28529,0.27936,0.28327,32953689.0
2024-11-30 08:00:00+00:00,0.28336,0.28986,0.27746,0.28246,44531895.0
2024-11-30 12:00:00+00:00,0.28247,0.29471,0.28125,0.29316,55602502.0
2024-11-30 16:00:00+00:00,0.29317,0.29591,0.29006,0.29436,44649447.0
2024-11-30 20:00:00+00:00,0.29434,0.2965,0.2865,0.28983,31632649.0
2024-12-01 00:00:00+00:00,0.28979,0.29019,0.27728,0.28328,47059811.0
2024-12-01 04:00:00+00:00,0.2833,0.29307,0.28206,0.2867,35194750.0
2024-12-01 08:00:00+00:00,0.28671,0.29556,0.28521,0.29236,33931523.0
2024-12-01 12:00:00+00:00,0.29236,0.29508,0.28876,0.29137,29497859.0
2024-12-01 16:00:00+00:00,0.29134,0.2921,0.2845,0.28758,28428889.0
2024-12-01 20:00:00+00:00,0.28759,0.29165,0.2827,0.28893,34189429.0
2024-12-02 00:00:00+00:00,0.28891,0.29306,0.28065,0.28164,46649359.0
2024-12-02 04:00:00+00:00,0.28161,0.29719,0.27736,0.28957,73083554.0
2024-12-02 08:00:00+00:00,0.28957,0.29067,0.2701,0.27213,92824883.0
2024-12-02 12:00:00+00:00,0.2721,0.28818,0.27119,0.28582,66726915.0
2024-12-02 16:00:00+00:00,0.28581,0.28611,0.27127,0.28044,64713870.0
2024-12-02 20:00:00+00:00,0.28047,0.30042,0.2796,0.29849,65206367.0
2024-12-03 00:00:00+00:00,0.2985,0.30888,0.29611,0.30642,70713587.0
2024-12-03 04:00:00+00:00,0.30641,0.31614,0.29838,0.30331,76417714.0
2024-12-03 08:00:00+00:00,0.30333,0.31339,0.30166,0.30556,57801529.0
2024-12-03 12:00:00+00:00,0.30557,0.30769,0.27485,0.29083,146867483.0
2024-12-03 16:00:00+00:00,0.29081,0.29699,0.28297,0.2941,68201804.0
2024-12-03 20:00:00+00:00,0.29411,0.32888,0.29341,0.31851,122764474.0
2024-12-04 00:00:00+00:00,0.31859,0.32327,0.30846,0.31919,66165423.0
2024-12-04 04:00:00+00:00,0.31917,0.32453,0.31724,0.31965,34569642.0
2024-12-04 08:00:00+00:00,0.31964,0.33076,0.31872,0.32861,37984024.0
2024-12-04 12:00:00+00:00,0.32863,0.33565,0.32001,0.32993,68117708.0
2024-12-04 16:00:00+00:00,0.33,0.33165,0.31244,0.32942,76912298.0
2024-12-04 20:00:00+00:00,0.32946,0.33433,0.31779,0.32262,57574264.0
2024-12-05 00:00:00+00:00,0.32266,0.32947,0.30627,0.32067,91722765.0
2024-12-05 04:00:00+00:00,0.32074,0.32786,0.31713,0.32705,44620252.0
2024-12-05 08:00:00+00:00,0.32701,0.32827,0.32175,0.32765,38041110.0
2024-12-05 12:00:00+00:00,0.32771,0.33373,0.325,0.33321,57837973.0
2024-12-05 16:00:00+00:00,0.33318,0.349,0.33207,0.33677,86667216.0
2024-12-05 20:00:00+00:00,0.33681,0.34398,0.32314,0.327,87082108.0
2024-12-06 00:00:00+00:00,0.32699,0.34725,0.32245,0.3373,63984581.0
2024-12-06 04:00:00+00:00,0.3373,0.34549,0.33635,0.3402,36579460.0
2024-12-06 08:00:00+00:00,0.34025,0.34351,0.32707,0.33246,43525557.0
2024-12-06 12:00:00+00:00,0.33242,0.33822,0.31927,0.33207,58200568.0
2024-12-06 16:00:00+00:00,0.33204,0.34687,0.32923,0.34057,56404174.0
2024-12-06 20:00:00+00:00,0.3406,0.34648,0.33566,0.33718,36141578.0
2024-12-07 00:00:00+00:00,0.3372,0.34124,0.32956,0.3304,27837703.0
2024-12-07 04:00:00+00:00,0.33042,0.33402,0.32734,0.3288,18541675.0
2024-12-07 08:00:00+00:00,0.32878,0.3344,0.32632,0.33314,26745792.0
2024-12-07 12:00:00+00:00,0.33314,0.3347,0.32819,0.33044,23981038.0
2024-12-07 16:00:00+00:00,0.33043,0.33112,0.32311,0.32586,24602393.0
2024-12-07 20:00:00+00:00,0.32589,0.32936,0.32421,0.32631,16719811.0
2024-12-08 00:00:00+00:00,0.32631,0.32869,0.32325,0.32382,18041275.0
2024-12-08 04:00:00+00:00,0.32386,0.3258,0.31657,0.32472,27213581.0
2024-12-08 08:00:00+00:00,0.32474,0.3253,0.31534,0.32102,24208088.0
2024-12-08 12:00:00+00:00,0.32093,0.32379,0.31665,0.32117,20234459.0
2024-12-08 16:00:00+00:00,0.32117,0.32265,0.31673,0.32062,17232723.0
2024-12-08 20:00:00+00:00,0.32067,0.32442,0.31403,0.32338,27627687.0
2024-12-09 00:00:00+00:00,0.32338,0.32385,0.30322,0.30689,43687459.0
2024-12-09 04:00:00+00:00,0.30697,0.31059,0.29775,0.30186,41165286.0
2024-12-09 08:00:00+00:00,0.30186,0.30194,0.28609,0.28716,61147346.0
2024-12-09 12:00:00+00:00,0.28717,0.3015,0.28422,0.29228,61179582.0
2024-12-09 16:00:00+00:00,0.29236,0.29423,0.28782,0.2881,26085768.0
2024-12-09 20:00:00+00:00,0.28803,0.28874,0.22,0.26553,236973905.0
2024-12-10 00:00:00+00:00,0.26554,0.27279,0.24931,0.25973,92179471.0
2024-12-10 04:00:00+00:00,0.25976,0.26981,0.25343,0.26807,43875332.0
2024-12-10 08:00:00+00:00,0.26808,0.27485,0.2635,0.26956,35842887.0
2024-12-10 12:00:00+00:00,0.26966,0.27055,0.24797,0.24817,83181955.0
2024-12-10 16:00:00+00:00,0.24831,0.25484,0.23859,0.25448,96172270.0
2024-12-10 20:00:00+00:00,0.25446,0.2669,0.25178,0.26256,41314121.0
2024-12-11 00:00:00+00:00,0.26255,0.26404,0.24985,0.2593,46635797.0
2024-12-11 04:00:00+00:00,0.25931,0.2615,0.2535,0.25387,18142090.0
2024-12-11 08:00:00+00:00,0.25389,0.26949,0.25362,0.26733,33329705.0
2024-12-11 12:00:00+00:00,0.26736,0.28715,0.26706,0.28549,62880125.0
2024-12-11 16:00:00+00:00,0.28549,0.28791,0.27714,0.28246,37413893.0
2024-12-11 20:00:00+00:00,0.28249,0.28469,0.27917,0.28183,20934197.0
2024-12-12 00:00:00+00:00,0.28183,0.297,0.28085,0.29311,43200407.0
2024-12-12 04:00:00+00:00,0.29308,0.29996,0.29139,0.29379,24339666.0
2024-12-12 08:00:00+00:00,0.29372,0.29917,0.28484,0.28747,29357687.0
2024-12-12 12:00:00+00:00,0.28748,0.29768,0.28748,0.29096,56929548.0
2024-12-12 16:00:00+00:00,0.29096,0.29553,0.28201,0.28296,41541994.0
2024-12-12 20:00:00+00:00,0.28301,0.28802,0.28133,0.2851,32210157.0
2024-12-13 00:00:00+00:00,0.28512,0.28985,0.27742,0.28445,28679603.0
2024-12-13 04:00:00+00:00,0.28447,0.28561,0.27448,0.27854,26658783.0
2024-12-13 08:00:00+00:00,0.27855,0.28445,0.27641,0.28035,19921717.0
2024-12-13 12:00:00+00:00,0.28033,0.28752,0.27681,0.278,35874549.0
2024-12-13 16:00:00+00:00,0.27793,0.2846,0.27737,0.28257,28045586.0
2024-12-13 20:00:00+00:00,0.28263,0.28693,0.28005,0.2862,17328444.0
2024-12-14 00:00:00+00:00,0.28622,0.29005,0.28326,0.28383,18746451.0
2024-12-14 04:00:00+00:00,0.28385,0.28708,0.2819,0.28268,12596851.0
2024-12-14 08:00:00+00:00,0.28265,0.28592,0.27739,0.27828,19602577.0
2024-12-14 12:00:00+00:00,0.27827,0.27897,0.26814,0.27192,36909293.0
2024-12-14 16:00:00+00:00,0.27188,0.27309,0.26552,0.26902,25414135.0
2024-12-14 20:00:00+00:00,0.26902,0.27434,0.26623,0.27241,17508710.0
2024-12-15 00:00:00+00:00,0.27242,0.27541,0.26878,0.26996,17302452.0
2024-12-15 04:00:00+00:00,0.26999,0.27532,0.26501,0.26753,18106694.0
2024-12-15 08:00:00+00:00,0.26753,0.27454,0.26734,0.27272,16041596.0
2024-12-15 12:00:00+00:00,0.27272,0.28854,0.27196,0.28448,38601337.0
2024-12-15 16:00:00+00:00,0.28448,0.28597,0.2787,0.28121,18978542.0
2024-12-15 20:00:00+00:00,0.28125,0.28825,0.27217,0.287,32420167.0
2024-12-16 00:00:00+00:00,0.28703,0.29264,0.27917,0.281,30993927.0
2024-12-16 04:00:00+00:00,0.28097,0.28403,0.27802,0.2814,18042548.0
2024-12-16 08:00:00+00:00,0.28132,0.28206,0.26823,0.2691,27508805.0
2024-12-16 12:00:00+00:00,0.26909,0.27757,0.26751,0.27518,28358773.0
2024-12-16 16:00:00+00:00,0.2752,0.28496,0.27514,0.28055,30179543.0
2024-12-16 20:00:00+00:00,0.28056,0.2833,0.27409,0.27512,21151301.0
2024-12-17 00:00:00+00:00,0.27513,0.27596,0.27034,0.27445,23104905.0
2024-12-17 04:00:00+00:00,0.2744,0.27449,0.26763,0.26853,16934932.0
2024-12-17 08:00:00+00:00,0.26851,0.27728,0.26843,0.27477,26033664.0
2024-12-17 12:00:00+00:00,0.2747,0.27734,0.26334,0.26556,44782849.0
2024-12-17 16:00:00+00:00,0.26551,0.27063,0.26223,0.26638,31652628.0
2024-12-17 20:00:00+00:00,0.26636,0.26848,0.25767,0.26003,33167047.0
2024-12-18 00:00:00+00:00,0.26006,0.26075,0.2544,0.25453,27558933.0
2024-12-18 04:00:00+00:00,0.25452,0.25502,0.24963,0.25178,26995848.0
2024-12-18 08:00:00+00:00,0.25179,0.25579,0.24911,0.25511,19580809.0
2024-12-18 12:00:00+00:00,0.25508,0.25568,0.24598,0.24882,41621914.0
2024-12-18 16:00:00+00:00,0.24888,0.25683,0.2455,0.2456,35870923.0
2024-12-18 20:00:00+00:00,0.24565,0.24785,0.22749,0.23363,127123562.0
2024-12-19 00:00:00+00:00,0.23366,0.23545,0.21849,0.2346,84264353.0
2024-12-19 04:00:00+00:00,0.23464,0.23563,0.23108,0.23435,24405714.0
2024-12-19 08:00:00+00:00,0.23433,0.23765,0.23023,0.23406,24983886.0
2024-12-19 12:00:00+00:00,0.23406,0.23443,0.22121,0.225,51471322.0
2024-12-19 16:00:00+00:00,0.22496,0.22754,0.20556,0.21013,129270528.0
2024-12-19 20:00:00+00:00,0.21016,0.2167,0.2031,0.21048,68147135.0
2024-12-20 00:00:00+00:00,0.21049,0.2198,0.20671,0.21488,48630370.0
2024-12-20 04:00:00+00:00,0.21476,0.216,0.20514,0.21032,34165810.0
2024-12-20 08:00:00+00:00,0.21029,0.21074,0.18378,0.18382,128054599.0
2024-12-20 12:00:00+00:00,0.18385,0.20975,0.18373,0.20802,92830142.0
2024-12-20 16:00:00+00:00,0.20801,0.22015,0.20611,0.21818,44696189.0
2024-12-20 20:00:00+00:00,0.21817,0.21972,0.21164,0.21787,28509538.0
2024-12-21 00:00:00+00:00,0.21786,0.22107,0.21566,0.21708,19435617.0
2024-12-21 04:00:00+00:00,0.21707,0.2328,0.21684,0.22984,29667556.0
2024-12-21 08:00:00+00:00,0.22986,0.23054,0.22047,0.22261,25307098.0
2024-12-21 12:00:00+00:00,0.22262,0.2228,0.20714,0.21158,57437412.0
2024-12-21 16:00:00+00:00,0.21159,0.21181,0.20225,0.20518,45595629.0
2024-12-21 20:00:00+00:00,0.20514,0.20829,0.20178,0.20473,34789599.0
2024-12-22 00:00:00+00:00,0.20474,0.20776,0.2012,0.20598,24527549.0
2024-12-22 04:00:00+00:00,0.20595,0.20647,0.19961,0.20562,24038470.0
2024-12-22 08:00:00+00:00,0.20563,0.21335,0.20544,0.21107,29462726.0
2024-12-22 12:00:00+00:00,0.21106,0.21424,0.20424,0.2062,35850961.0
2024-12-22 16:00:00+00:00,0.20624,0.21013,0.20117,0.20188,23678359.0
2024-12-22 20:00:00+00:00,0.20191,0.20881,0.19981,0.20551,29046662.0
2024-12-23 00:00:00+00:00,0.20556,0.21398,0.19961,0.2134,36813297.0
2024-12-23 04:00:00+00:00,0.21343,0.21403,0.20372,0.20678,26122316.0
2024-12-23 08:00:00+00:00,0.20675,0.21207,0.20622,0.20889,19856481.0
2024-12-23 12:00:00+00:00,0.20884,0.21155,0.20235,0.20276,25410507.0
2024-12-23 16:00:00+00:00,0.20278,0.21098,0.20248,0.20902,28217528.0
2024-12-23 20:00:00+00:00,0.20907,0.2288,0.20887,0.2232,53590968.0
2024-12-24 00:00:00+00:00,0.22325,0.22358,0.216,0.21963,21213346.0
2024-12-24 04:00:00+00:00,0.21971,0.22174,0.21669,0.21914,18323010.0
2024-12-24 08:00:00+00:00,0.21915,0.22472,0.21817,0.22446,22934769.0
2024-12-24 12:00:00+00:00,0.22443,0.2341,0.22117,0.23296,37536604.0
2024-12-24 16:00:00+00:00,0.23296,0.23436,0.22589,0.22589,25490989.0
2024-12-24 20:00:00+00:00,0.22589,0.23048,0.2232,0.22966,21102723.0
2024-12-25 00:00:00+00:00,0.22961,0.23006,0.22545,0.22746,17762667.0
2024-12-25 04:00:00+00:00,0.22748,0.22867,0.22483,0.22541,16201514.0
2024-12-25 08:00:00+00:00,0.22537,0.23089,0.22252,0.22317,22916465.0
2024-12-25 12:00:00+00:00,0.22323,0.22566,0.22136,0.22234,20716659.0
2024-12-25 16:00:00+00:00,0.22224,0.22467,0.21927,0.22409,15767512.0
2024-12-25 20:00:00+00:00,0.22414,0.2253,0.21965,0.22305,14172459.0
2024-12-26 00:00:00+00:00,0.22309,0.2257,0.21717,0.21812,18770305.0
2024-12-26 04:00:00+00:00,0.2181,0.2181,0.21287,0.21401,21799651.0
2024-12-26 08:00:00+00:00,0.214,0.21429,0.20793,0.21112,27474100.0
2024-12-26 12:00:00+00:00,0.21112,0.21129,0.20723,0.20798,21114304.0
2024-12-26 16:00:00+00:00,0.20798,0.2104,0.20523,0.20888,16277223.0
2024-12-26 20:00:00+00:00,0.20886,0.20931,0.20529,0.20755,14730332.0
2024-12-27 00:00:00+00:00,0.20753,0.21187,0.20576,0.21048,17412869.0
2024-12-27 04:00:00+00:00,0.21049,0.21197,0.20466,0.20682,21082203.0
2024-12-27 08:00:00+00:00,0.20682,0.21825,0.20675,0.21599,29044608.0
2024-12-27 12:00:00+00:00,0.21598,0.21678,0.20552,0.20682,21216876.0
2024-12-27 16:00:00+00:00,0.20682,0.212,0.20453,0.21078,22284775.0
2024-12-27 20:00:00+00:00,0.21078,0.2111,0.20533,0.2072,12046654.0
2024-12-28 00:00:00+00:00,0.20723,0.20881,0.20561,0.20814,10208106.0
2024-12-28 04:00:00+00:00,0.20814,0.20853,0.20494,0.20526,8950531.0
2024-12-28 08:00:00+00:00,0.20522,0.20767,0.20453,0.20652,10627136.0
2024-12-28 12:00:00+00:00,0.20652,0.21451,0.20435,0.20965,27691655.0
2024-12-28 16:00:00+00:00,0.20965,0.21564,0.20858,0.21346,19226853.0
2024-12-28 20:00:00+00:00,0.21349,0.2175,0.21198,0.21573,15717836.0
2024-12-29 00:00:00+00:00,0.21575,0.21849,0.21224,0.21849,16156297.0
2024-12-29 04:00:00+00:00,0.21851,0.21915,0.2137,0.21731,10032002.0
2024-12-29 08:00:00+00:00,0.2173,0.21771,0.21251,0.21254,8777171.0
2024-12-29 12:00:00+00:00,0.21256,0.21547,0.20987,0.21114,14612857.0
2024-12-29 16:00:00+00:00,0.21115,0.21119,0.20649,0.20723,15968449.0
2024-12-29 20:00:00+00:00,0.20723,0.20812,0.20355,0.2067,19049799.0
2024-12-30 00:00:00+00:00,0.2067,0.21573,0.20541,0.21141,20896816.0
2024-12-30 04:00:00+00:00,0.2114,0.21371,0.20906,0.21028,14042817.0
2024-12-30 08:00:00+00:00,0.21027,0.2123,0.20625,0.2087,13401572.0
2024-12-30 12:00:00+00:00,0.20866,0.2106,0.19871,0.20023,33272731.0
2024-12-30 16:00:00+00:00,0.20022,0.20932,0.1983,0.20916,23646819.0
2024-12-30 20:00:00+00:00,0.20919,0.21172,0.20162,0.20378,23148986.0
2024-12-31 00:00:00+00:00,0.20379,0.2039,0.19835,0.19858,13536054.0
2024-12-31 04:00:00+00:00,0.19858,0.20024,0.19772,0.1999,16050114.0
2024-12-31 08:00:00+00:00,0.19992,0.2064,0.19963,0.20442,18506927.0
2024-12-31 12:00:00+00:00,0.20439,0.21076,0.20336,0.20812,21946437.0
2024-12-31 16:00:00+00:00,0.20814,0.20902,0.20154,0.20301,17277274.0
2024-12-31 20:00:00+00:00,0.20297,0.20371,0.1985,0.19955,15606870.0
2025-01-01 00:00:00+00:00,0.19955,0.20405,0.19916,0.19997,24368832.0
2025-01-01 04:00:00+00:00,0.19995,0.20003,0.19809,0.19918,9794223.0
2025-01-01 08:00:00+00:00,0.19916,0.20038,0.19542,0.19889,15942263.0
2025-01-01 12:00:00+00:00,0.19889,0.20355,0.1985,0.2035,16342769.0
2025-01-01 16:00:00+00:00,0.20351,0.20993,0.20117,0.20891,25522282.0
2025-01-01 20:00:00+00:00,0.20891,0.21115,0.20824,0.20843,14809345.0
2025-01-02 00:00:00+00:00,0.20844,0.21409,0.20817,0.21363,17132596.0
2025-01-02 04:00:00+00:00,0.21364,0.21697,0.21314,0.21592,14689532.0
2025-01-02 08:00:00+00:00,0.21592,0.22421,0.21504,0.22276,27875875.0
2025-01-02 12:00:00+00:00,0.22279,0.22626,0.21921,0.22133,26835616.0
2025-01-02 16:00:00+00:00,0.2214,0.22368,0.21856,0.22102,17833307.0
2025-01-02 20:00:00+00:00,0.22106,0.22259,0.2175,0.21979,9655213.0
2025-01-03 00:00:00+00:00,0.21979,0.22213,0.21697,0.22137,14719593.0
2025-01-03 04:00:00+00:00,0.22134,0.22134,0.21592,0.21627,11252960.0
2025-01-03 08:00:00+00:00,0.2163,0.22889,0.21576,0.22828,25887970.0
2025-01-03 12:00:00+00:00,0.22829,0.24107,0.22784,0.23979,53894368.0
2025-01-03 16:00:00+00:00,0.23984,0.24396,0.23846,0.24227,30421741.0
2025-01-03 20:00:00+00:00,0.24223,0.24248,0.23948,0.2418,19361233.0
2025-01-04 00:00:00+00:00,0.24179,0.2442,0.23771,0.24354,18308166.0
2025-01-04 04:00:00+00:00,0.24348,0.24453,0.2394,0.24333,16214337.0
2025-01-04 08:00:00+00:00,0.24332,0.24375,0.23698,0.24049,20518781.0
2025-01-04 12:00:00+00:00,0.24046,0.24625,0.23769,0.23916,30122020.0
2025-01-04 16:00:00+00:00,0.23916,0.24243,0.23881,0.2413,15585024.0
2025-01-04 20:00:00+00:00,0.2413,0.24268,0.23979,0.24042,10521872.0
2025-01-05 00:00:00+00:00,0.24042,0.24104,0.2377,0.23893,8654766.0
2025-01-05 04:00:00+00:00,0.23899,0.24195,0.23879,0.24031,8542015.0
2025-01-05 08:00:00+00:00,0.24037,0.24076,0.23424,0.23649,19053990.0
2025-01-05 12:00:00+00:00,0.2365,0.23849,0.23167,0.23737,27179212.0
2025-01-05 16:00:00+00:00,0.23737,0.24159,0.23615,0.24099,18176783.0
2025-01-05 20:00:00+00:00,0.24107,0.2463,0.23913,0.24298,22074224.0
2025-01-06 00:00:00+00:00,0.24302,0.24657,0.23672,0.24417,20779535.0
2025-01-06 04:00:00+00:00,0.24419,0.24704,0.24068,0.24276,15298897.0
2025-01-06 08:00:00+00:00,0.24272,0.24385,0.23877,0.24252,16576133.0
2025-01-06 12:00:00+00:00,0.24257,0.25145,0.23929,0.25094,32740892.0
2025-01-06 16:00:00+00:00,0.25095,0.25534,0.24557,0.24794,30938222.0
2025-01-06 20:00:00+00:00,0.24795,0.25008,0.24411,0.24784,18815549.0
2025-01-07 00:00:00+00:00,0.24786,0.2492,0.24224,0.24608,14079814.0
2025-01-07 04:00:00+00:00,0.24608,0.24723,0.24219,0.24463,13867357.0
2025-01-07 08:00:00+00:00,0.24461,0.2481,0.23904,0.24071,17666870.0
2025-01-07 12:00:00+00:00,0.24075,0.24647,0.22796,0.23128,81829352.0
2025-01-07 16:00:00+00:00,0.2313,0.23303,0.22223,0.22323,39898798.0
2025-01-07 20:00:00+00:00,0.22323,0.22622,0.22042,0.22061,26050044.0
2025-01-08 00:00:00+00:00,0.22062,0.223,0.21449,0.2164,29409387.0
2025-01-08 04:00:00+00:00,0.21635,0.21679,0.20727,0.21196,37826076.0
2025-01-08 08:00:00+00:00,0.21195,0.21574,0.20866,0.21022,22946418.0
2025-01-08 12:00:00+00:00,0.21026,0.21366,0.20795,0.21108,34539844.0
2025-01-08 16:00:00+00:00,0.21108,0.21173,0.19723,0.20638,80920971.0
2025-01-08 20:00:00+00:00,0.20636,0.21249,0.20465,0.21133,23597069.0
2025-01-09 00:00:00+00:00,0.21133,0.21337,0.20769,0.21041,19604870.0
2025-01-09 04:00:00+00:00,0.21039,0.21154,0.20311,0.20401,18880259.0
2025-01-09 08:00:00+00:00,0.20402,0.20874,0.20383,0.20628,21592883.0
2025-01-09 12:00:00+00:00,0.20624,0.21,0.19826,0.20866,37654371.0
2025-01-09 16:00:00+00:00,0.20865,0.21005,0.20059,0.20113,32984620.0
2025-01-09 20:00:00+00:00,0.20113,0.2049,0.19835,0.20311,23618753.0
2025-01-10 00:00:00+00:00,0.20313,0.20642,0.2014,0.20577,13675501.0
2025-01-10 04:00:00+00:00,0.20577,0.21138,0.20402,0.20843,21465732.0
2025-01-10 08:00:00+00:00,0.20842,0.20886,0.20418,0.20707,17480941.0
2025-01-10 12:00:00+00:00,0.20709,0.20753,0.19784,0.20268,49881835.0
2025-01-10 16:00:00+00:00,0.20271,0.20832,0.19984,0.20742,30971527.0
2025-01-10 20:00:00+00:00,0.20739,0.20749,0.20413,0.20568,11823089.0
2025-01-11 00:00:00+00:00,0.20565,0.20668,0.20138,0.20202,13952820.0
2025-01-11 04:00:00+00:00,0.20201,0.20432,0.20091,0.20238,8609462.0
2025-01-11 08:00:00+00:00,0.20239,0.20523,0.20065,0.20457,9817318.0
2025-01-11 12:00:00+00:00,0.20455,0.20495,0.20194,0.20261,9791394.0
2025-01-11 16:00:00+00:00,0.20262,0.20416,0.20096,0.20201,11643461.0
2025-01-11 20:00:00+00:00,0.20202,0.21013,0.20155,0.20568,21120545.0
2025-01-12 00:00:00+00:00,0.20569,0.20664,0.20421,0.20579,9827900.0
2025-01-12 04:00:00+00:00,0.20581,0.20639,0.20175,0.2033,12063575.0
2025-01-12 08:00:00+00:00,0.20331,0.20351,0.20016,0.20226,10503501.0
2025-01-12 12:00:00+00:00,0.20228,0.2055,0.20166,0.20472,10985802.0
2025-01-12 16:00:00+00:00,0.20478,0.20541,0.20232,0.2028,12463130.0
2025-01-12 20:00:00+00:00,0.20279,0.20319,0.19845,0.20145,13327014.0
2025-01-13 00:00:00+00:00,0.20145,0.20594,0.19504,0.19588,25820305.0
2025-01-13 04:00:00+00:00,0.19588,0.19922,0.19143,0.1931,23209039.0
2025-01-13 08:00:00+00:00,0.19315,0.1936,0.18143,0.18164,43256129.0
2025-01-13 12:00:00+00:00,0.18163,0.19325,0.18031,0.19033,67623413.0
2025-01-13 16:00:00+00:00,0.19035,0.19092,0.1824,0.1864,33011256.0
2025-01-13 20:00:00+00:00,0.18636,0.19542,0.18473,0.1929,25295683.0
2025-01-14 00:00:00+00:00,0.19292,0.19631,0.19193,0.19489,15184588.0
2025-01-14 04:00:00+00:00,0.1949,0.19895,0.1949,0.19533,13203290.0
2025-01-14 08:00:00+00:00,0.19532,0.20201,0.19532,0.19941,21542078.0
2025-01-14 12:00:00+00:00,0.19942,0.20239,0.1966,0.19965,28559350.0
2025-01-14 16:00:00+00:00,0.19962,0.20369,0.19732,0.20192,20399728.0
2025-01-14 20:00:00+00:00,0.2019,0.20468,0.20056,0.20382,12580776.0
2025-01-15 00:00:00+00:00,0.20388,0.20529,0.20031,0.20224,17278552.0
2025-01-15 04:00:00+00:00,0.20229,0.20483,0.2009,0.20378,16457519.0
2025-01-15 08:00:00+00:00,0.20378,0.20525,0.19626,0.19813,26199677.0
2025-01-15 12:00:00+00:00,0.19812,0.2157,0.19645,0.21407,63706235.0
2025-01-15 16:00:00+00:00,0.21408,0.2166,0.21018,0.21386,33584196.0
2025-01-15 20:00:00+00:00,0.21387,0.2161,0.21169,0.21604,26486280.0
2025-01-16 00:00:00+00:00,0.21601,0.21677,0.21074,0.21267,18303218.0
2025-01-16 04:00:00+00:00,0.21267,0.21374,0.21105,0.21276,10714113.0
2025-01-16 08:00:00+00:00,0.21275,0.21329,0.20695,0.21274,28954505.0
2025-01-16 12:00:00+00:00,0.21276,0.21836,0.20776,0.21399,63466860.0
2025-01-16 16:00:00+00:00,0.21398,0.21897,0.21377,0.21789,25804590.0
2025-01-16 20:00:00+00:00,0.2179,0.21887,0.21063,0.21258,24567070.0
2025-01-17 00:00:00+00:00,0.21261,0.22234,0.21249,0.21916,29954597.0
2025-01-17 04:00:00+00:00,0.21916,0.23005,0.2177,0.22864,41499623.0
2025-01-17 08:00:00+00:00,0.22861,0.23279,0.22583,0.2314,51152755.0
2025-01-17 12:00:00+00:00,0.23143,0.23557,0.22926,0.2345,59502671.0
2025-01-17 16:00:00+00:00,0.23452,0.23673,0.23079,0.23312,31822097.0
2025-01-17 20:00:00+00:00,0.23313,0.23778,0.23244,0.23492,22976831.0
2025-01-18 00:00:00+00:00,0.23492,0.23859,0.22809,0.22898,36511233.0
2025-01-18 04:00:00+00:00,0.22895,0.23015,0.21901,0.21942,51708904.0
2025-01-18 08:00:00+00:00,0.21945,0.2238,0.21658,0.22306,34567376.0
2025-01-18 12:00:00+00:00,0.2231,0.22553,0.21963,0.21986,30384394.0
2025-01-18 16:00:00+00:00,0.21987,0.22097,0.2144,0.21735,45187432.0
2025-01-18 20:00:00+00:00,0.21735,0.21945,0.21308,0.2184,23591912.0
2025-01-19 00:00:00+00:00,0.21841,0.22529,0.21749,0.21998,22670070.0
2025-01-19 04:00:00+00:00,0.21995,0.22005,0.21043,0.21049,28005743.0
2025-01-19 08:00:00+00:00,0.2105,0.21053,0.19922,0.20081,73338790.0
2025-01-19 12:00:00+00:00,0.20087,0.21777,0.20028,0.21406,51982984.0
2025-01-19 16:00:00+00:00,0.21407,0.21753,0.20959,0.21667,28761990.0
2025-01-19 20:00:00+00:00,0.21669,0.21823,0.19312,0.19716,113975186.0
2025-01-20 00:00:00+00:00,0.19715,0.19967,0.18967,0.19856,83057741.0
2025-01-20 04:00:00+00:00,0.19852,0.21911,0.196,0.21254,82592089.0
2025-01-20 08:00:00+00:00,0.2126,0.21605,0.2074,0.2118,36042200.0
2025-01-20 12:00:00+00:00,0.21181,0.21248,0.20281,0.20718,49325661.0
2025-01-20 16:00:00+00:00,0.20722,0.21119,0.19577,0.2067,91870066.0
2025-01-20 20:00:00+00:00,0.20668,0.20777,0.19915,0.20217,27368829.0
2025-01-21 00:00:00+00:00,0.20217,0.20283,0.19375,0.19635,35793637.0
2025-01-21 04:00:00+00:00,0.19637,0.1984,0.19229,0.19723,24580116.0
2025-01-21 08:00:00+00:00,0.19721,0.20432,0.19539,0.20384,29820953.0
2025-01-21 12:00:00+00:00,0.20384,0.20688,0.20089,0.20325,33106058.0
2025-01-21 16:00:00+00:00,0.20327,0.21314,0.20247,0.20942,43579120.0
2025-01-21 20:00:00+00:00,0.20941,0.21218,0.20624,0.2096,31399216.0
2025-01-22 00:00:00+00:00,0.20963,0.21162,0.20568,0.20622,17738285.0
2025-01-22 04:00:00+00:00,0.20623,0.20695,0.20138,0.2014,17671764.0
2025-01-22 08:00:00+00:00,0.2014,0.2035,0.19912,0.20264,23620303.0
2025-01-22 12:00:00+00:00,0.20265,0.20332,0.19841,0.20025,27308387.0
2025-01-22 16:00:00+00:00,0.20027,0.20071,0.19617,0.19763,29575704.0
2025-01-22 20:00:00+00:00,0.19764,0.19912,0.19372,0.1952,23826126.0
2025-01-23 00:00:00+00:00,0.1952,0.19524,0.19004,0.1908,25594349.0
2025-01-23 04:00:00+00:00,0.1908,0.19112,0.18828,0.19052,22509680.0
2025-01-23 08:00:00+00:00,0.19049,0.1906,0.18665,0.18729,21486399.0
2025-01-23 12:00:00+00:00,0.18728,0.19337,0.18406,0.18922,55186704.0
2025-01-23 16:00:00+00:00,0.18924,0.1936,0.18396,0.18482,38808459.0
2025-01-23 20:00:00+00:00,0.18476,0.19123,0.18341,0.18924,43847609.0
2025-01-24 00:00:00+00:00,0.18929,0.19002,0.18281,0.18551,26192099.0
2025-01-24 04:00:00+00:00,0.1855,0.19401,0.18504,0.1913,28044315.0
2025-01-24 08:00:00+00:00,0.19133,0.19476,0.19052,0.19411,24052304.0
2025-01-24 12:00:00+00:00,0.19412,0.19556,0.1902,0.19204,27297397.0
2025-01-24 16:00:00+00:00,0.19203,0.1934,0.18672,0.1877,39047442.0
2025-01-24 20:00:00+00:00,0.18769,0.18814,0.18215,0.18309,25920038.0
2025-01-25 00:00:00+00:00,0.18308,0.18597,0.17943,0.18562,22772903.0
2025-01-25 04:00:00+00:00,0.18559,0.18559,0.18165,0.18195,10913823.0
2025-01-25 08:00:00+00:00,0.18196,0.1831,0.18038,0.18223,14753660.0
2025-01-25 12:00:00+00:00,0.18223,0.18615,0.18104,0.18528,15458846.0
2025-01-25 16:00:00+00:00,0.18527,0.18655,0.18322,0.18443,16512564.0
2025-01-25 20:00:00+00:00,0.18444,0.18558,0.18173,0.18218,14934038.0
2025-01-26 00:00:00+00:00,0.18217,0.1875,0.18145,0.18686,15741265.0
2025-01-26 04:00:00+00:00,0.1869,0.19013,0.18504,0.19006,23629571.0
2025-01-26 08:00:00+00:00,0.19003,0.19209,0.18595,0.18861,36806748.0
2025-01-26 12:00:00+00:00,0.18866,0.1895,0.18674,0.18914,15178618.0
2025-01-26 16:00:00+00:00,0.18913,0.19145,0.18732,0.19119,17589254.0
2025-01-26 20:00:00+00:00,0.19116,0.19179,0.18033,0.18067,30832226.0
2025-01-27 00:00:00+00:00,0.18065,0.18177,0.17349,0.17562,49212221.0
2025-01-27 04:00:00+00:00,0.17562,0.17562,0.16329,0.16768,56253043.0
2025-01-27 08:00:00+00:00,0.1677,0.17032,0.16458,0.16689,39252634.0
2025-01-27 12:00:00+00:00,0.16688,0.1774,0.16566,0.17529,48855692.0
2025-01-27 16:00:00+00:00,0.17531,0.17533,0.16871,0.17102,37255182.0
2025-01-27 20:00:00+00:00,0.17098,0.18027,0.17097,0.17732,22549240.0
2025-01-28 00:00:00+00:00,0.17733,0.17933,0.17438,0.17681,11619655.0
2025-01-28 04:00:00+00:00,0.17676,0.17867,0.17229,0.17327,17825905.0
2025-01-28 08:00:00+00:00,0.17327,0.17406,0.17149,0.17263,12166638.0
2025-01-28 12:00:00+00:00,0.17262,0.17582,0.17002,0.17349,22586877.0
2025-01-28 16:00:00+00:00,0.17351,0.17363,0.16836,0.16993,17656756.0
2025-01-28 20:00:00+00:00,0.16995,0.17072,0.16339,0.16456,28896504.0
2025-01-29 00:00:00+00:00,0.16456,0.1706,0.16397,0.169,21552419.0
2025-01-29 04:00:00+00:00,0.16899,0.17147,0.16838,0.17143,13555973.0
2025-01-29 08:00:00+00:00,0.1714,0.17206,0.16754,0.16991,19942099.0
2025-01-29 12:00:00+00:00,0.16994,0.17024,0.16508,0.16748,21419691.0
2025-01-29 16:00:00+00:00,0.1675,0.17326,0.16391,0.17124,41887491.0
2025-01-29 20:00:00+00:00,0.17123,0.17682,0.16881,0.16926,37776348.0
2025-01-30 00:00:00+00:00,0.16925,0.17484,0.16768,0.17446,16067427.0
2025-01-30 04:00:00+00:00,0.17443,0.17686,0.17375,0.17562,13737698.0
2025-01-30 08:00:00+00:00,0.17565,0.17926,0.17459,0.17895,16677202.0
2025-01-30 12:00:00+00:00,0.17892,0.1819,0.17625,0.17995,21869704.0
2025-01-30 16:00:00+00:00,0.17995,0.18568,0.17977,0.18568,29875433.0
2025-01-30 20:00:00+00:00,0.18569,0.18604,0.18123,0.18154,16884130.0
2025-01-31 00:00:00+00:00,0.18159,0.18486,0.17854,0.1801,16945441.0
2025-01-31 04:00:00+00:00,0.1801,0.18631,0.17796,0.18298,15146303.0
2025-01-31 08:00:00+00:00,0.18298,0.18715,0.17972,0.18686,18672165.0
2025-01-31 12:00:00+00:00,0.1869,0.19035,0.18534,0.19031,22433206.0
2025-01-31 16:00:00+00:00,0.19027,0.19134,0.18169,0.18257,29564603.0
2025-01-31 20:00:00+00:00,0.18256,0.18265,0.17866,0.18022,17848237.0
2025-02-01 00:00:00+00:00,0.18024,0.18455,0.1793,0.18181,11137222.0
2025-02-01 04:00:00+00:00,0.18184,0.18317,0.18004,0.18038,9740768.0
2025-02-01 08:00:00+00:00,0.18039,0.18088,0.17465,0.17726,16416673.0
2025-02-01 12:00:00+00:00,0.17726,0.17884,0.1735,0.1761,15242923.0
2025-02-01 16:00:00+00:00,0.17611,0.17698,0.17,0.17057,21964048.0
2025-02-01 20:00:00+00:00,0.17052,0.17165,0.16439,0.16603,27936518.0
2025-02-02 00:00:00+00:00,0.16603,0.16986,0.16121,0.16134,28178551.0
2025-02-02 04:00:00+00:00,0.16133,0.16577,0.16071,0.16324,19114764.0
2025-02-02 08:00:00+00:00,0.16321,0.16549,0.15859,0.15913,27095401.0
2025-02-02 12:00:00+00:00,0.1591,0.16121,0.15718,0.15937,26616548.0
2025-02-02 16:00:00+00:00,0.15937,0.15944,0.14342,0.14936,118777173.0
2025-02-02 20:00:00+00:00,0.14934,0.1509,0.13683,0.14426,90003697.0
2025-02-03 00:00:00+00:00,0.14427,0.14434,0.10266,0.12244,257289133.0
2025-02-03 04:00:00+00:00,0.12248,0.13478,0.11904,0.13332,91727295.0
2025-02-03 08:00:00+00:00,0.13333,0.13511,0.12943,0.13319,54118030.0
2025-02-03 12:00:00+00:00,0.13322,0.14077,0.12789,0.13982,122128258.0
2025-02-03 16:00:00+00:00,0.13979,0.14652,0.13855,0.14616,73792488.0
2025-02-03 20:00:00+00:00,0.14615,0.15049,0.14184,0.14868,41840962.0
2025-02-04 00:00:00+00:00,0.14867,0.15022,0.14158,0.14289,28829255.0
2025-02-04 04:00:00+00:00,0.14289,0.14485,0.13243,0.13301,54083249.0
2025-02-04 08:00:00+00:00,0.13301,0.14005,0.13212,0.13824,35175676.0
2025-02-04 12:00:00+00:00,0.13825,0.14412,0.13783,0.14037,50480906.0
2025-02-04 16:00:00+00:00,0.14038,0.1453,0.1389,0.13902,63771487.0
2025-02-04 20:00:00+00:00,0.13902,0.14124,0.13375,0.13941,66375708.0
2025-02-05 00:00:00+00:00,0.13941,0.14071,0.13672,0.13843,26762782.0
2025-02-05 04:00:00+00:00,0.13842,0.13942,0.13578,0.13779,21205954.0
2025-02-05 08:00:00+00:00,0.13778,0.14036,0.13672,0.14016,25027873.0
2025-02-05 12:00:00+00:00,0.14014,0.14155,0.13658,0.13821,43851487.0
2025-02-05 16:00:00+00:00,0.13821,0.13889,0.13305,0.13651,37841025.0
2025-02-05 20:00:00+00:00,0.13652,0.13714,0.13294,0.13455,22079306.0
2025-02-06 00:00:00+00:00,0.13455,0.13643,0.13324,0.13543,16691914.0
2025-02-06 04:00:00+00:00,0.13542,0.13846,0.13495,0.13708,25283943.0
2025-02-06 08:00:00+00:00,0.13708,0.13832,0.13483,0.13612,25693748.0
2025-02-06 12:00:00+00:00,0.13613,0.13635,0.12956,0.13048,45541025.0
2025-02-06 16:00:00+00:00,0.13049,0.1328,0.12821,0.12853,38203107.0
2025-02-06 20:00:00+00:00,0.12855,0.13149,0.12717,0.12846,35780534.0
2025-02-07 00:00:00+00:00,0.12845,0.13224,0.12826,0.13062,22217997.0
2025-02-07 04:00:00+00:00,0.13063,0.13129,0.12722,0.129,19357093.0
2025-02-07 08:00:00+00:00,0.12899,0.13271,0.1285,0.13228,26217164.0
2025-02-07 12:00:00+00:00,0.13227,0.13785,0.13068,0.13411,51696706.0
2025-02-07 16:00:00+00:00,0.13413,0.13423,0.12971,0.12993,33289393.0
2025-02-07 20:00:00+00:00,0.12994,0.13012,0.12418,0.12769,39594757.0
2025-02-08 00:00:00+00:00,0.12769,0.12912,0.12646,0.12731,18423870.0
2025-02-08 04:00:00+00:00,0.12731,0.12842,0.12544,0.12778,13009518.0
2025-02-08 08:00:00+00:00,0.12778,0.12811,0.12565,0.12667,12515199.0
2025-02-08 12:00:00+00:00,0.12667,0.12896,0.12574,0.12696,22459634.0
2025-02-08 16:00:00+00:00,0.12694,0.13057,0.12579,0.12989,25005308.0
2025-02-08 20:00:00+00:00,0.12989,0.13129,0.12897,0.13005,15549019.0
2025-02-09 00:00:00+00:00,0.13005,0.13369,0.12928,0.13342,20665416.0
2025-02-09 04:00:00+00:00,0.13341,0.13505,0.13229,0.13408,24799522.0
2025-02-09 08:00:00+00:00,0.1341,0.13625,0.13409,0.1344,20795142.0
2025-02-09 12:00:00+00:00,0.1344,0.13487,0.13032,0.13267,24078454.0
2025-02-09 16:00:00+00:00,0.13269,0.1335,0.1288,0.12923,16921385.0
2025-02-09 20:00:00+00:00,0.12922,0.13263,0.12468,0.13228,41258072.0
2025-02-10 00:00:00+00:00,0.13228,0.13464,0.12731,0.13122,33893014.0
2025-02-10 04:00:00+00:00,0.13122,0.13554,0.1305,0.13421,25720007.0
2025-02-10 08:00:00+00:00,0.13419,0.13732,0.13397,0.13634,27908104.0
2025-02-10 12:00:00+00:00,0.13633,0.13932,0.1344,0.13814,28887177.0
2025-02-10 16:00:00+00:00,0.13815,0.14429,0.13771,0.14021,43466303.0
2025-02-10 20:00:00+00:00,0.1402,0.14177,0.13848,0.13964,20596959.0
2025-02-11 00:00:00+00:00,0.13964,0.14266,0.139,0.14151,18935977.0
2025-02-11 04:00:00+00:00,0.1415,0.14748,0.14144,0.14608,29019697.0
2025-02-11 08:00:00+00:00,0.14607,0.148,0.1444,0.14649,22432723.0
2025-02-11 12:00:00+00:00,0.14648,0.14655,0.14064,0.14211,29156480.0
2025-02-11 16:00:00+00:00,0.14212,0.14252,0.13645,0.13719,30190622.0
2025-02-11 20:00:00+00:00,0.13719,0.14042,0.13698,0.138,20591157.0
2025-02-12 00:00:00+00:00,0.13795,0.13933,0.1356,0.13687,19623984.0
2025-02-12 04:00:00+00:00,0.13688,0.13887,0.13576,0.13819,14425924.0
2025-02-12 08:00:00+00:00,0.1382,0.14002,0.13693,0.13863,16638909.0
2025-02-12 12:00:00+00:00,0.13863,0.14094,0.13248,0.13768,55608770.0
2025-02-12 16:00:00+00:00,0.13769,0.14369,0.13586,0.14318,28757470.0
2025-02-12 20:00:00+00:00,0.14316,0.14762,0.14261,0.14529,22913790.0
2025-02-13 00:00:00+00:00,0.14529,0.14748,0.14469,0.14614,16851400.0
2025-02-13 04:00:00+00:00,0.14615,0.14633,0.14076,0.14116,17645354.0
2025-02-13 08:00:00+00:00,0.14118,0.14254,0.1396,0.14029,17295789.0
2025-02-13 12:00:00+00:00,0.1403,0.14263,0.13868,0.14121,26296774.0
2025-02-13 16:00:00+00:00,0.1412,0.14274,0.13884,0.13969,22020025.0
2025-02-13 20:00:00+00:00,0.1397,0.14141,0.13944,0.14008,16783367.0
2025-02-14 00:00:00+00:00,0.14007,0.1426,0.13914,0.14228,13235489.0
2025-02-14 04:00:00+00:00,0.14227,0.14269,0.13951,0.14017,11795637.0
2025-02-14 08:00:00+00:00,0.14016,0.14382,0.13959,0.1426,23516863.0
2025-02-14 12:00:00+00:00,0.14261,0.14468,0.14112,0.14364,26190481.0
2025-02-14 16:00:00+00:00,0.14365,0.14645,0.14201,0.14453,26997176.0
2025-02-14 20:00:00+00:00,0.14453,0.14514,0.14077,0.14273,20384152.0
2025-02-15 00:00:00+00:00,0.14274,0.14495,0.14101,0.14433,13980384.0
2025-02-15 04:00:00+00:00,0.14435,0.14511,0.14135,0.14137,10448982.0
2025-02-15 08:00:00+00:00,0.14137,0.14239,0.13951,0.14017,16067307.0
2025-02-15 12:00:00+00:00,0.14016,0.14132,0.138,0.13919,16863748.0
2025-02-15 16:00:00+00:00,0.13919,0.13974,0.13771,0.13777,13841242.0
2025-02-15 20:00:00+00:00,0.13777,0.13884,0.13669,0.13824,16031854.0
2025-02-16 00:00:00+00:00,0.13824,0.13908,0.13623,0.13734,8705040.0
2025-02-16 04:00:00+00:00,0.13735,0.13836,0.13654,0.13751,9119009.0
2025-02-16 08:00:00+00:00,0.13752,0.14289,0.13731,0.14276,20328194.0
2025-02-16 12:00:00+00:00,0.14277,0.14286,0.13841,0.14056,19788555.0
2025-02-16 16:00:00+00:00,0.14056,0.14162,0.1373,0.139,16223264.0
2025-02-16 20:00:00+00:00,0.13897,0.13956,0.13692,0.13799,18743727.0
2025-02-17 00:00:00+00:00,0.13799,0.14239,0.13785,0.14214,21358670.0
2025-02-17 04:00:00+00:00,0.14214,0.14367,0.13946,0.143,31899161.0
2025-02-17 08:00:00+00:00,0.143,0.14616,0.14202,0.14492,29559707.0
2025-02-17 12:00:00+00:00,0.14492,0.14901,0.14298,0.14349,37462837.0
2025-02-17 16:00:00+00:00,0.14348,0.14432,0.13886,0.14106,32883968.0
2025-02-17 20:00:00+00:00,0.14104,0.14352,0.14066,0.14187,18608463.0
2025-02-18 00:00:00+00:00,0.14188,0.1425,0.1392,0.14089,19069555.0
2025-02-18 04:00:00+00:00,0.14089,0.14157,0.13474,0.13481,28293218.0
2025-02-18 08:00:00+00:00,0.13482,0.1356,0.13235,0.13267,35527737.0
2025-02-18 12:00:00+00:00,0.13267,0.136,0.12937,0.1303,41274270.0
2025-02-18 16:00:00+00:00,0.13031,0.13109,0.12633,0.12991,49669885.0
2025-02-18 20:00:00+00:00,0.12991,0.1328,0.12853,0.13275,29202601.0
2025-02-19 00:00:00+00:00,0.13274,0.13317,0.13085,0.13205,13028547.0
2025-02-19 04:00:00+00:00,0.13205,0.13381,0.12985,0.13302,17526122.0
2025-02-19 08:00:00+00:00,0.13301,0.1346,0.13221,0.13426,18385089.0
2025-02-19 12:00:00+00:00,0.13426,0.13471,0.13133,0.1315,27554065.0
2025-02-19 16:00:00+00:00,0.1315,0.13403,0.13131,0.13311,17446037.0
2025-02-19 20:00:00+00:00,0.13311,0.13499,0.13135,0.13356,35074729.0
2025-02-20 00:00:00+00:00,0.13357,0.1363,0.13323,0.13594,19974005.0
2025-02-20 04:00:00+00:00,0.13595,0.1372,0.13373,0.13373,18884715.0
2025-02-20 08:00:00+00:00,0.13372,0.13551,0.13275,0.13507,20422252.0
2025-02-20 12:00:00+00:00,0.13506,0.13692,0.13317,0.13334,25624851.0
2025-02-20 16:00:00+00:00,0.13335,0.13836,0.13315,0.13814,23517556.0
2025-02-20 20:00:00+00:00,0.13815,0.13995,0.13753,0.13894,20507211.0
2025-02-21 00:00:00+00:00,0.13894,0.13949,0.13751,0.13808,13499168.0
2025-02-21 04:00:00+00:00,0.13808,0.14372,0.13802,0.14263,24072927.0
2025-02-21 08:00:00+00:00,0.14264,0.14716,0.14261,0.14538,32739830.0
2025-02-21 12:00:00+00:00,0.14537,0.14811,0.13999,0.14221,59435991.0
2025-02-21 16:00:00+00:00,0.14223,0.14477,0.13343,0.13414,62463674.0
2025-02-21 20:00:00+00:00,0.13414,0.13573,0.13165,0.13379,38991052.0
2025-02-22 00:00:00+00:00,0.13379,0.13559,0.1329,0.13544,17195231.0
2025-02-22 04:00:00+00:00,0.13542,0.13717,0.1351,0.13582,13206410.0
2025-02-22 08:00:00+00:00,0.13583,0.13889,0.13525,0.13859,17951139.0
2025-02-22 12:00:00+00:00,0.13858,0.14019,0.13795,0.13966,19713257.0
2025-02-22 16:00:00+00:00,0.13966,0.14194,0.13965,0.14074,18317308.0
2025-02-22 20:00:00+00:00,0.14074,0.14079,0.13765,0.13863,21815193.0
2025-02-23 00:00:00+00:00,0.13862,0.1387,0.13623,0.13743,15655700.0
2025-02-23 04:00:00+00:00,0.13746,0.13997,0.13655,0.13966,14054789.0
2025-02-23 08:00:00+00:00,0.13965,0.14038,0.137,0.13726,17972258.0
2025-02-23 12:00:00+00:00,0.13726,0.13774,0.13481,0.13496,19416391.0
2025-02-23 16:00:00+00:00,0.13497,0.1371,0.1348,0.13558,12866396.0
2025-02-23 20:00:00+00:00,0.13555,0.13798,0.13503,0.13696,12663169.0
2025-02-24 00:00:00+00:00,0.13695,0.1377,0.13176,0.13209,23104563.0
2025-02-24 04:00:00+00:00,0.13209,0.13366,0.13039,0.13303,17743118.0
2025-02-24 08:00:00+00:00,0.13304,0.13326,0.1301,0.13189,23566886.0
2025-02-24 12:00:00+00:00,0.13189,0.13274,0.12751,0.12919,34665118.0
2025-02-24 16:00:00+00:00,0.12919,0.13083,0.12636,0.12733,29279094.0
2025-02-24 20:00:00+00:00,0.12735,0.12996,0.11987,0.12103,70238679.0
2025-02-25 00:00:00+00:00,0.12102,0.12257,0.11726,0.11998,53525303.0
2025-02-25 04:00:00+00:00,0.11999,0.12086,0.11143,0.1151,72884654.0
2025-02-25 08:00:00+00:00,0.11511,0.11696,0.11059,0.11657,61699971.0
2025-02-25 12:00:00+00:00,0.11655,0.11829,0.11307,0.11587,57504128.0
2025-02-25 16:00:00+00:00,0.11588,0.12003,0.11445,0.11998,45972797.0
2025-02-25 20:00:00+00:00,0.11996,0.12259,0.11886,0.12113,35224817.0
2025-02-26 00:00:00+00:00,0.12115,0.1238,0.11968,0.1227,18032700.0
2025-02-26 04:00:00+00:00,0.1227,0.12414,0.12085,0.12224,18256095.0
2025-02-26 08:00:00+00:00,0.12224,0.12441,0.12082,0.12174,21004343.0
2025-02-26 12:00:00+00:00,0.12175,0.12346,0.1175,0.12208,49712106.0
2025-02-26 16:00:00+00:00,0.12209,0.12283,0.11576,0.11736,55211131.0
2025-02-26 20:00:00+00:00,0.11735,0.1224,0.11551,0.12005,41184904.0
2025-02-27 00:00:00+00:00,0.12006,0.12326,0.11906,0.12254,26346780.0
2025-02-27 04:00:00+00:00,0.12253,0.12523,0.12142,0.12444,18517533.0
2025-02-27 08:00:00+00:00,0.12445,0.12622,0.12348,0.12513,23979381.0
2025-02-27 12:00:00+00:00,0.12513,0.1261,0.12184,0.12367,35218922.0
2025-02-27 16:00:00+00:00,0.12368,0.12463,0.12146,0.12208,22237175.0
2025-02-27 20:00:00+00:00,0.12209,0.12343,0.12,0.1231,23656592.0
2025-02-28 00:00:00+00:00,0.1231,0.12391,0.11309,0.11333,70942159.0
2025-02-28 04:00:00+00:00,0.11334,0.11388,0.11092,0.11257,54306730.0
2025-02-28 08:00:00+00:00,0.11254,0.11553,0.11055,0.11383,35732603.0
2025-02-28 12:00:00+00:00,0.11382,0.12043,0.11361,0.11955,71723748.0
2025-02-28 16:00:00+00:00,0.11953,0.12179,0.11848,0.1205,33688587.0
2025-02-28 20:00:00+00:00,0.1205,0.12081,0.11909,0.12032,21370302.0
2025-03-01 00:00:00+00:00,0.12033,0.12198,0.11887,0.1206,22993068.0
2025-03-01 04:00:00+00:00,0.12059,0.12158,0.11766,0.11798,18956355.0
2025-03-01 08:00:00+00:00,0.11799,0.11961,0.11644,0.11706,20528851.0
2025-03-01 12:00:00+00:00,0.11705,0.11755,0.11531,0.1162,21840314.0
2025-03-01 16:00:00+00:00,0.1162,0.1179,0.11559,0.11739,19962833.0
2025-03-01 20:00:00+00:00,0.11739,0.11966,0.11649,0.1192,16000981.0
2025-03-02 00:00:00+00:00,0.11921,0.12001,0.11793,0.11903,15108037.0
2025-03-02 04:00:00+00:00,0.11904,0.11999,0.11803,0.11822,16354074.0
2025-03-02 08:00:00+00:00,0.11821,0.1198,0.11751,0.11879,16562455.0
2025-03-02 12:00:00+00:00,0.11879,0.12291,0.116,0.12006,44927327.0
2025-03-02 16:00:00+00:00,0.12006,0.12998,0.1199,0.12974,86795055.0
2025-03-02 20:00:00+00:00,0.12973,0.13074,0.12875,0.12904,26525029.0
2025-03-03 00:00:00+00:00,0.12904,0.1301,0.12468,0.12562,32456417.0
2025-03-03 04:00:00+00:00,0.12562,0.1272,0.12055,0.12231,31696669.0
2025-03-03 08:00:00+00:00,0.12232,0.12233,0.11884,0.12138,31020332.0
2025-03-03 12:00:00+00:00,0.12138,0.12334,0.11819,0.11893,48280252.0
2025-03-03 16:00:00+00:00,0.11893,0.12055,0.11004,0.1103,89169164.0
2025-03-03 20:00:00+00:00,0.1103,0.11206,0.10764,0.10906,74470983.0
2025-03-04 00:00:00+00:00,0.10903,0.10965,0.10049,0.10357,85859369.0
2025-03-04 04:00:00+00:00,0.10353,0.10627,0.10328,0.1041,36691435.0
2025-03-04 08:00:00+00:00,0.10409,0.10579,0.1025,0.1038,48953127.0
2025-03-04 12:00:00+00:00,0.1038,0.10678,0.10034,0.10265,81334502.0
2025-03-04 16:00:00+00:00,0.10263,0.1063,0.09681,0.10614,90221497.0
2025-03-04 20:00:00+00:00,0.10612,0.10807,0.10391,0.10645,31411337.0
2025-03-05 00:00:00+00:00,0.10645,0.10747,0.10441,0.10446,24464398.0
2025-03-05 04:00:00+00:00,0.10447,0.10662,0.10418,0.10624,21668985.0
2025-03-05 08:00:00+00:00,0.10624,0.10986,0.10607,0.10745,27228031.0
2025-03-05 12:00:00+00:00,0.10747,0.10922,0.10546,0.10621,39193266.0
2025-03-05 16:00:00+00:00,0.10621,0.10972,0.10486,0.10944,33745126.0
2025-03-05 20:00:00+00:00,0.10945,0.11126,0.10942,0.11005,24310442.0
2025-03-06 00:00:00+00:00,0.11004,0.11116,0.10805,0.11106,28281135.0
2025-03-06 04:00:00+00:00,0.11107,0.11342,0.11015,0.11078,22320743.0
2025-03-06 08:00:00+00:00,0.11079,0.1127,0.11029,0.11242,23700185.0
2025-03-06 12:00:00+00:00,0.11242,0.11262,0.10774,0.11106,55804935.0
2025-03-06 16:00:00+00:00,0.11107,0.11172,0.10628,0.10717,45549191.0
2025-03-06 20:00:00+00:00,0.10718,0.10947,0.10702,0.10741,24438931.0
2025-03-07 00:00:00+00:00,0.10741,0.10851,0.10123,0.10501,77976123.0
2025-03-07 04:00:00+00:00,0.10502,0.10717,0.10457,0.10703,21050636.0
2025-03-07 08:00:00+00:00,0.10701,0.10814,0.10579,0.10715,19714459.0
2025-03-07 12:00:00+00:00,0.10716,0.10925,0.1055,0.1068,45515162.0
2025-03-07 16:00:00+00:00,0.10679,0.10851,0.10356,0.10665,45399363.0
2025-03-07 20:00:00+00:00,0.10666,0.10733,0.10195,0.10298,40429413.0
2025-03-08 00:00:00+00:00,0.10297,0.10435,0.10168,0.10311,22692842.0
2025-03-08 04:00:00+00:00,0.1031,0.104,0.10184,0.10208,13986672.0
2025-03-08 08:00:00+00:00,0.10208,0.10259,0.10031,0.10102,18226857.0
2025-03-08 12:00:00+00:00,0.10103,0.10248,0.10051,0.10135,19392349.0
2025-03-08 16:00:00+00:00,0.10134,0.10257,0.1,0.10228,21493386.0
2025-03-08 20:00:00+00:00,0.10229,0.10266,0.10062,0.10128,13858626.0
2025-03-09 00:00:00+00:00,0.10128,0.10185,0.09981,0.10048,14172099.0
2025-03-09 04:00:00+00:00,0.10048,0.10119,0.09949,0.10016,13683956.0
2025-03-09 08:00:00+00:00,0.10015,0.10031,0.09541,0.09651,37831213.0
2025-03-09 12:00:00+00:00,0.0965,0.09675,0.0932,0.09376,42768706.0
2025-03-09 16:00:00+00:00,0.09376,0.09399,0.08901,0.09127,68521558.0
2025-03-09 20:00:00+00:00,0.09128,0.09223,0.08937,0.09094,37986185.0
2025-03-10 00:00:00+00:00,0.09095,0.09432,0.08944,0.09287,32563039.0
2025-03-10 04:00:00+00:00,0.09287,0.09498,0.09278,0.09459,16300555.0
2025-03-10 08:00:00+00:00,0.09459,0.09736,0.09282,0.09481,40939863.0
2025-03-10 12:00:00+00:00,0.09482,0.0955,0.08857,0.09064,54705641.0
2025-03-10 16:00:00+00:00,0.09064,0.09103,0.08323,0.08659,81939208.0
2025-03-10 20:00:00+00:00,0.08661,0.08709,0.08425,0.08447,32365517.0
2025-03-11 00:00:00+00:00,0.08448,0.08562,0.07954,0.08432,76818418.0
2025-03-11 04:00:00+00:00,0.08432,0.08767,0.08408,0.08654,31946511.0
2025-03-11 08:00:00+00:00,0.08653,0.08953,0.08636,0.08875,28063169.0
2025-03-11 12:00:00+00:00,0.08874,0.09073,0.08556,0.08921,66020518.0
2025-03-11 16:00:00+00:00,0.0892,0.09322,0.0879,0.09287,41892527.0
2025-03-11 20:00:00+00:00,0.09286,0.09325,0.08986,0.09031,18333821.0
2025-03-12 00:00:00+00:00,0.09031,0.09232,0.08875,0.08884,23321417.0
2025-03-12 04:00:00+00:00,0.08884,0.09032,0.08749,0.09005,30226486.0
2025-03-12 08:00:00+00:00,0.09004,0.09265,0.08945,0.09205,36186612.0
2025-03-12 12:00:00+00:00,0.09205,0.09491,0.08759,0.08965,88527204.0
2025-03-12 16:00:00+00:00,0.08964,0.09204,0.0893,0.09155,34116451.0
2025-03-12 20:00:00+00:00,0.09154,0.09299,0.09126,0.09224,17630822.0
2025-03-13 00:00:00+00:00,0.09223,0.09269,0.09111,0.09128,19115268.0
2025-03-13 04:00:00+00:00,0.09128,0.09159,0.08931,0.09094,18681700.0
2025-03-13 08:00:00+00:00,0.09093,0.09323,0.09008,0.09156,44936099.0
2025-03-13 12:00:00+00:00,0.09156,0.09292,0.08856,0.08897,44082320.0
2025-03-13 16:00:00+00:00,0.08898,0.08939,0.08649,0.08738,28522040.0
2025-03-13 20:00:00+00:00,0.08737,0.09016,0.08703,0.08909,18594349.0
2025-03-14 00:00:00+00:00,0.08909,0.09046,0.08871,0.08974,19396536.0
2025-03-14 04:00:00+00:00,0.08973,0.09068,0.08943,0.09019,16466646.0
2025-03-14 08:00:00+00:00,0.09019,0.09267,0.0901,0.09231,21807134.0
2025-03-14 12:00:00+00:00,0.09231,0.09585,0.09195,0.09448,43966859.0
2025-03-14 16:00:00+00:00,0.09448,0.09526,0.09382,0.09453,18856033.0
2025-03-14 20:00:00+00:00,0.09452,0.09568,0.0935,0.09419,21453112.0
2025-03-15 00:00:00+00:00,0.09418,0.09571,0.09367,0.09551,21133725.0
2025-03-15 04:00:00+00:00,0.09551,0.09704,0.0942,0.09488,26365191.0
2025-03-15 08:00:00+00:00,0.09488,0.09694,0.09442,0.09637,27999555.0
2025-03-15 12:00:00+00:00,0.09638,0.09711,0.09507,0.09567,17628809.0
2025-03-15 16:00:00+00:00,0.09568,0.0971,0.09541,0.09598,14874022.0
2025-03-15 20:00:00+00:00,0.09598,0.09672,0.09547,0.0958,12698102.0
2025-03-16 00:00:00+00:00,0.0958,0.09612,0.09434,0.09557,13508664.0
2025-03-16 04:00:00+00:00,0.09557,0.09576,0.09451,0.09511,12474293.0
2025-03-16 08:00:00+00:00,0.09511,0.0953,0.09116,0.09145,29870152.0
2025-03-16 12:00:00+00:00,0.09147,0.09232,0.09065,0.09195,20188641.0
2025-03-16 16:00:00+00:00,0.09196,0.09455,0.0906,0.0912,27627853.0
2025-03-16 20:00:00+00:00,0.0912,0.09198,0.09049,0.09139,17229833.0
2025-03-17 00:00:00+00:00,0.0914,0.09393,0.09133,0.09368,15648258.0
2025-03-17 04:00:00+00:00,0.09368,0.09413,0.09181,0.09378,18474241.0
2025-03-17 08:00:00+00:00,0.09379,0.09492,0.09324,0.0946,15306431.0
2025-03-17 12:00:00+00:00,0.0946,0.09622,0.09274,0.09457,46408602.0
2025-03-17 16:00:00+00:00,0.09457,0.09668,0.09397,0.09629,26098097.0
2025-03-17 20:00:00+00:00,0.0963,0.09738,0.09564,0.09605,26828965.0
2025-03-18 00:00:00+00:00,0.09605,0.09648,0.09398,0.09464,23470181.0
2025-03-18 04:00:00+00:00,0.09465,0.09535,0.09316,0.09456,20682723.0
2025-03-18 08:00:00+00:00,0.09456,0.09688,0.09419,0.09602,36425087.0
2025-03-18 12:00:00+00:00,0.09601,0.09778,0.09471,0.09513,51883796.0
2025-03-18 16:00:00+00:00,0.09513,0.09544,0.09143,0.09308,49284597.0
2025-03-18 20:00:00+00:00,0.09308,0.09571,0.09236,0.09549,24471150.0
2025-03-19 00:00:00+00:00,0.09548,0.09639,0.09471,0.09609,17282714.0
2025-03-19 04:00:00+00:00,0.0961,0.09633,0.09417,0.09426,22044843.0
2025-03-19 08:00:00+00:00,0.09426,0.09778,0.09418,0.09774,29881424.0
2025-03-19 12:00:00+00:00,0.09774,0.0998,0.09634,0.09968,74292764.0
2025-03-19 16:00:00+00:00,0.09968,0.10055,0.09635,0.09873,97932032.0
2025-03-19 20:00:00+00:00,0.09874,0.09983,0.09824,0.09923,25125630.0
2025-03-20 00:00:00+00:00,0.09922,0.09992,0.09661,0.09716,26391108.0
2025-03-20 04:00:00+00:00,0.09716,0.09729,0.09645,0.09713,19045671.0
2025-03-20 08:00:00+00:00,0.09712,0.0983,0.0952,0.09624,25665486.0
2025-03-20 12:00:00+00:00,0.09623,0.09771,0.09548,0.09566,31661345.0
2025-03-20 16:00:00+00:00,0.09565,0.09619,0.09429,0.09557,21006816.0
2025-03-20 20:00:00+00:00,0.09556,0.09618,0.09474,0.09548,12430451.0
2025-03-21 00:00:00+00:00,0.09548,0.09616,0.09442,0.09445,14064603.0
2025-03-21 04:00:00+00:00,0.09444,0.09526,0.09351,0.09386,14090174.0
2025-03-21 08:00:00+00:00,0.09386,0.09426,0.09121,0.09224,27991413.0
2025-03-21 12:00:00+00:00,0.09224,0.09357,0.09117,0.09257,31230532.0
2025-03-21 16:00:00+00:00,0.09257,0.09573,0.09196,0.09425,18239537.0
2025-03-21 20:00:00+00:00,0.09425,0.09517,0.09346,0.09387,12347880.0
2025-03-22 00:00:00+00:00,0.09387,0.09532,0.09383,0.09478,13874329.0
2025-03-22 04:00:00+00:00,0.09478,0.09647,0.09473,0.09604,10802473.0
2025-03-22 08:00:00+00:00,0.09604,0.09671,0.0953,0.0954,14578982.0
2025-03-22 12:00:00+00:00,0.09539,0.09557,0.09435,0.09545,14572570.0
2025-03-22 16:00:00+00:00,0.09544,0.09731,0.09534,0.0962,13562019.0
2025-03-22 20:00:00+00:00,0.09621,0.09638,0.09469,0.09542,15556992.0
2025-03-23 00:00:00+00:00,0.09542,0.09786,0.09507,0.09785,12972712.0
2025-03-23 04:00:00+00:00,0.09785,0.09809,0.09702,0.09771,14619008.0
2025-03-23 08:00:00+00:00,0.09772,0.09822,0.09701,0.09739,14239150.0
2025-03-23 12:00:00+00:00,0.09739,0.09773,0.09596,0.09629,15594533.0
2025-03-23 16:00:00+00:00,0.09629,0.09631,0.09432,0.09553,19206234.0
2025-03-23 20:00:00+00:00,0.09552,0.09661,0.09486,0.09659,16579204.0
2025-03-24 00:00:00+00:00,0.09658,0.09783,0.09521,0.09708,18393326.0
2025-03-24 04:00:00+00:00,0.09708,0.10082,0.09708,0.09965,27999538.0
2025-03-24 08:00:00+00:00,0.09966,0.10279,0.09966,0.10155,27308478.0
2025-03-24 12:00:00+00:00,0.10156,0.10375,0.10075,0.10237,25841469.0
2025-03-24 16:00:00+00:00,0.10238,0.10272,0.1012,0.10211,20529338.0
2025-03-24 20:00:00+00:00,0.10211,0.10289,0.10092,0.10212,15054724.0
2025-03-25 00:00:00+00:00,0.10214,0.10236,0.10044,0.10095,18480940.0
2025-03-25 04:00:00+00:00,0.10094,0.10227,0.10053,0.10148,11795537.0
2025-03-25 08:00:00+00:00,0.10149,0.10386,0.10144,0.10344,15711827.0
2025-03-25 12:00:00+00:00,0.10342,0.10512,0.10291,0.10395,30535204.0
2025-03-25 16:00:00+00:00,0.10395,0.10549,0.10301,0.1052,20300954.0
2025-03-25 20:00:00+00:00,0.10517,0.10632,0.1041,0.10454,20067558.0
2025-03-26 00:00:00+00:00,0.10453,0.10582,0.10323,0.10379,16565054.0
2025-03-26 04:00:00+00:00,0.1038,0.1075,0.10364,0.10696,22260859.0
2025-03-26 08:00:00+00:00,0.10694,0.10838,0.10622,0.10777,24794742.0
2025-03-26 12:00:00+00:00,0.10777,0.10789,0.10432,0.10548,38454170.0
2025-03-26 16:00:00+00:00,0.10547,0.10625,0.10263,0.10394,22732591.0
2025-03-26 20:00:00+00:00,0.10395,0.10486,0.10309,0.10394,13326714.0
2025-03-27 00:00:00+00:00,0.10395,0.10717,0.10388,0.10709,18891913.0
2025-03-27 04:00:00+00:00,0.1071,0.10747,0.10592,0.10673,14005488.0
2025-03-27 08:00:00+00:00,0.10673,0.10779,0.10467,0.10494,23816902.0
2025-03-27 12:00:00+00:00,0.10494,0.10655,0.10317,0.10548,21957217.0
2025-03-27 16:00:00+00:00,0.10546,0.10626,0.10389,0.10504,22131685.0
2025-03-27 20:00:00+00:00,0.10505,0.10598,0.10397,0.10432,16779042.0
2025-03-28 00:00:00+00:00,0.10431,0.10431,0.10133,0.10189,34873993.0
2025-03-28 04:00:00+00:00,0.10188,0.10192,0.09692,0.09706,33324625.0
2025-03-28 08:00:00+00:00,0.09704,0.09753,0.09583,0.09723,28733391.0
2025-03-28 12:00:00+00:00,0.09722,0.09754,0.09501,0.09512,23861639.0
2025-03-28 16:00:00+00:00,0.09511,0.09536,0.09366,0.09398,19466176.0
2025-03-28 20:00:00+00:00,0.09398,0.09563,0.09359,0.09486,23840104.0
2025-03-29 00:00:00+00:00,0.09486,0.0955,0.09229,0.09439,25351170.0
2025-03-29 04:00:00+00:00,0.09442,0.09501,0.09186,0.09223,17248207.0
2025-03-29 08:00:00+00:00,0.09223,0.0927,0.08965,0.09034,29524953.0
2025-03-29 12:00:00+00:00,0.09037,0.09123,0.08955,0.08997,16394876.0
2025-03-29 16:00:00+00:00,0.08995,0.09024,0.08751,0.08845,24592789.0
2025-03-29 20:00:00+00:00,0.08845,0.08867,0.08733,0.08848,15195446.0
2025-03-30 00:00:00+00:00,0.08848,0.09066,0.08757,0.08993,16767218.0
2025-03-30 04:00:00+00:00,0.08993,0.09112,0.08993,0.09062,11247133.0
2025-03-30 08:00:00+00:00,0.09064,0.09161,0.09002,0.09036,13606027.0
2025-03-30 12:00:00+00:00,0.09038,0.09106,0.08901,0.0895,17068661.0
2025-03-30 16:00:00+00:00,0.08949,0.0906,0.08806,0.08984,14935522.0
2025-03-30 20:00:00+00:00,0.08984,0.09,0.0875,0.08913,16284036.0
2025-03-31 00:00:00+00:00,0.08914,0.08939,0.08658,0.08699,22255468.0
2025-03-31 04:00:00+00:00,0.087,0.08869,0.08568,0.08636,19991832.0
2025-03-31 08:00:00+00:00,0.08637,0.08732,0.08448,0.08693,22274696.0
2025-03-31 12:00:00+00:00,0.08691,0.08962,0.086,0.08868,27477257.0
2025-03-31 16:00:00+00:00,0.08868,0.08975,0.08767,0.08795,20598312.0
2025-03-31 20:00:00+00:00,0.08795,0.08854,0.08717,0.08781,10901849.0
2025-04-01 00:00:00+00:00,0.08781,0.09037,0.08767,0.09037,15488347.0
2025-04-01 04:00:00+00:00,0.09037,0.09167,0.08994,0.09097,18335516.0
2025-04-01 08:00:00+00:00,0.09097,0.09334,0.09036,0.09075,30542087.0
2025-04-01 12:00:00+00:00,0.09074,0.09342,0.08972,0.09301,28673353.0
2025-04-01 16:00:00+00:00,0.09302,0.09335,0.08996,0.09044,17435693.0
2025-04-01 20:00:00+00:00,0.09044,0.09065,0.08927,0.08975,18912732.0
2025-04-02 00:00:00+00:00,0.08975,0.08977,0.08669,0.08794,23685570.0
2025-04-02 04:00:00+00:00,0.08793,0.08812,0.08601,0.08662,17313953.0
2025-04-02 08:00:00+00:00,0.08662,0.0883,0.08614,0.08695,20822413.0
2025-04-02 12:00:00+00:00,0.08696,0.09005,0.08612,0.08951,30451743.0
2025-04-02 16:00:00+00:00,0.0895,0.08994,0.08688,0.08846,23250700.0
2025-04-02 20:00:00+00:00,0.08846,0.09052,0.08107,0.08261,68187174.0
2025-04-03 00:00:00+00:00,0.08262,0.08502,0.08142,0.08423,29816024.0
2025-04-03 04:00:00+00:00,0.08425,0.08501,0.08209,0.08291,19619667.0
2025-04-03 08:00:00+00:00,0.0829,0.08357,0.08036,0.08112,25335809.0
2025-04-03 12:00:00+00:00,0.08115,0.08168,0.07936,0.08118,38911925.0
2025-04-03 16:00:00+00:00,0.08118,0.08251,0.08086,0.08193,24366574.0
2025-04-03 20:00:00+00:00,0.08195,0.08343,0.08168,0.083,18968746.0
2025-04-04 00:00:00+00:00,0.083,0.08328,0.08142,0.08257,12173458.0
2025-04-04 04:00:00+00:00,0.08258,0.0842,0.08206,0.08399,16517320.0
2025-04-04 08:00:00+00:00,0.084,0.08486,0.08026,0.08144,30022496.0
2025-04-04 12:00:00+00:00,0.08141,0.08381,0.08062,0.08224,47375177.0
2025-04-04 16:00:00+00:00,0.08225,0.08417,0.08186,0.08311,30090341.0
2025-04-04 20:00:00+00:00,0.08311,0.08391,0.08278,0.0831,16382297.0
2025-04-05 00:00:00+00:00,0.08308,0.084,0.08256,0.08268,10161886.0
2025-04-05 04:00:00+00:00,0.0827,0.08312,0.08213,0.0829,10896148.0
2025-04-05 08:00:00+00:00,0.08291,0.08332,0.08172,0.08188,23947713.0
2025-04-05 12:00:00+00:00,0.08189,0.08196,0.08025,0.08036,19368314.0
2025-04-05 16:00:00+00:00,0.08034,0.0815,0.08023,0.08077,12279775.0
2025-04-05 20:00:00+00:00,0.08077,0.08199,0.0804,0.08178,9344944.0
2025-04-06 00:00:00+00:00,0.0818,0.08206,0.08102,0.08143,7284062.0
2025-04-06 04:00:00+00:00,0.08144,0.08242,0.08074,0.08096,13404752.0
2025-04-06 08:00:00+00:00,0.08096,0.08171,0.08047,0.08102,12611064.0
2025-04-06 12:00:00+00:00,0.08103,0.08114,0.07836,0.07956,29307772.0
2025-04-06 16:00:00+00:00,0.07956,0.07958,0.07318,0.07438,79187069.0
2025-04-06 20:00:00+00:00,0.07437,0.07454,0.07132,0.0732,61862955.0
2025-04-07 00:00:00+00:00,0.07321,0.07524,0.07052,0.07176,46405779.0
2025-04-07 04:00:00+00:00,0.07173,0.07265,0.06621,0.06806,93508551.0
2025-04-07 08:00:00+00:00,0.06806,0.07222,0.06774,0.07074,57056160.0
2025-04-07 12:00:00+00:00,0.07076,0.07787,0.07064,0.07396,124321607.0
2025-04-07 16:00:00+00:00,0.07394,0.07516,0.0724,0.07375,57175604.0
2025-04-07 20:00:00+00:00,0.07375,0.07595,0.07372,0.07476,22054305.0
2025-04-08 00:00:00+00:00,0.07478,0.07711,0.0742,0.0758,22751488.0
2025-04-08 04:00:00+00:00,0.07581,0.07639,0.07437,0.07467,19043059.0
2025-04-08 08:00:00+00:00,0.07465,0.07645,0.07379,0.07632,26703708.0
2025-04-08 12:00:00+00:00,0.07634,0.07708,0.07444,0.07489,38136707.0
2025-04-08 16:00:00+00:00,0.07488,0.07493,0.07136,0.07212,50998027.0
2025-04-08 20:00:00+00:00,0.07211,0.07305,0.07135,0.07173,26182654.0
2025-04-09 00:00:00+00:00,0.07175,0.07276,0.06914,0.07213,42563184.0
2025-04-09 04:00:00+00:00,0.07212,0.07417,0.07195,0.0737,36900999.0
2025-04-09 08:00:00+00:00,0.07368,0.07392,0.07144,0.0719,31333694.0
2025-04-09 12:00:00+00:00,0.0719,0.074,0.07128,0.07297,32950471.0
2025-04-09 16:00:00+00:00,0.07298,0.07956,0.07224,0.07911,101344161.0
2025-04-09 20:00:00+00:00,0.07912,0.08097,0.07912,0.08012,30220875.0
2025-04-10 00:00:00+00:00,0.08013,0.08018,0.07736,0.07814,24945094.0
2025-04-10 04:00:00+00:00,0.07814,0.07911,0.07742,0.07824,19135098.0
2025-04-10 08:00:00+00:00,0.07824,0.0784,0.07695,0.07762,17473570.0
2025-04-10 12:00:00+00:00,0.0776,0.07955,0.07468,0.07504,51958822.0
2025-04-10 16:00:00+00:00,0.07504,0.07636,0.07454,0.07575,31722260.0
2025-04-10 20:00:00+00:00,0.07573,0.07665,0.07568,0.07621,14161482.0
2025-04-11 00:00:00+00:00,0.0762,0.07845,0.07605,0.0781,19817559.0
2025-04-11 04:00:00+00:00,0.07808,0.07916,0.07791,0.07855,16250329.0
2025-04-11 08:00:00+00:00,0.07856,0.07983,0.07812,0.07872,23159265.0
2025-04-11 12:00:00+00:00,0.07873,0.07991,0.0779,0.07901,36757446.0
2025-04-11 16:00:00+00:00,0.07901,0.08006,0.07849,0.07916,25450891.0
2025-04-11 20:00:00+00:00,0.07917,0.08044,0.07901,0.07924,17524503.0
2025-04-12 00:00:00+00:00,0.07924,0.07962,0.07857,0.07921,13961230.0
2025-04-12 04:00:00+00:00,0.07921,0.0804,0.07889,0.07979,16643011.0
2025-04-12 08:00:00+00:00,0.07981,0.08059,0.07946,0.08023,16877571.0
2025-04-12 12:00:00+00:00,0.08022,0.08386,0.08007,0.08312,38205926.0
2025-04-12 16:00:00+00:00,0.08313,0.08353,0.08218,0.08269,16473481.0
2025-04-12 20:00:00+00:00,0.08267,0.08328,0.08214,0.08233,11442350.0
2025-04-13 00:00:00+00:00,0.0823,0.08272,0.08125,0.0816,11985665.0
2025-04-13 04:00:00+00:00,0.08159,0.08161,0.08045,0.08105,10411835.0
2025-04-13 08:00:00+00:00,0.08105,0.08276,0.08086,0.08178,20093953.0
2025-04-13 12:00:00+00:00,0.08175,0.08198,0.08009,0.08051,23900195.0
2025-04-13 16:00:00+00:00,0.08051,0.08299,0.0787,0.07982,42263200.0
2025-04-13 20:00:00+00:00,0.07981,0.08081,0.07772,0.07866,34822091.0
2025-04-14 00:00:00+00:00,0.07865,0.08131,0.07833,0.07921,27151387.0
2025-04-14 04:00:00+00:00,0.07921,0.07995,0.07799,0.07887,18975919.0
2025-04-14 08:00:00+00:00,0.07887,0.08092,0.07837,0.08071,26786052.0
2025-04-14 12:00:00+00:00,0.08071,0.0813,0.07808,0.07837,39982305.0
2025-04-14 16:00:00+00:00,0.07836,0.07936,0.07762,0.0788,29663265.0
2025-04-14 20:00:00+00:00,0.07882,0.07908,0.07749,0.07819,15671536.0
2025-04-15 00:00:00+00:00,0.0782,0.07955,0.0776,0.07934,13431316.0
2025-04-15 04:00:00+00:00,0.07934,0.08018,0.07916,0.08,18307793.0
2025-04-15 08:00:00+00:00,0.08001,0.08056,0.07882,0.07905,22959920.0
2025-04-15 12:00:00+00:00,0.07904,0.08057,0.07806,0.07873,26491227.0
2025-04-15 16:00:00+00:00,0.07873,0.07894,0.07718,0.0778,23906737.0
2025-04-15 20:00:00+00:00,0.07779,0.07842,0.077,0.07739,21427528.0
2025-04-16 00:00:00+00:00,0.07739,0.07859,0.07695,0.07804,15611853.0
2025-04-16 04:00:00+00:00,0.07804,0.07853,0.07661,0.07676,16294493.0
2025-04-16 08:00:00+00:00,0.07677,0.0778,0.07611,0.07736,22043091.0
2025-04-16 12:00:00+00:00,0.07735,0.07867,0.07641,0.07747,26681915.0
2025-04-16 16:00:00+00:00,0.07747,0.0778,0.07484,0.07718,47819310.0
2025-04-16 20:00:00+00:00,0.07716,0.07787,0.07587,0.07624,14468134.0
2025-04-17 00:00:00+00:00,0.07624,0.07683,0.07548,0.07584,14237980.0
2025-04-17 04:00:00+00:00,0.07585,0.0779,0.07559,0.07743,13918319.0
2025-04-17 08:00:00+00:00,0.07743,0.07753,0.07623,0.07667,12130968.0
2025-04-17 12:00:00+00:00,0.07667,0.07734,0.07507,0.07661,26603166.0
2025-04-17 16:00:00+00:00,0.0766,0.07822,0.07627,0.07675,27374316.0
2025-04-17 20:00:00+00:00,0.07675,0.07735,0.07498,0.07562,24184581.0
2025-04-18 00:00:00+00:00,0.07559,0.07685,0.07499,0.07679,18116742.0
2025-04-18 04:00:00+00:00,0.07677,0.07786,0.07645,0.07759,14491087.0
2025-04-18 08:00:00+00:00,0.0776,0.07805,0.07708,0.0775,11781460.0
2025-04-18 12:00:00+00:00,0.0775,0.0782,0.07702,0.07718,18250280.0
2025-04-18 16:00:00+00:00,0.07717,0.07842,0.07704,0.07812,18183591.0
2025-04-18 20:00:00+00:00,0.07811,0.07852,0.07723,0.07779,17687696.0
2025-04-19 00:00:00+00:00,0.07779,0.08076,0.07771,0.0806,19667443.0
2025-04-19 04:00:00+00:00,0.0806,0.08117,0.08011,0.08094,21201077.0
2025-04-19 08:00:00+00:00,0.08095,0.08145,0.08039,0.08072,24899119.0
2025-04-19 12:00:00+00:00,0.08072,0.08143,0.08018,0.08101,14940114.0
2025-04-19 16:00:00+00:00,0.081,0.08257,0.08078,0.08144,43797007.0
2025-04-19 20:00:00+00:00,0.08145,0.08285,0.08126,0.08202,28872259.0
2025-04-20 00:00:00+00:00,0.08203,0.08237,0.08153,0.08231,11815863.0
2025-04-20 04:00:00+00:00,0.0823,0.08356,0.08121,0.08158,19215422.0
2025-04-20 08:00:00+00:00,0.08159,0.08272,0.08006,0.0805,44603322.0
2025-04-20 12:00:00+00:00,0.08049,0.0816,0.08017,0.08148,16963572.0
2025-04-20 16:00:00+00:00,0.08147,0.0837,0.08145,0.08343,26476441.0
2025-04-20 20:00:00+00:00,0.08344,0.08465,0.08301,0.08325,32125180.0
2025-04-21 00:00:00+00:00,0.08325,0.08536,0.08307,0.08406,25600146.0
2025-04-21 04:00:00+00:00,0.08407,0.08564,0.08342,0.08527,20914309.0
2025-04-21 08:00:00+00:00,0.08527,0.08618,0.08429,0.08461,32612754.0
2025-04-21 12:00:00+00:00,0.0846,0.08589,0.0844,0.08488,29901318.0
2025-04-21 16:00:00+00:00,0.08488,0.08509,0.0824,0.08364,42331379.0
2025-04-21 20:00:00+00:00,0.08363,0.08382,0.08216,0.08286,19695663.0
2025-04-22 00:00:00+00:00,0.08286,0.08407,0.08127,0.08307,24885372.0
2025-04-22 04:00:00+00:00,0.08305,0.08377,0.08135,0.08366,18259439.0
2025-04-22 08:00:00+00:00,0.08365,0.08524,0.08327,0.08509,22155079.0
2025-04-22 12:00:00+00:00,0.08508,0.08804,0.08445,0.0875,42695040.0
2025-04-22 16:00:00+00:00,0.08748,0.08803,0.08662,0.08745,21930174.0
2025-04-22 20:00:00+00:00,0.08745,0.09006,0.08689,0.08937,28579380.0
2025-04-23 00:00:00+00:00,0.08938,0.09109,0.08893,0.09108,24448330.0
2025-04-23 04:00:00+00:00,0.09107,0.09199,0.09032,0.09133,25515942.0
2025-04-23 08:00:00+00:00,0.09135,0.09208,0.08992,0.0916,25424956.0
2025-04-23 12:00:00+00:00,0.09159,0.09298,0.08908,0.0912,59594726.0
2025-04-23 16:00:00+00:00,0.09121,0.09176,0.08929,0.09014,25969960.0
2025-04-23 20:00:00+00:00,0.09012,0.09111,0.09012,0.09049,17358409.0
2025-04-24 00:00:00+00:00,0.09048,0.09094,0.08821,0.08835,20924816.0
2025-04-24 04:00:00+00:00,0.08834,0.08924,0.08785,0.08808,23184401.0
2025-04-24 08:00:00+00:00,0.08806,0.08937,0.08703,0.08924,22507820.0
2025-04-24 12:00:00+00:00,0.08924,0.09474,0.08874,0.09367,49954972.0
2025-04-24 16:00:00+00:00,0.09369,0.09466,0.09213,0.0936,30987879.0
2025-04-24 20:00:00+00:00,0.0936,0.09546,0.09325,0.09511,26248923.0
2025-04-25 00:00:00+00:00,0.0951,0.09658,0.0934,0.09523,29742327.0
2025-04-25 04:00:00+00:00,0.09523,0.1004,0.09491,0.10039,52760184.0
2025-04-25 08:00:00+00:00,0.10037,0.10342,0.09985,0.10315,72018108.0
2025-04-25 12:00:00+00:00,0.10316,0.10445,0.10077,0.1022,56261686.0
2025-04-25 16:00:00+00:00,0.10218,0.10286,0.10011,0.10081,35636653.0
2025-04-25 20:00:00+00:00,0.1008,0.1015,0.0994,0.10068,18635662.0
2025-04-26 00:00:00+00:00,0.10068,0.10525,0.10066,0.10477,38247567.0
2025-04-26 04:00:00+00:00,0.10477,0.10663,0.10339,0.10484,40411701.0
2025-04-26 08:00:00+00:00,0.10482,0.10572,0.10097,0.10146,38917595.0
2025-04-26 12:00:00+00:00,0.10147,0.10282,0.10011,0.10271,25310852.0
2025-04-26 16:00:00+00:00,0.10272,0.10318,0.10135,0.10298,13874438.0
2025-04-26 20:00:00+00:00,0.10297,0.10377,0.1017,0.10351,18557447.0
2025-04-27 00:00:00+00:00,0.10352,0.10446,0.10016,0.10157,28494313.0
2025-04-27 04:00:00+00:00,0.10154,0.10346,0.10031,0.10152,34262458.0
2025-04-27 08:00:00+00:00,0.10152,0.10224,0.10066,0.10074,15029292.0
2025-04-27 12:00:00+00:00,0.10073,0.10153,0.09901,0.09922,29977282.0
2025-04-27 16:00:00+00:00,0.09922,0.10015,0.09819,0.10006,19629204.0
2025-04-27 20:00:00+00:00,0.10006,0.10008,0.09779,0.09787,16395924.0
2025-04-28 00:00:00+00:00,0.09788,0.09974,0.09553,0.09935,29232929.0
2025-04-28 04:00:00+00:00,0.09936,0.10056,0.09666,0.09931,63777491.0
2025-04-28 08:00:00+00:00,0.0993,0.10133,0.09889,0.10035,41013695.0
2025-04-28 12:00:00+00:00,0.10035,0.10053,0.09587,0.09667,42746795.0
2025-04-28 16:00:00+00:00,0.09664,0.09961,0.09572,0.09926,27791736.0
2025-04-28 20:00:00+00:00,0.09925,0.09941,0.09794,0.09885,18866506.0
2025-04-29 00:00:00+00:00,0.09884,0.09994,0.09823,0.0997,15182281.0
2025-04-29 04:00:00+00:00,0.09972,0.10135,0.09857,0.10131,19847143.0
2025-04-29 08:00:00+00:00,0.10131,0.10185,0.09889,0.09963,23055585.0
2025-04-29 12:00:00+00:00,0.09961,0.10024,0.09756,0.09921,22527514.0
2025-04-29 16:00:00+00:00,0.09922,0.10032,0.09882,0.09907,14183357.0
2025-04-29 20:00:00+00:00,0.09908,0.09933,0.09556,0.09686,24299838.0
2025-04-30 00:00:00+00:00,0.09686,0.09801,0.09608,0.09775,11941826.0
2025-04-30 04:00:00+00:00,0.09777,0.09883,0.097,0.09729,12900962.0
2025-04-30 08:00:00+00:00,0.09729,0.09833,0.09661,0.09805,10501859.0
2025-04-30 12:00:00+00:00,0.09805,0.09815,0.09258,0.0947,40868206.0
2025-04-30 16:00:00+00:00,0.09469,0.09622,0.09393,0.09505,19672393.0
2025-04-30 20:00:00+00:00,0.09505,0.09628,0.09495,0.09604,14230733.0
2025-05-01 00:00:00+00:00,0.09604,0.0983,0.09595,0.09654,15999041.0
2025-05-01 04:00:00+00:00,0.09656,0.09758,0.09571,0.09717,12280766.0
2025-05-01 08:00:00+00:00,0.09718,0.10032,0.09695,0.09965,30105985.0
2025-05-01 12:00:00+00:00,0.09966,0.10079,0.09833,0.09923,28491487.0
2025-05-01 16:00:00+00:00,0.09925,0.10273,0.09871,0.10221,39414822.0
2025-05-01 20:00:00+00:00,0.10221,0.10407,0.09971,0.10046,45236973.0
2025-05-02 00:00:00+00:00,0.10048,0.10192,0.09952,0.10092,30883339.0
2025-05-02 04:00:00+00:00,0.10092,0.10098,0.099,0.0993,25771162.0
2025-05-02 08:00:00+00:00,0.09929,0.1006,0.09924,0.09945,14279828.0
2025-05-02 12:00:00+00:00,0.09946,0.10117,0.09881,0.10002,25499618.0
2025-05-02 16:00:00+00:00,0.10004,0.10111,0.0972,0.09752,34323771.0
2025-05-02 20:00:00+00:00,0.09752,0.09862,0.09736,0.09811,13738320.0
2025-05-03 00:00:00+00:00,0.09812,0.09829,0.09662,0.09731,12071196.0
2025-05-03 04:00:00+00:00,0.0973,0.09772,0.09616,0.09658,10907491.0
2025-05-03 08:00:00+00:00,0.09657,0.09673,0.0947,0.09483,16618527.0
2025-05-03 12:00:00+00:00,0.09482,0.09617,0.09473,0.09546,14687816.0
2025-05-03 16:00:00+00:00,0.09545,0.09549,0.09244,0.09518,29152750.0
2025-05-03 20:00:00+00:00,0.09518,0.09524,0.09315,0.0932,11898501.0
2025-05-04 00:00:00+00:00,0.0932,0.094,0.09165,0.09186,25690721.0
2025-05-04 04:00:00+00:00,0.09186,0.0927,0.09138,0.09178,17654645.0
2025-05-04 08:00:00+00:00,0.09179,0.0919,0.09066,0.09115,18941742.0
2025-05-04 12:00:00+00:00,0.09115,0.09155,0.08993,0.09097,18995301.0
2025-05-04 16:00:00+00:00,0.09095,0.09114,0.08954,0.09002,15131055.0
2025-05-04 20:00:00+00:00,0.09002,0.09099,0.08951,0.08985,15186342.0
2025-05-05 00:00:00+00:00,0.08986,0.09146,0.08861,0.09058,23743737.0
2025-05-05 04:00:00+00:00,0.09058,0.09182,0.09042,0.09116,12116982.0
2025-05-05 08:00:00+00:00,0.09117,0.0914,0.08926,0.08952,13780168.0
2025-05-05 12:00:00+00:00,0.08952,0.09003,0.08866,0.08931,23628022.0
2025-05-05 16:00:00+00:00,0.08931,0.09231,0.08916,0.09078,27361051.0
2025-05-05 20:00:00+00:00,0.09079,0.09252,0.08941,0.09177,32981406.0
2025-05-06 00:00:00+00:00,0.09177,0.09206,0.09025,0.09143,23032048.0
2025-05-06 04:00:00+00:00,0.09143,0.09178,0.09059,0.09073,15743756.0
2025-05-06 08:00:00+00:00,0.09073,0.09073,0.08706,0.0876,40503190.0
2025-05-06 12:00:00+00:00,0.08761,0.08921,0.08669,0.08782,34259778.0
2025-05-06 16:00:00+00:00,0.08781,0.0891,0.08701,0.08826,23725033.0
2025-05-06 20:00:00+00:00,0.08827,0.09005,0.086,0.08984,28072688.0
2025-05-07 00:00:00+00:00,0.08986,0.0917,0.0895,0.09058,22547541.0
2025-05-07 04:00:00+00:00,0.09058,0.09162,0.08995,0.09154,17977980.0
2025-05-07 08:00:00+00:00,0.09153,0.09247,0.09104,0.09152,18067556.0
2025-05-07 12:00:00+00:00,0.09153,0.09207,0.08983,0.09012,19001381.0
2025-05-07 16:00:00+00:00,0.09012,0.09026,0.08854,0.08907,30739707.0
2025-05-07 20:00:00+00:00,0.08907,0.0917,0.08881,0.09133,17824386.0
2025-05-08 00:00:00+00:00,0.09133,0.09624,0.0911,0.09617,30783633.0
2025-05-08 04:00:00+00:00,0.09619,0.0971,0.09538,0.09666,28977316.0
2025-05-08 08:00:00+00:00,0.09667,0.0981,0.09665,0.09788,26147929.0
2025-05-08 12:00:00+00:00,0.0979,0.10093,0.09716,0.0997,40086639.0
2025-05-08 16:00:00+00:00,0.09972,0.10108,0.09936,0.10078,31101391.0
2025-05-08 20:00:00+00:00,0.10079,0.10381,0.10022,0.10375,42326535.0
2025-05-09 00:00:00+00:00,0.10375,0.10513,0.10257,0.10322,31094666.0
2025-05-09 04:00:00+00:00,0.10325,0.10759,0.10305,0.10624,36411974.0
2025-05-09 08:00:00+00:00,0.10624,0.11183,0.10463,0.11097,99151353.0
2025-05-09 12:00:00+00:00,0.11097,0.11371,0.10954,0.11105,74039898.0
2025-05-09 16:00:00+00:00,0.11108,0.11161,0.10903,0.11002,32579797.0
2025-05-09 20:00:00+00:00,0.11004,0.11231,0.10973,0.11222,18818951.0
2025-05-10 00:00:00+00:00,0.11221,0.11616,0.11145,0.11612,52353035.0
2025-05-10 04:00:00+00:00,0.11609,0.11992,0.11494,0.11912,87145821.0
2025-05-10 08:00:00+00:00,0.11913,0.12056,0.11539,0.11604,62644532.0
2025-05-10 12:00:00+00:00,0.11603,0.11944,0.11594,0.11712,32348999.0
2025-05-10 16:00:00+00:00,0.11712,0.12127,0.11667,0.12107,44583808.0
2025-05-10 20:00:00+00:00,0.12106,0.12578,0.12002,0.1253,52316515.0
2025-05-11 00:00:00+00:00,0.12528,0.12625,0.12047,0.12229,56165535.0
2025-05-11 04:00:00+00:00,0.12229,0.12395,0.11724,0.11842,54043553.0
2025-05-11 08:00:00+00:00,0.1184,0.12035,0.11756,0.12016,31881068.0
2025-05-11 12:00:00+00:00,0.12016,0.12062,0.11607,0.1172,42286974.0
2025-05-11 16:00:00+00:00,0.11722,0.11964,0.11487,0.11919,43954274.0
2025-05-11 20:00:00+00:00,0.1192,0.1197,0.1172,0.1182,24265417.0
2025-05-12 00:00:00+00:00,0.11822,0.12144,0.11711,0.12091,36584212.0
2025-05-12 04:00:00+00:00,0.12092,0.12555,0.11813,0.12237,61140971.0
2025-05-12 08:00:00+00:00,0.12237,0.12514,0.12057,0.12101,48676332.0
2025-05-12 12:00:00+00:00,0.12099,0.12387,0.11708,0.11778,79896032.0
2025-05-12 16:00:00+00:00,0.11781,0.11999,0.11234,0.11618,67500424.0
2025-05-12 20:00:00+00:00,0.11614,0.11951,0.11538,0.11831,23076106.0
2025-05-13 00:00:00+00:00,0.11831,0.11867,0.11161,0.11162,39418286.0
2025-05-13 04:00:00+00:00,0.11161,0.11751,0.11114,0.11618,43384589.0
2025-05-13 08:00:00+00:00,0.11619,0.12064,0.11598,0.11988,44254825.0
2025-05-13 12:00:00+00:00,0.11986,0.12153,0.11802,0.12111,46658926.0
2025-05-13 16:00:00+00:00,0.12112,0.12765,0.12083,0.12659,42815499.0
2025-05-13 20:00:00+00:00,0.12658,0.13148,0.12522,0.12781,56353035.0
2025-05-14 00:00:00+00:00,0.12782,0.13115,0.12719,0.12813,43020780.0
2025-05-14 04:00:00+00:00,0.12811,0.12931,0.1257,0.12631,25801116.0
2025-05-14 08:00:00+00:00,0.12629,0.12678,0.12267,0.12558,39578059.0
2025-05-14 12:00:00+00:00,0.12558,0.12636,0.1213,0.12265,39385675.0
2025-05-14 16:00:00+00:00,0.12266,0.124,0.12104,0.12306,25377876.0
2025-05-14 20:00:00+00:00,0.12308,0.12341,0.12031,0.1217,18184134.0
2025-05-15 00:00:00+00:00,0.12171,0.12331,0.11869,0.11938,26950972.0
2025-05-15 04:00:00+00:00,0.11938,0.11992,0.11373,0.11427,38880959.0
2025-05-15 08:00:00+00:00,0.11424,0.11604,0.11204,0.11463,33841365.0
2025-05-15 12:00:00+00:00,0.11463,0.1168,0.11188,0.11667,50472117.0
2025-05-15 16:00:00+00:00,0.11663,0.1187,0.11348,0.1149,37025714.0
2025-05-15 20:00:00+00:00,0.1149,0.11563,0.11105,0.11407,26665915.0
2025-05-16 00:00:00+00:00,0.11407,0.11599,0.11221,0.11508,27550735.0
2025-05-16 04:00:00+00:00,0.11507,0.11549,0.11322,0.11447,22221071.0
2025-05-16 08:00:00+00:00,0.11447,0.11635,0.11237,0.11502,22394981.0
2025-05-16 12:00:00+00:00,0.11503,0.11574,0.11218,0.11325,30649781.0
2025-05-16 16:00:00+00:00,0.11328,0.11393,0.11161,0.11268,16635543.0
2025-05-16 20:00:00+00:00,0.11267,0.1128,0.10881,0.11005,29111952.0
2025-05-17 00:00:00+00:00,0.11005,0.11042,0.10532,0.10731,40034716.0
2025-05-17 04:00:00+00:00,0.10732,0.109,0.10665,0.10793,20478859.0
2025-05-17 08:00:00+00:00,0.10793,0.10794,0.1061,0.1069,16728015.0
2025-05-17 12:00:00+00:00,0.10688,0.10716,0.10492,0.10637,19375216.0
2025-05-17 16:00:00+00:00,0.10636,0.10669,0.10367,0.10517,28290748.0
2025-05-17 20:00:00+00:00,0.10513,0.10714,0.10429,0.10554,18986291.0
2025-05-18 00:00:00+00:00,0.10553,0.10642,0.10484,0.10554,14573122.0
2025-05-18 04:00:00+00:00,0.10555,0.11044,0.10547,0.11026,22877227.0
2025-05-18 08:00:00+00:00,0.11026,0.11172,0.10981,0.10987,23634041.0
2025-05-18 12:00:00+00:00,0.10986,0.11581,0.10881,0.11539,37917903.0
2025-05-18 16:00:00+00:00,0.11542,0.11646,0.10758,0.10764,54970650.0
2025-05-18 20:00:00+00:00,0.10765,0.11508,0.10508,0.11437,52901104.0
2025-05-19 00:00:00+00:00,0.1144,0.11484,0.10736,0.10772,36169427.0
2025-05-19 04:00:00+00:00,0.10772,0.10838,0.10476,0.10697,34661863.0
2025-05-19 08:00:00+00:00,0.10697,0.10716,0.10529,0.10644,25265871.0
2025-05-19 12:00:00+00:00,0.10642,0.10969,0.10435,0.10919,39697859.0
2025-05-19 16:00:00+00:00,0.1092,0.11203,0.10823,0.1098,32047837.0
2025-05-19 20:00:00+00:00,0.10981,0.11056,0.10863,0.11035,12887755.0
2025-05-20 00:00:00+00:00,0.11036,0.11423,0.10886,0.11129,35324311.0
2025-05-20 04:00:00+00:00,0.11129,0.11209,0.10865,0.10893,26350979.0
2025-05-20 08:00:00+00:00,0.10892,0.10929,0.10584,0.10696,31641125.0
2025-05-20 12:00:00+00:00,0.10695,0.10814,0.10568,0.10795,27846298.0
2025-05-20 16:00:00+00:00,0.10792,0.10998,0.10583,0.10954,41686746.0
2025-05-20 20:00:00+00:00,0.10951,0.11207,0.10893,0.11077,33997934.0
2025-05-21 00:00:00+00:00,0.11077,0.11341,0.10872,0.11258,38729732.0
2025-05-21 04:00:00+00:00,0.11257,0.1147,0.11117,0.11176,42601553.0
2025-05-21 08:00:00+00:00,0.11177,0.11199,0.10859,0.11038,30575049.0
2025-05-21 12:00:00+00:00,0.11037,0.11293,0.10938,0.11264,35043594.0
2025-05-21 16:00:00+00:00,0.11265,0.11625,0.10906,0.11238,76133540.0
2025-05-21 20:00:00+00:00,0.11234,0.11574,0.11157,0.11442,33123031.0
2025-05-22 00:00:00+00:00,0.11443,0.1181,0.11441,0.11767,29440876.0
2025-05-22 04:00:00+00:00,0.11768,0.11839,0.11637,0.11808,21326851.0
2025-05-22 08:00:00+00:00,0.11808,0.12103,0.11784,0.11938,30962771.0
2025-05-22 12:00:00+00:00,0.11941,0.12372,0.11807,0.12211,43273105.0
2025-05-22 16:00:00+00:00,0.12213,0.12338,0.12057,0.12119,32436118.0
2025-05-22 20:00:00+00:00,0.1212,0.12253,0.11955,0.12233,22733616.0
2025-05-23 00:00:00+00:00,0.12234,0.12524,0.12064,0.12388,45019022.0
2025-05-23 04:00:00+00:00,0.12389,0.12419,0.11789,0.11844,48452756.0
2025-05-23 08:00:00+00:00,0.11845,0.12173,0.11399,0.11493,77296760.0
2025-05-23 12:00:00+00:00,0.11493,0.11679,0.11138,0.1143,112213737.0
2025-05-23 16:00:00+00:00,0.11431,0.11603,0.1132,0.1134,30992602.0
2025-05-23 20:00:00+00:00,0.11337,0.11343,0.10825,0.10916,34225077.0
2025-05-24 00:00:00+00:00,0.10919,0.1114,0.10823,0.1108,39808284.0
2025-05-24 04:00:00+00:00,0.1108,0.11128,0.1091,0.10927,18353671.0
2025-05-24 08:00:00+00:00,0.10928,0.11115,0.10843,0.11046,27631768.0
2025-05-24 12:00:00+00:00,0.11046,0.11087,0.10938,0.11006,19259013.0
2025-05-24 16:00:00+00:00,0.11004,0.11071,0.10862,0.10919,17980610.0
2025-05-24 20:00:00+00:00,0.1092,0.10977,0.10709,0.10791,21085860.0
2025-05-25 00:00:00+00:00,0.10793,0.10836,0.10481,0.10699,26357518.0
2025-05-25 04:00:00+00:00,0.10697,0.10751,0.10548,0.10588,13878800.0
2025-05-25 08:00:00+00:00,0.10585,0.10587,0.10371,0.10529,27223597.0
2025-05-25 12:00:00+00:00,0.10528,0.10692,0.1036,0.10534,26762639.0
2025-05-25 16:00:00+00:00,0.10534,0.10604,0.10372,0.10553,18344665.0
2025-05-25 20:00:00+00:00,0.10553,0.11021,0.1046,0.1101,30176207.0
2025-05-26 00:00:00+00:00,0.11011,0.11246,0.10957,0.11158,27006620.0
2025-05-26 04:00:00+00:00,0.11158,0.1149,0.11137,0.11425,27397124.0
2025-05-26 08:00:00+00:00,0.11426,0.1148,0.11101,0.11176,27546168.0
2025-05-26 12:00:00+00:00,0.11176,0.11312,0.10929,0.11214,43616427.0
2025-05-26 16:00:00+00:00,0.11215,0.11288,0.10773,0.10833,42689158.0
2025-05-26 20:00:00+00:00,0.10831,0.11082,0.10784,0.10999,18819269.0
2025-05-27 00:00:00+00:00,0.10999,0.11085,0.10669,0.10911,24805418.0
2025-05-27 04:00:00+00:00,0.10911,0.11282,0.1083,0.11205,32033868.0
2025-05-27 08:00:00+00:00,0.11206,0.1133,0.11168,0.11288,22119265.0
2025-05-27 12:00:00+00:00,0.11289,0.1151,0.11057,0.11278,41074932.0
2025-05-27 16:00:00+00:00,0.1128,0.11467,0.11225,0.11277,24913008.0
2025-05-27 20:00:00+00:00,0.11278,0.11348,0.11079,0.11146,17122199.0
2025-05-28 00:00:00+00:00,0.11144,0.11238,0.11008,0.11204,24215966.0
2025-05-28 04:00:00+00:00,0.11203,0.11305,0.1104,0.11041,23714759.0
2025-05-28 08:00:00+00:00,0.11041,0.11122,0.10847,0.11119,31258285.0
2025-05-28 12:00:00+00:00,0.1112,0.11363,0.10702,0.10756,45442293.0
2025-05-28 16:00:00+00:00,0.10757,0.10969,0.10628,0.10639,42275150.0
2025-05-28 20:00:00+00:00,0.10639,0.11129,0.10629,0.1111,35766463.0
2025-05-29 00:00:00+00:00,0.11112,0.11387,0.11035,0.11211,43467884.0
2025-05-29 04:00:00+00:00,0.11211,0.11231,0.10886,0.11033,31153749.0
2025-05-29 08:00:00+00:00,0.11034,0.11119,0.10944,0.11056,21714524.0
2025-05-29 12:00:00+00:00,0.11055,0.11061,0.10685,0.10783,29255658.0
2025-05-29 16:00:00+00:00,0.10785,0.10837,0.10558,0.10605,25443199.0
2025-05-29 20:00:00+00:00,0.10606,0.10727,0.10454,0.10525,22603822.0
2025-05-30 00:00:00+00:00,0.10524,0.10596,0.09864,0.10202,64606419.0
2025-05-30 04:00:00+00:00,0.10202,0.10202,0.0982,0.09918,49338719.0
2025-05-30 08:00:00+00:00,0.09919,0.10019,0.09812,0.09928,46432113.0
2025-05-30 12:00:00+00:00,0.09928,0.09999,0.09745,0.09823,40640531.0
2025-05-30 16:00:00+00:00,0.09824,0.09886,0.09404,0.09648,63519037.0
2025-05-30 20:00:00+00:00,0.09645,0.09662,0.09068,0.09216,42792981.0
2025-05-31 00:00:00+00:00,0.09214,0.09252,0.08904,0.09081,43140316.0
2025-05-31 04:00:00+00:00,0.09081,0.09365,0.09023,0.09338,29412310.0
2025-05-31 08:00:00+00:00,0.09337,0.09382,0.09224,0.0926,27431528.0
2025-05-31 12:00:00+00:00,0.09261,0.09599,0.09253,0.09465,32680997.0
2025-05-31 16:00:00+00:00,0.09464,0.09623,0.09422,0.09564,28856177.0
2025-05-31 20:00:00+00:00,0.09563,0.09694,0.09472,0.09504,28336960.0
2025-06-01 00:00:00+00:00,0.09502,0.09542,0.09338,0.09445,19030412.0
2025-06-01 04:00:00+00:00,0.09444,0.09586,0.09408,0.09483,13126392.0
2025-06-01 08:00:00+00:00,0.09481,0.09495,0.09241,0.09403,21740536.0
2025-06-01 12:00:00+00:00,0.09405,0.09626,0.09316,0.09557,17671933.0
2025-06-01 16:00:00+00:00,0.09554,0.09668,0.0937,0.09511,27552196.0
2025-06-01 20:00:00+00:00,0.09513,0.09664,0.09461,0.09605,13608154.0
2025-06-02 00:00:00+00:00,0.09605,0.09643,0.09408,0.09451,17082105.0
2025-06-02 04:00:00+00:00,0.0945,0.09563,0.09335,0.09492,20682879.0
2025-06-02 08:00:00+00:00,0.09491,0.09562,0.09278,0.09364,27655312.0
2025-06-02 12:00:00+00:00,0.09362,0.09551,0.09322,0.09502,26236308.0
2025-06-02 16:00:00+00:00,0.09502,0.09601,0.09345,0.09415,20787325.0
2025-06-02 20:00:00+00:00,0.09414,0.09822,0.09413,0.09778,26773753.0
2025-06-03 00:00:00+00:00,0.09779,0.10089,0.09755,0.09794,32506147.0
2025-06-03 04:00:00+00:00,0.09795,0.09912,0.09722,0.0981,17783126.0
2025-06-03 08:00:00+00:00,0.09814,0.09895,0.09715,0.09828,17425476.0
2025-06-03 12:00:00+00:00,0.0983,0.10046,0.09785,0.09954,32593299.0
2025-06-03 16:00:00+00:00,0.09955,0.10025,0.09875,0.09955,24506439.0
2025-06-03 20:00:00+00:00,0.09955,0.09961,0.09714,0.09739,22461881.0
2025-06-04 00:00:00+00:00,0.09738,0.09965,0.09672,0.09842,24719676.0
2025-06-04 04:00:00+00:00,0.09843,0.09868,0.09729,0.09799,18681248.0
2025-06-04 08:00:00+00:00,0.098,0.09879,0.09692,0.09696,26733002.0
2025-06-04 12:00:00+00:00,0.09697,0.09803,0.0952,0.09781,28415164.0
2025-06-04 16:00:00+00:00,0.09782,0.0979,0.0955,0.0955,24222543.0
2025-06-04 20:00:00+00:00,0.0955,0.0956,0.0937,0.09436,20719824.0
2025-06-05 00:00:00+00:00,0.09435,0.09541,0.09388,0.09489,15375891.0
2025-06-05 04:00:00+00:00,0.09489,0.09548,0.09352,0.09456,19583328.0
2025-06-05 08:00:00+00:00,0.09457,0.0948,0.09296,0.09374,15475990.0
2025-06-05 12:00:00+00:00,0.09374,0.09566,0.09204,0.09305,38718908.0
2025-06-05 16:00:00+00:00,0.09306,0.09318,0.08802,0.08915,47392948.0
2025-06-05 20:00:00+00:00,0.08916,0.08939,0.08583,0.08704,63146812.0
2025-06-06 00:00:00+00:00,0.08704,0.08932,0.08657,0.08906,20889995.0
2025-06-06 04:00:00+00:00,0.08907,0.09006,0.08883,0.08927,17510530.0
2025-06-06 08:00:00+00:00,0.08927,0.09007,0.08908,0.08967,16026844.0
2025-06-06 12:00:00+00:00,0.08968,0.09274,0.08968,0.09184,33351890.0
2025-06-06 16:00:00+00:00,0.09184,0.09216,0.08953,0.08962,24467970.0
2025-06-06 20:00:00+00:00,0.08963,0.09067,0.08893,0.08928,18970655.0
2025-06-07 00:00:00+00:00,0.08927,0.09196,0.08901,0.09182,14297118.0
2025-06-07 04:00:00+00:00,0.09184,0.09307,0.09142,0.09276,12915241.0
2025-06-07 08:00:00+00:00,0.09277,0.09329,0.09216,0.09297,11207994.0
2025-06-07 12:00:00+00:00,0.09296,0.09345,0.09159,0.09188,16182288.0
2025-06-07 16:00:00+00:00,0.09187,0.09239,0.09117,0.09131,18593531.0
2025-06-07 20:00:00+00:00,0.09131,0.0919,0.09097,0.09163,11131433.0
2025-06-08 00:00:00+00:00,0.09164,0.09181,0.09076,0.09088,11774816.0
2025-06-08 04:00:00+00:00,0.09088,0.09366,0.09073,0.09149,35033039.0
2025-06-08 08:00:00+00:00,0.09151,0.09201,0.09054,0.09183,22465808.0
2025-06-08 12:00:00+00:00,0.09184,0.09247,0.09101,0.09223,17070061.0
2025-06-08 16:00:00+00:00,0.09224,0.09282,0.09173,0.09267,14126351.0
2025-06-08 20:00:00+00:00,0.09269,0.09333,0.0911,0.09152,15690163.0
2025-06-09 00:00:00+00:00,0.09152,0.09192,0.09025,0.09082,13755336.0
2025-06-09 04:00:00+00:00,0.09081,0.09112,0.08953,0.0908,13413536.0
2025-06-09 08:00:00+00:00,0.09081,0.09421,0.09041,0.09394,24955174.0
2025-06-09 12:00:00+00:00,0.09393,0.09437,0.09252,0.094,25883416.0
2025-06-09 16:00:00+00:00,0.09399,0.09553,0.09397,0.09426,26226804.0
2025-06-09 20:00:00+00:00,0.09428,0.09774,0.09427,0.09736,29943028.0
2025-06-10 00:00:00+00:00,0.09736,0.09885,0.09693,0.09739,27630282.0
2025-06-10 04:00:00+00:00,0.09739,0.09802,0.09541,0.09656,21517935.0
2025-06-10 08:00:00+00:00,0.09657,0.09986,0.09593,0.09983,26470087.0
2025-06-10 12:00:00+00:00,0.09984,0.10077,0.09719,0.09873,38383853.0
2025-06-10 16:00:00+00:00,0.09873,0.10148,0.09836,0.10034,27602333.0
2025-06-10 20:00:00+00:00,0.10034,0.10244,0.09979,0.10217,24070360.0
2025-06-11 00:00:00+00:00,0.10217,0.10256,0.1001,0.10099,19352497.0
2025-06-11 04:00:00+00:00,0.101,0.10161,0.1003,0.10098,13351441.0
2025-06-11 08:00:00+00:00,0.10099,0.10145,0.0984,0.09921,19973254.0
2025-06-11 12:00:00+00:00,0.09921,0.10292,0.09864,0.10256,37374604.0
2025-06-11 16:00:00+00:00,0.10255,0.10261,0.09812,0.09827,30998617.0
2025-06-11 20:00:00+00:00,0.09827,0.09898,0.09614,0.09708,25799883.0
2025-06-12 00:00:00+00:00,0.0971,0.0972,0.09437,0.09472,24485006.0
2025-06-12 04:00:00+00:00,0.09472,0.09527,0.09341,0.09358,22967341.0
2025-06-12 08:00:00+00:00,0.09357,0.09431,0.09201,0.09228,29691483.0
2025-06-12 12:00:00+00:00,0.0923,0.09513,0.09179,0.09281,35256966.0
2025-06-12 16:00:00+00:00,0.09278,0.09516,0.09119,0.09169,25571348.0
2025-06-12 20:00:00+00:00,0.09165,0.09213,0.08955,0.08961,34255007.0
2025-06-13 00:00:00+00:00,0.08959,0.08962,0.08273,0.0859,101331578.0
2025-06-13 04:00:00+00:00,0.08591,0.08605,0.0843,0.08562,39407893.0
2025-06-13 08:00:00+00:00,0.08561,0.08647,0.08483,0.08647,35563129.0
2025-06-13 12:00:00+00:00,0.08647,0.08733,0.08485,0.08675,34294354.0
2025-06-13 16:00:00+00:00,0.08678,0.08799,0.08539,0.08614,25621729.0
2025-06-13 20:00:00+00:00,0.08612,0.08834,0.08599,0.08806,14313212.0
2025-06-14 00:00:00+00:00,0.08807,0.08824,0.08673,0.0875,13995900.0
2025-06-14 04:00:00+00:00,0.08748,0.08845,0.08722,0.08794,12079890.0
2025-06-14 08:00:00+00:00,0.08792,0.08838,0.08727,0.08816,8844475.0
2025-06-14 12:00:00+00:00,0.08815,0.08871,0.0865,0.087,16211875.0
2025-06-14 16:00:00+00:00,0.08699,0.08727,0.08545,0.08617,17874263.0
2025-06-14 20:00:00+00:00,0.08618,0.08753,0.08541,0.08699,11326079.0
2025-06-15 00:00:00+00:00,0.08698,0.08747,0.08652,0.08691,8228498.0
2025-06-15 04:00:00+00:00,0.08692,0.08776,0.08618,0.08665,13884394.0
2025-06-15 08:00:00+00:00,0.08666,0.08684,0.08596,0.0866,13493732.0
2025-06-15 12:00:00+00:00,0.0866,0.08766,0.08601,0.08654,13711566.0
2025-06-15 16:00:00+00:00,0.08656,0.08695,0.08576,0.086,13520243.0
2025-06-15 20:00:00+00:00,0.08601,0.08699,0.08476,0.08662,16484185.0
2025-06-16 00:00:00+00:00,0.08662,0.08766,0.08527,0.08687,17822939.0
2025-06-16 04:00:00+00:00,0.08688,0.08965,0.08686,0.08948,24731057.0
2025-06-16 08:00:00+00:00,0.08949,0.09028,0.08866,0.08941,20124152.0
2025-06-16 12:00:00+00:00,0.08941,0.09104,0.08855,0.09037,28280417.0
2025-06-16 16:00:00+00:00,0.09038,0.0912,0.0903,0.09089,15147640.0
2025-06-16 20:00:00+00:00,0.09087,0.09176,0.08734,0.08761,34866581.0
2025-06-17 00:00:00+00:00,0.08759,0.08874,0.0858,0.08822,31071506.0
2025-06-17 04:00:00+00:00,0.0882,0.08824,0.08663,0.08683,13997384.0
2025-06-17 08:00:00+00:00,0.0868,0.08688,0.08469,0.08504,22001415.0
2025-06-17 12:00:00+00:00,0.08502,0.08607,0.08312,0.08385,23850391.0
2025-06-17 16:00:00+00:00,0.08382,0.08528,0.08177,0.08449,45240093.0
2025-06-17 20:00:00+00:00,0.08447,0.08503,0.08283,0.08372,19581761.0
2025-06-18 00:00:00+00:00,0.08371,0.08479,0.08339,0.08441,15822670.0
2025-06-18 04:00:00+00:00,0.0844,0.08528,0.08394,0.08431,15909338.0
2025-06-18 08:00:00+00:00,0.08434,0.08463,0.08081,0.08231,35762787.0
2025-06-18 12:00:00+00:00,0.0823,0.08326,0.08,0.08236,39882628.0
2025-06-18 16:00:00+00:00,0.08236,0.08332,0.08138,0.08185,23900659.0
2025-06-18 20:00:00+00:00,0.08188,0.08472,0.0816,0.08449,23322808.0
2025-06-19 00:00:00+00:00,0.08448,0.08543,0.08359,0.08476,16571870.0
2025-06-19 04:00:00+00:00,0.08479,0.08548,0.08394,0.08398,15085214.0
2025-06-19 08:00:00+00:00,0.08397,0.08501,0.08388,0.08396,12812313.0
2025-06-19 12:00:00+00:00,0.08396,0.08436,0.08267,0.08292,17098503.0
2025-06-19 16:00:00+00:00,0.08291,0.08377,0.08192,0.08266,21385524.0
2025-06-19 20:00:00+00:00,0.08266,0.08411,0.08246,0.08374,20535790.0
2025-06-20 00:00:00+00:00,0.08374,0.08409,0.08308,0.0835,11168303.0
2025-06-20 04:00:00+00:00,0.08349,0.08477,0.08245,0.08465,16748294.0
2025-06-20 08:00:00+00:00,0.08466,0.08539,0.08451,0.08499,19757326.0
2025-06-20 12:00:00+00:00,0.085,0.08548,0.082,0.08232,29343071.0
2025-06-20 16:00:00+00:00,0.08232,0.08241,0.07881,0.08072,57481578.0
2025-06-20 20:00:00+00:00,0.08071,0.0816,0.07958,0.08019,20730907.0
2025-06-21 00:00:00+00:00,0.08019,0.08186,0.08004,0.08162,13566391.0
2025-06-21 04:00:00+00:00,0.08163,0.08165,0.08085,0.08108,12134892.0
2025-06-21 08:00:00+00:00,0.08108,0.08136,0.08065,0.0809,12812583.0
2025-06-21 12:00:00+00:00,0.0809,0.08106,0.07851,0.07938,25319493.0
2025-06-21 16:00:00+00:00,0.07936,0.07967,0.0771,0.07722,25174670.0
2025-06-21 20:00:00+00:00,0.07721,0.07798,0.07461,0.07657,47518229.0
2025-06-22 00:00:00+00:00,0.07655,0.07753,0.07461,0.07512,36639641.0
2025-06-22 04:00:00+00:00,0.07513,0.07637,0.07482,0.07534,21743136.0
2025-06-22 08:00:00+00:00,0.07535,0.0755,0.07388,0.07465,22851345.0
2025-06-22 12:00:00+00:00,0.07466,0.07502,0.07049,0.07165,91018024.0
2025-06-22 16:00:00+00:00,0.07164,0.07271,0.07114,0.07141,29979241.0
2025-06-22 20:00:00+00:00,0.07142,0.07332,0.06921,0.07311,43659093.0
2025-06-23 00:00:00+00:00,0.0731,0.07413,0.07289,0.07334,26826137.0
2025-06-23 04:00:00+00:00,0.07336,0.07487,0.07327,0.0743,22662581.0
2025-06-23 08:00:00+00:00,0.0743,0.07453,0.07379,0.0741,15538927.0
2025-06-23 12:00:00+00:00,0.07412,0.07623,0.07348,0.07413,45448878.0
2025-06-23 16:00:00+00:00,0.07413,0.07711,0.07221,0.07684,57521186.0
2025-06-23 20:00:00+00:00,0.07684,0.08172,0.0767,0.08137,52609512.0
2025-06-24 00:00:00+00:00,0.08139,0.08257,0.08133,0.08166,30672727.0
2025-06-24 04:00:00+00:00,0.08162,0.08462,0.08149,0.08322,27887283.0
2025-06-24 08:00:00+00:00,0.08321,0.08372,0.08203,0.08243,20986387.0
2025-06-24 12:00:00+00:00,0.08243,0.0838,0.08209,0.08319,32451093.0
2025-06-24 16:00:00+00:00,0.0832,0.08538,0.08208,0.0827,40086426.0
2025-06-24 20:00:00+00:00,0.08269,0.08429,0.08241,0.08391,18957628.0
2025-06-25 00:00:00+00:00,0.08393,0.08448,0.08338,0.0834,17080597.0
2025-06-25 04:00:00+00:00,0.0834,0.08393,0.08271,0.08367,14857169.0
2025-06-25 08:00:00+00:00,0.08368,0.0839,0.0818,0.08337,21053579.0
2025-06-25 12:00:00+00:00,0.08337,0.08451,0.08097,0.08122,33234379.0
2025-06-25 16:00:00+00:00,0.08122,0.08233,0.08079,0.08174,22090120.0
2025-06-25 20:00:00+00:00,0.08174,0.08256,0.08023,0.08085,19018571.0
2025-06-26 00:00:00+00:00,0.08085,0.08345,0.0804,0.082,23491921.0
2025-06-26 04:00:00+00:00,0.08201,0.08258,0.0808,0.08216,17585907.0
2025-06-26 08:00:00+00:00,0.08215,0.0826,0.08059,0.08096,14770762.0
2025-06-26 12:00:00+00:00,0.08095,0.08103,0.07861,0.07946,33231806.0
2025-06-26 16:00:00+00:00,0.07945,0.0801,0.0786,0.07972,18350171.0
2025-06-26 20:00:00+00:00,0.07972,0.08107,0.07872,0.07891,20009136.0
2025-06-27 00:00:00+00:00,0.0789,0.08014,0.07777,0.07996,23564969.0
2025-06-27 04:00:00+00:00,0.07997,0.08104,0.07928,0.07945,19319385.0
2025-06-27 08:00:00+00:00,0.07946,0.0809,0.07946,0.07988,17026875.0
2025-06-27 12:00:00+00:00,0.0799,0.08123,0.07901,0.08098,22702151.0
2025-06-27 16:00:00+00:00,0.08097,0.08252,0.0788,0.07947,40227293.0
2025-06-27 20:00:00+00:00,0.07947,0.08124,0.07931,0.08099,16423506.0
2025-06-28 00:00:00+00:00,0.08099,0.08178,0.08077,0.08126,19011199.0
2025-06-28 04:00:00+00:00,0.08126,0.08198,0.08076,0.08182,11321434.0
2025-06-28 08:00:00+00:00,0.08183,0.08244,0.08137,0.08208,17216045.0
2025-06-28 12:00:00+00:00,0.08208,0.08262,0.08124,0.08239,15724982.0
2025-06-28 16:00:00+00:00,0.0824,0.08397,0.0823,0.08319,20270993.0
2025-06-28 20:00:00+00:00,0.08322,0.08462,0.08292,0.08425,13582518.0
2025-06-29 00:00:00+00:00,0.08425,0.08486,0.08361,0.08366,13215164.0
2025-06-29 04:00:00+00:00,0.08367,0.08517,0.08357,0.08516,10051246.0
2025-06-29 08:00:00+00:00,0.08516,0.08549,0.08453,0.08468,19176047.0
2025-06-29 12:00:00+00:00,0.08466,0.08487,0.08316,0.08335,16004745.0
2025-06-29 16:00:00+00:00,0.08333,0.08467,0.08322,0.08462,16485565.0
2025-06-29 20:00:00+00:00,0.08462,0.0887,0.08381,0.08767,32003901.0
2025-06-30 00:00:00+00:00,0.08769,0.08832,0.08571,0.08597,18125183.0
2025-06-30 04:00:00+00:00,0.08597,0.08603,0.08441,0.0855,19836306.0
2025-06-30 08:00:00+00:00,0.0855,0.08566,0.08418,0.08471,22847989.0
2025-06-30 12:00:00+00:00,0.0847,0.08579,0.08354,0.0849,44057660.0
2025-06-30 16:00:00+00:00,0.0849,0.08631,0.08444,0.08617,17626964.0
2025-06-30 20:00:00+00:00,0.08614,0.08634,0.0838,0.08389,17924920.0
2025-07-01 00:00:00+00:00,0.08389,0.08454,0.08257,0.08281,26584661.0
2025-07-01 04:00:00+00:00,0.08282,0.08283,0.08103,0.08209,27318337.0
2025-07-01 08:00:00+00:00,0.08209,0.08209,0.08073,0.08096,21815481.0
2025-07-01 12:00:00+00:00,0.08097,0.08182,0.08025,0.08053,30092919.0
2025-07-01 16:00:00+00:00,0.08053,0.08078,0.07933,0.07961,21620815.0
2025-07-01 20:00:00+00:00,0.07961,0.08036,0.07889,0.07967,20513577.0
2025-07-02 00:00:00+00:00,0.07967,0.08087,0.07872,0.08007,14738434.0
2025-07-02 04:00:00+00:00,0.08006,0.08242,0.07995,0.08205,23187423.0
2025-07-02 08:00:00+00:00,0.08205,0.08297,0.08171,0.08239,16404105.0
2025-07-02 12:00:00+00:00,0.08238,0.08463,0.08158,0.0846,34218107.0
2025-07-02 16:00:00+00:00,0.0846,0.0881,0.08403,0.08804,54445404.0
2025-07-02 20:00:00+00:00,0.08804,0.08858,0.0865,0.08682,31812791.0
2025-07-03 00:00:00+00:00,0.0868,0.08797,0.08667,0.08709,15890239.0
2025-07-03 04:00:00+00:00,0.08709,0.08914,0.08698,0.08895,25381473.0
2025-07-03 08:00:00+00:00,0.08896,0.0893,0.08763,0.08781,22230585.0
2025-07-03 12:00:00+00:00,0.0878,0.08911,0.08592,0.0861,34595713.0
2025-07-03 16:00:00+00:00,0.0861,0.08751,0.08602,0.08745,17749594.0
2025-07-03 20:00:00+00:00,0.08746,0.08811,0.08701,0.08734,14515521.0
2025-07-04 00:00:00+00:00,0.08734,0.08831,0.08611,0.08646,19404079.0
2025-07-04 04:00:00+00:00,0.08646,0.08694,0.08406,0.0841,20180455.0
2025-07-04 08:00:00+00:00,0.08409,0.08493,0.08331,0.08444,21488713.0
2025-07-04 12:00:00+00:00,0.08444,0.08476,0.08246,0.08249,28213635.0
2025-07-04 16:00:00+00:00,0.0825,0.08261,0.08113,0.08135,29380130.0
2025-07-04 20:00:00+00:00,0.08136,0.08293,0.08118,0.08247,17587830.0
2025-07-05 00:00:00+00:00,0.08248,0.08328,0.08214,0.08274,16821741.0
2025-07-05 04:00:00+00:00,0.08276,0.08324,0.082,0.08279,12198938.0
2025-07-05 08:00:00+00:00,0.08278,0.08292,0.08198,0.08235,10708141.0
2025-07-05 12:00:00+00:00,0.08236,0.08244,0.08139,0.08169,13764671.0
2025-07-05 16:00:00+00:00,0.0817,0.08212,0.08078,0.08158,19555734.0
2025-07-05 20:00:00+00:00,0.08157,0.08275,0.08145,0.08245,27765646.0
2025-07-06 00:00:00+00:00,0.08245,0.08261,0.08176,0.08202,11532438.0
2025-07-06 04:00:00+00:00,0.08203,0.08299,0.08191,0.08246,11097388.0
2025-07-06 08:00:00+00:00,0.08246,0.08271,0.08183,0.08267,9175104.0
2025-07-06 12:00:00+00:00,0.08268,0.08478,0.08251,0.08443,24433480.0
2025-07-06 16:00:00+00:00,0.08443,0.08522,0.08372,0.08443,17523327.0
2025-07-06 20:00:00+00:00,0.08442,0.08646,0.08427,0.08471,22470910.0
2025-07-07 00:00:00+00:00,0.08472,0.08562,0.08406,0.08487,16725943.0
2025-07-07 04:00:00+00:00,0.08488,0.08529,0.08396,0.08528,15142213.0
2025-07-07 08:00:00+00:00,0.08528,0.08556,0.08406,0.0843,17751035.0
2025-07-07 12:00:00+00:00,0.0843,0.08491,0.0831,0.08367,26883225.0
2025-07-07 16:00:00+00:00,0.0837,0.08407,0.08242,0.08329,25822910.0
2025-07-07 20:00:00+00:00,0.0833,0.0833,0.08203,0.08305,19356619.0
2025-07-08 00:00:00+00:00,0.08306,0.08345,0.08169,0.08217,20981837.0
2025-07-08 04:00:00+00:00,0.08216,0.0829,0.08164,0.0825,14017284.0
2025-07-08 08:00:00+00:00,0.08249,0.08428,0.08199,0.08379,19250246.0
2025-07-08 12:00:00+00:00,0.0838,0.08445,0.08276,0.08301,33912318.0
2025-07-08 16:00:00+00:00,0.08302,0.08599,0.08266,0.08536,33372807.0
2025-07-08 20:00:00+00:00,0.08537,0.08565,0.08467,0.08514,14658167.0
2025-07-09 00:00:00+00:00,0.08513,0.08546,0.08429,0.08488,21833772.0
2025-07-09 04:00:00+00:00,0.08487,0.08645,0.08452,0.08626,18914071.0
2025-07-09 08:00:00+00:00,0.08626,0.08728,0.08605,0.08705,25898103.0
2025-07-09 12:00:00+00:00,0.08705,0.08773,0.08631,0.08713,28877343.0
2025-07-09 16:00:00+00:00,0.08713,0.09051,0.08686,0.09024,48234271.0
2025-07-09 20:00:00+00:00,0.09022,0.09097,0.0895,0.0903,34334525.0
2025-07-10 00:00:00+00:00,0.09032,0.09073,0.08937,0.09037,17967244.0
2025-07-10 04:00:00+00:00,0.09036,0.09134,0.08972,0.09088,21523323.0
2025-07-10 08:00:00+00:00,0.09088,0.0912,0.09025,0.0905,17794492.0
2025-07-10 12:00:00+00:00,0.09049,0.09111,0.08949,0.08973,32568903.0
2025-07-10 16:00:00+00:00,0.08974,0.09364,0.08974,0.09258,54044805.0
2025-07-10 20:00:00+00:00,0.09256,0.09771,0.09256,0.09707,55790371.0
2025-07-11 00:00:00+00:00,0.09707,0.09903,0.09551,0.09885,37385088.0
2025-07-11 04:00:00+00:00,0.09879,0.10124,0.09744,0.09766,57817676.0
2025-07-11 08:00:00+00:00,0.09767,0.10013,0.09767,0.09877,36215658.0
2025-07-11 12:00:00+00:00,0.09878,0.10151,0.09815,0.09845,48055200.0
2025-07-11 16:00:00+00:00,0.09849,0.10052,0.09806,0.10049,32566643.0
2025-07-11 20:00:00+00:00,0.10046,0.10053,0.09486,0.09619,43548002.0
2025-07-12 00:00:00+00:00,0.09622,0.09793,0.09451,0.09765,26489887.0
2025-07-12 04:00:00+00:00,0.09765,0.09829,0.09531,0.09757,26434916.0
2025-07-12 08:00:00+00:00,0.09757,0.09814,0.09671,0.09753,19361851.0
2025-07-12 12:00:00+00:00,0.09756,0.09801,0.09273,0.09338,54890316.0
2025-07-12 16:00:00+00:00,0.09339,0.09556,0.09283,0.09544,22071828.0
2025-07-12 20:00:00+00:00,0.09545,0.09597,0.09384,0.09584,14615050.0
2025-07-13 00:00:00+00:00,0.09585,0.09704,0.09544,0.09673,18662241.0
2025-07-13 04:00:00+00:00,0.09673,0.09908,0.09624,0.09847,23594691.0
2025-07-13 08:00:00+00:00,0.09846,0.09906,0.09749,0.09904,35276995.0
2025-07-13 12:00:00+00:00,0.09902,0.10158,0.09835,0.10035,49635458.0
2025-07-13 16:00:00+00:00,0.10036,0.10112,0.09909,0.10018,20505038.0
2025-07-13 20:00:00+00:00,0.10017,0.10098,0.09775,0.09943,27712432.0
2025-07-14 00:00:00+00:00,0.09944,0.1036,0.09911,0.10307,34789125.0
2025-07-14 04:00:00+00:00,0.10307,0.10493,0.10181,0.10383,50899633.0
2025-07-14 08:00:00+00:00,0.10385,0.10392,0.10186,0.10211,38323541.0
2025-07-14 12:00:00+00:00,0.10211,0.10363,0.09902,0.09984,71823265.0
2025-07-14 16:00:00+00:00,0.09983,0.10131,0.09842,0.09887,38248832.0
2025-07-14 20:00:00+00:00,0.09887,0.09968,0.09766,0.09911,32791901.0
2025-07-15 00:00:00+00:00,0.09911,0.09998,0.09558,0.09633,45568670.0
2025-07-15 04:00:00+00:00,0.09633,0.09819,0.09518,0.09683,50818539.0
2025-07-15 08:00:00+00:00,0.09683,0.09782,0.09418,0.09742,63763783.0
2025-07-15 12:00:00+00:00,0.09743,0.09975,0.0957,0.09903,76845308.0
2025-07-15 16:00:00+00:00,0.09904,0.10253,0.09892,0.09946,77301637.0
2025-07-15 20:00:00+00:00,0.09946,0.10346,0.09899,0.10342,29917889.0
2025-07-16 00:00:00+00:00,0.10344,0.10436,0.10119,0.1016,34776804.0
2025-07-16 04:00:00+00:00,0.10163,0.10402,0.10073,0.10348,26837283.0
2025-07-16 08:00:00+00:00,0.10344,0.10398,0.10273,0.10329,21135088.0
2025-07-16 12:00:00+00:00,0.10334,0.10465,0.10202,0.10324,52525588.0
2025-07-16 16:00:00+00:00,0.10323,0.10666,0.10293,0.10493,50300458.0
2025-07-16 20:00:00+00:00,0.10491,0.10703,0.10338,0.10384,48442362.0
2025-07-17 00:00:00+00:00,0.10385,0.10575,0.10105,0.10175,39976414.0
2025-07-17 04:00:00+00:00,0.10175,0.10538,0.10149,0.10505,32558028.0
2025-07-17 08:00:00+00:00,0.10504,0.10699,0.10456,0.10566,43424220.0
2025-07-17 12:00:00+00:00,0.10565,0.10717,0.10341,0.10489,59073320.0
2025-07-17 16:00:00+00:00,0.10487,0.10522,0.10222,0.10313,46989036.0
2025-07-17 20:00:00+00:00,0.10314,0.10748,0.10178,0.10639,50417381.0
2025-07-18 00:00:00+00:00,0.1064,0.10986,0.10513,0.10976,48875820.0
2025-07-18 04:00:00+00:00,0.10977,0.1146,0.10933,0.11187,80346856.0
2025-07-18 08:00:00+00:00,0.11186,0.11349,0.11012,0.11151,57309622.0
2025-07-18 12:00:00+00:00,0.11153,0.11367,0.10722,0.10814,63088330.0
2025-07-18 16:00:00+00:00,0.10813,0.11003,0.10601,0.10735,40729690.0
2025-07-18 20:00:00+00:00,0.10736,0.1077,0.104,0.10681,44515834.0
2025-07-19 00:00:00+00:00,0.10683,0.10933,0.10421,0.10926,29571235.0
2025-07-19 04:00:00+00:00,0.1093,0.1106,0.10768,0.10804,29521796.0
2025-07-19 08:00:00+00:00,0.10804,0.10838,0.1063,0.10657,24964044.0
2025-07-19 12:00:00+00:00,0.10656,0.10706,0.10463,0.10572,39890803.0
2025-07-19 16:00:00+00:00,0.10575,0.11014,0.10522,0.10968,33328109.0
2025-07-19 20:00:00+00:00,0.10969,0.11049,0.1081,0.10999,22829917.0
2025-07-20 00:00:00+00:00,0.11,0.1113,0.10912,0.11021,18575978.0
2025-07-20 04:00:00+00:00,0.1102,0.1125,0.1098,0.11166,20701778.0
2025-07-20 08:00:00+00:00,0.11167,0.11494,0.11167,0.11418,35336866.0
2025-07-20 12:00:00+00:00,0.1142,0.11708,0.11337,0.11686,38150756.0
2025-07-20 16:00:00+00:00,0.11686,0.11823,0.11552,0.11687,49061824.0
2025-07-20 20:00:00+00:00,0.11688,0.11713,0.11285,0.11567,53273340.0
2025-07-21 00:00:00+00:00,0.11569,0.11792,0.11307,0.11784,47524940.0
2025-07-21 04:00:00+00:00,0.11783,0.11927,0.11627,0.11879,39344680.0
2025-07-21 08:00:00+00:00,0.1188,0.11993,0.11678,0.11806,31323026.0
2025-07-21 12:00:00+00:00,0.11806,0.12064,0.11705,0.11802,49239294.0
2025-07-21 16:00:00+00:00,0.11804,0.11831,0.11385,0.11431,59596048.0
2025-07-21 20:00:00+00:00,0.1143,0.11563,0.11323,0.11473,33459322.0
2025-07-22 00:00:00+00:00,0.11473,0.11563,0.11094,0.11239,71227767.0
2025-07-22 04:00:00+00:00,0.11237,0.1125,0.10925,0.11056,57502040.0
2025-07-22 08:00:00+00:00,0.11053,0.11474,0.10809,0.11293,116115571.0
2025-07-22 12:00:00+00:00,0.11295,0.11371,0.10837,0.11077,107357208.0
2025-07-22 16:00:00+00:00,0.11077,0.11244,0.10927,0.10961,50660046.0
2025-07-22 20:00:00+00:00,0.10958,0.11391,0.10938,0.11354,36705746.0
2025-07-23 00:00:00+00:00,0.11354,0.11375,0.11084,0.11191,36865905.0
2025-07-23 04:00:00+00:00,0.11193,0.11349,0.11025,0.11078,24579331.0
2025-07-23 08:00:00+00:00,0.11081,0.11102,0.10811,0.10913,33094742.0
2025-07-23 12:00:00+00:00,0.10913,0.10957,0.10343,0.10572,97761838.0
2025-07-23 16:00:00+00:00,0.10571,0.10571,0.10052,0.10259,69128696.0
2025-07-23 20:00:00+00:00,0.10257,0.10325,0.09895,0.10254,75224259.0
2025-07-24 00:00:00+00:00,0.10256,0.10769,0.10178,0.10658,79206633.0
2025-07-24 04:00:00+00:00,0.10658,0.1077,0.0982,0.10156,103407793.0
2025-07-24 08:00:00+00:00,0.10154,0.10437,0.10037,0.10378,48373451.0
2025-07-24 12:00:00+00:00,0.10377,0.10718,0.10161,0.10549,67731040.0
2025-07-24 16:00:00+00:00,0.1055,0.10621,0.10258,0.10421,41601702.0
2025-07-24 20:00:00+00:00,0.1042,0.10548,0.10202,0.10261,28688189.0
2025-07-25 00:00:00+00:00,0.10262,0.10285,0.09888,0.10027,49244615.0
2025-07-25 04:00:00+00:00,0.1002,0.10186,0.09874,0.10106,41214551.0
2025-07-25 08:00:00+00:00,0.1011,0.10414,0.10044,0.10375,40197316.0
2025-07-25 12:00:00+00:00,0.10375,0.10458,0.09971,0.10108,48987697.0
2025-07-25 16:00:00+00:00,0.10106,0.10281,0.10032,0.10198,23716459.0
2025-07-25 20:00:00+00:00,0.10197,0.10518,0.10195,0.1049,20733389.0
2025-07-26 00:00:00+00:00,0.1049,0.10581,0.10407,0.10504,18763453.0
2025-07-26 04:00:00+00:00,0.10503,0.10526,0.104,0.10423,16780822.0
2025-07-26 08:00:00+00:00,0.10423,0.10589,0.1042,0.10495,23938672.0
2025-07-26 12:00:00+00:00,0.10496,0.10555,0.10419,0.10526,20452052.0
2025-07-26 16:00:00+00:00,0.10527,0.10653,0.10402,0.10639,21168487.0
2025-07-26 20:00:00+00:00,0.10638,0.10722,0.10487,0.10507,21204173.0
2025-07-27 00:00:00+00:00,0.10506,0.10717,0.10463,0.10626,16091116.0
2025-07-27 04:00:00+00:00,0.10627,0.108,0.10606,0.10657,22446569.0
2025-07-27 08:00:00+00:00,0.10656,0.10751,0.10521,0.10654,24921750.0
2025-07-27 12:00:00+00:00,0.10652,0.10813,0.10623,0.10759,34569277.0
2025-07-27 16:00:00+00:00,0.10767,0.10952,0.1075,0.10861,30590648.0
2025-07-27 20:00:00+00:00,0.10862,0.11052,0.10815,0.10987,21473595.0
2025-07-28 00:00:00+00:00,0.10988,0.11095,0.10792,0.11056,32777271.0
2025-07-28 04:00:00+00:00,0.11053,0.1126,0.11005,0.11161,35378430.0
2025-07-28 08:00:00+00:00,0.11161,0.11193,0.10929,0.11004,29130286.0
2025-07-28 12:00:00+00:00,0.11006,0.11062,0.10468,0.10574,58967645.0
2025-07-28 16:00:00+00:00,0.10573,0.10619,0.10328,0.10411,32347047.0
2025-07-28 20:00:00+00:00,0.10414,0.10442,0.10161,0.10295,34726258.0
2025-07-29 00:00:00+00:00,0.10296,0.10346,0.10045,0.10245,36514227.0
2025-07-29 04:00:00+00:00,0.10246,0.10667,0.10181,0.10645,38598881.0
2025-07-29 08:00:00+00:00,0.10644,0.10659,0.10286,0.10376,30434090.0
2025-07-29 12:00:00+00:00,0.10375,0.10546,0.10124,0.10178,42189777.0
2025-07-29 16:00:00+00:00,0.10178,0.10257,0.10008,0.10139,34493268.0
2025-07-29 20:00:00+00:00,0.10139,0.10265,0.10018,0.10213,35286647.0
2025-07-30 00:00:00+00:00,0.10213,0.1024,0.09983,0.10127,35605656.0
2025-07-30 04:00:00+00:00,0.10126,0.10179,0.10004,0.10073,18871240.0
2025-07-30 08:00:00+00:00,0.10072,0.1013,0.0973,0.09783,38115761.0
2025-07-30 12:00:00+00:00,0.09785,0.10037,0.09686,0.0993,48570591.0
2025-07-30 16:00:00+00:00,0.09932,0.10064,0.0948,0.0991,60181204.0
2025-07-30 20:00:00+00:00,0.09909,0.1004,0.0983,0.10025,29111725.0
2025-07-31 00:00:00+00:00,0.10024,0.10178,0.09987,0.10144,20917983.0
2025-07-31 04:00:00+00:00,0.10146,0.10242,0.10111,0.10191,17675616.0
2025-07-31 08:00:00+00:00,0.10191,0.10246,0.10068,0.10102,16357412.0
2025-07-31 12:00:00+00:00,0.10099,0.10109,0.09714,0.09813,50054350.0
2025-07-31 16:00:00+00:00,0.09815,0.10012,0.09619,0.09656,48048047.0
2025-07-31 20:00:00+00:00,0.09656,0.09674,0.09343,0.094,46506900.0
2025-08-01 00:00:00+00:00,0.09399,0.09472,0.09154,0.09397,61148190.0
2025-08-01 04:00:00+00:00,0.09397,0.09397,0.09195,0.09268,28933966.0
2025-08-01 08:00:00+00:00,0.09267,0.09267,0.09052,0.09197,59960678.0
2025-08-01 12:00:00+00:00,0.09196,0.09318,0.08964,0.09257,77253924.0
2025-08-01 16:00:00+00:00,0.09257,0.09313,0.08996,0.09235,49509397.0
2025-08-01 20:00:00+00:00,0.09238,0.09259,0.08737,0.09065,54003626.0
2025-08-02 00:00:00+00:00,0.09065,0.09159,0.09025,0.0914,17324767.0
2025-08-02 04:00:00+00:00,0.09141,0.09189,0.08881,0.09095,23055601.0
2025-08-02 08:00:00+00:00,0.09095,0.09109,0.0887,0.08975,21278837.0
2025-08-02 12:00:00+00:00,0.08972,0.0904,0.08772,0.08805,33379386.0
2025-08-02 16:00:00+00:00,0.08806,0.08902,0.08586,0.08721,62613335.0
2025-08-02 20:00:00+00:00,0.08721,0.08886,0.08715,0.08837,34376979.0
2025-08-03 00:00:00+00:00,0.08838,0.08994,0.08713,0.08964,33726211.0
2025-08-03 04:00:00+00:00,0.08963,0.09013,0.08927,0.08992,13452227.0
2025-08-03 08:00:00+00:00,0.08993,0.09138,0.08975,0.09093,19758952.0
2025-08-03 12:00:00+00:00,0.09095,0.09134,0.09032,0.09116,14381414.0
2025-08-03 16:00:00+00:00,0.09116,0.09196,0.0906,0.09138,17657754.0
2025-08-03 20:00:00+00:00,0.09139,0.09206,0.09105,0.09132,13513251.0
2025-08-04 00:00:00+00:00,0.09131,0.09326,0.09112,0.09259,22165418.0
2025-08-04 04:00:00+00:00,0.09259,0.09307,0.09192,0.0925,18418983.0
2025-08-04 08:00:00+00:00,0.09249,0.09312,0.09159,0.09188,13944197.0
2025-08-04 12:00:00+00:00,0.09189,0.09429,0.09169,0.09316,40953050.0
2025-08-04 16:00:00+00:00,0.09315,0.09491,0.09249,0.09276,32109980.0
2025-08-04 20:00:00+00:00,0.09274,0.09405,0.09256,0.09337,23768991.0
2025-08-05 00:00:00+00:00,0.09336,0.09356,0.09082,0.09105,32588821.0
2025-08-05 04:00:00+00:00,0.09105,0.09155,0.08913,0.08938,25236369.0
2025-08-05 08:00:00+00:00,0.08937,0.0928,0.08919,0.09269,27760493.0
2025-08-05 12:00:00+00:00,0.09269,0.09282,0.08807,0.08836,51623256.0
2025-08-05 16:00:00+00:00,0.08835,0.08932,0.08781,0.08811,33647783.0
2025-08-05 20:00:00+00:00,0.08812,0.08998,0.08729,0.08977,27513524.0
2025-08-06 00:00:00+00:00,0.08978,0.08984,0.08754,0.08756,23919344.0
2025-08-06 04:00:00+00:00,0.08756,0.0907,0.08714,0.0906,35051286.0
2025-08-06 08:00:00+00:00,0.09059,0.09085,0.08945,0.08992,29794940.0
2025-08-06 12:00:00+00:00,0.08992,0.09266,0.08897,0.0925,53446261.0
2025-08-06 16:00:00+00:00,0.09249,0.09297,0.09132,0.0924,26994954.0
2025-08-06 20:00:00+00:00,0.09241,0.09245,0.09157,0.09179,13226072.0
2025-08-07 00:00:00+00:00,0.09176,0.0929,0.0916,0.09169,20418443.0
2025-08-07 04:00:00+00:00,0.09168,0.09304,0.09143,0.09292,25141242.0
2025-08-07 08:00:00+00:00,0.09292,0.09578,0.09254,0.09557,37722976.0
2025-08-07 12:00:00+00:00,0.09556,0.09588,0.09417,0.09443,37709035.0
2025-08-07 16:00:00+00:00,0.09442,0.09467,0.09144,0.09303,64041143.0
2025-08-07 20:00:00+00:00,0.09304,0.09563,0.09288,0.09558,43410077.0
2025-08-08 00:00:00+00:00,0.09558,0.09645,0.09396,0.09464,81787693.0
2025-08-08 04:00:00+00:00,0.09463,0.09544,0.0934,0.09471,37481768.0
2025-08-08 08:00:00+00:00,0.09471,0.09556,0.09379,0.0944,32809535.0
2025-08-08 12:00:00+00:00,0.09441,0.09593,0.0929,0.09372,54260482.0
2025-08-08 16:00:00+00:00,0.09372,0.09679,0.0936,0.09604,39035759.0
2025-08-08 20:00:00+00:00,0.09605,0.0963,0.09526,0.09573,24974533.0
2025-08-09 00:00:00+00:00,0.09573,0.09623,0.09504,0.09533,21231086.0
2025-08-09 04:00:00+00:00,0.09534,0.09852,0.09514,0.09845,47668187.0
2025-08-09 08:00:00+00:00,0.09845,0.09962,0.0979,0.09955,32239622.0
2025-08-09 12:00:00+00:00,0.09955,0.1009,0.09842,0.09931,44062754.0
2025-08-09 16:00:00+00:00,0.09931,0.10089,0.099,0.10031,26781575.0
2025-08-09 20:00:00+00:00,0.10031,0.10135,0.09932,0.10008,31441248.0
2025-08-10 00:00:00+00:00,0.1001,0.10157,0.09956,0.10116,30530741.0
2025-08-10 04:00:00+00:00,0.10115,0.10179,0.09721,0.0974,40327922.0
2025-08-10 08:00:00+00:00,0.0974,0.09837,0.0963,0.09654,35647682.0
2025-08-10 12:00:00+00:00,0.09654,0.0988,0.096,0.09824,36419170.0
2025-08-10 16:00:00+00:00,0.09825,0.09986,0.09807,0.09943,21067592.0
2025-08-10 20:00:00+00:00,0.09944,0.09955,0.09784,0.09925,26491918.0
2025-08-11 00:00:00+00:00,0.09926,0.10235,0.09828,0.10171,38305257.0
2025-08-11 04:00:00+00:00,0.10172,0.10243,0.09895,0.09919,31756957.0
2025-08-11 08:00:00+00:00,0.09916,0.10021,0.09525,0.09552,52726100.0
2025-08-11 12:00:00+00:00,0.09549,0.09665,0.09417,0.09644,69879438.0
2025-08-11 16:00:00+00:00,0.09645,0.09783,0.09259,0.09465,45397695.0
2025-08-11 20:00:00+00:00,0.09466,0.0948,0.09206,0.09324,42720146.0
2025-08-12 00:00:00+00:00,0.09324,0.09491,0.09295,0.09374,23863203.0
2025-08-12 04:00:00+00:00,0.09374,0.09447,0.09233,0.09416,25422398.0
2025-08-12 08:00:00+00:00,0.09417,0.0942,0.092,0.09346,21318833.0
2025-08-12 12:00:00+00:00,0.09344,0.09865,0.0929,0.09832,75505294.0
2025-08-12 16:00:00+00:00,0.09836,0.1006,0.09814,0.10034,52725272.0
2025-08-12 20:00:00+00:00,0.10033,0.10188,0.1002,0.10139,39607092.0
2025-08-13 00:00:00+00:00,0.10139,0.10247,0.09981,0.10201,40845479.0
2025-08-13 04:00:00+00:00,0.102,0.10246,0.1,0.10199,29794835.0
2025-08-13 08:00:00+00:00,0.10199,0.10412,0.10189,0.10355,44968828.0
2025-08-13 12:00:00+00:00,0.10354,0.1044,0.10164,0.1028,63649492.0
2025-08-13 16:00:00+00:00,0.10282,0.10391,0.10218,0.10271,36844480.0
2025-08-13 20:00:00+00:00,0.10272,0.10287,0.10014,0.10152,79330998.0
2025-08-14 00:00:00+00:00,0.10152,0.10371,0.10087,0.10257,55640381.0
2025-08-14 04:00:00+00:00,0.10256,0.10318,0.09972,0.10044,53619660.0
2025-08-14 08:00:00+00:00,0.10045,0.10045,0.09771,0.09816,56661822.0
2025-08-14 12:00:00+00:00,0.09815,0.0989,0.08935,0.09386,160918096.0
2025-08-14 16:00:00+00:00,0.09386,0.09389,0.09162,0.09271,54255813.0
2025-08-14 20:00:00+00:00,0.0927,0.0932,0.09043,0.09278,49166970.0
2025-08-15 00:00:00+00:00,0.09277,0.09408,0.09223,0.09366,35571709.0
2025-08-15 04:00:00+00:00,0.09366,0.09474,0.09295,0.09416,35171534.0
2025-08-15 08:00:00+00:00,0.09417,0.09449,0.09272,0.09304,30492457.0
2025-08-15 12:00:00+00:00,0.09304,0.09423,0.08957,0.09006,90941838.0
2025-08-15 16:00:00+00:00,0.09006,0.09155,0.089,0.09119,50134927.0
2025-08-15 20:00:00+00:00,0.09119,0.09381,0.09091,0.09292,33827331.0
2025-08-16 00:00:00+00:00,0.09292,0.09412,0.09284,0.09327,24200096.0
2025-08-16 04:00:00+00:00,0.09328,0.0941,0.09293,0.09391,21122327.0
2025-08-16 08:00:00+00:00,0.09391,0.09401,0.0925,0.09275,26543695.0
2025-08-16 12:00:00+00:00,0.09275,0.09529,0.09254,0.09488,31043133.0
2025-08-16 16:00:00+00:00,0.09488,0.09544,0.09382,0.09438,19457082.0
2025-08-16 20:00:00+00:00,0.09436,0.09507,0.09396,0.09466,14489121.0
2025-08-17 00:00:00+00:00,0.09467,0.09525,0.0937,0.09489,15138268.0
2025-08-17 04:00:00+00:00,0.09489,0.0957,0.09475,0.09546,17721028.0
2025-08-17 08:00:00+00:00,0.09546,0.09661,0.09526,0.09634,21345318.0
2025-08-17 12:00:00+00:00,0.09634,0.09712,0.09507,0.09708,28932586.0
2025-08-17 16:00:00+00:00,0.09708,0.09765,0.09388,0.09431,43212448.0
2025-08-17 20:00:00+00:00,0.09429,0.09531,0.09387,0.09395,21686494.0
2025-08-18 00:00:00+00:00,0.09394,0.0941,0.08997,0.09111,61473450.0
2025-08-18 04:00:00+00:00,0.09111,0.092,0.08977,0.09057,35916014.0
2025-08-18 08:00:00+00:00,0.09055,0.09104,0.08955,0.09062,30340217.0
2025-08-18 12:00:00+00:00,0.09059,0.09215,0.09023,0.09169,41678997.0
2025-08-18 16:00:00+00:00,0.09167,0.09272,0.09059,0.09181,30425730.0
2025-08-18 20:00:00+00:00,0.09181,0.09317,0.09082,0.09109,23814367.0
2025-08-19 00:00:00+00:00,0.0911,0.09272,0.08937,0.0896,33677970.0
2025-08-19 04:00:00+00:00,0.08959,0.09061,0.0889,0.09019,31002386.0
2025-08-19 08:00:00+00:00,0.09019,0.09284,0.08961,0.09282,27619714.0
2025-08-19 12:00:00+00:00,0.09281,0.09287,0.0893,0.08962,58203211.0
2025-08-19 16:00:00+00:00,0.08961,0.08979,0.08758,0.08827,44937580.0
2025-08-19 20:00:00+00:00,0.08829,0.08927,0.08795,0.08827,29939371.0
2025-08-20 00:00:00+00:00,0.08827,0.0899,0.08753,0.08912,30816801.0
2025-08-20 04:00:00+00:00,0.08913,0.09011,0.08911,0.08941,21676354.0
2025-08-20 08:00:00+00:00,0.08942,0.0907,0.08873,0.08998,27193430.0
2025-08-20 12:00:00+00:00,0.08998,0.09186,0.08813,0.09111,69872618.0
2025-08-20 16:00:00+00:00,0.09112,0.09289,0.09068,0.09283,33982502.0
2025-08-20 20:00:00+00:00,0.09284,0.09339,0.09225,0.09252,22185729.0
2025-08-21 00:00:00+00:00,0.09253,0.09318,0.09155,0.09213,26322441.0
2025-08-21 04:00:00+00:00,0.09212,0.09253,0.0907,0.09128,24554799.0
2025-08-21 08:00:00+00:00,0.09127,0.09149,0.08978,0.09011,25969299.0
2025-08-21 12:00:00+00:00,0.09008,0.09132,0.08915,0.08944,41853609.0
2025-08-21 16:00:00+00:00,0.08945,0.09064,0.08913,0.08961,22316237.0
2025-08-21 20:00:00+00:00,0.0896,0.09074,0.08913,0.0895,18424464.0
2025-08-22 00:00:00+00:00,0.0895,0.09086,0.08884,0.08936,19035075.0
2025-08-22 04:00:00+00:00,0.08936,0.09053,0.08935,0.09034,20537581.0
2025-08-22 08:00:00+00:00,0.09033,0.09085,0.08822,0.08826,24895661.0
2025-08-22 12:00:00+00:00,0.08826,0.0952,0.08663,0.09435,128492624.0
2025-08-22 16:00:00+00:00,0.09435,0.09819,0.09435,0.09727,75338511.0
2025-08-22 20:00:00+00:00,0.09729,0.09798,0.09661,0.09707,34023855.0
2025-08-23 00:00:00+00:00,0.09706,0.09742,0.09365,0.09415,35251149.0
2025-08-23 04:00:00+00:00,0.09414,0.09685,0.0941,0.09512,31174575.0
2025-08-23 08:00:00+00:00,0.09513,0.09553,0.09433,0.09459,23042109.0
2025-08-23 12:00:00+00:00,0.0946,0.09515,0.09413,0.09469,25614087.0
2025-08-23 16:00:00+00:00,0.0947,0.09604,0.09413,0.09598,18563097.0
2025-08-23 20:00:00+00:00,0.09598,0.09603,0.0949,0.09553,14184806.0
2025-08-24 00:00:00+00:00,0.09552,0.09578,0.09375,0.09425,17133367.0
2025-08-24 04:00:00+00:00,0.09426,0.09446,0.0922,0.09222,31828030.0
2025-08-24 08:00:00+00:00,0.09222,0.09261,0.09088,0.09146,37242002.0
2025-08-24 12:00:00+00:00,0.09143,0.09354,0.09131,0.09274,29547610.0
2025-08-24 16:00:00+00:00,0.09275,0.09771,0.09219,0.09455,103506595.0
2025-08-24 20:00:00+00:00,0.09456,0.09513,0.09236,0.09404,64326965.0
2025-08-25 00:00:00+00:00,0.09405,0.09554,0.09202,0.09478,41915928.0
2025-08-25 04:00:00+00:00,0.09478,0.09501,0.08978,0.09009,57568993.0
2025-08-25 08:00:00+00:00,0.09009,0.09086,0.08901,0.09021,57943272.0
2025-08-25 12:00:00+00:00,0.09024,0.09115,0.08942,0.08989,44315405.0
2025-08-25 16:00:00+00:00,0.0899,0.09058,0.08705,0.08721,56609741.0
2025-08-25 20:00:00+00:00,0.08723,0.08733,0.08477,0.08629,94241061.0
2025-08-26 00:00:00+00:00,0.08629,0.08786,0.08557,0.08745,34632464.0
2025-08-26 04:00:00+00:00,0.08745,0.08884,0.08737,0.08802,27131017.0
2025-08-26 08:00:00+00:00,0.08802,0.08859,0.08744,0.08765,24177790.0
2025-08-26 12:00:00+00:00,0.08766,0.08971,0.08702,0.08895,58701309.0
2025-08-26 16:00:00+00:00,0.08894,0.09037,0.0885,0.09021,24945205.0
2025-08-26 20:00:00+00:00,0.09022,0.09061,0.08963,0.08991,21077321.0
2025-08-27 00:00:00+00:00,0.08991,0.09053,0.08885,0.09004,22886561.0
2025-08-27 04:00:00+00:00,0.09005,0.09091,0.08914,0.08948,23701454.0
2025-08-27 08:00:00+00:00,0.08951,0.0903,0.08913,0.09002,18250264.0
2025-08-27 12:00:00+00:00,0.09002,0.09115,0.08916,0.09105,36335105.0
2025-08-27 16:00:00+00:00,0.09106,0.09196,0.08991,0.09046,36353765.0
2025-08-27 20:00:00+00:00,0.09046,0.09196,0.08944,0.09046,55555654.0
2025-08-28 00:00:00+00:00,0.09046,0.09146,0.08982,0.09142,21727941.0
2025-08-28 04:00:00+00:00,0.09141,0.09244,0.0912,0.09175,28114415.0
2025-08-28 08:00:00+00:00,0.09175,0.09252,0.09075,0.09151,21507332.0
2025-08-28 12:00:00+00:00,0.09152,0.09402,0.09122,0.09253,52596928.0
2025-08-28 16:00:00+00:00,0.09253,0.09318,0.09059,0.09062,31518759.0
2025-08-28 20:00:00+00:00,0.09063,0.09358,0.09047,0.09346,20871683.0
2025-08-29 00:00:00+00:00,0.09346,0.09386,0.09165,0.09199,30899584.0
2025-08-29 04:00:00+00:00,0.09199,0.09243,0.089,0.08919,37712860.0
2025-08-29 08:00:00+00:00,0.08919,0.08933,0.08687,0.08819,57864610.0
2025-08-29 12:00:00+00:00,0.08819,0.09072,0.08687,0.08766,56106375.0
2025-08-29 16:00:00+00:00,0.08766,0.08809,0.08611,0.08722,24845750.0
2025-08-29 20:00:00+00:00,0.08722,0.08813,0.08613,0.08773,17706590.0
2025-08-30 00:00:00+00:00,0.08773,0.08932,0.08642,0.08901,22841768.0
2025-08-30 04:00:00+00:00,0.08901,0.08948,0.08856,0.08948,13647557.0
2025-08-30 08:00:00+00:00,0.08948,0.08949,0.08839,0.08876,11233663.0
2025-08-30 12:00:00+00:00,0.08877,0.08916,0.08737,0.08902,19305658.0
2025-08-30 16:00:00+00:00,0.08902,0.08912,0.08835,0.08888,14843870.0
2025-08-30 20:00:00+00:00,0.08889,0.08942,0.08855,0.08938,8740758.0
2025-08-31 00:00:00+00:00,0.08938,0.09184,0.08938,0.09155,42401306.0
2025-08-31 04:00:00+00:00,0.09156,0.09166,0.09032,0.09055,12764499.0
2025-08-31 08:00:00+00:00,0.09056,0.09159,0.08955,0.09037,20092524.0
2025-08-31 12:00:00+00:00,0.09036,0.09072,0.08933,0.09034,17947763.0
2025-08-31 16:00:00+00:00,0.09032,0.09085,0.08968,0.09014,16333584.0
2025-08-31 20:00:00+00:00,0.09013,0.09055,0.08833,0.08839,16858272.0
2025-09-01 00:00:00+00:00,0.0884,0.08893,0.08699,0.08752,35241349.0
2025-09-01 04:00:00+00:00,0.08752,0.09,0.08654,0.08996,29811308.0
2025-09-01 08:00:00+00:00,0.08995,0.09151,0.08836,0.08844,38773943.0
2025-09-01 12:00:00+00:00,0.08843,0.08898,0.08697,0.08722,31140601.0
2025-09-01 16:00:00+00:00,0.08723,0.08792,0.08649,0.0879,25095080.0
2025-09-01 20:00:00+00:00,0.08791,0.08809,0.08513,0.08715,58525607.0
2025-09-02 00:00:00+00:00,0.08715,0.08881,0.0865,0.08843,27351484.0
2025-09-02 04:00:00+00:00,0.08843,0.08894,0.08788,0.08804,14952257.0
2025-09-02 08:00:00+00:00,0.08803,0.08874,0.08775,0.08782,17435807.0
2025-09-02 12:00:00+00:00,0.08784,0.08911,0.08613,0.08666,51453727.0
2025-09-02 16:00:00+00:00,0.08666,0.08833,0.08665,0.08729,32317042.0
2025-09-02 20:00:00+00:00,0.08729,0.08922,0.08716,0.0891,27851728.0
2025-09-03 00:00:00+00:00,0.08911,0.09005,0.08858,0.08947,26784255.0
2025-09-03 04:00:00+00:00,0.08945,0.08963,0.08849,0.08926,20062248.0
2025-09-03 08:00:00+00:00,0.08926,0.09023,0.08887,0.08981,19727237.0
2025-09-03 12:00:00+00:00,0.08982,0.09093,0.08918,0.09059,30311682.0
2025-09-03 16:00:00+00:00,0.0906,0.09092,0.08946,0.09017,19812335.0
2025-09-03 20:00:00+00:00,0.09018,0.09032,0.08921,0.08938,18057432.0
2025-09-04 00:00:00+00:00,0.0894,0.08996,0.08799,0.08803,21365611.0
2025-09-04 04:00:00+00:00,0.08803,0.08827,0.0865,0.08702,30186170.0
2025-09-04 08:00:00+00:00,0.08702,0.08789,0.08693,0.08734,18406343.0
2025-09-04 12:00:00+00:00,0.08735,0.08786,0.08615,0.08676,26760736.0
2025-09-04 16:00:00+00:00,0.08676,0.08703,0.08587,0.08611,18481554.0
2025-09-04 20:00:00+00:00,0.0861,0.08762,0.08601,0.08663,15338396.0
2025-09-05 00:00:00+00:00,0.08662,0.08785,0.08653,0.08783,16140182.0
2025-09-05 04:00:00+00:00,0.08783,0.08998,0.08758,0.08998,23242768.0
2025-09-05 08:00:00+00:00,0.08998,0.09024,0.08875,0.08926,21663205.0
2025-09-05 12:00:00+00:00,0.08927,0.09081,0.08715,0.08809,71440274.0
2025-09-05 16:00:00+00:00,0.0881,0.08855,0.08755,0.08849,25043434.0
2025-09-05 20:00:00+00:00,0.08849,0.08918,0.08819,0.0886,16586527.0
2025-09-06 00:00:00+00:00,0.08861,0.08908,0.08848,0.08863,10614603.0
2025-09-06 04:00:00+00:00,0.08863,0.08863,0.0876,0.08782,13779268.0
2025-09-06 08:00:00+00:00,0.08783,0.08791,0.08724,0.08773,11928607.0
2025-09-06 12:00:00+00:00,0.08773,0.08819,0.08725,0.08737,16003420.0
2025-09-06 16:00:00+00:00,0.08734,0.08805,0.08684,0.08702,15062066.0
2025-09-06 20:00:00+00:00,0.08702,0.08786,0.08686,0.08761,37139651.0
2025-09-07 00:00:00+00:00,0.08762,0.08905,0.08757,0.08894,33911491.0
2025-09-07 04:00:00+00:00,0.08894,0.08959,0.08863,0.0889,14002118.0
2025-09-07 08:00:00+00:00,0.08891,0.08944,0.08856,0.08904,13722975.0
2025-09-07 12:00:00+00:00,0.08902,0.08922,0.08867,0.08897,15960622.0
2025-09-07 16:00:00+00:00,0.08897,0.08917,0.08771,0.08805,13240515.0
2025-09-07 20:00:00+00:00,0.08805,0.08912,0.08774,0.0889,45988121.0
2025-09-08 00:00:00+00:00,0.0889,0.09015,0.08827,0.08963,22508256.0
2025-09-08 04:00:00+00:00,0.08962,0.09013,0.08911,0.08944,21479923.0
2025-09-08 08:00:00+00:00,0.08944,0.09126,0.08944,0.09022,32173859.0
2025-09-08 12:00:00+00:00,0.09023,0.09212,0.08991,0.09178,37839811.0
2025-09-08 16:00:00+00:00,0.09177,0.09249,0.09077,0.09112,28706783.0
2025-09-08 20:00:00+00:00,0.09113,0.09203,0.09034,0.09173,23323173.0
2025-09-09 00:00:00+00:00,0.09173,0.09475,0.09164,0.09466,65415044.0
2025-09-09 04:00:00+00:00,0.09466,0.09699,0.09383,0.09586,52378952.0
2025-09-09 08:00:00+00:00,0.09588,0.09822,0.0957,0.0969,66387522.0
2025-09-09 12:00:00+00:00,0.09691,0.09779,0.09366,0.09465,101264631.0
2025-09-09 16:00:00+00:00,0.09466,0.10016,0.09378,0.09942,105024784.0
2025-09-09 20:00:00+00:00,0.09945,0.10201,0.0963,0.09913,176966591.0
2025-09-10 00:00:00+00:00,0.09914,0.10036,0.09761,0.09962,88152503.0
2025-09-10 04:00:00+00:00,0.09963,0.0998,0.09735,0.09763,51856144.0
2025-09-10 08:00:00+00:00,0.09764,0.09854,0.09663,0.09771,42588921.0
2025-09-10 12:00:00+00:00,0.09771,0.10019,0.09762,0.09828,64380023.0
2025-09-10 16:00:00+00:00,0.09828,0.09888,0.09616,0.09667,40658070.0
2025-09-10 20:00:00+00:00,0.09666,0.098,0.09656,0.09777,21914139.0
2025-09-11 00:00:00+00:00,0.09775,0.09881,0.09749,0.09853,27595256.0
2025-09-11 04:00:00+00:00,0.09853,0.09853,0.09704,0.09825,31665930.0
2025-09-11 08:00:00+00:00,0.09826,0.09871,0.09679,0.09689,35961748.0
2025-09-11 12:00:00+00:00,0.09689,0.09835,0.09538,0.09676,70897267.0
2025-09-11 16:00:00+00:00,0.09677,0.09888,0.09677,0.09866,23720088.0
2025-09-11 20:00:00+00:00,0.09867,0.10071,0.09843,0.09988,38177964.0
2025-09-12 00:00:00+00:00,0.0999,0.10102,0.09878,0.09923,27346364.0
2025-09-12 04:00:00+00:00,0.09921,0.10058,0.09893,0.09956,28608811.0
2025-09-12 08:00:00+00:00,0.09958,0.09964,0.09777,0.09785,44251876.0
2025-09-12 12:00:00+00:00,0.09785,0.09988,0.09759,0.09831,56354840.0
2025-09-12 16:00:00+00:00,0.09831,0.10122,0.09821,0.10113,32248625.0
2025-09-12 20:00:00+00:00,0.10112,0.10135,0.10005,0.10075,30209239.0
2025-09-13 00:00:00+00:00,0.10075,0.1016,0.10027,0.10122,24972606.0
2025-09-13 04:00:00+00:00,0.10121,0.10139,0.10051,0.10064,20255699.0
2025-09-13 08:00:00+00:00,0.10064,0.10285,0.10064,0.10275,37386235.0
2025-09-13 12:00:00+00:00,0.10275,0.1033,0.10032,0.10111,49571465.0
2025-09-13 16:00:00+00:00,0.10111,0.10165,0.09937,0.10045,44204926.0
2025-09-13 20:00:00+00:00,0.10044,0.1013,0.1004,0.10081,12032673.0
2025-09-14 00:00:00+00:00,0.1008,0.1009,0.09876,0.09892,24369795.0
2025-09-14 04:00:00+00:00,0.09893,0.10011,0.09808,0.09908,21265133.0
2025-09-14 08:00:00+00:00,0.09908,0.09984,0.09729,0.09741,34486461.0
2025-09-14 12:00:00+00:00,0.09741,0.09786,0.09586,0.09639,50885103.0
2025-09-14 16:00:00+00:00,0.09638,0.09727,0.09607,0.09642,22767304.0
2025-09-14 20:00:00+00:00,0.0964,0.09752,0.09589,0.09629,16861366.0
2025-09-15 00:00:00+00:00,0.09627,0.09718,0.0948,0.09702,26106293.0
2025-09-15 04:00:00+00:00,0.09702,0.09766,0.09469,0.09497,33294775.0
2025-09-15 08:00:00+00:00,0.09496,0.09497,0.09227,0.09304,53483238.0
2025-09-15 12:00:00+00:00,0.09303,0.09342,0.09159,0.09237,35445520.0
2025-09-15 16:00:00+00:00,0.09237,0.0929,0.09134,0.09253,22088154.0
2025-09-15 20:00:00+00:00,0.09253,0.09329,0.09239,0.09315,11030234.0
2025-09-16 00:00:00+00:00,0.09315,0.09317,0.09207,0.09207,15135244.0
2025-09-16 04:00:00+00:00,0.09208,0.09348,0.09147,0.09328,18223523.0
2025-09-16 08:00:00+00:00,0.09329,0.09435,0.09327,0.09379,20937783.0
2025-09-16 12:00:00+00:00,0.09378,0.09493,0.09268,0.09452,29454697.0
2025-09-16 16:00:00+00:00,0.09454,0.09527,0.09383,0.09491,20086417.0
2025-09-16 20:00:00+00:00,0.09491,0.09516,0.09448,0.09459,13562920.0
2025-09-17 00:00:00+00:00,0.09459,0.09517,0.09367,0.0938,17834899.0
2025-09-17 04:00:00+00:00,0.09381,0.09451,0.09299,0.09441,16625079.0
2025-09-17 08:00:00+00:00,0.09442,0.09444,0.09247,0.09292,13909208.0
2025-09-17 12:00:00+00:00,0.09292,0.0935,0.09252,0.09277,16725857.0
2025-09-17 16:00:00+00:00,0.09275,0.09577,0.09206,0.09563,52587235.0
2025-09-17 20:00:00+00:00,0.09564,0.09792,0.0942,0.09722,30698760.0
2025-09-18 00:00:00+00:00,0.09722,0.09816,0.09665,0.09758,26054246.0
2025-09-18 04:00:00+00:00,0.09759,0.09788,0.09608,0.09662,18443446.0
2025-09-18 08:00:00+00:00,0.09662,0.09782,0.0965,0.09706,18189166.0
2025-09-18 12:00:00+00:00,0.09707,0.09858,0.0967,0.09805,26260311.0
2025-09-18 16:00:00+00:00,0.09805,0.09947,0.09801,0.09867,21046045.0
2025-09-18 20:00:00+00:00,0.09868,0.09936,0.0979,0.09847,17686643.0
2025-09-19 00:00:00+00:00,0.09847,0.09985,0.09673,0.09687,29998978.0
2025-09-19 04:00:00+00:00,0.09687,0.09758,0.09582,0.09677,24850471.0
2025-09-19 08:00:00+00:00,0.09676,0.09725,0.09456,0.09478,22157371.0
2025-09-19 12:00:00+00:00,0.09477,0.09578,0.09332,0.094,29001315.0
2025-09-19 16:00:00+00:00,0.09399,0.09444,0.09258,0.09288,19352376.0
2025-09-19 20:00:00+00:00,0.09287,0.09355,0.09209,0.09278,19903408.0
2025-09-20 00:00:00+00:00,0.09276,0.09301,0.09185,0.09264,16591071.0
2025-09-20 04:00:00+00:00,0.09264,0.09405,0.09241,0.09405,13541814.0
2025-09-20 08:00:00+00:00,0.09404,0.09408,0.09241,0.09305,16235923.0
2025-09-20 12:00:00+00:00,0.09305,0.09491,0.09276,0.09432,24288958.0
2025-09-20 16:00:00+00:00,0.09431,0.09477,0.09339,0.09364,16311265.0
2025-09-20 20:00:00+00:00,0.09363,0.0945,0.09356,0.09408,10552728.0
2025-09-21 00:00:00+00:00,0.09407,0.09431,0.09321,0.09399,12289434.0
2025-09-21 04:00:00+00:00,0.09402,0.0947,0.09349,0.09393,13173941.0
2025-09-21 08:00:00+00:00,0.09394,0.09414,0.09212,0.09275,18667692.0
2025-09-21 12:00:00+00:00,0.09276,0.09372,0.09268,0.09299,12532993.0
2025-09-21 16:00:00+00:00,0.09298,0.09339,0.09209,0.09303,16222386.0
2025-09-21 20:00:00+00:00,0.09304,0.09313,0.09204,0.09208,13001422.0
2025-09-22 00:00:00+00:00,0.09207,0.09256,0.08812,0.08899,66496731.0
2025-09-22 04:00:00+00:00,0.08898,0.08934,0.07925,0.08456,111817739.0
2025-09-22 08:00:00+00:00,0.08456,0.08492,0.08354,0.08425,36844901.0
2025-09-22 12:00:00+00:00,0.08426,0.08511,0.08369,0.08394,40130494.0
2025-09-22 16:00:00+00:00,0.08395,0.08452,0.08289,0.08306,36456719.0
2025-09-22 20:00:00+00:00,0.08306,0.0852,0.08291,0.08508,17800922.0
2025-09-23 00:00:00+00:00,0.08508,0.08548,0.08284,0.08435,27139292.0
2025-09-23 04:00:00+00:00,0.08435,0.08492,0.08335,0.08428,32563943.0
2025-09-23 08:00:00+00:00,0.08429,0.08487,0.08398,0.08454,24988378.0
2025-09-23 12:00:00+00:00,0.08453,0.08507,0.08367,0.08458,28430096.0
2025-09-23 16:00:00+00:00,0.08459,0.08532,0.08325,0.08347,26831339.0
2025-09-23 20:00:00+00:00,0.08347,0.08435,0.08316,0.08346,16758861.0
2025-09-24 00:00:00+00:00,0.08347,0.08498,0.08278,0.0832,29417979.0
2025-09-24 04:00:00+00:00,0.0832,0.08504,0.08213,0.08439,32523892.0
2025-09-24 08:00:00+00:00,0.08439,0.08509,0.08405,0.08497,19978715.0
2025-09-24 12:00:00+00:00,0.08497,0.08565,0.0842,0.08457,22816199.0
2025-09-24 16:00:00+00:00,0.08458,0.08522,0.08421,0.08446,15182823.0
2025-09-24 20:00:00+00:00,0.08446,0.08461,0.08329,0.08368,19127302.0
2025-09-25 00:00:00+00:00,0.08368,0.08385,0.08201,0.08268,35028881.0
2025-09-25 04:00:00+00:00,0.08267,0.08298,0.08114,0.08145,34954598.0
2025-09-25 08:00:00+00:00,0.08146,0.08242,0.08103,0.08124,25764568.0
2025-09-25 12:00:00+00:00,0.08125,0.08302,0.07989,0.08192,53480648.0
2025-09-25 16:00:00+00:00,0.08192,0.08208,0.07821,0.08072,64221532.0
2025-09-25 20:00:00+00:00,0.08073,0.08088,0.07911,0.07977,25828533.0
2025-09-26 00:00:00+00:00,0.07978,0.08093,0.07928,0.08064,25653669.0
2025-09-26 04:00:00+00:00,0.08064,0.08075,0.07949,0.08022,20241843.0
2025-09-26 08:00:00+00:00,0.08022,0.08081,0.07897,0.07977,23723514.0
2025-09-26 12:00:00+00:00,0.07977,0.08111,0.07897,0.08062,49542010.0
2025-09-26 16:00:00+00:00,0.08062,0.08276,0.08055,0.08197,34331282.0
2025-09-26 20:00:00+00:00,0.08196,0.08255,0.08173,0.08235,12508290.0
2025-09-27 00:00:00+00:00,0.08235,0.0824,0.08154,0.0819,13462003.0
2025-09-27 04:00:00+00:00,0.08189,0.08257,0.08154,0.08166,11209963.0
2025-09-27 08:00:00+00:00,0.08165,0.08192,0.08069,0.08168,14763780.0
2025-09-27 12:00:00+00:00,0.08169,0.08209,0.0812,0.08196,15283607.0
2025-09-27 16:00:00+00:00,0.08197,0.08202,0.08038,0.0808,19195195.0
2025-09-27 20:00:00+00:00,0.0808,0.0815,0.08057,0.08088,9393661.0
2025-09-28 00:00:00+00:00,0.08089,0.08113,0.07969,0.08006,17088005.0
2025-09-28 04:00:00+00:00,0.08006,0.0802,0.07942,0.07971,15843866.0
2025-09-28 08:00:00+00:00,0.07971,0.07993,0.07908,0.07942,15726148.0
2025-09-28 12:00:00+00:00,0.07941,0.08031,0.07877,0.08017,17347318.0
2025-09-28 16:00:00+00:00,0.08019,0.0809,0.08019,0.08082,11515946.0
2025-09-28 20:00:00+00:00,0.08083,0.08292,0.08082,0.08261,16735616.0
2025-09-29 00:00:00+00:00,0.08261,0.08289,0.08153,0.08192,16483420.0
2025-09-29 04:00:00+00:00,0.08192,0.08193,0.08091,0.08152,11776397.0
2025-09-29 08:00:00+00:00,0.08152,0.08199,0.0804,0.08078,13579177.0
2025-09-29 12:00:00+00:00,0.08078,0.08335,0.07976,0.08187,42789751.0
2025-09-29 16:00:00+00:00,0.08188,0.08254,0.08079,0.08245,20144847.0
2025-09-29 20:00:00+00:00,0.08246,0.08325,0.08153,0.08157,19410183.0
2025-09-30 00:00:00+00:00,0.08156,0.08189,0.08026,0.08037,22452790.0
2025-09-30 04:00:00+00:00,0.08038,0.08099,0.07987,0.08018,19053465.0
2025-09-30 08:00:00+00:00,0.08018,0.08031,0.07932,0.08003,16738216.0
2025-09-30 12:00:00+00:00,0.08003,0.0802,0.07835,0.07906,25625077.0
2025-09-30 16:00:00+00:00,0.07906,0.08071,0.07828,0.08056,28524245.0
2025-09-30 20:00:00+00:00,0.08056,0.08115,0.07981,0.08041,16943350.0
2025-10-01 00:00:00+00:00,0.08041,0.08114,0.0798,0.07991,17447259.0
2025-10-01 04:00:00+00:00,0.07991,0.0812,0.07983,0.08082,19057038.0
2025-10-01 08:00:00+00:00,0.08081,0.08508,0.08075,0.08399,58933627.0
2025-10-01 12:00:00+00:00,0.08399,0.08429,0.08331,0.08392,24392821.0
2025-10-01 16:00:00+00:00,0.08392,0.08483,0.08345,0.08458,18013080.0
2025-10-01 20:00:00+00:00,0.0846,0.0849,0.08417,0.08486,13019199.0
2025-10-02 00:00:00+00:00,0.08487,0.08598,0.08452,0.0859,20396361.0
2025-10-02 04:00:00+00:00,0.0859,0.08685,0.08554,0.086,22895594.0
2025-10-02 08:00:00+00:00,0.086,0.08699,0.08593,0.08663,15843062.0
2025-10-02 12:00:00+00:00,0.08662,0.08709,0.08501,0.08653,35241802.0
2025-10-02 16:00:00+00:00,0.08653,0.08862,0.08652,0.08832,26295929.0
2025-10-02 20:00:00+00:00,0.08832,0.08899,0.08785,0.08849,16532421.0
2025-10-03 00:00:00+00:00,0.08849,0.08849,0.08699,0.08739,21734467.0
2025-10-03 04:00:00+00:00,0.08738,0.0882,0.08691,0.08724,17744447.0
2025-10-03 08:00:00+00:00,0.08724,0.08729,0.08619,0.0862,25671479.0
2025-10-03 12:00:00+00:00,0.0862,0.08821,0.08532,0.08812,42887094.0
2025-10-03 16:00:00+00:00,0.08813,0.08918,0.08577,0.08669,59924318.0
2025-10-03 20:00:00+00:00,0.08668,0.08672,0.08548,0.08564,27917565.0
2025-10-04 00:00:00+00:00,0.08564,0.08588,0.08401,0.08435,27826980.0
2025-10-04 04:00:00+00:00,0.08435,0.08476,0.08384,0.08414,23553374.0
2025-10-04 08:00:00+00:00,0.08413,0.08431,0.08243,0.08297,36298203.0
2025-10-04 12:00:00+00:00,0.08296,0.0841,0.08206,0.08251,29766111.0
2025-10-04 16:00:00+00:00,0.0825,0.08308,0.08191,0.08308,20614794.0
2025-10-04 20:00:00+00:00,0.08308,0.08408,0.08306,0.0837,17200073.0
2025-10-05 00:00:00+00:00,0.08371,0.08563,0.08292,0.085,30910264.0
2025-10-05 04:00:00+00:00,0.08498,0.08708,0.08495,0.08706,29501593.0
2025-10-05 08:00:00+00:00,0.08707,0.0874,0.08454,0.08537,34223227.0
2025-10-05 12:00:00+00:00,0.08536,0.08537,0.08395,0.08444,26605691.0
2025-10-05 16:00:00+00:00,0.08444,0.08461,0.0822,0.08231,28905337.0
2025-10-05 20:00:00+00:00,0.08232,0.08326,0.08211,0.08285,17339103.0
2025-10-06 00:00:00+00:00,0.08286,0.08376,0.08225,0.08338,26363817.0
2025-10-06 04:00:00+00:00,0.08337,0.08438,0.08276,0.08337,20700156.0
2025-10-06 08:00:00+00:00,0.08338,0.08466,0.08338,0.08421,18772727.0
2025-10-06 12:00:00+00:00,0.08422,0.08703,0.08421,0.08667,35481134.0
2025-10-06 16:00:00+00:00,0.08668,0.08717,0.08604,0.08652,30302080.0
2025-10-06 20:00:00+00:00,0.08652,0.08708,0.08564,0.0859,18439170.0
2025-10-07 00:00:00+00:00,0.08589,0.0867,0.08559,0.08581,16307683.0
2025-10-07 04:00:00+00:00,0.08581,0.08701,0.08426,0.08453,33800295.0
2025-10-07 08:00:00+00:00,0.08453,0.08533,0.08312,0.08526,32281676.0
2025-10-07 12:00:00+00:00,0.08526,0.08607,0.08171,0.08224,71942430.0
2025-10-07 16:00:00+00:00,0.08223,0.08349,0.08151,0.08225,34445224.0
2025-10-07 20:00:00+00:00,0.08225,0.08303,0.08167,0.08197,18465583.0
2025-10-08 00:00:00+00:00,0.08198,0.08276,0.08075,0.08129,21454721.0
2025-10-08 04:00:00+00:00,0.08129,0.08242,0.08095,0.08241,21683905.0
2025-10-08 08:00:00+00:00,0.08241,0.08292,0.08179,0.08191,21582896.0
2025-10-08 12:00:00+00:00,0.08191,0.08342,0.08175,0.0824,22019798.0
2025-10-08 16:00:00+00:00,0.08241,0.08453,0.08225,0.08383,24838343.0
2025-10-08 20:00:00+00:00,0.08383,0.08414,0.08281,0.08301,12045654.0
2025-10-09 00:00:00+00:00,0.083,0.08321,0.08056,0.08182,24437532.0
2025-10-09 04:00:00+00:00,0.08181,0.08238,0.08095,0.08111,16103951.0
2025-10-09 08:00:00+00:00,0.08111,0.0812,0.07976,0.08077,32159456.0
2025-10-09 12:00:00+00:00,0.08076,0.08167,0.07949,0.07988,35007450.0
2025-10-09 16:00:00+00:00,0.07987,0.08128,0.07922,0.08074,28025114.0
2025-10-09 20:00:00+00:00,0.08075,0.08188,0.08064,0.08114,15055459.0
2025-10-10 00:00:00+00:00,0.08114,0.0825,0.08045,0.08161,20973965.0
2025-10-10 04:00:00+00:00,0.08159,0.08211,0.08044,0.08049,20080683.0
2025-10-10 08:00:00+00:00,0.08051,0.0824,0.08018,0.08233,27175821.0
2025-10-10 12:00:00+00:00,0.08233,0.08333,0.0775,0.0785,84739254.0
2025-10-10 16:00:00+00:00,0.07851,0.0794,0.07628,0.07724,62276405.0
2025-10-10 20:00:00+00:00,0.07724,0.07753,0.02941,0.06053,559762052.0
2025-10-11 00:00:00+00:00,0.06053,0.06354,0.05921,0.06229,143192262.0
2025-10-11 04:00:00+00:00,0.06227,0.06456,0.06213,0.06413,65503217.0
2025-10-11 08:00:00+00:00,0.06414,0.06717,0.06383,0.06669,82248089.0
2025-10-11 12:00:00+00:00,0.06668,0.06692,0.06439,0.06623,70405533.0
2025-10-11 16:00:00+00:00,0.06624,0.06663,0.06231,0.06289,53805242.0
2025-10-11 20:00:00+00:00,0.06289,0.06311,0.06084,0.06251,54826888.0
2025-10-12 00:00:00+00:00,0.06251,0.06326,0.06105,0.06244,36447689.0
2025-10-12 04:00:00+00:00,0.06244,0.06468,0.06229,0.06414,22693647.0
2025-10-12 08:00:00+00:00,0.06414,0.06465,0.06306,0.06417,31250278.0
2025-10-12 12:00:00+00:00,0.06417,0.0681,0.06338,0.06781,77709262.0
2025-10-12 16:00:00+00:00,0.06783,0.0696,0.06754,0.06953,61093175.0
2025-10-12 20:00:00+00:00,0.06953,0.07008,0.0682,0.06901,34263071.0
2025-10-13 00:00:00+00:00,0.06901,0.06946,0.06776,0.06854,29984560.0
2025-10-13 04:00:00+00:00,0.06855,0.07016,0.06786,0.06916,30941289.0
2025-10-13 08:00:00+00:00,0.06916,0.071,0.06745,0.06902,51690975.0
2025-10-13 12:00:00+00:00,0.06904,0.07164,0.06846,0.07077,80190001.0
2025-10-13 16:00:00+00:00,0.07077,0.07365,0.07015,0.07344,55721642.0
2025-10-13 20:00:00+00:00,0.07344,0.07469,0.07301,0.07346,33464428.0
2025-10-14 00:00:00+00:00,0.07347,0.07368,0.07065,0.07086,26098251.0
2025-10-14 04:00:00+00:00,0.07086,0.07112,0.06579,0.06668,82341604.0
2025-10-14 08:00:00+00:00,0.06667,0.06774,0.06508,0.0672,65619531.0
2025-10-14 12:00:00+00:00,0.06719,0.06975,0.06554,0.06972,65547800.0
2025-10-14 16:00:00+00:00,0.06972,0.07072,0.0684,0.06943,64915055.0
2025-10-14 20:00:00+00:00,0.06943,0.07046,0.06899,0.07001,22813067.0
2025-10-15 00:00:00+00:00,0.07,0.07039,0.06853,0.06899,25839966.0
2025-10-15 04:00:00+00:00,0.06899,0.07048,0.06856,0.07017,25978850.0
2025-10-15 08:00:00+00:00,0.07016,0.07111,0.06834,0.06847,44944510.0
2025-10-15 12:00:00+00:00,0.06847,0.06868,0.06603,0.06653,51965479.0
2025-10-15 16:00:00+00:00,0.06654,0.06699,0.06555,0.06584,27937982.0
2025-10-15 20:00:00+00:00,0.06587,0.06652,0.06485,0.06626,32389633.0
2025-10-16 00:00:00+00:00,0.06626,0.06718,0.06599,0.06636,23062139.0
2025-10-16 04:00:00+00:00,0.06637,0.06717,0.06578,0.06629,22902118.0
2025-10-16 08:00:00+00:00,0.0663,0.06782,0.06375,0.06732,56705712.0
2025-10-16 12:00:00+00:00,0.06733,0.06784,0.06396,0.06436,49604771.0
2025-10-16 16:00:00+00:00,0.06434,0.06619,0.06338,0.06403,59683128.0
2025-10-16 20:00:00+00:00,0.06402,0.06441,0.06296,0.06383,28084737.0
2025-10-17 00:00:00+00:00,0.06384,0.06512,0.06359,0.0651,24463234.0
2025-10-17 04:00:00+00:00,0.06509,0.06509,0.06035,0.06065,75550193.0
2025-10-17 08:00:00+00:00,0.06066,0.06304,0.05934,0.06252,82504606.0
2025-10-17 12:00:00+00:00,0.06251,0.06296,0.06094,0.06275,52047344.0
2025-10-17 16:00:00+00:00,0.06277,0.06359,0.06181,0.0623,39013343.0
2025-10-17 20:00:00+00:00,0.06231,0.06335,0.06171,0.06192,23748275.0
2025-10-18 00:00:00+00:00,0.06193,0.06324,0.0618,0.06291,16221045.0
2025-10-18 04:00:00+00:00,0.06292,0.06385,0.06227,0.06265,19036492.0
2025-10-18 08:00:00+00:00,0.06265,0.063,0.06224,0.06284,16436881.0
2025-10-18 12:00:00+00:00,0.06284,0.06306,0.0617,0.06197,23289453.0
2025-10-18 16:00:00+00:00,0.06198,0.0629,0.06138,0.0627,18643106.0
2025-10-18 20:00:00+00:00,0.0627,0.06297,0.06214,0.06246,10371285.0
2025-10-19 00:00:00+00:00,0.06245,0.06299,0.062,0.06287,12706539.0
2025-10-19 04:00:00+00:00,0.06288,0.06293,0.06175,0.06206,10120698.0
2025-10-19 08:00:00+00:00,0.06206,0.06416,0.06161,0.06362,52168491.0
2025-10-19 12:00:00+00:00,0.06362,0.06495,0.06317,0.06474,25590336.0
2025-10-19 16:00:00+00:00,0.06475,0.06516,0.06424,0.06443,22138861.0
2025-10-19 20:00:00+00:00,0.06442,0.06472,0.06386,0.06398,13938570.0
2025-10-20 00:00:00+00:00,0.06397,0.06592,0.06266,0.06572,33593174.0
2025-10-20 04:00:00+00:00,0.06574,0.06724,0.06542,0.06683,34186842.0
2025-10-20 08:00:00+00:00,0.06683,0.06708,0.066,0.06647,21994190.0
2025-10-20 12:00:00+00:00,0.06648,0.06709,0.06612,0.06612,21618851.0
2025-10-20 16:00:00+00:00,0.0661,0.0661,0.06486,0.06588,35348571.0
2025-10-20 20:00:00+00:00,0.06588,0.06676,0.06559,0.06565,15445107.0
2025-10-21 00:00:00+00:00,0.06565,0.06573,0.06393,0.06412,19008290.0
2025-10-21 04:00:00+00:00,0.06412,0.06412,0.06269,0.06393,39393217.0
2025-10-21 08:00:00+00:00,0.06393,0.06453,0.06299,0.06432,20483882.0
2025-10-21 12:00:00+00:00,0.06433,0.06837,0.0641,0.06785,69926928.0
2025-10-21 16:00:00+00:00,0.06785,0.06844,0.0661,0.06636,59106529.0
2025-10-21 20:00:00+00:00,0.06637,0.06648,0.06308,0.06334,35454114.0
2025-10-22 00:00:00+00:00,0.06334,0.06376,0.06276,0.06348,31883960.0
2025-10-22 04:00:00+00:00,0.06348,0.06393,0.06233,0.06289,39313390.0
2025-10-22 08:00:00+00:00,0.06287,0.06287,0.06089,0.0622,51053780.0
2025-10-22 12:00:00+00:00,0.06219,0.06349,0.06185,0.06264,47768404.0
2025-10-22 16:00:00+00:00,0.06264,0.06279,0.06121,0.06185,32328750.0
2025-10-22 20:00:00+00:00,0.06185,0.06201,0.05967,0.06162,61219873.0
2025-10-23 00:00:00+00:00,0.06163,0.06185,0.06116,0.06158,26597794.0
2025-10-23 04:00:00+00:00,0.0616,0.06272,0.06144,0.06222,17780990.0
2025-10-23 08:00:00+00:00,0.06223,0.06265,0.06161,0.06178,15973083.0
2025-10-23 12:00:00+00:00,0.06178,0.0632,0.06117,0.06287,28756260.0
2025-10-23 16:00:00+00:00,0.0629,0.06441,0.06282,0.06364,32751013.0
2025-10-23 20:00:00+00:00,0.06366,0.06376,0.06278,0.06346,16824746.0
2025-10-24 00:00:00+00:00,0.06347,0.06409,0.06331,0.06372,18358945.0
2025-10-24 04:00:00+00:00,0.06372,0.06522,0.06359,0.06496,25475226.0
2025-10-24 08:00:00+00:00,0.06496,0.06551,0.06375,0.06435,30527235.0
2025-10-24 12:00:00+00:00,0.06436,0.06607,0.06333,0.06358,44229648.0
2025-10-24 16:00:00+00:00,0.06357,0.0647,0.06308,0.06445,19493279.0
2025-10-24 20:00:00+00:00,0.06445,0.06523,0.06436,0.06493,16893163.0
2025-10-25 00:00:00+00:00,0.06493,0.06496,0.06389,0.06394,11372276.0
2025-10-25 04:00:00+00:00,0.06393,0.06416,0.06345,0.06366,13323777.0
2025-10-25 08:00:00+00:00,0.06366,0.06405,0.06327,0.06365,10992553.0
2025-10-25 12:00:00+00:00,0.06365,0.06482,0.06365,0.06457,19099742.0
2025-10-25 16:00:00+00:00,0.06457,0.06528,0.06432,0.06514,9579352.0
2025-10-25 20:00:00+00:00,0.06515,0.06552,0.06454,0.06472,12061160.0
2025-10-26 00:00:00+00:00,0.0647,0.06478,0.06388,0.06408,16195788.0
2025-10-26 04:00:00+00:00,0.06409,0.06512,0.064,0.0651,10706541.0
2025-10-26 08:00:00+00:00,0.0651,0.06626,0.06494,0.06617,20446018.0
2025-10-26 12:00:00+00:00,0.06618,0.06661,0.06571,0.06609,16485229.0
2025-10-26 16:00:00+00:00,0.06609,0.06609,0.06549,0.0656,14231476.0
2025-10-26 20:00:00+00:00,0.0656,0.06755,0.06522,0.06645,27924337.0
2025-10-27 00:00:00+00:00,0.06645,0.06741,0.06626,0.06687,16106035.0
2025-10-27 04:00:00+00:00,0.06688,0.06751,0.06595,0.06663,20090001.0
2025-10-27 08:00:00+00:00,0.06661,0.06701,0.06509,0.06563,26390585.0
2025-10-27 12:00:00+00:00,0.06563,0.06568,0.06431,0.06521,22505021.0
2025-10-27 16:00:00+00:00,0.06522,0.06704,0.06522,0.06554,31583010.0
2025-10-27 20:00:00+00:00,0.06556,0.06557,0.06434,0.065,19183536.0
2025-10-28 00:00:00+00:00,0.06499,0.06558,0.06426,0.06456,29794488.0
2025-10-28 04:00:00+00:00,0.06456,0.06564,0.06401,0.06482,28031448.0
2025-10-28 08:00:00+00:00,0.06481,0.06514,0.06428,0.06434,20872224.0
2025-10-28 12:00:00+00:00,0.06432,0.06558,0.0634,0.06443,44765507.0
2025-10-28 16:00:00+00:00,0.06445,0.06495,0.06289,0.06324,34641023.0
2025-10-28 20:00:00+00:00,0.06322,0.06325,0.0614,0.06225,36985779.0
2025-10-29 00:00:00+00:00,0.06225,0.06289,0.0621,0.06254,19640312.0
2025-10-29 04:00:00+00:00,0.06253,0.06377,0.06252,0.06361,13780611.0
2025-10-29 08:00:00+00:00,0.0636,0.06449,0.06315,0.06427,20979864.0
2025-10-29 12:00:00+00:00,0.06429,0.06544,0.06319,0.0636,31959710.0
2025-10-29 16:00:00+00:00,0.0636,0.06598,0.06235,0.06517,78337672.0
2025-10-29 20:00:00+00:00,0.06519,0.06613,0.06319,0.0635,30320466.0
2025-10-30 00:00:00+00:00,0.0635,0.06422,0.06305,0.06374,29983751.0
2025-10-30 04:00:00+00:00,0.06373,0.06395,0.06119,0.06377,56911796.0
2025-10-30 08:00:00+00:00,0.06378,0.06384,0.06207,0.0621,29511983.0
2025-10-30 12:00:00+00:00,0.06211,0.06228,0.06001,0.06036,66028603.0
2025-10-30 16:00:00+00:00,0.06036,0.06086,0.05902,0.05916,94960627.0
2025-10-30 20:00:00+00:00,0.05915,0.06089,0.05844,0.06084,41456600.0
2025-10-31 00:00:00+00:00,0.06085,0.06149,0.06054,0.06148,25185234.0
2025-10-31 04:00:00+00:00,0.06147,0.06209,0.06104,0.06132,18170880.0
2025-10-31 08:00:00+00:00,0.06133,0.06221,0.06101,0.06216,13599816.0
2025-10-31 12:00:00+00:00,0.06215,0.06287,0.06164,0.06227,39222889.0
2025-10-31 16:00:00+00:00,0.06226,0.06238,0.0602,0.06215,36196352.0
2025-10-31 20:00:00+00:00,0.06214,0.06221,0.06115,0.06132,14845981.0
2025-11-01 00:00:00+00:00,0.06133,0.06185,0.06075,0.06175,19442687.0
2025-11-01 04:00:00+00:00,0.06175,0.0626,0.06101,0.06243,19586936.0
2025-11-01 08:00:00+00:00,0.06242,0.06383,0.06229,0.0638,45703666.0
2025-11-01 12:00:00+00:00,0.06381,0.06443,0.06307,0.0641,38890327.0
2025-11-01 16:00:00+00:00,0.06411,0.06456,0.0638,0.06406,19005567.0
2025-11-01 20:00:00+00:00,0.06407,0.06465,0.06364,0.06409,18990819.0
2025-11-02 00:00:00+00:00,0.0641,0.06427,0.06347,0.06356,14529600.0
2025-11-02 04:00:00+00:00,0.06356,0.06529,0.06343,0.06507,22161019.0
2025-11-02 08:00:00+00:00,0.06506,0.06525,0.06375,0.06499,25446426.0
2025-11-02 12:00:00+00:00,0.065,0.06506,0.0625,0.06302,24929566.0
2025-11-02 16:00:00+00:00,0.06301,0.06375,0.06223,0.06307,22524716.0
2025-11-02 20:00:00+00:00,0.06307,0.06534,0.06292,0.06514,19597901.0
2025-11-03 00:00:00+00:00,0.06514,0.06523,0.06033,0.06047,37800380.0
2025-11-03 04:00:00+00:00,0.06047,0.06106,0.05907,0.05982,50945236.0
2025-11-03 08:00:00+00:00,0.05981,0.06054,0.05851,0.05952,34930869.0
2025-11-03 12:00:00+00:00,0.05952,0.06033,0.05385,0.05673,107762445.0
2025-11-03 16:00:00+00:00,0.05674,0.05855,0.05597,0.05645,62903199.0
2025-11-03 20:00:00+00:00,0.05646,0.05669,0.055,0.05663,43359017.0
2025-11-04 00:00:00+00:00,0.05664,0.05749,0.05604,0.05715,24324386.0
2025-11-04 04:00:00+00:00,0.05715,0.05754,0.05441,0.05476,69587103.0
2025-11-04 08:00:00+00:00,0.05475,0.05663,0.05448,0.05627,48501033.0
2025-11-04 12:00:00+00:00,0.05626,0.05745,0.05517,0.05613,48967029.0
2025-11-04 16:00:00+00:00,0.05614,0.05649,0.05293,0.05382,80553676.0
2025-11-04 20:00:00+00:00,0.05383,0.05528,0.05145,0.05466,117946781.0
2025-11-05 00:00:00+00:00,0.05466,0.05577,0.05201,0.05542,62591666.0
2025-11-05 04:00:00+00:00,0.05542,0.0558,0.055,0.0556,26349205.0
2025-11-05 08:00:00+00:00,0.0556,0.05586,0.05446,0.05569,27568191.0
2025-11-05 12:00:00+00:00,0.05567,0.05654,0.05538,0.05644,28444194.0
2025-11-05 16:00:00+00:00,0.05645,0.05723,0.05593,0.05651,23558208.0
2025-11-05 20:00:00+00:00,0.0565,0.05695,0.05587,0.05623,26078890.0
2025-11-06 00:00:00+00:00,0.05622,0.05624,0.05504,0.05601,19822695.0
2025-11-06 04:00:00+00:00,0.05601,0.0561,0.05479,0.0549,28129710.0
2025-11-06 08:00:00+00:00,0.0549,0.05529,0.05449,0.05521,21372909.0
2025-11-06 12:00:00+00:00,0.05521,0.05616,0.05432,0.05463,35906671.0
2025-11-06 16:00:00+00:00,0.05464,0.05572,0.05346,0.05536,49717885.0
2025-11-06 20:00:00+00:00,0.05537,0.05633,0.05486,0.05633,31622229.0
2025-11-07 00:00:00+00:00,0.05632,0.05813,0.05624,0.05786,51182628.0
2025-11-07 04:00:00+00:00,0.05786,0.05978,0.05747,0.05954,55670019.0
2025-11-07 08:00:00+00:00,0.05953,0.06059,0.05817,0.05897,70622453.0
2025-11-07 12:00:00+00:00,0.05897,0.0628,0.0571,0.0627,105993238.0
2025-11-07 16:00:00+00:00,0.06269,0.07452,0.0625,0.07384,283630925.0
2025-11-07 20:00:00+00:00,0.07383,0.0759,0.06953,0.06989,248916639.0
2025-11-08 00:00:00+00:00,0.0699,0.07197,0.06767,0.06775,88097289.0
2025-11-08 04:00:00+00:00,0.06775,0.06898,0.06606,0.06723,58288620.0
2025-11-08 08:00:00+00:00,0.06722,0.06898,0.06645,0.06841,53788737.0
2025-11-08 12:00:00+00:00,0.06841,0.06861,0.06491,0.06527,66818765.0
2025-11-08 16:00:00+00:00,0.06527,0.06637,0.06464,0.06589,29613311.0
2025-11-08 20:00:00+00:00,0.06589,0.06664,0.06563,0.06645,21409044.0
2025-11-09 00:00:00+00:00,0.06644,0.06668,0.06348,0.06406,33384582.0
2025-11-09 04:00:00+00:00,0.06406,0.06482,0.06365,0.06479,19604742.0
2025-11-09 08:00:00+00:00,0.06478,0.06518,0.06295,0.06485,37377773.0
2025-11-09 12:00:00+00:00,0.06484,0.06624,0.06412,0.06582,49465867.0
2025-11-09 16:00:00+00:00,0.06583,0.0668,0.06476,0.0668,30507269.0
2025-11-09 20:00:00+00:00,0.06681,0.06725,0.06541,0.06643,25368385.0
2025-11-10 00:00:00+00:00,0.06644,0.06956,0.06577,0.06933,49966701.0
2025-11-10 04:00:00+00:00,0.06933,0.0704,0.06824,0.07034,40312226.0
2025-11-10 08:00:00+00:00,0.07034,0.07059,0.0687,0.06965,51817392.0
2025-11-10 12:00:00+00:00,0.06966,0.06991,0.06688,0.06761,56173789.0
2025-11-10 16:00:00+00:00,0.0676,0.06874,0.06663,0.06797,30313897.0
2025-11-10 20:00:00+00:00,0.06796,0.06994,0.06704,0.06886,37057355.0
2025-11-11 00:00:00+00:00,0.06886,0.07004,0.06753,0.06885,35148494.0
2025-11-11 04:00:00+00:00,0.06884,0.06909,0.06545,0.06559,30603568.0
2025-11-11 08:00:00+00:00,0.06558,0.06671,0.06555,0.06651,22379117.0
2025-11-11 12:00:00+00:00,0.06651,0.06706,0.06554,0.06614,27036045.0
2025-11-11 16:00:00+00:00,0.06613,0.06671,0.06459,0.06471,26414360.0
2025-11-11 20:00:00+00:00,0.06472,0.0649,0.06324,0.06346,26447835.0
2025-11-12 00:00:00+00:00,0.06346,0.06497,0.06301,0.06482,23433632.0
2025-11-12 04:00:00+00:00,0.06483,0.06573,0.06441,0.06491,14825289.0
2025-11-12 08:00:00+00:00,0.06492,0.06722,0.06492,0.0668,21226080.0
2025-11-12 12:00:00+00:00,0.0668,0.06722,0.06349,0.06378,45469150.0
2025-11-12 16:00:00+00:00,0.06379,0.06397,0.06206,0.06276,50958269.0
2025-11-12 20:00:00+00:00,0.06277,0.06388,0.06251,0.06291,22028185.0
2025-11-13 00:00:00+00:00,0.0629,0.06416,0.06212,0.06361,26155215.0
2025-11-13 04:00:00+00:00,0.06361,0.0648,0.06314,0.06372,22558108.0
2025-11-13 08:00:00+00:00,0.06373,0.06426,0.06283,0.06312,26344937.0
2025-11-13 12:00:00+00:00,0.06313,0.0645,0.06233,0.06301,44308706.0
2025-11-13 16:00:00+00:00,0.06299,0.06317,0.05921,0.05945,69936359.0
2025-11-13 20:00:00+00:00,0.05944,0.06097,0.05887,0.06038,39979645.0
2025-11-14 00:00:00+00:00,0.06039,0.06111,0.05924,0.05956,32463132.0
2025-11-14 04:00:00+00:00,0.05956,0.06017,0.05739,0.0595,56313944.0
2025-11-14 08:00:00+00:00,0.05949,0.05964,0.0579,0.05838,31050562.0
2025-11-14 12:00:00+00:00,0.05838,0.05945,0.05726,0.05891,65512306.0
2025-11-14 16:00:00+00:00,0.05892,0.05956,0.05839,0.0592,33671959.0
2025-11-14 20:00:00+00:00,0.0592,0.05933,0.05584,0.05643,42820181.0
2025-11-15 00:00:00+00:00,0.05642,0.05808,0.05619,0.05794,33637083.0
2025-11-15 04:00:00+00:00,0.05794,0.05911,0.05784,0.05817,26682989.0
2025-11-15 08:00:00+00:00,0.05818,0.05821,0.05667,0.05696,22855738.0
2025-11-15 12:00:00+00:00,0.05695,0.05808,0.0568,0.05738,20123031.0
2025-11-15 16:00:00+00:00,0.05738,0.05808,0.05687,0.05738,18300362.0
2025-11-15 20:00:00+00:00,0.05738,0.05742,0.05656,0.05694,11688287.0
2025-11-16 00:00:00+00:00,0.05695,0.05787,0.05609,0.05761,20498148.0
2025-11-16 04:00:00+00:00,0.0576,0.05787,0.05702,0.05762,10365179.0
2025-11-16 08:00:00+00:00,0.05762,0.05792,0.05629,0.05642,18126643.0
2025-11-16 12:00:00+00:00,0.05642,0.05683,0.05515,0.05525,31231426.0
2025-11-16 16:00:00+00:00,0.05525,0.05593,0.05416,0.05529,47463820.0
2025-11-16 20:00:00+00:00,0.05529,0.05628,0.05476,0.05593,27003977.0
2025-11-17 00:00:00+00:00,0.05592,0.05709,0.05526,0.05679,26507554.0
2025-11-17 04:00:00+00:00,0.0568,0.05765,0.05658,0.05745,21096597.0
2025-11-17 08:00:00+00:00,0.05746,0.0579,0.057,0.05735,20889196.0
2025-11-17 12:00:00+00:00,0.05735,0.05832,0.05533,0.05614,60308195.0
2025-11-17 16:00:00+00:00,0.05613,0.05699,0.05422,0.0545,51809378.0
2025-11-17 20:00:00+00:00,0.05449,0.05521,0.05399,0.05515,34177641.0
2025-11-18 00:00:00+00:00,0.05515,0.05595,0.0543,0.05567,37919933.0
2025-11-18 04:00:00+00:00,0.05568,0.05632,0.05487,0.05565,26004957.0
2025-11-18 08:00:00+00:00,0.05565,0.05623,0.05519,0.05526,27631002.0
2025-11-18 12:00:00+00:00,0.05527,0.0569,0.05487,0.05652,45860885.0
2025-11-18 16:00:00+00:00,0.05652,0.05756,0.05632,0.05711,26779316.0
2025-11-18 20:00:00+00:00,0.05711,0.05721,0.05598,0.05608,15767328.0
2025-11-19 00:00:00+00:00,0.05608,0.05639,0.05502,0.05512,20215840.0
2025-11-19 04:00:00+00:00,0.05511,0.0553,0.05382,0.05512,27450903.0
2025-11-19 08:00:00+00:00,0.05512,0.05539,0.05471,0.05495,19651510.0
2025-11-19 12:00:00+00:00,0.05494,0.05582,0.05392,0.054,46278833.0
2025-11-19 16:00:00+00:00,0.054,0.05434,0.05188,0.05243,46636797.0
2025-11-19 20:00:00+00:00,0.05243,0.05502,0.05221,0.05468,42523519.0
2025-11-20 00:00:00+00:00,0.05468,0.05526,0.05444,0.05482,13665216.0
2025-11-20 04:00:00+00:00,0.05482,0.05555,0.05468,0.05554,13429696.0
2025-11-20 08:00:00+00:00,0.05554,0.05689,0.05534,0.05678,48008789.0
2025-11-20 12:00:00+00:00,0.05678,0.05872,0.05675,0.05722,60141649.0
2025-11-20 16:00:00+00:00,0.05721,0.05733,0.05253,0.0536,91195508.0
2025-11-20 20:00:00+00:00,0.0536,0.05469,0.05276,0.05313,33620074.0
2025-11-21 00:00:00+00:00,0.05313,0.05422,0.05217,0.05276,39703121.0
2025-11-21 04:00:00+00:00,0.05276,0.053,0.04732,0.05023,82126915.0
2025-11-21 08:00:00+00:00,0.05023,0.05096,0.04846,0.04862,72215569.0
2025-11-21 12:00:00+00:00,0.04863,0.05113,0.04764,0.04967,92530318.0
2025-11-21 16:00:00+00:00,0.04967,0.05151,0.04906,0.0498,58861633.0
2025-11-21 20:00:00+00:00,0.0498,0.04996,0.048,0.04917,42185864.0
2025-11-22 00:00:00+00:00,0.04917,0.04939,0.04822,0.04847,23662203.0
2025-11-22 04:00:00+00:00,0.04847,0.04847,0.04739,0.04815,44396137.0
2025-11-22 08:00:00+00:00,0.04816,0.04861,0.04721,0.04812,39299152.0
2025-11-22 12:00:00+00:00,0.04813,0.04855,0.04738,0.04808,26134319.0
2025-11-22 16:00:00+00:00,0.04809,0.04879,0.04802,0.04833,22181099.0
2025-11-22 20:00:00+00:00,0.04834,0.04927,0.048,0.04869,20924564.0
2025-11-23 00:00:00+00:00,0.04867,0.04999,0.04842,0.04961,23077479.0
2025-11-23 04:00:00+00:00,0.04962,0.05044,0.04942,0.05001,19090138.0
2025-11-23 08:00:00+00:00,0.05002,0.05009,0.04943,0.04985,11710295.0
2025-11-23 12:00:00+00:00,0.04984,0.0504,0.04972,0.05015,25047268.0
2025-11-23 16:00:00+00:00,0.05015,0.05029,0.04957,0.04999,23428277.0
2025-11-23 20:00:00+00:00,0.05,0.05007,0.04907,0.04917,17714816.0
2025-11-24 00:00:00+00:00,0.04916,0.05048,0.04872,0.05005,26330693.0
2025-11-24 04:00:00+00:00,0.05005,0.05082,0.04927,0.05015,36418646.0
2025-11-24 08:00:00+00:00,0.05015,0.05017,0.04886,0.04945,27971448.0
2025-11-24 12:00:00+00:00,0.04944,0.05028,0.04882,0.05,36883807.0
2025-11-24 16:00:00+00:00,0.05001,0.05205,0.05001,0.05162,42952725.0
2025-11-24 20:00:00+00:00,0.05163,0.05226,0.05115,0.05122,25374129.0
2025-11-25 00:00:00+00:00,0.05121,0.05148,0.05048,0.05075,20070343.0
2025-11-25 04:00:00+00:00,0.05075,0.05106,0.05032,0.05039,14647842.0
2025-11-25 08:00:00+00:00,0.05039,0.05067,0.04996,0.05045,17507708.0
2025-11-25 12:00:00+00:00,0.05047,0.05098,0.04966,0.05055,33727782.0
2025-11-25 16:00:00+00:00,0.05054,0.05195,0.05047,0.0512,36701427.0
2025-11-25 20:00:00+00:00,0.05122,0.05241,0.05093,0.05207,26460427.0
2025-11-26 00:00:00+00:00,0.05207,0.05231,0.05073,0.05079,21382092.0
2025-11-26 04:00:00+00:00,0.0508,0.05128,0.05046,0.05128,23202664.0
2025-11-26 08:00:00+00:00,0.05128,0.05129,0.05009,0.05019,22001504.0
2025-11-26 12:00:00+00:00,0.05018,0.05062,0.04977,0.05009,24771197.0
2025-11-26 16:00:00+00:00,0.05009,0.05234,0.05008,0.05174,35121834.0
2025-11-26 20:00:00+00:00,0.05174,0.05198,0.05142,0.05189,11891609.0
2025-11-27 00:00:00+00:00,0.05189,0.05234,0.0516,0.0518,22153659.0
2025-11-27 04:00:00+00:00,0.0518,0.05213,0.05144,0.05171,12186312.0
2025-11-27 08:00:00+00:00,0.05171,0.0521,0.05144,0.05146,12877006.0
2025-11-27 12:00:00+00:00,0.05147,0.05199,0.05121,0.05197,20997338.0
2025-11-27 16:00:00+00:00,0.05198,0.05286,0.05192,0.05267,35434004.0
2025-11-27 20:00:00+00:00,0.05268,0.05297,0.05188,0.05199,18840158.0
2025-11-28 00:00:00+00:00,0.05199,0.05229,0.05125,0.05163,17082558.0
2025-11-28 04:00:00+00:00,0.05163,0.05185,0.0513,0.0517,13452615.0
2025-11-28 08:00:00+00:00,0.05169,0.05276,0.05156,0.05182,20435174.0
2025-11-28 12:00:00+00:00,0.05181,0.05274,0.05156,0.05234,24799380.0
2025-11-28 16:00:00+00:00,0.05233,0.05234,0.0504,0.05106,40384472.0
2025-11-28 20:00:00+00:00,0.05105,0.05123,0.05066,0.05105,12857632.0
2025-11-29 00:00:00+00:00,0.05105,0.05139,0.05088,0.05108,9508860.0
2025-11-29 04:00:00+00:00,0.05107,0.05132,0.0506,0.05072,14333180.0
2025-11-29 08:00:00+00:00,0.05071,0.0511,0.0504,0.05107,8606644.0
2025-11-29 12:00:00+00:00,0.05108,0.05117,0.05056,0.05095,10720063.0
2025-11-29 16:00:00+00:00,0.05096,0.05096,0.05009,0.05011,17875717.0
2025-11-29 20:00:00+00:00,0.05011,0.05044,0.04985,0.0503,11184889.0
2025-11-30 00:00:00+00:00,0.05031,0.05063,0.04987,0.0504,14095332.0
2025-11-30 04:00:00+00:00,0.05041,0.05042,0.04991,0.05034,9264728.0
2025-11-30 08:00:00+00:00,0.05033,0.05067,0.04981,0.0499,16162678.0
2025-11-30 12:00:00+00:00,0.0499,0.05071,0.04971,0.04997,17349158.0
2025-11-30 16:00:00+00:00,0.04998,0.05039,0.04993,0.05018,13711387.0
2025-11-30 20:00:00+00:00,0.05019,0.05042,0.04918,0.04928,15576339.0
2025-12-01 00:00:00+00:00,0.04929,0.04943,0.04582,0.04595,87372499.0
2025-12-01 04:00:00+00:00,0.04595,0.04643,0.04545,0.04635,36683592.0
2025-12-01 08:00:00+00:00,0.04635,0.04668,0.04619,0.04639,27975923.0
2025-12-01 12:00:00+00:00,0.04639,0.04664,0.0449,0.04559,58486363.0
2025-12-01 16:00:00+00:00,0.04559,0.04576,0.04512,0.04522,42055435.0
2025-12-01 20:00:00+00:00,0.04522,0.04644,0.04522,0.04624,33490378.0
2025-12-02 00:00:00+00:00,0.04624,0.04672,0.04575,0.04629,21870659.0
2025-12-02 04:00:00+00:00,0.04629,0.04666,0.04621,0.04659,13969933.0
2025-12-02 08:00:00+00:00,0.04659,0.04792,0.04609,0.04778,32057269.0
2025-12-02 12:00:00+00:00,0.04779,0.05058,0.04744,0.05053,39483811.0
2025-12-02 16:00:00+00:00,0.05054,0.05079,0.04951,0.04953,39169334.0
2025-12-02 20:00:00+00:00,0.04953,0.04963,0.0489,0.04915,17040743.0
2025-12-03 00:00:00+00:00,0.04915,0.04978,0.04889,0.04952,23633701.0
2025-12-03 04:00:00+00:00,0.04951,0.05023,0.04946,0.04968,18526063.0
2025-12-03 08:00:00+00:00,0.04969,0.05002,0.04942,0.04993,17985741.0
2025-12-03 12:00:00+00:00,0.04993,0.05023,0.04863,0.04951,42689928.0
2025-12-03 16:00:00+00:00,0.0495,0.05019,0.04925,0.0498,19472925.0
2025-12-03 20:00:00+00:00,0.0498,0.05046,0.04956,0.04979,25791361.0
2025-12-04 00:00:00+00:00,0.0498,0.05019,0.04934,0.04948,19527376.0
2025-12-04 04:00:00+00:00,0.04948,0.04957,0.04903,0.04932,13995158.0
2025-12-04 08:00:00+00:00,0.04932,0.04934,0.04887,0.04907,24348098.0
2025-12-04 12:00:00+00:00,0.04907,0.04934,0.04827,0.04919,23110993.0
2025-12-04 16:00:00+00:00,0.04918,0.04942,0.04709,0.04795,28400676.0
2025-12-04 20:00:00+00:00,0.04795,0.04824,0.04771,0.04783,13785888.0
2025-12-05 00:00:00+00:00,0.04783,0.04839,0.04776,0.04793,15626614.0
2025-12-05 04:00:00+00:00,0.04792,0.04834,0.04746,0.04815,17544458.0
2025-12-05 08:00:00+00:00,0.04815,0.0482,0.04694,0.04718,19759275.0
2025-12-05 12:00:00+00:00,0.04718,0.04739,0.04577,0.0461,59127798.0
2025-12-05 16:00:00+00:00,0.04609,0.04612,0.04456,0.04513,52285274.0
2025-12-05 20:00:00+00:00,0.04513,0.04553,0.045,0.04546,21554818.0
2025-12-06 00:00:00+00:00,0.04546,0.0456,0.04523,0.04539,12391208.0
2025-12-06 04:00:00+00:00,0.0454,0.04552,0.04505,0.04542,10016139.0
2025-12-06 08:00:00+00:00,0.04542,0.04556,0.04518,0.04553,10441866.0
2025-12-06 12:00:00+00:00,0.04554,0.04624,0.04541,0.04602,19099427.0
2025-12-06 16:00:00+00:00,0.04602,0.04684,0.04601,0.04634,20048061.0
2025-12-06 20:00:00+00:00,0.04635,0.04695,0.04622,0.04649,24131068.0
2025-12-07 00:00:00+00:00,0.04648,0.04684,0.04642,0.04674,9312665.0
2025-12-07 04:00:00+00:00,0.04674,0.04677,0.04626,0.04639,7941799.0
2025-12-07 08:00:00+00:00,0.04639,0.04648,0.04564,0.0457,20578887.0
2025-12-07 12:00:00+00:00,0.0457,0.04594,0.04426,0.04564,41995067.0
2025-12-07 16:00:00+00:00,0.04563,0.04652,0.04499,0.04646,36616326.0
2025-12-07 20:00:00+00:00,0.04646,0.04667,0.04442,0.04506,30159399.0
2025-12-08 00:00:00+00:00,0.04507,0.04589,0.04488,0.04559,19789246.0
2025-12-08 04:00:00+00:00,0.04559,0.04672,0.04559,0.04648,22169837.0
2025-12-08 08:00:00+00:00,0.04648,0.04719,0.0463,0.04661,16636314.0
2025-12-08 12:00:00+00:00,0.04661,0.04698,0.04592,0.04614,28678118.0
2025-12-08 16:00:00+00:00,0.04614,0.04667,0.0456,0.04573,32980645.0
2025-12-08 20:00:00+00:00,0.04574,0.04628,0.0456,0.04588,16539863.0
2025-12-09 00:00:00+00:00,0.04588,0.04614,0.04518,0.04571,18546658.0
2025-12-09 04:00:00+00:00,0.04572,0.04573,0.04505,0.04549,14676367.0
2025-12-09 08:00:00+00:00,0.04549,0.0455,0.04496,0.04545,12899601.0
2025-12-09 12:00:00+00:00,0.04546,0.04756,0.04537,0.04747,32137966.0
2025-12-09 16:00:00+00:00,0.04748,0.04848,0.04748,0.0477,66687300.0
2025-12-09 20:00:00+00:00,0.0477,0.04775,0.04657,0.04724,29928871.0
2025-12-10 00:00:00+00:00,0.04724,0.0473,0.0461,0.04616,25665710.0
2025-12-10 04:00:00+00:00,0.04615,0.0463,0.04585,0.046,17463857.0
2025-12-10 08:00:00+00:00,0.046,0.04625,0.04532,0.04553,26009030.0
2025-12-10 12:00:00+00:00,0.04553,0.04584,0.04525,0.04569,34122147.0
2025-12-10 16:00:00+00:00,0.04568,0.04721,0.04551,0.04719,64854628.0
2025-12-10 20:00:00+00:00,0.04719,0.04802,0.04539,0.04563,55716372.0
2025-12-11 00:00:00+00:00,0.04563,0.04568,0.04385,0.04398,49678686.0
2025-12-11 04:00:00+00:00,0.04397,0.04397,0.04331,0.04363,44781506.0
2025-12-11 08:00:00+00:00,0.04363,0.04371,0.04311,0.04336,40360436.0
2025-12-11 12:00:00+00:00,0.04336,0.04393,0.04326,0.04346,38829915.0
2025-12-11 16:00:00+00:00,0.04345,0.04398,0.04261,0.04358,54384184.0
2025-12-11 20:00:00+00:00,0.04358,0.04514,0.04356,0.04437,39803720.0
2025-12-12 00:00:00+00:00,0.04437,0.0446,0.04382,0.04445,23851350.0
2025-12-12 04:00:00+00:00,0.04444,0.04493,0.04418,0.04455,27330315.0
2025-12-12 08:00:00+00:00,0.04456,0.04475,0.04325,0.04332,39106934.0
2025-12-12 12:00:00+00:00,0.04331,0.04382,0.0415,0.04177,68732842.0
2025-12-12 16:00:00+00:00,0.04177,0.0419,0.0403,0.04059,99377804.0
2025-12-12 20:00:00+00:00,0.0406,0.04111,0.04048,0.04087,33017376.0
2025-12-13 00:00:00+00:00,0.04087,0.04104,0.04049,0.04093,30289212.0
2025-12-13 04:00:00+00:00,0.04093,0.04133,0.04074,0.0412,26156150.0
2025-12-13 08:00:00+00:00,0.04121,0.04172,0.0412,0.04128,19473201.0
2025-12-13 12:00:00+00:00,0.04128,0.04155,0.04101,0.04127,19432518.0
2025-12-13 16:00:00+00:00,0.04126,0.04232,0.04123,0.04198,37631373.0
2025-12-13 20:00:00+00:00,0.04198,0.04221,0.04147,0.04208,20985765.0
2025-12-14 00:00:00+00:00,0.04208,0.04214,0.0416,0.04162,15316200.0
2025-12-14 04:00:00+00:00,0.04162,0.04167,0.04102,0.04126,20322427.0
2025-12-14 08:00:00+00:00,0.04127,0.04139,0.04046,0.04076,23204617.0
2025-12-14 12:00:00+00:00,0.04075,0.0409,0.04019,0.04047,26257708.0
2025-12-14 16:00:00+00:00,0.04047,0.04074,0.03986,0.04006,30153405.0
2025-12-14 20:00:00+00:00,0.04005,0.0403,0.03947,0.04,31170590.0
2025-12-15 00:00:00+00:00,0.04,0.04119,0.03999,0.04061,24333905.0
2025-12-15 04:00:00+00:00,0.04062,0.04113,0.04056,0.04062,19034735.0
2025-12-15 08:00:00+00:00,0.04062,0.04077,0.04025,0.04038,19124385.0
2025-12-15 12:00:00+00:00,0.04037,0.04055,0.03816,0.03844,74127846.0
2025-12-15 16:00:00+00:00,0.03843,0.03843,0.03711,0.03785,72660958.0
2025-12-15 20:00:00+00:00,0.03784,0.03818,0.03748,0.03803,26108368.0
2025-12-16 00:00:00+00:00,0.03804,0.03813,0.03758,0.03805,21275477.0
2025-12-16 04:00:00+00:00,0.03806,0.03821,0.03747,0.03773,18274358.0
2025-12-16 08:00:00+00:00,0.03773,0.0389,0.0377,0.03885,23022428.0
2025-12-16 12:00:00+00:00,0.03886,0.03915,0.03808,0.03897,58187547.0
2025-12-16 16:00:00+00:00,0.03898,0.03912,0.03848,0.03888,27112750.0
2025-12-16 20:00:00+00:00,0.03887,0.03916,0.03862,0.0388,16184094.0
2025-12-17 00:00:00+00:00,0.0388,0.03889,0.03844,0.03853,17891589.0
2025-12-17 04:00:00+00:00,0.03853,0.0386,0.03812,0.03841,13740547.0
2025-12-17 08:00:00+00:00,0.03841,0.03841,0.038,0.03838,15382908.0
2025-12-17 12:00:00+00:00,0.03838,0.04002,0.03837,0.03852,72011184.0
2025-12-17 16:00:00+00:00,0.03852,0.03874,0.03676,0.03734,67515952.0
2025-12-17 20:00:00+00:00,0.03735,0.03762,0.03705,0.03733,20933558.0
2025-12-18 00:00:00+00:00,0.03733,0.03741,0.03658,0.03667,24579391.0
2025-12-18 04:00:00+00:00,0.03667,0.03682,0.03601,0.03641,37912227.0
2025-12-18 08:00:00+00:00,0.03641,0.03683,0.03637,0.03681,23542971.0
2025-12-18 12:00:00+00:00,0.03682,0.03817,0.03675,0.03785,69235858.0
2025-12-18 16:00:00+00:00,0.03785,0.03804,0.0351,0.03516,94928109.0
2025-12-18 20:00:00+00:00,0.03515,0.03603,0.0351,0.03569,42167977.0
2025-12-19 00:00:00+00:00,0.03569,0.03668,0.03507,0.03629,41113584.0
2025-12-19 04:00:00+00:00,0.03629,0.03695,0.03598,0.03661,25262516.0
2025-12-19 08:00:00+00:00,0.03661,0.03683,0.03623,0.03646,21968644.0
2025-12-19 12:00:00+00:00,0.03647,0.03779,0.03637,0.03715,38702381.0
2025-12-19 16:00:00+00:00,0.03714,0.03802,0.03693,0.03789,37034441.0
2025-12-19 20:00:00+00:00,0.03789,0.03819,0.03748,0.03751,17256022.0
2025-12-20 00:00:00+00:00,0.03751,0.03759,0.03722,0.03754,11991148.0
2025-12-20 04:00:00+00:00,0.03754,0.03802,0.03721,0.03801,14004527.0
2025-12-20 08:00:00+00:00,0.038,0.03819,0.03749,0.03772,13645894.0
2025-12-20 12:00:00+00:00,0.03772,0.03772,0.03728,0.03754,12519287.0
2025-12-20 16:00:00+00:00,0.03754,0.03793,0.03751,0.03773,17302131.0
2025-12-20 20:00:00+00:00,0.03772,0.03795,0.03768,0.03772,8088382.0
2025-12-21 00:00:00+00:00,0.03773,0.0378,0.03704,0.03721,15144287.0
2025-12-21 04:00:00+00:00,0.03722,0.0374,0.0371,0.03725,10058503.0
2025-12-21 08:00:00+00:00,0.03725,0.03752,0.03702,0.03707,13211132.0
2025-12-21 12:00:00+00:00,0.03706,0.03722,0.03558,0.03601,42892401.0
2025-12-21 16:00:00+00:00,0.03601,0.03647,0.03585,0.03635,15856886.0
2025-12-21 20:00:00+00:00,0.03635,0.03677,0.03599,0.03662,22219053.0
2025-12-22 00:00:00+00:00,0.03662,0.03816,0.03564,0.03631,202478198.0
2025-12-22 04:00:00+00:00,0.03631,0.03724,0.03629,0.03704,31430914.0
2025-12-22 08:00:00+00:00,0.03703,0.03855,0.03696,0.03839,54082894.0
2025-12-22 12:00:00+00:00,0.03839,0.03907,0.03821,0.03875,56087728.0
2025-12-22 16:00:00+00:00,0.03876,0.03912,0.03797,0.03807,50054040.0
2025-12-22 20:00:00+00:00,0.03807,0.03828,0.0374,0.03782,45050013.0
2025-12-23 00:00:00+00:00,0.03783,0.03825,0.0369,0.03695,42829274.0
2025-12-23 04:00:00+00:00,0.03695,0.03707,0.03636,0.0365,32202068.0
2025-12-23 08:00:00+00:00,0.0365,0.03718,0.03644,0.03707,18548199.0
2025-12-23 12:00:00+00:00,0.03707,0.03707,0.03586,0.03622,44711373.0
2025-12-23 16:00:00+00:00,0.03622,0.03686,0.03614,0.03655,35415835.0
2025-12-23 20:00:00+00:00,0.03656,0.03703,0.03632,0.03652,17715306.0
2025-12-24 00:00:00+00:00,0.03653,0.03672,0.03584,0.03614,17102370.0
2025-12-24 04:00:00+00:00,0.03615,0.03629,0.03565,0.03575,17040276.0
2025-12-24 08:00:00+00:00,0.03576,0.03582,0.03552,0.0357,13239522.0
2025-12-24 12:00:00+00:00,0.03569,0.03627,0.03539,0.03619,21344248.0
2025-12-24 16:00:00+00:00,0.03618,0.03643,0.03595,0.03618,21951390.0
2025-12-24 20:00:00+00:00,0.03618,0.03672,0.03616,0.03661,13471674.0
2025-12-25 00:00:00+00:00,0.03662,0.03682,0.03629,0.0368,13286357.0
2025-12-25 04:00:00+00:00,0.03681,0.03694,0.03657,0.03691,14303544.0
2025-12-25 08:00:00+00:00,0.0369,0.03717,0.03623,0.03627,19414581.0
2025-12-25 12:00:00+00:00,0.03627,0.0368,0.03624,0.03667,15170162.0
2025-12-25 16:00:00+00:00,0.03668,0.03678,0.03632,0.03659,11983471.0
2025-12-25 20:00:00+00:00,0.03657,0.0366,0.03525,0.03534,21552714.0
2025-12-26 00:00:00+00:00,0.03533,0.03669,0.03515,0.03636,28254618.0
2025-12-26 04:00:00+00:00,0.03636,0.03656,0.0359,0.03596,15972335.0
2025-12-26 08:00:00+00:00,0.03596,0.03688,0.03594,0.03664,57775910.0
2025-12-26 12:00:00+00:00,0.03664,0.03695,0.03592,0.03621,32981771.0
2025-12-26 16:00:00+00:00,0.03621,0.03651,0.03588,0.03641,16876548.0
2025-12-26 20:00:00+00:00,0.03642,0.0366,0.03616,0.03631,8416289.0
2025-12-27 00:00:00+00:00,0.0363,0.03689,0.03623,0.03678,9794772.0
2025-12-27 04:00:00+00:00,0.03678,0.03683,0.03658,0.03665,10447895.0
2025-12-27 08:00:00+00:00,0.03665,0.03703,0.03629,0.03701,15625202.0
2025-12-27 12:00:00+00:00,0.03702,0.03737,0.03682,0.0373,14380232.0
2025-12-27 16:00:00+00:00,0.03731,0.03744,0.03716,0.03739,13256188.0
2025-12-27 20:00:00+00:00,0.0374,0.03823,0.0371,0.03815,27481740.0
2025-12-28 00:00:00+00:00,0.03816,0.03824,0.03785,0.03809,11644595.0
2025-12-28 04:00:00+00:00,0.03808,0.03845,0.03803,0.03833,10750869.0
2025-12-28 08:00:00+00:00,0.03833,0.03854,0.03815,0.03833,14719318.0
2025-12-28 12:00:00+00:00,0.03834,0.03834,0.03792,0.038,17546456.0
2025-12-28 16:00:00+00:00,0.03802,0.03818,0.03747,0.03751,20486361.0
2025-12-28 20:00:00+00:00,0.0375,0.03788,0.0374,0.03782,14901564.0
2025-12-29 00:00:00+00:00,0.03783,0.03842,0.03772,0.03838,27661899.0
2025-12-29 04:00:00+00:00,0.03837,0.03841,0.03757,0.03792,22111960.0
2025-12-29 08:00:00+00:00,0.03792,0.03796,0.03688,0.03689,31751084.0
2025-12-29 12:00:00+00:00,0.03689,0.03692,0.03603,0.03642,43898939.0
2025-12-29 16:00:00+00:00,0.03641,0.03649,0.03532,0.0355,52865333.0
2025-12-29 20:00:00+00:00,0.0355,0.03577,0.03506,0.03543,43557313.0
2025-12-30 00:00:00+00:00,0.03542,0.03557,0.03511,0.03549,25611500.0
2025-12-30 04:00:00+00:00,0.03547,0.03553,0.03506,0.03532,28327026.0
2025-12-30 08:00:00+00:00,0.03531,0.03573,0.03522,0.03543,25734731.0
2025-12-30 12:00:00+00:00,0.03543,0.03561,0.03504,0.03549,33389142.0
2025-12-30 16:00:00+00:00,0.03549,0.0355,0.03475,0.03506,36658200.0
2025-12-30 20:00:00+00:00,0.03505,0.03506,0.0348,0.03487,19137683.0
2025-12-31 00:00:00+00:00,0.03488,0.03509,0.03437,0.03458,41648548.0
2025-12-31 04:00:00+00:00,0.03458,0.03467,0.03431,0.03457,16281288.0
2025-12-31 08:00:00+00:00,0.03456,0.03491,0.03441,0.0349,24045691.0
2025-12-31 12:00:00+00:00,0.03491,0.03493,0.03443,0.03452,27618571.0
2025-12-31 16:00:00+00:00,0.03453,0.03455,0.03291,0.03298,70105109.0
2025-12-31 20:00:00+00:00,0.03297,0.03341,0.03262,0.03317,54901464.0
2026-01-01 00:00:00+00:00,0.03318,0.03351,0.03318,0.0333,20872521.0
2026-01-01 04:00:00+00:00,0.0333,0.03359,0.03297,0.0335,27624665.0
2026-01-01 08:00:00+00:00,0.03349,0.03445,0.03342,0.03444,48149053.0
2026-01-01 12:00:00+00:00,0.03445,0.03544,0.03414,0.03536,37890534.0
2026-01-01 16:00:00+00:00,0.03536,0.03583,0.03515,0.03583,38816697.0
2026-01-01 20:00:00+00:00,0.03584,0.03618,0.03547,0.03602,27641506.0
2026-01-02 00:00:00+00:00,0.03603,0.03617,0.03554,0.03615,30838856.0
2026-01-02 04:00:00+00:00,0.03615,0.03619,0.03546,0.03553,16653557.0
2026-01-02 08:00:00+00:00,0.03554,0.03638,0.03537,0.03587,38646704.0
2026-01-02 12:00:00+00:00,0.03587,0.03649,0.03563,0.03612,50069410.0
2026-01-02 16:00:00+00:00,0.03613,0.03759,0.03611,0.03753,56517803.0
2026-01-02 20:00:00+00:00,0.03754,0.03774,0.03697,0.03722,38982215.0
2026-01-03 00:00:00+00:00,0.03723,0.03838,0.03692,0.0383,35568250.0
2026-01-03 04:00:00+00:00,0.0383,0.03843,0.0363,0.03645,57287427.0
2026-01-03 08:00:00+00:00,0.03644,0.0367,0.03627,0.03634,22494330.0
2026-01-03 12:00:00+00:00,0.03634,0.03783,0.03626,0.03703,58408496.0
2026-01-03 16:00:00+00:00,0.03704,0.03809,0.037,0.0377,44312728.0
2026-01-03 20:00:00+00:00,0.03771,0.03895,0.03734,0.03843,37390341.0
2026-01-04 00:00:00+00:00,0.03843,0.03909,0.03822,0.03906,42970906.0
2026-01-04 04:00:00+00:00,0.03905,0.04007,0.03892,0.03943,55131089.0
2026-01-04 08:00:00+00:00,0.03942,0.04048,0.0391,0.04041,63814847.0
2026-01-04 12:00:00+00:00,0.04041,0.04113,0.04,0.04086,63438081.0
2026-01-04 16:00:00+00:00,0.04086,0.04127,0.0402,0.0405,50634564.0
2026-01-04 20:00:00+00:00,0.0405,0.04099,0.04028,0.04071,25771411.0
2026-01-05 00:00:00+00:00,0.04071,0.04162,0.04047,0.04091,43949243.0
2026-01-05 04:00:00+00:00,0.04091,0.04095,0.03976,0.04061,40092872.0
2026-01-05 08:00:00+00:00,0.04061,0.04074,0.03967,0.04002,35432767.0
2026-01-05 12:00:00+00:00,0.04002,0.04087,0.03976,0.04081,43540068.0
2026-01-05 16:00:00+00:00,0.04081,0.04162,0.03995,0.04111,68590286.0
2026-01-05 20:00:00+00:00,0.04112,0.04216,0.04107,0.04164,40533315.0
2026-01-06 00:00:00+00:00,0.04165,0.04197,0.04102,0.04175,36505551.0
2026-01-06 04:00:00+00:00,0.04176,0.04218,0.04126,0.04135,33183377.0
2026-01-06 08:00:00+00:00,0.04136,0.04222,0.04124,0.04215,22354022.0
2026-01-06 12:00:00+00:00,0.04216,0.04397,0.0421,0.04282,65659853.0
2026-01-06 16:00:00+00:00,0.04282,0.04306,0.04033,0.04103,69832136.0
2026-01-06 20:00:00+00:00,0.04103,0.04289,0.04103,0.04249,40215924.0
2026-01-07 00:00:00+00:00,0.04249,0.0426,0.04116,0.04158,42400024.0
2026-01-07 04:00:00+00:00,0.04159,0.04193,0.0412,0.04191,25482117.0
2026-01-07 08:00:00+00:00,0.04192,0.04219,0.0411,0.04166,27671406.0
2026-01-07 12:00:00+00:00,0.04165,0.04168,0.04017,0.04043,42828958.0
2026-01-07 16:00:00+00:00,0.04042,0.04084,0.04003,0.04047,27630903.0
2026-01-07 20:00:00+00:00,0.04047,0.04074,0.04003,0.04069,20520600.0
2026-01-08 00:00:00+00:00,0.0407,0.04124,0.04041,0.04063,24514866.0
2026-01-08 04:00:00+00:00,0.04062,0.0415,0.03968,0.04069,38771485.0
2026-01-08 08:00:00+00:00,0.0407,0.0408,0.03942,0.03988,34532993.0
2026-01-08 12:00:00+00:00,0.03988,0.04082,0.03891,0.04078,45922994.0
2026-01-08 16:00:00+00:00,0.04078,0.0409,0.03998,0.04006,27972416.0
2026-01-08 20:00:00+00:00,0.04006,0.04082,0.03963,0.04046,24808247.0
2026-01-09 00:00:00+00:00,0.04045,0.0411,0.0402,0.04096,31938767.0
2026-01-09 04:00:00+00:00,0.04097,0.04152,0.04074,0.04121,15712256.0
2026-01-09 08:00:00+00:00,0.04121,0.04212,0.04077,0.04147,45039344.0
2026-01-09 12:00:00+00:00,0.04146,0.04322,0.04105,0.0429,135569709.0
2026-01-09 16:00:00+00:00,0.04291,0.04504,0.04163,0.04178,188177374.0
2026-01-09 20:00:00+00:00,0.04177,0.04296,0.04169,0.04246,39071755.0
2026-01-10 00:00:00+00:00,0.04245,0.04249,0.04128,0.04152,44414779.0
2026-01-10 04:00:00+00:00,0.04151,0.04162,0.04094,0.04139,33628118.0
2026-01-10 08:00:00+00:00,0.04138,0.04208,0.04127,0.04208,23782910.0
2026-01-10 12:00:00+00:00,0.04208,0.04266,0.04191,0.04235,33727137.0
2026-01-10 16:00:00+00:00,0.04235,0.0426,0.04181,0.04252,29912063.0
2026-01-10 20:00:00+00:00,0.04253,0.04278,0.04128,0.04155,30351185.0
2026-01-11 00:00:00+00:00,0.04155,0.04183,0.04122,0.04182,20222636.0
2026-01-11 04:00:00+00:00,0.04181,0.04188,0.04128,0.04164,19465355.0
2026-01-11 08:00:00+00:00,0.04164,0.04209,0.04151,0.04207,19013498.0
2026-01-11 12:00:00+00:00,0.04207,0.04325,0.04175,0.04196,49550932.0
2026-01-11 16:00:00+00:00,0.04197,0.04306,0.0418,0.04258,34939338.0
2026-01-11 20:00:00+00:00,0.04258,0.04259,0.04093,0.0417,45169274.0
2026-01-12 00:00:00+00:00,0.0417,0.04312,0.04106,0.04231,49441375.0
2026-01-12 04:00:00+00:00,0.04231,0.04299,0.0414,0.04149,33143695.0
2026-01-12 08:00:00+00:00,0.04149,0.04174,0.04095,0.04148,34822169.0
2026-01-12 12:00:00+00:00,0.04148,0.0431,0.04058,0.04287,84241660.0
2026-01-12 16:00:00+00:00,0.04286,0.04292,0.04113,0.04159,58109634.0
2026-01-12 20:00:00+00:00,0.0416,0.04191,0.04029,0.04062,36908072.0
2026-01-13 00:00:00+00:00,0.0406,0.04105,0.04049,0.041,30206967.0
2026-01-13 04:00:00+00:00,0.04099,0.04186,0.0409,0.04133,31994912.0
2026-01-13 08:00:00+00:00,0.04134,0.04231,0.04125,0.04215,29940900.0
2026-01-13 12:00:00+00:00,0.04216,0.04314,0.04203,0.04276,73518141.0
2026-01-13 16:00:00+00:00,0.04276,0.04353,0.04257,0.04302,62634503.0
2026-01-13 20:00:00+00:00,0.04303,0.04431,0.04258,0.04351,44966808.0
2026-01-14 00:00:00+00:00,0.04352,0.04389,0.04292,0.04331,29273208.0
2026-01-14 04:00:00+00:00,0.0433,0.04336,0.04272,0.04305,26746416.0
2026-01-14 08:00:00+00:00,0.04304,0.0434,0.04263,0.04283,18170257.0
2026-01-14 12:00:00+00:00,0.04283,0.04344,0.04253,0.04319,33816352.0
2026-01-14 16:00:00+00:00,0.0432,0.04364,0.04194,0.04255,46880573.0
2026-01-14 20:00:00+00:00,0.04254,0.0428,0.04188,0.04213,27768787.0
2026-01-15 00:00:00+00:00,0.04214,0.04229,0.04112,0.04118,34615548.0
2026-01-15 04:00:00+00:00,0.04118,0.04201,0.04111,0.04185,18312255.0
2026-01-15 08:00:00+00:00,0.04185,0.04226,0.04165,0.04172,17866551.0
2026-01-15 12:00:00+00:00,0.04172,0.04212,0.04026,0.04095,51564957.0
2026-01-15 16:00:00+00:00,0.04094,0.04122,0.03999,0.04054,40103989.0
2026-01-15 20:00:00+00:00,0.04053,0.04095,0.04016,0.04081,20151257.0
2026-01-16 00:00:00+00:00,0.04081,0.04097,0.04037,0.04068,15859019.0
2026-01-16 04:00:00+00:00,0.04066,0.04099,0.04026,0.04071,17995853.0
2026-01-16 08:00:00+00:00,0.04071,0.04088,0.04017,0.04043,45228626.0
2026-01-16 12:00:00+00:00,0.04042,0.04051,0.03929,0.03956,31722300.0
2026-01-16 16:00:00+00:00,0.03956,0.04031,0.03949,0.04026,22105478.0
2026-01-16 20:00:00+00:00,0.04026,0.04201,0.03998,0.04145,38024015.0
2026-01-17 00:00:00+00:00,0.04146,0.04282,0.04132,0.04276,43601853.0
2026-01-17 04:00:00+00:00,0.04276,0.04372,0.04258,0.04323,56387933.0
2026-01-17 08:00:00+00:00,0.04323,0.04472,0.04321,0.04365,73910382.0
2026-01-17 12:00:00+00:00,0.04364,0.04429,0.04332,0.04369,60592126.0
2026-01-17 16:00:00+00:00,0.04368,0.04377,0.04308,0.04345,22090642.0
2026-01-17 20:00:00+00:00,0.04346,0.04356,0.04253,0.04267,27161025.0
2026-01-18 00:00:00+00:00,0.04266,0.04334,0.04206,0.0421,32332274.0
2026-01-18 04:00:00+00:00,0.04211,0.04242,0.04184,0.04238,19217608.0
2026-01-18 08:00:00+00:00,0.04238,0.04289,0.04221,0.04224,29520859.0
2026-01-18 12:00:00+00:00,0.04224,0.04235,0.04174,0.04235,21554988.0
2026-01-18 16:00:00+00:00,0.04234,0.04293,0.04205,0.0426,17753516.0
2026-01-18 20:00:00+00:00,0.0426,0.0429,0.0402,0.04029,49224615.0
2026-01-19 00:00:00+00:00,0.04028,0.04028,0.03294,0.03853,194832990.0
2026-01-19 04:00:00+00:00,0.03853,0.03878,0.03761,0.03786,47523180.0
2026-01-19 08:00:00+00:00,0.03786,0.03807,0.03731,0.03749,30812754.0
2026-01-19 12:00:00+00:00,0.03749,0.03788,0.03711,0.03756,34358861.0
2026-01-19 16:00:00+00:00,0.03756,0.03907,0.03749,0.03869,34715877.0
2026-01-19 20:00:00+00:00,0.0387,0.03887,0.03794,0.03855,27406232.0
2026-01-20 00:00:00+00:00,0.03855,0.03905,0.03832,0.03858,37236418.0
2026-01-20 04:00:00+00:00,0.03857,0.03878,0.03733,0.03733,49321642.0
2026-01-20 08:00:00+00:00,0.03734,0.03748,0.03676,0.03677,29767129.0
2026-01-20 12:00:00+00:00,0.03678,0.03742,0.03643,0.03688,47790776.0
2026-01-20 16:00:00+00:00,0.03688,0.03701,0.03607,0.03628,29980450.0
2026-01-20 20:00:00+00:00,0.03627,0.03674,0.03569,0.03602,34976801.0
2026-01-21 00:00:00+00:00,0.03602,0.03725,0.03598,0.037,27635606.0
2026-01-21 04:00:00+00:00,0.037,0.03742,0.03687,0.03714,18372500.0
2026-01-21 08:00:00+00:00,0.03713,0.03733,0.03664,0.03673,24046771.0
2026-01-21 12:00:00+00:00,0.03673,0.03772,0.03611,0.03751,45803358.0
2026-01-21 16:00:00+00:00,0.0375,0.03773,0.03569,0.03771,54715183.0
2026-01-21 20:00:00+00:00,0.03772,0.0378,0.03658,0.03676,26449523.0
2026-01-22 00:00:00+00:00,0.03677,0.03783,0.03675,0.03725,20904706.0
2026-01-22 04:00:00+00:00,0.03724,0.03732,0.03663,0.03684,17529357.0
2026-01-22 08:00:00+00:00,0.03684,0.03719,0.03651,0.03656,13758261.0
2026-01-22 12:00:00+00:00,0.03657,0.03678,0.03558,0.03615,31213253.0
2026-01-22 16:00:00+00:00,0.03615,0.03689,0.03614,0.03656,24033347.0
2026-01-22 20:00:00+00:00,0.03657,0.03664,0.03608,0.03644,17124187.0
2026-01-23 00:00:00+00:00,0.03645,0.03738,0.03639,0.03722,16230871.0
2026-01-23 04:00:00+00:00,0.03723,0.03765,0.03683,0.03693,19984957.0
2026-01-23 08:00:00+00:00,0.03692,0.03704,0.03641,0.03689,26433358.0
2026-01-23 12:00:00+00:00,0.03688,0.03731,0.03595,0.03697,41456754.0
2026-01-23 16:00:00+00:00,0.03699,0.03758,0.03641,0.03658,37980787.0
2026-01-23 20:00:00+00:00,0.03659,0.03684,0.03627,0.03666,20427311.0
2026-01-24 00:00:00+00:00,0.03666,0.03697,0.03658,0.03671,15642716.0
2026-01-24 04:00:00+00:00,0.03671,0.03689,0.03652,0.03677,10027161.0
2026-01-24 08:00:00+00:00,0.03679,0.03699,0.03651,0.03677,11440996.0
2026-01-24 12:00:00+00:00,0.03677,0.03681,0.03621,0.03622,11903369.0
2026-01-24 16:00:00+00:00,0.03622,0.03655,0.0361,0.03632,9761166.0
2026-01-24 20:00:00+00:00,0.03631,0.0366,0.03624,0.03652,8361969.0
2026-01-25 00:00:00+00:00,0.03652,0.0367,0.0362,0.03626,12511062.0
2026-01-25 04:00:00+00:00,0.03625,0.03633,0.03589,0.03608,9129745.0
2026-01-25 08:00:00+00:00,0.03608,0.03624,0.03578,0.03599,14637063.0
2026-01-25 12:00:00+00:00,0.03598,0.03611,0.03566,0.03575,17571103.0
2026-01-25 16:00:00+00:00,0.03575,0.03575,0.03425,0.0345,49390699.0
2026-01-25 20:00:00+00:00,0.0345,0.03515,0.03437,0.03492,30817558.0
2026-01-26 00:00:00+00:00,0.03493,0.03567,0.03485,0.03526,38377359.0
2026-01-26 04:00:00+00:00,0.03527,0.03623,0.03527,0.03614,20459192.0
2026-01-26 08:00:00+00:00,0.03613,0.03647,0.03563,0.0362,31901207.0
2026-01-26 12:00:00+00:00,0.03621,0.0371,0.03592,0.03649,91630897.0
2026-01-26 16:00:00+00:00,0.0365,0.03657,0.03574,0.03582,41864768.0
2026-01-26 20:00:00+00:00,0.03582,0.03652,0.0356,0.03607,31847199.0
2026-01-27 00:00:00+00:00,0.03607,0.03634,0.03595,0.03598,19718989.0
2026-01-27 04:00:00+00:00,0.03597,0.03617,0.03575,0.03579,19132610.0
2026-01-27 08:00:00+00:00,0.03579,0.03586,0.03554,0.03557,14256108.0
2026-01-27 12:00:00+00:00,0.03557,0.03601,0.03535,0.03598,28344553.0
2026-01-27 16:00:00+00:00,0.03599,0.03677,0.03547,0.03671,40871823.0
2026-01-27 20:00:00+00:00,0.0367,0.03703,0.03651,0.03665,23071255.0
2026-01-28 00:00:00+00:00,0.03665,0.0367,0.03623,0.03626,16258765.0
2026-01-28 04:00:00+00:00,0.03626,0.03631,0.03578,0.03589,17640690.0
2026-01-28 08:00:00+00:00,0.0359,0.0364,0.03575,0.03638,24496454.0
2026-01-28 12:00:00+00:00,0.03637,0.03638,0.03563,0.03574,19947776.0
2026-01-28 16:00:00+00:00,0.03575,0.03606,0.03541,0.03585,23987335.0
2026-01-28 20:00:00+00:00,0.03584,0.03715,0.03551,0.03692,45691319.0
2026-01-29 00:00:00+00:00,0.03692,0.03706,0.03522,0.03538,41271346.0
2026-01-29 04:00:00+00:00,0.03538,0.03552,0.03511,0.03536,14791159.0
2026-01-29 08:00:00+00:00,0.03537,0.03537,0.03471,0.03474,23048289.0
2026-01-29 12:00:00+00:00,0.03473,0.03476,0.03292,0.03367,75276845.0
2026-01-29 16:00:00+00:00,0.03366,0.03436,0.03299,0.03342,54176687.0
2026-01-29 20:00:00+00:00,0.03342,0.03419,0.03333,0.03395,29198010.0
2026-01-30 00:00:00+00:00,0.03394,0.03413,0.03238,0.03295,56828824.0
2026-01-30 04:00:00+00:00,0.03294,0.03341,0.03253,0.03293,34975692.0
2026-01-30 08:00:00+00:00,0.03293,0.03351,0.03262,0.03342,25854202.0
2026-01-30 12:00:00+00:00,0.03342,0.03348,0.03262,0.03294,41647014.0
2026-01-30 16:00:00+00:00,0.03294,0.03377,0.03214,0.03355,51268854.0
2026-01-30 20:00:00+00:00,0.03354,0.03355,0.03276,0.03305,36184633.0
2026-01-31 00:00:00+00:00,0.03305,0.03306,0.0327,0.03284,13811310.0
2026-01-31 04:00:00+00:00,0.03283,0.03292,0.0322,0.0324,14501261.0
2026-01-31 08:00:00+00:00,0.0324,0.03245,0.03155,0.03176,34078546.0
2026-01-31 12:00:00+00:00,0.03175,0.03176,0.0298,0.03037,95603080.0
2026-01-31 16:00:00+00:00,0.03037,0.03083,0.02642,0.02897,196975120.0
2026-01-31 20:00:00+00:00,0.02896,0.03043,0.02889,0.0302,58429937.0
2026-02-01 00:00:00+00:00,0.03019,0.03097,0.03015,0.03096,45592410.0
2026-02-01 04:00:00+00:00,0.03095,0.03103,0.03053,0.03066,24983078.0
2026-02-01 08:00:00+00:00,0.03066,0.03129,0.03051,0.03071,28881594.0
2026-02-01 12:00:00+00:00,0.03071,0.03108,0.02963,0.03006,54155769.0
2026-02-01 16:00:00+00:00,0.03007,0.03047,0.02967,0.02995,50517842.0
2026-02-01 20:00:00+00:00,0.02994,0.03045,0.02896,0.02957,76160619.0
2026-02-02 00:00:00+00:00,0.02958,0.03036,0.02871,0.02979,61304499.0
2026-02-02 04:00:00+00:00,0.02979,0.0302,0.02882,0.02924,73283679.0
2026-02-02 08:00:00+00:00,0.02925,0.03005,0.02924,0.02971,40223965.0
2026-02-02 12:00:00+00:00,0.02972,0.03102,0.02972,0.03086,42479092.0
2026-02-02 16:00:00+00:00,0.03085,0.03105,0.03043,0.03045,23684740.0
2026-02-02 20:00:00+00:00,0.03045,0.03059,0.03026,0.03044,18420364.0
2026-02-03 00:00:00+00:00,0.03044,0.03052,0.02961,0.03022,21169540.0
2026-02-03 04:00:00+00:00,0.03021,0.03043,0.02979,0.03033,26074229.0
2026-02-03 08:00:00+00:00,0.03033,0.03039,0.02967,0.03016,35264523.0
2026-02-03 12:00:00+00:00,0.03016,0.0306,0.02958,0.03054,44150158.0
2026-02-03 16:00:00+00:00,0.03055,0.03055,0.0283,0.02964,108084482.0
2026-02-03 20:00:00+00:00,0.02963,0.03099,0.02932,0.02961,71129723.0
2026-02-04 00:00:00+00:00,0.0296,0.03029,0.02949,0.03012,27405787.0
2026-02-04 04:00:00+00:00,0.03011,0.03014,0.02955,0.02997,28651984.0
2026-02-04 08:00:00+00:00,0.02998,0.03,0.02928,0.02957,27507732.0
2026-02-04 12:00:00+00:00,0.02957,0.02971,0.02836,0.02868,73966071.0
2026-02-04 16:00:00+00:00,0.02868,0.02962,0.02828,0.02957,95128550.0
2026-02-04 20:00:00+00:00,0.02957,0.0296,0.02855,0.02906,42636225.0
2026-02-05 00:00:00+00:00,0.02906,0.02943,0.02841,0.02854,77972168.0
2026-02-05 04:00:00+00:00,0.02854,0.02882,0.02811,0.02831,57792264.0
2026-02-05 08:00:00+00:00,0.02832,0.02888,0.02723,0.02761,64247495.0
2026-02-05 12:00:00+00:00,0.02761,0.02799,0.02557,0.02612,155349373.0
2026-02-05 16:00:00+00:00,0.02613,0.02663,0.0252,0.02533,165250636.0
2026-02-05 20:00:00+00:00,0.02533,0.0255,0.02398,0.02471,224935624.0
2026-02-06 00:00:00+00:00,0.0247,0.02559,0.0225,0.02514,312782992.0
2026-02-06 04:00:00+00:00,0.02513,0.02626,0.02503,0.0257,82895074.0
2026-02-06 08:00:00+00:00,0.0257,0.02672,0.02556,0.0266,77472106.0
2026-02-06 12:00:00+00:00,0.02659,0.02783,0.02639,0.02768,125690511.0
2026-02-06 16:00:00+00:00,0.02768,0.02943,0.02758,0.02854,123282027.0
2026-02-06 20:00:00+00:00,0.02853,0.0289,0.02806,0.02861,43480627.0
2026-02-07 00:00:00+00:00,0.02861,0.02869,0.02809,0.02841,46824359.0
2026-02-07 04:00:00+00:00,0.0284,0.02887,0.02731,0.0276,59825972.0
2026-02-07 08:00:00+00:00,0.0276,0.02782,0.02727,0.02742,29855465.0
2026-02-07 12:00:00+00:00,0.02741,0.02835,0.02737,0.02794,38839503.0
2026-02-07 16:00:00+00:00,0.02794,0.02886,0.02786,0.02807,122672971.0
2026-02-07 20:00:00+00:00,0.02806,0.02831,0.02788,0.02804,70008658.0
2026-02-08 00:00:00+00:00,0.02805,0.02809,0.0276,0.02762,16293047.0
2026-02-08 04:00:00+00:00,0.02762,0.02772,0.02751,0.02766,12005917.0
2026-02-08 08:00:00+00:00,0.02766,0.02817,0.02757,0.02817,30395603.0
2026-02-08 12:00:00+00:00,0.02818,0.02822,0.02768,0.02776,23807105.0
2026-02-08 16:00:00+00:00,0.02776,0.02788,0.0272,0.02783,19313128.0
2026-02-08 20:00:00+00:00,0.02783,0.02808,0.02722,0.02749,24193818.0
2026-02-09 00:00:00+00:00,0.02748,0.02775,0.02725,0.02765,23221942.0
2026-02-09 04:00:00+00:00,0.02764,0.02772,0.02724,0.02731,14685420.0
2026-02-09 08:00:00+00:00,0.0273,0.02736,0.02639,0.0267,37234132.0
2026-02-09 12:00:00+00:00,0.02669,0.02731,0.02663,0.02715,56541118.0
2026-02-09 16:00:00+00:00,0.02714,0.02763,0.02689,0.02734,33762589.0
2026-02-09 20:00:00+00:00,0.02734,0.02742,0.02693,0.02711,190619507.0
2026-02-10 00:00:00+00:00,0.02712,0.02726,0.02658,0.02677,23804767.0
2026-02-10 04:00:00+00:00,0.02676,0.02696,0.0262,0.02633,32560467.0
2026-02-10 08:00:00+00:00,0.02633,0.02653,0.02621,0.0263,29832900.0
2026-02-10 12:00:00+00:00,0.0263,0.02677,0.02624,0.02662,40885563.0
2026-02-10 16:00:00+00:00,0.02661,0.02679,0.02628,0.02643,32087257.0
2026-02-10 20:00:00+00:00,0.02643,0.02656,0.02628,0.0265,20065849.0
2026-02-11 00:00:00+00:00,0.02651,0.02674,0.02632,0.02653,20348054.0
2026-02-11 04:00:00+00:00,0.02652,0.02656,0.02551,0.02551,46845627.0
2026-02-11 08:00:00+00:00,0.02551,0.02567,0.02536,0.02564,28116318.0
2026-02-11 12:00:00+00:00,0.02565,0.02687,0.02542,0.02567,72481371.0
2026-02-11 16:00:00+00:00,0.02567,0.02621,0.02547,0.02602,37404914.0
2026-02-11 20:00:00+00:00,0.02602,0.02647,0.02582,0.02606,26184074.0
2026-02-12 00:00:00+00:00,0.02606,0.02662,0.02606,0.02661,19562784.0
2026-02-12 04:00:00+00:00,0.02661,0.02703,0.02642,0.02701,22553753.0
2026-02-12 08:00:00+00:00,0.02702,0.02754,0.02682,0.02732,35553745.0
2026-02-12 12:00:00+00:00,0.02732,0.02733,0.02645,0.02649,40779290.0
2026-02-12 16:00:00+00:00,0.02649,0.02679,0.02588,0.02649,56814041.0
2026-02-12 20:00:00+00:00,0.0265,0.02681,0.02619,0.02677,23668685.0
2026-02-13 00:00:00+00:00,0.02677,0.0269,0.02641,0.02647,19038811.0
2026-02-13 04:00:00+00:00,0.02647,0.02653,0.02614,0.02642,13475648.0
2026-02-13 08:00:00+00:00,0.02641,0.02691,0.02638,0.02671,26894999.0
2026-02-13 12:00:00+00:00,0.02671,0.02763,0.02648,0.02714,54041462.0
2026-02-13 16:00:00+00:00,0.02714,0.02773,0.0271,0.02744,31093258.0
2026-02-13 20:00:00+00:00,0.02746,0.02785,0.02738,0.02752,18899491.0
2026-02-14 00:00:00+00:00,0.02752,0.02805,0.02752,0.02796,26706042.0
2026-02-14 04:00:00+00:00,0.02796,0.02799,0.02767,0.02783,12293128.0
2026-02-14 08:00:00+00:00,0.02781,0.02837,0.0278,0.02834,29606712.0
2026-02-14 12:00:00+00:00,0.02834,0.02859,0.02801,0.02859,28772402.0
2026-02-14 16:00:00+00:00,0.0286,0.02934,0.0284,0.0293,25761344.0
2026-02-14 20:00:00+00:00,0.0293,0.02943,0.0289,0.029,23951173.0
2026-02-15 00:00:00+00:00,0.02899,0.02905,0.02836,0.02884,35937808.0
2026-02-15 04:00:00+00:00,0.02884,0.02931,0.02881,0.0292,28709498.0
2026-02-15 08:00:00+00:00,0.0292,0.02925,0.02839,0.02846,35231338.0
2026-02-15 12:00:00+00:00,0.02846,0.02848,0.02743,0.02776,67227290.0
2026-02-15 16:00:00+00:00,0.02776,0.0278,0.02717,0.02732,49000648.0
2026-02-15 20:00:00+00:00,0.02731,0.02784,0.02721,0.02783,27393112.0
2026-02-16 00:00:00+00:00,0.02783,0.02798,0.0276,0.02786,32739929.0
2026-02-16 04:00:00+00:00,0.02786,0.02807,0.02757,0.02764,25559917.0
2026-02-16 08:00:00+00:00,0.02764,0.02792,0.02738,0.02775,24931949.0
2026-02-16 12:00:00+00:00,0.02775,0.0284,0.02731,0.02748,49885824.0
2026-02-16 16:00:00+00:00,0.02747,0.02791,0.02743,0.02783,23647381.0
2026-02-16 20:00:00+00:00,0.02785,0.02833,0.02775,0.02815,19334705.0
2026-02-17 00:00:00+00:00,0.02816,0.02818,0.02782,0.02794,16331186.0
2026-02-17 04:00:00+00:00,0.02793,0.02807,0.02763,0.02794,14876068.0
2026-02-17 08:00:00+00:00,0.02794,0.02798,0.02761,0.02777,19214045.0
2026-02-17 12:00:00+00:00,0.02778,0.02802,0.02731,0.02775,34641247.0
2026-02-17 16:00:00+00:00,0.02775,0.02814,0.02748,0.02784,32072462.0
2026-02-17 20:00:00+00:00,0.02784,0.0279,0.02764,0.02773,14858603.0
2026-02-18 00:00:00+00:00,0.02774,0.02786,0.02749,0.02781,19170224.0
2026-02-18 04:00:00+00:00,0.02781,0.02796,0.02772,0.02794,9314222.0
2026-02-18 08:00:00+00:00,0.02794,0.02803,0.02743,0.02757,13144609.0
2026-02-18 12:00:00+00:00,0.02757,0.02781,0.0271,0.0276,31812706.0
2026-02-18 16:00:00+00:00,0.02761,0.02763,0.0266,0.02677,32681615.0
2026-02-18 20:00:00+00:00,0.02677,0.02694,0.0265,0.02685,23934360.0
2026-02-19 00:00:00+00:00,0.02686,0.02704,0.02663,0.02702,25578609.0
2026-02-19 04:00:00+00:00,0.02703,0.02709,0.02682,0.02695,14302399.0
2026-02-19 08:00:00+00:00,0.02694,0.02694,0.02653,0.02666,22170151.0
2026-02-19 12:00:00+00:00,0.02665,0.02673,0.026,0.02621,38769605.0
2026-02-19 16:00:00+00:00,0.0262,0.02646,0.02598,0.02629,36527813.0
2026-02-19 20:00:00+00:00,0.0263,0.02646,0.02616,0.02645,12608614.0
2026-02-20 00:00:00+00:00,0.02645,0.02669,0.02639,0.02655,18664836.0
2026-02-20 04:00:00+00:00,0.02654,0.02677,0.02632,0.02664,25995406.0
2026-02-20 08:00:00+00:00,0.02663,0.02688,0.02635,0.02639,24758332.0
2026-02-20 12:00:00+00:00,0.02639,0.02716,0.02592,0.02716,55128248.0
2026-02-20 16:00:00+00:00,0.02715,0.02734,0.02661,0.02701,56821630.0
2026-02-20 20:00:00+00:00,0.02701,0.02724,0.02693,0.0272,14693671.0
2026-02-21 00:00:00+00:00,0.0272,0.02833,0.0272,0.02826,64042514.0
2026-02-21 04:00:00+00:00,0.02826,0.02922,0.02825,0.02916,119122838.0
2026-02-21 08:00:00+00:00,0.02915,0.02962,0.02866,0.02885,101161766.0
2026-02-21 12:00:00+00:00,0.02886,0.02915,0.02806,0.02816,87125379.0
2026-02-21 16:00:00+00:00,0.02816,0.02848,0.02792,0.0283,24244460.0
2026-02-21 20:00:00+00:00,0.0283,0.02832,0.02789,0.0279,16440393.0
2026-02-22 00:00:00+00:00,0.02789,0.02796,0.02693,0.02709,42586605.0
2026-02-22 04:00:00+00:00,0.02708,0.02719,0.02684,0.02715,23192019.0
2026-02-22 08:00:00+00:00,0.02715,0.02727,0.02699,0.0271,20581003.0
2026-02-22 12:00:00+00:00,0.0271,0.0271,0.02645,0.02672,32733657.0
2026-02-22 16:00:00+00:00,0.02672,0.02681,0.02654,0.02669,16175264.0
2026-02-22 20:00:00+00:00,0.02669,0.02685,0.02647,0.02669,15970168.0
2026-02-23 00:00:00+00:00,0.0267,0.02674,0.0256,0.02591,79676837.0
2026-02-23 04:00:00+00:00,0.02591,0.02655,0.02577,0.02642,22881079.0
2026-02-23 08:00:00+00:00,0.02642,0.02697,0.02635,0.02664,27748615.0
2026-02-23 12:00:00+00:00,0.02665,0.02686,0.0261,0.02613,35842708.0
2026-02-23 16:00:00+00:00,0.02613,0.02619,0.02555,0.02569,45065045.0
2026-02-23 20:00:00+00:00,0.02569,0.02624,0.02563,0.02602,28202784.0
2026-02-24 00:00:00+00:00,0.02602,0.02617,0.02558,0.02573,39457747.0
2026-02-24 04:00:00+00:00,0.02573,0.02574,0.02544,0.02557,30017648.0
2026-02-24 08:00:00+00:00,0.02556,0.0257,0.02544,0.02559,21142138.0
2026-02-24 12:00:00+00:00,0.02558,0.02615,0.0253,0.02604,41673250.0
2026-02-24 16:00:00+00:00,0.02603,0.02632,0.02592,0.02612,31223495.0
2026-02-24 20:00:00+00:00,0.02612,0.02616,0.02548,0.02568,41865420.0
2026-02-25 00:00:00+00:00,0.02568,0.02661,0.02555,0.02615,57409458.0
2026-02-25 04:00:00+00:00,0.02615,0.02632,0.02591,0.02614,27517159.0
2026-02-25 08:00:00+00:00,0.02615,0.02659,0.02598,0.02647,41323802.0
2026-02-25 12:00:00+00:00,0.02647,0.02803,0.02641,0.02785,61853976.0
2026-02-25 16:00:00+00:00,0.02784,0.02865,0.02784,0.02865,48679520.0
2026-02-25 20:00:00+00:00,0.02866,0.02907,0.02746,0.02776,70341403.0
2026-02-26 00:00:00+00:00,0.02776,0.02799,0.02725,0.02751,39636376.0
2026-02-26 04:00:00+00:00,0.0275,0.02766,0.02712,0.02721,18497456.0
2026-02-26 08:00:00+00:00,0.02721,0.02748,0.02691,0.02695,30087445.0
2026-02-26 12:00:00+00:00,0.02695,0.02709,0.02647,0.0268,44822273.0
2026-02-26 16:00:00+00:00,0.02679,0.02682,0.02608,0.02667,55236687.0
2026-02-26 20:00:00+00:00,0.02666,0.02672,0.02652,0.02666,15151198.0
2026-02-27 00:00:00+00:00,0.02666,0.02699,0.02656,0.02695,20636236.0
2026-02-27 04:00:00+00:00,0.02695,0.02739,0.02694,0.02729,23304833.0
2026-02-27 08:00:00+00:00,0.02729,0.0275,0.02662,0.02671,42321973.0
2026-02-27 12:00:00+00:00,0.02671,0.02679,0.02628,0.02654,38613479.0
2026-02-27 16:00:00+00:00,0.02654,0.02659,0.02603,0.02611,38285922.0
2026-02-27 20:00:00+00:00,0.02611,0.02622,0.02559,0.02614,33925827.0
2026-02-28 00:00:00+00:00,0.02614,0.02624,0.02589,0.02596,23080307.0
2026-02-28 04:00:00+00:00,0.02596,0.02596,0.02455,0.02498,80597689.0
2026-02-28 08:00:00+00:00,0.02498,0.02498,0.02434,0.02443,48474253.0
2026-02-28 12:00:00+00:00,0.02442,0.02537,0.02441,0.025,62659538.0
2026-02-28 16:00:00+00:00,0.025,0.02601,0.02485,0.02582,46197962.0
2026-02-28 20:00:00+00:00,0.02582,0.02659,0.02573,0.02652,37453905.0
2026-03-01 00:00:00+00:00,0.02652,0.02726,0.02588,0.02679,49175167.0
2026-03-01 04:00:00+00:00,0.02679,0.0269,0.02643,0.02662,18478528.0
2026-03-01 08:00:00+00:00,0.02662,0.02669,0.02596,0.02607,23135841.0
2026-03-01 12:00:00+00:00,0.02607,0.02634,0.02558,0.02594,43593783.0
2026-03-01 16:00:00+00:00,0.02594,0.02612,0.02528,0.02535,43720052.0
2026-03-01 20:00:00+00:00,0.02535,0.02582,0.02499,0.02558,41978503.0
2026-03-02 00:00:00+00:00,0.02559,0.02633,0.02556,0.02612,41256517.0
2026-03-02 04:00:00+00:00,0.02613,0.02635,0.02535,0.02555,36258673.0
2026-03-02 08:00:00+00:00,0.02556,0.02597,0.02533,0.02569,39014850.0
2026-03-02 12:00:00+00:00,0.02569,0.02698,0.02545,0.02669,56329600.0
2026-03-02 16:00:00+00:00,0.02669,0.02698,0.02602,0.02629,69022688.0
2026-03-02 20:00:00+00:00,0.02629,0.02644,0.02592,0.02605,38374774.0
2026-03-03 00:00:00+00:00,0.02605,0.0261,0.02561,0.02587,42620757.0
2026-03-03 04:00:00+00:00,0.02588,0.02599,0.02565,0.0258,28870608.0
2026-03-03 08:00:00+00:00,0.0258,0.02585,0.02525,0.02548,44087160.0
2026-03-03 12:00:00+00:00,0.02548,0.02596,0.02533,0.0259,42472343.0
2026-03-03 16:00:00+00:00,0.02589,0.02646,0.0257,0.02607,47160046.0
2026-03-03 20:00:00+00:00,0.02607,0.02628,0.02567,0.02602,22545819.0
2026-03-04 00:00:00+00:00,0.02602,0.02613,0.02561,0.02588,33251695.0
2026-03-04 04:00:00+00:00,0.02588,0.02613,0.02567,0.02608,32078597.0
2026-03-04 08:00:00+00:00,0.02607,0.02695,0.02595,0.02631,60200964.0
2026-03-04 12:00:00+00:00,0.02631,0.02705,0.02597,0.02705,45292294.0
2026-03-04 16:00:00+00:00,0.02705,0.02716,0.02657,0.02691,45697806.0
2026-03-04 20:00:00+00:00,0.02691,0.02706,0.02647,0.02671,20475650.0
2026-03-05 00:00:00+00:00,0.02671,0.02681,0.02638,0.02653,27699286.0
2026-03-05 04:00:00+00:00,0.02655,0.02678,0.02637,0.0265,35707037.0
2026-03-05 08:00:00+00:00,0.0265,0.02697,0.02634,0.02672,43651177.0
2026-03-05 12:00:00+00:00,0.02671,0.02689,0.02624,0.0263,38233272.0
2026-03-05 16:00:00+00:00,0.0263,0.02635,0.0258,0.0262,39310928.0
2026-03-05 20:00:00+00:00,0.02619,0.02652,0.02616,0.02625,16572630.0
2026-03-06 00:00:00+00:00,0.02626,0.02651,0.02609,0.02648,20682534.0
2026-03-06 04:00:00+00:00,0.02648,0.02651,0.02607,0.02647,22236805.0
2026-03-06 08:00:00+00:00,0.02646,0.02647,0.02595,0.02596,22223421.0
2026-03-06 12:00:00+00:00,0.02595,0.02619,0.02519,0.02538,67150894.0
2026-03-06 16:00:00+00:00,0.02538,0.02568,0.02523,0.02552,28380012.0
2026-03-06 20:00:00+00:00,0.02552,0.02571,0.02551,0.02564,12278262.0
2026-03-07 00:00:00+00:00,0.02564,0.02577,0.02548,0.02548,16682345.0
2026-03-07 04:00:00+00:00,0.02548,0.0256,0.0252,0.02534,13596499.0
2026-03-07 08:00:00+00:00,0.02534,0.02554,0.02527,0.02542,15430410.0
2026-03-07 12:00:00+00:00,0.02542,0.02547,0.02508,0.02519,20356438.0
2026-03-07 16:00:00+00:00,0.02519,0.02538,0.02503,0.02507,16661319.0
2026-03-07 20:00:00+00:00,0.02507,0.02522,0.02483,0.02506,13834213.0
2026-03-08 00:00:00+00:00,0.02506,0.02508,0.02466,0.02478,17931436.0
2026-03-08 04:00:00+00:00,0.02477,0.02498,0.02458,0.02493,14215574.0
2026-03-08 08:00:00+00:00,0.02493,0.0256,0.02482,0.02529,19805462.0
2026-03-08 12:00:00+00:00,0.02529,0.02548,0.02496,0.02505,18672681.0
2026-03-08 16:00:00+00:00,0.02504,0.0251,0.02456,0.02501,19293146.0
2026-03-08 20:00:00+00:00,0.02501,0.02509,0.02444,0.02465,36759616.0
2026-03-09 00:00:00+00:00,0.02465,0.02529,0.02462,0.02503,28153483.0
2026-03-09 04:00:00+00:00,0.02503,0.02554,0.02496,0.02526,26700097.0
2026-03-09 08:00:00+00:00,0.02527,0.0254,0.02496,0.02513,23471747.0
2026-03-09 12:00:00+00:00,0.02514,0.02561,0.02512,0.02537,30765593.0
2026-03-09 16:00:00+00:00,0.02537,0.02579,0.02518,0.02541,24538652.0
2026-03-09 20:00:00+00:00,0.0254,0.02543,0.02499,0.02503,14711054.0
2026-03-10 00:00:00+00:00,0.02503,0.02554,0.02497,0.02519,22394645.0
2026-03-10 04:00:00+00:00,0.0252,0.02549,0.02511,0.02526,17744567.0
2026-03-10 08:00:00+00:00,0.02527,0.02559,0.02521,0.02534,24634279.0
2026-03-10 12:00:00+00:00,0.02535,0.02588,0.02515,0.02564,41460319.0
2026-03-10 16:00:00+00:00,0.02564,0.02584,0.025,0.02513,30979714.0
2026-03-10 20:00:00+00:00,0.02512,0.02523,0.02482,0.02492,26109549.0
2026-03-11 00:00:00+00:00,0.02493,0.02508,0.02476,0.02492,23618651.0
2026-03-11 04:00:00+00:00,0.02492,0.0252,0.02473,0.0251,24219844.0
2026-03-11 08:00:00+00:00,0.02511,0.02568,0.02509,0.0255,45064574.0
2026-03-11 12:00:00+00:00,0.0255,0.02622,0.02542,0.02566,69156870.0
2026-03-11 16:00:00+00:00,0.02565,0.02598,0.02556,0.0259,35605455.0
2026-03-11 20:00:00+00:00,0.02589,0.02604,0.02577,0.02588,19444097.0
2026-03-12 00:00:00+00:00,0.02588,0.02591,0.02539,0.02543,30117689.0
2026-03-12 04:00:00+00:00,0.02543,0.02555,0.02529,0.02547,20430535.0
2026-03-12 08:00:00+00:00,0.02548,0.02584,0.02539,0.02562,25008252.0
2026-03-12 12:00:00+00:00,0.02561,0.02696,0.02555,0.0264,223302264.0
2026-03-12 16:00:00+00:00,0.0264,0.028,0.02625,0.02754,191158950.0
2026-03-12 20:00:00+00:00,0.02754,0.02929,0.02753,0.02771,432978358.0
2026-03-13 00:00:00+00:00,0.02771,0.02922,0.02767,0.02802,190582472.0
2026-03-13 04:00:00+00:00,0.02801,0.02816,0.0272,0.02726,92182482.0
2026-03-13 08:00:00+00:00,0.02725,0.02737,0.02674,0.02705,98458047.0
2026-03-13 12:00:00+00:00,0.02704,0.0277,0.02694,0.02738,80612552.0
2026-03-13 16:00:00+00:00,0.02739,0.02768,0.02684,0.02699,63686762.0
2026-03-13 20:00:00+00:00,0.027,0.02712,0.0267,0.02679,37379774.0
2026-03-14 00:00:00+00:00,0.02679,0.02698,0.02647,0.02691,36179459.0
2026-03-14 04:00:00+00:00,0.02691,0.02692,0.02632,0.02644,27350734.0
2026-03-14 08:00:00+00:00,0.02645,0.02645,0.02614,0.02636,23561395.0
2026-03-14 12:00:00+00:00,0.02636,0.02639,0.026,0.02609,19636701.0
2026-03-14 16:00:00+00:00,0.02608,0.02628,0.02582,0.02589,25825412.0
2026-03-14 20:00:00+00:00,0.02589,0.02622,0.02582,0.02616,19767037.0
2026-03-15 00:00:00+00:00,0.02617,0.02652,0.02593,0.0262,33074366.0
2026-03-15 04:00:00+00:00,0.0262,0.02633,0.02607,0.02632,19158275.0
2026-03-15 08:00:00+00:00,0.02633,0.02711,0.02622,0.02685,42981425.0
2026-03-15 12:00:00+00:00,0.02685,0.02704,0.02645,0.02669,51188137.0
2026-03-15 16:00:00+00:00,0.0267,0.02689,0.02654,0.02677,22864437.0
2026-03-15 20:00:00+00:00,0.02676,0.02708,0.02662,0.02689,31192880.0
2026-03-16 00:00:00+00:00,0.0269,0.02737,0.0266,0.02727,66470436.0
2026-03-16 04:00:00+00:00,0.02728,0.02782,0.02716,0.02771,37668174.0
2026-03-16 08:00:00+00:00,0.02771,0.02798,0.02725,0.02729,37634321.0
2026-03-16 12:00:00+00:00,0.02729,0.0278,0.02721,0.02753,50787439.0
2026-03-16 16:00:00+00:00,0.02752,0.0284,0.02746,0.02779,61752885.0
2026-03-16 20:00:00+00:00,0.02778,0.02824,0.02772,0.02806,36238260.0
2026-03-17 00:00:00+00:00,0.02806,0.02825,0.0273,0.02755,47271290.0
2026-03-17 04:00:00+00:00,0.02754,0.0277,0.02714,0.02759,28251859.0
2026-03-17 08:00:00+00:00,0.02759,0.02822,0.02757,0.02805,51243118.0
2026-03-17 12:00:00+00:00,0.02804,0.02816,0.02754,0.0279,51936142.0
2026-03-17 16:00:00+00:00,0.02789,0.02813,0.02766,0.02769,36055340.0
2026-03-17 20:00:00+00:00,0.02769,0.02811,0.02769,0.02783,28298199.0
2026-03-18 00:00:00+00:00,0.02784,0.02822,0.02761,0.02812,33680662.0
2026-03-18 04:00:00+00:00,0.02812,0.02826,0.02771,0.02794,25541253.0
2026-03-18 08:00:00+00:00,0.02794,0.02807,0.02719,0.02737,36003342.0
2026-03-18 12:00:00+00:00,0.02736,0.02736,0.02641,0.02659,52757079.0
2026-03-18 16:00:00+00:00,0.02658,0.02681,0.02628,0.02647,41936590.0
2026-03-18 20:00:00+00:00,0.02647,0.02674,0.02629,0.02663,22436471.0
2026-03-19 00:00:00+00:00,0.02663,0.02686,0.02634,0.02668,18004552.0
2026-03-19 04:00:00+00:00,0.02667,0.02669,0.02599,0.02613,30857185.0
2026-03-19 08:00:00+00:00,0.02613,0.02633,0.02603,0.02603,24939287.0
2026-03-19 12:00:00+00:00,0.02605,0.02605,0.02553,0.02577,46370202.0
2026-03-19 16:00:00+00:00,0.02577,0.02596,0.02551,0.02593,25351197.0
2026-03-19 20:00:00+00:00,0.02592,0.02599,0.02556,0.02568,19754551.0
2026-03-20 00:00:00+00:00,0.02568,0.02622,0.02563,0.02614,25003590.0
2026-03-20 04:00:00+00:00,0.02615,0.02672,0.02598,0.02617,48189974.0
2026-03-20 08:00:00+00:00,0.02616,0.02632,0.02603,0.02618,19359912.0
2026-03-20 12:00:00+00:00,0.02618,0.02622,0.02574,0.02592,30971842.0
2026-03-20 16:00:00+00:00,0.02592,0.02608,0.02568,0.02592,30715462.0
2026-03-20 20:00:00+00:00,0.02592,0.02626,0.0257,0.02607,28777573.0
2026-03-21 00:00:00+00:00,0.02607,0.02619,0.02601,0.02603,12892372.0
2026-03-21 04:00:00+00:00,0.02602,0.02623,0.02601,0.02606,15897011.0
2026-03-21 08:00:00+00:00,0.02607,0.0261,0.02585,0.0259,8095338.0
2026-03-21 12:00:00+00:00,0.0259,0.02618,0.02579,0.02616,14761084.0
2026-03-21 16:00:00+00:00,0.02616,0.02619,0.02589,0.02595,11970509.0
2026-03-21 20:00:00+00:00,0.02594,0.02612,0.02512,0.02531,45233444.0
2026-03-22 00:00:00+00:00,0.0253,0.02542,0.02479,0.02517,55337902.0
2026-03-22 04:00:00+00:00,0.02516,0.02538,0.02499,0.02501,17156129.0
2026-03-22 08:00:00+00:00,0.025,0.02502,0.02455,0.02459,32089774.0
2026-03-22 12:00:00+00:00,0.0246,0.02491,0.02458,0.02478,23969670.0
2026-03-22 16:00:00+00:00,0.02477,0.02495,0.0244,0.02453,36563582.0
2026-03-22 20:00:00+00:00,0.02452,0.02465,0.02415,0.0244,37848054.0
2026-03-23 00:00:00+00:00,0.0244,0.02467,0.02432,0.02451,19709860.0
2026-03-23 04:00:00+00:00,0.02451,0.02458,0.02399,0.02408,23712984.0
2026-03-23 08:00:00+00:00,0.02409,0.02507,0.02395,0.02487,69482276.0
2026-03-23 12:00:00+00:00,0.02488,0.02562,0.02476,0.02501,41212101.0
2026-03-23 16:00:00+00:00,0.02501,0.02526,0.02493,0.02504,19786456.0
2026-03-23 20:00:00+00:00,0.02504,0.02544,0.025,0.02529,19046908.0
2026-03-24 00:00:00+00:00,0.02529,0.02534,0.02488,0.02523,25677985.0
2026-03-24 04:00:00+00:00,0.02523,0.02544,0.02495,0.0254,25883590.0
2026-03-24 08:00:00+00:00,0.0254,0.02547,0.02492,0.02503,33978345.0
2026-03-24 12:00:00+00:00,0.02503,0.02517,0.02475,0.02498,24876080.0
2026-03-24 16:00:00+00:00,0.02498,0.02505,0.02468,0.02493,23695481.0
2026-03-24 20:00:00+00:00,0.02493,0.02536,0.02489,0.02523,27555256.0
2026-03-25 00:00:00+00:00,0.02523,0.02545,0.02519,0.02531,22259021.0
2026-03-25 04:00:00+00:00,0.02531,0.02537,0.02514,0.02524,13920390.0
2026-03-25 08:00:00+00:00,0.02525,0.02561,0.0252,0.02557,46223187.0
2026-03-25 12:00:00+00:00,0.02557,0.02566,0.02523,0.02534,37767001.0
2026-03-25 16:00:00+00:00,0.02534,0.02551,0.02527,0.02537,16301734.0
2026-03-25 20:00:00+00:00,0.02537,0.02548,0.0252,0.02547,18558172.0
2026-03-26 00:00:00+00:00,0.02547,0.02551,0.02502,0.02509,23300724.0
2026-03-26 04:00:00+00:00,0.02508,0.02508,0.0246,0.02467,24641405.0
2026-03-26 08:00:00+00:00,0.02468,0.02468,0.0243,0.02434,22873152.0
2026-03-26 12:00:00+00:00,0.02433,0.02465,0.02412,0.02417,25848776.0
2026-03-26 16:00:00+00:00,0.02417,0.02427,0.02392,0.02398,22260070.0
2026-03-26 20:00:00+00:00,0.02398,0.02447,0.02392,0.02426,27271011.0
2026-03-27 00:00:00+00:00,0.02427,0.02452,0.02425,0.02434,13468769.0
2026-03-27 04:00:00+00:00,0.02435,0.0245,0.02415,0.02446,15780268.0
2026-03-27 08:00:00+00:00,0.02447,0.02452,0.02353,0.02371,42128903.0
2026-03-27 12:00:00+00:00,0.02371,0.02392,0.02352,0.02372,30258926.0
2026-03-27 16:00:00+00:00,0.02372,0.02384,0.02356,0.02378,20105593.0
2026-03-27 20:00:00+00:00,0.02378,0.02385,0.02365,0.02375,10917788.0
2026-03-28 00:00:00+00:00,0.02375,0.02377,0.02337,0.02347,16390733.0
2026-03-28 04:00:00+00:00,0.02347,0.02389,0.02341,0.02388,9701969.0
2026-03-28 08:00:00+00:00,0.02387,0.02399,0.02378,0.02388,16952271.0
2026-03-28 12:00:00+00:00,0.02388,0.02431,0.02381,0.02413,27203279.0
2026-03-28 16:00:00+00:00,0.02414,0.02421,0.02403,0.02413,12755410.0
2026-03-28 20:00:00+00:00,0.02412,0.02417,0.02361,0.02366,15594044.0
2026-03-29 00:00:00+00:00,0.02365,0.02381,0.02353,0.02371,15086164.0
2026-03-29 04:00:00+00:00,0.02371,0.02373,0.02352,0.02357,12284506.0
2026-03-29 08:00:00+00:00,0.02358,0.02368,0.02343,0.02358,17485608.0
2026-03-29 12:00:00+00:00,0.02358,0.02362,0.02336,0.02347,23987797.0
2026-03-29 16:00:00+00:00,0.02347,0.02353,0.02329,0.02342,14842458.0
2026-03-29 20:00:00+00:00,0.02342,0.02366,0.02283,0.02337,39251208.0
2026-03-30 00:00:00+00:00,0.02338,0.02402,0.02334,0.02396,30091269.0
2026-03-30 04:00:00+00:00,0.02396,0.02437,0.02396,0.02435,20968436.0
2026-03-30 08:00:00+00:00,0.02435,0.02452,0.02415,0.02443,27326305.0
2026-03-30 12:00:00+00:00,0.02444,0.02448,0.02406,0.02415,24560514.0
2026-03-30 16:00:00+00:00,0.02415,0.02423,0.02356,0.02372,28647644.0
2026-03-30 20:00:00+00:00,0.02371,0.02393,0.02358,0.02367,20553375.0
2026-03-31 00:00:00+00:00,0.02368,0.02413,0.02364,0.02384,24272901.0
2026-03-31 04:00:00+00:00,0.02385,0.02389,0.0237,0.02382,18540450.0
2026-03-31 08:00:00+00:00,0.02383,0.02387,0.0234,0.02366,24338854.0
2026-03-31 12:00:00+00:00,0.02367,0.02397,0.02361,0.02368,41258968.0
2026-03-31 16:00:00+00:00,0.02369,0.02422,0.02368,0.02408,22768931.0
2026-03-31 20:00:00+00:00,0.02408,0.02421,0.02396,0.0241,17222809.0
2026-04-01 00:00:00+00:00,0.02411,0.02444,0.02399,0.02441,41088736.0
2026-04-01 04:00:00+00:00,0.02442,0.02508,0.02423,0.0247,73448105.0
2026-04-01 08:00:00+00:00,0.0247,0.02479,0.02452,0.02466,21203740.0
2026-04-01 12:00:00+00:00,0.02467,0.02492,0.02444,0.02475,43443623.0
2026-04-01 16:00:00+00:00,0.02475,0.02479,0.02437,0.02444,21321775.0
2026-04-01 20:00:00+00:00,0.02444,0.02452,0.02428,0.02431,11336629.0
2026-04-02 00:00:00+00:00,0.02431,0.02454,0.02352,0.02361,40994468.0
2026-04-02 04:00:00+00:00,0.02361,0.02381,0.02348,0.02379,20382064.0
2026-04-02 08:00:00+00:00,0.0238,0.0238,0.02341,0.02356,19167485.0
2026-04-02 12:00:00+00:00,0.02355,0.02373,0.02323,0.02355,30135712.0
2026-04-02 16:00:00+00:00,0.02355,0.02378,0.02349,0.02362,15050967.0
2026-04-02 20:00:00+00:00,0.02361,0.02374,0.02354,0.02363,41800296.0
2026-04-03 00:00:00+00:00,0.02363,0.02398,0.02359,0.02398,16700430.0
2026-04-03 04:00:00+00:00,0.02397,0.02439,0.02393,0.02428,26158772.0
2026-04-03 08:00:00+00:00,0.02429,0.02454,0.02424,0.02428,35938268.0
2026-04-03 12:00:00+00:00,0.02428,0.02441,0.02382,0.02386,35605102.0
2026-04-03 16:00:00+00:00,0.02385,0.02397,0.02369,0.02384,20544048.0
2026-04-03 20:00:00+00:00,0.02385,0.02402,0.02382,0.02389,11791872.0
2026-04-04 00:00:00+00:00,0.0239,0.02419,0.02379,0.02414,22309701.0
2026-04-04 04:00:00+00:00,0.02413,0.02436,0.02411,0.02433,18050003.0
2026-04-04 08:00:00+00:00,0.02434,0.02441,0.02415,0.02431,18766152.0
2026-04-04 12:00:00+00:00,0.02432,0.02432,0.024,0.02412,22716276.0
2026-04-04 16:00:00+00:00,0.02411,0.02438,0.02397,0.02419,15774356.0
2026-04-04 20:00:00+00:00,0.02418,0.02422,0.02406,0.02412,9852248.0
2026-04-05 00:00:00+00:00,0.02413,0.02416,0.02374,0.02378,13214767.0
2026-04-05 04:00:00+00:00,0.02378,0.02381,0.02343,0.02347,14956993.0
2026-04-05 08:00:00+00:00,0.02348,0.02364,0.02343,0.02347,15497677.0
2026-04-05 12:00:00+00:00,0.02347,0.02376,0.02329,0.02352,19577646.0
2026-04-05 16:00:00+00:00,0.02351,0.02356,0.02336,0.02345,10419512.0
2026-04-05 20:00:00+00:00,0.02345,0.02388,0.02336,0.02386,16923859.0
2026-04-06 00:00:00+00:00,0.02386,0.02404,0.0237,0.0239,21764370.0
2026-04-06 04:00:00+00:00,0.02391,0.02406,0.02383,0.02401,18664286.0
2026-04-06 08:00:00+00:00,0.02401,0.02466,0.02401,0.02455,36732644.0
2026-04-06 12:00:00+00:00,0.02455,0.02462,0.02411,0.02421,42211746.0
2026-04-06 16:00:00+00:00,0.02421,0.02427,0.02399,0.02403,14022561.0
2026-04-06 20:00:00+00:00,0.02403,0.02433,0.02347,0.02369,62795278.0
2026-04-07 00:00:00+00:00,0.02369,0.02378,0.02342,0.02367,23283813.0
2026-04-07 04:00:00+00:00,0.02367,0.02388,0.02346,0.02362,16686916.0
2026-04-07 08:00:00+00:00,0.02361,0.02387,0.02349,0.02357,24155674.0
2026-04-07 12:00:00+00:00,0.02356,0.02359,0.0233,0.02349,27945818.0
2026-04-07 16:00:00+00:00,0.02348,0.02391,0.02343,0.0239,20656700.0
2026-04-07 20:00:00+00:00,0.02391,0.0252,0.02391,0.02507,58741349.0
2026-04-08 00:00:00+00:00,0.02507,0.02514,0.02469,0.02479,24589311.0
2026-04-08 04:00:00+00:00,0.0248,0.02488,0.02472,0.02481,15422050.0
2026-04-08 08:00:00+00:00,0.02481,0.02494,0.02443,0.02456,27269478.0
2026-04-08 12:00:00+00:00,0.02456,0.02466,0.02406,0.0244,36790010.0
2026-04-08 16:00:00+00:00,0.0244,0.02446,0.02386,0.02399,25715354.0
2026-04-08 20:00:00+00:00,0.02399,0.02417,0.0237,0.02377,28994682.0
2026-04-09 00:00:00+00:00,0.02377,0.02425,0.02365,0.02422,33063709.0
2026-04-09 04:00:00+00:00,0.02421,0.02429,0.02396,0.0241,19619716.0
2026-04-09 08:00:00+00:00,0.0241,0.02423,0.02386,0.02396,19734132.0
2026-04-09 12:00:00+00:00,0.02396,0.02442,0.02383,0.0243,28005794.0
2026-04-09 16:00:00+00:00,0.0243,0.0244,0.02409,0.02425,21761695.0
2026-04-09 20:00:00+00:00,0.02425,0.0246,0.0241,0.02421,19115734.0
2026-04-10 00:00:00+00:00,0.02421,0.02439,0.02402,0.02408,19171386.0
2026-04-10 04:00:00+00:00,0.02408,0.0243,0.02391,0.02394,15721028.0
2026-04-10 08:00:00+00:00,0.02393,0.02414,0.02389,0.024,20032234.0
2026-04-10 12:00:00+00:00,0.02401,0.02469,0.02397,0.02446,39368142.0
2026-04-10 16:00:00+00:00,0.02445,0.02465,0.02417,0.02462,24762504.0
2026-04-10 20:00:00+00:00,0.02463,0.02464,0.02431,0.02438,14194571.0
2026-04-11 00:00:00+00:00,0.02439,0.02443,0.02406,0.02428,15218745.0
2026-04-11 04:00:00+00:00,0.02427,0.02432,0.02402,0.02412,19269877.0
2026-04-11 08:00:00+00:00,0.02412,0.02419,0.02402,0.02405,16272939.0
2026-04-11 12:00:00+00:00,0.02405,0.02407,0.02381,0.02396,26389229.0
2026-04-11 16:00:00+00:00,0.02396,0.02441,0.02395,0.02439,23315628.0
2026-04-11 20:00:00+00:00,0.02439,0.02441,0.02404,0.02422,23283157.0
2026-04-12 00:00:00+00:00,0.02422,0.02426,0.0235,0.02364,38070218.0
2026-04-12 04:00:00+00:00,0.02364,0.02377,0.02355,0.02369,14486100.0
2026-04-12 08:00:00+00:00,0.02368,0.02372,0.02345,0.02359,13231505.0
2026-04-12 12:00:00+00:00,0.02359,0.02377,0.02346,0.02351,18875172.0
2026-04-12 16:00:00+00:00,0.02351,0.02374,0.02341,0.02357,15052651.0
2026-04-12 20:00:00+00:00,0.02357,0.02376,0.02343,0.02357,22635787.0
2026-04-13 00:00:00+00:00,0.02357,0.02374,0.02339,0.02349,23370791.0
2026-04-13 04:00:00+00:00,0.02349,0.02363,0.02334,0.02343,24630007.0
2026-04-13 08:00:00+00:00,0.02343,0.02367,0.02335,0.02353,15618240.0
2026-04-13 12:00:00+00:00,0.02352,0.02396,0.02347,0.02378,53277934.0
2026-04-13 16:00:00+00:00,0.02378,0.02423,0.02366,0.02416,25120106.0
2026-04-13 20:00:00+00:00,0.02417,0.02474,0.02396,0.02466,37374849.0
2026-04-14 00:00:00+00:00,0.02466,0.02475,0.02432,0.02439,18497464.0
2026-04-14 04:00:00+00:00,0.02439,0.02445,0.02403,0.02415,13708115.0
2026-04-14 08:00:00+00:00,0.02415,0.02427,0.02407,0.0241,13736298.0
2026-04-14 12:00:00+00:00,0.02411,0.02441,0.02396,0.02415,30111207.0
2026-04-14 16:00:00+00:00,0.02415,0.02428,0.02367,0.02387,29433676.0
2026-04-14 20:00:00+00:00,0.02388,0.02399,0.02381,0.02394,13492315.0
2026-04-15 00:00:00+00:00,0.02395,0.02411,0.0239,0.02399,10058748.0
2026-04-15 04:00:00+00:00,0.024,0.02416,0.02375,0.02381,18132585.0
2026-04-15 08:00:00+00:00,0.02382,0.02421,0.02382,0.02415,14378361.0
2026-04-15 12:00:00+00:00,0.02415,0.0244,0.02405,0.02431,22094502.0
2026-04-15 16:00:00+00:00,0.0243,0.02473,0.02429,0.02466,20973521.0
2026-04-15 20:00:00+00:00,0.02465,0.02482,0.02453,0.02481,23326904.0
2026-04-16 00:00:00+00:00,0.02481,0.0253,0.02472,0.02526,33011049.0
2026-04-16 04:00:00+00:00,0.02525,0.02552,0.02506,0.02523,26182229.0
2026-04-16 08:00:00+00:00,0.02523,0.02527,0.02483,0.02494,23562379.0
2026-04-16 12:00:00+00:00,0.02493,0.02545,0.02467,0.02538,52101230.0
2026-04-16 16:00:00+00:00,0.02539,0.02595,0.02511,0.02593,26535832.0
2026-04-16 20:00:00+00:00,0.02593,0.02599,0.02532,0.0257,20564881.0
2026-04-17 00:00:00+00:00,0.0257,0.02575,0.02534,0.02558,20067227.0
2026-04-17 04:00:00+00:00,0.02559,0.02576,0.02523,0.02568,31551257.0
2026-04-17 08:00:00+00:00,0.02568,0.02575,0.02536,0.02575,29709730.0
2026-04-17 12:00:00+00:00,0.02575,0.02651,0.02566,0.02615,39504670.0
2026-04-17 16:00:00+00:00,0.02615,0.02649,0.02604,0.02619,20452682.0
2026-04-17 20:00:00+00:00,0.02619,0.02629,0.02587,0.02595,17821946.0
2026-04-18 00:00:00+00:00,0.02595,0.02604,0.02573,0.02576,16106977.0
2026-04-18 04:00:00+00:00,0.02576,0.02656,0.02567,0.02632,43762372.0
2026-04-18 08:00:00+00:00,0.02633,0.02638,0.02525,0.02541,50433249.0
2026-04-18 12:00:00+00:00,0.02541,0.02554,0.02518,0.02528,28926585.0
2026-04-18 16:00:00+00:00,0.02528,0.02542,0.02487,0.02499,41568688.0
2026-04-18 20:00:00+00:00,0.025,0.02523,0.0248,0.02487,29974015.0
2026-04-19 00:00:00+00:00,0.02487,0.02488,0.02441,0.02452,28113984.0
2026-04-19 04:00:00+00:00,0.02453,0.02478,0.02446,0.02456,29819478.0
2026-04-19 08:00:00+00:00,0.02455,0.02483,0.02436,0.02482,21126382.0
2026-04-19 12:00:00+00:00,0.02483,0.02516,0.02473,0.02501,30879567.0
2026-04-19 16:00:00+00:00,0.025,0.02502,0.02449,0.02487,27307260.0
2026-04-19 20:00:00+00:00,0.02486,0.02487,0.02412,0.02423,36882954.0
2026-04-20 00:00:00+00:00,0.02424,0.02457,0.02419,0.02451,23660237.0
2026-04-20 04:00:00+00:00,0.0245,0.02481,0.02433,0.02458,23681755.0
2026-04-20 08:00:00+00:00,0.02459,0.02487,0.02452,0.02468,20266120.0
2026-04-20 12:00:00+00:00,0.02467,0.0253,0.02463,0.02498,37458168.0
2026-04-20 16:00:00+00:00,0.02497,0.02557,0.02491,0.02501,50365486.0
2026-04-20 20:00:00+00:00,0.02501,0.02527,0.02485,0.02496,24851662.0
2026-04-21 00:00:00+00:00,0.02496,0.02562,0.02457,0.02473,75714959.0
2026-04-21 04:00:00+00:00,0.02473,0.02493,0.02461,0.02474,17305953.0
2026-04-21 08:00:00+00:00,0.02472,0.02501,0.0246,0.02484,19051805.0
2026-04-21 12:00:00+00:00,0.02483,0.02495,0.02453,0.02476,29813803.0
2026-04-21 16:00:00+00:00,0.02477,0.02483,0.02428,0.02432,53905544.0
2026-04-21 20:00:00+00:00,0.02433,0.02468,0.0243,0.02466,30135284.0
2026-04-22 00:00:00+00:00,0.02466,0.02507,0.02455,0.02494,21721454.0
2026-04-22 04:00:00+00:00,0.02495,0.02538,0.02495,0.0253,24929867.0
2026-04-22 08:00:00+00:00,0.0253,0.02544,0.02515,0.0253,21911931.0
2026-04-22 12:00:00+00:00,0.02531,0.02542,0.02507,0.02533,26638340.0
2026-04-22 16:00:00+00:00,0.02533,0.02543,0.02497,0.02506,25543317.0
2026-04-22 20:00:00+00:00,0.02506,0.02508,0.02462,0.02464,20094422.0
2026-04-23 00:00:00+00:00,0.02465,0.02478,0.02424,0.02433,30356555.0
2026-04-23 04:00:00+00:00,0.02432,0.02461,0.02425,0.02453,21888731.0
2026-04-23 08:00:00+00:00,0.02454,0.02457,0.0243,0.0245,15921815.0
2026-04-23 12:00:00+00:00,0.0245,0.02483,0.02442,0.02474,25859318.0
2026-04-23 16:00:00+00:00,0.02474,0.02476,0.02427,0.0244,28304342.0
2026-04-23 20:00:00+00:00,0.0244,0.02469,0.02439,0.02466,14912276.0
2026-04-24 00:00:00+00:00,0.02465,0.02473,0.02432,0.02443,19014704.0
2026-04-24 04:00:00+00:00,0.02442,0.02456,0.02435,0.02446,16383766.0
2026-04-24 08:00:00+00:00,0.02446,0.02473,0.02442,0.02467,19222385.0
2026-04-24 12:00:00+00:00,0.02467,0.02485,0.02449,0.02483,23219926.0
2026-04-24 16:00:00+00:00,0.02483,0.02498,0.02455,0.02496,30231465.0
2026-04-24 20:00:00+00:00,0.02497,0.02518,0.02468,0.02475,26419885.0
2026-04-25 00:00:00+00:00,0.02475,0.02543,0.02458,0.02543,38337807.0
2026-04-25 04:00:00+00:00,0.02544,0.0256,0.02513,0.02524,38631903.0
2026-04-25 08:00:00+00:00,0.02523,0.02552,0.02499,0.02506,37574816.0
2026-04-25 12:00:00+00:00,0.02505,0.0252,0.02487,0.02491,35241890.0
2026-04-25 16:00:00+00:00,0.02491,0.02497,0.02449,0.02455,25610009.0
2026-04-25 20:00:00+00:00,0.02456,0.02471,0.02448,0.02467,11387974.0
2026-04-26 00:00:00+00:00,0.02467,0.02471,0.02441,0.02456,19959926.0
2026-04-26 04:00:00+00:00,0.02455,0.02501,0.02454,0.02496,26410738.0
2026-04-26 08:00:00+00:00,0.02496,0.02517,0.02485,0.02512,17763553.0
2026-04-26 12:00:00+00:00,0.02513,0.02516,0.02482,0.02506,18795054.0
2026-04-26 16:00:00+00:00,0.02506,0.0253,0.02487,0.02509,27107568.0
2026-04-26 20:00:00+00:00,0.0251,0.02516,0.02488,0.02502,17318438.0
2026-04-27 00:00:00+00:00,0.02503,0.02538,0.02495,0.02525,22804595.0
2026-04-27 04:00:00+00:00,0.02525,0.02529,0.02442,0.02448,43350882.0
2026-04-27 08:00:00+00:00,0.02448,0.02466,0.02445,0.02461,15083946.0
2026-04-27 12:00:00+00:00,0.02462,0.02483,0.02416,0.02434,40382719.0
2026-04-27 16:00:00+00:00,0.02433,0.02458,0.02427,0.02442,16306093.0
2026-04-27 20:00:00+00:00,0.02442,0.02468,0.02435,0.02466,14270415.0
2026-04-28 00:00:00+00:00,0.02465,0.02466,0.02443,0.02448,13414770.0
2026-04-28 04:00:00+00:00,0.02448,0.02466,0.02432,0.02443,25106177.0
2026-04-28 08:00:00+00:00,0.02443,0.02453,0.02426,0.02432,17879874.0
2026-04-28 12:00:00+00:00,0.02431,0.02451,0.02421,0.02443,28973607.0
2026-04-28 16:00:00+00:00,0.02443,0.02466,0.02436,0.02464,13296825.0
2026-04-28 20:00:00+00:00,0.02464,0.02475,0.02457,0.02465,10749325.0
2026-04-29 00:00:00+00:00,0.02466,0.02513,0.02461,0.02513,20648288.0
2026-04-29 04:00:00+00:00,0.02512,0.02544,0.02502,0.02503,38579953.0
2026-04-29 08:00:00+00:00,0.02503,0.02532,0.02488,0.02502,22199188.0
2026-04-29 12:00:00+00:00,0.02503,0.02504,0.02438,0.02445,44065497.0
2026-04-29 16:00:00+00:00,0.02445,0.02466,0.02379,0.02413,71256010.0
2026-04-29 20:00:00+00:00,0.02413,0.0244,0.02408,0.02431,20579839.0
2026-04-30 00:00:00+00:00,0.02432,0.02452,0.02404,0.02415,29030244.0
2026-04-30 04:00:00+00:00,0.02415,0.02428,0.02385,0.02426,27466637.0
2026-04-30 08:00:00+00:00,0.02426,0.02433,0.02408,0.02417,15761569.0
2026-04-30 12:00:00+00:00,0.02416,0.02431,0.02401,0.02416,20547028.0
2026-04-30 16:00:00+00:00,0.02416,0.02422,0.02402,0.02407,14755709.0
2026-04-30 20:00:00+00:00,0.02407,0.02413,0.02398,0.02409,14697105.0
2026-05-01 00:00:00+00:00,0.02409,0.02451,0.02407,0.02439,22464685.0
2026-05-01 04:00:00+00:00,0.0244,0.02448,0.02414,0.02419,14756814.0
2026-05-01 08:00:00+00:00,0.02419,0.02427,0.024,0.02405,17194799.0
2026-05-01 12:00:00+00:00,0.02405,0.02439,0.02403,0.02421,31493951.0
2026-05-01 16:00:00+00:00,0.02421,0.0243,0.02414,0.02418,18146878.0
2026-05-01 20:00:00+00:00,0.02419,0.02422,0.02403,0.02412,15245902.0
2026-05-02 00:00:00+00:00,0.02412,0.02441,0.02411,0.02433,22211344.0
2026-05-02 04:00:00+00:00,0.02432,0.02433,0.02417,0.02426,13903562.0
2026-05-02 08:00:00+00:00,0.02425,0.02438,0.02413,0.02422,25315679.0
2026-05-02 12:00:00+00:00,0.02421,0.02457,0.02418,0.02454,17488941.0
2026-05-02 16:00:00+00:00,0.02455,0.02477,0.02443,0.02474,20126156.0
2026-05-02 20:00:00+00:00,0.02475,0.02508,0.02473,0.02482,22707226.0
2026-05-03 00:00:00+00:00,0.02481,0.02489,0.02434,0.02439,31521193.0
2026-05-03 04:00:00+00:00,0.02439,0.02452,0.02432,0.02443,18249578.0
2026-05-03 08:00:00+00:00,0.02443,0.02462,0.02434,0.02453,20633885.0
2026-05-03 12:00:00+00:00,0.02454,0.0247,0.02449,0.02456,34862369.0
2026-05-03 16:00:00+00:00,0.02457,0.02469,0.0245,0.02465,10931893.0
2026-05-03 20:00:00+00:00,0.02464,0.02476,0.02447,0.02451,16189428.0
2026-05-04 00:00:00+00:00,0.02451,0.02512,0.02432,0.02512,27656644.0
2026-05-04 04:00:00+00:00,0.02511,0.0252,0.0248,0.02487,27239949.0
2026-05-04 08:00:00+00:00,0.02486,0.02497,0.02432,0.02443,45434807.0
2026-05-04 12:00:00+00:00,0.02443,0.02475,0.02433,0.02452,31224037.0
2026-05-04 16:00:00+00:00,0.02451,0.02466,0.02436,0.02448,24353927.0
2026-05-04 20:00:00+00:00,0.02449,0.02462,0.02434,0.02445,17351793.0
2026-05-05 00:00:00+00:00,0.02445,0.02504,0.02441,0.02497,29346627.0
2026-05-05 04:00:00+00:00,0.02497,0.0251,0.02482,0.02504,19216947.0
2026-05-05 08:00:00+00:00,0.02503,0.02517,0.02487,0.02509,23074970.0
2026-05-05 12:00:00+00:00,0.0251,0.02525,0.02489,0.025,40474126.0
2026-05-05 16:00:00+00:00,0.025,0.02527,0.02486,0.02525,17656177.0
2026-05-05 20:00:00+00:00,0.02525,0.0258,0.02525,0.02575,60630687.0
2026-05-06 00:00:00+00:00,0.02576,0.02604,0.02541,0.026,72684229.0
2026-05-06 04:00:00+00:00,0.026,0.02639,0.02565,0.02627,64022778.0
2026-05-06 08:00:00+00:00,0.02627,0.02666,0.02623,0.02629,38985940.0
2026-05-06 12:00:00+00:00,0.02629,0.02657,0.02565,0.02624,63547362.0
2026-05-06 16:00:00+00:00,0.02625,0.02648,0.02604,0.02624,40226918.0
2026-05-06 20:00:00+00:00,0.02624,0.02666,0.02614,0.02651,25817472.0
2026-05-07 00:00:00+00:00,0.0265,0.02653,0.02582,0.02595,42851051.0
2026-05-07 04:00:00+00:00,0.02595,0.02665,0.02592,0.0266,37189402.0
2026-05-07 08:00:00+00:00,0.02659,0.02664,0.02611,0.02631,30700205.0
2026-05-07 12:00:00+00:00,0.02631,0.02661,0.02565,0.02583,44515242.0
2026-05-07 16:00:00+00:00,0.02583,0.02609,0.02566,0.02588,30671080.0
2026-05-07 20:00:00+00:00,0.02589,0.02607,0.02553,0.02597,23382364.0
2026-05-08 00:00:00+00:00,0.02598,0.02616,0.02578,0.02602,23775820.0
2026-05-08 04:00:00+00:00,0.02601,0.02643,0.02599,0.02639,27692339.0
2026-05-08 08:00:00+00:00,0.0264,0.02682,0.02625,0.02641,34961468.0
2026-05-08 12:00:00+00:00,0.02641,0.02697,0.02609,0.02696,46736704.0
2026-05-08 16:00:00+00:00,0.02696,0.02767,0.02694,0.02744,60570556.0
2026-05-08 20:00:00+00:00,0.02743,0.02799,0.02736,0.02754,45302501.0
2026-05-09 00:00:00+00:00,0.02754,0.02789,0.02745,0.02774,26004888.0
2026-05-09 04:00:00+00:00,0.02773,0.02777,0.02732,0.02737,21801619.0
2026-05-09 08:00:00+00:00,0.02737,0.02754,0.02707,0.02726,24804893.0
2026-05-09 12:00:00+00:00,0.02725,0.02731,0.0268,0.02682,24664142.0
2026-05-09 16:00:00+00:00,0.02682,0.0273,0.02669,0.02722,26367066.0
2026-05-09 20:00:00+00:00,0.02722,0.02726,0.02702,0.02711,12390041.0
2026-05-10 00:00:00+00:00,0.0271,0.0271,0.02664,0.02691,19420215.0
2026-05-10 04:00:00+00:00,0.0269,0.02759,0.02687,0.02739,28534568.0
2026-05-10 08:00:00+00:00,0.02739,0.02791,0.02737,0.02767,33182455.0
2026-05-10 12:00:00+00:00,0.02766,0.02837,0.02751,0.02815,62581881.0
2026-05-10 16:00:00+00:00,0.02815,0.03034,0.02806,0.029,146463844.0
2026-05-10 20:00:00+00:00,0.029,0.02919,0.02797,0.02851,61644734.0
2026-05-11 00:00:00+00:00,0.02851,0.02863,0.02738,0.02769,63478587.0
2026-05-11 04:00:00+00:00,0.02768,0.02812,0.02752,0.02789,24415606.0
2026-05-11 08:00:00+00:00,0.02789,0.0285,0.02784,0.02824,26458954.0
2026-05-11 12:00:00+00:00,0.02825,0.02878,0.02803,0.02864,42833609.0
2026-05-11 16:00:00+00:00,0.02863,0.0291,0.02853,0.02868,35759824.0
2026-05-11 20:00:00+00:00,0.02869,0.02878,0.02828,0.02839,24704066.0
2026-05-12 00:00:00+00:00,0.02839,0.02879,0.02788,0.02875,43058008.0
2026-05-12 04:00:00+00:00,0.02876,0.02906,0.02824,0.02873,39648926.0
2026-05-12 08:00:00+00:00,0.02873,0.0289,0.02825,0.02829,64149308.0
2026-05-12 12:00:00+00:00,0.0283,0.02944,0.02813,0.02833,127750652.0
2026-05-12 16:00:00+00:00,0.02834,0.02921,0.02787,0.02912,73851856.0
2026-05-12 20:00:00+00:00,0.02913,0.02984,0.02881,0.0289,73997250.0
2026-05-13 00:00:00+00:00,0.02891,0.02942,0.0288,0.029,43422153.0
2026-05-13 04:00:00+00:00,0.029,0.02915,0.02851,0.02869,35818461.0
2026-05-13 08:00:00+00:00,0.02869,0.02951,0.02861,0.02893,42484946.0
2026-05-13 12:00:00+00:00,0.02893,0.02928,0.0272,0.0273,83247367.0
2026-05-13 16:00:00+00:00,0.0273,0.02794,0.02723,0.0276,36100558.0
2026-05-13 20:00:00+00:00,0.0276,0.02783,0.02722,0.02741,35169992.0
2026-05-14 00:00:00+00:00,0.0274,0.02761,0.02682,0.02688,40708849.0
2026-05-14 04:00:00+00:00,0.02688,0.02766,0.02677,0.02763,26059740.0
2026-05-14 08:00:00+00:00,0.02763,0.02893,0.02755,0.02878,68814841.0
2026-05-14 12:00:00+00:00,0.02877,0.02937,0.02863,0.02889,85629869.0
2026-05-14 16:00:00+00:00,0.02889,0.0289,0.0281,0.02819,49384229.0
2026-05-14 20:00:00+00:00,0.0282,0.02822,0.02789,0.02792,23500756.0
2026-05-15 00:00:00+00:00,0.02792,0.02816,0.02757,0.02789,27980113.0
2026-05-15 04:00:00+00:00,0.02789,0.02795,0.02724,0.02776,28936718.0
2026-05-15 08:00:00+00:00,0.02775,0.02816,0.02757,0.02791,34748086.0
2026-05-15 12:00:00+00:00,0.0279,0.02807,0.02652,0.02684,51051197.0
2026-05-15 16:00:00+00:00,0.02683,0.02722,0.02676,0.0268,27749375.0
2026-05-15 20:00:00+00:00,0.02681,0.02696,0.02665,0.02694,14579807.0
2026-05-16 00:00:00+00:00,0.02694,0.02717,0.02673,0.02677,22388799.0
2026-05-16 04:00:00+00:00,0.02677,0.02677,0.02551,0.02562,50683294.0
2026-05-16 08:00:00+00:00,0.02562,0.02582,0.02523,0.02565,35555512.0
2026-05-16 12:00:00+00:00,0.02565,0.02581,0.02552,0.02574,16882728.0
2026-05-16 16:00:00+00:00,0.02574,0.02594,0.02569,0.02577,18348981.0
2026-05-16 20:00:00+00:00,0.02578,0.02579,0.02545,0.02546,13112796.0
2026-05-17 00:00:00+00:00,0.02547,0.02551,0.02511,0.02542,22417048.0
2026-05-17 04:00:00+00:00,0.02542,0.02561,0.02535,0.02544,14581696.0
2026-05-17 08:00:00+00:00,0.02543,0.02545,0.02526,0.02529,22498556.0
2026-05-17 12:00:00+00:00,0.02529,0.02549,0.02517,0.02539,27088360.0
2026-05-17 16:00:00+00:00,0.02539,0.02559,0.02506,0.02553,31939665.0
2026-05-17 20:00:00+00:00,0.02554,0.0256,0.02385,0.02464,56738163.0
2026-05-18 00:00:00+00:00,0.02464,0.02481,0.02434,0.02461,30305178.0
2026-05-18 04:00:00+00:00,0.02461,0.02469,0.02436,0.02455,25123748.0
2026-05-18 08:00:00+00:00,0.02455,0.02527,0.02445,0.02501,28433852.0
2026-05-18 12:00:00+00:00,0.025,0.02535,0.0245,0.02472,44177338.0
2026-05-18 16:00:00+00:00,0.02472,0.02516,0.0244,0.02513,36066470.0
2026-05-18 20:00:00+00:00,0.02514,0.02543,0.025,0.02527,21733076.0
2026-05-19 00:00:00+00:00,0.02527,0.02539,0.02508,0.02512,15478463.0
2026-05-19 04:00:00+00:00,0.02512,0.02537,0.02507,0.02528,21025824.0
2026-05-19 08:00:00+00:00,0.02527,0.02527,0.02471,0.02473,30797257.0
2026-05-19 12:00:00+00:00,0.02473,0.0249,0.02441,0.02459,32534458.0
2026-05-19 16:00:00+00:00,0.02459,0.02482,0.02457,0.02467,20540832.0
2026-05-19 20:00:00+00:00,0.02467,0.02481,0.0245,0.02465,12572279.0
2026-05-20 00:00:00+00:00,0.02465,0.02475,0.02448,0.02466,13378670.0
2026-05-20 04:00:00+00:00,0.02466,0.02504,0.02466,0.02494,12872810.0
2026-05-20 08:00:00+00:00,0.02494,0.02502,0.0247,0.02472,11348395.0
2026-05-20 12:00:00+00:00,0.02472,0.02521,0.02465,0.02516,24319991.0
2026-05-20 16:00:00+00:00,0.02517,0.02529,0.02505,0.02519,18979500.0
2026-05-20 20:00:00+00:00,0.02519,0.02521,0.02485,0.02502,19252641.0
2026-05-21 00:00:00+00:00,0.02503,0.02574,0.02499,0.02573,22809585.0
2026-05-21 04:00:00+00:00,0.02574,0.0258,0.02525,0.02543,23284564.0
2026-05-21 08:00:00+00:00,0.02544,0.02569,0.02493,0.02498,35275402.0
2026-05-21 12:00:00+00:00,0.02498,0.02534,0.02493,0.02517,25406773.0
2026-05-21 16:00:00+00:00,0.02518,0.02558,0.02506,0.02543,31079110.0
2026-05-21 20:00:00+00:00,0.02544,0.02554,0.02524,0.02536,19262951.0
2026-05-22 00:00:00+00:00,0.02537,0.02576,0.02514,0.02572,27323514.0
2026-05-22 04:00:00+00:00,0.02573,0.02691,0.02569,0.02662,96452592.0
2026-05-22 08:00:00+00:00,0.02662,0.02754,0.02624,0.02752,132373863.0
2026-05-22 12:00:00+00:00,0.02753,0.02757,0.02634,0.0265,88036977.0
2026-05-22 16:00:00+00:00,0.0265,0.02662,0.02534,0.02561,67154371.0
2026-05-22 20:00:00+00:00,0.02562,0.02614,0.02547,0.02584,41755997.0
2026-05-23 00:00:00+00:00,0.02585,0.02659,0.02535,0.02649,59045230.0
2026-05-23 04:00:00+00:00,0.0265,0.02695,0.02522,0.0254,129008314.0
2026-05-23 08:00:00+00:00,0.0254,0.02566,0.02506,0.02541,60479146.0
2026-05-23 12:00:00+00:00,0.02542,0.02693,0.02508,0.02693,74285843.0
2026-05-23 16:00:00+00:00,0.02693,0.02774,0.02644,0.02749,104822571.0
2026-05-23 20:00:00+00:00,0.02749,0.02754,0.02661,0.02674,57135724.0
2026-05-24 00:00:00+00:00,0.02675,0.02689,0.02642,0.02674,29728271.0
2026-05-24 04:00:00+00:00,0.02673,0.02691,0.02645,0.02649,35806942.0
2026-05-24 08:00:00+00:00,0.0265,0.02658,0.02617,0.0262,28019001.0
2026-05-24 12:00:00+00:00,0.02621,0.02629,0.02563,0.02607,55075072.0
2026-05-24 16:00:00+00:00,0.02607,0.02617,0.02593,0.026,19609505.0
2026-05-24 20:00:00+00:00,0.02601,0.02603,0.02525,0.02581,35827432.0
2026-05-25 00:00:00+00:00,0.02582,0.02599,0.02568,0.02585,18887305.0
2026-05-25 04:00:00+00:00,0.02588,0.02657,0.02584,0.02628,24898736.0
2026-05-25 08:00:00+00:00,0.02628,0.02654,0.02627,0.02639,17385096.0
2026-05-25 12:00:00+00:00,0.02638,0.02701,0.02629,0.02697,33735991.0
2026-05-25 16:00:00+00:00,0.02696,0.02728,0.02677,0.02709,31683489.0
2026-05-25 20:00:00+00:00,0.02709,0.02834,0.02708,0.02765,102475214.0
2026-05-26 00:00:00+00:00,0.02765,0.02782,0.02661,0.0271,72514503.0
2026-05-26 04:00:00+00:00,0.0271,0.02928,0.02702,0.02818,215619819.0
2026-05-26 08:00:00+00:00,0.02818,0.02926,0.02805,0.02904,175123421.0
2026-05-26 12:00:00+00:00,0.02903,0.03005,0.02843,0.02895,237651460.0
2026-05-26 16:00:00+00:00,0.02895,0.02902,0.02776,0.02808,123187705.0
2026-05-26 20:00:00+00:00,0.02809,0.02854,0.02778,0.02807,52029276.0
2026-05-27 00:00:00+00:00,0.02808,0.02838,0.02743,0.02773,58682525.0
2026-05-27 04:00:00+00:00,0.02772,0.02874,0.02722,0.02852,74425529.0
2026-05-27 08:00:00+00:00,0.02853,0.02901,0.02786,0.02798,68442428.0
2026-05-27 12:00:00+00:00,0.02799,0.02889,0.02772,0.02834,74229751.0
2026-05-27 16:00:00+00:00,0.02835,0.02846,0.02751,0.02791,44829142.0
2026-05-27 20:00:00+00:00,0.02791,0.02938,0.02698,0.02726,126793258.0
2026-05-28 00:00:00+00:00,0.02726,0.02736,0.02627,0.02633,68564878.0
2026-05-28 04:00:00+00:00,0.02633,0.02665,0.02594,0.0265,60365823.0
2026-05-28 08:00:00+00:00,0.02651,0.02656,0.02575,0.02593,46345510.0
2026-05-28 12:00:00+00:00,0.02593,0.02636,0.02565,0.02606,66128867.0
2026-05-28 16:00:00+00:00,0.02606,0.02679,0.02575,0.02626,46163204.0
2026-05-28 20:00:00+00:00,0.02626,0.02664,0.0261,0.0266,26771669.0
2026-05-29 00:00:00+00:00,0.02659,0.02751,0.02626,0.02634,55178971.0
2026-05-29 04:00:00+00:00,0.02635,0.02657,0.02599,0.02627,42330798.0
2026-05-29 08:00:00+00:00,0.02626,0.02665,0.02562,0.02588,66231750.0
2026-05-29 12:00:00+00:00,0.02587,0.02664,0.02509,0.02632,88759901.0
2026-05-29 16:00:00+00:00,0.02633,0.02657,0.02585,0.02601,47038861.0
2026-05-29 20:00:00+00:00,0.02602,0.02618,0.0256,0.02594,23768760.0
2026-05-30 00:00:00+00:00,0.02594,0.02659,0.02568,0.02614,36730803.0
2026-05-30 04:00:00+00:00,0.02613,0.0262,0.0256,0.02578,30194013.0
2026-05-30 08:00:00+00:00,0.02578,0.02583,0.0256,0.02567,26464474.0
2026-05-30 12:00:00+00:00,0.02567,0.02713,0.02562,0.0266,71570822.0
2026-05-30 16:00:00+00:00,0.0266,0.02682,0.02613,0.02625,41676474.0
2026-05-30 20:00:00+00:00,0.02626,0.02673,0.02617,0.02644,34606502.0
2026-05-31 00:00:00+00:00,0.02645,0.02655,0.0261,0.02623,25744709.0
2026-05-31 04:00:00+00:00,0.02623,0.02643,0.02582,0.02587,30171789.0
2026-05-31 08:00:00+00:00,0.02588,0.02601,0.02563,0.02585,27307709.0
2026-05-31 12:00:00+00:00,0.02585,0.02601,0.02533,0.02537,36526081.0
2026-05-31 16:00:00+00:00,0.02536,0.02559,0.02531,0.02556,21207088.0
2026-05-31 20:00:00+00:00,0.02557,0.0261,0.02556,0.02597,18607798.0
2026-06-01 00:00:00+00:00,0.02596,0.02694,0.02575,0.02656,45803193.0
2026-06-01 04:00:00+00:00,0.02656,0.02667,0.02521,0.02522,43247351.0
2026-06-01 08:00:00+00:00,0.02524,0.02539,0.02508,0.02519,38973414.0
2026-06-01 12:00:00+00:00,0.0252,0.0253,0.02467,0.02485,74934346.0
2026-06-01 16:00:00+00:00,0.02484,0.02578,0.02465,0.02561,51101076.0
2026-06-01 20:00:00+00:00,0.02562,0.02564,0.02489,0.02513,37578613.0
2026-06-02 00:00:00+00:00,0.02513,0.02516,0.02418,0.0251,55598748.0
2026-06-02 04:00:00+00:00,0.0251,0.02518,0.02432,0.02443,49624564.0
2026-06-02 08:00:00+00:00,0.02444,0.02469,0.02413,0.02457,34600862.0
2026-06-02 12:00:00+00:00,0.02457,0.02494,0.02325,0.0236,111225785.0
2026-06-02 16:00:00+00:00,0.0236,0.02397,0.02283,0.02331,65837527.0
2026-06-02 20:00:00+00:00,0.0233,0.0237,0.02235,0.02303,85573008.0
2026-06-03 00:00:00+00:00,0.02303,0.02339,0.02256,0.02268,40872944.0
2026-06-03 04:00:00+00:00,0.02267,0.02398,0.02267,0.02382,47739425.0
2026-06-03 08:00:00+00:00,0.02382,0.02442,0.02359,0.02395,51783905.0
2026-06-03 12:00:00+00:00,0.02395,0.02428,0.02358,0.02364,61508578.0
2026-06-03 16:00:00+00:00,0.02365,0.02368,0.02296,0.02305,56647455.0
2026-06-03 20:00:00+00:00,0.02305,0.02378,0.02273,0.02311,50436920.0
2026-06-04 00:00:00+00:00,0.02311,0.02326,0.02106,0.02251,138987181.0
2026-06-04 04:00:00+00:00,0.02252,0.02261,0.02173,0.02175,53511972.0
2026-06-04 08:00:00+00:00,0.02175,0.02196,0.02122,0.0217,63433409.0
2026-06-04 12:00:00+00:00,0.02171,0.02277,0.02154,0.02247,51859812.0
2026-06-04 16:00:00+00:00,0.02247,0.02247,0.02191,0.022,35549425.0
2026-06-04 20:00:00+00:00,0.022,0.02202,0.02123,0.02175,45723894.0
2026-06-05 00:00:00+00:00,0.02174,0.02182,0.02094,0.02101,63045899.0
2026-06-05 04:00:00+00:00,0.02101,0.02135,0.01964,0.02063,113272318.0
2026-06-05 08:00:00+00:00,0.02063,0.02084,0.02016,0.02021,61696625.0
2026-06-05 12:00:00+00:00,0.0202,0.02044,0.01943,0.01966,94381444.0
2026-06-05 16:00:00+00:00,0.01965,0.0203,0.01912,0.01969,103000983.0
2026-06-05 20:00:00+00:00,0.01968,0.02052,0.01947,0.02005,56053665.0
2026-06-06 00:00:00+00:00,0.02004,0.02022,0.01949,0.01954,37070484.0
2026-06-06 04:00:00+00:00,0.01955,0.01972,0.01871,0.01962,72236377.0
2026-06-06 08:00:00+00:00,0.01963,0.0199,0.01918,0.01955,33688993.0
2026-06-06 12:00:00+00:00,0.01956,0.01975,0.01937,0.01954,32686121.0
2026-06-06 16:00:00+00:00,0.01955,0.01969,0.01935,0.01947,26367062.0
2026-06-06 20:00:00+00:00,0.01947,0.01977,0.01943,0.01971,16555114.0
2026-06-07 00:00:00+00:00,0.0197,0.02016,0.01955,0.01993,27748473.0
2026-06-07 04:00:00+00:00,0.01992,0.02018,0.01985,0.02009,25128436.0
2026-06-07 08:00:00+00:00,0.02008,0.02052,0.01986,0.02003,37946339.0
2026-06-07 12:00:00+00:00,0.02003,0.02005,0.01951,0.01998,34716739.0
2026-06-07 16:00:00+00:00,0.01998,0.02008,0.01938,0.01949,33683336.0
2026-06-07 20:00:00+00:00,0.01949,0.02054,0.01943,0.02008,38023715.0
2026-06-08 00:00:00+00:00,0.02008,0.0203,0.01978,0.02004,22576344.0
2026-06-08 04:00:00+00:00,0.02005,0.02008,0.01968,0.02002,21078150.0
2026-06-08 08:00:00+00:00,0.02001,0.02031,0.01968,0.02029,38567849.0
