timestamp,open,high,low,close,volume,date
1710345600000,0.3307,0.36108,0.32356,0.34603,33861499.0,2024-03-13 16:00
1710360000000,0.346,0.35467,0.32533,0.3413,37241489.0,2024-03-13 20:00
1710374400000,0.34121,0.36546,0.32397,0.32639,55738276.0,2024-03-14 00:00
1710388800000,0.32639,0.35,0.31,0.32015,50593912.0,2024-03-14 04:00
1710403200000,0.32023,0.32847,0.30647,0.31591,56190575.0,2024-03-14 08:00
1710417600000,0.31555,0.32396,0.28925,0.29977,119599634.0,2024-03-14 12:00
1710432000000,0.29981,0.326,0.282,0.30404,91704841.0,2024-03-14 16:00
1710446400000,0.30397,0.3202,0.30379,0.31572,42778318.0,2024-03-14 20:00
1710460800000,0.31551,0.31721,0.27809,0.29047,63114350.0,2024-03-15 00:00
1710475200000,0.29052,0.2972,0.27981,0.29129,43771409.0,2024-03-15 04:00
1710489600000,0.29129,0.29234,0.25552,0.27968,70774627.0,2024-03-15 08:00
1710504000000,0.27949,0.28217,0.26831,0.27063,43090276.0,2024-03-15 12:00
1710518400000,0.27066,0.31303,0.26043,0.3008,72667913.0,2024-03-15 16:00
1710532800000,0.30105,0.30452,0.28434,0.29658,46564898.0,2024-03-15 20:00
1710547200000,0.29659,0.30254,0.287,0.29808,23936611.0,2024-03-16 00:00
1710561600000,0.29814,0.34,0.29658,0.31421,93154545.0,2024-03-16 04:00
1710576000000,0.31424,0.31572,0.29264,0.29801,48154879.0,2024-03-16 08:00
1710590400000,0.29801,0.30199,0.27522,0.28378,51227563.0,2024-03-16 12:00
1710604800000,0.28382,0.28857,0.25,0.25955,66815571.0,2024-03-16 16:00
1710619200000,0.25954,0.26526,0.25,0.25881,35480415.0,2024-03-16 20:00
1710633600000,0.25877,0.27274,0.25175,0.26856,34910457.0,2024-03-17 00:00
1710648000000,0.26854,0.26909,0.24468,0.25595,33354899.0,2024-03-17 04:00
1710662400000,0.25595,0.28866,0.25401,0.27618,53254821.0,2024-03-17 08:00
1710676800000,0.27612,0.3094,0.27357,0.29771,70298625.0,2024-03-17 12:00
1710691200000,0.29775,0.31689,0.29328,0.31339,55152882.0,2024-03-17 16:00
1710705600000,0.31326,0.33186,0.30502,0.30851,69347265.0,2024-03-17 20:00
1710720000000,0.30843,0.31112,0.28857,0.29856,52850753.0,2024-03-18 00:00
1710734400000,0.29862,0.32233,0.2935,0.30364,64110308.0,2024-03-18 04:00
1710748800000,0.30361,0.30428,0.28716,0.28744,52419372.0,2024-03-18 08:00
1710763200000,0.28746,0.318,0.28575,0.29033,122952451.0,2024-03-18 12:00
1710777600000,0.29024,0.29538,0.27874,0.28347,37681740.0,2024-03-18 16:00
1710792000000,0.28347,0.2972,0.27986,0.28211,30543915.0,2024-03-18 20:00
1710806400000,0.28209,0.2853,0.25761,0.26761,53879005.0,2024-03-19 00:00
1710820800000,0.26763,0.2775,0.2488,0.26546,59647828.0,2024-03-19 04:00
1710835200000,0.26556,0.3023,0.25384,0.29951,90573622.0,2024-03-19 08:00
1710849600000,0.29951,0.29993,0.27182,0.28594,78240209.0,2024-03-19 12:00
1710864000000,0.28605,0.315,0.28029,0.30001,101585501.0,2024-03-19 16:00
1710878400000,0.30005,0.3042,0.27356,0.28675,77523010.0,2024-03-19 20:00
1710892800000,0.28679,0.31113,0.28666,0.29275,95931046.0,2024-03-20 00:00
1710907200000,0.29264,0.30397,0.27821,0.29745,75171360.0,2024-03-20 04:00
1710921600000,0.29755,0.32111,0.29734,0.29916,148289661.0,2024-03-20 08:00
1710936000000,0.29916,0.30055,0.28792,0.29074,76501877.0,2024-03-20 12:00
1710950400000,0.29063,0.30737,0.28347,0.30138,68727043.0,2024-03-20 16:00
1710964800000,0.30143,0.30768,0.2988,0.30454,43704940.0,2024-03-20 20:00
1710979200000,0.30451,0.31921,0.30024,0.3122,55296245.0,2024-03-21 00:00
1710993600000,0.31221,0.32343,0.30637,0.30882,48646811.0,2024-03-21 04:00
1711008000000,0.30881,0.31041,0.30025,0.30156,32414295.0,2024-03-21 08:00
1711022400000,0.3015,0.3025,0.29122,0.2954,33473878.0,2024-03-21 12:00
1711036800000,0.29539,0.29726,0.27667,0.28362,43273546.0,2024-03-21 16:00
1711051200000,0.28356,0.28802,0.28,0.28242,24971426.0,2024-03-21 20:00
1711065600000,0.28242,0.28892,0.27736,0.28765,21594718.0,2024-03-22 00:00
1711080000000,0.28769,0.29096,0.28487,0.28766,19625994.0,2024-03-22 04:00
1711094400000,0.28766,0.28993,0.27346,0.27455,29147123.0,2024-03-22 08:00
1711108800000,0.27455,0.2791,0.26575,0.27552,33241853.0,2024-03-22 12:00
1711123200000,0.27547,0.27597,0.26966,0.27347,16274487.0,2024-03-22 16:00
1711137600000,0.27343,0.27404,0.26042,0.26632,22464687.0,2024-03-22 20:00
1711152000000,0.26634,0.26904,0.25754,0.26083,20636466.0,2024-03-23 00:00
1711166400000,0.26082,0.26967,0.25894,0.26561,18700439.0,2024-03-23 04:00
1711180800000,0.26562,0.2691,0.26251,0.2661,20029512.0,2024-03-23 08:00
1711195200000,0.26606,0.27579,0.26519,0.27014,29386456.0,2024-03-23 12:00
1711209600000,0.27013,0.27315,0.26532,0.26561,21319223.0,2024-03-23 16:00
1711224000000,0.26565,0.26682,0.25953,0.25995,15642696.0,2024-03-23 20:00
1711238400000,0.26002,0.26764,0.25859,0.25889,13027312.0,2024-03-24 00:00
1711252800000,0.2589,0.26093,0.25415,0.25731,15955086.0,2024-03-24 04:00
1711267200000,0.25731,0.2635,0.25678,0.26064,16436964.0,2024-03-24 08:00
1711281600000,0.26064,0.26439,0.25731,0.2637,20294736.0,2024-03-24 12:00
1711296000000,0.26369,0.26515,0.25546,0.26399,21481275.0,2024-03-24 16:00
1711310400000,0.26408,0.27181,0.26203,0.26767,23026096.0,2024-03-24 20:00
1711324800000,0.26766,0.27349,0.26522,0.27056,19065107.0,2024-03-25 00:00
1711339200000,0.27058,0.27243,0.26218,0.26264,19041615.0,2024-03-25 04:00
1711353600000,0.26263,0.28431,0.26219,0.27707,50994094.0,2024-03-25 08:00
1711368000000,0.27711,0.28092,0.27026,0.27872,44185659.0,2024-03-25 12:00
1711382400000,0.27872,0.28392,0.27704,0.28006,32249876.0,2024-03-25 16:00
1711396800000,0.27996,0.28432,0.27375,0.27715,24689922.0,2024-03-25 20:00
1711411200000,0.27716,0.28715,0.27622,0.28596,15443840.0,2024-03-26 00:00
1711425600000,0.28596,0.29334,0.2825,0.28524,21683092.0,2024-03-26 04:00
1711440000000,0.28515,0.2872,0.27823,0.27968,23368481.0,2024-03-26 08:00
1711454400000,0.27968,0.2848,0.26744,0.27224,38524776.0,2024-03-26 12:00
1711468800000,0.27223,0.27454,0.26438,0.26847,26533843.0,2024-03-26 16:00
1711483200000,0.26848,0.27331,0.268,0.27175,13941103.0,2024-03-26 20:00
1711497600000,0.27175,0.27709,0.2684,0.27236,14640589.0,2024-03-27 00:00
1711512000000,0.27231,0.27809,0.26724,0.26918,19451348.0,2024-03-27 04:00
1711526400000,0.26922,0.27443,0.2626,0.27203,24710465.0,2024-03-27 08:00
1711540800000,0.27197,0.27502,0.25829,0.25859,42984212.0,2024-03-27 12:00
1711555200000,0.25855,0.26391,0.25422,0.25637,25445137.0,2024-03-27 16:00
1711569600000,0.25632,0.25817,0.24831,0.25727,32852977.0,2024-03-27 20:00
1711584000000,0.25726,0.26624,0.25642,0.261,22866241.0,2024-03-28 00:00
1711598400000,0.26101,0.27378,0.26069,0.2732,17437529.0,2024-03-28 04:00
1711612800000,0.27316,0.30697,0.27041,0.29059,154610564.0,2024-03-28 08:00
1711627200000,0.29062,0.31741,0.28638,0.31515,280927811.0,2024-03-28 12:00
1711641600000,0.31515,0.32381,0.304,0.30652,268594932.0,2024-03-28 16:00
1711656000000,0.30662,0.31155,0.28802,0.28892,117053833.0,2024-03-28 20:00
1711670400000,0.28886,0.2957,0.28501,0.28794,60915470.0,2024-03-29 00:00
1711684800000,0.28799,0.29036,0.2802,0.28223,52116426.0,2024-03-29 04:00
1711699200000,0.28223,0.29018,0.27938,0.28991,46928020.0,2024-03-29 08:00
1711713600000,0.28988,0.29177,0.2808,0.28566,51663443.0,2024-03-29 12:00
1711728000000,0.28567,0.29883,0.28394,0.2917,55787268.0,2024-03-29 16:00
1711742400000,0.29168,0.2921,0.28427,0.28721,28590022.0,2024-03-29 20:00
1711756800000,0.28721,0.29505,0.28609,0.29123,27011597.0,2024-03-30 00:00
1711771200000,0.29123,0.29854,0.287,0.2884,35571739.0,2024-03-30 04:00
1711785600000,0.28836,0.29452,0.2856,0.28862,21913837.0,2024-03-30 08:00
1711800000000,0.28857,0.28875,0.28082,0.28533,21649110.0,2024-03-30 12:00
1711814400000,0.28534,0.28962,0.283,0.28487,18811146.0,2024-03-30 16:00
1711828800000,0.2848,0.28512,0.27523,0.27897,18682021.0,2024-03-30 20:00
1711843200000,0.27897,0.28115,0.27602,0.27758,12844727.0,2024-03-31 00:00
1711857600000,0.27763,0.28712,0.27538,0.28282,16657909.0,2024-03-31 04:00
1711872000000,0.28282,0.28477,0.2806,0.28468,9646924.0,2024-03-31 08:00
1711886400000,0.28471,0.28473,0.27888,0.28137,12590922.0,2024-03-31 12:00
1711900800000,0.28132,0.28385,0.28042,0.28145,11251472.0,2024-03-31 16:00
1711915200000,0.28145,0.28458,0.27876,0.28324,10145262.0,2024-03-31 20:00
1711929600000,0.28323,0.28424,0.2795,0.28187,11459395.0,2024-04-01 00:00
1711944000000,0.28196,0.28337,0.253,0.26605,48662599.0,2024-04-01 04:00
1711958400000,0.2661,0.26652,0.26097,0.26595,20450753.0,2024-04-01 08:00
1711972800000,0.26591,0.27201,0.25692,0.26017,35677466.0,2024-04-01 12:00
1711987200000,0.2601,0.26571,0.25633,0.26525,24025173.0,2024-04-01 16:00
1712001600000,0.2653,0.26555,0.26281,0.26366,9638285.0,2024-04-01 20:00
1712016000000,0.26364,0.26371,0.23812,0.24885,44409102.0,2024-04-02 00:00
1712030400000,0.24874,0.25234,0.24519,0.24767,23029760.0,2024-04-02 04:00
1712044800000,0.24774,0.24873,0.23345,0.24002,37694804.0,2024-04-02 08:00
1712059200000,0.24003,0.24414,0.23222,0.23691,31198529.0,2024-04-02 12:00
1712073600000,0.23693,0.24177,0.2351,0.24013,16719064.0,2024-04-02 16:00
1712088000000,0.24014,0.24137,0.23549,0.23673,12353596.0,2024-04-02 20:00
1712102400000,0.2367,0.23877,0.22256,0.23799,36503659.0,2024-04-03 00:00
1712116800000,0.23797,0.24178,0.23537,0.23869,13499072.0,2024-04-03 04:00
1712131200000,0.23867,0.24272,0.23419,0.23495,20106022.0,2024-04-03 08:00
1712145600000,0.23494,0.23676,0.22656,0.22851,32474842.0,2024-04-03 12:00
1712160000000,0.22858,0.23038,0.22319,0.2243,27302247.0,2024-04-03 16:00
1712174400000,0.22427,0.22506,0.21657,0.22267,23862379.0,2024-04-03 20:00
1712188800000,0.22261,0.22792,0.21882,0.21942,15645839.0,2024-04-04 00:00
1712203200000,0.2195,0.22901,0.21438,0.22597,26720215.0,2024-04-04 04:00
1712217600000,0.22598,0.22758,0.22,0.22334,17027854.0,2024-04-04 08:00
1712232000000,0.22333,0.24888,0.22318,0.24671,74966394.0,2024-04-04 12:00
1712246400000,0.24671,0.25789,0.24235,0.2452,90796558.0,2024-04-04 16:00
1712260800000,0.24523,0.24593,0.23595,0.24088,40901894.0,2024-04-04 20:00
1712275200000,0.24078,0.24078,0.22858,0.23238,25729980.0,2024-04-05 00:00
1712289600000,0.23238,0.23968,0.22262,0.23079,60205405.0,2024-04-05 04:00
1712304000000,0.23089,0.23632,0.22573,0.22772,51921056.0,2024-04-05 08:00
1712318400000,0.22772,0.23892,0.22537,0.23507,48977916.0,2024-04-05 12:00
1712332800000,0.23501,0.23633,0.22943,0.23026,20603097.0,2024-04-05 16:00
1712347200000,0.23019,0.23325,0.2279,0.22808,11509040.0,2024-04-05 20:00
1712361600000,0.22807,0.2331,0.22562,0.23001,13653143.0,2024-04-06 00:00
1712376000000,0.22997,0.23382,0.2283,0.2316,12320961.0,2024-04-06 04:00
1712390400000,0.2316,0.23521,0.23088,0.23227,12739204.0,2024-04-06 08:00
1712404800000,0.23225,0.23322,0.22792,0.23198,13418927.0,2024-04-06 12:00
1712419200000,0.23189,0.23263,0.22867,0.22932,12397564.0,2024-04-06 16:00
1712433600000,0.22938,0.2345,0.22913,0.23158,9461933.0,2024-04-06 20:00
1712448000000,0.23156,0.23616,0.23049,0.23513,11543232.0,2024-04-07 00:00
1712462400000,0.23512,0.23586,0.23125,0.23275,10615399.0,2024-04-07 04:00
1712476800000,0.23275,0.23871,0.23227,0.23717,15617917.0,2024-04-07 08:00
1712491200000,0.23719,0.23729,0.23177,0.23209,14174496.0,2024-04-07 12:00
1712505600000,0.23214,0.23567,0.22818,0.22864,17908928.0,2024-04-07 16:00
1712520000000,0.22864,0.23047,0.225,0.22984,17496095.0,2024-04-07 20:00
1712534400000,0.22986,0.23158,0.22571,0.22821,13532534.0,2024-04-08 00:00
1712548800000,0.22819,0.23552,0.22669,0.23432,9771526.0,2024-04-08 04:00
1712563200000,0.23432,0.24987,0.23391,0.24637,42699342.0,2024-04-08 08:00
1712577600000,0.24636,0.2492,0.23931,0.2422,27349278.0,2024-04-08 12:00
1712592000000,0.24209,0.24558,0.24063,0.24518,12864661.0,2024-04-08 16:00
1712606400000,0.24522,0.25848,0.24273,0.25389,52713812.0,2024-04-08 20:00
1712620800000,0.25386,0.25536,0.244,0.247,37631201.0,2024-04-09 00:00
1712635200000,0.24699,0.24782,0.23725,0.23865,23080834.0,2024-04-09 04:00
1712649600000,0.23874,0.24176,0.23353,0.2375,27428997.0,2024-04-09 08:00
1712664000000,0.2375,0.23864,0.22604,0.23054,32071279.0,2024-04-09 12:00
1712678400000,0.23055,0.23168,0.22736,0.23025,14053431.0,2024-04-09 16:00
1712692800000,0.23021,0.23139,0.22674,0.22844,10208358.0,2024-04-09 20:00
1712707200000,0.22843,0.23109,0.21866,0.22277,28667600.0,2024-04-10 00:00
1712721600000,0.22277,0.22468,0.22025,0.22308,13049546.0,2024-04-10 04:00
1712736000000,0.22311,0.2235,0.21571,0.21883,20531436.0,2024-04-10 08:00
1712750400000,0.21881,0.21941,0.20432,0.21365,45174780.0,2024-04-10 12:00
1712764800000,0.21357,0.21993,0.21261,0.21696,18019161.0,2024-04-10 16:00
1712779200000,0.21696,0.21951,0.21283,0.21732,14769960.0,2024-04-10 20:00
1712793600000,0.21734,0.21755,0.21405,0.21632,9199233.0,2024-04-11 00:00
1712808000000,0.21629,0.22152,0.21401,0.22068,11102204.0,2024-04-11 04:00
1712822400000,0.2206,0.22252,0.21063,0.21154,15737541.0,2024-04-11 08:00
1712836800000,0.21155,0.21449,0.20618,0.2085,24164534.0,2024-04-11 12:00
1712851200000,0.2086,0.20938,0.20461,0.20739,14550801.0,2024-04-11 16:00
1712865600000,0.20744,0.21128,0.20574,0.21109,14443929.0,2024-04-11 20:00
1712880000000,0.21107,0.22018,0.21086,0.21913,13062047.0,2024-04-12 00:00
1712894400000,0.21911,0.21939,0.21166,0.21191,10768621.0,2024-04-12 04:00
1712908800000,0.21192,0.21552,0.21116,0.21423,8225851.0,2024-04-12 08:00
1712923200000,0.21423,0.21423,0.1974,0.19802,36014701.0,2024-04-12 12:00
1712937600000,0.19802,0.19855,0.1469,0.16539,179023472.0,2024-04-12 16:00
1712952000000,0.1655,0.17511,0.16488,0.16891,44482993.0,2024-04-12 20:00
1712966400000,0.16894,0.16925,0.15654,0.16534,35543565.0,2024-04-13 00:00
1712980800000,0.1654,0.1703,0.16427,0.16702,20947028.0,2024-04-13 04:00
1712995200000,0.16706,0.17378,0.16601,0.17082,28810838.0,2024-04-13 08:00
1713009600000,0.17082,0.17661,0.16976,0.1723,27334853.0,2024-04-13 12:00
1713024000000,0.1723,0.17314,0.1335,0.1405,92193470.0,2024-04-13 16:00
1713038400000,0.14056,0.15049,0.12001,0.14786,132600494.0,2024-04-13 20:00
1713052800000,0.14789,0.14918,0.1398,0.14524,35576564.0,2024-04-14 00:00
1713067200000,0.14524,0.15868,0.14458,0.15759,24630197.0,2024-04-14 04:00
1713081600000,0.15754,0.16218,0.14971,0.15168,23822084.0,2024-04-14 08:00
1713096000000,0.15168,0.15705,0.14996,0.15368,23468104.0,2024-04-14 12:00
1713110400000,0.15368,0.15976,0.14818,0.15424,34633421.0,2024-04-14 16:00
1713124800000,0.15424,0.16439,0.14966,0.16274,32912571.0,2024-04-14 20:00
1713139200000,0.1627,0.16286,0.15598,0.15867,18363857.0,2024-04-15 00:00
1713153600000,0.15862,0.17519,0.15534,0.17114,30865418.0,2024-04-15 04:00
1713168000000,0.17113,0.17222,0.16512,0.16568,30081120.0,2024-04-15 08:00
1713182400000,0.16567,0.16793,0.15525,0.15898,49781234.0,2024-04-15 12:00
1713196800000,0.159,0.16045,0.14421,0.15267,51191581.0,2024-04-15 16:00
1713211200000,0.15264,0.15571,0.1476,0.15472,27459991.0,2024-04-15 20:00
1713225600000,0.15472,0.15781,0.15058,0.15245,26897332.0,2024-04-16 00:00
1713240000000,0.15239,0.1581,0.14659,0.15657,27456722.0,2024-04-16 04:00
1713254400000,0.15659,0.15695,0.14752,0.1552,30702970.0,2024-04-16 08:00
1713268800000,0.15518,0.15518,0.14272,0.14438,43853854.0,2024-04-16 12:00
1713283200000,0.14432,0.15378,0.14336,0.14992,33217447.0,2024-04-16 16:00
1713297600000,0.14993,0.15565,0.14964,0.15241,13482654.0,2024-04-16 20:00
1713312000000,0.15241,0.15334,0.14789,0.14978,19574547.0,2024-04-17 00:00
1713326400000,0.14978,0.15328,0.14778,0.14918,17786359.0,2024-04-17 04:00
1713340800000,0.14925,0.15038,0.14364,0.14395,17781142.0,2024-04-17 08:00
1713355200000,0.14404,0.14623,0.13794,0.13959,43255703.0,2024-04-17 12:00
1713369600000,0.13958,0.15132,0.1375,0.14884,42466849.0,2024-04-17 16:00
1713384000000,0.14887,0.1516,0.14676,0.14753,23290922.0,2024-04-17 20:00
1713398400000,0.14757,0.15154,0.143,0.14963,23582641.0,2024-04-18 00:00
1713412800000,0.14969,0.1506,0.14337,0.14472,13044962.0,2024-04-18 04:00
1713427200000,0.14467,0.15221,0.14292,0.15003,18446850.0,2024-04-18 08:00
1713441600000,0.15003,0.15774,0.14816,0.15424,51579739.0,2024-04-18 12:00
1713456000000,0.15424,0.15597,0.14764,0.15305,23357745.0,2024-04-18 16:00
1713470400000,0.15302,0.1536,0.15082,0.15127,10368779.0,2024-04-18 20:00
1713484800000,0.15131,0.15131,0.1348,0.14336,50036137.0,2024-04-19 00:00
1713499200000,0.14338,0.15485,0.14274,0.15271,33558508.0,2024-04-19 04:00
1713513600000,0.15272,0.15772,0.15185,0.15622,21201346.0,2024-04-19 08:00
1713528000000,0.15622,0.1602,0.1538,0.15788,21184002.0,2024-04-19 12:00
1713542400000,0.15785,0.15837,0.15394,0.15623,15734408.0,2024-04-19 16:00
1713556800000,0.15624,0.15631,0.14875,0.15228,16916169.0,2024-04-19 20:00
1713571200000,0.1523,0.1556,0.14855,0.15396,12163771.0,2024-04-20 00:00
1713585600000,0.15398,0.1599,0.15298,0.15744,13773364.0,2024-04-20 04:00
1713600000000,0.15746,0.15906,0.15366,0.15832,15365658.0,2024-04-20 08:00
1713614400000,0.15831,0.17187,0.15729,0.17019,36030126.0,2024-04-20 12:00
1713628800000,0.17026,0.17852,0.1675,0.17707,38971848.0,2024-04-20 16:00
1713643200000,0.17707,0.18298,0.1737,0.17637,32585437.0,2024-04-20 20:00
1713657600000,0.17633,0.17634,0.1718,0.17387,21713483.0,2024-04-21 00:00
1713672000000,0.17385,0.17512,0.17154,0.1742,11189434.0,2024-04-21 04:00
1713686400000,0.17418,0.17529,0.17125,0.17218,13528485.0,2024-04-21 08:00
1713700800000,0.17214,0.17296,0.16655,0.16963,19345496.0,2024-04-21 12:00
1713715200000,0.16962,0.16997,0.16498,0.1667,13182270.0,2024-04-21 16:00
1713729600000,0.16671,0.1704,0.16613,0.16816,8286219.0,2024-04-21 20:00
1713744000000,0.16811,0.17444,0.16734,0.17308,12626488.0,2024-04-22 00:00
1713758400000,0.17306,0.18043,0.17253,0.17631,22250793.0,2024-04-22 04:00
1713772800000,0.17635,0.17706,0.17116,0.17272,16124398.0,2024-04-22 08:00
1713787200000,0.17273,0.17532,0.16888,0.17266,18297292.0,2024-04-22 12:00
1713801600000,0.17264,0.17472,0.17065,0.17335,11111067.0,2024-04-22 16:00
1713816000000,0.17325,0.17875,0.17196,0.17579,13820094.0,2024-04-22 20:00
1713830400000,0.17586,0.17782,0.17244,0.17311,9743186.0,2024-04-23 00:00
1713844800000,0.17309,0.17839,0.1692,0.17084,21411404.0,2024-04-23 04:00
1713859200000,0.17082,0.1728,0.16946,0.17056,12770716.0,2024-04-23 08:00
1713873600000,0.17068,0.17707,0.16914,0.17369,20148465.0,2024-04-23 12:00
1713888000000,0.17364,0.1905,0.17296,0.18637,107856366.0,2024-04-23 16:00
1713902400000,0.1863,0.188,0.17919,0.18093,35364202.0,2024-04-23 20:00
1713916800000,0.1809,0.18839,0.18012,0.18267,30286993.0,2024-04-24 00:00
1713931200000,0.18271,0.18701,0.18021,0.18358,26764480.0,2024-04-24 04:00
1713945600000,0.18352,0.18648,0.17798,0.18113,27385508.0,2024-04-24 08:00
1713960000000,0.1811,0.18191,0.16601,0.16732,41049753.0,2024-04-24 12:00
1713974400000,0.1673,0.17036,0.16301,0.16912,41598137.0,2024-04-24 16:00
1713988800000,0.16912,0.17011,0.16242,0.1653,18161084.0,2024-04-24 20:00
1714003200000,0.1653,0.16616,0.16021,0.16198,16112808.0,2024-04-25 00:00
1714017600000,0.16198,0.1638,0.15846,0.16169,16060325.0,2024-04-25 04:00
1714032000000,0.16162,0.16456,0.15961,0.16277,17434933.0,2024-04-25 08:00
1714046400000,0.16279,0.17044,0.1611,0.17028,30871006.0,2024-04-25 12:00
1714060800000,0.17025,0.19473,0.16901,0.18985,161830568.0,2024-04-25 16:00
1714075200000,0.18985,0.19462,0.17781,0.17791,95207805.0,2024-04-25 20:00
1714089600000,0.17791,0.18141,0.17011,0.17321,42177650.0,2024-04-26 00:00
1714104000000,0.17317,0.17942,0.1675,0.16848,66040137.0,2024-04-26 04:00
1714118400000,0.16854,0.16966,0.16601,0.16831,27068875.0,2024-04-26 08:00
1714132800000,0.1683,0.17168,0.16277,0.16558,40019815.0,2024-04-26 12:00
1714147200000,0.16556,0.1673,0.16422,0.16606,18169272.0,2024-04-26 16:00
1714161600000,0.16603,0.16888,0.16261,0.16366,17075649.0,2024-04-26 20:00
1714176000000,0.1637,0.16791,0.15651,0.16665,31190479.0,2024-04-27 00:00
1714190400000,0.16664,0.17,0.16323,0.16343,17489413.0,2024-04-27 04:00
1714204800000,0.16344,0.16472,0.16001,0.16144,12800655.0,2024-04-27 08:00
1714219200000,0.16149,0.16576,0.16054,0.16138,13033345.0,2024-04-27 12:00
1714233600000,0.16142,0.16841,0.16055,0.16596,20686885.0,2024-04-27 16:00
1714248000000,0.16597,0.16688,0.16423,0.16534,8657702.0,2024-04-27 20:00
1714262400000,0.16536,0.17331,0.16501,0.17094,13040748.0,2024-04-28 00:00
1714276800000,0.17096,0.17179,0.16961,0.17001,8794995.0,2024-04-28 04:00
1714291200000,0.17009,0.17368,0.16708,0.16894,25597353.0,2024-04-28 08:00
1714305600000,0.16888,0.17665,0.16826,0.1753,32353489.0,2024-04-28 12:00
1714320000000,0.1753,0.18288,0.17403,0.17411,49167467.0,2024-04-28 16:00
1714334400000,0.17408,0.17486,0.16544,0.16806,22981692.0,2024-04-28 20:00
1714348800000,0.16807,0.17061,0.16559,0.16621,22014894.0,2024-04-29 00:00
1714363200000,0.1662,0.16948,0.16076,0.1651,21211124.0,2024-04-29 04:00
1714377600000,0.16509,0.16513,0.16094,0.16143,16478896.0,2024-04-29 08:00
1714392000000,0.16142,0.17185,0.1596,0.16981,33197958.0,2024-04-29 12:00
1714406400000,0.16989,0.17178,0.1632,0.16543,27349126.0,2024-04-29 16:00
1714420800000,0.16544,0.17217,0.16257,0.16896,19003013.0,2024-04-29 20:00
1714435200000,0.16892,0.17281,0.16506,0.16743,21058176.0,2024-04-30 00:00
1714449600000,0.16748,0.16837,0.16046,0.16118,35509508.0,2024-04-30 04:00
1714464000000,0.16122,0.16175,0.15322,0.15427,32131373.0,2024-04-30 08:00
1714478400000,0.15423,0.1561,0.15054,0.15212,37316957.0,2024-04-30 12:00
1714492800000,0.15215,0.15268,0.14852,0.15039,29613973.0,2024-04-30 16:00
1714507200000,0.15043,0.1553,0.1491,0.15316,24218315.0,2024-04-30 20:00
1714521600000,0.15319,0.15347,0.14726,0.15133,18053010.0,2024-05-01 00:00
1714536000000,0.15133,0.15227,0.1381,0.14099,31915170.0,2024-05-01 04:00
1714550400000,0.14093,0.14819,0.13741,0.14812,27529418.0,2024-05-01 08:00
1714564800000,0.14813,0.15134,0.14239,0.14495,34077712.0,2024-05-01 12:00
1714579200000,0.14496,0.15733,0.14408,0.14927,49345327.0,2024-05-01 16:00
1714593600000,0.14936,0.15326,0.14838,0.15202,15359533.0,2024-05-01 20:00
1714608000000,0.15201,0.15262,0.14574,0.14785,13488120.0,2024-05-02 00:00
1714622400000,0.14781,0.14898,0.14558,0.14713,9334180.0,2024-05-02 04:00
1714636800000,0.14716,0.15338,0.14684,0.15284,14445858.0,2024-05-02 08:00
1714651200000,0.15284,0.16367,0.15246,0.1609,44987163.0,2024-05-02 12:00
1714665600000,0.1609,0.16248,0.15716,0.15933,24868824.0,2024-05-02 16:00
1714680000000,0.15924,0.16174,0.15652,0.15909,15226317.0,2024-05-02 20:00
1714694400000,0.15912,0.16307,0.15673,0.16054,13496023.0,2024-05-03 00:00
1714708800000,0.16053,0.16222,0.15824,0.15889,15656468.0,2024-05-03 04:00
1714723200000,0.1589,0.1614,0.15731,0.1587,15143092.0,2024-05-03 08:00
1714737600000,0.15868,0.16726,0.15657,0.16606,30595687.0,2024-05-03 12:00
1714752000000,0.16606,0.16962,0.1647,0.16621,20789881.0,2024-05-03 16:00
1714766400000,0.1662,0.16988,0.16571,0.16835,14337249.0,2024-05-03 20:00
1714780800000,0.16834,0.17034,0.16543,0.16754,11576967.0,2024-05-04 00:00
1714795200000,0.16747,0.17393,0.16684,0.17163,15445357.0,2024-05-04 04:00
1714809600000,0.17162,0.18517,0.17152,0.17754,47752975.0,2024-05-04 08:00
1714824000000,0.17761,0.17963,0.17381,0.17597,24794570.0,2024-05-04 12:00
1714838400000,0.17599,0.1782,0.1753,0.17739,14846912.0,2024-05-04 16:00
1714852800000,0.1774,0.17936,0.17586,0.17672,19758951.0,2024-05-04 20:00
1714867200000,0.17668,0.17953,0.1718,0.17713,32072054.0,2024-05-05 00:00
1714881600000,0.17713,0.18552,0.175,0.1819,43750524.0,2024-05-05 04:00
1714896000000,0.18193,0.19944,0.1817,0.18834,231558834.0,2024-05-05 08:00
1714910400000,0.18833,0.19412,0.18505,0.19184,84598801.0,2024-05-05 12:00
1714924800000,0.19188,0.195,0.1877,0.19065,40769064.0,2024-05-05 16:00
1714939200000,0.19065,0.19181,0.18708,0.19102,17758346.0,2024-05-05 20:00
1714953600000,0.19103,0.19751,0.19078,0.19456,27740268.0,2024-05-06 00:00
1714968000000,0.19453,0.201,0.19112,0.19588,43629692.0,2024-05-06 04:00
1714982400000,0.19588,0.20412,0.19581,0.20105,62601175.0,2024-05-06 08:00
1714996800000,0.20104,0.20268,0.19075,0.19346,51216794.0,2024-05-06 12:00
1715011200000,0.19341,0.19505,0.18625,0.19205,35503036.0,2024-05-06 16:00
1715025600000,0.19195,0.19315,0.18959,0.19056,12679477.0,2024-05-06 20:00
1715040000000,0.19056,0.19681,0.18973,0.19218,23158288.0,2024-05-07 00:00
1715054400000,0.19214,0.19411,0.18743,0.19,24955221.0,2024-05-07 04:00
1715068800000,0.18997,0.1972,0.18951,0.19276,22191216.0,2024-05-07 08:00
1715083200000,0.19276,0.19414,0.18461,0.19144,24999988.0,2024-05-07 12:00
1715097600000,0.19139,0.19507,0.18757,0.18832,16283453.0,2024-05-07 16:00
1715112000000,0.18832,0.1902,0.18268,0.18322,18858353.0,2024-05-07 20:00
1715126400000,0.18321,0.18636,0.18075,0.18387,12212469.0,2024-05-08 00:00
1715140800000,0.18389,0.18738,0.18077,0.18145,20653199.0,2024-05-08 04:00
1715155200000,0.18147,0.18412,0.17615,0.17637,29464405.0,2024-05-08 08:00
1715169600000,0.17643,0.18112,0.17395,0.17648,23328828.0,2024-05-08 12:00
1715184000000,0.17652,0.18434,0.1744,0.17909,23927822.0,2024-05-08 16:00
1715198400000,0.17902,0.18028,0.17236,0.17413,21743064.0,2024-05-08 20:00
1715212800000,0.17408,0.17819,0.17035,0.17613,12447361.0,2024-05-09 00:00
1715227200000,0.17612,0.17989,0.17383,0.17473,11662512.0,2024-05-09 04:00
1715241600000,0.17471,0.17538,0.16816,0.17024,25934306.0,2024-05-09 08:00
1715256000000,0.17028,0.17776,0.17018,0.17644,19306428.0,2024-05-09 12:00
1715270400000,0.17644,0.1861,0.1759,0.18462,26419174.0,2024-05-09 16:00
1715284800000,0.18449,0.1868,0.17924,0.18058,17340388.0,2024-05-09 20:00
1715299200000,0.18062,0.18192,0.17883,0.17978,7656834.0,2024-05-10 00:00
1715313600000,0.17978,0.1823,0.17888,0.18064,12292815.0,2024-05-10 04:00
1715328000000,0.18066,0.18074,0.1772,0.17914,12127184.0,2024-05-10 08:00
1715342400000,0.17915,0.1803,0.16567,0.16885,33795018.0,2024-05-10 12:00
1715356800000,0.16881,0.17115,0.16578,0.17014,22140502.0,2024-05-10 16:00
1715371200000,0.17009,0.17076,0.16717,0.16864,8133968.0,2024-05-10 20:00
1715385600000,0.16862,0.17149,0.16763,0.1681,6310664.0,2024-05-11 00:00
1715400000000,0.16807,0.16974,0.16702,0.16893,6379013.0,2024-05-11 04:00
1715414400000,0.16893,0.16923,0.16485,0.16642,8041683.0,2024-05-11 08:00
1715428800000,0.16638,0.17339,0.16632,0.17316,12189959.0,2024-05-11 12:00
1715443200000,0.17319,0.17568,0.16955,0.17178,18616295.0,2024-05-11 16:00
1715457600000,0.1718,0.1718,0.16767,0.16864,8170528.0,2024-05-11 20:00
1715472000000,0.1686,0.17118,0.16834,0.17037,3495255.0,2024-05-12 00:00
1715486400000,0.17037,0.17222,0.16733,0.16812,7012162.0,2024-05-12 04:00
1715500800000,0.1681,0.17156,0.16718,0.1699,7183760.0,2024-05-12 08:00
1715515200000,0.1699,0.17124,0.16879,0.17093,8556951.0,2024-05-12 12:00
1715529600000,0.17094,0.17311,0.16687,0.16828,13663382.0,2024-05-12 16:00
1715544000000,0.16829,0.16843,0.16384,0.1658,8481420.0,2024-05-12 20:00
1715558400000,0.1658,0.16809,0.15614,0.15965,18597194.0,2024-05-13 00:00
1715572800000,0.15965,0.16626,0.15605,0.16605,13903751.0,2024-05-13 04:00
1715587200000,0.16611,0.17678,0.16607,0.17314,56307190.0,2024-05-13 08:00
1715601600000,0.17315,0.17832,0.17058,0.17325,44896203.0,2024-05-13 12:00
1715616000000,0.17331,0.17761,0.16764,0.17106,25110007.0,2024-05-13 16:00
1715630400000,0.17104,0.17179,0.16859,0.1702,8592708.0,2024-05-13 20:00
1715644800000,0.17015,0.17199,0.16604,0.16669,12346762.0,2024-05-14 00:00
1715659200000,0.16672,0.17164,0.16419,0.16767,17724061.0,2024-05-14 04:00
1715673600000,0.16768,0.17249,0.16619,0.17087,34008033.0,2024-05-14 08:00
1715688000000,0.17087,0.1728,0.16415,0.16549,31880856.0,2024-05-14 12:00
1715702400000,0.16548,0.16575,0.16102,0.16358,20582246.0,2024-05-14 16:00
1715716800000,0.16361,0.16423,0.16136,0.16238,6068211.0,2024-05-14 20:00
1715731200000,0.16238,0.16512,0.16115,0.16476,5683013.0,2024-05-15 00:00
1715745600000,0.16478,0.16627,0.16329,0.16576,6003092.0,2024-05-15 04:00
1715760000000,0.16576,0.16899,0.16239,0.16478,17270751.0,2024-05-15 08:00
1715774400000,0.16486,0.18353,0.16369,0.17969,59149786.0,2024-05-15 12:00
1715788800000,0.1797,0.19128,0.17859,0.18112,79452313.0,2024-05-15 16:00
1715803200000,0.18118,0.18206,0.17803,0.17978,13936808.0,2024-05-15 20:00
1715817600000,0.17978,0.1818,0.17894,0.18036,13168943.0,2024-05-16 00:00
1715832000000,0.18037,0.1865,0.17858,0.18493,19187191.0,2024-05-16 04:00
1715846400000,0.18489,0.20121,0.18489,0.19562,116279704.0,2024-05-16 08:00
1715860800000,0.19566,0.19626,0.18026,0.18508,87092427.0,2024-05-16 12:00
1715875200000,0.18503,0.18803,0.18151,0.18572,29133313.0,2024-05-16 16:00
1715889600000,0.1857,0.18854,0.18313,0.18712,16938237.0,2024-05-16 20:00
1715904000000,0.1871,0.19562,0.18657,0.1916,38108098.0,2024-05-17 00:00
1715918400000,0.19154,0.19977,0.18902,0.19892,68113962.0,2024-05-17 04:00
1715932800000,0.19893,0.19924,0.19,0.19153,34232654.0,2024-05-17 08:00
1715947200000,0.19149,0.19529,0.18617,0.19467,39050608.0,2024-05-17 12:00
1715961600000,0.19467,0.19512,0.18725,0.19021,21621216.0,2024-05-17 16:00
1715976000000,0.19019,0.19143,0.18924,0.19021,8026985.0,2024-05-17 20:00
1715990400000,0.19025,0.1915,0.188,0.19014,9194111.0,2024-05-18 00:00
1716004800000,0.19019,0.19181,0.1884,0.18887,10071342.0,2024-05-18 04:00
1716019200000,0.18892,0.19374,0.188,0.18811,17051044.0,2024-05-18 08:00
1716033600000,0.18811,0.18896,0.18102,0.18307,23186744.0,2024-05-18 12:00
1716048000000,0.18307,0.1836,0.18107,0.18274,8512755.0,2024-05-18 16:00
1716062400000,0.1828,0.18497,0.18225,0.1843,7288712.0,2024-05-18 20:00
1716076800000,0.1843,0.19338,0.18386,0.18968,15756468.0,2024-05-19 00:00
1716091200000,0.18969,0.18992,0.18453,0.18554,14865427.0,2024-05-19 04:00
1716105600000,0.18557,0.18557,0.18104,0.18309,14603755.0,2024-05-19 08:00
1716120000000,0.1831,0.18442,0.17677,0.1804,19365266.0,2024-05-19 12:00
1716134400000,0.18037,0.18088,0.17554,0.17612,19646023.0,2024-05-19 16:00
1716148800000,0.17613,0.1788,0.17366,0.17728,12413243.0,2024-05-19 20:00
1716163200000,0.17727,0.18044,0.17462,0.17812,11639227.0,2024-05-20 00:00
1716177600000,0.17812,0.18422,0.17515,0.17995,20918233.0,2024-05-20 04:00
1716192000000,0.17995,0.18167,0.17554,0.17625,11001093.0,2024-05-20 08:00
1716206400000,0.17626,0.18059,0.17443,0.17984,13944056.0,2024-05-20 12:00
1716220800000,0.17992,0.19284,0.17913,0.19098,33645387.0,2024-05-20 16:00
1716235200000,0.19106,0.19324,0.18472,0.19234,32996314.0,2024-05-20 20:00
1716249600000,0.1924,0.19395,0.18767,0.19004,16445768.0,2024-05-21 00:00
1716264000000,0.19003,0.19199,0.18716,0.19059,10909604.0,2024-05-21 04:00
1716278400000,0.19063,0.19569,0.18979,0.19261,20606132.0,2024-05-21 08:00
1716292800000,0.19268,0.19815,0.189,0.18959,25949367.0,2024-05-21 12:00
1716307200000,0.18957,0.1951,0.18837,0.18982,16580793.0,2024-05-21 16:00
1716321600000,0.18982,0.195,0.189,0.19339,10232308.0,2024-05-21 20:00
1716336000000,0.19339,0.19478,0.18995,0.1912,11276382.0,2024-05-22 00:00
1716350400000,0.1912,0.19214,0.18545,0.19024,13306602.0,2024-05-22 04:00
1716364800000,0.19017,0.19129,0.18662,0.18669,10287089.0,2024-05-22 08:00
1716379200000,0.18661,0.19095,0.18181,0.19039,22396185.0,2024-05-22 12:00
1716393600000,0.19036,0.19164,0.18511,0.18644,14440572.0,2024-05-22 16:00
1716408000000,0.18649,0.18827,0.18337,0.18489,7671432.0,2024-05-22 20:00
1716422400000,0.18484,0.18829,0.18404,0.18688,9194466.0,2024-05-23 00:00
1716436800000,0.18684,0.18867,0.18518,0.18628,10307782.0,2024-05-23 04:00
1716451200000,0.18625,0.18633,0.182,0.18516,11471898.0,2024-05-23 08:00
1716465600000,0.18516,0.18537,0.175,0.17843,34331938.0,2024-05-23 12:00
1716480000000,0.17836,0.17938,0.1728,0.17672,14298035.0,2024-05-23 16:00
1716494400000,0.17663,0.18362,0.16834,0.18231,20587007.0,2024-05-23 20:00
1716508800000,0.18228,0.18491,0.18132,0.18455,5884117.0,2024-05-24 00:00
1716523200000,0.18449,0.18848,0.1778,0.17977,15257339.0,2024-05-24 04:00
1716537600000,0.17977,0.1811,0.17608,0.18068,10614608.0,2024-05-24 08:00
1716552000000,0.18068,0.18829,0.18046,0.18626,23337188.0,2024-05-24 12:00
1716566400000,0.18623,0.18998,0.18345,0.18739,16881027.0,2024-05-24 16:00
1716580800000,0.18735,0.18779,0.18491,0.18575,6415269.0,2024-05-24 20:00
1716595200000,0.18575,0.18809,0.18466,0.18778,6483351.0,2024-05-25 00:00
1716609600000,0.18777,0.19563,0.18773,0.19143,18627768.0,2024-05-25 04:00
1716624000000,0.19137,0.19358,0.19,0.19232,11163977.0,2024-05-25 08:00
1716638400000,0.19232,0.19319,0.18947,0.1919,12116763.0,2024-05-25 12:00
1716652800000,0.19189,0.19305,0.19006,0.19161,6624694.0,2024-05-25 16:00
1716667200000,0.19152,0.19183,0.1897,0.1914,6366068.0,2024-05-25 20:00
1716681600000,0.1914,0.19474,0.19001,0.19429,9595470.0,2024-05-26 00:00
1716696000000,0.1943,0.19534,0.1897,0.19041,9060663.0,2024-05-26 04:00
1716710400000,0.19041,0.19334,0.18707,0.18804,13151792.0,2024-05-26 08:00
1716724800000,0.18802,0.19493,0.18608,0.19152,16362954.0,2024-05-26 12:00
1716739200000,0.19154,0.19989,0.19107,0.19833,30474173.0,2024-05-26 16:00
1716753600000,0.19834,0.19943,0.19309,0.19472,15567101.0,2024-05-26 20:00
1716768000000,0.1947,0.21203,0.19445,0.20835,31081536.0,2024-05-27 00:00
1716782400000,0.20835,0.21547,0.2026,0.20528,46615347.0,2024-05-27 04:00
1716796800000,0.20539,0.20833,0.20097,0.20285,25915927.0,2024-05-27 08:00
1716811200000,0.20285,0.20796,0.2015,0.20758,20694501.0,2024-05-27 12:00
1716825600000,0.20758,0.20847,0.20235,0.20395,15248280.0,2024-05-27 16:00
1716840000000,0.20398,0.21382,0.20372,0.21236,16983981.0,2024-05-27 20:00
1716854400000,0.21248,0.2126,0.20357,0.20606,16901357.0,2024-05-28 00:00
1716868800000,0.20601,0.20608,0.19866,0.20251,23080610.0,2024-05-28 04:00
1716883200000,0.2025,0.21281,0.20147,0.20918,31047753.0,2024-05-28 08:00
1716897600000,0.20923,0.21078,0.2012,0.20326,27089556.0,2024-05-28 12:00
1716912000000,0.20324,0.20556,0.19762,0.2051,18218873.0,2024-05-28 16:00
1716926400000,0.20508,0.2078,0.20086,0.20217,12106902.0,2024-05-28 20:00
1716940800000,0.20216,0.20437,0.19701,0.20043,13049061.0,2024-05-29 00:00
1716955200000,0.2005,0.20674,0.19981,0.20254,11681894.0,2024-05-29 04:00
1716969600000,0.20254,0.20311,0.19659,0.19771,16838301.0,2024-05-29 08:00
1716984000000,0.19768,0.19981,0.19419,0.19475,14149974.0,2024-05-29 12:00
1716998400000,0.19476,0.19992,0.19202,0.1968,13523903.0,2024-05-29 16:00
1717012800000,0.1969,0.19707,0.19375,0.19431,6489382.0,2024-05-29 20:00
1717027200000,0.19423,0.20383,0.19403,0.20122,12680775.0,2024-05-30 00:00
1717041600000,0.20121,0.20348,0.18914,0.19042,18344210.0,2024-05-30 04:00
1717056000000,0.19037,0.1992,0.18781,0.1971,20464527.0,2024-05-30 08:00
1717070400000,0.1973,0.20304,0.19593,0.2006,17219826.0,2024-05-30 12:00
1717084800000,0.20069,0.20999,0.19989,0.20544,24138940.0,2024-05-30 16:00
1717099200000,0.20535,0.20564,0.20083,0.2026,10855212.0,2024-05-30 20:00
1717113600000,0.20262,0.20664,0.19962,0.20581,13266273.0,2024-05-31 00:00
1717128000000,0.20582,0.20838,0.19901,0.20418,16926839.0,2024-05-31 04:00
1717142400000,0.20416,0.2073,0.20025,0.20113,14880893.0,2024-05-31 08:00
1717156800000,0.20121,0.20549,0.19546,0.19936,20672032.0,2024-05-31 12:00
1717171200000,0.1994,0.20118,0.1961,0.19972,10602128.0,2024-05-31 16:00
1717185600000,0.19958,0.20005,0.197,0.19723,5222514.0,2024-05-31 20:00
1717200000000,0.19723,0.19868,0.19515,0.19717,5654957.0,2024-06-01 00:00
1717214400000,0.19717,0.19717,0.19331,0.1937,6646858.0,2024-06-01 04:00
1717228800000,0.19365,0.19597,0.19326,0.19521,6716742.0,2024-06-01 08:00
1717243200000,0.19524,0.19886,0.19455,0.19551,11935329.0,2024-06-01 12:00
1717257600000,0.19558,0.19663,0.19422,0.19458,6235606.0,2024-06-01 16:00
1717272000000,0.19459,0.22029,0.19446,0.21423,61746099.0,2024-06-01 20:00
1717286400000,0.21427,0.21427,0.20288,0.20414,46266478.0,2024-06-02 00:00
1717300800000,0.20419,0.20861,0.20333,0.2038,18364643.0,2024-06-02 04:00
1717315200000,0.20381,0.21036,0.20045,0.20932,21930684.0,2024-06-02 08:00
1717329600000,0.20936,0.2239,0.20602,0.21857,51981704.0,2024-06-02 12:00
1717344000000,0.21861,0.23137,0.21344,0.21728,91714745.0,2024-06-02 16:00
1717358400000,0.21735,0.22347,0.21387,0.22194,21591519.0,2024-06-02 20:00
1717372800000,0.22202,0.22751,0.21644,0.22336,28706393.0,2024-06-03 00:00
1717387200000,0.22339,0.22459,0.21719,0.2224,25740079.0,2024-06-03 04:00
1717401600000,0.22243,0.2313,0.22187,0.22414,54101367.0,2024-06-03 08:00
1717416000000,0.22413,0.22722,0.21333,0.21859,40501505.0,2024-06-03 12:00
1717430400000,0.21859,0.21947,0.21562,0.21872,13447614.0,2024-06-03 16:00
1717444800000,0.21872,0.22297,0.215,0.21676,14237852.0,2024-06-03 20:00
1717459200000,0.21672,0.24829,0.21635,0.2269,103345975.0,2024-06-04 00:00
1717473600000,0.22682,0.23378,0.225,0.22593,40382713.0,2024-06-04 04:00
1717488000000,0.22598,0.22775,0.22022,0.22381,20474525.0,2024-06-04 08:00
1717502400000,0.22378,0.23507,0.22134,0.23437,35278268.0,2024-06-04 12:00
1717516800000,0.23439,0.23616,0.22831,0.22944,25471797.0,2024-06-04 16:00
1717531200000,0.22942,0.23587,0.22673,0.2349,13751292.0,2024-06-04 20:00
1717545600000,0.23489,0.23489,0.22494,0.22669,17029011.0,2024-06-05 00:00
1717560000000,0.22665,0.2352,0.22566,0.23137,27183939.0,2024-06-05 04:00
1717574400000,0.23141,0.23364,0.22663,0.23009,15670657.0,2024-06-05 08:00
1717588800000,0.23007,0.236,0.23001,0.23284,26549446.0,2024-06-05 12:00
1717603200000,0.23284,0.23289,0.22854,0.23134,11911615.0,2024-06-05 16:00
1717617600000,0.23137,0.23253,0.2291,0.22962,8025344.0,2024-06-05 20:00
1717632000000,0.22968,0.23458,0.22944,0.23108,10724791.0,2024-06-06 00:00
1717646400000,0.2311,0.2316,0.22434,0.22741,13406882.0,2024-06-06 04:00
1717660800000,0.22742,0.22942,0.22497,0.2286,5839783.0,2024-06-06 08:00
1717675200000,0.22853,0.22947,0.22449,0.2263,8977499.0,2024-06-06 12:00
1717689600000,0.2263,0.22656,0.21794,0.21922,14575223.0,2024-06-06 16:00
1717704000000,0.21917,0.22228,0.2158,0.22106,10213241.0,2024-06-06 20:00
1717718400000,0.22123,0.22162,0.2176,0.2198,5182879.0,2024-06-07 00:00
1717732800000,0.21977,0.22456,0.21914,0.22189,8453973.0,2024-06-07 04:00
1717747200000,0.22189,0.22341,0.21902,0.22256,7273237.0,2024-06-07 08:00
1717761600000,0.22257,0.22369,0.214,0.21839,19061247.0,2024-06-07 12:00
1717776000000,0.21834,0.21894,0.17471,0.19503,96760180.0,2024-06-07 16:00
1717790400000,0.19506,0.19779,0.19228,0.19582,14059984.0,2024-06-07 20:00
1717804800000,0.19586,0.20059,0.19438,0.19536,12949310.0,2024-06-08 00:00
1717819200000,0.19528,0.19602,0.19292,0.19459,9352230.0,2024-06-08 04:00
1717833600000,0.19459,0.19623,0.18553,0.18703,16463185.0,2024-06-08 08:00
1717848000000,0.18704,0.18908,0.18277,0.18712,19377257.0,2024-06-08 12:00
1717862400000,0.18714,0.18755,0.183,0.18472,11794640.0,2024-06-08 16:00
1717876800000,0.18465,0.18498,0.17804,0.18025,16300857.0,2024-06-08 20:00
1717891200000,0.18024,0.18255,0.17702,0.17952,11604711.0,2024-06-09 00:00
1717905600000,0.17954,0.18234,0.17758,0.18143,8343235.0,2024-06-09 04:00
1717920000000,0.18145,0.18733,0.1807,0.1837,14818573.0,2024-06-09 08:00
1717934400000,0.18369,0.18674,0.18012,0.18216,14879774.0,2024-06-09 12:00
1717948800000,0.18215,0.18531,0.18189,0.18396,8688291.0,2024-06-09 16:00
1717963200000,0.18397,0.18434,0.18152,0.18247,6304631.0,2024-06-09 20:00
1717977600000,0.18248,0.18415,0.17936,0.1803,6509243.0,2024-06-10 00:00
1717992000000,0.18028,0.18071,0.16851,0.16937,29897284.0,2024-06-10 04:00
1718006400000,0.16934,0.17701,0.16925,0.17297,20538569.0,2024-06-10 08:00
1718020800000,0.17291,0.17881,0.17075,0.17748,20083588.0,2024-06-10 12:00
1718035200000,0.17749,0.17851,0.17177,0.17242,12162016.0,2024-06-10 16:00
1718049600000,0.17241,0.17263,0.169,0.17013,12159756.0,2024-06-10 20:00
1718064000000,0.17012,0.17125,0.15938,0.16638,27463557.0,2024-06-11 00:00
1718078400000,0.1663,0.16752,0.16323,0.16434,15193841.0,2024-06-11 04:00
1718092800000,0.16431,0.16625,0.1618,0.16509,13985805.0,2024-06-11 08:00
1718107200000,0.1651,0.16636,0.15678,0.15862,24187936.0,2024-06-11 12:00
1718121600000,0.15853,0.16284,0.15621,0.16215,17297591.0,2024-06-11 16:00
1718136000000,0.16219,0.1624,0.15946,0.1603,6579516.0,2024-06-11 20:00
1718150400000,0.16029,0.16145,0.15158,0.16109,23009154.0,2024-06-12 00:00
1718164800000,0.1611,0.16291,0.1599,0.16266,8290792.0,2024-06-12 04:00
1718179200000,0.1626,0.16901,0.16203,0.16642,16776907.0,2024-06-12 08:00
1718193600000,0.1664,0.17815,0.16507,0.17746,31150430.0,2024-06-12 12:00
1718208000000,0.17745,0.1885,0.17342,0.17498,71722033.0,2024-06-12 16:00
1718222400000,0.17497,0.18596,0.17262,0.18522,39327312.0,2024-06-12 20:00
1718236800000,0.18522,0.1898,0.17395,0.17905,58063722.0,2024-06-13 00:00
1718251200000,0.17902,0.18481,0.17654,0.18354,42379637.0,2024-06-13 04:00
1718265600000,0.18354,0.18431,0.17505,0.17584,34857061.0,2024-06-13 08:00
1718280000000,0.17583,0.18216,0.17197,0.17284,52549337.0,2024-06-13 12:00
1718294400000,0.17283,0.1769,0.16958,0.17212,26925934.0,2024-06-13 16:00
1718308800000,0.17214,0.17337,0.16927,0.17132,11637539.0,2024-06-13 20:00
1718323200000,0.1713,0.1738,0.16765,0.17263,18858543.0,2024-06-14 00:00
1718337600000,0.17258,0.182,0.17257,0.18106,21589133.0,2024-06-14 04:00
1718352000000,0.18104,0.1843,0.1764,0.17831,22417483.0,2024-06-14 08:00
1718366400000,0.17833,0.18319,0.16937,0.17095,59957412.0,2024-06-14 12:00
1718380800000,0.17096,0.17128,0.16,0.16728,39688208.0,2024-06-14 16:00
1718395200000,0.16728,0.17586,0.16571,0.17375,25589033.0,2024-06-14 20:00
1718409600000,0.17369,0.18043,0.17347,0.17963,18182975.0,2024-06-15 00:00
1718424000000,0.1796,0.18209,0.17676,0.17874,15715808.0,2024-06-15 04:00
1718438400000,0.17885,0.18254,0.17605,0.17846,16533031.0,2024-06-15 08:00
1718452800000,0.17846,0.18385,0.17773,0.18081,16966243.0,2024-06-15 12:00
1718467200000,0.18079,0.18156,0.17529,0.17579,11790599.0,2024-06-15 16:00
1718481600000,0.1758,0.17592,0.17042,0.1723,11129026.0,2024-06-15 20:00
1718496000000,0.17233,0.17258,0.16848,0.16998,10204754.0,2024-06-16 00:00
1718510400000,0.16998,0.17779,0.16834,0.17671,15092176.0,2024-06-16 04:00
1718524800000,0.17666,0.17899,0.17496,0.17725,8227856.0,2024-06-16 08:00
1718539200000,0.17723,0.1785,0.17566,0.1765,8029543.0,2024-06-16 12:00
1718553600000,0.17653,0.17871,0.17583,0.17692,7261691.0,2024-06-16 16:00
1718568000000,0.17691,0.17997,0.17439,0.17697,9817846.0,2024-06-16 20:00
1718582400000,0.177,0.17916,0.16753,0.17022,18344142.0,2024-06-17 00:00
1718596800000,0.17024,0.17174,0.16632,0.17001,19613640.0,2024-06-17 04:00
1718611200000,0.17003,0.17161,0.1566,0.15972,37305196.0,2024-06-17 08:00
1718625600000,0.15977,0.16158,0.15659,0.15781,18527093.0,2024-06-17 12:00
1718640000000,0.15779,0.167,0.15087,0.16385,31773682.0,2024-06-17 16:00
1718654400000,0.16393,0.16433,0.15512,0.15583,15531304.0,2024-06-17 20:00
1718668800000,0.15584,0.15653,0.1332,0.14782,53829388.0,2024-06-18 00:00
1718683200000,0.14782,0.15003,0.1462,0.14737,15840383.0,2024-06-18 04:00
1718697600000,0.14737,0.14831,0.13483,0.14114,49263607.0,2024-06-18 08:00
1718712000000,0.14114,0.14213,0.13528,0.13912,45046871.0,2024-06-18 12:00
1718726400000,0.13917,0.13935,0.13423,0.13813,26672246.0,2024-06-18 16:00
1718740800000,0.13811,0.14318,0.13723,0.14074,13831034.0,2024-06-18 20:00
1718755200000,0.14081,0.14623,0.13817,0.14444,17731941.0,2024-06-19 00:00
1718769600000,0.14441,0.14784,0.14223,0.1455,16412542.0,2024-06-19 04:00
1718784000000,0.14548,0.14586,0.14111,0.14396,18867368.0,2024-06-19 08:00
1718798400000,0.14399,0.14866,0.14008,0.14412,36794021.0,2024-06-19 12:00
1718812800000,0.14412,0.14754,0.14286,0.14353,12701017.0,2024-06-19 16:00
1718827200000,0.14354,0.14526,0.14155,0.14281,8224955.0,2024-06-19 20:00
1718841600000,0.14282,0.14871,0.14203,0.14495,16229098.0,2024-06-20 00:00
1718856000000,0.14492,0.15059,0.14294,0.15059,12215518.0,2024-06-20 04:00
1718870400000,0.15057,0.15312,0.14721,0.14992,21968682.0,2024-06-20 08:00
1718884800000,0.15006,0.15096,0.14061,0.14106,26526037.0,2024-06-20 12:00
1718899200000,0.1411,0.14469,0.13772,0.1438,19458984.0,2024-06-20 16:00
1718913600000,0.14382,0.14546,0.14206,0.14234,9939982.0,2024-06-20 20:00
1718928000000,0.1423,0.1456,0.13962,0.14354,12886243.0,2024-06-21 00:00
1718942400000,0.14342,0.14531,0.13815,0.1387,10999755.0,2024-06-21 04:00
1718956800000,0.13875,0.14267,0.13594,0.13974,17187912.0,2024-06-21 08:00
1718971200000,0.13974,0.14203,0.13618,0.13824,25318008.0,2024-06-21 12:00
1718985600000,0.13825,0.13977,0.13485,0.13919,19562678.0,2024-06-21 16:00
1719000000000,0.13918,0.14076,0.13685,0.13799,7832496.0,2024-06-21 20:00
1719014400000,0.13799,0.13801,0.135,0.13708,9702065.0,2024-06-22 00:00
1719028800000,0.13709,0.13856,0.1364,0.13763,7509249.0,2024-06-22 04:00
1719043200000,0.13761,0.14112,0.13614,0.13839,13119571.0,2024-06-22 08:00
1719057600000,0.13837,0.14782,0.13813,0.1458,34971036.0,2024-06-22 12:00
1719072000000,0.14572,0.14975,0.14375,0.14819,40221605.0,2024-06-22 16:00
1719086400000,0.1482,0.14973,0.14629,0.14856,22444228.0,2024-06-22 20:00
1719100800000,0.1485,0.15661,0.14849,0.1546,58058189.0,2024-06-23 00:00
1719115200000,0.15464,0.15584,0.15134,0.15476,35738325.0,2024-06-23 04:00
1719129600000,0.15477,0.15535,0.1466,0.14783,37400638.0,2024-06-23 08:00
1719144000000,0.14784,0.14868,0.14182,0.14269,27460495.0,2024-06-23 12:00
1719158400000,0.14261,0.14304,0.1392,0.14089,18782400.0,2024-06-23 16:00
1719172800000,0.14089,0.1409,0.13741,0.13868,17499014.0,2024-06-23 20:00
1719187200000,0.13866,0.13999,0.13624,0.13822,18529605.0,2024-06-24 00:00
1719201600000,0.13822,0.13919,0.134,0.13579,23413752.0,2024-06-24 04:00
1719216000000,0.13571,0.13986,0.12449,0.13668,54985523.0,2024-06-24 08:00
1719230400000,0.13666,0.14226,0.13482,0.13614,31099491.0,2024-06-24 12:00
1719244800000,0.13611,0.13873,0.13486,0.13581,21660878.0,2024-06-24 16:00
1719259200000,0.13586,0.14268,0.1338,0.14174,20718071.0,2024-06-24 20:00
1719273600000,0.14169,0.146,0.14138,0.14505,13168452.0,2024-06-25 00:00
1719288000000,0.14508,0.14965,0.14305,0.14499,28375908.0,2024-06-25 04:00
1719302400000,0.145,0.14899,0.14445,0.14753,11722935.0,2024-06-25 08:00
1719316800000,0.14751,0.15257,0.14655,0.15132,24000097.0,2024-06-25 12:00
1719331200000,0.15137,0.15178,0.14745,0.14977,16213563.0,2024-06-25 16:00
1719345600000,0.1498,0.14996,0.14605,0.14739,8138348.0,2024-06-25 20:00
1719360000000,0.1474,0.15005,0.1447,0.14726,10042033.0,2024-06-26 00:00
1719374400000,0.14731,0.14745,0.14443,0.14587,7782246.0,2024-06-26 04:00
1719388800000,0.14585,0.14634,0.14103,0.1423,20608893.0,2024-06-26 08:00
1719403200000,0.14231,0.14457,0.14061,0.14209,18393605.0,2024-06-26 12:00
1719417600000,0.1421,0.14325,0.13862,0.14306,15310045.0,2024-06-26 16:00
1719432000000,0.14312,0.14499,0.14093,0.14117,11454009.0,2024-06-26 20:00
1719446400000,0.14117,0.14214,0.13844,0.1397,11353157.0,2024-06-27 00:00
1719460800000,0.13969,0.14004,0.13669,0.13808,9935584.0,2024-06-27 04:00
1719475200000,0.13803,0.14172,0.13766,0.13967,10882301.0,2024-06-27 08:00
1719489600000,0.13956,0.14539,0.13954,0.14214,22808593.0,2024-06-27 12:00
1719504000000,0.14218,0.14694,0.14207,0.14574,31290311.0,2024-06-27 16:00
1719518400000,0.1458,0.14589,0.14297,0.14342,12179426.0,2024-06-27 20:00
1719532800000,0.14338,0.14433,0.1406,0.1416,13031833.0,2024-06-28 00:00
1719547200000,0.14155,0.14186,0.13985,0.14138,10535472.0,2024-06-28 04:00
1719561600000,0.1414,0.14287,0.14041,0.14118,10024791.0,2024-06-28 08:00
1719576000000,0.14115,0.14305,0.13752,0.1386,24607082.0,2024-06-28 12:00
1719590400000,0.13855,0.13945,0.13376,0.13479,18849699.0,2024-06-28 16:00
1719604800000,0.13484,0.13552,0.13156,0.13287,20623444.0,2024-06-28 20:00
1719619200000,0.13287,0.13505,0.13235,0.13381,13667189.0,2024-06-29 00:00
1719633600000,0.13385,0.13409,0.13214,0.13374,8650740.0,2024-06-29 04:00
1719648000000,0.13374,0.13416,0.13133,0.13338,11773591.0,2024-06-29 08:00
1719662400000,0.13341,0.13375,0.13036,0.13177,14322480.0,2024-06-29 12:00
1719676800000,0.13178,0.13196,0.12739,0.12858,18037099.0,2024-06-29 16:00
1719691200000,0.1286,0.12862,0.12544,0.1269,14991408.0,2024-06-29 20:00
1719705600000,0.12695,0.12772,0.1244,0.12553,12759314.0,2024-06-30 00:00
1719720000000,0.12551,0.12917,0.12466,0.12812,13922881.0,2024-06-30 04:00
1719734400000,0.12813,0.12888,0.12706,0.12781,12373950.0,2024-06-30 08:00
1719748800000,0.12781,0.13003,0.12633,0.1299,16026604.0,2024-06-30 12:00
1719763200000,0.12997,0.13085,0.12831,0.12931,10662094.0,2024-06-30 16:00
1719777600000,0.12932,0.13819,0.12825,0.13532,31420331.0,2024-06-30 20:00
1719792000000,0.13529,0.14745,0.13509,0.14503,66272986.0,2024-07-01 00:00
1719806400000,0.14503,0.14668,0.14314,0.14432,53905315.0,2024-07-01 04:00
1719820800000,0.14431,0.14577,0.13766,0.13844,49114628.0,2024-07-01 08:00
1719835200000,0.13842,0.14042,0.1362,0.13774,25696385.0,2024-07-01 12:00
1719849600000,0.13773,0.14182,0.13692,0.13875,24250936.0,2024-07-01 16:00
1719864000000,0.13877,0.13896,0.13475,0.13496,19851909.0,2024-07-01 20:00
1719878400000,0.13503,0.13998,0.13395,0.13896,19730305.0,2024-07-02 00:00
1719892800000,0.13897,0.13962,0.13619,0.13728,13769577.0,2024-07-02 04:00
1719907200000,0.13727,0.13807,0.13634,0.13711,11394611.0,2024-07-02 08:00
1719921600000,0.13709,0.13897,0.13459,0.13678,28817607.0,2024-07-02 12:00
1719936000000,0.13677,0.1383,0.1348,0.13706,12591260.0,2024-07-02 16:00
1719950400000,0.1371,0.13871,0.13633,0.13736,9105530.0,2024-07-02 20:00
1719964800000,0.13736,0.13779,0.1291,0.13164,25837830.0,2024-07-03 00:00
1719979200000,0.13161,0.13176,0.12918,0.13147,19683374.0,2024-07-03 04:00
1719993600000,0.13145,0.13238,0.12789,0.13065,25716039.0,2024-07-03 08:00
1720008000000,0.13063,0.13063,0.12623,0.12719,32634311.0,2024-07-03 12:00
1720022400000,0.12712,0.12806,0.12226,0.1234,22045767.0,2024-07-03 16:00
1720036800000,0.12338,0.12526,0.12278,0.12343,16785937.0,2024-07-03 20:00
1720051200000,0.12344,0.12437,0.11562,0.11927,47721988.0,2024-07-04 00:00
1720065600000,0.11924,0.12031,0.11364,0.11457,36120331.0,2024-07-04 04:00
1720080000000,0.11454,0.11596,0.1121,0.11468,35504147.0,2024-07-04 08:00
1720094400000,0.11471,0.11665,0.11272,0.1165,39353672.0,2024-07-04 12:00
1720108800000,0.11649,0.11649,0.11254,0.11314,20058734.0,2024-07-04 16:00
1720123200000,0.11309,0.11415,0.10508,0.10648,33393568.0,2024-07-04 20:00
1720137600000,0.10645,0.10679,0.08841,0.09262,113804419.0,2024-07-05 00:00
1720152000000,0.09262,0.09786,0.09039,0.09504,50060168.0,2024-07-05 04:00
1720166400000,0.09505,0.10014,0.09037,0.09776,82703855.0,2024-07-05 08:00
1720180800000,0.09772,0.1025,0.09725,0.10189,52265500.0,2024-07-05 12:00
1720195200000,0.10183,0.1025,0.09812,0.10013,24875515.0,2024-07-05 16:00
1720209600000,0.10008,0.10048,0.09724,0.09787,20993001.0,2024-07-05 20:00
1720224000000,0.09786,0.10106,0.09606,0.09858,27808214.0,2024-07-06 00:00
1720238400000,0.09858,0.10147,0.09673,0.1005,19124745.0,2024-07-06 04:00
1720252800000,0.10048,0.10113,0.09834,0.10046,18838978.0,2024-07-06 08:00
1720267200000,0.10048,0.10359,0.09735,0.10279,32377967.0,2024-07-06 12:00
1720281600000,0.1028,0.10789,0.10222,0.10606,29308374.0,2024-07-06 16:00
1720296000000,0.10607,0.1108,0.10595,0.10961,20575773.0,2024-07-06 20:00
1720310400000,0.10964,0.10965,0.10431,0.10707,20345453.0,2024-07-07 00:00
1720324800000,0.10712,0.10742,0.10432,0.10538,15033081.0,2024-07-07 04:00
1720339200000,0.10535,0.10978,0.10526,0.10855,24039780.0,2024-07-07 08:00
1720353600000,0.10853,0.11082,0.104,0.10841,46020324.0,2024-07-07 12:00
1720368000000,0.10839,0.11552,0.10809,0.11489,83998611.0,2024-07-07 16:00
1720382400000,0.11488,0.11543,0.10457,0.10575,63888014.0,2024-07-07 20:00
1720396800000,0.10572,0.11077,0.10115,0.10879,86651743.0,2024-07-08 00:00
1720411200000,0.10879,0.11183,0.10391,0.10487,50945879.0,2024-07-08 04:00
1720425600000,0.10488,0.11189,0.10441,0.10814,51344389.0,2024-07-08 08:00
1720440000000,0.10813,0.11045,0.1041,0.10589,45680967.0,2024-07-08 12:00
1720454400000,0.10593,0.10769,0.10399,0.10534,27091901.0,2024-07-08 16:00
1720468800000,0.10534,0.10697,0.10409,0.10562,15364125.0,2024-07-08 20:00
1720483200000,0.10555,0.10831,0.10421,0.10695,20899729.0,2024-07-09 00:00
1720497600000,0.10695,0.10968,0.10675,0.1091,21101247.0,2024-07-09 04:00
1720512000000,0.1091,0.11063,0.10685,0.10802,21270980.0,2024-07-09 08:00
1720526400000,0.108,0.11124,0.1072,0.1102,24309696.0,2024-07-09 12:00
1720540800000,0.11022,0.11128,0.10792,0.1093,17035841.0,2024-07-09 16:00
1720555200000,0.10927,0.11151,0.10894,0.111,12977877.0,2024-07-09 20:00
1720569600000,0.111,0.11348,0.10965,0.11308,15600696.0,2024-07-10 00:00
1720584000000,0.11305,0.1165,0.1127,0.11441,24281233.0,2024-07-10 04:00
1720598400000,0.11438,0.11484,0.11102,0.11194,14347792.0,2024-07-10 08:00
1720612800000,0.11198,0.11279,0.10996,0.11177,16892767.0,2024-07-10 12:00
1720627200000,0.11178,0.1135,0.10976,0.11079,18245517.0,2024-07-10 16:00
1720641600000,0.11076,0.11155,0.10973,0.11079,7541553.0,2024-07-10 20:00
1720656000000,0.11076,0.11333,0.1081,0.10985,15743084.0,2024-07-11 00:00
1720670400000,0.10984,0.11224,0.10942,0.11187,7844397.0,2024-07-11 04:00
1720684800000,0.1119,0.11447,0.11077,0.11412,9656113.0,2024-07-11 08:00
1720699200000,0.11412,0.11668,0.11,0.11049,34042548.0,2024-07-11 12:00
1720713600000,0.11045,0.11047,0.10672,0.10679,16652667.0,2024-07-11 16:00
1720728000000,0.10678,0.10692,0.10426,0.10561,13966619.0,2024-07-11 20:00
1720742400000,0.10562,0.10789,0.10441,0.10672,10273861.0,2024-07-12 00:00
1720756800000,0.10672,0.10697,0.10444,0.10502,10309363.0,2024-07-12 04:00
1720771200000,0.105,0.10538,0.10202,0.10343,16317632.0,2024-07-12 08:00
1720785600000,0.10342,0.10964,0.10342,0.10925,26883820.0,2024-07-12 12:00
1720800000000,0.10926,0.11059,0.108,0.10859,13056159.0,2024-07-12 16:00
1720814400000,0.10859,0.10923,0.10746,0.10914,9178833.0,2024-07-12 20:00
1720828800000,0.10916,0.11347,0.10904,0.1121,16336582.0,2024-07-13 00:00
1720843200000,0.1121,0.11392,0.11112,0.11219,12147994.0,2024-07-13 04:00
1720857600000,0.11223,0.11323,0.11123,0.11194,14100302.0,2024-07-13 08:00
1720872000000,0.11192,0.11249,0.10998,0.11069,9392075.0,2024-07-13 12:00
1720886400000,0.11068,0.11226,0.10961,0.11133,11020949.0,2024-07-13 16:00
1720900800000,0.11132,0.11413,0.11018,0.11163,13224628.0,2024-07-13 20:00
1720915200000,0.11158,0.11399,0.11148,0.11277,12517190.0,2024-07-14 00:00
1720929600000,0.11272,0.11508,0.11257,0.11316,9235742.0,2024-07-14 04:00
1720944000000,0.11313,0.11769,0.11311,0.11454,29869484.0,2024-07-14 08:00
1720958400000,0.11454,0.11455,0.11139,0.11343,14017679.0,2024-07-14 12:00
1720972800000,0.11338,0.11423,0.11237,0.1128,6990517.0,2024-07-14 16:00
1720987200000,0.11279,0.11754,0.11242,0.11643,13471668.0,2024-07-14 20:00
1721001600000,0.11643,0.11894,0.11555,0.11767,15177656.0,2024-07-15 00:00
1721016000000,0.11758,0.12041,0.11636,0.12003,16988137.0,2024-07-15 04:00
1721030400000,0.11995,0.12175,0.11739,0.12043,32085571.0,2024-07-15 08:00
1721044800000,0.1204,0.1218,0.11921,0.12037,20963721.0,2024-07-15 12:00
1721059200000,0.12037,0.1233,0.1198,0.12244,18825050.0,2024-07-15 16:00
1721073600000,0.12248,0.12966,0.12214,0.129,28337195.0,2024-07-15 20:00
1721088000000,0.12901,0.13007,0.12684,0.12892,12970102.0,2024-07-16 00:00
1721102400000,0.12892,0.12901,0.11954,0.12056,31991297.0,2024-07-16 04:00
1721116800000,0.12055,0.12478,0.11843,0.12387,21933715.0,2024-07-16 08:00
1721131200000,0.12389,0.12842,0.12204,0.12719,27462342.0,2024-07-16 12:00
1721145600000,0.12719,0.12929,0.12651,0.12778,25640676.0,2024-07-16 16:00
1721160000000,0.12779,0.12828,0.12545,0.12688,10170095.0,2024-07-16 20:00
1721174400000,0.1269,0.13453,0.12668,0.12919,27822245.0,2024-07-17 00:00
1721188800000,0.12915,0.13242,0.1282,0.13135,14402500.0,2024-07-17 04:00
1721203200000,0.13135,0.13211,0.12757,0.12822,21116029.0,2024-07-17 08:00
1721217600000,0.12823,0.13007,0.12596,0.1268,14961114.0,2024-07-17 12:00
1721232000000,0.12681,0.1293,0.12267,0.12831,22699313.0,2024-07-17 16:00
1721246400000,0.12826,0.12938,0.12621,0.12661,9556872.0,2024-07-17 20:00
1721260800000,0.1266,0.12999,0.1262,0.12909,9306854.0,2024-07-18 00:00
1721275200000,0.12908,0.1296,0.12584,0.12726,13439272.0,2024-07-18 04:00
1721289600000,0.12729,0.12918,0.12583,0.12908,9940937.0,2024-07-18 08:00
1721304000000,0.12901,0.12944,0.12201,0.12292,22587854.0,2024-07-18 12:00
1721318400000,0.1229,0.12492,0.121,0.12214,17788585.0,2024-07-18 16:00
1721332800000,0.12211,0.12536,0.12064,0.12512,12812628.0,2024-07-18 20:00
1721347200000,0.12513,0.12766,0.12205,0.12731,10931634.0,2024-07-19 00:00
1721361600000,0.12736,0.12791,0.12357,0.12431,10624886.0,2024-07-19 04:00
1721376000000,0.1243,0.12466,0.12133,0.12225,9842604.0,2024-07-19 08:00
1721390400000,0.1223,0.13376,0.12158,0.13329,39331859.0,2024-07-19 12:00
1721404800000,0.13321,0.13959,0.1329,0.13644,52215447.0,2024-07-19 16:00
1721419200000,0.13649,0.14273,0.13593,0.13818,43086425.0,2024-07-19 20:00
1721433600000,0.13816,0.141,0.13629,0.13936,27040275.0,2024-07-20 00:00
1721448000000,0.13934,0.14035,0.13626,0.13659,9939059.0,2024-07-20 04:00
1721462400000,0.13653,0.13743,0.13506,0.13577,11763187.0,2024-07-20 08:00
1721476800000,0.13577,0.13709,0.13322,0.13651,19479078.0,2024-07-20 12:00
1721491200000,0.13651,0.13908,0.13461,0.13613,17181724.0,2024-07-20 16:00
1721505600000,0.13618,0.13845,0.13611,0.13805,5083769.0,2024-07-20 20:00
1721520000000,0.13809,0.14041,0.13703,0.13797,7587280.0,2024-07-21 00:00
1721534400000,0.13797,0.13897,0.13495,0.13608,7855728.0,2024-07-21 04:00
1721548800000,0.13608,0.13758,0.13537,0.13612,5029141.0,2024-07-21 08:00
1721563200000,0.13609,0.14018,0.13361,0.13667,13450841.0,2024-07-21 12:00
1721577600000,0.13666,0.13942,0.13,0.13848,24198686.0,2024-07-21 16:00
1721592000000,0.13838,0.14485,0.13758,0.14236,25535064.0,2024-07-21 20:00
1721606400000,0.14242,0.14315,0.13935,0.14175,8971707.0,2024-07-22 00:00
1721620800000,0.14171,0.14193,0.13553,0.13671,10133212.0,2024-07-22 04:00
1721635200000,0.13674,0.13976,0.13593,0.13819,9050216.0,2024-07-22 08:00
1721649600000,0.13823,0.13902,0.13545,0.13627,13531034.0,2024-07-22 12:00
1721664000000,0.13626,0.13772,0.13534,0.13743,7578709.0,2024-07-22 16:00
1721678400000,0.13748,0.13759,0.13018,0.1319,12066043.0,2024-07-22 20:00
1721692800000,0.13183,0.13514,0.1316,0.13218,8484902.0,2024-07-23 00:00
1721707200000,0.13217,0.13252,0.12709,0.1276,13675712.0,2024-07-23 04:00
1721721600000,0.12762,0.1331,0.12725,0.12916,16331256.0,2024-07-23 08:00
1721736000000,0.12921,0.12961,0.12461,0.12561,22170638.0,2024-07-23 12:00
1721750400000,0.12556,0.12617,0.12172,0.12567,23274324.0,2024-07-23 16:00
1721764800000,0.12573,0.12761,0.1245,0.12631,10078692.0,2024-07-23 20:00
1721779200000,0.12632,0.12842,0.12444,0.12808,9003388.0,2024-07-24 00:00
1721793600000,0.12804,0.12817,0.12525,0.12651,7083519.0,2024-07-24 04:00
1721808000000,0.12651,0.12863,0.12641,0.12755,7172877.0,2024-07-24 08:00
1721822400000,0.12759,0.131,0.12603,0.12732,17754046.0,2024-07-24 12:00
1721836800000,0.12727,0.13013,0.12533,0.1255,16887262.0,2024-07-24 16:00
1721851200000,0.1255,0.12604,0.12062,0.12206,16021996.0,2024-07-24 20:00
1721865600000,0.122,0.12252,0.11278,0.1146,42767835.0,2024-07-25 00:00
1721880000000,0.11456,0.11695,0.11395,0.11567,11119189.0,2024-07-25 04:00
1721894400000,0.11562,0.11809,0.1146,0.11638,14671427.0,2024-07-25 08:00
1721908800000,0.11635,0.12007,0.11376,0.11733,22104804.0,2024-07-25 12:00
1721923200000,0.11736,0.11962,0.11268,0.11485,19633825.0,2024-07-25 16:00
1721937600000,0.11485,0.11874,0.112,0.11782,13669575.0,2024-07-25 20:00
1721952000000,0.11783,0.12162,0.11728,0.11989,12314659.0,2024-07-26 00:00
1721966400000,0.11992,0.12346,0.11971,0.12268,8995846.0,2024-07-26 04:00
1721980800000,0.12269,0.1262,0.12259,0.12489,17425433.0,2024-07-26 08:00
1721995200000,0.1249,0.12832,0.1237,0.12696,22927534.0,2024-07-26 12:00
1722009600000,0.12695,0.12833,0.1259,0.12652,10237301.0,2024-07-26 16:00
1722024000000,0.12653,0.1269,0.12533,0.12681,7135103.0,2024-07-26 20:00
1722038400000,0.12676,0.12696,0.12481,0.12512,5506340.0,2024-07-27 00:00
1722052800000,0.12513,0.12676,0.12499,0.12623,5658284.0,2024-07-27 04:00
1722067200000,0.12613,0.12631,0.12438,0.12555,9423147.0,2024-07-27 08:00
1722081600000,0.12548,0.12776,0.12256,0.124,12955613.0,2024-07-27 12:00
1722096000000,0.12401,0.12658,0.12291,0.12484,15657221.0,2024-07-27 16:00
1722110400000,0.12478,0.12824,0.12075,0.12485,25452523.0,2024-07-27 20:00
1722124800000,0.12478,0.12594,0.12283,0.12473,8462662.0,2024-07-28 00:00
1722139200000,0.12476,0.12529,0.12158,0.12332,6153488.0,2024-07-28 04:00
1722153600000,0.12329,0.12329,0.12184,0.12221,6736640.0,2024-07-28 08:00
1722168000000,0.12222,0.12354,0.12091,0.12182,9002210.0,2024-07-28 12:00
1722182400000,0.12183,0.12206,0.12015,0.12122,6739349.0,2024-07-28 16:00
1722196800000,0.12124,0.12127,0.11835,0.11985,6646322.0,2024-07-28 20:00
1722211200000,0.11986,0.12823,0.11947,0.12617,14585118.0,2024-07-29 00:00
1722225600000,0.12607,0.12924,0.12542,0.12774,16326747.0,2024-07-29 04:00
1722240000000,0.12777,0.13275,0.12774,0.13237,29633943.0,2024-07-29 08:00
1722254400000,0.13232,0.13322,0.12488,0.12687,27033549.0,2024-07-29 12:00
1722268800000,0.12689,0.12896,0.12383,0.12695,20168182.0,2024-07-29 16:00
1722283200000,0.12696,0.1275,0.12492,0.12596,9120747.0,2024-07-29 20:00
1722297600000,0.12593,0.12805,0.12329,0.12681,12781832.0,2024-07-30 00:00
1722312000000,0.12681,0.12689,0.12464,0.12641,7307679.0,2024-07-30 04:00
1722326400000,0.12635,0.1266,0.12408,0.12451,7134701.0,2024-07-30 08:00
1722340800000,0.1245,0.12536,0.12229,0.12414,14785971.0,2024-07-30 12:00
1722355200000,0.12414,0.12505,0.11807,0.11905,21661587.0,2024-07-30 16:00
1722369600000,0.11904,0.11982,0.11719,0.11822,11076655.0,2024-07-30 20:00
1722384000000,0.11819,0.11901,0.11603,0.11705,9499561.0,2024-07-31 00:00
1722398400000,0.11706,0.11965,0.11512,0.11828,12168882.0,2024-07-31 04:00
1722412800000,0.11831,0.11878,0.11689,0.11789,7249504.0,2024-07-31 08:00
1722427200000,0.1179,0.12123,0.11738,0.11886,12944111.0,2024-07-31 12:00
1722441600000,0.11889,0.12195,0.11632,0.11768,22042822.0,2024-07-31 16:00
1722456000000,0.11767,0.11778,0.11364,0.11418,19446737.0,2024-07-31 20:00
1722470400000,0.1142,0.11603,0.11307,0.11432,11457017.0,2024-08-01 00:00
1722484800000,0.11432,0.11448,0.10908,0.11112,19328210.0,2024-08-01 04:00
1722499200000,0.11114,0.11274,0.11114,0.11257,7791164.0,2024-08-01 08:00
1722513600000,0.11253,0.11444,0.10494,0.1054,43930498.0,2024-08-01 12:00
1722528000000,0.10537,0.10555,0.1013,0.10521,33680485.0,2024-08-01 16:00
1722542400000,0.1052,0.1108,0.10438,0.10989,15938139.0,2024-08-01 20:00
1722556800000,0.10991,0.11109,0.10673,0.1082,12184595.0,2024-08-02 00:00
1722571200000,0.10818,0.10863,0.1043,0.10619,12092964.0,2024-08-02 04:00
1722585600000,0.10623,0.10832,0.10452,0.10707,11112760.0,2024-08-02 08:00
1722600000000,0.10708,0.11179,0.10013,0.10381,41519982.0,2024-08-02 12:00
1722614400000,0.10374,0.10415,0.10051,0.10187,17059909.0,2024-08-02 16:00
1722628800000,0.1018,0.10376,0.09945,0.10075,20429176.0,2024-08-02 20:00
1722643200000,0.10074,0.10136,0.09657,0.09898,31140822.0,2024-08-03 00:00
1722657600000,0.09896,0.10132,0.09811,0.09965,10745307.0,2024-08-03 04:00
1722672000000,0.09965,0.10015,0.09866,0.09961,10275685.0,2024-08-03 08:00
1722686400000,0.09963,0.10111,0.09471,0.09485,20592999.0,2024-08-03 12:00
1722700800000,0.09486,0.09669,0.09039,0.09076,52730438.0,2024-08-03 16:00
1722715200000,0.09075,0.09301,0.09023,0.09173,19820649.0,2024-08-03 20:00
1722729600000,0.09171,0.09482,0.09151,0.09361,11894344.0,2024-08-04 00:00
1722744000000,0.0936,0.09408,0.09189,0.09215,9368252.0,2024-08-04 04:00
1722758400000,0.09218,0.09348,0.0913,0.09251,8123355.0,2024-08-04 08:00
1722772800000,0.0925,0.0935,0.08565,0.08585,30237551.0,2024-08-04 12:00
1722787200000,0.08587,0.0894,0.07975,0.08869,58268996.0,2024-08-04 16:00
1722801600000,0.08867,0.08995,0.08542,0.08569,20658103.0,2024-08-04 20:00
1722816000000,0.08568,0.08679,0.0731,0.07683,103407833.0,2024-08-05 00:00
1722830400000,0.07679,0.07872,0.06666,0.07543,122692214.0,2024-08-05 04:00
1722844800000,0.07541,0.07576,0.06787,0.07118,58128100.0,2024-08-05 08:00
1722859200000,0.07115,0.08076,0.0686,0.08011,89790147.0,2024-08-05 12:00
1722873600000,0.08009,0.0822,0.07612,0.07749,49212799.0,2024-08-05 16:00
1722888000000,0.07749,0.07929,0.07632,0.07721,32850895.0,2024-08-05 20:00
1722902400000,0.07723,0.08357,0.07704,0.08238,29912456.0,2024-08-06 00:00
1722916800000,0.08239,0.08677,0.08171,0.0863,31112062.0,2024-08-06 04:00
1722931200000,0.08629,0.08631,0.0822,0.08352,33076628.0,2024-08-06 08:00
1722945600000,0.08349,0.08749,0.08167,0.08569,35870504.0,2024-08-06 12:00
1722960000000,0.08573,0.08691,0.08465,0.08541,19569112.0,2024-08-06 16:00
1722974400000,0.08539,0.08727,0.08458,0.08536,16905234.0,2024-08-06 20:00
1722988800000,0.08536,0.08769,0.08346,0.08592,21026624.0,2024-08-07 00:00
1723003200000,0.0859,0.0877,0.08452,0.085,17737404.0,2024-08-07 04:00
1723017600000,0.08502,0.08675,0.08412,0.08434,18582930.0,2024-08-07 08:00
1723032000000,0.08435,0.08544,0.0795,0.08178,33517191.0,2024-08-07 12:00
1723046400000,0.08176,0.08226,0.07972,0.08065,26825714.0,2024-08-07 16:00
1723060800000,0.08069,0.08159,0.07864,0.08038,24690285.0,2024-08-07 20:00
1723075200000,0.08034,0.08543,0.07838,0.08369,25390291.0,2024-08-08 00:00
1723089600000,0.08369,0.08558,0.08369,0.08424,11499165.0,2024-08-08 04:00
1723104000000,0.08425,0.08533,0.08378,0.08465,9548655.0,2024-08-08 08:00
1723118400000,0.08469,0.08866,0.08362,0.08849,28610208.0,2024-08-08 12:00
1723132800000,0.08852,0.0897,0.08728,0.08763,16195277.0,2024-08-08 16:00
1723147200000,0.08763,0.0922,0.08739,0.0919,20175809.0,2024-08-08 20:00
1723161600000,0.0919,0.09195,0.09011,0.0906,13419986.0,2024-08-09 00:00
1723176000000,0.0906,0.09077,0.08818,0.0893,13039277.0,2024-08-09 04:00
1723190400000,0.08935,0.09054,0.08812,0.08951,13800574.0,2024-08-09 08:00
1723204800000,0.08952,0.09079,0.08724,0.08732,20419465.0,2024-08-09 12:00
1723219200000,0.08732,0.08869,0.08706,0.08826,9441130.0,2024-08-09 16:00
1723233600000,0.0883,0.08955,0.08739,0.08872,10458446.0,2024-08-09 20:00
1723248000000,0.08871,0.09008,0.08669,0.08735,11411586.0,2024-08-10 00:00
1723262400000,0.08737,0.08864,0.08669,0.08864,6825255.0,2024-08-10 04:00
1723276800000,0.0886,0.08959,0.08775,0.08912,7806977.0,2024-08-10 08:00
1723291200000,0.08916,0.08945,0.0877,0.08862,10056436.0,2024-08-10 12:00
1723305600000,0.08864,0.09,0.0882,0.08934,7795978.0,2024-08-10 16:00
1723320000000,0.0893,0.09053,0.08903,0.0897,6034159.0,2024-08-10 20:00
1723334400000,0.08966,0.09164,0.08922,0.09071,8914650.0,2024-08-11 00:00
1723348800000,0.09073,0.09153,0.08988,0.09026,7771822.0,2024-08-11 04:00
1723363200000,0.09024,0.09546,0.08994,0.09206,52224872.0,2024-08-11 08:00
1723377600000,0.09204,0.09295,0.08776,0.08941,37722217.0,2024-08-11 12:00
1723392000000,0.08937,0.09012,0.08557,0.08582,22404864.0,2024-08-11 16:00
1723406400000,0.08581,0.08602,0.08373,0.08408,19177542.0,2024-08-11 20:00
1723420800000,0.08408,0.08625,0.08405,0.08525,13726443.0,2024-08-12 00:00
1723435200000,0.08525,0.08726,0.08304,0.08668,14379739.0,2024-08-12 04:00
1723449600000,0.08667,0.09324,0.08663,0.09306,27959616.0,2024-08-12 08:00
1723464000000,0.09307,0.09484,0.08852,0.09354,43293849.0,2024-08-12 12:00
1723478400000,0.09354,0.09436,0.08979,0.09029,16916596.0,2024-08-12 16:00
1723492800000,0.09029,0.09326,0.08958,0.09233,15352421.0,2024-08-12 20:00
1723507200000,0.09235,0.09257,0.08887,0.08906,10127756.0,2024-08-13 00:00
1723521600000,0.08902,0.09062,0.08807,0.08947,10230355.0,2024-08-13 04:00
1723536000000,0.0895,0.08992,0.08806,0.08895,8027987.0,2024-08-13 08:00
1723550400000,0.08895,0.0917,0.08876,0.09098,14348490.0,2024-08-13 12:00
1723564800000,0.09092,0.09399,0.09082,0.09315,15447044.0,2024-08-13 16:00
1723579200000,0.09317,0.09347,0.09212,0.09274,7535123.0,2024-08-13 20:00
1723593600000,0.09274,0.09332,0.09125,0.09253,7136459.0,2024-08-14 00:00
1723608000000,0.0925,0.09309,0.09157,0.09225,7058341.0,2024-08-14 04:00
1723622400000,0.09223,0.09356,0.0914,0.09286,11433569.0,2024-08-14 08:00
1723636800000,0.09287,0.09432,0.08808,0.08957,31250690.0,2024-08-14 12:00
1723651200000,0.08957,0.09003,0.0885,0.08915,10607387.0,2024-08-14 16:00
1723665600000,0.08912,0.09105,0.08855,0.09028,6694661.0,2024-08-14 20:00
1723680000000,0.09027,0.09122,0.08943,0.09005,5906060.0,2024-08-15 00:00
1723694400000,0.09008,0.09017,0.08758,0.08851,8451990.0,2024-08-15 04:00
1723708800000,0.08852,0.09021,0.0881,0.08967,9482075.0,2024-08-15 08:00
1723723200000,0.08964,0.09148,0.08888,0.09014,13987406.0,2024-08-15 12:00
1723737600000,0.09014,0.09085,0.08355,0.08546,30129982.0,2024-08-15 16:00
1723752000000,0.08542,0.0861,0.08397,0.08539,13791612.0,2024-08-15 20:00
1723766400000,0.08539,0.08638,0.0842,0.08472,9727013.0,2024-08-16 00:00
1723780800000,0.08472,0.08679,0.08454,0.08634,7381627.0,2024-08-16 04:00
1723795200000,0.0863,0.08681,0.08492,0.08524,7071661.0,2024-08-16 08:00
1723809600000,0.08524,0.08545,0.07999,0.08111,37766899.0,2024-08-16 12:00
1723824000000,0.08108,0.08487,0.08043,0.08452,26750199.0,2024-08-16 16:00
1723838400000,0.08452,0.08544,0.08376,0.08397,10262592.0,2024-08-16 20:00
1723852800000,0.08397,0.08439,0.08317,0.08436,7619082.0,2024-08-17 00:00
1723867200000,0.08435,0.08463,0.08346,0.08388,6673343.0,2024-08-17 04:00
1723881600000,0.08385,0.08455,0.0828,0.08336,10008760.0,2024-08-17 08:00
1723896000000,0.0833,0.08648,0.08298,0.08517,10690300.0,2024-08-17 12:00
1723910400000,0.08519,0.08608,0.0841,0.08445,9403524.0,2024-08-17 16:00
1723924800000,0.08449,0.0867,0.08436,0.0866,6878850.0,2024-08-17 20:00
1723939200000,0.0866,0.08681,0.08497,0.08539,6772935.0,2024-08-18 00:00
1723953600000,0.08537,0.08626,0.08452,0.08557,6021638.0,2024-08-18 04:00
1723968000000,0.08555,0.09253,0.08551,0.09015,41333860.0,2024-08-18 08:00
1723982400000,0.09016,0.092,0.08957,0.09108,27148106.0,2024-08-18 12:00
1723996800000,0.09109,0.09534,0.09039,0.09171,57764761.0,2024-08-18 16:00
1724011200000,0.0917,0.09227,0.0891,0.08925,16096901.0,2024-08-18 20:00
1724025600000,0.08925,0.08937,0.08741,0.08893,18222903.0,2024-08-19 00:00
1724040000000,0.08893,0.0901,0.08772,0.08876,15903559.0,2024-08-19 04:00
1724054400000,0.08875,0.09053,0.08706,0.08858,19246404.0,2024-08-19 08:00
1724068800000,0.08856,0.09044,0.08772,0.0885,13258358.0,2024-08-19 12:00
1724083200000,0.08849,0.09168,0.08701,0.08991,18102370.0,2024-08-19 16:00
1724097600000,0.08991,0.0935,0.08962,0.0929,21602938.0,2024-08-19 20:00
1724112000000,0.09282,0.09452,0.09178,0.09287,13393071.0,2024-08-20 00:00
1724126400000,0.09287,0.09396,0.09224,0.09316,11627887.0,2024-08-20 04:00
1724140800000,0.09321,0.09418,0.09208,0.09213,13125107.0,2024-08-20 08:00
1724155200000,0.09213,0.09276,0.08815,0.08924,19771752.0,2024-08-20 12:00
1724169600000,0.0892,0.09059,0.08887,0.09055,10148952.0,2024-08-20 16:00
1724184000000,0.09052,0.09096,0.08961,0.09011,8670743.0,2024-08-20 20:00
1724198400000,0.09009,0.09109,0.08944,0.09074,7067200.0,2024-08-21 00:00
1724212800000,0.09074,0.09182,0.09045,0.09152,5009491.0,2024-08-21 04:00
1724227200000,0.09152,0.0917,0.08916,0.08937,8259358.0,2024-08-21 08:00
1724241600000,0.08934,0.09032,0.08711,0.08916,19352072.0,2024-08-21 12:00
1724256000000,0.08917,0.09353,0.08881,0.09333,12061914.0,2024-08-21 16:00
1724270400000,0.09337,0.09417,0.0927,0.09364,11059798.0,2024-08-21 20:00
1724284800000,0.09367,0.09372,0.09115,0.09281,8973421.0,2024-08-22 00:00
1724299200000,0.09282,0.09454,0.09282,0.09431,8567172.0,2024-08-22 04:00
1724313600000,0.09431,0.09738,0.09359,0.09644,17844243.0,2024-08-22 08:00
1724328000000,0.09642,0.09832,0.09507,0.0957,25280069.0,2024-08-22 12:00
1724342400000,0.09569,0.09699,0.09508,0.09552,11020133.0,2024-08-22 16:00
1724356800000,0.09553,0.09793,0.09542,0.09777,14410923.0,2024-08-22 20:00
1724371200000,0.09774,0.0994,0.09625,0.09706,16771485.0,2024-08-23 00:00
1724385600000,0.09707,0.09951,0.09631,0.09864,13254953.0,2024-08-23 04:00
1724400000000,0.09865,0.10004,0.0972,0.09738,13524507.0,2024-08-23 08:00
1724414400000,0.09736,0.10099,0.09736,0.10068,18455966.0,2024-08-23 12:00
1724428800000,0.10068,0.10591,0.10022,0.10582,18857012.0,2024-08-23 16:00
1724443200000,0.10581,0.10724,0.10546,0.10694,15956425.0,2024-08-23 20:00
1724457600000,0.10694,0.10922,0.10578,0.10592,15363825.0,2024-08-24 00:00
1724472000000,0.1059,0.10916,0.10496,0.10828,13400258.0,2024-08-24 04:00
1724486400000,0.10822,0.11296,0.10767,0.10977,19501178.0,2024-08-24 08:00
1724500800000,0.10977,0.11236,0.10905,0.11088,17851613.0,2024-08-24 12:00
1724515200000,0.11081,0.11868,0.11072,0.1152,52645098.0,2024-08-24 16:00
1724529600000,0.11523,0.11608,0.10918,0.11206,24331528.0,2024-08-24 20:00
1724544000000,0.11209,0.11243,0.107,0.10914,18694454.0,2024-08-25 00:00
1724558400000,0.10918,0.10976,0.10452,0.10527,15174394.0,2024-08-25 04:00
1724572800000,0.10525,0.11542,0.1045,0.11049,71470738.0,2024-08-25 08:00
1724587200000,0.11053,0.11177,0.10877,0.11042,23968273.0,2024-08-25 12:00
1724601600000,0.11046,0.11191,0.10899,0.11037,15987205.0,2024-08-25 16:00
1724616000000,0.11041,0.11222,0.10908,0.10959,14111743.0,2024-08-25 20:00
1724630400000,0.10958,0.11062,0.10651,0.10833,16046152.0,2024-08-26 00:00
1724644800000,0.10838,0.10909,0.10598,0.10638,10306709.0,2024-08-26 04:00
1724659200000,0.10641,0.11152,0.10585,0.1089,22061864.0,2024-08-26 08:00
1724673600000,0.10898,0.10911,0.10476,0.10571,19449076.0,2024-08-26 12:00
1724688000000,0.10571,0.10672,0.1011,0.10259,24575817.0,2024-08-26 16:00
1724702400000,0.1026,0.1034,0.10121,0.10152,11957063.0,2024-08-26 20:00
1724716800000,0.10152,0.10384,0.10152,0.10291,9236417.0,2024-08-27 00:00
1724731200000,0.10291,0.10457,0.10201,0.10222,7133188.0,2024-08-27 04:00
1724745600000,0.10217,0.10263,0.09818,0.09934,19999830.0,2024-08-27 08:00
1724760000000,0.09934,0.10095,0.09823,0.09916,15223799.0,2024-08-27 12:00
1724774400000,0.09913,0.10057,0.09819,0.09946,10193623.0,2024-08-27 16:00
1724788800000,0.09944,0.09944,0.09063,0.09328,42371532.0,2024-08-27 20:00
1724803200000,0.09323,0.09402,0.09134,0.09366,11808599.0,2024-08-28 00:00
1724817600000,0.09367,0.09373,0.09029,0.09041,10149625.0,2024-08-28 04:00
1724832000000,0.09045,0.09698,0.08979,0.09478,24168994.0,2024-08-28 08:00
1724846400000,0.09472,0.09571,0.09054,0.09132,23404719.0,2024-08-28 12:00
1724860800000,0.09131,0.09357,0.08738,0.09187,30342677.0,2024-08-28 16:00
1724875200000,0.09183,0.09421,0.09056,0.09174,13793170.0,2024-08-28 20:00
1724889600000,0.09173,0.09278,0.09109,0.09167,6764285.0,2024-08-29 00:00
1724904000000,0.09166,0.09332,0.09102,0.09293,7240393.0,2024-08-29 04:00
1724918400000,0.09288,0.09411,0.09158,0.09283,8343188.0,2024-08-29 08:00
1724932800000,0.09279,0.0963,0.0925,0.09544,19203459.0,2024-08-29 12:00
1724947200000,0.09549,0.09634,0.08912,0.09017,21398679.0,2024-08-29 16:00
1724961600000,0.0902,0.09098,0.08891,0.09024,7732985.0,2024-08-29 20:00
1724976000000,0.09024,0.09154,0.08904,0.08943,8499348.0,2024-08-30 00:00
1724990400000,0.0894,0.09081,0.08858,0.09004,5959541.0,2024-08-30 04:00
1725004800000,0.09,0.09085,0.08939,0.08946,4259391.0,2024-08-30 08:00
1725019200000,0.08945,0.09117,0.08405,0.08456,18972437.0,2024-08-30 12:00
1725033600000,0.08461,0.0902,0.08415,0.08792,17456152.0,2024-08-30 16:00
1725048000000,0.08794,0.08988,0.08792,0.08962,6958476.0,2024-08-30 20:00
1725062400000,0.08959,0.09028,0.08905,0.08919,3350199.0,2024-08-31 00:00
1725076800000,0.08916,0.0896,0.08789,0.08793,3841594.0,2024-08-31 04:00
1725091200000,0.08789,0.08808,0.08646,0.0876,6007656.0,2024-08-31 08:00
1725105600000,0.08758,0.08763,0.08619,0.08701,5988048.0,2024-08-31 12:00
1725120000000,0.08701,0.08709,0.08475,0.08561,8771424.0,2024-08-31 16:00
1725134400000,0.08558,0.08673,0.08519,0.08586,5631270.0,2024-08-31 20:00
1725148800000,0.08587,0.08637,0.08378,0.08519,6514864.0,2024-09-01 00:00
1725163200000,0.08517,0.08577,0.08406,0.08575,6086298.0,2024-09-01 04:00
1725177600000,0.08579,0.08589,0.08321,0.08448,6601953.0,2024-09-01 08:00
1725192000000,0.08448,0.08471,0.08123,0.08363,16846463.0,2024-09-01 12:00
1725206400000,0.08365,0.08474,0.08102,0.08374,11371983.0,2024-09-01 16:00
1725220800000,0.08373,0.08465,0.07875,0.07978,14624672.0,2024-09-01 20:00
1725235200000,0.07977,0.0813,0.07935,0.08108,6009682.0,2024-09-02 00:00
1725249600000,0.08107,0.08147,0.07973,0.08013,5477007.0,2024-09-02 04:00
1725264000000,0.08011,0.08561,0.08006,0.08483,18139909.0,2024-09-02 08:00
1725278400000,0.08486,0.08706,0.08305,0.08639,16042613.0,2024-09-02 12:00
1725292800000,0.08635,0.08895,0.08512,0.08731,34409935.0,2024-09-02 16:00
1725307200000,0.08736,0.09424,0.08683,0.09318,64304156.0,2024-09-02 20:00
1725321600000,0.09324,0.09634,0.09276,0.09447,59562617.0,2024-09-03 00:00
1725336000000,0.09449,0.09499,0.09165,0.09276,45167065.0,2024-09-03 04:00
1725350400000,0.09274,0.09508,0.09167,0.09338,58315689.0,2024-09-03 08:00
1725364800000,0.09341,0.09534,0.08953,0.08982,96365634.0,2024-09-03 12:00
1725379200000,0.08982,0.09143,0.08928,0.09081,30660310.0,2024-09-03 16:00
1725393600000,0.09086,0.09173,0.08854,0.08889,22061713.0,2024-09-03 20:00
1725408000000,0.0889,0.0905,0.08496,0.08892,40242958.0,2024-09-04 00:00
1725422400000,0.0889,0.09125,0.0869,0.09111,21490714.0,2024-09-04 04:00
1725436800000,0.09113,0.09134,0.08776,0.08818,18002631.0,2024-09-04 08:00
1725451200000,0.0882,0.09402,0.08701,0.09366,49086729.0,2024-09-04 12:00
1725465600000,0.09363,0.0949,0.08972,0.09229,33542343.0,2024-09-04 16:00
1725480000000,0.09229,0.09431,0.09115,0.09337,19985637.0,2024-09-04 20:00
1725494400000,0.09336,0.09399,0.0904,0.09059,20694098.0,2024-09-05 00:00
1725508800000,0.09058,0.09297,0.09027,0.09242,12995639.0,2024-09-05 04:00
1725523200000,0.0924,0.0928,0.09037,0.09075,8944228.0,2024-09-05 08:00
1725537600000,0.09074,0.0921,0.0884,0.08903,26410078.0,2024-09-05 12:00
1725552000000,0.08899,0.09001,0.08764,0.08807,15736273.0,2024-09-05 16:00
1725566400000,0.08804,0.08859,0.0869,0.08769,12440325.0,2024-09-05 20:00
1725580800000,0.08771,0.08943,0.08636,0.08812,12394620.0,2024-09-06 00:00
1725595200000,0.0881,0.08841,0.0852,0.08613,13017292.0,2024-09-06 04:00
1725609600000,0.08609,0.08706,0.08549,0.0866,8661282.0,2024-09-06 08:00
1725624000000,0.0866,0.09054,0.08484,0.08647,43063171.0,2024-09-06 12:00
1725638400000,0.08643,0.08659,0.0823,0.08308,27729355.0,2024-09-06 16:00
1725652800000,0.08309,0.08413,0.08028,0.08385,23259385.0,2024-09-06 20:00
1725667200000,0.08385,0.08489,0.08253,0.08312,10385519.0,2024-09-07 00:00
1725681600000,0.08309,0.08559,0.08274,0.08553,12616135.0,2024-09-07 04:00
1725696000000,0.08555,0.08702,0.08529,0.08629,12565173.0,2024-09-07 08:00
1725710400000,0.0863,0.08829,0.08628,0.08776,11219872.0,2024-09-07 12:00
1725724800000,0.08778,0.08821,0.08562,0.087,10481230.0,2024-09-07 16:00
1725739200000,0.08703,0.08703,0.08465,0.08577,5853667.0,2024-09-07 20:00
1725753600000,0.0858,0.08767,0.08519,0.08764,6332894.0,2024-09-08 00:00
1725768000000,0.08764,0.08953,0.08753,0.08935,10023819.0,2024-09-08 04:00
1725782400000,0.08936,0.0919,0.08874,0.08938,14766993.0,2024-09-08 08:00
1725796800000,0.0894,0.08965,0.08661,0.08664,13196607.0,2024-09-08 12:00
1725811200000,0.08672,0.08921,0.08621,0.0883,8750896.0,2024-09-08 16:00
1725825600000,0.08833,0.0917,0.08795,0.0897,10910639.0,2024-09-08 20:00
1725840000000,0.08972,0.09061,0.08904,0.09009,8411703.0,2024-09-09 00:00
1725854400000,0.09011,0.09138,0.089,0.09122,6171758.0,2024-09-09 04:00
1725868800000,0.09119,0.09234,0.09069,0.09212,17395586.0,2024-09-09 08:00
1725883200000,0.09213,0.09465,0.09135,0.09441,32702936.0,2024-09-09 12:00
1725897600000,0.09443,0.09709,0.09436,0.09692,30550703.0,2024-09-09 16:00
1725912000000,0.09694,0.09892,0.09582,0.09707,15002238.0,2024-09-09 20:00
1725926400000,0.09714,0.0972,0.0957,0.09581,8625911.0,2024-09-10 00:00
1725940800000,0.09577,0.09742,0.09538,0.09705,6982994.0,2024-09-10 04:00
1725955200000,0.09701,0.09835,0.0964,0.09782,7539322.0,2024-09-10 08:00
1725969600000,0.09777,0.098,0.09546,0.0955,9416102.0,2024-09-10 12:00
1725984000000,0.09546,0.10074,0.09472,0.09985,32239804.0,2024-09-10 16:00
1725998400000,0.09983,0.09989,0.09761,0.09779,11375729.0,2024-09-10 20:00
1726012800000,0.09783,0.098,0.09451,0.09537,13197619.0,2024-09-11 00:00
1726027200000,0.0954,0.09543,0.09302,0.09464,11882432.0,2024-09-11 04:00
1726041600000,0.09465,0.09465,0.09311,0.09408,5302745.0,2024-09-11 08:00
1726056000000,0.09404,0.09648,0.09087,0.09386,30776364.0,2024-09-11 12:00
1726070400000,0.09374,0.09633,0.09352,0.09536,13512945.0,2024-09-11 16:00
1726084800000,0.09537,0.09608,0.09453,0.09458,5404757.0,2024-09-11 20:00
1726099200000,0.09455,0.09748,0.09451,0.09664,9947191.0,2024-09-12 00:00
1726113600000,0.09669,0.09748,0.09549,0.09587,6519428.0,2024-09-12 04:00
1726128000000,0.09588,0.09651,0.09544,0.09598,5988762.0,2024-09-12 08:00
1726142400000,0.09598,0.09782,0.09486,0.09499,13687272.0,2024-09-12 12:00
1726156800000,0.09499,0.10008,0.09499,0.09953,15627997.0,2024-09-12 16:00
1726171200000,0.09954,0.10178,0.09852,0.10058,13207532.0,2024-09-12 20:00
1726185600000,0.10065,0.10128,0.09953,0.09959,4827529.0,2024-09-13 00:00
1726200000000,0.09962,0.09982,0.09854,0.09915,9024602.0,2024-09-13 04:00
1726214400000,0.09915,0.1053,0.09821,0.10178,48920409.0,2024-09-13 08:00
1726228800000,0.10178,0.10834,0.10021,0.1072,68391062.0,2024-09-13 12:00
1726243200000,0.10724,0.10832,0.10525,0.10632,37748324.0,2024-09-13 16:00
1726257600000,0.10629,0.10842,0.10611,0.10777,17750535.0,2024-09-13 20:00
1726272000000,0.10779,0.11002,0.10736,0.10805,17604462.0,2024-09-14 00:00
1726286400000,0.10802,0.10816,0.10453,0.10545,25036838.0,2024-09-14 04:00
1726300800000,0.10546,0.10586,0.10304,0.10356,21141984.0,2024-09-14 08:00
1726315200000,0.10358,0.10505,0.10334,0.1042,12777119.0,2024-09-14 12:00
1726329600000,0.10416,0.10484,0.1024,0.1028,16486250.0,2024-09-14 16:00
1726344000000,0.10279,0.10414,0.10258,0.10385,7310208.0,2024-09-14 20:00
1726358400000,0.10385,0.10502,0.10335,0.1037,7037135.0,2024-09-15 00:00
1726372800000,0.10368,0.10385,0.10264,0.1037,6020913.0,2024-09-15 04:00
1726387200000,0.10371,0.10373,0.10157,0.10196,9831320.0,2024-09-15 08:00
1726401600000,0.10188,0.1037,0.101,0.1027,17148768.0,2024-09-15 12:00
1726416000000,0.10269,0.10283,0.09965,0.10055,17875831.0,2024-09-15 16:00
1726430400000,0.10055,0.10059,0.0962,0.09776,18781008.0,2024-09-15 20:00
1726444800000,0.09775,0.09795,0.0949,0.09665,17190906.0,2024-09-16 00:00
1726459200000,0.09662,0.09789,0.09618,0.09756,9849982.0,2024-09-16 04:00
1726473600000,0.09757,0.09918,0.0954,0.09609,15535137.0,2024-09-16 08:00
1726488000000,0.09606,0.09627,0.09266,0.09447,17320427.0,2024-09-16 12:00
1726502400000,0.09446,0.09483,0.09236,0.09321,12382427.0,2024-09-16 16:00
1726516800000,0.0932,0.09365,0.09146,0.09263,6930941.0,2024-09-16 20:00
1726531200000,0.09264,0.09325,0.09122,0.09217,7821170.0,2024-09-17 00:00
1726545600000,0.09219,0.09534,0.09204,0.09483,10151498.0,2024-09-17 04:00
1726560000000,0.0948,0.096,0.0939,0.09466,16062249.0,2024-09-17 08:00
1726574400000,0.09468,0.0994,0.09331,0.09927,32583185.0,2024-09-17 12:00
1726588800000,0.0993,0.09974,0.09428,0.09562,26151512.0,2024-09-17 16:00
1726603200000,0.09557,0.09754,0.0952,0.09747,8549586.0,2024-09-17 20:00
1726617600000,0.09745,0.1002,0.09601,0.09988,9719227.0,2024-09-18 00:00
1726632000000,0.09986,0.10103,0.09837,0.09946,12365234.0,2024-09-18 04:00
1726646400000,0.09946,0.09994,0.09435,0.09597,20516132.0,2024-09-18 08:00
1726660800000,0.09598,0.09695,0.09242,0.09287,13187134.0,2024-09-18 12:00
1726675200000,0.09283,0.10171,0.092,0.09757,48079914.0,2024-09-18 16:00
1726689600000,0.09758,0.10342,0.09632,0.10338,22480151.0,2024-09-18 20:00
1726704000000,0.10339,0.10548,0.10164,0.10287,27639346.0,2024-09-19 00:00
1726718400000,0.10288,0.10499,0.10227,0.10458,14421825.0,2024-09-19 04:00
1726732800000,0.10457,0.10605,0.10236,0.10544,26885860.0,2024-09-19 08:00
1726747200000,0.10543,0.1067,0.10433,0.10522,19196709.0,2024-09-19 12:00
1726761600000,0.10519,0.10713,0.10331,0.10376,20026577.0,2024-09-19 16:00
1726776000000,0.10377,0.10455,0.10253,0.10344,10580903.0,2024-09-19 20:00
1726790400000,0.10347,0.10675,0.10078,0.10672,15086753.0,2024-09-20 00:00
1726804800000,0.10672,0.10899,0.10614,0.10751,19993561.0,2024-09-20 04:00
1726819200000,0.10751,0.10754,0.10299,0.10378,19930002.0,2024-09-20 08:00
1726833600000,0.10382,0.10462,0.1014,0.10316,18685468.0,2024-09-20 12:00
1726848000000,0.10315,0.10436,0.09966,0.10167,18954985.0,2024-09-20 16:00
1726862400000,0.10165,0.10287,0.10077,0.10241,8978730.0,2024-09-20 20:00
1726876800000,0.10241,0.10365,0.1007,0.10094,8818892.0,2024-09-21 00:00
1726891200000,0.10097,0.10202,0.09951,0.10178,12275518.0,2024-09-21 04:00
1726905600000,0.10178,0.10202,0.10037,0.10087,11277146.0,2024-09-21 08:00
1726920000000,0.10084,0.1037,0.10073,0.10254,15919747.0,2024-09-21 12:00
1726934400000,0.10256,0.10331,0.10203,0.10249,8298891.0,2024-09-21 16:00
1726948800000,0.10247,0.1042,0.10178,0.10396,5143187.0,2024-09-21 20:00
1726963200000,0.10398,0.10431,0.1005,0.10167,11492991.0,2024-09-22 00:00
1726977600000,0.10164,0.10196,0.10054,0.10077,6151648.0,2024-09-22 04:00
1726992000000,0.10076,0.10205,0.0985,0.09911,13030918.0,2024-09-22 08:00
1727006400000,0.0991,0.10035,0.09744,0.09854,11648987.0,2024-09-22 12:00
1727020800000,0.09854,0.10013,0.09728,0.09953,11005510.0,2024-09-22 16:00
1727035200000,0.09954,0.10236,0.09693,0.10073,18297328.0,2024-09-22 20:00
1727049600000,0.10076,0.10741,0.09823,0.10564,29908192.0,2024-09-23 00:00
1727064000000,0.10565,0.10731,0.1044,0.10592,25612330.0,2024-09-23 04:00
1727078400000,0.10589,0.10693,0.10404,0.10452,18657959.0,2024-09-23 08:00
1727092800000,0.10453,0.10686,0.10307,0.10604,22390292.0,2024-09-23 12:00
1727107200000,0.10601,0.1104,0.10503,0.10845,34779551.0,2024-09-23 16:00
1727121600000,0.10848,0.11198,0.10825,0.11088,39542100.0,2024-09-23 20:00
1727136000000,0.11084,0.11172,0.10759,0.10805,25276869.0,2024-09-24 00:00
1727150400000,0.10807,0.11009,0.10666,0.10841,20703432.0,2024-09-24 04:00
1727164800000,0.10842,0.11049,0.10814,0.10979,16756135.0,2024-09-24 08:00
1727179200000,0.10981,0.11084,0.10535,0.1069,30829490.0,2024-09-24 12:00
1727193600000,0.10692,0.1119,0.10665,0.11139,19102376.0,2024-09-24 16:00
1727208000000,0.11139,0.11273,0.1099,0.11147,15279153.0,2024-09-24 20:00
1727222400000,0.11152,0.11389,0.11025,0.11316,14036333.0,2024-09-25 00:00
1727236800000,0.11316,0.11321,0.10894,0.1101,13935223.0,2024-09-25 04:00
1727251200000,0.1101,0.11039,0.10867,0.10974,10547098.0,2024-09-25 08:00
1727265600000,0.10974,0.11139,0.10806,0.10932,13235786.0,2024-09-25 12:00
1727280000000,0.10925,0.11005,0.10751,0.10825,22868944.0,2024-09-25 16:00
1727294400000,0.10822,0.11035,0.10633,0.10727,13469302.0,2024-09-25 20:00
1727308800000,0.10726,0.11027,0.10574,0.11014,15624278.0,2024-09-26 00:00
1727323200000,0.11014,0.1115,0.10907,0.11081,16058457.0,2024-09-26 04:00
1727337600000,0.1108,0.11142,0.10878,0.11025,14651505.0,2024-09-26 08:00
1727352000000,0.11027,0.11267,0.1092,0.11152,23439414.0,2024-09-26 12:00
1727366400000,0.11152,0.11273,0.10882,0.10895,21433458.0,2024-09-26 16:00
1727380800000,0.1089,0.10941,0.10615,0.10895,20221354.0,2024-09-26 20:00
1727395200000,0.10894,0.11194,0.10846,0.11156,24377945.0,2024-09-27 00:00
1727409600000,0.11162,0.11675,0.11153,0.11529,35636969.0,2024-09-27 04:00
1727424000000,0.11528,0.11619,0.1117,0.11412,32896893.0,2024-09-27 08:00
1727438400000,0.11409,0.11795,0.11221,0.11608,47314038.0,2024-09-27 12:00
1727452800000,0.11612,0.11782,0.114,0.11517,25428950.0,2024-09-27 16:00
1727467200000,0.11514,0.11616,0.11453,0.11501,11224875.0,2024-09-27 20:00
1727481600000,0.11506,0.11624,0.11446,0.11468,13079934.0,2024-09-28 00:00
1727496000000,0.11474,0.11515,0.1102,0.11051,21527214.0,2024-09-28 04:00
1727510400000,0.11048,0.11064,0.10603,0.10919,25477194.0,2024-09-28 08:00
1727524800000,0.10919,0.10919,0.10694,0.1086,14649977.0,2024-09-28 12:00
1727539200000,0.10865,0.10894,0.10756,0.10836,10989100.0,2024-09-28 16:00
1727553600000,0.10834,0.10929,0.10652,0.1084,11987421.0,2024-09-28 20:00
1727568000000,0.10842,0.10949,0.10716,0.10901,12328051.0,2024-09-29 00:00
1727582400000,0.10906,0.10909,0.10485,0.10514,16381716.0,2024-09-29 04:00
1727596800000,0.10516,0.10651,0.10464,0.10572,8039509.0,2024-09-29 08:00
1727611200000,0.10577,0.10629,0.10352,0.1059,19444704.0,2024-09-29 12:00
1727625600000,0.1059,0.10954,0.10554,0.10945,13649701.0,2024-09-29 16:00
1727640000000,0.10947,0.11071,0.10631,0.1071,19385248.0,2024-09-29 20:00
1727654400000,0.1071,0.1077,0.10273,0.10549,23501858.0,2024-09-30 00:00
1727668800000,0.10549,0.11264,0.10394,0.11192,38850143.0,2024-09-30 04:00
1727683200000,0.11189,0.11219,0.10815,0.111,47671918.0,2024-09-30 08:00
1727697600000,0.11098,0.11259,0.10702,0.10721,41506129.0,2024-09-30 12:00
1727712000000,0.10719,0.10975,0.10578,0.10942,26138957.0,2024-09-30 16:00
1727726400000,0.10941,0.11108,0.1053,0.10655,26996955.0,2024-09-30 20:00
1727740800000,0.1065,0.11193,0.10593,0.11117,23646650.0,2024-10-01 00:00
1727755200000,0.11115,0.1123,0.11018,0.11082,22399764.0,2024-10-01 04:00
1727769600000,0.11082,0.11207,0.10915,0.11077,20212160.0,2024-10-01 08:00
1727784000000,0.11075,0.11136,0.09393,0.09849,122840733.0,2024-10-01 12:00
1727798400000,0.09842,0.09889,0.08619,0.08943,112591734.0,2024-10-01 16:00
1727812800000,0.08944,0.09124,0.08719,0.08798,65548965.0,2024-10-01 20:00
1727827200000,0.08798,0.09065,0.08685,0.09039,56919643.0,2024-10-02 00:00
1727841600000,0.09036,0.09542,0.08922,0.0951,67627993.0,2024-10-02 04:00
1727856000000,0.09509,0.09585,0.08959,0.09109,68737722.0,2024-10-02 08:00
1727870400000,0.09111,0.09152,0.08779,0.09033,64620897.0,2024-10-02 12:00
1727884800000,0.09026,0.09156,0.08173,0.08418,85879796.0,2024-10-02 16:00
1727899200000,0.08419,0.08602,0.08323,0.08419,33226646.0,2024-10-02 20:00
1727913600000,0.08418,0.08657,0.08382,0.08634,26397656.0,2024-10-03 00:00
1727928000000,0.08632,0.08633,0.08311,0.08349,27400718.0,2024-10-03 04:00
1727942400000,0.08348,0.08409,0.08064,0.08265,43020109.0,2024-10-03 08:00
1727956800000,0.08266,0.08423,0.07972,0.08215,58906040.0,2024-10-03 12:00
1727971200000,0.08217,0.08275,0.07968,0.08233,41402895.0,2024-10-03 16:00
1727985600000,0.08226,0.08275,0.08032,0.08213,22331836.0,2024-10-03 20:00
1728000000000,0.08214,0.08446,0.08156,0.08322,21871785.0,2024-10-04 00:00
1728014400000,0.08324,0.08541,0.0832,0.0852,14923054.0,2024-10-04 04:00
1728028800000,0.08518,0.08676,0.08469,0.08588,19592681.0,2024-10-04 08:00
1728043200000,0.08587,0.08707,0.08274,0.08474,45279997.0,2024-10-04 12:00
1728057600000,0.08475,0.08783,0.08468,0.08743,37558851.0,2024-10-04 16:00
1728072000000,0.08742,0.088,0.08638,0.08679,26858484.0,2024-10-04 20:00
1728086400000,0.08678,0.08797,0.08539,0.08565,13392258.0,2024-10-05 00:00
1728100800000,0.08565,0.08856,0.08534,0.0877,11572289.0,2024-10-05 04:00
1728115200000,0.08775,0.0882,0.08656,0.08691,11936258.0,2024-10-05 08:00
1728129600000,0.0869,0.08794,0.08561,0.08617,14659507.0,2024-10-05 12:00
1728144000000,0.08616,0.08627,0.08232,0.08256,19989435.0,2024-10-05 16:00
1728158400000,0.08253,0.08334,0.08122,0.08321,15024445.0,2024-10-05 20:00
1728172800000,0.08322,0.08476,0.08267,0.08294,11964208.0,2024-10-06 00:00
1728187200000,0.08295,0.08355,0.08247,0.08334,10164358.0,2024-10-06 04:00
1728201600000,0.08335,0.08534,0.08322,0.08505,12172523.0,2024-10-06 08:00
1728216000000,0.08505,0.08707,0.08461,0.08606,21279410.0,2024-10-06 12:00
1728230400000,0.08606,0.08684,0.08457,0.08462,13455489.0,2024-10-06 16:00
1728244800000,0.08458,0.08643,0.08399,0.08611,11471869.0,2024-10-06 20:00
1728259200000,0.08607,0.08927,0.08568,0.08717,25275029.0,2024-10-07 00:00
1728273600000,0.08713,0.08832,0.08682,0.08694,15378387.0,2024-10-07 04:00
1728288000000,0.08692,0.08821,0.08407,0.08664,35159480.0,2024-10-07 08:00
1728302400000,0.08665,0.09069,0.08585,0.08791,49407250.0,2024-10-07 12:00
1728316800000,0.08793,0.0894,0.08587,0.08701,29711870.0,2024-10-07 16:00
1728331200000,0.08703,0.08757,0.08465,0.08482,21390557.0,2024-10-07 20:00
1728345600000,0.08484,0.08708,0.08476,0.08646,15259810.0,2024-10-08 00:00
1728360000000,0.08648,0.08687,0.08306,0.08365,24252219.0,2024-10-08 04:00
1728374400000,0.08361,0.08508,0.083,0.08491,16504423.0,2024-10-08 08:00
1728388800000,0.08491,0.08509,0.08067,0.08189,49132078.0,2024-10-08 12:00
1728403200000,0.08191,0.08328,0.08049,0.08163,30309143.0,2024-10-08 16:00
1728417600000,0.08163,0.0836,0.0814,0.08214,14093847.0,2024-10-08 20:00
1728432000000,0.08216,0.0843,0.08161,0.08243,17100106.0,2024-10-09 00:00
1728446400000,0.08239,0.08466,0.08196,0.08453,22178006.0,2024-10-09 04:00
1728460800000,0.0845,0.08603,0.08286,0.08597,24135708.0,2024-10-09 08:00
1728475200000,0.08594,0.08603,0.08154,0.08454,47456162.0,2024-10-09 12:00
1728489600000,0.08451,0.08464,0.08075,0.08131,32539077.0,2024-10-09 16:00
1728504000000,0.08134,0.0816,0.07812,0.08037,37153601.0,2024-10-09 20:00
1728518400000,0.08039,0.08202,0.07988,0.0812,17880589.0,2024-10-10 00:00
1728532800000,0.08117,0.08255,0.08038,0.08047,14859458.0,2024-10-10 04:00
1728547200000,0.08043,0.08142,0.07814,0.08136,20800990.0,2024-10-10 08:00
1728561600000,0.08136,0.08167,0.0788,0.07997,33903853.0,2024-10-10 12:00
1728576000000,0.07998,0.08081,0.07679,0.07905,40216763.0,2024-10-10 16:00
1728590400000,0.07904,0.0805,0.07844,0.08041,12249493.0,2024-10-10 20:00
1728604800000,0.08042,0.08141,0.07964,0.08001,11627340.0,2024-10-11 00:00
1728619200000,0.08002,0.08118,0.07937,0.08031,19842983.0,2024-10-11 04:00
1728633600000,0.08029,0.08164,0.08002,0.08037,22333233.0,2024-10-11 08:00
1728648000000,0.08039,0.08358,0.08033,0.08319,35201976.0,2024-10-11 12:00
1728662400000,0.08319,0.08786,0.0825,0.08647,78169843.0,2024-10-11 16:00
1728676800000,0.08648,0.08802,0.08579,0.08646,27398258.0,2024-10-11 20:00
1728691200000,0.08649,0.08813,0.08541,0.08589,24272569.0,2024-10-12 00:00
1728705600000,0.08592,0.08825,0.08589,0.08796,16769276.0,2024-10-12 04:00
1728720000000,0.088,0.08815,0.08599,0.08633,22899329.0,2024-10-12 08:00
1728734400000,0.08633,0.08894,0.08614,0.08772,35350590.0,2024-10-12 12:00
1728748800000,0.08775,0.08926,0.08638,0.08699,31304218.0,2024-10-12 16:00
1728763200000,0.08703,0.08815,0.08693,0.08725,15037205.0,2024-10-12 20:00
1728777600000,0.08726,0.08834,0.08586,0.08614,15737122.0,2024-10-13 00:00
1728792000000,0.08618,0.08727,0.08569,0.08618,11143964.0,2024-10-13 04:00
1728806400000,0.08621,0.0868,0.08465,0.08502,25660562.0,2024-10-13 08:00
1728820800000,0.085,0.08683,0.08414,0.08532,28768671.0,2024-10-13 12:00
1728835200000,0.08531,0.08728,0.08486,0.08566,22995071.0,2024-10-13 16:00
1728849600000,0.08569,0.08978,0.08533,0.08944,38724937.0,2024-10-13 20:00
1728864000000,0.08946,0.09198,0.08747,0.09168,34432966.0,2024-10-14 00:00
1728878400000,0.09166,0.0921,0.08781,0.09007,62178880.0,2024-10-14 04:00
1728892800000,0.09009,0.09011,0.08761,0.0892,32431916.0,2024-10-14 08:00
1728907200000,0.08922,0.09107,0.08756,0.09077,52085213.0,2024-10-14 12:00
1728921600000,0.09077,0.09148,0.08903,0.09022,38175109.0,2024-10-14 16:00
1728936000000,0.09021,0.09214,0.08971,0.09073,23786670.0,2024-10-14 20:00
1728950400000,0.09077,0.09089,0.08794,0.0881,28263841.0,2024-10-15 00:00
1728964800000,0.08811,0.08935,0.08652,0.08779,27856563.0,2024-10-15 04:00
1728979200000,0.08777,0.09019,0.08466,0.08562,53895166.0,2024-10-15 08:00
1728993600000,0.08563,0.09035,0.08255,0.08573,109723702.0,2024-10-15 12:00
1729008000000,0.08578,0.0888,0.08574,0.0867,50140543.0,2024-10-15 16:00
1729022400000,0.08671,0.08728,0.08424,0.08693,25634723.0,2024-10-15 20:00
1729036800000,0.08694,0.08775,0.08407,0.08696,17444471.0,2024-10-16 00:00
1729051200000,0.08696,0.0876,0.08356,0.08389,22588928.0,2024-10-16 04:00
1729065600000,0.08389,0.08519,0.08271,0.08407,33973352.0,2024-10-16 08:00
1729080000000,0.08408,0.086,0.08224,0.08375,55026114.0,2024-10-16 12:00
1729094400000,0.08372,0.08494,0.08296,0.08431,20365558.0,2024-10-16 16:00
1729108800000,0.08429,0.08683,0.08002,0.08206,55915454.0,2024-10-16 20:00
1729123200000,0.08207,0.08396,0.08206,0.08313,25353760.0,2024-10-17 00:00
1729137600000,0.08313,0.08346,0.08032,0.08116,21556045.0,2024-10-17 04:00
1729152000000,0.08116,0.08288,0.0795,0.07956,30794162.0,2024-10-17 08:00
1729166400000,0.07954,0.08236,0.07931,0.08166,31522818.0,2024-10-17 12:00
1729180800000,0.0817,0.08177,0.07823,0.08006,27960378.0,2024-10-17 16:00
1729195200000,0.08007,0.08128,0.08004,0.08072,10017421.0,2024-10-17 20:00
1729209600000,0.08069,0.0828,0.07995,0.08133,21383932.0,2024-10-18 00:00
1729224000000,0.08132,0.08228,0.08127,0.08201,16578768.0,2024-10-18 04:00
1729238400000,0.082,0.08314,0.08162,0.08263,15637752.0,2024-10-18 08:00
1729252800000,0.08264,0.0831,0.08126,0.0823,28081586.0,2024-10-18 12:00
1729267200000,0.08232,0.08483,0.08159,0.08385,27001379.0,2024-10-18 16:00
1729281600000,0.08384,0.08494,0.08351,0.08456,13360626.0,2024-10-18 20:00
1729296000000,0.08455,0.08663,0.0845,0.0859,15034423.0,2024-10-19 00:00
1729310400000,0.08593,0.08624,0.08488,0.08508,13649478.0,2024-10-19 04:00
1729324800000,0.08509,0.08616,0.08366,0.0837,17664433.0,2024-10-19 08:00
1729339200000,0.08372,0.08555,0.0834,0.08415,18642953.0,2024-10-19 12:00
1729353600000,0.08412,0.08415,0.08256,0.08308,9685157.0,2024-10-19 16:00
1729368000000,0.08309,0.0857,0.08297,0.08548,14084108.0,2024-10-19 20:00
1729382400000,0.08549,0.08602,0.0835,0.08416,13295648.0,2024-10-20 00:00
1729396800000,0.08417,0.08633,0.08403,0.08591,13894188.0,2024-10-20 04:00
1729411200000,0.08592,0.08679,0.08566,0.08638,16070862.0,2024-10-20 08:00
1729425600000,0.08638,0.09543,0.08619,0.09465,124162394.0,2024-10-20 12:00
1729440000000,0.09466,0.0962,0.0926,0.09338,114755117.0,2024-10-20 16:00
1729454400000,0.09342,0.09392,0.09147,0.09197,42889041.0,2024-10-20 20:00
1729468800000,0.09197,0.09284,0.09112,0.09203,28853761.0,2024-10-21 00:00
1729483200000,0.09202,0.09208,0.08927,0.08931,29360991.0,2024-10-21 04:00
1729497600000,0.08932,0.09012,0.08656,0.08706,42151192.0,2024-10-21 08:00
1729512000000,0.08706,0.08829,0.0855,0.0876,54487073.0,2024-10-21 12:00
1729526400000,0.08759,0.08868,0.08612,0.08838,29432935.0,2024-10-21 16:00
1729540800000,0.08843,0.08868,0.08702,0.08714,14049763.0,2024-10-21 20:00
1729555200000,0.08713,0.08897,0.08634,0.08797,25109138.0,2024-10-22 00:00
1729569600000,0.08797,0.08864,0.08695,0.08775,13431103.0,2024-10-22 04:00
1729584000000,0.08773,0.08775,0.08441,0.0868,47793331.0,2024-10-22 08:00
1729598400000,0.08678,0.08744,0.08418,0.08509,38670143.0,2024-10-22 12:00
1729612800000,0.08509,0.0867,0.0834,0.08578,25877946.0,2024-10-22 16:00
1729627200000,0.08576,0.0871,0.08533,0.086,12616473.0,2024-10-22 20:00
1729641600000,0.08601,0.08636,0.08378,0.08501,15416605.0,2024-10-23 00:00
1729656000000,0.08506,0.08571,0.08352,0.08392,19016234.0,2024-10-23 04:00
1729670400000,0.08392,0.0845,0.08268,0.08308,28136903.0,2024-10-23 08:00
1729684800000,0.08308,0.08332,0.08065,0.0813,28656018.0,2024-10-23 12:00
1729699200000,0.0813,0.08174,0.07912,0.08158,39007652.0,2024-10-23 16:00
1729713600000,0.08158,0.08378,0.08114,0.08211,27041342.0,2024-10-23 20:00
1729728000000,0.0821,0.08404,0.08139,0.08339,17790211.0,2024-10-24 00:00
1729742400000,0.08339,0.0842,0.08227,0.0824,17775655.0,2024-10-24 04:00
1729756800000,0.08239,0.08307,0.08079,0.0821,21490032.0,2024-10-24 08:00
1729771200000,0.08211,0.0831,0.08131,0.08252,22038172.0,2024-10-24 12:00
1729785600000,0.08251,0.08459,0.08195,0.0845,22575709.0,2024-10-24 16:00
1729800000000,0.08449,0.08548,0.08328,0.08384,13833033.0,2024-10-24 20:00
1729814400000,0.08385,0.08479,0.08253,0.08325,12436049.0,2024-10-25 00:00
1729828800000,0.08324,0.08343,0.08083,0.0819,17299027.0,2024-10-25 04:00
1729843200000,0.08192,0.08345,0.08088,0.08315,15741193.0,2024-10-25 08:00
1729857600000,0.08317,0.08409,0.08077,0.08142,21105737.0,2024-10-25 12:00
1729872000000,0.08141,0.08228,0.079,0.08116,42221136.0,2024-10-25 16:00
1729886400000,0.08112,0.08119,0.069,0.07343,116190846.0,2024-10-25 20:00
1729900800000,0.07343,0.0738,0.07087,0.07363,45832262.0,2024-10-26 00:00
1729915200000,0.07359,0.07514,0.07323,0.07431,17571396.0,2024-10-26 04:00
1729929600000,0.07434,0.07549,0.07426,0.07532,15328075.0,2024-10-26 08:00
1729944000000,0.07532,0.07551,0.07164,0.07218,35211271.0,2024-10-26 12:00
1729958400000,0.07217,0.07429,0.07187,0.07418,17594818.0,2024-10-26 16:00
1729972800000,0.07417,0.07528,0.07328,0.0739,12685826.0,2024-10-26 20:00
1729987200000,0.0739,0.07516,0.07364,0.07496,12611088.0,2024-10-27 00:00
1730001600000,0.07497,0.07511,0.07381,0.07427,10267280.0,2024-10-27 04:00
1730016000000,0.07428,0.07471,0.07324,0.07337,11645678.0,2024-10-27 08:00
1730030400000,0.07336,0.07519,0.07336,0.0749,17552367.0,2024-10-27 12:00
1730044800000,0.07493,0.0758,0.07424,0.07502,16288170.0,2024-10-27 16:00
1730059200000,0.07502,0.07653,0.07474,0.0755,10721325.0,2024-10-27 20:00
1730073600000,0.0755,0.07631,0.07244,0.07258,19558439.0,2024-10-28 00:00
1730088000000,0.07258,0.07521,0.07227,0.07473,15673195.0,2024-10-28 04:00
1730102400000,0.07475,0.07524,0.07387,0.07422,13689970.0,2024-10-28 08:00
1730116800000,0.07422,0.07474,0.07152,0.07156,29586846.0,2024-10-28 12:00
1730131200000,0.07155,0.07317,0.07008,0.07244,32848521.0,2024-10-28 16:00
1730145600000,0.07335,0.07664,0.07329,0.07489,15839189.0,2024-10-28 20:00
1730160000000,0.07492,0.07765,0.0747,0.07729,26900702.0,2024-10-29 00:00
1730174400000,0.07728,0.07777,0.07507,0.0755,27219524.0,2024-10-29 04:00
1730188800000,0.07551,0.07624,0.07547,0.07569,14655422.0,2024-10-29 08:00
1730203200000,0.07566,0.07733,0.07554,0.07705,26922247.0,2024-10-29 12:00
1730217600000,0.07704,0.079,0.07627,0.07669,53301368.0,2024-10-29 16:00
1730232000000,0.07673,0.0782,0.07544,0.07812,26854258.0,2024-10-29 20:00
1730246400000,0.07814,0.07841,0.07693,0.07822,13391627.0,2024-10-30 00:00
1730260800000,0.0782,0.07911,0.07781,0.07793,14240341.0,2024-10-30 04:00
1730275200000,0.07795,0.07871,0.07604,0.07621,23886123.0,2024-10-30 08:00
1730289600000,0.07621,0.07798,0.07505,0.0763,39790037.0,2024-10-30 12:00
1730304000000,0.0763,0.07713,0.07595,0.07617,14627570.0,2024-10-30 16:00
1730318400000,0.07622,0.07735,0.07584,0.07619,15347604.0,2024-10-30 20:00
1730332800000,0.0762,0.0766,0.07521,0.07552,11593183.0,2024-10-31 00:00
1730347200000,0.07553,0.07587,0.07411,0.07473,12028092.0,2024-10-31 04:00
1730361600000,0.07472,0.07475,0.07364,0.07392,15202017.0,2024-10-31 08:00
1730376000000,0.07394,0.07482,0.07267,0.07338,36340595.0,2024-10-31 12:00
1730390400000,0.07337,0.07337,0.07048,0.07109,27280707.0,2024-10-31 16:00
1730404800000,0.07107,0.07205,0.07088,0.07139,13459173.0,2024-10-31 20:00
1730419200000,0.07138,0.07187,0.06974,0.07071,23510105.0,2024-11-01 00:00
1730433600000,0.07072,0.07102,0.06908,0.06962,20965575.0,2024-11-01 04:00
1730448000000,0.06961,0.07144,0.06936,0.07099,17307985.0,2024-11-01 08:00
1730462400000,0.07099,0.07385,0.06922,0.07007,41343071.0,2024-11-01 12:00
1730476800000,0.07008,0.07152,0.06968,0.07006,26403999.0,2024-11-01 16:00
1730491200000,0.07009,0.07054,0.068,0.07004,18070475.0,2024-11-01 20:00
1730505600000,0.07008,0.071,0.06984,0.07,11798515.0,2024-11-02 00:00
1730520000000,0.07002,0.07042,0.06953,0.07003,8407172.0,2024-11-02 04:00
1730534400000,0.07,0.07027,0.06919,0.0699,11046355.0,2024-11-02 08:00
1730548800000,0.06991,0.07018,0.0671,0.06805,25328681.0,2024-11-02 12:00
1730563200000,0.06804,0.06898,0.06677,0.06806,14878295.0,2024-11-02 16:00
1730577600000,0.06807,0.06909,0.06787,0.06855,10260169.0,2024-11-02 20:00
1730592000000,0.06854,0.06898,0.0634,0.06484,44980102.0,2024-11-03 00:00
1730606400000,0.06483,0.06632,0.06482,0.06561,14205597.0,2024-11-03 04:00
1730620800000,0.06561,0.06575,0.06319,0.06327,22671456.0,2024-11-03 08:00
1730635200000,0.06327,0.06449,0.05974,0.06144,54073606.0,2024-11-03 12:00
1730649600000,0.06142,0.06388,0.0612,0.06356,51609669.0,2024-11-03 16:00
1730664000000,0.06357,0.06516,0.0632,0.06405,22546340.0,2024-11-03 20:00
1730678400000,0.06404,0.06539,0.06279,0.06447,17502157.0,2024-11-04 00:00
1730692800000,0.06448,0.06496,0.06306,0.06315,17240886.0,2024-11-04 04:00
1730707200000,0.06315,0.06482,0.06259,0.06447,30766567.0,2024-11-04 08:00
1730721600000,0.06447,0.06519,0.06285,0.06309,38865935.0,2024-11-04 12:00
1730736000000,0.06311,0.06321,0.06157,0.0623,28046055.0,2024-11-04 16:00
1730750400000,0.0623,0.06248,0.05954,0.06115,36952078.0,2024-11-04 20:00
1730764800000,0.06115,0.06272,0.0611,0.0625,23011003.0,2024-11-05 00:00
1730779200000,0.06249,0.06387,0.06224,0.06368,16768814.0,2024-11-05 04:00
1730793600000,0.06365,0.06511,0.06321,0.06395,37977159.0,2024-11-05 08:00
1730808000000,0.06394,0.06646,0.0636,0.06511,37906489.0,2024-11-05 12:00
1730822400000,0.06511,0.06653,0.06386,0.06427,24102182.0,2024-11-05 16:00
1730836800000,0.06431,0.06581,0.06396,0.06518,15966435.0,2024-11-05 20:00
1730851200000,0.06522,0.07118,0.0652,0.07066,45920254.0,2024-11-06 00:00
1730865600000,0.07068,0.07287,0.06983,0.07093,47754251.0,2024-11-06 04:00
1730880000000,0.07098,0.07286,0.06932,0.07253,36222522.0,2024-11-06 08:00
1730894400000,0.07253,0.07342,0.07159,0.07284,28046506.0,2024-11-06 12:00
1730908800000,0.07283,0.07559,0.07234,0.07543,31744525.0,2024-11-06 16:00
1730923200000,0.07545,0.0786,0.07445,0.07707,32512964.0,2024-11-06 20:00
1730937600000,0.07707,0.08146,0.07707,0.08052,42215956.0,2024-11-07 00:00
1730952000000,0.08053,0.08122,0.07661,0.08025,47208391.0,2024-11-07 04:00
1730966400000,0.08025,0.09149,0.08011,0.08912,244354136.0,2024-11-07 08:00
1730980800000,0.08916,0.09028,0.08342,0.08627,211906070.0,2024-11-07 12:00
1730995200000,0.08629,0.0914,0.08534,0.08929,149914230.0,2024-11-07 16:00
1731009600000,0.08932,0.0934,0.08704,0.08975,139505137.0,2024-11-07 20:00
1731024000000,0.08975,0.09322,0.08758,0.08821,99818518.0,2024-11-08 00:00
1731038400000,0.08821,0.09028,0.08659,0.0877,74330196.0,2024-11-08 04:00
1731052800000,0.08774,0.08902,0.08639,0.08778,46866970.0,2024-11-08 08:00
1731067200000,0.08778,0.08915,0.08572,0.08759,52614923.0,2024-11-08 12:00
1731081600000,0.08761,0.08813,0.08437,0.08712,50232154.0,2024-11-08 16:00
1731096000000,0.08713,0.0875,0.0855,0.08586,26156469.0,2024-11-08 20:00
1731110400000,0.08586,0.08645,0.08492,0.08526,20791052.0,2024-11-09 00:00
1731124800000,0.08529,0.08976,0.08513,0.0891,29511555.0,2024-11-09 04:00
1731139200000,0.08913,0.09108,0.08906,0.09072,30430456.0,2024-11-09 08:00
1731153600000,0.09071,0.09098,0.08685,0.08848,31968796.0,2024-11-09 12:00
1731168000000,0.08845,0.09,0.08664,0.08873,20545563.0,2024-11-09 16:00
1731182400000,0.08874,0.09266,0.08861,0.09252,26020763.0,2024-11-09 20:00
1731196800000,0.09252,0.09276,0.09028,0.09235,28196119.0,2024-11-10 00:00
1731211200000,0.09234,0.09418,0.09041,0.09313,38784718.0,2024-11-10 04:00
1731225600000,0.09314,0.09471,0.09238,0.09421,33948849.0,2024-11-10 08:00
1731240000000,0.09422,0.09814,0.09182,0.09752,63701705.0,2024-11-10 12:00
1731254400000,0.09756,0.09791,0.09169,0.09301,63182592.0,2024-11-10 16:00
1731268800000,0.09302,0.09356,0.08615,0.09283,66233147.0,2024-11-10 20:00
1731283200000,0.09285,0.09719,0.09243,0.09687,36458952.0,2024-11-11 00:00
1731297600000,0.09687,0.09774,0.09201,0.09381,42037870.0,2024-11-11 04:00
1731312000000,0.09379,0.09757,0.09327,0.09716,33132054.0,2024-11-11 08:00
1731326400000,0.09718,0.09754,0.09315,0.09417,48615333.0,2024-11-11 12:00
1731340800000,0.09415,0.10844,0.09358,0.10462,126074179.0,2024-11-11 16:00
1731355200000,0.10462,0.10601,0.10069,0.10526,49831972.0,2024-11-11 20:00
1731369600000,0.10528,0.10722,0.10057,0.10674,44868853.0,2024-11-12 00:00
1731384000000,0.10672,0.10698,0.10333,0.10569,39325304.0,2024-11-12 04:00
1731398400000,0.1057,0.10924,0.09192,0.09721,122761683.0,2024-11-12 08:00
1731412800000,0.09721,0.09886,0.09369,0.09516,68033320.0,2024-11-12 12:00
1731427200000,0.09519,0.09888,0.09246,0.09795,50940272.0,2024-11-12 16:00
1731441600000,0.09794,0.10062,0.09607,0.09843,28367138.0,2024-11-12 20:00
1731456000000,0.09846,0.09962,0.09222,0.09234,44578388.0,2024-11-13 00:00
1731470400000,0.09236,0.09411,0.08784,0.09198,49262455.0,2024-11-13 04:00
1731484800000,0.09202,0.09319,0.09024,0.09188,36539914.0,2024-11-13 08:00
1731499200000,0.09186,0.10411,0.09071,0.10258,96505538.0,2024-11-13 12:00
1731513600000,0.10256,0.10303,0.0953,0.09586,68329875.0,2024-11-13 16:00
1731528000000,0.09595,0.10014,0.0936,0.09901,37176251.0,2024-11-13 20:00
1731542400000,0.09903,0.10009,0.09538,0.09947,38953696.0,2024-11-14 00:00
1731556800000,0.0994,0.10332,0.09874,0.10161,36037790.0,2024-11-14 04:00
1731571200000,0.10159,0.10448,0.09745,0.1007,65654267.0,2024-11-14 08:00
1731585600000,0.10069,0.10173,0.09746,0.09873,50835093.0,2024-11-14 12:00
1731600000000,0.09872,0.10114,0.09749,0.09826,37463806.0,2024-11-14 16:00
1731614400000,0.0982,0.09824,0.09212,0.09411,37687171.0,2024-11-14 20:00
1731628800000,0.09415,0.09606,0.09156,0.09386,34159196.0,2024-11-15 00:00
1731643200000,0.09389,0.09402,0.09,0.09254,23584105.0,2024-11-15 04:00
1731657600000,0.09251,0.09713,0.09129,0.09702,24619221.0,2024-11-15 08:00
1731672000000,0.09699,0.09872,0.09197,0.09233,33268575.0,2024-11-15 12:00
1731686400000,0.09235,0.0967,0.09099,0.09606,27260524.0,2024-11-15 16:00
1731700800000,0.0961,0.10277,0.09608,0.10201,35343641.0,2024-11-15 20:00
1731715200000,0.10202,0.1077,0.10105,0.10737,43933813.0,2024-11-16 00:00
1731729600000,0.10736,0.10799,0.10333,0.10511,30546316.0,2024-11-16 04:00
1731744000000,0.10511,0.10617,0.10299,0.10503,23099430.0,2024-11-16 08:00
1731758400000,0.10504,0.10564,0.09893,0.10015,36215880.0,2024-11-16 12:00
1731772800000,0.10018,0.104,0.09966,0.10366,21906886.0,2024-11-16 16:00
1731787200000,0.10365,0.10424,0.10198,0.1033,18016238.0,2024-11-16 20:00
1731801600000,0.10326,0.1041,0.09639,0.10009,27938870.0,2024-11-17 00:00
1731816000000,0.10009,0.10381,0.09919,0.10304,16029494.0,2024-11-17 04:00
1731830400000,0.10305,0.10471,0.10056,0.10075,21405121.0,2024-11-17 08:00
1731844800000,0.10071,0.10354,0.09955,0.09993,23556592.0,2024-11-17 12:00
1731859200000,0.09996,0.1006,0.0959,0.09737,20208676.0,2024-11-17 16:00
1731873600000,0.09737,0.09801,0.09449,0.09617,20583590.0,2024-11-17 20:00
1731888000000,0.09619,0.09829,0.095,0.09803,15166241.0,2024-11-18 00:00
1731902400000,0.09805,0.10136,0.0968,0.09972,17657158.0,2024-11-18 04:00
1731916800000,0.09971,0.10001,0.0952,0.09559,26114508.0,2024-11-18 08:00
1731931200000,0.09568,0.0999,0.09406,0.09958,34432628.0,2024-11-18 12:00
1731945600000,0.09955,0.10135,0.09621,0.09811,37860672.0,2024-11-18 16:00
1731960000000,0.09808,0.10444,0.09752,0.10266,43234864.0,2024-11-18 20:00
1731974400000,0.10265,0.10272,0.1005,0.10091,14672262.0,2024-11-19 00:00
1731988800000,0.10094,0.10182,0.09886,0.10109,20674309.0,2024-11-19 04:00
1732003200000,0.10107,0.10121,0.0983,0.09983,24118271.0,2024-11-19 08:00
1732017600000,0.09986,0.10219,0.09724,0.0975,39363939.0,2024-11-19 12:00
1732032000000,0.09752,0.09971,0.09583,0.09785,30338010.0,2024-11-19 16:00
1732046400000,0.09785,0.09808,0.09354,0.09638,37465706.0,2024-11-19 20:00
1732060800000,0.09634,0.09637,0.09052,0.09277,26375424.0,2024-11-20 00:00
1732075200000,0.09275,0.09369,0.09169,0.09325,16347117.0,2024-11-20 04:00
1732089600000,0.09323,0.0955,0.09152,0.09237,20812248.0,2024-11-20 08:00
1732104000000,0.09232,0.09521,0.09026,0.0929,29104453.0,2024-11-20 12:00
1732118400000,0.09291,0.09334,0.08502,0.0863,60667328.0,2024-11-20 16:00
1732132800000,0.08626,0.08981,0.08577,0.08783,24786919.0,2024-11-20 20:00
1732147200000,0.08786,0.08896,0.084,0.08562,27019470.0,2024-11-21 00:00
1732161600000,0.0856,0.09009,0.0853,0.08956,25121277.0,2024-11-21 04:00
1732176000000,0.08955,0.08969,0.0864,0.08849,22906338.0,2024-11-21 08:00
1732190400000,0.08848,0.10185,0.08844,0.09977,120782212.0,2024-11-21 12:00
1732204800000,0.09975,0.11037,0.09975,0.10292,207162000.0,2024-11-21 16:00
1732219200000,0.10291,0.10493,0.10168,0.10178,34275483.0,2024-11-21 20:00
1732233600000,0.10182,0.10315,0.09918,0.10104,40234354.0,2024-11-22 00:00
1732248000000,0.10106,0.10332,0.10008,0.10026,27885550.0,2024-11-22 04:00
1732262400000,0.10031,0.10263,0.09964,0.10051,29082365.0,2024-11-22 08:00
1732276800000,0.1005,0.10157,0.09641,0.09998,43439122.0,2024-11-22 12:00
1732291200000,0.09996,0.10086,0.09681,0.09765,35923973.0,2024-11-22 16:00
1732305600000,0.09764,0.11297,0.0973,0.11108,92617183.0,2024-11-22 20:00
1732320000000,0.1111,0.11603,0.10765,0.1102,75743163.0,2024-11-23 00:00
1732334400000,0.1102,0.11394,0.10738,0.11371,40570935.0,2024-11-23 04:00
1732348800000,0.11372,0.131,0.11158,0.12483,219447637.0,2024-11-23 08:00
1732363200000,0.12478,0.12636,0.11953,0.12412,116912576.0,2024-11-23 12:00
1732377600000,0.12414,0.12503,0.11514,0.12005,110464411.0,2024-11-23 16:00
1732392000000,0.12007,0.1219,0.117,0.11979,46756434.0,2024-11-23 20:00
1732406400000,0.11981,0.12697,0.1191,0.1266,30816647.0,2024-11-24 00:00
1732420800000,0.12655,0.12663,0.1225,0.12384,29008928.0,2024-11-24 04:00
1732435200000,0.12387,0.12485,0.11628,0.11659,48253790.0,2024-11-24 08:00
1732449600000,0.11658,0.11946,0.1109,0.11423,84401425.0,2024-11-24 12:00
1732464000000,0.11425,0.1244,0.11374,0.12244,50473708.0,2024-11-24 16:00
1732478400000,0.12249,0.13219,0.12206,0.13114,42761629.0,2024-11-24 20:00
1732492800000,0.13111,0.1312,0.1234,0.12735,33017533.0,2024-11-25 00:00
1732507200000,0.1273,0.1282,0.12334,0.12433,19152883.0,2024-11-25 04:00
1732521600000,0.12423,0.13205,0.12399,0.12826,33029411.0,2024-11-25 08:00
1732536000000,0.12826,0.12855,0.11942,0.1255,61179452.0,2024-11-25 12:00
1732550400000,0.12552,0.12725,0.12029,0.12325,42877005.0,2024-11-25 16:00
1732564800000,0.1232,0.13088,0.12192,0.12735,55760110.0,2024-11-25 20:00
1732579200000,0.12735,0.13105,0.1254,0.1286,34997583.0,2024-11-26 00:00
1732593600000,0.12853,0.13251,0.12564,0.1272,48086925.0,2024-11-26 04:00
1732608000000,0.12719,0.12727,0.11526,0.11916,88709698.0,2024-11-26 08:00
1732622400000,0.1191,0.13507,0.11789,0.13039,171359955.0,2024-11-26 12:00
1732636800000,0.13049,0.14823,0.12952,0.1333,370026341.0,2024-11-26 16:00
1732651200000,0.13331,0.13599,0.13054,0.13335,82611168.0,2024-11-26 20:00
1732665600000,0.13335,0.13432,0.1276,0.13225,53829527.0,2024-11-27 00:00
1732680000000,0.1322,0.13828,0.13206,0.13258,49099914.0,2024-11-27 04:00
1732694400000,0.13258,0.13425,0.12966,0.13278,48356207.0,2024-11-27 08:00
1732708800000,0.13274,0.1393,0.13171,0.13689,78339584.0,2024-11-27 12:00
1732723200000,0.13686,0.14104,0.13589,0.14065,51350671.0,2024-11-27 16:00
1732737600000,0.14058,0.14341,0.14021,0.14062,34670041.0,2024-11-27 20:00
1732752000000,0.14061,0.14296,0.13533,0.13696,53353819.0,2024-11-28 00:00
1732766400000,0.13692,0.14103,0.13453,0.13585,26750939.0,2024-11-28 04:00
1732780800000,0.13586,0.13883,0.13055,0.13214,41407930.0,2024-11-28 08:00
1732795200000,0.1321,0.13316,0.12848,0.12897,44558236.0,2024-11-28 12:00
1732809600000,0.12899,0.13663,0.12858,0.13536,31693480.0,2024-11-28 16:00
1732824000000,0.13539,0.13556,0.13121,0.13193,32344077.0,2024-11-28 20:00
1732838400000,0.13197,0.13367,0.12996,0.1315,25288921.0,2024-11-29 00:00
1732852800000,0.13147,0.13311,0.12791,0.12851,24570770.0,2024-11-29 04:00
1732867200000,0.1286,0.13341,0.1286,0.13284,19539052.0,2024-11-29 08:00
1732881600000,0.13284,0.13436,0.13065,0.13312,26562505.0,2024-11-29 12:00
1732896000000,0.13315,0.13588,0.13063,0.13309,40386959.0,2024-11-29 16:00
1732910400000,0.1331,0.13526,0.13213,0.13336,15889181.0,2024-11-29 20:00
1732924800000,0.13339,0.13659,0.13155,0.13615,15596422.0,2024-11-30 00:00
1732939200000,0.13619,0.13807,0.13382,0.13738,17201266.0,2024-11-30 04:00
1732953600000,0.13734,0.13755,0.13115,0.13255,21003383.0,2024-11-30 08:00
1732968000000,0.13257,0.13847,0.13255,0.13772,30254407.0,2024-11-30 12:00
1732982400000,0.13777,0.1424,0.13615,0.14159,29425855.0,2024-11-30 16:00
1732996800000,0.14148,0.14739,0.141,0.14613,29192201.0,2024-11-30 20:00
1733011200000,0.14616,0.1488,0.14165,0.14843,44497001.0,2024-12-01 00:00
1733025600000,0.14835,0.15352,0.14374,0.14865,49213409.0,2024-12-01 04:00
1733040000000,0.1486,0.15073,0.14319,0.14609,36136132.0,2024-12-01 08:00
1733054400000,0.14604,0.15056,0.14474,0.14901,29522835.0,2024-12-01 12:00
1733068800000,0.14901,0.1522,0.14383,0.14434,31297604.0,2024-12-01 16:00
1733083200000,0.14431,0.14797,0.14224,0.1471,21700006.0,2024-12-01 20:00
1733097600000,0.14707,0.15004,0.14259,0.14347,23509522.0,2024-12-02 00:00
1733112000000,0.14346,0.15067,0.14222,0.14763,42109477.0,2024-12-02 04:00
1733126400000,0.14759,0.14804,0.13716,0.13884,63056021.0,2024-12-02 08:00
1733140800000,0.1388,0.15016,0.13814,0.14929,61487947.0,2024-12-02 12:00
1733155200000,0.1493,0.15216,0.14195,0.14894,49892896.0,2024-12-02 16:00
1733169600000,0.14904,0.15984,0.14752,0.15485,64193809.0,2024-12-02 20:00
1733184000000,0.15494,0.15865,0.15255,0.1572,25513882.0,2024-12-03 00:00
1733198400000,0.15714,0.1649,0.15692,0.16112,41379650.0,2024-12-03 04:00
1733212800000,0.16109,0.16369,0.15613,0.16038,38354729.0,2024-12-03 08:00
1733227200000,0.16031,0.16319,0.14956,0.15967,72166785.0,2024-12-03 12:00
1733241600000,0.15975,0.16636,0.15859,0.16079,38122897.0,2024-12-03 16:00
1733256000000,0.16072,0.16813,0.16061,0.16663,28588991.0,2024-12-03 20:00
1733270400000,0.16664,0.16989,0.1629,0.16591,23369486.0,2024-12-04 00:00
1733284800000,0.16583,0.172,0.16402,0.1705,18792041.0,2024-12-04 04:00
1733299200000,0.17049,0.17645,0.16911,0.17479,23208065.0,2024-12-04 08:00
1733313600000,0.17476,0.17948,0.1696,0.17834,34875549.0,2024-12-04 12:00
1733328000000,0.17841,0.1819,0.16689,0.18137,64136529.0,2024-12-04 16:00
1733342400000,0.18137,0.18174,0.16931,0.1727,33783089.0,2024-12-04 20:00
1733356800000,0.17271,0.17916,0.16373,0.1748,49304166.0,2024-12-05 00:00
1733371200000,0.17473,0.18112,0.17124,0.1803,26678489.0,2024-12-05 04:00
1733385600000,0.18024,0.18515,0.17589,0.17868,30240193.0,2024-12-05 08:00
1733400000000,0.17874,0.18066,0.17315,0.17563,21118233.0,2024-12-05 12:00
1733414400000,0.17566,0.17751,0.16721,0.168,32439212.0,2024-12-05 16:00
1733428800000,0.16796,0.1705,0.16019,0.16667,40693521.0,2024-12-05 20:00
1733443200000,0.16673,0.17637,0.16598,0.17307,21229390.0,2024-12-06 00:00
1733457600000,0.17311,0.1775,0.17156,0.17377,15785090.0,2024-12-06 04:00
1733472000000,0.17377,0.17538,0.16713,0.16877,25366617.0,2024-12-06 08:00
1733486400000,0.16872,0.17323,0.165,0.1707,22567513.0,2024-12-06 12:00
1733500800000,0.17077,0.17423,0.1694,0.17295,17446019.0,2024-12-06 16:00
1733515200000,0.17295,0.1732,0.16867,0.17015,18253381.0,2024-12-06 20:00
1733529600000,0.17014,0.17122,0.16749,0.17048,13629155.0,2024-12-07 00:00
1733544000000,0.17045,0.17169,0.1673,0.16839,10067780.0,2024-12-07 04:00
1733558400000,0.1684,0.16878,0.16543,0.16697,16159718.0,2024-12-07 08:00
1733572800000,0.16695,0.1688,0.16591,0.16699,11526684.0,2024-12-07 12:00
1733587200000,0.16704,0.16704,0.16253,0.16465,19751603.0,2024-12-07 16:00
1733601600000,0.16462,0.16594,0.16147,0.1621,14588363.0,2024-12-07 20:00
1733616000000,0.1621,0.16502,0.16163,0.16341,11847541.0,2024-12-08 00:00
1733630400000,0.1634,0.1665,0.16061,0.16571,17960839.0,2024-12-08 04:00
1733644800000,0.16571,0.16595,0.16021,0.16386,16910643.0,2024-12-08 08:00
1733659200000,0.16387,0.1711,0.16093,0.16924,33375134.0,2024-12-08 12:00
1733673600000,0.16926,0.1729,0.16695,0.16978,28035099.0,2024-12-08 16:00
1733688000000,0.16983,0.17217,0.1682,0.17016,17298746.0,2024-12-08 20:00
1733702400000,0.17014,0.17018,0.16068,0.16204,18115245.0,2024-12-09 00:00
1733716800000,0.16203,0.16427,0.156,0.15888,21117515.0,2024-12-09 04:00
1733731200000,0.15885,0.15894,0.15072,0.1514,39585884.0,2024-12-09 08:00
1733745600000,0.15145,0.16066,0.1502,0.15543,36525767.0,2024-12-09 12:00
1733760000000,0.15544,0.16037,0.15486,0.15675,22289255.0,2024-12-09 16:00
1733774400000,0.15668,0.15787,0.11899,0.14065,159425080.0,2024-12-09 20:00
1733788800000,0.14065,0.14278,0.12863,0.13509,45219528.0,2024-12-10 00:00
1733803200000,0.13512,0.145,0.13208,0.14281,27687867.0,2024-12-10 04:00
1733817600000,0.14278,0.15257,0.14098,0.14807,38991796.0,2024-12-10 08:00
1733832000000,0.14812,0.14869,0.12838,0.12883,72831649.0,2024-12-10 12:00
1733846400000,0.12886,0.13853,0.12433,0.13472,99846346.0,2024-12-10 16:00
1733860800000,0.13467,0.14203,0.13396,0.13842,22995139.0,2024-12-10 20:00
1733875200000,0.13845,0.14024,0.1323,0.13937,23850288.0,2024-12-11 00:00
1733889600000,0.13942,0.14053,0.13645,0.1367,13495622.0,2024-12-11 04:00
1733904000000,0.13665,0.1427,0.13658,0.13858,25804412.0,2024-12-11 08:00
1733918400000,0.13854,0.15166,0.13831,0.1493,42019383.0,2024-12-11 12:00
1733932800000,0.14931,0.15285,0.14759,0.14899,26450462.0,2024-12-11 16:00
1733947200000,0.14901,0.1514,0.14763,0.15017,12180891.0,2024-12-11 20:00
1733961600000,0.15016,0.15858,0.14778,0.15651,14863248.0,2024-12-12 00:00
1733976000000,0.15648,0.15846,0.15464,0.15566,13554707.0,2024-12-12 04:00
1733990400000,0.15559,0.16176,0.15437,0.15617,50835353.0,2024-12-12 08:00
1734004800000,0.1562,0.16482,0.1562,0.15977,49423148.0,2024-12-12 12:00
1734019200000,0.15977,0.1624,0.15359,0.1539,26581356.0,2024-12-12 16:00
1734033600000,0.15391,0.15812,0.15346,0.15469,22983110.0,2024-12-12 20:00
1734048000000,0.15468,0.15714,0.14962,0.15425,24558410.0,2024-12-13 00:00
1734062400000,0.15421,0.15482,0.14721,0.14995,17918063.0,2024-12-13 04:00
1734076800000,0.14994,0.15229,0.1477,0.14929,17815961.0,2024-12-13 08:00
1734091200000,0.14928,0.15345,0.14816,0.14829,25749093.0,2024-12-13 12:00
1734105600000,0.14831,0.15207,0.14735,0.15018,18599129.0,2024-12-13 16:00
1734120000000,0.15017,0.15216,0.14739,0.15071,16433165.0,2024-12-13 20:00
1734134400000,0.15067,0.15589,0.14965,0.15292,21527520.0,2024-12-14 00:00
1734148800000,0.15284,0.15334,0.14939,0.14952,7723681.0,2024-12-14 04:00
1734163200000,0.14952,0.15111,0.14793,0.14838,9925850.0,2024-12-14 08:00
1734177600000,0.1484,0.14885,0.14313,0.14578,24611228.0,2024-12-14 12:00
1734192000000,0.14576,0.14668,0.14057,0.14356,22034873.0,2024-12-14 16:00
1734206400000,0.14359,0.14469,0.1406,0.14362,9247970.0,2024-12-14 20:00
1734220800000,0.14363,0.1459,0.14179,0.14213,9040834.0,2024-12-15 00:00
1734235200000,0.14212,0.14581,0.1394,0.1407,13495756.0,2024-12-15 04:00
1734249600000,0.14067,0.14955,0.14055,0.14879,43116459.0,2024-12-15 08:00
1734264000000,0.14878,0.15879,0.1469,0.15627,82270510.0,2024-12-15 12:00
1734278400000,0.15634,0.15926,0.15438,0.15565,34445053.0,2024-12-15 16:00
1734292800000,0.15563,0.15933,0.15016,0.15817,43414292.0,2024-12-15 20:00
1734307200000,0.15817,0.16571,0.15507,0.1565,40147073.0,2024-12-16 00:00
1734321600000,0.15651,0.15735,0.153,0.15484,19018382.0,2024-12-16 04:00
1734336000000,0.15485,0.15556,0.1453,0.14609,40396105.0,2024-12-16 08:00
1734350400000,0.1461,0.15031,0.14544,0.1491,32672371.0,2024-12-16 12:00
1734364800000,0.14912,0.155,0.14904,0.1501,29204607.0,2024-12-16 16:00
1734379200000,0.1501,0.15171,0.14666,0.14759,14198188.0,2024-12-16 20:00
1734393600000,0.14759,0.14808,0.14412,0.14606,18026262.0,2024-12-17 00:00
1734408000000,0.14606,0.14608,0.1421,0.14325,16324835.0,2024-12-17 04:00
1734422400000,0.14327,0.14711,0.14175,0.1451,18237748.0,2024-12-17 08:00
1734436800000,0.14512,0.14686,0.13692,0.13868,33184995.0,2024-12-17 12:00
1734451200000,0.13867,0.14223,0.13732,0.14123,22596491.0,2024-12-17 16:00
1734465600000,0.14124,0.14285,0.13525,0.13738,17120366.0,2024-12-17 20:00
1734480000000,0.13738,0.13906,0.13546,0.13611,16987570.0,2024-12-18 00:00
1734494400000,0.13614,0.13747,0.13341,0.136,21134323.0,2024-12-18 04:00
1734508800000,0.13599,0.13862,0.13427,0.13742,11280637.0,2024-12-18 08:00
1734523200000,0.13741,0.13753,0.13297,0.13474,26489725.0,2024-12-18 12:00
1734537600000,0.13474,0.13844,0.13218,0.13218,22782424.0,2024-12-18 16:00
1734552000000,0.13218,0.13358,0.121,0.12382,75153114.0,2024-12-18 20:00
1734566400000,0.12381,0.1255,0.11433,0.12518,59959348.0,2024-12-19 00:00
1734580800000,0.12521,0.12571,0.12287,0.1231,13783619.0,2024-12-19 04:00
1734595200000,0.1231,0.12681,0.12166,0.12523,24095527.0,2024-12-19 08:00
1734609600000,0.12521,0.12555,0.11514,0.11765,38808657.0,2024-12-19 12:00
1734624000000,0.11762,0.11828,0.10621,0.10955,98557991.0,2024-12-19 16:00
1734638400000,0.10957,0.11319,0.10622,0.11076,37821531.0,2024-12-19 20:00
1734652800000,0.11077,0.11452,0.10884,0.1123,18935110.0,2024-12-20 00:00
1734667200000,0.1123,0.11297,0.10615,0.10886,22527932.0,2024-12-20 04:00
1734681600000,0.10883,0.10906,0.09387,0.09463,105157266.0,2024-12-20 08:00
1734696000000,0.09467,0.10944,0.09448,0.1087,63203387.0,2024-12-20 12:00
1734710400000,0.10872,0.11974,0.10807,0.11792,42304810.0,2024-12-20 16:00
1734724800000,0.11789,0.11789,0.11209,0.11596,22331598.0,2024-12-20 20:00
1734739200000,0.11596,0.11892,0.115,0.11598,13827987.0,2024-12-21 00:00
1734753600000,0.11595,0.1234,0.11567,0.12138,14892304.0,2024-12-21 04:00
1734768000000,0.12135,0.12197,0.11783,0.11887,26965355.0,2024-12-21 08:00
1734782400000,0.11886,0.11914,0.11045,0.1135,34505670.0,2024-12-21 12:00
1734796800000,0.11347,0.1136,0.10812,0.11023,28450219.0,2024-12-21 16:00
1734811200000,0.11021,0.11193,0.10741,0.10954,21579001.0,2024-12-21 20:00
1734825600000,0.10956,0.11139,0.1078,0.10996,13253509.0,2024-12-22 00:00
1734840000000,0.10995,0.11049,0.10622,0.10876,16869295.0,2024-12-22 04:00
1734854400000,0.10879,0.11215,0.10873,0.1108,14422673.0,2024-12-22 08:00
1734868800000,0.11084,0.11262,0.107,0.10855,21196995.0,2024-12-22 12:00
1734883200000,0.10855,0.11038,0.1052,0.10562,19314228.0,2024-12-22 16:00
1734897600000,0.10564,0.11013,0.10454,0.1083,20437459.0,2024-12-22 20:00
1734912000000,0.10831,0.11355,0.10539,0.11335,19121370.0,2024-12-23 00:00
1734926400000,0.11337,0.11394,0.10827,0.1099,12874113.0,2024-12-23 04:00
1734940800000,0.10986,0.11187,0.10908,0.10992,11220131.0,2024-12-23 08:00
1734955200000,0.1099,0.11186,0.10771,0.10798,26395125.0,2024-12-23 12:00
1734969600000,0.10795,0.1129,0.10768,0.1114,23733225.0,2024-12-23 16:00
1734984000000,0.11142,0.12001,0.1113,0.11762,30680183.0,2024-12-23 20:00
1734998400000,0.11762,0.11815,0.11365,0.11639,13727110.0,2024-12-24 00:00
1735012800000,0.11639,0.11745,0.11478,0.11528,9937129.0,2024-12-24 04:00
1735027200000,0.11531,0.11703,0.11427,0.11699,9926271.0,2024-12-24 08:00
1735041600000,0.11695,0.12251,0.11541,0.12227,17666223.0,2024-12-24 12:00
1735056000000,0.12217,0.12346,0.11862,0.11867,19519299.0,2024-12-24 16:00
1735070400000,0.11868,0.12098,0.11722,0.12043,10226431.0,2024-12-24 20:00
1735084800000,0.12037,0.12233,0.11962,0.12107,15592778.0,2024-12-25 00:00
1735099200000,0.12106,0.12196,0.11998,0.12018,11537766.0,2024-12-25 04:00
1735113600000,0.12018,0.1243,0.12008,0.12101,21830353.0,2024-12-25 08:00
1735128000000,0.12108,0.12173,0.11839,0.11907,18277475.0,2024-12-25 12:00
1735142400000,0.11912,0.12042,0.11742,0.1201,11098483.0,2024-12-25 16:00
1735156800000,0.12011,0.12044,0.11719,0.11909,9549091.0,2024-12-25 20:00
1735171200000,0.1191,0.1209,0.11603,0.11641,11866879.0,2024-12-26 00:00
1735185600000,0.1164,0.1164,0.11383,0.11437,15995166.0,2024-12-26 04:00
1735200000000,0.1144,0.11514,0.1112,0.11407,14585510.0,2024-12-26 08:00
1735214400000,0.11406,0.11439,0.11198,0.11235,12066602.0,2024-12-26 12:00
1735228800000,0.11233,0.11334,0.11023,0.11218,11838184.0,2024-12-26 16:00
1735243200000,0.11216,0.11349,0.11017,0.11172,11512123.0,2024-12-26 20:00
1735257600000,0.11173,0.1142,0.11094,0.11317,11996444.0,2024-12-27 00:00
1735272000000,0.11314,0.11598,0.11122,0.11213,16328000.0,2024-12-27 04:00
1735286400000,0.11213,0.1201,0.11213,0.11774,28654304.0,2024-12-27 08:00
1735300800000,0.11775,0.11856,0.11198,0.11277,15182381.0,2024-12-27 12:00
1735315200000,0.11276,0.11545,0.11103,0.11466,17044704.0,2024-12-27 16:00
1735329600000,0.11468,0.11499,0.11083,0.11205,9968511.0,2024-12-27 20:00
1735344000000,0.11205,0.11232,0.11001,0.11142,10424301.0,2024-12-28 00:00
1735358400000,0.11143,0.11161,0.1089,0.10911,13214762.0,2024-12-28 04:00
1735372800000,0.10911,0.11094,0.10876,0.11029,11047117.0,2024-12-28 08:00
1735387200000,0.11028,0.11606,0.10892,0.11359,21459905.0,2024-12-28 12:00
1735401600000,0.11362,0.11623,0.11292,0.11473,14738593.0,2024-12-28 16:00
1735416000000,0.11472,0.1166,0.11393,0.11576,10040520.0,2024-12-28 20:00
1735430400000,0.11576,0.1162,0.11417,0.11578,8052605.0,2024-12-29 00:00
1735444800000,0.11578,0.11588,0.11312,0.11492,7993244.0,2024-12-29 04:00
1735459200000,0.11489,0.1152,0.11309,0.11314,8422930.0,2024-12-29 08:00
1735473600000,0.11315,0.11446,0.11128,0.11151,12732784.0,2024-12-29 12:00
1735488000000,0.11152,0.1118,0.10982,0.11043,13068794.0,2024-12-29 16:00
1735502400000,0.11038,0.11041,0.10693,0.10823,11270662.0,2024-12-29 20:00
1735516800000,0.10824,0.11296,0.10746,0.11139,11989691.0,2024-12-30 00:00
1735531200000,0.11139,0.1129,0.10983,0.11151,9839928.0,2024-12-30 04:00
1735545600000,0.11146,0.11291,0.10825,0.10978,12195614.0,2024-12-30 08:00
1735560000000,0.10977,0.11152,0.10402,0.10463,25479811.0,2024-12-30 12:00
1735574400000,0.10465,0.1111,0.1038,0.11067,19196006.0,2024-12-30 16:00
1735588800000,0.11068,0.11206,0.10712,0.10845,16832343.0,2024-12-30 20:00
1735603200000,0.10843,0.10843,0.10533,0.10578,9499798.0,2024-12-31 00:00
1735617600000,0.10578,0.10674,0.10462,0.10504,11398783.0,2024-12-31 04:00
1735632000000,0.10505,0.10935,0.10504,0.10771,11358507.0,2024-12-31 08:00
1735646400000,0.10773,0.11146,0.10732,0.11024,18138199.0,2024-12-31 12:00
1735660800000,0.11024,0.11062,0.10677,0.10805,12794887.0,2024-12-31 16:00
1735675200000,0.10803,0.10886,0.10628,0.10709,7703751.0,2024-12-31 20:00
1735689600000,0.10718,0.10931,0.10692,0.10722,6408892.0,2025-01-01 00:00
1735704000000,0.1072,0.10741,0.10625,0.10705,6419783.0,2025-01-01 04:00
1735718400000,0.10702,0.10719,0.10422,0.10616,9951206.0,2025-01-01 08:00
1735732800000,0.10616,0.10881,0.10568,0.10857,14880080.0,2025-01-01 12:00
1735747200000,0.10857,0.11083,0.10645,0.11016,13180123.0,2025-01-01 16:00
1735761600000,0.1102,0.11146,0.10993,0.11076,8015461.0,2025-01-01 20:00
1735776000000,0.11075,0.11406,0.11075,0.11316,13672355.0,2025-01-02 00:00
1735790400000,0.11316,0.11822,0.11312,0.11811,12733722.0,2025-01-02 04:00
1735804800000,0.11809,0.12219,0.1178,0.1219,23950283.0,2025-01-02 08:00
1735819200000,0.1219,0.12557,0.12098,0.12257,45118468.0,2025-01-02 12:00
1735833600000,0.12258,0.12636,0.12176,0.12296,23988919.0,2025-01-02 16:00
1735848000000,0.12297,0.12426,0.12056,0.12417,14338009.0,2025-01-02 20:00
1735862400000,0.12417,0.12582,0.12151,0.12289,16577689.0,2025-01-03 00:00
1735876800000,0.12288,0.12299,0.11979,0.12023,14836013.0,2025-01-03 04:00
1735891200000,0.12026,0.12513,0.12008,0.12483,14020510.0,2025-01-03 08:00
1735905600000,0.1248,0.12992,0.12408,0.12955,28232799.0,2025-01-03 12:00
1735920000000,0.12957,0.13344,0.12935,0.13101,22441445.0,2025-01-03 16:00
1735934400000,0.13101,0.13111,0.12947,0.13064,9809198.0,2025-01-03 20:00
1735948800000,0.13064,0.13142,0.12871,0.1304,9172044.0,2025-01-04 00:00
1735963200000,0.1304,0.13393,0.12902,0.13277,11996205.0,2025-01-04 04:00
1735977600000,0.13274,0.13274,0.12939,0.13121,10739146.0,2025-01-04 08:00
1735992000000,0.13124,0.13493,0.12931,0.12983,22399504.0,2025-01-04 12:00
1736006400000,0.1298,0.13328,0.1298,0.1329,17438316.0,2025-01-04 16:00
1736020800000,0.13289,0.13442,0.13234,0.13335,10931436.0,2025-01-04 20:00
1736035200000,0.13334,0.13352,0.13075,0.13139,9392934.0,2025-01-05 00:00
1736049600000,0.1314,0.13236,0.13044,0.13138,8440075.0,2025-01-05 04:00
1736064000000,0.13138,0.13141,0.12881,0.12945,16423150.0,2025-01-05 08:00
1736078400000,0.12946,0.13064,0.1273,0.12976,14983547.0,2025-01-05 12:00
1736092800000,0.12975,0.13107,0.12788,0.13089,11441826.0,2025-01-05 16:00
1736107200000,0.13089,0.13237,0.13031,0.13137,10318104.0,2025-01-05 20:00
1736121600000,0.13135,0.13305,0.12818,0.13165,13106042.0,2025-01-06 00:00
1736136000000,0.13169,0.13228,0.1288,0.12997,10404338.0,2025-01-06 04:00
1736150400000,0.12999,0.13062,0.1276,0.12937,12611313.0,2025-01-06 08:00
1736164800000,0.1294,0.13347,0.12714,0.13308,22108099.0,2025-01-06 12:00
1736179200000,0.13312,0.13514,0.12919,0.13023,20387757.0,2025-01-06 16:00
1736193600000,0.13022,0.13073,0.12792,0.13066,14980393.0,2025-01-06 20:00
1736208000000,0.13066,0.13082,0.12722,0.12769,12105183.0,2025-01-07 00:00
1736222400000,0.1277,0.12832,0.12674,0.1271,7807913.0,2025-01-07 04:00
1736236800000,0.12714,0.12939,0.12438,0.12555,15252944.0,2025-01-07 08:00
1736251200000,0.12553,0.12679,0.11696,0.11954,67228766.0,2025-01-07 12:00
1736265600000,0.11958,0.12072,0.11528,0.11582,26063933.0,2025-01-07 16:00
1736280000000,0.11582,0.11654,0.11324,0.11332,17245419.0,2025-01-07 20:00
1736294400000,0.11334,0.11469,0.10987,0.11103,19088073.0,2025-01-08 00:00
1736308800000,0.11104,0.11118,0.10652,0.10845,18591123.0,2025-01-08 04:00
1736323200000,0.10837,0.11025,0.10652,0.10711,18783095.0,2025-01-08 08:00
1736337600000,0.10712,0.10829,0.10367,0.10392,28020839.0,2025-01-08 12:00
1736352000000,0.10392,0.10397,0.09647,0.10057,65203322.0,2025-01-08 16:00
1736366400000,0.10055,0.10241,0.09874,0.10184,17598846.0,2025-01-08 20:00
1736380800000,0.10184,0.10388,0.09988,0.10019,15460744.0,2025-01-09 00:00
1736395200000,0.10017,0.10071,0.09639,0.0968,18281209.0,2025-01-09 04:00
1736409600000,0.09681,0.10017,0.09625,0.0991,18444776.0,2025-01-09 08:00
1736424000000,0.09905,0.10122,0.09378,0.10027,36215237.0,2025-01-09 12:00
1736438400000,0.10027,0.10105,0.09499,0.09516,28880300.0,2025-01-09 16:00
1736452800000,0.09519,0.09728,0.09372,0.09669,22716800.0,2025-01-09 20:00
1736467200000,0.0967,0.09855,0.0963,0.09813,10613478.0,2025-01-10 00:00
1736481600000,0.09814,0.10221,0.09749,0.10122,12943241.0,2025-01-10 04:00
1736496000000,0.10124,0.10294,0.10036,0.10178,13145325.0,2025-01-10 08:00
1736510400000,0.10178,0.10219,0.09715,0.10016,43923542.0,2025-01-10 12:00
1736524800000,0.10021,0.1044,0.09867,0.10306,24614833.0,2025-01-10 16:00
1736539200000,0.1031,0.10347,0.10138,0.10258,11287659.0,2025-01-10 20:00
1736553600000,0.10258,0.10313,0.10065,0.10095,6900990.0,2025-01-11 00:00
1736568000000,0.10099,0.10133,0.09945,0.10001,8831999.0,2025-01-11 04:00
1736582400000,0.1,0.10085,0.09867,0.10039,10312907.0,2025-01-11 08:00
1736596800000,0.10036,0.10055,0.09867,0.09905,9285712.0,2025-01-11 12:00
1736611200000,0.09907,0.09956,0.09798,0.09868,11482042.0,2025-01-11 16:00
1736625600000,0.0987,0.10374,0.09852,0.10072,14633793.0,2025-01-11 20:00
1736640000000,0.10073,0.10108,0.0994,0.10015,6415255.0,2025-01-12 00:00
1736654400000,0.10017,0.10037,0.09838,0.09931,8758834.0,2025-01-12 04:00
1736668800000,0.09929,0.09997,0.09797,0.09951,7308808.0,2025-01-12 08:00
1736683200000,0.0995,0.10111,0.0986,0.10038,9167011.0,2025-01-12 12:00
1736697600000,0.10041,0.10083,0.09853,0.09897,11068405.0,2025-01-12 16:00
1736712000000,0.09897,0.09938,0.096,0.09747,12625330.0,2025-01-12 20:00
1736726400000,0.09747,0.10069,0.09425,0.09468,16387710.0,2025-01-13 00:00
1736740800000,0.09469,0.09648,0.09174,0.09289,19763695.0,2025-01-13 04:00
1736755200000,0.0929,0.09308,0.08653,0.08684,36546980.0,2025-01-13 08:00
1736769600000,0.08684,0.09362,0.086,0.09161,48700786.0,2025-01-13 12:00
1736784000000,0.09162,0.09225,0.08769,0.09049,30541812.0,2025-01-13 16:00
1736798400000,0.09052,0.09555,0.0896,0.09512,19893904.0,2025-01-13 20:00
1736812800000,0.09512,0.09679,0.09444,0.09562,9830169.0,2025-01-14 00:00
1736827200000,0.09564,0.09747,0.09527,0.0954,10156607.0,2025-01-14 04:00
1736841600000,0.09542,0.09901,0.09542,0.09682,15143723.0,2025-01-14 08:00
1736856000000,0.09682,0.09826,0.09495,0.09663,18297996.0,2025-01-14 12:00
1736870400000,0.09663,0.0985,0.09552,0.0977,11876192.0,2025-01-14 16:00
1736884800000,0.0977,0.09986,0.0968,0.09883,9032623.0,2025-01-14 20:00
1736899200000,0.09884,0.09976,0.09755,0.09887,11944595.0,2025-01-15 00:00
1736913600000,0.09886,0.10011,0.09768,0.09904,8422672.0,2025-01-15 04:00
1736928000000,0.09906,0.09975,0.09522,0.09596,15165772.0,2025-01-15 08:00
1736942400000,0.09595,0.10374,0.09509,0.10297,33503906.0,2025-01-15 12:00
1736956800000,0.10299,0.10545,0.10268,0.10522,27879608.0,2025-01-15 16:00
1736971200000,0.10524,0.10651,0.10424,0.10628,12532511.0,2025-01-15 20:00
1736985600000,0.10627,0.10703,0.10286,0.10373,12625679.0,2025-01-16 00:00
1737000000000,0.10374,0.1047,0.10283,0.1039,8017173.0,2025-01-16 04:00
1737014400000,0.10389,0.10421,0.10106,0.10333,16152972.0,2025-01-16 08:00
1737028800000,0.10331,0.10676,0.10078,0.10409,43661000.0,2025-01-16 12:00
1737043200000,0.10409,0.10604,0.10324,0.10392,20771954.0,2025-01-16 16:00
1737057600000,0.10396,0.10443,0.10024,0.1007,14774529.0,2025-01-16 20:00
1737072000000,0.10071,0.10457,0.10071,0.103,16029255.0,2025-01-17 00:00
1737086400000,0.103,0.10507,0.10247,0.10455,10066182.0,2025-01-17 04:00
1737100800000,0.10451,0.10701,0.10413,0.10624,16528672.0,2025-01-17 08:00
1737115200000,0.10623,0.10841,0.10548,0.10724,29163371.0,2025-01-17 12:00
1737129600000,0.10727,0.10869,0.10574,0.10728,13782050.0,2025-01-17 16:00
1737144000000,0.10732,0.11188,0.10707,0.11016,15872325.0,2025-01-17 20:00
1737158400000,0.11017,0.11163,0.10538,0.10581,14434123.0,2025-01-18 00:00
1737172800000,0.10582,0.10634,0.10095,0.10123,23217687.0,2025-01-18 04:00
1737187200000,0.10124,0.10218,0.0995,0.10168,17375786.0,2025-01-18 08:00
1737201600000,0.1017,0.10256,0.09971,0.10068,17980291.0,2025-01-18 12:00
1737216000000,0.10072,0.10139,0.09688,0.09863,28159505.0,2025-01-18 16:00
1737230400000,0.09863,0.1,0.09667,0.09938,11321748.0,2025-01-18 20:00
1737244800000,0.09939,0.10445,0.09907,0.10201,17574415.0,2025-01-19 00:00
1737259200000,0.102,0.10234,0.0974,0.0974,21334941.0,2025-01-19 04:00
1737273600000,0.09737,0.09737,0.09033,0.09079,77256526.0,2025-01-19 08:00
1737288000000,0.09084,0.10198,0.09069,0.10052,53251925.0,2025-01-19 12:00
1737302400000,0.10048,0.10215,0.099,0.10152,19058214.0,2025-01-19 16:00
1737316800000,0.10153,0.10248,0.0882,0.09013,133774798.0,2025-01-19 20:00
1737331200000,0.09009,0.09016,0.084,0.08743,100122768.0,2025-01-20 00:00
1737345600000,0.08738,0.09846,0.08645,0.09434,76329606.0,2025-01-20 04:00
1737360000000,0.09442,0.09589,0.09101,0.09319,30867616.0,2025-01-20 08:00
1737374400000,0.09322,0.09326,0.08848,0.08891,43447255.0,2025-01-20 12:00
1737388800000,0.08894,0.09088,0.08351,0.08823,76932956.0,2025-01-20 16:00
1737403200000,0.08824,0.08874,0.0851,0.08626,20558118.0,2025-01-20 20:00
1737417600000,0.08623,0.08649,0.08169,0.08266,33999351.0,2025-01-21 00:00
1737432000000,0.08265,0.08286,0.08003,0.08237,32033199.0,2025-01-21 04:00
1737446400000,0.08238,0.08406,0.08114,0.08351,42124586.0,2025-01-21 08:00
1737460800000,0.08352,0.08489,0.082,0.08285,48077410.0,2025-01-21 12:00
1737475200000,0.08286,0.09109,0.08262,0.08936,50871896.0,2025-01-21 16:00
1737489600000,0.08936,0.09124,0.08822,0.08932,21550487.0,2025-01-21 20:00
1737504000000,0.08932,0.0911,0.0888,0.08986,17359711.0,2025-01-22 00:00
1737518400000,0.08987,0.09055,0.08863,0.0891,13303535.0,2025-01-22 04:00
1737532800000,0.08912,0.09033,0.08753,0.08977,19094548.0,2025-01-22 08:00
1737547200000,0.0898,0.08987,0.08633,0.08699,29312331.0,2025-01-22 12:00
1737561600000,0.08702,0.08922,0.08647,0.08782,23464717.0,2025-01-22 16:00
1737576000000,0.08784,0.08854,0.08436,0.08472,24272197.0,2025-01-22 20:00
1737590400000,0.08471,0.08475,0.08221,0.08344,20015768.0,2025-01-23 00:00
1737604800000,0.08345,0.08526,0.08232,0.08507,16502921.0,2025-01-23 04:00
1737619200000,0.08506,0.08509,0.08258,0.08334,15972709.0,2025-01-23 08:00
1737633600000,0.08332,0.08554,0.08111,0.08417,51732562.0,2025-01-23 12:00
1737648000000,0.08417,0.08598,0.0806,0.08094,33523515.0,2025-01-23 16:00
1737662400000,0.08092,0.0844,0.08031,0.08363,41691575.0,2025-01-23 20:00
1737676800000,0.08364,0.08418,0.07951,0.08094,28979553.0,2025-01-24 00:00
1737691200000,0.08094,0.0849,0.08004,0.08407,25975899.0,2025-01-24 04:00
1737705600000,0.0841,0.08546,0.08381,0.08506,16049890.0,2025-01-24 08:00
1737720000000,0.08509,0.08535,0.08254,0.0833,22424834.0,2025-01-24 12:00
1737734400000,0.08329,0.08404,0.08125,0.08144,34300432.0,2025-01-24 16:00
1737748800000,0.08145,0.0819,0.07778,0.07857,32402148.0,2025-01-24 20:00
1737763200000,0.07856,0.07961,0.07555,0.07927,34228308.0,2025-01-25 00:00
1737777600000,0.07927,0.07927,0.07727,0.07753,20983028.0,2025-01-25 04:00
1737792000000,0.07754,0.07819,0.07636,0.078,20895503.0,2025-01-25 08:00
1737806400000,0.07797,0.08022,0.07711,0.07928,25268120.0,2025-01-25 12:00
1737820800000,0.07929,0.08005,0.07805,0.07885,26168533.0,2025-01-25 16:00
1737835200000,0.07885,0.07951,0.07759,0.07779,17990438.0,2025-01-25 20:00
1737849600000,0.0778,0.08027,0.07753,0.07984,14941903.0,2025-01-26 00:00
1737864000000,0.07984,0.08081,0.07921,0.07997,16155465.0,2025-01-26 04:00
1737878400000,0.07997,0.08041,0.07784,0.07902,28694384.0,2025-01-26 08:00
1737892800000,0.079,0.0815,0.07846,0.08115,23211773.0,2025-01-26 12:00
1737907200000,0.08115,0.08282,0.0803,0.08201,17841213.0,2025-01-26 16:00
1737921600000,0.08201,0.08215,0.07728,0.07746,27426146.0,2025-01-26 20:00
1737936000000,0.07745,0.07756,0.07317,0.07414,50744174.0,2025-01-27 00:00
1737950400000,0.07415,0.07419,0.06758,0.06958,65746811.0,2025-01-27 04:00
1737964800000,0.06958,0.07103,0.06825,0.06927,39941729.0,2025-01-27 08:00
1737979200000,0.06929,0.07508,0.06906,0.07422,43531487.0,2025-01-27 12:00
1737993600000,0.07422,0.07424,0.07043,0.07086,42136062.0,2025-01-27 16:00
1738008000000,0.07084,0.07635,0.07084,0.07435,38798998.0,2025-01-27 20:00
1738022400000,0.07436,0.07508,0.07302,0.07403,17781085.0,2025-01-28 00:00
1738036800000,0.07404,0.07496,0.07229,0.07248,15941424.0,2025-01-28 04:00
1738051200000,0.07249,0.07295,0.07134,0.07164,19871171.0,2025-01-28 08:00
1738065600000,0.07162,0.07261,0.07038,0.07137,30609945.0,2025-01-28 12:00
1738080000000,0.07137,0.07149,0.06797,0.0681,55758876.0,2025-01-28 16:00
1738094400000,0.06814,0.06859,0.06433,0.06549,48087861.0,2025-01-28 20:00
1738108800000,0.06549,0.06851,0.06506,0.06779,20712547.0,2025-01-29 00:00
1738123200000,0.06782,0.06985,0.06751,0.06933,16312798.0,2025-01-29 04:00
1738137600000,0.06929,0.06952,0.06706,0.06743,25303095.0,2025-01-29 08:00
1738152000000,0.06744,0.06756,0.06506,0.06597,27283750.0,2025-01-29 12:00
1738166400000,0.06597,0.07045,0.06458,0.06926,58241059.0,2025-01-29 16:00
1738180800000,0.06925,0.07241,0.06821,0.0685,36855825.0,2025-01-29 20:00
1738195200000,0.0685,0.07056,0.0676,0.07042,25485430.0,2025-01-30 00:00
1738209600000,0.07042,0.07128,0.06955,0.07035,21576585.0,2025-01-30 04:00
1738224000000,0.07037,0.07188,0.06966,0.07125,23209439.0,2025-01-30 08:00
1738238400000,0.07127,0.07386,0.07009,0.07302,51897545.0,2025-01-30 12:00
1738252800000,0.07302,0.07357,0.07146,0.07241,24598774.0,2025-01-30 16:00
1738267200000,0.07243,0.0725,0.07124,0.07135,16367906.0,2025-01-30 20:00
1738281600000,0.07136,0.07218,0.07002,0.07055,24781890.0,2025-01-31 00:00
1738296000000,0.07054,0.07259,0.06975,0.07208,24359407.0,2025-01-31 04:00
1738310400000,0.07206,0.07481,0.07143,0.07465,31505672.0,2025-01-31 08:00
1738324800000,0.07464,0.07695,0.07436,0.07668,36006124.0,2025-01-31 12:00
1738339200000,0.07668,0.07697,0.07295,0.07379,35572051.0,2025-01-31 16:00
1738353600000,0.07376,0.07403,0.07186,0.07273,23959554.0,2025-01-31 20:00
1738368000000,0.07274,0.07346,0.07184,0.07222,15887350.0,2025-02-01 00:00
1738382400000,0.07224,0.0734,0.07191,0.07251,10668638.0,2025-02-01 04:00
1738396800000,0.07251,0.07285,0.06961,0.07042,24222535.0,2025-02-01 08:00
1738411200000,0.07043,0.07101,0.06826,0.06914,28641857.0,2025-02-01 12:00
1738425600000,0.06914,0.06948,0.06564,0.06585,25249599.0,2025-02-01 16:00
1738440000000,0.06585,0.06594,0.06254,0.06288,51248868.0,2025-02-01 20:00
1738454400000,0.0629,0.06436,0.06059,0.06073,42226187.0,2025-02-02 00:00
1738468800000,0.06075,0.06375,0.06062,0.06275,26264974.0,2025-02-02 04:00
1738483200000,0.06274,0.06395,0.06067,0.06094,23164332.0,2025-02-02 08:00
1738497600000,0.06093,0.06302,0.06043,0.06156,28910744.0,2025-02-02 12:00
1738512000000,0.06155,0.06156,0.05156,0.05489,143760881.0,2025-02-02 16:00
1738526400000,0.0549,0.05607,0.04846,0.05244,104430747.0,2025-02-02 20:00
1738540800000,0.05247,0.05248,0.03628,0.04119,278524473.0,2025-02-03 00:00
1738555200000,0.04118,0.0447,0.03915,0.04465,123998322.0,2025-02-03 04:00
1738569600000,0.04462,0.04753,0.04329,0.04596,95537291.0,2025-02-03 08:00
1738584000000,0.04599,0.05057,0.04423,0.04961,136765941.0,2025-02-03 12:00
1738598400000,0.04958,0.05176,0.04864,0.05154,59792582.0,2025-02-03 16:00
1738612800000,0.05154,0.054,0.05021,0.0524,39279589.0,2025-02-03 20:00
1738627200000,0.05239,0.05276,0.04996,0.05043,34338274.0,2025-02-04 00:00
1738641600000,0.0504,0.05139,0.04647,0.04677,96412683.0,2025-02-04 04:00
1738656000000,0.04678,0.04899,0.04571,0.04803,51983507.0,2025-02-04 08:00
1738670400000,0.04805,0.04981,0.04752,0.04837,66620261.0,2025-02-04 12:00
1738684800000,0.04837,0.04985,0.04732,0.04733,51864069.0,2025-02-04 16:00
1738699200000,0.04733,0.04844,0.0459,0.0478,59499497.0,2025-02-04 20:00
1738713600000,0.04781,0.04917,0.04743,0.04848,34029575.0,2025-02-05 00:00
1738728000000,0.04848,0.04901,0.04748,0.04796,29190059.0,2025-02-05 04:00
1738742400000,0.04794,0.04896,0.04709,0.04817,29651871.0,2025-02-05 08:00
1738756800000,0.04818,0.04893,0.04715,0.04791,37203651.0,2025-02-05 12:00
1738771200000,0.04789,0.04822,0.04562,0.04746,53515013.0,2025-02-05 16:00
1738785600000,0.04747,0.04779,0.04578,0.04677,24485036.0,2025-02-05 20:00
1738800000000,0.04673,0.04742,0.046,0.04636,24790752.0,2025-02-06 00:00
1738814400000,0.04636,0.04704,0.04572,0.04592,38243037.0,2025-02-06 04:00
1738828800000,0.04594,0.04629,0.04411,0.04484,75886387.0,2025-02-06 08:00
1738843200000,0.04484,0.04569,0.04239,0.0428,67819296.0,2025-02-06 12:00
1738857600000,0.04281,0.04362,0.04232,0.04266,56786296.0,2025-02-06 16:00
1738872000000,0.04268,0.04356,0.04215,0.04263,32464707.0,2025-02-06 20:00
1738886400000,0.04261,0.04477,0.04253,0.04382,26812238.0,2025-02-07 00:00
1738900800000,0.04385,0.04456,0.04265,0.04374,39481040.0,2025-02-07 04:00
1738915200000,0.04375,0.04504,0.0435,0.04486,29599226.0,2025-02-07 08:00
1738929600000,0.04486,0.04695,0.04422,0.04551,67395854.0,2025-02-07 12:00
1738944000000,0.04554,0.04558,0.04344,0.04366,34324616.0,2025-02-07 16:00
1738958400000,0.04364,0.04371,0.0408,0.04263,67322575.0,2025-02-07 20:00
1738972800000,0.04263,0.04377,0.04245,0.04315,41195922.0,2025-02-08 00:00
1738987200000,0.04314,0.04391,0.04235,0.04342,57852421.0,2025-02-08 04:00
1739001600000,0.04341,0.04358,0.04249,0.04287,20427595.0,2025-02-08 08:00
1739016000000,0.04286,0.04427,0.04251,0.04356,64217175.0,2025-02-08 12:00
1739030400000,0.04358,0.04582,0.04313,0.04542,48546019.0,2025-02-08 16:00
1739044800000,0.04542,0.04559,0.04404,0.04476,60571799.0,2025-02-08 20:00
1739059200000,0.04478,0.04593,0.0441,0.04592,36565177.0,2025-02-09 00:00
1739073600000,0.0459,0.04659,0.04507,0.0457,42885819.0,2025-02-09 04:00
1739088000000,0.0457,0.04636,0.04539,0.04541,24114001.0,2025-02-09 08:00
1739102400000,0.0454,0.04572,0.04383,0.04458,43100126.0,2025-02-09 12:00
1739116800000,0.04459,0.0449,0.04353,0.04362,26194099.0,2025-02-09 16:00
1739131200000,0.04361,0.04465,0.04157,0.04445,49795465.0,2025-02-09 20:00
1739145600000,0.04445,0.04547,0.0426,0.04436,46059432.0,2025-02-10 00:00
1739160000000,0.04436,0.046,0.04412,0.04524,36436034.0,2025-02-10 04:00
1739174400000,0.04523,0.04591,0.04448,0.04496,29899260.0,2025-02-10 08:00
1739188800000,0.04495,0.04645,0.04443,0.04584,42110763.0,2025-02-10 12:00
1739203200000,0.04585,0.04749,0.04532,0.04645,70188975.0,2025-02-10 16:00
1739217600000,0.04645,0.04727,0.04606,0.04638,27030047.0,2025-02-10 20:00
1739232000000,0.04637,0.04762,0.04619,0.04717,20403123.0,2025-02-11 00:00
1739246400000,0.04715,0.0499,0.04706,0.04947,38801162.0,2025-02-11 04:00
1739260800000,0.04945,0.04994,0.04872,0.04962,27471712.0,2025-02-11 08:00
1739275200000,0.04962,0.04966,0.04599,0.0466,73957010.0,2025-02-11 12:00
1739289600000,0.04659,0.04696,0.04461,0.04509,37779032.0,2025-02-11 16:00
1739304000000,0.04508,0.04658,0.045,0.04606,25627172.0,2025-02-11 20:00
1739318400000,0.04606,0.04682,0.04514,0.04576,28454622.0,2025-02-12 00:00
1739332800000,0.04577,0.04625,0.04515,0.04582,30715167.0,2025-02-12 04:00
1739347200000,0.04582,0.04672,0.04542,0.04619,35941913.0,2025-02-12 08:00
1739361600000,0.04617,0.04767,0.04429,0.04668,88585043.0,2025-02-12 12:00
1739376000000,0.04669,0.04915,0.04601,0.04843,49655349.0,2025-02-12 16:00
1739390400000,0.04844,0.04989,0.04798,0.04916,48767954.0,2025-02-12 20:00
1739404800000,0.04916,0.04973,0.04846,0.0492,32100606.0,2025-02-13 00:00
1739419200000,0.0492,0.04973,0.04743,0.04748,99738712.0,2025-02-13 04:00
1739433600000,0.04749,0.04852,0.04729,0.04782,72577573.0,2025-02-13 08:00
1739448000000,0.04782,0.04805,0.04623,0.04697,64619950.0,2025-02-13 12:00
1739462400000,0.04696,0.04794,0.04633,0.04702,47356458.0,2025-02-13 16:00
1739476800000,0.04701,0.04798,0.04695,0.04759,40941496.0,2025-02-13 20:00
1739491200000,0.0476,0.04851,0.04722,0.04832,25067549.0,2025-02-14 00:00
1739505600000,0.04832,0.04859,0.04735,0.04777,24382992.0,2025-02-14 04:00
1739520000000,0.04778,0.04952,0.0476,0.04816,35550824.0,2025-02-14 08:00
1739534400000,0.04814,0.04925,0.04766,0.04855,32832625.0,2025-02-14 12:00
1739548800000,0.04856,0.05007,0.04809,0.04963,51044919.0,2025-02-14 16:00
1739563200000,0.04962,0.05029,0.04775,0.04869,40140260.0,2025-02-14 20:00
1739577600000,0.04871,0.0491,0.04816,0.04863,19011350.0,2025-02-15 00:00
1739592000000,0.04863,0.04896,0.04752,0.04763,22074959.0,2025-02-15 04:00
1739606400000,0.04767,0.04818,0.04708,0.04731,22087743.0,2025-02-15 08:00
1739620800000,0.0473,0.04754,0.04601,0.04643,27956828.0,2025-02-15 12:00
1739635200000,0.04643,0.0469,0.04581,0.0462,20250012.0,2025-02-15 16:00
1739649600000,0.04621,0.04635,0.04546,0.04612,27086946.0,2025-02-15 20:00
1739664000000,0.04612,0.0465,0.04509,0.04576,19846942.0,2025-02-16 00:00
1739678400000,0.04576,0.04619,0.04519,0.04541,15812931.0,2025-02-16 04:00
1739692800000,0.04541,0.0471,0.04524,0.04695,24602228.0,2025-02-16 08:00
1739707200000,0.04693,0.0471,0.04543,0.04608,24036214.0,2025-02-16 12:00
1739721600000,0.04607,0.0465,0.04477,0.04527,28809668.0,2025-02-16 16:00
1739736000000,0.04526,0.04588,0.04496,0.0454,24982585.0,2025-02-16 20:00
1739750400000,0.04539,0.04647,0.04528,0.04559,22574153.0,2025-02-17 00:00
1739764800000,0.04561,0.04565,0.04376,0.04419,32311084.0,2025-02-17 04:00
1739779200000,0.04417,0.04597,0.04389,0.04574,31618456.0,2025-02-17 08:00
1739793600000,0.04574,0.04709,0.04505,0.04516,29146049.0,2025-02-17 12:00
1739808000000,0.04515,0.04553,0.04286,0.04346,41167630.0,2025-02-17 16:00
1739822400000,0.04345,0.04493,0.04338,0.04419,25478476.0,2025-02-17 20:00
1739836800000,0.04419,0.04439,0.04332,0.04398,33722509.0,2025-02-18 00:00
1739851200000,0.04395,0.04409,0.04147,0.04215,39693219.0,2025-02-18 04:00
1739865600000,0.04215,0.04308,0.04132,0.04224,39858605.0,2025-02-18 08:00
1739880000000,0.04222,0.04301,0.03983,0.04,98256645.0,2025-02-18 12:00
1739894400000,0.04001,0.04088,0.03896,0.04042,81734046.0,2025-02-18 16:00
1739908800000,0.04042,0.0413,0.03983,0.04099,39701321.0,2025-02-18 20:00
1739923200000,0.04101,0.04133,0.04042,0.04078,36470797.0,2025-02-19 00:00
1739937600000,0.04077,0.04183,0.0401,0.04148,34687489.0,2025-02-19 04:00
1739952000000,0.04147,0.04249,0.04133,0.04248,46843833.0,2025-02-19 08:00
1739966400000,0.04249,0.04254,0.04102,0.0413,47310661.0,2025-02-19 12:00
1739980800000,0.0413,0.0422,0.04108,0.04156,44821125.0,2025-02-19 16:00
1739995200000,0.04155,0.0419,0.0406,0.04165,28660125.0,2025-02-19 20:00
1740009600000,0.04165,0.04255,0.04146,0.04247,52286477.0,2025-02-20 00:00
1740024000000,0.04247,0.04302,0.04211,0.04242,26961341.0,2025-02-20 04:00
1740038400000,0.04241,0.04311,0.04227,0.04291,36784314.0,2025-02-20 08:00
1740052800000,0.04291,0.04513,0.04261,0.04433,149998121.0,2025-02-20 12:00
1740067200000,0.04432,0.0471,0.04415,0.04658,111779125.0,2025-02-20 16:00
1740081600000,0.04658,0.0478,0.04607,0.04646,60971167.0,2025-02-20 20:00
1740096000000,0.04646,0.04676,0.04574,0.04589,57595282.0,2025-02-21 00:00
1740110400000,0.0459,0.04682,0.04582,0.04629,52859957.0,2025-02-21 04:00
1740124800000,0.04629,0.04777,0.04619,0.04676,65874067.0,2025-02-21 08:00
1740139200000,0.04675,0.04769,0.0443,0.04514,100964833.0,2025-02-21 12:00
1740153600000,0.04514,0.04605,0.04241,0.04265,104956009.0,2025-02-21 16:00
1740168000000,0.04264,0.04329,0.0422,0.04301,64128189.0,2025-02-21 20:00
1740182400000,0.04301,0.04375,0.04256,0.04343,48066986.0,2025-02-22 00:00
1740196800000,0.04342,0.04408,0.04334,0.04367,30047775.0,2025-02-22 04:00
1740211200000,0.04366,0.04575,0.04359,0.04549,30893392.0,2025-02-22 08:00
1740225600000,0.0455,0.04609,0.04508,0.0459,37356904.0,2025-02-22 12:00
1740240000000,0.0459,0.04646,0.04576,0.04611,42711815.0,2025-02-22 16:00
1740254400000,0.0461,0.04628,0.04539,0.04571,29566855.0,2025-02-22 20:00
1740268800000,0.04572,0.04595,0.04516,0.04518,27283502.0,2025-02-23 00:00
1740283200000,0.04519,0.04559,0.04476,0.0455,28843092.0,2025-02-23 04:00
1740297600000,0.04551,0.04577,0.04404,0.0442,36168774.0,2025-02-23 08:00
1740312000000,0.0442,0.04454,0.04304,0.04308,45013379.0,2025-02-23 12:00
1740326400000,0.04307,0.04469,0.04306,0.0437,62861618.0,2025-02-23 16:00
1740340800000,0.04369,0.04467,0.04334,0.04413,28301445.0,2025-02-23 20:00
1740355200000,0.04413,0.04434,0.04132,0.04151,50929429.0,2025-02-24 00:00
1740369600000,0.04153,0.04204,0.04104,0.0416,39058057.0,2025-02-24 04:00
1740384000000,0.04159,0.04161,0.04028,0.04095,36255721.0,2025-02-24 08:00
1740398400000,0.04095,0.04117,0.03988,0.04031,56121766.0,2025-02-24 12:00
1740412800000,0.04031,0.04071,0.03845,0.03874,46689971.0,2025-02-24 16:00
1740427200000,0.03874,0.03962,0.03554,0.03669,108584460.0,2025-02-24 20:00
1740441600000,0.03669,0.03707,0.03525,0.0365,91605782.0,2025-02-25 00:00
1740456000000,0.0365,0.03718,0.03377,0.03513,115066998.0,2025-02-25 04:00
1740470400000,0.03512,0.03719,0.03456,0.03694,77519852.0,2025-02-25 08:00
1740484800000,0.03695,0.03784,0.03599,0.03737,69393991.0,2025-02-25 12:00
1740499200000,0.03737,0.0389,0.03683,0.03887,66037919.0,2025-02-25 16:00
1740513600000,0.03887,0.03954,0.03829,0.0389,43116140.0,2025-02-25 20:00
1740528000000,0.0389,0.03981,0.03882,0.03972,29446826.0,2025-02-26 00:00
1740542400000,0.03974,0.03999,0.03898,0.03939,23382736.0,2025-02-26 04:00
1740556800000,0.03938,0.03968,0.03873,0.03895,27334270.0,2025-02-26 08:00
1740571200000,0.03895,0.04018,0.03761,0.03956,68470454.0,2025-02-26 12:00
1740585600000,0.03958,0.0398,0.03745,0.03854,60946602.0,2025-02-26 16:00
1740600000000,0.03855,0.04074,0.03815,0.04016,45920110.0,2025-02-26 20:00
1740614400000,0.04017,0.04065,0.03958,0.04048,24068224.0,2025-02-27 00:00
1740628800000,0.04048,0.04159,0.03984,0.04146,23200363.0,2025-02-27 04:00
1740643200000,0.04147,0.04159,0.04046,0.04092,32458253.0,2025-02-27 08:00
1740657600000,0.04092,0.04122,0.03981,0.04057,41079494.0,2025-02-27 12:00
1740672000000,0.04057,0.04113,0.04009,0.04032,43558351.0,2025-02-27 16:00
1740686400000,0.04032,0.04111,0.03987,0.04095,30831254.0,2025-02-27 20:00
1740700800000,0.04097,0.041,0.03826,0.03838,67990050.0,2025-02-28 00:00
1740715200000,0.03839,0.04037,0.03797,0.03997,64120283.0,2025-02-28 04:00
1740729600000,0.03997,0.04037,0.03886,0.03904,67541656.0,2025-02-28 08:00
1740744000000,0.03903,0.04198,0.03891,0.04148,118674870.0,2025-02-28 12:00
1740758400000,0.04149,0.04239,0.04121,0.04125,58384894.0,2025-02-28 16:00
1740772800000,0.04125,0.04188,0.04108,0.04139,33810914.0,2025-02-28 20:00
1740787200000,0.0414,0.04151,0.04049,0.04073,32678223.0,2025-03-01 00:00
1740801600000,0.04073,0.04136,0.03978,0.04018,33956322.0,2025-03-01 04:00
1740816000000,0.04018,0.04067,0.03836,0.03839,34818243.0,2025-03-01 08:00
1740830400000,0.03839,0.03865,0.03776,0.03791,53396789.0,2025-03-01 12:00
1740844800000,0.03791,0.03838,0.03752,0.03797,47347092.0,2025-03-01 16:00
1740859200000,0.03798,0.03903,0.03784,0.03866,29756686.0,2025-03-01 20:00
1740873600000,0.03867,0.03883,0.03815,0.03821,28005544.0,2025-03-02 00:00
1740888000000,0.03821,0.03888,0.03795,0.03824,20867647.0,2025-03-02 04:00
1740902400000,0.03824,0.03925,0.03807,0.03867,50394854.0,2025-03-02 08:00
1740916800000,0.03867,0.0402,0.03761,0.03918,75911281.0,2025-03-02 12:00
1740931200000,0.0392,0.04219,0.03918,0.04184,95906176.0,2025-03-02 16:00
1740945600000,0.04183,0.04245,0.04156,0.04197,33976965.0,2025-03-02 20:00
1740960000000,0.04198,0.04213,0.0395,0.03992,40998192.0,2025-03-03 00:00
1740974400000,0.03993,0.04067,0.03864,0.03905,44606009.0,2025-03-03 04:00
1740988800000,0.03906,0.03937,0.03841,0.03929,89849101.0,2025-03-03 08:00
1741003200000,0.03927,0.03976,0.03803,0.03832,48752887.0,2025-03-03 12:00
1741017600000,0.03832,0.03852,0.03463,0.03491,100530012.0,2025-03-03 16:00
1741032000000,0.03491,0.03527,0.03362,0.0343,80984241.0,2025-03-03 20:00
1741046400000,0.03434,0.0348,0.03084,0.03179,134564692.0,2025-03-04 00:00
1741060800000,0.0318,0.03319,0.03174,0.03201,50006663.0,2025-03-04 04:00
1741075200000,0.03201,0.03247,0.03163,0.03194,33192945.0,2025-03-04 08:00
1741089600000,0.03194,0.0329,0.03066,0.03113,93635533.0,2025-03-04 12:00
1741104000000,0.03113,0.0324,0.02892,0.03223,112161379.0,2025-03-04 16:00
1741118400000,0.03224,0.03302,0.03152,0.03227,75901440.0,2025-03-04 20:00
1741132800000,0.03227,0.03275,0.03162,0.03166,46511363.0,2025-03-05 00:00
1741147200000,0.03165,0.03283,0.03163,0.03269,44004698.0,2025-03-05 04:00
1741161600000,0.03269,0.03415,0.03265,0.03373,48942490.0,2025-03-05 08:00
1741176000000,0.03375,0.03434,0.03286,0.03299,57377547.0,2025-03-05 12:00
1741190400000,0.03298,0.03415,0.03243,0.03381,49244660.0,2025-03-05 16:00
1741204800000,0.0338,0.03408,0.03363,0.03388,25245080.0,2025-03-05 20:00
1741219200000,0.03388,0.03442,0.03332,0.03415,44731783.0,2025-03-06 00:00
1741233600000,0.03415,0.03481,0.03374,0.03415,48485259.0,2025-03-06 04:00
1741248000000,0.03415,0.03456,0.03387,0.03436,30151803.0,2025-03-06 08:00
1741262400000,0.03437,0.03444,0.03319,0.03405,45935043.0,2025-03-06 12:00
1741276800000,0.03406,0.0342,0.03258,0.03282,61215197.0,2025-03-06 16:00
1741291200000,0.03283,0.03371,0.03277,0.03316,36685277.0,2025-03-06 20:00
1741305600000,0.03316,0.03347,0.03134,0.03266,78442158.0,2025-03-07 00:00
1741320000000,0.03266,0.03308,0.03255,0.0328,22250508.0,2025-03-07 04:00
1741334400000,0.0328,0.0332,0.03235,0.03274,22052905.0,2025-03-07 08:00
1741348800000,0.03274,0.03384,0.03235,0.03352,57995286.0,2025-03-07 12:00
1741363200000,0.03351,0.03422,0.03238,0.03364,49164585.0,2025-03-07 16:00
1741377600000,0.03364,0.0337,0.03156,0.03173,53784025.0,2025-03-07 20:00
1741392000000,0.03173,0.03222,0.03119,0.03151,48845900.0,2025-03-08 00:00
1741406400000,0.03152,0.03172,0.03049,0.03075,47964771.0,2025-03-08 04:00
1741420800000,0.03075,0.03096,0.02995,0.03003,41333836.0,2025-03-08 08:00
1741435200000,0.03004,0.03047,0.02926,0.02928,50687003.0,2025-03-08 12:00
1741449600000,0.02928,0.03,0.02866,0.02984,70344808.0,2025-03-08 16:00
1741464000000,0.02984,0.02991,0.02916,0.02991,36897928.0,2025-03-08 20:00
1741478400000,0.02991,0.02992,0.02928,0.0295,19709147.0,2025-03-09 00:00
1741492800000,0.02949,0.0297,0.02909,0.02939,16320046.0,2025-03-09 04:00
1741507200000,0.0294,0.02953,0.02855,0.02887,34745197.0,2025-03-09 08:00
1741521600000,0.02887,0.02934,0.0273,0.0276,60446728.0,2025-03-09 12:00
1741536000000,0.02759,0.02789,0.02552,0.02637,150978052.0,2025-03-09 16:00
1741550400000,0.02637,0.02688,0.02569,0.0259,89471986.0,2025-03-09 20:00
1741564800000,0.02591,0.02686,0.02535,0.02593,81945360.0,2025-03-10 00:00
1741579200000,0.02594,0.02683,0.0259,0.02667,47011223.0,2025-03-10 04:00
1741593600000,0.02668,0.02786,0.0263,0.02731,82174582.0,2025-03-10 08:00
1741608000000,0.02731,0.02797,0.0258,0.02626,117495121.0,2025-03-10 12:00
1741622400000,0.02626,0.02666,0.02378,0.02522,168346979.0,2025-03-10 16:00
1741636800000,0.02522,0.02544,0.02429,0.0244,74194793.0,2025-03-10 20:00
1741651200000,0.02441,0.02478,0.02245,0.02382,141934463.0,2025-03-11 00:00
1741665600000,0.02381,0.02482,0.02379,0.02432,59875812.0,2025-03-11 04:00
1741680000000,0.02432,0.02447,0.02388,0.02417,59306191.0,2025-03-11 08:00
1741694400000,0.02416,0.02475,0.02318,0.02454,130014360.0,2025-03-11 12:00
1741708800000,0.02455,0.02562,0.0243,0.02548,81972838.0,2025-03-11 16:00
1741723200000,0.02548,0.02616,0.02503,0.02516,90866352.0,2025-03-11 20:00
1741737600000,0.02517,0.0263,0.02511,0.02576,94031168.0,2025-03-12 00:00
1741752000000,0.02579,0.0278,0.02533,0.02769,122565468.0,2025-03-12 04:00
1741766400000,0.02769,0.03111,0.02655,0.02879,880480699.0,2025-03-12 08:00
1741780800000,0.02877,0.02942,0.02708,0.02751,396883935.0,2025-03-12 12:00
1741795200000,0.02749,0.02885,0.02732,0.02788,223221557.0,2025-03-12 16:00
1741809600000,0.02788,0.02895,0.02775,0.02862,116337300.0,2025-03-12 20:00
1741824000000,0.0286,0.02872,0.02809,0.02846,98383289.0,2025-03-13 00:00
1741838400000,0.02846,0.02882,0.02753,0.02793,113057441.0,2025-03-13 04:00
1741852800000,0.02794,0.02865,0.02755,0.02826,107788570.0,2025-03-13 08:00
1741867200000,0.02825,0.02846,0.02723,0.02751,112561227.0,2025-03-13 12:00
1741881600000,0.02752,0.02752,0.02665,0.02682,76849634.0,2025-03-13 16:00
1741896000000,0.02682,0.02736,0.02622,0.02704,62639480.0,2025-03-13 20:00
1741910400000,0.02704,0.02726,0.02684,0.02721,48758614.0,2025-03-14 00:00
1741924800000,0.02721,0.02771,0.02716,0.02746,47313648.0,2025-03-14 04:00
1741939200000,0.02747,0.02794,0.02739,0.02744,62321682.0,2025-03-14 08:00
1741953600000,0.02744,0.02835,0.02728,0.02801,109707450.0,2025-03-14 12:00
1741968000000,0.02801,0.02814,0.02768,0.02803,52835441.0,2025-03-14 16:00
1741982400000,0.02803,0.0289,0.02788,0.02861,97998129.0,2025-03-14 20:00
1741996800000,0.02861,0.02902,0.02821,0.02891,51032661.0,2025-03-15 00:00
1742011200000,0.0289,0.02904,0.02834,0.02853,43902737.0,2025-03-15 04:00
1742025600000,0.02853,0.0293,0.02815,0.02913,68152264.0,2025-03-15 08:00
1742040000000,0.02914,0.03034,0.02886,0.02931,117068508.0,2025-03-15 12:00
1742054400000,0.02932,0.0298,0.02906,0.02933,47700537.0,2025-03-15 16:00
1742068800000,0.02932,0.03012,0.02928,0.02994,40572931.0,2025-03-15 20:00
1742083200000,0.02994,0.03013,0.02904,0.02991,46219406.0,2025-03-16 00:00
1742097600000,0.02991,0.03049,0.02963,0.03033,34729838.0,2025-03-16 04:00
1742112000000,0.03034,0.03045,0.02835,0.02852,90261439.0,2025-03-16 08:00
1742126400000,0.02853,0.02882,0.02788,0.02822,67572628.0,2025-03-16 12:00
1742140800000,0.02822,0.029,0.02764,0.02792,69392471.0,2025-03-16 16:00
1742155200000,0.02792,0.02863,0.02779,0.02796,53303585.0,2025-03-16 20:00
1742169600000,0.02796,0.0289,0.02793,0.02881,30725495.0,2025-03-17 00:00
1742184000000,0.02881,0.02903,0.02832,0.02884,33052934.0,2025-03-17 04:00
1742198400000,0.02885,0.0295,0.02838,0.02913,34272578.0,2025-03-17 08:00
1742212800000,0.02912,0.02964,0.02844,0.02903,66913055.0,2025-03-17 12:00
1742227200000,0.02904,0.02987,0.02864,0.02954,48212939.0,2025-03-17 16:00
1742241600000,0.02955,0.02977,0.02921,0.02932,19589922.0,2025-03-17 20:00
1742256000000,0.02933,0.02937,0.0281,0.0282,48062580.0,2025-03-18 00:00
1742270400000,0.0282,0.02849,0.02751,0.02776,46964733.0,2025-03-18 04:00
1742284800000,0.02777,0.02833,0.02757,0.02775,41020200.0,2025-03-18 08:00
1742299200000,0.02774,0.02805,0.02722,0.02731,61096918.0,2025-03-18 12:00
1742313600000,0.0273,0.02765,0.02705,0.02762,39714543.0,2025-03-18 16:00
1742328000000,0.02761,0.02852,0.02741,0.02833,34356115.0,2025-03-18 20:00
1742342400000,0.02834,0.02905,0.02825,0.02905,31421440.0,2025-03-19 00:00
1742356800000,0.02906,0.02923,0.02859,0.02873,36328788.0,2025-03-19 04:00
1742371200000,0.02874,0.02926,0.02832,0.02909,49804660.0,2025-03-19 08:00
1742385600000,0.02909,0.0295,0.02876,0.02941,60580207.0,2025-03-19 12:00
1742400000000,0.02942,0.03161,0.02887,0.02976,203377996.0,2025-03-19 16:00
1742414400000,0.02977,0.03036,0.02964,0.03023,39836036.0,2025-03-19 20:00
1742428800000,0.03024,0.03032,0.02942,0.02951,34597173.0,2025-03-20 00:00
1742443200000,0.0295,0.03015,0.02927,0.02996,37125768.0,2025-03-20 04:00
1742457600000,0.02995,0.03034,0.02912,0.02922,37343493.0,2025-03-20 08:00
1742472000000,0.02922,0.02983,0.02902,0.02911,42530811.0,2025-03-20 12:00
1742486400000,0.02911,0.02929,0.02821,0.02892,60915592.0,2025-03-20 16:00
1742500800000,0.02892,0.02907,0.02847,0.02873,33670147.0,2025-03-20 20:00
1742515200000,0.02873,0.02899,0.02834,0.02855,42651770.0,2025-03-21 00:00
1742529600000,0.02856,0.02885,0.02804,0.02818,43145591.0,2025-03-21 04:00
1742544000000,0.02817,0.02833,0.02728,0.02756,38496467.0,2025-03-21 08:00
1742558400000,0.02755,0.02794,0.02707,0.0276,58468523.0,2025-03-21 12:00
1742572800000,0.02759,0.02784,0.02736,0.02783,33864336.0,2025-03-21 16:00
1742587200000,0.02784,0.02805,0.02753,0.02757,29651303.0,2025-03-21 20:00
1742601600000,0.02758,0.02795,0.02726,0.0279,32999838.0,2025-03-22 00:00
1742616000000,0.02789,0.02883,0.02781,0.02872,33664364.0,2025-03-22 04:00
1742630400000,0.02873,0.02925,0.0286,0.02906,24982497.0,2025-03-22 08:00
1742644800000,0.02906,0.02957,0.02869,0.02953,27639984.0,2025-03-22 12:00
1742659200000,0.02954,0.03192,0.02949,0.03011,78769922.0,2025-03-22 16:00
1742673600000,0.03011,0.03085,0.02942,0.02998,50125890.0,2025-03-22 20:00
1742688000000,0.02998,0.03139,0.02968,0.03024,105071072.0,2025-03-23 00:00
1742702400000,0.03025,0.03029,0.02955,0.02967,32407907.0,2025-03-23 04:00
1742716800000,0.02967,0.02989,0.02933,0.02955,36729800.0,2025-03-23 08:00
1742731200000,0.02955,0.02965,0.02911,0.02917,25474075.0,2025-03-23 12:00
1742745600000,0.02916,0.02924,0.02866,0.02905,25094201.0,2025-03-23 16:00
1742760000000,0.02905,0.02964,0.02902,0.02943,19851328.0,2025-03-23 20:00
1742774400000,0.02942,0.02998,0.02901,0.02997,29089008.0,2025-03-24 00:00
1742788800000,0.02998,0.03107,0.02997,0.03064,45623273.0,2025-03-24 04:00
1742803200000,0.03065,0.03101,0.03048,0.03095,26824832.0,2025-03-24 08:00
1742817600000,0.03096,0.03131,0.03043,0.03075,45968459.0,2025-03-24 12:00
1742832000000,0.03075,0.03116,0.03047,0.03084,31578600.0,2025-03-24 16:00
1742846400000,0.03084,0.03095,0.03032,0.03063,30641494.0,2025-03-24 20:00
1742860800000,0.03063,0.03108,0.03011,0.03022,41562789.0,2025-03-25 00:00
1742875200000,0.03021,0.03067,0.02995,0.03035,27025179.0,2025-03-25 04:00
1742889600000,0.03035,0.03083,0.03024,0.03079,24634297.0,2025-03-25 08:00
1742904000000,0.03077,0.03113,0.03043,0.0306,46048202.0,2025-03-25 12:00
1742918400000,0.03059,0.0323,0.03034,0.032,106086043.0,2025-03-25 16:00
1742932800000,0.032,0.03413,0.03183,0.03325,194449565.0,2025-03-25 20:00
1742947200000,0.03324,0.03356,0.03244,0.03263,66634714.0,2025-03-26 00:00
1742961600000,0.03263,0.03736,0.03239,0.03622,366879975.0,2025-03-26 04:00
1742976000000,0.03621,0.03641,0.03513,0.03562,178799774.0,2025-03-26 08:00
1742990400000,0.03562,0.03594,0.0338,0.03413,188501904.0,2025-03-26 12:00
1743004800000,0.03413,0.03476,0.03312,0.03346,108263163.0,2025-03-26 16:00
1743019200000,0.03346,0.03391,0.03301,0.0334,55779610.0,2025-03-26 20:00
1743033600000,0.0334,0.03493,0.03329,0.0348,52243523.0,2025-03-27 00:00
1743048000000,0.03481,0.03524,0.03447,0.03458,54367821.0,2025-03-27 04:00
1743062400000,0.03458,0.03473,0.03364,0.0338,48018280.0,2025-03-27 08:00
1743076800000,0.03379,0.03598,0.03374,0.03535,173234424.0,2025-03-27 12:00
1743091200000,0.03535,0.03542,0.03456,0.03516,61843811.0,2025-03-27 16:00
1743105600000,0.03517,0.03646,0.035,0.03531,101773216.0,2025-03-27 20:00
1743120000000,0.03531,0.03629,0.03481,0.03502,69203957.0,2025-03-28 00:00
1743134400000,0.03503,0.03521,0.03291,0.03297,97977331.0,2025-03-28 04:00
1743148800000,0.03297,0.03328,0.03194,0.03257,89768425.0,2025-03-28 08:00
1743163200000,0.03255,0.03266,0.03165,0.03173,51327781.0,2025-03-28 12:00
1743177600000,0.03173,0.032,0.03105,0.03118,34839386.0,2025-03-28 16:00
1743192000000,0.03118,0.03167,0.03063,0.03147,33891089.0,2025-03-28 20:00
1743206400000,0.03147,0.03166,0.03036,0.03092,33961713.0,2025-03-29 00:00
1743220800000,0.03091,0.03106,0.02948,0.02973,45146236.0,2025-03-29 04:00
1743235200000,0.02973,0.02995,0.02834,0.02854,83052561.0,2025-03-29 08:00
1743249600000,0.02855,0.02876,0.02781,0.02793,48540119.0,2025-03-29 12:00
1743264000000,0.02794,0.02804,0.02657,0.02713,97491980.0,2025-03-29 16:00
1743278400000,0.02714,0.02736,0.02663,0.02721,56597054.0,2025-03-29 20:00
1743292800000,0.02722,0.02812,0.02681,0.02789,53319051.0,2025-03-30 00:00
1743307200000,0.0279,0.02854,0.0279,0.0281,33329721.0,2025-03-30 04:00
1743321600000,0.0281,0.02849,0.02788,0.02806,27762878.0,2025-03-30 08:00
1743336000000,0.02806,0.02821,0.02748,0.02795,45479581.0,2025-03-30 12:00
1743350400000,0.02795,0.02969,0.02736,0.02898,114138640.0,2025-03-30 16:00
1743364800000,0.02898,0.02902,0.0277,0.02819,80033571.0,2025-03-30 20:00
1743379200000,0.0282,0.02907,0.02769,0.02821,65158710.0,2025-03-31 00:00
1743393600000,0.02821,0.02898,0.02764,0.02794,45919799.0,2025-03-31 04:00
1743408000000,0.02795,0.02848,0.0273,0.02806,56899900.0,2025-03-31 08:00
1743422400000,0.02806,0.02871,0.02752,0.0281,63181373.0,2025-03-31 12:00
1743436800000,0.02811,0.02822,0.02739,0.02755,46708491.0,2025-03-31 16:00
1743451200000,0.02755,0.02792,0.02736,0.02761,32305896.0,2025-03-31 20:00
1743465600000,0.02761,0.02925,0.02752,0.02901,48152330.0,2025-04-01 00:00
1743480000000,0.02901,0.02946,0.02871,0.02901,32977812.0,2025-04-01 04:00
1743494400000,0.029,0.02982,0.02835,0.02849,48781195.0,2025-04-01 08:00
1743508800000,0.02849,0.02947,0.02791,0.02931,63512572.0,2025-04-01 12:00
1743523200000,0.02931,0.02944,0.02794,0.0281,43966066.0,2025-04-01 16:00
1743537600000,0.0281,0.02856,0.02762,0.0281,29057089.0,2025-04-01 20:00
1743552000000,0.02811,0.02812,0.02638,0.02706,68485404.0,2025-04-02 00:00
1743566400000,0.02705,0.02718,0.02587,0.02632,45660451.0,2025-04-02 04:00
1743580800000,0.02632,0.02701,0.02619,0.02646,42846083.0,2025-04-02 08:00
1743595200000,0.02645,0.02827,0.02613,0.02768,83167460.0,2025-04-02 12:00
1743609600000,0.02769,0.02787,0.02657,0.02742,55104635.0,2025-04-02 16:00
1743624000000,0.02743,0.02818,0.02478,0.02535,117061884.0,2025-04-02 20:00
1743638400000,0.02535,0.02646,0.02515,0.02623,35598296.0,2025-04-03 00:00
1743652800000,0.02623,0.02647,0.02518,0.02533,31611273.0,2025-04-03 04:00
1743667200000,0.02533,0.02556,0.02439,0.02464,48177237.0,2025-04-03 08:00
1743681600000,0.02465,0.02494,0.02397,0.02464,86371056.0,2025-04-03 12:00
1743696000000,0.02463,0.02531,0.02432,0.02494,55759812.0,2025-04-03 16:00
1743710400000,0.02494,0.02556,0.02479,0.02532,26944312.0,2025-04-03 20:00
1743724800000,0.02533,0.02558,0.02496,0.02542,30807033.0,2025-04-04 00:00
1743739200000,0.02541,0.02586,0.02515,0.0258,34780724.0,2025-04-04 04:00
1743753600000,0.02582,0.02616,0.02446,0.02481,61986710.0,2025-04-04 08:00
1743768000000,0.0248,0.02606,0.02454,0.02539,81001016.0,2025-04-04 12:00
1743782400000,0.02538,0.02595,0.02489,0.02539,51885219.0,2025-04-04 16:00
1743796800000,0.0254,0.02579,0.02521,0.02553,25307259.0,2025-04-04 20:00
1743811200000,0.02552,0.02586,0.02544,0.02552,17421216.0,2025-04-05 00:00
1743825600000,0.02551,0.02575,0.02542,0.02571,19001686.0,2025-04-05 04:00
1743840000000,0.02572,0.02591,0.02524,0.0253,29884047.0,2025-04-05 08:00
1743854400000,0.02529,0.02534,0.02451,0.02464,39400452.0,2025-04-05 12:00
1743868800000,0.02463,0.02495,0.02459,0.02468,21835407.0,2025-04-05 16:00
1743883200000,0.02468,0.02509,0.02464,0.02502,20569437.0,2025-04-05 20:00
1743897600000,0.02503,0.02505,0.02461,0.02467,24739781.0,2025-04-06 00:00
1743912000000,0.02467,0.02503,0.02449,0.02467,25456629.0,2025-04-06 04:00
1743926400000,0.02467,0.02487,0.02442,0.02457,31897130.0,2025-04-06 08:00
1743940800000,0.02457,0.02459,0.02322,0.02368,55722820.0,2025-04-06 12:00
1743955200000,0.02367,0.02375,0.02169,0.02214,136025239.0,2025-04-06 16:00
1743969600000,0.02213,0.02236,0.02116,0.02184,96923310.0,2025-04-06 20:00
1743984000000,0.02184,0.02257,0.0211,0.02144,79968493.0,2025-04-07 00:00
1743998400000,0.02145,0.02224,0.02007,0.02093,162981377.0,2025-04-07 04:00
1744012800000,0.02093,0.02212,0.02084,0.0214,108421404.0,2025-04-07 08:00
1744027200000,0.02141,0.02425,0.02134,0.02283,281782005.0,2025-04-07 12:00
1744041600000,0.02282,0.02324,0.02239,0.02267,95077940.0,2025-04-07 16:00
1744056000000,0.02267,0.0234,0.02266,0.023,40237832.0,2025-04-07 20:00
1744070400000,0.023,0.02376,0.0227,0.02323,45291323.0,2025-04-08 00:00
1744084800000,0.02323,0.02339,0.02234,0.02255,30332699.0,2025-04-08 04:00
1744099200000,0.02255,0.02322,0.0222,0.02318,44686821.0,2025-04-08 08:00
1744113600000,0.0232,0.02329,0.02248,0.02263,77570880.0,2025-04-08 12:00
1744128000000,0.02262,0.02266,0.02108,0.02137,113622231.0,2025-04-08 16:00
1744142400000,0.02136,0.02151,0.02092,0.02111,43407117.0,2025-04-08 20:00
1744156800000,0.0211,0.02145,0.02008,0.02104,91928218.0,2025-04-09 00:00
1744171200000,0.02102,0.02221,0.021,0.02218,52590187.0,2025-04-09 04:00
1744185600000,0.02218,0.02242,0.02151,0.0217,52067762.0,2025-04-09 08:00
1744200000000,0.0217,0.02244,0.02148,0.02203,69962307.0,2025-04-09 12:00
1744214400000,0.02203,0.02463,0.022,0.0242,148700130.0,2025-04-09 16:00
1744228800000,0.0242,0.02455,0.02407,0.02414,30152411.0,2025-04-09 20:00
1744243200000,0.02415,0.02418,0.02333,0.02352,27757689.0,2025-04-10 00:00
1744257600000,0.02353,0.02382,0.02331,0.02362,25491909.0,2025-04-10 04:00
1744272000000,0.02361,0.02366,0.0231,0.02333,22868411.0,2025-04-10 08:00
1744286400000,0.02332,0.02394,0.02261,0.02275,67269256.0,2025-04-10 12:00
1744300800000,0.02277,0.02328,0.02266,0.02315,44822862.0,2025-04-10 16:00
1744315200000,0.02315,0.02352,0.02303,0.02344,24653902.0,2025-04-10 20:00
1744329600000,0.02344,0.02426,0.02329,0.02421,27981007.0,2025-04-11 00:00
1744344000000,0.0242,0.02457,0.02415,0.02433,20718902.0,2025-04-11 04:00
1744358400000,0.02433,0.0246,0.02399,0.02419,27223819.0,2025-04-11 08:00
1744372800000,0.0242,0.02455,0.02399,0.02452,31854968.0,2025-04-11 12:00
1744387200000,0.02452,0.02491,0.02443,0.02452,29658827.0,2025-04-11 16:00
1744401600000,0.02452,0.02496,0.0244,0.02477,31271801.0,2025-04-11 20:00
1744416000000,0.02477,0.02479,0.02444,0.02453,24299131.0,2025-04-12 00:00
1744430400000,0.02452,0.02486,0.02434,0.02477,15514978.0,2025-04-12 04:00
1744444800000,0.02476,0.02531,0.02473,0.02499,27128912.0,2025-04-12 08:00
1744459200000,0.02498,0.02617,0.0249,0.02613,57363492.0,2025-04-12 12:00
1744473600000,0.02613,0.02654,0.02576,0.02625,27607942.0,2025-04-12 16:00
1744488000000,0.02626,0.02668,0.02616,0.02622,22572634.0,2025-04-12 20:00
1744502400000,0.02623,0.02641,0.02566,0.02572,20742447.0,2025-04-13 00:00
1744516800000,0.02572,0.02573,0.02519,0.02549,21089138.0,2025-04-13 04:00
1744531200000,0.02549,0.0259,0.02535,0.02549,18070685.0,2025-04-13 08:00
1744545600000,0.02549,0.02559,0.0246,0.02468,29706806.0,2025-04-13 12:00
1744560000000,0.02467,0.02592,0.0238,0.02415,64630142.0,2025-04-13 16:00
1744574400000,0.02416,0.02455,0.02363,0.024,48973039.0,2025-04-13 20:00
1744588800000,0.024,0.02487,0.02392,0.02414,28518390.0,2025-04-14 00:00
1744603200000,0.02415,0.02436,0.02372,0.02415,27345350.0,2025-04-14 04:00
1744617600000,0.02415,0.025,0.02386,0.02497,34524445.0,2025-04-14 08:00
1744632000000,0.02498,0.02516,0.02387,0.02391,46632899.0,2025-04-14 12:00
1744646400000,0.0239,0.02443,0.02344,0.02413,38052115.0,2025-04-14 16:00
1744660800000,0.02415,0.02432,0.02388,0.02421,16650557.0,2025-04-14 20:00
1744675200000,0.0242,0.02463,0.02386,0.02454,22641144.0,2025-04-15 00:00
1744689600000,0.02454,0.02468,0.02416,0.02459,15228563.0,2025-04-15 04:00
1744704000000,0.02459,0.02492,0.02431,0.02449,18706299.0,2025-04-15 08:00
1744718400000,0.02449,0.02496,0.02404,0.0244,38186665.0,2025-04-15 12:00
1744732800000,0.02439,0.02445,0.02337,0.02353,31212156.0,2025-04-15 16:00
1744747200000,0.02352,0.02411,0.02329,0.02376,29928040.0,2025-04-15 20:00
1744761600000,0.02376,0.02416,0.02347,0.02396,21754665.0,2025-04-16 00:00
1744776000000,0.02396,0.02413,0.02329,0.0234,21027271.0,2025-04-16 04:00
1744790400000,0.0234,0.02368,0.0231,0.02345,32149348.0,2025-04-16 08:00
1744804800000,0.02345,0.02367,0.02286,0.02312,38975599.0,2025-04-16 12:00
1744819200000,0.02313,0.02376,0.02241,0.02365,75460897.0,2025-04-16 16:00
1744833600000,0.02364,0.02401,0.02298,0.0231,29944028.0,2025-04-16 20:00
1744848000000,0.02311,0.02325,0.02277,0.02295,20104931.0,2025-04-17 00:00
1744862400000,0.02295,0.02361,0.0229,0.0234,16358696.0,2025-04-17 04:00
1744876800000,0.02341,0.02347,0.0228,0.02304,16023898.0,2025-04-17 08:00
1744891200000,0.02306,0.02327,0.02259,0.02316,29916495.0,2025-04-17 12:00
1744905600000,0.02316,0.0238,0.02299,0.02332,34193389.0,2025-04-17 16:00
1744920000000,0.02331,0.02351,0.02317,0.02337,13200532.0,2025-04-17 20:00
1744934400000,0.02336,0.02364,0.02315,0.02353,16796035.0,2025-04-18 00:00
1744948800000,0.02353,0.02409,0.02341,0.02407,19865276.0,2025-04-18 04:00
1744963200000,0.02406,0.0243,0.02376,0.02381,30793958.0,2025-04-18 08:00
1744977600000,0.02382,0.02408,0.02352,0.02356,20160021.0,2025-04-18 12:00
1744992000000,0.02358,0.02398,0.02355,0.02386,19920795.0,2025-04-18 16:00
1745006400000,0.02386,0.02396,0.02361,0.0238,18040079.0,2025-04-18 20:00
1745020800000,0.02381,0.02467,0.02375,0.02446,22507426.0,2025-04-19 00:00
1745035200000,0.02446,0.02458,0.0242,0.02433,19407001.0,2025-04-19 04:00
1745049600000,0.02433,0.02435,0.02398,0.02406,13616038.0,2025-04-19 08:00
1745064000000,0.02406,0.02472,0.02391,0.0247,22853789.0,2025-04-19 12:00
1745078400000,0.0247,0.02513,0.02454,0.02504,33085120.0,2025-04-19 16:00
1745092800000,0.02502,0.02533,0.02491,0.02522,16506389.0,2025-04-19 20:00
1745107200000,0.02522,0.02555,0.02505,0.02553,19147508.0,2025-04-20 00:00
1745121600000,0.02554,0.02643,0.02542,0.02569,41047777.0,2025-04-20 04:00
1745136000000,0.02569,0.02594,0.0248,0.02503,27066545.0,2025-04-20 08:00
1745150400000,0.02502,0.02526,0.02489,0.02512,32521149.0,2025-04-20 12:00
1745164800000,0.02512,0.02574,0.02507,0.02562,23048647.0,2025-04-20 16:00
1745179200000,0.02562,0.02577,0.02522,0.02542,19060545.0,2025-04-20 20:00
1745193600000,0.02543,0.02596,0.02541,0.02566,26596156.0,2025-04-21 00:00
1745208000000,0.02566,0.02623,0.02558,0.02621,20727315.0,2025-04-21 04:00
1745222400000,0.02622,0.02637,0.02582,0.02602,26118631.0,2025-04-21 08:00
1745236800000,0.02601,0.02716,0.026,0.02709,44791046.0,2025-04-21 12:00
1745251200000,0.02709,0.02731,0.02597,0.02721,63541119.0,2025-04-21 16:00
1745265600000,0.02722,0.02722,0.02595,0.02611,44183116.0,2025-04-21 20:00
1745280000000,0.02611,0.02662,0.02532,0.02615,41119869.0,2025-04-22 00:00
1745294400000,0.02614,0.02629,0.02524,0.02605,35000158.0,2025-04-22 04:00
1745308800000,0.02605,0.02609,0.02554,0.02598,22541643.0,2025-04-22 08:00
1745323200000,0.02598,0.02703,0.02588,0.02687,47634349.0,2025-04-22 12:00
1745337600000,0.02687,0.02755,0.02679,0.0273,41149327.0,2025-04-22 16:00
1745352000000,0.0273,0.02872,0.02702,0.02845,62396351.0,2025-04-22 20:00
1745366400000,0.02846,0.02976,0.02832,0.02968,61814215.0,2025-04-23 00:00
1745380800000,0.02969,0.02993,0.02932,0.02986,33722214.0,2025-04-23 04:00
1745395200000,0.02985,0.03323,0.02905,0.03194,375098662.0,2025-04-23 08:00
1745409600000,0.03194,0.03327,0.03028,0.03102,187651004.0,2025-04-23 12:00
1745424000000,0.03103,0.03151,0.0303,0.03048,57242249.0,2025-04-23 16:00
1745438400000,0.03048,0.03094,0.03014,0.03069,28373230.0,2025-04-23 20:00
1745452800000,0.03069,0.03072,0.02937,0.02938,44589210.0,2025-04-24 00:00
1745467200000,0.02939,0.03033,0.0293,0.0295,44172691.0,2025-04-24 04:00
1745481600000,0.02949,0.02983,0.02905,0.02974,33902699.0,2025-04-24 08:00
1745496000000,0.02976,0.0318,0.0296,0.03123,119324772.0,2025-04-24 12:00
1745510400000,0.03125,0.03231,0.03099,0.03209,90077201.0,2025-04-24 16:00
1745524800000,0.0321,0.03719,0.03187,0.03588,266609878.0,2025-04-24 20:00
1745539200000,0.03588,0.0364,0.0342,0.03453,88480638.0,2025-04-25 00:00
1745553600000,0.03453,0.03591,0.03436,0.03505,79347841.0,2025-04-25 04:00
1745568000000,0.03506,0.03612,0.03489,0.03527,74586128.0,2025-04-25 08:00
1745582400000,0.03527,0.03527,0.03374,0.03405,105176485.0,2025-04-25 12:00
1745596800000,0.03405,0.03435,0.03324,0.03379,68907207.0,2025-04-25 16:00
1745611200000,0.0338,0.03417,0.03328,0.03403,21334524.0,2025-04-25 20:00
1745625600000,0.03404,0.03796,0.03403,0.03634,100274530.0,2025-04-26 00:00
1745640000000,0.03633,0.03665,0.03555,0.03614,31205812.0,2025-04-26 04:00
1745654400000,0.03613,0.03639,0.03509,0.03526,39102902.0,2025-04-26 08:00
1745668800000,0.03525,0.03565,0.03446,0.0356,27996647.0,2025-04-26 12:00
1745683200000,0.0356,0.03584,0.0351,0.03534,19793973.0,2025-04-26 16:00
1745697600000,0.03533,0.03589,0.03493,0.03577,17931277.0,2025-04-26 20:00
1745712000000,0.03575,0.03581,0.03362,0.03419,33786044.0,2025-04-27 00:00
1745726400000,0.03419,0.0343,0.03261,0.03332,38855621.0,2025-04-27 04:00
1745740800000,0.03331,0.03405,0.03326,0.03345,17735356.0,2025-04-27 08:00
1745755200000,0.03345,0.0336,0.03251,0.033,23047979.0,2025-04-27 12:00
1745769600000,0.03301,0.03357,0.0326,0.03327,15417402.0,2025-04-27 16:00
1745784000000,0.03327,0.03334,0.03257,0.03266,13489275.0,2025-04-27 20:00
1745798400000,0.03266,0.03293,0.03133,0.0326,46480534.0,2025-04-28 00:00
1745812800000,0.0326,0.03473,0.0326,0.03431,31559635.0,2025-04-28 04:00
1745827200000,0.03431,0.0351,0.03391,0.03442,37789177.0,2025-04-28 08:00
1745841600000,0.03441,0.0348,0.03281,0.03323,45967305.0,2025-04-28 12:00
1745856000000,0.03322,0.03472,0.03288,0.0344,21964242.0,2025-04-28 16:00
1745870400000,0.0344,0.0347,0.03408,0.03434,11909885.0,2025-04-28 20:00
1745884800000,0.03434,0.0348,0.03415,0.03457,19545421.0,2025-04-29 00:00
1745899200000,0.03457,0.03471,0.03372,0.03465,16761370.0,2025-04-29 04:00
1745913600000,0.03465,0.03473,0.03314,0.03351,21454469.0,2025-04-29 08:00
1745928000000,0.0335,0.03382,0.03267,0.03347,21120934.0,2025-04-29 12:00
1745942400000,0.03346,0.03384,0.03318,0.03343,18856025.0,2025-04-29 16:00
1745956800000,0.03345,0.03356,0.03202,0.03259,25040886.0,2025-04-29 20:00
1745971200000,0.03258,0.03305,0.03217,0.03292,13358126.0,2025-04-30 00:00
1745985600000,0.03293,0.03315,0.03221,0.03246,17002537.0,2025-04-30 04:00
1746000000000,0.03245,0.03608,0.03243,0.03506,73640180.0,2025-04-30 08:00
1746014400000,0.03505,0.03558,0.03202,0.03301,89429203.0,2025-04-30 12:00
1746028800000,0.03299,0.03434,0.03259,0.03357,34491398.0,2025-04-30 16:00
1746043200000,0.03359,0.0342,0.03317,0.03372,21047964.0,2025-04-30 20:00
1746057600000,0.03372,0.03453,0.03337,0.03341,27422206.0,2025-05-01 00:00
1746072000000,0.03342,0.0342,0.03332,0.03407,11787087.0,2025-05-01 04:00
1746086400000,0.03406,0.03558,0.03381,0.03492,28311640.0,2025-05-01 08:00
1746100800000,0.03494,0.03495,0.03378,0.03423,33099960.0,2025-05-01 12:00
1746115200000,0.03422,0.03447,0.03388,0.03398,14475443.0,2025-05-01 16:00
1746129600000,0.03398,0.03411,0.03334,0.03372,13604427.0,2025-05-01 20:00
1746144000000,0.0337,0.03399,0.03327,0.0334,15190671.0,2025-05-02 00:00
1746158400000,0.0334,0.03349,0.0324,0.03246,20731139.0,2025-05-02 04:00
1746172800000,0.03246,0.03306,0.0322,0.03258,30427259.0,2025-05-02 08:00
1746187200000,0.03258,0.03351,0.03237,0.03296,25023992.0,2025-05-02 12:00
1746201600000,0.03298,0.03347,0.03221,0.03244,24192928.0,2025-05-02 16:00
1746216000000,0.03244,0.03297,0.03232,0.03294,11065838.0,2025-05-02 20:00
1746230400000,0.03294,0.03307,0.03233,0.03269,11638898.0,2025-05-03 00:00
1746244800000,0.03267,0.03269,0.03233,0.03241,7779688.0,2025-05-03 04:00
1746259200000,0.0324,0.03255,0.03075,0.03098,39589069.0,2025-05-03 08:00
1746273600000,0.03098,0.03127,0.03084,0.0309,21800536.0,2025-05-03 12:00
1746288000000,0.03092,0.03092,0.02978,0.03051,33709497.0,2025-05-03 16:00
1746302400000,0.0305,0.03057,0.03011,0.03017,11983295.0,2025-05-03 20:00
1746316800000,0.03017,0.03043,0.0294,0.02955,21921436.0,2025-05-04 00:00
1746331200000,0.02956,0.02975,0.02881,0.02908,21061238.0,2025-05-04 04:00
1746345600000,0.02909,0.02926,0.02853,0.02911,25248947.0,2025-05-04 08:00
1746360000000,0.02911,0.02916,0.0284,0.0287,25569390.0,2025-05-04 12:00
1746374400000,0.02871,0.02884,0.0279,0.0283,23551343.0,2025-05-04 16:00
1746388800000,0.02831,0.02889,0.02829,0.02863,21879370.0,2025-05-04 20:00
1746403200000,0.02863,0.02937,0.02812,0.02882,31864185.0,2025-05-05 00:00
1746417600000,0.02883,0.02948,0.02874,0.02907,16134464.0,2025-05-05 04:00
1746432000000,0.02908,0.02927,0.02807,0.02817,20276838.0,2025-05-05 08:00
1746446400000,0.02817,0.02836,0.02759,0.02797,41164420.0,2025-05-05 12:00
1746460800000,0.02797,0.0293,0.02791,0.02872,28550344.0,2025-05-05 16:00
1746475200000,0.02873,0.02902,0.0281,0.02862,16946803.0,2025-05-05 20:00
1746489600000,0.02862,0.02888,0.02815,0.02886,22416819.0,2025-05-06 00:00
1746504000000,0.02886,0.02928,0.02868,0.02889,27390294.0,2025-05-06 04:00
1746518400000,0.02889,0.02889,0.02702,0.02729,47906205.0,2025-05-06 08:00
1746532800000,0.0273,0.02776,0.02684,0.02723,44229905.0,2025-05-06 12:00
1746547200000,0.02722,0.02794,0.02695,0.02743,36086159.0,2025-05-06 16:00
1746561600000,0.02744,0.02837,0.02664,0.02828,39499044.0,2025-05-06 20:00
1746576000000,0.02829,0.02924,0.0282,0.02884,36965658.0,2025-05-07 00:00
1746590400000,0.02884,0.02908,0.02826,0.02906,18967888.0,2025-05-07 04:00
1746604800000,0.02906,0.02971,0.02864,0.02922,47892521.0,2025-05-07 08:00
1746619200000,0.02922,0.0299,0.02851,0.02893,80658017.0,2025-05-07 12:00
1746633600000,0.02892,0.02915,0.02829,0.02856,49732362.0,2025-05-07 16:00
1746648000000,0.02856,0.02972,0.02829,0.0296,30136462.0,2025-05-07 20:00
1746662400000,0.0296,0.03107,0.02959,0.03091,37802392.0,2025-05-08 00:00
1746676800000,0.03092,0.03156,0.03084,0.03113,36615840.0,2025-05-08 04:00
1746691200000,0.03115,0.03213,0.03114,0.03199,49754573.0,2025-05-08 08:00
1746705600000,0.03198,0.03319,0.03092,0.03253,62429132.0,2025-05-08 12:00
1746720000000,0.03254,0.03351,0.03253,0.03339,37608269.0,2025-05-08 16:00
1746734400000,0.03342,0.03511,0.03341,0.03426,43413684.0,2025-05-08 20:00
1746748800000,0.03425,0.03581,0.03412,0.03488,45785448.0,2025-05-09 00:00
1746763200000,0.03487,0.039,0.03472,0.03849,72371382.0,2025-05-09 04:00
1746777600000,0.03849,0.03911,0.03699,0.03859,103823947.0,2025-05-09 08:00
1746792000000,0.03859,0.04113,0.03802,0.04083,185922124.0,2025-05-09 12:00
1746806400000,0.04085,0.04334,0.03943,0.04135,384139237.0,2025-05-09 16:00
1746820800000,0.04136,0.04218,0.0401,0.04098,64320028.0,2025-05-09 20:00
1746835200000,0.04099,0.0437,0.04069,0.04173,82318328.0,2025-05-10 00:00
1746849600000,0.04172,0.04433,0.04107,0.04307,121337527.0,2025-05-10 04:00
1746864000000,0.04306,0.04349,0.04136,0.04192,96116434.0,2025-05-10 08:00
1746878400000,0.04193,0.04199,0.04016,0.04043,88334744.0,2025-05-10 12:00
1746892800000,0.04043,0.04163,0.04029,0.04128,48630960.0,2025-05-10 16:00
1746907200000,0.04129,0.0445,0.04099,0.044,50227477.0,2025-05-10 20:00
1746921600000,0.04399,0.04427,0.04156,0.04312,59628167.0,2025-05-11 00:00
1746936000000,0.04311,0.04346,0.04088,0.04113,48675178.0,2025-05-11 04:00
1746950400000,0.04114,0.04334,0.04076,0.04297,36995908.0,2025-05-11 08:00
1746964800000,0.04297,0.04319,0.0409,0.04134,46890480.0,2025-05-11 12:00
1746979200000,0.04134,0.04312,0.0407,0.04278,70624231.0,2025-05-11 16:00
1746993600000,0.04279,0.04284,0.04172,0.04186,31098785.0,2025-05-11 20:00
1747008000000,0.04188,0.04372,0.04163,0.04357,45287880.0,2025-05-12 00:00
1747022400000,0.04356,0.04557,0.04214,0.04407,82862057.0,2025-05-12 04:00
1747036800000,0.04407,0.046,0.04281,0.04297,78090905.0,2025-05-12 08:00
1747051200000,0.04294,0.04343,0.04075,0.04103,80993345.0,2025-05-12 12:00
1747065600000,0.04103,0.04161,0.03831,0.03994,97032536.0,2025-05-12 16:00
1747080000000,0.03993,0.04034,0.03959,0.03995,26037615.0,2025-05-12 20:00
1747094400000,0.03995,0.04022,0.03684,0.03729,62775125.0,2025-05-13 00:00
1747108800000,0.0373,0.03997,0.03715,0.03974,43625741.0,2025-05-13 04:00
1747123200000,0.03974,0.04262,0.03974,0.04175,71651641.0,2025-05-13 08:00
1747137600000,0.04172,0.044,0.04127,0.04311,119383600.0,2025-05-13 12:00
1747152000000,0.04311,0.0451,0.04298,0.04451,78322160.0,2025-05-13 16:00
1747166400000,0.04451,0.04521,0.04358,0.04436,47455811.0,2025-05-13 20:00
1747180800000,0.04437,0.04543,0.04276,0.04299,52969306.0,2025-05-14 00:00
1747195200000,0.043,0.04493,0.04281,0.04395,43774399.0,2025-05-14 04:00
1747209600000,0.04394,0.04447,0.0415,0.04353,67038823.0,2025-05-14 08:00
1747224000000,0.04353,0.04382,0.04106,0.04193,55715028.0,2025-05-14 12:00
1747238400000,0.04192,0.04214,0.04082,0.04157,25780480.0,2025-05-14 16:00
1747252800000,0.04157,0.04175,0.04075,0.0411,16248461.0,2025-05-14 20:00
1747267200000,0.04111,0.04155,0.03961,0.03971,31027422.0,2025-05-15 00:00
1747281600000,0.03971,0.04009,0.0374,0.03749,69225753.0,2025-05-15 04:00
1747296000000,0.03748,0.03987,0.03746,0.039,75905977.0,2025-05-15 08:00
1747310400000,0.03899,0.04012,0.03722,0.03996,61103554.0,2025-05-15 12:00
1747324800000,0.03992,0.04185,0.03891,0.03951,137689685.0,2025-05-15 16:00
1747339200000,0.03951,0.03971,0.03633,0.03799,74885764.0,2025-05-15 20:00
1747353600000,0.03799,0.03878,0.03746,0.03826,38164969.0,2025-05-16 00:00
1747368000000,0.03827,0.03889,0.03748,0.03856,36128721.0,2025-05-16 04:00
1747382400000,0.03857,0.03973,0.0375,0.03924,51372360.0,2025-05-16 08:00
1747396800000,0.03925,0.03946,0.03802,0.03847,41890371.0,2025-05-16 12:00
1747411200000,0.03847,0.0387,0.03735,0.03786,35991394.0,2025-05-16 16:00
1747425600000,0.03785,0.03785,0.03575,0.03669,47081785.0,2025-05-16 20:00
1747440000000,0.03669,0.03692,0.035,0.03614,42371904.0,2025-05-17 00:00
1747454400000,0.03614,0.03634,0.03505,0.03538,28317373.0,2025-05-17 04:00
1747468800000,0.0354,0.03611,0.03489,0.03556,31904428.0,2025-05-17 08:00
1747483200000,0.03556,0.03608,0.03486,0.03556,26226098.0,2025-05-17 12:00
1747497600000,0.03557,0.03581,0.03485,0.03498,22672261.0,2025-05-17 16:00
1747512000000,0.03499,0.0358,0.03495,0.0354,14181315.0,2025-05-17 20:00
1747526400000,0.03541,0.03597,0.03519,0.03544,12974491.0,2025-05-18 00:00
1747540800000,0.03545,0.03752,0.03532,0.03746,24749404.0,2025-05-18 04:00
1747555200000,0.03746,0.03841,0.03701,0.03705,32000738.0,2025-05-18 08:00
1747569600000,0.03706,0.03862,0.03661,0.03809,67589067.0,2025-05-18 12:00
1747584000000,0.0381,0.03825,0.03538,0.03549,70262895.0,2025-05-18 16:00
1747598400000,0.03548,0.03658,0.034,0.03602,87264478.0,2025-05-18 20:00
1747612800000,0.03603,0.0365,0.03485,0.03508,94355417.0,2025-05-19 00:00
1747627200000,0.0351,0.03535,0.03378,0.03478,53140858.0,2025-05-19 04:00
1747641600000,0.03478,0.03484,0.03385,0.03399,33103983.0,2025-05-19 08:00
1747656000000,0.03399,0.03519,0.0334,0.035,39345652.0,2025-05-19 12:00
1747670400000,0.035,0.03631,0.03462,0.03532,31885230.0,2025-05-19 16:00
1747684800000,0.03532,0.03548,0.034,0.03474,34594068.0,2025-05-19 20:00
1747699200000,0.03475,0.03598,0.03403,0.03511,32970687.0,2025-05-20 00:00
1747713600000,0.03511,0.03554,0.03463,0.03492,27122034.0,2025-05-20 04:00
1747728000000,0.03491,0.03613,0.03429,0.03579,65750803.0,2025-05-20 08:00
1747742400000,0.03579,0.03582,0.03454,0.03522,43708188.0,2025-05-20 12:00
1747756800000,0.03522,0.03614,0.03447,0.03593,35341878.0,2025-05-20 16:00
1747771200000,0.03594,0.03794,0.0357,0.03681,82603698.0,2025-05-20 20:00
1747785600000,0.0368,0.03752,0.03612,0.03697,46294590.0,2025-05-21 00:00
1747800000000,0.03697,0.0378,0.03641,0.03659,58033226.0,2025-05-21 04:00
1747814400000,0.03659,0.03692,0.036,0.03672,25074897.0,2025-05-21 08:00
1747828800000,0.03673,0.0397,0.03634,0.03808,146891334.0,2025-05-21 12:00
1747843200000,0.03808,0.03909,0.03627,0.03796,149711888.0,2025-05-21 16:00
1747857600000,0.03794,0.03856,0.03695,0.0379,49001710.0,2025-05-21 20:00
1747872000000,0.03788,0.03867,0.03709,0.03858,75357841.0,2025-05-22 00:00
1747886400000,0.03861,0.03934,0.03787,0.03889,58216033.0,2025-05-22 04:00
1747900800000,0.03889,0.04152,0.03873,0.04056,129586519.0,2025-05-22 08:00
1747915200000,0.04056,0.0444,0.04037,0.04344,212219896.0,2025-05-22 12:00
1747929600000,0.04345,0.04499,0.04297,0.04364,129844611.0,2025-05-22 16:00
1747944000000,0.04365,0.04438,0.04311,0.04388,61560160.0,2025-05-22 20:00
1747958400000,0.04388,0.04692,0.04367,0.04625,105102957.0,2025-05-23 00:00
1747972800000,0.04625,0.04638,0.04431,0.04539,108898541.0,2025-05-23 04:00
1747987200000,0.04539,0.04754,0.04286,0.04358,283154484.0,2025-05-23 08:00
1748001600000,0.04361,0.04422,0.04125,0.04246,264224752.0,2025-05-23 12:00
1748016000000,0.04247,0.04341,0.04167,0.04178,59826735.0,2025-05-23 16:00
1748030400000,0.04179,0.04186,0.03892,0.03915,78367760.0,2025-05-23 20:00
1748044800000,0.03914,0.03966,0.03856,0.03929,47251606.0,2025-05-24 00:00
1748059200000,0.03931,0.0403,0.03917,0.03964,48530579.0,2025-05-24 04:00
1748073600000,0.03965,0.04146,0.03912,0.04071,76451228.0,2025-05-24 08:00
1748088000000,0.04071,0.04115,0.03922,0.0398,54388435.0,2025-05-24 12:00
1748102400000,0.0398,0.04,0.03874,0.03928,47636338.0,2025-05-24 16:00
1748116800000,0.03929,0.03953,0.03834,0.03868,38129044.0,2025-05-24 20:00
1748131200000,0.0387,0.03899,0.03711,0.03805,45530106.0,2025-05-25 00:00
1748145600000,0.03804,0.03899,0.03767,0.03785,30664393.0,2025-05-25 04:00
1748160000000,0.03786,0.03786,0.03661,0.03694,41940122.0,2025-05-25 08:00
1748174400000,0.03694,0.03761,0.036,0.03685,49371238.0,2025-05-25 12:00
1748188800000,0.03685,0.03931,0.0362,0.03885,47850586.0,2025-05-25 16:00
1748203200000,0.03886,0.04242,0.03855,0.04193,97972475.0,2025-05-25 20:00
1748217600000,0.04194,0.04308,0.04129,0.04146,86157486.0,2025-05-26 00:00
1748232000000,0.04147,0.04463,0.04121,0.04412,87515549.0,2025-05-26 04:00
1748246400000,0.04412,0.04441,0.04215,0.0425,122142301.0,2025-05-26 08:00
1748260800000,0.04249,0.04313,0.0415,0.04219,99934757.0,2025-05-26 12:00
1748275200000,0.0422,0.04252,0.03965,0.03996,109713911.0,2025-05-26 16:00
1748289600000,0.03995,0.04044,0.03949,0.03986,46972556.0,2025-05-26 20:00
1748304000000,0.03986,0.04046,0.03829,0.03995,49159488.0,2025-05-27 00:00
1748318400000,0.03998,0.04185,0.0399,0.04146,58945188.0,2025-05-27 04:00
1748332800000,0.04147,0.0424,0.04145,0.04199,47366876.0,2025-05-27 08:00
1748347200000,0.04198,0.04326,0.04123,0.0424,80565973.0,2025-05-27 12:00
1748361600000,0.0424,0.0434,0.04176,0.04249,48591906.0,2025-05-27 16:00
1748376000000,0.04249,0.04307,0.04189,0.04223,38207076.0,2025-05-27 20:00
1748390400000,0.04222,0.04336,0.04179,0.04233,35510273.0,2025-05-28 00:00
1748404800000,0.04233,0.04251,0.04136,0.04157,33397820.0,2025-05-28 04:00
1748419200000,0.04157,0.04236,0.04076,0.04233,34805178.0,2025-05-28 08:00
1748433600000,0.04234,0.04336,0.04053,0.04075,57084575.0,2025-05-28 12:00
1748448000000,0.04076,0.0422,0.0404,0.04067,40047091.0,2025-05-28 16:00
1748462400000,0.04066,0.04253,0.04053,0.04231,22394690.0,2025-05-28 20:00
1748476800000,0.04232,0.04383,0.04188,0.04286,41369144.0,2025-05-29 00:00
1748491200000,0.04286,0.04294,0.04126,0.04209,27666290.0,2025-05-29 04:00
1748505600000,0.0421,0.04326,0.0418,0.04228,31892514.0,2025-05-29 08:00
1748520000000,0.04226,0.04226,0.0402,0.04046,47633144.0,2025-05-29 12:00
1748534400000,0.04047,0.04104,0.03961,0.03981,41517961.0,2025-05-29 16:00
1748548800000,0.03981,0.04066,0.03951,0.03993,20919265.0,2025-05-29 20:00
1748563200000,0.03992,0.04028,0.03658,0.03783,76063380.0,2025-05-30 00:00
1748577600000,0.03783,0.03828,0.03678,0.03707,33985623.0,2025-05-30 04:00
1748592000000,0.03707,0.03804,0.03665,0.03784,54093945.0,2025-05-30 08:00
1748606400000,0.03782,0.03789,0.03694,0.03695,42109266.0,2025-05-30 12:00
1748620800000,0.03696,0.03718,0.03435,0.03603,82967294.0,2025-05-30 16:00
1748635200000,0.03601,0.03602,0.0325,0.03284,65084127.0,2025-05-30 20:00
1748649600000,0.03283,0.03294,0.031,0.03201,83526407.0,2025-05-31 00:00
1748664000000,0.03204,0.03421,0.0317,0.0338,49678963.0,2025-05-31 04:00
1748678400000,0.03381,0.03392,0.03238,0.03252,36600504.0,2025-05-31 08:00
1748692800000,0.03252,0.03438,0.03228,0.03377,54563563.0,2025-05-31 12:00
1748707200000,0.03377,0.03447,0.03342,0.03364,30906401.0,2025-05-31 16:00
1748721600000,0.03364,0.03421,0.03335,0.03351,27113360.0,2025-05-31 20:00
1748736000000,0.03351,0.03389,0.03297,0.03332,29856131.0,2025-06-01 00:00
1748750400000,0.03331,0.034,0.03315,0.0335,19731108.0,2025-06-01 04:00
1748764800000,0.03349,0.03355,0.03229,0.03297,27253324.0,2025-06-01 08:00
1748779200000,0.03297,0.03389,0.03238,0.03374,19563878.0,2025-06-01 12:00
1748793600000,0.03374,0.03436,0.03315,0.03401,29730417.0,2025-06-01 16:00
1748808000000,0.034,0.03461,0.03374,0.03423,21402429.0,2025-06-01 20:00
1748822400000,0.03422,0.03458,0.03321,0.0334,22704836.0,2025-06-02 00:00
1748836800000,0.0334,0.03432,0.03294,0.03389,22467918.0,2025-06-02 04:00
1748851200000,0.03388,0.03413,0.03259,0.03286,31913313.0,2025-06-02 08:00
1748865600000,0.03285,0.03411,0.03255,0.03363,30112339.0,2025-06-02 12:00
1748880000000,0.03364,0.03406,0.03292,0.03321,23518510.0,2025-06-02 16:00
1748894400000,0.03321,0.03511,0.0332,0.0349,29202225.0,2025-06-02 20:00
1748908800000,0.0349,0.03657,0.03468,0.03475,39256587.0,2025-06-03 00:00
1748923200000,0.03476,0.0352,0.03417,0.03467,23951034.0,2025-06-03 04:00
1748937600000,0.03468,0.03479,0.03393,0.0345,27327149.0,2025-06-03 08:00
1748952000000,0.03451,0.03589,0.03432,0.03529,45661121.0,2025-06-03 12:00
1748966400000,0.03531,0.03584,0.03478,0.03558,22331543.0,2025-06-03 16:00
1748980800000,0.03558,0.03561,0.03421,0.03462,21266793.0,2025-06-03 20:00
1748995200000,0.03462,0.03544,0.03432,0.03494,18957168.0,2025-06-04 00:00
1749009600000,0.03494,0.03512,0.03455,0.03482,15695756.0,2025-06-04 04:00
1749024000000,0.03481,0.03529,0.0339,0.03392,25997713.0,2025-06-04 08:00
1749038400000,0.03393,0.03507,0.03358,0.03484,44124134.0,2025-06-04 12:00
1749052800000,0.03486,0.03491,0.03373,0.03378,15823353.0,2025-06-04 16:00
1749067200000,0.03378,0.03388,0.03301,0.0333,23309707.0,2025-06-04 20:00
1749081600000,0.03332,0.03426,0.03317,0.0338,25248643.0,2025-06-05 00:00
1749096000000,0.0338,0.03413,0.03293,0.03352,34716259.0,2025-06-05 04:00
1749110400000,0.03353,0.03372,0.03263,0.03291,27448440.0,2025-06-05 08:00
1749124800000,0.0329,0.03391,0.03241,0.03308,57943286.0,2025-06-05 12:00
1749139200000,0.03311,0.03321,0.03082,0.03115,73462142.0,2025-06-05 16:00
1749153600000,0.03114,0.03142,0.02993,0.0305,70889174.0,2025-06-05 20:00
1749168000000,0.03051,0.03117,0.03041,0.03117,22933461.0,2025-06-06 00:00
1749182400000,0.03116,0.03167,0.03096,0.03164,19869436.0,2025-06-06 04:00
1749196800000,0.03165,0.03235,0.03157,0.03195,38684724.0,2025-06-06 08:00
1749211200000,0.03195,0.03312,0.03195,0.03256,29385777.0,2025-06-06 12:00
1749225600000,0.03256,0.03261,0.03094,0.03113,23907076.0,2025-06-06 16:00
1749240000000,0.03113,0.0317,0.031,0.03126,16003537.0,2025-06-06 20:00
1749254400000,0.03126,0.03234,0.03121,0.03225,20244308.0,2025-06-07 00:00
1749268800000,0.03225,0.03291,0.03208,0.03272,16396985.0,2025-06-07 04:00
1749283200000,0.03273,0.03304,0.03235,0.03292,17989553.0,2025-06-07 08:00
1749297600000,0.03292,0.03333,0.03261,0.03273,15102266.0,2025-06-07 12:00
1749312000000,0.03274,0.03288,0.03229,0.03262,11981363.0,2025-06-07 16:00
1749326400000,0.03262,0.03311,0.03256,0.03286,10906327.0,2025-06-07 20:00
1749340800000,0.03287,0.03297,0.03251,0.03253,11689380.0,2025-06-08 00:00
1749355200000,0.03253,0.03279,0.03195,0.03202,13437708.0,2025-06-08 04:00
1749369600000,0.03202,0.03262,0.03176,0.03255,15371735.0,2025-06-08 08:00
1749384000000,0.03256,0.03287,0.03219,0.03244,11713800.0,2025-06-08 12:00
1749398400000,0.03245,0.03303,0.03243,0.03284,14782578.0,2025-06-08 16:00
1749412800000,0.03285,0.0332,0.03224,0.03239,13140026.0,2025-06-08 20:00
1749427200000,0.03239,0.03256,0.03202,0.03229,16026185.0,2025-06-09 00:00
1749441600000,0.03229,0.03244,0.03159,0.03202,19797240.0,2025-06-09 04:00
1749456000000,0.03203,0.03345,0.0318,0.03328,30699082.0,2025-06-09 08:00
1749470400000,0.03327,0.03341,0.03264,0.0331,22577887.0,2025-06-09 12:00
1749484800000,0.03312,0.03389,0.03312,0.03372,22087842.0,2025-06-09 16:00
1749499200000,0.03372,0.03506,0.03367,0.03477,30903088.0,2025-06-09 20:00
1749513600000,0.03478,0.03535,0.03387,0.03406,32802577.0,2025-06-10 00:00
1749528000000,0.03407,0.03434,0.0336,0.03411,20565055.0,2025-06-10 04:00
1749542400000,0.03412,0.03529,0.03361,0.03525,28369272.0,2025-06-10 08:00
1749556800000,0.03524,0.03689,0.0348,0.03559,86942782.0,2025-06-10 12:00
1749571200000,0.03559,0.03645,0.03506,0.03606,33442410.0,2025-06-10 16:00
1749585600000,0.03606,0.03661,0.03542,0.03655,26782123.0,2025-06-10 20:00
1749600000000,0.03656,0.03661,0.03547,0.03598,16964025.0,2025-06-11 00:00
1749614400000,0.03599,0.03616,0.03557,0.03582,18727784.0,2025-06-11 04:00
1749628800000,0.03581,0.036,0.03466,0.035,30886999.0,2025-06-11 08:00
1749643200000,0.03502,0.03657,0.03481,0.03631,42109491.0,2025-06-11 12:00
1749657600000,0.0363,0.03642,0.03481,0.03499,25013811.0,2025-06-11 16:00
1749672000000,0.03497,0.03536,0.0333,0.03384,35832923.0,2025-06-11 20:00
1749686400000,0.03385,0.03393,0.03289,0.03304,19361863.0,2025-06-12 00:00
1749700800000,0.03303,0.03323,0.03271,0.03278,18105418.0,2025-06-12 04:00
1749715200000,0.03278,0.03302,0.03203,0.03207,26210664.0,2025-06-12 08:00
1749729600000,0.03208,0.03399,0.03174,0.03275,86998374.0,2025-06-12 12:00
1749744000000,0.03276,0.0337,0.03176,0.03203,31099144.0,2025-06-12 16:00
1749758400000,0.03203,0.03229,0.03132,0.03139,31832122.0,2025-06-12 20:00
1749772800000,0.03139,0.03143,0.02853,0.02953,108934734.0,2025-06-13 00:00
1749787200000,0.02952,0.02954,0.02887,0.02928,28783533.0,2025-06-13 04:00
1749801600000,0.02928,0.02976,0.0284,0.0289,35114564.0,2025-06-13 08:00
1749816000000,0.02891,0.03009,0.02839,0.02962,41075298.0,2025-06-13 12:00
1749830400000,0.02962,0.03019,0.02925,0.02962,25353618.0,2025-06-13 16:00
1749844800000,0.02963,0.03024,0.02947,0.03007,13580706.0,2025-06-13 20:00
1749859200000,0.03008,0.03032,0.02972,0.03017,12512070.0,2025-06-14 00:00
1749873600000,0.03017,0.03039,0.02981,0.03009,12705428.0,2025-06-14 04:00
1749888000000,0.03008,0.03011,0.02961,0.02996,11592671.0,2025-06-14 08:00
1749902400000,0.02995,0.03021,0.02933,0.02959,12885701.0,2025-06-14 12:00
1749916800000,0.02958,0.02967,0.02876,0.02906,19848981.0,2025-06-14 16:00
1749931200000,0.02906,0.02973,0.02885,0.02949,13287927.0,2025-06-14 20:00
1749945600000,0.0295,0.02998,0.02947,0.02976,8676180.0,2025-06-15 00:00
1749960000000,0.02975,0.03004,0.02936,0.0296,11470643.0,2025-06-15 04:00
1749974400000,0.0296,0.02977,0.02927,0.02965,10512734.0,2025-06-15 08:00
1749988800000,0.02965,0.03009,0.02906,0.02966,21481387.0,2025-06-15 12:00
1750003200000,0.02967,0.02975,0.02934,0.0295,13893512.0,2025-06-15 16:00
1750017600000,0.02951,0.02984,0.02892,0.02975,26373265.0,2025-06-15 20:00
1750032000000,0.02975,0.03042,0.0293,0.03001,19415737.0,2025-06-16 00:00
1750046400000,0.03001,0.03088,0.02995,0.03078,22135407.0,2025-06-16 04:00
1750060800000,0.03079,0.0316,0.0305,0.03083,41323607.0,2025-06-16 08:00
1750075200000,0.03083,0.0313,0.02949,0.03082,126255388.0,2025-06-16 12:00
1750089600000,0.03083,0.03111,0.0307,0.03092,18142080.0,2025-06-16 16:00
1750104000000,0.03095,0.03123,0.02958,0.0297,46727096.0,2025-06-16 20:00
1750118400000,0.0297,0.03019,0.02894,0.02996,36650328.0,2025-06-17 00:00
1750132800000,0.02997,0.02999,0.0287,0.02875,25562079.0,2025-06-17 04:00
1750147200000,0.02875,0.02881,0.02823,0.0284,28550275.0,2025-06-17 08:00
1750161600000,0.0284,0.02861,0.02754,0.02778,40396534.0,2025-06-17 12:00
1750176000000,0.02777,0.02838,0.02694,0.02807,48814444.0,2025-06-17 16:00
1750190400000,0.02807,0.02817,0.02669,0.02698,45172881.0,2025-06-17 20:00
1750204800000,0.02698,0.02748,0.0269,0.02723,17204767.0,2025-06-18 00:00
1750219200000,0.02723,0.02798,0.02718,0.02756,26809040.0,2025-06-18 04:00
1750233600000,0.02756,0.02773,0.02603,0.02652,38858924.0,2025-06-18 08:00
1750248000000,0.02653,0.02677,0.02557,0.02638,47146773.0,2025-06-18 12:00
1750262400000,0.02637,0.02666,0.02593,0.02625,43968543.0,2025-06-18 16:00
1750276800000,0.02626,0.02735,0.02614,0.02724,26634543.0,2025-06-18 20:00
1750291200000,0.02723,0.02775,0.02704,0.02741,25176774.0,2025-06-19 00:00
1750305600000,0.02741,0.02761,0.02695,0.027,17023911.0,2025-06-19 04:00
1750320000000,0.027,0.02734,0.02689,0.02691,16826794.0,2025-06-19 08:00
1750334400000,0.02691,0.02709,0.02585,0.02594,46151707.0,2025-06-19 12:00
1750348800000,0.02593,0.02659,0.02581,0.02603,35697557.0,2025-06-19 16:00
1750363200000,0.02603,0.02648,0.0259,0.02621,23585495.0,2025-06-19 20:00
1750377600000,0.0262,0.02635,0.02586,0.02608,15122383.0,2025-06-20 00:00
1750392000000,0.02607,0.0268,0.02564,0.02668,29154060.0,2025-06-20 04:00
1750406400000,0.02669,0.02691,0.02648,0.02689,21090152.0,2025-06-20 08:00
1750420800000,0.0269,0.02712,0.02559,0.02597,51989381.0,2025-06-20 12:00
1750435200000,0.02597,0.026,0.02457,0.02553,67964844.0,2025-06-20 16:00
1750449600000,0.02552,0.02585,0.02501,0.02521,16617972.0,2025-06-20 20:00
1750464000000,0.02522,0.02572,0.02514,0.02556,13611857.0,2025-06-21 00:00
1750478400000,0.02555,0.0257,0.02542,0.02562,10792202.0,2025-06-21 04:00
1750492800000,0.02562,0.0257,0.02532,0.02547,14227623.0,2025-06-21 08:00
1750507200000,0.02548,0.02556,0.02453,0.02494,37008462.0,2025-06-21 12:00
1750521600000,0.02494,0.02516,0.02427,0.02429,38412301.0,2025-06-21 16:00
1750536000000,0.02428,0.0245,0.02322,0.02407,52344769.0,2025-06-21 20:00
1750550400000,0.02407,0.02451,0.02329,0.02345,43442402.0,2025-06-22 00:00
1750564800000,0.02347,0.02422,0.02335,0.02387,24625198.0,2025-06-22 04:00
1750579200000,0.02387,0.02392,0.02319,0.02342,28272944.0,2025-06-22 08:00
1750593600000,0.02343,0.02377,0.0223,0.02247,85169369.0,2025-06-22 12:00
1750608000000,0.02246,0.02314,0.02239,0.02273,41078286.0,2025-06-22 16:00
1750622400000,0.02275,0.02346,0.02205,0.02343,40079249.0,2025-06-22 20:00
1750636800000,0.02342,0.02409,0.02341,0.02401,23836268.0,2025-06-23 00:00
1750651200000,0.02402,0.02421,0.02346,0.02387,45251743.0,2025-06-23 04:00
1750665600000,0.02387,0.02398,0.0236,0.0238,21593043.0,2025-06-23 08:00
1750680000000,0.02381,0.02513,0.02368,0.02439,69533731.0,2025-06-23 12:00
1750694400000,0.0244,0.0251,0.02303,0.02501,96948644.0,2025-06-23 16:00
1750708800000,0.02501,0.02676,0.0249,0.0267,54891293.0,2025-06-23 20:00
1750723200000,0.02669,0.02708,0.02656,0.02674,36481667.0,2025-06-24 00:00
1750737600000,0.02673,0.02783,0.02661,0.02731,30889313.0,2025-06-24 04:00
1750752000000,0.02731,0.02751,0.02684,0.02709,30087513.0,2025-06-24 08:00
1750766400000,0.0271,0.02725,0.02666,0.027,25833688.0,2025-06-24 12:00
1750780800000,0.02701,0.0276,0.02606,0.02632,50599208.0,2025-06-24 16:00
1750795200000,0.02631,0.02683,0.02622,0.0268,22704781.0,2025-06-24 20:00
1750809600000,0.0268,0.02704,0.02655,0.02675,18899057.0,2025-06-25 00:00
1750824000000,0.02674,0.02684,0.02636,0.02655,14036879.0,2025-06-25 04:00
1750838400000,0.02656,0.0266,0.02593,0.02647,23990696.0,2025-06-25 08:00
1750852800000,0.02646,0.02701,0.02589,0.02597,38241423.0,2025-06-25 12:00
1750867200000,0.02598,0.02628,0.02561,0.02596,28004861.0,2025-06-25 16:00
1750881600000,0.02598,0.0263,0.02551,0.0257,17333581.0,2025-06-25 20:00
1750896000000,0.0257,0.02676,0.02553,0.02606,21962360.0,2025-06-26 00:00
1750910400000,0.02606,0.02663,0.02569,0.02617,23468174.0,2025-06-26 04:00
1750924800000,0.02616,0.02629,0.02557,0.02566,25881529.0,2025-06-26 08:00
1750939200000,0.02566,0.02574,0.02433,0.02481,55945890.0,2025-06-26 12:00
1750953600000,0.0248,0.02492,0.02446,0.02483,21228589.0,2025-06-26 16:00
1750968000000,0.02482,0.02543,0.02451,0.02461,26207877.0,2025-06-26 20:00
1750982400000,0.02462,0.02513,0.02425,0.02497,22151999.0,2025-06-27 00:00
1750996800000,0.02497,0.02539,0.0247,0.02475,19461009.0,2025-06-27 04:00
1751011200000,0.02476,0.02505,0.02458,0.02474,23012491.0,2025-06-27 08:00
1751025600000,0.02473,0.02506,0.02453,0.02502,29176674.0,2025-06-27 12:00
1751040000000,0.02502,0.02543,0.02436,0.02461,24794202.0,2025-06-27 16:00
1751054400000,0.02463,0.02516,0.02457,0.02505,11734479.0,2025-06-27 20:00
1751068800000,0.02506,0.02512,0.02486,0.02494,7215653.0,2025-06-28 00:00
1751083200000,0.02494,0.02513,0.02479,0.02513,7708658.0,2025-06-28 04:00
1751097600000,0.02513,0.02516,0.02489,0.02503,17164495.0,2025-06-28 08:00
1751112000000,0.02503,0.02562,0.02487,0.02523,32202524.0,2025-06-28 12:00
1751126400000,0.02525,0.02596,0.0252,0.02564,27203992.0,2025-06-28 16:00
1751140800000,0.02565,0.02592,0.02547,0.02572,11708592.0,2025-06-28 20:00
1751155200000,0.02571,0.02583,0.02528,0.02533,11337290.0,2025-06-29 00:00
1751169600000,0.02532,0.02583,0.02529,0.02583,14157301.0,2025-06-29 04:00
1751184000000,0.02584,0.02628,0.02576,0.02586,25834708.0,2025-06-29 08:00
1751198400000,0.02586,0.02604,0.0253,0.02545,24855767.0,2025-06-29 12:00
1751212800000,0.02546,0.02592,0.02534,0.02588,16096256.0,2025-06-29 16:00
1751227200000,0.02587,0.02742,0.02565,0.02704,42368654.0,2025-06-29 20:00
1751241600000,0.02704,0.02714,0.02645,0.0265,20175989.0,2025-06-30 00:00
1751256000000,0.0265,0.02676,0.02617,0.02667,22283155.0,2025-06-30 04:00
1751270400000,0.02668,0.02669,0.026,0.02615,19118962.0,2025-06-30 08:00
1751284800000,0.02615,0.0264,0.02559,0.0261,34815604.0,2025-06-30 12:00
1751299200000,0.02611,0.02665,0.02588,0.02654,21553904.0,2025-06-30 16:00
1751313600000,0.02653,0.02685,0.02607,0.02617,25158329.0,2025-06-30 20:00
1751328000000,0.02618,0.02629,0.02551,0.0257,17455269.0,2025-07-01 00:00
1751342400000,0.0257,0.0257,0.02501,0.0255,18158420.0,2025-07-01 04:00
1751356800000,0.0255,0.02573,0.02492,0.02506,14579771.0,2025-07-01 08:00
1751371200000,0.02506,0.02555,0.02472,0.02498,24768059.0,2025-07-01 12:00
1751385600000,0.02499,0.02519,0.02446,0.02459,18731497.0,2025-07-01 16:00
1751400000000,0.02459,0.02495,0.02451,0.02473,16327613.0,2025-07-01 20:00
1751414400000,0.02472,0.02504,0.02445,0.02473,22519724.0,2025-07-02 00:00
1751428800000,0.02473,0.02558,0.02472,0.02551,20912956.0,2025-07-02 04:00
1751443200000,0.02549,0.02574,0.02531,0.02546,20235825.0,2025-07-02 08:00
1751457600000,0.02547,0.02637,0.02531,0.02636,24097806.0,2025-07-02 12:00
1751472000000,0.02636,0.02867,0.02634,0.02776,128505408.0,2025-07-02 16:00
1751486400000,0.02776,0.02837,0.02733,0.02752,53038101.0,2025-07-02 20:00
1751500800000,0.02752,0.02777,0.02732,0.02738,13384832.0,2025-07-03 00:00
1751515200000,0.02738,0.02829,0.02731,0.02808,28341166.0,2025-07-03 04:00
1751529600000,0.02809,0.02821,0.02752,0.02766,20808048.0,2025-07-03 08:00
1751544000000,0.02765,0.02806,0.02653,0.02671,48352065.0,2025-07-03 12:00
1751558400000,0.0267,0.02728,0.02647,0.02722,35218716.0,2025-07-03 16:00
1751572800000,0.02722,0.02739,0.02706,0.02716,13874777.0,2025-07-03 20:00
1751587200000,0.02715,0.02735,0.02659,0.02676,13265371.0,2025-07-04 00:00
1751601600000,0.02675,0.02693,0.02561,0.02572,29744395.0,2025-07-04 04:00
1751616000000,0.02571,0.02615,0.02552,0.02582,25383607.0,2025-07-04 08:00
1751630400000,0.02583,0.02594,0.02528,0.02531,34216349.0,2025-07-04 12:00
1751644800000,0.02531,0.02545,0.02491,0.02504,30638516.0,2025-07-04 16:00
1751659200000,0.02504,0.0256,0.02499,0.02546,18355996.0,2025-07-04 20:00
1751673600000,0.02545,0.02583,0.02539,0.0257,12725747.0,2025-07-05 00:00
1751688000000,0.0257,0.02595,0.02531,0.0256,17543863.0,2025-07-05 04:00
1751702400000,0.02561,0.02567,0.02526,0.02528,15189976.0,2025-07-05 08:00
1751716800000,0.02528,0.0253,0.02498,0.02509,15527395.0,2025-07-05 12:00
1751731200000,0.02508,0.02531,0.02454,0.0249,26391776.0,2025-07-05 16:00
1751745600000,0.02489,0.02535,0.02478,0.02526,10364466.0,2025-07-05 20:00
1751760000000,0.02526,0.02528,0.02495,0.02498,11367982.0,2025-07-06 00:00
1751774400000,0.02498,0.02536,0.02496,0.02511,11683993.0,2025-07-06 04:00
1751788800000,0.02512,0.02527,0.02487,0.02522,10583887.0,2025-07-06 08:00
1751803200000,0.02523,0.02607,0.02516,0.02592,26887480.0,2025-07-06 12:00
1751817600000,0.02592,0.02619,0.02567,0.02597,26754440.0,2025-07-06 16:00
1751832000000,0.02597,0.02651,0.02578,0.02592,20916942.0,2025-07-06 20:00
1751846400000,0.02592,0.02636,0.0258,0.02601,13110454.0,2025-07-07 00:00
1751860800000,0.02602,0.02643,0.02589,0.02638,23882567.0,2025-07-07 04:00
1751875200000,0.0264,0.02647,0.02567,0.02613,41780214.0,2025-07-07 08:00
1751889600000,0.02613,0.02638,0.02583,0.02608,35760846.0,2025-07-07 12:00
1751904000000,0.02609,0.02645,0.02551,0.02623,45104843.0,2025-07-07 16:00
1751918400000,0.02621,0.02622,0.02563,0.02597,22912925.0,2025-07-07 20:00
1751932800000,0.02599,0.02604,0.02532,0.02556,19735710.0,2025-07-08 00:00
1751947200000,0.02556,0.02592,0.02525,0.0259,22195137.0,2025-07-08 04:00
1751961600000,0.02592,0.02621,0.02544,0.02598,22114825.0,2025-07-08 08:00
1751976000000,0.02598,0.0262,0.02561,0.02581,22459763.0,2025-07-08 12:00
1751990400000,0.02582,0.02697,0.02569,0.02671,23883442.0,2025-07-08 16:00
1752004800000,0.02671,0.02685,0.02653,0.02673,15319505.0,2025-07-08 20:00
1752019200000,0.02674,0.02692,0.0264,0.02647,16945838.0,2025-07-09 00:00
1752033600000,0.02648,0.02716,0.02639,0.02709,17287314.0,2025-07-09 04:00
1752048000000,0.0271,0.02792,0.02701,0.0276,58882795.0,2025-07-09 08:00
1752062400000,0.02761,0.02792,0.02726,0.02751,30928746.0,2025-07-09 12:00
1752076800000,0.02751,0.02939,0.02744,0.02905,67007274.0,2025-07-09 16:00
1752091200000,0.02906,0.03083,0.02901,0.03005,324598963.0,2025-07-09 20:00
1752105600000,0.03005,0.03015,0.0294,0.0295,45404234.0,2025-07-10 00:00
1752120000000,0.0295,0.02977,0.0292,0.02956,36689574.0,2025-07-10 04:00
1752134400000,0.02954,0.02993,0.02929,0.02982,30551586.0,2025-07-10 08:00
1752148800000,0.02982,0.03025,0.02954,0.02962,34145659.0,2025-07-10 12:00
1752163200000,0.02962,0.0313,0.02955,0.031,87743327.0,2025-07-10 16:00
1752177600000,0.031,0.03306,0.03098,0.03274,67722211.0,2025-07-10 20:00
1752192000000,0.03274,0.03461,0.03195,0.03449,56608781.0,2025-07-11 00:00
1752206400000,0.03447,0.03637,0.03433,0.03502,75296072.0,2025-07-11 04:00
1752220800000,0.03505,0.03744,0.03455,0.03578,91432693.0,2025-07-11 08:00
1752235200000,0.03578,0.04089,0.03552,0.03581,272756983.0,2025-07-11 12:00
1752249600000,0.03582,0.03679,0.03534,0.03624,79153001.0,2025-07-11 16:00
1752264000000,0.03625,0.03626,0.03386,0.0352,62790947.0,2025-07-11 20:00
1752278400000,0.03521,0.0361,0.03497,0.03594,34610449.0,2025-07-12 00:00
1752292800000,0.03594,0.03595,0.03477,0.03502,29752973.0,2025-07-12 04:00
1752307200000,0.03503,0.03573,0.03463,0.03534,26206838.0,2025-07-12 08:00
1752321600000,0.03534,0.03547,0.03225,0.03266,82316672.0,2025-07-12 12:00
1752336000000,0.03266,0.03384,0.0325,0.03369,33909564.0,2025-07-12 16:00
1752350400000,0.03369,0.03425,0.03314,0.03409,21625950.0,2025-07-12 20:00
1752364800000,0.0341,0.03445,0.03375,0.03399,13972111.0,2025-07-13 00:00
1752379200000,0.034,0.03567,0.03347,0.03533,26988742.0,2025-07-13 04:00
1752393600000,0.03534,0.03579,0.03461,0.03514,26124356.0,2025-07-13 08:00
1752408000000,0.03514,0.03643,0.03497,0.03564,36975055.0,2025-07-13 12:00
1752422400000,0.03564,0.03655,0.03539,0.03614,26580235.0,2025-07-13 16:00
1752436800000,0.03615,0.03625,0.03443,0.03505,38160359.0,2025-07-13 20:00
1752451200000,0.03505,0.03637,0.03476,0.03599,24163615.0,2025-07-14 00:00
1752465600000,0.03601,0.03693,0.03527,0.03609,42270779.0,2025-07-14 04:00
1752480000000,0.0361,0.0363,0.03526,0.03559,35037207.0,2025-07-14 08:00
1752494400000,0.03558,0.0358,0.03376,0.03403,45114699.0,2025-07-14 12:00
1752508800000,0.03405,0.03469,0.03336,0.03357,33522637.0,2025-07-14 16:00
1752523200000,0.03356,0.03419,0.03311,0.03392,15757837.0,2025-07-14 20:00
1752537600000,0.03392,0.03451,0.03253,0.03294,33690985.0,2025-07-15 00:00
1752552000000,0.03293,0.03344,0.03248,0.03302,23788049.0,2025-07-15 04:00
1752566400000,0.03302,0.03342,0.03261,0.03321,21262070.0,2025-07-15 08:00
1752580800000,0.03322,0.03507,0.03295,0.03476,64606142.0,2025-07-15 12:00
1752595200000,0.03476,0.0366,0.03466,0.03517,64402801.0,2025-07-15 16:00
1752609600000,0.03518,0.0368,0.03506,0.03665,30880215.0,2025-07-15 20:00
1752624000000,0.03665,0.037,0.0351,0.03514,34952141.0,2025-07-16 00:00
1752638400000,0.03515,0.03664,0.03488,0.03647,30492192.0,2025-07-16 04:00
1752652800000,0.03646,0.03685,0.03591,0.03599,36682779.0,2025-07-16 08:00
1752667200000,0.036,0.03663,0.03548,0.03633,43916395.0,2025-07-16 12:00
1752681600000,0.03633,0.03808,0.03616,0.03716,59434564.0,2025-07-16 16:00
1752696000000,0.03714,0.0381,0.03597,0.03619,43846841.0,2025-07-16 20:00
1752710400000,0.0362,0.03697,0.0347,0.03532,43709396.0,2025-07-17 00:00
1752724800000,0.03532,0.03669,0.0351,0.03658,33060715.0,2025-07-17 04:00
1752739200000,0.0366,0.03765,0.03648,0.03684,47623750.0,2025-07-17 08:00
1752753600000,0.03683,0.03737,0.03617,0.03679,51471475.0,2025-07-17 12:00
1752768000000,0.03678,0.03699,0.03539,0.03552,47710558.0,2025-07-17 16:00
1752782400000,0.03551,0.03775,0.0349,0.03689,53766697.0,2025-07-17 20:00
1752796800000,0.03689,0.03808,0.03651,0.03797,39434570.0,2025-07-18 00:00
1752811200000,0.03796,0.03966,0.03796,0.03855,58675537.0,2025-07-18 04:00
1752825600000,0.03855,0.03899,0.03791,0.0383,46161964.0,2025-07-18 08:00
1752840000000,0.03829,0.0394,0.03622,0.03668,63421071.0,2025-07-18 12:00
1752854400000,0.03664,0.03747,0.03565,0.03627,43592415.0,2025-07-18 16:00
1752868800000,0.03627,0.03659,0.03503,0.03622,35007142.0,2025-07-18 20:00
1752883200000,0.03622,0.03697,0.03492,0.03696,25387200.0,2025-07-19 00:00
1752897600000,0.03697,0.0372,0.03612,0.03617,28711213.0,2025-07-19 04:00
1752912000000,0.03616,0.03635,0.03563,0.03578,17693758.0,2025-07-19 08:00
1752926400000,0.03578,0.03613,0.03517,0.0357,25261903.0,2025-07-19 12:00
1752940800000,0.03572,0.03738,0.03543,0.03702,23487089.0,2025-07-19 16:00
1752955200000,0.03703,0.03751,0.03635,0.03722,24390053.0,2025-07-19 20:00
1752969600000,0.03722,0.0376,0.03666,0.03725,20572227.0,2025-07-20 00:00
1752984000000,0.03725,0.0385,0.037,0.03801,35429749.0,2025-07-20 04:00
1752998400000,0.03801,0.03961,0.038,0.03938,50416299.0,2025-07-20 08:00
1753012800000,0.03938,0.04166,0.03907,0.04092,78873287.0,2025-07-20 12:00
1753027200000,0.04093,0.04216,0.04065,0.04111,91983403.0,2025-07-20 16:00
1753041600000,0.04113,0.04166,0.03954,0.04051,59243574.0,2025-07-20 20:00
1753056000000,0.04051,0.0419,0.03944,0.04164,53572522.0,2025-07-21 00:00
1753070400000,0.04163,0.04232,0.04106,0.04192,36243975.0,2025-07-21 04:00
1753084800000,0.04192,0.04219,0.04058,0.04108,41461442.0,2025-07-21 08:00
1753099200000,0.04107,0.04403,0.04076,0.04252,98110764.0,2025-07-21 12:00
1753113600000,0.04254,0.04264,0.0404,0.04065,57544863.0,2025-07-21 16:00
1753128000000,0.04065,0.0424,0.04041,0.04191,31801670.0,2025-07-21 20:00
1753142400000,0.04191,0.04252,0.04013,0.04111,45599302.0,2025-07-22 00:00
1753156800000,0.0411,0.04118,0.03909,0.03966,50641290.0,2025-07-22 04:00
1753171200000,0.03966,0.04045,0.03859,0.04014,46730480.0,2025-07-22 08:00
1753185600000,0.04013,0.04144,0.03975,0.04081,61737647.0,2025-07-22 12:00
1753200000000,0.04081,0.04178,0.03987,0.04033,41118849.0,2025-07-22 16:00
1753214400000,0.04031,0.04172,0.04019,0.04165,25595555.0,2025-07-22 20:00
1753228800000,0.04165,0.04167,0.04038,0.04065,30079503.0,2025-07-23 00:00
1753243200000,0.04065,0.04131,0.04,0.04035,29859470.0,2025-07-23 04:00
1753257600000,0.04035,0.04097,0.03937,0.03972,39400699.0,2025-07-23 08:00
1753272000000,0.03972,0.03986,0.03721,0.03855,76671663.0,2025-07-23 12:00
1753286400000,0.03853,0.03859,0.03663,0.03751,60863306.0,2025-07-23 16:00
1753300800000,0.03751,0.03776,0.0357,0.03722,52024643.0,2025-07-23 20:00
1753315200000,0.03723,0.03772,0.03693,0.03716,31831140.0,2025-07-24 00:00
1753329600000,0.03717,0.03737,0.03363,0.03511,68222126.0,2025-07-24 04:00
1753344000000,0.0351,0.03661,0.0349,0.03639,35874555.0,2025-07-24 08:00
1753358400000,0.03638,0.03749,0.03519,0.03638,62784568.0,2025-07-24 12:00
1753372800000,0.0364,0.03686,0.03533,0.03616,36044823.0,2025-07-24 16:00
1753387200000,0.03617,0.03662,0.03505,0.03524,24695749.0,2025-07-24 20:00
1753401600000,0.03524,0.03533,0.03378,0.03427,41224797.0,2025-07-25 00:00
1753416000000,0.03423,0.03496,0.03374,0.03453,29030272.0,2025-07-25 04:00
1753430400000,0.03455,0.03588,0.03445,0.03568,37231838.0,2025-07-25 08:00
1753444800000,0.03568,0.03598,0.0341,0.03474,39906349.0,2025-07-25 12:00
1753459200000,0.03473,0.03537,0.03441,0.03507,20981070.0,2025-07-25 16:00
1753473600000,0.03505,0.03658,0.03504,0.03649,21538236.0,2025-07-25 20:00
1753488000000,0.03647,0.0368,0.03602,0.03657,22460308.0,2025-07-26 00:00
1753502400000,0.03654,0.0367,0.0363,0.03641,13073675.0,2025-07-26 04:00
1753516800000,0.03641,0.0368,0.03622,0.03642,16611838.0,2025-07-26 08:00
1753531200000,0.03642,0.03658,0.03581,0.03631,15329439.0,2025-07-26 12:00
1753545600000,0.03632,0.03688,0.03607,0.0367,17012245.0,2025-07-26 16:00
1753560000000,0.03671,0.03673,0.03599,0.03603,14463031.0,2025-07-26 20:00
1753574400000,0.03604,0.03648,0.0358,0.03617,12756415.0,2025-07-27 00:00
1753588800000,0.03618,0.03706,0.03618,0.03649,18885890.0,2025-07-27 04:00
1753603200000,0.0365,0.03711,0.03603,0.03664,16454405.0,2025-07-27 08:00
1753617600000,0.03666,0.03753,0.03644,0.03694,25239663.0,2025-07-27 12:00
1753632000000,0.03694,0.0381,0.03694,0.03726,31541598.0,2025-07-27 16:00
1753646400000,0.03725,0.03804,0.03697,0.03784,18038521.0,2025-07-27 20:00
1753660800000,0.03784,0.03841,0.03722,0.03806,18388658.0,2025-07-28 00:00
1753675200000,0.03808,0.03855,0.03758,0.03794,19953211.0,2025-07-28 04:00
1753689600000,0.03793,0.03809,0.03693,0.03721,22830409.0,2025-07-28 08:00
1753704000000,0.03721,0.03754,0.03537,0.03573,38176110.0,2025-07-28 12:00
1753718400000,0.03572,0.03591,0.03452,0.03494,29012454.0,2025-07-28 16:00
1753732800000,0.03496,0.03504,0.03423,0.03468,20680969.0,2025-07-28 20:00
1753747200000,0.03469,0.03484,0.0334,0.0343,34784284.0,2025-07-29 00:00
1753761600000,0.03431,0.03629,0.03407,0.03605,29607177.0,2025-07-29 04:00
1753776000000,0.03607,0.03686,0.03491,0.03528,43785423.0,2025-07-29 08:00
1753790400000,0.03529,0.03584,0.03352,0.03365,44218438.0,2025-07-29 12:00
1753804800000,0.03366,0.03395,0.03299,0.03313,39668412.0,2025-07-29 16:00
1753819200000,0.03314,0.03378,0.03255,0.03359,22310372.0,2025-07-29 20:00
1753833600000,0.03361,0.03394,0.03306,0.03364,19019580.0,2025-07-30 00:00
1753848000000,0.03364,0.03396,0.03276,0.03327,19462474.0,2025-07-30 04:00
1753862400000,0.03327,0.03351,0.03187,0.03212,37710211.0,2025-07-30 08:00
1753876800000,0.03212,0.03309,0.03189,0.03279,30989900.0,2025-07-30 12:00
1753891200000,0.0328,0.0333,0.03121,0.03269,53595371.0,2025-07-30 16:00
1753905600000,0.03267,0.03313,0.03222,0.03302,19268885.0,2025-07-30 20:00
1753920000000,0.03303,0.03388,0.03285,0.03378,13268328.0,2025-07-31 00:00
1753934400000,0.0338,0.03412,0.03355,0.03387,17840382.0,2025-07-31 04:00
1753948800000,0.03388,0.03426,0.03337,0.03356,15014836.0,2025-07-31 08:00
1753963200000,0.03356,0.03357,0.03164,0.03202,34383396.0,2025-07-31 12:00
1753977600000,0.03203,0.03309,0.03144,0.03159,37477472.0,2025-07-31 16:00
1753992000000,0.0316,0.03164,0.02989,0.03018,40042710.0,2025-07-31 20:00
1754006400000,0.03017,0.03076,0.02927,0.03056,46525030.0,2025-08-01 00:00
1754020800000,0.03055,0.03056,0.02967,0.02993,22039212.0,2025-08-01 04:00
1754035200000,0.02992,0.02998,0.02916,0.02991,32247036.0,2025-08-01 08:00
1754049600000,0.02992,0.03077,0.02916,0.03061,42813804.0,2025-08-01 12:00
1754064000000,0.0306,0.03071,0.02956,0.03033,36021897.0,2025-08-01 16:00
1754078400000,0.03034,0.03048,0.02841,0.02937,45332251.0,2025-08-01 20:00
1754092800000,0.02938,0.02976,0.02928,0.02974,14811890.0,2025-08-02 00:00
1754107200000,0.02975,0.03015,0.02842,0.02921,46737105.0,2025-08-02 04:00
1754121600000,0.02922,0.0293,0.02808,0.02851,41492331.0,2025-08-02 08:00
1754136000000,0.02851,0.02876,0.02783,0.02793,33037398.0,2025-08-02 12:00
1754150400000,0.02796,0.02847,0.02734,0.02781,47796258.0,2025-08-02 16:00
1754164800000,0.02783,0.02836,0.02777,0.02812,28578034.0,2025-08-02 20:00
1754179200000,0.02813,0.02913,0.02767,0.02908,25416089.0,2025-08-03 00:00
1754193600000,0.02907,0.02926,0.02891,0.02923,12856458.0,2025-08-03 04:00
1754208000000,0.02924,0.02971,0.02906,0.02959,17947697.0,2025-08-03 08:00
1754222400000,0.02958,0.02977,0.02911,0.02946,25218486.0,2025-08-03 12:00
1754236800000,0.02945,0.02971,0.02925,0.02947,16092759.0,2025-08-03 16:00
1754251200000,0.02947,0.02976,0.02934,0.02954,18849635.0,2025-08-03 20:00
1754265600000,0.02954,0.0302,0.02943,0.02978,18064189.0,2025-08-04 00:00
1754280000000,0.02977,0.03016,0.02956,0.03002,13098737.0,2025-08-04 04:00
1754294400000,0.03002,0.03013,0.02957,0.02963,25548651.0,2025-08-04 08:00
1754308800000,0.02963,0.03066,0.02956,0.03029,29518448.0,2025-08-04 12:00
1754323200000,0.03028,0.031,0.03008,0.03022,23746218.0,2025-08-04 16:00
1754337600000,0.03022,0.03164,0.03012,0.03128,47651038.0,2025-08-04 20:00
1754352000000,0.03129,0.03203,0.03096,0.03106,111390983.0,2025-08-05 00:00
1754366400000,0.03105,0.0318,0.0301,0.03027,107458363.0,2025-08-05 04:00
1754380800000,0.03024,0.03215,0.03017,0.03183,80506873.0,2025-08-05 08:00
1754395200000,0.03183,0.03293,0.0297,0.0299,204690464.0,2025-08-05 12:00
1754409600000,0.0299,0.0333,0.02973,0.03148,225739067.0,2025-08-05 16:00
1754424000000,0.03147,0.03264,0.0296,0.03029,144403556.0,2025-08-05 20:00
1754438400000,0.0303,0.03059,0.02938,0.02962,54744897.0,2025-08-06 00:00
1754452800000,0.02963,0.03085,0.02899,0.03058,76959959.0,2025-08-06 04:00
1754467200000,0.03056,0.03073,0.02995,0.03012,53518247.0,2025-08-06 08:00
1754481600000,0.03013,0.03129,0.02972,0.03123,182784725.0,2025-08-06 12:00
1754496000000,0.03123,0.03165,0.03066,0.03078,105739205.0,2025-08-06 16:00
1754510400000,0.03079,0.03101,0.03033,0.03045,44587299.0,2025-08-06 20:00
1754524800000,0.03045,0.03088,0.03027,0.0303,40265938.0,2025-08-07 00:00
1754539200000,0.0303,0.03105,0.03014,0.03081,31733943.0,2025-08-07 04:00
1754553600000,0.03081,0.03186,0.03051,0.03177,52411069.0,2025-08-07 08:00
1754568000000,0.03176,0.03186,0.03102,0.03144,46545359.0,2025-08-07 12:00
1754582400000,0.03143,0.03189,0.03072,0.03157,81487517.0,2025-08-07 16:00
1754596800000,0.03158,0.03214,0.03144,0.0321,42219658.0,2025-08-07 20:00
1754611200000,0.0321,0.03254,0.03173,0.03208,44942240.0,2025-08-08 00:00
1754625600000,0.03209,0.03245,0.03139,0.03217,50662386.0,2025-08-08 04:00
1754640000000,0.03218,0.03249,0.03178,0.03212,39191810.0,2025-08-08 08:00
1754654400000,0.03212,0.03262,0.03135,0.03175,66129904.0,2025-08-08 12:00
1754668800000,0.03175,0.0335,0.03155,0.03326,104372951.0,2025-08-08 16:00
1754683200000,0.03327,0.03329,0.0327,0.03302,32763142.0,2025-08-08 20:00
1754697600000,0.03303,0.03331,0.03289,0.03314,26970745.0,2025-08-09 00:00
1754712000000,0.03315,0.03453,0.03308,0.0345,67315739.0,2025-08-09 04:00
1754726400000,0.0345,0.03486,0.03419,0.03469,36367189.0,2025-08-09 08:00
1754740800000,0.0347,0.03495,0.03373,0.03426,53207415.0,2025-08-09 12:00
1754755200000,0.03425,0.03472,0.03413,0.03448,27304285.0,2025-08-09 16:00
1754769600000,0.03448,0.03541,0.0342,0.03443,39933839.0,2025-08-09 20:00
1754784000000,0.03442,0.03495,0.0341,0.03486,20288786.0,2025-08-10 00:00
1754798400000,0.03486,0.03521,0.03318,0.0333,41826898.0,2025-08-10 04:00
1754812800000,0.0333,0.03356,0.03262,0.03288,46789533.0,2025-08-10 08:00
1754827200000,0.03288,0.0339,0.03246,0.03344,37616998.0,2025-08-10 12:00
1754841600000,0.03342,0.0341,0.03337,0.03398,27191759.0,2025-08-10 16:00
1754856000000,0.03399,0.034,0.0331,0.03371,36050762.0,2025-08-10 20:00
1754870400000,0.03369,0.03479,0.03328,0.03442,34612208.0,2025-08-11 00:00
1754884800000,0.03442,0.03471,0.03324,0.03333,31563740.0,2025-08-11 04:00
1754899200000,0.03333,0.03373,0.03159,0.03174,57453843.0,2025-08-11 08:00
1754913600000,0.03175,0.03256,0.03133,0.03246,58222094.0,2025-08-11 12:00
1754928000000,0.03247,0.03308,0.03154,0.03198,39886681.0,2025-08-11 16:00
1754942400000,0.03197,0.03199,0.03056,0.03096,38889396.0,2025-08-11 20:00
1754956800000,0.03097,0.0317,0.03089,0.03126,21900650.0,2025-08-12 00:00
1754971200000,0.03125,0.03158,0.0304,0.03124,32250134.0,2025-08-12 04:00
1754985600000,0.03124,0.03125,0.03013,0.03078,32421511.0,2025-08-12 08:00
1755000000000,0.03078,0.03312,0.0306,0.03292,62498780.0,2025-08-12 12:00
1755014400000,0.03292,0.03351,0.03274,0.03327,39853418.0,2025-08-12 16:00
1755028800000,0.03328,0.03376,0.03308,0.03326,25887880.0,2025-08-12 20:00
1755043200000,0.03325,0.03377,0.03275,0.03353,37483284.0,2025-08-13 00:00
1755057600000,0.03353,0.03389,0.03292,0.03376,22158426.0,2025-08-13 04:00
1755072000000,0.03375,0.03529,0.03371,0.03517,57045080.0,2025-08-13 08:00
1755086400000,0.03516,0.03556,0.03423,0.03514,70280671.0,2025-08-13 12:00
1755100800000,0.03515,0.03555,0.03462,0.03543,50961399.0,2025-08-13 16:00
1755115200000,0.03543,0.03618,0.03501,0.03586,37029756.0,2025-08-13 20:00
1755129600000,0.03587,0.03635,0.03507,0.03604,38149925.0,2025-08-14 00:00
1755144000000,0.03604,0.03619,0.03476,0.03499,39895444.0,2025-08-14 04:00
1755158400000,0.03503,0.03503,0.03396,0.03426,43064975.0,2025-08-14 08:00
1755172800000,0.03427,0.03454,0.03058,0.03214,108834239.0,2025-08-14 12:00
1755187200000,0.03213,0.03213,0.03108,0.03149,57293734.0,2025-08-14 16:00
1755201600000,0.03149,0.03172,0.0306,0.03151,38270112.0,2025-08-14 20:00
1755216000000,0.03152,0.03211,0.03117,0.03196,30123537.0,2025-08-15 00:00
1755230400000,0.03195,0.03242,0.03164,0.03211,30387606.0,2025-08-15 04:00
1755244800000,0.0321,0.03226,0.03141,0.03171,34184165.0,2025-08-15 08:00
1755259200000,0.0317,0.03216,0.02977,0.03006,61613767.0,2025-08-15 12:00
1755273600000,0.03004,0.03049,0.02961,0.02996,40895988.0,2025-08-15 16:00
1755288000000,0.02995,0.03111,0.02986,0.03071,25984999.0,2025-08-15 20:00
1755302400000,0.0307,0.03124,0.03062,0.03097,20273221.0,2025-08-16 00:00
1755316800000,0.03097,0.03133,0.03081,0.03125,25450424.0,2025-08-16 04:00
1755331200000,0.03124,0.03138,0.03071,0.03092,30750103.0,2025-08-16 08:00
1755345600000,0.03094,0.03219,0.03087,0.03207,31838182.0,2025-08-16 12:00
1755360000000,0.03206,0.03217,0.03168,0.0319,22855984.0,2025-08-16 16:00
1755374400000,0.03189,0.03239,0.03179,0.03205,23975585.0,2025-08-16 20:00
1755388800000,0.03204,0.03242,0.03166,0.03221,17333561.0,2025-08-17 00:00
1755403200000,0.03222,0.03266,0.03211,0.03245,26012939.0,2025-08-17 04:00
1755417600000,0.03246,0.03287,0.03237,0.03266,20088618.0,2025-08-17 08:00
1755432000000,0.03268,0.03301,0.03231,0.03298,21954085.0,2025-08-17 12:00
1755446400000,0.03298,0.03323,0.03188,0.03203,23467998.0,2025-08-17 16:00
1755460800000,0.03204,0.03248,0.03189,0.03195,11767584.0,2025-08-17 20:00
1755475200000,0.03196,0.03211,0.03025,0.03066,37059231.0,2025-08-18 00:00
1755489600000,0.03065,0.03113,0.03018,0.0304,27350527.0,2025-08-18 04:00
1755504000000,0.0304,0.03063,0.02978,0.03034,35527478.0,2025-08-18 08:00
1755518400000,0.03033,0.03105,0.03018,0.03074,37175467.0,2025-08-18 12:00
1755532800000,0.03073,0.03124,0.03031,0.0308,21564725.0,2025-08-18 16:00
1755547200000,0.03081,0.03127,0.03047,0.03056,18148453.0,2025-08-18 20:00
1755561600000,0.03058,0.03121,0.02965,0.02983,35549869.0,2025-08-19 00:00
1755576000000,0.02982,0.03022,0.02952,0.02996,26653768.0,2025-08-19 04:00
1755590400000,0.02997,0.03136,0.0298,0.03136,31926654.0,2025-08-19 08:00
1755604800000,0.03135,0.03151,0.03012,0.03049,48231755.0,2025-08-19 12:00
1755619200000,0.03049,0.0305,0.02932,0.02983,34994673.0,2025-08-19 16:00
1755633600000,0.02981,0.03022,0.02943,0.0295,21485028.0,2025-08-19 20:00
1755648000000,0.0295,0.03037,0.02941,0.03001,27574812.0,2025-08-20 00:00
1755662400000,0.03002,0.03064,0.03,0.03035,19049324.0,2025-08-20 04:00
1755676800000,0.03036,0.03087,0.02984,0.03036,26767114.0,2025-08-20 08:00
1755691200000,0.03036,0.03113,0.02943,0.03061,46359845.0,2025-08-20 12:00
1755705600000,0.03062,0.03132,0.03045,0.0313,25227627.0,2025-08-20 16:00
1755720000000,0.03132,0.03151,0.03115,0.0312,21502570.0,2025-08-20 20:00
1755734400000,0.03119,0.03156,0.03078,0.03104,25136822.0,2025-08-21 00:00
1755748800000,0.03104,0.03117,0.03052,0.03081,21795805.0,2025-08-21 04:00
1755763200000,0.0308,0.03082,0.03012,0.03031,29116386.0,2025-08-21 08:00
1755777600000,0.0303,0.03057,0.02959,0.02965,39514817.0,2025-08-21 12:00
1755792000000,0.02963,0.03007,0.02954,0.02963,24564684.0,2025-08-21 16:00
1755806400000,0.02964,0.03006,0.02916,0.02958,30483058.0,2025-08-21 20:00
1755820800000,0.02957,0.03022,0.0293,0.02954,20949507.0,2025-08-22 00:00
1755835200000,0.02953,0.02994,0.02933,0.02983,32586498.0,2025-08-22 04:00
1755849600000,0.02983,0.03009,0.02895,0.02897,36212165.0,2025-08-22 08:00
1755864000000,0.02897,0.03166,0.02826,0.03131,107810031.0,2025-08-22 12:00
1755878400000,0.03131,0.03275,0.03131,0.03258,57305090.0,2025-08-22 16:00
1755892800000,0.0326,0.033,0.03245,0.03273,32244442.0,2025-08-22 20:00
1755907200000,0.03273,0.03295,0.03158,0.03183,31502256.0,2025-08-23 00:00
1755921600000,0.03184,0.03284,0.03183,0.03224,26130864.0,2025-08-23 04:00
1755936000000,0.03226,0.03249,0.03183,0.03194,23899948.0,2025-08-23 08:00
1755950400000,0.03195,0.0322,0.03166,0.03202,30211928.0,2025-08-23 12:00
1755964800000,0.03202,0.03266,0.03185,0.03264,18896724.0,2025-08-23 16:00
1755979200000,0.03264,0.03274,0.03205,0.03216,28186975.0,2025-08-23 20:00
1755993600000,0.03215,0.03227,0.03157,0.03177,18489910.0,2025-08-24 00:00
1756008000000,0.03177,0.03185,0.03079,0.03081,30551158.0,2025-08-24 04:00
1756022400000,0.03082,0.03103,0.03018,0.03042,27806223.0,2025-08-24 08:00
1756036800000,0.03042,0.03112,0.03032,0.03084,29128726.0,2025-08-24 12:00
1756051200000,0.03084,0.03276,0.03032,0.03142,80238801.0,2025-08-24 16:00
1756065600000,0.03143,0.0315,0.03038,0.03079,48127582.0,2025-08-24 20:00
1756080000000,0.0308,0.03129,0.02996,0.0309,34064059.0,2025-08-25 00:00
1756094400000,0.03091,0.03102,0.02917,0.02929,50253679.0,2025-08-25 04:00
1756108800000,0.02929,0.02959,0.02875,0.0293,36896808.0,2025-08-25 08:00
1756123200000,0.02931,0.02967,0.02887,0.02906,41484719.0,2025-08-25 12:00
1756137600000,0.02907,0.02935,0.02822,0.02827,40884373.0,2025-08-25 16:00
1756152000000,0.02828,0.02841,0.02735,0.0278,68238584.0,2025-08-25 20:00
1756166400000,0.0278,0.02846,0.02757,0.02805,33056495.0,2025-08-26 00:00
1756180800000,0.02805,0.02881,0.02803,0.02863,27198004.0,2025-08-26 04:00
1756195200000,0.02863,0.02872,0.02821,0.02833,21287624.0,2025-08-26 08:00
1756209600000,0.02834,0.02913,0.02808,0.02857,54609815.0,2025-08-26 12:00
1756224000000,0.02857,0.02954,0.02852,0.02948,31743621.0,2025-08-26 16:00
1756238400000,0.02949,0.02958,0.02915,0.02925,19339680.0,2025-08-26 20:00
1756252800000,0.02924,0.02969,0.02895,0.02948,21967730.0,2025-08-27 00:00
1756267200000,0.02949,0.02978,0.02886,0.02891,26677806.0,2025-08-27 04:00
1756281600000,0.02892,0.02921,0.02874,0.02907,17903878.0,2025-08-27 08:00
1756296000000,0.02907,0.02949,0.02872,0.02941,30591015.0,2025-08-27 12:00
1756310400000,0.02941,0.02975,0.029,0.02909,27462227.0,2025-08-27 16:00
1756324800000,0.0291,0.02964,0.02871,0.02894,51840558.0,2025-08-27 20:00
1756339200000,0.02895,0.02941,0.02857,0.0294,23433673.0,2025-08-28 00:00
1756353600000,0.0294,0.02972,0.02925,0.02956,20290984.0,2025-08-28 04:00
1756368000000,0.02955,0.02983,0.02912,0.02938,21732065.0,2025-08-28 08:00
1756382400000,0.02939,0.02997,0.02932,0.02939,44730783.0,2025-08-28 12:00
1756396800000,0.02939,0.02956,0.02872,0.02873,32509319.0,2025-08-28 16:00
1756411200000,0.02872,0.02973,0.02866,0.02969,23560180.0,2025-08-28 20:00
1756425600000,0.02968,0.02979,0.029,0.02926,22369715.0,2025-08-29 00:00
1756440000000,0.02927,0.02945,0.02795,0.0281,35364458.0,2025-08-29 04:00
1756454400000,0.0281,0.02819,0.02731,0.02786,84394267.0,2025-08-29 08:00
1756468800000,0.02787,0.02878,0.02733,0.02746,82792257.0,2025-08-29 12:00
1756483200000,0.02746,0.02749,0.02662,0.02713,52886583.0,2025-08-29 16:00
1756497600000,0.02712,0.0277,0.02682,0.02755,26113735.0,2025-08-29 20:00
1756512000000,0.02756,0.02813,0.02702,0.02794,19539956.0,2025-08-30 00:00
1756526400000,0.02795,0.02829,0.02783,0.02828,15389788.0,2025-08-30 04:00
1756540800000,0.02828,0.02829,0.02782,0.02815,20085357.0,2025-08-30 08:00
1756555200000,0.02815,0.02824,0.02758,0.02819,18686911.0,2025-08-30 12:00
1756569600000,0.02818,0.02818,0.02769,0.02792,12284636.0,2025-08-30 16:00
1756584000000,0.02791,0.02811,0.02769,0.02808,11353836.0,2025-08-30 20:00
1756598400000,0.02809,0.02882,0.02805,0.0287,21011998.0,2025-08-31 00:00
1756612800000,0.02871,0.02871,0.0281,0.02815,15355531.0,2025-08-31 04:00
1756627200000,0.02817,0.02853,0.02781,0.02813,16268588.0,2025-08-31 08:00
1756641600000,0.02813,0.02831,0.02777,0.02814,18207737.0,2025-08-31 12:00
1756656000000,0.02815,0.02832,0.02792,0.02811,13997355.0,2025-08-31 16:00
1756670400000,0.02812,0.02825,0.02736,0.02737,19212477.0,2025-08-31 20:00
1756684800000,0.02738,0.02749,0.02661,0.02694,31639554.0,2025-09-01 00:00
1756699200000,0.02691,0.02776,0.02652,0.02775,27924163.0,2025-09-01 04:00
1756713600000,0.02776,0.02812,0.0271,0.02715,27419759.0,2025-09-01 08:00
1756728000000,0.02716,0.0274,0.02657,0.02667,26690844.0,2025-09-01 12:00
1756742400000,0.02666,0.02676,0.02636,0.02674,32828899.0,2025-09-01 16:00
1756756800000,0.02675,0.02675,0.02541,0.02616,50775787.0,2025-09-01 20:00
1756771200000,0.02617,0.02689,0.02599,0.02682,16471546.0,2025-09-02 00:00
1756785600000,0.02682,0.02712,0.0267,0.02676,13677737.0,2025-09-02 04:00
1756800000000,0.02676,0.02717,0.02674,0.02683,18186509.0,2025-09-02 08:00
1756814400000,0.02683,0.02747,0.02614,0.02645,37177960.0,2025-09-02 12:00
1756828800000,0.02646,0.02711,0.02646,0.02675,16227549.0,2025-09-02 16:00
1756843200000,0.02675,0.02736,0.02665,0.02717,11729927.0,2025-09-02 20:00
1756857600000,0.02717,0.02736,0.02693,0.02705,12659198.0,2025-09-03 00:00
1756872000000,0.02705,0.02708,0.02654,0.02676,15049105.0,2025-09-03 04:00
1756886400000,0.02675,0.02706,0.02663,0.02686,15999140.0,2025-09-03 08:00
1756900800000,0.02687,0.02729,0.02662,0.02719,21366724.0,2025-09-03 12:00
1756915200000,0.0272,0.02732,0.02695,0.02717,13396029.0,2025-09-03 16:00
1756929600000,0.02717,0.02722,0.02695,0.02704,9621044.0,2025-09-03 20:00
1756944000000,0.02704,0.02721,0.0261,0.02617,18777201.0,2025-09-04 00:00
1756958400000,0.02617,0.02629,0.02575,0.02602,19181900.0,2025-09-04 04:00
1756972800000,0.02602,0.02652,0.02596,0.02625,14375849.0,2025-09-04 08:00
1756987200000,0.02626,0.02656,0.02592,0.02601,20267936.0,2025-09-04 12:00
1757001600000,0.026,0.02606,0.02566,0.0258,14696371.0,2025-09-04 16:00
1757016000000,0.02581,0.02637,0.02577,0.02593,9374201.0,2025-09-04 20:00
1757030400000,0.02593,0.02648,0.02592,0.02645,19154897.0,2025-09-05 00:00
1757044800000,0.02644,0.02694,0.02632,0.02691,18156602.0,2025-09-05 04:00
1757059200000,0.02692,0.02722,0.02654,0.0271,25991726.0,2025-09-05 08:00
1757073600000,0.0271,0.02756,0.0263,0.02669,48412931.0,2025-09-05 12:00
1757088000000,0.02669,0.0269,0.02651,0.02687,14376633.0,2025-09-05 16:00
1757102400000,0.02688,0.02703,0.02666,0.02678,15927525.0,2025-09-05 20:00
1757116800000,0.02679,0.02693,0.0267,0.02683,11609185.0,2025-09-06 00:00
1757131200000,0.02683,0.02684,0.02649,0.02655,9024409.0,2025-09-06 04:00
1757145600000,0.02656,0.02668,0.02633,0.02654,8615092.0,2025-09-06 08:00
1757160000000,0.02655,0.02683,0.02643,0.02647,13088860.0,2025-09-06 12:00
1757174400000,0.02646,0.02667,0.02622,0.02628,12815789.0,2025-09-06 16:00
1757188800000,0.02628,0.0267,0.02624,0.0265,19903912.0,2025-09-06 20:00
1757203200000,0.02651,0.02699,0.02649,0.02697,9967109.0,2025-09-07 00:00
1757217600000,0.02697,0.02726,0.0269,0.02697,11938147.0,2025-09-07 04:00
1757232000000,0.02697,0.02713,0.0268,0.0271,9957199.0,2025-09-07 08:00
1757246400000,0.0271,0.02721,0.02691,0.027,12840748.0,2025-09-07 12:00
1757260800000,0.02699,0.02705,0.02651,0.0268,14283071.0,2025-09-07 16:00
1757275200000,0.0268,0.02712,0.02674,0.02695,11054531.0,2025-09-07 20:00
1757289600000,0.02695,0.02736,0.02675,0.0272,17278171.0,2025-09-08 00:00
1757304000000,0.02719,0.02734,0.02702,0.02714,18033766.0,2025-09-08 04:00
1757318400000,0.02714,0.02787,0.02713,0.02751,24557776.0,2025-09-08 08:00
1757332800000,0.02752,0.02819,0.02736,0.02796,28009545.0,2025-09-08 12:00
1757347200000,0.02796,0.02809,0.02767,0.02794,22496766.0,2025-09-08 16:00
1757361600000,0.02795,0.02826,0.02781,0.02806,14968830.0,2025-09-08 20:00
1757376000000,0.02806,0.02831,0.02765,0.02827,21090761.0,2025-09-09 00:00
1757390400000,0.02827,0.02949,0.02814,0.02911,36107891.0,2025-09-09 04:00
1757404800000,0.02911,0.02949,0.02894,0.02898,31636517.0,2025-09-09 08:00
1757419200000,0.02898,0.03162,0.02873,0.02908,303265525.0,2025-09-09 12:00
1757433600000,0.02909,0.02911,0.0282,0.02887,73967864.0,2025-09-09 16:00
1757448000000,0.02886,0.02926,0.02881,0.0292,35529027.0,2025-09-09 20:00
1757462400000,0.02921,0.02984,0.02893,0.02978,39761155.0,2025-09-10 00:00
1757476800000,0.02978,0.02979,0.02912,0.02924,40047343.0,2025-09-10 04:00
1757491200000,0.02923,0.02939,0.02886,0.02907,34353843.0,2025-09-10 08:00
1757505600000,0.02906,0.02976,0.02901,0.02947,41347272.0,2025-09-10 12:00
1757520000000,0.02949,0.02949,0.02856,0.02872,23997371.0,2025-09-10 16:00
1757534400000,0.02871,0.02939,0.0287,0.02932,12544486.0,2025-09-10 20:00
1757548800000,0.02932,0.02956,0.02922,0.02948,12459899.0,2025-09-11 00:00
1757563200000,0.02947,0.02981,0.02915,0.02965,22931114.0,2025-09-11 04:00
1757577600000,0.02965,0.02981,0.02901,0.02905,19143691.0,2025-09-11 08:00
1757592000000,0.02906,0.0295,0.02867,0.02907,47641616.0,2025-09-11 12:00
1757606400000,0.02908,0.02966,0.02904,0.02949,22574410.0,2025-09-11 16:00
1757620800000,0.02949,0.03009,0.02947,0.02998,20887933.0,2025-09-11 20:00
1757635200000,0.02999,0.03025,0.02958,0.02972,17591941.0,2025-09-12 00:00
1757649600000,0.02973,0.03036,0.02956,0.02993,25361529.0,2025-09-12 04:00
1757664000000,0.02993,0.02996,0.02927,0.02931,16426024.0,2025-09-12 08:00
1757678400000,0.02932,0.02985,0.02905,0.0295,25586659.0,2025-09-12 12:00
1757692800000,0.02952,0.03039,0.02945,0.03037,26130071.0,2025-09-12 16:00
1757707200000,0.03036,0.03052,0.0301,0.03042,21809455.0,2025-09-12 20:00
1757721600000,0.03042,0.03085,0.03035,0.03069,28782130.0,2025-09-13 00:00
1757736000000,0.03071,0.03077,0.03034,0.03067,18308747.0,2025-09-13 04:00
1757750400000,0.03067,0.0314,0.03065,0.03114,27387120.0,2025-09-13 08:00
1757764800000,0.03113,0.03123,0.03014,0.0305,34699915.0,2025-09-13 12:00
1757779200000,0.0305,0.03064,0.02975,0.0303,37881285.0,2025-09-13 16:00
1757793600000,0.03031,0.03069,0.03031,0.03063,13253579.0,2025-09-13 20:00
1757808000000,0.03063,0.03072,0.02966,0.02974,25347075.0,2025-09-14 00:00
1757822400000,0.02974,0.03014,0.02947,0.02982,14627417.0,2025-09-14 04:00
1757836800000,0.02983,0.03001,0.02911,0.02922,21236133.0,2025-09-14 08:00
1757851200000,0.02922,0.02941,0.02847,0.02873,37114830.0,2025-09-14 12:00
1757865600000,0.02873,0.0293,0.02864,0.0289,20980025.0,2025-09-14 16:00
1757880000000,0.0289,0.02937,0.02872,0.02884,16512664.0,2025-09-14 20:00
1757894400000,0.02883,0.02917,0.02842,0.02913,18201601.0,2025-09-15 00:00
1757908800000,0.02912,0.0294,0.02812,0.02822,33229495.0,2025-09-15 04:00
1757923200000,0.02821,0.02824,0.02751,0.02795,44613808.0,2025-09-15 08:00
1757937600000,0.02794,0.02814,0.02744,0.02771,30258930.0,2025-09-15 12:00
1757952000000,0.02771,0.02803,0.02733,0.02792,27235038.0,2025-09-15 16:00
1757966400000,0.02791,0.02824,0.02783,0.02816,12291145.0,2025-09-15 20:00
1757980800000,0.02817,0.02836,0.02779,0.02783,16857723.0,2025-09-16 00:00
1757995200000,0.02783,0.02836,0.0275,0.02828,16932773.0,2025-09-16 04:00
1758009600000,0.02828,0.03115,0.02803,0.02825,280095738.0,2025-09-16 08:00
1758024000000,0.02825,0.0287,0.0277,0.02847,81438372.0,2025-09-16 12:00
1758038400000,0.02846,0.02884,0.02816,0.02846,42629541.0,2025-09-16 16:00
1758052800000,0.02847,0.02876,0.02835,0.02842,22797315.0,2025-09-16 20:00
1758067200000,0.02842,0.02879,0.0282,0.02827,23800354.0,2025-09-17 00:00
1758081600000,0.02827,0.02845,0.02787,0.02831,26341529.0,2025-09-17 04:00
1758096000000,0.02831,0.02831,0.02777,0.02789,27867733.0,2025-09-17 08:00
1758110400000,0.0279,0.02803,0.02759,0.0278,22962488.0,2025-09-17 12:00
1758124800000,0.02779,0.02882,0.02736,0.02878,50890107.0,2025-09-17 16:00
1758139200000,0.02877,0.02955,0.02824,0.02929,26841785.0,2025-09-17 20:00
1758153600000,0.02929,0.02943,0.02886,0.02932,18949311.0,2025-09-18 00:00
1758168000000,0.02933,0.02939,0.02869,0.02884,24477676.0,2025-09-18 04:00
1758182400000,0.02884,0.02927,0.02874,0.02888,24265272.0,2025-09-18 08:00
1758196800000,0.02888,0.02975,0.02878,0.02961,37424335.0,2025-09-18 12:00
1758211200000,0.02962,0.02974,0.02915,0.02937,28508416.0,2025-09-18 16:00
1758225600000,0.02938,0.02964,0.02905,0.02933,23727570.0,2025-09-18 20:00
1758240000000,0.02933,0.02967,0.02859,0.02864,26453031.0,2025-09-19 00:00
1758254400000,0.02864,0.02879,0.02826,0.02846,24977151.0,2025-09-19 04:00
1758268800000,0.02844,0.02862,0.0278,0.02795,30830096.0,2025-09-19 08:00
1758283200000,0.02796,0.02824,0.0273,0.02757,37528347.0,2025-09-19 12:00
1758297600000,0.02757,0.02791,0.02725,0.02742,22575981.0,2025-09-19 16:00
1758312000000,0.02741,0.02765,0.02713,0.02732,13180094.0,2025-09-19 20:00
1758326400000,0.02731,0.02751,0.02704,0.02726,15217904.0,2025-09-20 00:00
1758340800000,0.02726,0.02765,0.02719,0.02759,16297302.0,2025-09-20 04:00
1758355200000,0.02759,0.02761,0.0271,0.02737,20657452.0,2025-09-20 08:00
1758369600000,0.02737,0.02794,0.02719,0.02768,22207599.0,2025-09-20 12:00
1758384000000,0.02767,0.02778,0.02731,0.02741,16621471.0,2025-09-20 16:00
1758398400000,0.0274,0.02767,0.02739,0.02752,10225776.0,2025-09-20 20:00
1758412800000,0.02752,0.02766,0.02727,0.02751,8745103.0,2025-09-21 00:00
1758427200000,0.02752,0.02817,0.0274,0.02795,18442319.0,2025-09-21 04:00
1758441600000,0.02797,0.02802,0.02704,0.02739,21705988.0,2025-09-21 08:00
1758456000000,0.02739,0.02768,0.02737,0.0275,15809510.0,2025-09-21 12:00
1758470400000,0.02751,0.0277,0.02716,0.02747,19679622.0,2025-09-21 16:00
1758484800000,0.02748,0.02748,0.02712,0.02713,9181407.0,2025-09-21 20:00
1758499200000,0.02712,0.02727,0.02535,0.02577,62161458.0,2025-09-22 00:00
1758513600000,0.02578,0.02593,0.02274,0.0243,87880440.0,2025-09-22 04:00
1758528000000,0.0243,0.02457,0.02389,0.02401,42017979.0,2025-09-22 08:00
1758542400000,0.02402,0.02432,0.02363,0.02369,28778026.0,2025-09-22 12:00
1758556800000,0.0237,0.0268,0.02363,0.02417,105597126.0,2025-09-22 16:00
1758571200000,0.02417,0.02491,0.02413,0.02483,24691255.0,2025-09-22 20:00
1758585600000,0.02483,0.02488,0.02391,0.02416,44578433.0,2025-09-23 00:00
1758600000000,0.02417,0.02477,0.02404,0.02466,28916178.0,2025-09-23 04:00
1758614400000,0.02466,0.02486,0.02445,0.02463,27439921.0,2025-09-23 08:00
1758628800000,0.02462,0.02488,0.02423,0.02465,41302079.0,2025-09-23 12:00
1758643200000,0.02466,0.02488,0.0239,0.02404,33832080.0,2025-09-23 16:00
1758657600000,0.02402,0.02422,0.02373,0.02394,25966648.0,2025-09-23 20:00
1758672000000,0.02395,0.02443,0.02358,0.02372,28278788.0,2025-09-24 00:00
1758686400000,0.0237,0.0244,0.0233,0.02435,30205985.0,2025-09-24 04:00
1758700800000,0.02436,0.0246,0.02424,0.02451,13805442.0,2025-09-24 08:00
1758715200000,0.02451,0.02482,0.02421,0.02442,31001797.0,2025-09-24 12:00
1758729600000,0.02443,0.02467,0.02432,0.02445,15952815.0,2025-09-24 16:00
1758744000000,0.02444,0.02458,0.02399,0.02438,22463950.0,2025-09-24 20:00
1758758400000,0.02438,0.02465,0.02392,0.02411,39884801.0,2025-09-25 00:00
1758772800000,0.0241,0.0242,0.02357,0.02363,37582079.0,2025-09-25 04:00
1758787200000,0.02364,0.02404,0.02342,0.02353,29128080.0,2025-09-25 08:00
1758801600000,0.02353,0.02392,0.02287,0.02348,49092904.0,2025-09-25 12:00
1758816000000,0.02348,0.02353,0.02205,0.02273,93260762.0,2025-09-25 16:00
1758830400000,0.02274,0.02286,0.0222,0.02253,44073223.0,2025-09-25 20:00
1758844800000,0.02253,0.02301,0.02247,0.02295,22695896.0,2025-09-26 00:00
1758859200000,0.02295,0.02311,0.02272,0.02303,19524870.0,2025-09-26 04:00
1758873600000,0.02303,0.02315,0.02251,0.02277,26244812.0,2025-09-26 08:00
1758888000000,0.02276,0.02324,0.02244,0.0231,40703775.0,2025-09-26 12:00
1758902400000,0.0231,0.02392,0.02309,0.02365,23075804.0,2025-09-26 16:00
1758916800000,0.02365,0.02395,0.02359,0.02386,13309696.0,2025-09-26 20:00
1758931200000,0.02387,0.02397,0.02369,0.02382,10735122.0,2025-09-27 00:00
1758945600000,0.02381,0.0241,0.02381,0.02391,14850403.0,2025-09-27 04:00
1758960000000,0.02391,0.02415,0.02348,0.02413,19743747.0,2025-09-27 08:00
1758974400000,0.02415,0.02485,0.02405,0.02458,35227557.0,2025-09-27 12:00
1758988800000,0.0246,0.02471,0.02402,0.0242,16668902.0,2025-09-27 16:00
1759003200000,0.02421,0.02435,0.024,0.02403,10815999.0,2025-09-27 20:00
1759017600000,0.02403,0.02404,0.02348,0.02364,17836061.0,2025-09-28 00:00
1759032000000,0.02365,0.02373,0.02331,0.0235,13448073.0,2025-09-28 04:00
1759046400000,0.0235,0.02364,0.02306,0.02322,16118135.0,2025-09-28 08:00
1759060800000,0.02322,0.02383,0.02304,0.02368,19672340.0,2025-09-28 12:00
1759075200000,0.02369,0.02417,0.02368,0.02408,15619399.0,2025-09-28 16:00
1759089600000,0.02408,0.02461,0.02399,0.02445,12547113.0,2025-09-28 20:00
1759104000000,0.02445,0.02459,0.02428,0.02442,12266101.0,2025-09-29 00:00
1759118400000,0.02441,0.02443,0.02393,0.02413,13164255.0,2025-09-29 04:00
1759132800000,0.02413,0.02467,0.02391,0.02456,40562380.0,2025-09-29 08:00
1759147200000,0.02456,0.02543,0.02394,0.02471,72090537.0,2025-09-29 12:00
1759161600000,0.02472,0.02513,0.02434,0.02487,37700186.0,2025-09-29 16:00
1759176000000,0.02487,0.0258,0.02473,0.02474,55604281.0,2025-09-29 20:00
1759190400000,0.02474,0.02475,0.02414,0.02442,21800324.0,2025-09-30 00:00
1759204800000,0.02443,0.0246,0.02405,0.02414,22364580.0,2025-09-30 04:00
1759219200000,0.02415,0.02426,0.02367,0.02393,26424964.0,2025-09-30 08:00
1759233600000,0.02392,0.02402,0.02309,0.02338,38834090.0,2025-09-30 12:00
1759248000000,0.02337,0.02429,0.02323,0.0242,30604235.0,2025-09-30 16:00
1759262400000,0.02423,0.0246,0.02397,0.02417,20104239.0,2025-09-30 20:00
1759276800000,0.02418,0.02445,0.02396,0.02399,13270039.0,2025-10-01 00:00
1759291200000,0.02399,0.0261,0.02397,0.02575,88739217.0,2025-10-01 04:00
1759305600000,0.02576,0.02671,0.02533,0.02625,110421772.0,2025-10-01 08:00
1759320000000,0.02624,0.02646,0.02577,0.02622,60261528.0,2025-10-01 12:00
1759334400000,0.02622,0.02696,0.02586,0.02665,65852472.0,2025-10-01 16:00
1759348800000,0.02666,0.02688,0.02568,0.02649,52184635.0,2025-10-01 20:00
1759363200000,0.02649,0.02721,0.02636,0.02706,23626080.0,2025-10-02 00:00
1759377600000,0.02707,0.02739,0.02686,0.02701,30217612.0,2025-10-02 04:00
1759392000000,0.027,0.02734,0.02658,0.02668,21938727.0,2025-10-02 08:00
1759406400000,0.02669,0.02745,0.02621,0.02681,48984075.0,2025-10-02 12:00
1759420800000,0.02681,0.02832,0.02662,0.02816,48177923.0,2025-10-02 16:00
1759435200000,0.02817,0.02936,0.02786,0.0289,89670320.0,2025-10-02 20:00
1759449600000,0.02892,0.02904,0.02774,0.02783,44879498.0,2025-10-03 00:00
1759464000000,0.02783,0.0287,0.02772,0.02803,37215075.0,2025-10-03 04:00
1759478400000,0.02803,0.02817,0.02758,0.02807,33499908.0,2025-10-03 08:00
1759492800000,0.02807,0.02881,0.02762,0.02878,64849811.0,2025-10-03 12:00
1759507200000,0.02877,0.02914,0.02781,0.02891,73001376.0,2025-10-03 16:00
1759521600000,0.02891,0.02897,0.02832,0.02835,31019818.0,2025-10-03 20:00
1759536000000,0.02836,0.02851,0.02766,0.0278,22989911.0,2025-10-04 00:00
1759550400000,0.02781,0.02827,0.02763,0.02782,20502684.0,2025-10-04 04:00
1759564800000,0.02781,0.02837,0.02713,0.02733,52002389.0,2025-10-04 08:00
1759579200000,0.02733,0.02786,0.02687,0.02713,29415725.0,2025-10-04 12:00
1759593600000,0.02713,0.02753,0.027,0.02751,21322292.0,2025-10-04 16:00
1759608000000,0.02752,0.02829,0.02749,0.02802,22918930.0,2025-10-04 20:00
1759622400000,0.02803,0.02868,0.02773,0.02824,24162054.0,2025-10-05 00:00
1759636800000,0.02824,0.02909,0.02821,0.029,30977530.0,2025-10-05 04:00
1759651200000,0.02899,0.02922,0.02774,0.02806,37109827.0,2025-10-05 08:00
1759665600000,0.02805,0.02829,0.02747,0.02774,29588538.0,2025-10-05 12:00
1759680000000,0.02774,0.02785,0.0266,0.02668,38933363.0,2025-10-05 16:00
1759694400000,0.02667,0.02694,0.02651,0.02672,17290245.0,2025-10-05 20:00
1759708800000,0.02673,0.02716,0.02644,0.02706,23234900.0,2025-10-06 00:00
1759723200000,0.02706,0.02762,0.02678,0.02724,22235013.0,2025-10-06 04:00
1759737600000,0.02725,0.02861,0.02724,0.02824,49502464.0,2025-10-06 08:00
1759752000000,0.02824,0.02938,0.02793,0.0287,80420523.0,2025-10-06 12:00
1759766400000,0.0287,0.02964,0.02842,0.02915,120036973.0,2025-10-06 16:00
1759780800000,0.02914,0.02927,0.02846,0.02853,36742296.0,2025-10-06 20:00
1759795200000,0.02855,0.02876,0.02809,0.02829,23666591.0,2025-10-07 00:00
1759809600000,0.02828,0.02866,0.02763,0.02781,33537331.0,2025-10-07 04:00
1759824000000,0.02782,0.02823,0.02734,0.02818,36736165.0,2025-10-07 08:00
1759838400000,0.02819,0.02849,0.02652,0.02684,77125417.0,2025-10-07 12:00
1759852800000,0.02682,0.02741,0.02655,0.02707,48042561.0,2025-10-07 16:00
1759867200000,0.02707,0.02757,0.02684,0.02696,32584959.0,2025-10-07 20:00
1759881600000,0.02696,0.0273,0.0263,0.02653,25613289.0,2025-10-08 00:00
1759896000000,0.02654,0.02686,0.0262,0.02667,37468855.0,2025-10-08 04:00
1759910400000,0.02669,0.02696,0.02645,0.02652,28709418.0,2025-10-08 08:00
1759924800000,0.02652,0.02712,0.0263,0.02667,44713716.0,2025-10-08 12:00
1759939200000,0.02668,0.02766,0.0266,0.02724,51215951.0,2025-10-08 16:00
1759953600000,0.02725,0.02746,0.027,0.02709,15884259.0,2025-10-08 20:00
1759968000000,0.02709,0.02716,0.02582,0.02633,33327205.0,2025-10-09 00:00
1759982400000,0.02633,0.02646,0.02556,0.02574,29299581.0,2025-10-09 04:00
1759996800000,0.02574,0.0258,0.02482,0.02564,50816020.0,2025-10-09 08:00
1760011200000,0.02564,0.02616,0.02497,0.02534,43677474.0,2025-10-09 12:00
1760025600000,0.02534,0.02623,0.02521,0.02604,36868259.0,2025-10-09 16:00
1760040000000,0.02605,0.0263,0.02585,0.02607,18073921.0,2025-10-09 20:00
1760054400000,0.02608,0.02666,0.02592,0.02636,17492353.0,2025-10-10 00:00
1760068800000,0.02636,0.02696,0.0261,0.02613,34332350.0,2025-10-10 04:00
1760083200000,0.02613,0.02687,0.02584,0.02677,35339763.0,2025-10-10 08:00
1760097600000,0.02677,0.02776,0.0249,0.02535,122039283.0,2025-10-10 12:00
1760112000000,0.02534,0.02566,0.02405,0.02454,81145839.0,2025-10-10 16:00
1760126400000,0.02455,0.02477,0.00638,0.0165,733082808.0,2025-10-10 20:00
1760140800000,0.0165,0.0173,0.01566,0.01615,181840188.0,2025-10-11 00:00
1760155200000,0.01615,0.01762,0.01605,0.01753,181564100.0,2025-10-11 04:00
1760169600000,0.01753,0.01921,0.01723,0.01874,213461030.0,2025-10-11 08:00
1760184000000,0.01874,0.01878,0.01784,0.0185,78297734.0,2025-10-11 12:00
1760198400000,0.0185,0.0187,0.01751,0.01781,74368133.0,2025-10-11 16:00
1760212800000,0.0178,0.01784,0.01681,0.01777,74567950.0,2025-10-11 20:00
1760227200000,0.01778,0.01859,0.0176,0.01846,61967425.0,2025-10-12 00:00
1760241600000,0.01847,0.01883,0.01833,0.01844,42156817.0,2025-10-12 04:00
1760256000000,0.01844,0.01966,0.01842,0.01882,100942270.0,2025-10-12 08:00
1760270400000,0.01881,0.01994,0.01855,0.0199,90012028.0,2025-10-12 12:00
1760284800000,0.0199,0.0203,0.01954,0.02009,66902494.0,2025-10-12 16:00
1760299200000,0.02009,0.02035,0.01942,0.01962,41788429.0,2025-10-12 20:00
1760313600000,0.01961,0.01988,0.01935,0.0195,41424418.0,2025-10-13 00:00
1760328000000,0.01951,0.02011,0.01938,0.01988,26257644.0,2025-10-13 04:00
1760342400000,0.01988,0.02127,0.01968,0.02025,87956421.0,2025-10-13 08:00
1760356800000,0.02024,0.02098,0.02003,0.0205,85031596.0,2025-10-13 12:00
1760371200000,0.02051,0.02095,0.02,0.02063,109320443.0,2025-10-13 16:00
1760385600000,0.02063,0.02091,0.02043,0.02054,28134144.0,2025-10-13 20:00
1760400000000,0.02054,0.02065,0.01979,0.01984,35774001.0,2025-10-14 00:00
1760414400000,0.01984,0.01993,0.01815,0.01853,80221891.0,2025-10-14 04:00
1760428800000,0.01854,0.01899,0.01826,0.01881,58508921.0,2025-10-14 08:00
1760443200000,0.0188,0.01954,0.01834,0.0195,74131698.0,2025-10-14 12:00
1760457600000,0.0195,0.01976,0.01884,0.01925,61421084.0,2025-10-14 16:00
1760472000000,0.01926,0.0197,0.01913,0.01955,25208621.0,2025-10-14 20:00
1760486400000,0.01955,0.01975,0.01927,0.01946,19350411.0,2025-10-15 00:00
1760500800000,0.01947,0.01985,0.01936,0.01984,24060006.0,2025-10-15 04:00
1760515200000,0.01983,0.02016,0.0192,0.01944,31213984.0,2025-10-15 08:00
1760529600000,0.01944,0.01955,0.01856,0.01874,52428538.0,2025-10-15 12:00
1760544000000,0.01875,0.01895,0.01846,0.01859,37147258.0,2025-10-15 16:00
1760558400000,0.01859,0.01875,0.0181,0.01841,29525976.0,2025-10-15 20:00
1760572800000,0.01841,0.0188,0.01834,0.01852,20998221.0,2025-10-16 00:00
1760587200000,0.01851,0.01907,0.0185,0.01882,20254342.0,2025-10-16 04:00
1760601600000,0.01882,0.01913,0.01797,0.01899,40226391.0,2025-10-16 08:00
1760616000000,0.019,0.01916,0.01777,0.01793,53382564.0,2025-10-16 12:00
1760630400000,0.01791,0.01838,0.01729,0.0175,83581396.0,2025-10-16 16:00
1760644800000,0.01751,0.01762,0.01714,0.01749,27805914.0,2025-10-16 20:00
1760659200000,0.01749,0.01775,0.01739,0.0177,19015153.0,2025-10-17 00:00
1760673600000,0.01771,0.01772,0.01598,0.01612,73468619.0,2025-10-17 04:00
1760688000000,0.01611,0.01722,0.01589,0.01697,99162180.0,2025-10-17 08:00
1760702400000,0.01696,0.01705,0.01642,0.01691,54631205.0,2025-10-17 12:00
1760716800000,0.01692,0.01716,0.01662,0.01683,44833913.0,2025-10-17 16:00
1760731200000,0.01684,0.01712,0.0167,0.01679,21391539.0,2025-10-17 20:00
1760745600000,0.01679,0.01719,0.01675,0.01709,14450669.0,2025-10-18 00:00
1760760000000,0.01708,0.01733,0.01682,0.01702,22996101.0,2025-10-18 04:00
1760774400000,0.01703,0.01728,0.01694,0.01714,26838305.0,2025-10-18 08:00
1760788800000,0.01714,0.0172,0.01658,0.01672,30270635.0,2025-10-18 12:00
1760803200000,0.01671,0.01702,0.01643,0.01693,26496947.0,2025-10-18 16:00
1760817600000,0.01691,0.01711,0.01683,0.01698,18174079.0,2025-10-18 20:00
1760832000000,0.01698,0.01704,0.01665,0.01701,14872811.0,2025-10-19 00:00
1760846400000,0.017,0.01703,0.01664,0.01678,14460547.0,2025-10-19 04:00
1760860800000,0.01678,0.01737,0.01647,0.01718,57254035.0,2025-10-19 08:00
1760875200000,0.01718,0.01768,0.01706,0.01757,39290727.0,2025-10-19 12:00
1760889600000,0.01758,0.01775,0.01737,0.01753,31734282.0,2025-10-19 16:00
1760904000000,0.01752,0.01785,0.01743,0.01762,23896539.0,2025-10-19 20:00
1760918400000,0.01762,0.01808,0.01723,0.01793,29770711.0,2025-10-20 00:00
1760932800000,0.01794,0.01837,0.01786,0.01819,45681621.0,2025-10-20 04:00
1760947200000,0.01819,0.01832,0.01792,0.01806,39513332.0,2025-10-20 08:00
1760961600000,0.01806,0.01823,0.01785,0.01785,23762317.0,2025-10-20 12:00
1760976000000,0.01784,0.01784,0.0173,0.01759,46992670.0,2025-10-20 16:00
1760990400000,0.01759,0.01776,0.01743,0.01746,16083024.0,2025-10-20 20:00
1761004800000,0.01747,0.01752,0.01705,0.01712,20136359.0,2025-10-21 00:00
1761019200000,0.01711,0.01713,0.01662,0.01682,37740817.0,2025-10-21 04:00
1761033600000,0.01682,0.01696,0.01641,0.01691,28600988.0,2025-10-21 08:00
1761048000000,0.01692,0.01809,0.01681,0.01797,53206755.0,2025-10-21 12:00
1761062400000,0.01797,0.01823,0.0173,0.01731,44955435.0,2025-10-21 16:00
1761076800000,0.01729,0.01734,0.01628,0.01635,48145096.0,2025-10-21 20:00
1761091200000,0.01635,0.01649,0.01607,0.01641,31308575.0,2025-10-22 00:00
1761105600000,0.0164,0.01664,0.01615,0.01643,40410770.0,2025-10-22 04:00
1761120000000,0.01643,0.0165,0.01593,0.01631,36547942.0,2025-10-22 08:00
1761134400000,0.0163,0.01668,0.01612,0.01647,50017914.0,2025-10-22 12:00
1761148800000,0.01647,0.01652,0.01601,0.01618,43661280.0,2025-10-22 16:00
1761163200000,0.01618,0.01622,0.0153,0.01583,48089864.0,2025-10-22 20:00
1761177600000,0.01584,0.01613,0.0158,0.01605,20540171.0,2025-10-23 00:00
1761192000000,0.01606,0.01631,0.01595,0.01624,23816980.0,2025-10-23 04:00
1761206400000,0.01624,0.0164,0.01598,0.01599,22006347.0,2025-10-23 08:00
1761220800000,0.016,0.01634,0.0158,0.01616,45313635.0,2025-10-23 12:00
1761235200000,0.01617,0.01658,0.01614,0.01617,40300606.0,2025-10-23 16:00
1761249600000,0.01617,0.01624,0.01585,0.01623,28003983.0,2025-10-23 20:00
1761264000000,0.01624,0.0163,0.0161,0.01617,17704936.0,2025-10-24 00:00
1761278400000,0.01617,0.01649,0.01611,0.01642,26069639.0,2025-10-24 04:00
1761292800000,0.01642,0.01651,0.01594,0.01611,25921984.0,2025-10-24 08:00
1761307200000,0.01611,0.01656,0.01586,0.01594,44825229.0,2025-10-24 12:00
1761321600000,0.01593,0.01622,0.0158,0.01611,30059004.0,2025-10-24 16:00
1761336000000,0.01611,0.01637,0.0161,0.01627,17981683.0,2025-10-24 20:00
1761350400000,0.01626,0.01629,0.01594,0.01594,15229633.0,2025-10-25 00:00
1761364800000,0.01594,0.01603,0.01574,0.01589,19900232.0,2025-10-25 04:00
1761379200000,0.0159,0.01603,0.01583,0.01596,24136285.0,2025-10-25 08:00
1761393600000,0.01596,0.01611,0.01594,0.01609,17421623.0,2025-10-25 12:00
1761408000000,0.01609,0.01664,0.01596,0.01632,49279303.0,2025-10-25 16:00
1761422400000,0.01632,0.0166,0.01627,0.01632,34966938.0,2025-10-25 20:00
1761436800000,0.01632,0.01639,0.01588,0.01593,25196529.0,2025-10-26 00:00
1761451200000,0.01592,0.01631,0.01591,0.01624,31438675.0,2025-10-26 04:00
1761465600000,0.01625,0.01649,0.01618,0.01644,38325157.0,2025-10-26 08:00
1761480000000,0.01645,0.01665,0.01633,0.01648,52298786.0,2025-10-26 12:00
1761494400000,0.01647,0.01661,0.01625,0.01643,31790447.0,2025-10-26 16:00
1761508800000,0.01643,0.01672,0.01615,0.01657,39168817.0,2025-10-26 20:00
1761523200000,0.01657,0.01677,0.01649,0.01665,33561273.0,2025-10-27 00:00
1761537600000,0.01665,0.0168,0.01638,0.01651,37552560.0,2025-10-27 04:00
1761552000000,0.0165,0.01654,0.01594,0.01615,41277539.0,2025-10-27 08:00
1761566400000,0.01616,0.01616,0.01569,0.01594,45920675.0,2025-10-27 12:00
1761580800000,0.01594,0.01643,0.01594,0.01606,32873319.0,2025-10-27 16:00
1761595200000,0.01606,0.0161,0.01574,0.01583,26423707.0,2025-10-27 20:00
1761609600000,0.01584,0.01598,0.01559,0.01572,32305693.0,2025-10-28 00:00
1761624000000,0.01571,0.01614,0.01563,0.01587,34571338.0,2025-10-28 04:00
1761638400000,0.01587,0.01624,0.01586,0.0161,24363715.0,2025-10-28 08:00
1761652800000,0.0161,0.0164,0.01572,0.016,54324922.0,2025-10-28 12:00
1761667200000,0.01599,0.01622,0.01551,0.01563,36422481.0,2025-10-28 16:00
1761681600000,0.01563,0.01563,0.01488,0.01526,79449570.0,2025-10-28 20:00
1761696000000,0.01526,0.01556,0.01525,0.01531,35047312.0,2025-10-29 00:00
1761710400000,0.0153,0.01554,0.01522,0.01546,19534104.0,2025-10-29 04:00
1761724800000,0.01545,0.0155,0.01526,0.01543,21285189.0,2025-10-29 08:00
1761739200000,0.01542,0.01553,0.01471,0.01485,63863535.0,2025-10-29 12:00
1761753600000,0.01484,0.01554,0.01446,0.01543,117354497.0,2025-10-29 16:00
1761768000000,0.01544,0.01582,0.01522,0.01527,41189148.0,2025-10-29 20:00
1761782400000,0.01527,0.0155,0.0151,0.01526,37328186.0,2025-10-30 00:00
1761796800000,0.01526,0.01528,0.01453,0.01515,53036329.0,2025-10-30 04:00
1761811200000,0.01516,0.01516,0.01455,0.01463,41176535.0,2025-10-30 08:00
1761825600000,0.01462,0.01465,0.01384,0.01389,99358440.0,2025-10-30 12:00
1761840000000,0.01388,0.01398,0.01343,0.01355,58182139.0,2025-10-30 16:00
1761854400000,0.01354,0.01395,0.01345,0.01393,36174796.0,2025-10-30 20:00
1761868800000,0.01392,0.01415,0.01391,0.01403,26946614.0,2025-10-31 00:00
1761883200000,0.01404,0.01421,0.01399,0.01404,17974635.0,2025-10-31 04:00
1761897600000,0.01404,0.01422,0.01393,0.01421,18657984.0,2025-10-31 08:00
1761912000000,0.0142,0.01444,0.01405,0.01428,36604799.0,2025-10-31 12:00
1761926400000,0.01428,0.01435,0.01381,0.01432,47502093.0,2025-10-31 16:00
1761940800000,0.01432,0.01435,0.01402,0.01407,13419499.0,2025-10-31 20:00
1761955200000,0.01408,0.01435,0.014,0.01433,17156056.0,2025-11-01 00:00
1761969600000,0.01434,0.01488,0.01421,0.01479,37259573.0,2025-11-01 04:00
1761984000000,0.0148,0.01487,0.01441,0.01468,46532042.0,2025-11-01 08:00
1761998400000,0.01469,0.01479,0.01442,0.01455,32499311.0,2025-11-01 12:00
1762012800000,0.01456,0.01479,0.0145,0.01473,27145939.0,2025-11-01 16:00
1762027200000,0.01474,0.01482,0.01453,0.01471,17160846.0,2025-11-01 20:00
1762041600000,0.01471,0.01472,0.01446,0.01451,13978355.0,2025-11-02 00:00
1762056000000,0.01451,0.01494,0.01446,0.01488,20905526.0,2025-11-02 04:00
1762070400000,0.01488,0.01493,0.0146,0.01486,27111793.0,2025-11-02 08:00
1762084800000,0.01485,0.01486,0.01414,0.01425,36530141.0,2025-11-02 12:00
1762099200000,0.01426,0.01455,0.01408,0.01434,31500896.0,2025-11-02 16:00
1762113600000,0.01434,0.01474,0.01428,0.01465,18687427.0,2025-11-02 20:00
1762128000000,0.01466,0.01468,0.01331,0.01334,48974588.0,2025-11-03 00:00
1762142400000,0.01333,0.01344,0.01274,0.01309,77040909.0,2025-11-03 04:00
1762156800000,0.01308,0.01331,0.01281,0.01294,44795568.0,2025-11-03 08:00
1762171200000,0.01293,0.01313,0.01139,0.01205,109279866.0,2025-11-03 12:00
1762185600000,0.01206,0.01266,0.01197,0.0122,75997910.0,2025-11-03 16:00
1762200000000,0.01221,0.01246,0.01197,0.01245,55587035.0,2025-11-03 20:00
1762214400000,0.01246,0.01283,0.01241,0.01277,33047953.0,2025-11-04 00:00
1762228800000,0.01277,0.01285,0.012,0.01208,88517119.0,2025-11-04 04:00
1762243200000,0.01209,0.01251,0.01206,0.01236,63470641.0,2025-11-04 08:00
1762257600000,0.01235,0.01264,0.01208,0.01234,77529035.0,2025-11-04 12:00
1762272000000,0.01235,0.01244,0.01134,0.01159,126392321.0,2025-11-04 16:00
1762286400000,0.01159,0.01201,0.01086,0.01185,149705118.0,2025-11-04 20:00
1762300800000,0.01186,0.01222,0.01111,0.01211,120942082.0,2025-11-05 00:00
1762315200000,0.0121,0.01216,0.01186,0.01201,32899739.0,2025-11-05 04:00
1762329600000,0.012,0.012,0.01165,0.01192,35470853.0,2025-11-05 08:00
1762344000000,0.01191,0.01224,0.01181,0.01222,51437726.0,2025-11-05 12:00
1762358400000,0.01222,0.01247,0.01207,0.01226,34936795.0,2025-11-05 16:00
1762372800000,0.01225,0.01241,0.01218,0.0123,35359979.0,2025-11-05 20:00
1762387200000,0.0123,0.01233,0.012,0.01225,23744011.0,2025-11-06 00:00
1762401600000,0.01225,0.01234,0.01196,0.01205,29326178.0,2025-11-06 04:00
1762416000000,0.01204,0.01222,0.01194,0.01204,32035972.0,2025-11-06 08:00
1762430400000,0.01204,0.01235,0.01172,0.01181,64896904.0,2025-11-06 12:00
1762444800000,0.0118,0.01225,0.01162,0.01212,55964308.0,2025-11-06 16:00
1762459200000,0.01212,0.01221,0.01189,0.01211,45880124.0,2025-11-06 20:00
1762473600000,0.01211,0.01253,0.0121,0.01248,48194547.0,2025-11-07 00:00
1762488000000,0.01248,0.01312,0.01236,0.01311,64464821.0,2025-11-07 04:00
1762502400000,0.01311,0.01322,0.01246,0.01265,58841984.0,2025-11-07 08:00
1762516800000,0.01265,0.01341,0.01227,0.0132,86357773.0,2025-11-07 12:00
1762531200000,0.0132,0.01536,0.01319,0.01472,301095119.0,2025-11-07 16:00
1762545600000,0.01471,0.01481,0.01419,0.01427,59605025.0,2025-11-07 20:00
1762560000000,0.01427,0.01455,0.01387,0.01404,60134366.0,2025-11-08 00:00
1762574400000,0.01404,0.01422,0.01349,0.0138,48061741.0,2025-11-08 04:00
1762588800000,0.01379,0.01413,0.01363,0.01408,55312806.0,2025-11-08 08:00
1762603200000,0.01406,0.01417,0.01354,0.01381,76050129.0,2025-11-08 12:00
1762617600000,0.0138,0.01404,0.01359,0.01401,55773197.0,2025-11-08 16:00
1762632000000,0.01402,0.01453,0.01398,0.01444,38434086.0,2025-11-08 20:00
1762646400000,0.01443,0.01455,0.01352,0.0138,57197693.0,2025-11-09 00:00
1762660800000,0.01381,0.01419,0.01373,0.01416,29467614.0,2025-11-09 04:00
1762675200000,0.01416,0.01445,0.01366,0.01401,61262629.0,2025-11-09 08:00
1762689600000,0.01401,0.01449,0.01394,0.0144,43823004.0,2025-11-09 12:00
1762704000000,0.0144,0.01461,0.01417,0.0146,55608872.0,2025-11-09 16:00
1762718400000,0.01461,0.01464,0.01419,0.01431,32410555.0,2025-11-09 20:00
1762732800000,0.01431,0.01462,0.01418,0.01443,31755006.0,2025-11-10 00:00
1762747200000,0.01442,0.01453,0.01426,0.01431,24737694.0,2025-11-10 04:00
1762761600000,0.01431,0.0145,0.01403,0.01424,49213459.0,2025-11-10 08:00
1762776000000,0.01423,0.01437,0.01379,0.01396,51469024.0,2025-11-10 12:00
1762790400000,0.01396,0.01433,0.01371,0.01413,48191358.0,2025-11-10 16:00
1762804800000,0.01412,0.01432,0.01385,0.0141,36998133.0,2025-11-10 20:00
1762819200000,0.01411,0.01435,0.01382,0.01419,34353504.0,2025-11-11 00:00
1762833600000,0.01418,0.01423,0.01354,0.01362,49439614.0,2025-11-11 04:00
1762848000000,0.01361,0.01401,0.01359,0.0139,34765656.0,2025-11-11 08:00
1762862400000,0.0139,0.01406,0.01355,0.01383,58465500.0,2025-11-11 12:00
1762876800000,0.01382,0.01403,0.01352,0.01355,52515863.0,2025-11-11 16:00
1762891200000,0.01355,0.01362,0.01325,0.01327,36744591.0,2025-11-11 20:00
1762905600000,0.01328,0.01357,0.01312,0.01353,40403820.0,2025-11-12 00:00
1762920000000,0.01354,0.01387,0.01352,0.01355,24393744.0,2025-11-12 04:00
1762934400000,0.01356,0.01406,0.01356,0.01384,58464872.0,2025-11-12 08:00
1762948800000,0.01383,0.01391,0.01322,0.0133,74606390.0,2025-11-12 12:00
1762963200000,0.01329,0.01333,0.01245,0.01275,85025233.0,2025-11-12 16:00
1762977600000,0.01274,0.01307,0.01271,0.01292,26340284.0,2025-11-12 20:00
1762992000000,0.01292,0.01335,0.01283,0.0132,29309542.0,2025-11-13 00:00
1763006400000,0.01321,0.01341,0.01299,0.01304,31815336.0,2025-11-13 04:00
1763020800000,0.01304,0.0132,0.01287,0.01293,20949614.0,2025-11-13 08:00
1763035200000,0.01293,0.01319,0.01275,0.01293,48146963.0,2025-11-13 12:00
1763049600000,0.01291,0.01294,0.01182,0.01187,90929938.0,2025-11-13 16:00
1763064000000,0.01186,0.01252,0.01183,0.01239,51613822.0,2025-11-13 20:00
1763078400000,0.01239,0.01247,0.01212,0.01222,37527794.0,2025-11-14 00:00
1763092800000,0.01221,0.01241,0.01153,0.01226,77242190.0,2025-11-14 04:00
1763107200000,0.01227,0.01228,0.01186,0.01195,32914001.0,2025-11-14 08:00
1763121600000,0.01194,0.01234,0.01169,0.0122,73657399.0,2025-11-14 12:00
1763136000000,0.01221,0.01234,0.01189,0.01215,37157220.0,2025-11-14 16:00
1763150400000,0.01216,0.01218,0.01146,0.01175,37828577.0,2025-11-14 20:00
1763164800000,0.01176,0.01216,0.01171,0.01213,24890013.0,2025-11-15 00:00
1763179200000,0.01214,0.01234,0.01208,0.01215,14077343.0,2025-11-15 04:00
1763193600000,0.01216,0.01219,0.01183,0.01193,22066411.0,2025-11-15 08:00
1763208000000,0.01193,0.01217,0.0119,0.01211,18680263.0,2025-11-15 12:00
1763222400000,0.0121,0.01229,0.012,0.01213,22893054.0,2025-11-15 16:00
1763236800000,0.01213,0.01216,0.01193,0.01204,15203280.0,2025-11-15 20:00
1763251200000,0.01205,0.01213,0.01177,0.01211,20710115.0,2025-11-16 00:00
1763265600000,0.0121,0.01218,0.01195,0.01213,12158762.0,2025-11-16 04:00
1763280000000,0.01214,0.01219,0.0118,0.01184,18579396.0,2025-11-16 08:00
1763294400000,0.01185,0.01194,0.0114,0.01147,24798336.0,2025-11-16 12:00
1763308800000,0.01149,0.01169,0.01123,0.01139,51091153.0,2025-11-16 16:00
1763323200000,0.01138,0.0118,0.01124,0.01167,40952320.0,2025-11-16 20:00
1763337600000,0.01166,0.01186,0.01148,0.01182,25876559.0,2025-11-17 00:00
1763352000000,0.01183,0.01193,0.01171,0.01188,22587240.0,2025-11-17 04:00
1763366400000,0.01189,0.01195,0.01179,0.01188,16259989.0,2025-11-17 08:00
1763380800000,0.0119,0.01214,0.0114,0.01162,53272763.0,2025-11-17 12:00
1763395200000,0.01162,0.01179,0.01114,0.01121,65865205.0,2025-11-17 16:00
1763409600000,0.01122,0.01145,0.01113,0.01143,30014857.0,2025-11-17 20:00
1763424000000,0.01144,0.01163,0.01117,0.01149,38368958.0,2025-11-18 00:00
1763438400000,0.0115,0.01162,0.01123,0.01136,31183031.0,2025-11-18 04:00
1763452800000,0.01135,0.01147,0.01117,0.01122,28771231.0,2025-11-18 08:00
1763467200000,0.01123,0.0115,0.01108,0.01142,53147757.0,2025-11-18 12:00
1763481600000,0.01142,0.01178,0.0114,0.01165,44158948.0,2025-11-18 16:00
1763496000000,0.01165,0.01169,0.01144,0.01162,22537475.0,2025-11-18 20:00
1763510400000,0.01161,0.01173,0.01142,0.01145,20775272.0,2025-11-19 00:00
1763524800000,0.01145,0.01149,0.01116,0.01147,27880509.0,2025-11-19 04:00
1763539200000,0.01148,0.0115,0.01132,0.0114,25552673.0,2025-11-19 08:00
1763553600000,0.01139,0.01171,0.01119,0.01122,51880341.0,2025-11-19 12:00
1763568000000,0.0112,0.01128,0.01061,0.01079,67602123.0,2025-11-19 16:00
1763582400000,0.01079,0.01145,0.01071,0.01143,45199540.0,2025-11-19 20:00
1763596800000,0.01143,0.01165,0.01143,0.01153,30089782.0,2025-11-20 00:00
1763611200000,0.01154,0.01178,0.01149,0.01172,25621774.0,2025-11-20 04:00
1763625600000,0.01173,0.01201,0.01167,0.01194,44374538.0,2025-11-20 08:00
1763640000000,0.01195,0.01273,0.01192,0.01215,244966046.0,2025-11-20 12:00
1763654400000,0.01217,0.01219,0.01084,0.01134,158175991.0,2025-11-20 16:00
1763668800000,0.01134,0.01191,0.01115,0.01154,59772041.0,2025-11-20 20:00
1763683200000,0.01154,0.012,0.01123,0.01162,57910455.0,2025-11-21 00:00
1763697600000,0.01162,0.01199,0.01052,0.01094,97159389.0,2025-11-21 04:00
1763712000000,0.01094,0.01106,0.01033,0.01041,80338569.0,2025-11-21 08:00
1763726400000,0.01041,0.01106,0.0103,0.0107,101900938.0,2025-11-21 12:00
1763740800000,0.0107,0.01123,0.01049,0.01086,113864022.0,2025-11-21 16:00
1763755200000,0.01086,0.01097,0.01037,0.01086,64910035.0,2025-11-21 20:00
1763769600000,0.01086,0.01095,0.01071,0.01074,40565500.0,2025-11-22 00:00
1763784000000,0.01073,0.01074,0.0103,0.01056,50301075.0,2025-11-22 04:00
1763798400000,0.01055,0.01056,0.01026,0.01043,47620385.0,2025-11-22 08:00
1763812800000,0.01042,0.01058,0.01022,0.01044,40024866.0,2025-11-22 12:00
1763827200000,0.01043,0.01059,0.0104,0.01055,35526983.0,2025-11-22 16:00
1763841600000,0.01054,0.01066,0.0104,0.01052,30505329.0,2025-11-22 20:00
1763856000000,0.01052,0.01065,0.01031,0.01055,39803942.0,2025-11-23 00:00
1763870400000,0.01057,0.01076,0.01052,0.01075,24548828.0,2025-11-23 04:00
1763884800000,0.01075,0.01082,0.01064,0.01074,25545006.0,2025-11-23 08:00
1763899200000,0.01074,0.01215,0.01069,0.01087,357924863.0,2025-11-23 12:00
1763913600000,0.01086,0.01091,0.01044,0.01071,95324491.0,2025-11-23 16:00
1763928000000,0.0107,0.01071,0.01048,0.01049,30610392.0,2025-11-23 20:00
1763942400000,0.01049,0.01073,0.01016,0.01061,70874066.0,2025-11-24 00:00
1763956800000,0.01062,0.01079,0.01047,0.01074,51937383.0,2025-11-24 04:00
1763971200000,0.01073,0.01078,0.0104,0.0105,52388427.0,2025-11-24 08:00
1763985600000,0.01049,0.01083,0.01034,0.01077,98112866.0,2025-11-24 12:00
1764000000000,0.01077,0.01118,0.01064,0.01104,67331693.0,2025-11-24 16:00
1764014400000,0.01103,0.01116,0.01089,0.01092,36731625.0,2025-11-24 20:00
1764028800000,0.01091,0.01097,0.01066,0.01075,28859265.0,2025-11-25 00:00
1764043200000,0.01074,0.01097,0.01071,0.01081,29686269.0,2025-11-25 04:00
1764057600000,0.01081,0.01089,0.01054,0.0106,54583658.0,2025-11-25 08:00
1764072000000,0.01059,0.01081,0.0104,0.01073,74098584.0,2025-11-25 12:00
1764086400000,0.01073,0.01087,0.01044,0.01061,54768366.0,2025-11-25 16:00
1764100800000,0.01063,0.01077,0.0105,0.01073,34865852.0,2025-11-25 20:00
1764115200000,0.01073,0.01075,0.0105,0.01052,22928641.0,2025-11-26 00:00
1764129600000,0.01052,0.01066,0.0105,0.01064,20331546.0,2025-11-26 04:00
1764144000000,0.01065,0.01067,0.0104,0.01048,34313675.0,2025-11-26 08:00
1764158400000,0.01048,0.01071,0.01018,0.01036,87991526.0,2025-11-26 12:00
1764172800000,0.01036,0.01099,0.01034,0.01091,131343840.0,2025-11-26 16:00
1764187200000,0.01091,0.01096,0.01083,0.01093,27928051.0,2025-11-26 20:00
1764201600000,0.01093,0.01111,0.01091,0.01099,29773576.0,2025-11-27 00:00
1764216000000,0.01099,0.0111,0.01089,0.01097,30630187.0,2025-11-27 04:00
1764230400000,0.01096,0.011,0.01086,0.01097,29524532.0,2025-11-27 08:00
1764244800000,0.01096,0.01098,0.01075,0.0109,49645438.0,2025-11-27 12:00
1764259200000,0.01091,0.01114,0.01087,0.01111,42831505.0,2025-11-27 16:00
1764273600000,0.0111,0.01117,0.01092,0.01096,28752338.0,2025-11-27 20:00
1764288000000,0.01096,0.01102,0.01073,0.01082,25869267.0,2025-11-28 00:00
1764302400000,0.01083,0.01087,0.01068,0.0108,20860533.0,2025-11-28 04:00
1764316800000,0.0108,0.0111,0.01078,0.01093,42648487.0,2025-11-28 08:00
1764331200000,0.01092,0.01114,0.01079,0.01097,58543633.0,2025-11-28 12:00
1764345600000,0.01096,0.01097,0.01044,0.01078,72748726.0,2025-11-28 16:00
1764360000000,0.01079,0.01084,0.01064,0.01069,25933798.0,2025-11-28 20:00
1764374400000,0.0107,0.01079,0.01066,0.01073,19389953.0,2025-11-29 00:00
1764388800000,0.01072,0.01082,0.01054,0.01057,33719181.0,2025-11-29 04:00
1764403200000,0.01056,0.01064,0.01045,0.01063,32618790.0,2025-11-29 08:00
1764417600000,0.01062,0.01064,0.0104,0.01049,23951353.0,2025-11-29 12:00
1764432000000,0.01048,0.01054,0.01022,0.01037,42226427.0,2025-11-29 16:00
1764446400000,0.01037,0.01049,0.01022,0.01042,53273697.0,2025-11-29 20:00
1764460800000,0.01043,0.01049,0.0103,0.01041,19573824.0,2025-11-30 00:00
1764475200000,0.01041,0.01043,0.01021,0.01035,22530392.0,2025-11-30 04:00
1764489600000,0.01036,0.01046,0.01029,0.01033,19890562.0,2025-11-30 08:00
1764504000000,0.01032,0.0105,0.01025,0.01034,38093441.0,2025-11-30 12:00
1764518400000,0.01034,0.0105,0.01033,0.01048,21019057.0,2025-11-30 16:00
1764532800000,0.01048,0.01083,0.01047,0.0105,130842396.0,2025-11-30 20:00
1764547200000,0.01049,0.01054,0.00954,0.00954,146772218.0,2025-12-01 00:00
1764561600000,0.00954,0.00964,0.00938,0.00952,65953335.0,2025-12-01 04:00
1764576000000,0.00951,0.00966,0.00946,0.00957,68113678.0,2025-12-01 08:00
1764590400000,0.00957,0.00962,0.00912,0.00934,119408580.0,2025-12-01 12:00
1764604800000,0.00934,0.00941,0.00924,0.00935,54384555.0,2025-12-01 16:00
1764619200000,0.00935,0.00951,0.00934,0.00945,42681220.0,2025-12-01 20:00
1764633600000,0.00944,0.00948,0.00918,0.00929,41970593.0,2025-12-02 00:00
1764648000000,0.00929,0.00941,0.00921,0.00934,77375305.0,2025-12-02 04:00
1764662400000,0.00934,0.0094,0.00921,0.00935,51506311.0,2025-12-02 08:00
1764676800000,0.00936,0.01014,0.00932,0.0101,125311353.0,2025-12-02 12:00
1764691200000,0.0101,0.01018,0.00999,0.01006,61576986.0,2025-12-02 16:00
1764705600000,0.01005,0.01017,0.00987,0.00996,44624770.0,2025-12-02 20:00
1764720000000,0.00996,0.01017,0.00988,0.01009,33506217.0,2025-12-03 00:00
1764734400000,0.01009,0.01025,0.01004,0.01011,32094650.0,2025-12-03 04:00
1764748800000,0.01011,0.01024,0.01,0.01004,40232016.0,2025-12-03 08:00
1764763200000,0.01004,0.01022,0.00978,0.01006,70073833.0,2025-12-03 12:00
1764777600000,0.01007,0.01016,0.00995,0.01014,37295977.0,2025-12-03 16:00
1764792000000,0.01015,0.01036,0.01009,0.01025,53265380.0,2025-12-03 20:00
1764806400000,0.01025,0.01039,0.01019,0.01022,58560973.0,2025-12-04 00:00
1764820800000,0.01022,0.01025,0.01012,0.0102,25879829.0,2025-12-04 04:00
1764835200000,0.01019,0.01034,0.01014,0.01022,45508690.0,2025-12-04 08:00
1764849600000,0.01022,0.01025,0.00996,0.01022,69370318.0,2025-12-04 12:00
1764864000000,0.01023,0.01027,0.0098,0.01006,68078690.0,2025-12-04 16:00
1764878400000,0.01006,0.0101,0.00994,0.01002,33986661.0,2025-12-04 20:00
1764892800000,0.01002,0.01019,0.00998,0.01011,30161235.0,2025-12-05 00:00
1764907200000,0.0101,0.01026,0.00997,0.01024,38341151.0,2025-12-05 04:00
1764921600000,0.01023,0.01024,0.00999,0.01007,61403223.0,2025-12-05 08:00
1764936000000,0.01007,0.0101,0.00983,0.00998,80725503.0,2025-12-05 12:00
1764950400000,0.00999,0.00999,0.00943,0.00962,114343130.0,2025-12-05 16:00
1764964800000,0.00962,0.00981,0.00957,0.00973,43682489.0,2025-12-05 20:00
1764979200000,0.00973,0.00978,0.00961,0.00974,21835319.0,2025-12-06 00:00
1764993600000,0.00975,0.00986,0.00969,0.00977,40025642.0,2025-12-06 04:00
1765008000000,0.00978,0.00986,0.00971,0.00984,40481765.0,2025-12-06 08:00
1765022400000,0.00983,0.01004,0.0098,0.00988,46771077.0,2025-12-06 12:00
1765036800000,0.00988,0.01016,0.00987,0.01,48426094.0,2025-12-06 16:00
1765051200000,0.01,0.01015,0.00993,0.01006,31366157.0,2025-12-06 20:00
1765065600000,0.01005,0.01011,0.00999,0.01005,24074719.0,2025-12-07 00:00
1765080000000,0.01004,0.01016,0.00998,0.01004,39227190.0,2025-12-07 04:00
1765094400000,0.01004,0.01009,0.00985,0.00991,32152175.0,2025-12-07 08:00
1765108800000,0.0099,0.00998,0.00952,0.00989,70004193.0,2025-12-07 12:00
1765123200000,0.00988,0.01013,0.00981,0.01005,55772264.0,2025-12-07 16:00
1765137600000,0.01005,0.01008,0.00959,0.00972,47664240.0,2025-12-07 20:00
1765152000000,0.00973,0.00999,0.00968,0.00995,28996452.0,2025-12-08 00:00
1765166400000,0.00995,0.01016,0.00994,0.01011,32201644.0,2025-12-08 04:00
1765180800000,0.01011,0.01023,0.01006,0.01014,35454482.0,2025-12-08 08:00
1765195200000,0.01014,0.01016,0.00988,0.00994,65677570.0,2025-12-08 12:00
1765209600000,0.00994,0.01012,0.00977,0.00983,53394811.0,2025-12-08 16:00
1765224000000,0.00983,0.00998,0.00976,0.00983,30442876.0,2025-12-08 20:00
1765238400000,0.00982,0.00986,0.00969,0.00985,30545890.0,2025-12-09 00:00
1765252800000,0.00985,0.00986,0.00969,0.00983,24714412.0,2025-12-09 04:00
1765267200000,0.00983,0.00985,0.00965,0.00975,22030207.0,2025-12-09 08:00
1765281600000,0.00975,0.01064,0.00974,0.01026,146701884.0,2025-12-09 12:00
1765296000000,0.01028,0.01074,0.01027,0.01052,103343906.0,2025-12-09 16:00
1765310400000,0.01051,0.01054,0.01017,0.01034,48082072.0,2025-12-09 20:00
1765324800000,0.01034,0.01035,0.01016,0.01022,37533549.0,2025-12-10 00:00
1765339200000,0.01021,0.01026,0.01013,0.0102,27960214.0,2025-12-10 04:00
1765353600000,0.0102,0.01023,0.00998,0.01003,36128047.0,2025-12-10 08:00
1765368000000,0.01002,0.01015,0.00999,0.01012,31238360.0,2025-12-10 12:00
1765382400000,0.01012,0.01033,0.01008,0.01029,61641453.0,2025-12-10 16:00
1765396800000,0.01029,0.01051,0.00993,0.01001,52636817.0,2025-12-10 20:00
1765411200000,0.01,0.01004,0.00946,0.0095,60302428.0,2025-12-11 00:00
1765425600000,0.00949,0.00968,0.00946,0.0096,28435388.0,2025-12-11 04:00
1765440000000,0.0096,0.00969,0.00946,0.00962,38445738.0,2025-12-11 08:00
1765454400000,0.00962,0.00976,0.00952,0.00964,48249066.0,2025-12-11 12:00
1765468800000,0.00964,0.00987,0.00953,0.00968,37113845.0,2025-12-11 16:00
1765483200000,0.00967,0.01008,0.00965,0.00988,44631686.0,2025-12-11 20:00
1765497600000,0.00988,0.00995,0.00971,0.00986,18822130.0,2025-12-12 00:00
1765512000000,0.00986,0.00998,0.00981,0.00984,18738148.0,2025-12-12 04:00
1765526400000,0.00985,0.00987,0.00974,0.00982,22412180.0,2025-12-12 08:00
1765540800000,0.00982,0.00991,0.00932,0.00938,50566688.0,2025-12-12 12:00
1765555200000,0.00938,0.00951,0.0092,0.00944,52444339.0,2025-12-12 16:00
1765569600000,0.00944,0.00961,0.00943,0.00955,25240228.0,2025-12-12 20:00
1765584000000,0.00954,0.00959,0.00952,0.00956,18152381.0,2025-12-13 00:00
1765598400000,0.00956,0.0096,0.00945,0.00953,22697396.0,2025-12-13 04:00
1765612800000,0.00952,0.00971,0.0094,0.00955,47728358.0,2025-12-13 08:00
1765627200000,0.00955,0.0096,0.00947,0.00957,22821322.0,2025-12-13 12:00
1765641600000,0.00956,0.00963,0.00953,0.00955,23280900.0,2025-12-13 16:00
1765656000000,0.00956,0.00958,0.00945,0.00954,16569285.0,2025-12-13 20:00
1765670400000,0.00954,0.00958,0.00949,0.00952,14332212.0,2025-12-14 00:00
1765684800000,0.00951,0.00953,0.00928,0.00932,24104622.0,2025-12-14 04:00
1765699200000,0.00932,0.00943,0.00912,0.00922,37190635.0,2025-12-14 08:00
1765713600000,0.00923,0.00929,0.00913,0.00922,29528440.0,2025-12-14 12:00
1765728000000,0.00921,0.00924,0.00897,0.00905,50467748.0,2025-12-14 16:00
1765742400000,0.00905,0.00912,0.00887,0.00896,47063327.0,2025-12-14 20:00
1765756800000,0.00896,0.00927,0.00894,0.00915,46360333.0,2025-12-15 00:00
1765771200000,0.00915,0.00928,0.00911,0.00915,23170700.0,2025-12-15 04:00
1765785600000,0.00914,0.0092,0.00908,0.00913,20125087.0,2025-12-15 08:00
1765800000000,0.00913,0.00916,0.00856,0.00864,90166122.0,2025-12-15 12:00
1765814400000,0.00863,0.00867,0.00835,0.00854,65461533.0,2025-12-15 16:00
1765828800000,0.00854,0.00867,0.00844,0.00864,32399365.0,2025-12-15 20:00
1765843200000,0.00864,0.00865,0.00847,0.00856,29122720.0,2025-12-16 00:00
1765857600000,0.00856,0.00857,0.00839,0.00843,24756286.0,2025-12-16 04:00
1765872000000,0.00844,0.0086,0.00841,0.00856,36896196.0,2025-12-16 08:00
1765886400000,0.00855,0.0086,0.00831,0.00853,71467487.0,2025-12-16 12:00
1765900800000,0.00854,0.00855,0.00831,0.00841,39877507.0,2025-12-16 16:00
1765915200000,0.0084,0.00844,0.0083,0.00834,25038337.0,2025-12-16 20:00
1765929600000,0.00835,0.00839,0.00823,0.0083,33925349.0,2025-12-17 00:00
1765944000000,0.0083,0.00832,0.0081,0.0082,40283152.0,2025-12-17 04:00
1765958400000,0.00821,0.00821,0.00798,0.00806,36947809.0,2025-12-17 08:00
1765972800000,0.00807,0.00824,0.00781,0.00784,137730246.0,2025-12-17 12:00
1765987200000,0.00784,0.0079,0.00757,0.00767,109173875.0,2025-12-17 16:00
1766001600000,0.00768,0.00774,0.00758,0.00762,39084505.0,2025-12-17 20:00
1766016000000,0.00762,0.00762,0.00741,0.00745,44206811.0,2025-12-18 00:00
1766030400000,0.00745,0.00749,0.00731,0.00739,37819073.0,2025-12-18 04:00
1766044800000,0.00738,0.00757,0.00734,0.00756,50932434.0,2025-12-18 08:00
1766059200000,0.00757,0.00778,0.0075,0.00762,80950795.0,2025-12-18 12:00
1766073600000,0.00763,0.00769,0.0069,0.00694,114812999.0,2025-12-18 16:00
1766088000000,0.00694,0.00718,0.00693,0.00712,50074806.0,2025-12-18 20:00
1766102400000,0.00713,0.00742,0.00708,0.00732,54517401.0,2025-12-19 00:00
1766116800000,0.00732,0.00748,0.00729,0.00742,33793192.0,2025-12-19 04:00
1766131200000,0.00741,0.00748,0.00739,0.00746,33990105.0,2025-12-19 08:00
1766145600000,0.00746,0.00757,0.00741,0.00743,57315169.0,2025-12-19 12:00
1766160000000,0.00744,0.00765,0.00742,0.00763,49121164.0,2025-12-19 16:00
1766174400000,0.00763,0.00767,0.00759,0.00764,18246454.0,2025-12-19 20:00
1766188800000,0.00763,0.00765,0.00754,0.00758,22814485.0,2025-12-20 00:00
1766203200000,0.00758,0.0076,0.00753,0.00758,14253324.0,2025-12-20 04:00
1766217600000,0.00759,0.00768,0.00756,0.00767,23536593.0,2025-12-20 08:00
1766232000000,0.00767,0.00776,0.00757,0.00758,35531927.0,2025-12-20 12:00
1766246400000,0.00759,0.00767,0.00754,0.00765,25343886.0,2025-12-20 16:00
1766260800000,0.00764,0.00772,0.00763,0.00763,23962293.0,2025-12-20 20:00
1766275200000,0.00764,0.00766,0.00749,0.00763,28044044.0,2025-12-21 00:00
1766289600000,0.00762,0.00767,0.00758,0.00767,16446067.0,2025-12-21 04:00
1766304000000,0.00767,0.00769,0.0075,0.0075,74986296.0,2025-12-21 08:00
1766318400000,0.00751,0.00752,0.00719,0.00728,59406327.0,2025-12-21 12:00
1766332800000,0.00727,0.00732,0.00716,0.00727,44545937.0,2025-12-21 16:00
1766347200000,0.00727,0.00729,0.00714,0.00725,20366670.0,2025-12-21 20:00
1766361600000,0.00725,0.0074,0.00721,0.00732,42895735.0,2025-12-22 00:00
1766376000000,0.00733,0.00738,0.0073,0.007356,28159970.0,2025-12-22 04:00
1766390400000,0.007359,0.00754,0.00735,0.007532,75467786.0,2025-12-22 08:00
1766404800000,0.007531,0.007589,0.00737,0.007475,100502664.0,2025-12-22 12:00
1766419200000,0.007475,0.007535,0.00729,0.007309,83837270.0,2025-12-22 16:00
1766433600000,0.007307,0.007317,0.00721,0.007264,55476118.0,2025-12-22 20:00
1766448000000,0.007263,0.0073,0.007163,0.007227,44446556.0,2025-12-23 00:00
1766462400000,0.007226,0.007261,0.007176,0.007219,60332161.0,2025-12-23 04:00
1766476800000,0.007218,0.007566,0.007191,0.007535,108071208.0,2025-12-23 08:00
1766491200000,0.007535,0.007676,0.007432,0.007638,153826921.0,2025-12-23 12:00
1766505600000,0.007639,0.007787,0.007293,0.007524,154720760.0,2025-12-23 16:00
1766520000000,0.007524,0.007569,0.007478,0.007519,46002752.0,2025-12-23 20:00
1766534400000,0.007519,0.00772,0.007416,0.007622,89702198.0,2025-12-24 00:00
1766548800000,0.007622,0.007682,0.007546,0.007624,69722147.0,2025-12-24 04:00
1766563200000,0.007626,0.007688,0.007548,0.007657,56748349.0,2025-12-24 08:00
1766577600000,0.007657,0.007735,0.007491,0.00761,79458994.0,2025-12-24 12:00
1766592000000,0.007614,0.007649,0.007504,0.007551,36205283.0,2025-12-24 16:00
1766606400000,0.007551,0.007599,0.007403,0.007451,40481853.0,2025-12-24 20:00
1766620800000,0.007452,0.007523,0.007433,0.007478,33934151.0,2025-12-25 00:00
1766635200000,0.007478,0.00751,0.007442,0.0075,22493230.0,2025-12-25 04:00
1766649600000,0.0075,0.007528,0.00741,0.007455,35977942.0,2025-12-25 08:00
1766664000000,0.007453,0.007515,0.007421,0.007481,25554642.0,2025-12-25 12:00
1766678400000,0.007475,0.007556,0.007438,0.007536,24091956.0,2025-12-25 16:00
1766692800000,0.007536,0.007586,0.007223,0.007287,73293748.0,2025-12-25 20:00
1766707200000,0.007285,0.007524,0.007221,0.007466,52287405.0,2025-12-26 00:00
1766721600000,0.007464,0.007497,0.007403,0.007414,26395865.0,2025-12-26 04:00
1766736000000,0.007413,0.007519,0.007407,0.007467,35297998.0,2025-12-26 08:00
1766750400000,0.007467,0.00761,0.007431,0.007455,54771397.0,2025-12-26 12:00
1766764800000,0.007455,0.007496,0.007379,0.00747,27145117.0,2025-12-26 16:00
1766779200000,0.007472,0.007529,0.00744,0.007464,40291265.0,2025-12-26 20:00
1766793600000,0.00747,0.007568,0.007441,0.007544,32649384.0,2025-12-27 00:00
1766808000000,0.007547,0.007578,0.007503,0.007563,21247215.0,2025-12-27 04:00
1766822400000,0.007564,0.007593,0.007412,0.007546,46433210.0,2025-12-27 08:00
1766836800000,0.00755,0.007619,0.007532,0.007569,31191604.0,2025-12-27 12:00
1766851200000,0.007571,0.007669,0.00752,0.007658,36368395.0,2025-12-27 16:00
1766865600000,0.007659,0.007706,0.007608,0.007683,26126518.0,2025-12-27 20:00
1766880000000,0.007683,0.007791,0.00768,0.007748,27213376.0,2025-12-28 00:00
1766894400000,0.007748,0.007805,0.007706,0.00776,44379777.0,2025-12-28 04:00
1766908800000,0.007763,0.007784,0.007689,0.007713,36042448.0,2025-12-28 08:00
1766923200000,0.007714,0.007733,0.007641,0.007642,23498901.0,2025-12-28 12:00
1766937600000,0.007642,0.007665,0.007501,0.007518,41158574.0,2025-12-28 16:00
1766952000000,0.007518,0.007671,0.007478,0.007667,27566202.0,2025-12-28 20:00
1766966400000,0.007668,0.007788,0.007603,0.00775,35123969.0,2025-12-29 00:00
1766980800000,0.007751,0.007813,0.007669,0.007739,39781855.0,2025-12-29 04:00
1766995200000,0.00774,0.007753,0.007611,0.007643,43524586.0,2025-12-29 08:00
1767009600000,0.007642,0.007744,0.0075,0.007544,79583812.0,2025-12-29 12:00
1767024000000,0.007545,0.007579,0.007502,0.007535,32330924.0,2025-12-29 16:00
1767038400000,0.007535,0.007566,0.007485,0.007502,25380961.0,2025-12-29 20:00
1767052800000,0.0075,0.00753,0.007362,0.007438,52405980.0,2025-12-30 00:00
1767067200000,0.007439,0.007462,0.00739,0.007449,27414639.0,2025-12-30 04:00
1767081600000,0.007448,0.007502,0.00742,0.007466,43309222.0,2025-12-30 08:00
1767096000000,0.007467,0.007494,0.007386,0.007478,30610552.0,2025-12-30 12:00
1767110400000,0.00748,0.007497,0.007319,0.007396,36721272.0,2025-12-30 16:00
1767124800000,0.007396,0.007396,0.007336,0.007372,29522397.0,2025-12-30 20:00
1767139200000,0.007371,0.007422,0.007331,0.007351,31976718.0,2025-12-31 00:00
1767153600000,0.007352,0.007373,0.007329,0.007363,17124467.0,2025-12-31 04:00
1767168000000,0.007362,0.007377,0.00732,0.007364,27588401.0,2025-12-31 08:00
1767182400000,0.007364,0.007383,0.007296,0.007351,31907976.0,2025-12-31 12:00
1767196800000,0.007353,0.007359,0.007181,0.007313,89580261.0,2025-12-31 16:00
1767211200000,0.007313,0.009268,0.007304,0.007837,1162261224.0,2025-12-31 20:00
1767225600000,0.007838,0.00794,0.007693,0.007716,125946695.0,2026-01-01 00:00
1767240000000,0.007717,0.007931,0.007646,0.007813,117365444.0,2026-01-01 04:00
1767254400000,0.007814,0.007883,0.007777,0.007832,66383173.0,2026-01-01 08:00
1767268800000,0.007834,0.00803,0.007732,0.00784,165618271.0,2026-01-01 12:00
1767283200000,0.007839,0.007869,0.007773,0.007853,57356876.0,2026-01-01 16:00
1767297600000,0.007855,0.00792,0.007787,0.007848,54044544.0,2026-01-01 20:00
1767312000000,0.007849,0.007982,0.007771,0.007866,78036587.0,2026-01-02 00:00
1767326400000,0.007864,0.007909,0.007779,0.007866,42834336.0,2026-01-02 04:00
1767340800000,0.007867,0.007998,0.007809,0.00787,80252284.0,2026-01-02 08:00
1767355200000,0.007871,0.0082,0.007855,0.00814,127499695.0,2026-01-02 12:00
1767369600000,0.008137,0.008332,0.008136,0.008225,94584745.0,2026-01-02 16:00
1767384000000,0.008226,0.008325,0.008209,0.008265,57186123.0,2026-01-02 20:00
1767398400000,0.008267,0.008393,0.008207,0.008388,45644674.0,2026-01-03 00:00
1767412800000,0.008392,0.008397,0.008068,0.008113,69981598.0,2026-01-03 04:00
1767427200000,0.008113,0.008199,0.008081,0.008138,39911976.0,2026-01-03 08:00
1767441600000,0.008136,0.008235,0.008107,0.008146,28211073.0,2026-01-03 12:00
1767456000000,0.008145,0.008222,0.008114,0.008173,26361569.0,2026-01-03 16:00
1767470400000,0.008174,0.008261,0.008106,0.00826,25907998.0,2026-01-03 20:00
1767484800000,0.008261,0.00833,0.008227,0.008262,37026375.0,2026-01-04 00:00
1767499200000,0.008263,0.008388,0.008251,0.008355,33288182.0,2026-01-04 04:00
1767513600000,0.008356,0.00838,0.008285,0.008361,29826671.0,2026-01-04 08:00
1767528000000,0.008361,0.00853,0.008305,0.008514,92706153.0,2026-01-04 12:00
1767542400000,0.008516,0.00861,0.008483,0.008573,50349497.0,2026-01-04 16:00
1767556800000,0.008574,0.008583,0.008475,0.008574,34977898.0,2026-01-04 20:00
1767571200000,0.008574,0.008601,0.008435,0.008474,37456073.0,2026-01-05 00:00
1767585600000,0.008473,0.008557,0.008331,0.008515,41426520.0,2026-01-05 04:00
1767600000000,0.008512,0.008557,0.008359,0.008442,46492566.0,2026-01-05 08:00
1767614400000,0.008443,0.008513,0.008377,0.008499,37123052.0,2026-01-05 12:00
1767628800000,0.008501,0.008649,0.008469,0.008644,44923425.0,2026-01-05 16:00
1767643200000,0.008644,0.008715,0.008584,0.008626,65601505.0,2026-01-05 20:00
1767657600000,0.008626,0.008897,0.008578,0.008798,65612616.0,2026-01-06 00:00
1767672000000,0.008799,0.008916,0.008778,0.008843,49104390.0,2026-01-06 04:00
1767686400000,0.008842,0.008928,0.0088,0.008889,51307474.0,2026-01-06 08:00
1767700800000,0.008889,0.009121,0.008868,0.008936,90008685.0,2026-01-06 12:00
1767715200000,0.008934,0.008953,0.008508,0.008644,99694066.0,2026-01-06 16:00
1767729600000,0.008648,0.008854,0.008648,0.008788,42354051.0,2026-01-06 20:00
1767744000000,0.008787,0.008799,0.008675,0.00876,25480914.0,2026-01-07 00:00
1767758400000,0.00876,0.008812,0.008686,0.008808,21947590.0,2026-01-07 04:00
1767772800000,0.008806,0.008812,0.008613,0.008664,36059183.0,2026-01-07 08:00
1767787200000,0.008662,0.008678,0.008454,0.008524,70495929.0,2026-01-07 12:00
1767801600000,0.008523,0.0086,0.008472,0.008543,26167841.0,2026-01-07 16:00
1767816000000,0.008544,0.008592,0.008464,0.008587,17689915.0,2026-01-07 20:00
1767830400000,0.008588,0.008599,0.008473,0.008503,22690362.0,2026-01-08 00:00
1767844800000,0.008502,0.00863,0.008356,0.008539,47076021.0,2026-01-08 04:00
1767859200000,0.00854,0.008588,0.008446,0.008564,41516905.0,2026-01-08 08:00
1767873600000,0.008565,0.00873,0.00844,0.008711,63469119.0,2026-01-08 12:00
1767888000000,0.008711,0.00872,0.00859,0.008613,47666375.0,2026-01-08 16:00
1767902400000,0.008616,0.0087,0.00857,0.008636,29072304.0,2026-01-08 20:00
1767916800000,0.008635,0.008722,0.008558,0.008686,25052554.0,2026-01-09 00:00
1767931200000,0.008685,0.008688,0.008603,0.008618,12906439.0,2026-01-09 04:00
1767945600000,0.008619,0.008684,0.00855,0.008612,33320271.0,2026-01-09 08:00
1767960000000,0.008611,0.008736,0.008567,0.008657,32278124.0,2026-01-09 12:00
1767974400000,0.008657,0.008705,0.008561,0.008604,25829161.0,2026-01-09 16:00
1767988800000,0.008603,0.008696,0.00859,0.008634,17849468.0,2026-01-09 20:00
1768003200000,0.008633,0.008689,0.008574,0.008687,10558647.0,2026-01-10 00:00
1768017600000,0.008686,0.0087,0.008581,0.008671,19841994.0,2026-01-10 04:00
1768032000000,0.008671,0.008698,0.008619,0.00866,19376841.0,2026-01-10 08:00
1768046400000,0.008662,0.008679,0.008589,0.008615,14653324.0,2026-01-10 12:00
1768060800000,0.008615,0.008671,0.008575,0.008661,12121038.0,2026-01-10 16:00
1768075200000,0.008663,0.008664,0.008511,0.008628,25153652.0,2026-01-10 20:00
1768089600000,0.008624,0.008685,0.008589,0.008669,16510345.0,2026-01-11 00:00
1768104000000,0.008668,0.008698,0.008622,0.008656,10916044.0,2026-01-11 04:00
1768118400000,0.008655,0.008707,0.008617,0.008631,23816302.0,2026-01-11 08:00
1768132800000,0.008637,0.008672,0.008578,0.00861,10233971.0,2026-01-11 12:00
1768147200000,0.008608,0.008694,0.008596,0.008641,16673895.0,2026-01-11 16:00
1768161600000,0.008641,0.008647,0.008469,0.008576,30066282.0,2026-01-11 20:00
1768176000000,0.008575,0.008617,0.008438,0.008539,22689272.0,2026-01-12 00:00
1768190400000,0.008539,0.00857,0.008475,0.008498,11831281.0,2026-01-12 04:00
1768204800000,0.008495,0.008532,0.008348,0.008425,37051197.0,2026-01-12 08:00
1768219200000,0.008424,0.008424,0.00819,0.008293,40575522.0,2026-01-12 12:00
1768233600000,0.008292,0.008309,0.008162,0.008252,34163542.0,2026-01-12 16:00
1768248000000,0.008251,0.008267,0.008186,0.008224,19776132.0,2026-01-12 20:00
1768262400000,0.008222,0.008276,0.008206,0.008258,10038774.0,2026-01-13 00:00
1768276800000,0.008256,0.008316,0.008185,0.008241,23451961.0,2026-01-13 04:00
1768291200000,0.00824,0.008319,0.008227,0.008291,18150584.0,2026-01-13 08:00
1768305600000,0.008294,0.008366,0.008293,0.008357,36406379.0,2026-01-13 12:00
1768320000000,0.008357,0.008499,0.008321,0.008498,32475173.0,2026-01-13 16:00
1768334400000,0.008499,0.00868,0.008492,0.008674,46329788.0,2026-01-13 20:00
1768348800000,0.008677,0.008871,0.008675,0.00881,36975315.0,2026-01-14 00:00
1768363200000,0.00881,0.008826,0.008717,0.008724,20829019.0,2026-01-14 04:00
1768377600000,0.008724,0.00888,0.008579,0.008774,57523019.0,2026-01-14 08:00
1768392000000,0.008774,0.008888,0.008734,0.008848,48185739.0,2026-01-14 12:00
1768406400000,0.008854,0.008934,0.008789,0.00884,51441849.0,2026-01-14 16:00
1768420800000,0.00884,0.008883,0.00879,0.008815,24456744.0,2026-01-14 20:00
1768435200000,0.008816,0.008864,0.008533,0.008547,48522002.0,2026-01-15 00:00
1768449600000,0.008538,0.008626,0.008515,0.008581,86503877.0,2026-01-15 04:00
1768464000000,0.008582,0.008599,0.008479,0.008496,35975464.0,2026-01-15 08:00
1768478400000,0.008496,0.008558,0.008407,0.008483,50678281.0,2026-01-15 12:00
1768492800000,0.008489,0.008543,0.008184,0.008326,68067151.0,2026-01-15 16:00
1768507200000,0.008322,0.008333,0.008209,0.00829,37356020.0,2026-01-15 20:00
1768521600000,0.008292,0.008329,0.008165,0.008295,34992608.0,2026-01-16 00:00
1768536000000,0.008294,0.008377,0.008219,0.008347,23886995.0,2026-01-16 04:00
1768550400000,0.008344,0.008453,0.00834,0.008384,39597047.0,2026-01-16 08:00
1768564800000,0.008386,0.00842,0.008264,0.008321,29070571.0,2026-01-16 12:00
1768579200000,0.00832,0.0084,0.008296,0.00837,17288031.0,2026-01-16 16:00
1768593600000,0.008373,0.0085,0.008339,0.008494,23740562.0,2026-01-16 20:00
1768608000000,0.008494,0.008513,0.008437,0.008479,17066532.0,2026-01-17 00:00
1768622400000,0.008475,0.008589,0.008437,0.008585,26779209.0,2026-01-17 04:00
1768636800000,0.008585,0.008594,0.008538,0.008542,16016157.0,2026-01-17 08:00
1768651200000,0.008541,0.008901,0.008532,0.008895,49714207.0,2026-01-17 12:00
1768665600000,0.008901,0.008922,0.008721,0.008824,66326132.0,2026-01-17 16:00
1768680000000,0.008826,0.009853,0.008819,0.009,416480369.0,2026-01-17 20:00
1768694400000,0.009,0.009387,0.008919,0.009258,159521546.0,2026-01-18 00:00
1768708800000,0.009257,0.009979,0.009201,0.009821,405482937.0,2026-01-18 04:00
1768723200000,0.009817,0.011439,0.009701,0.010415,3026528921.0,2026-01-18 08:00
1768737600000,0.010415,0.011516,0.009701,0.010701,2184405386.0,2026-01-18 12:00
1768752000000,0.010702,0.011094,0.010099,0.010949,1576974439.0,2026-01-18 16:00
1768766400000,0.010948,0.010986,0.009902,0.010081,718946225.0,2026-01-18 20:00
1768780800000,0.010084,0.011379,0.008853,0.010719,1559311411.0,2026-01-19 00:00
1768795200000,0.010723,0.010932,0.009672,0.009976,829644525.0,2026-01-19 04:00
1768809600000,0.009976,0.010004,0.009555,0.009634,370603528.0,2026-01-19 08:00
1768824000000,0.009633,0.009818,0.009321,0.009448,294356860.0,2026-01-19 12:00
1768838400000,0.009449,0.009542,0.009334,0.009452,167083675.0,2026-01-19 16:00
1768852800000,0.009451,0.009488,0.009153,0.009278,165339889.0,2026-01-19 20:00
1768867200000,0.009277,0.009277,0.008936,0.009009,167952748.0,2026-01-20 00:00
1768881600000,0.009009,0.009063,0.008768,0.008821,197360847.0,2026-01-20 04:00
1768896000000,0.00882,0.009039,0.00872,0.008864,176702186.0,2026-01-20 08:00
1768910400000,0.008865,0.009378,0.008846,0.009009,250452478.0,2026-01-20 12:00
1768924800000,0.009005,0.009043,0.008749,0.008819,153372839.0,2026-01-20 16:00
1768939200000,0.008818,0.008834,0.008529,0.008684,90841683.0,2026-01-20 20:00
1768953600000,0.008684,0.00896,0.008608,0.008916,111717732.0,2026-01-21 00:00
1768968000000,0.008915,0.009341,0.008878,0.009331,169662824.0,2026-01-21 04:00
1768982400000,0.009331,0.009913,0.009228,0.009324,358707472.0,2026-01-21 08:00
1768996800000,0.009325,0.009351,0.009059,0.009318,184724440.0,2026-01-21 12:00
1769011200000,0.009321,0.009399,0.00892,0.009227,221893566.0,2026-01-21 16:00
1769025600000,0.009228,0.009261,0.009008,0.009023,78733297.0,2026-01-21 20:00
1769040000000,0.009023,0.009267,0.009003,0.009251,68852585.0,2026-01-22 00:00
1769054400000,0.009251,0.009282,0.008973,0.008989,133393201.0,2026-01-22 04:00
1769068800000,0.008989,0.009017,0.008777,0.008827,129630772.0,2026-01-22 08:00
1769083200000,0.008826,0.008834,0.008669,0.008728,112696045.0,2026-01-22 12:00
1769097600000,0.008728,0.008868,0.008711,0.008754,70936368.0,2026-01-22 16:00
1769112000000,0.008754,0.008766,0.008466,0.008529,77961621.0,2026-01-22 20:00
1769126400000,0.008527,0.008632,0.008325,0.008412,166757887.0,2026-01-23 00:00
1769140800000,0.008412,0.008573,0.008384,0.008436,81268749.0,2026-01-23 04:00
1769155200000,0.008436,0.00844,0.008256,0.008319,83833858.0,2026-01-23 08:00
1769169600000,0.008319,0.008453,0.008261,0.008437,97668036.0,2026-01-23 12:00
1769184000000,0.008437,0.008555,0.008175,0.008235,166295957.0,2026-01-23 16:00
1769198400000,0.008235,0.008238,0.008015,0.008122,109732008.0,2026-01-23 20:00
1769212800000,0.008123,0.008141,0.008035,0.008111,65057279.0,2026-01-24 00:00
1769227200000,0.008111,0.00814,0.00796,0.007976,54755084.0,2026-01-24 04:00
1769241600000,0.007976,0.008105,0.007916,0.008072,95389366.0,2026-01-24 08:00
1769256000000,0.00807,0.00807,0.007826,0.007856,88766129.0,2026-01-24 12:00
1769270400000,0.007855,0.007878,0.007775,0.007807,71928505.0,2026-01-24 16:00
1769284800000,0.007807,0.007923,0.00779,0.007829,60843383.0,2026-01-24 20:00
1769299200000,0.007827,0.007863,0.007706,0.007808,75270903.0,2026-01-25 00:00
1769313600000,0.007808,0.007847,0.007672,0.007712,75337861.0,2026-01-25 04:00
1769328000000,0.007714,0.007732,0.00756,0.007585,87757735.0,2026-01-25 08:00
1769342400000,0.007585,0.007613,0.007472,0.007516,87653656.0,2026-01-25 12:00
1769356800000,0.007511,0.00752,0.007093,0.007118,152984751.0,2026-01-25 16:00
1769371200000,0.007118,0.007272,0.007024,0.007204,103110571.0,2026-01-25 20:00
1769385600000,0.007205,0.007371,0.007184,0.007243,64926061.0,2026-01-26 00:00
1769400000000,0.007242,0.00763,0.007239,0.007524,75861219.0,2026-01-26 04:00
1769414400000,0.007522,0.007669,0.007473,0.007621,115286402.0,2026-01-26 08:00
1769428800000,0.007621,0.007736,0.007517,0.007635,121875044.0,2026-01-26 12:00
1769443200000,0.007634,0.00768,0.007547,0.007613,78926828.0,2026-01-26 16:00
1769457600000,0.007611,0.007789,0.007576,0.007717,63875508.0,2026-01-26 20:00
1769472000000,0.007718,0.007855,0.007684,0.007737,81506783.0,2026-01-27 00:00
1769486400000,0.007733,0.00779,0.007631,0.007654,69081615.0,2026-01-27 04:00
1769500800000,0.007652,0.007666,0.007463,0.007527,78867311.0,2026-01-27 08:00
1769515200000,0.007524,0.007557,0.007439,0.007549,96786963.0,2026-01-27 12:00
1769529600000,0.007548,0.007685,0.007511,0.007665,101093084.0,2026-01-27 16:00
1769544000000,0.007663,0.007741,0.007638,0.007692,65684468.0,2026-01-27 20:00
1769558400000,0.007691,0.007711,0.007572,0.0076,49059524.0,2026-01-28 00:00
1769572800000,0.007602,0.007622,0.007501,0.007563,66859953.0,2026-01-28 04:00
1769587200000,0.00756,0.007727,0.007512,0.007718,58308454.0,2026-01-28 08:00
1769601600000,0.007717,0.007737,0.00759,0.007696,90625463.0,2026-01-28 12:00
1769616000000,0.007696,0.00778,0.007565,0.007747,123159063.0,2026-01-28 16:00
1769630400000,0.007747,0.007802,0.007618,0.00777,85539146.0,2026-01-28 20:00
1769644800000,0.00777,0.007773,0.007533,0.007652,70700802.0,2026-01-29 00:00
1769659200000,0.007654,0.007695,0.007491,0.007532,103761222.0,2026-01-29 04:00
1769673600000,0.007531,0.007537,0.007333,0.007357,102143136.0,2026-01-29 08:00
1769688000000,0.007356,0.007366,0.006924,0.007073,173972628.0,2026-01-29 12:00
1769702400000,0.007073,0.007187,0.006912,0.007019,162248513.0,2026-01-29 16:00
1769716800000,0.007019,0.007103,0.006986,0.007017,129684242.0,2026-01-29 20:00
1769731200000,0.007015,0.007072,0.006659,0.006854,245734525.0,2026-01-30 00:00
1769745600000,0.006855,0.006981,0.006819,0.006933,158781279.0,2026-01-30 04:00
1769760000000,0.006932,0.007108,0.00684,0.007071,101668273.0,2026-01-30 08:00
1769774400000,0.007072,0.007199,0.006983,0.007105,164113146.0,2026-01-30 12:00
1769788800000,0.007106,0.007755,0.007078,0.00731,414916883.0,2026-01-30 16:00
1769803200000,0.007309,0.007414,0.00713,0.007286,181332088.0,2026-01-30 20:00
1769817600000,0.007287,0.007391,0.007206,0.007236,110902040.0,2026-01-31 00:00
1769832000000,0.007236,0.007259,0.006979,0.00705,88883322.0,2026-01-31 04:00
1769846400000,0.007051,0.007115,0.006848,0.007016,143105235.0,2026-01-31 08:00
1769860800000,0.007012,0.007024,0.006474,0.006515,200219424.0,2026-01-31 12:00
1769875200000,0.006512,0.006566,0.005729,0.006144,280636440.0,2026-01-31 16:00
1769889600000,0.006144,0.006419,0.006071,0.006399,82509737.0,2026-01-31 20:00
1769904000000,0.006399,0.006553,0.006385,0.00654,54909586.0,2026-02-01 00:00
1769918400000,0.006538,0.006599,0.006474,0.00656,55992468.0,2026-02-01 04:00
1769932800000,0.006559,0.006694,0.006514,0.006594,57878597.0,2026-02-01 08:00
1769947200000,0.006594,0.006644,0.006255,0.006339,116943579.0,2026-02-01 12:00
1769961600000,0.00634,0.006577,0.006276,0.006426,110967085.0,2026-02-01 16:00
1769976000000,0.006425,0.00649,0.006229,0.006359,78299847.0,2026-02-01 20:00
1769990400000,0.006359,0.006513,0.006196,0.006451,79186860.0,2026-02-02 00:00
1770004800000,0.006452,0.006477,0.006216,0.006419,75798358.0,2026-02-02 04:00
1770019200000,0.006419,0.006523,0.006409,0.006451,57544307.0,2026-02-02 08:00
1770033600000,0.006452,0.006565,0.006406,0.006548,81017331.0,2026-02-02 12:00
1770048000000,0.00655,0.006554,0.006409,0.006425,65497096.0,2026-02-02 16:00
1770062400000,0.006424,0.006499,0.00636,0.006463,47367225.0,2026-02-02 20:00
1770076800000,0.006463,0.006493,0.006282,0.006416,50283242.0,2026-02-03 00:00
1770091200000,0.006417,0.006555,0.006378,0.00651,53123380.0,2026-02-03 04:00
1770105600000,0.006508,0.00667,0.006395,0.006619,101363973.0,2026-02-03 08:00
1770120000000,0.006621,0.006642,0.006392,0.006526,79024334.0,2026-02-03 12:00
1770134400000,0.006525,0.006526,0.006085,0.006357,123458147.0,2026-02-03 16:00
1770148800000,0.006357,0.006592,0.006308,0.006364,69898104.0,2026-02-03 20:00
1770163200000,0.006362,0.00652,0.006355,0.006481,33266568.0,2026-02-04 00:00
1770177600000,0.006481,0.006493,0.006397,0.006477,34577865.0,2026-02-04 04:00
1770192000000,0.006476,0.006501,0.006352,0.006397,45015591.0,2026-02-04 08:00
1770206400000,0.006396,0.006416,0.006137,0.006204,92166802.0,2026-02-04 12:00
1770220800000,0.006204,0.006389,0.006071,0.006378,127113823.0,2026-02-04 16:00
1770235200000,0.006379,0.006408,0.006191,0.006327,61162765.0,2026-02-04 20:00
1770249600000,0.006328,0.006418,0.006249,0.006258,48646051.0,2026-02-05 00:00
1770264000000,0.006255,0.006311,0.006165,0.00621,59576162.0,2026-02-05 04:00
1770278400000,0.00621,0.006325,0.006014,0.006083,61067301.0,2026-02-05 08:00
1770292800000,0.006082,0.006185,0.00572,0.00587,158610616.0,2026-02-05 12:00
1770307200000,0.005866,0.005979,0.005653,0.005682,154524855.0,2026-02-05 16:00
1770321600000,0.005683,0.005724,0.005396,0.005545,150441999.0,2026-02-05 20:00
1770336000000,0.005545,0.005731,0.00494,0.005642,208611569.0,2026-02-06 00:00
1770350400000,0.005643,0.005873,0.005622,0.005779,65343463.0,2026-02-06 04:00
1770364800000,0.00578,0.005942,0.005674,0.005897,80004871.0,2026-02-06 08:00
1770379200000,0.005896,0.00616,0.005873,0.006132,92611782.0,2026-02-06 12:00
1770393600000,0.006132,0.006403,0.006118,0.006265,81692200.0,2026-02-06 16:00
1770408000000,0.006264,0.006362,0.006192,0.006289,44376744.0,2026-02-06 20:00
1770422400000,0.006285,0.006293,0.006163,0.006236,42989584.0,2026-02-07 00:00
1770436800000,0.006239,0.006283,0.005975,0.006028,54506664.0,2026-02-07 04:00
1770451200000,0.006026,0.006089,0.005957,0.006015,45939967.0,2026-02-07 08:00
1770465600000,0.006015,0.006192,0.005998,0.006066,85604901.0,2026-02-07 12:00
1770480000000,0.00607,0.006179,0.006033,0.006108,97243440.0,2026-02-07 16:00
1770494400000,0.006107,0.006176,0.006082,0.006137,51681874.0,2026-02-07 20:00
1770508800000,0.006137,0.006137,0.006046,0.006056,23037873.0,2026-02-08 00:00
1770523200000,0.006051,0.006135,0.006028,0.006108,39159130.0,2026-02-08 04:00
1770537600000,0.006112,0.006342,0.006111,0.006304,97137849.0,2026-02-08 08:00
1770552000000,0.006304,0.006753,0.006256,0.006613,351991667.0,2026-02-08 12:00
1770566400000,0.006609,0.00664,0.006188,0.006324,201460319.0,2026-02-08 16:00
1770580800000,0.006323,0.006323,0.006082,0.00617,83647309.0,2026-02-08 20:00
1770595200000,0.006172,0.006439,0.006116,0.00637,101394555.0,2026-02-09 00:00
1770609600000,0.006369,0.006378,0.006246,0.006271,55673887.0,2026-02-09 04:00
1770624000000,0.006272,0.006272,0.005993,0.006056,82554469.0,2026-02-09 08:00
1770638400000,0.006054,0.006175,0.006006,0.006121,89365701.0,2026-02-09 12:00
1770652800000,0.006121,0.006226,0.006071,0.006188,73671949.0,2026-02-09 16:00
1770667200000,0.006188,0.006203,0.006084,0.006139,46310715.0,2026-02-09 20:00
1770681600000,0.006139,0.006149,0.006027,0.006067,37176715.0,2026-02-10 00:00
1770696000000,0.006064,0.006193,0.00605,0.006116,61371646.0,2026-02-10 04:00
1770710400000,0.006119,0.006352,0.006104,0.006286,71805628.0,2026-02-10 08:00
1770724800000,0.006287,0.006346,0.006159,0.006241,139568448.0,2026-02-10 12:00
1770739200000,0.006241,0.006398,0.006178,0.006294,113983880.0,2026-02-10 16:00
1770753600000,0.006298,0.006448,0.006216,0.006253,90952516.0,2026-02-10 20:00
1770768000000,0.006254,0.006271,0.0061,0.006198,65606220.0,2026-02-11 00:00
1770782400000,0.006199,0.006211,0.006012,0.006032,62996438.0,2026-02-11 04:00
1770796800000,0.006031,0.006051,0.005957,0.006025,56266518.0,2026-02-11 08:00
1770811200000,0.006026,0.00629,0.005936,0.006044,103598244.0,2026-02-11 12:00
1770825600000,0.006042,0.006182,0.00599,0.006156,67165526.0,2026-02-11 16:00
1770840000000,0.006155,0.006333,0.006122,0.006254,69338296.0,2026-02-11 20:00
1770854400000,0.006255,0.006378,0.006232,0.006356,47136636.0,2026-02-12 00:00
1770868800000,0.00635,0.00644,0.006316,0.006437,36001748.0,2026-02-12 04:00
1770883200000,0.006436,0.00645,0.006321,0.006346,62878979.0,2026-02-12 08:00
1770897600000,0.006347,0.006347,0.006169,0.006182,72744412.0,2026-02-12 12:00
1770912000000,0.006183,0.006252,0.006071,0.006198,94998637.0,2026-02-12 16:00
1770926400000,0.0062,0.006239,0.006095,0.006228,54812740.0,2026-02-12 20:00
1770940800000,0.006228,0.006235,0.006133,0.006147,28196438.0,2026-02-13 00:00
1770955200000,0.006146,0.00615,0.006052,0.006094,27880175.0,2026-02-13 04:00
1770969600000,0.006094,0.006187,0.006085,0.00615,47453988.0,2026-02-13 08:00
1770984000000,0.00615,0.006302,0.006085,0.006237,63567271.0,2026-02-13 12:00
1770998400000,0.006236,0.006356,0.006227,0.006302,60201050.0,2026-02-13 16:00
1771012800000,0.0063,0.006332,0.006276,0.006286,28279251.0,2026-02-13 20:00
1771027200000,0.006286,0.006349,0.006267,0.006329,32576427.0,2026-02-14 00:00
1771041600000,0.006328,0.006344,0.00629,0.006316,22200422.0,2026-02-14 04:00
1771056000000,0.006316,0.006425,0.006316,0.006417,42421345.0,2026-02-14 08:00
1771070400000,0.006417,0.006445,0.006356,0.00644,45494727.0,2026-02-14 12:00
1771084800000,0.006441,0.006606,0.00644,0.006582,71389107.0,2026-02-14 16:00
1771099200000,0.006582,0.006604,0.006438,0.00647,46632440.0,2026-02-14 20:00
1771113600000,0.00647,0.006476,0.006169,0.006314,115463508.0,2026-02-15 00:00
1771128000000,0.006313,0.006445,0.006303,0.006424,58051184.0,2026-02-15 04:00
1771142400000,0.006425,0.006439,0.006312,0.006369,47926952.0,2026-02-15 08:00
1771156800000,0.006367,0.006376,0.006077,0.006177,69743484.0,2026-02-15 12:00
1771171200000,0.006178,0.006198,0.00601,0.006107,87918256.0,2026-02-15 16:00
1771185600000,0.006108,0.006167,0.006074,0.006134,42306551.0,2026-02-15 20:00
1771200000000,0.006134,0.006145,0.006076,0.006117,41372082.0,2026-02-16 00:00
1771214400000,0.006118,0.006147,0.005967,0.006004,86710153.0,2026-02-16 04:00
1771228800000,0.006005,0.006063,0.005894,0.00594,60299851.0,2026-02-16 08:00
1771243200000,0.00594,0.006015,0.005804,0.005864,113009207.0,2026-02-16 12:00
1771257600000,0.005865,0.005937,0.005844,0.005918,50719559.0,2026-02-16 16:00
1771272000000,0.005919,0.006053,0.005899,0.006041,45113154.0,2026-02-16 20:00
1771286400000,0.006041,0.006043,0.00597,0.005996,33265805.0,2026-02-17 00:00
1771300800000,0.005996,0.006036,0.005923,0.00601,37555582.0,2026-02-17 04:00
1771315200000,0.00601,0.006091,0.005955,0.006011,48219157.0,2026-02-17 08:00
1771329600000,0.006009,0.006411,0.005928,0.006064,388386263.0,2026-02-17 12:00
1771344000000,0.006064,0.006144,0.005968,0.00602,121894309.0,2026-02-17 16:00
1771358400000,0.006019,0.006029,0.00597,0.006006,38457825.0,2026-02-17 20:00
1771372800000,0.006005,0.006029,0.005886,0.006011,44699315.0,2026-02-18 00:00
1771387200000,0.006008,0.006043,0.00596,0.006015,31155610.0,2026-02-18 04:00
1771401600000,0.006011,0.006029,0.005812,0.005869,65092568.0,2026-02-18 08:00
1771416000000,0.005869,0.005962,0.005641,0.005889,131892903.0,2026-02-18 12:00
1771430400000,0.005894,0.005896,0.005638,0.005704,73562123.0,2026-02-18 16:00
1771444800000,0.005703,0.005849,0.005661,0.005837,58454331.0,2026-02-18 20:00
1771459200000,0.005835,0.006064,0.005809,0.006046,65271416.0,2026-02-19 00:00
1771473600000,0.006048,0.006076,0.00595,0.006036,59678392.0,2026-02-19 04:00
1771488000000,0.006032,0.0063,0.005868,0.005881,253963278.0,2026-02-19 08:00
1771502400000,0.005881,0.005963,0.00573,0.005773,120471429.0,2026-02-19 12:00
1771516800000,0.005775,0.0059,0.00575,0.0059,60934806.0,2026-02-19 16:00
1771531200000,0.005899,0.005905,0.005851,0.005894,33372795.0,2026-02-19 20:00
1771545600000,0.005894,0.005936,0.005851,0.005878,46457492.0,2026-02-20 00:00
1771560000000,0.005878,0.00592,0.005829,0.005877,56944125.0,2026-02-20 04:00
1771574400000,0.005875,0.005936,0.005824,0.005833,47377942.0,2026-02-20 08:00
1771588800000,0.005833,0.005905,0.005714,0.005863,82887950.0,2026-02-20 12:00
1771603200000,0.005866,0.0059,0.005783,0.005856,75350344.0,2026-02-20 16:00
1771617600000,0.005854,0.005881,0.005822,0.005859,34980116.0,2026-02-20 20:00
1771632000000,0.005859,0.005861,0.005785,0.005792,23581286.0,2026-02-21 00:00
1771646400000,0.005792,0.005792,0.005733,0.00576,32485932.0,2026-02-21 04:00
1771660800000,0.005759,0.005876,0.005745,0.005819,38054914.0,2026-02-21 08:00
1771675200000,0.00582,0.005867,0.005779,0.005812,43832181.0,2026-02-21 12:00
1771689600000,0.005811,0.005811,0.005733,0.005757,25068526.0,2026-02-21 16:00
1771704000000,0.005757,0.005785,0.005678,0.005699,24325800.0,2026-02-21 20:00
1771718400000,0.005699,0.005699,0.005427,0.005486,80690819.0,2026-02-22 00:00
1771732800000,0.005488,0.005598,0.005487,0.005596,33066430.0,2026-02-22 04:00
1771747200000,0.005595,0.005605,0.005518,0.00557,34211890.0,2026-02-22 08:00
1771761600000,0.00557,0.00557,0.005405,0.005483,46661490.0,2026-02-22 12:00
1771776000000,0.005483,0.005507,0.005446,0.00546,15070818.0,2026-02-22 16:00
1771790400000,0.00546,0.005462,0.005302,0.005403,56731732.0,2026-02-22 20:00
1771804800000,0.005408,0.005424,0.005108,0.005174,90716526.0,2026-02-23 00:00
1771819200000,0.005175,0.005321,0.005136,0.005305,34994164.0,2026-02-23 04:00
1771833600000,0.005301,0.0054,0.005258,0.005347,29061718.0,2026-02-23 08:00
1771848000000,0.005345,0.005394,0.005259,0.005285,29586830.0,2026-02-23 12:00
1771862400000,0.005285,0.005315,0.005172,0.005264,53100863.0,2026-02-23 16:00
1771876800000,0.005264,0.005319,0.005242,0.005296,20814829.0,2026-02-23 20:00
1771891200000,0.005296,0.00536,0.005229,0.005262,38510021.0,2026-02-24 00:00
1771905600000,0.005263,0.005276,0.005108,0.005197,54206822.0,2026-02-24 04:00
1771920000000,0.005197,0.005261,0.005161,0.005221,27754870.0,2026-02-24 08:00
1771934400000,0.005222,0.005313,0.005118,0.005285,53836707.0,2026-02-24 12:00
1771948800000,0.005283,0.00537,0.005265,0.005345,49900783.0,2026-02-24 16:00
1771963200000,0.005344,0.00552,0.005303,0.005398,96645978.0,2026-02-24 20:00
1771977600000,0.005402,0.005502,0.005273,0.005422,50584113.0,2026-02-25 00:00
1771992000000,0.005425,0.005469,0.005346,0.005455,35398051.0,2026-02-25 04:00
1772006400000,0.005453,0.005554,0.00543,0.005484,48637125.0,2026-02-25 08:00
1772020800000,0.005484,0.005579,0.00546,0.005536,49479850.0,2026-02-25 12:00
1772035200000,0.005539,0.005706,0.00553,0.005694,59490248.0,2026-02-25 16:00
1772049600000,0.005694,0.005741,0.005514,0.005582,65442504.0,2026-02-25 20:00
1772064000000,0.005582,0.005656,0.005544,0.005625,38635781.0,2026-02-26 00:00
1772078400000,0.005623,0.005634,0.005554,0.0056,30214455.0,2026-02-26 04:00
1772092800000,0.005602,0.005653,0.005448,0.005502,60046804.0,2026-02-26 08:00
1772107200000,0.005499,0.005592,0.005283,0.005384,120102249.0,2026-02-26 12:00
1772121600000,0.005381,0.005385,0.005195,0.005315,91590454.0,2026-02-26 16:00
1772136000000,0.005313,0.005345,0.005276,0.005337,30901698.0,2026-02-26 20:00
1772150400000,0.005339,0.005422,0.005277,0.005409,32522698.0,2026-02-27 00:00
1772164800000,0.005409,0.005503,0.005407,0.005477,39619259.0,2026-02-27 04:00
1772179200000,0.005478,0.005509,0.00524,0.005262,81107229.0,2026-02-27 08:00
1772193600000,0.00526,0.005315,0.00516,0.005278,53435315.0,2026-02-27 12:00
1772208000000,0.005277,0.005345,0.005165,0.005202,93571702.0,2026-02-27 16:00
1772222400000,0.0052,0.005242,0.005128,0.005235,33869430.0,2026-02-27 20:00
1772236800000,0.005236,0.005295,0.005186,0.005197,30960938.0,2026-02-28 00:00
1772251200000,0.005194,0.005204,0.004828,0.004899,154869653.0,2026-02-28 04:00
1772265600000,0.004898,0.004898,0.004731,0.004782,107927225.0,2026-02-28 08:00
1772280000000,0.004781,0.004917,0.004742,0.004888,69143077.0,2026-02-28 12:00
1772294400000,0.004888,0.005064,0.004871,0.005058,41298026.0,2026-02-28 16:00
1772308800000,0.005059,0.005161,0.005044,0.005161,53012603.0,2026-02-28 20:00
1772323200000,0.005162,0.005256,0.005058,0.005173,37730526.0,2026-03-01 00:00
1772337600000,0.005174,0.005184,0.00507,0.005117,30917913.0,2026-03-01 04:00
1772352000000,0.005117,0.005121,0.004974,0.005023,39042780.0,2026-03-01 08:00
1772366400000,0.005022,0.005066,0.004942,0.004983,38456607.0,2026-03-01 12:00
1772380800000,0.004983,0.005017,0.00484,0.00484,73514377.0,2026-03-01 16:00
1772395200000,0.004842,0.004933,0.004757,0.004915,75475023.0,2026-03-01 20:00
1772409600000,0.004917,0.005074,0.004914,0.005044,39137790.0,2026-03-02 00:00
1772424000000,0.005045,0.005062,0.00494,0.004944,29452249.0,2026-03-02 04:00
1772438400000,0.004947,0.005,0.004886,0.004995,42765278.0,2026-03-02 08:00
1772452800000,0.004995,0.005193,0.004917,0.005148,75572661.0,2026-03-02 12:00
1772467200000,0.005148,0.005208,0.005116,0.005179,40869191.0,2026-03-02 16:00
1772481600000,0.005178,0.005196,0.004953,0.004976,47513074.0,2026-03-02 20:00
1772496000000,0.004976,0.004993,0.004899,0.00494,60013770.0,2026-03-03 00:00
1772510400000,0.00494,0.005006,0.004909,0.004991,35660837.0,2026-03-03 04:00
1772524800000,0.00499,0.005006,0.004788,0.004841,74359865.0,2026-03-03 08:00
1772539200000,0.004841,0.005026,0.004831,0.00502,85465309.0,2026-03-03 12:00
1772553600000,0.005019,0.005149,0.004994,0.005057,48162332.0,2026-03-03 16:00
1772568000000,0.005057,0.005106,0.00501,0.00505,30672309.0,2026-03-03 20:00
1772582400000,0.005053,0.005059,0.004873,0.004962,80226709.0,2026-03-04 00:00
1772596800000,0.004962,0.005037,0.004922,0.00501,33849770.0,2026-03-04 04:00
1772611200000,0.005014,0.005156,0.00492,0.004948,122633313.0,2026-03-04 08:00
1772625600000,0.004947,0.00515,0.004943,0.00513,120857717.0,2026-03-04 12:00
1772640000000,0.00513,0.00522,0.005061,0.005191,95711361.0,2026-03-04 16:00
1772654400000,0.00519,0.005234,0.005125,0.005209,53119913.0,2026-03-04 20:00
1772668800000,0.005207,0.005294,0.005164,0.005233,63488787.0,2026-03-05 00:00
1772683200000,0.005232,0.005237,0.00513,0.005144,27248049.0,2026-03-05 04:00
1772697600000,0.005141,0.005189,0.005096,0.005126,43365720.0,2026-03-05 08:00
1772712000000,0.005122,0.00518,0.005053,0.005082,51825245.0,2026-03-05 12:00
1772726400000,0.005087,0.005117,0.004966,0.005063,53805709.0,2026-03-05 16:00
1772740800000,0.005058,0.005108,0.005016,0.005027,27159915.0,2026-03-05 20:00
1772755200000,0.005027,0.005092,0.004971,0.005089,29439105.0,2026-03-06 00:00
1772769600000,0.005087,0.005159,0.005032,0.005138,35800912.0,2026-03-06 04:00
1772784000000,0.005137,0.005166,0.005033,0.005083,42997297.0,2026-03-06 08:00
1772798400000,0.005083,0.005116,0.00485,0.00488,100152408.0,2026-03-06 12:00
1772812800000,0.004879,0.005023,0.004856,0.004958,66434036.0,2026-03-06 16:00
1772827200000,0.004958,0.004978,0.004905,0.004923,33909413.0,2026-03-06 20:00
1772841600000,0.004923,0.004965,0.00488,0.004924,29794716.0,2026-03-07 00:00
1772856000000,0.004924,0.004991,0.004852,0.004893,37480390.0,2026-03-07 04:00
1772870400000,0.00489,0.004971,0.004865,0.004902,33350374.0,2026-03-07 08:00
1772884800000,0.0049,0.004911,0.004759,0.004784,50450620.0,2026-03-07 12:00
1772899200000,0.004783,0.004809,0.004734,0.004752,28888384.0,2026-03-07 16:00
1772913600000,0.004751,0.004792,0.004714,0.004759,28272979.0,2026-03-07 20:00
1772928000000,0.004761,0.004771,0.004653,0.004686,45188212.0,2026-03-08 00:00
1772942400000,0.004684,0.004794,0.004664,0.004781,34914405.0,2026-03-08 04:00
1772956800000,0.004778,0.004935,0.00476,0.0049,50339268.0,2026-03-08 08:00
1772971200000,0.004899,0.004914,0.00473,0.004753,49759503.0,2026-03-08 12:00
1772985600000,0.004751,0.004815,0.004677,0.004797,44348264.0,2026-03-08 16:00
1773000000000,0.0048,0.00481,0.004657,0.004713,42050489.0,2026-03-08 20:00
1773014400000,0.004714,0.004853,0.004699,0.004793,30463748.0,2026-03-09 00:00
1773028800000,0.004795,0.004896,0.004773,0.004821,28439056.0,2026-03-09 04:00
1773043200000,0.004817,0.004869,0.004789,0.00484,34209100.0,2026-03-09 08:00
1773057600000,0.004841,0.004944,0.004838,0.004927,92906863.0,2026-03-09 12:00
1773072000000,0.004927,0.004944,0.004813,0.00484,50989553.0,2026-03-09 16:00
1773086400000,0.004839,0.004862,0.00475,0.004769,38187877.0,2026-03-09 20:00
1773100800000,0.004768,0.004882,0.004734,0.004827,33896967.0,2026-03-10 00:00
1773115200000,0.004827,0.004862,0.004812,0.00485,25661613.0,2026-03-10 04:00
1773129600000,0.004851,0.004898,0.004847,0.004871,24570573.0,2026-03-10 08:00
1773144000000,0.00487,0.00491,0.004774,0.004847,62620055.0,2026-03-10 12:00
1773158400000,0.004846,0.004891,0.004778,0.004796,52652256.0,2026-03-10 16:00
1773172800000,0.004796,0.004875,0.004773,0.004798,31380990.0,2026-03-10 20:00
1773187200000,0.004799,0.004856,0.004778,0.004778,40888880.0,2026-03-11 00:00
1773201600000,0.004779,0.004848,0.004746,0.004845,33385322.0,2026-03-11 04:00
1773216000000,0.004845,0.005034,0.004842,0.004947,81796515.0,2026-03-11 08:00
1773230400000,0.004948,0.005139,0.004931,0.005025,126417919.0,2026-03-11 12:00
1773244800000,0.005026,0.005057,0.004965,0.005026,40757767.0,2026-03-11 16:00
1773259200000,0.005024,0.005828,0.005013,0.005142,1048918864.0,2026-03-11 20:00
1773273600000,0.005144,0.005191,0.00502,0.005041,95203073.0,2026-03-12 00:00
1773288000000,0.00504,0.00505,0.004978,0.004982,72548709.0,2026-03-12 04:00
1773302400000,0.004982,0.005036,0.004929,0.005003,69365919.0,2026-03-12 08:00
1773316800000,0.005002,0.005015,0.004912,0.004981,44015993.0,2026-03-12 12:00
1773331200000,0.004981,0.005073,0.004956,0.005045,43919515.0,2026-03-12 16:00
1773345600000,0.005045,0.005091,0.004983,0.005054,61156827.0,2026-03-12 20:00
1773360000000,0.005053,0.005127,0.005049,0.005115,45903952.0,2026-03-13 00:00
1773374400000,0.005115,0.005161,0.005089,0.00515,78187456.0,2026-03-13 04:00
1773388800000,0.005149,0.005163,0.005024,0.005084,89313409.0,2026-03-13 08:00
1773403200000,0.005083,0.005218,0.005069,0.005171,91967070.0,2026-03-13 12:00
1773417600000,0.005172,0.005186,0.005046,0.005084,72643267.0,2026-03-13 16:00
1773432000000,0.005085,0.005143,0.005019,0.00507,66348866.0,2026-03-13 20:00
1773446400000,0.00507,0.005117,0.005028,0.00511,30143738.0,2026-03-14 00:00
1773460800000,0.00511,0.005138,0.004994,0.005035,34230861.0,2026-03-14 04:00
1773475200000,0.005033,0.005095,0.005025,0.005082,22566913.0,2026-03-14 08:00
1773489600000,0.005081,0.005179,0.005063,0.005092,37556680.0,2026-03-14 12:00
1773504000000,0.005091,0.005126,0.005057,0.005065,29406582.0,2026-03-14 16:00
1773518400000,0.005063,0.00508,0.00502,0.005071,32244476.0,2026-03-14 20:00
1773532800000,0.005071,0.005117,0.005054,0.005072,22499118.0,2026-03-15 00:00
1773547200000,0.005072,0.005088,0.00503,0.005064,20735615.0,2026-03-15 04:00
1773561600000,0.005064,0.005104,0.005041,0.005079,35292130.0,2026-03-15 08:00
1773576000000,0.005079,0.005123,0.005003,0.005016,52165900.0,2026-03-15 12:00
1773590400000,0.005018,0.005091,0.005013,0.005083,28295238.0,2026-03-15 16:00
1773604800000,0.005082,0.005177,0.005065,0.005124,47054571.0,2026-03-15 20:00
1773619200000,0.005123,0.005213,0.005098,0.005164,38609146.0,2026-03-16 00:00
1773633600000,0.005165,0.00527,0.005164,0.005246,54925332.0,2026-03-16 04:00
1773648000000,0.005248,0.005276,0.005167,0.005201,52065864.0,2026-03-16 08:00
1773662400000,0.005201,0.00528,0.005162,0.005185,65721057.0,2026-03-16 12:00
1773676800000,0.005183,0.005435,0.005178,0.005376,69331599.0,2026-03-16 16:00
1773691200000,0.005374,0.006615,0.005347,0.006264,4339843237.0,2026-03-16 20:00
1773705600000,0.006268,0.006285,0.00576,0.005792,1072324997.0,2026-03-17 00:00
1773720000000,0.00579,0.005867,0.00566,0.005749,441482337.0,2026-03-17 04:00
1773734400000,0.005746,0.00634,0.005728,0.006037,1450421968.0,2026-03-17 08:00
1773748800000,0.00604,0.006628,0.005666,0.006074,1854686049.0,2026-03-17 12:00
1773763200000,0.006075,0.00765,0.006054,0.00714,8546141267.0,2026-03-17 16:00
1773777600000,0.007143,0.007773,0.006563,0.007714,4654942116.0,2026-03-17 20:00
1773792000000,0.007718,0.007737,0.006901,0.006994,3763112906.0,2026-03-18 00:00
1773806400000,0.006994,0.007096,0.006571,0.006598,2415358928.0,2026-03-18 04:00
1773820800000,0.006601,0.006982,0.006331,0.006593,2062180918.0,2026-03-18 08:00
1773835200000,0.00659,0.006642,0.006216,0.006293,1303258845.0,2026-03-18 12:00
1773849600000,0.006291,0.006646,0.006169,0.006432,693074809.0,2026-03-18 16:00
1773864000000,0.006431,0.006645,0.00641,0.00656,347665459.0,2026-03-18 20:00
1773878400000,0.006562,0.006713,0.006254,0.006325,471649045.0,2026-03-19 00:00
1773892800000,0.006327,0.006467,0.006186,0.006222,276739621.0,2026-03-19 04:00
1773907200000,0.006223,0.006239,0.006016,0.006109,320954434.0,2026-03-19 08:00
1773921600000,0.00611,0.006132,0.006012,0.006043,170880928.0,2026-03-19 12:00
1773936000000,0.006043,0.006071,0.005865,0.005966,180915840.0,2026-03-19 16:00
1773950400000,0.005966,0.006113,0.005956,0.006028,135243938.0,2026-03-19 20:00
1773964800000,0.006029,0.006261,0.006004,0.006207,106464657.0,2026-03-20 00:00
1773979200000,0.006207,0.00625,0.006076,0.006088,93357053.0,2026-03-20 04:00
1773993600000,0.006088,0.006157,0.006044,0.006149,84629865.0,2026-03-20 08:00
1774008000000,0.006149,0.006204,0.006059,0.006079,115465737.0,2026-03-20 12:00
1774022400000,0.006079,0.006397,0.006034,0.006098,235148985.0,2026-03-20 16:00
1774036800000,0.006099,0.006241,0.006048,0.006201,113068249.0,2026-03-20 20:00
1774051200000,0.0062,0.0062,0.006069,0.006098,51615751.0,2026-03-21 00:00
1774065600000,0.006098,0.006156,0.006056,0.006074,51921093.0,2026-03-21 04:00
1774080000000,0.006072,0.006105,0.006044,0.006059,41903669.0,2026-03-21 08:00
1774094400000,0.006063,0.006067,0.005963,0.006005,55387508.0,2026-03-21 12:00
1774108800000,0.006005,0.00601,0.005882,0.005915,59765946.0,2026-03-21 16:00
1774123200000,0.005916,0.005953,0.005687,0.005744,104005869.0,2026-03-21 20:00
1774137600000,0.005742,0.00607,0.00566,0.005992,133168691.0,2026-03-22 00:00
1774152000000,0.005993,0.006106,0.005919,0.00592,101132192.0,2026-03-22 04:00
1774166400000,0.005919,0.005937,0.005661,0.005713,99718171.0,2026-03-22 08:00
1774180800000,0.005714,0.005823,0.005702,0.005714,62777966.0,2026-03-22 12:00
1774195200000,0.005715,0.005726,0.00555,0.005558,78992055.0,2026-03-22 16:00
1774209600000,0.005559,0.00562,0.005466,0.005524,82084689.0,2026-03-22 20:00
1774224000000,0.005527,0.005615,0.005483,0.005485,92975917.0,2026-03-23 00:00
1774238400000,0.005485,0.005609,0.005477,0.005492,65243234.0,2026-03-23 04:00
1774252800000,0.005493,0.005788,0.005441,0.005711,161275417.0,2026-03-23 08:00
1774267200000,0.005714,0.005821,0.005628,0.005645,96103213.0,2026-03-23 12:00
1774281600000,0.005646,0.005686,0.005569,0.005604,86821025.0,2026-03-23 16:00
1774296000000,0.005603,0.005738,0.005572,0.005635,65380445.0,2026-03-23 20:00
1774310400000,0.005635,0.00564,0.005529,0.005539,52564290.0,2026-03-24 00:00
1774324800000,0.005539,0.005654,0.005472,0.005585,77910871.0,2026-03-24 04:00
1774339200000,0.005585,0.005637,0.005509,0.005567,58843762.0,2026-03-24 08:00
1774353600000,0.005567,0.00562,0.005512,0.005565,72422048.0,2026-03-24 12:00
1774368000000,0.005564,0.005606,0.005512,0.005541,46373248.0,2026-03-24 16:00
1774382400000,0.005542,0.005676,0.005531,0.005647,82259217.0,2026-03-24 20:00
1774396800000,0.005647,0.005746,0.005585,0.005711,114697934.0,2026-03-25 00:00
1774411200000,0.005712,0.005854,0.005687,0.005724,104668953.0,2026-03-25 04:00
1774425600000,0.005725,0.005825,0.005706,0.005725,81393034.0,2026-03-25 08:00
1774440000000,0.005727,0.005733,0.005535,0.005585,105955026.0,2026-03-25 12:00
1774454400000,0.005585,0.005686,0.005508,0.005526,74949188.0,2026-03-25 16:00
1774468800000,0.005527,0.00556,0.005455,0.005523,71368348.0,2026-03-25 20:00
1774483200000,0.00552,0.00553,0.005359,0.005414,71243633.0,2026-03-26 00:00
1774497600000,0.005415,0.005436,0.005273,0.005321,78211525.0,2026-03-26 04:00
1774512000000,0.005321,0.005329,0.005221,0.005251,60154595.0,2026-03-26 08:00
1774526400000,0.00525,0.005425,0.00524,0.00539,51845150.0,2026-03-26 12:00
1774540800000,0.005393,0.005415,0.005315,0.005339,46226426.0,2026-03-26 16:00
1774555200000,0.005339,0.005459,0.005338,0.005406,40553285.0,2026-03-26 20:00
1774569600000,0.005404,0.005582,0.005392,0.005544,92641315.0,2026-03-27 00:00
1774584000000,0.005544,0.005555,0.005384,0.005417,57221908.0,2026-03-27 04:00
1774598400000,0.005417,0.005483,0.00526,0.005323,81844472.0,2026-03-27 08:00
1774612800000,0.005323,0.005393,0.005287,0.005326,62407175.0,2026-03-27 12:00
1774627200000,0.005324,0.005325,0.005232,0.005311,56836252.0,2026-03-27 16:00
1774641600000,0.00531,0.00531,0.005213,0.00526,42632072.0,2026-03-27 20:00
1774656000000,0.00526,0.00527,0.005145,0.005232,54137273.0,2026-03-28 00:00
1774670400000,0.005233,0.005286,0.005223,0.005269,37015443.0,2026-03-28 04:00
1774684800000,0.005268,0.005281,0.005141,0.005198,36871850.0,2026-03-28 08:00
1774699200000,0.005195,0.005281,0.005168,0.005211,41686033.0,2026-03-28 12:00
1774713600000,0.005212,0.005266,0.00521,0.005247,35848279.0,2026-03-28 16:00
1774728000000,0.005246,0.005253,0.005106,0.005134,45016531.0,2026-03-28 20:00
1774742400000,0.005133,0.005145,0.005059,0.005126,45805780.0,2026-03-29 00:00
1774756800000,0.005126,0.005147,0.0051,0.005127,37468515.0,2026-03-29 04:00
1774771200000,0.005127,0.005213,0.005081,0.005132,44520915.0,2026-03-29 08:00
1774785600000,0.005132,0.005143,0.00503,0.005049,39883779.0,2026-03-29 12:00
1774800000000,0.005052,0.005066,0.004997,0.005011,27457099.0,2026-03-29 16:00
1774814400000,0.005011,0.00506,0.004759,0.004914,143475723.0,2026-03-29 20:00
1774828800000,0.004914,0.005055,0.004896,0.00504,56063037.0,2026-03-30 00:00
1774843200000,0.005041,0.005097,0.005028,0.005077,29500654.0,2026-03-30 04:00
1774857600000,0.005076,0.00512,0.004992,0.005076,49972695.0,2026-03-30 08:00
1774872000000,0.005076,0.005088,0.004983,0.005019,34150105.0,2026-03-30 12:00
1774886400000,0.005021,0.00508,0.004974,0.005002,54849564.0,2026-03-30 16:00
1774900800000,0.005002,0.005033,0.004972,0.00498,29132761.0,2026-03-30 20:00
1774915200000,0.004981,0.005114,0.004962,0.005079,32694949.0,2026-03-31 00:00
1774929600000,0.005078,0.005084,0.005031,0.005071,28507939.0,2026-03-31 04:00
1774944000000,0.005072,0.005076,0.004982,0.005029,54774191.0,2026-03-31 08:00
1774958400000,0.00503,0.005078,0.004976,0.004979,45301903.0,2026-03-31 12:00
1774972800000,0.00498,0.005108,0.00498,0.005071,51527636.0,2026-03-31 16:00
1774987200000,0.00507,0.005104,0.005043,0.0051,27683459.0,2026-03-31 20:00
1775001600000,0.005099,0.005115,0.005003,0.005065,39336099.0,2026-04-01 00:00
1775016000000,0.005062,0.005098,0.00501,0.005077,28800055.0,2026-04-01 04:00
1775030400000,0.005074,0.005165,0.005063,0.005088,57393216.0,2026-04-01 08:00
1775044800000,0.005087,0.005122,0.005038,0.005122,45479274.0,2026-04-01 12:00
1775059200000,0.005123,0.005178,0.005099,0.005124,41100270.0,2026-04-01 16:00
1775073600000,0.005126,0.005304,0.005111,0.005277,69395417.0,2026-04-01 20:00
1775088000000,0.005281,0.005341,0.005034,0.005043,89980751.0,2026-04-02 00:00
1775102400000,0.005043,0.005102,0.004961,0.005087,52574832.0,2026-04-02 04:00
1775116800000,0.005085,0.005085,0.004966,0.004985,54801257.0,2026-04-02 08:00
1775131200000,0.004983,0.005336,0.004963,0.00525,203997979.0,2026-04-02 12:00
1775145600000,0.005244,0.005664,0.005171,0.005453,487121962.0,2026-04-02 16:00
1775160000000,0.005456,0.005461,0.005265,0.005402,111303780.0,2026-04-02 20:00
1775174400000,0.005402,0.005605,0.005255,0.005497,132315012.0,2026-04-03 00:00
1775188800000,0.005493,0.005561,0.005336,0.00538,188268065.0,2026-04-03 04:00
1775203200000,0.00538,0.005384,0.00521,0.005256,98955357.0,2026-04-03 08:00
1775217600000,0.005255,0.00526,0.005136,0.005141,76561043.0,2026-04-03 12:00
1775232000000,0.005141,0.005197,0.005121,0.005168,54116825.0,2026-04-03 16:00
1775246400000,0.005165,0.005251,0.005113,0.005189,54768655.0,2026-04-03 20:00
1775260800000,0.00519,0.005207,0.005154,0.005183,26675882.0,2026-04-04 00:00
1775275200000,0.005184,0.005236,0.005139,0.005216,38646041.0,2026-04-04 04:00
1775289600000,0.005217,0.005218,0.005133,0.005144,24136418.0,2026-04-04 08:00
1775304000000,0.005143,0.005152,0.005045,0.005094,40550781.0,2026-04-04 12:00
1775318400000,0.005093,0.005115,0.004985,0.005011,50352403.0,2026-04-04 16:00
1775332800000,0.005013,0.005041,0.005004,0.005037,27380188.0,2026-04-04 20:00
1775347200000,0.005037,0.005042,0.005003,0.005031,22910360.0,2026-04-05 00:00
1775361600000,0.005032,0.005038,0.00486,0.00499,57464412.0,2026-04-05 04:00
1775376000000,0.004989,0.005007,0.00496,0.00499,30704458.0,2026-04-05 08:00
1775390400000,0.004987,0.005088,0.004957,0.005044,93214328.0,2026-04-05 12:00
1775404800000,0.005043,0.005503,0.005012,0.005103,434245624.0,2026-04-05 16:00
1775419200000,0.0051,0.005187,0.005021,0.005173,101100976.0,2026-04-05 20:00
1775433600000,0.00517,0.005254,0.005143,0.005248,51863499.0,2026-04-06 00:00
1775448000000,0.005248,0.005253,0.005097,0.005113,76060289.0,2026-04-06 04:00
1775462400000,0.005115,0.005172,0.005099,0.005143,52015170.0,2026-04-06 08:00
1775476800000,0.005144,0.005149,0.005062,0.005092,46516091.0,2026-04-06 12:00
1775491200000,0.005092,0.005123,0.005052,0.005104,35460361.0,2026-04-06 16:00
1775505600000,0.005102,0.005118,0.004955,0.004996,57604909.0,2026-04-06 20:00
1775520000000,0.004997,0.005054,0.004931,0.004987,54105071.0,2026-04-07 00:00
1775534400000,0.004987,0.00509,0.004984,0.00504,36456251.0,2026-04-07 04:00
1775548800000,0.005039,0.005063,0.004991,0.005009,36560231.0,2026-04-07 08:00
1775563200000,0.005009,0.005045,0.004962,0.005024,36560562.0,2026-04-07 12:00
1775577600000,0.005025,0.005158,0.005003,0.005094,104173986.0,2026-04-07 16:00
1775592000000,0.005093,0.005278,0.005075,0.005257,79467998.0,2026-04-07 20:00
1775606400000,0.005254,0.005279,0.0052,0.005212,36152931.0,2026-04-08 00:00
1775620800000,0.005211,0.005275,0.005185,0.00524,38504588.0,2026-04-08 04:00
1775635200000,0.00524,0.005382,0.005231,0.005349,64223248.0,2026-04-08 08:00
1775649600000,0.00535,0.005385,0.005176,0.005245,134814665.0,2026-04-08 12:00
1775664000000,0.005243,0.005324,0.005235,0.005272,45749747.0,2026-04-08 16:00
1775678400000,0.005272,0.005304,0.005149,0.005169,27477149.0,2026-04-08 20:00
1775692800000,0.00517,0.005273,0.005147,0.005217,33283336.0,2026-04-09 00:00
1775707200000,0.005217,0.005231,0.005158,0.005221,34122088.0,2026-04-09 04:00
1775721600000,0.00522,0.005271,0.005178,0.005189,31763668.0,2026-04-09 08:00
1775736000000,0.005187,0.005263,0.005147,0.005248,37923987.0,2026-04-09 12:00
1775750400000,0.005249,0.005267,0.005208,0.005248,36194466.0,2026-04-09 16:00
1775764800000,0.005249,0.005279,0.005224,0.005239,23670769.0,2026-04-09 20:00
1775779200000,0.00524,0.005268,0.005189,0.005195,26375137.0,2026-04-10 00:00
1775793600000,0.005196,0.005244,0.005154,0.005164,36438337.0,2026-04-10 04:00
1775808000000,0.005162,0.0052,0.00504,0.00505,132817798.0,2026-04-10 08:00
1775822400000,0.00505,0.005194,0.00505,0.005153,66125689.0,2026-04-10 12:00
1775836800000,0.005154,0.00516,0.005097,0.005116,42363435.0,2026-04-10 16:00
1775851200000,0.005116,0.005151,0.005114,0.005142,24514676.0,2026-04-10 20:00
1775865600000,0.005144,0.005159,0.005082,0.0051,31781354.0,2026-04-11 00:00
1775880000000,0.005098,0.005151,0.005081,0.00513,30536694.0,2026-04-11 04:00
1775894400000,0.005131,0.005132,0.005055,0.005087,25469835.0,2026-04-11 08:00
1775908800000,0.005085,0.005359,0.005082,0.005258,256780095.0,2026-04-11 12:00
1775923200000,0.00526,0.005348,0.005246,0.005308,92067988.0,2026-04-11 16:00
1775937600000,0.005309,0.005316,0.005213,0.005232,43964283.0,2026-04-11 20:00
1775952000000,0.005234,0.00527,0.005085,0.005108,58439359.0,2026-04-12 00:00
1775966400000,0.005108,0.00516,0.005095,0.005135,35711710.0,2026-04-12 04:00
1775980800000,0.005134,0.005174,0.005098,0.005125,26561322.0,2026-04-12 08:00
1775995200000,0.005124,0.005146,0.005051,0.005091,43811282.0,2026-04-12 12:00
1776009600000,0.005092,0.005146,0.005047,0.005055,39084431.0,2026-04-12 16:00
1776024000000,0.005055,0.005091,0.004972,0.004995,53708802.0,2026-04-12 20:00
1776038400000,0.004995,0.005083,0.004972,0.005033,27645484.0,2026-04-13 00:00
1776052800000,0.005032,0.005082,0.00502,0.005036,23832456.0,2026-04-13 04:00
1776067200000,0.005035,0.005035,0.004874,0.00497,109836166.0,2026-04-13 08:00
1776081600000,0.004968,0.004997,0.004925,0.004963,60924499.0,2026-04-13 12:00
1776096000000,0.004964,0.004999,0.004929,0.004974,45242375.0,2026-04-13 16:00
1776110400000,0.004974,0.005128,0.004936,0.005111,63433009.0,2026-04-13 20:00
1776124800000,0.005112,0.005201,0.00509,0.005162,54929505.0,2026-04-14 00:00
1776139200000,0.005164,0.005181,0.004982,0.005039,72443571.0,2026-04-14 04:00
1776153600000,0.005037,0.005046,0.004969,0.00499,47980669.0,2026-04-14 08:00
1776168000000,0.004989,0.005036,0.004984,0.005006,40346358.0,2026-04-14 12:00
1776182400000,0.005005,0.005025,0.004864,0.004901,56668450.0,2026-04-14 16:00
1776196800000,0.004904,0.004999,0.004903,0.004975,40208543.0,2026-04-14 20:00
1776211200000,0.004974,0.005063,0.004966,0.004971,46294998.0,2026-04-15 00:00
1776225600000,0.004968,0.00504,0.00496,0.00501,43664218.0,2026-04-15 04:00
1776240000000,0.00501,0.005175,0.004998,0.005071,82656307.0,2026-04-15 08:00
1776254400000,0.005069,0.00511,0.005041,0.005068,36183128.0,2026-04-15 12:00
1776268800000,0.005067,0.00511,0.005039,0.005103,31987322.0,2026-04-15 16:00
1776283200000,0.005102,0.005112,0.005064,0.00508,26418938.0,2026-04-15 20:00
1776297600000,0.005082,0.00519,0.005075,0.005159,33246480.0,2026-04-16 00:00
1776312000000,0.005156,0.005268,0.005156,0.005227,47805770.0,2026-04-16 04:00
1776326400000,0.005226,0.005296,0.005202,0.005245,68858614.0,2026-04-16 08:00
1776340800000,0.005248,0.005303,0.005171,0.005275,83301224.0,2026-04-16 12:00
1776355200000,0.005273,0.00545,0.005232,0.00542,70638947.0,2026-04-16 16:00
1776369600000,0.005419,0.005455,0.005347,0.005428,34944003.0,2026-04-16 20:00
1776384000000,0.005426,0.005481,0.005387,0.005413,44956223.0,2026-04-17 00:00
1776398400000,0.005415,0.005591,0.005302,0.005577,98596809.0,2026-04-17 04:00
1776412800000,0.005582,0.006098,0.005502,0.005702,360250075.0,2026-04-17 08:00
1776427200000,0.005704,0.005831,0.005633,0.005673,153893685.0,2026-04-17 12:00
1776441600000,0.005673,0.00575,0.005539,0.005626,86953437.0,2026-04-17 16:00
1776456000000,0.005628,0.005853,0.005577,0.005774,165834033.0,2026-04-17 20:00
1776470400000,0.005773,0.005916,0.005682,0.005831,139916550.0,2026-04-18 00:00
1776484800000,0.00583,0.00628,0.005771,0.006123,266074755.0,2026-04-18 04:00
1776499200000,0.006124,0.006986,0.00573,0.005812,1561337660.0,2026-04-18 08:00
1776513600000,0.005812,0.005866,0.005635,0.00575,280593311.0,2026-04-18 12:00
1776528000000,0.005747,0.005768,0.005557,0.00557,148447636.0,2026-04-18 16:00
1776542400000,0.00557,0.005619,0.005464,0.005504,69584448.0,2026-04-18 20:00
1776556800000,0.005503,0.005523,0.0054,0.00547,101208800.0,2026-04-19 00:00
1776571200000,0.005472,0.005513,0.00539,0.005458,76634477.0,2026-04-19 04:00
1776585600000,0.005458,0.005492,0.005327,0.005418,77960058.0,2026-04-19 08:00
1776600000000,0.005418,0.005522,0.005404,0.005478,88748080.0,2026-04-19 12:00
1776614400000,0.005478,0.005487,0.005363,0.005458,47153260.0,2026-04-19 16:00
1776628800000,0.005457,0.005463,0.005249,0.005263,65723296.0,2026-04-19 20:00
1776643200000,0.005264,0.005372,0.005253,0.005359,38464814.0,2026-04-20 00:00
1776657600000,0.005356,0.005448,0.005346,0.005375,56404114.0,2026-04-20 04:00
1776672000000,0.005376,0.005382,0.005289,0.005331,57020463.0,2026-04-20 08:00
1776686400000,0.005332,0.00546,0.005323,0.005418,66869310.0,2026-04-20 12:00
1776700800000,0.005421,0.005516,0.005401,0.005483,28308452.0,2026-04-20 16:00
1776715200000,0.005483,0.005564,0.005462,0.005539,37686326.0,2026-04-20 20:00
1776729600000,0.00554,0.005643,0.005479,0.005518,53228738.0,2026-04-21 00:00
1776744000000,0.005518,0.005538,0.005421,0.005437,42411413.0,2026-04-21 04:00
1776758400000,0.005436,0.005476,0.005416,0.005426,26202330.0,2026-04-21 08:00
1776772800000,0.005426,0.005469,0.005334,0.005448,45285365.0,2026-04-21 12:00
1776787200000,0.005448,0.005515,0.005394,0.005418,43615844.0,2026-04-21 16:00
1776801600000,0.005417,0.005508,0.005403,0.005506,17744885.0,2026-04-21 20:00
1776816000000,0.005507,0.005543,0.005435,0.005518,123397195.0,2026-04-22 00:00
1776830400000,0.00552,0.005606,0.005505,0.005516,50630550.0,2026-04-22 04:00
1776844800000,0.005518,0.005556,0.005483,0.005505,40414841.0,2026-04-22 08:00
1776859200000,0.005505,0.005527,0.005456,0.005507,36821506.0,2026-04-22 12:00
1776873600000,0.005511,0.005542,0.005464,0.005494,27030872.0,2026-04-22 16:00
1776888000000,0.005491,0.005494,0.005359,0.005372,25525275.0,2026-04-22 20:00
1776902400000,0.005372,0.005408,0.005279,0.005303,34194637.0,2026-04-23 00:00
1776916800000,0.005303,0.005336,0.005282,0.005291,24698617.0,2026-04-23 04:00
1776931200000,0.005291,0.005313,0.005216,0.005303,29143164.0,2026-04-23 08:00
1776945600000,0.005304,0.005393,0.005284,0.005363,31174600.0,2026-04-23 12:00
1776960000000,0.005364,0.005391,0.005293,0.005348,27441277.0,2026-04-23 16:00
1776974400000,0.005351,0.005425,0.005338,0.005425,14002547.0,2026-04-23 20:00
1776988800000,0.005426,0.005477,0.0054,0.005439,32718165.0,2026-04-24 00:00
1777003200000,0.005435,0.005437,0.005358,0.005361,21099366.0,2026-04-24 04:00
1777017600000,0.005361,0.005423,0.005315,0.005338,140002086.0,2026-04-24 08:00
1777032000000,0.005339,0.0054,0.005313,0.005383,55122175.0,2026-04-24 12:00
1777046400000,0.005383,0.005473,0.00536,0.005464,61646350.0,2026-04-24 16:00
1777060800000,0.005464,0.005479,0.005388,0.005422,41951974.0,2026-04-24 20:00
1777075200000,0.005424,0.005631,0.005403,0.005609,45990051.0,2026-04-25 00:00
1777089600000,0.005609,0.00563,0.005512,0.00559,65034043.0,2026-04-25 04:00
1777104000000,0.00559,0.005638,0.00544,0.005475,83754759.0,2026-04-25 08:00
1777118400000,0.005475,0.005503,0.005405,0.005417,60957070.0,2026-04-25 12:00
1777132800000,0.005417,0.005432,0.005336,0.005361,45681644.0,2026-04-25 16:00
1777147200000,0.005361,0.005415,0.005325,0.005411,26841553.0,2026-04-25 20:00
1777161600000,0.005411,0.005431,0.005352,0.005401,25765521.0,2026-04-26 00:00
1777176000000,0.0054,0.005454,0.005365,0.005439,27820728.0,2026-04-26 04:00
1777190400000,0.005438,0.005476,0.0054,0.005448,32667107.0,2026-04-26 08:00
1777204800000,0.005448,0.005452,0.005366,0.005417,40190129.0,2026-04-26 12:00
1777219200000,0.005415,0.005429,0.00537,0.005412,23544917.0,2026-04-26 16:00
1777233600000,0.005411,0.005428,0.005361,0.005415,17621265.0,2026-04-26 20:00
1777248000000,0.005413,0.005481,0.005379,0.005459,22754951.0,2026-04-27 00:00
1777262400000,0.005457,0.005459,0.005242,0.005273,46141110.0,2026-04-27 04:00
1777276800000,0.005274,0.005336,0.005253,0.005326,20939608.0,2026-04-27 08:00
1777291200000,0.005329,0.005335,0.005228,0.005248,55129730.0,2026-04-27 12:00
1777305600000,0.005246,0.00531,0.005233,0.005274,25554321.0,2026-04-27 16:00
1777320000000,0.005273,0.005304,0.005261,0.005297,12434143.0,2026-04-27 20:00
1777334400000,0.005297,0.005323,0.005231,0.005271,40219415.0,2026-04-28 00:00
1777348800000,0.005275,0.005286,0.005209,0.00521,38628218.0,2026-04-28 04:00
1777363200000,0.005211,0.005238,0.005131,0.005163,41483873.0,2026-04-28 08:00
1777377600000,0.005163,0.005225,0.005147,0.00522,29156990.0,2026-04-28 12:00
1777392000000,0.005217,0.005267,0.005181,0.00524,23080787.0,2026-04-28 16:00
1777406400000,0.005243,0.005243,0.005201,0.005218,35714057.0,2026-04-28 20:00
1777420800000,0.005214,0.005277,0.005205,0.005273,28303815.0,2026-04-29 00:00
1777435200000,0.005273,0.005301,0.005186,0.005206,25811632.0,2026-04-29 04:00
1777449600000,0.005206,0.005298,0.005184,0.00526,26459900.0,2026-04-29 08:00
1777464000000,0.005258,0.00534,0.005162,0.005181,60400845.0,2026-04-29 12:00
1777478400000,0.005178,0.005227,0.005053,0.005129,54890667.0,2026-04-29 16:00
1777492800000,0.005132,0.00525,0.005118,0.005245,57326491.0,2026-04-29 20:00
1777507200000,0.005242,0.005303,0.005166,0.00517,22654607.0,2026-04-30 00:00
1777521600000,0.005169,0.005206,0.005079,0.005123,47100589.0,2026-04-30 04:00
1777536000000,0.005124,0.005183,0.005077,0.005107,52226051.0,2026-04-30 08:00
1777550400000,0.005105,0.005162,0.005081,0.00513,27133926.0,2026-04-30 12:00
1777564800000,0.00513,0.005143,0.005085,0.005101,22028312.0,2026-04-30 16:00
1777579200000,0.0051,0.005117,0.005031,0.005062,34253503.0,2026-04-30 20:00
1777593600000,0.005056,0.005165,0.005032,0.005123,23001161.0,2026-05-01 00:00
1777608000000,0.005126,0.005211,0.005095,0.005197,32373600.0,2026-05-01 04:00
1777622400000,0.0052,0.00533,0.005168,0.005219,81461948.0,2026-05-01 08:00
1777636800000,0.005217,0.005328,0.005211,0.005249,35058470.0,2026-05-01 12:00
1777651200000,0.005252,0.005282,0.005228,0.005241,25233689.0,2026-05-01 16:00
1777665600000,0.005244,0.005252,0.005153,0.00519,20888953.0,2026-05-01 20:00
1777680000000,0.005191,0.00522,0.005155,0.005177,16651495.0,2026-05-02 00:00
1777694400000,0.005178,0.005201,0.005131,0.005166,15478780.0,2026-05-02 04:00
1777708800000,0.005169,0.005201,0.00513,0.00515,25085171.0,2026-05-02 08:00
1777723200000,0.00515,0.005234,0.005142,0.005234,18620584.0,2026-05-02 12:00
1777737600000,0.005232,0.00525,0.005195,0.005233,19083767.0,2026-05-02 16:00
1777752000000,0.005233,0.005294,0.005213,0.005276,33106153.0,2026-05-02 20:00
1777766400000,0.005272,0.0053,0.00516,0.005192,26813072.0,2026-05-03 00:00
1777780800000,0.005192,0.005248,0.005173,0.005203,21623995.0,2026-05-03 04:00
1777795200000,0.005202,0.005251,0.005171,0.005197,23382027.0,2026-05-03 08:00
1777809600000,0.005199,0.005251,0.005199,0.005213,15996217.0,2026-05-03 12:00
1777824000000,0.005213,0.00523,0.005188,0.005211,16902490.0,2026-05-03 16:00
1777838400000,0.005211,0.005269,0.005197,0.005207,19780656.0,2026-05-03 20:00
1777852800000,0.005206,0.005346,0.005146,0.005336,39563621.0,2026-05-04 00:00
1777867200000,0.005336,0.00537,0.005299,0.005301,32811523.0,2026-05-04 04:00
1777881600000,0.005301,0.005306,0.005173,0.005199,46233490.0,2026-05-04 08:00
1777896000000,0.005199,0.005252,0.005166,0.005229,43919508.0,2026-05-04 12:00
1777910400000,0.005232,0.005293,0.005215,0.005226,29793074.0,2026-05-04 16:00
1777924800000,0.005227,0.005293,0.005202,0.005213,28309404.0,2026-05-04 20:00
1777939200000,0.005216,0.005352,0.005203,0.005338,38377823.0,2026-05-05 00:00
1777953600000,0.005338,0.005387,0.005312,0.00536,41390247.0,2026-05-05 04:00
1777968000000,0.00536,0.005362,0.00527,0.0053,29082711.0,2026-05-05 08:00
1777982400000,0.005302,0.005327,0.005257,0.005265,32932181.0,2026-05-05 12:00
1777996800000,0.005265,0.005302,0.005251,0.005292,15838604.0,2026-05-05 16:00
1778011200000,0.005292,0.005369,0.00528,0.005305,28492114.0,2026-05-05 20:00
1778025600000,0.005305,0.005402,0.005298,0.005396,33216210.0,2026-05-06 00:00
1778040000000,0.005397,0.005561,0.005378,0.005555,93750286.0,2026-05-06 04:00
1778054400000,0.005553,0.005662,0.005545,0.005553,66091153.0,2026-05-06 08:00
1778068800000,0.005557,0.005579,0.005415,0.005557,64628642.0,2026-05-06 12:00
1778083200000,0.005556,0.005569,0.005485,0.005512,37367618.0,2026-05-06 16:00
1778097600000,0.00551,0.005634,0.005491,0.005597,44225872.0,2026-05-06 20:00
1778112000000,0.005597,0.005603,0.005432,0.005432,36339459.0,2026-05-07 00:00
1778126400000,0.005437,0.005822,0.005425,0.005772,112563179.0,2026-05-07 04:00
1778140800000,0.005773,0.005826,0.005635,0.005716,75805647.0,2026-05-07 08:00
1778155200000,0.005718,0.005793,0.005582,0.005648,72080121.0,2026-05-07 12:00
1778169600000,0.005651,0.005909,0.00563,0.005803,103211230.0,2026-05-07 16:00
1778184000000,0.005809,0.005832,0.005713,0.005777,41978078.0,2026-05-07 20:00
1778198400000,0.005778,0.005798,0.005661,0.0057,31018728.0,2026-05-08 00:00
1778212800000,0.005701,0.005742,0.005632,0.005675,27624495.0,2026-05-08 04:00
1778227200000,0.005675,0.005745,0.005663,0.005682,33748742.0,2026-05-08 08:00
1778241600000,0.005682,0.005797,0.005615,0.005768,52994389.0,2026-05-08 12:00
1778256000000,0.005767,0.005873,0.005729,0.005844,33025400.0,2026-05-08 16:00
1778270400000,0.005844,0.00586,0.005796,0.005826,28778282.0,2026-05-08 20:00
1778284800000,0.005826,0.005949,0.005813,0.005863,40183918.0,2026-05-09 00:00
1778299200000,0.005863,0.005912,0.00583,0.005865,49214269.0,2026-05-09 04:00
1778313600000,0.005865,0.00596,0.005796,0.005888,56422215.0,2026-05-09 08:00
1778328000000,0.005888,0.0059,0.005717,0.005735,48455781.0,2026-05-09 12:00
1778342400000,0.005736,0.005813,0.00573,0.005777,18845009.0,2026-05-09 16:00
1778356800000,0.005773,0.005785,0.005729,0.005746,18716533.0,2026-05-09 20:00
1778371200000,0.005744,0.005748,0.005646,0.005729,39300951.0,2026-05-10 00:00
1778385600000,0.005729,0.005796,0.005691,0.005751,46226866.0,2026-05-10 04:00
1778400000000,0.005753,0.005813,0.005745,0.005779,23577243.0,2026-05-10 08:00
1778414400000,0.005777,0.005854,0.00572,0.005845,52919852.0,2026-05-10 12:00
1778428800000,0.005848,0.005996,0.005847,0.005912,74096220.0,2026-05-10 16:00
1778443200000,0.005912,0.005943,0.005666,0.005843,69766233.0,2026-05-10 20:00
1778457600000,0.005845,0.005869,0.005657,0.005717,27904640.0,2026-05-11 00:00
1778472000000,0.005712,0.00578,0.005673,0.005751,36590236.0,2026-05-11 04:00
1778486400000,0.005752,0.005857,0.005727,0.005827,34013740.0,2026-05-11 08:00
1778500800000,0.005831,0.005836,0.005709,0.005795,39963835.0,2026-05-11 12:00
1778515200000,0.005794,0.005845,0.005777,0.005835,43594090.0,2026-05-11 16:00
1778529600000,0.005836,0.005863,0.0058,0.005847,34246224.0,2026-05-11 20:00
1778544000000,0.005848,0.005848,0.005708,0.005782,36053031.0,2026-05-12 00:00
1778558400000,0.00578,0.005897,0.005757,0.005872,66034949.0,2026-05-12 04:00
1778572800000,0.005871,0.005885,0.005698,0.00572,76272653.0,2026-05-12 08:00
1778587200000,0.005721,0.005832,0.005653,0.005696,74363797.0,2026-05-12 12:00
1778601600000,0.005701,0.006129,0.005675,0.006063,166450689.0,2026-05-12 16:00
1778616000000,0.006064,0.006435,0.005981,0.006378,477620308.0,2026-05-12 20:00
1778630400000,0.006373,0.006394,0.00598,0.006033,288843719.0,2026-05-13 00:00
1778644800000,0.006033,0.006157,0.005924,0.006077,119535697.0,2026-05-13 04:00
1778659200000,0.006078,0.0061,0.005895,0.005926,83112235.0,2026-05-13 08:00
1778673600000,0.00593,0.005951,0.005529,0.005573,222697650.0,2026-05-13 12:00
1778688000000,0.00557,0.0057,0.005552,0.005637,55840980.0,2026-05-13 16:00
1778702400000,0.005636,0.005723,0.005606,0.005663,36695289.0,2026-05-13 20:00
1778716800000,0.005664,0.005824,0.005633,0.005647,109269037.0,2026-05-14 00:00
1778731200000,0.005648,0.005763,0.005648,0.005682,47425518.0,2026-05-14 04:00
1778745600000,0.005683,0.005753,0.005614,0.005686,34406301.0,2026-05-14 08:00
1778760000000,0.005689,0.005852,0.005669,0.005833,35158236.0,2026-05-14 12:00
1778774400000,0.005831,0.005904,0.005776,0.005794,37959970.0,2026-05-14 16:00
1778788800000,0.005797,0.005803,0.005715,0.005726,35685744.0,2026-05-14 20:00
1778803200000,0.005727,0.005798,0.005711,0.005757,28151447.0,2026-05-15 00:00
1778817600000,0.005756,0.005756,0.005597,0.00564,38788424.0,2026-05-15 04:00
1778832000000,0.00564,0.005647,0.005571,0.005611,49704649.0,2026-05-15 08:00
1778846400000,0.005611,0.005624,0.00529,0.005372,88556274.0,2026-05-15 12:00
1778860800000,0.005372,0.005452,0.00535,0.005383,30221602.0,2026-05-15 16:00
1778875200000,0.005385,0.005399,0.005343,0.005382,24039486.0,2026-05-15 20:00
1778889600000,0.00538,0.005415,0.00536,0.005401,23190969.0,2026-05-16 00:00
1778904000000,0.005404,0.005404,0.005073,0.005214,55023451.0,2026-05-16 04:00
1778918400000,0.005213,0.005234,0.005084,0.005181,59028188.0,2026-05-16 08:00
1778932800000,0.005179,0.00526,0.005155,0.005227,20001997.0,2026-05-16 12:00
1778947200000,0.005226,0.00526,0.00517,0.00518,28101129.0,2026-05-16 16:00
1778961600000,0.005181,0.005201,0.005158,0.005196,27919661.0,2026-05-16 20:00
1778976000000,0.005194,0.005229,0.005123,0.00522,19062573.0,2026-05-17 00:00
1778990400000,0.00522,0.005265,0.005209,0.005262,17760201.0,2026-05-17 04:00
1779004800000,0.005262,0.00527,0.005208,0.005221,18407827.0,2026-05-17 08:00
1779019200000,0.00522,0.00524,0.005168,0.005205,15420054.0,2026-05-17 12:00
1779033600000,0.005205,0.005257,0.005169,0.005243,25846801.0,2026-05-17 16:00
1779048000000,0.00524,0.005248,0.004885,0.005073,50958563.0,2026-05-17 20:00
1779062400000,0.005075,0.005128,0.005027,0.005082,25222864.0,2026-05-18 00:00
1779076800000,0.005082,0.005124,0.005015,0.005047,32992287.0,2026-05-18 04:00
1779091200000,0.005047,0.005118,0.00504,0.005085,25629976.0,2026-05-18 08:00
1779105600000,0.005085,0.00512,0.005005,0.005049,31226653.0,2026-05-18 12:00
1779120000000,0.005049,0.005117,0.00499,0.0051,26538891.0,2026-05-18 16:00
1779134400000,0.005102,0.005189,0.005079,0.005121,22801611.0,2026-05-18 20:00
1779148800000,0.005123,0.005156,0.005056,0.00506,23541817.0,2026-05-19 00:00
1779163200000,0.00506,0.00514,0.00505,0.005128,17566793.0,2026-05-19 04:00
1779177600000,0.005126,0.005128,0.004994,0.005006,28100161.0,2026-05-19 08:00
1779192000000,0.005004,0.005099,0.005004,0.005034,23461937.0,2026-05-19 12:00
1779206400000,0.005041,0.005117,0.005029,0.005041,18079832.0,2026-05-19 16:00
1779220800000,0.00504,0.005052,0.004984,0.005033,19574474.0,2026-05-19 20:00
1779235200000,0.005027,0.00507,0.004994,0.005018,18436969.0,2026-05-20 00:00
1779249600000,0.005018,0.005082,0.005005,0.005051,14547888.0,2026-05-20 04:00
1779264000000,0.005051,0.005069,0.005011,0.005026,20328283.0,2026-05-20 08:00
1779278400000,0.005025,0.005113,0.004991,0.005095,32916853.0,2026-05-20 12:00
1779292800000,0.005094,0.005129,0.005061,0.005129,25492044.0,2026-05-20 16:00
1779307200000,0.005126,0.005129,0.005039,0.005063,14222508.0,2026-05-20 20:00
1779321600000,0.005063,0.005143,0.00506,0.005113,22184894.0,2026-05-21 00:00
1779336000000,0.005108,0.005153,0.005047,0.005133,40595936.0,2026-05-21 04:00
1779350400000,0.005133,0.005172,0.005043,0.005054,31807869.0,2026-05-21 08:00
1779364800000,0.005052,0.00514,0.005024,0.005128,27089987.0,2026-05-21 12:00
1779379200000,0.005124,0.005198,0.005103,0.005192,24937401.0,2026-05-21 16:00
1779393600000,0.005193,0.005206,0.005117,0.005123,28558529.0,2026-05-21 20:00
1779408000000,0.005124,0.005163,0.005087,0.005152,29323751.0,2026-05-22 00:00
1779422400000,0.005152,0.005188,0.005103,0.005151,24306337.0,2026-05-22 04:00
1779436800000,0.005148,0.005205,0.00512,0.005157,53559946.0,2026-05-22 08:00
1779451200000,0.005155,0.005198,0.005091,0.005131,51351397.0,2026-05-22 12:00
1779465600000,0.005133,0.005162,0.004855,0.004928,100337751.0,2026-05-22 16:00
1779480000000,0.004924,0.004982,0.004802,0.004851,57846738.0,2026-05-22 20:00
1779494400000,0.004849,0.004958,0.004822,0.004942,41571093.0,2026-05-23 00:00
1779508800000,0.004939,0.004949,0.004707,0.004764,77523450.0,2026-05-23 04:00
1779523200000,0.004762,0.00479,0.004676,0.004689,65938750.0,2026-05-23 08:00
1779537600000,0.00469,0.004839,0.004661,0.004817,60747983.0,2026-05-23 12:00
1779552000000,0.004817,0.00494,0.004799,0.004912,41000949.0,2026-05-23 16:00
1779566400000,0.004911,0.005063,0.004895,0.004968,43948674.0,2026-05-23 20:00
1779580800000,0.00497,0.004992,0.0049,0.004918,27035672.0,2026-05-24 00:00
1779595200000,0.004918,0.00498,0.004911,0.004949,28256636.0,2026-05-24 04:00
1779609600000,0.004949,0.004957,0.004882,0.004891,32361665.0,2026-05-24 08:00
1779624000000,0.00489,0.004892,0.00474,0.004831,42823111.0,2026-05-24 12:00
1779638400000,0.004831,0.004844,0.004783,0.004832,30557898.0,2026-05-24 16:00
1779652800000,0.004832,0.004834,0.004727,0.004807,31804094.0,2026-05-24 20:00
1779667200000,0.004807,0.004847,0.004792,0.004796,21528638.0,2026-05-25 00:00
1779681600000,0.004796,0.004932,0.004791,0.004916,34534118.0,2026-05-25 04:00
1779696000000,0.004916,0.005036,0.004913,0.004929,72602648.0,2026-05-25 08:00
1779710400000,0.004929,0.00499,0.00491,0.004968,28124171.0,2026-05-25 12:00
1779724800000,0.004971,0.005024,0.004945,0.004965,28964074.0,2026-05-25 16:00
1779739200000,0.004967,0.004979,0.004868,0.004909,33660362.0,2026-05-25 20:00
1779753600000,0.004909,0.00491,0.004764,0.004794,33845809.0,2026-05-26 00:00
1779768000000,0.004795,0.004828,0.004739,0.004739,36192439.0,2026-05-26 04:00
1779782400000,0.004739,0.004862,0.004739,0.004825,133374738.0,2026-05-26 08:00
1779796800000,0.004824,0.004896,0.004756,0.004794,41014915.0,2026-05-26 12:00
1779811200000,0.004794,0.004799,0.004679,0.004751,56815993.0,2026-05-26 16:00
1779825600000,0.004751,0.004754,0.004679,0.004683,34815098.0,2026-05-26 20:00
1779840000000,0.004684,0.004736,0.004642,0.004647,39245699.0,2026-05-27 00:00
1779854400000,0.004644,0.00474,0.004572,0.004737,59388079.0,2026-05-27 04:00
1779868800000,0.004736,0.004827,0.004693,0.004788,44107462.0,2026-05-27 08:00
1779883200000,0.004788,0.004876,0.004708,0.004833,49822625.0,2026-05-27 12:00
1779897600000,0.004833,0.00487,0.004715,0.004759,50787200.0,2026-05-27 16:00
1779912000000,0.004761,0.004789,0.004611,0.004644,46148337.0,2026-05-27 20:00
1779926400000,0.004644,0.004661,0.004457,0.004503,84039952.0,2026-05-28 00:00
1779940800000,0.004501,0.004512,0.004406,0.004495,64309535.0,2026-05-28 04:00
1779955200000,0.004497,0.004513,0.004416,0.004452,34467742.0,2026-05-28 08:00
1779969600000,0.004449,0.004574,0.004447,0.004531,48394405.0,2026-05-28 12:00
1779984000000,0.004531,0.004616,0.004483,0.004534,37588172.0,2026-05-28 16:00
1779998400000,0.004534,0.004585,0.0045,0.004522,32459621.0,2026-05-28 20:00
1780012800000,0.004521,0.004577,0.004505,0.004522,21784142.0,2026-05-29 00:00
1780027200000,0.004523,0.004562,0.004469,0.004503,32644525.0,2026-05-29 04:00
1780041600000,0.004504,0.004544,0.00423,0.004293,276761281.0,2026-05-29 08:00
1780056000000,0.004289,0.004448,0.004134,0.004433,195115009.0,2026-05-29 12:00
1780070400000,0.004434,0.004531,0.004382,0.004402,78016442.0,2026-05-29 16:00
1780084800000,0.004398,0.004432,0.004382,0.004405,35612710.0,2026-05-29 20:00
1780099200000,0.004404,0.004647,0.0044,0.004574,71225227.0,2026-05-30 00:00
1780113600000,0.004576,0.004622,0.00452,0.004603,76379116.0,2026-05-30 04:00
1780128000000,0.004605,0.004669,0.004519,0.004543,86673801.0,2026-05-30 08:00
1780142400000,0.004541,0.004633,0.004522,0.004532,62917763.0,2026-05-30 12:00
1780156800000,0.004534,0.004556,0.004504,0.004515,36569988.0,2026-05-30 16:00
1780171200000,0.004517,0.004542,0.004452,0.004479,32020292.0,2026-05-30 20:00
1780185600000,0.00448,0.004601,0.004432,0.004547,44003174.0,2026-05-31 00:00
1780200000000,0.004547,0.004568,0.00446,0.004488,28228540.0,2026-05-31 04:00
1780214400000,0.004488,0.004516,0.004451,0.004477,32491328.0,2026-05-31 08:00
1780228800000,0.004479,0.004514,0.004401,0.004415,39804581.0,2026-05-31 12:00
1780243200000,0.004413,0.004472,0.004371,0.004423,41501326.0,2026-05-31 16:00
1780257600000,0.004423,0.004579,0.004423,0.004538,37208508.0,2026-05-31 20:00
1780272000000,0.004538,0.00471,0.004524,0.004657,83658395.0,2026-06-01 00:00
1780286400000,0.004657,0.004666,0.004484,0.0045,52420146.0,2026-06-01 04:00
1780300800000,0.004499,0.004541,0.004465,0.004487,52603981.0,2026-06-01 08:00
1780315200000,0.004488,0.004502,0.004347,0.0044,103635197.0,2026-06-01 12:00
1780329600000,0.0044,0.004551,0.004382,0.004534,50026063.0,2026-06-01 16:00
1780344000000,0.004536,0.004544,0.00445,0.004519,41142715.0,2026-06-01 20:00
1780358400000,0.00452,0.004528,0.004392,0.004519,45805204.0,2026-06-02 00:00
1780372800000,0.004518,0.004522,0.004366,0.004399,57499827.0,2026-06-02 04:00
1780387200000,0.0044,0.004439,0.004341,0.004413,43214115.0,2026-06-02 08:00
1780401600000,0.004409,0.004468,0.00417,0.004222,104794448.0,2026-06-02 12:00
1780416000000,0.004225,0.004353,0.00416,0.004246,71831229.0,2026-06-02 16:00
1780430400000,0.004246,0.004323,0.004102,0.004192,67115414.0,2026-06-02 20:00
1780444800000,0.004193,0.004261,0.004147,0.004165,36791283.0,2026-06-03 00:00
1780459200000,0.004164,0.00438,0.004162,0.004353,45161765.0,2026-06-03 04:00
1780473600000,0.004351,0.004383,0.004284,0.004353,47126174.0,2026-06-03 08:00
1780488000000,0.004351,0.004354,0.004271,0.004275,48265265.0,2026-06-03 12:00
1780502400000,0.004276,0.0043,0.004198,0.004202,43576032.0,2026-06-03 16:00
1780516800000,0.004201,0.004291,0.004108,0.004177,52776151.0,2026-06-03 20:00
1780531200000,0.004177,0.004217,0.003739,0.004048,170806121.0,2026-06-04 00:00
1780545600000,0.004047,0.004066,0.003897,0.0039,74434290.0,2026-06-04 04:00
1780560000000,0.003901,0.003923,0.003768,0.003836,78467729.0,2026-06-04 08:00
1780574400000,0.003838,0.003992,0.003808,0.003981,54707903.0,2026-06-04 12:00
1780588800000,0.00398,0.004006,0.003916,0.003961,35306082.0,2026-06-04 16:00
1780603200000,0.003961,0.003963,0.003833,0.003896,39873458.0,2026-06-04 20:00
1780617600000,0.003897,0.003902,0.003724,0.003741,49213464.0,2026-06-05 00:00
1780632000000,0.003741,0.003812,0.00351,0.003689,124250206.0,2026-06-05 04:00
1780646400000,0.003691,0.00371,0.003605,0.003644,76103632.0,2026-06-05 08:00
1780660800000,0.003644,0.003732,0.003545,0.003595,84765264.0,2026-06-05 12:00
1780675200000,0.00359,0.003671,0.003415,0.003528,114252146.0,2026-06-05 16:00
1780689600000,0.003532,0.003639,0.003486,0.003557,50580793.0,2026-06-05 20:00
1780704000000,0.003558,0.00361,0.003454,0.003468,40636793.0,2026-06-06 00:00
1780718400000,0.003469,0.003525,0.0033,0.003505,88516970.0,2026-06-06 04:00
1780732800000,0.003506,0.003555,0.003428,0.003487,52841230.0,2026-06-06 08:00
1780747200000,0.003487,0.003582,0.003464,0.003535,49660474.0,2026-06-06 12:00
1780761600000,0.003534,0.003562,0.003448,0.003456,78639758.0,2026-06-06 16:00
1780776000000,0.003456,0.003519,0.003448,0.003515,38061993.0,2026-06-06 20:00
1780790400000,0.003515,0.003625,0.003506,0.00356,43701841.0,2026-06-07 00:00
1780804800000,0.003562,0.003618,0.003525,0.003594,46909076.0,2026-06-07 04:00
1780819200000,0.003592,0.003669,0.003569,0.003585,41461434.0,2026-06-07 08:00
1780833600000,0.003585,0.0036,0.003511,0.003568,61971189.0,2026-06-07 12:00
1780848000000,0.003569,0.003595,0.003453,0.003477,56365455.0,2026-06-07 16:00
1780862400000,0.003473,0.003682,0.003466,0.003608,60364076.0,2026-06-07 20:00
1780876800000,0.00361,0.003652,0.003557,0.003574,31580161.0,2026-06-08 00:00
1780891200000,0.003572,0.003585,0.003502,0.00357,51649240.0,2026-06-08 04:00
1780905600000,0.003573,0.003676,0.003541,0.003645,54293163.0,2026-06-08 08:00
1780920000000,0.003648,0.003669,0.003608,0.003619,47577555.0,2026-06-08 12:00
1780934400000,0.003619,0.003654,0.003588,0.003591,48209689.0,2026-06-08 16:00
1780948800000,0.003594,0.003633,0.003533,0.003549,63382308.0,2026-06-08 20:00
1780963200000,0.003551,0.003557,0.003396,0.003427,125995453.0,2026-06-09 00:00
1780977600000,0.003427,0.00351,0.003406,0.003476,71230415.0,2026-06-09 04:00
1780992000000,0.003479,0.003485,0.003405,0.00348,57760241.0,2026-06-09 08:00
1781006400000,0.003479,0.003506,0.003384,0.003413,69640295.0,2026-06-09 12:00
1781020800000,0.003413,0.003478,0.003364,0.003465,65649035.0,2026-06-09 16:00
1781035200000,0.003467,0.003499,0.00343,0.003447,34539371.0,2026-06-09 20:00
1781049600000,0.003447,0.003476,0.003399,0.003411,47477536.0,2026-06-10 00:00
1781064000000,0.003415,0.003444,0.003374,0.00342,34881990.0,2026-06-10 04:00
1781078400000,0.003421,0.003423,0.003333,0.003349,44614610.0,2026-06-10 08:00
1781092800000,0.003349,0.0035,0.003324,0.003458,76511756.0,2026-06-10 12:00
1781107200000,0.003461,0.003469,0.003379,0.003398,36668735.0,2026-06-10 16:00
1781121600000,0.003374,0.003387,0.003283,0.003353,58941734.0,2026-06-10 20:00
1781136000000,0.003356,0.003453,0.003356,0.003442,55216029.0,2026-06-11 00:00
1781150400000,0.003442,0.003463,0.003407,0.00341,45975493.0,2026-06-11 04:00
1781164800000,0.00341,0.003441,0.003388,0.003422,45541907.0,2026-06-11 08:00
1781179200000,0.003422,0.003467,0.003366,0.003463,56578817.0,2026-06-11 12:00
1781193600000,0.003465,0.003545,0.003412,0.00351,51757265.0,2026-06-11 16:00
1781208000000,0.00351,0.003567,0.003452,0.003473,68861123.0,2026-06-11 20:00
1781222400000,0.003472,0.003503,0.003439,0.003467,31643168.0,2026-06-12 00:00
1781236800000,0.003469,0.003474,0.003408,0.00344,51600350.0,2026-06-12 04:00
1781251200000,0.003439,0.0035,0.003439,0.003489,50030228.0,2026-06-12 08:00
1781265600000,0.003491,0.003536,0.003443,0.003462,62386747.0,2026-06-12 12:00
1781280000000,0.003461,0.00351,0.003448,0.003479,50162554.0,2026-06-12 16:00
1781294400000,0.003479,0.003489,0.003433,0.00346,30979435.0,2026-06-12 20:00
1781308800000,0.003462,0.003505,0.003436,0.003445,35946858.0,2026-06-13 00:00
1781323200000,0.003445,0.003551,0.003422,0.003502,87173080.0,2026-06-13 04:00
1781337600000,0.003502,0.003523,0.003472,0.003499,55468273.0,2026-06-13 08:00
1781352000000,0.0035,0.003523,0.003486,0.003502,33406906.0,2026-06-13 12:00
1781366400000,0.003504,0.00355,0.00348,0.003518,53202608.0,2026-06-13 16:00
1781380800000,0.003518,0.003541,0.003494,0.003502,23893265.0,2026-06-13 20:00
1781395200000,0.003501,0.003534,0.003475,0.003512,25864795.0,2026-06-14 00:00
1781409600000,0.003513,0.003549,0.003476,0.003485,38646916.0,2026-06-14 04:00
1781424000000,0.003486,0.003509,0.003468,0.003477,33925520.0,2026-06-14 08:00
1781438400000,0.003481,0.003493,0.003412,0.003419,46135844.0,2026-06-14 12:00
1781452800000,0.003419,0.003481,0.003414,0.003456,48252611.0,2026-06-14 16:00
1781467200000,0.003456,0.003657,0.003451,0.003617,73746933.0,2026-06-14 20:00
1781481600000,0.00362,0.003638,0.003581,0.003635,40372234.0,2026-06-15 00:00
1781496000000,0.003634,0.003678,0.003594,0.003598,45835521.0,2026-06-15 04:00
1781510400000,0.003599,0.003708,0.003595,0.003669,62665070.0,2026-06-15 08:00
1781524800000,0.003669,0.003744,0.003655,0.003733,70231091.0,2026-06-15 12:00
1781539200000,0.003733,0.003741,0.003584,0.003629,67133827.0,2026-06-15 16:00
1781553600000,0.00363,0.003644,0.003561,0.003611,46201679.0,2026-06-15 20:00
1781568000000,0.003612,0.003629,0.003552,0.003608,44655646.0,2026-06-16 00:00
1781582400000,0.003607,0.003638,0.00358,0.003622,27691791.0,2026-06-16 04:00
1781596800000,0.003621,0.00368,0.003616,0.003646,38246639.0,2026-06-16 08:00
1781611200000,0.003646,0.003678,0.003517,0.003575,90298060.0,2026-06-16 12:00
1781625600000,0.003575,0.00366,0.003571,0.003608,81924628.0,2026-06-16 16:00
1781640000000,0.003608,0.003642,0.003585,0.003599,65581855.0,2026-06-16 20:00
1781654400000,0.003602,0.003653,0.003585,0.003608,52541885.0,2026-06-17 00:00
1781668800000,0.003611,0.003637,0.003587,0.003614,55797159.0,2026-06-17 04:00
1781683200000,0.003614,0.003616,0.003535,0.003553,59236898.0,2026-06-17 08:00
1781697600000,0.003551,0.003631,0.003525,0.003623,69798589.0,2026-06-17 12:00
1781712000000,0.003626,0.003653,0.003515,0.003541,104107807.0,2026-06-17 16:00
1781726400000,0.003543,0.003561,0.003487,0.003549,61310923.0,2026-06-17 20:00
1781740800000,0.003548,0.003574,0.0035,0.00351,36718467.0,2026-06-18 00:00
1781755200000,0.00351,0.003519,0.003457,0.003499,55157496.0,2026-06-18 04:00
1781769600000,0.003497,0.003508,0.003434,0.003443,42080692.0,2026-06-18 08:00
1781784000000,0.003445,0.003486,0.003317,0.003324,144030595.0,2026-06-18 12:00
1781798400000,0.003325,0.003367,0.003295,0.003363,82575827.0,2026-06-18 16:00
1781812800000,0.003363,0.003397,0.003333,0.003351,36676910.0,2026-06-18 20:00
1781827200000,0.003349,0.003371,0.003282,0.003331,46498979.0,2026-06-19 00:00
1781841600000,0.003329,0.003342,0.00328,0.003297,43947336.0,2026-06-19 04:00
1781856000000,0.003299,0.00333,0.003268,0.003291,45019907.0,2026-06-19 08:00
1781870400000,0.003292,0.003356,0.003273,0.003328,47468226.0,2026-06-19 12:00
1781884800000,0.003328,0.003346,0.003287,0.003301,44616536.0,2026-06-19 16:00
1781899200000,0.003303,0.003321,0.003272,0.00331,35654250.0,2026-06-19 20:00
1781913600000,0.003312,0.003352,0.003284,0.003294,39003418.0,2026-06-20 00:00
1781928000000,0.003296,0.0034,0.00329,0.003372,48245107.0,2026-06-20 04:00
1781942400000,0.003373,0.003561,0.003352,0.003512,175944190.0,2026-06-20 08:00
1781956800000,0.003514,0.003723,0.003504,0.003621,315037656.0,2026-06-20 12:00
1781971200000,0.003623,0.003878,0.003524,0.003542,595204995.0,2026-06-20 16:00
1781985600000,0.003541,0.003544,0.003464,0.003476,115262589.0,2026-06-20 20:00
1782000000000,0.003476,0.003529,0.003456,0.003471,110561236.0,2026-06-21 00:00
1782014400000,0.003469,0.003498,0.003425,0.003432,94719565.0,2026-06-21 04:00
1782028800000,0.003433,0.003456,0.003367,0.00337,103637145.0,2026-06-21 08:00
1782043200000,0.00337,0.003422,0.003363,0.003417,83211084.0,2026-06-21 12:00
1782057600000,0.003416,0.003451,0.00339,0.003418,81730398.0,2026-06-21 16:00
1782072000000,0.003419,0.003421,0.003333,0.003346,62379855.0,2026-06-21 20:00
1782086400000,0.003348,0.003462,0.003347,0.003405,56855031.0,2026-06-22 00:00
1782100800000,0.003405,0.003464,0.003405,0.003424,50794586.0,2026-06-22 04:00
1782115200000,0.003423,0.003453,0.003408,0.003449,63972607.0,2026-06-22 08:00
1782129600000,0.00345,0.003509,0.00344,0.003449,73931378.0,2026-06-22 12:00
1782144000000,0.003452,0.003455,0.003345,0.003367,68700471.0,2026-06-22 16:00
1782158400000,0.003367,0.003379,0.003286,0.003309,58280415.0,2026-06-22 20:00
1782172800000,0.003308,0.003312,0.003252,0.003291,59401219.0,2026-06-23 00:00
1782187200000,0.00329,0.003317,0.003138,0.003165,173803003.0,2026-06-23 04:00
1782201600000,0.003166,0.003189,0.003046,0.003182,168187059.0,2026-06-23 08:00
1782216000000,0.003182,0.003232,0.003153,0.003172,70886321.0,2026-06-23 12:00
1782230400000,0.003171,0.003221,0.003161,0.003209,45680920.0,2026-06-23 16:00
1782244800000,0.00321,0.003224,0.003164,0.003191,25181705.0,2026-06-23 20:00
1782259200000,0.003192,0.003235,0.003186,0.003203,31442896.0,2026-06-24 00:00
1782273600000,0.003203,0.003245,0.003177,0.003212,54308244.0,2026-06-24 04:00
1782288000000,0.003214,0.003253,0.003139,0.0032,74753227.0,2026-06-24 08:00
1782302400000,0.003202,0.003217,0.003111,0.003121,100060003.0,2026-06-24 12:00
1782316800000,0.003121,0.003163,0.00298,0.003088,163180773.0,2026-06-24 16:00
1782331200000,0.003087,0.003166,0.003081,0.00315,50294448.0,2026-06-24 20:00
1782345600000,0.003151,0.003165,0.00309,0.003111,28494950.0,2026-06-25 00:00
1782360000000,0.003109,0.003163,0.003097,0.003135,52125927.0,2026-06-25 04:00
1782374400000,0.003133,0.003155,0.003095,0.003107,41792540.0,2026-06-25 08:00
1782388800000,0.003107,0.003134,0.002884,0.003013,182775756.0,2026-06-25 12:00
1782403200000,0.003014,0.003039,0.002961,0.002987,59729077.0,2026-06-25 16:00
1782417600000,0.002988,0.003044,0.002987,0.00302,47116193.0,2026-06-25 20:00
1782432000000,0.003025,0.003046,0.002932,0.003043,150052786.0,2026-06-26 00:00
1782446400000,0.003043,0.003106,0.003009,0.003088,54319242.0,2026-06-26 04:00
1782460800000,0.003088,0.00309,0.002996,0.003009,56885910.0,2026-06-26 08:00
1782475200000,0.00301,0.003135,0.002987,0.003109,87771743.0,2026-06-26 12:00
1782489600000,0.003109,0.003161,0.003099,0.003101,52092348.0,2026-06-26 16:00
1782504000000,0.003102,0.003134,0.003064,0.00307,56909433.0,2026-06-26 20:00
1782518400000,0.003071,0.003084,0.00304,0.003075,42659885.0,2026-06-27 00:00
1782532800000,0.003074,0.00309,0.003058,0.003075,35173293.0,2026-06-27 04:00
1782547200000,0.003074,0.003077,0.003048,0.00306,33760585.0,2026-06-27 08:00
1782561600000,0.003058,0.003085,0.003038,0.003072,38638364.0,2026-06-27 12:00
1782576000000,0.003072,0.003075,0.002992,0.003017,41042202.0,2026-06-27 16:00
1782590400000,0.003018,0.003032,0.002982,0.002993,38217681.0,2026-06-27 20:00
1782604800000,0.002992,0.003019,0.002989,0.003017,27299460.0,2026-06-28 00:00
1782619200000,0.003019,0.00304,0.002981,0.003015,37908035.0,2026-06-28 04:00
1782633600000,0.003014,0.003037,0.002995,0.003035,39202924.0,2026-06-28 08:00
1782648000000,0.003033,0.003064,0.002989,0.003042,71419314.0,2026-06-28 12:00
1782662400000,0.003043,0.003053,0.002963,0.002985,51537547.0,2026-06-28 16:00
1782676800000,0.002985,0.002996,0.002915,0.002972,53504550.0,2026-06-28 20:00
1782691200000,0.002971,0.003061,0.002948,0.003034,48048946.0,2026-06-29 00:00
1782705600000,0.003035,0.003038,0.00298,0.003017,35450412.0,2026-06-29 04:00
1782720000000,0.003016,0.003026,0.002993,0.003003,36226688.0,2026-06-29 08:00
1782734400000,0.003003,0.003063,0.002954,0.003005,86584981.0,2026-06-29 12:00
1782748800000,0.003006,0.003074,0.002989,0.00303,59008829.0,2026-06-29 16:00
1782763200000,0.00303,0.003038,0.002974,0.002987,40083285.0,2026-06-29 20:00
1782777600000,0.002986,0.002993,0.002933,0.002946,52114056.0,2026-06-30 00:00
1782792000000,0.002946,0.002998,0.00294,0.002993,37046042.0,2026-06-30 04:00
1782806400000,0.002994,0.003134,0.002954,0.002959,198054079.0,2026-06-30 08:00
1782820800000,0.002957,0.003002,0.002923,0.002964,125132093.0,2026-06-30 12:00
1782835200000,0.002965,0.00301,0.002947,0.002995,49554202.0,2026-06-30 16:00
1782849600000,0.002995,0.003001,0.00294,0.002952,42341247.0,2026-06-30 20:00
1782864000000,0.002952,0.002998,0.002871,0.002994,73352602.0,2026-07-01 00:00
1782878400000,0.002993,0.003018,0.002922,0.002943,44243013.0,2026-07-01 04:00
1782892800000,0.002942,0.002976,0.002926,0.002971,36908965.0,2026-07-01 08:00
1782907200000,0.002971,0.003101,0.00295,0.00308,79541943.0,2026-07-01 12:00
1782921600000,0.00308,0.003126,0.003049,0.003073,91911502.0,2026-07-01 16:00
1782936000000,0.003074,0.003242,0.003066,0.003162,192513993.0,2026-07-01 20:00
1782950400000,0.003162,0.003169,0.003078,0.003139,97739346.0,2026-07-02 00:00
1782964800000,0.003137,0.003137,0.003036,0.003043,65761550.0,2026-07-02 04:00
1782979200000,0.003043,0.003112,0.003025,0.003102,70943388.0,2026-07-02 08:00
1782993600000,0.003101,0.003154,0.003083,0.003103,84780847.0,2026-07-02 12:00
1783008000000,0.003101,0.003118,0.003041,0.003068,86330473.0,2026-07-02 16:00
1783022400000,0.003069,0.003076,0.003046,0.003063,51517973.0,2026-07-02 20:00
1783036800000,0.003063,0.003082,0.002936,0.00296,214259036.0,2026-07-03 00:00
1783051200000,0.00296,0.003184,0.002577,0.002929,1608582388.0,2026-07-03 04:00
1783065600000,0.002928,0.003008,0.002882,0.002983,229477090.0,2026-07-03 08:00
1783080000000,0.002983,0.003301,0.002919,0.003059,437338465.0,2026-07-03 12:00
1783094400000,0.003063,0.003111,0.003,0.003021,179953308.0,2026-07-03 16:00
1783108800000,0.00302,0.003082,0.002993,0.003027,158328662.0,2026-07-03 20:00
1783123200000,0.003025,0.003045,0.002966,0.002982,122788466.0,2026-07-04 00:00
1783137600000,0.002981,0.003006,0.002911,0.002967,159010943.0,2026-07-04 04:00
1783152000000,0.002967,0.003078,0.00296,0.003028,108372789.0,2026-07-04 08:00
1783166400000,0.003028,0.004893,0.003026,0.004738,12737155465.0,2026-07-04 12:00
1783180800000,0.004738,0.005462,0.004104,0.004714,23609374498.0,2026-07-04 16:00
1783195200000,0.004717,0.004932,0.004355,0.004472,8842924900.0,2026-07-04 20:00
1783209600000,0.004471,0.005239,0.004145,0.005101,11572728249.0,2026-07-05 00:00
1783224000000,0.0051,0.005316,0.004566,0.004685,13880698746.0,2026-07-05 04:00
1783238400000,0.004685,0.005547,0.004342,0.005449,15677310314.0,2026-07-05 08:00
1783252800000,0.005451,0.006092,0.005202,0.005335,31108902807.0,2026-07-05 12:00
1783267200000,0.005335,0.005594,0.005125,0.005445,9532038476.0,2026-07-05 16:00
1783281600000,0.005445,0.005838,0.005191,0.005549,7373165519.0,2026-07-05 20:00
1783296000000,0.005549,0.005866,0.005265,0.005457,7456280113.0,2026-07-06 00:00
1783310400000,0.005459,0.005459,0.004889,0.005248,6144191754.0,2026-07-06 04:00
1783324800000,0.005245,0.007465,0.005191,0.007185,28006866527.0,2026-07-06 08:00
1783339200000,0.007184,0.00985,0.006968,0.008273,32670760430.0,2026-07-06 12:00
1783353600000,0.008275,0.00829,0.00707,0.007473,13428535555.0,2026-07-06 16:00
1783368000000,0.007474,0.007945,0.00703,0.007432,5988001406.0,2026-07-06 20:00
1783382400000,0.007432,0.008963,0.007369,0.008057,10971060806.0,2026-07-07 00:00
1783396800000,0.008054,0.008457,0.006563,0.007607,17745619068.0,2026-07-07 04:00
1783411200000,0.007606,0.008178,0.007029,0.007222,8108856105.0,2026-07-07 08:00
1783425600000,0.007222,0.007962,0.006869,0.006927,6009631911.0,2026-07-07 12:00
1783440000000,0.006927,0.007048,0.006209,0.006598,4963728800.0,2026-07-07 16:00
1783454400000,0.006599,0.006681,0.006276,0.006416,1756190585.0,2026-07-07 20:00
1783468800000,0.006417,0.006552,0.006053,0.006146,2272058564.0,2026-07-08 00:00
1783483200000,0.006146,0.007634,0.006143,0.007411,4050561064.0,2026-07-08 04:00
1783497600000,0.007413,0.007637,0.006391,0.006436,3166940724.0,2026-07-08 08:00
1783512000000,0.006437,0.006657,0.006123,0.006493,2284103131.0,2026-07-08 12:00
1783526400000,0.006494,0.008275,0.006478,0.007414,8125727475.0,2026-07-08 16:00
1783540800000,0.007416,0.007665,0.00694,0.007161,1809109540.0,2026-07-08 20:00
1783555200000,0.007162,0.007618,0.006974,0.007511,2672218217.0,2026-07-09 00:00
1783569600000,0.007509,0.00814,0.007037,0.007553,4259357314.0,2026-07-09 04:00
1783584000000,0.007554,0.007898,0.007201,0.007856,3191209464.0,2026-07-09 08:00
1783598400000,0.007857,0.00868,0.007503,0.007609,6613234489.0,2026-07-09 12:00
1783612800000,0.007608,0.007749,0.006779,0.006871,2971162054.0,2026-07-09 16:00
1783627200000,0.006873,0.007399,0.006765,0.007126,1507709931.0,2026-07-09 20:00
1783641600000,0.007126,0.007472,0.007004,0.007342,1202157796.0,2026-07-10 00:00
1783656000000,0.007344,0.00737,0.006501,0.006747,1837995933.0,2026-07-10 04:00
1783670400000,0.006748,0.0071,0.006574,0.006714,1680342568.0,2026-07-10 08:00
1783684800000,0.006711,0.006945,0.006515,0.006532,1417464544.0,2026-07-10 12:00
1783699200000,0.006534,0.006684,0.006282,0.00639,1278559125.0,2026-07-10 16:00
1783713600000,0.00639,0.00639,0.006159,0.00619,693848148.0,2026-07-10 20:00
1783728000000,0.006189,0.006292,0.006162,0.006268,101890824.0,2026-07-11 00:00
1783742400000,0.005687,0.006257,0.00564,0.006003,2125196908.0,2026-07-11 04:00
1783756800000,0.006001,0.006176,0.005834,0.005873,770037190.0,2026-07-11 08:00
1784246400000,0.0052,0.005308,0.005167,0.005202,239636722.0,2026-07-17 00:00
1784260800000,0.005201,0.005337,0.005115,0.005266,350757796.0,2026-07-17 04:00
1784275200000,0.005267,0.005637,0.005255,0.00554,926725672.0,2026-07-17 08:00
1784289600000,0.005539,0.006069,0.005413,0.005633,1976188944.0,2026-07-17 12:00
1784304000000,0.005633,0.005709,0.005422,0.005445,727218485.0,2026-07-17 16:00
1784318400000,0.005445,0.005459,0.00531,0.005355,333524853.0,2026-07-17 20:00
1784419200000,0.00521,0.005323,0.005047,0.005052,509691362.0,2026-07-19 00:00
1784433600000,0.005052,0.005671,0.004991,0.005642,1061258653.0,2026-07-19 04:00
1784448000000,0.005642,0.005652,0.005266,0.005377,1216312977.0,2026-07-19 08:00
1784462400000,0.005377,0.005862,0.005324,0.005588,2305106648.0,2026-07-19 12:00
1784476800000,0.005587,0.005955,0.005505,0.005561,1592260324.0,2026-07-19 16:00
1784491200000,0.005562,0.005577,0.005287,0.005333,667461825.0,2026-07-19 20:00
1784505600000,0.005334,0.005397,0.005227,0.005241,424770899.0,2026-07-20 00:00
1784520000000,0.005242,0.005267,0.005027,0.005049,552107714.0,2026-07-20 04:00
1784534400000,0.005048,0.005213,0.004952,0.005042,759279089.0,2026-07-20 08:00
1784548800000,0.005041,0.005097,0.004965,0.005038,527312901.0,2026-07-20 12:00
1784563200000,0.005038,0.005117,0.005006,0.005052,294739151.0,2026-07-20 16:00
1784577600000,0.005051,0.005058,0.004943,0.004971,175175168.0,2026-07-20 20:00
1784592000000,0.00497,0.005072,0.004889,0.004905,251519725.0,2026-07-21 00:00
1784606400000,0.004904,0.004977,0.004751,0.004904,589958502.0,2026-07-21 04:00
1784620800000,0.004905,0.00491,0.004558,0.004609,648899612.0,2026-07-21 08:00
1784635200000,0.004607,0.004745,0.004564,0.004625,863909491.0,2026-07-21 12:00
1784649600000,0.004626,0.00475,0.004614,0.004679,379143728.0,2026-07-21 16:00
1784664000000,0.004679,0.004712,0.004544,0.004606,258809093.0,2026-07-21 20:00
1784678400000,0.004606,0.004777,0.004564,0.00468,460905784.0,2026-07-22 00:00
1784692800000,0.004682,0.004853,0.004658,0.004739,521736245.0,2026-07-22 04:00
1784707200000,0.004739,0.004899,0.00457,0.004713,670251508.0,2026-07-22 08:00
1784721600000,0.004712,0.004916,0.00469,0.004768,661710900.0,2026-07-22 12:00
1784736000000,0.004768,0.004789,0.004654,0.004672,256771989.0,2026-07-22 16:00
1784750400000,0.004672,0.004754,0.004645,0.004714,248229830.0,2026-07-22 20:00
1784764800000,0.004717,0.004747,0.004633,0.004677,263163476.0,2026-07-23 00:00
1784779200000,0.004677,0.004738,0.004519,0.004564,413792056.0,2026-07-23 04:00
1784793600000,0.004564,0.00459,0.00443,0.004466,582922643.0,2026-07-23 08:00
1784808000000,0.004466,0.004582,0.004406,0.004551,486259712.0,2026-07-23 12:00
1784822400000,0.00455,0.00461,0.004474,0.004586,329868420.0,2026-07-23 16:00
1784836800000,0.004585,0.004652,0.004527,0.004619,253998455.0,2026-07-23 20:00
1784851200000,0.004618,0.004706,0.004575,0.004648,336704921.0,2026-07-24 00:00
1784865600000,0.004646,0.004688,0.004543,0.004591,267273269.0,2026-07-24 04:00
1784880000000,0.004592,0.005032,0.00453,0.004545,1834924618.0,2026-07-24 08:00
1784894400000,0.004545,0.004686,0.004477,0.004506,973338401.0,2026-07-24 12:00
1784908800000,0.004507,0.004726,0.004494,0.004653,626562294.0,2026-07-24 16:00
1784923200000,0.004653,0.004791,0.004635,0.004705,494861266.0,2026-07-24 20:00
1784937600000,0.004705,0.004833,0.004661,0.004747,448455704.0,2026-07-25 00:00
1784952000000,0.004747,0.00488,0.004718,0.004812,562820720.0,2026-07-25 04:00
1784966400000,0.004811,0.00536,0.004687,0.005222,1655512857.0,2026-07-25 08:00
1784980800000,0.005222,0.005224,0.004643,0.004673,1465132976.0,2026-07-25 12:00
1784995200000,0.004673,0.004723,0.004629,0.004689,398519473.0,2026-07-25 16:00
1785009600000,0.004689,0.004707,0.004542,0.00457,331242525.0,2026-07-25 20:00
1785024000000,0.00457,0.004574,0.004365,0.004379,430539601.0,2026-07-26 00:00
1785038400000,0.00438,0.004452,0.004267,0.004308,553357528.0,2026-07-26 04:00
1785052800000,0.004308,0.004398,0.004216,0.004349,971340332.0,2026-07-26 08:00
1785067200000,0.004349,0.004361,0.004217,0.004254,977312421.0,2026-07-26 12:00
1785081600000,0.004254,0.004265,0.004143,0.004207,847626906.0,2026-07-26 16:00
1785096000000,0.004207,0.004324,0.004133,0.004157,1160556497.0,2026-07-26 20:00
1785110400000,0.004159,0.004175,0.004036,0.004081,837395873.0,2026-07-27 00:00
1785124800000,0.004081,0.004128,0.003914,0.003923,1197624148.0,2026-07-27 04:00
1785139200000,0.003923,0.00401,0.003845,0.003985,951058839.0,2026-07-27 08:00
1785153600000,0.003981,0.003998,0.003848,0.003915,920686886.0,2026-07-27 12:00
1785168000000,0.003914,0.004056,0.003864,0.003995,773896387.0,2026-07-27 16:00
1785182400000,0.003995,0.004078,0.00395,0.004004,610936912.0,2026-07-27 20:00
1785196800000,0.004004,0.004188,0.003986,0.004162,735728634.0,2026-07-28 00:00
1785211200000,0.004162,0.004509,0.004145,0.004314,2572391790.0,2026-07-28 04:00
1785225600000,0.004315,0.005033,0.004082,0.004561,7235352088.0,2026-07-28 08:00
1785240000000,0.004561,0.004952,0.004425,0.004811,3322017225.0,2026-07-28 12:00
1785254400000,0.004809,0.005088,0.00472,0.004773,2917265779.0,2026-07-28 16:00
1785268800000,0.004776,0.004812,0.004419,0.004443,1351833257.0,2026-07-28 20:00
1785283200000,0.004442,0.004462,0.004221,0.004228,902429198.0,2026-07-29 00:00
1785297600000,0.004229,0.004345,0.004026,0.004246,941405450.0,2026-07-29 04:00
1785312000000,0.004247,0.004281,0.004153,0.004192,542612544.0,2026-07-29 08:00
1785326400000,0.004193,0.004309,0.00411,0.00413,493796296.0,2026-07-29 12:00
1785340800000,0.00413,0.00422,0.004108,0.004136,580577142.0,2026-07-29 16:00
1785355200000,0.004136,0.004331,0.004111,0.004308,413869939.0,2026-07-29 20:00
1785369600000,0.004307,0.004433,0.004247,0.004272,496415028.0,2026-07-30 00:00
1785384000000,0.004273,0.004311,0.004164,0.00418,326196046.0,2026-07-30 04:00
1785398400000,0.004181,0.004182,0.004037,0.004045,384067201.0,2026-07-30 08:00
1785412800000,0.004045,0.004085,0.003911,0.003925,431189232.0,2026-07-30 12:00
1785427200000,0.003925,0.003958,0.003827,0.003905,524341243.0,2026-07-30 16:00
1785441600000,0.003906,0.003948,0.003867,0.003899,413487400.0,2026-07-30 20:00
1785456000000,0.003899,0.003948,0.00374,0.003767,724363349.0,2026-07-31 00:00
1785470400000,0.003766,0.003796,0.003671,0.003704,351227813.0,2026-07-31 04:00
1785484800000,0.003704,0.003745,0.003621,0.003706,526795627.0,2026-07-31 08:00
1785499200000,0.003706,0.003848,0.003661,0.003794,652336435.0,2026-07-31 12:00
1785513600000,0.003794,0.004039,0.003792,0.004029,506159530.0,2026-07-31 16:00
1785528000000,0.004029,0.004087,0.003956,0.004006,426482738.0,2026-07-31 20:00
1785542400000,0.004006,0.004099,0.003941,0.004072,605964236.0,2026-08-01 00:00
1785556800000,0.004072,0.004308,0.003976,0.00403,1066770056.0,2026-08-01 04:00
1785571200000,0.00403,0.004176,0.003875,0.003903,1070692640.0,2026-08-01 08:00
1785585600000,0.003902,0.004005,0.003891,0.003959,374637499.0,2026-08-01 12:00
1785600000000,0.003959,0.00397,0.003858,0.003881,367548849.0,2026-08-01 16:00
1785614400000,0.003881,0.003953,0.003874,0.00389,171400814.0,2026-08-01 20:00
1785628800000,0.003891,0.003916,0.003805,0.003813,414805832.0,2026-08-02 00:00
1785643200000,0.003813,0.003832,0.00373,0.003794,245731432.0,2026-08-02 04:00
1785657600000,0.003794,0.003845,0.003739,0.003794,354787416.0,2026-08-02 08:00
1785672000000,0.003793,0.003809,0.003728,0.003786,279134127.0,2026-08-02 12:00
1785686400000,0.003785,0.003787,0.003731,0.003754,188417869.0,2026-08-02 16:00
1785700800000,0.003752,0.00376,0.003679,0.003709,247896313.0,2026-08-02 20:00
1785715200000,0.003709,0.003935,0.003036,0.003796,2581299525.0,2026-08-03 00:00
1785729600000,0.003798,0.003988,0.003446,0.003471,2662864997.0,2026-08-03 04:00
1785744000000,0.003471,0.003539,0.003178,0.003183,983715406.0,2026-08-03 08:00
1785758400000,0.003184,0.003473,0.003165,0.003365,2111817033.0,2026-08-03 12:00
1785772800000,0.003366,0.003439,0.003279,0.003428,873418436.0,2026-08-03 16:00
1785787200000,0.003431,0.003586,0.003393,0.003488,848056903.0,2026-08-03 20:00
1785801600000,0.003488,0.004012,0.003473,0.003712,1519647963.0,2026-08-04 00:00
1785816000000,0.003712,0.003993,0.003564,0.003936,1744422433.0,2026-08-04 04:00
1785830400000,0.003937,0.003938,0.003621,0.003703,1228278645.0,2026-08-04 08:00
1785844800000,0.003705,0.003817,0.003371,0.003395,1011236744.0,2026-08-04 12:00
1785859200000,0.003393,0.003471,0.003379,0.003443,406925671.0,2026-08-04 16:00
1785873600000,0.003443,0.003477,0.003311,0.003331,376801706.0,2026-08-04 20:00
1785888000000,0.00333,0.003332,0.003222,0.003304,456339332.0,2026-08-05 00:00
1785902400000,0.003304,0.00352,0.003259,0.003467,920433188.0,2026-08-05 04:00
1785916800000,0.003467,0.00367,0.003414,0.003633,885768730.0,2026-08-05 08:00
1785931200000,0.003633,0.004188,0.00353,0.003636,2339751454.0,2026-08-05 12:00
1785945600000,0.003637,0.003675,0.003519,0.003568,761127826.0,2026-08-05 16:00
1785960000000,0.003568,0.003664,0.003526,0.003596,292386193.0,2026-08-05 20:00
1785974400000,0.003596,0.003658,0.00353,0.0036,414859961.0,2026-08-06 00:00
1785988800000,0.0036,0.003669,0.003461,0.003547,755917733.0,2026-08-06 04:00
1786003200000,0.003548,0.003605,0.003407,0.003551,570668141.0,2026-08-06 08:00
1786017600000,0.003551,0.003576,0.00333,0.003343,670227970.0,2026-08-06 12:00
1786032000000,0.003344,0.003414,0.003315,0.003324,301078279.0,2026-08-06 16:00
1786046400000,0.003325,0.003369,0.0032,0.00325,333383081.0,2026-08-06 20:00
1786060800000,0.003249,0.003356,0.003181,0.003317,342052127.0,2026-08-07 00:00
1786075200000,0.003318,0.003354,0.003185,0.003205,459288879.0,2026-08-07 04:00
1786089600000,0.003204,0.003347,0.003,0.003228,194270961.0,2026-08-07 08:00
1786104000000,0.003228,0.003228,0.003228,0.003228,0.0,2026-08-07 12:00
1786118400000,0.003228,0.003228,0.003228,0.003228,0.0,2026-08-07 16:00
1786132800000,0.003228,0.003228,0.003228,0.003228,0.0,2026-08-07 20:00
1786147200000,0.003228,0.003228,0.003228,0.003228,0.0,2026-08-08 00:00
1786161600000,0.003228,0.003228,0.003228,0.003228,0.0,2026-08-08 04:00
1786176000000,0.003228,0.003228,0.003228,0.003228,0.0,2026-08-08 08:00
1786190400000,0.003228,0.003228,0.003228,0.003228,0.0,2026-08-08 12:00
1786204800000,0.003228,0.003228,0.003228,0.003228,0.0,2026-08-08 16:00
1786219200000,0.003228,0.003228,0.003228,0.003228,0.0,2026-08-08 20:00
1786233600000,0.003228,0.003228,0.003228,0.003228,0.0,2026-08-09 00:00
1786248000000,0.003228,0.003228,0.003228,0.003228,0.0,2026-08-09 04:00
1786262400000,0.003228,0.003228,0.003228,0.003228,0.0,2026-08-09 08:00
1786276800000,0.003228,0.003228,0.003228,0.003228,0.0,2026-08-09 12:00
1786291200000,0.003228,0.003228,0.003228,0.003228,0.0,2026-08-09 16:00
1786305600000,0.003228,0.003228,0.003228,0.003228,0.0,2026-08-09 20:00
1786320000000,0.003228,0.003228,0.003228,0.003228,0.0,2026-08-10 00:00
1786334400000,0.003228,0.003228,0.003228,0.003228,0.0,2026-08-10 04:00
1786348800000,0.003228,0.003228,0.003228,0.003228,0.0,2026-08-10 08:00
1786363200000,0.003228,0.003228,0.003228,0.003228,0.0,2026-08-10 12:00
1786377600000,0.003228,0.003228,0.003228,0.003228,0.0,2026-08-10 16:00
1786392000000,0.003228,0.003228,0.003228,0.003228,0.0,2026-08-10 20:00
