timestamp,open,high,low,close,volume
2022-04-19 16:00:00+00:00,419.7,422.6,417.4,422.3,128578.004
2022-04-20 00:00:00+00:00,422.3,423.7,417.7,421.0,132892.956
2022-04-20 08:00:00+00:00,421.0,431.4,419.2,421.6,394965.099
2022-04-20 16:00:00+00:00,421.7,422.1,414.9,418.4,149397.035
2022-04-21 00:00:00+00:00,418.4,423.3,417.6,420.7,160082.031
2022-04-21 08:00:00+00:00,420.7,426.0,419.2,420.5,321001.576
2022-04-21 16:00:00+00:00,420.5,421.1,401.2,404.9,290634.547
2022-04-22 00:00:00+00:00,404.9,411.6,403.3,410.2,182678.85
2022-04-22 08:00:00+00:00,410.2,413.9,405.3,406.1,265638.738
2022-04-22 16:00:00+00:00,406.1,409.8,404.8,406.6,115203.461
2022-04-23 00:00:00+00:00,406.6,408.1,397.3,404.2,150870.222
2022-04-23 08:00:00+00:00,404.2,406.5,403.0,406.3,99062.995
2022-04-23 16:00:00+00:00,406.3,408.0,400.1,401.1,89414.233
2022-04-24 00:00:00+00:00,401.2,405.5,400.8,404.3,80255.803
2022-04-24 08:00:00+00:00,404.2,404.7,400.3,401.8,106699.314
2022-04-24 16:00:00+00:00,401.8,403.3,397.1,398.8,135934.688
2022-04-25 00:00:00+00:00,398.8,399.3,382.3,383.8,318076.008
2022-04-25 08:00:00+00:00,383.8,396.7,382.4,394.2,308495.416
2022-04-25 16:00:00+00:00,394.2,405.7,393.7,404.3,223227.254
2022-04-26 00:00:00+00:00,404.4,407.5,401.1,402.9,136370.777
2022-04-26 08:00:00+00:00,403.0,404.1,387.5,387.9,233655.312
2022-04-26 16:00:00+00:00,388.0,391.3,380.8,385.9,259782.723
2022-04-27 00:00:00+00:00,386.0,394.4,383.3,394.4,144881.876
2022-04-27 08:00:00+00:00,394.3,394.8,385.0,389.0,277068.798
2022-04-27 16:00:00+00:00,389.0,391.9,386.9,391.3,145420.821
2022-04-28 00:00:00+00:00,391.4,393.9,388.5,392.5,142650.716
2022-04-28 08:00:00+00:00,392.5,407.0,392.5,402.4,557053.605
2022-04-28 16:00:00+00:00,402.4,408.6,400.8,407.1,246632.013
2022-04-29 00:00:00+00:00,407.2,410.7,402.2,405.9,204837.815
2022-04-29 08:00:00+00:00,405.9,406.3,393.2,398.5,301089.52
2022-04-29 16:00:00+00:00,398.5,398.7,389.7,393.0,188961.191
2022-04-30 00:00:00+00:00,393.0,399.9,392.4,398.4,123932.281
2022-04-30 08:00:00+00:00,398.4,398.9,390.3,393.7,162477.658
2022-04-30 16:00:00+00:00,393.8,394.6,376.3,377.1,288495.883
2022-05-01 00:00:00+00:00,377.1,385.9,375.5,382.2,228650.228
2022-05-01 08:00:00+00:00,382.3,390.3,382.0,389.5,160391.109
2022-05-01 16:00:00+00:00,389.5,391.4,382.7,389.9,175103.336
2022-05-02 00:00:00+00:00,389.9,392.6,386.9,389.9,130243.334
2022-05-02 08:00:00+00:00,389.9,391.2,383.7,388.2,196111.669
2022-05-02 16:00:00+00:00,388.1,390.8,382.1,389.5,128563.109
2022-05-03 00:00:00+00:00,389.5,392.3,388.2,389.8,110352.695
2022-05-03 08:00:00+00:00,389.7,390.5,384.4,386.7,140415.866
2022-05-03 16:00:00+00:00,386.8,387.5,379.8,383.9,137548.859
2022-05-04 00:00:00+00:00,383.9,390.4,382.7,389.5,120469.708
2022-05-04 08:00:00+00:00,389.5,395.0,387.3,393.7,206644.375
2022-05-04 16:00:00+00:00,393.7,403.1,390.7,402.6,271952.599
2022-05-05 00:00:00+00:00,402.6,406.2,399.7,401.0,126205.543
2022-05-05 08:00:00+00:00,400.9,413.6,378.3,381.2,718318.294
2022-05-05 16:00:00+00:00,381.2,383.1,370.7,378.4,379590.675
2022-05-06 00:00:00+00:00,378.5,380.4,372.8,377.3,189550.165
2022-05-06 08:00:00+00:00,377.3,383.3,370.6,379.3,371876.014
2022-05-06 16:00:00+00:00,379.3,382.6,377.9,379.1,141015.24
2022-05-07 00:00:00+00:00,379.1,380.6,373.8,378.8,125281.628
2022-05-07 08:00:00+00:00,378.8,380.2,372.2,376.1,203716.137
2022-05-07 16:00:00+00:00,376.0,378.2,360.1,365.5,225854.766
2022-05-08 00:00:00+00:00,365.5,367.0,355.3,359.5,295815.246
2022-05-08 08:00:00+00:00,359.4,360.7,352.5,356.2,260696.04
2022-05-08 16:00:00+00:00,356.1,359.7,349.5,355.9,228672.801
2022-05-09 00:00:00+00:00,355.9,359.3,343.3,343.4,283452.818
2022-05-09 08:00:00+00:00,343.5,344.9,321.2,324.5,717765.761
2022-05-09 16:00:00+00:00,324.4,326.6,295.4,296.1,1136348.2912
2022-05-10 00:00:00+00:00,296.1,332.8,289.0,321.7,1084602.1864
2022-05-10 08:00:00+00:00,321.7,331.2,314.4,321.0,637985.989
2022-05-10 16:00:00+00:00,321.0,328.1,308.4,319.1,438066.0
2022-05-11 00:00:00+00:00,319.1,323.0,295.8,299.9,721686.7
2022-05-11 08:00:00+00:00,300.0,316.4,272.0,288.2,1711544.2336
2022-05-11 16:00:00+00:00,288.2,290.5,260.8,271.5,954523.049
2022-05-12 00:00:00+00:00,271.4,281.2,218.8,247.4,2057277.3103
2022-05-12 08:00:00+00:00,247.5,285.0,245.3,272.6,1696289.754
2022-05-12 16:00:00+00:00,272.6,282.9,262.1,269.0,746058.539
2022-05-13 00:00:00+00:00,269.0,310.1,265.4,296.1,902900.747
2022-05-13 08:00:00+00:00,296.0,313.5,295.4,302.0,573799.747
2022-05-13 16:00:00+00:00,301.9,304.2,289.4,290.6,435686.867
2022-05-14 00:00:00+00:00,290.7,299.5,284.6,287.0,353565.085
2022-05-14 08:00:00+00:00,287.0,290.1,272.1,277.9,414887.362
2022-05-14 16:00:00+00:00,278.0,298.6,275.8,296.9,324421.576
2022-05-15 00:00:00+00:00,296.9,299.2,285.7,294.7,265252.278
2022-05-15 08:00:00+00:00,294.8,305.8,290.6,297.7,275408.385
2022-05-15 16:00:00+00:00,297.7,312.6,296.8,312.4,234048.568
2022-05-16 00:00:00+00:00,312.4,312.5,290.3,294.0,336061.14
2022-05-16 08:00:00+00:00,294.0,303.0,291.3,295.8,384875.899
2022-05-16 16:00:00+00:00,295.8,302.1,292.1,297.2,246685.795
2022-05-17 00:00:00+00:00,297.3,307.8,295.8,304.5,226729.241
2022-05-17 08:00:00+00:00,304.4,310.7,299.8,303.5,242872.254
2022-05-17 16:00:00+00:00,303.5,308.1,296.5,306.2,232664.112
2022-05-18 00:00:00+00:00,306.2,308.6,298.1,300.3,219447.664
2022-05-18 08:00:00+00:00,300.2,304.1,290.0,291.3,241642.686
2022-05-18 16:00:00+00:00,291.4,297.8,286.8,287.7,270000.741
2022-05-19 00:00:00+00:00,287.8,301.9,286.8,298.8,215939.471
2022-05-19 08:00:00+00:00,298.8,308.9,293.5,306.8,313978.295
2022-05-19 16:00:00+00:00,306.8,307.8,303.0,307.1,155321.078
2022-05-20 00:00:00+00:00,307.1,312.0,305.1,307.2,224176.475
2022-05-20 08:00:00+00:00,307.3,316.1,297.3,299.3,470158.283
2022-05-20 16:00:00+00:00,299.2,305.2,294.1,302.2,223783.419
2022-05-21 00:00:00+00:00,302.3,307.0,299.3,306.2,141207.072
2022-05-21 08:00:00+00:00,306.2,311.9,304.9,311.7,170137.668
2022-05-21 16:00:00+00:00,311.6,314.2,310.5,312.4,159433.743
2022-05-22 00:00:00+00:00,312.5,319.2,311.5,314.9,214029.942
2022-05-22 08:00:00+00:00,314.9,323.7,314.4,316.9,286387.015
2022-05-22 16:00:00+00:00,316.9,320.4,314.7,319.4,140258.616
2022-05-23 00:00:00+00:00,319.3,330.4,317.2,328.4,225119.169
2022-05-23 08:00:00+00:00,328.4,335.6,325.9,333.6,397889.056
2022-05-23 16:00:00+00:00,333.6,337.0,315.3,317.2,393204.646
2022-05-24 00:00:00+00:00,317.1,329.9,315.4,328.2,303346.598
2022-05-24 08:00:00+00:00,328.2,328.5,312.1,321.5,479584.418
2022-05-24 16:00:00+00:00,321.5,330.4,319.1,328.3,304209.682
2022-05-25 00:00:00+00:00,328.3,337.9,327.4,330.1,339538.967
2022-05-25 08:00:00+00:00,330.1,333.5,324.0,327.4,448740.329
2022-05-25 16:00:00+00:00,327.4,329.8,324.4,325.7,269457.459
2022-05-26 00:00:00+00:00,325.7,331.8,316.0,321.4,366557.628
2022-05-26 08:00:00+00:00,321.3,321.5,296.7,313.0,816923.817
2022-05-26 16:00:00+00:00,312.9,317.7,302.5,303.0,355956.153
2022-05-27 00:00:00+00:00,303.0,307.6,290.6,298.5,610925.519
2022-05-27 08:00:00+00:00,298.5,309.8,295.8,302.1,475885.666
2022-05-27 16:00:00+00:00,302.2,304.8,295.8,301.6,373737.823
2022-05-28 00:00:00+00:00,301.5,305.0,296.9,302.2,246727.961
2022-05-28 08:00:00+00:00,302.1,308.0,299.5,307.4,204545.214
2022-05-28 16:00:00+00:00,307.3,310.5,304.8,307.5,150381.329
2022-05-29 00:00:00+00:00,307.6,308.2,298.6,301.0,171195.432
2022-05-29 08:00:00+00:00,301.1,307.2,299.8,303.2,186292.786
2022-05-29 16:00:00+00:00,303.3,308.1,301.7,305.8,162019.529
2022-05-30 00:00:00+00:00,305.9,321.6,303.9,319.7,400082.437
2022-05-30 08:00:00+00:00,319.7,320.4,311.8,313.8,315207.99
2022-05-30 16:00:00+00:00,313.8,324.0,312.0,321.8,291637.804
2022-05-31 00:00:00+00:00,321.8,324.8,316.0,318.3,230532.231
2022-05-31 08:00:00+00:00,318.2,322.7,313.5,321.2,283388.799
2022-05-31 16:00:00+00:00,321.2,324.4,318.3,320.9,187825.36
2022-06-01 00:00:00+00:00,321.0,324.5,316.5,317.2,192348.049
2022-06-01 08:00:00+00:00,317.3,321.1,305.2,305.6,311236.173
2022-06-01 16:00:00+00:00,305.5,305.6,297.6,300.4,314400.387
2022-06-02 00:00:00+00:00,300.5,304.6,298.2,303.4,160926.523
2022-06-02 08:00:00+00:00,303.4,305.5,299.4,303.5,195375.311
2022-06-02 16:00:00+00:00,303.5,309.2,302.8,308.3,121368.566
2022-06-03 00:00:00+00:00,308.4,310.3,304.3,305.2,111293.129
2022-06-03 08:00:00+00:00,305.3,305.9,293.3,295.5,271303.444
2022-06-03 16:00:00+00:00,295.5,299.7,294.2,298.6,86400.104
2022-06-04 00:00:00+00:00,298.6,299.5,294.8,298.3,86865.086
2022-06-04 08:00:00+00:00,298.3,302.0,297.1,301.4,116500.508
2022-06-04 16:00:00+00:00,301.4,302.9,299.4,301.3,90167.514
2022-06-05 00:00:00+00:00,301.4,301.7,295.9,297.6,84029.672
2022-06-05 08:00:00+00:00,297.5,299.1,295.0,299.1,69319.52
2022-06-05 16:00:00+00:00,299.1,302.5,296.4,299.1,116346.709
2022-06-06 00:00:00+00:00,299.1,311.9,299.0,310.2,212125.942
2022-06-06 08:00:00+00:00,310.2,312.3,302.3,303.5,213526.087
2022-06-06 16:00:00+00:00,303.5,303.6,288.0,295.1,332938.831
2022-06-07 00:00:00+00:00,295.1,295.4,276.5,284.7,370375.476
2022-06-07 08:00:00+00:00,284.7,285.2,273.5,282.7,266082.114
2022-06-07 16:00:00+00:00,282.7,295.9,281.5,290.3,333327.029
2022-06-08 00:00:00+00:00,290.3,293.6,283.9,290.3,217481.093
2022-06-08 08:00:00+00:00,290.4,294.6,288.2,292.6,184796.227
2022-06-08 16:00:00+00:00,292.7,293.5,286.2,288.5,107233.135
2022-06-09 00:00:00+00:00,288.5,290.4,286.3,290.3,81778.826
2022-06-09 08:00:00+00:00,290.2,293.4,288.3,290.7,146435.692
2022-06-09 16:00:00+00:00,290.8,292.6,286.8,289.9,107280.555
2022-06-10 00:00:00+00:00,289.9,293.1,284.4,290.0,155559.65
2022-06-10 08:00:00+00:00,290.0,298.9,285.7,290.6,490195.385
2022-06-10 16:00:00+00:00,290.5,290.8,283.2,286.4,171768.329
2022-06-11 00:00:00+00:00,286.4,290.6,286.3,289.4,83724.779
2022-06-11 08:00:00+00:00,289.4,289.7,265.2,268.5,311718.038
2022-06-11 16:00:00+00:00,268.5,274.6,265.7,269.9,188908.639
2022-06-12 00:00:00+00:00,269.9,272.0,251.1,258.5,349274.196
2022-06-12 08:00:00+00:00,258.5,267.6,252.7,264.2,262821.991
2022-06-12 16:00:00+00:00,264.2,268.4,254.5,254.8,215658.848
2022-06-13 00:00:00+00:00,254.8,257.8,230.5,232.7,775449.469
2022-06-13 08:00:00+00:00,232.7,233.9,213.2,224.2,1183212.8849
2022-06-13 16:00:00+00:00,224.2,233.3,218.1,223.0,418927.055
2022-06-14 00:00:00+00:00,222.9,231.4,204.1,230.0,1129220.4654
2022-06-14 08:00:00+00:00,229.9,230.4,218.1,227.4,498931.855
2022-06-14 16:00:00+00:00,227.3,228.4,214.6,223.0,293872.764
2022-06-15 00:00:00+00:00,223.1,224.7,206.6,207.3,438102.509
2022-06-15 08:00:00+00:00,207.3,218.3,198.4,212.7,766043.1665
2022-06-15 16:00:00+00:00,212.7,234.7,202.5,233.6,901251.876
2022-06-16 00:00:00+00:00,233.6,237.2,221.7,222.6,292121.617
2022-06-16 08:00:00+00:00,222.5,224.0,211.6,215.6,438693.806
2022-06-16 16:00:00+00:00,215.5,219.0,207.7,210.2,244777.45
2022-06-17 00:00:00+00:00,210.3,222.1,207.7,219.6,262292.566
2022-06-17 08:00:00+00:00,219.7,221.7,212.8,215.9,292196.324
2022-06-17 16:00:00+00:00,215.9,217.4,213.7,215.8,136345.418
2022-06-18 00:00:00+00:00,215.8,219.0,199.2,201.3,355293.745
2022-06-18 08:00:00+00:00,201.3,206.0,196.4,198.5,378480.3104
2022-06-18 16:00:00+00:00,198.6,201.1,183.4,197.0,670916.4405
2022-06-19 00:00:00+00:00,197.0,199.7,189.7,193.1,284515.98
2022-06-19 08:00:00+00:00,193.1,210.0,192.5,209.4,551810.648
2022-06-19 16:00:00+00:00,209.4,217.0,205.1,215.1,265839.543
2022-06-20 00:00:00+00:00,215.1,216.3,204.8,207.1,245959.885
2022-06-20 08:00:00+00:00,207.2,219.8,206.7,217.8,442173.039
2022-06-20 16:00:00+00:00,217.7,218.0,211.2,216.5,192267.92
2022-06-21 00:00:00+00:00,216.5,225.9,213.1,221.0,272635.578
2022-06-21 08:00:00+00:00,221.0,228.4,218.7,225.1,373508.126
2022-06-21 16:00:00+00:00,225.1,227.5,217.3,220.1,182859.861
2022-06-22 00:00:00+00:00,220.2,220.6,211.7,212.0,245621.957
2022-06-22 08:00:00+00:00,211.9,221.0,211.2,215.2,262521.691
2022-06-22 16:00:00+00:00,215.3,218.3,213.0,214.4,182322.817
2022-06-23 00:00:00+00:00,214.4,224.3,214.0,222.2,222915.784
2022-06-23 08:00:00+00:00,222.2,231.7,221.0,222.9,369533.415
2022-06-23 16:00:00+00:00,222.9,230.6,221.0,228.9,191347.753
2022-06-24 00:00:00+00:00,229.0,234.6,228.3,231.1,187464.159
2022-06-24 08:00:00+00:00,231.0,242.3,230.8,235.1,329346.547
2022-06-24 16:00:00+00:00,235.1,243.3,233.3,240.2,190464.681
2022-06-25 00:00:00+00:00,240.3,242.1,235.5,241.3,157018.063
2022-06-25 08:00:00+00:00,241.4,241.9,229.7,230.7,200762.97
2022-06-25 16:00:00+00:00,230.7,240.4,230.4,239.7,133167.277
2022-06-26 00:00:00+00:00,239.7,240.6,236.3,239.0,104262.018
2022-06-26 08:00:00+00:00,239.0,245.2,237.8,239.8,197407.505
2022-06-26 16:00:00+00:00,239.8,240.4,233.2,233.9,155093.024
2022-06-27 00:00:00+00:00,234.0,240.4,233.2,239.4,136349.148
2022-06-27 08:00:00+00:00,239.4,241.0,230.0,234.2,214268.233
2022-06-27 16:00:00+00:00,234.1,236.9,231.2,233.8,132999.417
2022-06-28 00:00:00+00:00,233.9,238.3,230.5,237.7,141193.288
2022-06-28 08:00:00+00:00,237.7,242.8,234.4,234.9,307099.329
2022-06-28 16:00:00+00:00,235.0,236.6,225.9,226.9,184334.162
2022-06-29 00:00:00+00:00,227.0,229.8,217.2,220.6,300237.92
2022-06-29 08:00:00+00:00,220.5,222.3,215.4,218.8,253428.51
2022-06-29 16:00:00+00:00,218.7,222.6,215.8,219.7,158114.261
2022-06-30 00:00:00+00:00,219.7,220.3,210.1,211.4,242254.217
2022-06-30 08:00:00+00:00,211.4,213.3,205.4,212.4,315289.285
2022-06-30 16:00:00+00:00,212.4,219.9,209.9,219.6,233983.396
2022-07-01 00:00:00+00:00,219.6,226.8,217.6,223.1,396047.165
2022-07-01 08:00:00+00:00,223.0,225.0,213.5,214.9,287885.402
2022-07-01 16:00:00+00:00,215.0,220.8,214.5,216.9,132329.318
2022-07-02 00:00:00+00:00,216.9,218.8,213.8,215.4,135732.467
2022-07-02 08:00:00+00:00,215.4,218.5,214.4,216.0,128769.358
2022-07-02 16:00:00+00:00,216.1,219.7,215.2,218.3,78210.274
2022-07-03 00:00:00+00:00,218.4,219.9,214.0,218.4,147483.876
2022-07-03 08:00:00+00:00,218.4,218.6,213.9,214.7,113876.045
2022-07-03 16:00:00+00:00,214.7,220.1,214.4,219.2,99743.144
2022-07-04 00:00:00+00:00,219.2,219.9,214.8,216.8,98714.656
2022-07-04 08:00:00+00:00,216.7,227.4,216.4,226.0,252872.578
2022-07-04 16:00:00+00:00,226.0,232.2,225.2,231.5,163075.712
2022-07-05 00:00:00+00:00,231.6,236.6,229.8,233.9,215790.938
2022-07-05 08:00:00+00:00,233.8,234.0,222.9,225.2,269163.414
2022-07-05 16:00:00+00:00,225.2,233.8,224.1,230.8,199973.269
2022-07-06 00:00:00+00:00,230.8,235.6,229.0,234.6,225654.13
2022-07-06 08:00:00+00:00,234.5,239.2,233.5,236.5,262321.096
2022-07-06 16:00:00+00:00,236.5,240.0,236.0,238.6,156976.487
2022-07-07 00:00:00+00:00,238.6,239.3,235.5,237.2,107019.176
2022-07-07 08:00:00+00:00,237.1,243.0,230.0,240.5,211066.543
2022-07-07 16:00:00+00:00,240.5,243.8,239.4,241.4,170107.506
2022-07-08 00:00:00+00:00,241.4,247.7,239.4,241.5,217709.594
2022-07-08 08:00:00+00:00,241.6,242.9,237.0,242.4,280366.487
2022-07-08 16:00:00+00:00,242.3,243.7,239.0,240.7,145859.953
2022-07-09 00:00:00+00:00,240.7,245.0,240.4,244.4,107001.356
2022-07-09 08:00:00+00:00,244.4,245.0,241.1,242.3,89880.43
2022-07-09 16:00:00+00:00,242.4,244.9,241.5,243.3,70896.379
2022-07-10 00:00:00+00:00,243.3,243.5,234.7,237.0,177869.045
2022-07-10 08:00:00+00:00,237.1,237.5,232.0,233.1,116379.879
2022-07-10 16:00:00+00:00,233.1,235.9,231.7,234.7,102463.313
2022-07-11 00:00:00+00:00,234.7,235.0,228.0,229.8,148027.191
2022-07-11 08:00:00+00:00,229.9,234.0,229.5,231.7,135678.085
2022-07-11 16:00:00+00:00,231.7,233.8,225.1,225.6,135629.791
2022-07-12 00:00:00+00:00,225.7,226.4,222.5,223.2,129963.091
2022-07-12 08:00:00+00:00,223.3,227.6,220.9,226.5,143667.598
2022-07-12 16:00:00+00:00,226.4,228.3,220.2,220.6,136589.377
2022-07-13 00:00:00+00:00,220.6,226.1,219.3,225.9,90258.522
2022-07-13 08:00:00+00:00,226.0,229.1,216.4,222.7,421362.354
2022-07-13 16:00:00+00:00,222.7,231.3,221.0,230.5,202968.734
2022-07-14 00:00:00+00:00,230.5,234.4,229.7,230.5,171403.601
2022-07-14 08:00:00+00:00,230.5,236.9,227.1,236.3,215995.913
2022-07-14 16:00:00+00:00,236.4,240.0,234.7,238.5,190125.36
2022-07-15 00:00:00+00:00,238.6,239.7,235.4,238.7,148156.154
2022-07-15 08:00:00+00:00,238.6,240.7,236.3,237.9,165422.85
2022-07-15 16:00:00+00:00,237.9,242.7,236.1,238.5,132934.818
2022-07-16 00:00:00+00:00,238.6,239.1,233.9,234.5,78227.738
2022-07-16 08:00:00+00:00,234.6,240.1,234.4,239.9,77644.869
2022-07-16 16:00:00+00:00,240.0,251.5,239.9,249.8,267527.387
2022-07-17 00:00:00+00:00,249.8,256.1,246.4,252.2,185285.414
2022-07-17 08:00:00+00:00,252.1,254.7,249.5,251.2,127969.104
2022-07-17 16:00:00+00:00,251.3,253.5,247.0,247.8,123194.029
2022-07-18 00:00:00+00:00,247.8,262.5,247.6,261.4,248738.121
2022-07-18 08:00:00+00:00,261.4,264.8,258.1,264.0,273907.576
2022-07-18 16:00:00+00:00,264.0,265.6,255.0,264.1,224421.332
2022-07-19 00:00:00+00:00,264.1,267.5,255.8,258.2,327734.058
2022-07-19 08:00:00+00:00,258.1,265.4,257.1,263.8,292377.336
2022-07-19 16:00:00+00:00,263.9,274.8,263.5,268.6,326275.546
2022-07-20 00:00:00+00:00,268.6,271.2,265.7,267.1,223447.805
2022-07-20 08:00:00+00:00,267.2,272.0,263.7,270.0,266156.391
2022-07-20 16:00:00+00:00,269.9,270.9,256.4,258.2,281892.612
2022-07-21 00:00:00+00:00,258.3,260.0,250.7,255.7,202977.404
2022-07-21 08:00:00+00:00,255.7,261.2,254.3,258.9,190853.117
2022-07-21 16:00:00+00:00,259.0,266.0,258.8,265.6,151309.751
2022-07-22 00:00:00+00:00,265.6,269.0,262.9,267.4,124823.517
2022-07-22 08:00:00+00:00,267.3,271.4,265.0,265.9,245911.899
2022-07-22 16:00:00+00:00,265.9,267.9,261.1,262.4,137806.901
2022-07-23 00:00:00+00:00,262.5,268.4,261.2,267.3,92894.506
2022-07-23 08:00:00+00:00,267.3,272.6,254.2,256.8,262895.564
2022-07-23 16:00:00+00:00,256.7,260.4,252.7,259.2,132536.177
2022-07-24 00:00:00+00:00,259.2,264.0,257.1,262.6,110069.537
2022-07-24 08:00:00+00:00,262.6,265.6,260.7,264.8,116204.953
2022-07-24 16:00:00+00:00,264.9,266.2,260.3,261.4,107628.121
2022-07-25 00:00:00+00:00,261.4,262.7,253.0,255.2,150737.7
2022-07-25 08:00:00+00:00,255.3,257.7,253.4,256.2,111316.363
2022-07-25 16:00:00+00:00,256.2,257.3,243.8,244.6,196714.47
2022-07-26 00:00:00+00:00,244.7,245.2,240.7,242.9,135453.51
2022-07-26 08:00:00+00:00,242.8,244.4,239.6,240.0,113337.351
2022-07-26 16:00:00+00:00,240.1,249.6,240.0,249.4,116742.786
2022-07-27 00:00:00+00:00,249.5,255.0,247.5,252.6,126645.611
2022-07-27 08:00:00+00:00,252.6,259.9,251.3,258.6,159133.664
2022-07-27 16:00:00+00:00,258.6,272.0,254.7,271.6,370994.42
2022-07-28 00:00:00+00:00,271.6,273.7,266.7,267.7,158845.961
2022-07-28 08:00:00+00:00,267.7,278.6,263.6,276.5,303108.358
2022-07-28 16:00:00+00:00,276.5,280.8,274.4,277.2,207878.081
2022-07-29 00:00:00+00:00,277.2,282.4,274.8,277.9,193156.615
2022-07-29 08:00:00+00:00,278.0,299.0,275.8,298.6,579202.898
2022-07-29 16:00:00+00:00,298.6,302.0,292.5,293.6,305439.708
2022-07-30 00:00:00+00:00,293.6,300.2,288.9,290.8,224204.823
2022-07-30 08:00:00+00:00,290.9,299.9,285.6,299.1,255673.38
2022-07-30 16:00:00+00:00,299.0,300.0,285.1,287.8,203232.9
2022-07-31 00:00:00+00:00,287.8,295.7,286.5,291.6,157070.791
2022-07-31 08:00:00+00:00,291.7,294.4,288.9,291.1,162990.104
2022-07-31 16:00:00+00:00,291.1,297.1,282.1,283.4,244666.378
2022-08-01 00:00:00+00:00,283.5,290.5,282.8,288.0,145017.65
2022-08-01 08:00:00+00:00,288.0,289.2,282.2,286.1,182043.189
2022-08-01 16:00:00+00:00,286.2,286.4,277.9,283.2,166786.965
2022-08-02 00:00:00+00:00,283.3,285.0,274.2,279.5,183860.679
2022-08-02 08:00:00+00:00,279.5,286.2,275.4,285.0,224572.328
2022-08-02 16:00:00+00:00,285.0,291.1,283.1,283.8,219381.074
2022-08-03 00:00:00+00:00,283.8,290.0,278.2,288.0,169450.993
2022-08-03 08:00:00+00:00,288.1,299.3,287.6,298.0,235596.307
2022-08-03 16:00:00+00:00,298.0,305.7,295.4,297.5,280877.32
2022-08-04 00:00:00+00:00,297.6,308.5,297.2,303.4,240450.968
2022-08-04 08:00:00+00:00,303.4,307.8,298.6,303.0,286195.761
2022-08-04 16:00:00+00:00,303.1,313.4,299.4,311.8,281957.423
2022-08-05 00:00:00+00:00,311.9,318.3,308.1,316.9,194249.429
2022-08-05 08:00:00+00:00,316.8,321.5,312.3,313.1,305637.094
2022-08-05 16:00:00+00:00,313.0,316.9,310.7,315.9,141921.05
2022-08-06 00:00:00+00:00,315.9,319.5,312.6,315.2,132772.761
2022-08-06 08:00:00+00:00,315.3,318.3,313.3,316.0,95793.866
2022-08-06 16:00:00+00:00,316.0,322.9,314.2,315.2,165721.909
2022-08-07 00:00:00+00:00,315.3,316.1,308.2,312.3,115193.741
2022-08-07 08:00:00+00:00,312.2,324.6,310.7,322.3,173191.385
2022-08-07 16:00:00+00:00,322.3,325.9,321.6,322.8,126705.057
2022-08-08 00:00:00+00:00,322.7,329.8,321.9,328.7,183348.464
2022-08-08 08:00:00+00:00,328.8,334.0,324.1,325.2,243940.914
2022-08-08 16:00:00+00:00,325.2,329.7,320.8,324.9,152917.229
2022-08-09 00:00:00+00:00,324.9,326.6,322.4,325.6,115331.57
2022-08-09 08:00:00+00:00,325.6,325.7,312.4,316.0,233983.586
2022-08-09 16:00:00+00:00,316.0,328.3,315.3,324.4,151274.239
2022-08-10 00:00:00+00:00,324.5,326.4,313.6,321.9,205343.288
2022-08-10 08:00:00+00:00,322.0,336.8,315.5,333.3,448680.107
2022-08-10 16:00:00+00:00,333.3,334.8,326.0,328.8,177198.715
2022-08-11 00:00:00+00:00,328.8,334.7,328.5,330.6,181562.97
2022-08-11 08:00:00+00:00,330.5,334.5,322.9,325.0,254593.514
2022-08-11 16:00:00+00:00,325.1,328.0,322.0,323.6,113421.844
2022-08-12 00:00:00+00:00,323.5,326.1,320.0,323.4,112524.138
2022-08-12 08:00:00+00:00,323.5,327.7,317.7,323.4,169072.42
2022-08-12 16:00:00+00:00,323.4,328.1,321.5,327.9,103252.285
2022-08-13 00:00:00+00:00,327.9,331.3,325.0,327.6,149073.562
2022-08-13 08:00:00+00:00,327.5,333.0,324.8,328.1,163734.152
2022-08-13 16:00:00+00:00,328.1,328.9,322.8,324.3,92258.538
2022-08-14 00:00:00+00:00,324.3,331.0,323.1,329.7,116441.737
2022-08-14 08:00:00+00:00,329.6,330.0,320.2,322.8,133083.042
2022-08-14 16:00:00+00:00,322.8,323.1,315.8,317.6,128829.139
2022-08-15 00:00:00+00:00,317.6,327.4,315.4,316.7,210574.118
2022-08-15 08:00:00+00:00,316.6,319.9,313.6,319.6,144663.905
2022-08-15 16:00:00+00:00,319.6,320.6,315.7,319.5,100678.255
2022-08-16 00:00:00+00:00,319.4,322.4,314.6,317.7,133130.064
2022-08-16 08:00:00+00:00,317.8,319.0,313.2,315.8,136656.318
2022-08-16 16:00:00+00:00,315.8,317.9,312.0,316.1,101189.537
2022-08-17 00:00:00+00:00,316.0,324.0,315.4,315.9,178897.415
2022-08-17 08:00:00+00:00,315.9,317.3,305.3,307.2,198548.35
2022-08-17 16:00:00+00:00,307.2,311.7,304.2,306.9,126790.967
2022-08-18 00:00:00+00:00,306.8,307.9,301.4,307.7,115928.16
2022-08-18 08:00:00+00:00,307.8,311.0,302.0,305.4,154046.471
2022-08-18 16:00:00+00:00,305.5,306.0,295.8,298.1,139077.255
2022-08-19 00:00:00+00:00,298.1,298.2,276.2,282.7,337204.71
2022-08-19 08:00:00+00:00,282.7,285.6,278.4,283.9,262169.677
2022-08-19 16:00:00+00:00,284.0,288.1,277.6,279.1,270922.124
2022-08-20 00:00:00+00:00,279.0,289.4,278.8,287.7,221915.541
2022-08-20 08:00:00+00:00,287.7,288.5,285.3,286.9,108065.668
2022-08-20 16:00:00+00:00,286.9,287.7,277.0,283.7,183039.897
2022-08-21 00:00:00+00:00,283.8,296.8,283.4,296.6,167145.346
2022-08-21 08:00:00+00:00,296.6,300.3,293.9,298.5,189872.508
2022-08-21 16:00:00+00:00,298.6,304.2,296.6,301.9,171138.355
2022-08-22 00:00:00+00:00,301.9,304.9,291.2,291.5,193324.469
2022-08-22 08:00:00+00:00,291.6,299.5,288.8,298.8,289697.489
2022-08-22 16:00:00+00:00,298.8,301.7,293.1,300.0,155874.027
2022-08-23 00:00:00+00:00,300.0,301.7,293.8,298.8,136539.081
2022-08-23 08:00:00+00:00,298.8,300.8,295.8,298.2,170079.676
2022-08-23 16:00:00+00:00,298.2,301.2,296.0,299.3,96756.195
2022-08-24 00:00:00+00:00,299.3,300.1,294.3,295.3,120183.388
2022-08-24 08:00:00+00:00,295.3,298.9,294.4,298.0,109196.202
2022-08-24 16:00:00+00:00,298.0,300.5,295.7,296.4,114746.675
2022-08-25 00:00:00+00:00,296.4,307.5,296.0,305.0,153483.354
2022-08-25 08:00:00+00:00,305.1,305.8,299.0,301.5,159613.538
2022-08-25 16:00:00+00:00,301.4,303.9,299.7,301.2,85520.168
2022-08-26 00:00:00+00:00,301.2,301.6,294.7,296.5,117958.591
2022-08-26 08:00:00+00:00,296.4,302.3,286.9,288.1,288824.828
2022-08-26 16:00:00+00:00,288.1,288.5,277.2,279.6,187986.936
2022-08-27 00:00:00+00:00,279.6,282.9,276.0,282.7,132262.076
2022-08-27 08:00:00+00:00,282.6,284.8,278.1,280.4,133491.999
2022-08-27 16:00:00+00:00,280.4,280.9,273.3,277.9,146978.641
2022-08-28 00:00:00+00:00,277.9,280.7,275.9,279.7,95012.832
2022-08-28 08:00:00+00:00,279.8,281.5,276.8,281.3,91616.276
2022-08-28 16:00:00+00:00,281.3,284.1,275.6,276.5,126189.918
2022-08-29 00:00:00+00:00,276.5,280.3,274.4,277.9,128672.528
2022-08-29 08:00:00+00:00,277.9,284.9,272.3,284.4,229355.889
2022-08-29 16:00:00+00:00,284.5,286.7,280.0,285.9,123662.415
2022-08-30 00:00:00+00:00,285.9,291.3,284.7,290.7,122588.698
2022-08-30 08:00:00+00:00,290.7,292.0,279.9,281.6,166990.986
2022-08-30 16:00:00+00:00,281.6,284.7,276.1,281.6,147186.081
2022-08-31 00:00:00+00:00,281.7,290.0,281.4,286.2,131562.28
2022-08-31 08:00:00+00:00,286.2,289.0,280.5,282.5,146152.563
2022-08-31 16:00:00+00:00,282.5,283.5,277.7,279.2,111194.702
2022-09-01 00:00:00+00:00,279.3,280.3,274.7,275.4,119201.017
2022-09-01 08:00:00+00:00,275.4,279.2,270.7,272.4,191537.738
2022-09-01 16:00:00+00:00,272.5,278.8,271.2,278.3,104454.457
2022-09-02 00:00:00+00:00,278.3,281.2,275.2,278.9,82724.512
2022-09-02 08:00:00+00:00,278.9,283.4,277.3,282.1,134391.646
2022-09-02 16:00:00+00:00,282.2,283.0,273.7,277.5,104293.79
2022-09-03 00:00:00+00:00,277.4,278.8,274.2,275.6,54974.267
2022-09-03 08:00:00+00:00,275.6,277.6,275.1,276.3,55209.811
2022-09-03 16:00:00+00:00,276.2,278.0,275.5,277.8,38320.805
2022-09-04 00:00:00+00:00,277.8,280.6,275.8,275.9,53938.637
2022-09-04 08:00:00+00:00,275.9,280.6,275.0,278.0,75670.218
2022-09-04 16:00:00+00:00,277.9,279.7,277.1,279.1,63831.953
2022-09-05 00:00:00+00:00,279.1,282.0,273.8,275.3,95614.941
2022-09-05 08:00:00+00:00,275.2,277.5,273.4,276.7,91445.903
2022-09-05 16:00:00+00:00,276.8,277.5,273.5,276.9,71897.305
2022-09-06 00:00:00+00:00,276.9,286.3,276.5,280.6,213106.315
2022-09-06 08:00:00+00:00,280.6,283.8,277.3,281.3,136292.26
2022-09-06 16:00:00+00:00,281.4,281.5,261.0,262.5,291523.956
2022-09-07 00:00:00+00:00,262.5,265.0,258.6,264.3,140413.836
2022-09-07 08:00:00+00:00,264.2,268.0,262.1,267.1,113731.046
2022-09-07 16:00:00+00:00,267.1,280.4,266.8,278.9,177682.336
2022-09-08 00:00:00+00:00,279.0,280.9,275.6,276.7,110866.262
2022-09-08 08:00:00+00:00,276.8,282.9,275.4,279.9,177544.995
2022-09-08 16:00:00+00:00,280.0,282.0,277.5,280.5,97148.492
2022-09-09 00:00:00+00:00,280.6,291.4,280.0,290.9,208204.253
2022-09-09 08:00:00+00:00,291.0,295.9,288.3,292.3,199192.203
2022-09-09 16:00:00+00:00,292.4,295.2,289.3,293.4,134472.953
2022-09-10 00:00:00+00:00,293.4,297.2,291.2,292.5,122120.319
2022-09-10 08:00:00+00:00,292.5,295.6,290.3,293.1,90982.264
2022-09-10 16:00:00+00:00,293.1,298.6,292.0,296.7,115229.959
2022-09-11 00:00:00+00:00,296.7,298.1,291.7,295.3,88576.436
2022-09-11 08:00:00+00:00,295.3,296.8,292.6,294.5,67153.793
2022-09-11 16:00:00+00:00,294.5,296.6,289.7,295.3,105363.716
2022-09-12 00:00:00+00:00,295.3,298.2,290.8,296.2,136981.387
2022-09-12 08:00:00+00:00,296.2,300.0,292.8,293.4,153087.957
2022-09-12 16:00:00+00:00,293.5,294.9,291.3,294.1,118616.824
2022-09-13 00:00:00+00:00,294.1,294.9,288.5,293.7,123876.633
2022-09-13 08:00:00+00:00,293.8,298.6,281.0,283.1,308866.458
2022-09-13 16:00:00+00:00,283.1,284.6,275.4,277.4,145579.239
2022-09-14 00:00:00+00:00,277.5,282.0,276.0,279.1,124232.475
2022-09-14 08:00:00+00:00,279.1,282.8,277.2,279.5,165984.467
2022-09-14 16:00:00+00:00,279.5,280.4,273.3,279.3,134758.043
2022-09-15 00:00:00+00:00,279.4,280.5,271.2,277.1,241996.735
2022-09-15 08:00:00+00:00,277.1,277.2,266.3,269.8,187884.266
2022-09-15 16:00:00+00:00,269.8,272.7,268.6,271.1,90754.26
2022-09-16 00:00:00+00:00,271.1,275.6,268.5,273.4,89079.206
2022-09-16 08:00:00+00:00,273.4,276.6,271.3,275.1,136663.556
2022-09-16 16:00:00+00:00,275.1,275.1,270.9,274.9,85995.056
2022-09-17 00:00:00+00:00,274.9,278.4,274.7,276.5,67773.958
2022-09-17 08:00:00+00:00,276.5,278.2,275.5,277.5,64295.795
2022-09-17 16:00:00+00:00,277.6,279.9,277.4,279.1,57638.198
2022-09-18 00:00:00+00:00,279.1,279.2,276.5,278.1,44224.927
2022-09-18 08:00:00+00:00,278.2,280.3,274.1,275.3,113647.464
2022-09-18 16:00:00+00:00,275.3,275.8,263.1,266.2,170011.517
2022-09-19 00:00:00+00:00,266.3,269.7,256.7,259.6,201105.137
2022-09-19 08:00:00+00:00,259.6,270.4,257.5,266.1,184093.484
2022-09-19 16:00:00+00:00,266.0,273.0,264.3,271.9,122830.569
2022-09-20 00:00:00+00:00,272.0,273.7,267.3,270.2,105389.099
2022-09-20 08:00:00+00:00,270.3,271.0,265.9,270.3,133670.313
2022-09-20 16:00:00+00:00,270.2,271.4,265.2,266.3,96396.042
2022-09-21 00:00:00+00:00,266.3,268.5,264.1,265.9,66246.811
2022-09-21 08:00:00+00:00,266.0,270.8,264.2,267.3,112350.897
2022-09-21 16:00:00+00:00,267.2,276.4,260.3,264.0,357178.113
2022-09-22 00:00:00+00:00,264.0,266.9,263.5,266.9,83298.334
2022-09-22 08:00:00+00:00,266.8,271.2,266.3,268.4,134005.165
2022-09-22 16:00:00+00:00,268.4,276.7,266.8,275.3,122087.322
2022-09-23 00:00:00+00:00,275.4,277.9,272.7,274.8,107528.524
2022-09-23 08:00:00+00:00,274.8,275.8,269.1,271.3,144065.177
2022-09-23 16:00:00+00:00,271.2,277.1,268.3,276.7,111797.104
2022-09-24 00:00:00+00:00,276.7,285.0,275.4,280.7,141463.557
2022-09-24 08:00:00+00:00,280.7,283.2,279.2,279.7,99144.344
2022-09-24 16:00:00+00:00,279.7,280.0,274.2,274.4,84380.531
2022-09-25 00:00:00+00:00,274.4,278.1,273.1,277.9,54349.114
2022-09-25 08:00:00+00:00,278.0,280.0,274.0,275.3,82848.662
2022-09-25 16:00:00+00:00,275.4,276.4,270.9,274.3,83697.822
2022-09-26 00:00:00+00:00,274.3,276.7,270.8,273.3,91880.947
2022-09-26 08:00:00+00:00,273.4,276.9,271.3,274.5,121988.274
2022-09-26 16:00:00+00:00,274.5,276.3,272.2,276.1,54050.444
2022-09-27 00:00:00+00:00,276.1,286.6,275.9,285.1,146878.942
2022-09-27 08:00:00+00:00,285.2,285.8,280.7,280.9,104506.4
2022-09-27 16:00:00+00:00,280.9,281.4,269.2,272.3,155364.493
2022-09-28 00:00:00+00:00,272.3,273.8,266.3,270.5,109838.336
2022-09-28 08:00:00+00:00,270.5,278.7,268.1,278.4,132454.843
2022-09-28 16:00:00+00:00,278.4,283.7,277.4,281.6,115688.218
2022-09-29 00:00:00+00:00,281.6,285.6,279.9,281.0,103813.342
2022-09-29 08:00:00+00:00,281.1,283.0,277.1,281.6,120270.505
2022-09-29 16:00:00+00:00,281.6,284.2,280.3,284.1,77083.497
2022-09-30 00:00:00+00:00,284.2,287.9,282.6,286.7,94945.597
2022-09-30 08:00:00+00:00,286.8,289.8,282.0,286.7,195367.94
2022-09-30 16:00:00+00:00,286.8,288.4,280.5,284.8,101668.05
2022-10-01 00:00:00+00:00,284.9,285.4,281.9,282.5,45939.952
2022-10-01 08:00:00+00:00,282.6,283.9,281.3,281.5,55876.04
2022-10-01 16:00:00+00:00,281.5,284.6,277.7,282.9,94938.505
2022-10-02 00:00:00+00:00,282.9,283.4,280.9,281.5,45509.15
2022-10-02 08:00:00+00:00,281.5,283.7,279.4,282.5,70502.844
2022-10-02 16:00:00+00:00,282.5,287.9,282.2,284.7,84678.257
2022-10-03 00:00:00+00:00,284.7,287.5,283.1,285.4,73185.15
2022-10-03 08:00:00+00:00,285.5,288.5,284.4,286.4,127677.084
2022-10-03 16:00:00+00:00,286.4,289.1,285.4,286.9,75112.649
2022-10-04 00:00:00+00:00,287.0,291.3,286.3,290.9,71648.51
2022-10-04 08:00:00+00:00,290.9,297.3,289.4,294.1,141426.238
2022-10-04 16:00:00+00:00,294.1,298.2,292.6,296.2,108766.417
2022-10-05 00:00:00+00:00,296.3,296.4,293.8,294.1,52372.094
2022-10-05 08:00:00+00:00,294.1,294.3,289.2,292.7,116615.221
2022-10-05 16:00:00+00:00,292.7,295.0,292.1,294.2,52031.37
2022-10-06 00:00:00+00:00,294.2,298.1,293.8,295.6,79146.49
2022-10-06 08:00:00+00:00,295.5,296.1,291.9,293.7,93104.253
2022-10-06 16:00:00+00:00,293.7,295.0,278.6,287.0,277786.09
2022-10-07 00:00:00+00:00,286.9,287.0,282.4,284.7,99681.606
2022-10-07 08:00:00+00:00,284.8,286.1,279.1,282.7,185175.974
2022-10-07 16:00:00+00:00,282.7,283.6,280.3,282.3,69628.381
2022-10-08 00:00:00+00:00,282.2,282.7,280.6,281.3,50058.884
2022-10-08 08:00:00+00:00,281.3,281.6,280.1,280.7,43653.921
2022-10-08 16:00:00+00:00,280.8,282.3,275.4,276.4,89940.314
2022-10-09 00:00:00+00:00,276.3,277.7,275.1,277.5,59249.833
2022-10-09 08:00:00+00:00,277.4,279.4,276.9,279.0,54514.403
2022-10-09 16:00:00+00:00,279.0,279.4,276.8,278.2,57244.011
2022-10-10 00:00:00+00:00,278.2,279.2,276.3,276.5,43808.946
2022-10-10 08:00:00+00:00,276.5,276.6,271.6,274.9,105458.799
2022-10-10 16:00:00+00:00,274.8,275.5,271.3,271.5,67657.124
2022-10-11 00:00:00+00:00,271.5,271.5,267.2,271.1,89163.512
2022-10-11 08:00:00+00:00,271.1,274.0,269.6,273.2,79270.131
2022-10-11 16:00:00+00:00,273.1,273.8,269.2,271.4,53704.04
2022-10-12 00:00:00+00:00,271.3,272.9,271.1,271.5,49580.803
2022-10-12 08:00:00+00:00,271.4,272.9,269.7,271.0,75765.045
2022-10-12 16:00:00+00:00,270.9,271.9,269.2,270.9,42471.056
2022-10-13 00:00:00+00:00,270.9,272.2,262.2,264.3,95375.044
2022-10-13 08:00:00+00:00,264.4,267.8,256.8,266.8,327505.351
2022-10-13 16:00:00+00:00,266.8,273.7,266.6,271.6,117916.817
2022-10-14 00:00:00+00:00,271.6,276.8,271.4,273.5,101589.623
2022-10-14 08:00:00+00:00,273.6,275.5,270.7,271.3,118345.858
2022-10-14 16:00:00+00:00,271.3,271.6,267.6,269.4,78451.437
2022-10-15 00:00:00+00:00,269.4,270.9,268.9,270.7,35384.518
2022-10-15 08:00:00+00:00,270.8,271.4,268.8,271.1,49957.899
2022-10-15 16:00:00+00:00,271.1,271.3,267.4,268.2,58742.299
2022-10-16 00:00:00+00:00,268.2,270.3,267.9,270.0,35794.667
2022-10-16 08:00:00+00:00,269.9,271.0,269.3,270.6,63051.008
2022-10-16 16:00:00+00:00,270.5,273.9,270.1,272.5,86751.399
2022-10-17 00:00:00+00:00,272.4,273.0,269.8,272.2,54523.103
2022-10-17 08:00:00+00:00,272.2,275.0,271.1,274.0,77277.091
2022-10-17 16:00:00+00:00,274.1,275.9,274.0,275.6,55387.386
2022-10-18 00:00:00+00:00,275.7,276.0,273.8,274.7,50671.958
2022-10-18 08:00:00+00:00,274.8,274.9,271.1,272.1,82415.988
2022-10-18 16:00:00+00:00,272.1,274.1,270.1,273.1,62603.171
2022-10-19 00:00:00+00:00,273.2,273.8,270.4,271.5,40608.66
2022-10-19 08:00:00+00:00,271.6,273.3,270.3,273.2,53799.848
2022-10-19 16:00:00+00:00,273.2,273.9,271.0,272.0,59249.452
2022-10-20 00:00:00+00:00,271.9,272.8,269.0,271.5,52306.035
2022-10-20 08:00:00+00:00,271.6,273.4,271.3,272.4,48705.462
2022-10-20 16:00:00+00:00,272.4,272.5,267.3,269.0,65123.999
2022-10-21 00:00:00+00:00,269.0,269.5,265.6,267.0,55832.517
2022-10-21 08:00:00+00:00,267.1,269.9,263.4,269.8,90583.413
2022-10-21 16:00:00+00:00,269.8,271.2,268.9,270.1,49016.282
2022-10-22 00:00:00+00:00,270.1,270.2,268.4,269.9,22050.847
2022-10-22 08:00:00+00:00,269.8,271.0,269.1,269.6,38914.184
2022-10-22 16:00:00+00:00,269.5,271.1,269.0,270.4,23079.852
2022-10-23 00:00:00+00:00,270.5,271.1,269.4,269.7,23501.544
2022-10-23 08:00:00+00:00,269.8,270.9,268.7,270.4,34257.627
2022-10-23 16:00:00+00:00,270.4,276.8,270.4,276.0,76631.672
2022-10-24 00:00:00+00:00,275.9,277.4,272.7,273.5,52602.306
2022-10-24 08:00:00+00:00,273.5,274.9,271.6,273.1,58801.459
2022-10-24 16:00:00+00:00,273.1,274.4,272.1,274.1,42778.329
2022-10-25 00:00:00+00:00,274.2,275.0,273.0,273.3,49104.266
2022-10-25 08:00:00+00:00,273.3,282.2,272.0,280.8,96488.519
2022-10-25 16:00:00+00:00,280.8,289.9,280.7,284.2,241930.34
2022-10-26 00:00:00+00:00,284.2,287.2,284.1,286.7,74701.534
2022-10-26 08:00:00+00:00,286.8,290.7,285.0,289.6,150956.279
2022-10-26 16:00:00+00:00,289.6,292.0,288.1,290.2,90751.123
2022-10-27 00:00:00+00:00,290.3,293.3,288.0,289.2,100425.685
2022-10-27 08:00:00+00:00,289.3,290.6,286.2,287.8,127912.454
2022-10-27 16:00:00+00:00,287.8,289.2,284.7,286.7,87396.669
2022-10-28 00:00:00+00:00,286.8,288.3,285.7,286.2,73824.219
2022-10-28 08:00:00+00:00,286.2,296.9,285.8,296.8,186477.695
2022-10-28 16:00:00+00:00,296.8,301.1,296.4,297.9,156346.329
2022-10-29 00:00:00+00:00,297.9,306.2,295.6,302.3,156982.29
2022-10-29 08:00:00+00:00,302.3,307.4,299.2,303.1,204891.415
2022-10-29 16:00:00+00:00,303.2,308.4,301.6,304.4,191772.42
2022-10-30 00:00:00+00:00,304.5,314.9,302.3,313.7,166775.697
2022-10-30 08:00:00+00:00,313.7,318.8,306.7,310.1,221795.43
2022-10-30 16:00:00+00:00,310.1,317.6,309.3,313.5,150053.276
2022-10-31 00:00:00+00:00,313.6,315.1,306.5,310.3,110064.348
2022-10-31 08:00:00+00:00,310.2,337.9,308.1,323.9,764984.75
2022-10-31 16:00:00+00:00,323.8,330.0,322.5,325.7,172752.379
2022-11-01 00:00:00+00:00,325.8,334.6,323.5,327.0,239970.168
2022-11-01 08:00:00+00:00,327.0,330.0,317.4,319.4,209501.001
2022-11-01 16:00:00+00:00,319.4,326.6,318.6,323.9,100574.537
2022-11-02 00:00:00+00:00,323.8,328.0,319.3,322.7,117248.953
2022-11-02 08:00:00+00:00,322.7,323.2,315.3,318.7,131921.638
2022-11-02 16:00:00+00:00,318.7,330.0,315.7,320.2,312158.973
2022-11-03 00:00:00+00:00,320.2,338.7,318.0,333.7,244752.752
2022-11-03 08:00:00+00:00,333.7,338.5,322.7,327.9,234437.865
2022-11-03 16:00:00+00:00,327.9,334.8,327.5,329.5,143164.243
2022-11-04 00:00:00+00:00,329.6,347.2,328.3,344.2,282841.818
2022-11-04 08:00:00+00:00,344.2,358.9,343.2,349.1,356288.269
2022-11-04 16:00:00+00:00,349.2,355.1,348.2,354.6,112579.495
2022-11-05 00:00:00+00:00,354.7,361.3,352.2,360.3,143608.054
2022-11-05 08:00:00+00:00,360.3,360.4,347.8,351.1,160411.493
2022-11-05 16:00:00+00:00,351.1,352.3,346.1,349.2,107740.517
2022-11-06 00:00:00+00:00,349.1,354.1,346.8,352.0,117735.561
2022-11-06 08:00:00+00:00,352.0,354.1,348.6,350.5,95883.169
2022-11-06 16:00:00+00:00,350.6,356.0,337.7,337.9,177356.149
2022-11-07 00:00:00+00:00,337.8,342.3,327.3,328.2,248218.102
2022-11-07 08:00:00+00:00,328.2,334.9,326.4,334.9,221227.634
2022-11-07 16:00:00+00:00,334.9,344.4,329.1,337.0,271019.776
2022-11-08 00:00:00+00:00,337.0,348.9,312.4,325.7,712274.345
2022-11-08 08:00:00+00:00,325.8,336.9,319.8,327.0,382183.903
2022-11-08 16:00:00+00:00,327.1,398.3,298.0,327.4,2009458.136
2022-11-09 00:00:00+00:00,327.4,333.1,310.9,315.3,535563.288
2022-11-09 08:00:00+00:00,315.3,316.2,284.0,290.3,770466.442
2022-11-09 16:00:00+00:00,290.2,294.4,260.2,267.3,595046.169
2022-11-10 00:00:00+00:00,267.1,289.3,263.2,282.2,529406.629
2022-11-10 08:00:00+00:00,282.2,312.0,271.6,307.6,612406.259
2022-11-10 16:00:00+00:00,307.6,313.0,296.4,304.0,269426.022
2022-11-11 00:00:00+00:00,304.1,306.0,288.7,297.7,212665.977
2022-11-11 08:00:00+00:00,297.8,300.7,279.0,286.1,284640.389
2022-11-11 16:00:00+00:00,286.1,290.7,280.4,290.4,197839.275
2022-11-12 00:00:00+00:00,290.4,294.5,271.6,286.0,334077.312
2022-11-12 08:00:00+00:00,286.0,288.7,280.2,284.0,143082.296
2022-11-12 16:00:00+00:00,284.1,286.5,280.6,282.8,68199.747
2022-11-13 00:00:00+00:00,282.9,286.5,278.4,281.8,102918.11
2022-11-13 08:00:00+00:00,281.8,282.5,275.6,280.2,184639.552
2022-11-13 16:00:00+00:00,280.3,280.4,273.2,276.4,154721.259
2022-11-14 00:00:00+00:00,276.4,282.1,268.0,281.1,291674.768
2022-11-14 08:00:00+00:00,281.2,292.0,277.3,279.2,360854.991
2022-11-14 16:00:00+00:00,279.2,280.0,271.9,279.0,166196.138
2022-11-15 00:00:00+00:00,279.0,282.4,275.9,279.1,133138.734
2022-11-15 08:00:00+00:00,279.0,282.3,273.8,280.5,198185.6
2022-11-15 16:00:00+00:00,280.4,281.4,273.2,277.0,114241.33
2022-11-16 00:00:00+00:00,277.0,280.2,276.0,277.6,98843.681
2022-11-16 08:00:00+00:00,277.7,277.7,268.8,270.2,201245.892
2022-11-16 16:00:00+00:00,270.2,273.8,269.0,271.8,102807.226
2022-11-17 00:00:00+00:00,271.9,273.5,265.9,269.8,120728.326
2022-11-17 08:00:00+00:00,269.8,270.0,262.9,266.1,170688.385
2022-11-17 16:00:00+00:00,266.1,269.7,265.8,267.9,76389.119
2022-11-18 00:00:00+00:00,268.0,273.7,267.7,271.8,106452.205
2022-11-18 08:00:00+00:00,271.8,274.4,270.1,272.0,97095.347
2022-11-18 16:00:00+00:00,271.9,274.8,270.5,274.1,74398.814
2022-11-19 00:00:00+00:00,274.1,274.6,268.9,269.9,89854.291
2022-11-19 08:00:00+00:00,269.9,272.0,269.2,271.8,51209.065
2022-11-19 16:00:00+00:00,271.9,274.0,270.6,272.6,53040.924
2022-11-20 00:00:00+00:00,272.6,273.8,271.8,273.4,47593.352
2022-11-20 08:00:00+00:00,273.5,273.6,266.0,270.7,130995.134
2022-11-20 16:00:00+00:00,270.7,271.1,261.8,264.2,127999.095
2022-11-21 00:00:00+00:00,264.2,265.3,255.5,258.2,244758.007
2022-11-21 08:00:00+00:00,258.2,262.8,255.6,260.3,136601.482
2022-11-21 16:00:00+00:00,260.2,260.5,250.0,253.9,199666.701
2022-11-22 00:00:00+00:00,254.0,257.4,252.2,254.2,91997.016
2022-11-22 08:00:00+00:00,254.3,266.0,252.0,264.5,175454.792
2022-11-22 16:00:00+00:00,264.5,267.8,261.7,266.7,89712.637
2022-11-23 00:00:00+00:00,266.8,275.5,264.8,275.4,160542.81
2022-11-23 08:00:00+00:00,275.4,301.6,275.3,295.1,847387.118
2022-11-23 16:00:00+00:00,295.1,301.8,291.7,298.8,216120.761
2022-11-24 00:00:00+00:00,298.9,304.1,294.5,296.2,264216.238
2022-11-24 08:00:00+00:00,296.2,299.8,293.9,298.3,157974.228
2022-11-24 16:00:00+00:00,298.4,302.2,296.8,300.2,128602.189
2022-11-25 00:00:00+00:00,300.3,301.9,294.1,296.0,162891.793
2022-11-25 08:00:00+00:00,296.1,306.6,294.5,300.1,220940.122
2022-11-25 16:00:00+00:00,300.2,302.9,298.8,300.8,81901.568
2022-11-26 00:00:00+00:00,300.8,313.8,299.9,312.4,247679.984
2022-11-26 08:00:00+00:00,312.5,317.8,310.1,312.9,210271.778
2022-11-26 16:00:00+00:00,312.9,315.2,308.0,311.4,111627.011
2022-11-27 00:00:00+00:00,311.4,316.7,311.1,313.7,93783.053
2022-11-27 08:00:00+00:00,313.8,315.3,310.2,313.6,100427.826
2022-11-27 16:00:00+00:00,313.6,314.8,306.3,307.6,115884.966
2022-11-28 00:00:00+00:00,307.7,309.6,286.6,295.6,319961.384
2022-11-28 08:00:00+00:00,295.7,297.8,290.4,292.0,134972.584
2022-11-28 16:00:00+00:00,292.1,299.8,288.7,293.5,148829.862
2022-11-29 00:00:00+00:00,293.5,304.2,289.0,302.3,169413.625
2022-11-29 08:00:00+00:00,302.4,305.3,298.2,300.1,120074.603
2022-11-29 16:00:00+00:00,300.1,300.2,293.8,295.4,133014.157
2022-11-30 00:00:00+00:00,295.4,305.5,295.0,301.0,189239.261
2022-11-30 08:00:00+00:00,300.9,303.9,297.2,298.0,112377.815
2022-11-30 16:00:00+00:00,298.0,302.5,292.5,300.6,165392.618
2022-12-01 00:00:00+00:00,300.6,302.0,294.8,297.8,204838.399
2022-12-01 08:00:00+00:00,297.9,302.0,290.3,291.8,474894.743
2022-12-01 16:00:00+00:00,291.8,293.3,290.0,292.3,119134.593
2022-12-02 00:00:00+00:00,292.3,293.9,285.4,289.7,166124.353
2022-12-02 08:00:00+00:00,289.7,292.3,286.4,290.1,122884.557
2022-12-02 16:00:00+00:00,290.2,293.9,288.7,293.4,75093.375
2022-12-03 00:00:00+00:00,293.4,294.4,290.0,290.5,100811.093
2022-12-03 08:00:00+00:00,290.5,292.6,289.0,291.7,74710.696
2022-12-03 16:00:00+00:00,291.6,292.7,290.0,290.4,58855.266
2022-12-04 00:00:00+00:00,290.4,292.5,289.9,291.1,45119.75
2022-12-04 08:00:00+00:00,291.1,291.7,287.4,290.0,132677.946
2022-12-04 16:00:00+00:00,290.0,292.8,289.1,291.8,66559.087
2022-12-05 00:00:00+00:00,291.8,297.2,291.4,295.9,99692.382
2022-12-05 08:00:00+00:00,295.8,297.1,289.4,290.3,111323.138
2022-12-05 16:00:00+00:00,290.3,290.5,286.1,288.4,83943.27
2022-12-06 00:00:00+00:00,288.5,290.6,288.2,289.5,66104.582
2022-12-06 08:00:00+00:00,289.5,290.1,287.0,288.7,83340.485
2022-12-06 16:00:00+00:00,288.7,290.8,286.5,290.2,98466.28
2022-12-07 00:00:00+00:00,290.2,290.9,281.2,282.7,128819.401
2022-12-07 08:00:00+00:00,282.7,285.2,281.1,283.5,144427.031
2022-12-07 16:00:00+00:00,283.4,285.0,282.3,284.2,88189.096
2022-12-08 00:00:00+00:00,284.2,285.8,282.4,285.6,58022.861
2022-12-08 08:00:00+00:00,285.6,288.3,282.8,287.5,95102.603
2022-12-08 16:00:00+00:00,287.5,292.0,287.3,290.4,128529.621
2022-12-09 00:00:00+00:00,290.4,291.4,288.8,290.4,55141.589
2022-12-09 08:00:00+00:00,290.5,292.0,287.3,289.9,116034.195
2022-12-09 16:00:00+00:00,290.0,290.1,284.4,286.0,137242.941
2022-12-10 00:00:00+00:00,286.1,287.6,285.7,287.3,40107.866
2022-12-10 08:00:00+00:00,287.4,289.4,285.7,289.3,45433.624
2022-12-10 16:00:00+00:00,289.3,289.9,287.6,288.2,63381.143
2022-12-11 00:00:00+00:00,288.2,291.3,287.6,290.5,56055.483
2022-12-11 08:00:00+00:00,290.4,290.6,288.9,289.7,37821.575
2022-12-11 16:00:00+00:00,289.6,291.4,283.3,284.4,112463.088
2022-12-12 00:00:00+00:00,284.5,285.8,280.2,281.1,93230.537
2022-12-12 08:00:00+00:00,281.1,284.0,271.7,276.1,281001.254
2022-12-12 16:00:00+00:00,276.1,277.6,273.0,276.1,133278.044
2022-12-13 00:00:00+00:00,276.1,277.3,255.6,264.0,485606.198
2022-12-13 08:00:00+00:00,264.0,282.0,262.5,273.3,629422.325
2022-12-13 16:00:00+00:00,273.3,275.5,266.4,272.2,194614.161
2022-12-14 00:00:00+00:00,272.2,278.4,271.2,274.4,154596.671
2022-12-14 08:00:00+00:00,274.4,276.8,268.9,272.0,192298.394
2022-12-14 16:00:00+00:00,272.0,274.0,265.5,267.7,233187.846
2022-12-15 00:00:00+00:00,267.7,268.1,261.7,264.9,112818.357
2022-12-15 08:00:00+00:00,264.9,267.3,262.2,263.3,106344.822
2022-12-15 16:00:00+00:00,263.4,263.9,256.5,258.8,131725.985
2022-12-16 00:00:00+00:00,258.9,264.7,257.6,263.8,85109.457
2022-12-16 08:00:00+00:00,263.8,263.9,246.0,247.3,317935.764
2022-12-16 16:00:00+00:00,247.2,247.4,224.7,231.2,473854.81
2022-12-17 00:00:00+00:00,231.2,239.5,220.0,236.2,402219.087
2022-12-17 08:00:00+00:00,236.2,241.7,234.2,236.5,241125.284
2022-12-17 16:00:00+00:00,236.4,245.0,234.9,242.1,145454.122
2022-12-18 00:00:00+00:00,242.1,254.6,239.5,247.2,248650.279
2022-12-18 08:00:00+00:00,247.3,248.8,243.9,245.0,114669.839
2022-12-18 16:00:00+00:00,245.0,253.9,244.6,251.0,162819.309
2022-12-19 00:00:00+00:00,251.1,253.3,245.3,246.0,133039.547
2022-12-19 08:00:00+00:00,246.1,252.1,245.7,246.8,127160.196
2022-12-19 16:00:00+00:00,246.9,247.5,236.8,240.4,148587.459
2022-12-20 00:00:00+00:00,240.3,251.1,239.1,248.1,138016.776
2022-12-20 08:00:00+00:00,248.1,253.5,246.9,251.1,117167.733
2022-12-20 16:00:00+00:00,251.2,252.6,248.2,251.4,65324.517
2022-12-21 00:00:00+00:00,251.4,251.5,247.0,248.0,70805.287
2022-12-21 08:00:00+00:00,248.0,249.9,247.3,249.1,69809.944
2022-12-21 16:00:00+00:00,249.2,249.2,245.2,246.2,54436.154
2022-12-22 00:00:00+00:00,246.2,248.3,244.7,246.3,65516.624
2022-12-22 08:00:00+00:00,246.3,247.3,240.1,240.9,105967.742
2022-12-22 16:00:00+00:00,240.9,246.5,240.4,245.8,74619.83
2022-12-23 00:00:00+00:00,245.9,248.7,244.9,246.6,67734.663
2022-12-23 08:00:00+00:00,246.7,247.3,243.7,245.4,79425.383
2022-12-23 16:00:00+00:00,245.3,246.5,245.0,246.2,28119.967
2022-12-24 00:00:00+00:00,246.2,246.3,244.7,245.4,35397.956
2022-12-24 08:00:00+00:00,245.4,245.4,243.4,244.4,36962.247
2022-12-24 16:00:00+00:00,244.4,245.2,244.1,244.5,24413.528
2022-12-25 00:00:00+00:00,244.6,245.8,244.3,245.1,21479.598
2022-12-25 08:00:00+00:00,245.1,245.4,241.5,243.2,57441.122
2022-12-25 16:00:00+00:00,243.2,243.8,241.4,243.2,46096.157
2022-12-26 00:00:00+00:00,243.2,244.9,242.3,243.3,42171.649
2022-12-26 08:00:00+00:00,243.2,243.9,242.0,242.4,38541.876
2022-12-26 16:00:00+00:00,242.4,244.5,242.0,244.3,36404.443
2022-12-27 00:00:00+00:00,244.3,246.1,242.9,243.3,48436.853
2022-12-27 08:00:00+00:00,243.4,248.9,242.1,245.1,96435.646
2022-12-27 16:00:00+00:00,245.2,247.0,243.7,246.7,51769.621
2022-12-28 00:00:00+00:00,246.7,247.4,241.5,243.4,78770.031
2022-12-28 08:00:00+00:00,243.4,245.4,242.1,242.3,70064.271
2022-12-28 16:00:00+00:00,242.4,245.0,242.0,244.5,59798.04
2022-12-29 00:00:00+00:00,244.6,245.9,243.3,244.7,53322.791
2022-12-29 08:00:00+00:00,244.7,246.9,244.2,246.1,57958.162
2022-12-29 16:00:00+00:00,246.1,246.9,244.6,246.3,50678.313
2022-12-30 00:00:00+00:00,246.3,246.7,242.7,243.5,44732.802
2022-12-30 08:00:00+00:00,243.4,245.9,243.0,245.4,52914.801
2022-12-30 16:00:00+00:00,245.4,246.3,244.3,245.8,30758.93
2022-12-31 00:00:00+00:00,245.8,246.0,244.8,245.6,33082.692
2022-12-31 08:00:00+00:00,245.6,248.0,245.0,247.1,69021.571
2022-12-31 16:00:00+00:00,247.0,247.5,245.9,246.3,32037.048
2023-01-01 00:00:00+00:00,246.3,246.7,243.5,244.0,45388.631
2023-01-01 08:00:00+00:00,244.1,244.8,243.4,244.6,28404.214
2023-01-01 16:00:00+00:00,244.6,245.9,243.5,244.4,35657.272
2023-01-02 00:00:00+00:00,244.5,247.0,240.7,246.4,84118.151
2023-01-02 08:00:00+00:00,246.4,247.9,246.0,247.0,55339.551
2023-01-02 16:00:00+00:00,247.0,247.8,245.2,245.2,33995.198
2023-01-03 00:00:00+00:00,245.3,247.0,244.5,246.3,31422.604
2023-01-03 08:00:00+00:00,246.2,246.6,244.4,245.5,55899.446
2023-01-03 16:00:00+00:00,245.5,246.3,244.5,246.1,27737.941
2023-01-04 00:00:00+00:00,246.2,258.9,245.6,255.3,171068.755
2023-01-04 08:00:00+00:00,255.2,257.4,254.0,257.0,71601.24
2023-01-04 16:00:00+00:00,257.1,261.0,255.0,258.9,127385.087
2023-01-05 00:00:00+00:00,258.9,259.2,256.5,257.5,42199.558
2023-01-05 08:00:00+00:00,257.6,258.4,255.2,256.8,64536.126
2023-01-05 16:00:00+00:00,256.9,258.3,255.8,256.7,38562.279
2023-01-06 00:00:00+00:00,256.7,258.8,255.3,256.4,55546.299
2023-01-06 08:00:00+00:00,256.4,259.7,254.2,259.1,87363.842
2023-01-06 16:00:00+00:00,259.0,260.7,258.0,259.9,56586.935
2023-01-07 00:00:00+00:00,259.9,263.9,259.4,261.1,54625.206
2023-01-07 08:00:00+00:00,261.1,261.4,259.8,261.0,32076.595
2023-01-07 16:00:00+00:00,261.0,261.9,260.6,261.3,28450.969
2023-01-08 00:00:00+00:00,261.3,261.9,260.1,260.9,31087.098
2023-01-08 08:00:00+00:00,261.0,267.7,260.6,267.0,75804.511
2023-01-08 16:00:00+00:00,267.0,276.5,263.8,274.9,130417.281
2023-01-09 00:00:00+00:00,274.9,281.0,273.6,277.7,166504.376
2023-01-09 08:00:00+00:00,277.7,282.7,276.6,280.3,119233.348
2023-01-09 16:00:00+00:00,280.4,283.5,271.3,272.6,152090.704
2023-01-10 00:00:00+00:00,272.6,276.3,270.2,274.4,81042.69
2023-01-10 08:00:00+00:00,274.5,276.9,273.5,275.9,95327.043
2023-01-10 16:00:00+00:00,275.9,278.8,274.3,277.1,83568.829
2023-01-11 00:00:00+00:00,277.2,278.0,274.1,277.8,74524.693
2023-01-11 08:00:00+00:00,277.7,279.1,276.3,276.8,72006.912
2023-01-11 16:00:00+00:00,276.8,287.7,275.6,284.8,119575.699
2023-01-12 00:00:00+00:00,284.9,288.2,284.0,285.1,115523.828
2023-01-12 08:00:00+00:00,285.1,286.4,278.5,281.6,151292.819
2023-01-12 16:00:00+00:00,281.6,288.6,280.9,287.7,124736.994
2023-01-13 00:00:00+00:00,287.8,291.7,285.7,287.9,91162.18
2023-01-13 08:00:00+00:00,288.0,289.2,284.9,288.8,86968.477
2023-01-13 16:00:00+00:00,288.7,296.0,286.1,293.7,135411.154
2023-01-14 00:00:00+00:00,293.7,314.3,293.1,310.8,384945.433
2023-01-14 08:00:00+00:00,310.9,314.4,299.2,304.2,264734.806
2023-01-14 16:00:00+00:00,304.2,306.3,302.2,305.1,56721.848
2023-01-15 00:00:00+00:00,305.2,306.1,294.3,297.4,112370.119
2023-01-15 08:00:00+00:00,297.4,303.6,291.8,302.7,109082.148
2023-01-15 16:00:00+00:00,302.7,303.7,298.3,302.2,67244.601
2023-01-16 00:00:00+00:00,302.2,308.1,300.1,303.0,120419.587
2023-01-16 08:00:00+00:00,303.0,303.3,293.1,298.0,141216.123
2023-01-16 16:00:00+00:00,297.9,302.5,296.8,299.0,89355.283
2023-01-17 00:00:00+00:00,299.0,301.4,294.9,301.0,87234.859
2023-01-17 08:00:00+00:00,301.1,305.8,299.7,302.5,129491.068
2023-01-17 16:00:00+00:00,302.5,303.6,299.1,299.4,63267.949
2023-01-18 00:00:00+00:00,299.4,305.3,298.5,301.5,79824.789
2023-01-18 08:00:00+00:00,301.5,305.1,288.7,294.5,144710.356
2023-01-18 16:00:00+00:00,294.5,296.9,281.1,286.7,396529.52
2023-01-19 00:00:00+00:00,286.7,291.6,286.2,290.4,67216.534
2023-01-19 08:00:00+00:00,290.4,292.0,286.1,290.0,89618.158
2023-01-19 16:00:00+00:00,290.1,295.5,289.5,294.6,58687.454
2023-01-20 00:00:00+00:00,294.6,296.5,286.6,288.1,109333.045
2023-01-20 08:00:00+00:00,288.1,290.2,286.8,289.6,84124.484
2023-01-20 16:00:00+00:00,289.5,305.4,289.0,305.1,230371.607
2023-01-21 00:00:00+00:00,305.1,306.3,300.1,304.8,168967.249
2023-01-21 08:00:00+00:00,304.8,309.9,299.7,301.9,237089.617
2023-01-21 16:00:00+00:00,301.9,305.0,298.4,299.0,101943.158
2023-01-22 00:00:00+00:00,299.1,302.6,298.5,302.3,70304.385
2023-01-22 08:00:00+00:00,302.2,307.4,300.7,303.4,119816.469
2023-01-22 16:00:00+00:00,303.4,311.4,298.6,303.0,198694.338
2023-01-23 00:00:00+00:00,303.1,307.8,302.8,303.6,89846.121
2023-01-23 08:00:00+00:00,303.5,306.9,300.8,303.6,132497.884
2023-01-23 16:00:00+00:00,303.7,306.7,302.6,305.1,79602.0
2023-01-24 00:00:00+00:00,305.2,323.5,303.1,318.1,303700.177
2023-01-24 08:00:00+00:00,318.0,318.3,311.1,316.0,159347.781
2023-01-24 16:00:00+00:00,316.1,316.4,299.2,300.3,166710.321
2023-01-25 00:00:00+00:00,300.3,303.8,293.4,303.2,163388.612
2023-01-25 08:00:00+00:00,303.3,304.3,297.1,300.2,112896.33
2023-01-25 16:00:00+00:00,300.2,314.0,299.2,306.9,170953.597
2023-01-26 00:00:00+00:00,306.9,309.5,304.8,305.9,131311.544
2023-01-26 08:00:00+00:00,306.0,309.3,302.6,303.7,126240.075
2023-01-26 16:00:00+00:00,303.8,307.1,301.6,304.7,84793.086
2023-01-27 00:00:00+00:00,304.8,306.1,298.8,305.9,94676.663
2023-01-27 08:00:00+00:00,305.8,306.2,301.7,303.8,90808.495
2023-01-27 16:00:00+00:00,303.9,310.5,303.8,308.0,85841.632
2023-01-28 00:00:00+00:00,308.0,313.6,306.6,308.4,93363.86
2023-01-28 08:00:00+00:00,308.4,309.2,303.6,306.2,87871.757
2023-01-28 16:00:00+00:00,306.2,307.5,304.2,306.1,48282.183
2023-01-29 00:00:00+00:00,306.2,311.3,304.8,308.6,105621.191
2023-01-29 08:00:00+00:00,308.6,320.2,308.6,318.4,221244.063
2023-01-29 16:00:00+00:00,318.3,320.5,315.8,317.2,103833.419
2023-01-30 00:00:00+00:00,317.1,320.8,312.2,312.6,106131.351
2023-01-30 08:00:00+00:00,312.5,313.5,304.4,308.8,199477.05
2023-01-30 16:00:00+00:00,308.9,310.4,302.0,307.2,108107.811
2023-01-31 00:00:00+00:00,307.2,314.4,305.3,311.8,118545.807
2023-01-31 08:00:00+00:00,311.9,313.7,308.2,312.6,86751.118
2023-01-31 16:00:00+00:00,312.7,314.0,308.4,312.0,72765.033
2023-02-01 00:00:00+00:00,312.1,314.7,306.3,307.7,84326.54
2023-02-01 08:00:00+00:00,307.8,310.7,305.6,307.1,97950.94
2023-02-01 16:00:00+00:00,307.0,319.4,306.5,317.0,208701.043
2023-02-02 00:00:00+00:00,317.1,334.4,316.3,328.7,297471.34
2023-02-02 08:00:00+00:00,328.7,332.1,324.9,328.3,145185.332
2023-02-02 16:00:00+00:00,328.2,332.6,321.7,323.5,144999.209
2023-02-03 00:00:00+00:00,323.5,327.3,318.3,322.6,136656.386
2023-02-03 08:00:00+00:00,322.7,335.5,321.0,331.5,329936.964
2023-02-03 16:00:00+00:00,331.6,334.0,328.3,332.2,112983.812
2023-02-04 00:00:00+00:00,332.3,334.1,327.0,328.5,81032.464
2023-02-04 08:00:00+00:00,328.5,332.6,327.6,331.1,71875.791
2023-02-04 16:00:00+00:00,331.2,333.2,329.3,330.4,59201.371
2023-02-05 00:00:00+00:00,330.4,334.4,328.6,332.0,93542.075
2023-02-05 08:00:00+00:00,332.0,337.8,324.1,326.7,211127.343
2023-02-05 16:00:00+00:00,326.6,328.5,324.0,327.8,91845.293
2023-02-06 00:00:00+00:00,327.8,330.1,320.7,326.9,110890.786
2023-02-06 08:00:00+00:00,326.8,330.1,324.7,330.0,83865.335
2023-02-06 16:00:00+00:00,330.0,331.5,323.9,324.3,96208.879
2023-02-07 00:00:00+00:00,324.4,329.1,323.2,329.1,70461.365
2023-02-07 08:00:00+00:00,329.0,331.8,327.3,327.8,86596.736
2023-02-07 16:00:00+00:00,327.8,333.7,326.0,333.0,108846.732
2023-02-08 00:00:00+00:00,333.1,335.8,330.6,331.8,74463.063
2023-02-08 08:00:00+00:00,331.8,332.6,326.8,327.3,107106.646
2023-02-08 16:00:00+00:00,327.4,329.2,323.6,328.2,105296.158
2023-02-09 00:00:00+00:00,328.2,329.3,316.6,322.2,220280.9
2023-02-09 08:00:00+00:00,322.2,323.9,318.1,318.8,128475.66
2023-02-09 16:00:00+00:00,318.8,319.4,302.0,306.2,215856.012
2023-02-10 00:00:00+00:00,306.2,308.0,302.5,307.8,111089.719
2023-02-10 08:00:00+00:00,307.8,309.2,304.0,306.0,106483.941
2023-02-10 16:00:00+00:00,306.1,308.8,304.3,305.8,78211.316
2023-02-11 00:00:00+00:00,305.9,308.7,305.1,308.2,59399.245
2023-02-11 08:00:00+00:00,308.2,310.2,307.1,309.1,51354.877
2023-02-11 16:00:00+00:00,309.1,311.4,307.0,310.4,43734.639
2023-02-12 00:00:00+00:00,310.5,310.7,306.0,307.0,42782.114
2023-02-12 08:00:00+00:00,307.0,313.1,306.9,312.9,69622.378
2023-02-12 16:00:00+00:00,312.8,321.0,311.6,312.6,179095.778
2023-02-13 00:00:00+00:00,312.6,315.7,305.0,307.3,185509.768
2023-02-13 08:00:00+00:00,307.4,307.4,286.2,286.8,649448.303
2023-02-13 16:00:00+00:00,286.9,294.8,282.8,294.3,231027.523
2023-02-14 00:00:00+00:00,294.3,294.4,289.8,293.7,121944.293
2023-02-14 08:00:00+00:00,293.8,301.7,290.7,297.5,285762.403
2023-02-14 16:00:00+00:00,297.5,298.7,295.2,296.2,86991.958
2023-02-15 00:00:00+00:00,296.2,298.3,294.0,297.0,89493.438
2023-02-15 08:00:00+00:00,297.0,305.6,296.4,303.2,166598.166
2023-02-15 16:00:00+00:00,303.2,317.7,301.0,317.4,209830.339
2023-02-16 00:00:00+00:00,317.5,327.8,316.3,319.8,313406.921
2023-02-16 08:00:00+00:00,319.8,324.7,314.8,324.6,200667.943
2023-02-16 16:00:00+00:00,324.7,326.5,303.9,304.4,344067.026
2023-02-17 00:00:00+00:00,304.4,310.5,302.8,308.3,167999.138
2023-02-17 08:00:00+00:00,308.3,313.4,307.7,310.2,124078.267
2023-02-17 16:00:00+00:00,310.1,317.5,307.1,313.0,216658.788
2023-02-18 00:00:00+00:00,313.0,319.2,312.9,316.6,116083.382
2023-02-18 08:00:00+00:00,316.7,317.5,313.2,316.5,76043.522
2023-02-18 16:00:00+00:00,316.5,317.2,313.9,316.5,90358.486
2023-02-19 00:00:00+00:00,316.6,318.9,314.0,314.3,108287.521
2023-02-19 08:00:00+00:00,314.4,318.4,313.9,316.8,107409.412
2023-02-19 16:00:00+00:00,316.7,318.4,310.3,311.5,120307.341
2023-02-20 00:00:00+00:00,311.5,317.2,308.0,316.9,129518.364
2023-02-20 08:00:00+00:00,316.9,319.8,315.2,317.1,248401.17
2023-02-20 16:00:00+00:00,317.2,317.4,312.8,315.4,136564.263
2023-02-21 00:00:00+00:00,315.5,317.3,314.2,316.2,105083.887
2023-02-21 08:00:00+00:00,316.3,317.4,311.0,312.9,170700.789
2023-02-21 16:00:00+00:00,313.0,314.3,309.3,311.5,109376.621
2023-02-22 00:00:00+00:00,311.5,311.9,305.1,307.5,132676.699
2023-02-22 08:00:00+00:00,307.5,309.4,303.2,304.6,146457.547
2023-02-22 16:00:00+00:00,304.6,312.9,303.6,312.4,89210.74
2023-02-23 00:00:00+00:00,312.5,315.3,310.5,312.9,79376.584
2023-02-23 08:00:00+00:00,312.8,313.4,305.8,309.2,99285.358
2023-02-23 16:00:00+00:00,309.1,310.1,306.4,308.3,121979.299
2023-02-24 00:00:00+00:00,308.3,311.2,307.5,310.8,65687.792
2023-02-24 08:00:00+00:00,310.8,312.1,303.4,303.7,122954.976
2023-02-24 16:00:00+00:00,303.8,304.3,298.6,302.3,140083.632
2023-02-25 00:00:00+00:00,302.3,303.0,299.8,301.7,45292.105
2023-02-25 08:00:00+00:00,301.8,302.4,298.6,301.5,47142.646
2023-02-25 16:00:00+00:00,301.5,302.7,295.5,302.4,86103.657
2023-02-26 00:00:00+00:00,302.5,303.7,300.7,303.0,37890.733
2023-02-26 08:00:00+00:00,303.1,304.4,302.4,304.4,45642.267
2023-02-26 16:00:00+00:00,304.4,309.8,303.9,308.7,67886.166
2023-02-27 00:00:00+00:00,308.7,309.4,305.1,305.2,53601.242
2023-02-27 08:00:00+00:00,305.3,308.1,303.6,304.9,87369.799
2023-02-27 16:00:00+00:00,305.0,305.1,300.5,304.6,93434.78
2023-02-28 00:00:00+00:00,304.7,305.7,301.6,301.7,49840.205
2023-02-28 08:00:00+00:00,301.8,304.7,301.0,304.5,68425.435
2023-02-28 16:00:00+00:00,304.5,305.0,300.0,301.4,68383.552
2023-03-01 00:00:00+00:00,301.5,306.4,300.5,303.5,67157.126
2023-03-01 08:00:00+00:00,303.6,305.4,302.1,303.4,77303.43
2023-03-01 16:00:00+00:00,303.3,303.4,300.6,302.7,56423.337
2023-03-02 00:00:00+00:00,302.6,303.8,298.0,299.1,65324.264
2023-03-02 08:00:00+00:00,299.2,299.7,295.8,297.8,79187.318
2023-03-02 16:00:00+00:00,297.9,300.8,296.4,299.8,56453.26
2023-03-03 00:00:00+00:00,299.8,300.0,286.6,291.0,154686.747
2023-03-03 08:00:00+00:00,291.0,291.9,287.4,289.0,72639.922
2023-03-03 16:00:00+00:00,289.0,290.5,287.4,290.4,39300.895
2023-03-04 00:00:00+00:00,290.5,291.5,289.0,290.2,25982.759
2023-03-04 08:00:00+00:00,290.2,291.3,289.3,290.1,35162.556
2023-03-04 16:00:00+00:00,290.2,290.8,285.8,289.6,66701.55
2023-03-05 00:00:00+00:00,289.6,292.8,288.0,290.5,50634.088
2023-03-05 08:00:00+00:00,290.4,291.9,289.8,291.0,37164.934
2023-03-05 16:00:00+00:00,290.9,291.3,287.4,288.7,40657.537
2023-03-06 00:00:00+00:00,288.8,289.7,285.0,285.1,69937.634
2023-03-06 08:00:00+00:00,285.2,288.1,283.3,287.9,71225.283
2023-03-06 16:00:00+00:00,288.0,289.1,286.6,287.8,64057.84
2023-03-07 00:00:00+00:00,287.9,289.6,286.8,287.1,49487.004
2023-03-07 08:00:00+00:00,287.1,288.5,283.4,287.3,81071.339
2023-03-07 16:00:00+00:00,287.4,290.5,285.5,289.3,70053.014
2023-03-08 00:00:00+00:00,289.3,290.7,285.1,285.8,64964.634
2023-03-08 08:00:00+00:00,285.8,293.4,285.1,292.7,101649.741
2023-03-08 16:00:00+00:00,292.7,294.3,286.1,287.1,94323.999
2023-03-09 00:00:00+00:00,287.1,291.4,286.1,289.1,60441.226
2023-03-09 08:00:00+00:00,289.1,291.1,287.2,289.3,68954.099
2023-03-09 16:00:00+00:00,289.4,289.9,271.2,277.1,189601.526
2023-03-10 00:00:00+00:00,277.1,277.1,270.7,273.3,122124.977
2023-03-10 08:00:00+00:00,273.2,275.2,265.0,274.5,200147.636
2023-03-10 16:00:00+00:00,274.6,278.1,273.6,277.4,82020.359
2023-03-11 00:00:00+00:00,277.5,281.8,271.9,272.1,174482.643
2023-03-11 08:00:00+00:00,272.2,277.0,271.2,272.2,110614.669
2023-03-11 16:00:00+00:00,272.3,276.1,270.5,276.0,85252.895
2023-03-12 00:00:00+00:00,276.0,278.2,274.1,275.8,63439.217
2023-03-12 08:00:00+00:00,275.8,276.6,273.4,273.8,62055.197
2023-03-12 16:00:00+00:00,273.7,288.8,273.2,288.1,190748.703
2023-03-13 00:00:00+00:00,288.1,309.0,286.1,304.8,445303.58
2023-03-13 08:00:00+00:00,304.8,314.1,293.4,308.8,405010.055
2023-03-13 16:00:00+00:00,308.8,310.4,305.4,307.9,141438.829
2023-03-14 00:00:00+00:00,307.9,308.4,303.6,304.1,110822.19
2023-03-14 08:00:00+00:00,304.2,319.5,302.0,317.5,357120.112
2023-03-14 16:00:00+00:00,317.6,318.1,304.4,308.4,235759.906
2023-03-15 00:00:00+00:00,308.5,312.7,306.1,312.5,86225.68
2023-03-15 08:00:00+00:00,312.4,312.5,303.8,305.1,194227.003
2023-03-15 16:00:00+00:00,305.2,307.9,300.0,306.3,132799.09
2023-03-16 00:00:00+00:00,306.3,321.9,302.8,321.3,263899.872
2023-03-16 08:00:00+00:00,321.2,328.4,307.8,326.8,682013.331
2023-03-16 16:00:00+00:00,326.8,332.8,325.0,329.4,305390.687
2023-03-17 00:00:00+00:00,329.4,333.4,325.0,329.7,253918.635
2023-03-17 08:00:00+00:00,329.7,336.7,328.6,331.2,289123.264
2023-03-17 16:00:00+00:00,331.2,340.0,330.2,338.9,183695.569
2023-03-18 00:00:00+00:00,339.0,346.3,338.0,344.3,201337.015
2023-03-18 08:00:00+00:00,344.3,344.3,330.0,332.5,273923.625
2023-03-18 16:00:00+00:00,332.5,338.4,328.0,331.0,187437.871
2023-03-19 00:00:00+00:00,331.1,336.3,330.3,335.8,97132.767
2023-03-19 08:00:00+00:00,335.8,341.7,333.2,339.4,128916.033
2023-03-19 16:00:00+00:00,339.4,341.0,335.1,336.7,175923.819
2023-03-20 00:00:00+00:00,336.7,337.5,331.6,334.7,156372.711
2023-03-20 08:00:00+00:00,334.7,339.0,334.2,337.5,171335.945
2023-03-20 16:00:00+00:00,337.5,339.1,331.3,332.5,183795.866
2023-03-21 00:00:00+00:00,332.5,336.1,327.1,328.7,136260.356
2023-03-21 08:00:00+00:00,328.7,338.1,327.6,337.7,187027.918
2023-03-21 16:00:00+00:00,337.8,339.9,334.3,334.4,154155.415
2023-03-22 00:00:00+00:00,334.5,339.5,331.4,336.8,257239.326
2023-03-22 08:00:00+00:00,336.8,338.1,321.8,327.8,661369.152
2023-03-22 16:00:00+00:00,327.8,330.7,316.0,321.1,367607.299
2023-03-23 00:00:00+00:00,321.2,324.3,318.9,324.0,97936.508
2023-03-23 08:00:00+00:00,324.0,331.5,321.1,330.6,167198.796
2023-03-23 16:00:00+00:00,330.7,332.1,325.5,329.4,117959.287
2023-03-24 00:00:00+00:00,329.4,330.0,324.8,324.9,84047.782
2023-03-24 08:00:00+00:00,324.8,325.1,319.5,321.0,122023.884
2023-03-24 16:00:00+00:00,321.0,323.0,316.9,322.1,100958.336
2023-03-25 00:00:00+00:00,322.1,324.7,321.5,323.6,77987.075
2023-03-25 08:00:00+00:00,323.5,324.9,322.2,324.1,62222.718
2023-03-25 16:00:00+00:00,324.1,324.4,319.0,322.4,176908.539
2023-03-26 00:00:00+00:00,322.4,324.3,321.7,324.0,33063.115
2023-03-26 08:00:00+00:00,324.0,328.5,323.7,326.7,83000.328
2023-03-26 16:00:00+00:00,326.8,329.5,325.6,328.6,88636.75
2023-03-27 00:00:00+00:00,328.6,329.1,325.6,326.1,51148.651
2023-03-27 08:00:00+00:00,326.1,329.8,312.0,314.2,283666.174
2023-03-27 16:00:00+00:00,314.2,315.7,305.9,310.6,243224.73
2023-03-28 00:00:00+00:00,310.6,312.6,306.8,309.0,113093.455
2023-03-28 08:00:00+00:00,309.0,312.6,307.4,311.5,129666.363
2023-03-28 16:00:00+00:00,311.5,315.8,309.9,313.2,86638.606
2023-03-29 00:00:00+00:00,313.3,316.9,312.4,316.5,101342.454
2023-03-29 08:00:00+00:00,316.5,319.9,314.1,316.5,146039.373
2023-03-29 16:00:00+00:00,316.6,316.8,312.8,313.7,79900.399
2023-03-30 00:00:00+00:00,313.8,320.8,309.1,315.5,256054.306
2023-03-30 08:00:00+00:00,315.5,317.9,313.9,315.8,141395.451
2023-03-30 16:00:00+00:00,315.9,317.5,313.2,316.4,98706.981
2023-03-31 00:00:00+00:00,316.4,318.2,311.8,313.9,78210.627
2023-03-31 08:00:00+00:00,313.9,319.8,313.7,316.5,126586.955
2023-03-31 16:00:00+00:00,316.5,317.9,315.3,316.9,61472.482
2023-04-01 00:00:00+00:00,317.0,319.0,313.9,314.2,85512.665
2023-04-01 08:00:00+00:00,314.3,315.2,313.5,313.7,53336.187
2023-04-01 16:00:00+00:00,313.7,315.7,313.0,314.9,47055.331
2023-04-02 00:00:00+00:00,314.9,316.2,314.0,315.3,34005.232
2023-04-02 08:00:00+00:00,315.3,315.5,312.0,313.2,59784.095
2023-04-02 16:00:00+00:00,313.3,314.1,310.7,313.7,56016.34
2023-04-03 00:00:00+00:00,313.8,314.1,308.7,310.9,70927.261
2023-04-03 08:00:00+00:00,311.0,313.9,309.0,310.5,97775.058
2023-04-03 16:00:00+00:00,310.5,312.4,299.5,308.8,282274.654
2023-04-04 00:00:00+00:00,308.8,311.1,308.2,309.8,89988.682
2023-04-04 08:00:00+00:00,309.8,312.7,309.5,311.2,157573.704
2023-04-04 16:00:00+00:00,311.2,311.8,310.5,310.8,58418.089
2023-04-05 00:00:00+00:00,310.8,315.9,310.2,314.7,114586.206
2023-04-05 08:00:00+00:00,314.6,316.8,310.7,312.2,144952.502
2023-04-05 16:00:00+00:00,312.2,314.8,311.2,313.9,60811.655
2023-04-06 00:00:00+00:00,314.0,315.2,311.3,312.1,88318.297
2023-04-06 08:00:00+00:00,312.2,313.3,310.6,313.0,101319.11
2023-04-06 16:00:00+00:00,313.0,313.5,312.0,312.3,43009.74
2023-04-07 00:00:00+00:00,312.3,312.8,309.7,310.3,71709.631
2023-04-07 08:00:00+00:00,310.2,311.3,309.7,311.0,68718.095
2023-04-07 16:00:00+00:00,311.1,311.8,310.1,310.3,39435.636
2023-04-08 00:00:00+00:00,310.4,312.4,310.1,312.0,46376.644
2023-04-08 08:00:00+00:00,312.0,312.4,311.4,312.2,55183.272
2023-04-08 16:00:00+00:00,312.3,312.7,310.1,310.5,63813.028
2023-04-09 00:00:00+00:00,310.6,312.0,309.6,309.9,50337.461
2023-04-09 08:00:00+00:00,309.9,311.1,309.5,310.4,56481.422
2023-04-09 16:00:00+00:00,310.5,313.7,310.1,312.8,57129.842
2023-04-10 00:00:00+00:00,312.8,313.2,311.9,312.9,56885.319
2023-04-10 08:00:00+00:00,312.8,313.3,311.5,312.2,64306.738
2023-04-10 16:00:00+00:00,312.2,318.7,311.9,318.5,150347.183
2023-04-11 00:00:00+00:00,318.6,333.0,317.8,331.5,356402.259
2023-04-11 08:00:00+00:00,331.5,331.8,328.2,329.0,166211.456
2023-04-11 16:00:00+00:00,329.1,329.2,321.9,322.3,138503.957
2023-04-12 00:00:00+00:00,322.3,323.3,316.7,319.1,147691.269
2023-04-12 08:00:00+00:00,319.1,321.8,317.7,319.4,135258.127
2023-04-12 16:00:00+00:00,319.4,320.5,318.0,319.9,71267.328
2023-04-13 00:00:00+00:00,319.9,320.3,317.7,319.3,79446.69
2023-04-13 08:00:00+00:00,319.3,324.8,319.2,323.5,200106.588
2023-04-13 16:00:00+00:00,323.6,325.1,323.0,324.7,68598.667
2023-04-14 00:00:00+00:00,324.6,335.5,324.0,333.9,323794.021
2023-04-14 08:00:00+00:00,333.9,334.4,325.1,325.8,232614.052
2023-04-14 16:00:00+00:00,325.9,330.2,323.2,328.9,123546.988
2023-04-15 00:00:00+00:00,328.8,330.9,326.9,330.6,104358.2
2023-04-15 08:00:00+00:00,330.6,336.0,330.5,334.2,209005.118
2023-04-15 16:00:00+00:00,334.1,334.7,331.3,333.0,104947.825
2023-04-16 00:00:00+00:00,333.1,334.2,330.1,333.7,79071.218
2023-04-16 08:00:00+00:00,333.8,347.8,332.7,345.8,354982.579
2023-04-16 16:00:00+00:00,345.9,350.0,345.1,347.7,198544.98
2023-04-17 00:00:00+00:00,347.7,350.0,342.2,344.7,252418.003
2023-04-17 08:00:00+00:00,344.7,345.8,337.5,338.9,222142.146
2023-04-17 16:00:00+00:00,338.8,342.7,338.2,340.0,81796.319
2023-04-18 00:00:00+00:00,340.0,345.9,337.0,344.4,155815.718
2023-04-18 08:00:00+00:00,344.5,346.7,341.8,342.6,149956.599
2023-04-18 16:00:00+00:00,342.6,343.5,340.2,343.1,85905.12
2023-04-19 00:00:00+00:00,343.1,343.7,335.0,336.8,114883.627
2023-04-19 08:00:00+00:00,336.9,336.9,325.0,326.7,293849.713
2023-04-19 16:00:00+00:00,326.7,328.3,320.1,322.4,128710.742
2023-04-20 00:00:00+00:00,322.5,326.5,321.0,324.7,98234.87
2023-04-20 08:00:00+00:00,324.7,326.8,322.6,323.0,114019.321
2023-04-20 16:00:00+00:00,323.0,323.2,315.3,318.1,155199.742
2023-04-21 00:00:00+00:00,318.0,334.6,315.3,329.7,273098.844
2023-04-21 08:00:00+00:00,329.7,332.6,325.1,327.6,372098.233
2023-04-21 16:00:00+00:00,327.6,327.8,316.9,321.2,265576.817
2023-04-22 00:00:00+00:00,321.3,324.1,319.9,322.3,98064.851
2023-04-22 08:00:00+00:00,322.3,330.3,322.2,327.9,158130.466
2023-04-22 16:00:00+00:00,327.9,333.1,327.9,332.2,125686.715
2023-04-23 00:00:00+00:00,332.2,332.5,329.0,330.7,118387.545
2023-04-23 08:00:00+00:00,330.8,332.1,327.6,328.6,153483.538
2023-04-23 16:00:00+00:00,328.7,330.9,327.4,330.7,112751.071
2023-04-24 00:00:00+00:00,330.6,333.8,328.2,329.4,142693.853
2023-04-24 08:00:00+00:00,329.4,334.0,327.8,329.7,174659.666
2023-04-24 16:00:00+00:00,329.8,332.6,327.7,331.2,125421.775
2023-04-25 00:00:00+00:00,331.2,332.4,328.6,329.2,121162.876
2023-04-25 08:00:00+00:00,329.2,332.7,328.7,332.4,142809.48
2023-04-25 16:00:00+00:00,332.4,340.0,331.5,338.4,172732.527
2023-04-26 00:00:00+00:00,338.4,339.8,336.0,336.4,124857.4
2023-04-26 08:00:00+00:00,336.5,345.0,336.4,342.2,242500.89
2023-04-26 16:00:00+00:00,342.2,342.8,321.5,330.6,312193.294
2023-04-27 00:00:00+00:00,330.6,336.6,329.5,330.9,189997.705
2023-04-27 08:00:00+00:00,330.9,333.7,328.2,331.8,152086.19
2023-04-27 16:00:00+00:00,331.8,336.2,330.5,330.9,140767.062
2023-04-28 00:00:00+00:00,330.9,330.9,324.1,325.6,301409.274
2023-04-28 08:00:00+00:00,325.7,326.7,318.7,321.2,611242.773
2023-04-28 16:00:00+00:00,321.3,324.9,321.2,324.1,78558.109
2023-04-29 00:00:00+00:00,324.1,325.0,321.7,323.4,97428.775
2023-04-29 08:00:00+00:00,323.3,324.0,321.9,322.8,70388.638
2023-04-29 16:00:00+00:00,322.8,323.4,320.6,321.9,58671.276
2023-04-30 00:00:00+00:00,321.9,322.5,320.4,321.6,42990.605
2023-04-30 08:00:00+00:00,321.5,325.5,321.3,324.2,75816.014
2023-04-30 16:00:00+00:00,324.2,338.3,324.1,337.5,592914.107
2023-05-01 00:00:00+00:00,337.5,339.6,331.4,333.9,337753.267
2023-05-01 08:00:00+00:00,333.9,336.0,330.0,330.5,209103.462
2023-05-01 16:00:00+00:00,330.5,331.5,326.1,328.5,172548.183
2023-05-02 00:00:00+00:00,328.4,328.5,322.9,323.6,127619.125
2023-05-02 08:00:00+00:00,323.6,325.9,322.0,324.8,154196.645
2023-05-02 16:00:00+00:00,324.8,326.3,321.4,321.5,155630.511
2023-05-03 00:00:00+00:00,321.4,324.9,321.3,323.0,238120.727
2023-05-03 08:00:00+00:00,323.1,323.9,320.4,322.9,201442.51
2023-05-03 16:00:00+00:00,322.9,327.6,322.0,325.9,169202.152
2023-05-04 00:00:00+00:00,325.9,327.5,325.0,325.4,65866.051
2023-05-04 08:00:00+00:00,325.5,327.5,324.0,324.7,86344.293
2023-05-04 16:00:00+00:00,324.8,325.5,323.2,323.8,43159.924
2023-05-05 00:00:00+00:00,323.9,326.8,323.8,324.4,55933.515
2023-05-05 08:00:00+00:00,324.4,327.3,322.8,327.0,99558.501
2023-05-05 16:00:00+00:00,327.0,329.1,324.2,326.5,129044.092
2023-05-06 00:00:00+00:00,326.6,328.5,324.7,325.1,85359.925
2023-05-06 08:00:00+00:00,325.1,325.2,319.5,320.4,132582.811
2023-05-06 16:00:00+00:00,320.3,323.8,319.9,321.9,57424.98
2023-05-07 00:00:00+00:00,322.0,324.0,321.2,324.0,61904.271
2023-05-07 08:00:00+00:00,324.0,325.4,322.9,324.4,65726.956
2023-05-07 16:00:00+00:00,324.5,324.8,320.4,321.0,75945.992
2023-05-08 00:00:00+00:00,321.0,322.1,315.5,316.6,143132.572
2023-05-08 08:00:00+00:00,316.7,318.1,314.1,317.8,106937.368
2023-05-08 16:00:00+00:00,317.9,318.3,311.1,313.8,129122.179
2023-05-09 00:00:00+00:00,313.8,315.5,312.6,315.4,68221.355
2023-05-09 08:00:00+00:00,315.5,315.8,312.0,312.3,111186.165
2023-05-09 16:00:00+00:00,312.3,314.4,311.2,312.1,81264.525
2023-05-10 00:00:00+00:00,312.2,314.0,311.1,311.8,63706.675
2023-05-10 08:00:00+00:00,311.8,316.7,310.3,314.9,133535.784
2023-05-10 16:00:00+00:00,315.0,316.7,308.0,314.3,162904.352
2023-05-11 00:00:00+00:00,314.3,314.5,310.7,311.1,74318.989
2023-05-11 08:00:00+00:00,311.1,313.6,308.0,309.6,107209.443
2023-05-11 16:00:00+00:00,309.6,310.1,304.4,307.5,110326.235
2023-05-12 00:00:00+00:00,307.5,309.1,301.2,304.0,123962.725
2023-05-12 08:00:00+00:00,304.0,307.0,303.1,305.3,90851.128
2023-05-12 16:00:00+00:00,305.2,308.7,301.5,308.5,112195.074
2023-05-13 00:00:00+00:00,308.6,310.5,307.5,310.1,56077.608
2023-05-13 08:00:00+00:00,310.2,311.2,308.8,309.8,53577.787
2023-05-13 16:00:00+00:00,309.8,311.8,309.0,310.7,41987.159
2023-05-14 00:00:00+00:00,310.8,313.3,309.5,313.0,51927.324
2023-05-14 08:00:00+00:00,313.0,314.8,311.6,313.9,84790.839
2023-05-14 16:00:00+00:00,313.9,314.3,310.8,312.1,56166.658
2023-05-15 00:00:00+00:00,312.1,315.9,310.5,315.6,73141.798
2023-05-15 08:00:00+00:00,315.6,316.0,313.6,315.0,74531.11
2023-05-15 16:00:00+00:00,315.1,316.3,313.2,313.4,55222.263
2023-05-16 00:00:00+00:00,313.4,314.0,310.8,313.0,56082.902
2023-05-16 08:00:00+00:00,313.0,313.4,309.3,310.8,80265.227
2023-05-16 16:00:00+00:00,310.9,312.0,309.8,311.4,46320.085
2023-05-17 00:00:00+00:00,311.4,313.0,309.1,309.7,64717.505
2023-05-17 08:00:00+00:00,309.6,310.1,307.0,308.9,69523.072
2023-05-17 16:00:00+00:00,309.0,314.4,308.6,314.3,87033.937
2023-05-18 00:00:00+00:00,314.3,314.8,312.0,313.1,52426.034
2023-05-18 08:00:00+00:00,313.1,314.9,311.1,311.4,78507.566
2023-05-18 16:00:00+00:00,311.4,311.5,306.1,309.3,105641.686
2023-05-19 00:00:00+00:00,309.3,310.4,307.5,309.8,53585.33
2023-05-19 08:00:00+00:00,309.9,311.5,308.4,309.6,91789.158
2023-05-19 16:00:00+00:00,309.7,309.9,307.8,308.9,46330.324
2023-05-20 00:00:00+00:00,308.9,309.1,307.8,308.2,25175.813
2023-05-20 08:00:00+00:00,308.2,310.0,308.1,310.0,37594.218
2023-05-20 16:00:00+00:00,310.0,312.0,309.7,310.6,41715.874
2023-05-21 00:00:00+00:00,310.7,311.6,310.1,311.3,36724.955
2023-05-21 08:00:00+00:00,311.3,311.6,308.6,309.2,54693.265
2023-05-21 16:00:00+00:00,309.3,309.6,305.7,306.4,51764.209
2023-05-22 00:00:00+00:00,306.4,307.7,304.4,307.4,58405.69
2023-05-22 08:00:00+00:00,307.5,311.1,307.3,309.5,90380.503
2023-05-22 16:00:00+00:00,309.6,311.1,309.0,309.0,73296.242
2023-05-23 00:00:00+00:00,309.1,315.4,309.0,313.5,109049.238
2023-05-23 08:00:00+00:00,313.5,314.7,312.5,314.4,66070.011
2023-05-23 16:00:00+00:00,314.5,314.6,312.1,313.5,50710.941
2023-05-24 00:00:00+00:00,313.5,313.6,307.5,307.8,102798.026
2023-05-24 08:00:00+00:00,307.8,309.1,303.6,306.1,120697.508
2023-05-24 16:00:00+00:00,306.2,306.7,304.9,306.0,69197.086
2023-05-25 00:00:00+00:00,305.9,306.4,302.2,304.5,127738.093
2023-05-25 08:00:00+00:00,304.6,306.9,303.4,304.0,93282.647
2023-05-25 16:00:00+00:00,304.0,305.9,303.3,304.5,66301.762
2023-05-26 00:00:00+00:00,304.6,307.2,301.4,305.7,200025.613
2023-05-26 08:00:00+00:00,305.7,308.5,305.1,307.5,135132.574
2023-05-26 16:00:00+00:00,307.6,307.6,305.5,306.8,63430.708
2023-05-27 00:00:00+00:00,306.9,307.5,306.1,306.2,53836.916
2023-05-27 08:00:00+00:00,306.3,306.3,304.0,304.8,49726.106
2023-05-27 16:00:00+00:00,304.9,307.7,304.1,307.4,41179.064
2023-05-28 00:00:00+00:00,307.4,309.6,306.7,307.9,71803.28
2023-05-28 08:00:00+00:00,308.0,308.7,307.0,308.1,69022.236
2023-05-28 16:00:00+00:00,308.1,314.6,307.8,314.1,116407.663
2023-05-29 00:00:00+00:00,314.2,316.3,313.4,314.4,156242.206
2023-05-29 08:00:00+00:00,314.5,317.3,313.0,313.1,192465.423
2023-05-29 16:00:00+00:00,313.2,313.7,310.4,311.6,112777.486
2023-05-30 00:00:00+00:00,311.7,313.2,310.9,312.0,107819.183
2023-05-30 08:00:00+00:00,311.9,314.2,311.0,311.8,126582.546
2023-05-30 16:00:00+00:00,311.8,313.2,310.8,311.5,56902.861
2023-05-31 00:00:00+00:00,311.4,311.9,305.6,306.9,197420.337
2023-05-31 08:00:00+00:00,306.9,307.7,305.0,305.3,164905.747
2023-05-31 16:00:00+00:00,305.4,307.1,305.1,306.8,74806.334
2023-06-01 00:00:00+00:00,306.8,307.7,303.1,303.9,112746.012
2023-06-01 08:00:00+00:00,303.9,305.2,303.6,304.9,76413.369
2023-06-01 16:00:00+00:00,304.9,306.6,303.5,304.9,66459.341
2023-06-02 00:00:00+00:00,304.9,308.4,303.1,307.1,117634.974
2023-06-02 08:00:00+00:00,307.1,307.9,304.7,306.3,119092.156
2023-06-02 16:00:00+00:00,306.3,308.4,305.9,307.2,63856.545
2023-06-03 00:00:00+00:00,307.3,307.4,303.0,306.0,49296.596
2023-06-03 08:00:00+00:00,306.0,308.0,305.5,308.0,54541.024
2023-06-03 16:00:00+00:00,308.0,308.2,305.4,306.6,54968.306
2023-06-04 00:00:00+00:00,306.6,306.8,305.6,306.8,39498.575
2023-06-04 08:00:00+00:00,306.8,307.6,306.5,306.6,66343.093
2023-06-04 16:00:00+00:00,306.6,307.5,304.5,305.0,81963.759
2023-06-05 00:00:00+00:00,305.1,305.1,298.7,301.0,165663.424
2023-06-05 08:00:00+00:00,301.0,301.2,276.7,276.8,500030.697
2023-06-05 16:00:00+00:00,276.8,282.7,272.0,276.9,430325.898
2023-06-06 00:00:00+00:00,277.0,279.4,273.6,277.4,175030.24
2023-06-06 08:00:00+00:00,277.5,280.7,273.2,279.0,293194.244
2023-06-06 16:00:00+00:00,279.0,285.8,278.6,281.2,240461.096
2023-06-07 00:00:00+00:00,281.2,281.8,276.7,276.9,119723.113
2023-06-07 08:00:00+00:00,276.9,277.6,253.4,258.9,754232.045
2023-06-07 16:00:00+00:00,259.0,263.8,255.3,259.3,314308.679
2023-06-08 00:00:00+00:00,259.3,262.8,257.1,260.7,186014.29
2023-06-08 08:00:00+00:00,260.8,267.5,260.3,265.2,283800.232
2023-06-08 16:00:00+00:00,265.3,265.5,261.4,262.0,110039.498
2023-06-09 00:00:00+00:00,261.9,262.9,255.7,258.3,185753.821
2023-06-09 08:00:00+00:00,258.3,264.4,257.5,261.1,210999.336
2023-06-09 16:00:00+00:00,261.2,262.7,259.0,260.5,112907.344
2023-06-10 00:00:00+00:00,260.6,260.7,228.4,234.9,1040568.496
2023-06-10 08:00:00+00:00,234.9,239.7,234.7,235.4,279004.356
2023-06-10 16:00:00+00:00,235.4,241.8,233.2,238.7,284029.35
2023-06-11 00:00:00+00:00,238.8,239.3,234.5,236.8,106209.757
2023-06-11 08:00:00+00:00,236.7,237.6,233.4,235.0,149304.048
2023-06-11 16:00:00+00:00,235.0,238.5,233.8,235.4,147048.554
2023-06-12 00:00:00+00:00,235.4,235.8,222.5,224.0,679838.676
2023-06-12 08:00:00+00:00,224.1,239.3,220.4,231.1,616827.517
2023-06-12 16:00:00+00:00,231.1,234.6,227.2,231.3,282475.647
2023-06-13 00:00:00+00:00,231.3,236.0,228.7,235.3,218594.705
2023-06-13 08:00:00+00:00,235.4,247.0,234.4,234.9,728551.677
2023-06-13 16:00:00+00:00,234.9,244.3,234.2,244.2,283534.639
2023-06-14 00:00:00+00:00,244.1,252.8,243.5,246.8,384246.81
2023-06-14 08:00:00+00:00,246.9,250.0,244.7,246.2,185682.362
2023-06-14 16:00:00+00:00,246.2,248.1,232.9,237.9,400482.546
2023-06-15 00:00:00+00:00,237.9,240.8,234.6,236.6,183059.127
2023-06-15 08:00:00+00:00,236.6,237.9,230.6,232.7,224284.771
2023-06-15 16:00:00+00:00,232.8,238.9,231.3,236.4,194798.071
2023-06-16 00:00:00+00:00,236.5,239.8,234.9,239.5,109199.815
2023-06-16 08:00:00+00:00,239.4,240.8,232.2,238.5,270190.099
2023-06-16 16:00:00+00:00,238.6,243.8,237.1,239.3,183196.615
2023-06-17 00:00:00+00:00,239.4,249.8,237.2,246.5,234343.168
2023-06-17 08:00:00+00:00,246.6,247.6,242.7,243.1,164513.331
2023-06-17 16:00:00+00:00,243.2,246.5,242.3,244.5,92456.773
2023-06-18 00:00:00+00:00,244.5,247.5,242.3,245.8,119976.245
2023-06-18 08:00:00+00:00,245.8,248.7,245.5,247.1,138807.167
2023-06-18 16:00:00+00:00,247.1,247.8,242.7,244.1,101095.569
2023-06-19 00:00:00+00:00,244.1,244.6,241.2,243.4,89926.75
2023-06-19 08:00:00+00:00,243.5,243.9,240.5,241.4,128894.529
2023-06-19 16:00:00+00:00,241.4,245.0,238.3,243.1,206252.99
2023-06-20 00:00:00+00:00,243.0,245.0,240.6,241.4,132004.84
2023-06-20 08:00:00+00:00,241.4,242.0,238.7,240.4,192710.888
2023-06-20 16:00:00+00:00,240.4,248.1,239.8,247.7,314353.944
2023-06-21 00:00:00+00:00,247.8,254.7,246.9,249.3,340769.227
2023-06-21 08:00:00+00:00,249.4,253.9,245.0,249.4,342217.022
2023-06-21 16:00:00+00:00,249.4,253.6,247.2,248.8,323342.308
2023-06-22 00:00:00+00:00,248.9,257.0,248.6,252.3,401712.612
2023-06-22 08:00:00+00:00,252.3,253.7,241.4,243.7,440086.595
2023-06-22 16:00:00+00:00,243.7,245.4,239.4,240.8,190831.264
2023-06-23 00:00:00+00:00,240.8,244.2,239.7,243.5,116709.184
2023-06-23 08:00:00+00:00,243.5,248.5,241.0,247.7,242685.217
2023-06-23 16:00:00+00:00,247.7,249.8,243.3,244.3,278895.792
2023-06-24 00:00:00+00:00,244.4,248.7,242.9,245.5,190115.507
2023-06-24 08:00:00+00:00,245.5,246.6,230.8,232.9,365505.096
2023-06-24 16:00:00+00:00,232.8,237.4,230.4,236.4,235875.447
2023-06-25 00:00:00+00:00,236.4,244.0,235.0,240.9,209435.6
2023-06-25 08:00:00+00:00,240.9,242.1,237.2,239.4,189140.645
2023-06-25 16:00:00+00:00,239.4,240.1,236.6,238.8,114622.353
2023-06-26 00:00:00+00:00,238.9,239.4,233.6,237.8,187911.412
2023-06-26 08:00:00+00:00,237.8,241.3,235.7,238.6,190391.952
2023-06-26 16:00:00+00:00,238.5,238.9,233.6,236.1,147944.726
2023-06-27 00:00:00+00:00,236.1,239.0,234.5,238.5,117875.407
2023-06-27 08:00:00+00:00,238.6,240.8,237.3,237.9,148061.493
2023-06-27 16:00:00+00:00,238.0,239.6,236.8,237.5,94322.95
2023-06-28 00:00:00+00:00,237.5,237.6,230.6,232.6,182226.764
2023-06-28 08:00:00+00:00,232.7,236.5,231.3,235.1,196443.289
2023-06-28 16:00:00+00:00,235.0,235.4,224.6,230.6,264633.994
2023-06-29 00:00:00+00:00,230.6,234.2,230.4,233.4,110728.403
2023-06-29 08:00:00+00:00,233.4,236.7,232.5,233.4,153751.688
2023-06-29 16:00:00+00:00,233.4,234.5,232.3,233.1,87545.883
2023-06-30 00:00:00+00:00,233.2,240.6,231.7,238.7,255942.229
2023-06-30 08:00:00+00:00,238.6,241.7,230.7,235.6,367584.024
2023-06-30 16:00:00+00:00,235.6,241.7,234.8,240.3,219913.341
2023-07-01 00:00:00+00:00,240.4,245.9,240.0,242.1,251380.476
2023-07-01 08:00:00+00:00,242.1,248.7,241.9,247.4,325286.894
2023-07-01 16:00:00+00:00,247.3,249.0,245.6,247.9,146432.031
2023-07-02 00:00:00+00:00,247.8,248.5,242.9,245.7,202819.196
2023-07-02 08:00:00+00:00,245.7,246.4,243.0,246.0,211719.408
2023-07-02 16:00:00+00:00,246.0,247.7,243.1,246.5,183633.459
2023-07-03 00:00:00+00:00,246.5,250.2,245.6,249.5,221666.752
2023-07-03 08:00:00+00:00,249.5,254.7,246.0,249.4,428088.087
2023-07-03 16:00:00+00:00,249.5,249.5,245.3,246.5,224237.888
2023-07-04 00:00:00+00:00,246.5,246.9,244.5,244.9,173885.407
2023-07-04 08:00:00+00:00,244.9,245.9,243.0,243.8,153760.702
2023-07-04 16:00:00+00:00,243.9,244.7,240.4,242.5,161262.946
2023-07-05 00:00:00+00:00,242.5,243.9,241.8,243.2,110304.872
2023-07-05 08:00:00+00:00,243.2,243.2,235.8,237.8,307106.802
2023-07-05 16:00:00+00:00,237.8,240.4,237.5,238.9,102604.02
2023-07-06 00:00:00+00:00,239.0,242.0,237.7,241.5,143051.965
2023-07-06 08:00:00+00:00,241.5,244.5,234.6,238.5,314128.335
2023-07-06 16:00:00+00:00,238.5,239.7,231.5,232.2,216095.141
2023-07-07 00:00:00+00:00,232.3,235.3,231.1,233.1,186242.845
2023-07-07 08:00:00+00:00,233.1,236.2,232.5,235.7,158251.229
2023-07-07 16:00:00+00:00,235.7,236.1,233.8,235.6,87040.512
2023-07-08 00:00:00+00:00,235.7,237.5,234.8,235.9,80958.193
2023-07-08 08:00:00+00:00,235.9,237.6,235.8,236.7,105866.205
2023-07-08 16:00:00+00:00,236.6,237.0,234.2,236.3,72903.323
2023-07-09 00:00:00+00:00,236.3,237.0,234.3,234.6,75844.555
2023-07-09 08:00:00+00:00,234.6,235.5,232.9,234.3,97392.282
2023-07-09 16:00:00+00:00,234.3,235.1,233.5,234.1,61886.492
2023-07-10 00:00:00+00:00,234.1,234.7,231.4,232.5,128643.426
2023-07-10 08:00:00+00:00,232.5,247.0,231.3,245.6,775512.93
2023-07-10 16:00:00+00:00,245.6,247.0,243.0,246.2,289670.168
2023-07-11 00:00:00+00:00,246.2,248.0,244.6,247.1,251175.41
2023-07-11 08:00:00+00:00,247.2,248.8,245.1,247.5,241872.822
2023-07-11 16:00:00+00:00,247.4,249.5,246.9,248.6,167093.152
2023-07-12 00:00:00+00:00,248.6,250.5,248.2,249.6,150604.548
2023-07-12 08:00:00+00:00,249.6,249.7,243.6,244.3,314629.322
2023-07-12 16:00:00+00:00,244.3,244.5,242.6,243.9,134156.842
2023-07-13 00:00:00+00:00,243.9,245.2,242.7,244.3,120568.777
2023-07-13 08:00:00+00:00,244.3,253.5,244.2,251.0,303209.626
2023-07-13 16:00:00+00:00,251.0,257.8,250.3,256.1,614052.988
2023-07-14 00:00:00+00:00,256.2,261.7,255.3,255.6,392291.24
2023-07-14 08:00:00+00:00,255.5,258.0,252.6,256.6,298902.509
2023-07-14 16:00:00+00:00,256.5,257.5,243.4,248.1,379924.947
2023-07-15 00:00:00+00:00,248.1,250.4,246.9,250.1,152714.657
2023-07-15 08:00:00+00:00,250.1,252.5,249.1,250.4,137821.159
2023-07-15 16:00:00+00:00,250.4,252.1,249.5,251.1,93236.857
2023-07-16 00:00:00+00:00,251.1,252.1,247.7,248.6,117122.077
2023-07-16 08:00:00+00:00,248.6,250.5,247.8,248.7,127304.427
2023-07-16 16:00:00+00:00,248.7,249.1,242.0,242.3,188590.105
2023-07-17 00:00:00+00:00,242.3,244.1,240.7,242.7,335343.341
2023-07-17 08:00:00+00:00,242.7,244.9,239.8,243.7,294644.672
2023-07-17 16:00:00+00:00,243.8,244.8,240.3,244.1,162757.145
2023-07-18 00:00:00+00:00,244.1,246.7,240.4,241.1,325678.752
2023-07-18 08:00:00+00:00,241.0,242.5,238.4,240.1,424783.256
2023-07-18 16:00:00+00:00,240.1,241.2,237.5,240.2,182042.763
2023-07-19 00:00:00+00:00,240.3,244.1,239.6,242.5,184562.129
2023-07-19 08:00:00+00:00,242.5,243.0,239.9,241.0,161876.352
2023-07-19 16:00:00+00:00,241.0,242.8,240.0,240.8,98238.026
2023-07-20 00:00:00+00:00,240.9,244.0,240.6,243.9,124691.581
2023-07-20 08:00:00+00:00,243.8,245.0,240.8,241.7,214485.673
2023-07-20 16:00:00+00:00,241.6,243.3,240.3,242.8,110210.546
2023-07-21 00:00:00+00:00,242.8,244.8,242.0,243.5,117449.404
2023-07-21 08:00:00+00:00,243.4,245.4,243.3,244.0,101567.297
2023-07-21 16:00:00+00:00,244.1,244.9,242.6,243.7,76171.086
2023-07-22 00:00:00+00:00,243.8,244.9,243.0,243.7,57343.354
2023-07-22 08:00:00+00:00,243.7,244.1,242.0,242.8,50329.542
2023-07-22 16:00:00+00:00,242.8,242.9,240.1,241.1,76759.627
2023-07-23 00:00:00+00:00,241.1,242.8,240.4,242.6,45133.258
2023-07-23 08:00:00+00:00,242.6,243.0,242.0,242.2,45313.589
2023-07-23 16:00:00+00:00,242.1,244.0,241.6,242.5,81484.286
2023-07-24 00:00:00+00:00,242.4,243.1,239.2,241.9,118207.459
2023-07-24 08:00:00+00:00,241.9,242.0,235.0,236.9,255477.219
2023-07-24 16:00:00+00:00,237.0,239.1,236.0,238.9,89767.02
2023-07-25 00:00:00+00:00,238.9,239.8,236.8,237.1,105716.829
2023-07-25 08:00:00+00:00,237.1,238.8,236.2,237.4,116235.794
2023-07-25 16:00:00+00:00,237.4,238.4,236.7,237.7,85248.689
2023-07-26 00:00:00+00:00,237.8,238.7,236.3,237.6,99188.84
2023-07-26 08:00:00+00:00,237.7,238.6,236.5,238.1,98627.235
2023-07-26 16:00:00+00:00,238.2,240.4,236.7,239.0,120851.739
2023-07-27 00:00:00+00:00,239.0,244.5,238.4,242.1,113653.132
2023-07-27 08:00:00+00:00,242.1,242.9,240.3,240.7,134276.101
2023-07-27 16:00:00+00:00,240.7,241.3,239.4,240.6,62250.756
2023-07-28 00:00:00+00:00,240.7,241.2,239.7,240.8,66316.322
2023-07-28 08:00:00+00:00,240.9,242.7,240.5,241.6,119180.33
2023-07-28 16:00:00+00:00,241.7,242.9,241.0,241.9,47242.527
2023-07-29 00:00:00+00:00,241.9,242.5,241.4,241.5,27289.065
2023-07-29 08:00:00+00:00,241.4,242.1,241.1,241.9,37764.873
2023-07-29 16:00:00+00:00,241.9,242.9,241.6,242.4,37352.961
2023-07-30 00:00:00+00:00,242.5,242.9,241.6,242.6,54563.373
2023-07-30 08:00:00+00:00,242.7,243.7,241.9,243.0,106548.907
2023-07-30 16:00:00+00:00,243.0,243.8,240.3,242.5,94134.252
2023-07-31 00:00:00+00:00,242.6,244.5,242.2,243.3,113007.602
2023-07-31 08:00:00+00:00,243.3,244.1,241.7,242.2,110320.414
2023-07-31 16:00:00+00:00,242.2,242.8,240.5,241.0,109771.755
2023-08-01 00:00:00+00:00,241.0,246.4,237.3,245.4,415312.361
2023-08-01 08:00:00+00:00,245.5,246.6,242.5,245.2,261628.62
2023-08-01 16:00:00+00:00,245.2,247.8,244.4,247.7,136134.194
2023-08-02 00:00:00+00:00,247.8,248.8,244.3,244.6,167732.781
2023-08-02 08:00:00+00:00,244.7,246.2,242.2,243.2,152933.521
2023-08-02 16:00:00+00:00,243.3,243.9,235.7,240.7,309698.297
2023-08-03 00:00:00+00:00,240.7,241.3,239.2,239.3,90792.224
2023-08-03 08:00:00+00:00,239.2,242.8,238.3,241.4,136353.406
2023-08-03 16:00:00+00:00,241.4,241.9,240.0,241.1,76821.047
2023-08-04 00:00:00+00:00,241.1,243.4,240.7,242.1,79086.114
2023-08-04 08:00:00+00:00,242.1,243.3,241.4,243.1,116271.431
2023-08-04 16:00:00+00:00,243.1,243.4,240.2,241.7,79357.799
2023-08-05 00:00:00+00:00,241.7,242.2,240.1,241.3,63633.061
2023-08-05 08:00:00+00:00,241.2,242.2,241.1,242.2,60969.335
2023-08-05 16:00:00+00:00,242.2,243.3,241.6,243.2,51819.886
2023-08-06 00:00:00+00:00,243.3,245.2,243.1,245.1,98918.177
2023-08-06 08:00:00+00:00,245.1,245.5,243.0,243.1,105753.85
2023-08-06 16:00:00+00:00,243.2,244.5,242.8,243.2,73477.23
2023-08-07 00:00:00+00:00,243.1,244.9,242.5,242.8,90561.872
2023-08-07 08:00:00+00:00,242.7,243.2,240.7,241.1,129451.42
2023-08-07 16:00:00+00:00,241.1,242.2,239.7,242.1,82085.253
2023-08-08 00:00:00+00:00,242.0,243.8,241.5,242.8,90933.522
2023-08-08 08:00:00+00:00,242.9,245.3,242.6,244.8,111333.646
2023-08-08 16:00:00+00:00,244.9,248.0,244.6,245.2,175340.406
2023-08-09 00:00:00+00:00,245.2,245.5,243.9,245.0,94197.619
2023-08-09 08:00:00+00:00,244.9,245.5,243.5,243.9,146404.343
2023-08-09 16:00:00+00:00,244.0,244.3,242.8,243.8,53610.644
2023-08-10 00:00:00+00:00,243.9,244.1,241.7,242.1,86267.386
2023-08-10 08:00:00+00:00,242.1,243.6,241.7,242.2,103533.64
2023-08-10 16:00:00+00:00,242.2,242.6,240.5,241.5,72072.894
2023-08-11 00:00:00+00:00,241.5,242.3,239.7,240.7,96583.837
2023-08-11 08:00:00+00:00,240.7,241.2,238.5,238.8,108085.868
2023-08-11 16:00:00+00:00,238.8,240.6,238.0,239.7,82687.499
2023-08-12 00:00:00+00:00,239.8,240.8,239.3,240.7,40479.0
2023-08-12 08:00:00+00:00,240.6,241.4,240.1,240.6,41412.894
2023-08-12 16:00:00+00:00,240.6,241.0,239.9,240.3,32133.262
2023-08-13 00:00:00+00:00,240.3,240.6,239.8,240.3,35823.936
2023-08-13 08:00:00+00:00,240.3,241.0,240.1,240.4,46276.195
2023-08-13 16:00:00+00:00,240.3,241.8,239.8,240.2,50778.747
2023-08-14 00:00:00+00:00,240.2,241.5,239.7,240.5,72184.047
2023-08-14 08:00:00+00:00,240.6,241.4,240.2,241.0,69039.212
2023-08-14 16:00:00+00:00,240.9,241.3,240.0,240.4,60038.694
2023-08-15 00:00:00+00:00,240.5,240.8,239.0,239.5,69024.928
2023-08-15 08:00:00+00:00,239.6,240.0,238.4,239.1,116676.666
2023-08-15 16:00:00+00:00,239.1,239.5,234.0,236.7,212126.753
2023-08-16 00:00:00+00:00,236.8,237.4,234.5,234.8,92844.582
2023-08-16 08:00:00+00:00,234.8,235.1,232.6,233.3,153341.851
2023-08-16 16:00:00+00:00,233.3,235.3,230.7,232.0,180828.042
2023-08-17 00:00:00+00:00,232.1,232.4,228.1,231.1,186653.889
2023-08-17 08:00:00+00:00,231.2,231.7,224.5,225.2,255188.678
2023-08-17 16:00:00+00:00,225.2,226.8,212.5,218.1,581931.294
2023-08-18 00:00:00+00:00,218.1,220.3,213.5,219.3,350910.106
2023-08-18 08:00:00+00:00,219.3,219.8,216.3,217.0,184880.156
2023-08-18 16:00:00+00:00,217.0,217.9,215.1,216.1,138755.005
2023-08-19 00:00:00+00:00,216.0,217.1,213.6,215.9,104637.984
2023-08-19 08:00:00+00:00,215.8,217.4,214.6,217.3,101438.296
2023-08-19 16:00:00+00:00,217.4,219.2,215.7,216.8,117218.393
2023-08-20 00:00:00+00:00,216.9,217.6,215.4,215.9,52980.206
2023-08-20 08:00:00+00:00,216.0,217.1,215.5,216.2,74312.69
2023-08-20 16:00:00+00:00,216.3,218.0,215.5,216.5,63164.537
2023-08-21 00:00:00+00:00,216.6,216.9,214.0,214.7,87313.259
2023-08-21 08:00:00+00:00,214.7,215.3,206.2,208.5,506694.175
2023-08-21 16:00:00+00:00,208.5,212.1,207.5,210.4,188089.188
2023-08-22 00:00:00+00:00,210.4,210.8,208.3,209.8,134015.378
2023-08-22 08:00:00+00:00,209.9,210.9,204.3,205.6,289314.25
2023-08-22 16:00:00+00:00,205.5,213.0,203.4,210.9,452595.963
2023-08-23 00:00:00+00:00,210.9,216.6,210.8,216.4,260747.293
2023-08-23 08:00:00+00:00,216.4,216.7,212.5,215.4,161599.121
2023-08-23 16:00:00+00:00,215.4,218.8,214.8,216.6,223750.107
2023-08-24 00:00:00+00:00,216.7,221.2,215.6,219.3,107142.537
2023-08-24 08:00:00+00:00,219.4,220.7,216.5,216.7,170914.26
2023-08-24 16:00:00+00:00,216.7,219.3,215.6,219.0,90809.214
2023-08-25 00:00:00+00:00,219.0,219.6,213.7,215.3,136554.99
2023-08-25 08:00:00+00:00,215.3,218.7,215.2,216.8,151782.83
2023-08-25 16:00:00+00:00,216.9,218.7,216.4,218.4,92354.285
2023-08-26 00:00:00+00:00,218.5,219.3,216.9,217.2,64489.046
2023-08-26 08:00:00+00:00,217.2,217.5,216.5,217.3,42582.028
2023-08-26 16:00:00+00:00,217.3,217.3,216.1,216.5,39764.197
2023-08-27 00:00:00+00:00,216.4,217.1,215.9,216.7,42393.264
2023-08-27 08:00:00+00:00,216.6,219.2,216.5,218.6,87740.288
2023-08-27 16:00:00+00:00,218.6,219.8,217.6,218.4,56719.632
2023-08-28 00:00:00+00:00,218.4,218.5,215.7,216.2,95273.878
2023-08-28 08:00:00+00:00,216.2,219.0,215.1,218.4,136657.777
2023-08-28 16:00:00+00:00,218.4,219.5,217.2,218.8,78387.787
2023-08-29 00:00:00+00:00,218.8,219.5,217.4,217.6,56038.902
2023-08-29 08:00:00+00:00,217.5,234.8,217.0,228.2,407341.958
2023-08-29 16:00:00+00:00,228.3,230.7,225.9,226.9,202818.789
2023-08-30 00:00:00+00:00,226.9,227.3,224.3,225.2,100915.491
2023-08-30 08:00:00+00:00,225.2,225.5,222.0,223.1,137844.73
2023-08-30 16:00:00+00:00,223.1,224.0,221.7,223.8,66334.217
2023-08-31 00:00:00+00:00,223.8,224.0,222.5,223.5,49667.759
2023-08-31 08:00:00+00:00,223.5,226.0,220.6,221.5,165971.895
2023-08-31 16:00:00+00:00,221.5,221.5,214.4,216.7,236378.259
2023-09-01 00:00:00+00:00,216.7,218.4,213.5,214.2,142225.148
2023-09-01 08:00:00+00:00,214.3,215.7,212.0,213.3,144055.931
2023-09-01 16:00:00+00:00,213.4,215.0,211.2,213.7,175552.159
2023-09-02 00:00:00+00:00,213.7,215.6,213.4,214.2,73009.33
2023-09-02 08:00:00+00:00,214.3,215.9,213.6,214.7,79090.523
2023-09-02 16:00:00+00:00,214.7,215.0,213.0,214.4,55629.873
2023-09-03 00:00:00+00:00,214.4,214.7,213.4,214.6,56609.86
2023-09-03 08:00:00+00:00,214.6,215.2,213.7,213.8,56719.201
2023-09-03 16:00:00+00:00,213.8,214.9,213.2,214.4,55129.181
2023-09-04 00:00:00+00:00,214.4,216.5,214.0,214.6,81522.788
2023-09-04 08:00:00+00:00,214.6,216.5,213.1,215.0,153053.381
2023-09-04 16:00:00+00:00,215.1,216.0,213.7,215.2,70739.276
2023-09-05 00:00:00+00:00,215.3,215.4,213.5,214.8,66680.549
2023-09-05 08:00:00+00:00,214.8,216.1,214.2,215.2,118263.236
2023-09-05 16:00:00+00:00,215.2,215.6,214.1,214.6,57820.294
2023-09-06 00:00:00+00:00,214.6,215.6,214.1,214.4,56451.335
2023-09-06 08:00:00+00:00,214.4,215.2,213.1,213.6,79739.891
2023-09-06 16:00:00+00:00,213.6,218.8,211.8,215.2,164632.198
2023-09-07 00:00:00+00:00,215.2,216.2,214.7,215.4,49223.798
2023-09-07 08:00:00+00:00,215.4,215.7,213.6,214.6,91658.418
2023-09-07 16:00:00+00:00,214.7,217.9,214.4,217.1,106853.28
2023-09-08 00:00:00+00:00,217.1,218.8,216.6,217.0,84272.77
2023-09-08 08:00:00+00:00,217.0,217.2,213.4,214.2,106017.659
2023-09-08 16:00:00+00:00,214.2,214.7,213.4,214.7,44953.867
2023-09-09 00:00:00+00:00,214.7,215.2,214.3,215.2,21393.451
2023-09-09 08:00:00+00:00,215.2,215.4,214.6,215.1,39388.694
2023-09-09 16:00:00+00:00,215.2,215.4,214.1,214.1,33970.101
2023-09-10 00:00:00+00:00,214.2,214.3,211.5,213.2,94894.79
2023-09-10 08:00:00+00:00,213.2,213.5,211.8,212.9,77275.754
2023-09-10 16:00:00+00:00,212.9,213.8,211.1,212.4,109311.835
2023-09-11 00:00:00+00:00,212.4,212.7,211.1,211.3,81788.319
2023-09-11 08:00:00+00:00,211.3,211.4,204.4,206.5,360550.448
2023-09-11 16:00:00+00:00,206.5,207.3,203.9,206.1,137754.356
2023-09-12 00:00:00+00:00,206.2,210.9,204.9,209.7,204796.769
2023-09-12 08:00:00+00:00,209.7,214.3,209.0,212.8,185919.207
2023-09-12 16:00:00+00:00,212.8,214.3,210.3,210.7,133019.023
2023-09-13 00:00:00+00:00,210.8,212.0,209.3,210.3,115629.2
2023-09-13 08:00:00+00:00,210.3,213.1,210.0,212.4,123396.13
2023-09-13 16:00:00+00:00,212.5,213.3,211.1,212.5,62429.545
2023-09-14 00:00:00+00:00,212.5,215.0,211.0,212.0,128033.851
2023-09-14 08:00:00+00:00,212.1,214.3,211.5,213.1,138474.092
2023-09-14 16:00:00+00:00,213.1,213.4,211.7,212.2,87514.61
2023-09-15 00:00:00+00:00,212.2,213.3,211.6,211.9,88535.897
2023-09-15 08:00:00+00:00,211.9,213.4,210.9,212.2,124774.183
2023-09-15 16:00:00+00:00,212.1,215.0,211.7,214.1,99546.917
2023-09-16 00:00:00+00:00,214.1,216.0,214.0,215.0,132068.045
2023-09-16 08:00:00+00:00,215.0,215.0,213.3,214.1,96228.531
2023-09-16 16:00:00+00:00,214.0,215.2,213.9,214.9,60400.509
2023-09-17 00:00:00+00:00,214.9,215.1,213.3,214.5,98209.942
2023-09-17 08:00:00+00:00,214.5,216.8,214.3,216.2,111703.931
2023-09-17 16:00:00+00:00,216.3,216.5,215.0,216.5,123088.595
2023-09-18 00:00:00+00:00,216.4,218.8,214.9,216.9,202333.787
2023-09-18 08:00:00+00:00,216.9,221.3,216.4,219.5,230700.792
2023-09-18 16:00:00+00:00,219.5,219.8,215.1,216.0,167122.031
2023-09-19 00:00:00+00:00,216.0,217.1,215.3,216.9,70496.07
2023-09-19 08:00:00+00:00,217.0,219.9,216.4,218.3,189353.588
2023-09-19 16:00:00+00:00,218.3,218.6,216.1,217.2,87412.09
2023-09-20 00:00:00+00:00,217.2,217.8,215.6,216.3,69963.959
2023-09-20 08:00:00+00:00,216.3,217.1,214.7,215.8,126642.285
2023-09-20 16:00:00+00:00,215.8,216.8,213.3,214.4,172219.502
2023-09-21 00:00:00+00:00,214.3,215.1,213.0,213.2,107535.798
2023-09-21 08:00:00+00:00,213.3,213.6,209.1,210.7,255870.479
2023-09-21 16:00:00+00:00,210.6,211.3,209.9,210.8,48905.932
2023-09-22 00:00:00+00:00,210.8,213.0,209.6,211.5,89562.318
2023-09-22 08:00:00+00:00,211.5,211.8,210.2,210.7,84519.981
2023-09-22 16:00:00+00:00,210.6,211.3,209.7,211.1,63594.936
2023-09-23 00:00:00+00:00,211.1,211.7,209.9,210.8,44762.401
2023-09-23 08:00:00+00:00,210.9,211.1,210.2,210.6,34981.144
2023-09-23 16:00:00+00:00,210.5,210.8,210.1,210.5,37874.665
2023-09-24 00:00:00+00:00,210.4,210.6,209.8,210.3,36241.714
2023-09-24 08:00:00+00:00,210.4,210.9,210.3,210.7,38006.464
2023-09-24 16:00:00+00:00,210.7,211.2,206.5,208.3,110931.324
2023-09-25 00:00:00+00:00,208.3,210.0,206.5,209.4,95683.586
2023-09-25 08:00:00+00:00,209.4,209.7,207.6,209.0,100952.949
2023-09-25 16:00:00+00:00,209.0,210.6,209.0,209.9,75764.93
2023-09-26 00:00:00+00:00,210.0,212.5,209.7,212.4,87464.938
2023-09-26 08:00:00+00:00,212.4,213.7,210.8,210.9,130410.429
2023-09-26 16:00:00+00:00,211.0,212.6,210.7,212.6,62834.222
2023-09-27 00:00:00+00:00,212.6,213.5,212.1,213.2,76497.382
2023-09-27 08:00:00+00:00,213.1,216.0,211.7,212.4,217058.215
2023-09-27 16:00:00+00:00,212.4,212.9,210.5,212.0,115811.8
2023-09-28 00:00:00+00:00,212.1,213.3,211.5,213.1,96074.139
2023-09-28 08:00:00+00:00,213.1,215.7,212.6,215.6,152608.384
2023-09-28 16:00:00+00:00,215.6,217.0,214.2,215.0,145403.02
2023-09-29 00:00:00+00:00,215.0,217.6,214.3,216.9,120516.906
2023-09-29 08:00:00+00:00,217.0,217.0,214.4,215.9,200634.522
2023-09-29 16:00:00+00:00,215.9,216.1,214.7,215.2,50772.533
2023-09-30 00:00:00+00:00,215.2,215.7,214.1,214.5,67814.721
2023-09-30 08:00:00+00:00,214.5,216.5,214.3,215.8,62267.656
2023-09-30 16:00:00+00:00,215.9,216.2,214.5,214.6,48992.779
2023-10-01 00:00:00+00:00,214.6,215.4,214.4,214.9,63971.532
2023-10-01 08:00:00+00:00,215.0,216.5,214.6,215.7,123518.088
2023-10-01 16:00:00+00:00,215.7,219.4,213.1,218.2,227554.958
2023-10-02 00:00:00+00:00,218.2,220.1,217.1,219.9,180398.908
2023-10-02 08:00:00+00:00,219.9,221.6,215.7,216.2,212305.083
2023-10-02 16:00:00+00:00,216.2,217.0,213.1,214.6,173245.145
2023-10-03 00:00:00+00:00,214.6,215.8,214.3,215.3,73033.865
2023-10-03 08:00:00+00:00,215.3,215.8,212.7,213.5,131277.923
2023-10-03 16:00:00+00:00,213.6,214.1,212.4,213.5,90199.295
2023-10-04 00:00:00+00:00,213.5,213.5,210.8,212.2,135414.464
2023-10-04 08:00:00+00:00,212.3,213.4,211.5,211.8,108669.127
2023-10-04 16:00:00+00:00,211.9,213.8,211.7,213.4,84798.899
2023-10-05 00:00:00+00:00,213.4,213.9,211.9,212.4,63286.483
2023-10-05 08:00:00+00:00,212.3,213.3,210.5,211.2,108656.037
2023-10-05 16:00:00+00:00,211.2,211.6,210.2,210.6,87431.519
2023-10-06 00:00:00+00:00,210.7,212.6,210.5,212.5,45542.05
2023-10-06 08:00:00+00:00,212.5,212.8,210.1,212.6,125459.404
2023-10-06 16:00:00+00:00,212.7,214.6,211.9,213.4,87865.099
2023-10-07 00:00:00+00:00,213.4,213.8,213.2,213.4,44895.276
2023-10-07 08:00:00+00:00,213.4,213.8,212.3,212.6,49952.962
2023-10-07 16:00:00+00:00,212.6,212.6,211.5,212.3,30742.554
2023-10-08 00:00:00+00:00,212.2,212.7,211.3,211.6,49243.059
2023-10-08 08:00:00+00:00,211.7,212.8,208.8,211.6,138003.099
2023-10-08 16:00:00+00:00,211.6,212.1,210.9,211.4,38012.147
2023-10-09 00:00:00+00:00,211.3,212.2,210.5,211.0,71849.333
2023-10-09 08:00:00+00:00,211.0,211.3,206.1,206.8,224760.78
2023-10-09 16:00:00+00:00,206.8,207.5,202.0,205.8,275708.092
2023-10-10 00:00:00+00:00,205.9,209.4,205.5,208.6,151011.271
2023-10-10 08:00:00+00:00,208.6,213.1,206.3,207.3,335332.646
2023-10-10 16:00:00+00:00,207.3,209.2,206.7,208.6,91381.097
2023-10-11 00:00:00+00:00,208.6,208.8,204.3,206.1,169718.548
2023-10-11 08:00:00+00:00,206.2,208.4,204.8,205.3,145048.071
2023-10-11 16:00:00+00:00,205.3,206.7,204.4,206.6,82434.198
2023-10-12 00:00:00+00:00,206.6,206.8,204.9,205.4,70904.748
2023-10-12 08:00:00+00:00,205.3,207.3,202.8,205.6,176824.553
2023-10-12 16:00:00+00:00,205.6,206.1,203.9,205.1,107787.657
2023-10-13 00:00:00+00:00,205.1,206.7,204.3,206.3,107243.888
2023-10-13 08:00:00+00:00,206.3,206.7,205.0,205.6,84152.937
2023-10-13 16:00:00+00:00,205.6,208.3,205.2,206.1,139904.095
2023-10-14 00:00:00+00:00,206.1,207.1,205.9,206.3,50545.878
2023-10-14 08:00:00+00:00,206.3,206.8,205.7,206.8,56371.082
2023-10-14 16:00:00+00:00,206.8,207.0,206.1,206.5,35824.172
2023-10-15 00:00:00+00:00,206.5,208.3,206.3,207.4,90846.533
2023-10-15 08:00:00+00:00,207.3,213.0,206.3,209.3,193536.813
2023-10-15 16:00:00+00:00,209.3,210.5,208.8,209.7,81247.208
2023-10-16 00:00:00+00:00,209.8,214.4,209.6,212.8,185871.988
2023-10-16 08:00:00+00:00,212.8,219.0,211.4,212.7,470255.084
2023-10-16 16:00:00+00:00,212.8,215.4,212.7,214.6,117052.738
2023-10-17 00:00:00+00:00,214.7,215.0,212.6,213.6,82376.019
2023-10-17 08:00:00+00:00,213.5,214.9,209.0,212.1,214351.007
2023-10-17 16:00:00+00:00,212.0,212.5,210.6,211.4,76080.99
2023-10-18 00:00:00+00:00,211.4,213.9,211.0,212.5,95825.243
2023-10-18 08:00:00+00:00,212.6,213.4,211.2,211.7,90260.012
2023-10-18 16:00:00+00:00,211.7,212.2,209.9,210.2,74857.083
2023-10-19 00:00:00+00:00,210.3,210.8,208.2,210.1,80172.264
2023-10-19 08:00:00+00:00,210.1,211.5,209.5,210.3,106427.165
2023-10-19 16:00:00+00:00,210.3,211.2,210.0,211.2,87892.06
2023-10-20 00:00:00+00:00,211.2,213.9,210.5,212.4,107443.772
2023-10-20 08:00:00+00:00,212.4,216.6,212.3,212.8,189647.521
2023-10-20 16:00:00+00:00,212.9,213.2,212.0,212.1,47835.913
2023-10-21 00:00:00+00:00,212.1,213.0,211.4,212.8,51131.783
2023-10-21 08:00:00+00:00,212.8,214.4,212.3,214.3,89757.364
2023-10-21 16:00:00+00:00,214.4,215.8,213.5,214.2,122293.365
2023-10-22 00:00:00+00:00,214.2,216.7,213.6,214.3,110879.486
2023-10-22 08:00:00+00:00,214.3,215.0,213.6,214.2,60475.057
2023-10-22 16:00:00+00:00,214.2,218.4,213.9,217.8,120490.526
2023-10-23 00:00:00+00:00,217.8,222.8,216.9,219.5,279162.176
2023-10-23 08:00:00+00:00,219.5,220.9,218.1,219.3,129868.499
2023-10-23 16:00:00+00:00,219.2,231.0,219.0,228.5,432362.49
2023-10-24 00:00:00+00:00,228.6,238.1,226.7,227.6,465993.397
2023-10-24 08:00:00+00:00,227.6,233.3,221.2,223.9,374007.858
2023-10-24 16:00:00+00:00,224.0,227.2,222.7,225.2,171407.915
2023-10-25 00:00:00+00:00,225.2,229.1,224.0,224.9,193468.903
2023-10-25 08:00:00+00:00,224.9,227.7,223.7,227.3,212937.665
2023-10-25 16:00:00+00:00,227.2,227.7,221.5,222.1,218383.209
2023-10-26 00:00:00+00:00,222.1,228.0,221.6,226.5,266438.258
2023-10-26 08:00:00+00:00,226.5,228.1,219.2,221.1,359463.723
2023-10-26 16:00:00+00:00,221.1,223.8,219.9,223.2,100298.687
2023-10-27 00:00:00+00:00,223.2,226.6,219.9,223.2,166827.638
2023-10-27 08:00:00+00:00,223.1,231.6,223.1,226.1,584310.702
2023-10-27 16:00:00+00:00,226.1,226.6,220.6,224.1,219779.149
2023-10-28 00:00:00+00:00,224.2,228.0,224.1,227.3,142764.09
2023-10-28 08:00:00+00:00,227.2,228.4,224.8,226.8,150081.078
2023-10-28 16:00:00+00:00,226.8,226.8,225.1,225.7,54846.269
2023-10-29 00:00:00+00:00,225.7,226.1,223.6,225.8,81839.664
2023-10-29 08:00:00+00:00,225.8,227.3,225.3,226.5,97572.18
2023-10-29 16:00:00+00:00,226.5,228.1,225.7,227.1,89621.952
2023-10-30 00:00:00+00:00,227.1,227.8,224.6,226.0,118485.754
2023-10-30 08:00:00+00:00,226.0,229.2,225.8,228.4,166693.955
2023-10-30 16:00:00+00:00,228.5,229.0,225.5,228.0,111940.567
2023-10-31 00:00:00+00:00,228.0,229.3,225.6,225.9,123590.757
2023-10-31 08:00:00+00:00,225.9,228.5,223.9,224.4,231962.043
2023-10-31 16:00:00+00:00,224.5,226.5,223.9,226.2,109720.468
2023-11-01 00:00:00+00:00,226.3,227.0,224.0,224.5,112663.583
2023-11-01 08:00:00+00:00,224.6,226.7,222.3,223.2,209289.055
2023-11-01 16:00:00+00:00,223.3,229.5,223.0,227.9,256694.57
2023-11-02 00:00:00+00:00,228.0,232.5,227.5,229.9,276705.136
2023-11-02 08:00:00+00:00,229.9,233.7,228.2,229.6,344289.062
2023-11-02 16:00:00+00:00,229.6,233.0,227.8,231.9,208222.489
2023-11-03 00:00:00+00:00,231.9,232.4,227.3,229.7,183502.385
2023-11-03 08:00:00+00:00,229.7,230.2,225.6,229.4,225028.364
2023-11-03 16:00:00+00:00,229.5,230.8,227.6,230.2,92841.037
2023-11-04 00:00:00+00:00,230.3,232.2,229.3,231.8,96338.616
2023-11-04 08:00:00+00:00,231.9,236.7,231.4,234.8,200785.024
2023-11-04 16:00:00+00:00,234.9,238.7,234.4,237.1,94357.307
2023-11-05 00:00:00+00:00,237.2,245.0,236.1,244.5,227853.482
2023-11-05 08:00:00+00:00,244.4,245.0,239.0,240.8,235246.015
2023-11-05 16:00:00+00:00,240.8,245.5,240.3,244.0,150199.976
2023-11-06 00:00:00+00:00,244.0,246.0,241.5,244.3,157099.291
2023-11-06 08:00:00+00:00,244.3,254.3,242.9,251.7,474587.761
2023-11-06 16:00:00+00:00,251.8,256.1,249.5,255.1,213237.272
2023-11-07 00:00:00+00:00,255.1,255.6,250.0,251.0,209335.461
2023-11-07 08:00:00+00:00,251.1,252.4,243.1,244.5,358127.344
2023-11-07 16:00:00+00:00,244.5,251.0,242.1,246.2,297583.003
2023-11-08 00:00:00+00:00,246.2,247.9,244.1,245.9,155687.809
2023-11-08 08:00:00+00:00,245.9,247.0,244.0,245.9,162401.769
2023-11-08 16:00:00+00:00,245.9,248.3,245.1,246.7,182313.614
2023-11-09 00:00:00+00:00,246.7,252.0,245.7,248.5,258389.538
2023-11-09 08:00:00+00:00,248.4,255.9,247.2,251.8,519176.156
2023-11-09 16:00:00+00:00,251.7,253.1,240.0,251.6,542854.78
2023-11-10 00:00:00+00:00,251.7,258.0,251.0,251.5,383197.972
2023-11-10 08:00:00+00:00,251.5,253.6,248.1,249.8,284405.451
2023-11-10 16:00:00+00:00,249.9,252.4,249.6,251.0,147332.795
2023-11-11 00:00:00+00:00,251.1,252.6,246.0,248.8,257587.313
2023-11-11 08:00:00+00:00,248.7,254.5,247.9,253.0,247381.898
2023-11-11 16:00:00+00:00,253.0,255.2,249.4,251.5,233787.7
2023-11-12 00:00:00+00:00,251.6,252.0,244.5,250.6,290820.905
2023-11-12 08:00:00+00:00,250.5,250.7,247.2,248.4,202352.829
2023-11-12 16:00:00+00:00,248.5,249.0,246.6,247.4,143952.475
2023-11-13 00:00:00+00:00,247.5,250.2,243.8,245.7,321960.483
2023-11-13 08:00:00+00:00,245.7,247.3,243.0,247.1,328387.646
2023-11-13 16:00:00+00:00,247.1,247.5,240.3,241.1,303569.403
2023-11-14 00:00:00+00:00,241.1,244.6,238.0,244.3,246413.175
2023-11-14 08:00:00+00:00,244.4,249.4,242.5,244.2,421008.495
2023-11-14 16:00:00+00:00,244.2,245.7,233.7,242.3,325442.454
2023-11-15 00:00:00+00:00,242.3,246.7,242.1,245.4,198828.397
2023-11-15 08:00:00+00:00,245.3,254.5,244.6,252.4,427640.626
2023-11-15 16:00:00+00:00,252.3,254.5,250.6,253.7,284847.41
2023-11-16 00:00:00+00:00,253.7,255.5,251.7,254.8,260194.685
2023-11-16 08:00:00+00:00,254.8,256.0,244.8,246.5,462109.65
2023-11-16 16:00:00+00:00,246.5,247.9,240.0,242.7,367844.905
2023-11-17 00:00:00+00:00,242.7,245.9,242.4,244.5,204626.4
2023-11-17 08:00:00+00:00,244.5,245.9,238.3,238.9,337409.727
2023-11-17 16:00:00+00:00,239.0,245.5,238.5,244.9,215081.571
2023-11-18 00:00:00+00:00,244.9,244.9,238.5,241.9,179237.083
2023-11-18 08:00:00+00:00,241.9,244.5,241.1,244.4,185368.605
2023-11-18 16:00:00+00:00,244.4,245.2,243.4,244.8,121131.529
2023-11-19 00:00:00+00:00,244.8,244.8,241.8,244.2,117297.426
2023-11-19 08:00:00+00:00,244.3,245.0,242.1,243.6,115422.693
2023-11-19 16:00:00+00:00,243.6,246.9,243.4,246.4,146380.985
2023-11-20 00:00:00+00:00,246.5,247.8,245.3,247.3,127384.877
2023-11-20 08:00:00+00:00,247.3,249.1,244.2,248.2,209457.384
2023-11-20 16:00:00+00:00,248.1,268.4,238.6,253.1,1186952.319
2023-11-21 00:00:00+00:00,253.1,267.8,252.4,257.4,654172.386
2023-11-21 08:00:00+00:00,257.4,271.9,248.0,264.5,851867.819
2023-11-21 16:00:00+00:00,264.4,266.9,224.0,225.5,2544352.573
2023-11-22 00:00:00+00:00,225.5,238.5,224.6,233.0,837209.021
2023-11-22 08:00:00+00:00,233.1,237.6,230.2,231.7,506152.071
2023-11-22 16:00:00+00:00,231.6,238.3,229.6,236.1,448002.153
2023-11-23 00:00:00+00:00,236.2,239.2,233.7,235.2,237041.068
2023-11-23 08:00:00+00:00,235.1,236.9,230.2,230.9,294871.422
2023-11-23 16:00:00+00:00,230.9,234.5,230.5,233.8,186201.887
2023-11-24 00:00:00+00:00,233.8,235.9,233.4,235.4,141368.002
2023-11-24 08:00:00+00:00,235.5,236.7,233.5,235.1,302548.282
2023-11-24 16:00:00+00:00,235.1,236.2,231.6,232.7,172988.031
2023-11-25 00:00:00+00:00,232.8,235.5,232.1,235.5,119861.264
2023-11-25 08:00:00+00:00,235.4,235.7,232.3,233.6,118615.703
2023-11-25 16:00:00+00:00,233.7,234.5,232.7,234.4,74861.297
2023-11-26 00:00:00+00:00,234.5,234.5,232.6,233.9,90808.598
2023-11-26 08:00:00+00:00,233.8,234.3,231.2,231.3,146415.884
2023-11-26 16:00:00+00:00,231.4,232.9,227.9,231.7,200400.24
2023-11-27 00:00:00+00:00,231.8,232.9,227.4,228.8,226203.661
2023-11-27 08:00:00+00:00,228.8,229.5,222.5,222.9,397334.47
2023-11-27 16:00:00+00:00,222.9,227.7,222.6,227.2,207608.903
2023-11-28 00:00:00+00:00,227.3,228.5,224.3,225.9,170300.197
2023-11-28 08:00:00+00:00,225.9,230.6,225.2,229.8,207788.359
2023-11-28 16:00:00+00:00,229.8,231.7,229.0,229.6,169334.306
2023-11-29 00:00:00+00:00,229.6,230.6,228.7,229.8,100768.332
2023-11-29 08:00:00+00:00,229.8,231.2,226.2,227.6,206026.882
2023-11-29 16:00:00+00:00,227.6,228.0,226.1,227.3,109733.787
2023-11-30 00:00:00+00:00,227.3,229.2,226.4,227.7,122570.147
2023-11-30 08:00:00+00:00,227.7,229.1,226.1,226.7,166805.597
2023-11-30 16:00:00+00:00,226.6,227.9,225.9,227.6,71498.675
2023-12-01 00:00:00+00:00,227.6,230.0,227.0,228.7,166689.761
2023-12-01 08:00:00+00:00,228.7,229.9,227.3,228.3,164340.253
2023-12-01 16:00:00+00:00,228.3,229.4,227.8,228.5,94849.261
2023-12-02 00:00:00+00:00,228.5,229.8,228.0,228.3,95808.968
2023-12-02 08:00:00+00:00,228.3,228.8,224.8,227.3,161776.492
2023-12-02 16:00:00+00:00,227.3,230.1,226.9,229.0,198611.473
2023-12-03 00:00:00+00:00,229.1,231.9,227.0,228.1,173751.276
2023-12-03 08:00:00+00:00,228.1,229.1,225.9,226.9,249170.077
2023-12-03 16:00:00+00:00,226.9,229.0,226.0,228.1,171768.261
2023-12-04 00:00:00+00:00,228.1,234.8,227.9,231.9,534664.338
2023-12-04 08:00:00+00:00,232.0,237.4,224.8,229.8,772599.261
2023-12-04 16:00:00+00:00,229.9,233.5,229.4,233.5,168562.372
2023-12-05 00:00:00+00:00,233.5,234.9,227.9,229.4,296072.36
2023-12-05 08:00:00+00:00,229.4,231.8,228.3,231.1,230326.11
2023-12-05 16:00:00+00:00,231.1,233.0,230.1,231.2,335397.91
2023-12-06 00:00:00+00:00,231.3,233.6,228.6,233.3,330958.846
2023-12-06 08:00:00+00:00,233.3,234.8,228.7,230.0,319260.495
2023-12-06 16:00:00+00:00,230.1,232.4,229.0,229.4,208574.791
2023-12-07 00:00:00+00:00,229.5,234.8,229.3,232.5,246059.71
2023-12-07 08:00:00+00:00,232.5,233.4,228.3,232.7,307779.559
2023-12-07 16:00:00+00:00,232.8,234.1,230.1,232.6,239731.978
2023-12-08 00:00:00+00:00,232.6,237.2,232.3,233.0,323084.285
2023-12-08 08:00:00+00:00,233.0,236.3,232.2,235.1,256720.097
2023-12-08 16:00:00+00:00,235.1,240.0,234.6,238.9,184834.138
2023-12-09 00:00:00+00:00,238.8,245.5,238.8,243.9,309597.923
2023-12-09 08:00:00+00:00,243.9,245.2,238.5,240.7,360712.856
2023-12-09 16:00:00+00:00,240.7,240.9,236.3,237.7,167787.444
2023-12-10 00:00:00+00:00,237.8,241.4,237.4,240.6,129029.091
2023-12-10 08:00:00+00:00,240.7,241.3,236.8,240.0,196317.374
2023-12-10 16:00:00+00:00,240.0,240.9,238.6,239.8,108245.069
2023-12-11 00:00:00+00:00,239.8,241.4,228.0,232.5,534458.121
2023-12-11 08:00:00+00:00,232.5,248.2,231.5,244.3,941760.97
2023-12-11 16:00:00+00:00,244.3,247.0,236.8,246.4,534498.681
2023-12-12 00:00:00+00:00,246.4,254.3,245.5,250.4,624568.373
2023-12-12 08:00:00+00:00,250.3,256.2,248.5,254.1,640979.032
2023-12-12 16:00:00+00:00,254.2,257.3,248.9,254.6,612123.224
2023-12-13 00:00:00+00:00,254.6,255.0,244.1,247.9,579054.153
2023-12-13 08:00:00+00:00,247.9,252.0,247.8,251.5,336835.003
2023-12-13 16:00:00+00:00,251.5,255.9,250.0,252.0,233293.183
2023-12-14 00:00:00+00:00,252.1,253.4,248.2,251.0,265059.162
2023-12-14 08:00:00+00:00,251.0,253.2,247.7,251.3,369778.323
2023-12-14 16:00:00+00:00,251.3,254.0,250.8,253.3,184109.302
2023-12-15 00:00:00+00:00,253.2,253.4,248.9,249.0,162942.448
2023-12-15 08:00:00+00:00,249.1,250.9,245.0,246.1,303319.461
2023-12-15 16:00:00+00:00,246.0,248.2,242.6,244.9,189392.983
2023-12-16 00:00:00+00:00,244.9,248.4,242.7,246.7,154118.301
2023-12-16 08:00:00+00:00,246.8,247.3,245.4,246.4,125790.76
2023-12-16 16:00:00+00:00,246.4,247.3,243.7,244.4,164171.269
2023-12-17 00:00:00+00:00,244.4,244.5,239.5,240.4,169511.83
2023-12-17 08:00:00+00:00,240.3,242.3,239.9,242.1,149836.751
2023-12-17 16:00:00+00:00,242.2,244.0,238.8,238.8,145608.865
2023-12-18 00:00:00+00:00,238.9,240.2,235.3,236.7,370522.933
2023-12-18 08:00:00+00:00,236.7,239.3,232.0,237.0,378642.795
2023-12-18 16:00:00+00:00,237.0,241.7,236.4,241.7,127023.516
2023-12-19 00:00:00+00:00,241.7,247.5,241.3,244.9,267435.049
2023-12-19 08:00:00+00:00,244.9,253.9,244.6,251.4,860811.165
2023-12-19 16:00:00+00:00,251.5,254.8,250.4,252.9,440921.18
2023-12-20 00:00:00+00:00,252.8,256.4,250.1,256.4,415372.245
2023-12-20 08:00:00+00:00,256.4,259.6,255.2,258.2,420845.389
2023-12-20 16:00:00+00:00,258.3,261.9,255.7,260.3,280733.368
2023-12-21 00:00:00+00:00,260.4,261.9,256.2,260.8,235321.532
2023-12-21 08:00:00+00:00,260.9,274.9,260.8,271.7,775866.592
2023-12-21 16:00:00+00:00,271.7,273.4,268.5,272.1,275579.529
2023-12-22 00:00:00+00:00,272.1,276.5,264.9,265.2,400387.618
2023-12-22 08:00:00+00:00,265.2,272.7,265.0,271.6,391048.157
2023-12-22 16:00:00+00:00,271.6,273.0,268.1,271.1,176384.146
2023-12-23 00:00:00+00:00,271.1,272.0,265.6,266.4,155023.768
2023-12-23 08:00:00+00:00,266.4,270.0,266.2,269.8,126626.996
2023-12-23 16:00:00+00:00,269.8,272.0,269.1,271.0,126562.648
2023-12-24 00:00:00+00:00,271.0,272.9,266.3,269.2,196961.276
2023-12-24 08:00:00+00:00,269.3,271.3,266.0,269.5,204484.031
2023-12-24 16:00:00+00:00,269.5,269.8,261.9,264.5,171199.828
2023-12-25 00:00:00+00:00,264.4,267.3,261.5,265.1,148075.328
2023-12-25 08:00:00+00:00,265.1,268.2,262.8,267.1,204061.483
2023-12-25 16:00:00+00:00,267.1,267.6,263.9,266.9,117606.612
2023-12-26 00:00:00+00:00,266.8,273.9,264.0,273.0,317630.056
2023-12-26 08:00:00+00:00,273.0,303.2,272.6,296.0,1459267.615
2023-12-26 16:00:00+00:00,296.1,298.8,285.0,297.7,579347.674
2023-12-27 00:00:00+00:00,297.7,298.4,285.1,293.2,574743.85
2023-12-27 08:00:00+00:00,293.2,314.4,291.9,311.5,1063113.396
2023-12-27 16:00:00+00:00,311.5,324.4,305.9,324.1,488597.364
2023-12-28 00:00:00+00:00,324.0,330.3,320.0,323.8,778744.975
2023-12-28 08:00:00+00:00,323.9,338.3,323.4,329.0,1025541.753
2023-12-28 16:00:00+00:00,329.1,334.5,321.3,322.6,444849.491
2023-12-29 00:00:00+00:00,322.6,325.6,312.1,313.3,479577.895
2023-12-29 08:00:00+00:00,313.4,321.8,309.4,311.7,595265.087
2023-12-29 16:00:00+00:00,311.8,314.5,307.0,313.7,332179.758
2023-12-30 00:00:00+00:00,313.7,319.7,312.2,318.2,182681.393
2023-12-30 08:00:00+00:00,318.3,320.8,313.0,318.7,240111.782
2023-12-30 16:00:00+00:00,318.8,320.3,313.7,317.1,139060.238
2023-12-31 00:00:00+00:00,317.0,325.5,316.4,322.7,303490.451
2023-12-31 08:00:00+00:00,322.7,323.8,315.3,315.7,198118.598
2023-12-31 16:00:00+00:00,315.7,319.0,307.4,311.8,165488.508
2024-01-01 00:00:00+00:00,311.9,316.0,307.0,310.6,228757.242
2024-01-01 08:00:00+00:00,310.6,312.6,308.8,312.5,230197.707
2024-01-01 16:00:00+00:00,312.5,315.5,310.5,313.5,160500.209
2024-01-02 00:00:00+00:00,313.5,320.3,312.1,317.4,267812.301
2024-01-02 08:00:00+00:00,317.4,321.3,305.8,308.4,444280.909
2024-01-02 16:00:00+00:00,308.5,312.5,307.5,312.2,225671.527
2024-01-03 00:00:00+00:00,312.3,321.6,311.5,316.8,228230.204
2024-01-03 08:00:00+00:00,316.8,334.3,293.6,316.9,1473520.023
2024-01-03 16:00:00+00:00,316.9,321.9,310.0,315.8,430407.895
2024-01-04 00:00:00+00:00,315.9,322.3,310.9,318.5,283076.756
2024-01-04 08:00:00+00:00,318.5,324.3,315.4,319.7,621825.649
2024-01-04 16:00:00+00:00,319.7,323.8,317.4,323.7,228872.552
2024-01-05 00:00:00+00:00,323.6,327.3,316.9,317.5,469283.199
2024-01-05 08:00:00+00:00,317.5,321.7,311.5,313.7,451419.381
2024-01-05 16:00:00+00:00,313.6,318.0,308.6,317.5,236353.696
2024-01-06 00:00:00+00:00,317.6,317.6,300.2,303.7,618542.909
2024-01-06 08:00:00+00:00,303.7,308.0,302.3,307.0,176570.767
2024-01-06 16:00:00+00:00,307.0,308.1,304.5,307.5,114244.507
2024-01-07 00:00:00+00:00,307.6,309.1,305.1,309.0,110206.959
2024-01-07 08:00:00+00:00,309.0,310.0,304.0,305.6,179225.292
2024-01-07 16:00:00+00:00,305.6,306.9,300.0,302.4,208934.838
2024-01-08 00:00:00+00:00,302.5,302.6,290.0,298.8,385993.477
2024-01-08 08:00:00+00:00,298.7,303.0,296.4,301.1,318378.484
2024-01-08 16:00:00+00:00,301.0,308.1,299.4,303.7,280218.881
2024-01-09 00:00:00+00:00,303.6,304.8,297.9,304.3,323923.976
2024-01-09 08:00:00+00:00,304.4,306.8,297.4,301.1,671022.938
2024-01-09 16:00:00+00:00,301.2,302.4,295.7,301.1,406543.241
2024-01-10 00:00:00+00:00,301.1,303.0,299.4,299.7,132777.866
2024-01-10 08:00:00+00:00,299.8,301.1,288.8,294.7,336727.203
2024-01-10 16:00:00+00:00,294.7,310.0,290.0,305.8,563060.408
2024-01-11 00:00:00+00:00,305.7,308.6,301.9,307.4,283098.826
2024-01-11 08:00:00+00:00,307.5,316.8,304.8,307.4,636926.307
2024-01-11 16:00:00+00:00,307.4,310.1,301.4,308.2,259576.41
2024-01-12 00:00:00+00:00,308.2,313.0,305.4,308.6,277079.646
2024-01-12 08:00:00+00:00,308.6,312.4,304.8,305.6,325822.789
2024-01-12 16:00:00+00:00,305.6,306.9,289.1,296.6,400438.339
2024-01-13 00:00:00+00:00,296.7,299.6,290.8,299.3,172224.007
2024-01-13 08:00:00+00:00,299.3,302.7,297.0,302.4,153079.12
2024-01-13 16:00:00+00:00,302.4,303.1,300.6,302.2,111481.112
2024-01-14 00:00:00+00:00,302.2,305.4,300.1,304.3,105005.772
2024-01-14 08:00:00+00:00,304.2,306.7,302.9,305.2,112062.875
2024-01-14 16:00:00+00:00,305.3,306.6,298.7,299.5,175986.3
2024-01-15 00:00:00+00:00,299.4,319.9,299.4,314.9,473119.22
2024-01-15 08:00:00+00:00,315.0,320.6,311.5,314.4,851090.021
2024-01-15 16:00:00+00:00,314.4,319.1,312.4,317.5,380331.649
2024-01-16 00:00:00+00:00,317.6,318.8,313.7,316.4,365730.687
2024-01-16 08:00:00+00:00,316.4,319.4,313.0,317.0,394426.022
2024-01-16 16:00:00+00:00,316.9,318.3,313.3,315.2,190992.736
2024-01-17 00:00:00+00:00,315.1,316.3,308.5,308.8,246265.314
2024-01-17 08:00:00+00:00,308.9,315.0,307.8,312.1,600457.416
2024-01-17 16:00:00+00:00,312.1,312.5,306.8,309.4,224620.766
2024-01-18 00:00:00+00:00,309.3,312.9,305.7,311.7,221388.855
2024-01-18 08:00:00+00:00,311.6,315.6,310.1,315.3,326822.005
2024-01-18 16:00:00+00:00,315.4,315.4,307.7,313.0,372911.029
2024-01-19 00:00:00+00:00,313.0,313.4,308.1,311.5,279821.965
2024-01-19 08:00:00+00:00,311.5,316.2,311.0,311.4,242939.757
2024-01-19 16:00:00+00:00,311.4,314.7,305.0,314.7,312962.678
2024-01-20 00:00:00+00:00,314.7,315.8,312.7,313.2,102129.108
2024-01-20 08:00:00+00:00,313.2,315.3,312.2,314.1,129046.767
2024-01-20 16:00:00+00:00,314.1,317.3,313.9,317.2,94914.312
2024-01-21 00:00:00+00:00,317.3,319.5,316.1,317.5,123572.975
2024-01-21 08:00:00+00:00,317.5,319.6,317.3,318.9,107646.239
2024-01-21 16:00:00+00:00,318.9,321.7,317.9,318.6,128545.099
2024-01-22 00:00:00+00:00,318.7,320.3,314.1,317.8,170635.353
2024-01-22 08:00:00+00:00,317.9,317.9,308.4,311.1,308019.256
2024-01-22 16:00:00+00:00,311.2,312.5,303.6,305.9,225783.038
2024-01-23 00:00:00+00:00,305.9,311.7,305.2,308.3,123801.395
2024-01-23 08:00:00+00:00,308.4,309.3,290.3,296.7,597075.393
2024-01-23 16:00:00+00:00,296.8,298.9,292.9,298.8,207318.59
2024-01-24 00:00:00+00:00,298.8,300.7,291.3,293.2,231848.012
2024-01-24 08:00:00+00:00,293.2,297.9,291.8,294.2,364267.248
2024-01-24 16:00:00+00:00,294.1,294.6,290.3,293.1,206197.555
2024-01-25 00:00:00+00:00,293.0,293.8,287.5,292.1,257970.646
2024-01-25 08:00:00+00:00,292.1,296.7,289.2,292.6,513085.485
2024-01-25 16:00:00+00:00,292.6,293.4,288.8,292.1,233100.588
2024-01-26 00:00:00+00:00,292.1,295.4,290.7,294.7,124148.536
2024-01-26 08:00:00+00:00,294.7,304.2,294.5,302.8,424767.864
2024-01-26 16:00:00+00:00,302.7,303.8,301.2,302.2,161026.004
2024-01-27 00:00:00+00:00,302.2,307.7,301.9,303.0,123206.608
2024-01-27 08:00:00+00:00,303.1,304.6,302.4,303.7,71014.901
2024-01-27 16:00:00+00:00,303.7,307.0,302.8,305.6,91136.158
2024-01-28 00:00:00+00:00,305.7,308.9,304.1,305.9,148888.653
2024-01-28 08:00:00+00:00,305.9,309.1,304.8,305.1,155662.259
2024-01-28 16:00:00+00:00,305.1,306.2,303.1,305.3,104852.145
2024-01-29 00:00:00+00:00,305.3,307.5,304.4,306.0,92092.198
2024-01-29 08:00:00+00:00,306.1,309.6,305.1,308.5,195118.115
2024-01-29 16:00:00+00:00,308.4,311.0,308.0,310.7,155589.192
2024-01-30 00:00:00+00:00,310.7,313.1,310.0,311.1,113522.447
2024-01-30 08:00:00+00:00,311.1,312.1,307.5,309.2,163655.344
2024-01-30 16:00:00+00:00,309.3,311.1,306.3,307.6,109197.676
2024-01-31 00:00:00+00:00,307.7,308.2,305.6,307.0,98690.965
2024-01-31 08:00:00+00:00,307.0,307.7,300.1,304.7,190504.114
2024-01-31 16:00:00+00:00,304.7,305.7,298.6,300.5,169812.619
2024-02-01 00:00:00+00:00,300.5,301.4,296.4,298.1,169711.024
2024-02-01 08:00:00+00:00,298.1,302.2,297.4,299.8,120740.884
2024-02-01 16:00:00+00:00,299.9,301.8,298.2,300.2,82817.881
2024-02-02 00:00:00+00:00,300.2,303.8,299.8,303.4,84184.995
2024-02-02 08:00:00+00:00,303.4,305.2,299.9,302.4,156162.451
2024-02-02 16:00:00+00:00,302.5,302.9,300.0,301.4,69154.203
2024-02-03 00:00:00+00:00,301.4,303.8,300.9,302.1,78998.779
2024-02-03 08:00:00+00:00,302.2,302.5,299.5,300.4,65880.699
2024-02-03 16:00:00+00:00,300.3,301.9,299.6,299.7,53851.484
2024-02-04 00:00:00+00:00,299.6,301.3,298.0,299.4,80771.506
2024-02-04 08:00:00+00:00,299.4,307.2,299.3,305.9,239497.862
2024-02-04 16:00:00+00:00,305.9,307.7,303.9,304.7,183135.955
2024-02-05 00:00:00+00:00,304.7,306.8,301.6,304.5,225405.492
2024-02-05 08:00:00+00:00,304.6,305.7,300.6,300.9,181173.839
2024-02-05 16:00:00+00:00,301.0,301.9,299.5,301.2,82092.94
2024-02-06 00:00:00+00:00,301.2,303.0,300.9,301.7,51944.764
2024-02-06 08:00:00+00:00,301.7,304.1,301.2,302.9,143077.196
2024-02-06 16:00:00+00:00,302.9,303.9,302.3,302.7,65740.361
2024-02-07 00:00:00+00:00,302.8,303.3,300.7,302.4,91254.362
2024-02-07 08:00:00+00:00,302.3,304.4,302.1,303.3,121431.304
2024-02-07 16:00:00+00:00,303.3,308.7,303.2,307.3,139736.123
2024-02-08 00:00:00+00:00,307.4,315.4,307.3,314.8,398740.918
2024-02-08 08:00:00+00:00,314.8,320.6,314.6,319.9,268623.084
2024-02-08 16:00:00+00:00,320.0,320.1,315.0,319.2,254132.5
2024-02-09 00:00:00+00:00,319.2,323.3,317.9,321.0,252063.553
2024-02-09 08:00:00+00:00,321.0,326.3,320.8,322.2,334637.241
2024-02-09 16:00:00+00:00,322.1,325.2,321.6,324.0,152477.287
2024-02-10 00:00:00+00:00,324.0,325.4,322.5,323.5,91145.542
2024-02-10 08:00:00+00:00,323.5,323.8,318.9,321.2,143078.589
2024-02-10 16:00:00+00:00,321.2,323.9,320.8,323.0,87252.933
2024-02-11 00:00:00+00:00,323.0,324.9,321.8,324.3,95691.153
2024-02-11 08:00:00+00:00,324.4,324.8,320.2,321.0,105104.631
2024-02-11 16:00:00+00:00,321.1,322.4,320.1,320.7,79512.321
2024-02-12 00:00:00+00:00,320.6,322.1,315.6,318.2,132303.258
2024-02-12 08:00:00+00:00,318.2,322.5,315.6,322.2,122066.068
2024-02-12 16:00:00+00:00,322.2,332.2,321.0,327.8,322364.836
2024-02-13 00:00:00+00:00,327.9,329.2,326.0,326.2,119579.064
2024-02-13 08:00:00+00:00,326.2,328.0,318.6,322.2,226275.23
2024-02-13 16:00:00+00:00,322.2,325.0,319.9,324.7,95691.536
2024-02-14 00:00:00+00:00,324.6,328.2,323.4,328.0,86940.427
2024-02-14 08:00:00+00:00,328.0,334.6,327.7,332.6,243197.819
2024-02-14 16:00:00+00:00,332.6,334.6,330.6,333.9,122328.734
2024-02-15 00:00:00+00:00,333.9,345.5,333.3,345.4,353834.732
2024-02-15 08:00:00+00:00,345.5,366.6,342.8,360.4,670904.559
2024-02-15 16:00:00+00:00,360.3,360.7,349.4,354.2,336851.112
2024-02-16 00:00:00+00:00,354.3,366.8,353.2,356.3,294639.523
2024-02-16 08:00:00+00:00,356.3,365.3,350.8,358.5,526494.549
2024-02-16 16:00:00+00:00,358.5,363.4,349.1,360.4,240721.914
2024-02-17 00:00:00+00:00,360.4,363.7,355.8,359.8,180048.975
2024-02-17 08:00:00+00:00,359.8,360.0,348.2,351.5,312847.101
2024-02-17 16:00:00+00:00,351.4,355.2,349.3,352.9,137370.444
2024-02-18 00:00:00+00:00,352.9,356.6,349.1,355.5,175084.03
2024-02-18 08:00:00+00:00,355.5,358.1,351.6,352.7,147575.815
2024-02-18 16:00:00+00:00,352.7,353.8,349.3,349.8,173007.789
2024-02-19 00:00:00+00:00,349.8,355.7,349.3,354.4,273985.598
2024-02-19 08:00:00+00:00,354.5,354.7,350.3,354.3,374927.745
2024-02-19 16:00:00+00:00,354.3,356.2,351.2,351.6,182004.191
2024-02-20 00:00:00+00:00,351.7,361.6,350.7,357.6,303774.768
2024-02-20 08:00:00+00:00,357.7,360.0,349.0,351.2,446955.873
2024-02-20 16:00:00+00:00,351.2,356.8,344.8,354.6,221919.917
2024-02-21 00:00:00+00:00,354.6,360.5,350.9,360.4,248412.628
2024-02-21 08:00:00+00:00,360.4,374.1,358.0,370.0,992870.24
2024-02-21 16:00:00+00:00,370.1,379.3,364.9,379.2,460132.445
2024-02-22 00:00:00+00:00,379.2,387.1,373.7,381.6,584963.16
2024-02-22 08:00:00+00:00,381.5,384.5,375.6,381.1,547396.076
2024-02-22 16:00:00+00:00,381.1,387.3,377.5,382.6,277288.245
2024-02-23 00:00:00+00:00,382.7,385.8,374.6,374.9,242673.016
2024-02-23 08:00:00+00:00,374.9,379.9,370.9,371.5,510189.712
2024-02-23 16:00:00+00:00,371.6,378.0,369.0,375.5,275028.567
2024-02-24 00:00:00+00:00,375.5,380.3,371.7,379.8,161155.287
2024-02-24 08:00:00+00:00,379.8,382.0,379.1,379.6,183349.452
2024-02-24 16:00:00+00:00,379.6,383.3,379.4,381.7,100082.742
2024-02-25 00:00:00+00:00,381.6,382.3,377.6,380.7,144151.611
2024-02-25 08:00:00+00:00,380.7,388.3,378.0,385.0,277878.265
2024-02-25 16:00:00+00:00,385.0,391.0,383.1,388.5,220972.795
2024-02-26 00:00:00+00:00,388.5,394.8,382.0,386.1,226753.604
2024-02-26 08:00:00+00:00,386.1,399.0,383.8,396.9,557143.575
2024-02-26 16:00:00+00:00,396.8,404.9,395.2,401.6,412365.025
2024-02-27 00:00:00+00:00,401.5,403.7,394.6,396.0,393536.785
2024-02-27 08:00:00+00:00,396.0,400.5,391.5,392.9,322415.878
2024-02-27 16:00:00+00:00,392.9,396.6,389.6,394.6,199920.41
2024-02-28 00:00:00+00:00,394.6,401.3,394.1,400.5,124730.936
2024-02-28 08:00:00+00:00,400.5,417.8,398.7,413.2,604120.775
2024-02-28 16:00:00+00:00,413.3,427.3,400.0,414.6,619157.284
2024-02-29 00:00:00+00:00,414.7,419.7,410.3,415.1,369550.233
2024-02-29 08:00:00+00:00,415.1,417.7,406.5,407.4,472356.715
2024-02-29 16:00:00+00:00,407.5,408.7,391.1,399.4,304117.414
2024-03-01 00:00:00+00:00,399.3,407.7,398.8,403.6,232227.684
2024-03-01 08:00:00+00:00,403.6,408.6,402.3,403.0,216109.981
2024-03-01 16:00:00+00:00,403.0,408.5,402.5,407.4,138242.946
2024-03-02 00:00:00+00:00,407.4,414.8,405.8,409.3,262869.232
2024-03-02 08:00:00+00:00,409.4,411.5,406.0,407.7,201136.428
2024-03-02 16:00:00+00:00,407.8,411.0,406.4,410.9,126012.883
2024-03-03 00:00:00+00:00,410.9,413.4,402.2,406.9,261677.618
2024-03-03 08:00:00+00:00,407.0,415.3,404.3,413.3,368536.274
2024-03-03 16:00:00+00:00,413.4,416.8,412.9,414.5,208060.454
2024-03-04 00:00:00+00:00,414.5,417.7,411.5,417.0,234797.095
2024-03-04 08:00:00+00:00,417.1,423.8,415.0,418.9,435349.854
2024-03-04 16:00:00+00:00,418.9,421.3,410.6,418.4,375267.052
2024-03-05 00:00:00+00:00,418.5,427.2,415.4,418.2,570585.1
2024-03-05 08:00:00+00:00,418.2,422.3,413.8,416.0,444307.109
2024-03-05 16:00:00+00:00,416.1,417.0,356.1,394.1,1058411.581
2024-03-06 00:00:00+00:00,394.1,411.7,385.6,410.5,474667.791
2024-03-06 08:00:00+00:00,410.6,434.7,407.4,419.9,1010850.05
2024-03-06 16:00:00+00:00,419.9,430.0,419.2,429.4,319223.271
2024-03-07 00:00:00+00:00,429.4,434.5,423.2,434.0,353851.693
2024-03-07 08:00:00+00:00,434.0,451.0,430.8,449.2,600194.64
2024-03-07 16:00:00+00:00,449.2,476.8,448.5,474.6,718088.077
2024-03-08 00:00:00+00:00,474.6,477.2,463.7,468.1,472636.056
2024-03-08 08:00:00+00:00,468.1,489.6,467.5,472.7,663843.098
2024-03-08 16:00:00+00:00,472.8,487.8,462.5,485.8,523832.207
2024-03-09 00:00:00+00:00,485.8,492.3,481.9,487.5,289217.954
2024-03-09 08:00:00+00:00,487.5,493.8,483.0,484.1,353962.434
2024-03-09 16:00:00+00:00,484.1,489.6,480.7,488.3,208848.853
2024-03-10 00:00:00+00:00,488.3,504.8,484.8,503.7,351457.86
2024-03-10 08:00:00+00:00,503.7,537.5,500.8,520.9,1131077.849
2024-03-10 16:00:00+00:00,520.9,532.2,516.6,528.9,461601.375
2024-03-11 00:00:00+00:00,528.9,533.8,505.5,527.9,762851.655
2024-03-11 08:00:00+00:00,527.9,532.8,515.0,515.4,562098.104
2024-03-11 16:00:00+00:00,515.4,523.8,512.1,523.0,283196.638
2024-03-12 00:00:00+00:00,523.0,543.4,522.1,538.6,573307.767
2024-03-12 08:00:00+00:00,538.7,548.5,520.1,541.9,765846.762
2024-03-12 16:00:00+00:00,541.9,545.5,519.0,537.5,585613.158
2024-03-13 00:00:00+00:00,537.4,563.6,531.7,560.7,491191.342
2024-03-13 08:00:00+00:00,560.7,600.0,559.9,582.4,1282089.941
2024-03-13 16:00:00+00:00,582.5,633.5,580.5,630.5,752721.281
2024-03-14 00:00:00+00:00,630.5,631.5,605.3,606.3,615227.182
2024-03-14 08:00:00+00:00,606.3,614.2,586.0,592.7,740566.886
2024-03-14 16:00:00+00:00,592.7,610.0,565.5,603.2,763746.232
2024-03-15 00:00:00+00:00,603.2,612.0,564.9,582.6,724419.459
2024-03-15 08:00:00+00:00,582.6,606.6,540.9,596.3,1257574.241
2024-03-15 16:00:00+00:00,596.4,635.2,581.8,632.7,1084319.088
2024-03-16 00:00:00+00:00,632.7,645.2,607.1,614.7,473698.562
2024-03-16 08:00:00+00:00,614.7,625.5,590.0,601.5,662635.548
2024-03-16 16:00:00+00:00,601.5,602.0,567.2,576.4,675503.932
2024-03-17 00:00:00+00:00,576.4,590.4,548.6,559.9,495257.775
2024-03-17 08:00:00+00:00,559.9,588.6,557.1,588.2,645078.015
2024-03-17 16:00:00+00:00,588.2,590.5,562.2,571.7,572584.551
2024-03-18 00:00:00+00:00,571.7,587.7,550.0,576.7,671923.472
2024-03-18 08:00:00+00:00,576.7,576.8,544.5,552.3,987456.103
2024-03-18 16:00:00+00:00,552.3,558.2,540.1,555.4,624922.239
2024-03-19 00:00:00+00:00,555.4,560.6,510.0,529.4,1018857.989
2024-03-19 08:00:00+00:00,529.5,530.5,495.8,529.5,1135056.174
2024-03-19 16:00:00+00:00,529.5,538.8,501.1,507.7,397447.349
2024-03-20 00:00:00+00:00,507.7,533.9,500.0,532.1,474320.359
2024-03-20 08:00:00+00:00,532.0,539.5,515.6,516.4,462912.923
2024-03-20 16:00:00+00:00,516.5,559.0,503.0,556.8,488063.297
2024-03-21 00:00:00+00:00,556.7,562.0,540.6,550.0,345073.31
2024-03-21 08:00:00+00:00,550.0,571.0,549.6,558.5,367488.286
2024-03-21 16:00:00+00:00,558.5,567.0,544.3,553.8,241359.776
2024-03-22 00:00:00+00:00,553.8,588.1,551.9,584.1,384320.114
2024-03-22 08:00:00+00:00,584.1,587.9,541.7,554.0,549738.554
2024-03-22 16:00:00+00:00,554.1,554.3,535.5,553.8,247239.842
2024-03-23 00:00:00+00:00,553.8,562.6,543.4,554.9,234077.628
2024-03-23 08:00:00+00:00,554.8,567.7,549.7,562.2,267857.377
2024-03-23 16:00:00+00:00,562.2,565.2,550.7,551.9,106818.324
2024-03-24 00:00:00+00:00,551.9,561.5,548.7,552.7,132866.707
2024-03-24 08:00:00+00:00,552.7,564.4,551.7,560.4,156462.638
2024-03-24 16:00:00+00:00,560.5,573.0,553.9,567.7,153601.005
2024-03-25 00:00:00+00:00,567.8,589.1,564.4,583.8,238141.132
2024-03-25 08:00:00+00:00,583.7,595.6,574.0,593.0,380628.065
2024-03-25 16:00:00+00:00,592.9,598.0,584.7,587.0,183926.315
2024-03-26 00:00:00+00:00,587.1,597.0,586.2,591.7,139174.409
2024-03-26 08:00:00+00:00,591.6,597.0,571.9,579.9,277753.769
2024-03-26 16:00:00+00:00,580.0,581.6,572.0,580.4,152395.901
2024-03-27 00:00:00+00:00,580.4,585.6,573.2,574.3,119423.288
2024-03-27 08:00:00+00:00,574.4,585.0,560.3,570.0,287921.262
2024-03-27 16:00:00+00:00,570.0,576.1,564.1,574.3,124323.852
2024-03-28 00:00:00+00:00,574.2,591.1,574.1,590.5,257995.969
2024-03-28 08:00:00+00:00,590.5,591.7,580.2,585.2,169665.68
2024-03-28 16:00:00+00:00,585.2,586.0,579.8,583.4,76239.975
2024-03-29 00:00:00+00:00,583.4,613.6,582.1,606.7,461266.934
2024-03-29 08:00:00+00:00,606.8,620.0,603.0,607.4,378432.918
2024-03-29 16:00:00+00:00,607.4,618.3,607.2,612.5,202701.317
2024-03-30 00:00:00+00:00,612.5,612.9,599.2,599.3,237988.468
2024-03-30 08:00:00+00:00,599.2,606.9,596.9,605.5,150430.444
2024-03-30 16:00:00+00:00,605.5,609.8,599.7,600.7,112601.236
2024-03-31 00:00:00+00:00,600.7,608.8,600.4,606.9,123707.121
2024-03-31 08:00:00+00:00,606.9,607.0,601.8,602.1,106507.894
2024-03-31 16:00:00+00:00,602.2,608.7,602.1,606.7,94921.952
2024-04-01 00:00:00+00:00,606.7,607.7,572.2,586.6,291649.445
2024-04-01 08:00:00+00:00,586.7,593.5,572.6,574.0,269645.168
2024-04-01 16:00:00+00:00,573.9,581.8,568.7,575.8,161819.477
2024-04-02 00:00:00+00:00,575.8,578.2,551.6,559.0,402379.601
2024-04-02 08:00:00+00:00,559.0,563.3,546.3,552.3,408980.328
2024-04-02 16:00:00+00:00,552.3,560.0,549.5,551.4,186900.885
2024-04-03 00:00:00+00:00,551.4,564.2,539.0,558.5,300961.117
2024-04-03 08:00:00+00:00,558.6,567.9,551.8,556.7,246530.534
2024-04-03 16:00:00+00:00,556.7,565.1,550.7,561.5,136433.582
2024-04-04 00:00:00+00:00,561.6,584.2,560.8,582.7,379908.762
2024-04-04 08:00:00+00:00,582.6,593.6,581.7,590.6,231167.92
2024-04-04 16:00:00+00:00,590.6,597.6,580.2,585.5,268563.998
2024-04-05 00:00:00+00:00,585.4,591.5,564.4,574.7,305339.023
2024-04-05 08:00:00+00:00,574.6,586.0,572.5,584.0,245829.739
2024-04-05 16:00:00+00:00,583.9,584.9,577.5,577.8,83037.857
2024-04-06 00:00:00+00:00,577.8,584.6,575.1,583.4,80180.626
2024-04-06 08:00:00+00:00,583.4,586.8,580.0,583.7,78307.344
2024-04-06 16:00:00+00:00,583.7,591.3,583.0,585.4,68488.026
2024-04-07 00:00:00+00:00,585.5,591.1,584.7,586.9,74735.695
2024-04-07 08:00:00+00:00,586.9,589.6,583.2,584.4,94928.016
2024-04-07 16:00:00+00:00,584.5,586.0,578.0,583.9,94185.505
2024-04-08 00:00:00+00:00,583.8,589.0,577.7,588.7,110598.621
2024-04-08 08:00:00+00:00,588.8,601.1,578.0,587.7,262477.933
2024-04-08 16:00:00+00:00,587.6,592.1,586.2,586.4,110491.758
2024-04-09 00:00:00+00:00,586.3,590.3,573.9,574.3,224282.928
2024-04-09 08:00:00+00:00,574.4,585.1,571.2,578.9,281134.383
2024-04-09 16:00:00+00:00,579.0,583.4,574.0,580.5,90858.481
2024-04-10 00:00:00+00:00,580.4,588.6,573.4,587.5,141779.691
2024-04-10 08:00:00+00:00,587.5,594.3,574.6,593.1,344227.029
2024-04-10 16:00:00+00:00,593.1,610.6,592.9,609.7,330043.98
2024-04-11 00:00:00+00:00,609.7,618.4,604.1,604.7,236850.697
2024-04-11 08:00:00+00:00,604.7,607.4,592.0,602.8,257894.734
2024-04-11 16:00:00+00:00,602.7,607.4,597.9,604.6,84932.763
2024-04-12 00:00:00+00:00,604.6,634.5,604.5,621.1,402412.756
2024-04-12 08:00:00+00:00,621.2,626.0,607.0,612.7,407175.25
2024-04-12 16:00:00+00:00,612.6,619.6,571.0,595.6,708134.652
2024-04-13 00:00:00+00:00,595.6,596.3,565.1,593.8,458401.893
2024-04-13 08:00:00+00:00,593.9,600.2,588.6,595.0,231857.922
2024-04-13 16:00:00+00:00,595.0,596.3,508.0,553.1,1071368.658
2024-04-14 00:00:00+00:00,553.0,569.4,536.1,565.6,395428.239
2024-04-14 08:00:00+00:00,565.5,576.0,544.8,550.3,285882.588
2024-04-14 16:00:00+00:00,550.3,570.4,537.1,566.4,284177.176
2024-04-15 00:00:00+00:00,566.4,579.6,559.6,575.4,228100.533
2024-04-15 08:00:00+00:00,575.4,585.5,555.0,565.8,261082.077
2024-04-15 16:00:00+00:00,565.8,567.8,544.7,552.7,209260.693
2024-04-16 00:00:00+00:00,552.7,554.2,532.1,550.7,210882.591
2024-04-16 08:00:00+00:00,550.7,550.8,524.1,525.4,271141.433
2024-04-16 16:00:00+00:00,525.4,544.5,522.8,537.6,141644.789
2024-04-17 00:00:00+00:00,537.5,546.6,534.5,543.7,146189.494
2024-04-17 08:00:00+00:00,543.7,547.9,516.7,517.6,321958.241
2024-04-17 16:00:00+00:00,517.5,540.4,512.6,534.1,189761.623
2024-04-18 00:00:00+00:00,534.0,555.9,527.0,543.9,206809.496
2024-04-18 08:00:00+00:00,543.9,555.0,537.5,550.9,303718.375
2024-04-18 16:00:00+00:00,550.8,553.3,546.0,552.1,79169.425
2024-04-19 00:00:00+00:00,552.0,561.2,524.0,555.3,311811.072
2024-04-19 08:00:00+00:00,555.4,564.3,554.2,560.1,146961.055
2024-04-19 16:00:00+00:00,560.0,561.9,549.6,554.0,86732.056
2024-04-20 00:00:00+00:00,554.1,562.5,548.8,560.5,73253.415
2024-04-20 08:00:00+00:00,560.5,568.0,553.0,567.9,79854.622
2024-04-20 16:00:00+00:00,568.0,574.3,564.0,570.9,89024.822
2024-04-21 00:00:00+00:00,570.9,580.2,566.4,579.6,104919.735
2024-04-21 08:00:00+00:00,579.6,582.6,571.7,574.0,86263.49
2024-04-21 16:00:00+00:00,573.9,581.7,566.3,579.6,86572.499
2024-04-22 00:00:00+00:00,579.6,608.7,578.4,603.0,286747.198
2024-04-22 08:00:00+00:00,603.0,607.1,591.3,594.9,153249.225
2024-04-22 16:00:00+00:00,594.9,606.4,592.6,604.5,82895.734
2024-04-23 00:00:00+00:00,604.4,608.9,598.7,600.1,122621.827
2024-04-23 08:00:00+00:00,600.2,618.3,599.8,604.3,300588.771
2024-04-23 16:00:00+00:00,604.3,612.0,602.9,606.2,133672.746
2024-04-24 00:00:00+00:00,606.2,610.0,601.0,607.9,156816.616
2024-04-24 08:00:00+00:00,608.0,618.5,595.9,597.1,284054.583
2024-04-24 16:00:00+00:00,597.0,613.1,592.6,608.8,216082.478
2024-04-25 00:00:00+00:00,608.8,609.4,600.7,608.4,102124.562
2024-04-25 08:00:00+00:00,608.4,613.9,601.6,611.2,250266.151
2024-04-25 16:00:00+00:00,611.2,617.9,610.3,613.2,101354.804
2024-04-26 00:00:00+00:00,613.3,615.0,606.3,608.5,96824.246
2024-04-26 08:00:00+00:00,608.4,610.4,597.2,599.1,155767.969
2024-04-26 16:00:00+00:00,599.1,604.6,597.0,598.0,49527.669
2024-04-27 00:00:00+00:00,598.0,599.7,585.0,593.7,112976.569
2024-04-27 08:00:00+00:00,593.7,595.6,585.8,587.6,90029.448
2024-04-27 16:00:00+00:00,587.5,597.9,587.0,596.2,65777.895
2024-04-28 00:00:00+00:00,596.2,602.6,596.2,600.7,71910.657
2024-04-28 08:00:00+00:00,600.6,609.0,599.1,603.8,116071.074
2024-04-28 16:00:00+00:00,603.9,607.5,597.5,600.2,70077.7
2024-04-29 00:00:00+00:00,600.2,602.8,581.3,588.5,148501.879
2024-04-29 08:00:00+00:00,588.4,592.8,583.4,592.7,107650.981
2024-04-29 16:00:00+00:00,592.7,596.9,589.0,592.8,74321.145
2024-04-30 00:00:00+00:00,592.8,604.3,589.4,598.4,153328.352
2024-04-30 08:00:00+00:00,598.3,598.8,559.2,560.8,338105.029
2024-04-30 16:00:00+00:00,560.9,581.7,555.7,578.4,275080.065
2024-05-01 00:00:00+00:00,578.4,580.4,543.9,546.1,270352.715
2024-05-01 08:00:00+00:00,546.1,556.3,536.7,545.0,212428.093
2024-05-01 16:00:00+00:00,545.1,566.4,542.9,561.8,186246.51
2024-05-02 00:00:00+00:00,561.8,563.0,539.5,549.8,140285.267
2024-05-02 08:00:00+00:00,549.7,565.9,549.0,564.5,154259.797
2024-05-02 16:00:00+00:00,564.6,565.2,558.3,560.5,65249.251
2024-05-03 00:00:00+00:00,560.5,567.3,558.9,561.3,70819.107
2024-05-03 08:00:00+00:00,561.3,579.9,560.5,577.9,186100.497
2024-05-03 16:00:00+00:00,578.0,590.0,577.7,587.0,85986.829
2024-05-04 00:00:00+00:00,587.0,589.5,582.5,584.0,61668.564
2024-05-04 08:00:00+00:00,584.1,593.6,583.5,591.1,77979.302
2024-05-04 16:00:00+00:00,591.2,592.2,583.9,585.7,57481.385
2024-05-05 00:00:00+00:00,585.7,587.7,579.3,585.2,66431.564
2024-05-05 08:00:00+00:00,585.2,594.5,584.6,593.1,64103.395
2024-05-05 16:00:00+00:00,593.1,595.0,588.5,592.0,49923.277
2024-05-06 00:00:00+00:00,592.0,595.7,589.5,595.5,54788.392
2024-05-06 08:00:00+00:00,595.6,602.3,583.1,589.0,168516.848
2024-05-06 16:00:00+00:00,589.0,593.2,585.6,588.2,55363.765
2024-05-07 00:00:00+00:00,588.2,593.8,582.5,588.7,76112.907
2024-05-07 08:00:00+00:00,588.7,600.4,587.7,594.2,121058.199
2024-05-07 16:00:00+00:00,594.3,595.5,576.0,576.5,92317.603
2024-05-08 00:00:00+00:00,576.5,587.5,574.4,579.7,90391.745
2024-05-08 08:00:00+00:00,579.6,587.1,578.3,582.5,107516.788
2024-05-08 16:00:00+00:00,582.5,590.0,579.8,588.6,99108.084
2024-05-09 00:00:00+00:00,588.6,602.0,586.3,600.0,199427.699
2024-05-09 08:00:00+00:00,600.1,605.8,589.1,596.5,178140.707
2024-05-09 16:00:00+00:00,596.5,599.7,590.7,596.8,87289.195
2024-05-10 00:00:00+00:00,596.8,597.0,591.0,595.3,78672.576
2024-05-10 08:00:00+00:00,595.2,597.0,582.6,586.4,134217.065
2024-05-10 16:00:00+00:00,586.3,589.1,581.5,585.6,83325.875
2024-05-11 00:00:00+00:00,585.7,590.6,580.8,587.1,84998.759
2024-05-11 08:00:00+00:00,587.1,593.8,583.0,591.5,89952.491
2024-05-11 16:00:00+00:00,591.5,594.5,588.8,592.2,35747.055
2024-05-12 00:00:00+00:00,592.2,593.9,587.3,588.5,34390.88
2024-05-12 08:00:00+00:00,588.4,596.8,587.6,595.4,63983.069
2024-05-12 16:00:00+00:00,595.5,600.1,592.7,594.8,92816.613
2024-05-13 00:00:00+00:00,594.8,598.4,585.2,596.2,167256.028
2024-05-13 08:00:00+00:00,596.3,598.2,592.8,595.4,141373.041
2024-05-13 16:00:00+00:00,595.4,597.9,591.1,591.7,81181.217
2024-05-14 00:00:00+00:00,591.7,593.1,582.2,588.5,87971.83
2024-05-14 08:00:00+00:00,588.4,588.5,562.0,569.9,248643.768
2024-05-14 16:00:00+00:00,569.8,571.1,563.9,567.1,116692.718
2024-05-15 00:00:00+00:00,567.1,571.1,560.0,569.4,104622.607
2024-05-15 08:00:00+00:00,569.3,582.6,564.8,580.1,181975.689
2024-05-15 16:00:00+00:00,580.0,587.3,578.5,581.0,116214.697
2024-05-16 00:00:00+00:00,581.0,586.6,580.8,584.6,163303.576
2024-05-16 08:00:00+00:00,584.6,585.3,566.2,567.8,187843.572
2024-05-16 16:00:00+00:00,567.8,570.3,565.1,569.2,60789.908
2024-05-17 00:00:00+00:00,569.2,580.0,568.6,578.5,87655.03
2024-05-17 08:00:00+00:00,578.6,584.5,574.5,582.5,104089.155
2024-05-17 16:00:00+00:00,582.6,583.5,577.3,580.9,45175.431
2024-05-18 00:00:00+00:00,580.9,581.9,577.5,578.8,53455.621
2024-05-18 08:00:00+00:00,578.8,581.5,574.2,577.6,69472.514
2024-05-18 16:00:00+00:00,577.6,580.5,576.4,580.3,45146.576
2024-05-19 00:00:00+00:00,580.3,581.9,577.6,579.8,42757.713
2024-05-19 08:00:00+00:00,579.8,581.2,574.7,577.6,60488.21
2024-05-19 16:00:00+00:00,577.7,577.9,571.3,574.5,38911.562
2024-05-20 00:00:00+00:00,574.6,580.7,570.6,576.2,79891.665
2024-05-20 08:00:00+00:00,576.1,577.4,568.8,576.6,87336.654
2024-05-20 16:00:00+00:00,576.6,602.0,575.4,599.6,302024.487
2024-05-21 00:00:00+00:00,599.6,631.4,593.3,630.1,518622.907
2024-05-21 08:00:00+00:00,630.1,630.1,610.1,612.6,382275.802
2024-05-21 16:00:00+00:00,612.7,619.7,608.0,618.5,122660.904
2024-05-22 00:00:00+00:00,618.5,624.4,612.6,621.4,123362.411
2024-05-22 08:00:00+00:00,621.4,626.3,610.6,621.0,165656.573
2024-05-22 16:00:00+00:00,621.1,621.8,610.1,614.8,115829.503
2024-05-23 00:00:00+00:00,614.8,617.5,611.8,614.9,113021.442
2024-05-23 08:00:00+00:00,614.9,615.4,586.4,594.4,293485.828
2024-05-23 16:00:00+00:00,594.3,601.5,580.0,599.3,201164.677
2024-05-24 00:00:00+00:00,599.4,605.5,588.4,593.1,109207.605
2024-05-24 08:00:00+00:00,593.1,599.7,588.3,597.1,81679.808
2024-05-24 16:00:00+00:00,597.1,603.2,595.1,600.3,61077.763
2024-05-25 00:00:00+00:00,600.3,604.7,599.5,601.7,42101.042
2024-05-25 08:00:00+00:00,601.7,606.7,600.3,601.9,59556.233
2024-05-25 16:00:00+00:00,602.0,603.0,600.5,602.4,19881.683
2024-05-26 00:00:00+00:00,602.3,604.3,599.9,604.2,36333.431
2024-05-26 08:00:00+00:00,604.2,605.4,599.1,602.3,48347.805
2024-05-26 16:00:00+00:00,602.2,603.8,598.0,600.2,38302.424
2024-05-27 00:00:00+00:00,600.3,606.5,599.6,603.0,57376.215
2024-05-27 08:00:00+00:00,603.0,613.9,600.8,612.7,89404.45
2024-05-27 16:00:00+00:00,612.8,614.4,600.5,603.9,82521.712
2024-05-28 00:00:00+00:00,603.9,605.1,593.8,597.8,113666.562
2024-05-28 08:00:00+00:00,597.8,606.0,596.3,601.4,114597.324
2024-05-28 16:00:00+00:00,601.4,603.2,595.5,601.7,56599.099
2024-05-29 00:00:00+00:00,601.7,603.6,598.1,598.2,62920.077
2024-05-29 08:00:00+00:00,598.2,601.3,595.0,595.4,97347.16
2024-05-29 16:00:00+00:00,595.4,597.4,593.1,595.7,52439.017
2024-05-30 00:00:00+00:00,595.7,598.4,588.9,589.1,74754.203
2024-05-30 08:00:00+00:00,589.1,598.2,586.5,596.6,85277.181
2024-05-30 16:00:00+00:00,596.7,602.2,591.3,595.1,65420.96
2024-05-31 00:00:00+00:00,595.1,596.7,591.0,591.9,37783.371
2024-05-31 08:00:00+00:00,591.9,599.0,591.1,591.3,76562.362
2024-05-31 16:00:00+00:00,591.2,595.8,590.0,593.7,54262.321
2024-06-01 00:00:00+00:00,593.8,596.5,593.1,595.1,31198.68
2024-06-01 08:00:00+00:00,595.2,598.5,594.6,596.3,40984.026
2024-06-01 16:00:00+00:00,596.4,608.4,595.8,601.9,84282.188
2024-06-02 00:00:00+00:00,601.9,606.0,599.8,600.1,78165.418
2024-06-02 08:00:00+00:00,600.1,603.0,596.3,601.5,63156.032
2024-06-02 16:00:00+00:00,601.5,604.0,596.0,602.9,56978.546
2024-06-03 00:00:00+00:00,602.8,638.8,601.2,626.1,339219.681
2024-06-03 08:00:00+00:00,626.1,637.9,621.8,627.8,235345.354
2024-06-03 16:00:00+00:00,627.8,629.0,619.9,626.4,79596.432
2024-06-04 00:00:00+00:00,626.4,635.2,625.0,628.6,106997.611
2024-06-04 08:00:00+00:00,628.6,667.0,624.8,663.0,419193.04
2024-06-04 16:00:00+00:00,663.0,688.2,660.7,685.7,210132.0293
2024-06-05 00:00:00+00:00,685.7,716.0,684.7,705.6,363243.1302
2024-06-05 08:00:00+00:00,705.6,713.7,692.5,704.6,170612.377
2024-06-05 16:00:00+00:00,704.7,706.4,686.8,698.8,139965.058
2024-06-06 00:00:00+00:00,698.8,706.5,692.0,704.6,156106.631
2024-06-06 08:00:00+00:00,704.7,721.8,701.5,703.5,241803.8892
2024-06-06 16:00:00+00:00,703.5,712.0,697.8,711.2,146132.439
2024-06-07 00:00:00+00:00,711.1,712.0,697.3,697.8,162914.545
2024-06-07 08:00:00+00:00,697.9,708.9,696.0,701.0,156075.418
2024-06-07 16:00:00+00:00,701.0,701.8,658.9,684.0,275764.027
2024-06-08 00:00:00+00:00,684.0,694.8,679.7,694.7,90876.949
2024-06-08 08:00:00+00:00,694.7,694.9,677.9,686.5,84278.311
2024-06-08 16:00:00+00:00,686.6,687.7,680.3,682.7,41694.213
2024-06-09 00:00:00+00:00,682.7,683.2,670.9,679.9,76258.809
2024-06-09 08:00:00+00:00,679.9,684.8,676.8,676.9,57846.525
2024-06-09 16:00:00+00:00,676.8,678.9,670.3,673.0,39460.446
2024-06-10 00:00:00+00:00,673.1,674.8,639.3,640.9,211723.501
2024-06-10 08:00:00+00:00,641.0,653.1,635.6,651.0,190100.447
2024-06-10 16:00:00+00:00,651.0,653.7,613.3,625.1,290298.668
2024-06-11 00:00:00+00:00,625.1,629.0,609.2,613.3,269541.79
2024-06-11 08:00:00+00:00,613.4,616.7,595.8,597.9,263122.628
2024-06-11 16:00:00+00:00,597.8,609.7,596.2,602.5,107991.502
2024-06-12 00:00:00+00:00,602.5,614.8,591.3,614.8,124360.943
2024-06-12 08:00:00+00:00,614.8,635.4,609.0,628.5,199346.169
2024-06-12 16:00:00+00:00,628.5,633.3,610.0,619.4,130441.549
2024-06-13 00:00:00+00:00,619.4,619.9,602.0,607.5,130865.299
2024-06-13 08:00:00+00:00,607.6,610.8,595.8,597.4,118064.679
2024-06-13 16:00:00+00:00,597.4,605.6,595.6,599.8,64535.494
2024-06-14 00:00:00+00:00,599.8,610.0,594.5,608.3,71163.764
2024-06-14 08:00:00+00:00,608.2,612.5,601.4,602.6,87519.703
2024-06-14 16:00:00+00:00,602.6,605.0,590.0,603.3,121118.618
2024-06-15 00:00:00+00:00,603.3,609.1,601.3,606.8,45782.011
2024-06-15 08:00:00+00:00,606.8,609.7,603.9,607.3,44752.74
2024-06-15 16:00:00+00:00,607.3,609.4,604.1,608.2,32115.446
2024-06-16 00:00:00+00:00,608.2,608.3,601.1,606.2,38189.973
2024-06-16 08:00:00+00:00,606.2,610.8,603.7,610.6,36671.346
2024-06-16 16:00:00+00:00,610.6,611.8,607.9,610.8,29965.835
2024-06-17 00:00:00+00:00,610.9,612.6,601.3,603.8,55776.405
2024-06-17 08:00:00+00:00,603.7,605.1,594.0,597.3,101076.649
2024-06-17 16:00:00+00:00,597.2,610.3,591.4,604.3,78655.974
2024-06-18 00:00:00+00:00,604.3,605.2,582.1,593.4,210755.645
2024-06-18 08:00:00+00:00,593.4,593.8,575.0,582.5,183485.388
2024-06-18 16:00:00+00:00,582.5,589.8,576.1,588.6,64901.54
2024-06-19 00:00:00+00:00,588.6,605.9,586.6,603.7,82159.999
2024-06-19 08:00:00+00:00,603.8,604.2,591.0,592.0,125812.954
2024-06-19 16:00:00+00:00,592.0,602.6,591.5,599.3,52556.109
2024-06-20 00:00:00+00:00,599.3,606.1,595.5,605.5,62974.364
2024-06-20 08:00:00+00:00,605.5,608.0,592.4,596.1,106783.717
2024-06-20 16:00:00+00:00,596.2,597.2,584.6,587.7,119740.691
2024-06-21 00:00:00+00:00,587.7,589.3,582.4,583.5,51672.499
2024-06-21 08:00:00+00:00,583.5,587.7,577.8,583.1,102671.924
2024-06-21 16:00:00+00:00,583.2,587.9,579.6,586.1,36838.191
2024-06-22 00:00:00+00:00,586.2,588.0,581.0,587.0,38769.06
2024-06-22 08:00:00+00:00,587.1,587.9,585.0,586.7,33964.032
2024-06-22 16:00:00+00:00,586.8,591.4,585.7,591.1,27706.492
2024-06-23 00:00:00+00:00,591.1,593.2,586.5,592.2,48321.899
2024-06-23 08:00:00+00:00,592.3,592.4,584.4,585.1,39416.376
2024-06-23 16:00:00+00:00,585.1,585.9,576.0,577.5,53287.559
2024-06-24 00:00:00+00:00,577.5,582.0,564.0,570.9,107776.135
2024-06-24 08:00:00+00:00,570.9,575.7,558.0,561.5,132211.051
2024-06-24 16:00:00+00:00,561.6,568.5,551.2,568.1,116928.062
2024-06-25 00:00:00+00:00,568.1,578.2,566.4,571.5,74137.174
2024-06-25 08:00:00+00:00,571.6,579.6,567.5,577.6,65491.754
2024-06-25 16:00:00+00:00,577.6,580.0,573.7,578.2,37671.771
2024-06-26 00:00:00+00:00,578.3,584.7,575.4,578.8,47588.818
2024-06-26 08:00:00+00:00,578.8,579.2,570.7,572.5,55654.984
2024-06-26 16:00:00+00:00,572.6,575.9,567.4,573.0,51526.542
2024-06-27 00:00:00+00:00,573.1,576.5,566.4,569.5,63911.556
2024-06-27 08:00:00+00:00,569.4,584.7,568.7,579.4,104048.761
2024-06-27 16:00:00+00:00,579.5,582.6,576.8,581.7,31621.914
2024-06-28 00:00:00+00:00,581.8,585.3,575.7,576.2,68067.481
2024-06-28 08:00:00+00:00,576.3,579.7,570.4,572.3,79104.956
2024-06-28 16:00:00+00:00,572.3,575.5,565.6,567.4,63136.128
2024-06-29 00:00:00+00:00,567.4,572.6,566.9,570.7,47031.444
2024-06-29 08:00:00+00:00,570.7,573.9,569.9,572.6,33566.724
2024-06-29 16:00:00+00:00,572.5,572.6,568.4,570.0,19353.001
2024-06-30 00:00:00+00:00,570.0,578.8,568.3,575.9,50357.693
2024-06-30 08:00:00+00:00,575.9,578.1,574.0,577.4,40039.606
2024-06-30 16:00:00+00:00,577.4,585.3,576.1,582.2,79496.849
2024-07-01 00:00:00+00:00,582.3,588.3,580.0,584.7,77009.341
2024-07-01 08:00:00+00:00,584.8,585.4,576.4,577.7,68316.435
2024-07-01 16:00:00+00:00,577.7,583.1,576.2,576.9,43156.175
2024-07-02 00:00:00+00:00,576.9,581.7,574.4,578.6,39877.883
2024-07-02 08:00:00+00:00,578.6,582.0,575.0,575.6,56596.283
2024-07-02 16:00:00+00:00,575.6,582.0,573.9,580.1,48087.768
2024-07-03 00:00:00+00:00,580.1,581.0,565.2,566.2,96253.018
2024-07-03 08:00:00+00:00,566.3,567.8,552.7,558.2,128764.963
2024-07-03 16:00:00+00:00,558.2,560.1,550.5,556.7,63300.827
2024-07-04 00:00:00+00:00,556.7,558.1,524.9,530.1,237368.561
2024-07-04 08:00:00+00:00,530.1,533.8,511.6,525.3,189522.231
2024-07-04 16:00:00+00:00,525.4,529.9,512.4,513.6,84468.702
2024-07-05 00:00:00+00:00,513.5,516.1,454.8,472.7,634253.812
2024-07-05 08:00:00+00:00,472.7,497.3,456.1,495.5,286697.361
2024-07-05 16:00:00+00:00,495.5,499.9,492.2,497.7,71756.991
2024-07-06 00:00:00+00:00,497.8,510.6,496.0,508.1,80462.913
2024-07-06 08:00:00+00:00,508.1,520.4,505.4,518.5,77249.863
2024-07-06 16:00:00+00:00,518.5,530.7,518.0,526.0,68884.365
2024-07-07 00:00:00+00:00,526.0,526.6,504.0,509.0,125981.72
2024-07-07 08:00:00+00:00,509.0,512.9,494.1,498.4,101058.06
2024-07-07 16:00:00+00:00,498.3,504.1,488.4,490.7,51987.679
2024-07-08 00:00:00+00:00,490.7,511.1,471.0,501.8,247035.517
2024-07-08 08:00:00+00:00,501.7,524.2,490.9,501.3,273966.952
2024-07-08 16:00:00+00:00,501.3,512.6,497.2,510.6,59967.627
2024-07-09 00:00:00+00:00,510.5,516.5,506.5,512.5,73833.88
2024-07-09 08:00:00+00:00,512.5,520.0,511.5,516.9,81426.593
2024-07-09 16:00:00+00:00,517.0,520.8,514.6,516.9,48098.128
2024-07-10 00:00:00+00:00,516.9,526.3,511.3,522.4,75326.106
2024-07-10 08:00:00+00:00,522.4,529.4,519.2,525.0,99346.108
2024-07-10 16:00:00+00:00,525.0,527.8,520.7,524.7,30787.994
2024-07-11 00:00:00+00:00,524.7,528.6,520.1,527.5,55692.884
2024-07-11 08:00:00+00:00,527.6,545.1,523.3,524.2,165903.43
2024-07-11 16:00:00+00:00,524.2,530.9,522.5,524.8,41192.263
2024-07-12 00:00:00+00:00,524.9,529.6,517.0,521.2,65925.366
2024-07-12 08:00:00+00:00,521.3,533.2,518.0,532.4,98160.583
2024-07-12 16:00:00+00:00,532.5,537.5,527.0,533.8,43784.829
2024-07-13 00:00:00+00:00,533.9,536.3,531.7,536.1,31762.046
2024-07-13 08:00:00+00:00,536.1,539.4,529.2,532.0,74271.827
2024-07-13 16:00:00+00:00,532.1,535.8,527.3,532.4,55094.558
2024-07-14 00:00:00+00:00,532.5,539.2,531.2,537.6,55051.096
2024-07-14 08:00:00+00:00,537.7,540.3,531.6,536.3,47380.329
2024-07-14 16:00:00+00:00,536.3,547.7,535.0,544.8,46134.848
2024-07-15 00:00:00+00:00,544.9,562.6,543.8,559.1,102055.319
2024-07-15 08:00:00+00:00,559.1,574.8,557.4,573.8,135841.149
2024-07-15 16:00:00+00:00,573.7,586.8,573.0,585.3,97476.304
2024-07-16 00:00:00+00:00,585.3,587.5,561.3,562.3,137334.609
2024-07-16 08:00:00+00:00,562.3,578.5,554.4,577.0,132757.503
2024-07-16 16:00:00+00:00,577.0,579.2,570.3,576.2,77732.918
2024-07-17 00:00:00+00:00,576.3,584.0,575.9,579.9,63618.752
2024-07-17 08:00:00+00:00,580.0,581.9,572.3,572.8,77764.387
2024-07-17 16:00:00+00:00,572.8,573.9,564.3,568.9,56888.066
2024-07-18 00:00:00+00:00,568.9,577.0,568.6,572.3,36057.646
2024-07-18 08:00:00+00:00,572.4,579.6,565.0,565.5,67102.448
2024-07-18 16:00:00+00:00,565.5,573.3,561.6,571.9,49961.69
2024-07-19 00:00:00+00:00,572.0,574.8,565.0,568.6,41476.083
2024-07-19 08:00:00+00:00,568.6,595.0,566.2,591.5,149442.61
2024-07-19 16:00:00+00:00,591.6,598.7,588.7,593.4,140958.836
2024-07-20 00:00:00+00:00,593.4,595.2,586.7,590.1,49019.445
2024-07-20 08:00:00+00:00,590.1,595.2,587.7,595.2,45274.463
2024-07-20 16:00:00+00:00,595.1,597.9,592.5,593.1,50385.496
2024-07-21 00:00:00+00:00,593.2,597.7,591.0,592.5,34322.243
2024-07-21 08:00:00+00:00,592.5,602.3,591.9,599.1,62433.471
2024-07-21 16:00:00+00:00,599.1,603.4,581.5,602.5,147176.049
2024-07-22 00:00:00+00:00,602.5,605.6,591.6,594.1,66652.751
2024-07-22 08:00:00+00:00,594.1,602.1,589.0,592.2,79855.779
2024-07-22 16:00:00+00:00,592.2,596.6,580.3,587.2,65944.16
2024-07-23 00:00:00+00:00,587.3,593.5,577.7,579.7,66137.249
2024-07-23 08:00:00+00:00,579.8,589.4,578.6,585.3,88286.009
2024-07-23 16:00:00+00:00,585.3,586.1,577.2,581.9,59932.053
2024-07-24 00:00:00+00:00,582.0,586.0,580.5,585.9,42687.766
2024-07-24 08:00:00+00:00,585.9,589.1,582.2,583.0,64434.708
2024-07-24 16:00:00+00:00,583.0,585.7,570.4,574.9,53412.734
2024-07-25 00:00:00+00:00,574.9,576.6,553.1,561.9,151972.971
2024-07-25 08:00:00+00:00,561.8,568.7,556.3,565.0,68247.297
2024-07-25 16:00:00+00:00,565.0,573.2,560.7,570.6,66777.254
2024-07-26 00:00:00+00:00,570.7,580.7,570.2,579.5,62704.93
2024-07-26 08:00:00+00:00,579.4,580.7,574.4,578.5,63025.148
2024-07-26 16:00:00+00:00,578.4,582.8,576.8,580.9,29762.842
2024-07-27 00:00:00+00:00,580.9,588.0,577.7,587.2,53822.813
2024-07-27 08:00:00+00:00,587.2,592.8,582.4,585.6,46619.823
2024-07-27 16:00:00+00:00,585.7,586.5,572.6,581.6,84026.219
2024-07-28 00:00:00+00:00,581.6,584.2,574.5,578.7,36741.387
2024-07-28 08:00:00+00:00,578.8,582.4,577.3,580.3,27605.181
2024-07-28 16:00:00+00:00,580.3,584.9,579.0,583.9,28260.074
2024-07-29 00:00:00+00:00,583.9,598.0,583.6,593.7,71620.078
2024-07-29 08:00:00+00:00,593.7,594.8,580.2,582.8,66435.782
2024-07-29 16:00:00+00:00,582.9,583.7,572.2,574.3,75768.229
2024-07-30 00:00:00+00:00,574.3,576.4,566.6,574.6,51196.834
2024-07-30 08:00:00+00:00,574.6,576.2,571.2,574.0,48970.829
2024-07-30 16:00:00+00:00,574.1,588.3,570.0,588.2,64856.75
2024-07-31 00:00:00+00:00,588.1,589.6,581.1,586.1,69610.501
2024-07-31 08:00:00+00:00,586.1,589.2,584.2,586.6,46387.149
2024-07-31 16:00:00+00:00,586.6,592.9,574.7,576.5,78704.073
2024-08-01 00:00:00+00:00,576.5,578.0,562.8,568.9,79206.723
2024-08-01 08:00:00+00:00,568.9,575.0,556.5,558.9,94569.321
2024-08-01 16:00:00+00:00,558.9,577.7,553.7,575.1,106642.821
2024-08-02 00:00:00+00:00,575.2,577.6,563.5,570.7,79400.987
2024-08-02 08:00:00+00:00,570.6,576.6,547.1,558.9,109753.845
2024-08-02 16:00:00+00:00,558.8,560.3,540.2,542.9,94450.169
2024-08-03 00:00:00+00:00,542.9,545.3,525.9,540.7,84562.859
2024-08-03 08:00:00+00:00,540.8,545.1,531.2,532.0,52355.105
2024-08-03 16:00:00+00:00,532.0,534.0,521.3,529.6,108859.561
2024-08-04 00:00:00+00:00,529.7,532.2,522.0,523.9,55346.157
2024-08-04 08:00:00+00:00,523.8,528.2,500.6,501.9,147652.02
2024-08-04 16:00:00+00:00,501.9,511.6,486.5,496.9,187240.108
2024-08-05 00:00:00+00:00,496.9,499.9,400.0,439.4,1197558.172
2024-08-05 08:00:00+00:00,439.4,466.3,408.9,462.3,720614.227
2024-08-05 16:00:00+00:00,462.3,474.2,451.3,464.2,196507.351
2024-08-06 00:00:00+00:00,464.3,493.0,463.5,492.2,162482.842
2024-08-06 08:00:00+00:00,492.2,494.4,469.5,487.9,208898.18
2024-08-06 16:00:00+00:00,487.9,493.1,483.3,484.8,87433.985
2024-08-07 00:00:00+00:00,484.9,497.5,478.1,491.9,97313.755
2024-08-07 08:00:00+00:00,491.9,497.7,472.0,480.7,131454.032
2024-08-07 16:00:00+00:00,480.7,481.5,468.1,475.0,93414.7
2024-08-08 00:00:00+00:00,475.0,491.7,467.5,485.2,77834.393
2024-08-08 08:00:00+00:00,485.3,499.5,483.9,499.1,91784.529
2024-08-08 16:00:00+00:00,499.2,521.7,498.9,517.1,117125.686
2024-08-09 00:00:00+00:00,517.2,518.4,507.7,509.4,72051.513
2024-08-09 08:00:00+00:00,509.4,511.6,498.7,501.7,87570.523
2024-08-09 16:00:00+00:00,501.7,509.8,500.7,508.7,35503.07
2024-08-10 00:00:00+00:00,508.7,514.0,507.2,511.9,32059.433
2024-08-10 08:00:00+00:00,511.9,517.6,510.7,514.4,40667.598
2024-08-10 16:00:00+00:00,514.3,525.4,513.3,523.1,53485.207
2024-08-11 00:00:00+00:00,523.2,534.8,522.9,533.6,51818.266
2024-08-11 08:00:00+00:00,533.6,535.8,516.8,520.2,83082.967
2024-08-11 16:00:00+00:00,520.2,522.9,502.3,503.4,71137.481
2024-08-12 00:00:00+00:00,503.5,511.2,499.2,509.4,78072.052
2024-08-12 08:00:00+00:00,509.4,524.0,500.5,519.6,146626.382
2024-08-12 16:00:00+00:00,519.7,521.6,507.5,518.2,61252.913
2024-08-13 00:00:00+00:00,518.3,524.0,513.8,523.2,58242.19
2024-08-13 08:00:00+00:00,523.2,527.0,513.1,517.3,121925.719
2024-08-13 16:00:00+00:00,517.3,525.9,517.0,524.2,74861.588
2024-08-14 00:00:00+00:00,524.2,528.5,521.9,526.5,49193.266
2024-08-14 08:00:00+00:00,526.6,531.9,515.4,525.2,118734.888
2024-08-14 16:00:00+00:00,525.2,526.2,519.7,523.4,52921.857
2024-08-15 00:00:00+00:00,523.4,527.3,514.1,517.3,58737.47
2024-08-15 08:00:00+00:00,517.3,531.4,515.5,531.0,69343.818
2024-08-15 16:00:00+00:00,531.0,533.9,510.0,519.2,101547.018
2024-08-16 00:00:00+00:00,519.2,524.1,514.2,523.9,55802.871
2024-08-16 08:00:00+00:00,523.9,524.5,509.9,514.8,72694.334
2024-08-16 16:00:00+00:00,514.8,523.1,513.1,519.7,45538.936
2024-08-17 00:00:00+00:00,519.7,523.8,518.3,523.2,38022.461
2024-08-17 08:00:00+00:00,523.3,540.0,522.2,534.4,89368.268
2024-08-17 16:00:00+00:00,534.3,547.7,534.3,541.6,68974.857
2024-08-18 00:00:00+00:00,541.7,542.6,534.3,540.3,56566.739
2024-08-18 08:00:00+00:00,540.3,540.4,535.5,538.9,60519.424
2024-08-18 16:00:00+00:00,539.0,539.8,530.8,531.2,31803.855
2024-08-19 00:00:00+00:00,531.3,537.6,529.1,533.7,55494.198
2024-08-19 08:00:00+00:00,533.8,544.4,530.6,543.5,79216.105
2024-08-19 16:00:00+00:00,543.5,560.7,543.2,558.4,98565.049
2024-08-20 00:00:00+00:00,558.5,573.7,558.4,569.0,99262.564
2024-08-20 08:00:00+00:00,569.1,573.3,559.8,561.5,153970.698
2024-08-20 16:00:00+00:00,561.5,574.9,558.2,569.4,168820.431
2024-08-21 00:00:00+00:00,569.4,572.7,558.7,560.7,116685.556
2024-08-21 08:00:00+00:00,560.7,561.6,546.1,554.6,110808.299
2024-08-21 16:00:00+00:00,554.5,575.1,553.8,570.1,118107.915
2024-08-22 00:00:00+00:00,570.2,577.9,559.7,576.7,71945.673
2024-08-22 08:00:00+00:00,576.6,590.0,574.3,579.8,188527.478
2024-08-22 16:00:00+00:00,579.8,587.0,572.4,582.9,104547.133
2024-08-23 00:00:00+00:00,583.0,587.5,577.4,579.7,110382.021
2024-08-23 08:00:00+00:00,579.7,586.0,574.3,580.8,113829.557
2024-08-23 16:00:00+00:00,580.9,600.6,579.1,591.7,163561.085
2024-08-24 00:00:00+00:00,591.7,592.4,574.6,579.0,132145.821
2024-08-24 08:00:00+00:00,579.0,583.4,577.7,578.7,66521.169
2024-08-24 16:00:00+00:00,578.8,592.2,575.5,580.5,126501.907
2024-08-25 00:00:00+00:00,580.5,583.9,569.0,571.3,93014.089
2024-08-25 08:00:00+00:00,571.3,578.7,569.1,575.1,53346.941
2024-08-25 16:00:00+00:00,575.2,578.9,572.0,573.9,49623.529
2024-08-26 00:00:00+00:00,573.9,575.6,561.3,562.0,96784.44
2024-08-26 08:00:00+00:00,561.9,567.2,555.8,558.5,88263.503
2024-08-26 16:00:00+00:00,558.4,561.7,546.7,548.2,95937.633
2024-08-27 00:00:00+00:00,548.3,558.3,547.9,555.7,68710.004
2024-08-27 08:00:00+00:00,555.8,556.3,546.9,552.2,88908.693
2024-08-27 16:00:00+00:00,552.2,554.1,520.5,533.3,140455.277
2024-08-28 00:00:00+00:00,533.3,542.8,526.8,532.7,86477.217
2024-08-28 08:00:00+00:00,532.7,546.8,530.3,533.4,101378.911
2024-08-28 16:00:00+00:00,533.4,540.5,522.4,537.0,81938.649
2024-08-29 00:00:00+00:00,537.0,544.9,536.4,541.2,48274.274
2024-08-29 08:00:00+00:00,541.2,545.5,537.8,541.7,67894.307
2024-08-29 16:00:00+00:00,541.7,543.2,530.9,536.4,50018.532
2024-08-30 00:00:00+00:00,536.4,537.6,528.3,533.2,46004.565
2024-08-30 08:00:00+00:00,533.2,543.4,522.2,523.9,106422.52
2024-08-30 16:00:00+00:00,523.8,537.1,522.0,535.2,45398.81
2024-08-31 00:00:00+00:00,535.2,541.5,534.8,535.6,40047.516
2024-08-31 08:00:00+00:00,535.7,537.8,534.2,535.8,30252.961
2024-08-31 16:00:00+00:00,535.8,535.9,531.1,532.9,25653.595
2024-09-01 00:00:00+00:00,532.9,533.2,513.4,522.3,91032.704
2024-09-01 08:00:00+00:00,522.3,522.6,510.3,520.9,59596.74
2024-09-01 16:00:00+00:00,520.9,524.0,507.7,512.4,53069.423
2024-09-02 00:00:00+00:00,512.3,516.5,501.5,503.1,99353.129
2024-09-02 08:00:00+00:00,503.1,525.4,502.9,522.2,127552.395
2024-09-02 16:00:00+00:00,522.3,530.2,519.8,526.3,36078.902
2024-09-03 00:00:00+00:00,526.4,538.4,525.2,535.0,99720.243
2024-09-03 08:00:00+00:00,535.0,537.9,521.2,522.0,74661.571
2024-09-03 16:00:00+00:00,522.0,526.1,517.9,518.7,50099.836
2024-09-04 00:00:00+00:00,518.8,523.7,501.3,510.2,163729.9
2024-09-04 08:00:00+00:00,510.2,513.4,495.8,508.9,203079.406
2024-09-04 16:00:00+00:00,509.0,513.5,505.3,507.6,69083.0
2024-09-05 00:00:00+00:00,507.6,512.9,501.0,506.7,69549.55
2024-09-05 08:00:00+00:00,506.7,510.3,499.7,501.3,63436.907
2024-09-05 16:00:00+00:00,501.4,503.6,496.7,502.4,44250.863
2024-09-06 00:00:00+00:00,502.4,508.4,496.9,501.4,64116.341
2024-09-06 08:00:00+00:00,501.4,509.9,488.7,492.5,134540.024
2024-09-06 16:00:00+00:00,492.5,493.5,471.3,487.2,159048.362
2024-09-07 00:00:00+00:00,487.3,496.0,482.9,495.4,65308.731
2024-09-07 08:00:00+00:00,495.4,499.5,491.6,497.9,45588.263
2024-09-07 16:00:00+00:00,497.9,498.1,490.4,493.5,29470.318
2024-09-08 00:00:00+00:00,493.6,504.6,490.7,502.9,36348.43
2024-09-08 08:00:00+00:00,502.8,505.9,491.1,491.7,59648.253
2024-09-08 16:00:00+00:00,491.7,506.9,491.0,503.1,39680.49
2024-09-09 00:00:00+00:00,503.2,510.0,501.7,507.0,53760.859
2024-09-09 08:00:00+00:00,507.0,510.3,502.1,506.1,48599.699
2024-09-09 16:00:00+00:00,506.2,525.7,505.7,518.7,105167.982
2024-09-10 00:00:00+00:00,518.7,520.4,513.3,520.2,44667.608
2024-09-10 08:00:00+00:00,520.1,522.8,514.0,514.2,62710.303
2024-09-10 16:00:00+00:00,514.2,524.3,509.2,517.0,54039.901
2024-09-11 00:00:00+00:00,517.0,517.3,506.5,514.1,42410.222
2024-09-11 08:00:00+00:00,514.0,520.0,508.7,518.0,73385.382
2024-09-11 16:00:00+00:00,517.9,535.4,517.7,530.1,88283.998
2024-09-12 00:00:00+00:00,530.2,546.8,530.0,541.9,90996.619
2024-09-12 08:00:00+00:00,542.0,548.7,534.1,535.4,120801.881
2024-09-12 16:00:00+00:00,535.5,545.8,534.9,544.5,62079.3
2024-09-13 00:00:00+00:00,544.6,547.0,538.7,542.7,55049.271
2024-09-13 08:00:00+00:00,542.7,554.3,540.3,553.6,149217.84
2024-09-13 16:00:00+00:00,553.7,559.7,550.0,556.4,72476.162
2024-09-14 00:00:00+00:00,556.4,559.2,551.4,554.0,64920.544
2024-09-14 08:00:00+00:00,554.0,554.4,549.6,551.0,34717.012
2024-09-14 16:00:00+00:00,551.0,553.8,547.5,553.3,38795.408
2024-09-15 00:00:00+00:00,553.4,555.9,552.1,555.0,33440.577
2024-09-15 08:00:00+00:00,555.0,561.9,552.9,561.2,63681.525
2024-09-15 16:00:00+00:00,561.2,561.6,546.0,553.4,108132.688
2024-09-16 00:00:00+00:00,553.4,555.2,540.5,550.4,110650.388
2024-09-16 08:00:00+00:00,550.5,552.6,535.1,535.4,87060.601
2024-09-16 16:00:00+00:00,535.4,537.1,527.0,533.7,70242.701
2024-09-17 00:00:00+00:00,533.7,540.1,529.0,538.5,42224.348
2024-09-17 08:00:00+00:00,538.6,552.7,537.9,550.1,103978.269
2024-09-17 16:00:00+00:00,550.1,551.1,541.8,546.2,49085.743
2024-09-18 00:00:00+00:00,546.2,549.8,542.1,545.5,39592.606
2024-09-18 08:00:00+00:00,545.6,545.6,536.8,538.2,53186.356
2024-09-18 16:00:00+00:00,538.2,559.7,536.9,559.5,108404.023
2024-09-19 00:00:00+00:00,559.5,562.6,554.9,557.1,97051.447
2024-09-19 08:00:00+00:00,557.1,568.4,553.0,565.3,132006.498
2024-09-19 16:00:00+00:00,565.2,572.2,561.7,567.0,79369.797
2024-09-20 00:00:00+00:00,566.9,577.1,555.0,573.6,116184.581
2024-09-20 08:00:00+00:00,573.5,573.9,564.4,569.8,106070.199
2024-09-20 16:00:00+00:00,569.9,570.8,564.2,569.0,34822.929
2024-09-21 00:00:00+00:00,569.1,583.6,566.4,582.6,77832.1
2024-09-21 08:00:00+00:00,582.6,587.6,579.6,583.7,89595.743
2024-09-21 16:00:00+00:00,583.7,590.0,582.5,588.6,41324.387
2024-09-22 00:00:00+00:00,588.7,589.7,580.9,584.6,51034.147
2024-09-22 08:00:00+00:00,584.6,585.9,577.1,580.6,64774.475
2024-09-22 16:00:00+00:00,580.6,594.6,576.4,588.7,87170.169
2024-09-23 00:00:00+00:00,588.7,599.5,583.4,591.2,115679.0
2024-09-23 08:00:00+00:00,591.2,601.6,587.9,600.6,89197.278
2024-09-23 16:00:00+00:00,600.7,616.0,600.5,604.5,171133.929
2024-09-24 00:00:00+00:00,604.5,609.5,600.2,602.2,83523.896
2024-09-24 08:00:00+00:00,602.2,609.0,598.5,606.3,97996.766
2024-09-24 16:00:00+00:00,606.3,613.4,604.4,605.9,80101.469
2024-09-25 00:00:00+00:00,605.8,608.3,592.8,596.1,88698.684
2024-09-25 08:00:00+00:00,596.2,599.7,592.1,593.2,66962.409
2024-09-25 16:00:00+00:00,593.3,595.5,584.2,587.4,65132.855
2024-09-26 00:00:00+00:00,587.5,596.4,580.8,595.8,94925.572
2024-09-26 08:00:00+00:00,595.9,602.7,592.1,601.4,125372.833
2024-09-26 16:00:00+00:00,601.3,609.0,591.2,596.3,114039.069
2024-09-27 00:00:00+00:00,596.3,606.6,596.0,604.0,108011.065
2024-09-27 08:00:00+00:00,603.9,614.7,602.2,608.9,160599.032
2024-09-27 16:00:00+00:00,609.0,612.9,604.1,606.8,88291.543
2024-09-28 00:00:00+00:00,606.9,618.6,600.0,602.4,148438.342
2024-09-28 08:00:00+00:00,602.4,603.2,594.5,601.0,80171.317
2024-09-28 16:00:00+00:00,600.9,601.9,595.8,601.1,33983.722
2024-09-29 00:00:00+00:00,601.1,602.8,593.1,593.4,45478.685
2024-09-29 08:00:00+00:00,593.5,598.4,592.4,596.9,65130.088
2024-09-29 16:00:00+00:00,597.0,601.0,594.8,595.6,49494.311
2024-09-30 00:00:00+00:00,595.6,595.8,572.2,582.2,153617.905
2024-09-30 08:00:00+00:00,582.3,582.3,570.5,571.2,94463.037
2024-09-30 16:00:00+00:00,571.2,575.4,563.5,567.4,76005.795
2024-10-01 00:00:00+00:00,567.4,583.1,565.2,581.1,76415.34
2024-10-01 08:00:00+00:00,581.2,581.5,547.9,561.5,170779.057
2024-10-01 16:00:00+00:00,561.5,562.6,536.8,547.3,229178.548
2024-10-02 00:00:00+00:00,547.2,558.3,545.5,556.3,71148.027
2024-10-02 08:00:00+00:00,556.3,557.9,537.1,549.4,110942.499
2024-10-02 16:00:00+00:00,549.5,553.2,535.4,542.5,100103.137
2024-10-03 00:00:00+00:00,542.5,550.8,541.0,545.3,52056.431
2024-10-03 08:00:00+00:00,545.2,545.8,534.3,541.4,120678.903
2024-10-03 16:00:00+00:00,541.4,546.6,537.2,544.8,47967.008
2024-10-04 00:00:00+00:00,544.8,550.7,541.8,550.6,45184.155
2024-10-04 08:00:00+00:00,550.6,556.9,545.3,553.7,93370.234
2024-10-04 16:00:00+00:00,553.7,557.8,552.2,555.3,47615.239
2024-10-05 00:00:00+00:00,555.3,565.0,551.6,561.9,51463.195
2024-10-05 08:00:00+00:00,561.9,565.2,560.3,564.2,39038.254
2024-10-05 16:00:00+00:00,564.1,564.8,557.9,563.0,34404.933
2024-10-06 00:00:00+00:00,563.0,566.2,561.3,562.5,31415.259
2024-10-06 08:00:00+00:00,562.6,569.1,561.1,567.3,36233.125
2024-10-06 16:00:00+00:00,567.3,571.9,563.6,570.3,39138.956
2024-10-07 00:00:00+00:00,570.4,577.5,567.7,576.1,63443.976
2024-10-07 08:00:00+00:00,576.0,581.8,566.9,575.7,83059.186
2024-10-07 16:00:00+00:00,575.7,577.7,563.5,564.3,66543.514
2024-10-08 00:00:00+00:00,564.4,571.4,559.5,563.4,54327.221
2024-10-08 08:00:00+00:00,563.5,580.4,562.1,578.1,140831.441
2024-10-08 16:00:00+00:00,578.0,586.8,576.3,580.8,91117.515
2024-10-09 00:00:00+00:00,580.8,585.8,573.1,582.4,133582.921
2024-10-09 08:00:00+00:00,582.3,586.0,576.4,581.0,113608.539
2024-10-09 16:00:00+00:00,581.1,581.9,566.2,570.7,77204.594
2024-10-10 00:00:00+00:00,570.8,572.9,567.4,570.2,37846.369
2024-10-10 08:00:00+00:00,570.2,571.2,563.0,565.6,67212.882
2024-10-10 16:00:00+00:00,565.6,567.4,551.5,563.9,73139.058
2024-10-11 00:00:00+00:00,563.8,565.5,560.1,560.5,56154.691
2024-10-11 08:00:00+00:00,560.5,573.4,560.2,571.9,83168.507
2024-10-11 16:00:00+00:00,571.9,577.5,571.2,573.6,45772.16
2024-10-12 00:00:00+00:00,573.7,578.8,573.6,575.3,52268.091
2024-10-12 08:00:00+00:00,575.3,579.2,574.9,575.9,52418.768
2024-10-12 16:00:00+00:00,576.0,578.3,575.6,576.6,31087.1
2024-10-13 00:00:00+00:00,576.6,578.5,572.5,574.2,37794.428
2024-10-13 08:00:00+00:00,574.2,575.2,564.9,566.9,45654.942
2024-10-13 16:00:00+00:00,566.9,573.2,566.3,572.2,35330.606
2024-10-14 00:00:00+00:00,572.3,583.0,558.9,580.5,96856.896
2024-10-14 08:00:00+00:00,580.5,588.9,578.0,588.2,87373.432
2024-10-14 16:00:00+00:00,588.2,592.3,587.1,589.1,68572.848
2024-10-15 00:00:00+00:00,589.0,592.4,580.9,584.7,56150.65
2024-10-15 08:00:00+00:00,584.7,599.9,577.7,589.2,198309.35
2024-10-15 16:00:00+00:00,589.3,595.6,587.1,594.5,69845.897
2024-10-16 00:00:00+00:00,594.6,597.4,589.7,591.0,58050.245
2024-10-16 08:00:00+00:00,591.1,601.7,590.6,595.4,124045.305
2024-10-16 16:00:00+00:00,595.4,605.5,591.6,600.9,77855.579
2024-10-17 00:00:00+00:00,601.0,606.3,596.1,597.0,73184.196
2024-10-17 08:00:00+00:00,597.0,597.9,589.0,594.1,66979.386
2024-10-17 16:00:00+00:00,594.2,594.2,585.1,592.9,54035.834
2024-10-18 00:00:00+00:00,592.9,599.3,591.8,597.7,42744.275
2024-10-18 08:00:00+00:00,597.8,602.0,594.0,600.7,60771.673
2024-10-18 16:00:00+00:00,600.6,602.4,598.0,599.2,33227.721
2024-10-19 00:00:00+00:00,599.3,601.4,597.0,597.7,27677.343
2024-10-19 08:00:00+00:00,597.8,598.6,596.1,596.9,28864.262
2024-10-19 16:00:00+00:00,596.9,598.4,595.4,597.7,22398.634
2024-10-20 00:00:00+00:00,597.8,598.4,593.1,597.6,32866.962
2024-10-20 08:00:00+00:00,597.5,600.9,595.1,599.1,40099.487
2024-10-20 16:00:00+00:00,599.2,607.3,597.6,605.9,50605.608
2024-10-21 00:00:00+00:00,605.9,609.9,601.0,609.1,90574.197
2024-10-21 08:00:00+00:00,609.1,611.8,593.6,595.8,135245.615
2024-10-21 16:00:00+00:00,595.9,601.5,591.5,598.8,50060.966
2024-10-22 00:00:00+00:00,598.8,600.3,592.5,595.0,51215.582
2024-10-22 08:00:00+00:00,595.0,609.0,587.0,596.8,109818.107
2024-10-22 16:00:00+00:00,596.8,596.8,591.8,593.8,42723.245
2024-10-23 00:00:00+00:00,593.8,595.0,583.1,584.1,65021.54
2024-10-23 08:00:00+00:00,584.1,586.2,578.4,579.8,87233.996
2024-10-23 16:00:00+00:00,579.8,585.6,573.0,584.9,73442.929
2024-10-24 00:00:00+00:00,584.9,594.5,583.3,590.6,57130.027
2024-10-24 08:00:00+00:00,590.7,593.9,585.7,592.4,53315.03
2024-10-24 16:00:00+00:00,592.5,598.0,590.0,594.5,35336.48
2024-10-25 00:00:00+00:00,594.5,597.6,586.8,588.4,48763.852
2024-10-25 08:00:00+00:00,588.5,595.7,586.2,590.0,58509.702
2024-10-25 16:00:00+00:00,590.0,591.9,565.8,575.3,146941.139
2024-10-26 00:00:00+00:00,575.3,584.0,571.6,579.7,63289.104
2024-10-26 08:00:00+00:00,579.7,584.9,578.4,580.8,32153.326
2024-10-26 16:00:00+00:00,580.8,587.1,580.5,583.4,24545.007
2024-10-27 00:00:00+00:00,583.4,586.2,581.8,585.0,20740.252
2024-10-27 08:00:00+00:00,585.0,588.3,581.7,587.4,40711.203
2024-10-27 16:00:00+00:00,587.5,591.0,585.5,589.2,33003.644
2024-10-28 00:00:00+00:00,589.3,592.8,585.5,591.6,36231.609
2024-10-28 08:00:00+00:00,591.7,596.8,590.5,590.7,69720.353
2024-10-28 16:00:00+00:00,590.7,604.6,588.9,601.1,83863.92
2024-10-29 00:00:00+00:00,601.1,610.5,599.9,604.0,88332.097
2024-10-29 08:00:00+00:00,604.0,610.5,603.9,609.9,79276.979
2024-10-29 16:00:00+00:00,609.9,612.2,600.2,606.3,133946.281
2024-10-30 00:00:00+00:00,606.3,606.7,598.1,602.2,53259.16
2024-10-30 08:00:00+00:00,602.2,604.6,594.1,597.1,85302.067
2024-10-30 16:00:00+00:00,597.1,600.4,594.8,595.6,48145.054
2024-10-31 00:00:00+00:00,595.5,596.5,587.6,587.6,57617.021
2024-10-31 08:00:00+00:00,587.7,589.2,575.5,580.7,145976.269
2024-10-31 16:00:00+00:00,580.7,580.8,571.1,576.6,75562.885
2024-11-01 00:00:00+00:00,576.5,580.8,570.3,574.7,72233.769
2024-11-01 08:00:00+00:00,574.7,585.5,568.7,572.1,115298.104
2024-11-01 16:00:00+00:00,572.1,577.5,567.7,573.1,54723.311
2024-11-02 00:00:00+00:00,573.1,577.2,572.8,576.3,31417.215
2024-11-02 08:00:00+00:00,576.3,576.8,562.4,566.8,74457.362
2024-11-02 16:00:00+00:00,566.8,570.8,566.5,568.6,37842.026
2024-11-03 00:00:00+00:00,568.6,569.3,557.3,563.7,63441.262
2024-11-03 08:00:00+00:00,563.7,563.7,547.0,551.8,93721.961
2024-11-03 16:00:00+00:00,551.9,560.3,548.8,557.7,60345.245
2024-11-04 00:00:00+00:00,557.7,564.8,553.2,558.91,69537.043
2024-11-04 08:00:00+00:00,558.91,563.29,556.4,559.72,81400.09
2024-11-04 16:00:00+00:00,559.72,560.68,543.6,552.5,114014.7
2024-11-05 00:00:00+00:00,552.51,560.9,551.22,560.53,59711.008
2024-11-05 08:00:00+00:00,560.53,569.8,558.28,564.4,73134.339
2024-11-05 16:00:00+00:00,564.4,572.8,559.15,563.21,78592.406
2024-11-06 00:00:00+00:00,563.21,589.5,563.0,583.69,290730.368
2024-11-06 08:00:00+00:00,583.69,585.28,575.47,583.1,148464.145
2024-11-06 16:00:00+00:00,583.11,595.0,581.48,592.22,96740.414
2024-11-07 00:00:00+00:00,592.22,611.2,590.66,595.75,187054.879
2024-11-07 08:00:00+00:00,595.75,598.09,587.01,597.9,88745.849
2024-11-07 16:00:00+00:00,597.89,603.0,595.15,598.26,101799.778
2024-11-08 00:00:00+00:00,598.27,605.9,592.78,598.95,107317.118
2024-11-08 08:00:00+00:00,598.96,601.42,594.25,597.33,104328.925
2024-11-08 16:00:00+00:00,597.33,598.73,588.1,597.82,107106.675
2024-11-09 00:00:00+00:00,597.82,638.0,597.51,628.95,490716.927
2024-11-09 08:00:00+00:00,628.95,633.9,615.93,616.54,141630.09
2024-11-09 16:00:00+00:00,616.54,627.71,610.0,624.66,139825.638
2024-11-10 00:00:00+00:00,624.67,634.99,620.0,629.53,249650.82
2024-11-10 08:00:00+00:00,629.53,644.2,629.1,639.91,280436.715
2024-11-10 16:00:00+00:00,639.9,643.6,611.62,627.33,282696.212
2024-11-11 00:00:00+00:00,627.34,641.27,613.0,615.99,267200.189
2024-11-11 08:00:00+00:00,615.99,630.01,613.81,625.85,299387.866
2024-11-11 16:00:00+00:00,625.86,665.54,625.72,659.63,439796.683
2024-11-12 00:00:00+00:00,659.63,667.4,632.65,648.57,460035.887
2024-11-12 08:00:00+00:00,648.58,657.14,610.0,625.44,519146.099
2024-11-12 16:00:00+00:00,625.47,635.0,616.38,625.33,187277.027
2024-11-13 00:00:00+00:00,625.42,628.83,598.6,607.52,341600.872
2024-11-13 08:00:00+00:00,607.51,637.62,602.4,628.82,378522.058
2024-11-13 16:00:00+00:00,628.81,638.06,604.59,620.68,314549.184
2024-11-14 00:00:00+00:00,620.68,660.4,610.5,659.82,405955.511
2024-11-14 08:00:00+00:00,659.77,659.77,618.52,628.18,451830.558
2024-11-14 16:00:00+00:00,628.18,639.01,616.0,622.3,202863.631
2024-11-15 00:00:00+00:00,622.3,628.3,607.12,615.26,244967.733
2024-11-15 08:00:00+00:00,615.25,626.5,603.4,606.84,236689.132
2024-11-15 16:00:00+00:00,606.84,620.0,605.05,619.37,173251.356
2024-11-16 00:00:00+00:00,619.37,627.26,617.5,623.26,115275.725
2024-11-16 08:00:00+00:00,623.25,633.7,619.04,623.39,219335.53
2024-11-16 16:00:00+00:00,623.38,630.74,619.54,622.69,113276.668
2024-11-17 00:00:00+00:00,622.69,647.6,605.2,638.7,304711.958
2024-11-17 08:00:00+00:00,638.7,645.81,622.0,624.8,178046.541
2024-11-17 16:00:00+00:00,624.81,625.39,611.53,618.9,113061.877
2024-11-18 00:00:00+00:00,618.93,629.99,617.5,626.43,118215.564
2024-11-18 08:00:00+00:00,626.43,628.44,612.1,624.25,171641.511
2024-11-18 16:00:00+00:00,624.25,630.91,612.48,618.93,193525.061
2024-11-19 00:00:00+00:00,618.93,620.9,615.63,617.5,107534.89
2024-11-19 08:00:00+00:00,617.51,621.41,611.66,615.13,171347.0
2024-11-19 16:00:00+00:00,615.13,619.0,605.21,615.5,141559.32
2024-11-20 00:00:00+00:00,615.49,616.1,605.84,612.79,109063.208
2024-11-20 08:00:00+00:00,612.79,620.78,608.18,615.12,158766.825
2024-11-20 16:00:00+00:00,615.12,615.84,600.0,605.39,143312.595
2024-11-21 00:00:00+00:00,605.39,613.9,593.05,612.49,228269.631
2024-11-21 08:00:00+00:00,612.5,629.37,607.16,616.72,277606.775
2024-11-21 16:00:00+00:00,616.8,625.4,616.03,621.86,141418.752
2024-11-22 00:00:00+00:00,621.86,639.64,621.85,627.39,260531.633
2024-11-22 08:00:00+00:00,627.39,633.01,615.05,624.6,190467.012
2024-11-22 16:00:00+00:00,624.6,633.27,618.5,633.0,131667.278
2024-11-23 00:00:00+00:00,633.0,667.22,631.1,664.07,430555.359
2024-11-23 08:00:00+00:00,664.06,680.0,659.92,669.54,385993.975
2024-11-23 16:00:00+00:00,669.54,672.4,642.37,650.42,254635.638
2024-11-24 00:00:00+00:00,650.42,673.35,648.52,672.81,215153.547
2024-11-24 08:00:00+00:00,672.81,687.75,637.08,642.42,533062.155
2024-11-24 16:00:00+00:00,642.42,663.5,638.21,659.65,166355.666
2024-11-25 00:00:00+00:00,659.65,663.9,646.39,661.19,172166.157
2024-11-25 08:00:00+00:00,661.2,676.79,632.0,648.63,404358.717
2024-11-25 16:00:00+00:00,648.63,653.7,626.43,636.2,206986.416
2024-11-26 00:00:00+00:00,636.16,645.57,632.49,641.66,140511.196
2024-11-26 08:00:00+00:00,641.65,642.24,607.62,614.02,478488.106
2024-11-26 16:00:00+00:00,614.03,620.92,600.02,613.51,195622.636
2024-11-27 00:00:00+00:00,613.5,622.6,607.79,622.1,161939.562
2024-11-27 08:00:00+00:00,622.11,639.02,617.0,636.5,279234.083
2024-11-27 16:00:00+00:00,636.51,646.75,632.73,644.14,188450.24
2024-11-28 00:00:00+00:00,644.15,659.4,639.79,649.84,312741.146
2024-11-28 08:00:00+00:00,649.86,664.68,644.6,646.05,250606.21
2024-11-28 16:00:00+00:00,646.05,659.64,645.68,653.83,121442.272
2024-11-29 00:00:00+00:00,653.84,663.8,648.42,649.63,138476.827
2024-11-29 08:00:00+00:00,649.63,661.0,649.6,659.67,157588.65
2024-11-29 16:00:00+00:00,659.75,661.69,650.02,654.67,133828.253
2024-11-30 00:00:00+00:00,654.67,677.2,648.0,673.01,235141.763
2024-11-30 08:00:00+00:00,673.01,674.6,652.5,656.18,214672.621
2024-11-30 16:00:00+00:00,656.19,658.8,652.6,653.43,95998.185
2024-12-01 00:00:00+00:00,653.44,657.31,645.16,651.0,135998.286
2024-12-01 08:00:00+00:00,651.01,662.7,650.03,662.28,161056.693
2024-12-01 16:00:00+00:00,662.28,664.17,651.66,655.99,137362.274
2024-12-02 00:00:00+00:00,656.0,667.2,642.83,646.79,249463.111
2024-12-02 08:00:00+00:00,646.79,650.78,630.01,649.66,315123.625
2024-12-02 16:00:00+00:00,649.65,651.0,627.99,647.82,207043.456
2024-12-03 00:00:00+00:00,647.83,660.88,645.65,648.06,237153.162
2024-12-03 08:00:00+00:00,648.06,654.1,622.85,642.71,431729.361
2024-12-03 16:00:00+00:00,642.72,750.01,642.0,734.64,906765.275
2024-12-04 00:00:00+00:00,734.64,774.69,734.64,764.7,773954.5837
2024-12-04 08:00:00+00:00,764.69,793.86,752.3,755.99,752024.2503
2024-12-04 16:00:00+00:00,755.99,759.23,720.0,739.53,566997.594
2024-12-05 00:00:00+00:00,739.54,739.9,690.0,729.61,570283.742
2024-12-05 08:00:00+00:00,729.6,738.88,718.14,724.25,259278.433
2024-12-05 16:00:00+00:00,724.26,736.38,695.0,717.1,329537.213
2024-12-06 00:00:00+00:00,717.1,734.6,713.72,725.25,187188.351
2024-12-06 08:00:00+00:00,725.25,732.9,705.06,732.5,309481.661
2024-12-06 16:00:00+00:00,732.51,745.93,721.8,730.22,250468.463
2024-12-07 00:00:00+00:00,730.22,749.0,729.69,738.45,149443.285
2024-12-07 08:00:00+00:00,738.46,758.03,737.64,755.19,139368.036
2024-12-07 16:00:00+00:00,755.19,761.0,746.44,749.72,156464.852
2024-12-08 00:00:00+00:00,749.71,757.26,742.61,747.01,118051.716
2024-12-08 08:00:00+00:00,747.0,747.55,727.47,740.22,156570.028
2024-12-08 16:00:00+00:00,740.23,743.87,735.0,742.0,68498.82
2024-12-09 00:00:00+00:00,742.0,742.5,711.2,720.51,212330.634
2024-12-09 08:00:00+00:00,720.52,731.39,707.75,715.3,309665.587
2024-12-09 16:00:00+00:00,715.3,724.5,642.0,689.19,546113.503
2024-12-10 00:00:00+00:00,689.2,701.9,669.67,692.9,330849.692
2024-12-10 08:00:00+00:00,692.91,704.92,655.65,657.34,338618.602
2024-12-10 16:00:00+00:00,657.4,680.28,649.13,676.8,315333.456
2024-12-11 00:00:00+00:00,676.8,683.0,658.54,677.37,135664.079
2024-12-11 08:00:00+00:00,677.38,698.77,677.03,695.01,225951.958
2024-12-11 16:00:00+00:00,695.01,713.0,693.71,711.21,165203.265
2024-12-12 00:00:00+00:00,711.2,724.05,708.52,714.61,216687.556
2024-12-12 08:00:00+00:00,714.61,725.61,707.0,714.49,202590.508
2024-12-12 16:00:00+00:00,714.49,723.68,699.36,705.77,157598.901
2024-12-13 00:00:00+00:00,705.77,711.85,696.8,701.59,111893.181
2024-12-13 08:00:00+00:00,701.59,722.4,700.25,708.36,272254.342
2024-12-13 16:00:00+00:00,708.37,729.88,708.04,725.72,164450.771
2024-12-14 00:00:00+00:00,725.73,732.11,724.7,728.46,147519.66
2024-12-14 08:00:00+00:00,728.46,729.45,707.5,715.47,102398.952
2024-12-14 16:00:00+00:00,715.46,716.95,705.01,715.79,92010.533
2024-12-15 00:00:00+00:00,715.8,718.6,702.66,706.37,89634.154
2024-12-15 08:00:00+00:00,706.37,719.6,705.46,716.49,81433.954
2024-12-15 16:00:00+00:00,716.5,724.08,706.07,718.87,111389.687
2024-12-16 00:00:00+00:00,718.87,725.0,708.12,715.45,159172.542
2024-12-16 08:00:00+00:00,715.44,718.63,704.16,718.41,181686.182
2024-12-16 16:00:00+00:00,718.41,730.0,717.1,720.58,142985.829
2024-12-17 00:00:00+00:00,720.58,724.64,712.24,716.09,103777.507
2024-12-17 08:00:00+00:00,716.1,737.37,714.0,730.11,248343.071
2024-12-17 16:00:00+00:00,730.11,736.6,714.11,717.69,150748.294
2024-12-18 00:00:00+00:00,717.7,722.0,703.02,713.31,223397.939
2024-12-18 08:00:00+00:00,713.31,720.0,707.8,712.93,154983.34
2024-12-18 16:00:00+00:00,712.93,720.8,681.0,686.38,348194.743
2024-12-19 00:00:00+00:00,686.39,704.44,668.66,701.86,284442.012
2024-12-19 08:00:00+00:00,701.87,705.57,681.0,689.9,168515.656
2024-12-19 16:00:00+00:00,689.9,693.37,648.63,665.62,387308.812
2024-12-20 00:00:00+00:00,665.61,680.58,662.33,672.68,212878.886
2024-12-20 08:00:00+00:00,672.67,672.82,618.69,666.53,619793.147
2024-12-20 16:00:00+00:00,666.54,679.99,662.93,678.6,149677.373
2024-12-21 00:00:00+00:00,678.6,693.39,676.71,688.92,174153.71
2024-12-21 08:00:00+00:00,688.92,689.71,653.0,667.27,204140.735
2024-12-21 16:00:00+00:00,667.28,668.64,652.0,663.49,151143.344
2024-12-22 00:00:00+00:00,663.5,668.36,650.0,658.63,80323.926
2024-12-22 08:00:00+00:00,658.63,669.71,651.75,656.6,109492.354
2024-12-22 16:00:00+00:00,656.59,660.6,639.37,649.77,143888.096
2024-12-23 00:00:00+00:00,649.77,669.49,638.1,662.09,178438.57
2024-12-23 08:00:00+00:00,662.09,683.02,661.71,671.82,256759.646
2024-12-23 16:00:00+00:00,671.82,698.5,671.44,694.16,171165.875
2024-12-24 00:00:00+00:00,694.16,695.75,683.4,692.8,141807.175
2024-12-24 08:00:00+00:00,692.8,698.88,682.68,695.36,145334.471
2024-12-24 16:00:00+00:00,695.37,699.0,687.2,696.9,99794.571
2024-12-25 00:00:00+00:00,696.89,706.18,695.94,702.29,89199.415
2024-12-25 08:00:00+00:00,702.28,713.28,701.91,703.6,83466.757
2024-12-25 16:00:00+00:00,703.6,705.16,695.99,702.72,59844.078
2024-12-26 00:00:00+00:00,702.71,719.99,700.54,706.81,146221.326
2024-12-26 08:00:00+00:00,706.82,709.98,683.0,691.7,166564.915
2024-12-26 16:00:00+00:00,691.7,695.3,685.3,689.4,68313.761
2024-12-27 00:00:00+00:00,689.4,701.0,685.73,692.25,146785.42
2024-12-27 08:00:00+00:00,692.24,718.88,686.03,688.78,139382.348
2024-12-27 16:00:00+00:00,688.78,696.64,685.79,691.85,60988.275
2024-12-28 00:00:00+00:00,691.86,698.94,691.3,696.08,42698.434
2024-12-28 08:00:00+00:00,696.07,727.7,696.0,721.6,171594.502
2024-12-28 16:00:00+00:00,721.59,731.24,719.58,722.13,129958.925
2024-12-29 00:00:00+00:00,722.13,724.7,711.87,716.2,61448.745
2024-12-29 08:00:00+00:00,716.2,717.45,707.03,710.61,63196.08
2024-12-29 16:00:00+00:00,710.62,711.69,690.0,694.71,116883.319
2024-12-30 00:00:00+00:00,694.71,703.29,691.83,697.58,78966.24
2024-12-30 08:00:00+00:00,697.58,702.68,687.75,695.16,115954.193
2024-12-30 16:00:00+00:00,695.15,712.2,693.27,705.36,102346.67
2024-12-31 00:00:00+00:00,705.35,709.93,698.48,701.16,69764.966
2024-12-31 08:00:00+00:00,701.17,714.99,700.4,710.56,99234.716
2024-12-31 16:00:00+00:00,710.57,712.88,699.39,702.3,66465.15
2025-01-01 00:00:00+00:00,702.31,711.5,701.46,703.75,39399.169
2025-01-01 08:00:00+00:00,703.75,710.5,700.3,708.11,57739.922
2025-01-01 16:00:00+00:00,708.11,709.01,703.21,707.84,38564.248
2025-01-02 00:00:00+00:00,707.84,709.4,698.04,706.94,123319.622
2025-01-02 08:00:00+00:00,706.95,715.8,703.29,704.54,110198.386
2025-01-02 16:00:00+00:00,704.55,709.24,700.0,706.25,59015.803
2025-01-03 00:00:00+00:00,706.24,706.93,700.32,700.73,62419.065
2025-01-03 08:00:00+00:00,700.72,711.0,697.03,710.04,130487.415
2025-01-03 16:00:00+00:00,710.03,715.69,708.44,714.88,98795.195
2025-01-04 00:00:00+00:00,714.87,721.84,714.01,717.95,71210.791
2025-01-04 08:00:00+00:00,717.95,718.17,707.82,709.38,58726.745
2025-01-04 16:00:00+00:00,709.38,714.85,709.28,713.41,37336.726
2025-01-05 00:00:00+00:00,713.41,713.93,709.3,712.44,31037.308
2025-01-05 08:00:00+00:00,712.44,712.53,702.51,708.06,54025.904
2025-01-05 16:00:00+00:00,708.06,710.05,703.0,709.29,30081.133
2025-01-06 00:00:00+00:00,709.29,716.12,705.91,714.35,62315.096
2025-01-06 08:00:00+00:00,714.36,725.75,710.96,725.75,120619.454
2025-01-06 16:00:00+00:00,725.76,745.29,721.95,729.42,174413.309
2025-01-07 00:00:00+00:00,729.42,733.33,725.18,730.5,93793.091
2025-01-07 08:00:00+00:00,730.5,731.58,700.0,709.23,193676.137
2025-01-07 16:00:00+00:00,709.24,713.0,691.2,698.01,148627.454
2025-01-08 00:00:00+00:00,698.0,707.46,681.56,694.65,149607.389
2025-01-08 08:00:00+00:00,694.64,705.0,690.4,693.49,121675.752
2025-01-08 16:00:00+00:00,693.49,697.31,674.72,696.03,155994.816
2025-01-09 00:00:00+00:00,696.03,701.16,689.24,690.55,76310.625
2025-01-09 08:00:00+00:00,690.55,701.72,681.02,696.98,151390.824
2025-01-09 16:00:00+00:00,696.98,697.03,675.12,685.48,104205.129
2025-01-10 00:00:00+00:00,685.47,697.0,683.18,695.5,51923.794
2025-01-10 08:00:00+00:00,695.5,698.68,686.0,693.13,103771.0
2025-01-10 16:00:00+00:00,693.13,700.69,689.47,693.21,78895.693
2025-01-11 00:00:00+00:00,693.21,694.96,690.39,694.94,23654.988
2025-01-11 08:00:00+00:00,694.95,698.0,693.2,695.4,34000.593
2025-01-11 16:00:00+00:00,695.4,701.47,693.6,696.7,30079.209
2025-01-12 00:00:00+00:00,696.71,698.63,692.62,694.26,21822.713
2025-01-12 08:00:00+00:00,694.25,695.52,689.8,695.19,32241.068
2025-01-12 16:00:00+00:00,695.19,697.58,690.2,693.34,24147.514
2025-01-13 00:00:00+00:00,693.35,700.0,677.92,682.73,79554.629
2025-01-13 08:00:00+00:00,682.73,682.74,660.0,677.22,218418.947
2025-01-13 16:00:00+00:00,677.23,688.71,666.28,688.64,88656.367
2025-01-14 00:00:00+00:00,688.64,693.0,686.3,689.02,44631.299
2025-01-14 08:00:00+00:00,689.03,698.55,689.02,695.13,70520.348
2025-01-14 16:00:00+00:00,695.13,699.97,693.1,698.89,44571.962
2025-01-15 00:00:00+00:00,698.89,702.84,695.62,699.67,66492.927
2025-01-15 08:00:00+00:00,699.68,707.0,688.45,704.1,118898.172
2025-01-15 16:00:00+00:00,704.1,715.0,699.72,714.59,97327.653
2025-01-16 00:00:00+00:00,714.59,715.37,706.83,711.38,62356.834
2025-01-16 08:00:00+00:00,711.38,717.5,700.5,709.6,136400.12
2025-01-16 16:00:00+00:00,709.61,716.18,707.11,708.1,69347.772
2025-01-17 00:00:00+00:00,708.1,719.01,708.1,714.41,78278.295
2025-01-17 08:00:00+00:00,714.41,728.74,714.4,720.3,131610.849
2025-01-17 16:00:00+00:00,720.29,729.97,718.63,721.76,79862.134
2025-01-18 00:00:00+00:00,721.76,723.32,696.7,700.12,165637.823
2025-01-18 08:00:00+00:00,700.12,707.45,695.0,703.5,112120.981
2025-01-18 16:00:00+00:00,703.49,711.09,695.51,709.52,92721.652
2025-01-19 00:00:00+00:00,709.52,714.6,704.1,705.1,96716.206
2025-01-19 08:00:00+00:00,705.1,705.11,681.33,697.88,339211.1
2025-01-19 16:00:00+00:00,697.88,708.0,676.0,683.19,277057.992
2025-01-20 00:00:00+00:00,683.2,709.38,674.3,698.68,290148.677
2025-01-20 08:00:00+00:00,698.68,701.78,686.0,688.3,178154.692
2025-01-20 16:00:00+00:00,688.31,691.91,671.0,682.51,199933.118
2025-01-21 00:00:00+00:00,682.51,684.83,675.01,682.35,108799.852
2025-01-21 08:00:00+00:00,682.35,692.1,680.57,687.28,107795.172
2025-01-21 16:00:00+00:00,687.27,697.0,686.7,692.21,77608.447
2025-01-22 00:00:00+00:00,692.21,704.13,689.93,697.3,91675.602
2025-01-22 08:00:00+00:00,697.31,700.53,692.17,692.9,74773.24
2025-01-22 16:00:00+00:00,692.91,700.0,689.99,695.52,51961.391
2025-01-23 00:00:00+00:00,695.52,697.65,683.08,687.4,71234.148
2025-01-23 08:00:00+00:00,687.4,691.94,681.0,688.29,136414.086
2025-01-23 16:00:00+00:00,688.3,692.84,680.26,689.74,123543.222
2025-01-24 00:00:00+00:00,689.73,691.31,678.87,686.58,140627.279
2025-01-24 08:00:00+00:00,686.59,690.4,682.9,685.34,78434.401
2025-01-24 16:00:00+00:00,685.34,687.64,678.75,680.45,61522.625
2025-01-25 00:00:00+00:00,680.45,684.75,677.68,681.82,53757.298
2025-01-25 08:00:00+00:00,681.82,688.5,681.05,687.3,46067.156
2025-01-25 16:00:00+00:00,687.31,689.56,685.9,686.4,40378.822
2025-01-26 00:00:00+00:00,686.4,690.82,686.3,689.5,40430.435
2025-01-26 08:00:00+00:00,689.5,689.9,683.49,684.9,57114.633
2025-01-26 16:00:00+00:00,684.91,685.6,664.64,667.37,98342.1
2025-01-27 00:00:00+00:00,667.36,670.2,637.79,647.34,259170.2
2025-01-27 08:00:00+00:00,647.34,667.9,641.2,664.65,134528.526
2025-01-27 16:00:00+00:00,664.66,680.53,657.16,679.74,92969.069
2025-01-28 00:00:00+00:00,679.75,682.88,675.87,677.6,57002.442
2025-01-28 08:00:00+00:00,677.6,677.9,669.07,673.17,70588.659
2025-01-28 16:00:00+00:00,673.18,674.61,659.4,661.29,75000.373
2025-01-29 00:00:00+00:00,661.28,680.01,661.17,674.08,106587.762
2025-01-29 08:00:00+00:00,674.09,675.51,663.16,664.48,62701.036
2025-01-29 16:00:00+00:00,664.48,674.47,659.37,667.97,86247.34
2025-01-30 00:00:00+00:00,667.97,679.5,666.0,676.9,59753.19
2025-01-30 08:00:00+00:00,676.9,682.99,675.93,680.38,56207.519
2025-01-30 16:00:00+00:00,680.39,681.88,677.24,677.53,29458.712
2025-01-31 00:00:00+00:00,677.53,680.64,673.5,677.43,33375.113
2025-01-31 08:00:00+00:00,677.43,689.0,676.44,688.96,81596.406
2025-01-31 16:00:00+00:00,688.96,689.44,674.0,677.47,75736.342
2025-02-01 00:00:00+00:00,677.48,681.56,673.69,674.11,43671.393
2025-02-01 08:00:00+00:00,674.12,674.7,666.28,668.13,55379.593
2025-02-01 16:00:00+00:00,668.14,669.38,650.73,652.94,78320.386
2025-02-02 00:00:00+00:00,652.94,663.22,649.1,653.39,83574.15
2025-02-02 08:00:00+00:00,653.39,658.32,641.75,645.62,78829.919
2025-02-02 16:00:00+00:00,645.63,645.69,600.0,617.8,344324.534
2025-02-03 00:00:00+00:00,617.8,618.9,500.0,578.02,874515.118
2025-02-03 08:00:00+00:00,578.03,593.5,557.91,588.56,289146.075
2025-02-03 16:00:00+00:00,588.56,619.19,586.4,617.21,177195.692
2025-02-04 00:00:00+00:00,617.21,619.24,567.92,568.88,215688.966
2025-02-04 08:00:00+00:00,568.89,591.08,564.2,582.37,174388.592
2025-02-04 16:00:00+00:00,582.37,587.8,557.88,572.69,159493.915
2025-02-05 00:00:00+00:00,572.69,580.0,567.44,573.63,64319.84
2025-02-05 08:00:00+00:00,573.62,578.46,568.12,570.14,87457.781
2025-02-05 16:00:00+00:00,570.14,572.28,561.22,569.55,75277.604
2025-02-06 00:00:00+00:00,569.55,581.77,568.87,578.9,46870.514
2025-02-06 08:00:00+00:00,578.9,589.99,569.52,572.27,207542.595
2025-02-06 16:00:00+00:00,572.28,582.08,570.78,571.72,79929.844
2025-02-07 00:00:00+00:00,571.71,583.2,571.24,581.65,56421.009
2025-02-07 08:00:00+00:00,581.64,589.9,579.8,582.85,100142.333
2025-02-07 16:00:00+00:00,582.84,586.56,570.58,577.71,66110.538
2025-02-08 00:00:00+00:00,577.7,581.04,573.62,579.88,46903.96
2025-02-08 08:00:00+00:00,579.88,607.27,577.45,596.76,177732.818
2025-02-08 16:00:00+00:00,596.76,633.73,596.01,612.39,266168.768
2025-02-09 00:00:00+00:00,612.39,638.56,610.35,637.38,220934.254
2025-02-09 08:00:00+00:00,637.38,648.13,618.5,624.44,436960.186
2025-02-09 16:00:00+00:00,624.44,628.33,602.4,615.81,116196.631
2025-02-10 00:00:00+00:00,615.81,622.42,596.24,607.95,156341.024
2025-02-10 08:00:00+00:00,607.93,610.4,601.88,603.3,105396.691
2025-02-10 16:00:00+00:00,603.3,619.0,603.0,618.65,98391.323
2025-02-11 00:00:00+00:00,618.65,644.64,615.08,637.07,188191.494
2025-02-11 08:00:00+00:00,637.07,645.99,628.88,637.71,179360.272
2025-02-11 16:00:00+00:00,637.71,646.94,625.8,642.11,120987.525
2025-02-12 00:00:00+00:00,642.12,647.4,626.88,637.13,109623.545
2025-02-12 08:00:00+00:00,637.13,663.5,633.25,658.99,278574.533
2025-02-12 16:00:00+00:00,659.0,705.48,655.16,696.93,434018.545
2025-02-13 00:00:00+00:00,696.92,725.0,694.9,705.77,426395.851
2025-02-13 08:00:00+00:00,705.78,732.0,684.01,705.41,810830.042
2025-02-13 16:00:00+00:00,705.4,708.0,658.28,664.72,529695.802
2025-02-14 00:00:00+00:00,664.73,684.86,660.01,668.57,236538.064
2025-02-14 08:00:00+00:00,668.58,679.3,660.09,665.07,238155.993
2025-02-14 16:00:00+00:00,665.07,673.97,652.0,659.71,175766.818
2025-02-15 00:00:00+00:00,659.72,663.99,653.46,657.49,83074.263
2025-02-15 08:00:00+00:00,657.49,666.33,653.55,666.23,100398.501
2025-02-15 16:00:00+00:00,666.22,671.43,657.1,662.21,72478.133
2025-02-16 00:00:00+00:00,662.21,665.7,654.1,654.54,60163.548
2025-02-16 08:00:00+00:00,654.55,686.04,653.11,681.31,211571.782
2025-02-16 16:00:00+00:00,681.31,681.31,670.01,673.1,90470.633
2025-02-17 00:00:00+00:00,673.1,678.33,665.6,670.2,98738.335
2025-02-17 08:00:00+00:00,670.2,682.29,665.91,670.37,140715.058
2025-02-17 16:00:00+00:00,670.38,673.49,657.99,667.51,83896.883
2025-02-18 00:00:00+00:00,667.52,668.3,644.64,651.51,108567.267
2025-02-18 08:00:00+00:00,651.51,663.0,642.81,648.18,125317.583
2025-02-18 16:00:00+00:00,648.18,651.8,629.65,648.18,132472.138
2025-02-19 00:00:00+00:00,648.19,656.99,636.99,654.95,113786.186
2025-02-19 08:00:00+00:00,654.96,664.44,648.72,652.59,154150.486
2025-02-19 16:00:00+00:00,652.59,657.53,648.13,653.38,84861.571
2025-02-20 00:00:00+00:00,653.38,655.29,646.53,648.95,88143.967
2025-02-20 08:00:00+00:00,648.95,654.4,645.88,648.01,66656.987
2025-02-20 16:00:00+00:00,648.02,659.03,647.53,656.36,61093.414
2025-02-21 00:00:00+00:00,656.36,657.57,650.55,655.75,45343.801
2025-02-21 08:00:00+00:00,655.74,668.5,649.12,657.93,150215.278
2025-02-21 16:00:00+00:00,657.93,662.52,635.0,647.47,121768.076
2025-02-22 00:00:00+00:00,647.47,659.97,645.21,654.75,58655.855
2025-02-22 08:00:00+00:00,654.74,659.42,653.16,658.4,42933.046
2025-02-22 16:00:00+00:00,658.41,679.9,657.97,668.57,196334.283
2025-02-23 00:00:00+00:00,668.57,671.1,664.41,666.88,54332.227
2025-02-23 08:00:00+00:00,666.89,667.3,648.49,648.83,74126.91
2025-02-23 16:00:00+00:00,648.83,659.1,648.54,658.42,38198.876
2025-02-24 00:00:00+00:00,658.41,659.56,637.05,644.47,88130.484
2025-02-24 08:00:00+00:00,644.47,645.0,630.1,635.24,116501.588
2025-02-24 16:00:00+00:00,635.25,639.75,610.6,614.2,155515.081
2025-02-25 00:00:00+00:00,614.19,621.45,586.0,599.41,288150.407
2025-02-25 08:00:00+00:00,599.41,616.8,594.42,609.15,250141.992
2025-02-25 16:00:00+00:00,609.16,628.7,604.7,623.49,109142.213
2025-02-26 00:00:00+00:00,623.49,632.14,621.01,623.7,88446.682
2025-02-26 08:00:00+00:00,623.7,631.0,609.09,623.67,124791.934
2025-02-26 16:00:00+00:00,623.68,625.04,594.07,611.57,214796.815
2025-02-27 00:00:00+00:00,611.57,619.77,606.04,617.77,114155.67
2025-02-27 08:00:00+00:00,617.77,618.4,600.9,606.59,99730.013
2025-02-27 16:00:00+00:00,606.6,609.72,595.84,605.41,81632.433
2025-02-28 00:00:00+00:00,605.41,606.33,564.2,567.18,337703.24
2025-02-28 08:00:00+00:00,567.19,593.76,559.71,588.48,184761.113
2025-02-28 16:00:00+00:00,588.48,592.94,583.8,588.07,78534.966
2025-03-01 00:00:00+00:00,588.07,598.88,586.4,595.82,114492.338
2025-03-01 08:00:00+00:00,595.82,605.2,591.07,604.61,118193.268
2025-03-01 16:00:00+00:00,604.6,609.48,602.91,607.93,59568.75
2025-03-02 00:00:00+00:00,607.94,611.8,605.76,610.43,40886.699
2025-03-02 08:00:00+00:00,610.44,618.9,601.5,613.55,103650.294
2025-03-02 16:00:00+00:00,613.55,635.01,612.35,623.94,324532.237
2025-03-03 00:00:00+00:00,623.94,624.36,597.73,607.75,168296.095
2025-03-03 08:00:00+00:00,607.75,607.92,585.31,591.83,149293.193
2025-03-03 16:00:00+00:00,591.84,597.8,567.5,576.1,180360.591
2025-03-04 00:00:00+00:00,576.09,580.44,546.83,564.91,213457.125
2025-03-04 08:00:00+00:00,564.91,579.61,562.21,570.7,156911.985
2025-03-04 16:00:00+00:00,570.7,588.75,555.01,584.01,118500.741
2025-03-05 00:00:00+00:00,584.01,594.0,580.57,593.31,66026.798
2025-03-05 08:00:00+00:00,593.32,606.06,589.5,591.19,97308.075
2025-03-05 16:00:00+00:00,591.19,599.14,587.62,598.24,42871.115
2025-03-06 00:00:00+00:00,598.25,612.9,596.8,604.68,107857.034
2025-03-06 08:00:00+00:00,604.69,605.8,594.09,600.3,64487.42
2025-03-06 16:00:00+00:00,600.3,601.4,589.2,596.5,51356.936
2025-03-07 00:00:00+00:00,596.49,603.25,577.23,599.4,133666.739
2025-03-07 08:00:00+00:00,599.39,610.2,597.47,604.18,82030.583
2025-03-07 16:00:00+00:00,604.17,606.1,590.15,594.77,73666.611
2025-03-08 00:00:00+00:00,594.77,600.2,590.11,596.8,52550.288
2025-03-08 08:00:00+00:00,596.8,599.54,592.57,599.45,35090.649
2025-03-08 16:00:00+00:00,599.46,602.77,593.08,593.1,29579.694
2025-03-09 00:00:00+00:00,593.1,593.1,583.87,585.95,40813.335
2025-03-09 08:00:00+00:00,585.96,586.4,566.0,566.73,76285.016
2025-03-09 16:00:00+00:00,566.72,570.73,550.2,554.65,129284.553
2025-03-10 00:00:00+00:00,554.65,566.88,550.0,564.61,94965.114
2025-03-10 08:00:00+00:00,564.62,573.4,541.69,550.39,144202.815
2025-03-10 16:00:00+00:00,550.39,551.13,523.01,531.49,170986.691
2025-03-11 00:00:00+00:00,531.49,558.42,507.0,558.18,243009.535
2025-03-11 08:00:00+00:00,558.17,566.0,537.13,548.94,379272.675
2025-03-11 16:00:00+00:00,548.94,560.91,545.3,551.61,69588.311
2025-03-12 00:00:00+00:00,551.61,557.14,544.63,555.81,78864.194
2025-03-12 08:00:00+00:00,555.8,574.59,548.34,552.48,207646.115
2025-03-12 16:00:00+00:00,552.49,574.95,551.5,569.87,80713.902
2025-03-13 00:00:00+00:00,569.87,582.3,567.99,578.29,87037.847
2025-03-13 08:00:00+00:00,578.3,613.71,573.16,581.5,461197.379
2025-03-13 16:00:00+00:00,581.51,583.58,571.13,579.8,99261.802
2025-03-14 00:00:00+00:00,579.8,586.8,576.61,576.62,59225.879
2025-03-14 08:00:00+00:00,576.63,588.87,576.62,584.61,90164.612
2025-03-14 16:00:00+00:00,584.61,589.81,581.76,587.76,63621.591
2025-03-15 00:00:00+00:00,587.76,595.1,587.49,590.73,62737.08
2025-03-15 08:00:00+00:00,590.74,603.51,590.74,603.09,63408.928
2025-03-15 16:00:00+00:00,603.09,619.96,602.02,619.83,128178.001
2025-03-16 00:00:00+00:00,619.82,622.8,604.56,604.96,85844.227
2025-03-16 08:00:00+00:00,604.96,608.0,593.06,600.84,108006.125
2025-03-16 16:00:00+00:00,600.84,607.23,595.46,602.2,61923.964
2025-03-17 00:00:00+00:00,602.21,634.1,602.04,629.83,233619.484
2025-03-17 08:00:00+00:00,629.83,643.72,624.39,629.99,270895.019
2025-03-17 16:00:00+00:00,629.99,632.7,622.27,631.69,87153.681
2025-03-18 00:00:00+00:00,631.68,637.31,620.28,633.12,157783.937
2025-03-18 08:00:00+00:00,633.11,643.33,621.85,627.52,207838.219
2025-03-18 16:00:00+00:00,627.51,635.6,626.64,627.81,77815.677
2025-03-19 00:00:00+00:00,627.81,628.2,612.89,615.6,101473.543
2025-03-19 08:00:00+00:00,615.6,621.78,604.36,609.99,175514.233
2025-03-19 16:00:00+00:00,609.99,622.5,607.65,618.7,123005.869
2025-03-20 00:00:00+00:00,618.71,629.41,617.3,624.2,112171.329
2025-03-20 08:00:00+00:00,624.21,637.75,620.62,624.09,374162.092
2025-03-20 16:00:00+00:00,624.08,632.72,616.55,630.47,92138.704
2025-03-21 00:00:00+00:00,630.47,634.45,626.6,629.38,99426.981
2025-03-21 08:00:00+00:00,629.38,637.8,624.92,634.22,108457.703
2025-03-21 16:00:00+00:00,634.23,637.21,631.5,635.17,54320.885
2025-03-22 00:00:00+00:00,635.16,636.1,627.94,631.14,50194.325
2025-03-22 08:00:00+00:00,631.14,633.07,623.79,625.7,57606.848
2025-03-22 16:00:00+00:00,625.7,629.1,623.94,627.01,32404.91
2025-03-23 00:00:00+00:00,627.01,629.14,621.99,622.88,52827.35
2025-03-23 08:00:00+00:00,622.87,624.73,620.01,621.35,59295.173
2025-03-23 16:00:00+00:00,621.35,624.3,619.5,623.79,43480.055
2025-03-24 00:00:00+00:00,623.8,627.3,618.0,623.06,89911.743
2025-03-24 08:00:00+00:00,623.05,632.35,622.01,631.04,117109.496
2025-03-24 16:00:00+00:00,631.05,639.5,629.9,637.08,100554.752
2025-03-25 00:00:00+00:00,637.08,644.88,632.82,641.51,120470.445
2025-03-25 08:00:00+00:00,641.51,643.6,630.7,633.9,370278.259
2025-03-25 16:00:00+00:00,633.89,633.95,627.05,629.82,63822.853
2025-03-26 00:00:00+00:00,629.82,634.01,627.48,633.46,57042.675
2025-03-26 08:00:00+00:00,633.46,633.81,622.9,624.65,95571.052
2025-03-26 16:00:00+00:00,624.65,625.01,615.3,617.99,69480.108
2025-03-27 00:00:00+00:00,618.0,636.94,617.2,635.3,73529.822
2025-03-27 08:00:00+00:00,635.3,642.5,625.79,637.02,551479.597
2025-03-27 16:00:00+00:00,637.02,641.51,635.29,637.36,118392.428
2025-03-28 00:00:00+00:00,637.36,637.51,627.76,628.54,140226.276
2025-03-28 08:00:00+00:00,628.54,634.0,623.72,625.42,105066.555
2025-03-28 16:00:00+00:00,625.42,626.84,616.0,619.81,72524.329
2025-03-29 00:00:00+00:00,619.81,623.84,603.0,607.8,91188.161
2025-03-29 08:00:00+00:00,607.79,610.84,599.23,604.73,83976.53
2025-03-29 16:00:00+00:00,604.72,607.3,596.97,602.99,79257.57
2025-03-30 00:00:00+00:00,603.0,613.37,600.48,606.63,61310.906
2025-03-30 08:00:00+00:00,606.62,610.38,601.08,602.16,68016.705
2025-03-30 16:00:00+00:00,602.15,606.1,593.58,602.2,66321.794
2025-03-31 00:00:00+00:00,602.2,606.73,594.24,595.99,82733.003
2025-03-31 08:00:00+00:00,595.98,606.7,587.26,604.23,125758.757
2025-03-31 16:00:00+00:00,604.23,608.89,602.68,604.81,46272.509
2025-04-01 00:00:00+00:00,604.81,611.38,604.46,610.39,49110.797
2025-04-01 08:00:00+00:00,610.39,618.54,606.4,615.26,292875.099
2025-04-01 16:00:00+00:00,615.25,615.89,606.71,611.13,223617.173
2025-04-02 00:00:00+00:00,611.12,611.66,596.8,601.04,93851.879
2025-04-02 08:00:00+00:00,601.05,609.99,598.51,604.62,163258.567
2025-04-02 16:00:00+00:00,604.62,614.0,584.85,590.68,142397.511
2025-04-03 00:00:00+00:00,590.67,610.58,588.2,600.01,218303.156
2025-04-03 08:00:00+00:00,600.0,602.2,578.46,586.25,244516.603
2025-04-03 16:00:00+00:00,586.25,593.28,585.79,592.67,45108.755
2025-04-04 00:00:00+00:00,592.68,599.06,589.0,598.3,40912.291
2025-04-04 08:00:00+00:00,598.31,599.85,585.0,593.67,97684.559
2025-04-04 16:00:00+00:00,593.67,600.0,592.0,597.71,38548.555
2025-04-05 00:00:00+00:00,597.71,599.0,593.01,595.65,31165.824
2025-04-05 08:00:00+00:00,595.64,598.52,590.79,591.82,33016.521
2025-04-05 16:00:00+00:00,591.81,594.53,588.71,593.13,21755.734
2025-04-06 00:00:00+00:00,593.13,593.78,590.16,590.31,45651.901
2025-04-06 08:00:00+00:00,590.31,590.7,579.19,581.24,56954.094
2025-04-06 16:00:00+00:00,581.24,581.24,544.17,555.54,229650.27
2025-04-07 00:00:00+00:00,555.55,565.64,520.0,530.1,278906.61
2025-04-07 08:00:00+00:00,530.08,567.6,529.14,552.01,377826.665
2025-04-07 16:00:00+00:00,552.0,559.88,546.45,554.6,70560.585
2025-04-08 00:00:00+00:00,554.6,566.0,553.16,560.25,68770.7
2025-04-08 08:00:00+00:00,560.24,565.87,555.43,559.79,64837.146
2025-04-08 16:00:00+00:00,559.79,561.84,547.64,553.72,78584.014
2025-04-09 00:00:00+00:00,553.72,557.8,534.3,556.62,126290.458
2025-04-09 08:00:00+00:00,556.61,563.62,548.9,561.25,87285.207
2025-04-09 16:00:00+00:00,561.25,585.97,560.85,582.32,164794.462
2025-04-10 00:00:00+00:00,582.32,582.51,572.08,579.47,64947.882
2025-04-10 08:00:00+00:00,579.47,583.58,566.8,568.06,255209.183
2025-04-10 16:00:00+00:00,568.05,578.56,566.17,578.03,49062.798
2025-04-11 00:00:00+00:00,578.03,582.36,575.7,581.46,59454.078
2025-04-11 08:00:00+00:00,581.46,585.93,579.33,585.28,69690.338
2025-04-11 16:00:00+00:00,585.28,590.36,583.83,585.93,45556.304
2025-04-12 00:00:00+00:00,585.93,590.59,584.0,588.89,44510.607
2025-04-12 08:00:00+00:00,588.88,600.48,588.7,599.22,76468.997
2025-04-12 16:00:00+00:00,599.23,600.03,594.75,597.29,30289.104
2025-04-13 00:00:00+00:00,597.3,598.67,590.9,593.33,34261.297
2025-04-13 08:00:00+00:00,593.34,594.67,583.33,584.22,58973.1
2025-04-13 16:00:00+00:00,584.23,589.27,580.32,584.28,51661.888
2025-04-14 00:00:00+00:00,584.29,592.0,583.8,590.76,62818.959
2025-04-14 08:00:00+00:00,590.76,593.1,585.45,585.66,55541.499
2025-04-14 16:00:00+00:00,585.66,587.88,583.14,584.54,35467.337
2025-04-15 00:00:00+00:00,584.53,590.17,582.7,589.57,48511.932
2025-04-15 08:00:00+00:00,589.58,590.84,584.0,584.53,59507.331
2025-04-15 16:00:00+00:00,584.54,585.48,579.38,579.52,33621.316
2025-04-16 00:00:00+00:00,579.52,584.3,576.0,578.25,59905.67
2025-04-16 08:00:00+00:00,578.24,585.4,576.72,583.44,63078.03
2025-04-16 16:00:00+00:00,583.44,587.0,576.5,582.8,51554.248
2025-04-17 00:00:00+00:00,582.8,584.78,581.0,583.44,29314.241
2025-04-17 08:00:00+00:00,583.45,590.32,581.86,589.75,77540.238
2025-04-17 16:00:00+00:00,589.74,592.97,588.69,590.49,44993.78
2025-04-18 00:00:00+00:00,590.5,590.88,587.08,588.63,46566.965
2025-04-18 08:00:00+00:00,588.63,594.38,587.71,593.73,99096.881
2025-04-18 16:00:00+00:00,593.72,596.08,591.61,591.71,45911.902
2025-04-19 00:00:00+00:00,591.7,594.49,591.31,593.13,26127.866
2025-04-19 08:00:00+00:00,593.12,593.54,588.13,589.41,40094.138
2025-04-19 16:00:00+00:00,589.4,593.63,587.7,591.73,30386.999
2025-04-20 00:00:00+00:00,591.74,595.0,591.73,593.98,43020.463
2025-04-20 08:00:00+00:00,593.98,595.23,587.82,588.2,50031.639
2025-04-20 16:00:00+00:00,588.2,593.32,587.5,592.77,22291.496
2025-04-21 00:00:00+00:00,592.77,608.52,592.53,604.46,78661.529
2025-04-21 08:00:00+00:00,604.46,606.38,600.22,604.03,51278.293
2025-04-21 16:00:00+00:00,604.03,604.6,594.5,597.34,41986.6
2025-04-22 00:00:00+00:00,597.32,605.15,595.0,604.31,61006.715
2025-04-22 08:00:00+00:00,604.32,612.21,604.32,609.79,158433.136
2025-04-22 16:00:00+00:00,609.78,619.9,606.51,618.51,66028.313
2025-04-23 00:00:00+00:00,618.5,619.99,611.95,617.69,98844.481
2025-04-23 08:00:00+00:00,617.68,617.69,602.65,606.62,149257.039
2025-04-23 16:00:00+00:00,606.62,608.66,601.38,605.71,66023.928
2025-04-24 00:00:00+00:00,605.72,606.78,601.69,602.88,57709.34
2025-04-24 08:00:00+00:00,602.88,604.82,592.59,598.46,100733.867
2025-04-24 16:00:00+00:00,598.47,602.57,595.48,601.55,45771.073
2025-04-25 00:00:00+00:00,601.56,609.85,597.2,606.43,79667.259
2025-04-25 08:00:00+00:00,606.42,610.35,601.6,605.53,127410.21
2025-04-25 16:00:00+00:00,605.53,606.72,598.01,599.91,50349.085
2025-04-26 00:00:00+00:00,599.9,606.9,599.34,602.32,48588.316
2025-04-26 08:00:00+00:00,602.33,608.96,600.74,607.95,58314.726
2025-04-26 16:00:00+00:00,607.96,609.25,606.37,607.23,30630.1
2025-04-27 00:00:00+00:00,607.23,608.68,597.0,599.96,51410.136
2025-04-27 08:00:00+00:00,599.97,601.4,597.18,599.6,35003.222
2025-04-27 16:00:00+00:00,599.59,607.06,597.59,603.46,35371.118
2025-04-28 00:00:00+00:00,603.46,607.0,598.2,605.27,45062.583
2025-04-28 08:00:00+00:00,605.28,608.27,598.81,600.91,62450.339
2025-04-28 16:00:00+00:00,600.91,606.54,598.66,606.16,36265.086
2025-04-29 00:00:00+00:00,606.16,610.75,603.43,609.74,56884.949
2025-04-29 08:00:00+00:00,609.74,610.37,600.87,601.61,106642.516
2025-04-29 16:00:00+00:00,601.6,604.37,598.1,601.0,73282.532
2025-04-30 00:00:00+00:00,601.0,604.44,600.0,603.29,57325.167
2025-04-30 08:00:00+00:00,603.29,603.3,591.42,597.09,114101.83
2025-04-30 16:00:00+00:00,597.08,600.34,594.52,599.88,39153.667
2025-05-01 00:00:00+00:00,599.88,602.5,598.7,599.72,45494.564
2025-05-01 08:00:00+00:00,599.72,605.28,599.71,602.66,70643.071
2025-05-01 16:00:00+00:00,602.67,603.88,598.14,599.63,40091.594
2025-05-02 00:00:00+00:00,599.64,603.61,595.12,595.69,51873.875
2025-05-02 08:00:00+00:00,595.69,600.82,595.5,599.75,52611.575
2025-05-02 16:00:00+00:00,599.75,601.89,598.28,600.69,36859.415
2025-05-03 00:00:00+00:00,600.69,601.2,597.39,597.47,30116.068
2025-05-03 08:00:00+00:00,597.48,599.12,595.23,598.7,30281.967
2025-05-03 16:00:00+00:00,598.69,600.0,596.45,599.36,40372.259
2025-05-04 00:00:00+00:00,599.36,600.49,596.53,597.09,42635.734
2025-05-04 08:00:00+00:00,597.09,597.1,588.14,589.34,53606.623
2025-05-04 16:00:00+00:00,589.33,590.02,584.7,586.03,47718.478
2025-05-05 00:00:00+00:00,586.02,592.0,583.55,591.84,57013.243
2025-05-05 08:00:00+00:00,591.84,597.0,590.53,597.0,96720.716
2025-05-05 16:00:00+00:00,596.99,599.98,596.68,597.61,47366.63
2025-05-06 00:00:00+00:00,597.61,600.41,596.36,599.04,60854.596
2025-05-06 08:00:00+00:00,599.03,599.04,593.23,598.54,96144.669
2025-05-06 16:00:00+00:00,598.54,603.18,596.69,602.57,57613.842
2025-05-07 00:00:00+00:00,602.57,607.0,601.44,606.6,67075.505
2025-05-07 08:00:00+00:00,606.59,609.07,600.51,600.82,78435.353
2025-05-07 16:00:00+00:00,600.81,603.98,597.89,602.7,48577.733
2025-05-08 00:00:00+00:00,602.7,614.5,600.8,612.75,117617.319
2025-05-08 08:00:00+00:00,612.74,623.49,612.69,621.01,144520.337
2025-05-08 16:00:00+00:00,621.0,629.33,614.84,629.17,122129.869
2025-05-09 00:00:00+00:00,629.17,635.87,623.12,631.53,123425.714
2025-05-09 08:00:00+00:00,631.53,643.94,628.83,635.9,212819.46
2025-05-09 16:00:00+00:00,635.89,671.15,631.15,666.29,144489.695
2025-05-10 00:00:00+00:00,666.29,678.95,655.0,661.86,226913.897
2025-05-10 08:00:00+00:00,661.87,663.5,648.83,651.44,117456.617
2025-05-10 16:00:00+00:00,651.45,664.0,649.5,663.9,100224.916
2025-05-11 00:00:00+00:00,663.9,668.49,654.42,655.54,173963.403
2025-05-11 08:00:00+00:00,655.54,659.83,649.6,651.41,100776.388
2025-05-11 16:00:00+00:00,651.41,655.16,647.83,651.15,45259.168
2025-05-12 00:00:00+00:00,651.15,668.17,647.31,661.29,120323.032
2025-05-12 08:00:00+00:00,661.3,693.0,657.67,663.68,347139.68
2025-05-12 16:00:00+00:00,663.69,671.0,649.55,660.07,118924.233
2025-05-13 00:00:00+00:00,660.08,660.13,640.66,649.48,127633.874
2025-05-13 08:00:00+00:00,649.48,659.01,648.0,655.54,156240.983
2025-05-13 16:00:00+00:00,655.54,672.0,655.3,664.13,132434.893
2025-05-14 00:00:00+00:00,664.12,667.33,656.57,658.29,113067.275
2025-05-14 08:00:00+00:00,658.28,661.05,648.3,651.92,136540.464
2025-05-14 16:00:00+00:00,651.93,654.68,647.15,652.47,40422.255
2025-05-15 00:00:00+00:00,652.47,654.97,642.29,644.53,102398.463
2025-05-15 08:00:00+00:00,644.54,656.13,643.21,655.4,128210.276
2025-05-15 16:00:00+00:00,655.39,661.0,645.75,651.88,82952.074
2025-05-16 00:00:00+00:00,651.88,659.97,646.7,655.48,81602.427
2025-05-16 08:00:00+00:00,655.49,657.39,650.11,651.99,74531.797
2025-05-16 16:00:00+00:00,652.0,654.51,644.0,646.76,44659.383
2025-05-17 00:00:00+00:00,646.76,646.9,635.05,643.05,70046.94
2025-05-17 08:00:00+00:00,643.04,644.22,636.61,640.56,41718.912
2025-05-17 16:00:00+00:00,640.57,642.74,636.01,639.51,30011.859
2025-05-18 00:00:00+00:00,639.5,646.33,639.0,645.59,33596.078
2025-05-18 08:00:00+00:00,645.59,655.19,643.9,653.98,59075.986
2025-05-18 16:00:00+00:00,653.98,655.06,634.39,651.53,96803.232
2025-05-19 00:00:00+00:00,651.54,653.53,633.51,638.62,86519.42
2025-05-19 08:00:00+00:00,638.61,647.5,635.93,645.2,66212.313
2025-05-19 16:00:00+00:00,645.21,652.01,644.4,649.62,58169.787
2025-05-20 00:00:00+00:00,649.62,653.75,646.35,647.34,55749.844
2025-05-20 08:00:00+00:00,647.33,648.43,640.14,644.8,64016.067
2025-05-20 16:00:00+00:00,644.8,652.67,642.88,650.0,49818.38
2025-05-21 00:00:00+00:00,650.0,669.0,648.49,652.89,123703.109
2025-05-21 08:00:00+00:00,652.9,665.33,650.03,663.62,135260.26
2025-05-21 16:00:00+00:00,663.62,678.0,660.32,673.31,211568.526
2025-05-22 00:00:00+00:00,673.31,690.02,673.0,682.64,183843.044
2025-05-22 08:00:00+00:00,682.63,688.0,681.23,681.94,134276.8
2025-05-22 16:00:00+00:00,681.94,687.18,679.2,686.57,71888.152
2025-05-23 00:00:00+00:00,686.57,691.35,682.03,682.29,85541.109
2025-05-23 08:00:00+00:00,682.29,687.24,652.19,670.56,190831.256
2025-05-23 16:00:00+00:00,670.56,671.07,654.0,656.98,67296.342
2025-05-24 00:00:00+00:00,656.99,671.62,655.4,668.17,67825.323
2025-05-24 08:00:00+00:00,668.16,677.47,668.15,674.09,62822.968
2025-05-24 16:00:00+00:00,674.09,676.8,666.17,668.01,34493.748
2025-05-25 00:00:00+00:00,668.0,668.36,660.07,661.96,48013.347
2025-05-25 08:00:00+00:00,661.96,668.13,657.1,663.2,80543.446
2025-05-25 16:00:00+00:00,663.21,671.67,661.81,669.44,40651.529
2025-05-26 00:00:00+00:00,669.45,677.47,668.22,674.74,60974.13
2025-05-26 08:00:00+00:00,674.74,676.38,671.11,675.41,82370.608
2025-05-26 16:00:00+00:00,675.41,678.33,670.99,674.29,36803.514
2025-05-27 00:00:00+00:00,674.3,681.56,666.56,681.01,86999.974
2025-05-27 08:00:00+00:00,681.01,697.73,679.64,691.02,174316.886
2025-05-27 16:00:00+00:00,691.02,694.52,685.92,686.91,64846.631
2025-05-28 00:00:00+00:00,686.9,687.15,680.04,681.97,62576.542
2025-05-28 08:00:00+00:00,681.97,689.22,681.01,681.88,98815.842
2025-05-28 16:00:00+00:00,681.88,688.91,681.88,686.89,50483.359
2025-05-29 00:00:00+00:00,686.89,691.24,680.31,685.29,83274.818
2025-05-29 08:00:00+00:00,685.3,690.06,679.11,681.19,92335.457
2025-05-29 16:00:00+00:00,681.19,682.84,673.33,675.02,85374.861
2025-05-30 00:00:00+00:00,675.02,678.5,665.7,667.27,93170.372
2025-05-30 08:00:00+00:00,667.27,672.37,665.95,668.54,59551.264
2025-05-30 16:00:00+00:00,668.53,669.54,653.22,655.36,66001.873
2025-05-31 00:00:00+00:00,655.36,656.04,645.04,653.85,86494.731
2025-05-31 08:00:00+00:00,653.84,659.53,652.1,656.34,48676.681
2025-05-31 16:00:00+00:00,656.35,661.42,655.63,658.01,23207.978
2025-06-01 00:00:00+00:00,658.01,658.08,652.4,653.61,38300.445
2025-06-01 08:00:00+00:00,653.61,654.78,647.58,654.72,55358.368
2025-06-01 16:00:00+00:00,654.72,662.48,650.8,660.77,38148.635
2025-06-02 00:00:00+00:00,660.77,664.24,655.18,658.16,43541.601
2025-06-02 08:00:00+00:00,658.16,658.57,650.05,657.23,57318.894
2025-06-02 16:00:00+00:00,657.23,667.0,655.7,665.93,42925.11
2025-06-03 00:00:00+00:00,665.93,673.43,665.1,665.1,60999.165
2025-06-03 08:00:00+00:00,665.11,668.55,662.07,667.19,62687.663
2025-06-03 16:00:00+00:00,667.19,667.89,657.11,661.59,34690.631
2025-06-04 00:00:00+00:00,661.6,671.01,660.84,670.86,46113.538
2025-06-04 08:00:00+00:00,670.86,671.76,665.15,669.47,43136.755
2025-06-04 16:00:00+00:00,669.47,670.1,661.92,663.23,35223.509
2025-06-05 00:00:00+00:00,663.24,668.54,662.94,668.49,34527.598
2025-06-05 08:00:00+00:00,668.5,670.92,656.57,659.3,91409.173
2025-06-05 16:00:00+00:00,659.3,659.3,625.44,633.32,145606.378
2025-06-06 00:00:00+00:00,633.33,642.48,629.38,641.46,73459.259
2025-06-06 08:00:00+00:00,641.46,651.51,640.81,647.61,66936.824
2025-06-06 16:00:00+00:00,647.61,648.66,641.21,642.7,29139.874
2025-06-07 00:00:00+00:00,642.71,649.99,639.69,648.62,34399.825
2025-06-07 08:00:00+00:00,648.61,651.41,646.46,650.7,32116.877
2025-06-07 16:00:00+00:00,650.7,653.81,649.23,650.82,24149.668
2025-06-08 00:00:00+00:00,650.82,650.84,648.6,649.27,20368.597
2025-06-08 08:00:00+00:00,649.27,652.08,646.49,651.83,31121.841
2025-06-08 16:00:00+00:00,651.84,656.39,651.55,652.0,20809.876
2025-06-09 00:00:00+00:00,652.0,653.5,648.01,649.4,25554.66
2025-06-09 08:00:00+00:00,649.4,657.3,648.29,656.58,47566.715
2025-06-09 16:00:00+00:00,656.58,667.74,656.57,665.58,54150.783
2025-06-10 00:00:00+00:00,665.58,667.97,660.18,660.71,42079.385
2025-06-10 08:00:00+00:00,660.71,667.71,657.26,661.3,79692.228
2025-06-10 16:00:00+00:00,661.29,674.0,661.2,673.51,54873.443
2025-06-11 00:00:00+00:00,673.51,674.8,668.3,670.39,50492.103
2025-06-11 08:00:00+00:00,670.39,672.79,665.9,669.66,83659.851
2025-06-11 16:00:00+00:00,669.66,669.94,662.2,667.43,43782.131
2025-06-12 00:00:00+00:00,667.42,669.93,663.76,667.05,39151.654
2025-06-12 08:00:00+00:00,667.04,668.76,659.92,660.21,60547.246
2025-06-12 16:00:00+00:00,660.2,667.0,651.91,654.75,53095.075
2025-06-13 00:00:00+00:00,654.76,655.13,639.01,655.01,121047.181
2025-06-13 08:00:00+00:00,655.01,659.42,649.38,653.5,78865.04
2025-06-13 16:00:00+00:00,653.49,655.47,649.59,655.35,23391.696
2025-06-14 00:00:00+00:00,655.35,655.36,650.1,651.84,22325.671
2025-06-14 08:00:00+00:00,651.84,651.84,644.31,645.43,32812.501
2025-06-14 16:00:00+00:00,645.42,646.41,639.0,645.61,38551.971
2025-06-15 00:00:00+00:00,645.61,652.0,645.04,649.02,25494.584
2025-06-15 08:00:00+00:00,649.02,650.99,645.9,647.69,31536.187
2025-06-15 16:00:00+00:00,647.69,649.1,642.77,648.19,22293.875
2025-06-16 00:00:00+00:00,648.19,656.6,646.26,655.83,41171.672
2025-06-16 08:00:00+00:00,655.83,659.46,652.92,657.47,41454.134
2025-06-16 16:00:00+00:00,657.47,659.28,650.01,650.74,41577.981
2025-06-17 00:00:00+00:00,650.74,659.0,647.3,657.84,48316.634
2025-06-17 08:00:00+00:00,657.84,658.97,645.08,646.28,94322.314
2025-06-17 16:00:00+00:00,646.28,649.9,640.11,648.08,40343.315
2025-06-18 00:00:00+00:00,648.09,654.31,647.98,651.45,33885.516
2025-06-18 08:00:00+00:00,651.45,652.4,637.35,642.32,68438.336
2025-06-18 16:00:00+00:00,642.32,645.48,637.72,644.77,41401.822
2025-06-19 00:00:00+00:00,644.77,646.5,641.35,644.55,29070.914
2025-06-19 08:00:00+00:00,644.54,645.84,639.41,639.66,31468.686
2025-06-19 16:00:00+00:00,639.67,645.0,638.66,644.65,19865.385
2025-06-20 00:00:00+00:00,644.65,647.85,641.64,647.82,31058.998
2025-06-20 08:00:00+00:00,647.83,651.02,642.93,645.46,60316.354
2025-06-20 16:00:00+00:00,645.45,645.59,638.0,641.61,51904.27
2025-06-21 00:00:00+00:00,641.61,644.84,639.27,641.38,26113.773
2025-06-21 08:00:00+00:00,641.38,643.01,634.58,636.85,41073.737
2025-06-21 16:00:00+00:00,636.85,637.23,621.94,628.97,76320.606
2025-06-22 00:00:00+00:00,628.98,635.51,627.0,632.61,46117.142
2025-06-22 08:00:00+00:00,632.62,633.0,606.69,607.62,137132.499
2025-06-22 16:00:00+00:00,607.62,616.8,601.25,615.81,60265.392
2025-06-23 00:00:00+00:00,615.81,624.62,615.05,623.86,43448.141
2025-06-23 08:00:00+00:00,623.87,627.89,616.0,622.99,64262.228
2025-06-23 16:00:00+00:00,622.99,642.79,617.02,640.49,111963.96
2025-06-24 00:00:00+00:00,640.5,642.71,636.67,639.15,50351.764
2025-06-24 08:00:00+00:00,639.15,641.84,636.17,639.58,54106.19
2025-06-24 16:00:00+00:00,639.58,644.09,639.57,643.53,27149.277
2025-06-25 00:00:00+00:00,643.53,652.64,641.85,645.15,83979.612
2025-06-25 08:00:00+00:00,645.15,648.53,641.99,642.49,62026.192
2025-06-25 16:00:00+00:00,642.49,648.39,642.01,646.07,23427.35
2025-06-26 00:00:00+00:00,646.06,650.0,644.55,647.53,33875.049
2025-06-26 08:00:00+00:00,647.52,648.55,641.12,645.0,43983.207
2025-06-26 16:00:00+00:00,645.0,647.58,641.35,642.3,25199.03
2025-06-27 00:00:00+00:00,642.3,646.87,639.16,643.69,27763.314
2025-06-27 08:00:00+00:00,643.7,648.0,643.21,646.61,33539.931
2025-06-27 16:00:00+00:00,646.61,648.44,642.47,645.71,19999.71
2025-06-28 00:00:00+00:00,645.72,647.05,644.25,647.01,18519.919
2025-06-28 08:00:00+00:00,647.01,647.04,645.2,646.62,19749.338
2025-06-28 16:00:00+00:00,646.62,649.18,645.5,648.6,19445.708
2025-06-29 00:00:00+00:00,648.61,650.32,646.94,649.29,18517.961
2025-06-29 08:00:00+00:00,649.3,651.86,648.4,649.0,28575.602
2025-06-29 16:00:00+00:00,649.0,656.0,646.72,654.9,26142.233
2025-06-30 00:00:00+00:00,654.9,657.12,652.48,654.6,30913.19
2025-06-30 08:00:00+00:00,654.6,656.79,651.17,656.52,50652.807
2025-06-30 16:00:00+00:00,656.52,660.0,655.24,656.9,29136.199
2025-07-01 00:00:00+00:00,656.9,659.1,651.5,653.92,30031.655
2025-07-01 08:00:00+00:00,653.93,653.93,645.64,645.98,36770.394
2025-07-01 16:00:00+00:00,645.98,647.4,644.0,646.33,19001.006
2025-07-02 00:00:00+00:00,646.34,657.44,643.71,657.33,30803.657
2025-07-02 08:00:00+00:00,657.33,661.99,655.29,661.64,38324.332
2025-07-02 16:00:00+00:00,661.65,664.85,659.2,659.71,43679.966
2025-07-03 00:00:00+00:00,659.7,663.0,658.06,662.77,28691.393
2025-07-03 08:00:00+00:00,662.77,664.5,656.7,657.07,46984.393
2025-07-03 16:00:00+00:00,657.07,664.57,657.06,663.59,23325.65
2025-07-04 00:00:00+00:00,663.58,664.17,655.92,655.93,30859.873
2025-07-04 08:00:00+00:00,655.93,660.1,652.09,652.78,36726.454
2025-07-04 16:00:00+00:00,652.79,654.11,650.21,653.6,21441.085
2025-07-05 00:00:00+00:00,653.6,656.75,652.8,654.46,20030.496
2025-07-05 08:00:00+00:00,654.47,655.9,653.88,654.36,16518.302
2025-07-05 16:00:00+00:00,654.36,656.4,652.0,656.16,15099.491
2025-07-06 00:00:00+00:00,656.17,656.8,653.61,654.76,12364.533
2025-07-06 08:00:00+00:00,654.76,663.5,653.54,662.85,36545.784
2025-07-06 16:00:00+00:00,662.86,664.99,660.92,663.13,33488.802
2025-07-07 00:00:00+00:00,663.13,663.23,660.38,662.78,20951.764
2025-07-07 08:00:00+00:00,662.79,663.5,658.87,659.02,35783.352
2025-07-07 16:00:00+00:00,659.02,661.87,656.77,661.06,26497.868
2025-07-08 00:00:00+00:00,661.06,662.6,657.5,659.81,27558.014
2025-07-08 08:00:00+00:00,659.8,661.83,657.64,658.18,37948.224
2025-07-08 16:00:00+00:00,658.17,662.0,657.36,660.63,20867.804
2025-07-09 00:00:00+00:00,660.63,664.55,660.06,662.61,24767.745
2025-07-09 08:00:00+00:00,662.6,663.46,659.05,662.46,40256.175
2025-07-09 16:00:00+00:00,662.46,671.5,662.0,668.68,58527.675
2025-07-10 00:00:00+00:00,668.69,673.21,668.15,671.66,42281.36
2025-07-10 08:00:00+00:00,671.65,674.0,667.25,668.17,56489.622
2025-07-10 16:00:00+00:00,668.16,687.7,667.85,685.8,116196.554
2025-07-11 00:00:00+00:00,685.8,695.0,683.81,684.89,109665.584
2025-07-11 08:00:00+00:00,684.89,694.26,684.57,687.26,87931.439
2025-07-11 16:00:00+00:00,687.26,697.24,682.83,689.99,70756.881
2025-07-12 00:00:00+00:00,689.98,697.0,688.06,694.22,50091.197
2025-07-12 08:00:00+00:00,694.22,694.45,679.63,681.19,61751.566
2025-07-12 16:00:00+00:00,681.2,686.61,680.0,685.86,22942.422
2025-07-13 00:00:00+00:00,685.86,690.1,685.12,690.1,20338.968
2025-07-13 08:00:00+00:00,690.1,694.12,688.07,691.21,38569.515
2025-07-13 16:00:00+00:00,691.21,693.5,688.1,692.0,26017.24
2025-07-14 00:00:00+00:00,692.01,707.54,689.79,706.42,129345.478
2025-07-14 08:00:00+00:00,706.43,706.7,690.3,692.57,86509.953
2025-07-14 16:00:00+00:00,692.57,694.35,686.05,689.12,37779.565
2025-07-15 00:00:00+00:00,689.13,691.1,675.3,679.2,77690.723
2025-07-15 08:00:00+00:00,679.2,687.75,676.37,683.1,64604.567
2025-07-15 16:00:00+00:00,683.1,693.21,682.74,689.92,46667.201
2025-07-16 00:00:00+00:00,689.93,693.84,685.2,692.08,38791.171
2025-07-16 08:00:00+00:00,692.09,706.34,690.79,700.2,91544.176
2025-07-16 16:00:00+00:00,700.21,715.56,698.81,708.61,107999.591
2025-07-17 00:00:00+00:00,708.61,723.47,706.14,720.9,172304.091
2025-07-17 08:00:00+00:00,720.91,727.85,711.96,721.36,146423.179
2025-07-17 16:00:00+00:00,721.37,725.49,709.98,720.65,90845.405
2025-07-18 00:00:00+00:00,720.64,748.4,719.83,740.28,179341.808
2025-07-18 08:00:00+00:00,740.28,765.56,731.32,737.81,246395.103
2025-07-18 16:00:00+00:00,737.81,748.28,718.73,729.92,130693.174
2025-07-19 00:00:00+00:00,729.92,739.3,718.76,732.36,67509.291
2025-07-19 08:00:00+00:00,732.37,742.5,727.3,730.81,84414.447
2025-07-19 16:00:00+00:00,730.81,735.71,725.1,733.2,36172.072
2025-07-20 00:00:00+00:00,733.2,746.15,731.5,744.69,57006.704
2025-07-20 08:00:00+00:00,744.68,751.85,743.55,751.0,90562.54
2025-07-20 16:00:00+00:00,751.01,761.29,744.73,756.82,105685.959
2025-07-21 00:00:00+00:00,756.82,766.94,746.06,760.39,97268.088
2025-07-21 08:00:00+00:00,760.4,781.99,760.05,774.35,149303.211
2025-07-21 16:00:00+00:00,774.35,775.23,754.72,766.22,91848.653
2025-07-22 00:00:00+00:00,766.22,772.0,745.0,758.14,131879.566
2025-07-22 08:00:00+00:00,758.14,767.25,749.53,763.79,131060.941
2025-07-22 16:00:00+00:00,763.8,788.35,763.56,786.68,96133.549
2025-07-23 00:00:00+00:00,786.69,804.7,785.07,794.42,251348.6786
2025-07-23 08:00:00+00:00,794.42,809.84,775.3,784.43,292041.953
2025-07-23 16:00:00+00:00,784.43,784.56,752.47,776.74,165696.525
2025-07-24 00:00:00+00:00,776.74,786.16,742.62,759.09,164218.847
2025-07-24 08:00:00+00:00,759.09,781.05,755.54,778.21,125775.517
2025-07-24 16:00:00+00:00,778.21,785.79,769.69,770.74,73442.373
2025-07-25 00:00:00+00:00,770.74,771.38,752.22,761.4,116398.622
2025-07-25 08:00:00+00:00,761.4,780.0,760.12,765.63,107959.137
2025-07-25 16:00:00+00:00,765.64,786.0,763.3,785.45,59710.362
2025-07-26 00:00:00+00:00,785.44,785.7,778.28,782.55,36000.81
2025-07-26 08:00:00+00:00,782.55,785.6,779.33,781.32,33414.313
2025-07-26 16:00:00+00:00,781.31,798.0,778.51,793.29,59349.268
2025-07-27 00:00:00+00:00,793.3,799.25,791.04,796.41,60357.935
2025-07-27 08:00:00+00:00,796.41,816.6,792.12,814.98,94004.0569
2025-07-27 16:00:00+00:00,814.98,847.12,812.55,844.0,242934.2636
2025-07-28 00:00:00+00:00,844.0,860.0,839.74,855.77,212564.9022
2025-07-28 08:00:00+00:00,855.77,861.1,830.74,836.18,191737.36
2025-07-28 16:00:00+00:00,836.18,841.1,820.64,824.07,113432.429
2025-07-29 00:00:00+00:00,824.07,835.06,815.0,825.3,132880.025
2025-07-29 08:00:00+00:00,825.29,833.81,801.91,805.28,155801.124
2025-07-29 16:00:00+00:00,805.28,815.8,800.12,805.1,138684.983
2025-07-30 00:00:00+00:00,805.11,811.64,795.81,800.44,84761.284
2025-07-30 08:00:00+00:00,800.45,807.34,779.01,790.8,176572.526
2025-07-30 16:00:00+00:00,790.8,794.75,766.21,793.51,108264.926
2025-07-31 00:00:00+00:00,793.51,805.28,791.14,803.69,67746.791
2025-07-31 08:00:00+00:00,803.69,814.8,787.4,799.79,129474.625
2025-07-31 16:00:00+00:00,799.79,814.0,781.38,783.14,137804.729
2025-08-01 00:00:00+00:00,783.13,795.4,770.16,773.6,143545.356
2025-08-01 08:00:00+00:00,773.59,775.98,756.0,763.96,152631.783
2025-08-01 16:00:00+00:00,763.95,767.9,744.69,757.08,97654.419
2025-08-02 00:00:00+00:00,757.08,770.11,750.0,758.93,75667.294
2025-08-02 08:00:00+00:00,758.93,759.34,741.3,743.22,50994.344
2025-08-02 16:00:00+00:00,743.21,750.04,732.36,736.42,82621.354
2025-08-03 00:00:00+00:00,736.43,749.09,730.01,748.06,53392.22
2025-08-03 08:00:00+00:00,748.07,753.71,745.57,748.62,49040.058
2025-08-03 16:00:00+00:00,748.62,755.53,747.2,751.21,40268.687
2025-08-04 00:00:00+00:00,751.21,759.01,750.47,757.11,44236.497
2025-08-04 08:00:00+00:00,757.11,765.84,754.65,760.44,76743.594
2025-08-04 16:00:00+00:00,760.44,770.0,760.0,768.63,50525.315
2025-08-05 00:00:00+00:00,768.62,769.79,755.15,757.44,44675.12
2025-08-05 08:00:00+00:00,757.43,766.23,746.15,748.96,80275.2
2025-08-05 16:00:00+00:00,748.96,756.27,745.11,755.13,54508.64
2025-08-06 00:00:00+00:00,755.13,763.43,746.26,763.1,49990.253
2025-08-06 08:00:00+00:00,763.1,769.67,757.74,769.22,62734.331
2025-08-06 16:00:00+00:00,769.22,774.84,765.75,769.55,50960.126
2025-08-07 00:00:00+00:00,769.55,774.6,765.0,768.05,52184.194
2025-08-07 08:00:00+00:00,768.05,779.67,764.17,775.66,78851.282
2025-08-07 16:00:00+00:00,775.65,788.68,768.02,788.67,57071.326
2025-08-08 00:00:00+00:00,788.67,793.0,780.74,789.67,77621.812
2025-08-08 08:00:00+00:00,789.66,796.77,781.7,784.96,70189.729
2025-08-08 16:00:00+00:00,784.96,798.5,784.54,793.5,47498.177
2025-08-09 00:00:00+00:00,793.5,810.0,792.81,809.5,66343.271
2025-08-09 08:00:00+00:00,809.51,819.44,804.79,806.47,81775.759
2025-08-09 16:00:00+00:00,806.48,809.15,797.9,798.83,54265.723
2025-08-10 00:00:00+00:00,798.83,815.5,798.25,799.29,72206.091
2025-08-10 08:00:00+00:00,799.3,804.69,793.68,802.09,52652.529
2025-08-10 16:00:00+00:00,802.08,807.33,799.2,807.22,37876.683
2025-08-11 00:00:00+00:00,807.22,827.59,806.12,811.82,123419.032
2025-08-11 08:00:00+00:00,811.81,816.59,792.0,807.43,116200.899
2025-08-11 16:00:00+00:00,807.42,812.41,797.56,805.09,76600.641
2025-08-12 00:00:00+00:00,805.09,815.0,803.22,807.89,53607.821
2025-08-12 08:00:00+00:00,807.9,820.78,797.73,820.68,108892.712
2025-08-12 16:00:00+00:00,820.69,839.9,820.68,832.47,106261.726
2025-08-13 00:00:00+00:00,832.48,854.44,828.23,846.74,165091.717
2025-08-13 08:00:00+00:00,846.73,858.89,838.72,841.44,168989.15
2025-08-13 16:00:00+00:00,841.44,850.0,837.56,848.01,61780.446
2025-08-14 00:00:00+00:00,848.02,865.68,843.57,858.01,174140.9333
2025-08-14 08:00:00+00:00,858.01,869.4,820.6,846.97,304719.306
2025-08-14 16:00:00+00:00,846.97,848.06,824.8,840.42,113796.74
2025-08-15 00:00:00+00:00,840.42,853.53,833.6,848.07,73074.455
2025-08-15 08:00:00+00:00,848.06,852.64,815.52,818.65,117941.141
2025-08-15 16:00:00+00:00,818.65,832.0,812.57,827.81,61075.512
2025-08-16 00:00:00+00:00,827.8,837.0,826.0,835.4,45523.799
2025-08-16 08:00:00+00:00,835.4,836.29,825.06,831.67,46289.122
2025-08-16 16:00:00+00:00,831.68,839.79,831.2,838.71,22699.179
2025-08-17 00:00:00+00:00,838.71,855.68,838.04,854.22,64660.983
2025-08-17 08:00:00+00:00,854.21,864.0,851.65,860.03,61619.791
2025-08-17 16:00:00+00:00,860.03,861.34,848.46,855.38,38673.082
2025-08-18 00:00:00+00:00,855.38,858.51,825.0,830.22,114616.861
2025-08-18 08:00:00+00:00,830.21,842.39,828.5,841.85,83517.199
2025-08-18 16:00:00+00:00,841.84,855.84,838.35,846.99,35607.543
2025-08-19 00:00:00+00:00,847.0,851.95,834.98,838.34,77683.397
2025-08-19 08:00:00+00:00,838.35,848.38,829.55,832.19,77417.619
2025-08-19 16:00:00+00:00,832.2,837.11,823.0,824.11,56701.01
2025-08-20 00:00:00+00:00,824.1,837.32,818.57,834.35,69316.482
2025-08-20 08:00:00+00:00,834.36,837.32,818.88,832.83,112757.166
2025-08-20 16:00:00+00:00,832.84,881.02,832.84,869.05,210086.2135
2025-08-21 00:00:00+00:00,869.05,883.86,858.03,862.48,104181.282
2025-08-21 08:00:00+00:00,862.48,864.34,841.1,841.85,125465.498
2025-08-21 16:00:00+00:00,841.84,844.68,833.46,839.49,48242.896
2025-08-22 00:00:00+00:00,839.49,854.45,839.23,851.02,63228.265
2025-08-22 08:00:00+00:00,851.02,882.0,842.7,876.22,199831.825
2025-08-22 16:00:00+00:00,876.22,900.71,876.22,900.21,167782.4417
2025-08-23 00:00:00+00:00,900.2,900.21,875.71,887.32,85432.617
2025-08-23 08:00:00+00:00,887.33,897.11,884.3,888.64,74730.055
2025-08-23 16:00:00+00:00,888.64,889.77,875.55,880.42,49117.2
2025-08-24 00:00:00+00:00,880.42,886.66,870.24,870.36,79161.077
2025-08-24 08:00:00+00:00,870.36,872.37,860.0,867.43,89278.249
2025-08-24 16:00:00+00:00,867.43,883.46,859.34,876.51,121052.991
2025-08-25 00:00:00+00:00,876.51,880.75,857.0,858.54,95378.47
2025-08-25 08:00:00+00:00,858.53,871.72,850.58,863.52,100875.411
2025-08-25 16:00:00+00:00,863.52,870.25,832.76,839.32,124316.274
2025-08-26 00:00:00+00:00,839.32,849.71,829.59,842.73,88295.518
2025-08-26 08:00:00+00:00,842.72,853.84,839.0,849.67,66912.461
2025-08-26 16:00:00+00:00,849.67,868.0,849.25,863.7,39674.11
2025-08-27 00:00:00+00:00,863.7,866.84,856.4,857.32,39837.774
2025-08-27 08:00:00+00:00,857.33,866.0,852.9,864.83,48540.192
2025-08-27 16:00:00+00:00,864.83,867.1,854.02,855.18,46865.491
2025-08-28 00:00:00+00:00,855.18,872.81,850.85,869.25,68218.125
2025-08-28 08:00:00+00:00,869.25,879.32,865.25,869.67,93891.269
2025-08-28 16:00:00+00:00,869.66,881.36,863.48,873.47,70305.528
2025-08-29 00:00:00+00:00,873.48,878.0,856.0,857.2,58582.368
2025-08-29 08:00:00+00:00,857.19,865.32,850.19,858.32,81472.9
2025-08-29 16:00:00+00:00,858.32,864.0,852.86,862.3,40468.951
2025-08-30 00:00:00+00:00,862.3,862.36,852.27,860.35,39647.448
2025-08-30 08:00:00+00:00,860.36,861.36,851.61,859.2,35889.926
2025-08-30 16:00:00+00:00,859.2,864.0,856.25,862.0,25502.607
2025-08-31 00:00:00+00:00,862.0,864.5,857.91,858.6,32240.508
2025-08-31 08:00:00+00:00,858.6,862.12,857.0,861.91,29205.374
2025-08-31 16:00:00+00:00,861.91,867.7,857.26,857.65,32795.311
2025-09-01 00:00:00+00:00,857.66,867.24,849.37,865.56,82873.511
2025-09-01 08:00:00+00:00,865.57,869.15,844.22,847.2,112280.039
2025-09-01 16:00:00+00:00,847.19,849.44,840.0,845.68,59032.165
2025-09-02 00:00:00+00:00,845.68,855.81,843.29,855.2,47253.288
2025-09-02 08:00:00+00:00,855.2,856.68,840.71,846.84,88197.593
2025-09-02 16:00:00+00:00,846.84,853.96,845.72,851.8,28882.288
2025-09-03 00:00:00+00:00,851.8,854.69,848.91,854.65,27806.325
2025-09-03 08:00:00+00:00,854.64,864.06,852.07,860.31,51979.456
2025-09-03 16:00:00+00:00,860.3,862.36,852.4,854.76,36667.241
2025-09-04 00:00:00+00:00,854.76,856.72,844.36,847.71,39006.108
2025-09-04 08:00:00+00:00,847.7,849.84,842.81,844.26,41141.967
2025-09-04 16:00:00+00:00,844.25,849.73,841.1,843.63,28047.827
2025-09-05 00:00:00+00:00,843.62,851.17,842.22,850.68,29005.682
2025-09-05 08:00:00+00:00,850.67,857.73,844.71,848.81,71041.846
2025-09-05 16:00:00+00:00,848.81,852.53,848.44,850.14,20809.423
2025-09-06 00:00:00+00:00,850.14,859.96,849.55,859.42,47399.762
2025-09-06 08:00:00+00:00,859.42,865.0,856.43,859.51,67597.689
2025-09-06 16:00:00+00:00,859.52,863.29,856.59,860.85,29236.603
2025-09-07 00:00:00+00:00,860.86,868.25,860.55,867.64,42270.543
2025-09-07 08:00:00+00:00,867.64,875.48,867.31,874.68,53093.036
2025-09-07 16:00:00+00:00,874.68,884.05,872.4,880.05,41174.479
2025-09-08 00:00:00+00:00,880.05,885.85,871.66,874.18,75765.493
2025-09-08 08:00:00+00:00,874.19,882.92,870.01,880.18,67296.723
2025-09-08 16:00:00+00:00,880.18,882.56,876.1,878.08,34512.565
2025-09-09 00:00:00+00:00,878.08,884.45,872.0,881.12,51548.836
2025-09-09 08:00:00+00:00,881.13,884.83,871.38,873.35,59869.79
2025-09-09 16:00:00+00:00,873.35,883.53,872.73,880.01,39191.404
2025-09-10 00:00:00+00:00,880.0,885.76,877.04,883.43,49794.938
2025-09-10 08:00:00+00:00,883.43,907.38,881.06,895.5,188849.229
2025-09-10 16:00:00+00:00,895.5,899.55,888.33,893.77,68186.011
2025-09-11 00:00:00+00:00,893.77,898.56,888.38,896.58,48015.224
2025-09-11 08:00:00+00:00,896.57,904.53,891.27,893.31,97500.984
2025-09-11 16:00:00+00:00,893.31,903.67,893.3,902.77,34396.974
2025-09-12 00:00:00+00:00,902.77,909.69,901.41,903.45,69757.259
2025-09-12 08:00:00+00:00,903.45,909.88,902.34,907.01,63925.011
2025-09-12 16:00:00+00:00,907.01,929.9,906.96,924.8,106585.6672
2025-09-13 00:00:00+00:00,924.81,929.33,923.64,925.29,54242.603
2025-09-13 08:00:00+00:00,925.29,943.86,924.27,936.59,126747.6874
2025-09-13 16:00:00+00:00,936.6,937.98,922.11,933.68,70760.942
2025-09-14 00:00:00+00:00,933.68,944.95,927.8,937.47,61793.686
2025-09-14 08:00:00+00:00,937.48,941.39,921.91,924.3,64068.915
2025-09-14 16:00:00+00:00,924.31,934.19,923.1,926.51,33952.374
2025-09-15 00:00:00+00:00,926.51,935.72,922.0,923.43,57768.025
2025-09-15 08:00:00+00:00,923.42,923.42,910.64,916.5,94265.785
2025-09-15 16:00:00+00:00,916.51,922.4,912.73,919.68,23215.277
2025-09-16 00:00:00+00:00,919.68,932.36,916.66,930.89,61264.887
2025-09-16 08:00:00+00:00,930.9,937.89,921.94,937.64,79868.121
2025-09-16 16:00:00+00:00,937.64,959.0,932.49,955.65,143785.8305
2025-09-17 00:00:00+00:00,955.65,963.0,946.69,954.7,103610.1255
2025-09-17 08:00:00+00:00,954.7,957.19,947.11,951.15,65381.99
2025-09-17 16:00:00+00:00,951.14,995.44,946.1,989.98,193201.0803
2025-09-18 00:00:00+00:00,989.97,999.72,982.75,998.22,140386.207
2025-09-18 08:00:00+00:00,998.23,1006.88,990.48,993.45,187436.2977
2025-09-18 16:00:00+00:00,993.44,995.48,979.48,981.04,74850.057
2025-09-19 00:00:00+00:00,981.05,997.7,980.7,994.76,125195.708
2025-09-19 08:00:00+00:00,994.75,1002.99,973.9,982.64,154417.808
2025-09-19 16:00:00+00:00,982.63,985.45,975.0,984.1,53969.245
2025-09-20 00:00:00+00:00,984.1,1001.65,982.9,999.46,74403.227
2025-09-20 08:00:00+00:00,999.48,1028.01,993.79,1021.1,166365.9456
2025-09-20 16:00:00+00:00,1021.09,1048.0,1017.0,1043.77,140196.904
2025-09-21 00:00:00+00:00,1043.77,1083.47,1039.41,1073.73,244230.2043
2025-09-21 08:00:00+00:00,1073.73,1075.25,1044.0,1056.31,132470.095
2025-09-21 16:00:00+00:00,1056.32,1058.0,1039.2,1047.8,87710.983
2025-09-22 00:00:00+00:00,1047.8,1050.55,993.31,1023.76,272368.39
2025-09-22 08:00:00+00:00,1023.75,1035.81,993.9,997.61,183526.014
2025-09-22 16:00:00+00:00,997.61,998.3,976.89,992.9,132835.992
2025-09-23 00:00:00+00:00,992.9,1007.67,962.38,1001.69,165332.226
2025-09-23 08:00:00+00:00,1001.7,1026.47,997.0,1022.67,176131.227
2025-09-23 16:00:00+00:00,1022.68,1027.37,1006.11,1015.98,78607.617
2025-09-24 00:00:00+00:00,1015.98,1026.79,991.46,1018.08,132079.408
2025-09-24 08:00:00+00:00,1018.09,1034.5,1003.35,1009.2,174105.293
2025-09-24 16:00:00+00:00,1009.2,1019.85,1007.93,1018.49,56865.181
2025-09-25 00:00:00+00:00,1018.49,1019.9,985.6,992.0,153101.46
2025-09-25 08:00:00+00:00,991.99,1000.39,980.0,995.3,136784.166
2025-09-25 16:00:00+00:00,995.29,997.26,939.55,945.9,345235.628
2025-09-26 00:00:00+00:00,945.9,959.0,936.0,949.46,135222.227
2025-09-26 08:00:00+00:00,949.46,951.87,932.01,942.42,158389.114
2025-09-26 16:00:00+00:00,942.42,966.23,941.41,960.8,91146.173
2025-09-27 00:00:00+00:00,960.81,974.01,955.56,972.29,82185.992
2025-09-27 08:00:00+00:00,972.28,985.79,964.95,976.23,97611.677
2025-09-27 16:00:00+00:00,976.23,978.0,965.0,968.45,65448.746
2025-09-28 00:00:00+00:00,968.46,975.26,965.38,969.5,57467.162
2025-09-28 08:00:00+00:00,969.49,979.26,962.68,976.0,75976.878
2025-09-28 16:00:00+00:00,976.0,993.65,975.53,993.01,55042.44
2025-09-29 00:00:00+00:00,993.01,1013.73,991.12,1009.87,81159.081
2025-09-29 08:00:00+00:00,1009.86,1023.16,1000.0,1011.08,132040.454
2025-09-29 16:00:00+00:00,1011.07,1036.0,1003.53,1029.79,78782.965
2025-09-30 00:00:00+00:00,1029.79,1034.01,1016.76,1020.13,74292.506
2025-09-30 08:00:00+00:00,1020.12,1021.65,992.93,998.19,134337.1
2025-09-30 16:00:00+00:00,998.2,1010.5,996.78,1008.51,50201.365
2025-10-01 00:00:00+00:00,1008.51,1016.0,1003.35,1010.03,59803.795
2025-10-01 08:00:00+00:00,1010.03,1036.2,1009.5,1019.31,149175.354
2025-10-01 16:00:00+00:00,1019.32,1026.59,1016.49,1026.5,60028.662
2025-10-02 00:00:00+00:00,1026.5,1041.18,1022.01,1036.1,98996.783
2025-10-02 08:00:00+00:00,1036.11,1063.45,1033.61,1055.68,137986.2
2025-10-02 16:00:00+00:00,1055.68,1099.22,1054.96,1090.22,143696.462
2025-10-03 00:00:00+00:00,1090.22,1112.68,1084.02,1086.24,196091.3534
2025-10-03 08:00:00+00:00,1086.25,1168.0,1083.84,1165.3,282995.8063
2025-10-03 16:00:00+00:00,1165.3,1192.42,1120.1,1189.4,265909.5609
2025-10-04 00:00:00+00:00,1189.4,1190.47,1164.0,1166.82,123367.777
2025-10-04 08:00:00+00:00,1166.82,1168.86,1139.77,1144.44,119193.348
2025-10-04 16:00:00+00:00,1144.42,1158.52,1134.93,1150.75,94877.384
2025-10-05 00:00:00+00:00,1150.75,1189.0,1143.14,1178.03,144227.753
2025-10-05 08:00:00+00:00,1178.02,1180.17,1153.84,1158.57,101006.525
2025-10-05 16:00:00+00:00,1158.57,1169.73,1147.84,1167.38,61495.9
2025-10-06 00:00:00+00:00,1167.38,1223.9,1161.85,1198.26,223695.7992
2025-10-06 08:00:00+00:00,1198.26,1239.94,1198.26,1221.5,234518.6679
2025-10-06 16:00:00+00:00,1221.49,1230.44,1213.91,1223.19,129263.093
2025-10-07 00:00:00+00:00,1223.17,1263.99,1204.61,1250.04,244969.1383
2025-10-07 08:00:00+00:00,1250.04,1349.99,1232.72,1280.97,787478.1464
2025-10-07 16:00:00+00:00,1280.96,1328.2,1265.4,1304.43,319231.204
2025-10-08 00:00:00+00:00,1304.43,1334.19,1264.32,1312.47,385413.087
2025-10-08 08:00:00+00:00,1312.47,1327.74,1285.0,1293.96,271279.542
2025-10-08 16:00:00+00:00,1293.96,1324.74,1289.0,1307.4,169862.494
2025-10-09 00:00:00+00:00,1307.4,1320.0,1252.92,1309.9,371894.234
2025-10-09 08:00:00+00:00,1309.89,1310.49,1227.32,1239.64,414890.148
2025-10-09 16:00:00+00:00,1239.65,1260.64,1224.38,1255.35,138843.222
2025-10-10 00:00:00+00:00,1255.35,1278.52,1244.1,1263.75,164598.024
2025-10-10 08:00:00+00:00,1263.76,1274.16,1205.23,1215.49,309162.774
2025-10-10 16:00:00+00:00,1215.49,1247.04,860.11,1102.47,1031264.875
2025-10-11 00:00:00+00:00,1102.57,1143.33,1073.0,1094.02,525570.326
2025-10-11 08:00:00+00:00,1094.03,1158.28,1090.0,1142.71,266632.926
2025-10-11 16:00:00+00:00,1142.71,1182.76,1106.24,1135.07,258701.993
2025-10-12 00:00:00+00:00,1135.07,1170.39,1107.43,1160.83,199440.901
2025-10-12 08:00:00+00:00,1160.82,1307.98,1154.73,1302.29,628208.935
2025-10-12 16:00:00+00:00,1302.29,1319.8,1272.11,1302.65,377598.18
2025-10-13 00:00:00+00:00,1302.65,1353.55,1283.44,1343.95,427235.073
2025-10-13 08:00:00+00:00,1343.95,1375.11,1251.28,1274.15,861693.4889
2025-10-13 16:00:00+00:00,1274.15,1299.0,1261.61,1294.55,194148.41
2025-10-14 00:00:00+00:00,1294.54,1318.26,1179.4,1195.36,435896.578
2025-10-14 08:00:00+00:00,1195.35,1216.47,1143.01,1213.75,600859.527
2025-10-14 16:00:00+00:00,1213.76,1250.65,1191.66,1208.52,361903.677
2025-10-15 00:00:00+00:00,1208.55,1222.76,1176.14,1189.77,214711.069
2025-10-15 08:00:00+00:00,1189.76,1215.24,1164.5,1168.53,295123.833
2025-10-15 16:00:00+00:00,1168.54,1187.88,1148.92,1162.57,197492.845
2025-10-16 00:00:00+00:00,1162.57,1195.0,1158.69,1184.47,182695.072
2025-10-16 08:00:00+00:00,1184.48,1194.21,1132.36,1135.2,289145.424
2025-10-16 16:00:00+00:00,1135.2,1164.62,1122.31,1144.83,244986.001
2025-10-17 00:00:00+00:00,1144.83,1156.3,1059.53,1062.67,307747.415
2025-10-17 08:00:00+00:00,1062.68,1080.0,1021.0,1074.01,591342.962
2025-10-17 16:00:00+00:00,1074.01,1093.0,1063.21,1071.15,167131.394
2025-10-18 00:00:00+00:00,1071.15,1131.05,1069.41,1119.34,185634.505
2025-10-18 08:00:00+00:00,1119.33,1125.5,1082.7,1091.24,153948.805
2025-10-18 16:00:00+00:00,1091.24,1105.38,1081.67,1092.43,80413.207
2025-10-19 00:00:00+00:00,1092.42,1097.5,1077.0,1084.38,73682.436
2025-10-19 08:00:00+00:00,1084.39,1122.98,1068.04,1118.94,248624.494
2025-10-19 16:00:00+00:00,1118.94,1133.76,1107.6,1109.88,87680.642
2025-10-20 00:00:00+00:00,1109.88,1143.2,1088.19,1125.08,181252.327
2025-10-20 08:00:00+00:00,1125.07,1129.88,1099.49,1110.6,178651.504
2025-10-20 16:00:00+00:00,1110.61,1110.61,1088.33,1100.19,121407.224
2025-10-21 00:00:00+00:00,1100.2,1102.16,1062.0,1072.25,149724.348
2025-10-21 08:00:00+00:00,1072.24,1114.53,1065.61,1111.97,203442.156
2025-10-21 16:00:00+00:00,1111.96,1113.27,1052.46,1057.16,188357.997
2025-10-22 00:00:00+00:00,1057.16,1074.79,1053.57,1071.14,103220.313
2025-10-22 08:00:00+00:00,1071.13,1083.8,1058.85,1080.99,190187.019
2025-10-22 16:00:00+00:00,1080.99,1081.69,1053.25,1071.82,103841.73
2025-10-23 00:00:00+00:00,1071.83,1112.12,1071.83,1109.98,148702.412
2025-10-23 08:00:00+00:00,1109.97,1161.9,1076.54,1129.95,468771.965
2025-10-23 16:00:00+00:00,1129.95,1140.5,1107.37,1126.72,157472.341
2025-10-24 00:00:00+00:00,1126.71,1144.17,1121.8,1125.25,129327.072
2025-10-24 08:00:00+00:00,1125.24,1137.78,1103.04,1104.42,146745.601
2025-10-24 16:00:00+00:00,1104.41,1114.4,1097.39,1109.01,66639.969
2025-10-25 00:00:00+00:00,1109.0,1119.34,1100.96,1112.72,65721.126
2025-10-25 08:00:00+00:00,1112.71,1118.23,1105.0,1108.61,59268.6
2025-10-25 16:00:00+00:00,1108.61,1120.89,1107.68,1116.53,37726.857
2025-10-26 00:00:00+00:00,1116.53,1124.37,1114.48,1120.39,54088.044
2025-10-26 08:00:00+00:00,1120.39,1139.25,1120.38,1133.43,116587.838
2025-10-26 16:00:00+00:00,1133.42,1143.35,1123.05,1138.19,70263.663
2025-10-27 00:00:00+00:00,1138.19,1164.54,1135.76,1156.48,183109.17
2025-10-27 08:00:00+00:00,1156.49,1182.6,1131.44,1143.86,221970.281
2025-10-27 16:00:00+00:00,1143.85,1153.88,1132.85,1138.88,89388.244
2025-10-28 00:00:00+00:00,1138.88,1147.57,1121.14,1132.46,89950.539
2025-10-28 08:00:00+00:00,1132.46,1147.19,1127.0,1135.62,99197.989
2025-10-28 16:00:00+00:00,1135.62,1148.94,1074.0,1103.45,162430.642
2025-10-29 00:00:00+00:00,1103.45,1121.35,1098.33,1117.28,98633.541
2025-10-29 08:00:00+00:00,1117.29,1120.16,1096.0,1099.23,207345.996
2025-10-29 16:00:00+00:00,1099.24,1119.42,1082.59,1107.7,153733.959
2025-10-30 00:00:00+00:00,1107.7,1120.15,1090.0,1118.24,139568.848
2025-10-30 08:00:00+00:00,1118.25,1129.55,1075.4,1077.13,201763.752
2025-10-30 16:00:00+00:00,1077.13,1084.25,1043.48,1079.05,166959.057
2025-10-31 00:00:00+00:00,1079.06,1103.4,1074.83,1099.03,141162.866
2025-10-31 08:00:00+00:00,1099.04,1104.93,1077.19,1084.53,330050.171
2025-10-31 16:00:00+00:00,1084.52,1092.23,1071.43,1088.9,66456.609
2025-11-01 00:00:00+00:00,1088.9,1095.0,1082.02,1086.46,74011.144
2025-11-01 08:00:00+00:00,1086.47,1096.42,1081.8,1092.6,60523.353
2025-11-01 16:00:00+00:00,1092.6,1096.93,1090.22,1094.53,28959.051
2025-11-02 00:00:00+00:00,1094.54,1094.92,1087.7,1093.8,36101.164
2025-11-02 08:00:00+00:00,1093.8,1094.73,1077.82,1080.4,55759.279
2025-11-02 16:00:00+00:00,1080.41,1085.6,1071.74,1083.25,40542.105
2025-11-03 00:00:00+00:00,1083.25,1087.24,1024.19,1028.85,200310.162
2025-11-03 08:00:00+00:00,1028.85,1031.48,960.18,980.28,328016.809
2025-11-03 16:00:00+00:00,980.28,1010.48,976.66,993.54,156871.914
2025-11-04 00:00:00+00:00,993.54,1002.12,940.0,944.63,249585.622
2025-11-04 08:00:00+00:00,944.63,966.94,934.64,949.85,236087.777
2025-11-04 16:00:00+00:00,949.88,953.2,880.8,936.77,499602.119
2025-11-05 00:00:00+00:00,936.79,957.28,900.39,953.84,256691.78
2025-11-05 08:00:00+00:00,953.83,965.68,937.0,965.68,160587.943
2025-11-05 16:00:00+00:00,965.68,969.27,951.7,959.33,108864.304
2025-11-06 00:00:00+00:00,959.32,965.23,943.75,951.41,85532.407
2025-11-06 08:00:00+00:00,951.4,958.4,927.63,933.71,127446.388
2025-11-06 16:00:00+00:00,933.71,955.45,925.07,950.4,99643.63
2025-11-07 00:00:00+00:00,950.4,976.33,944.9,970.06,125124.829
2025-11-07 08:00:00+00:00,970.05,970.85,925.7,944.73,153449.511
2025-11-07 16:00:00+00:00,944.73,995.6,939.9,991.15,174139.164
2025-11-08 00:00:00+00:00,991.14,1007.41,980.05,995.38,146851.949
2025-11-08 08:00:00+00:00,995.38,1003.15,983.34,990.8,89600.58
2025-11-08 16:00:00+00:00,990.79,1005.77,985.01,991.03,65253.16
2025-11-09 00:00:00+00:00,991.01,994.24,975.84,989.6,62224.612
2025-11-09 08:00:00+00:00,989.59,999.0,977.35,994.46,114099.927
2025-11-09 16:00:00+00:00,994.46,1007.16,990.6,996.63,80336.209
2025-11-10 00:00:00+00:00,996.63,1019.56,991.6,1005.98,101931.778
2025-11-10 08:00:00+00:00,1005.99,1006.46,976.7,980.04,121968.278
2025-11-10 16:00:00+00:00,980.04,996.3,976.22,991.98,57228.74
2025-11-11 00:00:00+00:00,991.99,1008.6,972.24,974.63,106897.746
2025-11-11 08:00:00+00:00,974.62,984.84,972.0,975.7,83567.218
2025-11-11 16:00:00+00:00,975.7,977.81,956.08,958.08,93486.905
2025-11-12 00:00:00+00:00,958.08,965.64,951.8,953.13,52992.086
2025-11-12 08:00:00+00:00,953.12,978.61,946.23,949.1,92768.335
2025-11-12 16:00:00+00:00,949.11,957.79,937.9,952.86,71226.695
2025-11-13 00:00:00+00:00,952.87,972.2,946.52,964.89,65462.457
2025-11-13 08:00:00+00:00,964.9,968.17,952.55,957.36,70823.893
2025-11-13 16:00:00+00:00,957.36,959.43,905.72,927.15,198058.728
2025-11-14 00:00:00+00:00,927.15,934.04,900.0,923.08,147584.93
2025-11-14 08:00:00+00:00,923.07,931.04,887.88,925.5,212518.48
2025-11-14 16:00:00+00:00,925.51,933.56,908.0,915.25,78089.598
2025-11-15 00:00:00+00:00,915.26,936.79,914.91,936.19,67387.769
2025-11-15 08:00:00+00:00,936.2,939.19,929.0,936.57,52414.612
2025-11-15 16:00:00+00:00,936.57,945.22,926.01,932.28,42182.324
2025-11-16 00:00:00+00:00,932.27,948.23,921.49,943.47,49857.137
2025-11-16 08:00:00+00:00,943.48,949.77,922.2,923.62,77248.804
2025-11-16 16:00:00+00:00,923.62,931.82,908.16,926.56,125051.936
2025-11-17 00:00:00+00:00,926.59,939.55,919.61,935.28,73149.591
2025-11-17 08:00:00+00:00,935.28,938.65,899.95,911.89,124877.428
2025-11-17 16:00:00+00:00,911.9,922.01,891.72,907.36,134864.837
2025-11-18 00:00:00+00:00,907.36,918.75,884.4,910.33,188510.086
2025-11-18 08:00:00+00:00,910.33,927.44,909.93,926.11,95811.791
2025-11-18 16:00:00+00:00,926.1,939.99,924.18,932.79,72953.581
2025-11-19 00:00:00+00:00,932.79,941.06,912.9,931.12,75382.747
2025-11-19 08:00:00+00:00,931.12,934.0,892.68,894.73,88167.512
2025-11-19 16:00:00+00:00,894.72,901.41,872.38,897.77,132808.015
2025-11-20 00:00:00+00:00,897.78,917.0,893.8,907.85,85902.366
2025-11-20 08:00:00+00:00,907.85,909.0,888.95,889.96,75537.585
2025-11-20 16:00:00+00:00,889.97,890.56,865.57,866.51,140363.03
2025-11-21 00:00:00+00:00,866.51,877.33,807.24,832.03,226348.803
2025-11-21 08:00:00+00:00,832.03,839.92,790.79,813.67,312466.556
2025-11-21 16:00:00+00:00,813.67,836.36,808.03,830.46,115670.69
2025-11-22 00:00:00+00:00,830.47,842.93,819.58,831.79,67148.449
2025-11-22 08:00:00+00:00,831.8,832.66,813.77,823.22,65658.717
2025-11-22 16:00:00+00:00,823.21,841.86,822.91,833.78,34418.454
2025-11-23 00:00:00+00:00,833.78,854.49,833.28,841.18,77940.938
2025-11-23 08:00:00+00:00,841.19,851.86,838.83,849.9,42346.129
2025-11-23 16:00:00+00:00,849.9,855.46,842.26,843.6,47237.11
2025-11-24 00:00:00+00:00,843.6,858.4,836.08,853.88,89867.741
2025-11-24 08:00:00+00:00,853.88,856.7,830.01,844.5,77428.0
2025-11-24 16:00:00+00:00,844.49,876.3,844.21,864.92,81169.061
2025-11-25 00:00:00+00:00,864.9,867.0,855.49,855.82,53185.989
2025-11-25 08:00:00+00:00,855.82,859.59,837.47,846.3,63093.657
2025-11-25 16:00:00+00:00,846.31,867.66,845.44,862.57,42471.213
2025-11-26 00:00:00+00:00,862.58,869.98,857.43,860.44,31300.851
2025-11-26 08:00:00+00:00,860.45,868.21,851.72,865.0,48194.303
2025-11-26 16:00:00+00:00,865.0,897.25,864.96,891.78,80154.238
2025-11-27 00:00:00+00:00,891.77,904.86,889.25,893.72,67297.878
2025-11-27 08:00:00+00:00,893.72,895.98,883.8,893.2,47344.63
2025-11-27 16:00:00+00:00,893.21,898.71,890.17,895.74,26606.576
2025-11-28 00:00:00+00:00,895.75,899.8,881.6,882.47,48184.412
2025-11-28 08:00:00+00:00,882.46,906.5,882.42,902.0,69614.94
2025-11-28 16:00:00+00:00,902.0,902.33,876.15,887.19,57044.325
2025-11-29 00:00:00+00:00,887.2,889.0,876.46,879.06,29316.191
2025-11-29 08:00:00+00:00,879.07,882.25,875.22,880.93,25270.851
2025-11-29 16:00:00+00:00,880.92,881.76,868.25,872.9,25472.89
2025-11-30 00:00:00+00:00,872.9,878.94,869.56,874.78,16909.53
2025-11-30 08:00:00+00:00,874.79,897.89,874.4,893.99,53077.238
2025-11-30 16:00:00+00:00,894.0,899.75,874.2,875.31,36243.819
2025-12-01 00:00:00+00:00,875.3,877.12,820.73,832.43,158265.494
2025-12-01 08:00:00+00:00,832.44,833.39,801.7,811.85,131767.038
2025-12-01 16:00:00+00:00,811.86,832.32,808.41,826.61,52713.853
2025-12-02 00:00:00+00:00,826.6,834.0,820.46,830.94,47959.719
2025-12-02 08:00:00+00:00,830.93,875.6,825.25,871.4,115180.988
2025-12-02 16:00:00+00:00,871.39,885.0,865.23,876.61,70008.973
2025-12-03 00:00:00+00:00,876.6,910.57,873.6,896.55,89077.948
2025-12-03 08:00:00+00:00,896.55,906.19,887.79,897.2,76061.401
2025-12-03 16:00:00+00:00,897.2,922.63,892.85,920.76,62170.58
2025-12-04 00:00:00+00:00,920.77,928.24,906.3,910.79,70589.174
2025-12-04 08:00:00+00:00,910.79,916.13,901.78,910.76,43770.11
2025-12-04 16:00:00+00:00,910.76,912.43,886.79,899.92,51420.279
2025-12-05 00:00:00+00:00,899.92,907.92,898.37,901.65,26813.959
2025-12-05 08:00:00+00:00,901.64,902.32,884.59,888.87,58355.755
2025-12-05 16:00:00+00:00,888.86,889.39,870.18,883.57,52324.285
2025-12-06 00:00:00+00:00,883.57,888.52,881.11,884.76,20677.963
2025-12-06 08:00:00+00:00,884.76,896.91,878.01,890.28,33117.41
2025-12-06 16:00:00+00:00,890.29,897.9,888.15,890.38,27494.608
2025-12-07 00:00:00+00:00,890.38,898.22,889.84,891.52,20557.269
2025-12-07 08:00:00+00:00,891.52,893.89,870.23,890.3,59825.993
2025-12-07 16:00:00+00:00,890.3,906.0,881.08,894.37,51505.552
2025-12-08 00:00:00+00:00,894.38,909.68,891.12,903.1,35629.945
2025-12-08 08:00:00+00:00,903.1,913.29,896.33,896.56,51900.244
2025-12-08 16:00:00+00:00,896.57,905.0,888.93,897.12,33823.871
2025-12-09 00:00:00+00:00,897.13,899.74,884.54,889.16,39878.981
2025-12-09 08:00:00+00:00,889.18,908.9,881.78,907.67,64176.165
2025-12-09 16:00:00+00:00,907.67,928.0,893.97,897.3,105590.427
2025-12-10 00:00:00+00:00,897.3,898.96,887.26,894.19,54207.28
2025-12-10 08:00:00+00:00,894.2,896.16,884.27,891.4,54703.962
2025-12-10 16:00:00+00:00,891.39,915.0,889.73,893.43,77421.779
2025-12-11 00:00:00+00:00,893.43,894.7,861.46,866.88,80463.06
2025-12-11 08:00:00+00:00,866.87,870.9,859.54,865.91,54700.228
2025-12-11 16:00:00+00:00,865.9,891.5,861.09,885.91,47313.576
2025-12-12 00:00:00+00:00,885.92,896.07,880.0,889.25,36659.155
2025-12-12 08:00:00+00:00,889.26,892.31,872.37,874.18,46168.952
2025-12-12 16:00:00+00:00,874.18,882.66,870.58,881.58,27812.359
2025-12-13 00:00:00+00:00,881.59,889.2,880.32,886.21,22236.432
2025-12-13 08:00:00+00:00,886.2,899.99,885.8,898.92,43084.749
2025-12-13 16:00:00+00:00,898.92,904.22,889.49,896.82,27079.873
2025-12-14 00:00:00+00:00,896.82,899.5,892.11,896.18,20791.39
2025-12-14 08:00:00+00:00,896.19,898.68,883.04,886.51,44890.907
2025-12-14 16:00:00+00:00,886.52,888.5,870.11,877.27,45231.731
2025-12-15 00:00:00+00:00,877.27,895.42,876.31,889.38,41316.436
2025-12-15 08:00:00+00:00,889.38,893.32,852.0,859.14,90670.61
2025-12-15 16:00:00+00:00,859.13,859.95,840.75,858.6,78880.825
2025-12-16 00:00:00+00:00,858.61,865.9,847.0,859.57,56678.691
2025-12-16 08:00:00+00:00,859.58,878.44,857.03,876.65,98335.169
2025-12-16 16:00:00+00:00,876.64,876.66,866.26,875.63,85821.476
2025-12-17 00:00:00+00:00,875.64,875.75,855.55,868.06,98934.369
2025-12-17 08:00:00+00:00,868.07,876.16,852.74,853.78,185885.949
2025-12-17 16:00:00+00:00,853.77,857.96,833.39,843.07,93252.891
2025-12-18 00:00:00+00:00,843.07,846.76,830.12,833.72,80839.281
2025-12-18 08:00:00+00:00,833.72,853.49,832.78,848.22,176440.038
2025-12-18 16:00:00+00:00,848.22,848.93,818.39,830.07,174745.559
2025-12-19 00:00:00+00:00,830.08,850.22,822.38,843.15,238430.654
2025-12-19 08:00:00+00:00,843.15,855.0,842.15,846.6,936205.546
2025-12-19 16:00:00+00:00,846.61,862.33,843.6,856.17,52710.757
2025-12-20 00:00:00+00:00,856.17,859.7,852.18,853.85,25496.124
2025-12-20 08:00:00+00:00,853.84,856.33,850.9,853.97,20951.875
2025-12-20 16:00:00+00:00,853.97,855.12,851.01,854.17,10567.133
2025-12-21 00:00:00+00:00,854.17,855.21,846.84,849.89,17286.748
2025-12-21 08:00:00+00:00,849.88,859.91,845.5,848.59,35143.974
2025-12-21 16:00:00+00:00,848.59,859.63,846.4,858.64,17556.095
2025-12-22 00:00:00+00:00,858.63,867.84,850.85,858.69,39375.484
2025-12-22 08:00:00+00:00,858.69,871.0,858.5,867.75,73179.997
2025-12-22 16:00:00+00:00,867.76,869.16,853.5,858.66,34720.507
2025-12-23 00:00:00+00:00,858.67,861.46,847.06,848.61,31996.495
2025-12-23 08:00:00+00:00,848.6,853.29,838.24,844.17,41386.388
2025-12-23 16:00:00+00:00,844.17,850.23,839.0,844.3,30511.991
2025-12-24 00:00:00+00:00,844.3,847.8,836.21,838.0,30959.667
2025-12-24 08:00:00+00:00,838.0,843.26,835.21,841.2,32784.787
2025-12-24 16:00:00+00:00,841.2,850.0,839.9,846.58,21173.327
2025-12-25 00:00:00+00:00,846.57,847.99,842.0,843.29,14555.98
2025-12-25 08:00:00+00:00,843.29,844.69,835.11,842.53,28208.404
2025-12-25 16:00:00+00:00,842.52,843.5,826.81,829.64,30012.703
2025-12-26 00:00:00+00:00,829.63,847.16,828.0,840.88,43807.995
2025-12-26 08:00:00+00:00,840.89,843.4,821.21,828.93,51654.764
2025-12-26 16:00:00+00:00,828.94,838.19,827.96,834.72,24770.027
2025-12-27 00:00:00+00:00,834.72,843.09,834.0,840.57,22622.618
2025-12-27 08:00:00+00:00,840.56,843.42,837.62,840.9,51395.533
2025-12-27 16:00:00+00:00,840.9,846.54,839.44,845.04,15864.215
2025-12-28 00:00:00+00:00,845.05,845.68,839.2,843.92,18475.903
2025-12-28 08:00:00+00:00,843.92,863.4,843.92,860.58,43579.88
2025-12-28 16:00:00+00:00,860.57,867.22,856.84,859.32,29546.203
2025-12-29 00:00:00+00:00,859.32,872.12,858.71,860.58,52103.373
2025-12-29 08:00:00+00:00,860.58,861.79,846.0,853.6,54699.522
2025-12-29 16:00:00+00:00,853.59,855.69,850.0,852.46,20348.552
2025-12-30 00:00:00+00:00,852.46,854.89,848.7,853.75,16934.642
2025-12-30 08:00:00+00:00,853.75,864.05,853.75,862.78,36877.01
2025-12-30 16:00:00+00:00,862.79,863.06,857.35,861.65,19421.395
2025-12-31 00:00:00+00:00,861.66,868.0,857.69,867.99,44019.4
2025-12-31 08:00:00+00:00,867.99,877.29,860.53,863.3,66379.588
2025-12-31 16:00:00+00:00,863.3,866.56,857.88,864.3,39595.63
2026-01-01 00:00:00+00:00,864.31,874.51,859.2,859.52,40285.109
2026-01-01 08:00:00+00:00,859.52,861.97,856.14,859.36,22459.098
2026-01-01 16:00:00+00:00,859.36,864.65,857.22,864.39,17969.455
2026-01-02 00:00:00+00:00,864.4,867.97,859.64,864.9,29074.56
2026-01-02 08:00:00+00:00,864.89,882.37,864.89,877.99,55717.617
2026-01-02 16:00:00+00:00,878.0,891.14,877.47,881.25,44279.565
2026-01-03 00:00:00+00:00,881.25,884.24,868.65,873.0,35010.625
2026-01-03 08:00:00+00:00,873.0,877.54,871.58,873.44,30481.88
2026-01-03 16:00:00+00:00,873.44,880.0,873.43,878.63,14472.7
2026-01-04 00:00:00+00:00,878.64,890.84,878.47,884.66,41695.9
2026-01-04 08:00:00+00:00,884.67,890.0,882.58,889.3,27490.524
2026-01-04 16:00:00+00:00,889.3,902.85,889.29,895.43,49500.683
2026-01-05 00:00:00+00:00,895.43,906.91,890.59,899.2,53990.107
2026-01-05 08:00:00+00:00,899.2,909.0,895.6,906.46,48236.009
2026-01-05 16:00:00+00:00,906.46,916.55,901.31,910.31,38126.669
2026-01-06 00:00:00+00:00,910.31,911.63,902.96,904.71,35217.02
2026-01-06 08:00:00+00:00,904.71,923.93,904.52,919.1,68972.954
2026-01-06 16:00:00+00:00,919.1,920.68,891.66,917.64,62707.215
2026-01-07 00:00:00+00:00,917.64,919.25,904.58,918.82,38010.97
2026-01-07 08:00:00+00:00,918.81,920.27,895.11,899.43,87949.405
2026-01-07 16:00:00+00:00,899.44,901.95,892.64,900.3,22691.415
2026-01-08 00:00:00+00:00,900.31,905.0,875.1,885.02,57508.12
2026-01-08 08:00:00+00:00,885.02,889.24,877.7,888.92,49125.024
2026-01-08 16:00:00+00:00,888.92,894.63,885.32,892.26,27889.611
2026-01-09 00:00:00+00:00,892.27,899.0,887.91,893.66,22452.123
2026-01-09 08:00:00+00:00,893.67,900.22,885.28,894.77,38942.017
2026-01-09 16:00:00+00:00,894.77,901.06,890.94,896.86,20187.227
2026-01-10 00:00:00+00:00,896.87,910.22,896.81,905.37,39718.918
2026-01-10 08:00:00+00:00,905.38,910.82,898.98,908.78,41474.385
2026-01-10 16:00:00+00:00,908.79,915.91,902.23,907.93,43719.19
2026-01-11 00:00:00+00:00,907.93,916.3,904.3,913.55,31748.643
2026-01-11 08:00:00+00:00,913.55,917.33,906.29,908.64,40063.732
2026-01-11 16:00:00+00:00,908.64,911.17,898.75,904.32,26808.706
2026-01-12 00:00:00+00:00,904.32,910.81,896.85,904.81,45788.988
2026-01-12 08:00:00+00:00,904.82,908.3,894.0,904.28,39733.394
2026-01-12 16:00:00+00:00,904.28,909.11,900.0,905.78,22999.791
2026-01-13 00:00:00+00:00,905.79,914.98,902.25,910.05,46670.544
2026-01-13 08:00:00+00:00,910.05,916.6,906.18,916.47,130144.659
2026-01-13 16:00:00+00:00,916.47,952.96,916.38,943.73,135099.794
2026-01-14 00:00:00+00:00,943.73,954.68,934.67,937.45,72951.629
2026-01-14 08:00:00+00:00,937.45,946.24,928.5,942.03,60727.27
2026-01-14 16:00:00+00:00,942.03,949.85,938.25,948.47,49529.799
2026-01-15 00:00:00+00:00,948.48,948.85,929.05,939.14,53358.82
2026-01-15 08:00:00+00:00,939.13,945.71,930.23,937.64,44360.662
2026-01-15 16:00:00+00:00,937.63,942.62,924.05,931.2,33481.986
2026-01-16 00:00:00+00:00,931.21,936.13,927.16,934.04,25517.996
2026-01-16 08:00:00+00:00,934.05,938.56,923.69,926.97,33725.217
2026-01-16 16:00:00+00:00,926.97,939.43,926.53,938.16,18227.17
2026-01-17 00:00:00+00:00,938.17,940.03,935.5,935.9,17776.43
2026-01-17 08:00:00+00:00,935.9,959.52,935.65,955.37,41502.327
2026-01-17 16:00:00+00:00,955.37,956.0,945.37,947.12,26908.574
2026-01-18 00:00:00+00:00,947.11,951.13,943.14,944.74,21403.678
2026-01-18 08:00:00+00:00,944.73,950.75,943.81,950.13,24523.724
2026-01-18 16:00:00+00:00,950.14,953.33,931.7,932.51,30920.848
2026-01-19 00:00:00+00:00,932.51,932.51,901.0,927.29,114886.899
2026-01-19 08:00:00+00:00,927.29,930.0,923.12,925.21,75556.742
2026-01-19 16:00:00+00:00,925.22,929.03,919.32,923.6,18996.919
2026-01-20 00:00:00+00:00,923.6,933.13,914.27,917.77,56620.306
2026-01-20 08:00:00+00:00,917.77,917.89,896.66,905.33,56120.386
2026-01-20 16:00:00+00:00,905.33,908.5,884.0,884.2,51019.537
2026-01-21 00:00:00+00:00,884.19,885.92,867.0,875.36,63109.208
2026-01-21 08:00:00+00:00,875.36,893.69,864.54,892.66,74556.969
2026-01-21 16:00:00+00:00,892.67,892.94,865.75,883.36,63952.044
2026-01-22 00:00:00+00:00,883.35,894.28,883.35,888.83,26655.695
2026-01-22 08:00:00+00:00,888.82,897.58,878.18,883.03,50361.77
2026-01-22 16:00:00+00:00,883.03,892.0,881.81,888.06,21769.007
2026-01-23 00:00:00+00:00,888.06,893.42,887.63,891.32,22324.567
2026-01-23 08:00:00+00:00,891.33,892.43,883.1,892.0,35489.289
2026-01-23 16:00:00+00:00,892.01,904.99,888.49,891.63,38321.754
2026-01-24 00:00:00+00:00,891.62,894.24,889.33,892.06,18546.503
2026-01-24 08:00:00+00:00,892.06,893.98,888.69,888.7,20573.179
2026-01-24 16:00:00+00:00,888.7,890.34,886.53,887.17,12152.881
2026-01-25 00:00:00+00:00,887.18,887.75,879.32,879.4,22720.413
2026-01-25 08:00:00+00:00,879.4,883.25,876.77,877.55,24602.497
2026-01-25 16:00:00+00:00,877.55,877.69,856.0,866.02,73457.316
2026-01-26 00:00:00+00:00,866.02,875.98,864.91,874.64,36280.152
2026-01-26 08:00:00+00:00,874.63,878.34,869.4,871.93,39366.046
2026-01-26 16:00:00+00:00,871.94,881.44,868.68,879.41,27054.506
2026-01-27 00:00:00+00:00,879.41,888.25,876.2,883.54,42789.085
2026-01-27 08:00:00+00:00,883.54,886.27,876.88,885.73,50311.498
2026-01-27 16:00:00+00:00,885.73,901.22,884.9,898.36,45429.056
2026-01-28 00:00:00+00:00,898.35,904.72,894.41,903.34,34789.895
2026-01-28 08:00:00+00:00,903.34,909.43,897.18,902.92,44880.222
2026-01-28 16:00:00+00:00,902.91,907.71,897.83,902.91,30603.123
2026-01-29 00:00:00+00:00,902.92,906.67,893.2,904.8,46060.965
2026-01-29 08:00:00+00:00,904.8,905.8,856.9,864.15,140468.472
2026-01-29 16:00:00+00:00,864.15,870.36,852.81,868.69,83699.249
2026-01-30 00:00:00+00:00,868.69,869.77,835.55,847.55,125892.114
2026-01-30 08:00:00+00:00,847.56,855.87,833.08,850.11,88022.086
2026-01-30 16:00:00+00:00,850.1,862.09,831.83,858.81,82037.154
2026-01-31 00:00:00+00:00,858.81,860.85,845.89,847.75,35239.71
2026-01-31 08:00:00+00:00,847.75,847.75,801.66,803.1,134373.932
2026-01-31 16:00:00+00:00,803.1,810.21,750.0,781.38,237692.509
2026-02-01 00:00:00+00:00,781.39,789.72,773.84,778.01,59695.977
2026-02-01 08:00:00+00:00,778.0,782.79,742.7,749.98,112928.771
2026-02-01 16:00:00+00:00,749.98,766.8,739.63,758.54,86500.772
2026-02-02 00:00:00+00:00,758.54,770.61,728.44,752.5,182133.89
2026-02-02 08:00:00+00:00,752.58,781.09,752.57,777.86,80636.967
2026-02-02 16:00:00+00:00,777.87,781.58,767.6,773.94,43892.627
2026-02-03 00:00:00+00:00,773.94,783.57,762.7,782.08,42224.262
2026-02-03 08:00:00+00:00,782.09,782.7,764.29,776.75,61189.148
2026-02-03 16:00:00+00:00,776.75,776.76,736.08,754.78,140535.413
2026-02-04 00:00:00+00:00,754.78,765.33,751.61,764.19,40760.386
2026-02-04 08:00:00+00:00,764.19,764.36,727.5,733.9,126244.958
2026-02-04 16:00:00+00:00,733.91,736.7,687.3,697.27,257466.823
2026-02-05 00:00:00+00:00,697.27,703.0,686.0,691.49,156225.197
2026-02-05 08:00:00+00:00,691.5,700.37,646.66,658.56,223506.4
2026-02-05 16:00:00+00:00,658.56,673.96,602.17,608.3,419447.073
2026-02-06 00:00:00+00:00,608.3,642.49,570.06,623.05,327322.323
2026-02-06 08:00:00+00:00,623.06,654.76,617.0,651.2,130012.274
2026-02-06 16:00:00+00:00,651.19,669.65,648.94,657.21,135987.996
2026-02-07 00:00:00+00:00,657.21,663.88,632.11,638.48,82218.538
2026-02-07 08:00:00+00:00,638.49,646.9,630.83,642.29,51174.156
2026-02-07 16:00:00+00:00,642.28,655.51,639.11,647.0,84127.907
2026-02-08 00:00:00+00:00,647.01,651.3,639.11,643.22,25611.677
2026-02-08 08:00:00+00:00,643.22,650.84,637.61,643.85,56703.844
2026-02-08 16:00:00+00:00,643.85,653.0,632.3,639.93,41856.571
2026-02-09 00:00:00+00:00,639.93,646.15,631.16,632.05,40847.35
2026-02-09 08:00:00+00:00,632.05,633.62,616.01,631.08,70099.966
2026-02-09 16:00:00+00:00,630.98,644.07,627.18,636.39,37803.925
2026-02-10 00:00:00+00:00,636.38,642.0,628.4,631.75,36365.585
2026-02-10 08:00:00+00:00,631.74,635.38,613.8,619.4,90505.203
2026-02-10 16:00:00+00:00,619.39,625.58,613.98,619.85,26678.482
2026-02-11 00:00:00+00:00,619.85,624.14,597.61,600.77,58932.731
2026-02-11 08:00:00+00:00,600.76,611.85,587.14,593.79,128458.505
2026-02-11 16:00:00+00:00,593.75,617.9,592.22,608.11,48960.303
2026-02-12 00:00:00+00:00,608.11,618.25,608.11,615.25,38007.712
2026-02-12 08:00:00+00:00,615.25,620.87,607.72,609.2,45919.422
2026-02-12 16:00:00+00:00,609.21,616.0,600.6,614.29,37371.323
2026-02-13 00:00:00+00:00,614.29,616.64,592.49,598.11,72421.062
2026-02-13 08:00:00+00:00,598.12,615.38,595.38,610.33,86433.222
2026-02-13 16:00:00+00:00,610.33,622.81,609.04,618.94,52565.53
2026-02-14 00:00:00+00:00,618.93,625.63,615.7,622.35,34632.648
2026-02-14 08:00:00+00:00,622.35,637.24,622.01,634.73,52657.578
2026-02-14 16:00:00+00:00,634.74,634.74,628.58,632.77,26555.698
2026-02-15 00:00:00+00:00,632.77,642.49,627.0,639.86,41835.969
2026-02-15 08:00:00+00:00,639.86,641.28,615.71,621.52,50229.77
2026-02-15 16:00:00+00:00,621.53,621.54,608.82,615.16,40360.852
2026-02-16 00:00:00+00:00,615.17,618.75,610.4,613.39,19145.734
2026-02-16 08:00:00+00:00,613.39,631.24,604.49,607.51,58625.965
2026-02-16 16:00:00+00:00,607.51,628.2,607.23,627.19,27889.184
2026-02-17 00:00:00+00:00,627.19,631.86,620.3,622.74,30864.741
2026-02-17 08:00:00+00:00,622.74,626.08,609.3,615.24,38063.355
2026-02-17 16:00:00+00:00,615.25,624.28,612.12,617.74,23005.988
2026-02-18 00:00:00+00:00,617.76,621.42,613.33,620.91,14884.096
2026-02-18 08:00:00+00:00,620.9,626.57,607.97,618.25,42647.559
2026-02-18 16:00:00+00:00,618.25,620.59,601.3,604.8,39724.355
2026-02-19 00:00:00+00:00,604.8,614.8,602.84,610.78,31136.03
2026-02-19 08:00:00+00:00,610.78,610.9,596.0,600.39,51192.549
2026-02-19 16:00:00+00:00,600.4,609.24,596.07,607.83,27025.784
2026-02-20 00:00:00+00:00,607.82,613.94,605.29,612.1,32860.662
2026-02-20 08:00:00+00:00,612.1,618.3,601.23,616.83,74807.02
2026-02-20 16:00:00+00:00,616.83,629.74,616.08,625.91,51923.124
2026-02-21 00:00:00+00:00,625.9,628.67,624.0,625.88,22888.648
2026-02-21 08:00:00+00:00,625.87,634.8,625.72,627.66,38172.112
2026-02-21 16:00:00+00:00,627.65,629.51,624.02,625.61,20595.805
2026-02-22 00:00:00+00:00,625.61,626.87,618.72,622.46,20050.791
2026-02-22 08:00:00+00:00,622.47,624.8,613.39,615.91,30479.419
2026-02-22 16:00:00+00:00,615.91,616.28,610.02,614.8,18038.669
2026-02-23 00:00:00+00:00,614.8,616.0,583.13,599.31,134620.963
2026-02-23 08:00:00+00:00,599.31,612.49,596.53,604.64,68304.105
2026-02-23 16:00:00+00:00,604.64,606.33,590.2,596.41,42137.893
2026-02-24 00:00:00+00:00,596.4,602.9,586.15,589.79,56052.629
2026-02-24 08:00:00+00:00,589.78,592.93,577.06,586.1,76347.745
2026-02-24 16:00:00+00:00,586.09,590.43,582.57,583.6,35885.476
2026-02-25 00:00:00+00:00,583.61,602.31,581.51,596.09,60278.45
2026-02-25 08:00:00+00:00,596.1,623.15,595.86,621.38,71920.389
2026-02-25 16:00:00+00:00,621.39,640.55,620.93,629.42,89446.471
2026-02-26 00:00:00+00:00,629.42,633.83,625.3,625.6,39898.062
2026-02-26 08:00:00+00:00,625.61,630.29,618.68,623.2,46227.782
2026-02-26 16:00:00+00:00,623.2,626.9,614.2,625.74,40549.5
2026-02-27 00:00:00+00:00,625.74,633.65,622.5,627.06,42928.14
2026-02-27 08:00:00+00:00,627.06,630.0,609.67,614.4,55991.967
2026-02-27 16:00:00+00:00,614.41,614.73,605.25,614.03,29247.613
2026-02-28 00:00:00+00:00,614.03,615.6,590.75,597.5,62364.229
2026-02-28 08:00:00+00:00,597.49,605.75,588.64,603.99,70253.648
2026-02-28 16:00:00+00:00,604.0,621.49,600.95,617.14,39487.223
2026-03-01 00:00:00+00:00,617.14,632.16,614.52,625.35,66115.58
2026-03-01 08:00:00+00:00,625.36,629.8,618.71,626.6,43414.249
2026-03-01 16:00:00+00:00,626.6,629.6,610.89,617.96,60431.098
2026-03-02 00:00:00+00:00,617.96,625.79,613.02,616.67,42026.277
2026-03-02 08:00:00+00:00,616.67,649.7,612.96,646.25,87967.013
2026-03-02 16:00:00+00:00,646.25,652.87,632.43,637.79,72587.86
2026-03-03 00:00:00+00:00,637.79,643.29,628.94,633.32,56745.382
2026-03-03 08:00:00+00:00,633.32,634.14,621.0,630.57,59100.512
2026-03-03 16:00:00+00:00,630.56,638.92,628.43,633.56,34345.162
2026-03-04 00:00:00+00:00,633.57,640.9,626.2,640.01,34580.564
2026-03-04 08:00:00+00:00,640.01,661.82,638.89,661.17,112250.776
2026-03-04 16:00:00+00:00,661.17,666.16,655.22,657.99,53088.343
2026-03-05 00:00:00+00:00,658.0,660.99,648.79,650.39,43979.395
2026-03-05 08:00:00+00:00,650.4,665.42,648.46,652.94,54588.706
2026-03-05 16:00:00+00:00,652.95,654.49,646.14,647.85,29469.523
2026-03-06 00:00:00+00:00,647.85,651.62,641.22,646.89,32009.148
2026-03-06 08:00:00+00:00,646.88,646.89,624.77,628.02,62132.081
2026-03-06 16:00:00+00:00,628.02,632.98,625.9,627.31,20890.507
2026-03-07 00:00:00+00:00,627.31,629.84,624.63,627.87,19328.755
2026-03-07 08:00:00+00:00,627.87,630.19,623.8,625.22,20361.432
2026-03-07 16:00:00+00:00,625.22,625.23,617.8,620.26,23428.627
2026-03-08 00:00:00+00:00,620.27,622.33,614.34,619.94,23548.501
2026-03-08 08:00:00+00:00,619.94,624.27,613.05,616.18,28049.788
2026-03-08 16:00:00+00:00,616.18,620.11,607.86,611.98,30341.265
2026-03-09 00:00:00+00:00,611.99,630.0,611.01,621.96,40110.858
2026-03-09 08:00:00+00:00,621.96,640.43,621.83,639.21,49317.784
2026-03-09 16:00:00+00:00,639.22,643.0,633.83,634.64,31912.734
2026-03-10 00:00:00+00:00,634.64,646.98,634.38,644.48,31402.003
2026-03-10 08:00:00+00:00,644.48,652.23,638.29,649.23,43804.012
2026-03-10 16:00:00+00:00,649.24,652.36,639.6,642.0,25577.431
2026-03-11 00:00:00+00:00,642.01,644.92,637.77,640.5,23265.853
2026-03-11 08:00:00+00:00,640.5,652.19,635.02,645.98,65177.008
2026-03-11 16:00:00+00:00,645.99,656.29,645.24,651.46,31702.953
2026-03-12 00:00:00+00:00,651.47,652.25,641.63,645.85,26017.733
2026-03-12 08:00:00+00:00,645.86,657.7,645.64,650.03,54466.73
2026-03-12 16:00:00+00:00,650.03,654.92,646.42,651.72,21049.593
2026-03-13 00:00:00+00:00,651.72,664.5,650.34,661.29,59480.274
2026-03-13 08:00:00+00:00,661.29,679.0,660.65,662.21,106796.0
2026-03-13 16:00:00+00:00,662.21,664.48,653.55,655.73,65704.726
2026-03-14 00:00:00+00:00,655.72,658.27,651.0,652.19,24045.006
2026-03-14 08:00:00+00:00,652.19,654.98,650.11,653.4,21065.254
2026-03-14 16:00:00+00:00,653.4,658.0,652.24,657.7,10130.005
2026-03-15 00:00:00+00:00,657.7,661.16,654.46,660.02,19192.54
2026-03-15 08:00:00+00:00,660.02,666.55,656.83,659.69,31482.188
2026-03-15 16:00:00+00:00,659.69,679.0,658.08,673.77,42324.366
2026-03-16 00:00:00+00:00,673.77,687.82,670.22,678.13,78559.527
2026-03-16 08:00:00+00:00,678.13,683.68,670.13,671.67,90849.32
2026-03-16 16:00:00+00:00,671.67,684.66,671.22,679.71,57506.409
2026-03-17 00:00:00+00:00,679.7,686.53,671.81,674.28,66554.569
2026-03-17 08:00:00+00:00,674.28,676.77,663.4,668.49,60309.529
2026-03-17 16:00:00+00:00,668.5,674.85,667.71,668.61,20252.935
2026-03-18 00:00:00+00:00,668.62,675.18,665.52,673.98,27963.652
2026-03-18 08:00:00+00:00,673.98,676.47,645.3,648.82,71111.897
2026-03-18 16:00:00+00:00,648.82,653.01,644.43,652.27,45429.637
2026-03-19 00:00:00+00:00,652.28,656.4,641.04,645.39,34388.922
2026-03-19 08:00:00+00:00,645.39,648.89,634.35,637.87,50808.591
2026-03-19 16:00:00+00:00,637.88,644.06,633.32,639.15,32482.145
2026-03-20 00:00:00+00:00,639.16,645.95,638.51,644.1,25547.758
2026-03-20 08:00:00+00:00,644.1,647.65,636.61,640.42,49116.333
2026-03-20 16:00:00+00:00,640.41,644.57,636.38,642.11,22023.911
2026-03-21 00:00:00+00:00,642.11,644.46,640.15,643.11,12399.106
2026-03-21 08:00:00+00:00,643.11,646.38,641.39,642.82,20916.573
2026-03-21 16:00:00+00:00,642.82,643.24,627.76,630.7,20921.02
2026-03-22 00:00:00+00:00,630.7,637.7,622.72,631.99,39118.606
2026-03-22 08:00:00+00:00,631.98,632.1,627.61,629.7,29059.024
2026-03-22 16:00:00+00:00,629.7,632.26,622.16,626.41,34175.949
2026-03-23 00:00:00+00:00,626.41,632.0,620.33,624.33,40459.514
2026-03-23 08:00:00+00:00,624.34,650.85,621.59,637.25,154529.181
2026-03-23 16:00:00+00:00,637.25,641.09,632.49,639.11,62568.179
2026-03-24 00:00:00+00:00,639.12,640.17,627.21,637.86,34311.435
2026-03-24 08:00:00+00:00,637.87,639.81,627.2,630.98,44354.863
2026-03-24 16:00:00+00:00,630.97,639.79,626.99,638.3,22508.001
2026-03-25 00:00:00+00:00,638.31,647.19,637.5,643.57,34300.726
2026-03-25 08:00:00+00:00,643.57,652.8,641.92,645.65,60533.947
2026-03-25 16:00:00+00:00,645.64,651.15,644.04,647.66,22684.267
2026-03-26 00:00:00+00:00,647.67,648.47,633.44,635.37,27720.645
2026-03-26 08:00:00+00:00,635.38,635.44,625.11,626.82,38408.231
2026-03-26 16:00:00+00:00,626.83,631.52,623.01,628.86,28589.197
2026-03-27 00:00:00+00:00,628.86,631.87,625.11,628.45,23912.604
2026-03-27 08:00:00+00:00,628.46,629.15,605.86,610.66,82033.232
2026-03-27 16:00:00+00:00,610.66,614.18,606.67,613.95,25788.794
2026-03-28 00:00:00+00:00,613.95,614.61,609.9,613.9,24093.472
2026-03-28 08:00:00+00:00,613.9,619.0,610.46,617.28,29981.319
2026-03-28 16:00:00+00:00,617.29,618.1,610.71,611.08,16013.091
2026-03-29 00:00:00+00:00,611.08,615.3,609.89,613.68,18841.908
2026-03-29 08:00:00+00:00,613.68,614.63,607.46,609.64,26460.395
2026-03-29 16:00:00+00:00,609.63,612.26,596.42,606.09,38109.416
2026-03-30 00:00:00+00:00,606.09,619.15,605.09,618.21,43823.293
2026-03-30 08:00:00+00:00,618.22,621.4,613.4,618.48,51041.981
2026-03-30 16:00:00+00:00,618.48,618.66,607.27,609.29,28014.809
2026-03-31 00:00:00+00:00,609.29,619.76,608.2,611.01,34341.083
2026-03-31 08:00:00+00:00,611.02,615.98,598.82,607.9,66807.729
2026-03-31 16:00:00+00:00,607.9,619.77,607.8,617.43,37981.803
2026-04-01 00:00:00+00:00,617.42,621.9,613.92,616.32,46953.165
2026-04-01 08:00:00+00:00,616.33,617.91,609.87,614.82,47164.569
2026-04-01 16:00:00+00:00,614.82,619.5,609.58,610.81,32439.831
2026-04-02 00:00:00+00:00,610.81,613.6,587.34,591.82,105187.459
2026-04-02 08:00:00+00:00,591.82,591.82,570.31,574.13,151012.411
2026-04-02 16:00:00+00:00,574.12,584.83,573.82,583.52,41418.449
2026-04-03 00:00:00+00:00,583.52,589.0,581.93,586.49,31535.281
2026-04-03 08:00:00+00:00,586.5,590.31,583.16,586.99,33674.219
2026-04-03 16:00:00+00:00,586.99,589.33,586.63,588.31,11296.875
2026-04-04 00:00:00+00:00,588.32,592.25,587.1,590.0,19691.092
2026-04-04 08:00:00+00:00,590.0,591.82,588.11,591.11,22320.752
2026-04-04 16:00:00+00:00,591.12,596.58,590.46,593.36,17653.59
2026-04-05 00:00:00+00:00,593.36,594.05,587.71,590.46,20422.782
2026-04-05 08:00:00+00:00,590.46,596.42,587.13,593.13,30185.263
2026-04-05 16:00:00+00:00,593.13,604.06,590.51,601.5,27423.905
2026-04-06 00:00:00+00:00,601.5,607.66,598.63,603.8,40648.44
2026-04-06 08:00:00+00:00,603.81,610.29,603.78,608.45,35054.742
2026-04-06 16:00:00+00:00,608.45,609.0,596.25,600.11,29256.367
2026-04-07 00:00:00+00:00,600.1,601.88,596.38,599.3,22628.769
2026-04-07 08:00:00+00:00,599.29,606.51,592.2,598.53,60453.378
2026-04-07 16:00:00+00:00,598.53,624.85,598.53,620.1,80444.745
2026-04-08 00:00:00+00:00,620.11,621.46,612.02,613.24,58155.222
2026-04-08 08:00:00+00:00,613.24,615.85,601.16,605.35,75296.383
2026-04-08 16:00:00+00:00,605.34,607.79,599.45,601.16,28663.081
2026-04-09 00:00:00+00:00,601.15,603.06,596.94,600.01,28397.221
2026-04-09 08:00:00+00:00,600.01,607.34,598.2,606.01,37484.479
2026-04-09 16:00:00+00:00,606.01,612.1,601.9,603.03,41423.476
2026-04-10 00:00:00+00:00,603.03,605.4,599.04,599.29,31968.43
2026-04-10 08:00:00+00:00,599.29,608.76,597.4,603.27,46836.379
2026-04-10 16:00:00+00:00,603.27,610.34,603.2,605.54,25461.123
2026-04-11 00:00:00+00:00,605.54,607.73,603.4,606.09,24873.018
2026-04-11 08:00:00+00:00,606.09,607.32,603.76,605.74,37869.924
2026-04-11 16:00:00+00:00,605.74,614.12,605.7,607.05,31524.528
2026-04-12 00:00:00+00:00,607.06,607.44,590.21,594.3,45938.331
2026-04-12 08:00:00+00:00,594.3,595.78,589.1,591.65,33092.084
2026-04-12 16:00:00+00:00,591.66,596.91,590.95,592.19,24743.836
2026-04-13 00:00:00+00:00,592.19,599.67,591.6,597.26,27745.442
2026-04-13 08:00:00+00:00,597.27,605.0,595.19,603.4,44123.238
2026-04-13 16:00:00+00:00,603.39,617.97,602.15,614.71,66635.82
2026-04-14 00:00:00+00:00,614.71,616.15,610.86,613.55,47831.085
2026-04-14 08:00:00+00:00,613.54,625.38,613.43,623.45,76072.642
2026-04-14 16:00:00+00:00,623.45,625.12,611.94,613.75,49478.304
2026-04-15 00:00:00+00:00,613.75,620.0,610.71,611.54,33488.762
2026-04-15 08:00:00+00:00,611.55,620.66,610.45,619.04,50049.548
2026-04-15 16:00:00+00:00,619.05,627.64,618.57,622.59,31404.91
2026-04-16 00:00:00+00:00,622.58,626.16,620.38,622.69,31713.708
2026-04-16 08:00:00+00:00,622.69,626.38,614.89,624.89,48546.461
2026-04-16 16:00:00+00:00,624.89,637.4,623.6,635.77,51286.532
2026-04-17 00:00:00+00:00,635.77,636.55,626.66,627.21,34832.978
2026-04-17 08:00:00+00:00,627.21,645.67,626.89,643.34,81332.944
2026-04-17 16:00:00+00:00,643.33,645.6,638.83,643.12,37320.916
2026-04-18 00:00:00+00:00,643.12,648.79,640.06,643.35,56022.436
2026-04-18 08:00:00+00:00,643.35,643.55,631.42,633.37,40051.104
2026-04-18 16:00:00+00:00,633.37,634.59,628.03,629.9,23591.819
2026-04-19 00:00:00+00:00,629.9,630.43,618.1,620.32,34198.162
2026-04-19 08:00:00+00:00,620.32,628.36,618.0,626.07,33173.147
2026-04-19 16:00:00+00:00,626.07,626.64,615.0,616.06,33219.433
2026-04-20 00:00:00+00:00,616.07,629.48,615.97,624.69,27303.33
2026-04-20 08:00:00+00:00,624.69,628.36,620.87,628.31,41391.55
2026-04-20 16:00:00+00:00,628.31,632.08,626.71,629.26,23452.831
2026-04-21 00:00:00+00:00,629.26,633.93,628.1,632.88,22234.825
2026-04-21 08:00:00+00:00,632.89,640.7,629.37,631.81,60998.093
2026-04-21 16:00:00+00:00,631.82,633.66,625.0,631.72,22140.321
2026-04-22 00:00:00+00:00,631.73,644.95,631.19,641.99,46528.294
2026-04-22 08:00:00+00:00,642.0,654.19,641.0,649.1,54343.551
2026-04-22 16:00:00+00:00,649.1,650.96,637.33,637.47,34114.494
2026-04-23 00:00:00+00:00,637.47,639.5,633.23,635.7,35750.189
2026-04-23 08:00:00+00:00,635.7,640.0,631.0,639.74,35289.585
2026-04-23 16:00:00+00:00,639.74,640.38,631.14,638.54,27369.482
2026-04-24 00:00:00+00:00,638.55,640.42,632.04,635.0,23140.738
2026-04-24 08:00:00+00:00,634.99,640.49,633.33,639.6,32920.803
2026-04-24 16:00:00+00:00,639.6,639.97,635.34,636.21,14564.277
2026-04-25 00:00:00+00:00,636.21,638.08,635.49,636.7,14347.998
2026-04-25 08:00:00+00:00,636.71,638.5,629.11,629.91,29511.174
2026-04-25 16:00:00+00:00,629.9,630.43,627.15,628.53,15059.165
2026-04-26 00:00:00+00:00,628.52,632.79,627.0,632.52,17726.347
2026-04-26 08:00:00+00:00,632.52,633.03,629.9,632.29,19190.201
2026-04-26 16:00:00+00:00,632.29,638.06,630.59,635.76,17529.792
2026-04-27 00:00:00+00:00,635.77,639.81,625.15,625.87,46454.165
2026-04-27 08:00:00+00:00,625.87,628.94,618.38,620.94,36314.606
2026-04-27 16:00:00+00:00,620.93,627.31,620.5,626.83,21176.717
2026-04-28 00:00:00+00:00,626.83,627.58,621.86,624.26,23634.597
2026-04-28 08:00:00+00:00,624.26,625.47,619.0,622.82,26557.335
2026-04-28 16:00:00+00:00,622.82,624.66,621.82,624.55,12155.81
2026-04-29 00:00:00+00:00,624.56,628.5,622.56,625.13,26327.569
2026-04-29 08:00:00+00:00,625.13,629.61,615.48,616.51,40564.364
2026-04-29 16:00:00+00:00,616.52,620.28,610.26,617.39,34921.239
2026-04-30 00:00:00+00:00,617.39,620.53,613.47,617.5,31363.153
2026-04-30 08:00:00+00:00,617.5,618.75,613.58,617.1,32876.393
2026-04-30 16:00:00+00:00,617.09,618.84,614.79,615.38,14372.899
2026-05-01 00:00:00+00:00,615.38,621.29,615.28,617.42,24752.915
2026-05-01 08:00:00+00:00,617.42,622.84,615.94,620.83,38681.942
2026-05-01 16:00:00+00:00,620.83,621.79,613.79,615.34,24618.883
2026-05-02 00:00:00+00:00,615.34,617.26,614.15,615.91,15353.855
2026-05-02 08:00:00+00:00,615.9,618.27,614.71,618.22,18861.098
2026-05-02 16:00:00+00:00,618.22,621.81,617.71,618.03,17759.041
2026-05-03 00:00:00+00:00,618.03,618.49,615.09,616.96,20415.575
2026-05-03 08:00:00+00:00,616.97,620.57,616.68,619.87,26612.548
2026-05-03 16:00:00+00:00,619.87,622.27,617.0,617.27,25822.007
2026-05-04 00:00:00+00:00,617.28,639.0,615.61,628.4,98257.467
2026-05-04 08:00:00+00:00,628.4,631.01,620.0,625.47,78048.238
2026-05-04 16:00:00+00:00,625.47,628.8,622.6,622.63,30343.296
2026-05-05 00:00:00+00:00,622.64,628.86,622.58,627.54,41778.362
2026-05-05 08:00:00+00:00,627.54,634.0,625.94,631.01,59093.956
2026-05-05 16:00:00+00:00,631.01,635.0,627.81,630.42,46149.477
2026-05-06 00:00:00+00:00,630.41,640.43,628.97,637.99,48818.92
2026-05-06 08:00:00+00:00,637.98,664.26,637.95,648.51,159927.997
2026-05-06 16:00:00+00:00,648.51,651.49,644.46,647.74,32948.339
2026-05-07 00:00:00+00:00,647.74,653.49,641.64,651.91,49146.439
2026-05-07 08:00:00+00:00,651.92,653.1,639.41,642.45,51072.163
2026-05-07 16:00:00+00:00,642.46,645.65,633.68,637.02,43955.207
2026-05-08 00:00:00+00:00,637.02,641.0,634.76,636.91,39705.025
2026-05-08 08:00:00+00:00,636.91,644.0,635.89,643.92,40032.189
2026-05-08 16:00:00+00:00,643.92,651.53,642.36,649.36,28015.462
2026-05-09 00:00:00+00:00,649.37,656.0,648.95,649.77,51059.311
2026-05-09 08:00:00+00:00,649.77,651.03,646.23,647.66,21191.353
2026-05-09 16:00:00+00:00,647.67,652.36,647.01,649.75,26102.228
2026-05-10 00:00:00+00:00,649.76,650.5,644.84,648.28,26623.182
2026-05-10 08:00:00+00:00,648.29,656.2,647.71,655.5,33544.95
2026-05-10 16:00:00+00:00,655.51,666.66,648.71,663.55,59109.085
2026-05-11 00:00:00+00:00,663.56,664.85,650.03,650.61,57556.985
2026-05-11 08:00:00+00:00,650.61,661.51,649.46,661.5,58787.776
2026-05-11 16:00:00+00:00,661.51,673.0,659.5,670.6,67320.484
2026-05-12 00:00:00+00:00,670.6,671.47,657.76,658.59,53880.762
2026-05-12 08:00:00+00:00,658.6,664.75,650.49,652.26,63453.974
2026-05-12 16:00:00+00:00,652.26,668.0,650.56,664.95,44282.353
2026-05-13 00:00:00+00:00,664.95,682.95,664.36,679.02,95168.774
2026-05-13 08:00:00+00:00,679.02,685.68,663.77,664.19,97947.267
2026-05-13 16:00:00+00:00,664.19,674.71,664.17,671.68,32946.727
2026-05-14 00:00:00+00:00,671.68,677.52,665.42,669.34,49797.051
2026-05-14 08:00:00+00:00,669.33,680.58,668.55,679.98,64152.9
2026-05-14 16:00:00+00:00,679.98,687.66,677.2,678.27,45850.079
2026-05-15 00:00:00+00:00,678.28,689.14,673.79,684.3,66445.881
2026-05-15 08:00:00+00:00,684.31,689.98,669.16,671.73,78187.242
2026-05-15 16:00:00+00:00,671.73,676.72,671.16,672.38,21871.248
2026-05-16 00:00:00+00:00,672.37,674.92,656.2,660.68,58311.588
2026-05-16 08:00:00+00:00,660.68,661.97,650.7,655.2,57747.895
2026-05-16 16:00:00+00:00,655.19,658.34,654.92,656.2,13718.853
2026-05-17 00:00:00+00:00,656.2,657.28,650.0,655.31,28253.388
2026-05-17 08:00:00+00:00,655.31,657.51,650.0,652.4,34556.684
2026-05-17 16:00:00+00:00,652.41,657.6,640.01,649.48,33001.88
2026-05-18 00:00:00+00:00,649.48,649.7,637.54,641.85,46179.166
2026-05-18 08:00:00+00:00,641.86,645.54,634.3,637.03,45064.233
2026-05-18 16:00:00+00:00,637.04,646.4,635.74,643.53,34937.821
2026-05-19 00:00:00+00:00,643.53,647.19,640.95,645.93,27960.531
2026-05-19 08:00:00+00:00,645.93,646.02,636.1,638.73,40386.021
2026-05-19 16:00:00+00:00,638.74,641.88,637.87,640.02,12607.385
2026-05-20 00:00:00+00:00,640.03,645.0,637.52,643.41,28025.225
2026-05-20 08:00:00+00:00,643.41,649.97,641.34,648.8,32107.449
2026-05-20 16:00:00+00:00,648.81,651.77,646.01,649.5,22809.979
2026-05-21 00:00:00+00:00,649.5,656.0,649.31,652.93,31601.131
2026-05-21 08:00:00+00:00,652.93,656.0,646.33,652.39,38681.237
2026-05-21 16:00:00+00:00,652.39,659.82,650.23,658.58,32773.31
2026-05-22 00:00:00+00:00,658.58,661.42,655.48,659.49,39003.906
2026-05-22 08:00:00+00:00,659.49,664.2,654.79,658.51,47061.111
2026-05-22 16:00:00+00:00,658.51,661.58,648.31,650.44,37842.603
2026-05-23 00:00:00+00:00,650.45,653.0,635.29,636.76,42820.603
2026-05-23 08:00:00+00:00,636.76,648.8,635.64,647.49,35358.435
2026-05-23 16:00:00+00:00,647.49,663.93,646.27,656.26,34830.6
2026-05-24 00:00:00+00:00,656.26,658.91,654.01,656.64,21720.902
2026-05-24 08:00:00+00:00,656.64,662.6,652.07,655.51,34739.722
2026-05-24 16:00:00+00:00,655.54,657.71,649.68,656.57,17207.553
2026-05-25 00:00:00+00:00,656.58,661.98,655.76,661.92,22354.474
2026-05-25 08:00:00+00:00,661.92,673.07,660.86,667.78,57727.427
2026-05-25 16:00:00+00:00,667.78,668.25,660.38,663.15,34162.852
2026-05-26 00:00:00+00:00,663.15,663.75,655.34,657.73,49159.859
2026-05-26 08:00:00+00:00,657.73,668.01,656.3,660.28,49853.572
2026-05-26 16:00:00+00:00,660.29,661.05,653.45,656.43,23319.851
2026-05-27 00:00:00+00:00,656.43,659.11,650.75,653.5,33701.592
2026-05-27 08:00:00+00:00,653.47,658.27,650.14,657.66,37666.838
2026-05-27 16:00:00+00:00,657.67,659.9,646.57,648.84,30369.164
2026-05-28 00:00:00+00:00,648.83,649.38,631.47,634.98,64792.406
2026-05-28 08:00:00+00:00,634.99,635.36,632.3,634.38,12775.49
